sample,day,label,B1_S11_bw_3db_B1,B1_S11_depth_B1,B1_S11_f_min_B1,B1_S11_mag_mean_B1,B1_S11_mag_min_B1,B1_S11_mag_range_B1,B1_S11_mag_std_B1,B1_S11_phase_range_B1,B1_S11_phase_std_B1,B1_S12_bw_3db_B1,B1_S12_depth_B1,B1_S12_f_min_B1,B1_S12_mag_mean_B1,B1_S12_mag_min_B1,B1_S12_mag_range_B1,B1_S12_mag_std_B1,B1_S12_phase_range_B1,B1_S12_phase_std_B1,B1_S21_bw_3db_B1,B1_S21_depth_B1,B1_S21_f_min_B1,B1_S21_mag_mean_B1,B1_S21_mag_min_B1,B1_S21_mag_range_B1,B1_S21_mag_std_B1,B1_S21_phase_range_B1,B1_S21_phase_std_B1,B1_S22_bw_3db_B1,B1_S22_depth_B1,B1_S22_f_min_B1,B1_S22_mag_mean_B1,B1_S22_mag_min_B1,B1_S22_mag_range_B1,B1_S22_mag_std_B1,B1_S22_phase_range_B1,B1_S22_phase_std_B1,B2_S11_bw_3db_B2,B2_S11_depth_B2,B2_S11_f_min_B2,B2_S11_mag_mean_B2,B2_S11_mag_min_B2,B2_S11_mag_range_B2,B2_S11_mag_std_B2,B2_S11_phase_range_B2,B2_S11_phase_std_B2,B2_S12_bw_3db_B2,B2_S12_depth_B2,B2_S12_f_min_B2,B2_S12_mag_mean_B2,B2_S12_mag_min_B2,B2_S12_mag_range_B2,B2_S12_mag_std_B2,B2_S12_phase_range_B2,B2_S12_phase_std_B2,B2_S21_bw_3db_B2,B2_S21_depth_B2,B2_S21_f_min_B2,B2_S21_mag_mean_B2,B2_S21_mag_min_B2,B2_S21_mag_range_B2,B2_S21_mag_std_B2,B2_S21_phase_range_B2,B2_S21_phase_std_B2,B2_S22_bw_3db_B2,B2_S22_depth_B2,B2_S22_f_min_B2,B2_S22_mag_mean_B2,B2_S22_mag_min_B2,B2_S22_mag_range_B2,B2_S22_mag_std_B2,B2_S22_phase_range_B2,B2_S22_phase_std_B2
A01,D02,verde,134062000.0,2.587769771246777,1555938000.0,0.09734291359744907,-2.486880325346646,5.058114318813708,1.1112711286732042,0.6595610371012097,0.1315658353610097,1100000000.0,0.5222513700613878,1518812000.0,-0.04626287590739548,-0.6040867957492119,1.2194087231164523,0.36985522189899106,0.1359085367631101,0.042506608104514156,1100000000.0,0.5218822245492205,1526375000.0,-0.05079289057886782,-0.6058508340308405,1.2254199236774097,0.3709820662418378,0.13627028989040563,0.04279983654840152,85938000.0,3.8569378477593674,1443188000.0,-0.07851326663009049,-4.014486933653409,11.030097877650572,1.599369733319904,1.1218808144387746,0.1885316474518825,1700000000.0,0.7642387264087014,2172938000.0,0.03086283225731626,-0.7570050088929516,1.6420390582793267,0.2622320036260782,0.12938051510012344,0.030552801867663987,1700000000.0,0.6587900180837722,2719062000.0,-0.5723510731885117,-1.2202035411519723,1.3638947957191145,0.3625645977089053,0.17391359384921473,0.04991134804509782,1700000000.0,0.6607420880937749,2698875000.0,-0.5837056535686794,-1.233308044114592,1.368435346529299,0.3640618720608414,0.17565952204832425,0.05021888729989035,1414188000.0,1.5400098557616773,2162312000.0,0.06943187021353449,-1.4815671617853077,3.687331467972391,0.4640590237782353,0.39561685668616914,0.05886922320154155
A01,D03,maduro,151938000.0,2.2945500052260366,1559375000.0,0.10006300462565061,-2.187258299739858,4.993007102005196,1.0902003596780376,0.6307238891326763,0.12963933888544113,1100000000.0,0.9543300040878563,1747750000.0,-0.04095726871741393,-0.8074349674482028,1.389754712302142,0.40934000709767016,0.1592136635125521,0.0543926389269445,1100000000.0,0.9594135054777626,1743625000.0,-0.04176355311957767,-0.81486985118381,1.400795188811728,0.40935717712716924,0.15943281636891743,0.054332897037717535,132000000.0,2.3382605958094227,1455562000.0,-0.030126165965691953,-2.2912118779033617,6.688925566730235,0.9937001094450828,0.7310462217368141,0.11631580892056605,1700000000.0,0.9128882865380791,2170812000.0,0.030906959509827674,-0.886563880746259,1.9162683263227653,0.2760916249344709,0.15612426780511224,0.03194080837546166,1700000000.0,0.6193854692872524,3450062000.0,-0.5810102126960895,-1.1944705152130688,1.1101015649233332,0.2635314810433209,0.21568921783885006,0.052505201124384775,1700000000.0,0.6154872529344926,3451125000.0,-0.5818612952411575,-1.1936834549154325,1.110006837692751,0.2634355249942278,0.215051455338596,0.05239319432187634,1700000000.0,0.502359675187048,2178250000.0,0.0360322285073264,-0.5337217527674016,1.8285490374400841,0.2770491311919022,0.2143852451044828,0.0307983639327013
A01,D04,maduro,149188000.0,2.32702133573632,1560062000.0,0.08043393278846778,-2.2414221188251915,4.945573627885906,1.092714315971224,0.638096461192966,0.1300438885775613,1100000000.0,0.9689427326803061,1744312000.0,-0.04705759046325504,-0.8245924615525552,1.3909684651325005,0.40993635081440355,0.16059267948552503,0.05494950866324214,1100000000.0,0.9714239168329611,1740875000.0,-0.04556068534813745,-0.8272567581390224,1.399118101280048,0.40986624382092535,0.16129478231348648,0.054914211848366874,151937000.0,2.25089941686857,1456938000.0,-0.03872282739542613,-2.1971886869178823,6.7527692071806085,1.003304641374793,0.7289060388440448,0.11566249611784293,1700000000.0,0.86080163319337,2169750000.0,0.00732706659276166,-0.8593113517234265,1.7899474512429467,0.272645572717835,0.15186415877329607,0.03162607710479427,1700000000.0,0.5979987395432088,3451125000.0,-0.5901931285492475,-1.1875527994457302,1.082876312631036,0.2600001555980223,0.2150282175509851,0.05234481584972527,1700000000.0,0.5947694246036263,3451125000.0,-0.5871283993833964,-1.1804636562609443,1.0825440251860157,0.2594962933579488,0.21529789210939282,0.05232032615088733,1700000000.0,0.5149285915568799,2183562000.0,0.019212526735486762,-0.5505314212516474,1.7938367065053764,0.27162435650783195,0.20916781789088446,0.031144492258085195
A01,D05,maduro,143000000.0,2.4857015752166545,1558000000.0,0.06569954379037604,-2.4090028860722996,5.01704727216874,1.0893269351411525,0.6647731686559524,0.13197256257264217,1100000000.0,0.999359012426769,1741562000.0,-0.04693336885389512,-0.842735162259078,1.428940979751688,0.4119031992262065,0.16335875044670325,0.05536645745202718,1100000000.0,1.0070992436551893,1744312000.0,-0.04762645903791981,-0.8521828745736798,1.4455565194963473,0.4130554911610214,0.1652312194942328,0.055353471184908076,135437000.0,2.3810891305998654,1454188000.0,-0.0437943964804504,-2.338803085570501,6.88342867520204,0.9989922016101673,0.6857683407096503,0.11409221175265179,1700000000.0,0.8878895554315951,2170812000.0,-0.002423168945094243,-0.8917394914856019,1.7131972055298776,0.2699157116234664,0.1470658720895681,0.03141031875147055,1700000000.0,0.5675300016120687,3453250000.0,-0.5878155418611698,-1.1502818922773632,1.031094236501806,0.25365031191969584,0.21390953216041844,0.05204695770077363,1700000000.0,0.5686679197001824,3451125000.0,-0.5898775447354924,-1.1529654101800166,1.0367901336450773,0.2544517633215605,0.21321738306783583,0.052098060572049784,1700000000.0,0.5798776274897289,2169750000.0,0.008069072981517477,-0.6231174371521231,1.9897240855684806,0.27381189987858573,0.23428295208347308,0.0318330939355255
A01,D06,maduro,146437000.0,2.3976447491996513,1559375000.0,0.07416151151838174,-2.323052515561385,4.934226781806727,1.0872356743532958,0.6655787319183886,0.13187937310605027,1100000000.0,0.9958446699408118,1749125000.0,-0.038940895441046085,-0.8341703894990288,1.4285680418285938,0.41054366669319864,0.15967338960959954,0.05543004804986203,1100000000.0,1.0008930502544318,1744312000.0,-0.03899124270584903,-0.8395957712759345,1.4323183610745707,0.4105851867758289,0.1609094851901609,0.05544310096470163,144374000.0,2.3265084048539326,1453500000.0,-0.04430105397121917,-2.279726278767724,6.570556424235377,0.9884118687856761,0.6703540824223373,0.11373314484453856,1700000000.0,0.8565290404706198,2171875000.0,0.004850904232939835,-0.8583886627778745,1.751749411299324,0.26911777544951726,0.14500945450489244,0.03137292073845434,1700000000.0,0.5653784994689247,3454312000.0,-0.5772341672284795,-1.1409447803754225,1.0193476815872398,0.25153572772982336,0.21319454393568513,0.05184915759275368,1700000000.0,0.5645478731211517,3456438000.0,-0.5771873194352286,-1.1393755578355294,1.024804505615296,0.2516276943259566,0.21320806898244743,0.051869385687134215,1700000000.0,0.6391315302514133,2175062000.0,0.004029341443804159,-0.6874394576412847,2.0413649471969744,0.2749523365807571,0.2433235762985192,0.03209889757702749
A01,D07,pasado,148500000.0,2.3432762590091065,1560750000.0,0.08034317637762423,-2.254466319104249,4.876143187394928,1.087635187329409,0.661317065259527,0.13184108564365274,1100000000.0,1.0248401497236213,1750500000.0,-0.03264564534034899,-0.848152547868414,1.4503085642854656,0.41528568851370956,0.1603059103181902,0.055596866572645634,1100000000.0,1.02809728796993,1745000000.0,-0.03395818421366546,-0.853666282881761,1.4494970483900218,0.41546516782220505,0.1616886013084013,0.05562831016406196,149187000.0,2.2938654801573857,1453500000.0,-0.025062540313183425,-2.2383140144731635,6.834516457034621,0.9766900471954106,0.6857413717489574,0.11229658956910922,1700000000.0,0.8625671944366723,2172938000.0,0.008267727953809543,-0.8712107126541306,1.7680365911433957,0.2690530207850169,0.14059669463664598,0.031357946709603436,1700000000.0,0.595627635548881,3458562000.0,-0.5726275313051078,-1.1622089615902582,1.0536705444387602,0.24846138868773968,0.205702514369811,0.05145484530451225,1700000000.0,0.5880087046584576,3454312000.0,-0.5747178922755892,-1.1581925081652382,1.0513987014140016,0.24870811621488764,0.20576824178762032,0.05144977146101024,1700000000.0,0.49506547658586614,2182500000.0,0.01967015265834158,-0.5442341909580363,1.8750340212493728,0.27143150677652095,0.19789358761805798,0.030749157060089675
A01,D08,pasado,153312000.0,2.2089944600140083,1562125000.0,0.08141510481079543,-2.117172867097079,4.6918358010098915,1.0795985791022191,0.6462927378926622,0.1308048663180487,1100000000.0,1.0253195576911907,1739500000.0,-0.03525108759416906,-0.8524548695017078,1.457172138121332,0.4205212240619489,0.1626600030827709,0.05604217540104814,1100000000.0,1.033905775228615,1742250000.0,-0.036606600329437106,-0.8601656773775348,1.463576678174874,0.4207044364097469,0.1642156694200425,0.05606223157534941,159500000.0,2.1933112240376675,1446625000.0,-0.03569286992751523,-2.1460217063314806,6.7898440961168385,0.9637297855248695,0.6862260043461998,0.11054817217266392,1700000000.0,0.8359752168244461,2172938000.0,0.006458791328102391,-0.8503710929483073,1.768340414877756,0.2661533899314801,0.13989938487223982,0.031032680297369154,1700000000.0,0.6079756661435082,3460688000.0,-0.5767888728522053,-1.1827675641020505,1.0624278286618118,0.24288593594639166,0.2042556577368218,0.05166979527978453,1700000000.0,0.6027047776945017,3458562000.0,-0.5796951525586013,-1.1839846866731183,1.062823061369815,0.24342422526806795,0.2032033784188918,0.051586351432728356,1700000000.0,0.592440694549401,2183562000.0,-0.005173387753386469,-0.649311503608271,1.9448804552620924,0.2703797659160045,0.21880056863077452,0.031060142905803157
A02,D02,verde,122374000.0,2.9879789957788914,1553188000.0,0.10134929494192524,-2.880038348079181,5.569595046876689,1.1992782253219643,0.7000296928030014,0.1425102029994551,1100000000.0,0.5403425075191027,1518125000.0,-0.1621457410775413,-0.8206758287240833,1.5239283440541316,0.4923583952238451,0.14862886473406003,0.04283166295573866,1100000000.0,0.5330220049529399,1526375000.0,-0.16539468683999484,-0.8176108926075838,1.5236866310928951,0.4934618623417881,0.14879964285667602,0.043071838386607504,77688000.0,4.121826199407268,1441812000.0,-0.07652570710984301,-4.324354858442659,11.593580277423595,1.6602376865582174,1.1537557708624067,0.19558863853874778,1700000000.0,0.9573500901604309,2171875000.0,0.0358437414944798,-0.9213983860481059,1.9297199254337027,0.29824039472179037,0.17077709561303628,0.034250128491991674,1700000000.0,0.6703721074213637,3456438000.0,-0.7699143318537315,-1.415427620041254,1.3879874247156712,0.3622151681936035,0.18198962747415665,0.050933748093429654,1700000000.0,0.6786523441615024,3453250000.0,-0.7784756757226062,-1.429868610804458,1.4022354288360872,0.36357639977285466,0.18381530717988517,0.05123187484748826,1409938000.0,1.7543958161067086,2162312000.0,0.06519032879997187,-1.692252894465208,4.0844017781896,0.5087411168025093,0.4446914210266579,0.064192830339585
A02,D03,maduro,140250000.0,2.5770209319436708,1556625000.0,0.09661072977018847,-2.4690340642073485,5.37207943256767,1.1756518848616258,0.6666715187918936,0.14015187332518722,1100000000.0,1.0142380656338328,1743625000.0,-0.14982377146366946,-1.0407756487996815,1.6191082250943962,0.5200097647450568,0.17224795595074224,0.054704349254666086,1100000000.0,1.0217767469253873,1743625000.0,-0.1500819778878881,-1.0486331693747217,1.6324520657051131,0.5200783577508239,0.17328064134066,0.05465417750648189,138875000.0,2.454879019514017,1454188000.0,-0.0304725648069537,-2.3880605008979807,7.055581604021,1.048173196129164,0.7581679959974443,0.12291265136522204,1700000000.0,1.047712750102807,2169750000.0,0.027222654105019905,-1.0218302712754854,2.1184994588914696,0.30933364275148945,0.1960632052407494,0.03526679684288206,1700000000.0,0.6068596551637335,3450062000.0,-0.7751213641163607,-1.3864771821910091,1.1354848420034531,0.27133358855707895,0.2242917957903403,0.0532541712021681,1700000000.0,0.6046560256781811,3452188000.0,-0.7752705043708394,-1.3839865383369436,1.1320607290023643,0.2714538271580148,0.22465869816046266,0.05314891362546322,1700000000.0,0.6393277884809051,2176125000.0,0.027996731925519325,-0.6710152032240179,2.0884914552645473,0.3031096140592334,0.2502395479739685,0.03438712987571754
A02,D04,maduro,134750000.0,2.700576691694806,1556625000.0,0.0788304527404595,-2.6088613486616086,5.479963561616537,1.1910424814966913,0.6772200971473156,0.1420844402490805,1100000000.0,1.0395840209863163,1738125000.0,-0.1568586706635993,-1.0742424431047164,1.665779476121971,0.5268493151408119,0.17265703320853865,0.05542631118248504,1100000000.0,1.0412552376517499,1740875000.0,-0.1555589274056814,-1.0761705195013362,1.6769662872214477,0.5266191236369344,0.17376711045178272,0.05534753876095149,139562000.0,2.3813288877224723,1451438000.0,-0.03412962882263144,-2.3172120557083717,7.133032548709901,1.0593612346492216,0.7603094270798321,0.12346444723629224,1700000000.0,1.0404064130618709,2167625000.0,0.00450797123670133,-1.0312759490253678,2.073778616189827,0.3120376597625399,0.19825876288552047,0.035510537109716765,1700000000.0,0.6092552611434481,3454312000.0,-0.7923169343152229,-1.405087139673879,1.133394558092718,0.2717172616337259,0.22425205541257356,0.05269307032791428,1700000000.0,0.6003177617324846,3449000000.0,-0.7887215391095491,-1.3947878841190817,1.1285665012110813,0.27111435870945344,0.22399473213026064,0.05260744320582038,1700000000.0,0.630523736178163,2164438000.0,0.01863817019026869,-0.6770636586472266,2.044075160239134,0.3068212480215616,0.2312265551056678,0.03492180557632906
A02,D05,maduro,131312000.0,2.857597052310878,1551812000.0,0.06292808091284266,-2.7814713783124754,5.549227694470036,1.1947948657945004,0.6998739656147479,0.14420875045192688,1100000000.0,1.0928220630944554,1741562000.0,-0.1609749886120301,-1.11019024412798,1.7094465786310713,0.5342574058913448,0.1768687628494538,0.0560985887586844,1100000000.0,1.1006103154140439,1744312000.0,-0.16203994289455897,-1.1200189073656386,1.737917782347445,0.5354472659860547,0.17893714487085127,0.05611365403762551,129250000.0,2.5670312555080717,1448688000.0,-0.04653550161841093,-2.522037056463783,7.466099510480433,1.0699208434165237,0.7274996129158116,0.12175914207510743,1700000000.0,1.092282735906006,2166562000.0,-0.004470016625540863,-1.0766209228839025,1.996397193107717,0.31166993502145646,0.19753151640716646,0.03528079253467824,1700000000.0,0.5902338617504096,3276875000.0,-0.8107423266037271,-1.4027241231322727,1.1113576660300348,0.2663068205556789,0.22130283387115243,0.05201393295354971,1700000000.0,0.5881481332888953,3275812000.0,-0.8136260290811741,-1.407198311458099,1.1132888368478977,0.26727591005344187,0.22114606540722628,0.05208733559174226,1700000000.0,0.8316621807281073,2167625000.0,-0.01750245268464539,-0.8973776700660678,2.2964710719007764,0.309814355211984,0.26932274368775533,0.03612257221152018
A02,D06,pasado,133374000.0,2.8059440252513426,1554562000.0,0.07117563500725703,-2.727099599680561,5.520460253669727,1.2017557037539892,0.7037959418142486,0.14523868065672554,1100000000.0,1.1044315527105204,1749812000.0,-0.16082521787399243,-1.1264158677027394,1.7334729326160707,0.5402406196139715,0.17405779132658722,0.056741435347991497,1100000000.0,1.103282774637554,1747062000.0,-0.16148886172706736,-1.1270336520663955,1.7483162089309723,0.5403059922625426,0.1755018523789844,0.0567301446222272,127876000.0,2.510667678627454,1453500000.0,-0.05631742998151186,-2.4868826620875693,6.979099276185518,1.0636533740460534,0.7322726972147423,0.12251083049562922,1700000000.0,1.1005146396225167,2167625000.0,0.001703934950231166,-1.0784829724300544,2.117365524787121,0.319478801720396,0.20228369250488437,0.036105902379970675,1700000000.0,0.574023376697169,3454312000.0,-0.8227830529138299,-1.4085574638890392,1.0973237866094356,0.26496167419344774,0.2218564013093235,0.05127768892227462,1700000000.0,0.5662736075498265,3452188000.0,-0.8231084425295693,-1.4018705654826924,1.1014189703310595,0.2651735160474566,0.22195682419380883,0.051240932421657316,1408875000.0,1.1027066187116208,2176125000.0,-0.009775117779786768,-1.1306730452964588,3.068260240428625,0.3403229985289817,0.32463960892761423,0.038918417281496344
A02,D07,pasado,138187000.0,2.6240976591624308,1558688000.0,0.07639129035715979,-2.540042124683546,5.25403838066935,1.1746742214758914,0.6924513602459048,0.14214394136334582,1100000000.0,1.105194397770901,1741562000.0,-0.13335727872536643,-1.0937050100568428,1.7104359684392607,0.5288547177477959,0.17444212084483635,0.05665659876984184,1100000000.0,1.1141096208479428,1741562000.0,-0.13496833422198493,-1.1047732758113435,1.7249634284176247,0.5291096009224288,0.17522649962663556,0.056684721417582004,153313000.0,2.3104465538039145,1450750000.0,-0.02053594764015583,-2.250233345018304,7.06433805030399,1.0212940183060593,0.7073311926537733,0.1173688261040799,1700000000.0,1.0667105790136204,2170812000.0,0.005024761059991224,-1.055120715627423,2.1407502816629735,0.3124022835628876,0.18715900050095957,0.03564607148870246,1700000000.0,0.5696970096785616,3458562000.0,-0.8002698950120994,-1.3880375756202803,1.085910891587911,0.26495219455877794,0.21141966747417032,0.049889084519645105,1700000000.0,0.5689076817594722,3454312000.0,-0.803221629907136,-1.3891274319508478,1.0898267719706882,0.26527662119185214,0.21011329028982836,0.04987445015453244,1700000000.0,0.657582174896455,2169750000.0,0.013226302411658088,-0.7000541452137943,2.19546849299134,0.3037320081235506,0.23651263163209074,0.03475286133177065
A02,D08,pasado,140937000.0,2.553909567555506,1559375000.0,0.0781414875564259,-2.4680129486872477,5.150222278785601,1.1871455024715496,0.6851728646751074,0.1436874066074932,1100000000.0,1.120140947363789,1740188000.0,-0.14042798246837357,-1.1190438356412369,1.7508949922242656,0.5440397853055147,0.17716349330118938,0.057706128247564006,1100000000.0,1.1237740855187828,1740875000.0,-0.14181721930591115,-1.1242613720300876,1.760113578928498,0.5442739423863124,0.17854405375366836,0.05773417925026738,134063000.0,2.539640796000665,1443875000.0,-0.030944865417561997,-2.4889289355160487,7.432538639353261,1.027368335621321,0.7207540106990471,0.11757601565882338,1700000000.0,1.046057616186908,2169750000.0,0.0024950459751503892,-1.044387745443135,2.134246558361424,0.3110340338021145,0.1859743068114565,0.03562500641660007,1700000000.0,0.642416428510366,3459625000.0,-0.8192777520047229,-1.4808967162082676,1.183978781513856,0.2661591639548392,0.20697009087562604,0.05087188444336042,1700000000.0,0.6391194377548872,3460688000.0,-0.822231109117806,-1.4808808853077928,1.1843177597639494,0.266740901196505,0.20654350922591586,0.05082883042853138,1700000000.0,0.8722866085823145,2165500000.0,-0.022938144227384816,-0.9221189958000363,2.4325073559024184,0.3190221072131536,0.2825304045560306,0.03709962335844892
A03,D02,verde,133375000.0,2.669419326612154,1553188000.0,0.07157922962216033,-2.5897916539589607,5.118007294529544,1.1477696466237268,0.6636790348600263,0.13613481991539403,1100000000.0,0.5560787860098433,1518125000.0,-0.23290460434209712,-0.9311264005638307,1.6359031336026464,0.5113896571964256,0.14567039665657006,0.04059668790744537,1100000000.0,0.5486411340692923,1526375000.0,-0.23529923294360724,-0.9208434884644019,1.631156467207159,0.51209667695052,0.14590045769652238,0.0407661352154095,86626000.0,3.9440099766166776,1452125000.0,-0.07764248415372887,-4.140312809174897,11.221788199137341,1.6304164071050748,1.1561600337648401,0.19267147741247573,1700000000.0,0.8677885038264493,2175062000.0,0.005131443931539725,-0.8917504100833763,1.91020926200241,0.2981744713523633,0.15915872655903052,0.03462456070496065,1700000000.0,0.6974017890560027,3450062000.0,-0.8585847149277781,-1.5568094645360422,1.4505663310907158,0.3734159934110007,0.19173565187308,0.052419140212436946,1700000000.0,0.704917979335296,3450062000.0,-0.8649300449916403,-1.5708466885240093,1.4516134245998475,0.3744663333685485,0.19238151531537007,0.05264442059534904,1411000000.0,1.54778950626696,2160188000.0,0.08243013888462693,-1.478426486826501,3.6061889196166517,0.4890355959053571,0.45244154685791804,0.06172136821341259
A03,D03,maduro,151938000.0,2.296477929112874,1558000000.0,0.09331905762281485,-2.1913004476369773,4.949145062237388,1.1370663296380175,0.6184615949396131,0.13525569797215983,1100000000.0,0.9528568088598615,1742938000.0,-0.21441843181278655,-1.0836837001454527,1.6126018288080481,0.5377949907723959,0.16900381377079116,0.05206169879174604,1100000000.0,0.957229802338277,1745000000.0,-0.21431648617628477,-1.0877489921885084,1.619949547962336,0.5380076872950865,0.17010901289343938,0.05202877577879308,155376000.0,2.3205908740655246,1454188000.0,-0.033450155754578215,-2.270643163284731,6.853418821641888,1.0225314449973164,0.7451083901976407,0.1195738495753151,1700000000.0,1.0313387198982673,2170812000.0,0.030122938322598956,-1.015709927019917,2.3121599013268073,0.3164217896839925,0.19063526476540776,0.03641746227094709,1700000000.0,0.6583096222913671,3450062000.0,-0.8578271917734532,-1.5206524081969428,1.201727787967026,0.28515827193961135,0.23542434520879746,0.056032808483127174,1700000000.0,0.6595175475439639,3451125000.0,-0.8576500786898533,-1.5203884035531088,1.2069305492558968,0.28514190617892154,0.2360124746644675,0.055975256020592494,1700000000.0,0.5979592407594293,2176125000.0,0.02479825444684754,-0.6320399881456197,2.053210465268677,0.30309900351776514,0.269156129129026,0.03487315042497668
A03,D04,maduro,148500000.0,2.345848580977133,1558688000.0,0.07560891495858531,-2.2586235941017723,4.939273894428902,1.1397119825860405,0.6275677090915093,0.13571577964456313,1100000000.0,0.9720241487640405,1738125000.0,-0.21999828485736986,-1.1057535880409797,1.6316893757726816,0.5409694767824367,0.16936766071368756,0.052406218614788294,1100000000.0,0.9755748426074973,1740875000.0,-0.21817590279411708,-1.1089443434526483,1.6449201220674687,0.5406420069067479,0.17096040706414983,0.052321264739756124,160188000.0,2.2539658823315607,1452812000.0,-0.03746771518793289,-2.1988953739362547,6.896136108641286,1.0285072450866148,0.742349824445613,0.11956252787706208,1700000000.0,0.9961909943954702,2168688000.0,0.00725296535243427,-1.0015954104719162,2.203895785003575,0.31121447791791507,0.18689344905882205,0.03576239907367301,1700000000.0,0.654650520244384,3451125000.0,-0.8678446589544997,-1.5263189059491302,1.1892632954125404,0.2847156816044913,0.23439233311187888,0.05545244371151884,1700000000.0,0.6463632346027934,3452188000.0,-0.8630338018699333,-1.5150586393898158,1.1802765562159427,0.2838560832577227,0.23421786197827874,0.0553390238280074,1700000000.0,0.5700348004111189,2164438000.0,0.016523949610418507,-0.6174794865317016,2.009695420286763,0.30383005133550717,0.25266091911435584,0.03499455699515965
A03,D05,maduro,147812000.0,2.456303635937834,1558000000.0,0.06326883253523881,-2.3835931292565387,4.984967925829274,1.1343304933245884,0.6355989322090646,0.13655968904509555,1100000000.0,1.0053405577083911,1741562000.0,-0.21218157717531402,-1.1151060307534575,1.671670315577491,0.5400628305856577,0.1707688994229863,0.05254202407285105,1100000000.0,1.0142283423590133,1744312000.0,-0.21413665289511893,-1.1265748230270245,1.7037939480723026,0.5412959960863121,0.17267345743460524,0.05256287563787822,148500000.0,2.368803970537561,1448688000.0,-0.03885352230716428,-2.325414286452371,7.116837305179576,1.0280357607977544,0.714809897936951,0.11814236928251315,1700000000.0,1.0025490463799152,2169750000.0,0.0012084752519639723,-1.0095463032041,2.0771567550972776,0.3034313740310368,0.18019908305318164,0.034933660330573914,1700000000.0,0.6065207980896667,3450062000.0,-0.8587058848709106,-1.4728834393608283,1.136317457049594,0.27666505760077487,0.23010774351363025,0.05462587188781442,1700000000.0,0.6116298025333968,3452188000.0,-0.8630319996794513,-1.4828244003578024,1.1422655804471775,0.2779837323200044,0.23081953982049694,0.054707403606649115,1700000000.0,0.6638828764859627,2167625000.0,0.00020448880118534554,-0.7262312471662762,2.120974695665703,0.30505566280578333,0.24921089409430253,0.03488675182991491
A03,D06,maduro,146438000.0,2.4344818719173276,1558000000.0,0.07022977388167516,-2.361780482211177,4.9717961528231625,1.1367792803462147,0.6370172748138903,0.13711635045562381,1100000000.0,1.0087350579084913,1749125000.0,-0.21633473668375472,-1.1244325910602364,1.6734658156396331,0.5446490645778321,0.16707433449859097,0.05287322603034712,1100000000.0,1.0111302810816873,1743625000.0,-0.21686337741331616,-1.1275402730663908,1.6907746658124927,0.5447917554468913,0.16838348490952468,0.052857500153943665,146437000.0,2.3676333887228673,1454188000.0,-0.051203025676469074,-2.3588822717037092,6.669435562201107,1.0193039145194631,0.7141629525056459,0.11794175889856165,1700000000.0,0.9756691625141005,2169750000.0,0.0042828216917874615,-0.9834408392720541,2.0953018148556968,0.3028285666789417,0.17655081727631167,0.034903099853410655,1700000000.0,0.6255752535071055,3454312000.0,-0.8557831016393783,-1.48397937502333,1.143334115683712,0.271027309751859,0.23307291242541422,0.05505507741640119,1700000000.0,0.6198131291131881,3453250000.0,-0.8561368567605759,-1.4778534561937793,1.1446769542863322,0.2711420613825794,0.23323538896871623,0.05501645212508721,1700000000.0,1.0083358654056154,2176125000.0,-0.000160337225653161,-1.0357149312563732,2.977472852116259,0.3335650691838784,0.33060290077547105,0.038473087947635536
A03,D07,pasado,146438000.0,2.3933530829295186,1559375000.0,0.07479122197886832,-2.310710019502266,4.893445103449454,1.1435374172391575,0.6486194359136636,0.1380440250028946,1100000000.0,1.0567890244939284,1739500000.0,-0.20402671211596735,-1.141955443205599,1.7064109656867066,0.5502738440615503,0.17197428998565198,0.053820744830057304,1100000000.0,1.0616912779916903,1745000000.0,-0.20566034555298598,-1.1467900545611145,1.7175406595485265,0.5505347201693378,0.1730306409949504,0.05385760854719633,161562000.0,2.245145863562863,1450750000.0,-0.024050024267516054,-2.182999431458939,6.954140247691749,1.0072830285029721,0.7026859262549222,0.11572187549798336,1700000000.0,0.975920758616465,2170812000.0,0.0036875843479413106,-0.9869567832011186,2.155427463032516,0.3080948430725171,0.17411473175989112,0.03560279611439575,1700000000.0,0.6103726039563432,3458562000.0,-0.8483276045200372,-1.4703413329260067,1.1107029247106086,0.2641747339653436,0.22550194350461525,0.05441151369062148,1700000000.0,0.6063362022824007,3456438000.0,-0.851760933353577,-1.4712955482347816,1.1123818421267353,0.26459144980756005,0.22457044728670936,0.05441495575687561,1700000000.0,0.6317377211542284,2168688000.0,0.010680125753408187,-0.6852756116363876,2.186143045527673,0.30446174210939186,0.24821162185363568,0.035199497916690255
A03,D08,pasado,151250000.0,2.2757705623869198,1561438000.0,0.07943845539703286,-2.181870870029255,4.6934749255973385,1.1462703262332588,0.6458337847115186,0.13837663494062374,1100000000.0,1.078739105510845,1742938000.0,-0.20994463463156512,-1.1710585652749566,1.7257131988777463,0.557814334965889,0.17280773261273877,0.054727521086274,1100000000.0,1.0865657284375485,1742250000.0,-0.21114696041683054,-1.177120725409946,1.7339123792353872,0.5580895408974492,0.17463536838152888,0.05478129485412364,135438000.0,2.524906730706369,1445938000.0,-0.05459834848152498,-2.511319127630247,7.580261137342331,1.0049735834559683,0.7277989710854567,0.11316343153160889,1700000000.0,0.9643295231704332,2171875000.0,0.003822811771919848,-0.9864931340234964,2.219943073013273,0.3128482415280371,0.17627416719117103,0.036412601419410565,1700000000.0,0.6135562601035557,3459625000.0,-0.8640333766097434,-1.5008280002039673,1.1345702793900079,0.2592512176949234,0.2204800389388645,0.05448011554656984,1700000000.0,0.6099775199032553,3458562000.0,-0.8673856589236623,-1.503713956935351,1.1372313912028407,0.2600218677896984,0.22003190139622272,0.054463757082815666,1700000000.0,1.036030323704858,2167625000.0,-0.06374161268526309,-1.1160777109806026,2.4757325197989832,0.325629590296913,0.30005225915355116,0.03792981571956932
A04,D02,verde,129250000.0,2.7953095777927923,1553188000.0,0.07940266345189377,-2.70785638571922,5.32311430722668,1.144773412037332,0.6864804879671778,0.13583888183994072,1100000000.0,0.5277348978752623,1518125000.0,-0.09194300620527403,-0.6871725350706671,1.331982509210731,0.4164806420424559,0.14259978534890466,0.04357550435203192,1100000000.0,0.5211675689064055,1526375000.0,-0.0935645605186952,-0.6825067490049888,1.328299098605401,0.41727370447001355,0.1432574297777203,0.043779453110918326,83876000.0,4.050097899110888,1452812000.0,-0.07740532115406729,-4.2308854078870795,11.264570610659948,1.624937809972754,1.1532674032763823,0.19178596056434505,1700000000.0,0.8330335491424821,2175062000.0,0.005751090972208749,-0.8388288590691055,1.6369564994295895,0.27638061364831706,0.1511798394701472,0.03209749495121319,1700000000.0,0.6577532563844904,3450062000.0,-0.6583043694347015,-1.2955359020787798,1.3589660103462393,0.3599976816189659,0.18037878112127062,0.050345734068973816,1700000000.0,0.6677266097295238,3450062000.0,-0.6635025071925251,-1.308947298782014,1.362188285453699,0.3608270113627973,0.1811770719788644,0.05060707780535007,1411000000.0,1.513029341257221,2160188000.0,0.08461135861503706,-1.4377149900110573,3.569488244343793,0.4919902716925659,0.4655229852983418,0.06210037109065101
A04,D03,maduro,147125000.0,2.380622202253965,1557312000.0,0.09808884444113225,-2.2768958495852094,5.100983776512276,1.1273109454102541,0.648310566318687,0.13422827375567173,1100000000.0,0.9972715767889848,1749812000.0,-0.08712740992433575,-0.9226091555237299,1.5123781455911103,0.4600203338818535,0.16730305860971273,0.055693778619001384,1100000000.0,1.0012358813532487,1745000000.0,-0.08681014671419417,-0.9278639464972254,1.518548528990248,0.46024363700310567,0.16826636600493494,0.05567895181157192,130625000.0,2.410051626774475,1455562000.0,-0.03428696881375774,-2.352658394645551,6.903330562064568,1.0223196468959976,0.7436631584088486,0.11879956597852628,1700000000.0,0.9863900975630273,2170812000.0,0.02835166112281898,-0.9657139930861909,2.0320923708334826,0.2929657751113117,0.17517777988995673,0.03369846853969249,1700000000.0,0.6397809698362843,3452188000.0,-0.6746155010829918,-1.3083765192599415,1.1325045741936746,0.270736332283035,0.22379169963726256,0.05427993669061039,1700000000.0,0.6380979511723202,3452188000.0,-0.6744810451458836,-1.3065923725531594,1.1389642115051664,0.2708371746071916,0.22378338811379347,0.05427255363948741,1700000000.0,0.6209743989471496,2176125000.0,0.02468899489888934,-0.6476991548855333,1.9983639893931298,0.28953585942672777,0.25330254427418725,0.03337873999713442
A04,D04,maduro,138188000.0,2.552195605079381,1559375000.0,0.055474072819504706,-2.4964094761854847,5.172218860758843,1.128923658031636,0.6553808479793723,0.13467738014203293,1100000000.0,1.0001511733319592,1744312000.0,-0.11354391554628328,-0.9712092524153413,1.5557173644377549,0.46596725304950287,0.166217212235302,0.055816356170546894,1100000000.0,1.0007551960332437,1745688000.0,-0.11122282699916762,-0.9727157345911637,1.5661815186239711,0.4653999975548831,0.1662429272438984,0.055714131386305224,147125000.0,2.322501971162651,1450750000.0,-0.05384637456357079,-2.2826905078268616,6.956089193343697,1.0302283987468723,0.7312015516472375,0.11777908458371082,1700000000.0,1.0486008228240533,2163375000.0,-0.042053526538642756,-1.092675211561359,2.116921960923851,0.29511805503737293,0.19149298254153885,0.03381700077046135,1700000000.0,0.6541331473648233,3454312000.0,-0.7261556858144753,-1.370094330374685,1.1554211001441042,0.27283516100872957,0.22330578375828794,0.05407464976011171,1700000000.0,0.6457064524618474,3449000000.0,-0.7205808741085814,-1.3567735618462118,1.1520548000843749,0.2720253499623802,0.22292129098140345,0.05398589554824022,1700000000.0,0.6074157614169058,2172938000.0,-0.017454287275368206,-0.6787632305498525,1.9358264145461115,0.2862177943458593,0.2421990275243852,0.03323123921885901
A04,D05,maduro,141626000.0,2.555197850323281,1558000000.0,0.06941951711879742,-2.472892495641412,5.148898653469213,1.126827883678822,0.6696700822016595,0.13627369809998632,1100000000.0,1.0419623447301913,1742250000.0,-0.09305968007167324,-0.9642169673571678,1.5682767547100083,0.4665069308315584,0.1690713026602662,0.055731904549537394,1100000000.0,1.0501253113048814,1744312000.0,-0.09540372827515309,-0.9751452514664372,1.5924107535972918,0.4677828517006737,0.17055587804054428,0.05575036257736057,138876000.0,2.385479463191373,1449375000.0,-0.034917922317272615,-2.3304851469062995,7.075517011394261,1.0224339798000892,0.7119469142921969,0.11761378462747489,1700000000.0,0.9891461275878426,2169750000.0,0.000952909038674994,-0.9828081463221119,1.8821271788865046,0.2885585639563219,0.1702922432217896,0.03307487319965401,1700000000.0,0.6241879153119914,3450062000.0,-0.6856219554880456,-1.2930180874401245,1.092940628654852,0.2670973052499306,0.22245794529012122,0.053496946348515456,1700000000.0,0.6270367147887868,3450062000.0,-0.6905027538693173,-1.3023949479937238,1.1033655297859553,0.2683213749474482,0.22226082529307162,0.053546578570392106,1700000000.0,0.6516542894531496,2167625000.0,0.007253445895932889,-0.7056886386668654,2.1086771867733574,0.2939703460245601,0.23190136232746578,0.03316090243387558
A04,D06,maduro,142312000.0,2.5035459450872013,1559375000.0,0.07499784485555987,-2.4213063893268014,5.076278102686995,1.1287580906308778,0.6746213460673376,0.13677591095040684,1100000000.0,1.0534736503772952,1749125000.0,-0.0957791202913255,-0.9719164357939934,1.566103588070122,0.4654195146751498,0.16711846708738565,0.05614373281709733,1100000000.0,1.0508837079237472,1749812000.0,-0.09599954831002015,-0.971799034747604,1.571440299355639,0.4654723440929642,0.16829996555286195,0.056129785959265745,128562000.0,2.430906841461908,1454875000.0,-0.049813506255285696,-2.4201479425383723,6.659562306225052,1.0129156493495295,0.7088577485450913,0.11676923234069511,1700000000.0,0.9620891333026886,2171875000.0,0.002063116743985289,-0.958697058670281,1.9143660185042228,0.28876197309258606,0.167400326588874,0.03322412473821048,1700000000.0,0.6307127808072156,3453250000.0,-0.6727651303276715,-1.2885027100077746,1.0874461293603623,0.259104446241591,0.224439218175145,0.054404283478036705,1700000000.0,0.6255257500557788,3452188000.0,-0.6726818214308254,-1.28213888327273,1.0921749809010592,0.25898008400794204,0.22481653788811007,0.054354816032530714,1700000000.0,1.0251067591251832,2176125000.0,0.0023431008760682335,-1.0400120689489292,2.9159491772735984,0.3215487276908958,0.3251557098354471,0.03736183523062302
A04,D07,pasado,143687000.0,2.447955918577689,1560062000.0,0.07612368057533829,-2.3657350776519688,5.022964385683748,1.1251082746022165,0.6713313098367566,0.13636452010779596,1100000000.0,1.069176246382996,1749812000.0,-0.0833531699025489,-0.9684039979963522,1.580143376822409,0.46848839405788256,0.16713702114897067,0.05646239959905356,1100000000.0,1.0744536321746443,1745000000.0,-0.08481378961231031,-0.9761799189079045,1.586805491632814,0.4688899567771738,0.1680672524038337,0.05652611136035013,155376000.0,2.281597008929687,1454875000.0,-0.02697060504919428,-2.225499356987757,6.923685197908338,1.0017090941898625,0.6916275335586307,0.11440320376430324,1700000000.0,0.9741323129491911,2170812000.0,0.002359863716327934,-0.9747668764329604,1.9601165347280638,0.2911163624747344,0.16749366277564398,0.033500698564946474,1700000000.0,0.6351917959062805,3458562000.0,-0.6687642003126801,-1.2946239364134255,1.092947086745387,0.2568761786362163,0.2179128819124839,0.05367254165906838,1700000000.0,0.6314022476557828,3453250000.0,-0.6723746642025307,-1.2937146110589068,1.0933079454116508,0.25740824221385167,0.21671633356625514,0.0536919497473438,1700000000.0,0.640044902700996,2178250000.0,0.007063518248273451,-0.6815123095432883,2.0925914288719274,0.2839748245397942,0.23975161360214536,0.033290974945697896
A04,D08,pasado,151937000.0,2.2376521230442226,1562125000.0,0.08088786045826031,-2.1492978116986947,4.6916310234598555,1.1126333324312343,0.6539690112293288,0.13467745704016992,1100000000.0,1.0845054208568292,1743625000.0,-0.09429210336866418,-1.0028563327316014,1.601527300286655,0.47592315818660597,0.17043782593761114,0.05717799334237566,1100000000.0,1.091901023474534,1742250000.0,-0.09537626272376541,-1.0110272375397125,1.6066901029035978,0.4762350932828841,0.1728443898080918,0.057244780539330783,129938000.0,2.610084038761357,1445938000.0,-0.06592206087408747,-2.598891749460201,7.675469711728299,0.9961095501850838,0.7284777488767324,0.11070834499607804,1700000000.0,0.9386546695902596,2174000000.0,0.003243369373990222,-0.9537826565275619,2.0228102140692266,0.29381226903043167,0.15866778899493,0.03426016013558659,1700000000.0,0.6419181455791455,3459625000.0,-0.7083769745875743,-1.358996872852135,1.128613787809015,0.25740679955433726,0.21110042875358365,0.05301440008594716,1700000000.0,0.6441435426791228,3460688000.0,-0.711994652212782,-1.3645499710718043,1.1313498310696912,0.2584248606946789,0.2109581270298449,0.05303486336205378,1700000000.0,1.165291125795481,2167625000.0,-0.08913081927167929,-1.2550289254579843,2.661599695046587,0.3297489177567131,0.32076422853259845,0.038374131214364456
A05,D02,verde,133374000.0,2.6218325114066303,1553188000.0,0.08028229025729999,-2.5343844773001436,5.115781537592381,1.1371885240474822,0.6655471540346565,0.13470407840622795,1100000000.0,0.5535168965036916,1518125000.0,-0.11974852517636603,-0.7510652873166541,1.4142205289920189,0.43759246064910445,0.14416872922868132,0.043901191446182,1100000000.0,0.5422437638422454,1524312000.0,-0.1220565642638378,-0.7425630919304695,1.4074453398905442,0.4382020269208203,0.14468845906227307,0.04404770264194811,84563000.0,4.071135043287791,1452125000.0,-0.07854982097346848,-4.270643551133401,11.237863498782378,1.6204705307436849,1.1551011440279901,0.19156109286285475,1700000000.0,0.8223228506500326,2175062000.0,0.004291888023492143,-0.8411116090124572,1.766824557629644,0.28020291494721683,0.14520997435294117,0.03267193900358198,1700000000.0,0.6796536759598615,3449000000.0,-0.6852587060273915,-1.3517996830421588,1.399363503779735,0.365059133826932,0.1837392478995816,0.05187293867373744,1700000000.0,0.6812107327997908,3454312000.0,-0.6907741923990233,-1.3585147223371425,1.3952471517337373,0.36567956832126014,0.1848110198558173,0.05207173351772081,1412062000.0,1.3864313201707592,2159125000.0,0.09029851118185485,-1.3138741978364064,3.482616187037846,0.48264270321343444,0.4561324824851013,0.06076615222925155
A05,D03,maduro,151937000.0,2.2870251176715137,1559375000.0,0.10155119831621144,-2.1769588078213093,4.962598834166833,1.1221269620730605,0.6246264489558614,0.13342240457292423,1100000000.0,0.944308923770105,1749812000.0,-0.10670574349101902,-0.9162403917819589,1.5338932348108623,0.47006546826627915,0.16805900471783936,0.05527636746985409,1100000000.0,0.9465856745349348,1746375000.0,-0.10718315721055321,-0.9207967356192819,1.5382911029351334,0.4702099943196504,0.1691820496082697,0.05523100228125495,132000000.0,2.4011793223908056,1454875000.0,-0.030724601262335956,-2.35434653116055,6.867804197237101,1.0174279896674336,0.7483060120396388,0.11932351560809884,1700000000.0,0.9707337116175787,2170812000.0,0.0313807946971972,-0.9511652847863388,2.1184581956975457,0.2970328998569157,0.17113009769828075,0.0342707178190477,1700000000.0,0.6380282729107247,3452188000.0,-0.6896514029246599,-1.330856334410537,1.1647538338574746,0.27086839218690306,0.22947280104944642,0.05556790545102143,1700000000.0,0.6355353598661477,3451125000.0,-0.6901591477584789,-1.3288034487379785,1.164198550913689,0.2709599177869358,0.22915010502338368,0.05549025069512299,1700000000.0,0.5211569058091178,2176125000.0,0.03583275985989384,-0.5578189213981858,1.9862949143388806,0.2976180905626939,0.23849671029518882,0.03312313702876559
A05,D04,maduro,139563000.0,2.5098523711649237,1560062000.0,0.04986044223369412,-2.4608555058874764,5.017808262508418,1.1261842043886001,0.6570733106965359,0.13420345039591938,1100000000.0,0.955826483122367,1744312000.0,-0.13989775278737848,-0.9751233156408718,1.5865456282319186,0.4748270220728437,0.16979765750332748,0.055985039949886115,1100000000.0,0.9565213977033349,1740875000.0,-0.13687325070597958,-0.9757407577164179,1.5959790486303294,0.47447659955635574,0.16975312028893547,0.05590334334527754,146437000.0,2.331814155097579,1450062000.0,-0.06207068585386217,-2.3049735296393963,6.999359263485976,1.0373286559505828,0.7302612831287846,0.11791573317479173,1700000000.0,0.9703176462917673,2165500000.0,-0.03134851136800095,-1.013757124133686,2.1185773604911082,0.29501844418651896,0.18252869960706808,0.03397279423872537,1700000000.0,0.6272916488160358,3454312000.0,-0.7334524887537746,-1.3665993722546332,1.127156322483442,0.2702886973755889,0.23044440782831901,0.056020299442677016,1700000000.0,0.6211339708310921,3451125000.0,-0.7270659342562845,-1.352479856647123,1.1230202684444768,0.2694404089791874,0.23025233670498801,0.05596034684087834,1700000000.0,0.5899237524743616,2169750000.0,-0.013940850051406934,-0.6615323648817815,1.9997815948526452,0.29431984438935027,0.2644608182098346,0.034790815910190745
A05,D05,maduro,145750000.0,2.454391612437389,1558000000.0,0.0719600039185948,-2.3725319065426183,4.977106336323196,1.1226649885789663,0.658487901364037,0.13558559377632834,1100000000.0,0.9898912910578102,1741562000.0,-0.1086123645883102,-0.9520494621974657,1.5866147292606692,0.47429850281777053,0.17288374916193316,0.05579371971058633,1100000000.0,0.9981637798012748,1744312000.0,-0.11081772882652889,-0.9631063586818601,1.607490452622979,0.4755675424185107,0.17479778931517442,0.055809796605050074,139563000.0,2.394279320009275,1450062000.0,-0.03743765757908169,-2.338295068860295,7.061736967954808,1.023048909800348,0.7085441457847634,0.11758304847957815,1700000000.0,0.9382159035954976,2170812000.0,0.0022180723772402622,-0.9393532716352555,1.8982335245775066,0.2868918345753302,0.16064332837194123,0.033144185130938225,1700000000.0,0.584623370524046,3453250000.0,-0.6890179608077055,-1.280654257716489,1.070070857502235,0.26257173566838543,0.22686791245331422,0.05496739237107264,1700000000.0,0.5846831139635952,3457500000.0,-0.6941530231825661,-1.28678403989927,1.0763111865159365,0.26386987340752993,0.22695505787419396,0.055014948974317836,1700000000.0,0.6155523924006298,2167625000.0,0.007582443219361402,-0.6753738345871552,2.1187768457362637,0.3010664184751878,0.2410173924658759,0.034195035252457415
A05,D06,maduro,147813000.0,2.4087006511614697,1558688000.0,0.075594793320761,-2.3251910341036095,4.90889540101705,1.1170551260881567,0.6537587060657462,0.13511333656294738,1100000000.0,1.0153845379065793,1749125000.0,-0.10818991757835641,-0.9628719045296206,1.5938128716492883,0.47413849855181367,0.16849855392114438,0.0567868496149548,1100000000.0,1.0172432314924007,1743625000.0,-0.10820012018411226,-0.9648821258397628,1.6000781088429643,0.47423649759605324,0.1686408806892985,0.05678424697404362,145062000.0,2.3532384068418644,1454875000.0,-0.05068321961747253,-2.348138580350997,6.593476820101311,1.0104859153474472,0.7113008115766055,0.116505094009763,1700000000.0,0.9068690581575971,2171875000.0,0.0031128937777333563,-0.9160128729740933,1.8815941945918107,0.28466550558113085,0.1544907491195299,0.03309568423231696,1700000000.0,0.590294067972877,3452188000.0,-0.6933263969533512,-1.2968070866200194,1.0946810909309175,0.2599268126895656,0.2258342474313511,0.05530522102819109,1700000000.0,0.5841215966689397,3453250000.0,-0.6934084308355207,-1.2887207760419008,1.092773436961218,0.2600455457755721,0.22649463856594437,0.05527660642037303,1700000000.0,0.9786319126291069,2176125000.0,0.00418556659213055,-0.9982005667862731,2.8656535956015174,0.3240006759612285,0.3348478249405805,0.038028275775352734
A05,D07,pasado,151250000.0,2.3210306191648975,1560750000.0,0.07611421468072739,-2.2349002312418014,4.825718031990314,1.1114613999505591,0.647109899911108,0.13440545853336736,1100000000.0,1.021494342118706,1751188000.0,-0.09771968498835083,-0.959203406172481,1.6044884909850854,0.47874433549877526,0.1710291216235565,0.056914249197977294,1100000000.0,1.0293875460281894,1745000000.0,-0.09918415115890575,-0.968819927094293,1.6133240407104796,0.4791257366794227,0.17252303565697225,0.05701088323690457,158126000.0,2.2679571941149477,1455562000.0,-0.027223535757760445,-2.2075195362840234,6.840771196058412,0.9947834633044417,0.6840080923833372,0.11366480050167097,1700000000.0,0.9035984191168326,2170812000.0,0.0035182083708727736,-0.9180297975412098,1.9420359584388063,0.2867620865377957,0.15270025302880402,0.03334403398739467,1700000000.0,0.6033292312426274,3458562000.0,-0.6949437895825121,-1.309200044375368,1.0948332378159054,0.2596063249877415,0.2201661584176226,0.05441510019183294,1700000000.0,0.5960109874836178,3455375000.0,-0.6988153251493272,-1.307968680911562,1.0974808248280166,0.26027388438468874,0.2198363770042355,0.05447638251394551,1700000000.0,0.6091317485458948,2178250000.0,0.01006299627416366,-0.6539004129722398,2.068380725775612,0.2860768463257192,0.2490696561509886,0.033872653003268416
A05,D08,pasado,158813000.0,2.125861042586207,1562812000.0,0.08001767918390348,-2.036926635187041,4.542789137186141,1.092985981221569,0.6212030940063743,0.13201871555243683,1100000000.0,1.0361847049407544,1742938000.0,-0.11375562928882449,-0.9952878385494323,1.6187103110384191,0.48798436027791725,0.16969074799843864,0.05699019410693897,1100000000.0,1.045958796249772,1742250000.0,-0.1148671275481796,-1.0022116774183643,1.6207388978832138,0.4883418301606258,0.17126289557478597,0.05708884245235357,132000000.0,2.564473388153456,1445938000.0,-0.06444057595378334,-2.5573605792108145,7.55332411150225,0.9841556365338491,0.7162943963663786,0.10956197835005065,1700000000.0,0.8409985450890332,2172938000.0,0.003632421113683164,-0.8695774480636355,1.9223658109639565,0.28182005358388923,0.15514394200805628,0.03301164707829936,1700000000.0,0.622481308502043,3459625000.0,-0.7235284391711972,-1.3695666022748996,1.145749528085828,0.25504230467094113,0.21189984776851015,0.054344461281534244,1700000000.0,0.6263296464779881,3461750000.0,-0.7273848750457533,-1.3761107272672555,1.1494456507697441,0.25619774827136227,0.21182340494261118,0.0544203141001187,1700000000.0,1.0623233834985746,2167625000.0,-0.0812126746992708,-1.1541275347774607,2.4381134757428637,0.32069759958547633,0.30590164123336927,0.037896609997887444
A06,D02,verde,123750000.0,2.931429942691097,1551125000.0,0.0704022413607874,-2.846425382939497,5.559818091644598,1.2092525263781146,0.6924164098565104,0.14365117313986647,1100000000.0,0.5626614498927485,1518125000.0,-0.3272481114314473,-1.0725667081506398,1.820046433421856,0.578091671637131,0.1494175404919872,0.041357051845500134,1100000000.0,0.5580091829740277,1526375000.0,-0.3291796212271548,-1.0671481646993868,1.8205961296141964,0.5787471499775193,0.14898211897550273,0.041484975270110254,80437000.0,3.9374127202540103,1439062000.0,-0.1014771728018785,-4.200096767236725,11.460994889984821,1.6748606978227567,1.1523783362406879,0.19739121812733737,1700000000.0,1.0121311521373726,2175062000.0,0.002143454507779198,-1.0194794149678101,2.091930388461572,0.32905150791822196,0.19560654499764482,0.03795110251712541,1700000000.0,0.7659791648928048,3449000000.0,-1.0003697209661677,-1.7348143135372385,1.5148115762692642,0.3791457832558809,0.19321542552298052,0.05278385707181501,1700000000.0,0.7758798842118053,3454312000.0,-1.0052326744352091,-1.746840501181923,1.5280710756578006,0.3800308336020172,0.19358163733477793,0.05298953603413572,1409938000.0,1.720435209205306,2160188000.0,0.043593967381113305,-1.6692493590309518,4.105670008019434,0.5182385365132735,0.4343687063572537,0.0631505132879323
A06,D03,maduro,145750000.0,2.4795046663844125,1556625000.0,0.09199678403651851,-2.373828935377805,5.194995602205099,1.197007212667394,0.6530922967096854,0.1425873643780379,1100000000.0,0.9924507037111192,1737438000.0,-0.2941697083124446,-1.231840746235163,1.801244382852756,0.601124308683508,0.17604417337788478,0.05207467283675944,1100000000.0,0.9933492825529594,1740188000.0,-0.2945045118758219,-1.2326064506664631,1.7974458321415978,0.6013217654303787,0.1776739305868335,0.05203067319298573,144374000.0,2.417464533986165,1454188000.0,-0.028835978030376217,-2.353408104318956,7.066505375342987,1.0532660952938961,0.7620805022492166,0.12434638255467412,1700000000.0,1.1516564574305994,2169750000.0,0.0292094128824918,-1.1203751406489602,2.4455399642682067,0.34254708877144796,0.2148079625133527,0.03913186621826963,1700000000.0,0.6896117014535947,3452188000.0,-0.9790063906637777,-1.6671147439136547,1.2347455144403312,0.3016947700342961,0.24526439992788523,0.0568969882296257,1700000000.0,0.6908384608100934,3451125000.0,-0.97929149551964,-1.6649872756392572,1.2347678700452052,0.3016091724737994,0.2460987527175955,0.056803600829016615,1700000000.0,0.6759046528968534,2176125000.0,0.02853592783800061,-0.7055853834128111,2.336925518590631,0.3345915489867619,0.29181633625672154,0.037755124060159406
A06,D04,maduro,136812000.0,2.656234296290541,1559375000.0,0.04298309574476215,-2.608164404053533,5.291186783461226,1.1978803726673484,0.6615879429917304,0.14292730048765206,1100000000.0,1.005437896326446,1744312000.0,-0.31856013569386454,-1.2836686678670748,1.8229976470515816,0.601287916832092,0.17357703858796458,0.053003226616571454,1100000000.0,1.0098064215025604,1740875000.0,-0.315370916039154,-1.2854450818265866,1.8340688077469645,0.600887358981768,0.17430286588415417,0.05291980172356636,145062000.0,2.4322225763753607,1448000000.0,-0.06248809423202294,-2.4052445480598013,7.2803722080004665,1.0701537451223238,0.7407949286015925,0.12283763429708831,1700000000.0,1.1935333791551859,2163375000.0,-0.029125681408745104,-1.2251702491989098,2.5435014100017854,0.3405552212179115,0.22943384124368038,0.038839094566656816,1700000000.0,0.7019752821457497,3451125000.0,-1.0233504282245456,-1.7153439975026588,1.2291426403396877,0.30469023605050455,0.24778789210246716,0.057331611819352216,1700000000.0,0.6995468679344954,3449000000.0,-1.0168215453786986,-1.705421558500566,1.2278971904772222,0.3038850866948667,0.2475900082103441,0.057297373710032,1700000000.0,0.7554396938857658,2172938000.0,-0.02640080680732104,-0.8370439496674642,2.360620159908881,0.33127428657569297,0.31567408165468597,0.03892157176985141
A06,D05,maduro,140937000.0,2.660596485042775,1555938000.0,0.062483396837017584,-2.5835660663505235,5.30044829627108,1.2034037161635218,0.6687402952389636,0.14466734178401497,1100000000.0,1.0534430300527735,1741562000.0,-0.29258769633194504,-1.2730429846569726,1.867763758542535,0.6041912002772738,0.17741434230619374,0.05274698565361462,1100000000.0,1.0583061660055748,1738812000.0,-0.29464675417118147,-1.2807782453603254,1.8968386364472942,0.6053864399267387,0.1787750429790244,0.052757965201983156,136126000.0,2.567781238793865,1445938000.0,-0.0476578260326665,-2.526660910606778,7.417833461344233,1.065179111083575,0.7132041246350147,0.12188637360633293,1700000000.0,1.1612365150084316,2167625000.0,0.0010478908430752683,-1.1531720052067298,2.289381919207389,0.3360333838337898,0.21057694717345665,0.03824285499263974,1700000000.0,0.6638431943579632,3453250000.0,-0.9919075600925602,-1.6487689551063265,1.2099825507331756,0.29867134400648504,0.24305316081444506,0.055956143894589104,1700000000.0,0.6683051569841669,3450062000.0,-0.9971150660145682,-1.6592325586681422,1.2137507924264201,0.29999446568076915,0.2423603316917524,0.05601194204238896,1700000000.0,0.7526070874266044,2168688000.0,-0.022114314540435245,-0.8298612411338196,2.398178636306079,0.3268384598344126,0.2837277646291195,0.037786359444438554
A06,D06,maduro,140250000.0,2.6584757346619754,1558000000.0,0.06628495877455959,-2.5738462998648948,5.295845915201676,1.2049473240524426,0.6700114148072004,0.14514739448958133,1100000000.0,1.0641124496255774,1734688000.0,-0.2855495491761394,-1.26398480005179,1.8187335894595633,0.5991965390354331,0.17242922252336018,0.05342956193969199,1100000000.0,1.0676691818341681,1743625000.0,-0.2854022577539771,-1.2665004253678598,1.8354124190708296,0.5993632830056387,0.1729070761825633,0.053423697223618186,145750000.0,2.393440812387777,1454188000.0,-0.04377380819289212,-2.361029604989425,6.926815964205722,1.0557983444793129,0.7465135628650849,0.12236570685354486,1700000000.0,1.1529983532479573,2169750000.0,0.0017112956011157596,-1.1479273404098957,2.2928767303616473,0.3380098690301804,0.2083843264595704,0.03860197246045469,1700000000.0,0.6828711555726348,3454312000.0,-0.971450307871267,-1.645887999413576,1.229457396997016,0.29136869362128276,0.24599851886538363,0.05706266757467892,1700000000.0,0.6748380346095721,3451125000.0,-0.9711225495768883,-1.6389497424325496,1.2315893905736304,0.29150615849914735,0.24620498186456866,0.05705430559284173,1409938000.0,1.0771188074014728,2176125000.0,0.005559883791220762,-1.0870148776604989,3.098250186621287,0.34695771265541214,0.35353622842425825,0.040921013089346696
A06,D07,pasado,143000000.0,2.5516177503035258,1558688000.0,0.06839705701538071,-2.4709776870108073,5.159440527252409,1.2007394320805636,0.6741775437008739,0.14474549892630537,1100000000.0,1.0808794399576636,1736062000.0,-0.27467563399383643,-1.27117515144163,1.843961573998019,0.6042998652152279,0.17800969731772345,0.05395012120049242,1100000000.0,1.0883409157524908,1740875000.0,-0.27620545046920203,-1.277681101468326,1.8489693988046954,0.6048466561264376,0.17875893435286438,0.05406541359937208,158126000.0,2.278952694971567,1453500000.0,-0.022260373865854832,-2.206522357186074,7.064976092910739,1.0457604891081602,0.7125096203797388,0.1198065689663027,1700000000.0,1.1531373132942777,2169750000.0,0.002011115453132434,-1.1494615430790143,2.3896704989536324,0.34171612614705,0.20973155381559339,0.03901900806215452,1700000000.0,0.6783220367618468,3452188000.0,-0.9695024583312796,-1.6420451205689137,1.1920655350253595,0.2876171438057427,0.24271347591067782,0.05693028281243648,1700000000.0,0.678640320931707,3455375000.0,-0.9737045402598622,-1.646874729054837,1.1959981410815752,0.28853240249975615,0.2418512175101973,0.05703107948892498,1700000000.0,0.7678341298650986,2161250000.0,0.0076345796728122806,-0.8003345507178193,2.4156489917316546,0.3249550172520604,0.2927811692501495,0.038731457032701325
A06,D08,pasado,146437000.0,2.417059542739256,1560750000.0,0.07728420590708582,-2.3249349420526446,4.976284241094033,1.2050206656857259,0.6595635076545605,0.14530014291949173,1100000000.0,1.1108249065598883,1742250000.0,-0.28494884289154787,-1.3160967618918802,1.9020441032753324,0.6176586023641552,0.17735243066922252,0.05401402167478005,1100000000.0,1.1209250257579768,1742250000.0,-0.28681062950483766,-1.3238799378965806,1.913367698091745,0.6181374719709276,0.1784941091704383,0.05411411592213054,130625000.0,2.6434270608215726,1445938000.0,-0.05126602560769437,-2.6393742730085243,7.831380844867715,1.0377262457822005,0.7443602645282523,0.11720861904961344,1700000000.0,1.1393898279028678,2171875000.0,0.005068816322092852,-1.1450543528540358,2.471132945469423,0.34821961163629944,0.20263054140108075,0.04019451472076018,1700000000.0,0.7362985604167367,3460688000.0,-0.9969298838924088,-1.7317220868144334,1.289532813326438,0.2930266860683717,0.23739977852442024,0.05718455105646022,1700000000.0,0.7276008624330643,3458562000.0,-1.0016350401896552,-1.728289318961943,1.281254084487154,0.29418290586348006,0.23724313499577357,0.057257219579030266,1700000000.0,1.2332835555214259,2167625000.0,-0.06987801140019341,-1.312753710603483,2.881798551937283,0.35663477614729505,0.33279762736832713,0.0412555082384397
A07,D02,verde,139563000.0,2.39765477250942,1555250000.0,0.08364062645438267,-2.3140259151596694,4.725240917414977,1.0760465273527382,0.6327116919441362,0.1270442652827446,1100000000.0,0.5225273354179085,1518125000.0,-0.037164370487558746,-0.5966500316567573,1.2022346921283602,0.36426523536503885,0.13519496730191272,0.043449709290515226,1100000000.0,0.5147273990000156,1526375000.0,-0.038567217313301476,-0.588275284831366,1.1959469782501295,0.36487106193609714,0.13534696738806157,0.043616748105203315,90062000.0,3.8114100215226614,1454188000.0,-0.09853452005198819,-3.978493597600845,10.834318623003362,1.5707797192326005,1.097395202502081,0.184083486395917,1700000000.0,0.7139536113189622,2177188000.0,0.006867987913808311,-0.7353919065591423,1.5731249154985143,0.25990062117335117,0.12735363253395487,0.030501290498064708,1700000000.0,0.6706874186585784,2716938000.0,-0.5334984429146542,-1.1930188278644778,1.3704797481363387,0.35933468354807463,0.18248106635266392,0.05166885069527689,1700000000.0,0.6691960565862621,2714812000.0,-0.5380019103351976,-1.1970851335285433,1.3683857470115977,0.3599869070766681,0.1837484525538066,0.0519076663150921,1420562000.0,1.4804236200310779,2160188000.0,0.049211256153540994,-1.430422253715649,3.5593490277125475,0.4469318291869133,0.3790630663197214,0.05578746162474993
A07,D03,verde,158812000.0,2.1065764569123395,1560750000.0,0.10287580492713576,-1.9998875965189846,4.620198010824867,1.0581758279017464,0.6030947995412612,0.12542651866293603,1100000000.0,0.874722655265612,1749812000.0,-0.015097467303660659,-0.7360609335947221,1.364613585188244,0.38987641259662137,0.1587387835501961,0.054883830509190726,1100000000.0,0.8747258725781086,1745688000.0,-0.014765940151522732,-0.7375442505511356,1.3730515983918934,0.3899889784484136,0.15928623631227362,0.05485351527132444,164313000.0,2.212923187620504,1455562000.0,-0.035805144151161435,-2.1697229777666855,6.429917565923134,0.9603017226494556,0.707306755612763,0.11095280277050756,1700000000.0,0.8521662591877444,2172938000.0,0.029352651851008795,-0.8416950994130507,1.9675272957346808,0.27906133573495423,0.15962381561868969,0.032361640580709575,1700000000.0,0.5681494457506846,3452188000.0,-0.5209022457709891,-1.1019741386421802,1.0631336694725,0.25003117505386807,0.21590933219888175,0.053597931110065986,1700000000.0,0.5679738138122887,3451125000.0,-0.5206801616680244,-1.0988764946784513,1.0631162514119101,0.25004115828430123,0.21656167868038503,0.053558934360946345,1700000000.0,0.5140119962221891,2176125000.0,0.024906773247983547,-0.5317646962032025,1.677794055772465,0.2543079716407992,0.21633346391421487,0.02937942601779897
A07,D04,maduro,147124000.0,2.330804667097064,1560750000.0,0.059656818699599774,-2.2758728598356703,4.768600573090793,1.064881689075061,0.6407341929569718,0.12651093238397848,1100000000.0,0.8869294385650953,1744312000.0,-0.043518470639345094,-0.7871290765083848,1.3999686852952378,0.3923241197185715,0.16267278814186648,0.05541527565983149,1100000000.0,0.8847048810198285,1745688000.0,-0.04065151250860517,-0.787054974515457,1.4089281903672979,0.39194335964999166,0.16254222763452236,0.05530297626923029,170500000.0,2.152867694987445,1448688000.0,-0.06833066948641793,-2.14335440400163,6.571737245359614,0.9802034914702995,0.6761342817099123,0.11021099292341881,1700000000.0,0.8444940003328197,2165500000.0,-0.025116552790866744,-0.887183132032099,1.9428727116199611,0.2783783930529186,0.16065398985376916,0.03222104293651131,1700000000.0,0.5507613124638471,3451125000.0,-0.5621820706078484,-1.125503252198315,1.0194237778091408,0.2502610925585052,0.2169870362101361,0.05306853984096971,1700000000.0,0.5448893634983921,3451125000.0,-0.5556415762049062,-1.1135336171202437,1.0186489268030068,0.24922484129150363,0.2165231720417471,0.052984934942964086,1700000000.0,0.618276736547007,2172938000.0,-0.019931477762918603,-0.6710530675578602,2.0639357298963903,0.2730041035228392,0.2660160841778389,0.03197328438741167
A07,D05,maduro,150562000.0,2.286878229007769,1560062000.0,0.07622499056820892,-2.201148041972933,4.692447340178875,1.0550285345331811,0.632646019164566,0.12760511234801566,1100000000.0,0.908819840543038,1743625000.0,-0.014581212736660094,-0.7540908671530332,1.3972716915906225,0.3881677215181825,0.16137640460780459,0.055212977695431,1100000000.0,0.9177312523973115,1744312000.0,-0.016541512730682887,-0.7632592286751185,1.4111922791025908,0.3895949165643177,0.16339437006273794,0.05526887659219594,152626000.0,2.269185467538924,1464500000.0,-0.05062780687878195,-2.2284485652800616,6.629793807939,0.9674274874390708,0.6714015772377071,0.10974878039095061,1700000000.0,0.832378000859811,2170812000.0,0.002482243634354813,-0.8449213103542218,1.7745382314795122,0.27109311872024,0.14120045335205636,0.03164443077025855,1700000000.0,0.5292741944905154,3454312000.0,-0.5206757146159956,-1.0565954846267371,0.9970690228614485,0.24314178404197548,0.21079964368270915,0.05216515112956281,1700000000.0,0.53274329201325,3450062000.0,-0.5260373418707979,-1.0650953224817001,1.0041463639650616,0.24447646906327797,0.2100901287720337,0.052265028036448856,1700000000.0,0.5478837899626722,2169750000.0,-0.013068517319266091,-0.5959798221337965,1.7822098242907662,0.2554770802839883,0.22154548700022347,0.030093775636231272
A07,D06,maduro,150563000.0,2.28541378477706,1559375000.0,0.07937955842915259,-2.2017093840565662,4.699084188935634,1.0665136413192104,0.6504249633536966,0.12914369540284373,1100000000.0,0.9308618197831868,1749812000.0,-0.010172032871490464,-0.7602785017672996,1.4072994546710147,0.38776403339479165,0.16205022004479286,0.05587945928380363,1100000000.0,0.9279123588785743,1750500000.0,-0.00985369436067142,-0.7588503989456621,1.403147995541444,0.3878529969257586,0.162127200947608,0.055881103370035504,129938000.0,2.3590200532052776,1455562000.0,-0.04910920504540923,-2.353657877517217,6.2964327253463965,0.9662126349315819,0.6734084811347489,0.11103434461224151,1700000000.0,0.8172735838249291,2171875000.0,0.001006889660392188,-0.8310507887002695,1.7124484278362377,0.26724669266224865,0.13871151047989272,0.03124992217856107,1700000000.0,0.5240456639222714,3454312000.0,-0.5039978942351435,-1.0385324402552247,0.9893824672621758,0.23523264912656788,0.21240747231280316,0.05290348812769255,1700000000.0,0.5180104148733699,3451125000.0,-0.5036539827929076,-1.0334056486684535,0.990612784434651,0.23541903485512447,0.21283485880712885,0.05290657169643808,1700000000.0,0.90771406057367,2176125000.0,0.008076487528079136,-0.9145325569924181,2.541300185795331,0.2896682412238778,0.3022637306065995,0.034530147048180554
A07,D07,maduro,152625000.0,2.2190809026732086,1561438000.0,0.08184310514456952,-2.1251442302979022,4.637453457376355,1.0638259339615999,0.6439177161576388,0.12870366072471093,1100000000.0,0.9372096631389605,1750500000.0,0.0025178587008547557,-0.7470431987850202,1.4024174424838316,0.3849949290900654,0.1592756139377573,0.055715326471711915,1100000000.0,0.9414764932128894,1745000000.0,0.0006219388748799272,-0.7536977044473924,1.4004913898786557,0.38551574746985984,0.16056829543367335,0.05586633334647446,169813000.0,2.173032456285548,1453500000.0,-0.035921951757323975,-2.126841534675023,6.553114660033706,0.9524176241615487,0.6523498411793847,0.10804265427886835,1700000000.0,0.8054839674852109,2171875000.0,0.004127851635454952,-0.8236567631928002,1.730562446192195,0.2668181427258888,0.1355326556933004,0.031186068699597096,1700000000.0,0.5482836291330351,3458562000.0,-0.48930562253323023,-1.0437222245606366,1.0120345061636833,0.2360525437570415,0.20488283682653963,0.05216841298343532,1700000000.0,0.5421040192672553,3455375000.0,-0.49424466145558227,-1.0429038631376648,1.0140880209634182,0.23688359709744855,0.2052998185379251,0.052328505512254424,1700000000.0,0.5380198627787375,2178250000.0,0.0002698992587262404,-0.5828875516389218,1.7140466702763697,0.24777935207717355,0.205995104131137,0.029470541007986777
A08,D02,verde,130624000.0,2.7285104093313866,1553188000.0,0.08240762272792267,-2.639480213474629,5.264501616361082,1.1773790173471006,0.6870916681242829,0.1396487159956632,1100000000.0,0.5500466395829366,1518125000.0,-0.17961905147555585,-0.841943008944785,1.5258474038866152,0.4776625165847112,0.1475856809764296,0.042529856391458655,1100000000.0,0.5457843795049718,1526375000.0,-0.1811335687467136,-0.835949970495454,1.5251118193197508,0.4783179538415708,0.14742797048166223,0.04269076090509609,83875000.0,4.01032231012907,1454188000.0,-0.09117180107347597,-4.214982426627847,11.386396265749722,1.653469596076656,1.1495678620657435,0.19491073292521363,1700000000.0,0.9103986090245941,2175062000.0,0.009851782311995964,-0.9281812221495769,1.9812303168404308,0.30697111838385494,0.16307003046106744,0.03569325468590459,1700000000.0,0.6912154979733836,3452188000.0,-0.7931320125858632,-1.4745131224514099,1.4453580868372247,0.37175833671036324,0.18919076338272534,0.052565137593791784,1700000000.0,0.697764267212929,3454312000.0,-0.7973191563671399,-1.4841160321323787,1.4460184824522913,0.3724114537374285,0.19026761463871533,0.05278369360780179,1409938000.0,1.6349144405580194,2160188000.0,0.06322352114726276,-1.5811612099994092,3.807318401482704,0.4905908363201001,0.4114675095013616,0.06078340404989929
A08,D03,maduro,144374000.0,2.442945987954863,1558688000.0,0.09754383937247774,-2.3333017001174903,5.18933205552462,1.1640740040339845,0.6476140034437377,0.1385575802721512,1100000000.0,0.9900149110606253,1742938000.0,-0.16293501843403244,-1.0382564689502218,1.5895697546081105,0.5119811919117372,0.16929050643067303,0.05426911311498675,1100000000.0,0.9975046284904516,1743625000.0,-0.16261867385521087,-1.0465006160448986,1.604919499253375,0.5121847345022501,0.17031857579992798,0.054255977363532694,126500000.0,2.481593335598065,1454875000.0,-0.03666633719797288,-2.427215853474404,7.105906102660558,1.0572816240355445,0.7666918366602465,0.12303323924885518,1700000000.0,1.0707908057334612,2170812000.0,0.030205510631417104,-1.051583095381265,2.3199416990379085,0.3213387864308403,0.1924431791141365,0.036972206461410216,1700000000.0,0.6398348388830736,3451125000.0,-0.7892330127087808,-1.4301247659130665,1.1876596015481664,0.27789105191905633,0.23418642439574455,0.056083176606658416,1700000000.0,0.6379229702938558,3452188000.0,-0.7888476544897884,-1.4282285822915362,1.1925663800758854,0.2779071288844363,0.23431442978596428,0.05607689538314262,1700000000.0,0.5960339188696333,2176125000.0,0.024593339530748735,-0.6317515864688483,2.0601865248720532,0.304759654379132,0.2702440870507235,0.035094274958267765
A08,D04,maduro,135438000.0,2.6334377485056453,1560062000.0,0.055140973488727416,-2.577615679655456,5.195852738645731,1.1620833033592488,0.6754257452508627,0.13857829590058865,1100000000.0,0.998860960207729,1744312000.0,-0.18895263848259375,-1.0939038997675097,1.653266445151496,0.5179714669741147,0.1701973462096374,0.05449709933194132,1100000000.0,1.0001465994115648,1745000000.0,-0.18622162838462114,-1.0954342860351263,1.6634586312517494,0.5173513458750926,0.17017843078994205,0.054358202623978585,129250000.0,2.423194480738303,1448688000.0,-0.06455506441921802,-2.406324706602612,7.2233194143391035,1.0624952082229768,0.7377086759440148,0.12164017177303982,1700000000.0,1.072367703882922,2165500000.0,-0.023233239332008923,-1.106341577272325,2.352331236538012,0.31762041838176136,0.1999799270865315,0.036381307972304905,1700000000.0,0.6181526603495332,3451125000.0,-0.8256865882863269,-1.4504366053004212,1.1593935443663002,0.2775148304063421,0.23290289914050638,0.05539594775611179,1700000000.0,0.6172747123582802,3449000000.0,-0.8187134078582875,-1.4381303980072193,1.1567215957920602,0.2761876902144058,0.23220604686579802,0.05527118112863362,1700000000.0,0.6816564283063866,2175062000.0,-0.015391667682089718,-0.7583362354658395,2.3157956783406637,0.3148315959168985,0.2860451348810174,0.03614239825270875
A08,D05,maduro,140938000.0,2.5972365585929094,1557312000.0,0.06832054680555309,-2.5117247044796103,5.176926648466898,1.153000566949179,0.6672748842965066,0.13924509260005621,1100000000.0,1.031011337833997,1741562000.0,-0.15918078318050974,-1.0646075322172823,1.6433945575305207,0.5128881731620615,0.17216669361373343,0.054430205438123457,1100000000.0,1.0444654176255346,1744312000.0,-0.16133065416789316,-1.0785091088960934,1.6735686820049096,0.5142454753015364,0.17394178302335936,0.05449314121932538,139563000.0,2.4455735571230646,1448688000.0,-0.04737006801036522,-2.3958898820106445,7.170699019440728,1.0552144455763244,0.7124903082842655,0.12037448718964582,1700000000.0,1.0303585702226061,2169750000.0,0.002801966257302808,-1.0304226024110554,2.0978426066105014,0.3089763433528799,0.18095522117568402,0.03557956130516252,1700000000.0,0.5755121909656215,3452188000.0,-0.7846093275353464,-1.3690667512492407,1.0965167384521581,0.26841925629917684,0.22828445909515357,0.05460279339196372,1700000000.0,0.5821666411226025,3450062000.0,-0.7902032820996111,-1.3782188941221996,1.1057310761932762,0.269852180424827,0.2280822238127929,0.054730384299557705,1700000000.0,0.6529690337848936,2169750000.0,-0.009186894977214755,-0.7186232065540463,2.1798253979480515,0.3034680677920392,0.26888849867525094,0.03566541740545026
A08,D06,maduro,140937000.0,2.542161646338161,1558688000.0,0.0709593137717646,-2.470678860824356,5.141687683165647,1.1510447910162074,0.6704277907223745,0.13917203892856078,1100000000.0,1.0374605479202277,1749125000.0,-0.1543404604448313,-1.0635991701776835,1.629311426070632,0.5118720528933286,0.164350312638734,0.05456858357296754,1100000000.0,1.0331114160270014,1750500000.0,-0.15393006670283593,-1.0605463133736357,1.6414353406633775,0.512002929085403,0.16619730055495063,0.05458886896518059,126500000.0,2.5408645697566374,1455562000.0,-0.04587677043332523,-2.5178383778424047,6.9108228435111165,1.0405325418749791,0.7355248692007974,0.12011895701559326,1700000000.0,1.0135728972056413,2171875000.0,0.002387362844096607,-1.0157059304594165,2.0853301260607457,0.3060764053448946,0.1744151926979154,0.03546317269114785,1700000000.0,0.5943152879101977,3453250000.0,-0.7683605295784207,-1.3656103298270417,1.0997041867266502,0.26160446437222723,0.23081002438116577,0.055335718570494505,1700000000.0,0.5871071240473246,3454312000.0,-0.7678408971482807,-1.3577449545505258,1.1031768029286098,0.2619006631596146,0.23150831574661684,0.05536718045200631,1700000000.0,1.0042144091879175,2176125000.0,0.009559976243070548,-1.0153649428497997,2.9204132252008046,0.32927173712907387,0.3448576590949376,0.03905244564378684
A08,D07,pasado,141626000.0,2.4796002396234154,1559375000.0,0.07715093818673754,-2.3926309938009487,5.042759765518205,1.150211293544611,0.6717866583615592,0.13917513434656067,1100000000.0,1.0565507958805587,1742938000.0,-0.14613121465810042,-1.0666051428290209,1.649199829552356,0.5146883746344988,0.1683326438646697,0.05436229196188617,1100000000.0,1.0625924416219545,1745000000.0,-0.14870605021171235,-1.0762859064438373,1.6647453952802884,0.5152401557389537,0.16948559550998632,0.05449621223401705,146438000.0,2.3552913558984656,1453500000.0,-0.0229195565194048,-2.2903499696021052,7.056149250586041,1.0234663633205523,0.7050002983691692,0.11750727119512894,1700000000.0,0.9910256472298047,2170812000.0,0.006473230027180386,-0.9967983823773214,2.1029514586301232,0.3055066622075414,0.17158291341876591,0.03532334176257854,1700000000.0,0.607302456628577,3455375000.0,-0.7546894035268444,-1.3666813903230068,1.1046692322400857,0.25976274080376466,0.2228521173004058,0.05481026885608863,1700000000.0,0.6087034415284918,3455375000.0,-0.7602666718316031,-1.3730992194021383,1.1110292052664152,0.26089893110535767,0.22295188067240454,0.05492237331742573,1700000000.0,0.6367670743806797,2178250000.0,0.0148353781967768,-0.6840415440016321,2.221414930574241,0.3003281286519883,0.25030550902839516,0.0347760790260733
A08,D08,pasado,147126000.0,2.330811316392339,1562125000.0,0.08374382059393569,-2.236119241679305,4.804600333563552,1.1473197590741155,0.6622853576737519,0.13876968700408085,1100000000.0,1.0688555847982606,1742938000.0,-0.15431216669366635,-1.1008278067130945,1.6623072891982655,0.5230931631600443,0.16845827182360534,0.05439214580342649,1100000000.0,1.0718645425988353,1742250000.0,-0.1569540155074834,-1.107291268817522,1.6664295537616391,0.5234880490150187,0.1697547506047154,0.05449748640890718,130625000.0,2.626904789653934,1445938000.0,-0.04925220854330621,-2.6021628324871626,7.723434334087184,1.0172398798738316,0.74109368898988,0.11492963013563895,1700000000.0,0.9447915901168752,2171875000.0,0.00721454120254652,-0.960165012974301,2.118225815378112,0.30380485375535604,0.16409281030442588,0.0353670126597938,1700000000.0,0.6088369106535126,3459625000.0,-0.7846016117921899,-1.4224020941965119,1.1341868421730847,0.25760428182641665,0.21521871604022372,0.05398919978839508,1700000000.0,0.6087651442826892,3461750000.0,-0.7903203864718906,-1.425185332652562,1.135917413168187,0.25871334770469606,0.21495816687244634,0.054047167032037824,1700000000.0,1.0903973337487605,2167625000.0,-0.06041684455614903,-1.169856411456883,2.622634207793638,0.33727860679363186,0.30459374456606925,0.03879431960147845
A09,D02,verde,143000000.0,2.285298917561723,1558688000.0,0.08145043866286615,-2.2032762842180325,4.63126029762944,1.1021661443193325,0.6142925816339696,0.13036630454884443,1100000000.0,0.5492602412996936,1518125000.0,-0.19285631986055063,-0.8635115815436062,1.5603120820297702,0.47618553633014615,0.14208102621089153,0.04173832766490928,1100000000.0,0.5420900682951333,1526375000.0,-0.1947288087836126,-0.8592675827607809,1.558328091381473,0.47678173366270504,0.14205377951675147,0.04185068098633051,90063000.0,3.769562839583933,1454188000.0,-0.09209343591286114,-3.9853342075753044,11.003236202805613,1.6098594759610576,1.126259090581874,0.18968212413935615,1700000000.0,0.832780239022895,2177188000.0,0.014695349281318378,-0.8522497467912039,2.0851986838304843,0.30520172478022295,0.18544777667440118,0.03573111178783671,1700000000.0,0.6969483184147722,3454312000.0,-0.8095745422562854,-1.518807552701122,1.4800479859192075,0.3856192603342372,0.18968087385774784,0.05434324231125884,1700000000.0,0.7034826054164702,3454312000.0,-0.8141276885854053,-1.5298903713421044,1.4841128839167423,0.38622640396494,0.19083585112103188,0.054522590630435394,1416312000.0,1.486322367916717,2161250000.0,0.05580906233552793,-1.4443352959879592,3.5123124618767343,0.44966707338095513,0.3561583325216682,0.056070215168879424
A09,D03,verde,162250000.0,2.084426252748435,1560750000.0,0.09703513501284379,-1.9727502909342323,4.621638641191846,1.0998008292326371,0.5829233452442628,0.13054270994272274,1100000000.0,0.8818527460826018,1749812000.0,-0.17749973302663366,-0.9898001091371156,1.5513939588721093,0.5020277701202991,0.1660942732923771,0.05277658648536707,1100000000.0,0.8898211770972783,1743625000.0,-0.1780353747405609,-0.998600939750013,1.5667754313737972,0.5021499931409968,0.16703226598282622,0.052741445990512316,148500000.0,2.2883129382545535,1455562000.0,-0.034698125616898966,-2.261938335720506,6.752718224433387,1.0087624930509622,0.7455255742074063,0.11803511142819367,1700000000.0,0.9805522899980865,2172938000.0,0.03458957398007102,-0.9796769501996798,2.444383363250797,0.32773473682991194,0.2122835597939044,0.038079140622746796,1700000000.0,0.675164864027114,3452188000.0,-0.8010160253979253,-1.4902195693141749,1.2489750720884543,0.29286199695313814,0.2398291022334384,0.05825665434463901,1700000000.0,0.6759385231833891,3451125000.0,-0.8015774907138786,-1.4901960506402567,1.2541223361701936,0.2929827219049463,0.23949550673875422,0.058178300692713715,1700000000.0,0.591211772958897,2053938000.0,0.03305785330629641,-0.63229845500482,2.083326160478634,0.3074408157574085,0.2646134188444858,0.034601985289460215
A09,D04,maduro,148500000.0,2.2870572951700816,1560750000.0,0.05284134650708978,-2.237339235887333,4.644635236394992,1.0986497454707125,0.6249921543697189,0.13065080363283862,1100000000.0,0.8870433241128034,1744312000.0,-0.19613869885002883,-1.0309364860769743,1.6155060373822607,0.5031861914907386,0.1674052685925958,0.05386670672461091,1100000000.0,0.8881065844211364,1745688000.0,-0.19271185223432694,-1.0304601250492236,1.6290697260428724,0.5026431997073351,0.16887904517420438,0.05374045272069434,164312000.0,2.2396989095750635,1450062000.0,-0.06817720875026807,-2.236760301034613,6.888572118785056,1.0256954758671395,0.7154709928579917,0.11640287320335649,1700000000.0,0.9120383525232243,2167625000.0,-0.01984697521601877,-0.9648895113796675,2.308097687809363,0.32011056502726926,0.1838143116662718,0.03726009166483435,1700000000.0,0.653090473597627,3447938000.0,-0.8300395930877441,-1.5003688078176511,1.2080209970229592,0.2926703075208312,0.2382462090874017,0.058018602988586764,1700000000.0,0.6524654813066352,3449000000.0,-0.8218564332980675,-1.4923322947707787,1.2134938816935263,0.2911529698768856,0.2383149294248416,0.05792671484712037,1700000000.0,0.6717143564662429,2055000000.0,-0.01254244805837176,-0.7385866587055314,2.2516333883064554,0.3077202416104134,0.29885770288205504,0.036552516075249
A09,D05,maduro,156750000.0,2.2383541888779734,1560062000.0,0.06959674290411733,-2.1532942111952487,4.64300445213207,1.0967306915673107,0.6116506636888805,0.1322399896284835,1100000000.0,0.9306052879673113,1741562000.0,-0.1710307522192114,-1.0123716968453613,1.6155383442624829,0.5019251725642807,0.1713624940682857,0.05400482448186993,1100000000.0,0.9388691583656504,1744312000.0,-0.17312558557820415,-1.0223104416643227,1.6425564831675263,0.5033550447299937,0.17346525537401974,0.05409486751654036,153312000.0,2.2731170601526163,1463812000.0,-0.05020826194156743,-2.2497907124285494,6.8669374790588105,1.019564715322267,0.6974080017847823,0.11633462661708878,1700000000.0,0.9144524907384846,2170812000.0,0.006118094109714898,-0.9391902335254481,2.1524389080505983,0.3083281133607024,0.18067361423877526,0.03624283317832869,1700000000.0,0.6105422650251531,3452188000.0,-0.7960273262542827,-1.4260249980391513,1.1516072485179643,0.2826997073728582,0.2347881792206146,0.057149247421815444,1700000000.0,0.6114977708575752,3450062000.0,-0.8017769427415841,-1.4327869855333029,1.1554265057938236,0.28441642507503745,0.23531776748696895,0.05729562192327964,1700000000.0,0.5647675687163922,2053938000.0,-0.007494446917126427,-0.6230894995852436,2.0530807820972257,0.3054270662625011,0.27421046665773113,0.03632914047711257
A09,D06,maduro,156063000.0,2.218822525822383,1560750000.0,0.07435337727408908,-2.145932544654283,4.637337069236969,1.1045929626835735,0.623154363818717,0.13330801707348028,1100000000.0,0.9388313982785423,1749125000.0,-0.16344552877664592,-1.0032945846677088,1.6073544143831442,0.5021954038733227,0.16666484252285502,0.05449219483327316,1100000000.0,0.9398936225838923,1749125000.0,-0.16354449272475705,-1.0051482771380884,1.620848458492573,0.5023988029900152,0.1681086375663164,0.05450911294889357,129938000.0,2.421794450441524,1455562000.0,-0.04314755845767603,-2.4354740983653715,6.650686446341803,1.0094700138034622,0.7187998503867503,0.11739335006438063,1700000000.0,0.9173952965229961,2171875000.0,0.00659354699233688,-0.936574212484987,2.127053803568332,0.3078440407475069,0.1768588520002427,0.03627177831020653,1700000000.0,0.6097607482740424,3453250000.0,-0.7768189390539759,-1.407586620324848,1.1364813586545435,0.2763973417056608,0.2400472994910752,0.05777207685204922,1700000000.0,0.6035494453637592,3453250000.0,-0.7769053289431841,-1.4013527002833666,1.134929883457628,0.27656516524777475,0.24035245994930712,0.05777173689393075,287938000.0,1.0995916242546526,2057125000.0,0.021304490814893207,-1.1222590321469943,3.152408984765379,0.34176089442579394,0.3577736619270107,0.03961267354520669
A09,D07,pasado,158125000.0,2.1460363597500542,1560750000.0,0.07857165835934689,-2.0533162642894194,4.525600190957792,1.1010194048960524,0.6237775232629967,0.13289299038938443,1100000000.0,0.9670308880704112,1742938000.0,-0.15200743639790848,-1.0094500562088908,1.635940629397261,0.5044129051908419,0.17071885881917653,0.05516739682911827,1100000000.0,0.9734467640643226,1745000000.0,-0.15471491994422834,-1.0188836349353088,1.64643773586588,0.5049790334515647,0.1717452970563385,0.05528254092258764,162250000.0,2.2390053522441344,1454188000.0,-0.026747444851191265,-2.186760823820945,6.7965034937944875,0.990655636251094,0.6888854648772106,0.11389743566380109,1700000000.0,0.8845597104494549,2171875000.0,0.008699774093004247,-0.9116131691893735,2.1466873293322344,0.3102548557929414,0.18288094062139532,0.03654878308157213,1700000000.0,0.6132859273329568,3455375000.0,-0.7740924231566735,-1.4071398617073803,1.1329954014303785,0.2744853932588967,0.23042380066368015,0.056752676174444475,1700000000.0,0.6127945767745971,3452188000.0,-0.7800276880078395,-1.4137466037607473,1.1397414471263694,0.27551870000418377,0.2319199959560034,0.05684282048879723,1700000000.0,0.5631850900524343,2178250000.0,0.015206707260366324,-0.6184818078309189,2.2144883699986933,0.306392039578289,0.2740260105170082,0.03575195661697033
A09,D08,pasado,160874000.0,2.062676124114533,1572438000.0,0.0819365770739972,-1.959350067872784,4.382494504499384,1.102641855004632,0.6183776157825456,0.1329111488952683,1100000000.0,0.983151773145646,1741562000.0,-0.15588114862476035,-1.0294638541930592,1.6413822018011834,0.5101942011528957,0.16968945884070788,0.05543989732695767,1100000000.0,0.9893847409347593,1742250000.0,-0.15822199646368101,-1.037744120716089,1.6469008975112747,0.5106373550457664,0.17148015259974925,0.055543686163375225,173250000.0,2.186269651903386,1445938000.0,-0.036410593358085594,-2.147845467171531,6.8467227253009995,0.9665809061121868,0.6891472136870156,0.1107911838267376,1700000000.0,0.8745257688848733,2175062000.0,0.005878061800538134,-0.8988260918393087,2.2087684729284636,0.31980685437843476,0.20391897087512406,0.037886694746250685,1700000000.0,0.6487753875830755,3458562000.0,-0.7849890003465773,-1.4571643057324632,1.1826316261941758,0.2688413184899394,0.2234390420109219,0.056404815691597304,1700000000.0,0.6475615209866473,3456438000.0,-0.7904956257743321,-1.4618231893681952,1.185627277999051,0.26987561503657786,0.2240474721425129,0.05645380201458049,1700000000.0,0.6870101621603347,2166562000.0,-0.013559464482888316,-0.7461825983403094,2.216500810253814,0.30310919618439575,0.27095672220682676,0.035638697213089696
A10,D02,verde,173250000.0,1.965476293245957,1561438000.0,0.08591928554550439,-1.8648100407646584,4.282753733934066,1.0325371645108605,0.5673943703554886,0.12207254809578204,1100000000.0,0.8340079208922159,1747750000.0,-0.06766887488757385,-0.7763106154263186,1.3766232796250366,0.4034407418591535,0.15954849271268307,0.05395959467343186,1100000000.0,0.8353879246307923,1745000000.0,-0.0666734345199402,-0.7770066182468547,1.3796935402592225,0.40353647312992075,0.16087078225357845,0.053973060779530374,818125000.0,2.056825094136344,1467250000.0,-0.055088865798416695,-2.0154998683772862,6.157297103371555,0.9504581481053315,0.7045425307797478,0.11038596024770021,1700000000.0,0.7405391848281327,2175062000.0,0.015081028264137595,-0.7607945999080377,1.9015425255944514,0.2777474563793334,0.16336088172779145,0.032502932055768874,1700000000.0,0.6103299651172344,3454312000.0,-0.5847655537356381,-1.2091259156275278,1.0953733693027166,0.2599427950269333,0.21926420498084526,0.05540539699129805,1700000000.0,0.6104717818329614,3453250000.0,-0.5836484160564406,-1.2090730152244917,1.0996233587391309,0.259841610208418,0.22038845935516896,0.05546874765901451,1700000000.0,0.5238589539232723,2051812000.0,0.009276561791546057,-0.5624464244645639,1.7108825129311442,0.2690236091046402,0.2304942609124852,0.03175872421529074
A10,D03,verde,173937000.0,1.972660512963974,1562125000.0,0.10066436815199643,-1.8640835600876215,4.425751521840277,1.0310175874136298,0.5728879199520924,0.12212593402746945,1100000000.0,0.8451851187811281,1749812000.0,-0.04590928895792302,-0.7582549058246836,1.3768497000213742,0.39814099017727117,0.15702993599556458,0.053870670985096514,1100000000.0,0.8444927732390889,1745688000.0,-0.045977323756986606,-0.7585699359849941,1.3825286982702565,0.3982275101805287,0.157915534294272,0.05384324800303055,165000000.0,2.1943317737875447,1455562000.0,-0.03639167805432268,-2.1644586419669767,6.416312113631621,0.9617653998736182,0.7130387245468657,0.11114037761601155,1700000000.0,0.8040198245143554,2172938000.0,0.031638215282078316,-0.8037346044676641,1.9387853449364971,0.273934546003446,0.16207274835528918,0.03191047865200839,1700000000.0,0.6082452630180679,3452188000.0,-0.5584632356160751,-1.1738437336632626,1.0951464149249412,0.2585149354546545,0.2188797658185157,0.05472965704902143,1700000000.0,0.6057328477963737,3451125000.0,-0.5585620648647622,-1.1736985913284368,1.0998924887899642,0.2586104826360023,0.21921787970173912,0.054666093769229415,1700000000.0,0.5092081368181142,2053938000.0,0.028335459821436496,-0.5355546385449929,1.7447177522655046,0.26742852470971185,0.23073494148465853,0.03070503832593666
A10,D04,maduro,155375000.0,2.2036983934220684,1560750000.0,0.06022451492930833,-2.143865405684438,4.580008755233674,1.037129783754832,0.6112466394665712,0.12307721896371014,1100000000.0,0.8475078781722072,1744312000.0,-0.06953243130132908,-0.7991839399349842,1.4114536765637595,0.401258452285805,0.15883440065484156,0.054328857523703096,1100000000.0,0.8484280680993868,1745688000.0,-0.06638902847059971,-0.8003447331775095,1.4238942075179868,0.4006920796269789,0.15910690717223303,0.054164351513009114,818125000.0,2.095582659538069,1450750000.0,-0.06092649245693278,-2.0918841248951017,6.488505956116604,0.9771370415850132,0.6867954510347347,0.11056434830617715,1700000000.0,0.7499212462164087,2167625000.0,-0.01981339520035835,-0.8013925440416664,1.8152806229732494,0.2712984980640666,0.14497028463600503,0.0316287451061259,1700000000.0,0.5929200353666468,3454312000.0,-0.5942541769360233,-1.2012152634592912,1.0694779231363967,0.2596364278067061,0.21831030216598749,0.05410790953144597,1700000000.0,0.5894152804028674,3450062000.0,-0.5863247730116122,-1.1870304036231225,1.067957198867644,0.2582792350757883,0.21705905910873194,0.05395805753779555,1700000000.0,0.5680638560873275,2056062000.0,-0.003689163202280498,-0.6181800069421735,2.0185342059341105,0.2777053292806779,0.255005960500278,0.03219489970377554
A10,D05,maduro,159500000.0,2.1562971940717888,1560062000.0,0.07391844493129367,-2.0690786744636176,4.508759930686998,1.0324029358836404,0.6048314401439352,0.12470983407599977,1100000000.0,0.8824805125812228,1743625000.0,-0.045413648682458375,-0.7775640662679001,1.4165081184927937,0.39816083394941426,0.16109073159553844,0.054620772817389106,1100000000.0,0.8932816145967108,1744312000.0,-0.04746054197555925,-0.7894068599719433,1.4346369294846415,0.39978951850087036,0.1631757293972957,0.05473834313577306,150563000.0,2.2656184445765346,1464500000.0,-0.05118727389298674,-2.2353803063923245,6.595579756697445,0.970372334402188,0.6726116821342805,0.11013024569954585,1700000000.0,0.7745214537032675,2172938000.0,0.00499073997613258,-0.7908155634394264,1.7089789712507972,0.26248684745003725,0.13803501532273818,0.03088499844626715,1700000000.0,0.5626587516175268,3453250000.0,-0.5582811761579592,-1.1258866092041093,1.0261673817886237,0.25058159123705975,0.21428867827721737,0.05357376686353457,1700000000.0,0.5652592633195934,3451125000.0,-0.5642903622804164,-1.136103507815646,1.0311295229160864,0.25224262042356194,0.21431826236446538,0.05375576942474598,1700000000.0,0.5087311925842373,2175062000.0,-0.005821101570113054,-0.5525374569494155,1.7535524859212848,0.264787813560075,0.23072847252470646,0.03170304967023768
A10,D06,maduro,159500000.0,2.111749836757517,1560750000.0,0.08009399763821376,-2.0334684448498357,4.479349168253718,1.0377206186521462,0.6151343370060902,0.12541532341371578,1100000000.0,0.8988340170462452,1749125000.0,-0.03440514449743046,-0.772333290019634,1.4134005192294468,0.3957596372219347,0.15695675773466855,0.054893017264866874,1100000000.0,0.8996175169466574,1749812000.0,-0.03482638524060034,-0.7742367081600853,1.4116110164371172,0.3959376181069469,0.1577226236853489,0.05488600754066713,130625000.0,2.376158879988455,1456250000.0,-0.03952112328925164,-2.3723948191761717,6.247000713475694,0.9544199965557166,0.6755015778127973,0.11106660835107038,1700000000.0,0.7605472101320044,2171875000.0,0.0058915062589246225,-0.7768330335823498,1.655986386369141,0.26026604680608917,0.13628039905440567,0.030694336798872714,1700000000.0,0.5607549711651448,3454312000.0,-0.5349554110985939,-1.107331246476567,1.020183963633107,0.2438901041051344,0.215586951628344,0.05370500844641342,1700000000.0,0.5565630200814631,3456438000.0,-0.5352676078281872,-1.1042502633866509,1.0262295866589164,0.2439506019986292,0.2161799068279989,0.05369963210158928,1700000000.0,0.9245266831977582,2057125000.0,0.027941540078980275,-0.9330064747077244,2.733840362641565,0.30544289041096767,0.3005494229969462,0.03494285088733031
A10,D07,maduro,160188000.0,2.089257121299623,1562125000.0,0.08206814894430256,-1.9943664988825747,4.4314743174487745,1.0445643686221036,0.6241999012665878,0.12621280270988644,1100000000.0,0.9218768496820126,1750500000.0,-0.025433302865292527,-0.7748674504298556,1.4324961214331662,0.39647244108125856,0.15897641258040762,0.05541727524139875,1100000000.0,0.9286335136427392,1749812000.0,-0.027822206424427766,-0.7835620319002368,1.4338291708798148,0.39703541604097004,0.16003493301423216,0.05555657235075257,162938000.0,2.2239881753540636,1455562000.0,-0.02863658371942664,-2.1698198265590003,6.522475494467376,0.9469631892227506,0.6564019722010723,0.10824762982095719,1700000000.0,0.7368913583892389,2172938000.0,0.006122340363364487,-0.7599164504983981,1.656307689802328,0.2599970697016327,0.13483439787984844,0.03059801510082043,1700000000.0,0.5708245897317271,3460688000.0,-0.5247745147569918,-1.1035299923985997,1.0189082213221583,0.243416389360419,0.21001456740180047,0.05360760550346931,1700000000.0,0.5682131070353453,3456438000.0,-0.5307011307733753,-1.1067083190142737,1.0211598439535718,0.24442333102903785,0.21052551360938188,0.053720293816741434,1700000000.0,0.5426302562921115,2178250000.0,0.013144376732090563,-0.5815308183809416,1.8880998196728713,0.26453712508266447,0.2304639062986853,0.03126309434019647
A10,D08,pasado,165687000.0,2.003399837566341,1573125000.0,0.08437458579705305,-1.899947109929396,4.3106511178421565,1.048407301858679,0.6186886322627037,0.1263853689929147,1100000000.0,0.930413378630871,1753250000.0,-0.021047398391395376,-0.7743045118541613,1.4234950556512245,0.39776278957674077,0.1607539240374028,0.05584150126287625,1100000000.0,0.934135825799158,1742250000.0,-0.0232179707005896,-0.7790659179967119,1.4187753955108606,0.3983064676954035,0.1629335465385662,0.05595948745250833,818125000.0,2.0908929265785074,1463812000.0,-0.034288623196323934,-2.0442208056583953,6.493975507241165,0.9334912150222765,0.6664510931593748,0.10661184351549884,1700000000.0,0.7202398342610881,2175062000.0,0.0032038506169355715,-0.7562541528686817,1.7232759425730562,0.2664169723681362,0.15317529264817645,0.03151893782656805,1700000000.0,0.5857499046572064,3459625000.0,-0.5248552683496395,-1.1247830831073853,1.0497185913892224,0.23889788291952654,0.20504529989980438,0.053295268480268755,1700000000.0,0.5827948628498328,3458562000.0,-0.5305240493561932,-1.1292437317982547,1.0511058794866714,0.23990649198854494,0.20410942869417711,0.053364086029012534,1700000000.0,0.5922719303736912,2183562000.0,-0.00733461710724698,-0.6403003983121619,1.8643530302096787,0.26495769739485103,0.23357332458832317,0.03148310086769203
A11,D02,verde,154000000.0,2.36490592402034,1548375000.0,0.052502458700850886,-2.2692799298518946,4.91810542314518,1.1699648077597964,0.668290732785914,0.1390210618990995,1100000000.0,0.9573950664522126,1749812000.0,-0.28238451536775183,-1.1737795074869048,1.7207675885055949,0.5683559296346995,0.17138032683100649,0.05098660001860782,1100000000.0,0.9561285010882825,1735375000.0,-0.2818662596197042,-1.174397150960031,1.7249062211803174,0.568659465278486,0.17277068229648335,0.050985850388908044,143000000.0,2.396912020226754,1454875000.0,-0.03364030178653317,-2.331343292454461,7.084639349936375,1.035558964733187,0.8026596195741271,0.12425211133885013,1700000000.0,1.0953324455108835,2175062000.0,-0.019896241418206728,-1.1402871822105478,2.4258722151999135,0.3408161292626005,0.22678130856136886,0.039863095191623725,1700000000.0,0.6478186923705879,3456438000.0,-0.9584017932514749,-1.6199748452275162,1.231916869476581,0.29615001603888624,0.24117663888203766,0.05661099127123612,1700000000.0,0.6551144499044607,3453250000.0,-0.9574276464643116,-1.623830638649839,1.2389777187297202,0.2960315293479321,0.24113542833381024,0.05663310879269766,1700000000.0,0.7175590882849786,2159125000.0,0.04433539409328968,-0.7164662697600672,2.4312259921602193,0.3303127069393354,0.32872007517834534,0.0390882033296334
A11,D03,verde,145750000.0,2.453547354430248,1556625000.0,0.08991125241838104,-2.3569579192487726,5.2159625273795855,1.180126231672596,0.6483769900214422,0.1405210864867024,1100000000.0,0.9990564740081926,1737438000.0,-0.25270012149006854,-1.1692345324826843,1.7250075991217253,0.563156718178517,0.16935821056950817,0.05173412151783054,1100000000.0,1.0043629320597818,1743625000.0,-0.25251625925821025,-1.1750954227028392,1.7291897296658192,0.5633412081239563,0.17080599930640183,0.05171181525893815,137500000.0,2.479442424740998,1454188000.0,-0.03638803237270044,-2.425785512889109,7.170493430204457,1.068965812616476,0.7694858597873306,0.1246116829406936,1700000000.0,1.1368863599483943,2170812000.0,0.030680463412076624,-1.1117326343098124,2.463360284843339,0.3369103874361401,0.2044153476480842,0.038745405953402576,1700000000.0,0.6620610663007116,3451125000.0,-0.9387412325130594,-1.6038943629057139,1.2386076785598221,0.30215564546083135,0.24318741636253352,0.05676891416841441,1700000000.0,0.6649359339480713,3451125000.0,-0.938393554774421,-1.6030889433837063,1.2424766995264043,0.30235136593507395,0.24355187979894607,0.05673346032435822,1700000000.0,0.6308170646427873,2176125000.0,0.020905477129098092,-0.6737025145303039,2.1660096982039834,0.32126232225789764,0.2970033968424563,0.03743771547293553
A11,D04,maduro,135437000.0,2.6809252010190563,1560062000.0,0.03624006188757574,-2.6507858585463167,5.287215525037892,1.17825309303535,0.6734484968887422,0.1405919843886468,1100000000.0,1.020729014072198,1742250000.0,-0.28900505616328015,-1.242055260461166,1.7548574580674487,0.5713690630717443,0.17030158726759637,0.05226686751047177,1100000000.0,1.0190703328191397,1740875000.0,-0.28551232075541033,-1.2414862667131876,1.763427812360804,0.5706846168614383,0.1716745872804799,0.05208255926064235,118250000.0,2.619435553563715,1446625000.0,-0.0788203792622804,-2.6158017148206025,7.633213488125147,1.080706701846,0.7595271789910396,0.12285441588942964,1700000000.0,1.1450221851973044,2162312000.0,-0.0402726517966444,-1.2001027203056274,2.4738347912061,0.33143479646659846,0.21847437105489276,0.038054146754978146,1700000000.0,0.6578803748539066,3451125000.0,-0.9960426109699055,-1.6601705194329348,1.2357568294859003,0.3057917484247307,0.23967255391931042,0.055758941169110995,1700000000.0,0.6524753990729553,3449000000.0,-0.9874923590318543,-1.6461239844848214,1.2283361926783267,0.30400814667008186,0.23889617750423617,0.05559094990247962,1700000000.0,0.7190184694930739,2166562000.0,-0.04600738617811669,-0.8236062067900338,2.622530361223218,0.3397055219657562,0.3232376755918037,0.039369511135112396
A11,D05,maduro,144374000.0,2.564318293574731,1555250000.0,0.06409098060734485,-2.4896296810190877,5.171227008046602,1.1695727544530607,0.6631024579803264,0.1407133886762582,1100000000.0,1.0487214166202108,1738812000.0,-0.2430908436237265,-1.189716260269142,1.7595262947246573,0.5614117071151408,0.17329909616679848,0.05242628262476059,1100000000.0,1.0585659365976683,1738125000.0,-0.24579050533206276,-1.201935915868118,1.792435153152732,0.5628328411309038,0.17528158422325274,0.05252883563302865,138874000.0,2.4845168393382284,1446625000.0,-0.04121353304245384,-2.4331516338470283,7.275476545383809,1.0642620828064782,0.7156188844515209,0.12203049748648105,1700000000.0,1.0763402218035938,2167625000.0,0.006374302506457557,-1.070769484343659,2.209709520348121,0.3191264477085329,0.18769105419392856,0.03676840290219501,1700000000.0,0.6207100378830674,3269438000.0,-0.9314136450011005,-1.557515436430412,1.1636671768642883,0.29355861381756826,0.23791506685465194,0.0551406317154129,1700000000.0,0.6230112724447475,3275812000.0,-0.9383060397408546,-1.5660993694560057,1.170019384505383,0.29553293898543925,0.23750019825907706,0.05530281256025689,1700000000.0,0.6946441345607012,2168688000.0,-0.008898449157237474,-0.7641136780909767,2.3660013740378103,0.32603311716700994,0.2868756369458235,0.03783105655005967
A12,D02,verde,137500000.0,2.5575205148593185,1551125000.0,0.06698769251066196,-2.4587886806096413,5.1754267742299795,1.1253868102693179,0.6772835578799228,0.1338496480705238,1100000000.0,0.9970007757139531,1747750000.0,-0.049770662433299036,-0.8645353735499688,1.43652984891192,0.41997736165797656,0.16487300844588249,0.056171983211564705,1100000000.0,0.9980057118015346,1745688000.0,-0.04877073632499971,-0.8644622768359793,1.4341959263428632,0.4200744260940588,0.1654143948663454,0.05617675537254408,141625000.0,2.316394456605949,1445250000.0,-0.06719415768218848,-2.274324567381902,6.836506915272507,1.0168493049489875,0.7402032862312995,0.11697895300619296,1700000000.0,0.9313337441876341,2175062000.0,-0.011332435441534974,-0.9346356507922016,1.6732211955227747,0.28078885523506786,0.17863681561150344,0.03267405703835769,1700000000.0,0.6082732650994129,3456438000.0,-0.610876660329492,-1.208190285257643,1.0770128946480244,0.25144073001958206,0.20866456972155384,0.05156023859290148,1700000000.0,0.604897964019848,3457500000.0,-0.609813257436896,-1.200237851029778,1.0731373861157272,0.2514963877427486,0.20910671856970203,0.05161882002842886,1700000000.0,0.7899738454762589,2165500000.0,-0.048648076582237396,-0.8518968789919924,1.9043731845041658,0.28395600583104386,0.2578526515559556,0.03418274806908294
A12,D03,verde,138874000.0,2.5760334182390667,1556625000.0,0.059683978884772795,-2.5144437937363318,5.349485312932181,1.127933422763002,0.6737916728917009,0.1346268519093976,1100000000.0,1.0266012654776877,1742938000.0,-0.0371483921343497,-0.8684960394222161,1.4256715786025609,0.41550697115856494,0.16248097534131345,0.05591794646583154,1100000000.0,1.0324151792372673,1743625000.0,-0.03752359628054023,-0.8745757924539165,1.4341491745446657,0.415646964908796,0.16299261491552947,0.055878178277693466,132000000.0,2.3456590936249904,1454188000.0,-0.03589316866179645,-2.2962300217545626,6.909199955969116,1.0242810633034258,0.7497618735979314,0.11899913938385047,1700000000.0,0.9479976215401588,2162312000.0,-0.02225240523545899,-0.9613891153287141,1.6685445819003624,0.2788288444418026,0.1750416726798243,0.031954859932326794,1700000000.0,0.5836359263489389,3271562000.0,-0.5913868333534479,-1.1569335703348465,1.0381037218782487,0.24968304415202394,0.206504379001426,0.05039060301685184,1700000000.0,0.5883271566389328,3277938000.0,-0.5917029126625626,-1.1591278980943154,1.0425238225390308,0.24983355327131446,0.20682183591338585,0.050344580005482364,1700000000.0,0.5875097533122556,2182500000.0,0.01860588954517243,-0.629216322131083,1.8746985456004697,0.284718076391448,0.20733862917339096,0.032016676449803244
A12,D04,maduro,133375000.0,2.7090023742261895,1560062000.0,0.029041224070056756,-2.6827260000534414,5.4031247110863845,1.1340894705480935,0.6872397240246081,0.13566705754937944,1100000000.0,1.0476484381130222,1744312000.0,-0.06228310954940049,-0.9253510729611946,1.4849248752699649,0.42160406002816875,0.16511167210970473,0.056607306688959365,1100000000.0,1.0464952991758283,1740875000.0,-0.05802076972497536,-0.9228196043694376,1.4913081390934553,0.4203824581849678,0.16485550374021907,0.05635592370454327,119626000.0,2.4463307396792144,1466562000.0,-0.07548930288302987,-2.4293920007094605,7.2928469331717505,1.0483877189491888,0.7409152573748734,0.11738372844593681,1700000000.0,1.018982352877414,2163375000.0,-0.0763300422902696,-1.0820802535593548,1.9388217538878192,0.2820601009428228,0.18957238271767576,0.032101904735310396,1700000000.0,0.5836625582844198,3273688000.0,-0.6446193542482441,-1.2077597586738584,1.022806448662475,0.2513637557895338,0.20575065171126056,0.049769224902523994,1700000000.0,0.5757774295199796,3277938000.0,-0.6358343658955582,-1.1901490266188672,1.0145251470715284,0.2498360344843986,0.2051122194550405,0.04960869804193818,1700000000.0,0.7918289353117238,2166562000.0,-0.047912451045130394,-0.8665210301077606,2.3532846688750095,0.29905630679570455,0.2859852762091613,0.035012611623025096
A12,D05,maduro,134750000.0,2.7488723292093216,1551812000.0,0.07124458834557067,-2.6686154497376235,5.439061240047607,1.1297663279446417,0.7029973368786904,0.13712424998628153,1100000000.0,1.0697011468513022,1741562000.0,-0.016196102041854284,-0.8789904769639888,1.4712882134335374,0.41750604812789704,0.16709621251033563,0.05641436170047516,1100000000.0,1.080886276249124,1744312000.0,-0.019060634822724035,-0.8928111411376395,1.4961858971954158,0.4190051194066537,0.16947489650276523,0.056504947223649175,124437000.0,2.4734622700599367,1463125000.0,-0.03715251597576192,-2.424433783893051,7.077491572438317,1.0292424255665604,0.7072975730744091,0.11773562911379971,1700000000.0,0.97952593800296,2167625000.0,0.0029909738631307874,-0.9531449304488477,1.672462541918125,0.2767274647934407,0.17013177463167672,0.031311188366156185,1700000000.0,0.6150491270639878,3276875000.0,-0.5793114445238939,-1.1583719639396806,1.0333452040940487,0.24510539706908285,0.2024152307601245,0.048523518121081674,1700000000.0,0.6061882443482561,3275812000.0,-0.586600477963743,-1.1573926369939402,1.0280232039123787,0.24676687966243135,0.20245124774605258,0.04864598557823655,1700000000.0,0.6553548801264486,2169750000.0,-0.0009350492529379817,-0.7006444271199384,2.1038937273946363,0.2855708132012733,0.23466462960250828,0.03270164236165706
A12,D06,maduro,135437000.0,2.6846765812902036,1558000000.0,0.07415745504009641,-2.6181841016486427,5.385820795807046,1.1293658727717335,0.7036091573827632,0.13732807591319307,1100000000.0,1.0788953413916111,1749125000.0,-0.01084732010444795,-0.8854853964286111,1.474593062482195,0.41523093941221345,0.16779847128965347,0.056769942302744326,1100000000.0,1.0761900711901804,1751188000.0,-0.011250218183969606,-0.8837654692252895,1.4729489369512965,0.4153386552674966,0.16772331292893367,0.056746386669995354,125124000.0,2.5816440118462016,1455562000.0,-0.032939486079403967,-2.5513005654885763,6.772727466755483,1.0104484317266194,0.7223871886254638,0.11730598773771551,1700000000.0,0.9605536101979266,2169750000.0,0.001056265501432035,-0.9411029958839581,1.6902624236415595,0.275280446868024,0.16679183827639726,0.03134064601816154,1700000000.0,0.6008320343293622,3453250000.0,-0.5669676384183306,-1.1225869028988629,0.9990592781081328,0.23969054403140178,0.20316202925588225,0.04908921340999959,1700000000.0,0.5952063443769473,3452188000.0,-0.5673408092788924,-1.1160314802945013,1.0003247903262602,0.23989526098136,0.20341645495690835,0.04904494945602072,1700000000.0,1.003036255320395,2176125000.0,0.02386347412063894,-0.9924609640282906,2.8730540296448086,0.31497890911825493,0.3032800828676938,0.03643016895802011
A12,D07,maduro,135438000.0,2.666589454118821,1559375000.0,0.07610013859619301,-2.5848906630245487,5.344341560661836,1.134079148207031,0.7141597392901504,0.13803161852455778,1100000000.0,1.1016738309214515,1750500000.0,-0.004512364760536148,-0.8919177467972695,1.4943504656821185,0.41585482802013723,0.17021482006885036,0.0573117305323544,1100000000.0,1.1093240991946411,1741562000.0,-0.0068084809773063535,-0.8997231275202313,1.4947805405040038,0.4163775496827334,0.17209778796002898,0.05747406697896041,138875000.0,2.3219369688933273,1448000000.0,-0.03645033585542413,-2.2764399912622393,7.154580966312033,1.017274534943328,0.7114205420723483,0.11455054137452787,1700000000.0,0.9836644670634527,2170812000.0,0.0013310321101658638,-0.9576584190991548,1.7718752375883282,0.28120389452879135,0.17324947259530696,0.0318934699824113,1700000000.0,0.6005245883525795,3460688000.0,-0.5622844254845125,-1.116020491235933,0.9801333171327169,0.23562705101800033,0.1962966576828325,0.04866384260464229,1700000000.0,0.5963668978278654,3456438000.0,-0.5681718359471443,-1.1179912066560784,0.978872811465837,0.2366936723333914,0.1965562989217208,0.04881702033778517,1700000000.0,0.8076066838868317,2165500000.0,-0.019880897218397954,-0.8538615666924615,2.059068332821107,0.28199305523807294,0.24499971006480953,0.033441459250154244
A12,D08,pasado,138188000.0,2.540800275901725,1560750000.0,0.0799709329515363,-2.4549717524888037,5.2125595985048,1.1364901889719177,0.7007728499770369,0.13819244564634173,1100000000.0,1.1194010529888692,1751188000.0,0.0013994269870481186,-0.901989457536767,1.5044021998540358,0.4207241120917495,0.17371485062420988,0.05783233363326114,1100000000.0,1.1276949091730735,1742938000.0,-0.0005784213545963141,-0.9075395796062837,1.5029664943843666,0.4212715246946076,0.17528031271704753,0.057974196220390316,153313000.0,2.2756464273731263,1445250000.0,-0.02706725600752838,-2.2282181412440965,6.8964471709258115,0.990489652084173,0.6930142008718747,0.11298775558920195,1700000000.0,0.9947129421731512,2171875000.0,3.727665869077418e-05,-0.9788419265732656,1.8364592555330732,0.2851422868144277,0.17041761344404677,0.03262528062819123,1700000000.0,0.6386399752766203,3453250000.0,-0.5580101440946444,-1.164231132527645,1.0608237049203941,0.23009694749367554,0.1879087500110687,0.048544647063722336,1700000000.0,0.6369428329577406,3461750000.0,-0.5637778672374518,-1.1684538421383093,1.0654710081656908,0.2313072453164901,0.18755080643528768,0.048660392864926974,1700000000.0,0.7596279891648319,2165500000.0,-0.00904508262537296,-0.7887757633717685,1.9747725068447635,0.27569794367871897,0.22824471288755277,0.03274597681781501
A13,D02,verde,161562000.0,2.1171317011174184,1551125000.0,0.07094386913909749,-2.022623252673986,4.538046027965921,1.0470425411643667,0.6218317187358067,0.12400370021643346,1100000000.0,0.8858248820229746,1747750000.0,-0.030819156795527367,-0.7400738323419269,1.3262762909496546,0.3809206576547528,0.15917109009292818,0.054809834493416476,1100000000.0,0.8848943568846781,1745000000.0,-0.030428830222596043,-0.7411328887483772,1.3326480657808064,0.3808955263958222,0.1600321794263573,0.05480407305816456,158125000.0,2.244864525534281,1466562000.0,-0.0698329415108263,-2.214863969266262,6.55243613474327,0.9628743602213328,0.70892117844824,0.11014159473537011,1700000000.0,0.7744278437527568,2177188000.0,-0.021251255191217205,-0.8267531877089329,1.6928817790416997,0.26149504200604445,0.16331981851572003,0.03109831073504998,1700000000.0,0.6004616321982454,3456438000.0,-0.5626315730331947,-1.1677162083298396,1.0813716359042478,0.26228011315709576,0.21162624818250766,0.0526608430915735,1700000000.0,0.5979044268489746,3457500000.0,-0.5622902451367726,-1.1657929028559622,1.0813406523735,0.26124950747438197,0.2117573155817053,0.05258773312295047,1700000000.0,0.7204152829811402,3500000000.0,-0.0503182886696937,-0.7886334637049458,1.9282244667044486,0.27956789566756746,0.2550600492650769,0.03290218550721401
A13,D03,verde,156750000.0,2.1942950568964683,1559375000.0,0.06484289628926201,-2.1268467476293282,4.74813333880874,1.0492614588031224,0.61438356738972,0.12472277744268709,1100000000.0,0.9094594835245935,1742938000.0,-0.016675553781915226,-0.7355089566289337,1.3161790455890268,0.3750186173798759,0.15603830654884443,0.054563024066061956,1100000000.0,0.9119870954888369,1743625000.0,-0.01697200031208888,-0.7394695769102493,1.3274544833341384,0.37510448483686093,0.15599308941193346,0.05452086218539926,160188000.0,2.208291653923651,1455562000.0,-0.03927281177580127,-2.1628184963236468,6.52618592558691,0.9713349277007004,0.71709071961112,0.11203517768549373,1700000000.0,0.7719488712590109,2170812000.0,-0.014089254049059339,-0.7987969437112821,1.5809723513160392,0.25813301356033064,0.14040456359914785,0.030084550146629068,1700000000.0,0.5728293575536009,3456438000.0,-0.5233389412393781,-1.094312681502239,1.0339084060206678,0.25321116918425435,0.2095214109966248,0.051997006912356786,1700000000.0,0.5745247581966894,3454312000.0,-0.5237485315094452,-1.0945342111225698,1.0395405831357682,0.2532980558653066,0.21015249032441422,0.05192096763533303,1700000000.0,0.49157440489774357,2178250000.0,0.017833455300291987,-0.528440208071745,1.6831197134246838,0.2649721227234768,0.20789046272285364,0.03022571508224368
A13,D04,maduro,147126000.0,2.306331530418075,1562812000.0,0.028018521949092025,-2.278217238623215,4.770852261592437,1.0498066685570275,0.6255731673783312,0.12503714684225045,1100000000.0,0.9227753861531691,1744312000.0,-0.041379250048302056,-0.7845291592362224,1.3510076578084727,0.3753453411879441,0.15681439602162206,0.05512012242214253,1100000000.0,0.9185726948292513,1745000000.0,-0.037129380310323576,-0.7810598124379993,1.3569660799181058,0.37471212495062367,0.15637179838737175,0.05494941934383346,135438000.0,2.316360464209889,1466562000.0,-0.07762751316115812,-2.3081166855737196,6.9177252526413024,0.992404882201078,0.704163513252223,0.10993819078163268,1700000000.0,0.8190208916379186,2167625000.0,-0.06256361142416467,-0.8889643087417731,1.7308932203588576,0.2563946841559116,0.1462397835267951,0.029777958086144453,1700000000.0,0.5569153286563082,3454312000.0,-0.5637797007004804,-1.123111829692351,1.0121326400548174,0.25436847226741116,0.20972391430030177,0.051690451361754194,1700000000.0,0.5488846122695783,3459625000.0,-0.5547055809770526,-1.1080727514208901,1.0088050731463658,0.25296613666877643,0.20889237740875632,0.05155957347748916,1700000000.0,0.6398937710493731,2166562000.0,-0.04349164964097836,-0.7024804760346646,2.094404627058418,0.27393469407805604,0.2773615964202385,0.03333534364325778
A13,D05,maduro,151250000.0,2.3421761972032793,1558688000.0,0.07461131694109849,-2.258230881226523,4.805522549485314,1.0459417043113315,0.6412580373041278,0.12677316151944976,1100000000.0,0.9441658605041074,1741562000.0,0.002356045818093248,-0.7379488517104378,1.3496616840860591,0.3744782071946709,0.15913323917352548,0.05496126212091915,1100000000.0,0.9408434074914278,1744312000.0,-0.00046092423545317864,-0.748970948443112,1.3642519118111018,0.37599787057333117,0.16129048499096374,0.05506140221349227,140938000.0,2.356085396942135,1464500000.0,-0.04081761645590977,-2.3096762954472174,6.70061662900885,0.9733729885522739,0.6778552195304604,0.11119934269860043,1700000000.0,0.808203128043203,2170812000.0,0.006632088188085503,-0.8032465765945229,1.5520764257866886,0.25156395529594183,0.1318602894201284,0.029246025699112915,1700000000.0,0.5326347283887246,3453250000.0,-0.4969831464047163,-1.0200122172669879,0.96218766369535,0.24319901459679624,0.20552910632987859,0.05061391285683323,1700000000.0,0.5377387731409815,3452188000.0,-0.504312347654909,-1.033382521165274,0.9711767633772677,0.24484793908940838,0.20534943895676339,0.05074175038784076,1700000000.0,0.5337158598533587,2169750000.0,0.0021466886418275103,-0.5767851825864815,1.895901464845244,0.26692799283245977,0.22703943130906665,0.030956436390157837
A13,D06,maduro,151937000.0,2.255381182716494,1560750000.0,0.07647991565670281,-2.183379475347009,4.731786091391007,1.0436098978399015,0.6392472465262957,0.1265597750686255,1100000000.0,0.9508663931466294,1750500000.0,0.005465102788823074,-0.7434053248961908,1.3471838574468395,0.3723053783610528,0.1565942667468648,0.055161554867644194,1100000000.0,0.9463308289459416,1749812000.0,0.005421999635620492,-0.7432080148698026,1.3478198583599994,0.37240974207604105,0.15705062006911097,0.05515082322771863,128563000.0,2.424091903343284,1455562000.0,-0.038418872651113704,-2.410588677364217,6.282892635122273,0.9534165051268755,0.6762136806058171,0.11042155330424454,1700000000.0,0.7984277545223718,2171875000.0,0.003948278926718506,-0.8030886410268383,1.567135222938651,0.25230552633816344,0.13096041198434996,0.02956985104312147,1700000000.0,0.5679842425941934,3454312000.0,-0.48242301246642316,-1.038267952240032,0.9945594306877259,0.2358709586998529,0.20513768066529112,0.05113237270161403,1700000000.0,0.5573535618322509,3454312000.0,-0.482552893260549,-1.0263857232277682,0.9929437574807862,0.2359131827880411,0.20573427619229212,0.051074841522399515,1700000000.0,0.8819043216124451,2176125000.0,0.023239219705822035,-0.8825709080099711,2.626311200400284,0.295062622937303,0.2956828740063371,0.034472339939461236
A13,D07,pasado,153313000.0,2.239585003977892,1560750000.0,0.07769858083283836,-2.1506286559502548,4.693852622211789,1.0513925646504556,0.6478337912906122,0.12751337679489333,1100000000.0,0.9951070855091724,1750500000.0,-0.00628708368432703,-0.7849591140257359,1.3963067128119742,0.38133281091059806,0.15995120752364927,0.05600262131560066,1100000000.0,0.9968074860588105,1749812000.0,-0.008481415837485087,-0.7880435127931467,1.3938990263244067,0.38198716603454136,0.16162819571243486,0.05619108353827586,164313000.0,2.2001182615488246,1453500000.0,-0.059985108589873916,-2.16531151269124,6.693391567255723,0.9677738455585723,0.6489206818169059,0.10783977971649086,1700000000.0,0.796610364702306,2172938000.0,0.004609050396598595,-0.8049437989181527,1.5998966168902102,0.2550694559471595,0.13114177315458297,0.029799065034235378,1700000000.0,0.5636403135840538,3458562000.0,-0.5118409688082031,-1.0627777806414656,0.9747584756968297,0.23509659106572375,0.19900356984484616,0.05053025383255553,1700000000.0,0.5589680346809751,3456438000.0,-0.5176171880804291,-1.0643915912908892,0.9776879670196554,0.23637775579242337,0.19977701341057288,0.050707980150828544,1700000000.0,0.7297325993747293,2178250000.0,-0.03460580010811982,-0.7970344253685568,1.9780425857960473,0.2658891444995178,0.26182637192643066,0.032410722878900726
A13,D08,pasado,160875000.0,2.0724876661657996,1562812000.0,0.08131783016854663,-1.9734630546001974,4.469000231644946,1.041688633996891,0.6359032702296696,0.12601541010570366,1100000000.0,0.9649601263995362,1750500000.0,0.01911990358883465,-0.735820173153219,1.3384506576880209,0.36963291903827095,0.1618758615953369,0.05565764608431909,1100000000.0,0.9666949529780416,1742250000.0,0.01718621763622619,-0.7410529367161945,1.340086584644827,0.3702369529083454,0.16402241587844665,0.05582194022591025,817438000.0,2.1366015969631875,1463812000.0,-0.03193207818226289,-2.0899437062099087,6.4880396321196,0.9270515912601435,0.6584283695479689,0.10548537857844056,1700000000.0,0.7553640763102082,2175062000.0,0.00415918706769558,-0.7740222837081641,1.631105144817697,0.2569587052658232,0.1291491094443903,0.03035290376079458,1700000000.0,0.5837186628196706,3460688000.0,-0.46208018972931947,-1.0373022183362952,0.9949576071190013,0.2278565183257046,0.19425785852129884,0.05075764854496018,1700000000.0,0.5859244469215519,3461750000.0,-0.4678743352324852,-1.0444694249136672,1.0031190347531358,0.22918506109989326,0.19458197550128256,0.05090821027469028,1700000000.0,0.6480641165267481,2166562000.0,-0.008213321972113047,-0.684989228269673,1.851343406719091,0.25713388455344277,0.23976295620150617,0.031211537240968385
A14,D02,verde,143687000.0,2.35218670790607,1549750000.0,0.06583678994881251,-2.247250543403538,4.87449727514392,1.0904710579041617,0.6561237161619822,0.1290406007751019,1100000000.0,0.8932867607804063,1747750000.0,-0.09268664367824142,-0.8448301092913618,1.4520973878300998,0.42802628363497225,0.1650685717612887,0.05533192101080702,1100000000.0,0.8923031983069577,1747750000.0,-0.09251077094306932,-0.8446620602461269,1.4596105802085697,0.4279740433019489,0.16621995596717465,0.055301641649082654,156062000.0,2.2988735052160916,1445938000.0,-0.06717407709873274,-2.2553488891421,6.637069306941411,0.9810826493327859,0.7132858657263323,0.11301088579536947,1700000000.0,0.8684164197827876,2178250000.0,-0.019195478874705376,-0.9019874867572333,1.912063247758113,0.2862688405000213,0.18906121917185387,0.03371820203928927,1700000000.0,0.615956121994576,3456438000.0,-0.6454956485696953,-1.2674306650071383,1.1196787693000885,0.26310237491775484,0.21892298925053152,0.05371324760439295,1700000000.0,0.618843384801594,3454312000.0,-0.645230736586297,-1.2695798908884934,1.1291470790862845,0.26290128072131425,0.21908974754931373,0.053704129325013644,1700000000.0,0.6696947548089854,2166562000.0,-0.03253018591462977,-0.7301143715491303,1.8423151415490513,0.279265543184393,0.23657713123876034,0.0328063372841286
A14,D03,verde,154688000.0,2.2455881396919013,1559375000.0,0.06645800436010438,-2.1739728280389063,4.836110016955049,1.0868632481533853,0.6200020446544088,0.12915140029233405,1100000000.0,0.9155975334120223,1747750000.0,-0.07664944259895534,-0.836966918082141,1.4439461637933402,0.42112291895557785,0.16186981364524372,0.0552565272889378,1100000000.0,0.9212819569321635,1743625000.0,-0.07662942657260156,-0.8445501794397607,1.4575809314087043,0.4212377056859894,0.16257818592276285,0.055224872991542294,158124000.0,2.236816047057504,1455562000.0,-0.04311147390061924,-2.184704866249439,6.65328396891497,0.9927786798994488,0.7239532630815537,0.11412630544817057,1700000000.0,0.8652279652414548,2171875000.0,-0.01680545480067576,-0.8914822883596442,1.7913999725500314,0.2815966607908334,0.1594953889871847,0.03268503290341094,1700000000.0,0.592734304015442,3455375000.0,-0.6190825329856527,-1.2133725133542381,1.0811136675477402,0.2574711071960606,0.21813458361329435,0.053418028363034754,1700000000.0,0.5920370884757332,3451125000.0,-0.6190431806143167,-1.213140957444195,1.0862366032917914,0.2575973384369801,0.2180449154068848,0.05337408942855247,1700000000.0,0.5286619442914094,2178250000.0,0.010680563652720052,-0.5719491787428548,1.7258418547671368,0.2706146849295268,0.2207282109552718,0.031534072908101604
A14,D04,maduro,143000000.0,2.382476955415041,1562125000.0,0.03503296608174585,-2.3481235243997625,4.822555205144852,1.0929106887698892,0.6369357593430229,0.13014656106478414,1100000000.0,0.9411935239170532,1744312000.0,-0.10943547091192465,-0.9090408171174151,1.5000953122730607,0.4280646395222868,0.16520652310362582,0.05595673586780338,1100000000.0,0.9390113523090245,1745688000.0,-0.10517285095636185,-0.9069119034492727,1.5075010786504353,0.4274062305211916,0.1643941331025278,0.05578940950161746,114813000.0,2.5500312411282087,1448000000.0,-0.09869342921583363,-2.5561722086595315,7.340107074350407,1.0302440327664133,0.7283598849641382,0.11292740939636735,1700000000.0,0.93551809382008,2167625000.0,-0.05744756830823412,-0.9995558991703675,2.021864957568984,0.28279761559471944,0.17013016060692931,0.032601848912491536,1700000000.0,0.5790130205928812,3443688000.0,-0.6735656236426146,-1.2604422418934997,1.0687903423353253,0.2603109564145112,0.21767885732518055,0.05303993417907212,1700000000.0,0.5743524103650692,3446875000.0,-0.6641875615957811,-1.2480396380177365,1.068082088152643,0.2586340233890888,0.21704126685464356,0.05291681224140482,1700000000.0,0.8341888118095182,2168688000.0,-0.07184013833307666,-0.9255250678389887,2.301501148227661,0.29782136321071107,0.2902452250469265,0.03587703701901638
A14,D05,maduro,147813000.0,2.3961234826174636,1558688000.0,0.0771366107659518,-2.308146542572103,4.881020627276671,1.0856305151997139,0.6438030962064163,0.13123582329707778,1100000000.0,0.9511925964295634,1741562000.0,-0.05387164710009116,-0.8346473101328112,1.4856464614629576,0.4208930067564859,0.16569887535968195,0.05578065337229569,1100000000.0,0.9601549816745689,1744312000.0,-0.056459785037954284,-0.8466101781364379,1.5026026471818503,0.4223795246651606,0.1676626374873171,0.055877870062099065,144375000.0,2.3425040815808553,1463125000.0,-0.04253572746753002,-2.293812758633932,6.769225715623378,0.994812350478071,0.6822065541592435,0.1134629916316331,1700000000.0,0.896842227019721,2170812000.0,0.005355339120974521,-0.8931039878282953,1.7649781380364158,0.2736500582815214,0.15105836667598882,0.031620053913022646,1700000000.0,0.5607135052919352,3457500000.0,-0.5890465763316687,-1.1446363985435082,1.0145368111958735,0.2485052356933616,0.21302502655351435,0.052097411648522045,1700000000.0,0.5645364692824457,3454312000.0,-0.5961443385934065,-1.1572523098712566,1.0263586371639752,0.2502076500543365,0.2133155864686881,0.052241003686650266,1700000000.0,0.5662513003927652,2169750000.0,-9.206440513716994e-05,-0.6139590860270369,1.9464459495961846,0.27421135733411767,0.23927909642224143,0.032169979499156336
A14,D06,maduro,148500000.0,2.350496377020111,1558688000.0,0.07987210801335426,-2.272708977021683,4.849171587788085,1.089280988652348,0.6521449151725716,0.1318343729605317,1100000000.0,0.9647901996688392,1750500000.0,-0.04866226730483915,-0.8345259513248879,1.47550903882357,0.41731937757467463,0.15881766402398217,0.05615671506704456,1100000000.0,0.9663095151290616,1750500000.0,-0.04846777409123044,-0.8351972902689518,1.475088068624781,0.4174434679772284,0.16016878680481728,0.0561533223688451,130625000.0,2.392765133702758,1455562000.0,-0.04412722039497007,-2.373150842307937,6.379699639801656,0.9802505561128159,0.6768181426078763,0.11287431314142235,1700000000.0,0.8942717332350026,2171875000.0,0.003267224268086643,-0.8966231540796532,1.7795859759364754,0.274552387650919,0.1496342422349968,0.03193309740497471,1700000000.0,0.5724757197190117,3454312000.0,-0.5714761883016864,-1.1429548519664507,1.0232432907888114,0.2418072627729742,0.21504969317740258,0.052821721674423144,1700000000.0,0.5655002378462631,3454312000.0,-0.5713148074494447,-1.1351686396405731,1.0234325997935245,0.24191178015001497,0.21629720510884137,0.0527877978116504,1700000000.0,0.8852081635848748,2176125000.0,0.012440537321303175,-0.8937150266765069,2.592122406441851,0.29596840708867134,0.2998827227589175,0.035109673528574414
A14,D07,maduro,148500000.0,2.339982126866302,1560750000.0,0.08241592707041129,-2.247369092387841,4.8293933433559895,1.099573850271439,0.6623031564763058,0.1331030533429551,1100000000.0,1.0052232994561578,1749812000.0,-0.05374550146457036,-0.865430875338512,1.514924280696722,0.42311619895610625,0.1643182116243198,0.056810854688505406,1100000000.0,1.009457351201512,1749812000.0,-0.05570837512167747,-0.8704760499915645,1.5143210215293774,0.4237959033190491,0.1652058604636431,0.05700135116509842,158124000.0,2.2631261693820997,1453500000.0,-0.05440576708438044,-2.2230885823861786,6.831990826176622,0.9906208907368991,0.6606529894624018,0.11088951859584696,1700000000.0,0.8810704318807855,2170812000.0,0.0038238661634357922,-0.8858202397335967,1.7977846201486947,0.2769644239053654,0.15009520362297,0.03213422170438934,1700000000.0,0.581584430046186,3455375000.0,-0.5841171276555109,-1.1598862585973828,1.0163396292377078,0.24161154449450123,0.20949708134507053,0.052507972029421805,1700000000.0,0.5783487225514037,3456438000.0,-0.5898406622503191,-1.1624417803268647,1.0193716446585714,0.2428128592499567,0.21039762546673166,0.052724937005014544,1700000000.0,0.7487896877634037,2178250000.0,-0.028071392170496142,-0.8109170478115488,2.0540299967617637,0.27486443783276526,0.2696806104127314,0.03344857938858864
A14,D08,pasado,151250000.0,2.2450089348099893,1562812000.0,0.08681878673673947,-2.139871423086203,4.693992292196003,1.1101594587964505,0.6628461059696504,0.134151642309727,1100000000.0,1.0195969302459416,1753250000.0,-0.04418741469912965,-0.8671000092821306,1.516377207169673,0.43033532210935294,0.16655758394914572,0.05737502513867781,1100000000.0,1.0239310970600215,1744312000.0,-0.04612386021252479,-0.870999149511486,1.5137566683051302,0.4309872778149982,0.1687198639828295,0.057550444920638086,164312000.0,2.178757078936979,1444562000.0,-0.031157382009448887,-2.134267181336848,6.6784938312965885,0.9632499870694801,0.6739399412421021,0.10974146214367574,1700000000.0,0.898439484986361,2171875000.0,0.0028304097331324175,-0.9138813351400176,1.9283102353773653,0.2893294977407054,0.15069768979056403,0.0338506200521616,1700000000.0,0.6130211408749662,3460688000.0,-0.574616105524296,-1.18722077009236,1.064939936506002,0.23732910247593283,0.2077129082560396,0.05282397823577692,1700000000.0,0.6155845395939368,3458562000.0,-0.58048297966321,-1.1953814528396056,1.071894201562307,0.2387189290147648,0.20729993194197632,0.05298363987987467,1700000000.0,0.714129909949241,2166562000.0,-0.00721526381760012,-0.7511791581228844,1.9874584931779493,0.27071838958759864,0.246470580000357,0.03266309107898886
A15,D02,verde,158813000.0,2.2998747106275896,1549750000.0,0.053303979782292,-2.1892810758845807,4.801715275987681,1.1538041855116417,0.6325885745158963,0.13681218173856177,1100000000.0,0.8673036464137054,1747750000.0,-0.3438206150132423,-1.211345129524604,1.7675177343417816,0.5884993001144079,0.1748604236842095,0.05120144124116686,1100000000.0,0.867803923133906,1744312000.0,-0.3431637742416745,-1.2138540637374997,1.7739897562896325,0.5885637601626718,0.1757282010167199,0.05116952458538261,154688000.0,2.362833368531327,1444562000.0,-0.0709408458178816,-2.350869974718722,7.031320769839778,1.0301986490626962,0.7473633961375186,0.12004124327372215,1700000000.0,1.0242797937965293,2178250000.0,-0.019617074500872547,-1.0654458640405637,2.480733296890375,0.3499089158379087,0.2520029244190324,0.04096809460264702,1700000000.0,0.7048226822392876,3454312000.0,-1.0367412794042505,-1.7551646080774097,1.2721641049869454,0.30368970649488664,0.24978987588391846,0.06041628295675673,1700000000.0,0.7096647602223163,3454312000.0,-1.0360315605878831,-1.7598797942241484,1.2859525968402359,0.30361266660595815,0.2498390162130789,0.06040365375156603,1700000000.0,0.7690110387558834,2164438000.0,-0.03580909012612985,-0.8443083909354766,2.3320554538654226,0.3351736279883597,0.31689018826216697,0.039775915821221274
A15,D03,verde,158812000.0,2.1798519372814704,1558688000.0,0.0577791288084128,-2.1086799722052456,4.705125800235448,1.1375181059222474,0.5963329098126838,0.1352582803173669,1100000000.0,0.8917897398078849,1740188000.0,-0.3150776022258946,-1.190370247169568,1.7466487422970571,0.5773079559874421,0.1698218062204651,0.05104468092329385,1100000000.0,0.8935206140440821,1743625000.0,-0.31486605335241075,-1.192379853121253,1.746140635903115,0.5776084737605002,0.17118067363790776,0.051024711465052656,163626000.0,2.218212224088826,1453500000.0,-0.04609695748509649,-2.193322986945978,6.909541062710792,1.0392402443730648,0.751510644343052,0.12046136325133062,1700000000.0,0.9787893206949314,2170812000.0,-0.009224203615614946,-1.0182180917886536,2.386504271318988,0.3350513412069261,0.20241798136982864,0.03878273005803786,1700000000.0,0.6928959037769251,3452188000.0,-0.9939759558437159,-1.7023611177675462,1.2522512381759634,0.29769805814671196,0.2486559178079629,0.06033650403760499,1700000000.0,0.6931847211718694,3451125000.0,-0.9937509515457071,-1.7019026684157192,1.2558266306840438,0.29799370324152147,0.2488525774304202,0.06031358359955827,1700000000.0,0.5666639011664796,2052875000.0,0.006724021348722881,-0.6278904471993552,2.0543293280499135,0.32416333261650465,0.2961976482834638,0.03816115053066149
A15,D04,maduro,144375000.0,2.3946558074830793,1562125000.0,0.028536036926359,-2.3478677505492707,4.884483051215041,1.1623949821318436,0.6266592168990262,0.13845993623421152,1100000000.0,0.9259399725081553,1742938000.0,-0.35274589686453195,-1.2825850948141138,1.8003685351262895,0.5979988194702208,0.1728921633943088,0.05183905862101388,1100000000.0,0.9267455657153735,1740875000.0,-0.34918387670443846,-1.2847356022970455,1.8141335613217477,0.5972918258408324,0.17343284835636488,0.05166548400051189,112750000.0,2.75463020894778,1446625000.0,-0.09431756756943713,-2.781292216430684,8.02506974433029,1.0890543082652897,0.8010529909999919,0.12193818131028762,1700000000.0,1.0746844478664694,2167625000.0,-0.048789064400560536,-1.145957274286026,2.6056847145705264,0.3386957683525353,0.2078000371333361,0.03887502019888765,1700000000.0,0.6815182510275735,3454312000.0,-1.0691561056317462,-1.7641901586511968,1.2440665814642924,0.30634100395881947,0.2479446026139564,0.05925617577059502,1700000000.0,0.6761272363028499,3445812000.0,-1.0603857605426108,-1.7513995431825238,1.2429532198986204,0.3046731671395881,0.24672762951094307,0.05909121022776539,1401438000.0,1.0110703273924577,2166562000.0,-0.08304256817041696,-1.1285470049354054,3.165390245211862,0.3794135483657508,0.39135986670068024,0.044440671098152223
A15,D05,maduro,149875000.0,2.410828265204932,1558000000.0,0.06621607688820699,-2.330402617007962,4.898616436863254,1.1616988241719213,0.627382831482446,0.13966360866620878,1100000000.0,0.9533778592169156,1738812000.0,-0.29775837991419957,-1.2164336312997128,1.8196592172426498,0.5905125292670547,0.17406494817095547,0.05145486898754461,1100000000.0,0.960345910325372,1738125000.0,-0.3004590990728157,-1.2260977747377548,1.8514261051552166,0.5920190990564703,0.17587716437853287,0.05155877720414033,145062000.0,2.409295423871823,1445938000.0,-0.0408269969735414,-2.367197184842947,7.167484071529617,1.0572873090268737,0.7145225766799723,0.12160982642910817,1700000000.0,1.0397604671170864,2169750000.0,0.007766269118987026,-1.0473581068798985,2.3288337088555164,0.32813667086936704,0.18810862447866084,0.03798189292811784,1700000000.0,0.6321441327018157,3450062000.0,-0.9789166759973195,-1.6266801090942278,1.1851691584834447,0.2891431186566785,0.24504434892572885,0.05841414395733986,1700000000.0,0.6374131006227353,3452188000.0,-0.9861374314728624,-1.64258418682721,1.1990513846685258,0.2912026082565587,0.2448966661811163,0.058574815412300404,1700000000.0,0.6264862451135269,2169750000.0,-0.0010825413387736617,-0.690143910643138,2.313202972912406,0.3277528757440596,0.29690481355328396,0.03856899301327695
A15,D06,maduro,146437000.0,2.453672223849191,1558688000.0,0.0689992479501626,-2.382537028652407,5.013377740991233,1.1797895431636989,0.6433573238367578,0.14208873598594307,1100000000.0,0.974110720442869,1749125000.0,-0.28922916236023444,-1.2173298784797644,1.7835263312699654,0.5926867632001361,0.16845686290560677,0.05241224050766916,1100000000.0,0.9744814155756083,1744312000.0,-0.2889855822230417,-1.2182912636175882,1.7865017739281008,0.5928480011403782,0.17004689414207788,0.052420688967037055,143688000.0,2.4551493292014084,1455562000.0,-0.04017188028994256,-2.424956692830173,6.929010124197468,1.0568035929541781,0.7425331098118653,0.1227629658617766,1700000000.0,1.0439816806823867,2171875000.0,0.005382185755688798,-1.054541751364114,2.3117318885979046,0.3279491276068724,0.1866570553182269,0.03806848784987219,1700000000.0,0.6511306028351029,3454312000.0,-0.965423503960765,-1.6328136865924536,1.2073954964658888,0.2854463297955454,0.24996795889895343,0.05946840899830688,1700000000.0,0.6453128121371684,3456438000.0,-0.965085501153476,-1.6237907903692774,1.209223110521075,0.2856857661113488,0.25007528779636534,0.05947047951139718,1411000000.0,0.9541567646296427,2176125000.0,0.014158934878026795,-0.9762999329229837,3.014913925018926,0.35082349739707225,0.36525576038232976,0.04172631683798054
A15,D07,pasado,147812000.0,2.4172105652712172,1559375000.0,0.07299614805376653,-2.3259435551434406,4.9324304092037705,1.1782069876463894,0.6516112579986973,0.14205264966619266,1100000000.0,1.013946733118521,1741562000.0,-0.28773257326900104,-1.2405417287470089,1.8130675931083424,0.5951231086522843,0.1749248119695765,0.05296618689897418,1100000000.0,1.0236282583524738,1740875000.0,-0.2902892836793862,-1.2503373582804367,1.8208827103449075,0.59576640892731,0.17598027010791653,0.05315407967898354,157437000.0,2.2900350718432234,1445938000.0,-0.04965960881449896,-2.2530262575114643,7.285460863388941,1.0579140230161341,0.7265789442472138,0.11980110858830204,1700000000.0,1.0127663443606971,2170812000.0,0.006332070504877068,-1.0274437961290928,2.30462418229013,0.32608198714300285,0.1838821751234393,0.03776404790526688,1700000000.0,0.6282932659605258,3455375000.0,-0.9661052078650094,-1.6138372210353835,1.1652665689308277,0.27823293107824687,0.23964781955579292,0.05832458955212262,1700000000.0,0.628157282137514,3456438000.0,-0.9725581851491115,-1.6214134328281924,1.1750282429632009,0.2797208211834932,0.2396796531793958,0.0585471736381455,1700000000.0,0.777360158796215,2178250000.0,-0.028485633429236382,-0.8545179902092326,2.4875570813963552,0.3340033049942177,0.327114340577861,0.04003987087012487
A15,D08,pasado,148500000.0,2.3438217604901395,1560750000.0,0.07976822202953804,-2.249582399002054,4.846310591854365,1.1831117623576737,0.646072497688222,0.14271711430812756,1100000000.0,1.0294159433019412,1739500000.0,-0.2659195500745095,-1.2284915734453463,1.8218920151746345,0.5947491848626436,0.17352428708771106,0.053287692871142094,1100000000.0,1.0371168772636534,1742250000.0,-0.26884041331084785,-1.2364974919459564,1.8332866510036308,0.5954401714591859,0.17506448412513023,0.05344703181788405,156063000.0,2.3301778241638895,1443875000.0,-0.02071354004982813,-2.2616790097422528,7.120472932195689,1.0230141790640979,0.720931869240168,0.118531627064921,1700000000.0,1.0073871773409901,2171875000.0,0.007360343949995725,-1.032027272685914,2.3799815403164826,0.3326081841605314,0.19511372703835828,0.03869830016945789,1700000000.0,0.6417420900511657,3459625000.0,-0.9343806719914864,-1.6017496873453596,1.202902385235105,0.26899822522743266,0.23346080155807278,0.05788361562389541,1700000000.0,0.6449621635607116,3458562000.0,-0.9411442673186083,-1.6138168794109942,1.2125752334009432,0.27062030730735237,0.23287239836141374,0.058031508567922746,1700000000.0,0.7507071337859574,2166562000.0,0.004289890289469988,-0.7941557385979997,2.4269973280714723,0.3271797509417424,0.28677275767928834,0.03826984800735734
A16,D02,maduro,140250000.0,2.4830657820667796,1549750000.0,0.06581684059692003,-2.3771303673602775,5.111896321953317,1.1364108092371725,0.6817719556466548,0.1347967329686226,1100000000.0,0.9552930345205123,1747750000.0,-0.12125944883824413,-0.9310163857785954,1.5095974973685395,0.45721226016228306,0.17105963290871423,0.05629832302654134,1100000000.0,0.9553380462238455,1745000000.0,-0.12015803881793602,-0.9329908520006795,1.5111578319007428,0.45725422091374124,0.17207542028277673,0.05628322252463079,138875000.0,2.3721628084987554,1445250000.0,-0.06987514779674561,-2.3223722265321896,6.945898478190433,1.0334594032869748,0.7519166588844988,0.11924748172032075,1700000000.0,0.8991801699950519,2177188000.0,-0.015701852440113555,-0.9340717206840944,1.9820506816112293,0.29432306422291793,0.19018322189895098,0.034637557043966476,1700000000.0,0.6494192919651975,3456438000.0,-0.7174511813311649,-1.3772903087632726,1.1606967031218338,0.27675298688077515,0.22979853518259516,0.05645379960072827,1700000000.0,0.6553045398259578,3454312000.0,-0.716363914496012,-1.3770023015921535,1.1685521434214716,0.2767154643634104,0.23034675053922865,0.05647277877233583,1700000000.0,0.7311997625416465,2163375000.0,-0.029626715732691,-0.790664800050898,2.056457036294099,0.29723520640847173,0.28133783383665056,0.03604258017023301
A16,D03,maduro,145750000.0,2.413240508656565,1558688000.0,0.07013603278174758,-2.336043351846973,5.126885028054533,1.1358658630169929,0.6507232353437826,0.13522203028550264,1100000000.0,0.9820185718344088,1742938000.0,-0.10311041001131395,-0.9258521803522125,1.5021110082916196,0.4518409448191599,0.16634658713116124,0.05616877906757422,1100000000.0,0.9869480793949471,1743625000.0,-0.10300521509469598,-0.9322096752012138,1.5107790314708602,0.4520522087864354,0.1667831832763108,0.05614987205055597,134063000.0,2.3701048374624922,1454875000.0,-0.0443219716450412,-2.3130906420746724,6.979666044969433,1.0413066694157085,0.7531606634870184,0.11996644969776706,1700000000.0,0.9120982572492474,2168688000.0,-0.008056554952879675,-0.931376821649092,1.9282775867631083,0.2923918243600438,0.16355691420521407,0.033898390211803034,1700000000.0,0.6416582533096918,3451125000.0,-0.6910872121227015,-1.3303593018692963,1.1440220789209574,0.2732475265572154,0.22899304892844946,0.055931249096959956,1700000000.0,0.6393070274004924,3451125000.0,-0.6910957651544027,-1.328692286189019,1.146289853920504,0.2733942095257435,0.2289383228120975,0.055909997994115015,1700000000.0,0.5470303189846838,2178250000.0,0.011178861577710413,-0.5941247110962864,1.8123583556618001,0.28579871640286747,0.23683086652911173,0.0333034691390545
A16,D04,maduro,138875000.0,2.5169127940904605,1562812000.0,0.037780305122826215,-2.47797115443585,5.088088487723265,1.1414499291515736,0.6642299162458025,0.13616354605337191,1100000000.0,1.0038848115317511,1742250000.0,-0.133942602762765,-0.9941406145367461,1.5661595147737324,0.46181652670886403,0.17075991950213248,0.056669837314662325,1100000000.0,1.0007166673875594,1740875000.0,-0.13046999935615225,-0.994137361969222,1.5725925458394094,0.4610491569458334,0.17051981080452336,0.05645068319293279,112062000.0,2.6949297345652496,1446625000.0,-0.09059407339292719,-2.6940023607164614,7.8180556939613925,1.0755129464439286,0.7889321534614608,0.11962296998455015,1700000000.0,0.9521343696204112,2167625000.0,-0.05185519392773191,-1.0138180709811895,2.0931957411120297,0.29133355872558364,0.17274141769632315,0.03349673338499156,1700000000.0,0.6333226569085825,3442625000.0,-0.753579096098612,-1.3934489031836736,1.1383209907335023,0.28135568461256016,0.2272466744756042,0.05504401606237201,1700000000.0,0.6284044332427099,3459625000.0,-0.7450205970818675,-1.3815601529198562,1.1344637188102513,0.27957573931053714,0.22640567571084366,0.05485299281751668,1700000000.0,0.9185987707720504,2166562000.0,-0.0749519059048959,-1.019973536904342,2.8443214254278866,0.3376994180613947,0.34328403289258913,0.0392609250916784
A16,D05,maduro,141625000.0,2.57020870935569,1558688000.0,0.07446938215614031,-2.482907081268177,5.188171394871473,1.1382746962609547,0.6766162556443738,0.13767717236310842,1100000000.0,1.023463463727424,1741562000.0,-0.08683467650709399,-0.940591958818487,1.560579280183609,0.4573324647696943,0.17026004195682942,0.056669356008016876,1100000000.0,1.03320191880355,1738125000.0,-0.0894285848377852,-0.9512196229368219,1.5808218408059842,0.4588646647101928,0.17206363038872158,0.056803474221443995,129937000.0,2.4531065180756544,1463125000.0,-0.043054585465883,-2.39982711824122,7.064666217694082,1.0436514848654257,0.7070338536883867,0.11894486388775612,1700000000.0,0.9426669806654236,2170812000.0,0.006404873707158409,-0.939227210284489,1.8845536961586302,0.28560300308935804,0.15939558078535973,0.03305402926890723,1700000000.0,0.610151403625874,3452188000.0,-0.676370880557703,-1.2815369217031058,1.0967751663443281,0.26534701684244133,0.22550721354413888,0.05482373179508669,1700000000.0,0.6116188309709197,3451125000.0,-0.6836551959399186,-1.2913098073195195,1.1029022225467136,0.26724535735500893,0.2254530237954984,0.055009078306744855,1700000000.0,0.598360834452717,2169750000.0,-0.0011409281668214983,-0.6520410950455451,2.0121770592647517,0.2861593252174584,0.2559109462262459,0.034076014014852406
A16,D06,pasado,141625000.0,2.505486032568278,1558688000.0,0.07630522121940346,-2.4354188141901716,5.139884881892222,1.13712828502973,0.676670665937623,0.13770032239172839,1100000000.0,1.0329859728660762,1750500000.0,-0.08373081727815565,-0.9435804875232534,1.5589945149399382,0.457971048610668,0.16491989409754945,0.057150168065768975,1100000000.0,1.029181887417797,1744312000.0,-0.0833096172513196,-0.9413763603461103,1.5595981946457707,0.45818854681985804,0.16585975268641662,0.05716568998763872,125813000.0,2.540041685531905,1456250000.0,-0.04229724770390028,-2.5099445198887627,6.788488338679549,1.028075568040386,0.7177402487541313,0.11841552325716466,1700000000.0,0.9265337079668645,2171875000.0,0.003921020273105192,-0.9319742510259301,1.8781935717219223,0.28389485083015165,0.15656455589782853,0.03303392141794287,1700000000.0,0.6231732710370304,3454312000.0,-0.6691573646356705,-1.291823594365217,1.1069728099928002,0.25907779496750294,0.22685292738798077,0.05550210121259615,1700000000.0,0.6189855078176196,3456438000.0,-0.6687036611488274,-1.284431910402672,1.1096004005348843,0.25925915257597965,0.2280905239553102,0.05552883260302284,1700000000.0,0.9133177082203932,2177188000.0,0.014053927865577534,-0.9188573753328151,2.6835821942364397,0.3088357498523291,0.32224013385957273,0.03713311349798745
A16,D07,pasado,145750000.0,2.4220547272578217,1560750000.0,0.07985800608273795,-2.3375492952634502,5.063258858360737,1.1316330822611969,0.6683628882825217,0.13703179588268422,1100000000.0,1.0787942045627474,1745000000.0,-0.10661462434775494,-1.0028598902191497,1.6163976917426879,0.46775081264080504,0.1669606843465284,0.05752367651997338,1100000000.0,1.086806744458268,1745000000.0,-0.10981466302699125,-1.0158442134436714,1.618785782865928,0.4684402778432203,0.16884742305598938,0.057699244300299136,111376000.0,2.748623686782205,1447312000.0,-0.10591419836240512,-2.7778323517221377,8.23271671001167,1.0626783024608164,0.7807192959745736,0.11528373994328844,1700000000.0,0.9148807807276345,2171875000.0,0.008085709309590676,-0.91869395206873,1.8755425802049022,0.2817793803502929,0.14995787284639153,0.032702314883185396,1700000000.0,0.6719816761417439,3460688000.0,-0.7399357134149261,-1.4032309687610411,1.1660978633083299,0.2765679126437782,0.21708332963764915,0.05375485274150761,1700000000.0,0.6664235210672507,3459625000.0,-0.747097254377572,-1.4025409681961074,1.1600591094884738,0.2777134319362936,0.217790969802139,0.053917913867447015,1700000000.0,1.2331374233905206,3500000000.0,-0.14023844782905043,-1.3772755544999518,2.9700753292980964,0.3634637102027645,0.39079747089733935,0.04227999515002008
A16,D08,pasado,151937000.0,2.2526219836034707,1562125000.0,0.08487299697147707,-2.161204886129329,4.774316959088274,1.124837492404963,0.6641357187816328,0.13614959070790497,1100000000.0,1.0475370672545328,1740188000.0,-0.06753722269624766,-0.9361106873310204,1.5608590109043337,0.4576962060501997,0.1696488071264237,0.05739563475085776,1100000000.0,1.0580613444373546,1740875000.0,-0.0705673824762791,-0.9463547569847677,1.5647244623219336,0.4583640498700836,0.17183648297558163,0.05754998406738781,160187000.0,2.2043036631001276,1443875000.0,-0.02153284449725149,-2.151863996966565,6.779481735395054,0.9799357188517366,0.6937792270388301,0.11303601709056584,1700000000.0,0.8677952508624284,2174000000.0,0.007141449063180693,-0.8844905973675886,1.928503425683858,0.2844706568483927,0.15169738027925656,0.03330196310654773,1700000000.0,0.6866502501748366,3459625000.0,-0.6660369770329441,-1.351697455468071,1.155005619318473,0.25958543200849626,0.2137575537374354,0.054114238036156864,1700000000.0,0.6835472201791901,3458562000.0,-0.6732657745576393,-1.3574461361308454,1.1581967353898346,0.2610582178581369,0.2145133922653129,0.05420866779311175,1700000000.0,0.6581709195873972,2164438000.0,0.007482264294982806,-0.6946977614196269,2.166180435751678,0.2899584835858612,0.2545743584700371,0.033748021307274
A17,D02,verde,153312000.0,2.3847049179667765,1549750000.0,0.06374437877523648,-2.267783955157405,4.95982182998866,1.1591033715577608,0.6413074492136164,0.13755945957593466,1100000000.0,0.9065321768326061,1747750000.0,-0.31389218048160566,-1.1907181343826503,1.7357436276430032,0.57567684260521,0.17107139825898857,0.0506159855858009,1100000000.0,0.9077531838778033,1744312000.0,-0.3128774986683142,-1.1928209650770243,1.7487143502544205,0.5757804196118111,0.1718251858835657,0.050613233420801505,157438000.0,2.328880635858682,1444562000.0,-0.0608005846407528,-2.2858856247572734,6.996682248532432,1.0322729355140141,0.7573897474610347,0.1206521923949583,1700000000.0,1.0543088557176656,2175062000.0,-0.004362426660713694,-1.0800586110125674,2.429204997685229,0.34646015588166124,0.22555806499178774,0.04037291086904353,1700000000.0,0.7002391299495319,3449000000.0,-0.993667431245339,-1.700560328237441,1.2739169168849263,0.30124288551925976,0.24627673429267946,0.058591178811864895,1700000000.0,0.7083671239365493,3453250000.0,-0.9923881714638623,-1.7052363582841499,1.2804934474584027,0.3012745742342433,0.24668945890378002,0.058622645231580145,1700000000.0,0.7915833065038285,2163375000.0,-0.017523301140996896,-0.8487258938411203,2.208765772789282,0.3220065389905958,0.3026791824561753,0.039091328371110234
A17,D03,maduro,148500000.0,2.3589602019514158,1559375000.0,0.06328357706167043,-2.285921099090814,4.97550947761637,1.1564278735509712,0.6199572370204607,0.13760645107939679,1100000000.0,0.9358188010072439,1741562000.0,-0.2999234252723468,-1.1954412647213895,1.7515026103724356,0.5737196361111242,0.16674861164990276,0.05018187633676258,1100000000.0,0.9468997528951943,1743625000.0,-0.3004760805888789,-1.2049818856409888,1.7626853146679,0.573922669563135,0.16788010774862777,0.050136570633417345,158126000.0,2.292408053571935,1454188000.0,-0.035532989443427934,-2.244044247681099,6.973979351192307,1.042981522592942,0.7618425620919727,0.12219344599539553,1700000000.0,1.0804376862115248,2168688000.0,-0.004585702914844037,-1.1022327690640137,2.410659037151393,0.3412210785243606,0.2016340866638896,0.039255977995069365,1700000000.0,0.6878743579699826,3452188000.0,-0.9787092951129713,-1.670200743138757,1.2520553029992203,0.3004921699069864,0.24580638730059343,0.05775453054878305,1700000000.0,0.6887030529933165,3451125000.0,-0.9791740622671787,-1.6682493886288297,1.2533814657905968,0.3004281459464981,0.24523562202162807,0.057704284218651564,1700000000.0,0.5699515138228736,2179312000.0,0.019784875529167086,-0.6258156956327333,2.1241278778821706,0.32698446346608706,0.27060486488426483,0.03709017912487768
A17,D04,maduro,140250000.0,2.4674516492191114,1562812000.0,0.029345142337443345,-2.4293573357879077,4.99022365929591,1.1607951929238176,0.6342695847825135,0.13831600043986952,1100000000.0,0.9565123410121212,1742250000.0,-0.3354877720316644,-1.27270423384637,1.7868023406931712,0.5868466390259734,0.1681788823046942,0.05088046475403207,1100000000.0,0.9600385841767962,1740875000.0,-0.3316986114596755,-1.2723801536330357,1.7979956628261369,0.5860908203994714,0.1685681059738406,0.05067849216987736,114125000.0,2.6862288741343083,1446625000.0,-0.08769783733234014,-2.6993193417568033,7.867000400449891,1.0767393826941263,0.7881552810371155,0.12080643266006948,1700000000.0,1.12146065457691,2167625000.0,-0.049531552075590735,-1.1925290630722518,2.5858568619993814,0.3400458261078311,0.21214759764313282,0.03891774499031283,1700000000.0,0.6838364098477956,3454312000.0,-1.0408026934730614,-1.7296335300989794,1.2493289763800122,0.30639413387998815,0.24390479223698558,0.05750233636941391,1700000000.0,0.6770320986320963,3445812000.0,-1.0315047073751251,-1.7161447430018741,1.2469458069452877,0.3046402947418137,0.24324195151387215,0.05729806721331843,1700000000.0,0.985828160628903,2166562000.0,-0.07503752476903937,-1.0975852658615868,2.9807011086850643,0.360954616210465,0.3619979870134302,0.04216629476757109
A17,D05,maduro,147125000.0,2.4731436451462123,1558000000.0,0.0648361382136472,-2.3926715377511627,4.957715753685402,1.1545018015265014,0.6371201342292481,0.13880815194054152,1100000000.0,0.9853875121935104,1738812000.0,-0.2843392126094942,-1.2134200080827553,1.7998041053860936,0.5794867217043359,0.1716550033453207,0.05051371558773157,1100000000.0,0.9919091384462888,1738125000.0,-0.28712774187993295,-1.2215649565005111,1.8313767666044762,0.5810028079402157,0.17313127919919918,0.05063994340951902,153313000.0,2.354996467661759,1447312000.0,-0.039116129165288546,-2.301902504059679,7.048050948895529,1.0455998046098576,0.7047195724300646,0.11982075622004067,1700000000.0,1.0818415823056866,2167625000.0,0.006710256335360872,-1.0822432105398656,2.306067747329857,0.32985700708694,0.1959497462035598,0.038004790349491904,1700000000.0,0.628401395539358,3454312000.0,-0.9576312548690008,-1.5943018992397218,1.1639523379544254,0.2882975700561303,0.2427392611197228,0.05693761225536311,1700000000.0,0.6298729224729914,3451125000.0,-0.9650357309797976,-1.6056598771736796,1.1735778629937088,0.29041110746846016,0.24321863708948768,0.05715755280568347,1700000000.0,0.6855772906077195,2169750000.0,-0.0031436014729735325,-0.7455385368286026,2.3367364931713106,0.3235897151533229,0.30195309389877284,0.03852548559115556
A17,D06,maduro,147812000.0,2.404951551031943,1558688000.0,0.0666419074156599,-2.340272676654948,4.9093112668597065,1.1500470647562588,0.6303628358236943,0.13836174100914198,1100000000.0,0.9893638806383632,1731250000.0,-0.2835269131059292,-1.2149824728038536,1.7738424421907508,0.5826031033389714,0.16338306745852038,0.05047572423979499,1100000000.0,0.9887429440694264,1744312000.0,-0.2833019353792433,-1.2145395541544446,1.7743119673711825,0.5828124152563898,0.1650598264391515,0.050500335850428325,147125000.0,2.357485746430691,1456250000.0,-0.03493309555577145,-2.3263787468731185,6.761080161431783,1.0250441087550821,0.7303602567828609,0.11911132410905521,1700000000.0,1.052621821434053,2171875000.0,0.0049102356243970685,-1.0581232554293583,2.288737182661543,0.32582657708080387,0.190083902926027,0.03769686257614389,1700000000.0,0.6217467905360213,3452188000.0,-0.9475169547348394,-1.58435305575175,1.1625585679140018,0.27772076545619717,0.2431862821378395,0.057394377403944694,1700000000.0,0.6215049154287391,3453250000.0,-0.9469481913225185,-1.5817144236272915,1.1689122265052072,0.2778860026468748,0.24328026055706056,0.05744142897384693,1700000000.0,0.9749918623406252,2176125000.0,0.017415461148698533,-0.9844469617833012,2.9903035929589783,0.3437072690904829,0.35807823827081303,0.040810200871075064
A17,D07,pasado,153313000.0,2.288420403811321,1559375000.0,0.06891128712936008,-2.2109090806865925,4.751708757583578,1.1365082124434758,0.6185190728017711,0.13669131468038045,1100000000.0,1.0310318068288027,1743625000.0,-0.3080735687547753,-1.2785208429548507,1.845655371405092,0.5929063816168608,0.1670267789826557,0.05028258968654179,1100000000.0,1.0379083935746771,1745000000.0,-0.3112988530565049,-1.286376483798236,1.8566200989093364,0.5934315165080273,0.16790496955491666,0.050426178984065734,132000000.0,2.5160327304906183,1447312000.0,-0.09345427380433517,-2.5742656668256303,8.011654057085577,1.0465129294605482,0.7771673567190314,0.11453168849145441,1700000000.0,1.0324414818622352,2170812000.0,0.008262230590227019,-1.0413277170587927,2.317113391155093,0.32497021845412083,0.18521593964415625,0.037570223109410376,1700000000.0,0.6613519547104907,3460688000.0,-1.009362935622757,-1.6895434973675907,1.2091781168034808,0.29059882757099464,0.2365213534484237,0.05699883307285453,1700000000.0,0.6539798247619832,3459625000.0,-1.016317087269742,-1.686881064654986,1.2003866993532888,0.2916013713510242,0.236439747773014,0.05715713315150173,1700000000.0,1.1885031603349827,3500000000.0,-0.13001778748282963,-1.3247667632842783,2.9841041630714615,0.38359133898748193,0.4123014894634414,0.044947876814493685
A17,D08,pasado,160875000.0,2.0860436441975763,1562125000.0,0.07150845465319502,-2.0065097605395725,4.41262130430626,1.1176523730648573,0.5985681695134905,0.13447186206164782,1100000000.0,0.9814612575376205,1737438000.0,-0.27702370667410636,-1.211108438932124,1.807645349866374,0.5840367556629484,0.16390437064343952,0.049198815027726724,1100000000.0,0.9886849002156777,1740188000.0,-0.27983490462002886,-1.2193612943070642,1.8188336157623968,0.5846716567107062,0.16562593350444435,0.04935405110063369,815375000.0,2.039872301722294,1443875000.0,-0.020173008327698496,-1.9844926765210993,6.586007979500352,0.9576559154496153,0.6785882460511221,0.11061693142116306,1700000000.0,0.9741957254818288,2171875000.0,0.008518132630507467,-0.9988663720553197,2.357502231362999,0.32767366730762015,0.19740180654480693,0.03833345822157822,1700000000.0,0.7005705804910226,3460688000.0,-0.9325800297556652,-1.6483264123020849,1.2351345614499056,0.27937350946831124,0.23641033156637084,0.05848393203954777,1700000000.0,0.6971746551397271,3458562000.0,-0.9395725549236236,-1.6546557471490229,1.2420086742575251,0.28099389266437125,0.23629582820929956,0.05859976254594651,1700000000.0,0.7680718399696941,2164438000.0,0.0016664970813930354,-0.8070983833081157,2.368373116770389,0.31577220836414294,0.2950429094841426,0.03760834873304536
A18,D02,verde,152626000.0,2.330972412419034,1549750000.0,0.07198770332534046,-2.220973938968127,4.910545273052563,1.120156886823455,0.6563150973002742,0.13277287463688345,1100000000.0,0.9458948077219808,1747750000.0,-0.14287919508495178,-0.953883185816184,1.486749653308101,0.4672569255213439,0.1687624867287708,0.05431378924082679,1100000000.0,0.9424646071540749,1744312000.0,-0.14213304496095683,-0.9526372473723176,1.486086394111509,0.46732887884567453,0.16960021802763595,0.05433165147531941,160187000.0,2.248410997502397,1444562000.0,-0.059664403223574435,-2.195929199007483,6.758476911744569,1.009923009071062,0.7484432588313765,0.11727035262921484,1700000000.0,0.952492157375702,2177188000.0,-0.0030316204546880997,-0.9705506085977035,2.153312293551758,0.3099687656420989,0.20129914712501995,0.036379003667567855,1700000000.0,0.644181330378939,3456438000.0,-0.742295246031114,-1.3964754273394784,1.1668007469035928,0.27706920860842044,0.23138173837031012,0.05625826151013471,1700000000.0,0.641116220372234,3454312000.0,-0.7416448431622029,-1.3946526259370575,1.1737251389712748,0.27710064954079966,0.23194891840510548,0.05631886021416289,1700000000.0,0.7233623235067029,2162312000.0,-0.012502748007615895,-0.7681334391921755,2.016964657268555,0.29076734602959087,0.27849016704112084,0.035397560558607655
A18,D03,verde,149875000.0,2.335831219319613,1558688000.0,0.07032962924819777,-2.2606368854344714,4.999169731486873,1.120484557150136,0.6305023137961137,0.13327609522659514,1100000000.0,0.974146745678562,1749812000.0,-0.13109541123068152,-0.958328457620718,1.4898258702762108,0.46600280183175813,0.16382436702756098,0.054083949220868,1100000000.0,0.9785010875443304,1743625000.0,-0.1315379739766932,-0.9647790646864809,1.4941925468500972,0.46617389498736,0.16480969680075486,0.05403736045113918,145063000.0,2.3201046234653457,1455562000.0,-0.03953983991735755,-2.2692387530333327,6.871924934844511,1.0217222758695066,0.7464154678963197,0.1183847209540972,1700000000.0,0.9610178666063051,2170812000.0,-0.00494991240618096,-0.9801345454676882,2.0935829920841766,0.3066470433372392,0.17103328259804224,0.035517431255139724,1700000000.0,0.6395847040000238,3450062000.0,-0.7298796881356792,-1.3711271834413896,1.168188871992807,0.27651266368499694,0.22910152899384117,0.05540682260210706,1700000000.0,0.6363626760538214,3451125000.0,-0.7303969224716611,-1.3672673800693174,1.171691766902349,0.27641377821515106,0.2289668478017297,0.05532183938882882,1700000000.0,0.5288279658833686,2180375000.0,0.01707065362632663,-0.5720832602432412,1.8454426755099274,0.28662830541659606,0.23549164430879554,0.03294345614240648
A18,D04,maduro,142313000.0,2.4080571900409464,1560750000.0,0.0358211726758744,-2.369964465052674,4.905493646561515,1.1134543799840837,0.6446507611848387,0.13266402738220237,1100000000.0,0.9820313057023812,1744312000.0,-0.15848288652248554,-1.0101365082801377,1.5310657357206434,0.4657441852441537,0.1666312503854541,0.054653149115746744,1100000000.0,0.9794240089977496,1745688000.0,-0.15407031920507092,-1.0074950668395102,1.540155299622832,0.46491739997348513,0.16680671544446674,0.05444214812398464,119626000.0,2.46734077616879,1448000000.0,-0.09088947758256663,-2.4657126272134837,7.326412920107169,1.0431390184955667,0.7427785341596198,0.11575777801311124,1700000000.0,0.989965973159348,2167625000.0,-0.0487064833096864,-1.0545070917318018,2.251368838282314,0.3039203374618098,0.18162514737335084,0.03507576728996626,1700000000.0,0.6295724320507539,3451125000.0,-0.7725172073434954,-1.4112824637458212,1.1502074848565855,0.2780754322905393,0.22746902937717273,0.054952967214696086,1700000000.0,0.6183909338569383,3449000000.0,-0.7628723918231366,-1.3896495793431698,1.1388952802880548,0.27623700528502426,0.22633247504861356,0.05475865159629901,1700000000.0,0.7134166443954002,2168688000.0,-0.05784365660916271,-0.7997164623903823,2.2525489580866784,0.29861976843868,0.2977246765087097,0.03601287295021768
A18,D05,maduro,145750000.0,2.452573325548341,1558688000.0,0.0729397512916846,-2.366495430720699,4.974858419104258,1.1145000028253553,0.6620770524904134,0.13470172190799318,1100000000.0,1.012525901659075,1741562000.0,-0.10801649630716845,-0.9562134131232729,1.5277417850236892,0.46191842959168833,0.1688286283563644,0.0548875240145236,1100000000.0,1.0216028165467232,1744312000.0,-0.11077215480604215,-0.9668773317021739,1.5515539855256955,0.4635651693212931,0.17106933947349978,0.0550464023135957,140937000.0,2.40142572269597,1463125000.0,-0.04274761359128161,-2.348100772634222,6.9361392620168845,1.023281991277929,0.6943888259546271,0.11650790677918324,1700000000.0,0.9555402944996656,2170812000.0,0.007023706341585459,-0.9548707179214168,1.9672213663198392,0.29368492085585207,0.16251288183237747,0.034138096770286376,1700000000.0,0.58846293845095,3452188000.0,-0.7020978567854542,-1.2902203167048012,1.074479503412182,0.2654478260243093,0.22484496661216907,0.054084140439974226,1700000000.0,0.5920170265755453,3454312000.0,-0.7096410726501879,-1.304363092693098,1.0865307703838363,0.2676061173171477,0.22490066944183681,0.05431003793330554,1700000000.0,0.6069161370364944,2169750000.0,-0.0016764973433855896,-0.6566168863213194,2.0566596177076995,0.288396430247359,0.27099501085774713,0.03455794675570256
A18,D06,maduro,143687000.0,2.4498562825939776,1559375000.0,0.07814547863470252,-2.3702613448128806,5.025638334938564,1.1256956684752257,0.668261748733157,0.13622297632477123,1100000000.0,1.0331259498571546,1749125000.0,-0.0987951353293933,-0.9605981784103719,1.5351387294349552,0.46366198907112044,0.16153256834662047,0.055365791249279254,1100000000.0,1.0309488011614656,1749125000.0,-0.09916896666112396,-0.9598757893553483,1.5378370020191068,0.46383008241398327,0.16296759803226574,0.05537772300656482,127874000.0,2.505056213743721,1456250000.0,-0.03152943200806664,-2.4749157669999935,6.709927730396608,1.0070074507637334,0.7184758454996666,0.11723219096527217,1700000000.0,0.9587548905549764,2171875000.0,0.00679400080810641,-0.9601738974514767,1.9890281211898069,0.2951672081534051,0.16091902031169678,0.03439217516892656,1700000000.0,0.6194415349727317,3454312000.0,-0.6852068691294562,-1.3023985637119568,1.1030555539420932,0.2599636448138948,0.22465161739566714,0.05415628829768146,1700000000.0,0.60743978972868,3452188000.0,-0.6856142124229582,-1.29089338664958,1.102116451080731,0.26013574776607845,0.22525371945105474,0.05415177940529291,1700000000.0,0.8940932332953272,2176125000.0,0.030859205571257677,-0.8898757888764992,2.814259262310382,0.3169498969732525,0.31357242923434836,0.03665079436784879
A18,D07,pasado,146437000.0,2.3999875953147565,1560750000.0,0.07916827055400104,-2.3123794679989027,4.974060089792195,1.1212731593180023,0.6666069184180952,0.13575506659700326,1100000000.0,1.0779478803956344,1745688000.0,-0.11431027024140462,-1.007824465376953,1.5857762336186423,0.46834648100278065,0.167255730441762,0.05615308135323191,1100000000.0,1.079066788018626,1745000000.0,-0.11741079541279188,-1.0158454900499343,1.5824259168067805,0.4688720315078455,0.16879070055924766,0.056323281234953185,113438000.0,2.6136493534817835,1448000000.0,-0.09543504448069351,-2.6305747376734274,7.981059066637107,1.0453132178097024,0.7685197054083013,0.11383695897161275,1700000000.0,0.9488388107769681,2170812000.0,0.007389445908557931,-0.9518731220602944,2.003780443778351,0.2942069740395399,0.15914365441109965,0.03417757563736306,1700000000.0,0.6102365167921099,3460688000.0,-0.7362932160218632,-1.3445428442367404,1.0931169072072757,0.266825159778285,0.21572304474879184,0.052731779419450654,1700000000.0,0.6044956589046744,3458562000.0,-0.7433130850069043,-1.3487603605423284,1.0940393318821253,0.2679891030386911,0.21552583431392242,0.05290494087717932,1700000000.0,1.06791524274585,3500000000.0,-0.12033473050345346,-1.1970893392176791,2.676244197937728,0.34534216814857693,0.3775156525911576,0.04076826419532641
A18,D08,pasado,148500000.0,2.3059194732073047,1562125000.0,0.08352287747269263,-2.2086962162939816,4.815151380883671,1.1332603847968048,0.6713598166894699,0.13710887133732433,1100000000.0,1.0665754843590354,1748438000.0,-0.08548069647764579,-0.9646351376483402,1.5504963941018173,0.46672831495019856,0.16846589721840055,0.05668482556020242,1100000000.0,1.0756046703352389,1742250000.0,-0.08781882685066558,-0.9736844220972207,1.5565674863400498,0.4674777114936888,0.17072431057044363,0.05687948600438051,156063000.0,2.280725429194335,1443875000.0,-0.031718630868194785,-2.2324093991133087,6.89408824882009,0.9927065653306962,0.6962456570501777,0.11321270898156466,1700000000.0,0.9336179867281432,2171875000.0,0.005991770963801039,-0.9484251980834808,2.0705241961910623,0.30027340249443496,0.15792443255595193,0.035124882189821884,1700000000.0,0.6305959741984728,3458562000.0,-0.6735934238600483,-1.3129664625093658,1.1216209048639851,0.2500773626135464,0.21189678647865748,0.05384575883449784,1700000000.0,0.6307592892458098,3458562000.0,-0.680450695154826,-1.3221623901726218,1.128958215598686,0.25160229525459527,0.2123296823662685,0.05400851104628762,1700000000.0,0.7215556114496484,2164438000.0,-0.010159830544126208,-0.7644387100848253,2.217478801768797,0.2910405306919972,0.2886824502299,0.03518427085983575
A19,D02,verde,127874000.0,2.845358249666202,1548375000.0,0.06827663039232741,-2.7326095653576528,5.604546856721964,1.2019796548807269,0.6973129200943355,0.14299671376115844,1100000000.0,0.9743456040744825,1747750000.0,-0.2505073796273292,-1.1587345319580573,1.7043469888835392,0.5682739425465316,0.17748858431449865,0.05388061854775015,1100000000.0,0.9783264598174004,1744312000.0,-0.2504301824640388,-1.1625709000154414,1.7084096496047319,0.5684264775553578,0.178357387007745,0.0538638942600347,136126000.0,2.494098866553806,1443188000.0,-0.04910287184896285,-2.432292287068272,7.3104106673006495,1.0576354620856525,0.785217451473641,0.12508533490052257,1700000000.0,1.0622857525258314,2172938000.0,-0.00439630755334267,-1.0666072189547013,2.1998668199912226,0.3359085284702446,0.21736425611933946,0.03883125207874758,1700000000.0,0.6816828724479789,3456438000.0,-0.9309139287261047,-1.6134595733136763,1.2314693286562743,0.2945651898939721,0.23935715090321236,0.055949377004630305,1700000000.0,0.6825606926729798,3454312000.0,-0.9306682903148629,-1.6120328357729383,1.2305971200022654,0.2944567089619951,0.2394310106347327,0.05595378600429643,1700000000.0,0.8704925868044877,2162312000.0,-0.0038030124961333416,-0.908333492635136,2.4003937840097214,0.324315305404716,0.2988298786856882,0.03850570054862219
A19,D03,verde,139563000.0,2.621144068248435,1556625000.0,0.06429561722918271,-2.550831977520149,5.409582710161026,1.1986147366951683,0.6695906877152233,0.14303103679143936,1100000000.0,1.005414248005371,1742938000.0,-0.23871469112191643,-1.1641074753677967,1.7104477623267715,0.5644972443185068,0.17382859888332058,0.054067589654144314,1100000000.0,1.009767631592272,1741562000.0,-0.23869257289062307,-1.1668576627807286,1.7227649875185804,0.5646530060264812,0.17478044498160075,0.054014771538373016,141624000.0,2.4346252935100385,1453500000.0,-0.04014491015454213,-2.366866435941915,7.1743559039919305,1.0736368996908356,0.7632403513688182,0.12478654851606384,1700000000.0,1.110612114368973,2164438000.0,-0.00750441350066121,-1.1182160719345666,2.231727114351785,0.3306226311752064,0.20873903288733636,0.03780032017074272,1700000000.0,0.6545803649181458,3452188000.0,-0.9168560447283834,-1.5693633804712057,1.2068895354516862,0.29108728925717237,0.2358361886566669,0.05537975814964106,1700000000.0,0.6544674488922154,3449000000.0,-0.9169393934026867,-1.5676042504125232,1.2031235573820531,0.29126055492054376,0.2371266027726912,0.05531317067949399,1700000000.0,0.6545959387444513,2169750000.0,0.009489354678658034,-0.7058715466170745,2.0863531488460745,0.31612569476868685,0.2682979394824159,0.036891661093694024
A19,D04,maduro,135437000.0,2.691241296690707,1560062000.0,0.03427002803323113,-2.646679857090386,5.34810441924567,1.2014390664613412,0.6815660513979763,0.14360866582656714,1100000000.0,1.0179970804504412,1744312000.0,-0.26224989752713856,-1.2130880099894783,1.769717940360689,0.5680106983779288,0.17727015816713104,0.054890000468111856,1100000000.0,1.0204649253674316,1740875000.0,-0.25773482447461377,-1.2135457044638458,1.7796984637900937,0.5672296607031556,0.1779497665069049,0.05469854995694911,123063000.0,2.6286573882115336,1448000000.0,-0.07911401490402566,-2.6192815826119,7.603531449598133,1.0939860445539578,0.7560881573119789,0.12386455941640993,1700000000.0,1.1780175439335363,2165500000.0,-0.047378414448267285,-1.2170375737475458,2.472840559279834,0.33107341707356325,0.22251177638229686,0.0375933975755782,1700000000.0,0.6383394135263661,3451125000.0,-0.9542309146474668,-1.5910451757192077,1.1657747445394149,0.29102237419798443,0.23725200233367388,0.054985230496115665,1700000000.0,0.6328955018624587,3449000000.0,-0.9443556723618761,-1.5758784536060881,1.16097372965465,0.2893574096349554,0.23664546199154599,0.054820683280520026,1700000000.0,0.8349544490122509,2169750000.0,-0.04316798836604041,-0.9242452229641607,2.3937698505253167,0.3316140309696839,0.3132991387105576,0.03934117940744844
A19,D05,maduro,133375000.0,2.8460868814823264,1551812000.0,0.060664730234961564,-2.7673980611411824,5.49264053664667,1.2025919163153649,0.6972184527092308,0.14472855569175394,1100000000.0,1.0659019681607746,1742250000.0,-0.22654711435333502,-1.1876087078120598,1.777068185823427,0.5645504886627729,0.17847649984134117,0.05477508162892392,1100000000.0,1.0787986801715572,1744312000.0,-0.22970448390622933,-1.202415656075638,1.8091838003830254,0.5660708095193283,0.18062141154167083,0.054930399275120625,123750000.0,2.621594627141213,1445938000.0,-0.05950847193818874,-2.584520600019608,7.367857505259771,1.0843935319015832,0.7029499714093126,0.12306456303178682,1700000000.0,1.1207745773863442,2167625000.0,-0.002289862943616033,-1.1154906815925796,2.1257903875269113,0.3206768422878702,0.19856282003224135,0.03649886103221607,1700000000.0,0.6337976723945915,3270500000.0,-0.9052806700907207,-1.5365159756522129,1.1487451008857177,0.2830522590665923,0.2339183613568264,0.05386120133481124,1700000000.0,0.6339977843187322,3266250000.0,-0.913332502356755,-1.5445290705320214,1.1552011430434124,0.28534212129850195,0.23387992347336828,0.054061798895191894,1700000000.0,0.8915883781109493,2175062000.0,-0.030426920093637965,-0.9635421263651391,2.751397577552904,0.3375588465159355,0.3349380249553013,0.03941673596543513
A19,D06,maduro,135438000.0,2.7500235275332017,1555250000.0,0.07130511890367672,-2.684188896400591,5.460699470034441,1.207350871297724,0.6991290855143204,0.1457091146997124,1100000000.0,1.0725109482160022,1749812000.0,-0.20136530159886534,-1.1603953169401875,1.7618677933160112,0.5622054623666234,0.17347965527791814,0.05557303524948676,1100000000.0,1.0744916534986069,1744312000.0,-0.20176075183288006,-1.1619705922843613,1.776703885458231,0.5623418795622575,0.1748468235251735,0.055562197828176,125125000.0,2.5846046102071836,1455562000.0,-0.027630221364131912,-2.544424942545023,7.167290824335629,1.065141929885556,0.7590888633919749,0.12415541670349593,1700000000.0,1.101491425314729,2169750000.0,0.0034708232936988296,-1.0902573913985967,2.153026287024037,0.3217598991081855,0.1988011803982156,0.036646908467831425,1700000000.0,0.6167534336660245,3257750000.0,-0.8726645628428673,-1.4971609521659037,1.1304095241510306,0.2749082601011596,0.23402437911371846,0.053913861759792125,1700000000.0,0.6080049282432659,3454312000.0,-0.8729194337261232,-1.4870968301015364,1.1312170627266465,0.2750888322727155,0.23373113341410895,0.05388324355370003,1408875000.0,1.0179928634241366,2176125000.0,0.027874584730573203,-1.01188160049879,3.1488617911219388,0.3528474348061918,0.3520503733731851,0.04109895653415552
A19,D07,pasado,138876000.0,2.663357283950157,1556625000.0,0.0735727405555076,-2.577645488894726,5.348855971444917,1.199193928565201,0.6944115278590499,0.14487783301293403,1100000000.0,1.1293446716315427,1745000000.0,-0.2192370045703602,-1.2215891185876897,1.824593001823005,0.569731509284859,0.17812867157301754,0.056802309104628114,1100000000.0,1.1362631258305664,1742250000.0,-0.22213484566129812,-1.2316423676594672,1.8343355693065357,0.570277315509271,0.17924011130222356,0.05697153532189902,112750000.0,2.7521811859261573,1447312000.0,-0.08985344300255987,-2.768905489789797,8.292027254464267,1.09282878507543,0.7851984430124048,0.11997979124004293,1700000000.0,1.1079000933699337,2169750000.0,0.005375726834698437,-1.09588578770052,2.2325260487311316,0.3258742334563125,0.19912628248968733,0.037185382817008124,1700000000.0,0.637490612592929,3460688000.0,-0.9374911036833783,-1.5762988410228562,1.1569756018122352,0.28311131618733226,0.223995735953853,0.05275376742654497,1700000000.0,0.6366872450614666,3447938000.0,-0.9442456473131973,-1.5795898091521252,1.1541598588253184,0.28440698724301516,0.2245900967749818,0.05293271815399731,1700000000.0,1.174494443543564,2168688000.0,-0.11920217958697023,-1.2997594649410917,2.9712916210943274,0.37407583788616916,0.3881069115516623,0.043669114025427405
A19,D08,pasado,141624000.0,2.534975450397281,1559375000.0,0.07891371926821175,-2.448091785700593,5.1521285879580905,1.1999729273591533,0.6858752179827506,0.14512611001011205,1100000000.0,1.1244283308552885,1740188000.0,-0.19845330275807066,-1.1948234446808206,1.7997893439516557,0.5714780813910695,0.1790816714142433,0.05710959599858642,1100000000.0,1.1294883400442708,1742250000.0,-0.20096043827017143,-1.2022726493029152,1.8119691842461951,0.5722457342217364,0.1809132288750287,0.05731160467284826,136125000.0,2.5246883396949578,1442500000.0,-0.029613796636031087,-2.463265319033125,7.291000305078432,1.0392321702181133,0.7210822364375502,0.11850439966904497,1700000000.0,1.0995582295779625,2171875000.0,0.003925619232883896,-1.098682863043554,2.3129087956242675,0.33098428084688675,0.19452414316375163,0.03813519706798512,1700000000.0,0.6647541247869739,3460688000.0,-0.8915460835577624,-1.5723362241622316,1.201104607943424,0.2641528985220076,0.21808298634841247,0.05359015935344809,1700000000.0,0.6653549423386962,3458562000.0,-0.8984180449038841,-1.5783315401800224,1.2036017839183286,0.2659816729048422,0.2183659682279311,0.05377813147707975,1700000000.0,0.9162775474604308,2178250000.0,-0.022027146859306165,-0.9605282690909043,2.6645412120869016,0.33537763687281485,0.3575468073935436,0.04073813592242366
A20,D02,verde,181500000.0,1.986422297794854,1551125000.0,0.07404061114759614,-1.8885428230005996,4.411319651765283,1.0290907299640089,0.6091625703244044,0.12169264332576564,1100000000.0,0.8698198312883246,1752562000.0,-0.046137378579077806,-0.7492942315231149,1.3332444118722657,0.3861123557552786,0.16034791852777808,0.05436457572055526,1100000000.0,0.8666511856006602,1753250000.0,-0.0457272851214259,-0.746971172712747,1.3385189263189272,0.38626718353468126,0.16032024399466063,0.054343977177442056,165000000.0,2.15045525293477,1461062000.0,-0.04941448921352934,-2.1196947354891145,6.408960190095904,0.9470711382718081,0.7272602154775161,0.10985814192445632,1700000000.0,0.7599824194770852,2177188000.0,-0.0018374405347048844,-0.7986970949687904,1.8046481821179945,0.2638167841386052,0.17414601696031062,0.03117565109319785,1700000000.0,0.6152562749469652,3456438000.0,-0.5692846481814308,-1.1913895036730562,1.0900475663538423,0.2617458901765833,0.21461588919538624,0.05315587156416328,1700000000.0,0.6112217733618689,3454312000.0,-0.568906421620002,-1.1892906433343358,1.0921100838140585,0.261588931112177,0.21499789277501782,0.053151873695408344,1700000000.0,0.6374229886381291,2162312000.0,0.0027834807056767866,-0.660819957944213,1.9395556509842207,0.27449872337895526,0.2809484573913573,0.03345058517625193
A20,D03,maduro,165000000.0,2.0532760440125073,1560750000.0,0.06976116671943176,-1.9821803574110226,4.544178601401287,1.0249681069690648,0.584095096938926,0.12163784583993745,1100000000.0,0.8959779919269854,1753938000.0,-0.043051788817225635,-0.7589919996054423,1.3331847406544772,0.3841708364320378,0.15601148666344894,0.05441840094182906,1100000000.0,0.8988382389475377,1745000000.0,-0.04260317228186592,-0.7632691274504388,1.34667015810114,0.38431182624282445,0.15611758453031582,0.05440053883910102,817438000.0,2.1350208437347042,1455562000.0,-0.04499481747477077,-2.0985842360757894,6.431336659976315,0.9607145171664984,0.7076532815251315,0.10955851520285023,1700000000.0,0.7558305618363551,2170812000.0,-0.004461896400236663,-0.7794310447514535,1.663368395084115,0.2600744041326584,0.13641332118002342,0.030465316235407457,1700000000.0,0.6085072402014233,3451125000.0,-0.5664066902836301,-1.174981510748045,1.0854524525059288,0.2614538941571041,0.2138294078081971,0.05303514309836863,1700000000.0,0.5994971082675863,3451125000.0,-0.5661309914807662,-1.1694962394022688,1.0809817330773228,0.2615996470691009,0.2134643367268396,0.05302213962781965,1700000000.0,0.47149834066583346,2178250000.0,0.009460615373825521,-0.5029490905186168,1.5581155311677923,0.2540692519643337,0.21764379228658415,0.030316062300363756
A20,D04,maduro,154000000.0,2.1983104056274576,1563500000.0,0.041620159433685036,-2.15890119014814,4.576903350208149,1.031440837049314,0.6086410615543714,0.12259657010246307,1100000000.0,0.9089939841297314,1744312000.0,-0.06603016728338057,-0.8073075800987954,1.361139524831338,0.38814747947937533,0.15969497545335148,0.054925074891330396,1100000000.0,0.9071982217841962,1745688000.0,-0.06137457423150172,-0.8069531133835129,1.3732058481498126,0.38740656093516423,0.15991828963193394,0.05472918417990345,169813000.0,2.1871975376637045,1468625000.0,-0.07689253941377677,-2.186263827226055,6.66241147975717,0.9783356874911341,0.6959736975796935,0.10837012287389702,1700000000.0,0.8070276018154406,2167625000.0,-0.042319289803649164,-0.8648984722131925,1.841506905691949,0.26207493045533364,0.14287513478047167,0.030484914519937904,1700000000.0,0.6026616555699593,3451125000.0,-0.6015021401995679,-1.2060883174274424,1.0689526387782486,0.2611872303295254,0.21367175559976753,0.052888307876266354,1700000000.0,0.5929526012208799,3451125000.0,-0.5912029430922743,-1.1885230945632672,1.0664104255573343,0.2595654508451223,0.2123639902418232,0.0527361829917884,1700000000.0,0.5915645280968903,2171875000.0,-0.03413086838490193,-0.6475604731186362,1.8117455851859778,0.26379756328398785,0.2487180366174696,0.03244767836535229
A20,D05,maduro,160187000.0,2.149329709643536,1558688000.0,0.07105472972467039,-2.0668904556648875,4.513322023658818,1.018849127386833,0.6098543832709589,0.12313930850009652,1100000000.0,0.9250295059719953,1741562000.0,-0.02734667753954269,-0.7599814111954363,1.3595561703601295,0.38150825769452706,0.15880664710563103,0.05427322667735857,1100000000.0,0.935742666351074,1744312000.0,-0.030749445063908806,-0.7722353230258379,1.3762643497722353,0.38311669093651574,0.16104765023607243,0.054409949301279,151250000.0,2.206733839758779,1464500000.0,-0.05016989269113945,-2.1965589813670365,6.353622536580561,0.9536559180288319,0.6467528211659626,0.10849157711585067,1700000000.0,0.7600372268509221,2170812000.0,0.004054588134829696,-0.7737909863936181,1.624548849211087,0.2519340270830707,0.12847647243714705,0.029608283986151104,1700000000.0,0.5657119898269422,3456438000.0,-0.5416000301992352,-1.107444709464434,1.019556579763102,0.25289733549714766,0.2078236823122106,0.05143944609415042,1700000000.0,0.5636465863694783,3451125000.0,-0.5501022840118363,-1.1160118803051966,1.0258198159397383,0.2548678878252327,0.20844473134474545,0.051620720290941106,1700000000.0,0.6295567682930833,2176125000.0,-0.008225467212798793,-0.6760603511553462,2.159771095280715,0.2709055419354147,0.25964046075325664,0.03161265329585436
A20,D06,maduro,160188000.0,2.107978297360801,1560750000.0,0.07647485240075742,-2.035743261196024,4.502849610571466,1.0208784328754523,0.6125280287641723,0.12355041334068553,1100000000.0,0.9237864547979875,1749812000.0,-0.015330606231928121,-0.7448863516125228,1.3441683653179113,0.3771834163689218,0.15417034393944878,0.05445777446785414,1100000000.0,0.9246248372725028,1749812000.0,-0.015449578749570064,-0.7459101851843284,1.3434254994712291,0.37730841633953016,0.15458708097194704,0.0544430760109261,131313000.0,2.340598549972042,1456250000.0,-0.035479625353340184,-2.3287526507789487,6.129136843252042,0.9365436393658063,0.6638146909532142,0.10866294543093236,1700000000.0,0.7361596636349061,2171875000.0,0.006325437373332601,-0.7518031703602872,1.5831467778013746,0.2507717355864462,0.126315601133344,0.02959957457099866,1700000000.0,0.580700416017563,3453250000.0,-0.5155406142126312,-1.0946042401516551,1.0285871187274553,0.24548432209548893,0.21052515646267958,0.05253648551838318,1700000000.0,0.5760335903470185,3453250000.0,-0.5156202257503077,-1.089351570903493,1.0272639129070267,0.24562035691426393,0.21124259197856157,0.05249774357061633,1700000000.0,0.8485433168273642,2057125000.0,0.028962756618890063,-0.850453404315107,2.533548286943149,0.2875892136063332,0.2919481845260088,0.03375266100650242
A20,D07,pasado,165000000.0,2.038774306374972,1561438000.0,0.07906363409159393,-1.9489147270182159,4.360891350263088,1.0202817102212431,0.6191943746879879,0.12347094009338558,1100000000.0,0.9578630012497609,1745688000.0,-0.03876370832195122,-0.7948584881479898,1.3831129106039115,0.38296736866373415,0.1581685730672094,0.05476708856137819,1100000000.0,0.9629793375390447,1745000000.0,-0.04138377073815104,-0.8052516132159169,1.3848733210216746,0.38357576170302904,0.1608898266385872,0.054972082153664205,135438000.0,2.2942548383013133,1448000000.0,-0.09492253151468476,-2.3252667611167097,7.314492334635192,0.9683844253769148,0.7219857662741895,0.10429334727524242,1700000000.0,0.7073482765950194,2172938000.0,0.00793189965914657,-0.7239655965076925,1.5628068357824692,0.24940923183287184,0.12423960744101209,0.029385636872938423,1700000000.0,0.5850649423932284,3460688000.0,-0.5685417679738423,-1.1554603840913327,1.0262148202562078,0.2509894288587026,0.20550725138377118,0.05193043109477726,1700000000.0,0.5829682775872624,3460688000.0,-0.5754809508233825,-1.1584459417527369,1.0279015080469518,0.2522533846337907,0.20542165530598,0.05214441031284583,1700000000.0,1.0220999412841598,3500000000.0,-0.11467801232227942,-1.1448171398340645,2.475509305285156,0.3238652348785331,0.37493099521720485,0.03932480016864525
A20,D08,maduro,169812000.0,1.9504156176151752,1573125000.0,0.08234107649060164,-1.8512645288916643,4.262271508920495,1.024938418149605,0.613498645083626,0.12364158793232193,1100000000.0,0.9362340735348428,1751188000.0,-0.01414243961410727,-0.7512668104155061,1.330426698284307,0.3758589072715429,0.1574040632885897,0.05396679518101784,1100000000.0,0.9396293368399291,1745688000.0,-0.016675311551579444,-0.7561760225215514,1.3280725872537062,0.37663624711551985,0.15985756924408825,0.05419459108563132,818812000.0,2.156777874482377,1462438000.0,-0.031880325417006763,-2.1078289920161493,6.322492103589907,0.9112706113722954,0.6586346395041656,0.10370069314391119,1700000000.0,0.6942859441874435,2175062000.0,0.006930768977253554,-0.7230314212096784,1.654168152686121,0.2573219402838309,0.1453527773201999,0.030453170353183234,1700000000.0,0.5939458340719137,3460688000.0,-0.5051018513051245,-1.1127507461365982,1.0362328695594079,0.23533374690833003,0.2005598731173571,0.052766636353703836,1700000000.0,0.5948237922976907,3458562000.0,-0.5122993554206399,-1.1216052840692785,1.042943312903215,0.23697118027414119,0.2005676521965351,0.0529990502576623,1700000000.0,0.6556717830607035,2178250000.0,-0.008431135616581696,-0.6931785134769466,2.111095027532418,0.2690119704345285,0.2965437404698046,0.03293585096070908
A21,D02,verde,137500000.0,2.5666458637826732,1549750000.0,0.05853228069156139,-2.4581340811177093,5.161756796248971,1.169672143563365,0.6665513034706485,0.1390217374471517,1100000000.0,0.9429509326146277,1750500000.0,-0.18055922559034632,-1.0231305767322711,1.7369466820703965,0.5099988917787154,0.18018550461858632,0.059415033103715716,1100000000.0,0.9393278660803948,1744312000.0,-0.1795416409643294,-1.0197516890319611,1.7351538942751163,0.5092298682712354,0.18108107482454588,0.059344236391646654,157437000.0,2.3070944007153105,1443188000.0,-0.05333174314705284,-2.2472864638486074,6.935164483144983,1.0405513370786383,0.7701793029337999,0.12161780712514719,1700000000.0,1.015882140727405,2175062000.0,-0.0400460628720496,-1.0589452565557596,2.018782036763759,0.31670754441205773,0.20057774153495533,0.03704071504032697,1700000000.0,0.6730719103850273,3456438000.0,-0.8145792534362232,-1.486055017130079,1.1986359532279955,0.28392260886749865,0.23582329330035265,0.05684738957053016,1700000000.0,0.6783340992351823,3454312000.0,-0.813576086543497,-1.4874457143893658,1.2023544421602557,0.2839978002151428,0.2354453018620682,0.05687956523285925,1700000000.0,0.7712423906927706,2162312000.0,-0.004747520583637082,-0.8132050323969948,2.1451159813457457,0.30612499720356756,0.2883315208386874,0.03724584173716736
A21,D03,verde,145063000.0,2.453226567570553,1558688000.0,0.07449256562982812,-2.3669970547638317,5.104258461100484,1.1553649697452546,0.637253878230899,0.13768616252310611,1100000000.0,0.9671482362523256,1743625000.0,-0.15822621546697382,-0.9993452873255289,1.706959395310706,0.49961370954546197,0.176484498022692,0.05890318348583163,1100000000.0,0.9721735983576726,1743625000.0,-0.15833232422152366,-1.0065483113397549,1.7173302706946707,0.49985921926554516,0.1778265478399712,0.05887331449750034,144376000.0,2.3474463691213456,1454188000.0,-0.04060112211214977,-2.284837461752186,6.932000516869184,1.0420200100590955,0.7463622141662279,0.12062224727480021,1700000000.0,1.0126558897536406,2170812000.0,-0.0041194680049624404,-1.0213606159585593,2.03951715927729,0.30970789360300993,0.17902442958332748,0.03565346346694681,1700000000.0,0.6519703651637054,3450062000.0,-0.7779478346505733,-1.4232888269043364,1.1683863688663123,0.2818599610375744,0.23291800094009268,0.05580070012255966,1700000000.0,0.6566807622697813,3451125000.0,-0.7782301904571999,-1.4250170042478705,1.173596488954025,0.28221626118642146,0.23258344569117895,0.055765068619247245,1700000000.0,0.5728076048183313,2178250000.0,0.016427761903400225,-0.6216234258206309,1.968902714820385,0.30281400565739425,0.24979238343262997,0.034972714103036734
A21,D04,verde,138187000.0,2.565857599809848,1562125000.0,0.04680440758157741,-2.506005374291055,5.1152283120103705,1.1633261949891442,0.6561414314591892,0.13884265173874438,1100000000.0,0.9919043562506273,1744312000.0,-0.18718455399973963,-1.067931018101884,1.7473338960000804,0.5079780053290933,0.178614312621173,0.05933659561835433,1100000000.0,0.998913234103468,1740875000.0,-0.18319350475865834,-1.0654613383543898,1.757539055742956,0.5072129633045347,0.1792950424957722,0.05912908036150143,118938000.0,2.5581262808790624,1447312000.0,-0.07922832319385871,-2.5494772253196682,7.487366011198643,1.063247138643586,0.7544709893428011,0.11958936245303643,1700000000.0,1.090678987955495,2166562000.0,-0.04151870591004924,-1.1363258748544072,2.2859557810124316,0.3114658273137979,0.19796167093194256,0.03552530141389049,1700000000.0,0.6613579317705361,3454312000.0,-0.8238226240442538,-1.479062292831363,1.1687258572916335,0.2846257640436789,0.23140828889089335,0.05567408851165487,1700000000.0,0.6582523576630811,3449000000.0,-0.8143066454676621,-1.463827595222484,1.1653910526999398,0.28293073116597556,0.23095512490655704,0.05547194000917282,1700000000.0,0.7904659724468526,2167625000.0,-0.044913621611992874,-0.8834570651389098,2.4549735054899102,0.3203707062148615,0.2918440383186201,0.037395735344000154
A21,D05,verde,144376000.0,2.5693372135638124,1556625000.0,0.07261752585976448,-2.474089172381187,5.12395974154105,1.1574746469431991,0.6607872546153175,0.13948369346541462,1100000000.0,1.028063842397093,1741562000.0,-0.14828672321981703,-1.0246038794874308,1.753907556057992,0.5044061771178635,0.1803518584578688,0.05897563675946767,1100000000.0,1.0400066052203283,1744312000.0,-0.1515129311138015,-1.0404887571332169,1.7750740238905462,0.5058352512941588,0.18200035086578278,0.05909770417533025,144374000.0,2.40608880162231,1445938000.0,-0.047413999718674334,-2.3608801072850096,6.870367639213217,1.0411781854720954,0.687493433552046,0.11885363008001251,1700000000.0,1.043518849293345,2167625000.0,0.001286737895049859,-1.0339602267334538,1.968615440442383,0.3028168252022429,0.17604913046411563,0.03468501000033712,1700000000.0,0.6292493029259811,3453250000.0,-0.7649522646802593,-1.3829808569707136,1.119050532060895,0.2736509218012671,0.22815552984906642,0.054404806059207694,1700000000.0,0.6353194569035179,3451125000.0,-0.7731664921730801,-1.3952621221268433,1.1298843374916179,0.27576747448034333,0.2284663050491878,0.054560311588617245,1700000000.0,0.7751076645012769,2175062000.0,-0.008846680811160069,-0.8385443047870698,2.541796378177671,0.31255737466958217,0.2992478787887661,0.03644724079446124
A21,D06,verde,143000000.0,2.538804936830556,1558688000.0,0.07864445477264684,-2.460710659721876,5.146438046771273,1.1655609811323777,0.6707617467734417,0.14077569688067457,1100000000.0,1.0514381882523123,1750500000.0,-0.13958836316673057,-1.0262361597355143,1.746967715211988,0.5041904065224622,0.1758120078696369,0.05952196372928243,1100000000.0,1.0474048498328672,1748438000.0,-0.13965903227136153,-1.0238447338117715,1.7415630911380782,0.5043696696829518,0.1770903469245342,0.0595202803990078,127876000.0,2.529477543346529,1455562000.0,-0.03379325418003218,-2.4875066216119226,6.846344648560578,1.0294428033582645,0.7214991979478149,0.11925838907951299,1700000000.0,1.0193400620396997,2171875000.0,0.0031945378745690295,-1.013976356259983,1.984421692458716,0.303371550738747,0.17584224080144525,0.03489918208143317,1700000000.0,0.6484365582949929,3452188000.0,-0.7486756607322618,-1.381839220614268,1.1157118235765218,0.2677970427962483,0.23254793451092837,0.05529029510035153,1700000000.0,0.6388241786768588,3452188000.0,-0.748626156507791,-1.3735798553580159,1.1184568730169007,0.2680872626266871,0.23183190640039406,0.0552782057710634,1700000000.0,0.9891471545397826,2176125000.0,0.024406623300004163,-0.981681140217161,2.9457200406459734,0.3326270524654158,0.34009804722916426,0.039414251074773116
A21,D07,verde,143687000.0,2.5271585130568837,1559375000.0,0.08025885639030726,-2.4316522402117893,5.1547348709630505,1.1708574864731955,0.6805236265634939,0.1415261459186119,1100000000.0,1.0974402233056566,1745688000.0,-0.16217587193383967,-1.086143779390174,1.7979730452053766,0.51315477603791,0.1804087505991363,0.05993353531745989,1100000000.0,1.1100944555414325,1745000000.0,-0.16475829377589082,-1.0965886130682678,1.7966067915187796,0.5137671015073438,0.1813044113761268,0.060153479334694594,113438000.0,2.722599230149294,1447312000.0,-0.09192093685645675,-2.7179147445440006,8.070221460699518,1.0677282208625036,0.7590648416700301,0.11655279015698142,1700000000.0,1.0225470809504607,2170812000.0,0.004994367853775094,-1.0126832790003795,1.981563535453022,0.3018184717622279,0.1761392485902457,0.034601877527378457,1700000000.0,0.6719111279477383,3458562000.0,-0.8039653349975671,-1.4604858232093931,1.137329221824517,0.27858148935751303,0.22503663381854838,0.054768206184426516,1700000000.0,0.6724422966568946,3460688000.0,-0.8107102183042593,-1.46593348777298,1.1380765339729502,0.28006392819100007,0.2247787532941933,0.05502191533695103,1700000000.0,1.1292542178052403,2168688000.0,-0.11602953065236014,-1.2507507487787288,2.7892659657656367,0.35448750041306587,0.37541337976489786,0.04194500798382139
A21,D08,verde,147125000.0,2.4040220898721647,1561438000.0,0.08852797323111668,-2.3043711991590645,4.99226966229695,1.1730086928411982,0.6826546290204429,0.14187731889029587,1100000000.0,1.1124770157463808,1742250000.0,-0.14231988312991542,-1.0721894440333755,1.760978877724742,0.5084145534264339,0.17885067531736631,0.059935658126089336,1100000000.0,1.1256250402241639,1742938000.0,-0.14564995956336543,-1.0811558468982854,1.757072356938206,0.5091239084285553,0.18031846334282328,0.06014735184388411,110688000.0,3.022831300123146,1445250000.0,-0.07354485267251265,-3.01173199859265,8.16915427573493,1.0419325172399783,0.7244112792134455,0.11491735545827611,1700000000.0,0.9938956884691685,2171875000.0,0.006861330871548099,-0.9928020578625063,2.025928333092226,0.3037767156171654,0.16655963712519434,0.035190195537682385,1700000000.0,0.7221763049437158,3461750000.0,-0.7806575401050245,-1.4993695569775258,1.2097018462618407,0.27741478879627224,0.2174489836618536,0.05430141644352538,1700000000.0,0.7276871267891447,3460688000.0,-0.788714817892059,-1.5111924993725745,1.215799850052341,0.27918313774946346,0.21691811754992904,0.05447641989875916,1700000000.0,1.2861354513739742,2167625000.0,-0.12209523209026475,-1.4019846691503224,2.8976035092581354,0.37438984090168137,0.3872168584063858,0.043028162257400776
A22,D02,verde,147813000.0,2.547501360944446,1549750000.0,0.04336661792789339,-2.45950969589591,5.139859932770003,1.1641054857747901,0.6496719772455506,0.13828615070326,1100000000.0,0.9356806404489624,1738125000.0,-0.30365949032178136,-1.2060942221959063,1.7495788110557888,0.5818138838908837,0.17137031368505667,0.05055817125815241,1100000000.0,0.9419424592426429,1741562000.0,-0.30247415874147643,-1.2105873254187265,1.7581090363993295,0.5820839064186365,0.17228044491537509,0.05056362165078499,160188000.0,2.2865613064105506,1443188000.0,-0.050823996650218715,-2.2276075862946847,6.994417748445856,1.0361815653885238,0.7718934548355186,0.12177422001711721,1700000000.0,1.0161562236708723,2175062000.0,-0.028223583449581136,-1.051583578889694,2.1414623725000994,0.3215567391612253,0.20585472046596515,0.037399248987149816,1700000000.0,0.6908409599735263,3452188000.0,-0.9791185716528561,-1.6780717180808649,1.2415236090469228,0.29204569937982583,0.24266485658041054,0.058008640248274686,1700000000.0,0.6961904770389804,3454312000.0,-0.9778031108963223,-1.6811945961615795,1.2481740005710038,0.2920087764161407,0.24239496149107304,0.0580401238577173,1700000000.0,0.8183732780393745,2162312000.0,-0.003207422287098055,-0.8491133427990633,2.221566976704704,0.30975878327167716,0.30377326331122806,0.038104179406430454
A22,D03,maduro,146438000.0,2.427121399493783,1556625000.0,0.061870189911406276,-2.361920160032156,5.091861797768088,1.1624945201759256,0.6299245077737263,0.13844583705558888,1100000000.0,0.9710651334599171,1742938000.0,-0.2818603021294849,-1.20748110231836,1.7603079398011174,0.5801167942160766,0.1680852375468857,0.050504195851639594,1100000000.0,0.9783327756284397,1741562000.0,-0.2826851738223512,-1.2137221232002935,1.766500022402423,0.5802816208226234,0.16949405085373848,0.05043852931317636,158125000.0,2.2755151514801915,1450062000.0,-0.04166311595027676,-2.2256497197929352,7.024725712782729,1.0468627355183668,0.7623126083657448,0.12200636014679929,1700000000.0,1.0410450896612435,2168688000.0,-0.003131261187907162,-1.0528470656000692,2.2247969975857176,0.31922970239804443,0.19767455190005476,0.036520716097450265,1700000000.0,0.6859475890041814,3452188000.0,-0.9577244864712312,-1.6438581776792673,1.2247282188849573,0.2932982245848682,0.23951944227102598,0.05676689589426791,1700000000.0,0.6798857948252002,3454312000.0,-0.9584632325537429,-1.6377150843568768,1.221729998008209,0.2934243750245765,0.23933310595283286,0.05667123945608765,1700000000.0,0.6255022280137273,2165500000.0,0.006742921682139746,-0.6861358302938028,2.0967433024098177,0.31395756825388654,0.2493613588914831,0.035887126697380894
A22,D04,maduro,138876000.0,2.5365821295724853,1560750000.0,0.041407759001904375,-2.4919735889660406,5.078972057237312,1.186110877943825,0.672621480792744,0.14146165362529212,1100000000.0,0.997103819611394,1744312000.0,-0.3033903973803783,-1.2619650722014581,1.779183034880875,0.5918455472391299,0.17228780539453126,0.05145969180900868,1100000000.0,0.9994550571840761,1740875000.0,-0.298839361713193,-1.2624176035230306,1.7866730894762415,0.5908409177705917,0.17268361194515752,0.05121154490926202,145063000.0,2.465330569503129,1448000000.0,-0.0639407057628459,-2.449633709286616,7.372196438639028,1.0657728452321231,0.7555154841018592,0.12272183089880702,1700000000.0,1.1749228495061526,2166562000.0,-0.029453798995535074,-1.2061889440240052,2.532513532770169,0.3272145670303193,0.2196040620040757,0.03711056404934469,1700000000.0,0.6979151967492834,3451125000.0,-0.9961425995031014,-1.6901828610878091,1.2394808575189173,0.29829209353562575,0.24300711689568916,0.05670150854848934,1700000000.0,0.6964990490621618,3449000000.0,-0.9847174123799557,-1.6752280274663942,1.2363067953539884,0.2960268962073065,0.24127802867915304,0.05643421549848471,1700000000.0,0.7138884583109751,2167625000.0,-0.02243567194101829,-0.7943973948299221,2.4074956292723853,0.32300029913816797,0.27550017643440355,0.03734262765988826
A22,D05,maduro,138876000.0,2.7013790595916265,1551812000.0,0.06006715430181994,-2.6248375619330795,5.306600161770993,1.1934478172558667,0.6694652712728661,0.14341514794324617,1100000000.0,1.0447174661931085,1741562000.0,-0.27094712729594383,-1.2510484258499197,1.833743629162965,0.5922239383586424,0.17397735119566218,0.05128981016586684,1100000000.0,1.0528800861353784,1744312000.0,-0.2741027082247591,-1.2610593823228091,1.8644151103348743,0.5937613854957708,0.1755560944595707,0.05141462740405679,144375000.0,2.4419718200618283,1445938000.0,-0.04198324742261405,-2.389517305806752,7.069732406477098,1.0650122819764705,0.7133044195312674,0.12210089885866789,1700000000.0,1.1031971658621205,2167625000.0,0.0017811470472020685,-1.0966141814199972,2.1696443723887477,0.3189882133511883,0.20021963802674742,0.036281731954004505,1700000000.0,0.6462572998502256,3452188000.0,-0.9489049979547044,-1.594417713508016,1.1694567873399864,0.28554197501594397,0.23843526894781936,0.0558889580661079,1700000000.0,0.6555211542277579,3452188000.0,-0.9571846700861047,-1.6083491019548743,1.1796630734310423,0.28773221255939996,0.23854947276035035,0.056058734557119315,1700000000.0,0.8319854397608215,2175062000.0,-0.008474665973003481,-0.8865160907156571,2.6635260949693835,0.3239796597573174,0.3196135135985978,0.03807362544749845
A22,D06,pasado,134750000.0,2.7655738030988672,1556625000.0,0.06530276740630625,-2.702802645010723,5.480642783359725,1.222255285988,0.6889561665087575,0.1472432285536123,1100000000.0,1.0665268630039058,1749125000.0,-0.26035584799156014,-1.2551236625110107,1.816131441214507,0.5981184507369204,0.1688115438636121,0.05244913222285633,1100000000.0,1.0671168298829932,1744312000.0,-0.2602569846477739,-1.2551588828848614,1.8134587794119899,0.598293981072011,0.1705757257609694,0.0524541745840709,140250000.0,2.547394890934114,1455562000.0,-0.030179402960250637,-2.5003115746624593,7.145323166177956,1.0724174884785858,0.762045136686536,0.12456741166050123,1700000000.0,1.1257178810602104,2169750000.0,0.0020300966719204922,-1.1176236784854994,2.21796687169166,0.3288320342212415,0.20951421705189138,0.03735851322243592,1700000000.0,0.6613858717997083,3454312000.0,-0.9335247664212589,-1.5944693093770912,1.1888734538771075,0.27987189317127914,0.24202365970268477,0.056757222246969774,1700000000.0,0.6563284836569456,3452188000.0,-0.9332210424729745,-1.5895101713240225,1.1921957492917943,0.27999114559560406,0.24209054734253183,0.05674843509566313,1411000000.0,1.0333301041064287,2176125000.0,0.02156642421846863,-1.0250190721002792,3.0364706884909447,0.3417093544212398,0.351080597483004,0.04079321761043993
A22,D07,pasado,137500000.0,2.674137957975318,1558000000.0,0.06741588635447535,-2.599787234089944,5.340527291692503,1.214557018465352,0.6900357308318681,0.14646449813434995,1100000000.0,1.1246292688483568,1742938000.0,-0.27882655691086633,-1.3218994175933907,1.8723581410853067,0.6081024803121218,0.17526412677473785,0.053353926509415756,1100000000.0,1.128572212311981,1742250000.0,-0.28178804186837486,-1.3293009962571867,1.8809974530947806,0.6088933894969216,0.176167451295692,0.05356220125575157,114812000.0,2.678690744031375,1447312000.0,-0.0827268825766501,-2.69771301106297,8.225116731546128,1.096327810898981,0.7881262979633766,0.12090073226142947,1700000000.0,1.114755648880373,2169750000.0,0.002263126346447355,-1.1053704750785245,2.273508960598381,0.32847301702422615,0.20798725817903269,0.03728696064629318,1700000000.0,0.6665481206230782,3460688000.0,-0.9934347006117236,-1.6560701359626815,1.1802336444711083,0.28340257707975564,0.23283196975670858,0.05541527800830688,1700000000.0,0.6607433549448716,3456438000.0,-1.000699378822689,-1.659088359137547,1.1750948597828037,0.2850903782855711,0.23328753431540403,0.05566135955611439,1700000000.0,1.1859075042962175,2168688000.0,-0.10881403525796099,-1.3028223184023944,2.9808192155828204,0.3699802925475568,0.37868884178724305,0.043292285931868214
A22,D08,pasado,141625000.0,2.522456066772952,1560750000.0,0.07729433145964644,-2.4396447532649455,5.135059377618509,1.216035932232121,0.6826326611889195,0.14685691823015326,1100000000.0,1.1259873335003159,1742250000.0,-0.2695502885048588,-1.331189141710397,1.9033571909613427,0.6161790487463437,0.17375239772332063,0.05331939969839615,1100000000.0,1.129563112587105,1742250000.0,-0.27303336524322747,-1.3378806060680968,1.9130165415952605,0.6168001405151158,0.1754282255942702,0.05348857434582582,128563000.0,2.755180080683669,1445938000.0,-0.0619229235488428,-2.7542992845206116,7.922464123511462,1.0531383441386186,0.7262975782190294,0.11792415315754645,1700000000.0,1.138749491093174,2170812000.0,0.006285912449823845,-1.1375872117571135,2.4369238705149705,0.3409905347777406,0.20207536482234623,0.03912688097242625,1700000000.0,0.7028098951812465,3459625000.0,-1.0010862893196895,-1.707770652442275,1.235443116043665,0.27894289068606076,0.22583627171260415,0.05482391932915403,1700000000.0,0.7032145687101945,3458562000.0,-1.0089624465280183,-1.7168024266811555,1.2385295057840238,0.2806686275722104,0.22646235514042376,0.05497627059233166,1700000000.0,1.2731437555072638,2168688000.0,-0.09618945375592,-1.3586234096227214,2.7789445256482086,0.3580304044033939,0.3261094690027843,0.04138924368526988
A23,D02,maduro,159500000.0,2.162159227048281,1553188000.0,0.0652538509937132,-2.066698883728376,4.622365831438447,1.0872915414489617,0.626409085061377,0.12885108064885595,1100000000.0,0.9195574777095019,1752562000.0,-0.10840269595373965,-0.8696829256942207,1.430049528905458,0.43227069970293713,0.16696976675165828,0.05506318710895016,1100000000.0,0.918852793246536,1744312000.0,-0.10759816624421027,-0.8688797417906111,1.4387571809532833,0.43246078302269464,0.16796762645173094,0.05507066729201983,161562000.0,2.2129409403088904,1459688000.0,-0.048835828567905394,-2.162088721392316,6.618255883469226,0.9889313242454321,0.743417040026714,0.11560377878858336,1700000000.0,0.8562502656959254,2175062000.0,-0.013026363221467375,-0.8950144099336157,1.8936542378240753,0.2846398454067341,0.17256405226895702,0.03348779805016997,1700000000.0,0.619724011996049,3457500000.0,-0.6716682161420581,-1.303503817082737,1.1145243074570286,0.26789801670657076,0.22506356148777518,0.054856440701084544,1700000000.0,0.6288628360971839,3454312000.0,-0.6707733228717988,-1.309086353994346,1.1218479422421748,0.26791829737026834,0.22508152309288781,0.05492014227802644,1700000000.0,0.6559508058608055,2162312000.0,0.011930088195310053,-0.6832279882552597,2.029681258219328,0.2883337396414375,0.28006646097883225,0.034863668024147025
A23,D03,maduro,155375000.0,2.2363914947446935,1559375000.0,0.07385823119265439,-2.1591764259682114,4.835794925469933,1.0885963412127664,0.6173836673987546,0.1293755639396307,1100000000.0,0.9559429080425449,1742938000.0,-0.0984700397744208,-0.8809970061399868,1.4493641280617404,0.4330034470851014,0.163459647906478,0.05508600760770864,1100000000.0,0.959702463051596,1743625000.0,-0.09856010635288544,-0.8854325774162913,1.4590492760229805,0.4330433217469283,0.16405120932734474,0.05504756369958382,158124000.0,2.223099239922392,1454188000.0,-0.04731212489150692,-2.1700258287504806,6.738264154397047,1.0041866509018156,0.7314665938795409,0.11506982625084318,1700000000.0,0.8760127548994381,2170812000.0,-0.002520257222789036,-0.8892002923454507,1.864290442964266,0.282423163375401,0.15455140634483594,0.03277568016734625,1700000000.0,0.6244859456410745,3452188000.0,-0.6653665488659342,-1.2912781688669988,1.1154772879417996,0.2699758893663618,0.22258444958192664,0.05416923444126166,1700000000.0,0.6201066935746737,3453250000.0,-0.6656237999864572,-1.2888096850779789,1.1186761652416362,0.27012705799830716,0.22256586522036897,0.05408362317968527,1700000000.0,0.5407219350097646,2182500000.0,0.004856735479099943,-0.5951614195248546,1.7918466197260137,0.2821785464961135,0.23205562197955368,0.03307476724875723
A23,D04,maduro,143687000.0,2.4972795254919715,1560062000.0,-0.09846400573777497,-2.57594656742451,4.974214403157481,1.1011620030779679,0.6450368236765761,0.12917359120148372,1100000000.0,1.040118089325134,1747750000.0,-0.22951199571590963,-1.0968884964189558,1.54979639603321,0.44734660216733646,0.16841243253251034,0.0564863843700767,1100000000.0,1.033560175679988,1745688000.0,-0.22596383858983932,-1.091745895626834,1.5539169335984941,0.4464385513582502,0.16833993290020294,0.05634058507980291,108626000.0,2.6792916292372153,1465875000.0,-0.15801865860284828,-2.7740304179658173,7.572738701643411,1.04469652167411,0.7645927221213835,0.11686701524012942,1700000000.0,0.9599862768433427,2168688000.0,-0.20201245578529375,-1.1726922288857808,2.2721955103554023,0.30070183401428685,0.16915730375491572,0.033181470860316226,1700000000.0,0.6395105298104657,3460688000.0,-0.8580054245597517,-1.4839069010579182,1.115744973024111,0.2794963022754727,0.21632275253315136,0.05312128943308143,1700000000.0,0.6365170621891093,3460688000.0,-0.8466351428867411,-1.4691482026988725,1.1112739847197144,0.27738962129433337,0.21588134550053345,0.05319641171970248,1398250000.0,1.4052360391669694,3500000000.0,-0.2025682390584937,-1.5994260451604683,3.7203710376660553,0.4180778357329912,0.44474356227352907,0.04878403325983344
A23,D05,maduro,150563000.0,2.361944242442899,1557312000.0,0.07133512876259236,-2.2760405050485653,4.873638759000128,1.0848042044190478,0.6419113917353834,0.13100758733429446,1100000000.0,1.0059992353594256,1743625000.0,-0.09396598576143429,-0.9108686087325008,1.498282153773777,0.43566003248315704,0.16632248781075795,0.055365212492034604,1100000000.0,1.0195026376838987,1744312000.0,-0.09695754840564687,-0.9265115921671092,1.5198540445626025,0.43733001045222425,0.16828469080891506,0.05551772380159712,130624000.0,2.4398442082702703,1448688000.0,-0.08016418179994657,-2.4351105615518978,7.064696359755494,1.0158256821442189,0.672452738328881,0.11304686627533954,1700000000.0,0.8941196383617234,2170812000.0,0.0035299499261669687,-0.895592756852352,1.7790049051183008,0.2731443428984457,0.1490733067445436,0.03170661248646767,1700000000.0,0.5869202388936416,3452188000.0,-0.6643749115073913,-1.2515505611588098,1.073833052116032,0.2627923194100179,0.21646138107100965,0.05264246810807761,1700000000.0,0.5916587793486174,3451125000.0,-0.6724009086445419,-1.263614471978184,1.0831401144375592,0.2649311105822054,0.21694963184088692,0.05285541762642425,1700000000.0,0.800691289868489,2175062000.0,-0.05734294208806875,-0.8804920268897845,2.1150054935950395,0.29042831172680994,0.27773586298617425,0.03497530039727061
A23,D06,maduro,151937000.0,2.312494555986957,1558688000.0,0.07601561983363823,-2.238993561874279,4.822931509297286,1.0850236866684533,0.6463348713607678,0.13126213522665983,1100000000.0,1.0078350595171848,1749812000.0,-0.07051120907756259,-0.8832125310256357,1.476968969931269,0.4300433312913786,0.15966510473037976,0.05584095670875238,1100000000.0,1.005262712014834,1749812000.0,-0.07019945085152887,-0.8811539905089304,1.4739453309868418,0.43025075289983966,0.16085918572086624,0.05585758133186336,128562000.0,2.464492932142777,1456250000.0,-0.03786816505253529,-2.440294713315542,6.569519448629961,0.9871428766592208,0.695178487286361,0.11377947353806711,1700000000.0,0.863058344766018,2171875000.0,0.003874029657403926,-0.8684801097797534,1.75891395096171,0.2715880079513983,0.14744812540628402,0.03171591132787891,1700000000.0,0.5901640114848624,3453250000.0,-0.6217175472540715,-1.2159521715825756,1.055399063632017,0.2518947360842549,0.2190958388583818,0.053505519876297127,1700000000.0,0.5842842588935846,3456438000.0,-0.6212284109817383,-1.2090669038790571,1.0542723883396319,0.2521346138977945,0.22022503752126293,0.053543573441144174,1700000000.0,0.8970156692300917,2176125000.0,0.020064553281894416,-0.8937240626257272,2.65453441661491,0.30561078521777085,0.3245063913625129,0.03686884835484358
A23,D07,pasado,153313000.0,2.2650097932843347,1560750000.0,0.07912787553537462,-2.1787991957032418,4.757798424213142,1.0817951271408697,0.647279643635227,0.1309025695317318,1100000000.0,1.0417816439037262,1743625000.0,-0.08349684076005807,-0.9187480647932872,1.5155392183799563,0.4356973559732097,0.16427436582161967,0.05601507122114494,1100000000.0,1.0467066204201898,1745000000.0,-0.08689291124585477,-0.9295995974702662,1.515998330489593,0.43636084160588456,0.1662991872092855,0.05622086827722316,115500000.0,2.4927394009896253,1448000000.0,-0.083246855725778,-2.498309856301461,7.658708032485036,1.0099460696103402,0.7473672550134145,0.11067684517141466,1700000000.0,0.8405020819874144,2170812000.0,0.006858200101270777,-0.8486037413100666,1.7659528428606601,0.27138892753210114,0.14334009502550177,0.03156168190909365,1700000000.0,0.5992889183341061,3458562000.0,-0.6592436165527419,-1.2580007488432674,1.0542303086173936,0.25758077685493425,0.21001626438887785,0.05188425526885017,1700000000.0,0.592403462698075,3460688000.0,-0.6669530142171456,-1.25750892725896,1.0543231330808787,0.2590106702511786,0.20985201827136996,0.052112562889290164,1700000000.0,0.9344955891296327,2168688000.0,-0.09403745628641602,-1.0498914059717384,2.4647753395152936,0.32770026514440814,0.34247524947002234,0.0384803741040914
A23,D08,pasado,158813000.0,2.097707426334666,1562125000.0,0.08446233511468447,-2.0014481454975144,4.504823620354196,1.08027333364722,0.6380634448911837,0.13048639112524787,1100000000.0,1.0584957028017712,1742938000.0,-0.07323166545044449,-0.9229139958500603,1.5182783373940805,0.4429520331216604,0.16701552455761998,0.05697291936004303,1100000000.0,1.0667470619397217,1742250000.0,-0.07631387010259155,-0.9308335352353782,1.5151142430249482,0.44358813110642076,0.16883221656474612,0.05715419318346132,132000000.0,2.5287147439103137,1446625000.0,-0.0646453621227393,-2.510515410658246,7.326213007600455,0.9745392177397895,0.6817314266357661,0.10825206267179784,1700000000.0,0.8488922412408346,2171875000.0,0.006897971182140066,-0.8698302574298771,1.906936999981287,0.28176426676647687,0.14837976893181384,0.03303973226792104,1700000000.0,0.6137894197235715,3459625000.0,-0.6563397589239096,-1.2857215013661605,1.0907509406431724,0.24722837770465217,0.2031609861725683,0.05174513523997057,1700000000.0,0.6171418798992343,3461750000.0,-0.6641612916014431,-1.2959878404154954,1.0965258955726755,0.24858782604749977,0.202437202315107,0.051876383056103675,1700000000.0,0.9728915577676379,2167625000.0,-0.07944386777927459,-1.062438592751362,2.2427060127420755,0.30553475027411947,0.28849646217452773,0.03618781355756604
A24,D02,verde,156750000.0,2.248795553530424,1551812000.0,0.061817068352357334,-2.146985975404862,4.721240512906008,1.128485793826475,0.638585049787302,0.133809672214275,1100000000.0,0.89796425972304,1747750000.0,-0.1736138864427178,-0.9797480951930289,1.5504051547544089,0.49431490913336257,0.17543572826431553,0.055098057118186904,1100000000.0,0.9044659298114123,1741562000.0,-0.17340037685423998,-0.9861504793111535,1.5584810459712277,0.4945433495434572,0.17638274302304724,0.05507478264525118,160874000.0,2.2212001097963445,1459688000.0,-0.045305040796580376,-2.169602908039688,6.757326159196039,1.0136093572439537,0.7670648295765742,0.11984350275554385,1700000000.0,0.9354813758527784,2175062000.0,-0.017437184938495706,-0.9768858551557387,2.133817886080852,0.31056053326365024,0.2020946550060447,0.03644745417312831,1700000000.0,0.6519484451136168,3456438000.0,-0.7835511556822523,-1.4531627678350456,1.1642275932912398,0.2773145276840754,0.23775683765939856,0.05750656669321785,1700000000.0,0.6491953117070735,3455375000.0,-0.7831424762645508,-1.4485173863351106,1.1693630341793773,0.27731083049825783,0.2388430765860897,0.05751108531243066,1700000000.0,0.6714725655914429,2057125000.0,0.019996444489777002,-0.6963536020149184,2.2290896183446556,0.3114274572977511,0.30429674980027566,0.03668509169254314
A24,D03,maduro,151250000.0,2.306879328997077,1559375000.0,0.07314112319635459,-2.2274516971136418,4.906421692738121,1.1317865182075082,0.6254416155292307,0.13460904046806313,1100000000.0,0.9414764956848372,1742938000.0,-0.16477272865588055,-0.9984437445818027,1.5785651687768425,0.49515405951210445,0.17092991032061772,0.05538319688528962,1100000000.0,0.9464168764149675,1743625000.0,-0.16440061542769477,-1.0044994989532199,1.5838119004724853,0.4953258820060068,0.17234551619320498,0.05535803492394405,156063000.0,2.263467485594002,1454188000.0,-0.05077017688018315,-2.2123130766210193,6.925865984966263,1.0388334468023281,0.7499127007421516,0.11899423198959086,1700000000.0,0.9350753698686299,2170812000.0,-0.0016410430629442165,-0.9562754660750015,2.140484990947007,0.3090330641835531,0.1711629343265759,0.035795314883438824,1700000000.0,0.6435592255111664,3450062000.0,-0.7752473985230868,-1.430604507504005,1.162425259328527,0.2775805602562638,0.23717745659545372,0.057636762121322606,1700000000.0,0.6430938768538341,3454312000.0,-0.7749884832692898,-1.4273156318357647,1.1638229576485484,0.2776897192399498,0.23790554808818115,0.05761105112885412,1700000000.0,0.5767286731441392,2166562000.0,0.001620459204211069,-0.6348232878355269,1.891572089019847,0.29765591270807296,0.26586438322382633,0.03559987706081579
A24,D04,maduro,139562000.0,2.5866874466143024,1552500000.0,0.6295848403442476,-1.9287743268369826,5.269545657171877,1.1607318937668296,0.669947174580694,0.13716386170168848,1100000000.0,0.9398739349071717,1742938000.0,0.11399814797361997,-0.7127089305909273,1.5644446697158063,0.4727489719978767,0.18629825821496143,0.05674986844578656,1100000000.0,0.9446477354829974,1744312000.0,0.11402112645495606,-0.7176911335594605,1.5709429995430322,0.47266393167127874,0.18774648966275687,0.05673432204183714,116874000.0,2.561523413588857,1447312000.0,-0.0873628086299483,-2.550946202732141,7.263175304079716,1.0421214951353002,0.7058442690592823,0.11708212958352174,1700000000.0,0.9873227663158723,2172938000.0,0.6611821201133263,-0.3218793976157979,1.9379510446875752,0.31000294924339544,0.14841215403935787,0.03457390627910071,1700000000.0,0.5883172336689823,3450062000.0,-0.4543417839874139,-1.0461665948501213,1.0757385450929726,0.2676987569823383,0.2397023818155096,0.05733196276383985,1700000000.0,0.5818367772852076,3453250000.0,-0.45468007122179893,-1.0420158792530678,1.0756883844650278,0.2673534447025764,0.23911110916925174,0.0573578830660834,1700000000.0,1.0076187449591463,3500000000.0,-0.07225845079016772,-1.1002756989498905,2.768249746014537,0.36126457083285357,0.37185915924257873,0.04159172950143911
A24,D05,maduro,147812000.0,2.4072015688434263,1558000000.0,0.07181301117560787,-2.3173004067789664,4.913980239220332,1.1291661953503733,0.6484972753328608,0.1362202658236023,1100000000.0,0.9919876470464896,1743625000.0,-0.15959052229615855,-1.0290274271025133,1.637709273196069,0.49793225652693296,0.172900323102991,0.055367678649489695,1100000000.0,1.0011418558114555,1744312000.0,-0.16243118364130876,-1.0406491203240116,1.6615366178025748,0.4995870520943804,0.17490480707451367,0.055523408466514525,131313000.0,2.466981630440739,1448688000.0,-0.07578511105306053,-2.4603310042984288,7.174100422615764,1.043117177128412,0.6813088987969337,0.11685042859247856,1700000000.0,0.9584950193362901,2170812000.0,0.0045116901671515015,-0.9671816140892482,2.055466398730711,0.2997156878266044,0.164993887047378,0.03481049893648212,1700000000.0,0.612767140298839,3453250000.0,-0.7701507797281073,-1.391299261369677,1.1208675827515107,0.2699319043147166,0.2320606372241239,0.056341313053791864,1700000000.0,0.6098963972292946,3452188000.0,-0.7782597915572941,-1.3992917406149834,1.1275963731150167,0.2721084946744518,0.2328660534692952,0.056575782709118456,1700000000.0,0.8071731303103729,2174000000.0,-0.05022980238103042,-0.8895222025360406,2.248022006408735,0.30529200231829473,0.3004075172987384,0.03708182502315443
A24,D06,maduro,147813000.0,2.362762190387854,1559375000.0,0.07707361709600853,-2.287990519463587,4.869163022632961,1.129017329932866,0.6496553943169165,0.13636034289277663,1100000000.0,0.9886398673697029,1750500000.0,-0.14084460194766849,-1.0041277475144366,1.6113005140029693,0.49604973726209306,0.16666478287732456,0.055529036684087346,1100000000.0,0.9882784707562948,1748438000.0,-0.14060586522987817,-1.0043235145414569,1.6209450486261379,0.4962624084835051,0.16806291945471696,0.055559067109607944,130624000.0,2.470141164030811,1456250000.0,-0.035371824216313394,-2.44018890133361,6.745689386127172,1.0154292959729505,0.7214497473137577,0.11775638931383912,1700000000.0,0.9104942140037091,2171875000.0,0.0053110974118064725,-0.9238621790661129,2.0146455171168616,0.2951623863815463,0.16004700320748685,0.034429986714076974,1700000000.0,0.5864096043741162,3454312000.0,-0.7347600144793788,-1.3403486571283618,1.0867698339954976,0.2598891902372628,0.2351623518922199,0.05687160217212441,1700000000.0,0.5838354757380511,3456438000.0,-0.7343526706659883,-1.335906795528898,1.0911281518723825,0.26011567406590025,0.23549304447201824,0.05690079410846102,1700000000.0,0.9177924523876972,2057125000.0,0.025259879703957863,-0.91788723852186,2.8502576000068065,0.32800562604383504,0.3453336312748986,0.038912611638319036
A24,D07,pasado,150563000.0,2.3301367333670284,1560750000.0,0.07615207610153593,-2.2454082209414197,4.875626831430548,1.1294182294696151,0.6437992978283227,0.13651011279884756,1100000000.0,0.9979164459231422,1742938000.0,-0.14902414402545086,-1.0347974763721544,1.6235342853734802,0.5035287622454386,0.1685863285169514,0.05484817054535176,1100000000.0,1.0046388088138567,1745000000.0,-0.15227496814145874,-1.0461800643860681,1.6389455227837917,0.5042716173574212,0.17015989460712627,0.05505618478714527,134063000.0,2.4391348172347835,1448000000.0,-0.07766973519500492,-2.4381787699149844,7.605393172126224,1.0367478857167745,0.7412769765005157,0.11480426713375347,1700000000.0,0.8980387143589988,2171875000.0,0.006670698105422921,-0.9161147981072613,2.008174081361048,0.29174669440934026,0.1558041695357433,0.03390948803352448,1700000000.0,0.6239045127477818,3458562000.0,-0.7732228460539112,-1.4075114221500589,1.1357874535397632,0.268664640464078,0.22409581163427114,0.05569037438809817,1700000000.0,0.6207715482936248,3460688000.0,-0.7811066517844659,-1.414383215672509,1.1401639540695856,0.2700823632976198,0.2240647633087896,0.05590523514869768,1700000000.0,0.9275584796842135,3500000000.0,-0.08055309649637662,-1.0304262829560749,2.4351892094029512,0.32534011159935156,0.33344962804299505,0.03878221831809321
A24,D08,pasado,152624000.0,2.207467591214503,1562125000.0,0.08325952401490504,-2.1131505840540705,4.65357142214217,1.1327700939101188,0.6538974205511043,0.13693381669252533,1100000000.0,0.9834178895985219,1742938000.0,-0.12434240958899592,-1.007206505287146,1.5957437050568979,0.4995059545843922,0.1699553241056469,0.055075139498949405,1100000000.0,0.990369562374117,1742250000.0,-0.12726331075621944,-1.0171307070268054,1.6065941027340735,0.500246602019673,0.17266567999106064,0.0552682171798015,147125000.0,2.4558809150013228,1445938000.0,-0.05311817181404529,-2.420876112993681,7.286427485345133,1.000087133097041,0.6949944161721462,0.11244787901228523,1700000000.0,0.8397886437504052,2174000000.0,0.006981688366670601,-0.8733293207817943,2.053482657804646,0.29502887344498074,0.17563971036976989,0.03461684823636361,1700000000.0,0.6473052670408854,3458562000.0,-0.7382809083869193,-1.406834654628745,1.1550263103851457,0.26300369513051064,0.21967864545180477,0.0560156703572202,1700000000.0,0.6523264448715164,3458562000.0,-0.7460600898813269,-1.4202961440347597,1.1635149775134808,0.264803314381739,0.21993581575616591,0.05618070179329041,1700000000.0,0.9036634938070771,2166562000.0,-0.060290370369642826,-0.9768496119532584,2.354394438640785,0.31433674860025057,0.3103614920644762,0.037881482955172935
A25,D02,verde,147125000.0,2.518102620489357,1549750000.0,0.0581615216848611,-2.4153754883872764,5.111445832468952,1.1694853153889504,0.6566217941557293,0.13895177736084924,1100000000.0,0.9468011381978443,1738125000.0,-0.2753275981256199,-1.1551393831367067,1.688390827719855,0.5673908473281339,0.176426266175827,0.05247540687607239,1100000000.0,0.952875128257115,1741562000.0,-0.27484990856832137,-1.159243574105906,1.7017515897047732,0.5674830408836544,0.17743843774715193,0.052448964756070304,160188000.0,2.2820596447077186,1443188000.0,-0.04267595412714186,-2.2178678195126116,6.964244026681798,1.0317292578762187,0.774871459698101,0.12255029001330293,1700000000.0,1.0515665282195492,2171875000.0,-0.01378712905535687,-1.0752704512699023,2.2492756009868335,0.3312702764396956,0.20527099997308762,0.038487881173466965,1700000000.0,0.6729375598362443,3454312000.0,-0.9341652194835917,-1.6164746120110443,1.2180722832093156,0.29049976963156593,0.2432111532387783,0.05746676129250136,1700000000.0,0.6774076467963113,3454312000.0,-0.9334158800238309,-1.6192294865433299,1.2231654103718854,0.2903185372567307,0.24267861170631708,0.05746242437307182,1700000000.0,0.7700810703815992,2161250000.0,0.015492725506125953,-0.7975460630704814,2.3002145815588833,0.3163901528956869,0.2997210562721038,0.03786519590240418
A25,D03,verde,148500000.0,2.3890451166958533,1557312000.0,0.0721035486598686,-2.3111968116333754,5.032367292207838,1.1529815077512746,0.6318459299311348,0.13731155211645468,1100000000.0,0.9699069306158926,1740188000.0,-0.2514667174996371,-1.141562818752106,1.6825066602126963,0.5585837714849086,0.17155708070126813,0.0519667008189397,1100000000.0,0.9742835099733305,1743625000.0,-0.2523214051519768,-1.1463601210117085,1.690485894560486,0.5586933986569598,0.17304907402377762,0.05192221936882808,156750000.0,2.2830627278073425,1452125000.0,-0.036672028542835106,-2.2281433038358522,6.953102734155449,1.037593786606642,0.7516905711971638,0.12133942688717253,1700000000.0,1.0381174484698419,2167625000.0,0.0070138471922846475,-1.0397613747279983,2.253356145592968,0.32136273433225276,0.1939863492879652,0.03687608531011727,1700000000.0,0.6720262307436496,3451125000.0,-0.9076022890539487,-1.5824128143112826,1.2057621057387877,0.2924234017108198,0.23939922095797414,0.05650587781993893,1700000000.0,0.6702584367379861,3452188000.0,-0.9084308948671583,-1.5813934902527955,1.2061856935210542,0.2925293891072998,0.23914232716568004,0.05643774304645959,1700000000.0,0.5880952212201869,2165500000.0,0.018100648890127226,-0.6415061463957146,2.091258662896701,0.3178148974542841,0.2563726091192941,0.03607735763895509
A25,D04,maduro,134063000.0,2.777224257019474,1551125000.0,0.6812846415797311,-2.0787407421470974,5.582524704287168,1.1990459334018109,0.6644398192125865,0.14000031610742678,1100000000.0,0.9732106963570382,1739500000.0,0.04936843522952314,-0.8377526881589243,1.6846835077799478,0.5366227336008024,0.18748132431699677,0.05373013010685299,1100000000.0,0.978124424158797,1744312000.0,0.04894893061292342,-0.844189313150455,1.6990426128322589,0.5366155054369167,0.18939041248496344,0.05372991130806269,129250000.0,2.6101247806344445,1447312000.0,-0.07139237820816362,-2.5921894969484875,7.34859344968214,1.0505519573716466,0.7131055030594389,0.12007467965588577,1700000000.0,1.0963727092440747,2169750000.0,0.7244329160943369,-0.3489185626138563,2.060458929607769,0.3263019361865959,0.17397089112676745,0.03609228303478285,1700000000.0,0.5877518436546867,3450062000.0,-0.5614393392203445,-1.1571582484010436,1.0917420109096851,0.2784098207598031,0.24370788543309568,0.056655417353073695,1700000000.0,0.5839143177274582,3445812000.0,-0.562137767655882,-1.1505287981678889,1.0866843389557739,0.27815135740342944,0.24354318884929232,0.05667422613162723,1700000000.0,0.9267134964712115,2169750000.0,-0.049595115597024814,-1.017346130242402,2.7478215632388787,0.3668979918018175,0.34036044861166687,0.04111932939937929
A25,D05,maduro,145750000.0,2.5696600225236645,1551812000.0,0.06103758964544673,-2.4896404084394916,5.128252950782034,1.1622157219223066,0.6562471345245711,0.13967753631645763,1100000000.0,1.026514788591972,1743625000.0,-0.2552279556316256,-1.186916830937856,1.7475907913187716,0.5646529955063667,0.1745300413298957,0.052650595873238,1100000000.0,1.034931449334378,1744312000.0,-0.2582236925053224,-1.1972185424884036,1.7813780221687834,0.5662891670087656,0.17662789647840685,0.052809943318600526,141625000.0,2.5183367277843827,1448688000.0,-0.0690091620649742,-2.507337454121947,7.28582557956097,1.057095110734899,0.6785968944111567,0.11908411950398602,1700000000.0,1.0664896880399979,2169750000.0,0.0007663317857112495,-1.0667640319619593,2.1572574478359714,0.3170656364396715,0.19147383057517958,0.03641807670805283,1700000000.0,0.6257339102577405,3450062000.0,-0.9177681761850486,-1.5496181074771562,1.15916993102912,0.28385868339671816,0.23698513147818726,0.0560696374033057,1700000000.0,0.630458735709943,3452188000.0,-0.9259317767460582,-1.5632944199471197,1.1723107034706859,0.28624466299086654,0.2379694440729291,0.0563099151133391,1700000000.0,0.8790437723664661,2172938000.0,-0.048844001950672365,-0.9637610523050342,2.4184504912515834,0.3196417908784519,0.31193935227182246,0.03847413674534751
A25,D06,maduro,143688000.0,2.5288759121293927,1558688000.0,0.07183078799789183,-2.4587342899497298,5.117567434473853,1.1702115041697745,0.658413867708791,0.1409980951346884,1100000000.0,1.0305365311175907,1731250000.0,-0.2345886914563113,-1.164841929985809,1.7050547451760736,0.5652815281248171,0.16823698572163953,0.05295165325230741,1100000000.0,1.0316832795823125,1729875000.0,-0.2349625133909268,-1.1651171861887053,1.7227186486253676,0.5655607193349409,0.16949898860385865,0.052961233607588046,143688000.0,2.4503910225337298,1456250000.0,-0.02394325586974844,-2.4083088585637276,6.9077830332563375,1.0297668069780364,0.7437865003090929,0.12050130943329164,1700000000.0,1.0469336323312965,2171875000.0,0.0063130346796993085,-1.0465292882160155,2.20652796004095,0.3198865868253194,0.18944296749214537,0.03682467436598604,1700000000.0,0.6315155316261156,3454312000.0,-0.8818573541458475,-1.5246109151625606,1.1569782159126436,0.2763789852958679,0.23978317755207496,0.056362445260646904,1700000000.0,0.6220941807107604,3456438000.0,-0.882137642059406,-1.5145962461176832,1.1570890232937776,0.27667797747010064,0.2408786671613326,0.056381857946529265,1409938000.0,0.9642605305841466,2176125000.0,0.034624566747363146,-0.9539710402492665,3.074431162104551,0.344797288343716,0.34416754682636996,0.03991274598038051
A25,D07,pasado,145062000.0,2.47483984717533,1559375000.0,0.06874400921444558,-2.3963825578836575,5.050533048674881,1.169125008339821,0.660665060496004,0.1409310256092998,1100000000.0,1.076522269891937,1742938000.0,-0.25641301736655625,-1.2263372491525009,1.7619841851807458,0.5770884110805203,0.1757967688004827,0.05389920253862654,1100000000.0,1.0871932665722674,1740875000.0,-0.2596790369323291,-1.2361473003664394,1.7703693743185722,0.5778456197271111,0.17649952448495165,0.0541005870679496,132000000.0,2.522537642295826,1445938000.0,-0.07448573368160821,-2.531256067001678,7.9242089682859005,1.0616708891652082,0.7714032793403912,0.11726844848306221,1700000000.0,1.0660609034329995,2170812000.0,0.003070490667821026,-1.0687462385837185,2.2377265590947246,0.32242728127629544,0.19034354110255344,0.03708680975287287,1700000000.0,0.6434760949629896,3458562000.0,-0.9380983869809509,-1.5976484633810366,1.1790268376942064,0.2829036401731566,0.23104652988353663,0.0556207215508874,1700000000.0,0.6427154392614618,3459625000.0,-0.9457520441456697,-1.6063103057265524,1.181880987775549,0.28446099241194844,0.23075548495131892,0.05583367092105373,1700000000.0,1.1417896289662246,3500000000.0,-0.09715115986192767,-1.2477235339975858,2.7594779692792226,0.35776604346838714,0.37463428013276046,0.042201368660201966
A25,D08,pasado,150562000.0,2.3182150643288706,1560750000.0,0.07810852148778816,-2.2251722192935297,4.793331576701911,1.1624484174663545,0.6486522307384933,0.14022568476097216,1100000000.0,1.0828520244016495,1741562000.0,-0.23937847817054575,-1.2118159504715933,1.7714479195894506,0.5775376199601043,0.17410290980924784,0.05408098930900403,1100000000.0,1.0945105857343898,1742250000.0,-0.24231417764869842,-1.2206016131455704,1.78441883096582,0.5783094182592514,0.1755762768136595,0.05427518010790994,149875000.0,2.4524326129925895,1445250000.0,-0.046670409723255514,-2.4037364233062903,7.31580521843383,1.0100642143132184,0.7005716425272894,0.11393572855250561,1700000000.0,1.0311030288134273,2171875000.0,0.00662419094987141,-1.0456204325433966,2.3280278038811675,0.3266361323206312,0.18409362306456445,0.03789955555977498,1700000000.0,0.6544179627051667,3458562000.0,-0.906859775041636,-1.581899632801833,1.1867241860977613,0.26557081296512547,0.22564275413388282,0.05589554393399066,1700000000.0,0.6546720224885721,3458562000.0,-0.9145542217195961,-1.590543460669291,1.1922735003852367,0.26732857390988307,0.22516891213874946,0.05608067578672754,1700000000.0,1.0072947172580409,2166562000.0,-0.05729601154500211,-1.081836477575986,2.4881774398865333,0.32797248033545123,0.32082089805449104,0.039377861612526474
A26,D02,verde,152625000.0,2.376825933841015,1551812000.0,0.061970532359569806,-2.272346865753257,4.9324238623570364,1.1541087788040485,0.6382524011111308,0.13714408293480881,1100000000.0,0.9053158787531339,1747750000.0,-0.2580923958612146,-1.1142570424510632,1.6628820363111871,0.5475441668090679,0.17341029503894612,0.05364948095434766,1100000000.0,0.9109370417498958,1745000000.0,-0.25691833813287174,-1.1180926273034992,1.6659042180685173,0.5474962300457241,0.17432773824303033,0.05361777715543509,139562000.0,2.446924867257092,1445938000.0,-0.07053763635754963,-2.4045830126727887,7.049586665208761,1.041760531542773,0.7403641236345975,0.12052236902029109,1700000000.0,1.0238253125103332,2175062000.0,-0.00928163644695064,-1.0515193690834865,2.2911494788029634,0.3276482766308818,0.20464580539755872,0.03827071907142856,1700000000.0,0.6619276817730625,3456438000.0,-0.9266565925119153,-1.5940799477682432,1.2026226528261816,0.28880338312860926,0.23969329000685285,0.05710185883167702,1700000000.0,0.6678404211978394,3454312000.0,-0.9254593462289318,-1.5978205549215234,1.2110641933159663,0.2887598704558694,0.2393876546158463,0.05712771748402681,1700000000.0,0.7943435362090457,2166562000.0,-0.04405935057717978,-0.8730118445465447,2.065096688038878,0.31831109949930364,0.29263731596160425,0.03880533722635092
A26,D03,verde,147125000.0,2.397723384361134,1558688000.0,0.07629535438961418,-2.311699843560204,5.038230955664968,1.1577649928434275,0.6374427914178775,0.13794426377193006,1100000000.0,0.9448157569510465,1742938000.0,-0.233926760857875,-1.1098331695932244,1.677637735402456,0.5429317069844163,0.1716128402293599,0.053645622071366486,1100000000.0,0.9498422110683867,1743625000.0,-0.2346802448587141,-1.1154676346469437,1.6869109823133344,0.5430421325540773,0.17347003107409548,0.05359345337786308,148500000.0,2.364010163796508,1448000000.0,-0.055928499595675585,-2.3322834894114957,7.154749970721589,1.051646164688421,0.7593298637228505,0.12101529713837221,1700000000.0,1.0367890541255973,2169750000.0,0.006628329985962003,-1.0419438726111931,2.319932822926404,0.3281847755875719,0.18829850721116834,0.037829895795222224,1700000000.0,0.6462543543123681,3450062000.0,-0.8938392982385828,-1.5415162518441785,1.170551919021058,0.2878012577630257,0.23736546508212722,0.055849380305639094,1700000000.0,0.643046939600938,3451125000.0,-0.8946764693740227,-1.5387941484226424,1.172000440661834,0.28779548224951523,0.23731489723876995,0.05575687995471235,1700000000.0,0.6675107486170715,2166562000.0,-0.010054262036998529,-0.7442563939073552,2.222295805330902,0.3210728936634864,0.2663642918885606,0.037144415783405174
A26,D04,maduro,134750000.0,2.765973373960645,1552500000.0,0.7383304257535364,-2.0146662812223557,5.632525647806056,1.1983078540429486,0.6591451447066152,0.139901370917753,1100000000.0,0.9389418000210543,1742938000.0,0.11048019581942012,-0.74697654895998,1.6664523678223842,0.5147638563592377,0.18423788974935268,0.055218835787120654,1100000000.0,0.9471827469687853,1744312000.0,0.11049205348693615,-0.7558760064881086,1.676140437802015,0.5145914898281274,0.1862578745263416,0.05517785701723591,115500000.0,2.6318456062883664,1448000000.0,-0.07149655004586779,-2.6118879197366427,7.366184996938196,1.060552883113805,0.7153899448364777,0.12125767331291379,1700000000.0,1.0878662528464542,2169750000.0,0.7861044577671152,-0.2820091929690478,2.0538932442484428,0.3261080689578369,0.1640418232150206,0.036035989286718,1700000000.0,0.5918710777901967,3271562000.0,-0.49378355880238906,-1.0867124456100077,1.0884766528981695,0.2721066085894559,0.23884864859103222,0.05543828858474275,1700000000.0,0.5823655547086599,3268375000.0,-0.49407392434607794,-1.0796264031138858,1.0809257728869965,0.2716599768317009,0.23842008096726786,0.055421314885711476,1700000000.0,0.8423899237198103,2169750000.0,-0.04073631901879039,-0.9247898835559089,2.587113690520736,0.3555981780245839,0.3230626619229388,0.04013501123340598
A26,D05,maduro,144376000.0,2.551902200542214,1555938000.0,0.06702362125714074,-2.4674480499889144,5.105842407239967,1.1644499239393558,0.6652411342588211,0.14029914958627404,1100000000.0,1.0186061431528883,1743625000.0,-0.23828516894709786,-1.166643458038696,1.768440764160094,0.5512909270329881,0.17578306021795356,0.054704128517958396,1100000000.0,1.0283295335475682,1744312000.0,-0.24114348749511666,-1.1788175713941655,1.7964890141818621,0.5529305640329187,0.1781958372890442,0.05488242662147186,118250000.0,2.7226083738536775,1446625000.0,-0.09486339712330376,-2.7350409948764125,7.643463974904112,1.0780314930336556,0.6932578112635561,0.11945798351363802,1700000000.0,1.0641384897740065,2170812000.0,0.0030104579853281166,-1.063672764680659,2.1889839156118756,0.3201872523513743,0.1842516432962834,0.037036552453473176,1700000000.0,0.6176111266468554,3450062000.0,-0.9078220089056728,-1.525183718165537,1.1298466558216624,0.28344190333065533,0.2373996373747157,0.05549911316566542,1700000000.0,0.6241143071533979,3450062000.0,-0.9157218150169831,-1.5375414621803782,1.1413556179878661,0.28565519699295094,0.2377910590357883,0.055774299973515545,1700000000.0,0.9564388864740793,2171875000.0,-0.09138263424976195,-1.0661675056060693,2.5285430461391254,0.3399266044212047,0.3530199410379068,0.041365149113718365
A26,D06,maduro,143000000.0,2.5484881607201753,1558688000.0,0.07415273846411702,-2.475804990364791,5.147341902985865,1.169009807253375,0.662266472575304,0.14105379143763974,1100000000.0,1.0158286637037177,1749812000.0,-0.20706253454971954,-1.1205540758596293,1.7519716629179136,0.5517847050361538,0.1701586297650968,0.05526909171317511,1100000000.0,1.016103361064284,1749812000.0,-0.2075003134115162,-1.1209761656987345,1.7628031311817263,0.5519335650090597,0.17150228809728005,0.05525709866931449,126500000.0,2.5705942155126023,1456250000.0,-0.02783452606395603,-2.5326592861238844,7.0092439916307825,1.0459926606260654,0.7529738848825871,0.122312243202123,1700000000.0,1.0523512371113728,2171875000.0,0.006104065896747809,-1.049367468123414,2.1876030216522038,0.31910543284376497,0.18496290857025405,0.03682330614742882,1700000000.0,0.6169469200706438,3453250000.0,-0.8549061354060047,-1.4756019717786863,1.1242825511965484,0.27218148308471063,0.23817319421822547,0.05538404176935776,1700000000.0,0.6137394586329077,3452188000.0,-0.8552646937503379,-1.4700625859662084,1.1270993200714658,0.2722670547796876,0.2387294873007709,0.055347204913935986,1409938000.0,0.9211050981338702,2176125000.0,0.036263403475388006,-0.9227272976249459,3.041005628321182,0.3472691526330246,0.34732041923580265,0.04010577658355026
A26,D07,pasado,144375000.0,2.494878618896138,1559375000.0,0.07328499201241787,-2.4086178425566214,5.096919019801815,1.174302879273415,0.6675613996308561,0.14177756279001663,1100000000.0,1.073460349946563,1742938000.0,-0.2288657649225575,-1.1941371096463667,1.81388259581322,0.5663371704728375,0.17830282342712278,0.05654309111798805,1100000000.0,1.0825741283265835,1742250000.0,-0.23185992486653104,-1.203096975542738,1.825340142466554,0.5671335293686622,0.17952944370271964,0.056757320713184324,129937000.0,2.6081100099542094,1445938000.0,-0.07286760187735675,-2.594749334170733,7.96889660997552,1.0740368364712585,0.7703857104503615,0.11883674123584763,1700000000.0,1.075950621686775,2170812000.0,0.0038548432019426863,-1.0788669632046608,2.241550092141285,0.32318013573397003,0.18583344760745352,0.03731391459133052,1700000000.0,0.6625580566587193,3458562000.0,-0.9121637050723892,-1.5724004897240835,1.167271306682094,0.2794152704154178,0.23092160879100518,0.05535567320300065,1700000000.0,0.6607814499795521,3459625000.0,-0.9196769441230255,-1.579271337243315,1.1699901932291445,0.28098223742549205,0.23115148861044976,0.05560617498228209,1700000000.0,1.0498894342193301,2166562000.0,-0.08978878619437937,-1.1527355361555187,2.659011316929197,0.355665940252062,0.3689520731978186,0.042402027297077365
A26,D08,pasado,147813000.0,2.3635420705858046,1561438000.0,0.08139326192443204,-2.2719410983788686,4.892090993980807,1.1745113952209836,0.6603049285435308,0.1418616778169028,1100000000.0,1.0792513698077446,1742938000.0,-0.21606575129639344,-1.1822476064802387,1.798353334186433,0.5692064659359295,0.17668684240693305,0.0565911393538729,1100000000.0,1.089502761795335,1740875000.0,-0.218854539476153,-1.189652553758227,1.8057762954930743,0.5699427219886813,0.17835811812271601,0.05680035432088884,139562000.0,2.530464565709727,1445938000.0,-0.04944889534092182,-2.4779320693147247,7.449330279847659,1.0322774776335981,0.7085999108620362,0.11636084559882748,1700000000.0,1.047608920138274,2171875000.0,0.006504826200102714,-1.059249664407031,2.3153626410336656,0.32641278462140244,0.18055111442999627,0.03797774627507758,1700000000.0,0.6832098940835232,3459625000.0,-0.887303214021417,-1.5829350578824082,1.2108393545368499,0.26772050867653324,0.22461528432626454,0.055857026556609325,1700000000.0,0.683920111965137,3458562000.0,-0.8949209082394771,-1.5908168370081568,1.2148158242034919,0.26956051766625827,0.22495403845342532,0.05607306848532406,1700000000.0,0.9729202550340982,2166562000.0,-0.054988461675784424,-1.0480434085324943,2.429102027351886,0.32879129338820806,0.31622584918699964,0.03980762914283997
A27,D02,maduro,158813000.0,2.2283326609481184,1553188000.0,0.06453799675756693,-2.1288568587805887,4.756465098470754,1.1310204060876876,0.6183307885805001,0.13423442296338312,1100000000.0,0.9114282650852578,1744312000.0,-0.25542012176930357,-1.1046407523913184,1.623326277819356,0.5393308343934893,0.17050339524001562,0.052804521512559065,1100000000.0,0.9152149415019898,1742250000.0,-0.2548736195778778,-1.1085756404146883,1.6316541109694258,0.5395367658943231,0.17156714300880743,0.052808926253119795,151938000.0,2.387774306991511,1445938000.0,-0.0642013852900616,-2.3488354463285614,6.957300773302011,1.0321904695912398,0.7452473700343899,0.12014675887717334,1700000000.0,0.9829020602887232,2174000000.0,-0.004433580337572941,-1.0081527952938174,2.2286176704952334,0.3150955030286892,0.20061947811364894,0.036785978910330544,1700000000.0,0.7083931280162628,3449000000.0,-0.9088254048436467,-1.6219412756880147,1.2597611697593456,0.297146814390956,0.24369232947546632,0.05904271125862572,1700000000.0,0.7164918616556086,3454312000.0,-0.9081087638373158,-1.6288158569365805,1.2730420760184642,0.2972176968208478,0.24373267073489369,0.05909238409831806,1700000000.0,0.6968160642569742,2165500000.0,-0.01947844092961859,-0.7669515700907792,2.0369809723804115,0.31841421425053373,0.2743614822750893,0.03792125692575912
A27,D03,maduro,152626000.0,2.2770075309002538,1559375000.0,0.07326316985462333,-2.1986717045918587,4.885405418735903,1.1304967784717128,0.6107037729516475,0.13452972075908518,1100000000.0,0.9396744803767698,1740188000.0,-0.23984573999944797,-1.1058627030931358,1.6341141759934277,0.5364999713956264,0.16819860216129398,0.0527130148323425,1100000000.0,0.9421674741600229,1743625000.0,-0.2399740330935731,-1.109317242867417,1.6406154367929027,0.536383265169459,0.16942979698125912,0.052649285190847,151250000.0,2.3035838306831504,1450062000.0,-0.05513405768515602,-2.2805866668827806,7.019796327384801,1.0453124364951505,0.7507558873722249,0.11991120856499725,1700000000.0,0.9832938327378319,2170812000.0,0.005968324556779419,-0.9945458905043157,2.222083583703937,0.3129985790451549,0.17867375333124308,0.03611682829475861,1700000000.0,0.6980939057474304,3455375000.0,-0.8913512565919601,-1.592561684695995,1.2403648942733458,0.29616551413008885,0.24229782874638797,0.058487141031216036,1700000000.0,0.6980917135825271,3454312000.0,-0.891457868207333,-1.592032157026345,1.2451390433959018,0.296276798941382,0.24267563380734195,0.05841442080002009,1700000000.0,0.6305561380380555,2169750000.0,-0.011178499689114193,-0.7081156141624456,2.0399166121828527,0.3166815542869279,0.27547395948232983,0.03739784487947017
A27,D04,maduro,140938000.0,2.5982856511751065,1552500000.0,0.7495748020695434,-1.8219792147079694,5.345439774081623,1.1661915505605691,0.6401360485683105,0.13624278848668459,1100000000.0,0.9376168797466261,1742938000.0,0.1013543858548421,-0.7544835638722125,1.6252945973112283,0.5104268635149768,0.18312767626401932,0.054184451527571544,1100000000.0,0.9439670061772324,1744312000.0,0.10168753897290295,-0.7606921788178413,1.6321985570367907,0.5102629795605872,0.18478958965019399,0.05417451712892714,113437000.0,2.7305664254617312,1447312000.0,-0.08698356639555228,-2.74594562876454,7.454132136691036,1.0552184444576627,0.7012831827993368,0.11885225840603066,1700000000.0,1.0082732157395906,2171875000.0,0.8001029637721279,-0.20344552245355144,1.9531705362195217,0.31435833056810386,0.15161122358064974,0.034602411513951215,1700000000.0,0.6236834994443616,3443688000.0,-0.4994962463972998,-1.1230578049994027,1.1157254775129755,0.2832903844102105,0.2457664728066194,0.05815019422011149,1700000000.0,0.6184098658138567,3445812000.0,-0.4995487239103395,-1.1224200318944073,1.1167293497896467,0.2830604092399774,0.24587871140542,0.05817793921477218,1700000000.0,1.0580045533403075,2048625000.0,-0.07201786633259333,-1.1607023980142326,2.8634156990425668,0.3843861023478961,0.36763823369975146,0.044167138399153205
A27,D05,maduro,149188000.0,2.4274703645543356,1555250000.0,0.06728956894768463,-2.345132327720649,4.947547312611604,1.1450853706316277,0.6450328183235072,0.1377388362860718,1100000000.0,1.0055198726300005,1743625000.0,-0.24599564582533562,-1.1643142272096756,1.7313275197823201,0.5511980553516177,0.17369853451674705,0.05344218056557215,1100000000.0,1.0145741457955881,1744312000.0,-0.24945659873533252,-1.1766669839749195,1.7601002024812822,0.5527427959363258,0.17590958601146647,0.053609380700982326,125125000.0,2.621467070312523,1446625000.0,-0.08057307715749783,-2.622462614034389,7.485654035342965,1.0672235245196249,0.6953848738287787,0.1195664840953161,1700000000.0,1.0130963217567093,2169750000.0,0.006225840745212768,-1.0158200994428348,2.120953587277067,0.30700026970481803,0.17589296555736716,0.03546110686223769,1700000000.0,0.6645259419287768,3453250000.0,-0.9098247245632592,-1.5751606500236093,1.1836958024938018,0.29226704461098757,0.24293041827547399,0.057735958145863235,1700000000.0,0.6645239707917429,3451125000.0,-0.9185855722290911,-1.584306746982588,1.188906587734472,0.29465985963791025,0.24415593791512782,0.05797734705189383,1700000000.0,0.8846170732591224,2172938000.0,-0.06639178541012682,-0.9858894369342504,2.572454298810716,0.34209775718448615,0.3371658420161677,0.04052899486551296
A27,D06,maduro,152625000.0,2.318382473688813,1558688000.0,0.07193034072114932,-2.250195915736991,4.8196119400139645,1.1198699052294954,0.6249478521834404,0.13500363299805385,1100000000.0,0.9747092105001695,1749812000.0,-0.20281635918580757,-1.0815137800554813,1.6555143183762153,0.5298854471481078,0.16421784241661616,0.053452279688358105,1100000000.0,0.9755714756619427,1743625000.0,-0.2032341410275906,-1.081971497076868,1.6669576630374654,0.530017772168057,0.16550899715919654,0.053430162992764756,143000000.0,2.46456007107114,1456250000.0,-0.029116318914754094,-2.4406218609799,6.767410895038183,1.0153778521669898,0.7328309822053474,0.11862815824770241,1700000000.0,0.9344485845573492,2171875000.0,0.006618680873677789,-0.9469356386947299,2.05188644226022,0.2968034339642068,0.16410955731999588,0.03452417884347746,1700000000.0,0.6549695237373406,3453250000.0,-0.8343184587124389,-1.4967070039031407,1.1606076319805636,0.2760386582981112,0.23923796677921594,0.057349563349784194,1700000000.0,0.6451630145170544,3456438000.0,-0.8346344430161299,-1.4877496712756657,1.16144411664924,0.27622405440236053,0.23931533698072965,0.05729757744187347,289000000.0,0.9343992519869894,2057125000.0,0.03344551700192948,-0.9372387534761488,3.02977361127181,0.3444286436964238,0.3532639798288497,0.04007294834239992
A27,D07,pasado,157438000.0,2.2195698526188137,1560750000.0,0.06860482763990164,-2.1414908120984255,4.676616296514668,1.1055665704115154,0.6157699813289581,0.13331765672552617,1100000000.0,1.0212076734573292,1742938000.0,-0.21486638107401707,-1.1273574665136823,1.6921911819259046,0.5321695029749061,0.17036509352973198,0.054417711239080874,1100000000.0,1.0322215554981264,1741562000.0,-0.21786250988231975,-1.1383017591257438,1.7029497651178356,0.5329248488985537,0.17115937021257635,0.05464777263388805,132688000.0,2.5008630883893357,1446625000.0,-0.07657259812290594,-2.5092579222200992,7.739096405680673,1.0370028119630383,0.751143701887859,0.11408414297379854,1700000000.0,0.9177939350786043,2170812000.0,0.0029521056975803494,-0.9398659794095592,2.0437665806546006,0.2926936592927325,0.16015481674871526,0.034062284293331524,1700000000.0,0.6657721175417919,3460688000.0,-0.8771666204497629,-1.5559279118062324,1.1793296485850346,0.2783783478124621,0.2267082236794777,0.05620840966867368,1700000000.0,0.6596374062995225,3459625000.0,-0.8844663185541938,-1.5600832988118851,1.1779086104180436,0.2799775085619568,0.22721713510010966,0.056482795216608775,1700000000.0,1.0041520701542945,3500000000.0,-0.09117417989456218,-1.1126077648968626,2.5770561089711883,0.34638018790646524,0.36720264785261914,0.042006228754842945
A27,D08,pasado,156063000.0,2.1724795747740075,1562125000.0,0.08027321134679855,-2.081875576165325,4.6095992473113565,1.1379268466023549,0.6309454711228841,0.13721507115812534,1100000000.0,1.0556906885164574,1741562000.0,-0.21413142258917373,-1.1587754624336062,1.7249482770476958,0.5535157864409228,0.17197444053168032,0.055425940237362824,1100000000.0,1.066938238088178,1742250000.0,-0.21683935581779087,-1.16780373802187,1.7353341473265251,0.5542860412264157,0.17349953275828145,0.055649943121557556,151250000.0,2.413965438453723,1445250000.0,-0.04842736215958678,-2.36539805844373,7.245080055283649,1.0070422197140863,0.6959006242808554,0.1134223012064697,1700000000.0,0.9547741037206446,2171875000.0,0.006775863247118418,-0.9824099728681096,2.251383182945565,0.31545719243446824,0.18468881642429508,0.03688412803945125,1700000000.0,0.6914573452736686,3456438000.0,-0.8841158986705835,-1.5939579021909092,1.224182107101335,0.27051249042647313,0.22705335392986062,0.05729936151230786,1700000000.0,0.6961743750048652,3458562000.0,-0.8917336738298778,-1.604380267809754,1.2290243689851317,0.2725189593984922,0.22704376527044276,0.05751366310474997,1700000000.0,0.9679165184099287,2165500000.0,-0.05361243569917011,-1.0384989683715438,2.436904868802554,0.3283185917130119,0.31889749079709806,0.039905071736323815
A28,D02,verde,156063000.0,2.1913007879997495,1553188000.0,0.07149491496510292,-2.0952262086898594,4.671644312560504,1.08683048820646,0.6285993550048735,0.12885249017703942,1100000000.0,0.9100217708525266,1747750000.0,-0.09220171431472292,-0.8497751209233071,1.4124871185187786,0.4271187042146962,0.16376025453904436,0.054345062112578384,1100000000.0,0.9113328097728921,1745000000.0,-0.09191486868734007,-0.8528093646606872,1.4185266379491996,0.4271970715272156,0.16461114328394388,0.054312440508306116,161562000.0,2.2088118287540137,1463812000.0,-0.051447505144597866,-2.1578406656108866,6.640841962359496,0.989117790304286,0.7443662431863107,0.11527625202066774,1700000000.0,0.8734870192430639,2175062000.0,-0.005083083771958095,-0.9021088730835725,1.9190749661962834,0.28283892909230507,0.16867733719776073,0.03317803367641594,1700000000.0,0.5957149313685279,3458562000.0,-0.6488991433877117,-1.254596166399446,1.082287437732959,0.2626755322870733,0.222503789835995,0.05383323416251193,1700000000.0,0.5996061513190651,3454312000.0,-0.6484565999456054,-1.2593199570274225,1.0937236157972325,0.2624786790501878,0.2229504649318913,0.05383726128872765,1700000000.0,0.7018353514545582,2162312000.0,-0.0006843261231488379,-0.7372816506535305,2.0684229263756206,0.28762807850590416,0.28215301555674016,0.03464762573664958
A28,D03,verde,153312000.0,2.2622069446914033,1559375000.0,0.07895840649411857,-2.1816319599967686,4.859248742106833,1.0836619921134163,0.6199096734964858,0.12886679331107584,1100000000.0,0.9422586071698988,1743625000.0,-0.08231838977164394,-0.8573494841265386,1.4217393970009828,0.4223867245676881,0.16061509700294965,0.05452232857525214,1100000000.0,0.9477952594969155,1745000000.0,-0.08214604406239445,-0.8639432588041851,1.433413917957549,0.42251921622176886,0.16084303109408804,0.05450061598969236,151250000.0,2.249705905770185,1451438000.0,-0.05704341004695774,-2.2161328157606452,6.742886553538325,1.0076761541738695,0.7228904305751491,0.11408784190657759,1700000000.0,0.8758659419950604,2170812000.0,0.0043974421684423795,-0.8789385121932326,1.863871293063597,0.27917707026817845,0.15377996196488675,0.032397752868993095,1700000000.0,0.576667346245891,3452188000.0,-0.636432562046936,-1.2193055192219522,1.0582237125104912,0.25913558389470964,0.21886268216342,0.053279719829225906,1700000000.0,0.5763897662188681,3454312000.0,-0.6363887966557172,-1.2191752250872994,1.0635785271982066,0.25929060706056506,0.21944050671344434,0.05325305866124715,1700000000.0,0.6069983509546348,2169750000.0,-0.009701063339357429,-0.6624315646663949,1.7647131294712697,0.27554203722075965,0.24604902065363854,0.033288004540901146
A28,D04,maduro,138187000.0,2.6229056276146228,1552500000.0,0.7687409346393316,-1.8364788518161859,5.422710875021026,1.127400650163222,0.6618373177843052,0.13236991008134275,1100000000.0,0.9421285572110287,1742938000.0,0.2693610198297938,-0.4981763569814933,1.393440435241366,0.3990490412439408,0.17383454551516103,0.05580573910733452,1100000000.0,0.9521185982979302,1744312000.0,0.2693663094519804,-0.5055757857732747,1.4002818569554623,0.39888426262072885,0.17552490661241962,0.05579083673579127,116188000.0,2.5727205453807875,1447312000.0,-0.0706652665941548,-2.554210975134883,7.015836925680338,1.0110566393353924,0.687537996563441,0.11426464397477654,1700000000.0,0.9457811846054792,2171875000.0,0.8119096865452603,-0.11233299368515638,1.6710901427823903,0.2887283324805832,0.1362747271972754,0.03169340449777255,1700000000.0,0.5202283881147214,3445812000.0,-0.23419707400399992,-0.7523288570160825,0.966242893833323,0.24509446509414384,0.21896003870635333,0.052331896714465004,1700000000.0,0.5106271206348227,3268375000.0,-0.23466344724085117,-0.7465961267025996,0.9628805193983304,0.2448177413375839,0.21864855447319118,0.052356491488213065,1700000000.0,0.8952726371228894,2168688000.0,-0.045971564563544946,-0.9661164569238323,2.461454704982633,0.3261425332799665,0.2980983141082162,0.03694537634075645
A28,D05,maduro,149874000.0,2.3629544290329534,1558000000.0,0.07531942855678302,-2.275412906979914,4.867094518395021,1.079541564975026,0.6461368954810984,0.13047436531146747,1100000000.0,0.9919200153252142,1744312000.0,-0.07467393493063612,-0.8854399975736239,1.4784719478411081,0.4249895019353036,0.16348036758099121,0.05472927587408816,1100000000.0,1.0019248801177756,1744312000.0,-0.07828704199979838,-0.8977967375765826,1.4931461824780952,0.42664664803812563,0.16554742348091034,0.05489562485166025,129250000.0,2.430836070309947,1447312000.0,-0.0739313628479223,-2.434020084071528,7.0003006432487505,1.005927938199841,0.6720105091937925,0.11255324467674502,1700000000.0,0.8911364033615933,2170812000.0,0.006816570754217528,-0.8873677417139009,1.7711655666171382,0.2715642210429698,0.1479909277512056,0.031475497356696726,1700000000.0,0.5521972720039753,3453250000.0,-0.6320595322322655,-1.1835656510966146,1.0188709626210093,0.252496786332742,0.2128398083065998,0.05132884688717977,1700000000.0,0.5613525529227462,3450062000.0,-0.6411787497980657,-1.1993916020882047,1.0324786213029997,0.2547536429099239,0.21320996678655438,0.05153625940139619,1700000000.0,0.7713728260650062,2172938000.0,-0.05333784593551328,-0.8544768085853143,2.208903273532104,0.29404116384639123,0.27255585309837366,0.034302062091849696
A28,D06,pasado,150563000.0,2.3248260257268774,1559375000.0,0.07845407525606482,-2.250479288587909,4.863430931148983,1.0833128433614054,0.6482135315906923,0.13115707861260656,1100000000.0,0.9957250118629556,1750500000.0,-0.0499614022203823,-0.8535567962418202,1.4575055911925794,0.42079815205361143,0.15724643993501802,0.05567505021820061,1100000000.0,0.9933716956801883,1749812000.0,-0.050086525789671224,-0.8521509186835924,1.4530360402301508,0.42081533459824855,0.15812239331204775,0.05566598504916815,128562000.0,2.458837013932905,1456250000.0,-0.032291054235072156,-2.430856093395169,6.476994546865228,0.9756239257116375,0.6927690382028258,0.11312732468613239,1700000000.0,0.8796272257347608,2171875000.0,0.005155617710327119,-0.8823580872446879,1.7821679473309762,0.27320288338029136,0.14660177332373103,0.031891123958088456,1700000000.0,0.5644487455367677,3454312000.0,-0.5898878154289094,-1.158326811048676,1.0290218153175756,0.24219147634136845,0.21446009130567908,0.05219991335895326,1700000000.0,0.5591018201977886,3454312000.0,-0.5898420567354549,-1.1527312775705503,1.0298374907069778,0.24225238563801793,0.2144773079994259,0.0521778429628342,1700000000.0,0.8697121364332815,2176125000.0,0.028513058519863115,-0.8639408792051471,2.6414933988255482,0.30223996623299176,0.30595708482329415,0.03573363508170956
A28,D07,pasado,151250000.0,2.305794652293549,1560750000.0,0.07665866713668368,-2.219573675737681,4.8142824107228055,1.0910689831043159,0.6556623521233366,0.13207460752138192,1100000000.0,1.0645123717446943,1745688000.0,-0.08977078514135062,-0.9514065173035734,1.5482547345424664,0.4435652876798983,0.16566089147151886,0.05698355763229291,1100000000.0,1.0647190883884323,1745000000.0,-0.09326329705290833,-0.9588213677612006,1.5474899872031482,0.4442310660380972,0.1677672828481684,0.05721707436460007,112750000.0,2.6564305512113324,1446625000.0,-0.11295787912205567,-2.6959619587716444,8.158436259964667,1.046781672406684,0.7828467124448591,0.11172910026810452,1700000000.0,0.887603248254436,2170812000.0,0.004789023036053051,-0.8904403831616652,1.810261687282887,0.2733043400879708,0.14754237724228242,0.03169584940288734,1700000000.0,0.6019887142928397,3458562000.0,-0.6896674604795521,-1.2858134277836113,1.0525339782921803,0.2571088869582253,0.20691189204167537,0.05082858763498592,1700000000.0,0.6022593513962352,3460688000.0,-0.6980022766320845,-1.291962242247989,1.0549038047111674,0.2586598291791876,0.20649740502334554,0.0510763580199137,1400375000.0,1.5478430383092705,3500000000.0,-0.16662451412348023,-1.6986032834432943,3.3388150278303685,0.39091471653476173,0.44418367236024264,0.04587969065121651
A28,D08,pasado,155374000.0,2.1420840287375666,1562812000.0,0.08617088947251894,-2.047216805027591,4.5896436999181605,1.0928291386161952,0.6510552359482619,0.1320667930623778,1100000000.0,1.0475902473391474,1742938000.0,-0.05350415056972787,-0.8942736121057213,1.5061693721529485,0.4370354284183287,0.1672734328192877,0.05728739670032979,1100000000.0,1.0543982906889175,1742250000.0,-0.05651091813572165,-0.9019907124203425,1.5025385362118193,0.4378142481848161,0.16934714690477584,0.057520833670881594,151250000.0,2.3347263571110193,1445250000.0,-0.0464841350451208,-2.299380891482181,6.98758984821235,0.9677244488858735,0.6821953212035172,0.1089109888238684,1700000000.0,0.867688836947849,2172938000.0,0.007222422777993311,-0.8861207562077915,1.928410333207246,0.2838504714466187,0.1473975869312003,0.03326347904562057,1700000000.0,0.5962472709427875,3459625000.0,-0.6281559993557695,-1.2389836223662052,1.0670026756798672,0.23721796612636034,0.20057881720856927,0.050824761867133604,1700000000.0,0.5979361705545868,3458562000.0,-0.636230395100073,-1.2472519958064123,1.0725773456838292,0.23911205053810303,0.19965573845617623,0.05107159356038414,1700000000.0,0.8355932693131088,2166562000.0,-0.04240560934449229,-0.8964045601741029,2.1782014345896537,0.2929790453855895,0.27698238977398393,0.035110445927040074
A29,D02,verde,185625000.0,2.0020036011989615,1360688000.0,0.07139730433701137,-1.89826763268513,4.249227962303264,1.0698551056436698,0.5463403531567472,0.12629653297097237,1100000000.0,0.7675983048243987,1747750000.0,-0.20275162119919615,-0.9523984598301989,1.5329545682752883,0.4911078704707991,0.1683998885832368,0.05366513760516266,1100000000.0,0.7687067438313455,1745000000.0,-0.20228297724098296,-0.9542116489209711,1.5345546585309413,0.4912122258265934,0.1691897868166401,0.05364081620236272,818125000.0,1.9456081573945416,1459688000.0,-0.055641340541092627,-1.9368360015004595,6.288191115115338,0.978940517917997,0.7392302891503225,0.11410016678105218,1700000000.0,0.8942315217088732,2175062000.0,0.0003934017786060877,-0.9421731044130173,2.516843768012012,0.3435716605497584,0.2605928926222709,0.04047983617375766,1700000000.0,0.6975611940884923,3454312000.0,-0.8254657138276167,-1.5408582112325049,1.2447932393187013,0.29017958800312105,0.24265842910504526,0.06070868255417372,1700000000.0,0.7008224796844182,3453250000.0,-0.8247700906096525,-1.5425385826382758,1.2543037266176973,0.28996522999693103,0.24296034734927383,0.060701590542970404,1700000000.0,0.8063548711095373,2057125000.0,0.009882823981230719,-0.8324658645567761,2.209961521859308,0.305981599358033,0.30156552475062404,0.03694880901183383
A29,D03,verde,182875000.0,1.9564681911592885,1356562000.0,0.07948681799177391,-1.8625226518479019,4.284726212750433,1.073530607377996,0.5621508779148999,0.127070209556409,1100000000.0,0.8052628691236627,1742938000.0,-0.19151804223745048,-0.9656210757047543,1.5543255791033332,0.48852372590214044,0.16813644305793238,0.054117927734112115,1100000000.0,0.8075394104635982,1743625000.0,-0.19126084637322835,-0.9690257824236601,1.5597062037511562,0.4888015896383397,0.16941882374704506,0.054102158314362894,817438000.0,2.0689304337416985,1451438000.0,-0.059459276847595915,-2.0763956417539116,6.6035515843923065,1.002739227598959,0.7311184186488513,0.1138900927247344,1700000000.0,0.8719196290486412,2174000000.0,0.010122995153857851,-0.9047051701348294,2.434509156470212,0.34093204127732246,0.2303543983882814,0.03988934854400182,1700000000.0,0.6826731706826724,3452188000.0,-0.8136811029618399,-1.5112497029464886,1.2086930928166595,0.28961449539226347,0.2416960648249648,0.06040955591242589,1700000000.0,0.6838001180524087,3451125000.0,-0.8135378741968899,-1.5112888699706215,1.2127243536338865,0.28979457970442146,0.2416517670082627,0.06039531294694648,1700000000.0,0.800303745507308,2052875000.0,-0.003248130667176205,-0.8498395226964675,2.1662678210558783,0.30979134273141107,0.2927275228797203,0.037562016367463695
A29,D04,maduro,151250000.0,2.2418203073111886,1559375000.0,0.7824659032564513,-1.3976290448487536,4.789154198295429,1.1035981405486983,0.5951999832481649,0.13041493387486178,1100000000.0,0.7933942231711728,1742938000.0,0.17416723854545282,-0.5808018221891749,1.5360566278067531,0.46082319940490823,0.17515167704175727,0.054958669561353896,1100000000.0,0.8016695329496406,1744312000.0,0.17383408602947567,-0.5892096315521569,1.5458394292178195,0.4606039577831051,0.17695122248486245,0.054926077735163885,148500000.0,2.376822446880864,1447312000.0,-0.06711498948918299,-2.378106820823593,6.810269628593371,1.000491649589998,0.6991379180998004,0.11418597315574337,1700000000.0,0.9155348786360811,2175062000.0,0.8316107232477455,-0.12727158139210598,2.2024442716099393,0.34339296513783873,0.20055418076485276,0.03809245695704603,1700000000.0,0.6260713033081737,3445812000.0,-0.3891697250521928,-1.0315960882643185,1.1466907166183145,0.27565245045703174,0.2392999377786056,0.05940670478399693,1700000000.0,0.6199609325256702,3447938000.0,-0.3899360634992661,-1.0244925935128393,1.141941457376782,0.2751665968526309,0.23930463227836768,0.05940426462123452,1700000000.0,0.9598814227892668,2048625000.0,-0.022393864915470376,-1.0168642982375253,2.5835525997887148,0.34222908160319904,0.29051701671340535,0.03842395359139739
A29,D05,maduro,170500000.0,1.9795878621010896,1561438000.0,0.07444808752491915,-1.8828767650216265,4.212557771225314,1.0568801975239757,0.5702713851064602,0.1271488637240538,1100000000.0,0.8362282196225349,1744312000.0,-0.17563656647436168,-0.9668842275668721,1.612808888219034,0.4862051510640305,0.16937560375829022,0.05421308287631096,1100000000.0,0.8473586964864875,1744312000.0,-0.17936968919614232,-0.98082409928515,1.638936805267925,0.48785349185359517,0.17131077938287512,0.05436626675405289,150563000.0,2.305329139005682,1467250000.0,-0.08086678671513475,-2.3367653109429574,6.9391138487523,1.0098094745002666,0.6916857306887666,0.11323279087802722,1700000000.0,0.8560261934738047,2172938000.0,0.009684393043288463,-0.8823984890187991,2.2587038146392784,0.3194915962213151,0.21629447297801843,0.03781925337371795,1700000000.0,0.6302095222371749,3445812000.0,-0.796986911120107,-1.448965541969883,1.1584355717077244,0.28474021984391773,0.23459245160428677,0.05839049630019267,1700000000.0,0.6358789098635664,3447938000.0,-0.8058110468839396,-1.4644213878371812,1.1699735426455427,0.2867101518297328,0.23522745725197494,0.05859993659070807,1700000000.0,0.8716355298870865,2053938000.0,-0.04853588072618247,-0.9468742333948099,2.427556996702231,0.3200355269164082,0.3158467444051479,0.03845246837194487
A29,D06,maduro,168438000.0,1.9814128344542934,1562125000.0,0.08130362671881856,-1.8904430182536553,4.2225284903082905,1.0747020871994124,0.5962407756747414,0.12934468120769793,1100000000.0,0.8387449123197921,1749812000.0,-0.1550873407066831,-0.9396440367979477,1.5884519442769451,0.48448827944004463,0.16365063817305137,0.054975846203402255,1100000000.0,0.8378933005678721,1749812000.0,-0.15497064717479087,-0.9392708678132262,1.593457049773976,0.48453988211131305,0.1655798152913874,0.054975607900147924,148500000.0,2.2707635610675387,1456250000.0,-0.037726178223199645,-2.279735017020733,6.298552472321538,0.9743486714161705,0.6943133258056999,0.11345162995047843,1700000000.0,0.8124411730552108,2175062000.0,0.009505704272015343,-0.8468117996790564,2.218495995803504,0.3244015485160812,0.22369827865514252,0.038662114411452404,1700000000.0,0.6200456843184586,3454312000.0,-0.7510653172906572,-1.3994915165357134,1.13668586099041,0.2721943724955676,0.23973847818538588,0.05953837869182606,1700000000.0,0.615412753281372,3453250000.0,-0.750864285223554,-1.391733755342329,1.1342282045044247,0.27228390891306886,0.24021696813278384,0.059533883663127625,289000000.0,1.1413331960925774,2057125000.0,0.030199027663984225,-1.1552278340022866,3.0589396687740313,0.33224425896146226,0.35404867347317165,0.03918725070516986
A29,D07,pasado,165000000.0,2.0164884899092756,1563500000.0,0.08026978448914472,-1.9130848160997014,4.27904688209028,1.0887724437362278,0.6040770974048175,0.13107275234651034,1100000000.0,0.8965491422887897,1745000000.0,-0.18513790247853007,-1.0168673253516058,1.6586530221271478,0.498774887064144,0.17089843255952175,0.05566503503314776,1100000000.0,0.9037975523140349,1745000000.0,-0.18856854517411067,-1.027140414865628,1.6670681753467482,0.4994561021289307,0.1722896644914371,0.05590347224352243,116874000.0,2.4247069254451947,1447312000.0,-0.10515316555489541,-2.489545288848459,7.895436821174366,1.0381229773752716,0.7873925244073895,0.11216171991681828,1700000000.0,0.8435464777275947,2175062000.0,0.0090441592107915,-0.8669274583163668,2.232379637416289,0.3237047281572499,0.21447390124068705,0.03843236241287584,1700000000.0,0.6361836824014608,3460688000.0,-0.8187631139370173,-1.4893697856191859,1.171577024360414,0.2854349233989747,0.2346172445365101,0.058942029534067596,1700000000.0,0.6374839783357925,3460688000.0,-0.8270204799166426,-1.4960585262404056,1.1730788251746018,0.2870258027930991,0.2347162639271358,0.05922379578908102,1400375000.0,1.449734778519675,3500000000.0,-0.1347470328282562,-1.5883958935858722,3.1148749428013076,0.37664038801216065,0.43340650177433343,0.046321305633574436
A29,D08,pasado,182188000.0,1.9366302211767352,1370312000.0,0.09068393951452929,-1.8210838226777466,4.081304084547779,1.073760800442215,0.5954470813470067,0.12879489166512922,1100000000.0,0.8694639599766176,1739500000.0,-0.14942110013026969,-0.9484898841286251,1.5946299383102382,0.48711994581923623,0.16689496777367652,0.05511214546012932,1100000000.0,0.8800533719094341,1742250000.0,-0.15306257854843366,-0.9591882237829688,1.6034824588005556,0.4879198759325963,0.16886117238578394,0.055320425567427875,817438000.0,2.106964914497685,1445938000.0,-0.043846160381591934,-2.0913324931013078,6.740487243072107,0.9496368193289817,0.6893507966375236,0.10823855541237053,1700000000.0,0.7421297083951897,2175062000.0,0.013044759476407267,-0.778918556626203,2.203930447309613,0.32989012587750244,0.23703717913648112,0.03930319940774207,1700000000.0,0.6421626059951435,3453250000.0,-0.7404499459427856,-1.4091075306864977,1.1517820856745984,0.2627065614299288,0.22735156471176274,0.058901978233450426,1700000000.0,0.6408443393555665,3456438000.0,-0.7492129895783377,-1.4180106373237875,1.155237755978657,0.26439042709777255,0.22696643571294295,0.05910788905372825,1700000000.0,0.6842090582906897,3496812000.0,-0.02829354879653385,-0.7419192014931957,2.1858769861782728,0.3043560340825495,0.2940893452911466,0.03613886204161164
A30,D02,verde,156062000.0,2.2783968144924795,1558688000.0,0.06719894329044517,-2.169983636248225,4.788281699557393,1.173376350694886,0.6251244315481368,0.1393635726676198,1100000000.0,0.8683544839250492,1747750000.0,-0.298298415577822,-1.1667702455998505,1.7339121075255046,0.5800122444101041,0.17698380658943588,0.05362561903345531,1100000000.0,0.8690202289791622,1747750000.0,-0.29742109265938166,-1.1663204441142525,1.7415367490986249,0.5801926292872758,0.17801519905018953,0.05361702341330087,161563000.0,2.2483570209935424,1444562000.0,-0.05128602484401177,-2.1979436559984165,6.946879456317177,1.0472266998217343,0.7773740577815382,0.12342236988219896,1700000000.0,1.0983610267783936,2172938000.0,-0.0015670167493723561,-1.1245689094631341,2.6198358430060646,0.35986390152619546,0.23891475438576337,0.04192371521857801,1700000000.0,0.6864162620738183,3449000000.0,-0.9911884288293116,-1.6877773180088123,1.2564232916085651,0.2999219104925099,0.2513643086213615,0.059637656379628985,1700000000.0,0.6856661278634817,3454312000.0,-0.9900404408198105,-1.687533506919532,1.25931542096181,0.2997544334667504,0.25114676593258534,0.05968061478810053,1700000000.0,0.6994755207911014,2161250000.0,0.008259487530659294,-0.739352378191091,2.274195055201873,0.33078771997757905,0.3317238766634152,0.04016822442559233
A30,D03,maduro,149874000.0,2.33467276042314,1559375000.0,0.0778473150149034,-2.245846243135261,4.935478302263638,1.1757711921629213,0.6198453392288485,0.13993753335016906,1100000000.0,0.9063340228033048,1742938000.0,-0.28164126929078154,-1.1742152897303946,1.7543482230165854,0.5786489254189946,0.17479258428131614,0.0538870092891196,1100000000.0,0.9131261795176872,1745000000.0,-0.2822982485830032,-1.1806790260771503,1.77347268272597,0.5789469414908593,0.17660110513979746,0.053853181014832205,149876000.0,2.332037227279496,1450062000.0,-0.047632223680838956,-2.303817827664785,7.0428408178501,1.0559084126323783,0.755715382083562,0.12258601002615982,1700000000.0,1.094663165955569,2170812000.0,0.009990012049928295,-1.1081249490526317,2.6009985868443506,0.3568071575861829,0.21212338146068999,0.04117806708509521,1700000000.0,0.6894179087945256,3452188000.0,-0.9785650706955126,-1.6714312363366042,1.2587955702312525,0.3034282555023199,0.24915566734428926,0.05884162420208639,1700000000.0,0.6880823964712364,3451125000.0,-0.9791994511660863,-1.6685005427010178,1.2576877951783785,0.30362105320040333,0.24895352931604867,0.05879406621269817,1700000000.0,0.6094530667809883,2052875000.0,0.006527274783801672,-0.6835668053818496,2.181662975475445,0.33461480310657926,0.2931593875235595,0.03847518365381412
A30,D04,maduro,137500000.0,2.673669468489152,1556625000.0,0.7843896536969176,-1.8549354597929335,5.4774137961507705,1.2179789889379362,0.6487382470247959,0.1422990361868212,1100000000.0,0.8993731921315189,1742250000.0,0.08535343527435302,-0.7908141069296543,1.7588909657951532,0.5519829995532274,0.18505607830297688,0.055247042767817986,1100000000.0,0.9076583398236722,1744312000.0,0.08508561359301328,-0.8001629700779649,1.7709816932635167,0.5518466652765225,0.18665909897136082,0.05521106273173085,125124000.0,2.647880010590512,1447312000.0,-0.05820124539499034,-2.6353468872107273,7.248752101025244,1.0612480518192076,0.6917715405600712,0.12256983387821441,1700000000.0,1.1565201818753907,2171875000.0,0.8370595921379208,-0.3114476619593982,2.3492225627286305,0.35800380186683345,0.1824345650134439,0.03942801608243526,1700000000.0,0.6173331840820362,3450062000.0,-0.552282536622115,-1.172391286229827,1.1491542130276897,0.28575726251641037,0.2493872471824825,0.058230048109424906,1700000000.0,0.6133916650196984,3445812000.0,-0.5530625485019445,-1.1675900439342082,1.1466043241387938,0.28542581455732097,0.249293214806674,0.05820191024166055,1700000000.0,0.8881324860974491,2169750000.0,-0.01859223482468318,-0.9548104905986405,2.7269442022228607,0.36696712680189697,0.3291790769524008,0.04112140057689073
A30,D05,maduro,147812000.0,2.457367508884118,1558000000.0,0.0698960852763995,-2.3681833002395134,4.964479851908544,1.1791568727803394,0.639522304172901,0.14192042953284176,1100000000.0,0.9643171839948272,1742250000.0,-0.2786910979145584,-1.2126265838249077,1.857171283706056,0.586984796121872,0.17828327736806443,0.0544823251206845,1100000000.0,0.9706877125682386,1744312000.0,-0.2822623475834096,-1.2229844176836273,1.8824771608808968,0.5885058525986542,0.18049143488214972,0.05462348981512263,127875000.0,2.608115551145214,1446625000.0,-0.07402768612422968,-2.6095330032669666,7.468409867762219,1.0740829513595074,0.696091582202635,0.12138337812553454,1700000000.0,1.1198074761892565,2170812000.0,0.007027884846193771,-1.1267063949775067,2.4537948963160785,0.3445774078767582,0.19661278931224907,0.03993146815320496,1700000000.0,0.6469929320373318,3446875000.0,-0.9809580627046001,-1.6337411097120618,1.202324517141264,0.2965541593574418,0.2452998253095544,0.05743288772134833,1700000000.0,0.6527913133251251,3451125000.0,-0.9898002009091167,-1.6469161877871192,1.2142334213648136,0.298736707383981,0.24556812900182814,0.05760826816722929,1700000000.0,0.834988942034405,2172938000.0,-0.05293826734036892,-0.9331784339855282,2.5518875177500027,0.34426083744225566,0.3303072460678068,0.040701086910222214
A30,D06,pasado,145750000.0,2.425801339576088,1559375000.0,0.07610124152003346,-2.3400629431395314,4.924166673608461,1.1847277687120128,0.6475188535665126,0.1428522014367902,1100000000.0,0.9530638686284764,1750500000.0,-0.261657504458764,-1.1838585044862968,1.8237776806627708,0.5875584977591515,0.17392961218250938,0.055233103895034226,1100000000.0,0.9520901659892131,1748438000.0,-0.2616503908739575,-1.1836195957810844,1.840200668946243,0.5877455905349702,0.17553135640139567,0.05525133321167051,145063000.0,2.4199449798992303,1455562000.0,-0.030613141211723666,-2.389588045467946,6.866345715922952,1.0382456599468213,0.7391361114332062,0.12099324287612515,1700000000.0,1.0772603236975808,2171875000.0,0.007185522300472737,-1.0922916741133504,2.483861284751674,0.34970928773473325,0.20377732890597783,0.04091191648057439,1700000000.0,0.6541013147740098,3454312000.0,-0.9502183301136499,-1.6170057273790133,1.2027731832644353,0.28845360045204066,0.24853441797049122,0.05848098373968694,1700000000.0,0.6460949369163028,3451125000.0,-0.9499590230116329,-1.609897617077034,1.2026206027812436,0.2886547328613009,0.2490463663526339,0.058483238328181586,287938000.0,0.9692303625900881,2057125000.0,0.0270744436998083,-0.9750012118128801,3.102035196925989,0.35738864783515173,0.38303817363700565,0.04263236840248461
A30,D07,pasado,146438000.0,2.4070821725577347,1560750000.0,0.07371067847172645,-2.314942639651284,4.897277835173588,1.187376097871143,0.6499246718629612,0.1432040875599014,1100000000.0,1.0070985822021161,1743625000.0,-0.3016270470600351,-1.27872061509092,1.910929083474978,0.6076136612272495,0.1811042977213566,0.055971167624011615,1100000000.0,1.0195597107193772,1745000000.0,-0.3049034171632511,-1.2891866407345296,1.9305791543052666,0.6084465764224287,0.18172148798153312,0.056212864821062775,114812000.0,2.6416379475299454,1446625000.0,-0.10640341892245496,-2.692076161209651,8.293749635965984,1.091846860081006,0.7960359104079673,0.11872138719114013,1700000000.0,1.115792010225566,2170812000.0,0.0050974129867291385,-1.129781382793356,2.5423358295498106,0.3532757238951442,0.20234819097059756,0.04112548123996432,1700000000.0,0.7008700755458341,3460688000.0,-1.0400098513741989,-1.7421088708257817,1.244261680804774,0.30667915744981905,0.2428511759735453,0.05790145573085994,1700000000.0,0.6944255374825439,3447938000.0,-1.0481411044296798,-1.7458472493153616,1.247912983294929,0.3083829127702553,0.24342657815790067,0.058204987429048775,1401438000.0,1.356872708885714,3500000000.0,-0.14541277996639218,-1.5028059076728115,3.132138380004708,0.39775664133255023,0.4497188707449846,0.047920197689684516
A30,D08,pasado,151250000.0,2.2511203541236693,1562125000.0,0.08527521005348862,-2.141607743412636,4.682472015143928,1.179994811757611,0.6428002659904218,0.14229313382038578,1100000000.0,0.9881536262975573,1741562000.0,-0.26245030428449684,-1.2150927854906608,1.8624480516500221,0.5981344941722774,0.1762956687965841,0.05558985901579119,1100000000.0,0.998799382658248,1742250000.0,-0.26592333887800745,-1.2228150947509393,1.8745780859889907,0.598954768586534,0.17779488520421816,0.05578426693235948,154687000.0,2.3799277411012114,1445250000.0,-0.03752323819305119,-2.3219137368592206,7.220212724330558,1.0133509403043213,0.7066202862277877,0.11589583336490751,1700000000.0,1.0617275610091435,2171875000.0,0.010334633219203549,-1.0835568043199895,2.5638241776150807,0.3549027404129595,0.21609279186740793,0.041654914745300683,1700000000.0,0.7297774510725511,3459625000.0,-0.9720197212400237,-1.7101977580663144,1.2935614549603094,0.2940767578828069,0.23893825363279644,0.05831978347080664,1700000000.0,0.7316273723376916,3458562000.0,-0.980657553558594,-1.7216331365808444,1.3059886906406346,0.2959462472294652,0.2385574521231902,0.05847230485893329,1700000000.0,0.8567788919749502,2166562000.0,-0.03300657474544566,-0.9261867201607992,2.4579866879495387,0.329878727744374,0.3023328646495367,0.039098215048735174
A31,D02,maduro,159500000.0,2.1875977501112924,1558688000.0,0.0666043621481046,-2.0865981825262847,4.67321209216945,1.107600167567641,0.6103072556506428,0.13129769474645472,1100000000.0,0.9411173757587222,1747750000.0,-0.20832948236831617,-1.0399740868317195,1.5361496403610726,0.5059269459743783,0.16761812204436802,0.052528119871912395,1100000000.0,0.9397049856396349,1740188000.0,-0.20716852352230058,-1.0392131045903272,1.5415900735618193,0.5060859802948805,0.1687395402915145,0.052528771633858884,165000000.0,2.1773824017020216,1456938000.0,-0.050453471662095864,-2.1327795900350437,6.7318656110124895,1.0145135057425183,0.7632462025802992,0.1186074814334941,1700000000.0,0.97029845019549,2175062000.0,-0.0018806655926562623,-0.993624637105283,2.2338696728464567,0.3133145216402977,0.2005582838988611,0.036663443409382115,1700000000.0,0.6448395446367512,3455375000.0,-0.8318732603517178,-1.4923379674338235,1.1953009199924511,0.2833029590645901,0.23810305852067892,0.05740966730536666,1700000000.0,0.646848718141557,3454312000.0,-0.8306246611369194,-1.4950247276749442,1.2026021181756847,0.28329256939832786,0.23811758019012114,0.0574793983000326,1700000000.0,0.6511483139959299,2161250000.0,0.011593754799148417,-0.6784019975209694,2.0291274362153993,0.2981082919777922,0.3012195522452775,0.03676480150733461
A31,D03,maduro,156062000.0,2.198787444757605,1560062000.0,0.07607172388758178,-2.1188036154972147,4.756545041541301,1.1005299203869279,0.5986530298295982,0.13069480893681018,1100000000.0,0.9714269235398686,1742938000.0,-0.19947365987481291,-1.0527829438425107,1.560719897102499,0.5061916409379689,0.16404329306117998,0.05197168797951551,1100000000.0,0.975376281355596,1743625000.0,-0.20027656235204858,-1.0602394789990721,1.5635944338668202,0.5063868302408202,0.16536122933005556,0.051920953607436336,162250000.0,2.2363078594621726,1452125000.0,-0.04621718892610429,-2.212892994137391,6.808718561326247,1.0144856565935187,0.7414557316810857,0.11701648987229638,1700000000.0,0.9542026817830189,2170812000.0,0.008056418363326209,-0.9676980811159412,2.217524106208307,0.3111419745218666,0.17791536291797375,0.03596815127832097,1700000000.0,0.6315587429341313,3451125000.0,-0.8283979766766825,-1.4724737133482124,1.1812352772958574,0.28366056134099094,0.23297052600079954,0.05591378236582277,1700000000.0,0.6316456951488736,3451125000.0,-0.8291221272889504,-1.4720074082009367,1.182985062619174,0.28374535969009773,0.2322155567975861,0.0558233655054295,1700000000.0,0.561133362926168,2169750000.0,0.006902003491969106,-0.6159024623486256,1.9480292927912057,0.30036447988064524,0.2587019706858468,0.03469739068808606
A31,D04,maduro,140937000.0,2.5606081832580356,1556625000.0,0.7905231509617915,-1.7254970052118086,5.263751957320446,1.1462748376165914,0.6401908963226619,0.1341356356252264,1100000000.0,0.9664238603446447,1740188000.0,0.16320543188442252,-0.6828371698507538,1.5547245581387938,0.4826979328015257,0.177909928566151,0.0533020613144202,1100000000.0,0.9739323840544134,1744312000.0,0.1632766131964192,-0.6903958750024257,1.571287058084853,0.4824789675879374,0.17963393351084805,0.053277107817428344,129938000.0,2.496505083687946,1447312000.0,-0.056884758845595615,-2.4721430549627117,6.91233203767204,1.0180783592340004,0.6739688445638841,0.11671691981560645,1700000000.0,1.0091437649703567,2172938000.0,0.8450394483062296,-0.15669347744762865,2.007661978859734,0.3202775562571222,0.15256608059420448,0.035219672960680924,1700000000.0,0.5631577510973499,3450062000.0,-0.41094646769456805,-0.9851738872860707,1.0644795168131589,0.269341596769971,0.23665844722362628,0.055900175566621635,1700000000.0,0.5552882723891376,3454312000.0,-0.4111218421415147,-0.9778012058403364,1.0622065052418757,0.2688296504069031,0.2371601534323573,0.05587923097926059,1700000000.0,0.8763204549617492,2049688000.0,-0.016328424750467366,-0.9325769828227432,2.6590315747425004,0.3452260686656549,0.32387506995382853,0.03896735873774155
A31,D05,maduro,153313000.0,2.3193842981416193,1558000000.0,0.06782696940168517,-2.235173277439458,4.772891153204609,1.1039104087250404,0.6245085812244029,0.13290872654138938,1100000000.0,1.0266716011142818,1742250000.0,-0.2039062917018576,-1.1036947799986891,1.633790960232191,0.5159067234242689,0.1673720003282562,0.052101811587245826,1100000000.0,1.033486750368261,1744312000.0,-0.20723279323800395,-1.1140332417494871,1.6662993923792866,0.5175240347989255,0.16975411243270383,0.052261827512360096,145063000.0,2.4505201964507735,1447312000.0,-0.07396211751608946,-2.4500962142680787,7.15491741761112,1.03014916784935,0.6844487665842415,0.11544266019795993,1700000000.0,0.9772905673115475,2170812000.0,0.006602535012523163,-0.9831330732187843,2.121878009051669,0.3041425234226477,0.1683057782247247,0.035307301639619794,1700000000.0,0.5911756994256345,3453250000.0,-0.8435521955923652,-1.4490501735303813,1.1264074591566207,0.27766789379026696,0.22913144268527,0.054663983213095305,1700000000.0,0.596886110716291,3450062000.0,-0.8522200852739288,-1.4638174463012663,1.1381886490065285,0.2798494659969543,0.22969505164173554,0.054874817636769976,1700000000.0,0.8022818549938864,2172938000.0,-0.05355887578839105,-0.8872220269837947,2.309770647299451,0.31226843399483534,0.3040507444887071,0.03739034072343612
A31,D06,maduro,155375000.0,2.214074575006404,1560750000.0,0.07325142951381508,-2.1429587553041367,4.646147829549021,1.094503070270101,0.6200455780753418,0.13197932611112484,1100000000.0,1.0174406911757476,1745000000.0,-0.188618766798771,-1.078308412779446,1.5720472067313822,0.5117014065153863,0.15958875151270818,0.05260529632382271,1100000000.0,1.0273620339207468,1744312000.0,-0.18861980362221967,-1.0843619946031187,1.5817589583423015,0.5118556509539408,0.16092094429559933,0.05263050614320341,169812000.0,2.166023773241679,1448688000.0,-0.05975278677711299,-2.1536006465593713,6.557203623481795,0.9889226066254785,0.6633579161887159,0.11232881637331209,1700000000.0,0.9108024340373778,2171875000.0,0.007575469158573594,-0.9276664780044902,2.1001997604903404,0.3006759536392545,0.17264436758149224,0.03522469803815059,1700000000.0,0.5834532428813309,3454312000.0,-0.820305491003272,-1.426953752803852,1.1014188865897034,0.26688101527555613,0.22709854932399487,0.05485602389684305,1700000000.0,0.5813005656025987,3456438000.0,-0.8200003243814452,-1.4225063718908428,1.1049204069474998,0.26705873178227285,0.2271803038754534,0.05488590178133649,1700000000.0,0.7563274348026722,2175062000.0,-0.03150558808770164,-0.8293994267804652,2.267679282732252,0.30594101953965364,0.29584622514199427,0.0368493721780315
A31,D07,pasado,154688000.0,2.2386652928152277,1560750000.0,0.07017815659957458,-2.1531458643286525,4.679904886130612,1.1060450738738483,0.6280456252197391,0.1333446014576152,1100000000.0,1.086314560129155,1745000000.0,-0.20898848542932,-1.1550794429264553,1.649316992756785,0.5278662344701607,0.16829480891894308,0.0537776254743045,1100000000.0,1.0893601646527236,1745000000.0,-0.21251609996396242,-1.1655554475570487,1.6642637575785533,0.5285681790089454,0.16959817677310285,0.054035114039997084,115500000.0,2.533238081691082,1447312000.0,-0.09991633298183113,-2.5750645933577725,7.978768336139558,1.0453804456256481,0.7742869924719462,0.11335838766075515,1700000000.0,0.977040203151984,2170812000.0,0.005114610946223609,-0.9918193734363514,2.203763306140818,0.3113258343506912,0.17487493428476103,0.03632403146541062,1700000000.0,0.6135417578446751,3458562000.0,-0.882598016468834,-1.5146939020232997,1.1350398773317525,0.27426556352215653,0.2220378615309424,0.053895654651223,1700000000.0,0.6070680089848505,3458562000.0,-0.8909400421844023,-1.5179475225672183,1.1361678215272693,0.27602182050500274,0.22200859469622528,0.054210031197108044,1700000000.0,1.1692808625066688,3500000000.0,-0.12874412327530843,-1.3051765578702574,2.843438127618861,0.36341248931112635,0.4078942851267771,0.043434515646773024
A31,D08,pasado,160188000.0,2.0620117039810597,1573125000.0,0.0804639937775555,-1.9677895940383743,4.410375138189714,1.1017696958581504,0.6225486817308867,0.13275533665334044,1100000000.0,1.0776465964282733,1739500000.0,-0.1759157983502599,-1.111161373917476,1.6376388223575902,0.5263800802091209,0.16720305795080215,0.05391836905025814,1100000000.0,1.08621747869296,1742250000.0,-0.17921973803294933,-1.1221144236922298,1.653460279267414,0.5273323320448703,0.16852292361486074,0.0541219074994119,168438000.0,2.2525085098437807,1445250000.0,-0.03984020285887703,-2.2045538220319965,6.962889737882319,0.9718335606889017,0.689888970524452,0.11018604015923436,1700000000.0,0.9301447589325065,2174000000.0,0.009375271916377933,-0.9512642181196012,2.2571565799249695,0.31674132873708727,0.1899921725404391,0.03721455214154532,1700000000.0,0.6322493414605992,3460688000.0,-0.8238558146641993,-1.4765683886585692,1.1522043462565439,0.257145254837915,0.21744891066049052,0.05461435153968689,1700000000.0,0.63092609228694,3458562000.0,-0.8322623074723722,-1.4858367091302154,1.1573639005198504,0.2589279586669866,0.2178479281603626,0.05479529340468922,1700000000.0,0.8574977401520281,2165500000.0,-0.03529545122454055,-0.9176769110891014,2.330052037041943,0.30799347105065156,0.29419890528606085,0.03693288129611373
A32,D02,verde,151938000.0,2.400795901155002,1553188000.0,0.05630969035416219,-2.30849623979274,4.940805841048423,1.1543092086678066,0.6254380874608152,0.13705083132366727,1100000000.0,0.9118869770468274,1736750000.0,-0.3274711116237989,-1.223173328886816,1.7783178385000575,0.5866780548370079,0.16753175855978025,0.049052351295668914,1100000000.0,0.9138016119016686,1740188000.0,-0.32776551202537013,-1.226351348540497,1.7845962217025355,0.5869180966374892,0.1682068152112284,0.0490435843652259,158125000.0,2.306032163805439,1445250000.0,-0.05784767583341129,-2.271151243073238,6.981826246807305,1.0339056417917685,0.75790709302583,0.12159012651726846,1700000000.0,1.0232560625860132,2171875000.0,-0.006916066470848276,-1.0496720191143796,2.320449745832217,0.33633465073326024,0.21084641287944278,0.03910640294093485,1700000000.0,0.6818691469379916,3453250000.0,-1.0215357731318153,-1.7143793498535207,1.2498833041373074,0.2983965968775391,0.2438425412100836,0.057976687003242225,1700000000.0,0.6853807094355333,3453250000.0,-1.0210981240346684,-1.715175619689392,1.2484406318405181,0.2984444268808044,0.244797506641659,0.05799156779095267,1700000000.0,0.7139648009090307,2162312000.0,-0.01233010396218904,-0.7799332618505557,2.215532074981596,0.3238740782562485,0.29484723586763556,0.03824992928182056
A32,D03,maduro,147813000.0,2.3738873479576243,1558688000.0,0.06771442453890743,-2.3034384865344264,5.009312067338567,1.1660890059733053,0.6253911749615092,0.1388227196207658,1100000000.0,0.9564771703390142,1741562000.0,-0.31251905692026316,-1.241659967464434,1.8124587872015583,0.590940117397992,0.16738878626652479,0.04945282093064009,1100000000.0,0.9569251662765427,1743625000.0,-0.31273422100366277,-1.2457705240611776,1.8140214620322888,0.5911462737396274,0.1687561720021969,0.04940813124924317,154688000.0,2.3197331305770055,1450750000.0,-0.045899924136543854,-2.284327139029449,7.005425699015298,1.0497977962411262,0.7483219357252131,0.12169805965632477,1700000000.0,1.078790261196862,2168688000.0,0.006810589148912779,-1.0839433579266935,2.432549358702537,0.33645523806809535,0.2019307189042679,0.038616644579965685,1700000000.0,0.6760274646219635,3451125000.0,-1.009569079995587,-1.6913948233609168,1.230103845593241,0.2998313642330263,0.2447387040209585,0.05784442835177123,1700000000.0,0.6788883746808467,3450062000.0,-1.009869033231402,-1.6917592413758153,1.2338557545713387,0.29999058977820486,0.24471903028624353,0.05777472981860828,1700000000.0,0.686443828923264,2169750000.0,0.0007895601098482138,-0.7513453096989499,2.2194430238360745,0.32710976810928966,0.30008401855694483,0.03823168431234512
A32,D04,maduro,132000000.0,2.846201353413569,1549750000.0,0.7910097152330992,-2.0338680481994347,5.7376013414405564,1.2269548825034071,0.6540146029805047,0.14221385342866502,1100000000.0,0.9620849993693126,1738125000.0,0.06231526052952136,-0.8641899645453486,1.798584991347492,0.5663672028089849,0.17816832095294055,0.05082328040911902,1100000000.0,0.9685558414624267,1744312000.0,0.06273401147108527,-0.8697332707793095,1.8127099050733848,0.5662554918085869,0.1796289246263743,0.050805036169454774,126500000.0,2.638716938405085,1447312000.0,-0.05196193098442687,-2.613795592592753,7.21637481589856,1.0597006018861534,0.689539993117261,0.12247258620396446,1700000000.0,1.159574018433853,2169750000.0,0.8570757390158122,-0.27554315917901584,2.200392175297841,0.3424766577218838,0.18366928002911612,0.03746898108481676,1700000000.0,0.6309399284667168,3450062000.0,-0.5771416823516047,-1.2007883290894286,1.1498879553760122,0.28428709971716526,0.24786411962729415,0.057498416890620345,1700000000.0,0.6191635616541612,3447938000.0,-0.5770086106788023,-1.1911135474148984,1.1454731589364233,0.2839925507027806,0.24694686139138972,0.05751865329610545,1700000000.0,0.9386150191244659,2169750000.0,-0.014029664668934426,-0.9972823554318433,2.76376013567073,0.3536425434965958,0.3301345963085016,0.04009003709124341
A32,D05,maduro,142312000.0,2.637773735857005,1551812000.0,0.05980250992146401,-2.5641803197477926,5.230783019268974,1.1943505015266824,0.6638616527295729,0.1433980471626782,1100000000.0,1.035951375241645,1741562000.0,-0.3112186419705247,-1.303507718847836,1.903630948910527,0.6055113985390814,0.17145973107032808,0.049885611953226286,1100000000.0,1.046786464969989,1744312000.0,-0.31452447334098854,-1.3160995547967764,1.9368878017132323,0.6071576485792295,0.17324530764893845,0.05003882533293231,127875000.0,2.6270553263816074,1446625000.0,-0.06863430275474908,-2.61821769188124,7.502451383941803,1.0765514762785626,0.6905231938167804,0.12154885439807059,1700000000.0,1.1319804762984467,2167625000.0,0.005123909064499622,-1.125562081130448,2.3116115600695455,0.33292702720248624,0.20320451574038406,0.03808333779058662,1700000000.0,0.643240584355429,3450062000.0,-1.0196862310390293,-1.664757585865171,1.1841469632868964,0.2944244875931778,0.2422812101746367,0.05637176969054032,1700000000.0,0.6498555576275977,3450062000.0,-1.0284254542314535,-1.6794358374054055,1.1946007628546687,0.2968103221993598,0.24297933621640286,0.05660430040608725,1700000000.0,0.916466670295792,2172938000.0,-0.055274514031050076,-1.0107798626228337,2.56107883677781,0.33861790261488367,0.33295940785206934,0.04024112200480878
A32,D06,maduro,143687000.0,2.551247735601626,1558688000.0,0.06689302701133362,-2.4877920972065444,5.1797419567245555,1.189776045682963,0.6572191596277823,0.14318669876731407,1100000000.0,1.0334080895704583,1741562000.0,-0.2905990778982754,-1.2790774923394874,1.842697355007905,0.6035913120926047,0.16307867519345612,0.05048891693714,1100000000.0,1.043077669676711,1743625000.0,-0.291107060987515,-1.2848563458373394,1.8521561682366734,0.6035994296703167,0.16428350877260908,0.05047473019959455,160875000.0,2.2875181227827666,1448000000.0,-0.0447020390122104,-2.2585715474543404,6.792362170874439,1.0380313630905442,0.6751276123725266,0.11969035399162023,1700000000.0,1.0891885468104154,2171875000.0,0.0062521631125450365,-1.0886707103185276,2.308154927969525,0.32737089368010003,0.19541476592727877,0.03760478571117969,1700000000.0,0.6532350440373121,3454312000.0,-0.9911323183535831,-1.6510655610488625,1.1872106848331796,0.2877632242634528,0.24153622675683115,0.05680519058687952,1700000000.0,0.6565511944427272,3456438000.0,-0.9916161598049187,-1.6499823777557743,1.1922626243542687,0.28798628978022894,0.24141240626584923,0.05680443394299846,1700000000.0,0.8483702483445469,2175062000.0,-0.01570149693512415,-0.9098993895981121,2.629715016859227,0.3321489252369552,0.3073060374779381,0.038889519670897814
A32,D07,pasado,142313000.0,2.5746595776373518,1556625000.0,0.06281940275685688,-2.502990375698447,5.208157878961806,1.2021853890179566,0.6774947267887474,0.14468889160201687,1100000000.0,1.0968651026149985,1742938000.0,-0.3113455072317334,-1.3565460283194322,1.9184819466448053,0.615890953353599,0.17164486412511865,0.0512610862582555,1100000000.0,1.0983742693657081,1745000000.0,-0.3153847019153084,-1.3662217660188443,1.9291675613786992,0.6167447336622267,0.1724491517441733,0.05148599292123892,112063000.0,2.7724036187794403,1445938000.0,-0.0918330495701734,-2.8117727799582815,8.519717721586094,1.0991433988571386,0.8134800516223393,0.12022800573620564,1700000000.0,1.1287852956793851,2170812000.0,0.00418211715759868,-1.1235461956747395,2.321350129456416,0.3295480459727019,0.20226040752644625,0.03764274680362444,1700000000.0,0.7115549926342675,3460688000.0,-1.0552472647002717,-1.7612285158800511,1.239594792625189,0.30715531533679974,0.23884464828240398,0.05646048638874184,1700000000.0,0.7114510940429306,3459625000.0,-1.0640969492790513,-1.770150850547456,1.238791496788378,0.3089091654596573,0.23920946363855197,0.05673587274439548,1399312000.0,1.584575524889501,3500000000.0,-0.15310539165599396,-1.7375873848905796,3.6046330024357864,0.4227992502452335,0.4639821051939127,0.04874932547898908
A32,D08,pasado,150562000.0,2.324393600568337,1559375000.0,0.06871976849761524,-2.257200522339813,4.852042750913606,1.170701150781833,0.6454250521136499,0.14109303346406804,1100000000.0,1.0621445001290453,1740188000.0,-0.2771938318465103,-1.289363469580957,1.8852070845443016,0.6027600089242819,0.16696125248917432,0.05087553040909436,1100000000.0,1.0693668333542898,1740188000.0,-0.28016523319787884,-1.2990709113522643,1.8996429327723972,0.6035330489456516,0.16820269079137495,0.051090284078623246,154000000.0,2.3928165755724344,1445250000.0,-0.037112746598461525,-2.327352372378082,7.219428510678508,1.0155038055163221,0.7033350398287236,0.11539942122615379,1700000000.0,1.0656026915897194,2171875000.0,0.00653556695592219,-1.0724414588877793,2.3227399425508675,0.3217082402886924,0.18705526833300756,0.037084536548223905,1700000000.0,0.7189231251048462,3456438000.0,-0.9934409908457095,-1.7199455742387484,1.2554002530576431,0.28669949005362105,0.2337248570240255,0.05721743681367311,1700000000.0,0.7233972134445465,3458562000.0,-1.001521179828129,-1.7300496627240756,1.2599579844142168,0.28865445199116874,0.23373410515840332,0.05741739684115744,1700000000.0,0.9724997871017702,2165500000.0,-0.04030825284516305,-1.038712305864398,2.4746972551772917,0.32776383815489474,0.31175240973558216,0.039552112704284395
A33,D02,verde,162937000.0,2.121275904546585,1551812000.0,0.06105918629951697,-2.025742012777842,4.601660689887968,1.0958575022297457,0.6128655640669365,0.1298962370821618,1100000000.0,0.9099520073041147,1745000000.0,-0.19059672966543392,-1.001566039402407,1.5319560557284846,0.49193708790271784,0.1672462331985895,0.05350580803882916,1100000000.0,0.9136139068708613,1745000000.0,-0.19022072831667122,-1.0058260038565574,1.534160049945977,0.4920125012250264,0.1683741183924502,0.05346545431117371,140250000.0,2.371186544340109,1444562000.0,-0.07654031071557695,-2.345839434730464,6.995057555111187,1.0122030414629724,0.7498543636539428,0.11560414305145751,1700000000.0,0.9423488388550819,2177188000.0,-0.014575041525755273,-0.9798829330501041,2.1680143313761806,0.3051637042780734,0.20579785909456116,0.035751381716492475,1700000000.0,0.6553932495825714,3458562000.0,-0.8074908325499693,-1.4763353073442396,1.1864769279792213,0.2825506099723727,0.23297403752329543,0.05695883273592838,1700000000.0,0.6583973928059599,3457500000.0,-0.8070071122229762,-1.4788625051087951,1.1948507933551498,0.28234706443920193,0.23369425733565438,0.056947882144928394,1700000000.0,0.9248313479481337,3498938000.0,-0.057922498362386284,-0.9992537812204763,2.3933171891177967,0.31682457781456635,0.32151624259472056,0.037935676000882865
A33,D03,verde,156062000.0,2.1881020622046448,1559375000.0,0.0771527104656401,-2.108038319552647,4.729260847020525,1.0915513003589916,0.5972392207689692,0.12970755639232437,1100000000.0,0.9325854487688023,1743625000.0,-0.1631386358458846,-0.9832661035724889,1.5295101920796523,0.48384186609748797,0.16517137259533252,0.05362190985560997,1100000000.0,0.9382441757197625,1743625000.0,-0.1629120319846693,-0.9900649972263548,1.5347870956241438,0.4839727048820514,0.16634358826858353,0.053608458811456136,165687000.0,2.21242656878983,1452125000.0,-0.05156246717355561,-2.1874345140453952,6.724648927935472,1.0079072932721684,0.728571602840848,0.1151602769686002,1700000000.0,0.910755285362424,2171875000.0,0.007790592496186354,-0.9248786322038245,2.1186670087347403,0.30037447988324806,0.16858730404195071,0.03473571485616275,1700000000.0,0.6296296821337453,3452188000.0,-0.7600054504044549,-1.4021435270906488,1.1562042829593222,0.2718894933617586,0.23051536010730342,0.05633340365255636,1700000000.0,0.6247548039433145,3451125000.0,-0.7598334615113659,-1.3971303571768097,1.1548733301768372,0.2721468699837502,0.23068612948767728,0.05633025110341854,1700000000.0,0.5792648959794618,2169750000.0,0.0018699660969240305,-0.6277882646075316,1.8578077893803835,0.28676465877498186,0.2606193945936533,0.03413822372347472
A33,D04,maduro,140250000.0,2.553471856015084,1556625000.0,0.8304829331670671,-1.6748607282950818,5.286761891896363,1.130527332142204,0.635273416225764,0.13241596971338052,1100000000.0,0.9164273838140604,1738125000.0,0.2345888412018583,-0.5589926000006904,1.471276958475575,0.4503571391093956,0.1746410130661748,0.05409252088766468,1100000000.0,0.9255131613054294,1744312000.0,0.2343127523738569,-0.5689298467741822,1.4802757416821835,0.45014948769832386,0.17596034821179296,0.0540282672297367,145750000.0,2.395864408194488,1448688000.0,-0.04477432479571118,-2.367205314013562,6.726762217925566,0.9965514340867281,0.6774719097775477,0.11547293209520018,1700000000.0,0.971401913078018,2172938000.0,0.8888225585502147,-0.08764892949826095,1.9446610307772583,0.31095998828063276,0.1452551249866338,0.03375535372897279,1700000000.0,0.5721175308820424,3445812000.0,-0.29181457888132317,-0.8646838711276438,1.0549352774607759,0.2541203429768399,0.23045404413226067,0.055221031829889695,1700000000.0,0.5558910581745276,3447938000.0,-0.29253436770180424,-0.8554125536477787,1.0427081013148907,0.25353413040282574,0.22947126144989277,0.05516522514658674,1700000000.0,0.7392238402247654,2170812000.0,0.015221445293266356,-0.7767606909285096,2.466017956422837,0.3180193499606522,0.276848549835536,0.034708166216533075
A33,D05,maduro,154000000.0,2.290404289993337,1558688000.0,0.07179305856536117,-2.2035608710296546,4.711808162884627,1.0889903225658362,0.6263940048314001,0.13137309630101407,1100000000.0,0.9797372675552496,1743625000.0,-0.15214479234232134,-1.0020436574107174,1.5810371731799948,0.4823734820316961,0.16932090427183594,0.05412689408522266,1100000000.0,0.9894425099153744,1744312000.0,-0.15524125351921558,-1.0136450608313063,1.603188283442384,0.48400926332386673,0.1712462741177206,0.05430222864421163,146437000.0,2.4020247928913867,1447312000.0,-0.075629722839328,-2.401360575260557,7.021452771383283,1.0171497492516097,0.6759570231396375,0.11350956498089156,1700000000.0,0.9154713030479661,2170812000.0,0.006305918208661505,-0.9260808206495702,1.9845204547747963,0.28946376004680374,0.15659897415471657,0.033663489715621095,1700000000.0,0.5845909445227803,3453250000.0,-0.7516954250086529,-1.3483824040122292,1.0828317982184978,0.2631377661027397,0.2242628415881506,0.054651190219218305,1700000000.0,0.5850109802492884,3451125000.0,-0.7603988288237342,-1.3570311285552608,1.0893781683538228,0.26557934282246354,0.22518331973028038,0.05492167653945728,1700000000.0,0.7820605187329623,2172938000.0,-0.0566013651780082,-0.8609422803339728,2.210850093818705,0.3009683846929989,0.3042910025503739,0.036777972090679345
A33,D06,maduro,153312000.0,2.2449247709360862,1560750000.0,0.07505462819501864,-2.172417696231051,4.699515793492719,1.0860753915123698,0.6213264712661128,0.13117375965144945,1100000000.0,0.9752182405004299,1749125000.0,-0.13122929723323687,-0.967632594781745,1.5529975203651865,0.47865982462860374,0.16018254311016208,0.05458015526336142,1100000000.0,0.9795356747058847,1744312000.0,-0.131843341235064,-0.9728175089799187,1.5567527326678712,0.4787123880308169,0.16175301513193013,0.05456770930662004,167062000.0,2.1733894585104885,1453500000.0,-0.04606807161071379,-2.151128925099507,6.353321187591239,0.9803200821965432,0.6598030983106241,0.11281130705128063,1700000000.0,0.8907254357458491,2171875000.0,0.0044047453911878285,-0.906757103217583,1.9705112430049099,0.28650463138226573,0.1534940664696178,0.03342532273613681,1700000000.0,0.5824668906543392,3454312000.0,-0.7178675578019609,-1.3183625955009195,1.0856407941326747,0.2544792417819845,0.22333035775674936,0.054644883385066956,1700000000.0,0.5800053824436916,3456438000.0,-0.7184553045668687,-1.31224183298947,1.08650758585472,0.25449651549063307,0.22381322496936146,0.05461426159865391,1700000000.0,0.7225475107729861,2176125000.0,-0.0015482184303846238,-0.7724063725576875,2.354920893682294,0.29346407818908476,0.2780692681535681,0.03466971167955663
A33,D07,pasado,157438000.0,2.172184613104359,1560750000.0,0.07573549853492853,-2.0818336004627653,4.577452838403007,1.0831645242588614,0.622254626179723,0.13076911788026666,1100000000.0,1.0367264308761963,1744312000.0,-0.148423165818927,-1.0363941349907508,1.6193364900983322,0.48850464206884747,0.1691335524939575,0.05578533303112059,1100000000.0,1.0428296062068307,1745000000.0,-0.15230685444341124,-1.0468752546678093,1.6223971927097938,0.4892067014464171,0.1704290861470596,0.056022259504728694,114813000.0,2.556693062470214,1446625000.0,-0.09662959048940901,-2.5943343835102834,7.968546612153009,1.023111327921936,0.7771627353016484,0.11056529904811137,1700000000.0,0.8758551732688223,2171875000.0,0.00410843420380753,-0.8988918257892707,1.9849143004443954,0.2879074282171932,0.15694076236495572,0.03360117580931259,1700000000.0,0.6204418668317939,3458562000.0,-0.7822662310003623,-1.4132662489552001,1.1109520541611821,0.26556416509105907,0.2155367299626174,0.05337411467686487,1700000000.0,0.61574650548835,3460688000.0,-0.7910952703402647,-1.4177590840482241,1.113982412470309,0.26724979138572,0.21565323526945274,0.0536138424588726,1400375000.0,1.5034137385987771,3500000000.0,-0.14491906661050158,-1.64778381356972,3.230197138681377,0.38089912938322695,0.43283239668763934,0.04482246545780582
A33,D08,pasado,162250000.0,2.0336538497607437,1562812000.0,0.08183811266755134,-1.9438107258205783,4.362345096218252,1.0815995377694512,0.6197367413874075,0.1305080600317328,1100000000.0,1.0249922738773845,1742250000.0,-0.12317081972273485,-0.996704246534587,1.5876995639978126,0.4861400064926719,0.16964535579225712,0.056205687273586734,1100000000.0,1.0351734870368534,1742250000.0,-0.12581296154225666,-1.0057113078204425,1.588929987772962,0.48693872717612735,0.17147166986970774,0.05645447742030518,151250000.0,2.390169086665903,1444562000.0,-0.051627769209808036,-2.3643628408961836,7.24579382475697,0.9719245434720887,0.7134789690689092,0.10843075152957324,1700000000.0,0.8446430364822758,2172938000.0,0.006732259431229057,-0.8732401327815992,2.0108132151360905,0.28841712297711225,0.16570090167117607,0.033829820835931196,1700000000.0,0.6280960583700058,3459625000.0,-0.7403667085855654,-1.3866777944331434,1.1137522694453539,0.2525647747817294,0.21480432443214806,0.05434550247225719,1700000000.0,0.6224777493901,3458562000.0,-0.7482637478515639,-1.3894910856520848,1.1151382544664326,0.2544551149469207,0.2150863773280432,0.05459766805919269,1700000000.0,1.1977566731145468,3498938000.0,-0.07574205538192648,-1.2703948244244128,2.65625611645656,0.3381884849923769,0.366767448349166,0.04082177430072827
A34,D02,maduro,149187000.0,2.4136025886743266,1551125000.0,0.06440432851496851,-2.3095571202101297,4.991984140544235,1.1371819223835915,0.6504166384082901,0.13515089707139538,1100000000.0,0.9670610374676434,1747750000.0,-0.1811464466507589,-1.0380557179402474,1.6032771896434599,0.5118693705919749,0.17248557603949427,0.055233606290131,1100000000.0,0.9736586786075623,1741562000.0,-0.1802794871794723,-1.0422780378210845,1.6040331123235305,0.5119499497733507,0.17337840522597103,0.05520580597657409,137500000.0,2.4425976775085587,1445250000.0,-0.07155091017840402,-2.3979149669445903,7.065598457140648,1.0288721805694503,0.7430912348736813,0.11826096959269544,1700000000.0,0.9949279907639101,2175062000.0,-0.013447392527586114,-1.0083212906024033,2.0246822263059117,0.3056828460684255,0.19740167468274863,0.03542349196533862,1700000000.0,0.6366636833765926,3460688000.0,-0.7956037879885225,-1.4376630412076579,1.132802089601755,0.27034547069344045,0.23067772128448155,0.0559303666216356,1700000000.0,0.6400901821339509,3454312000.0,-0.7945644010988901,-1.437136241193713,1.1375799738745522,0.27008728020849504,0.23073353821921933,0.05593099493677425,1700000000.0,0.8971363433316327,2164438000.0,-0.04604801055807274,-0.9605639712914988,2.204100205841556,0.30568628238238515,0.2933524376901234,0.036905813371166024
A34,D03,maduro,143687000.0,2.426793781158817,1560750000.0,0.05144870046569642,-2.3759304765444806,5.028487838146394,1.1361004912791326,0.6322809863738654,0.13546678640738224,1100000000.0,0.994882106706387,1741562000.0,-0.17453115888438822,-1.0484319678184113,1.6100041225166635,0.5117299701620058,0.1709442276577542,0.05482610346989063,1100000000.0,1.003707994419106,1743625000.0,-0.17513779423501347,-1.0567564263765041,1.618477121531282,0.5115153323158876,0.17206241090086327,0.05474840040465461,148500000.0,2.3240121890134935,1451438000.0,-0.041244013938743634,-2.270697570473959,6.871582554806354,1.0247301568826124,0.7375597078981244,0.11867981400844006,1700000000.0,1.0152299669514915,2162312000.0,-0.03551572263861817,-1.054357585324258,2.04697122392225,0.30354878887574005,0.19341501041134096,0.03457161263411138,1700000000.0,0.6210542160956725,3456438000.0,-0.7795132655395433,-1.3982773513302265,1.107336001489976,0.2646483845942433,0.2292400865133374,0.05525819618663231,1700000000.0,0.6211060154171534,3451125000.0,-0.7800359466091841,-1.3975351814808619,1.1093029940627046,0.26483132375716,0.22931700627594934,0.055183471070167266,1700000000.0,0.6758397098481598,2169750000.0,0.011005858287801606,-0.7205260963692082,2.095394405781421,0.3027975697433471,0.2595256833379293,0.03470636513069346
A34,D04,maduro,132000000.0,2.832494350520157,1551125000.0,0.83250516769355,-1.9778931694782425,5.7088098455618095,1.180755728979938,0.6617892153778843,0.13734579484411646,1100000000.0,0.9843616740675963,1742938000.0,0.2287897695131455,-0.6235469592295693,1.5531403030521236,0.47968438286014636,0.17836048282302375,0.05501175738266671,1100000000.0,0.9926016319224624,1744312000.0,0.2288254456733709,-0.6327882421504214,1.5628910478433453,0.4794960437957901,0.18012304978585708,0.05495778342915362,129938000.0,2.497472734191761,1448000000.0,-0.04221814983668898,-2.4565383962038623,6.869004895418218,1.0175440653973735,0.675111248029449,0.11782217454756422,1700000000.0,1.0674844695950307,2168688000.0,0.889724955483723,-0.1481591340992316,1.8737933178785857,0.31163019941807774,0.16573171921440044,0.0335658885619151,1700000000.0,0.5532207300941802,3450062000.0,-0.29751646625141415,-0.8393565431230382,1.0052670761181612,0.24196849206226417,0.22992491762822528,0.05468564659864063,1700000000.0,0.5455345034273908,3447938000.0,-0.29793052019081845,-0.8295929560745023,0.994372281135642,0.24161594499974784,0.2298204071108315,0.05464474614541326,1700000000.0,0.8622887937366285,2170812000.0,0.009759907687250664,-0.8939605263979339,2.5920412320999136,0.3193204742924627,0.2882234089183313,0.03561273861352685
A34,D05,maduro,144376000.0,2.527910200005735,1555938000.0,0.0681211660810883,-2.4470182998282026,5.071658102389616,1.1321403533923173,0.6577490392393188,0.13651649582363898,1100000000.0,1.0438092993497494,1741562000.0,-0.16477116384817014,-1.075344884833525,1.6576977573648164,0.5142974841822114,0.17233014424470872,0.054509492591027775,1100000000.0,1.0543874651295189,1744312000.0,-0.16794919899295288,-1.0873445611490467,1.6845419178965195,0.5160063134780903,0.17458715436166594,0.0547077897264202,130626000.0,2.519301532707017,1446625000.0,-0.07166227428774183,-2.5000417201908403,7.182339300645706,1.0334728176182055,0.670431819004043,0.11553338151540327,1700000000.0,1.016089635766796,2167625000.0,0.0025279878134736866,-1.0075588697273894,1.9378239904099193,0.2975095711700757,0.18475305576887802,0.033822487344962,1700000000.0,0.5721603536920112,3450062000.0,-0.7643615239096228,-1.3305320307018311,1.0389754696565208,0.2530617420262202,0.22576253350574815,0.05435011308737471,1700000000.0,0.5811852394076427,3452188000.0,-0.7730632368388818,-1.3478873293600695,1.0524966592759681,0.2553414740602971,0.2263553035769572,0.05463459497709303,1700000000.0,0.8923439239682016,2171875000.0,-0.057345605105725526,-0.9721962134538896,2.3120330342378024,0.3056857505486698,0.3030515606160882,0.03683847325429289
A34,D06,pasado,145062000.0,2.440992122249392,1559375000.0,0.07159059371186581,-2.3742630911142033,4.978567293337866,1.123978217272245,0.648582743297718,0.1358220558819055,1100000000.0,1.0321245981789697,1749125000.0,-0.14205859452962324,-1.0389657513231527,1.6208890412191548,0.5075307582544812,0.16406675796093528,0.05477310900526466,1100000000.0,1.037979469154643,1744312000.0,-0.1425141506851274,-1.0429822058514995,1.6287120333502263,0.5075551096859191,0.1654594902280924,0.0547654476031426,165687000.0,2.203501316766189,1452812000.0,-0.04026146652070501,-2.1681799528403842,6.371084703767307,0.9885791912285031,0.6653911803487639,0.11374139546204974,1700000000.0,0.999155390641534,2169750000.0,0.0005231866616972902,-0.9997172511819175,2.0180430028872425,0.2973832714987515,0.18241889615962414,0.03395605447435827,1700000000.0,0.5773047325856566,3454312000.0,-0.729263611577699,-1.308632342880066,1.0359577400265736,0.24512989330895713,0.22652263456096416,0.05462952791116343,1700000000.0,0.5734114353993818,3456438000.0,-0.7296511538221375,-1.30325062027722,1.0378836385233865,0.24505147769763114,0.22623297394894415,0.05459984851861002,1700000000.0,0.8706086317983867,2176125000.0,-0.001252900210149851,-0.8979523861227828,2.5553057367380765,0.30252443143155955,0.2911677364531566,0.03600372217039395
A34,D07,pasado,148500000.0,2.377765682576764,1559375000.0,0.07118228823617359,-2.2992237154598043,4.9081475028287445,1.1195812730261958,0.6497383279759567,0.13529543544397113,1100000000.0,1.077981896135533,1745688000.0,-0.16169109070240698,-1.102653490394346,1.6720043922889392,0.5156609976292519,0.1693707206677712,0.055136614393147015,1100000000.0,1.0868864592602352,1745000000.0,-0.16548739335571117,-1.1144923017263078,1.684198796352194,0.5163738550402276,0.17072816036487692,0.055366306022211105,114812000.0,2.6050849389339543,1446625000.0,-0.09191229233345743,-2.639241394172131,8.015915762390458,1.0291850307192958,0.7684928614009475,0.11150565959134975,1700000000.0,1.008358518923291,2170812000.0,0.0008874867062450028,-1.0090380360541376,2.0359238242344215,0.2968634656137668,0.18214788604666016,0.03387527724585312,1700000000.0,0.6149876003762097,3460688000.0,-0.7858171736109862,-1.399723929941051,1.090817188919623,0.2560898226448325,0.2180630875822578,0.053682299893140134,1700000000.0,0.6113524825713481,3459625000.0,-0.7946790517046212,-1.4039590093813756,1.0891403128247263,0.25766032739978095,0.21804880845328395,0.05392916636118382,1420562000.0,1.3646048887680204,3500000000.0,-0.14099920602615637,-1.499111003059732,3.132512297673792,0.3734284200600469,0.41160757650969765,0.04337050753204837
A34,D08,pasado,155376000.0,2.2024526954849226,1560750000.0,0.07675936528634149,-2.12319896387895,4.63174702165969,1.1058732172646497,0.6401847814745758,0.13371947404951032,1100000000.0,1.059759212019675,1742938000.0,-0.13749833061094294,-1.0611543629712974,1.6273796959272016,0.5073040297514884,0.16859909548116678,0.05507069274001593,1100000000.0,1.071350081907528,1742250000.0,-0.14024342526307038,-1.0718172117616005,1.636432033461175,0.508219562181123,0.17076149505377008,0.055332587123006816,131312000.0,2.5893739588575038,1445250000.0,-0.06334484613681667,-2.5773708294948428,7.581953691661692,0.9796690963777408,0.7128190077418539,0.10780662613207807,1700000000.0,0.9520195071665364,2171875000.0,0.004231494765276722,-0.9592884261167417,2.0289301522856227,0.2931917073151932,0.1707781749296918,0.03382747825565232,1700000000.0,0.623475891701702,3459625000.0,-0.7475823389433831,-1.3871170708964757,1.108225769473584,0.24871609466706318,0.2163800956937451,0.054649225616156864,1700000000.0,0.6280735971860778,3459625000.0,-0.7555320437773094,-1.396844015961161,1.1076852333308267,0.2506866114096835,0.21668996533035983,0.05492606385474105,1700000000.0,1.4174524617585311,3500000000.0,-0.11445362145476871,-1.515926275069247,2.783524768054744,0.35675753290385387,0.3753014581461479,0.04195235706996056
A35,D02,verde,116187000.0,3.1377651747695046,1548375000.0,0.05606266672355367,-3.0587795114757306,5.989424395119225,1.2203623148729283,0.7328576071577907,0.14546109057565826,1100000000.0,1.128528831511863,1747750000.0,-0.19601961789199224,-1.2138978223048809,1.827246814862652,0.5662196315219862,0.17408575864391385,0.05546962422734512,1100000000.0,1.133237582460005,1745000000.0,-0.19489920139613612,-1.2177553561256167,1.8420760406856693,0.5662922369177519,0.17475322861556536,0.05545995456976087,119625000.0,2.63197902396608,1445250000.0,-0.0659734797779415,-2.5861912097277817,7.487538719506269,1.079611166384047,0.7614851626952932,0.1249933801319756,1700000000.0,1.1570316467457127,2153812000.0,-0.017441116412240904,-1.1454809637559498,1.9112239843810634,0.33078221738835173,0.2487424516737356,0.037765598138441485,1700000000.0,0.6839061717780042,3269438000.0,-0.9008841959637658,-1.5647144211750215,1.159362240115489,0.2748388692185971,0.21784988544583456,0.05044026864657198,1700000000.0,0.6701464942042402,3266250000.0,-0.8996567140365679,-1.5540380890379248,1.1487956312569312,0.2747030426921489,0.21790059622975388,0.05047985216439487,1700000000.0,1.0702613741468383,2165500000.0,-0.04900206546448644,-1.1336563727559728,2.365598986434282,0.32259530758829036,0.2892232602662629,0.03882287959470467
A35,D03,maduro,131312000.0,2.7652583003457383,1549750000.0,0.04398366435223058,-2.7332967272317816,5.656981904458763,1.2198057510542915,0.7015452655576003,0.14587248379771578,1100000000.0,1.1489577425641597,1742938000.0,-0.18822848111442503,-1.2181270027319937,1.8251232041478764,0.5651958720864978,0.16925050664379138,0.05521112718595049,1100000000.0,1.1539210578521513,1741562000.0,-0.1887409155953612,-1.2235264043007499,1.834210642801231,0.5653401310508267,0.1699531107217984,0.05514716647385637,130625000.0,2.4746626018660085,1450062000.0,-0.03744200168685169,-2.4186448430032095,7.183125248187482,1.0739426115278121,0.7547224836459151,0.12480245175896545,1700000000.0,1.229700716012601,2160188000.0,-0.033853626377230606,-1.2418943397678188,2.0837914273277236,0.32871366456363293,0.23073100159395807,0.03686275547205946,1700000000.0,0.6948541000399487,3273688000.0,-0.8910497525650323,-1.563115988399904,1.1949288965063902,0.2754307853026681,0.21499461136606618,0.049667463841948124,1700000000.0,0.6968039929970224,3271562000.0,-0.8916206365811247,-1.5662128899202534,1.2014343010559723,0.2754975778004605,0.21501340925567805,0.049580372210002624,1700000000.0,0.8097058233891673,2169750000.0,0.004148557358140771,-0.8372689204497739,2.288159867441781,0.31793780282120326,0.2510892286182048,0.0366138496992398
A35,D04,maduro,108625000.0,3.548774042153688,1547000000.0,0.8252804785781812,-2.7412351314545766,6.722099507725771,1.28377487536651,0.7291462560104024,0.14762150518334866,1100000000.0,1.1513786951835412,1739500000.0,0.22014812187001953,-0.7978512396292807,1.7331833044702352,0.5317270810070125,0.17954472909816474,0.0562836011006207,1100000000.0,1.1557745071971202,1744312000.0,0.22039420399888435,-0.8027294461007055,1.7437818250661703,0.5314804769998898,0.1817683187446664,0.05624188747437228,121688000.0,2.7003077563464193,1447312000.0,-0.03608937601819815,-2.6459551105328094,7.235124623931491,1.0772500064705675,0.7167928637961103,0.12496379672563028,1700000000.0,1.2147502137629462,2164438000.0,0.8896799541780671,-0.2551412436086821,1.834135176465903,0.3324994383352276,0.20693160667559596,0.036103058148587046,1700000000.0,0.6714636573599257,3264125000.0,-0.41394622660508873,-1.0510893083744062,1.1016257711466164,0.25679787124935866,0.21999559789112924,0.04953026879594898,1700000000.0,0.6635456792663699,3266250000.0,-0.41396711841034445,-1.0428856859808333,1.097421109388732,0.2563643280351732,0.22020079897526199,0.04951334188809409,1700000000.0,1.0631171577395422,2170812000.0,0.007044520822818367,-1.0708138059865293,2.875071818938368,0.33962373132895185,0.30817814641106833,0.03840360738261535
A36,D02,verde,129250000.0,2.7948491210274833,1549062000.0,0.061068474436187715,-2.6920962581810137,5.493555973849424,1.2082781930169813,0.6940799909777964,0.14376986967902133,1100000000.0,1.0158001138708332,1737438000.0,-0.27698441738454066,-1.2366478698067693,1.8126761448835833,0.5918701675655947,0.17579389798497908,0.05210356190911226,1100000000.0,1.0217399534885074,1740875000.0,-0.27690874409947597,-1.2437873351481465,1.827224866446611,0.5920041131516612,0.1765924527295906,0.052092889737321346,133376000.0,2.5556046247793556,1445250000.0,-0.05850107829904268,-2.5002910298037633,7.372123823515096,1.0679756360460688,0.7684680323118832,0.12530615713824445,1700000000.0,1.0990744121844709,2171875000.0,-0.007687312699753029,-1.1000496253914607,2.1987842208909196,0.33618611052046576,0.22358343521639684,0.03864609206385052,1700000000.0,0.6656646565819913,3456438000.0,-0.9704672813509684,-1.6386104451989616,1.1868485184983781,0.29244792578200146,0.237474698856604,0.05554015387690329,1700000000.0,0.6620404320086734,3457500000.0,-0.9701667711310245,-1.635478206306073,1.19000543777238,0.29243345681792154,0.23726695369082254,0.05555163974445134,1700000000.0,0.9559625696062205,2164438000.0,-0.027888976708602665,-1.0220999598178728,2.4590172988515557,0.3327683916139106,0.3022032719646618,0.039177932700689096
A36,D03,maduro,136124000.0,2.6735602417890645,1559375000.0,0.047362828783504785,-2.6282206257906497,5.4672354778588375,1.217449179215627,0.6719178463047573,0.14535132693479902,1100000000.0,1.056174523755302,1743625000.0,-0.2704747448752182,-1.256910994698162,1.829002688781241,0.5929912869341977,0.17164893536802397,0.05267231684663448,1100000000.0,1.0644145446459778,1743625000.0,-0.2707539852324836,-1.2641933963364642,1.844300520820655,0.5931372877883498,0.17290307337549013,0.052620917319466436,142313000.0,2.4748693208355403,1449375000.0,-0.045449279350686565,-2.409632210140206,7.267221560615219,1.0822687574809013,0.7612242624147147,0.12518582151898713,1700000000.0,1.2164597873886485,2162312000.0,-0.027529885998901125,-1.2244932055316222,2.349272644740437,0.3382037706473648,0.22480423622228848,0.038285218793222,1700000000.0,0.6582632994751408,3271562000.0,-0.9669219742579358,-1.6212108108277463,1.2105526723279971,0.2917557429647996,0.2360176272863095,0.0550771862822614,1700000000.0,0.6582637821612122,3450062000.0,-0.9670426049275874,-1.6202062795290875,1.2091981473202091,0.29169671526082414,0.23527605394882387,0.055010870795225285,1700000000.0,0.7814161014029255,2168688000.0,-0.005084566749122978,-0.8359068619103072,2.2085906993389006,0.31969525680616306,0.26658737218640016,0.037343528036320385
A36,D04,maduro,121000000.0,3.246336661267895,1549062000.0,0.8335613125466456,-2.4028248315303053,6.295674412165479,1.2718242243258637,0.7001036147389454,0.14684250151270373,1100000000.0,1.0571762851156048,1736750000.0,0.14676363471609546,-0.8211466302221786,1.7760628752682974,0.5572845573039376,0.18169402079700325,0.05381392474839653,1100000000.0,1.0653379921735866,1744312000.0,0.1470947165382825,-0.8299541226857423,1.7928217464135063,0.5570750906540336,0.1834066286332814,0.05377959729405349,124437000.0,2.6681856791948624,1447312000.0,-0.03858664036872355,-2.6183049670466936,7.2238222466055335,1.0789321652996484,0.7160615852860893,0.1253319646375846,1700000000.0,1.2194947829403628,2168688000.0,0.8987237683825346,-0.26300827840474156,2.071584667470696,0.3408994619387528,0.19726599642025017,0.03696060125459203,1700000000.0,0.6203796744772927,3264125000.0,-0.47575729613787504,-1.080935073059472,1.111480459404643,0.26991513337168216,0.23806841346880947,0.0546483293559664,1700000000.0,0.6209128480647895,3268375000.0,-0.475814106447395,-1.0808902865503058,1.1151691890150326,0.2696860105605163,0.2385324435069271,0.05464782522728838,1700000000.0,0.9774911686454509,2170812000.0,0.009510574705990555,-1.0014125658966484,2.8723341652428305,0.34347860841908473,0.32315545503274745,0.038856889927161124
A36,D05,maduro,132000000.0,2.84478197437129,1551812000.0,0.06408231448820473,-2.7690200580812303,5.566400092714327,1.2204658203151164,0.6986962617284818,0.14682509583274495,1100000000.0,1.1184172582784018,1741562000.0,-0.2478957016653712,-1.2735648042271122,1.8384844247652516,0.5920845012696769,0.17597175205431176,0.053322422564592825,1100000000.0,1.1281031954282683,1744312000.0,-0.25121502047032324,-1.2882419098503892,1.8743945268299365,0.593753348997145,0.17818378024153597,0.05350569168453989,126500000.0,2.645653461462925,1446625000.0,-0.06369006345613823,-2.626405440618913,7.489369398885208,1.0750097981885698,0.6864449637293659,0.12127003346952063,1700000000.0,1.1623424936415012,2167625000.0,0.0036371630533823707,-1.1376938742361848,2.1990765551907536,0.3289582036850339,0.2091676400645876,0.037190630222701214,1700000000.0,0.6451146884597406,3453250000.0,-0.9429220563197827,-1.5795426242307147,1.167799373035886,0.28321119405144574,0.2320146810348221,0.05415150451623033,1700000000.0,0.6465807907740971,3454312000.0,-0.9519343425795644,-1.591349688056527,1.1752005602291622,0.28563035949355103,0.23321611683558738,0.05445980154465158,1700000000.0,1.0022403314460582,2172938000.0,-0.05275450565300049,-1.0789617731367676,2.5942534172279217,0.3371875746047967,0.3167846140601538,0.03954306591546604
A36,D06,maduro,132688000.0,2.8056303976634482,1558000000.0,0.06496099279476689,-2.7468071621119066,5.544842688510014,1.2244721982320406,0.6995645211685255,0.14770735285105369,1100000000.0,1.1069932948947603,1745688000.0,-0.22869553157865205,-1.2442950002959432,1.8184867082112235,0.5898929806206835,0.16890119800545217,0.05396043152695306,1100000000.0,1.1157953597406385,1744312000.0,-0.22906995805863817,-1.2518425349076234,1.8238856132789514,0.5899863125705749,0.17088783212052117,0.05395263061567178,146437000.0,2.3582536755263637,1452812000.0,-0.035854902972909754,-2.317732879619025,6.80126089549924,1.061165630113301,0.7164187707619964,0.12243370976522495,1700000000.0,1.152052229521616,2169750000.0,-0.0012403892149222362,-1.1344426987055884,2.21550510440112,0.33058542837373556,0.21244118440566523,0.03740940858633269,1700000000.0,0.6407144903215201,3453250000.0,-0.9154152427278281,-1.5525072254109784,1.1540390603886337,0.2765919218662177,0.23355224752053574,0.054439785591216594,1700000000.0,0.6369524538759073,3456438000.0,-0.9153951433206704,-1.5489503979879196,1.1570736716871006,0.2765981834694349,0.2329106441101241,0.054431005816921355,1700000000.0,0.9468563869755385,2176125000.0,-0.0002072220784398975,-0.967564839322081,2.7320274981354236,0.3257261020822342,0.3080562953700866,0.038849472566745584
A36,D07,pasado,132688000.0,2.8064143630695377,1555938000.0,0.06611287158729635,-2.7292038629015547,5.535587517672885,1.2298250550595777,0.715595099765379,0.14843723058724095,1100000000.0,1.1612485162177202,1745000000.0,-0.24418842527954143,-1.307811383302096,1.8545301316809408,0.5971454931129703,0.17637446262209872,0.05486681082734341,1100000000.0,1.1648423293248316,1742250000.0,-0.24769877253809405,-1.3175350840588775,1.8621413394742992,0.5979744788092904,0.17745027313862044,0.05510003860563951,110688000.0,2.846218328346999,1446625000.0,-0.08884856960097784,-2.866237472594997,8.512753770309114,1.1089014807078066,0.8000968811676468,0.12137268963349652,1700000000.0,1.16648390212801,2170812000.0,0.0003210476141365821,-1.1437793876996305,2.2618085076753056,0.3329419417076705,0.21582893978676343,0.03761788318353466,1700000000.0,0.6716589977370293,3460688000.0,-0.9679490875864476,-1.6324169447648442,1.1895653404623912,0.2880964492353361,0.22585316414623804,0.05344444596600618,1700000000.0,0.6688879492880135,3460688000.0,-0.9766088015475447,-1.6360866344516742,1.187696256364632,0.2898649541503248,0.22678480470609408,0.05370870564621124,1419500000.0,1.3021040839868825,2168688000.0,-0.13630937039244975,-1.425864003058829,3.1838341497473923,0.38931679566675814,0.41210659495900054,0.04504925980234217
A36,D08,pasado,136813000.0,2.6604482261299753,1559375000.0,0.07685782822962813,-2.581182330823582,5.333797812893664,1.2295797612747807,0.7116704112695229,0.14872150246817917,1100000000.0,1.1650039062378703,1742938000.0,-0.22044451924929456,-1.2871196127294018,1.852521801656692,0.595291038329906,0.17601819610710745,0.055179246997357115,1100000000.0,1.173846412878804,1742938000.0,-0.22360507013878875,-1.2986477607862694,1.8686607047246828,0.5961258989472197,0.17850044424399802,0.055435602738572225,126500000.0,2.794157351195142,1445250000.0,-0.05063853779195487,-2.768373146063375,8.047434065533007,1.0602310199273033,0.7573191998198674,0.11857485421290798,1700000000.0,1.1530407888840215,2169750000.0,0.005212098752006885,-1.139801120551302,2.338240170273485,0.33598839173696693,0.20718971643360604,0.03832416512018677,1700000000.0,0.7192089285730947,3458562000.0,-0.9407872484690964,-1.6557582531334492,1.2465749910177593,0.28385671528708206,0.22227540873723398,0.05405887322103623,1700000000.0,0.7177310211900471,3458562000.0,-0.949134501176214,-1.6655936253769046,1.250046124707056,0.28598422226497233,0.2231122080654931,0.054341761106669814,1700000000.0,1.3992273473336538,2166562000.0,-0.09751689369652293,-1.4774366138605082,2.933927524741584,0.3745791491823039,0.36356497120608156,0.04332263271603826
A37,D02,verde,141624000.0,2.595358584417741,1549750000.0,0.06332071574543656,-2.488864669296218,5.294198897625469,1.194598286112545,0.674514141169229,0.14210739371469427,1100000000.0,0.9777500736228144,1744312000.0,-0.2672207685722289,-1.1866977675733612,1.7202614176888766,0.5699935658259496,0.17230794333624164,0.05289515952838099,1100000000.0,0.9797790823816219,1740875000.0,-0.26724642520916664,-1.19081884772658,1.7308661217801014,0.5700214228506841,0.17300095059754933,0.05286153785354223,132000000.0,2.5602598677578308,1445250000.0,-0.0618583126670539,-2.5014711377961545,7.360736887123348,1.0757797813444563,0.7791102891120862,0.126101352701322,1700000000.0,1.1227802810171705,2172938000.0,-0.0053664394456809815,-1.1335820433976538,2.381592662837215,0.34062163972865855,0.21620819465722707,0.03945673186567965,1700000000.0,0.7155523860554271,3456438000.0,-0.9622484631868081,-1.6732590766278772,1.2731727886355704,0.3073530139134398,0.2465399733071305,0.05847465530479464,1700000000.0,0.7192571053125111,3457500000.0,-0.9621381990532023,-1.674556679223779,1.2750040658158268,0.3072135916374313,0.24664444376126432,0.058446272508648166,1700000000.0,0.8154977847596907,2164438000.0,-0.02523474916878634,-0.8877577358181996,2.341061687848626,0.3317605756525097,0.296167990529238,0.038964010392720676
A37,D03,maduro,142313000.0,2.526397456984221,1559375000.0,0.05038826814028795,-2.4732954161826823,5.249642497460811,1.1909806124060194,0.653232489422412,0.14212745563858892,1100000000.0,1.011770460896747,1742938000.0,-0.2592088185967225,-1.1994914949172064,1.7312600085609735,0.5667486111304538,0.17178632505496544,0.05336980371728382,1100000000.0,1.013542103673601,1743625000.0,-0.2589893021439153,-1.2026675888426634,1.7335878467613703,0.5669635175789448,0.17302502212944137,0.05333499081178272,142312000.0,2.4357344494259454,1450062000.0,-0.050061564039013316,-2.3798228663601875,7.21162526451926,1.0807301943348777,0.7603564856145433,0.12432540298165856,1700000000.0,1.1141904174292785,2164438000.0,-0.021619117747064903,-1.1523239876767952,2.3669867908069975,0.33463451369148606,0.2066055940519616,0.03831400795233199,1700000000.0,0.709568786625961,3455375000.0,-0.952126897496977,-1.6532179300050625,1.2520375980508662,0.30501962846008934,0.245355211816844,0.05837944969854158,1700000000.0,0.7100559310298908,3451125000.0,-0.9520306473889145,-1.6538846737274973,1.2590498525170166,0.3051380681486325,0.24570418087582183,0.05834416338331723,1700000000.0,0.7234604787050001,2168688000.0,-0.004217081557240394,-0.7867005115902552,2.149938541486856,0.32135124502248147,0.2913571258726763,0.038324737327036326
A38,D02,verde,154000000.0,2.3429908459882283,1551125000.0,0.06277778114629756,-2.236970042139628,4.900855334724689,1.1743868368884862,0.6342844892992795,0.13954829903818955,1100000000.0,0.8835117486482852,1744312000.0,-0.3401311467722601,-1.235609789761336,1.7826491935596145,0.6011058367326083,0.1708739073132337,0.05040922321519726,1100000000.0,0.891986107410782,1741562000.0,-0.3394337588681674,-1.2418336670292236,1.7955436964373372,0.6010820894401695,0.17147620764395002,0.05035940616430845,135437000.0,2.5020533863122867,1445250000.0,-0.0674063216221804,-2.477269757855253,7.268792874856414,1.050164187720388,0.7615103226951287,0.12237939784729687,1700000000.0,1.1016445832371142,2175062000.0,-0.0009703936085672696,-1.1282991650046579,2.604838604051272,0.3586342371528393,0.23500265178344704,0.04157800961746443,1700000000.0,0.6686142631317546,3442625000.0,-1.0591684444942127,-1.7372716849723215,1.2261375705734663,0.3026144533213569,0.24597700299887731,0.057980683734686865,1700000000.0,0.6720794200889544,3446875000.0,-1.058545413582113,-1.7377555807864002,1.232887018601211,0.30251851187501344,0.24617465395666385,0.05796136531414811,1700000000.0,0.9625271236271009,2165500000.0,-0.054839242055655026,-1.044526460959884,2.4604442400443114,0.3437487959441074,0.32199467370243695,0.04067572921002998
A38,D03,maduro,147124000.0,2.3866309597554607,1560750000.0,0.05175176786134135,-2.3244596092454954,4.964974827672249,1.175500242386108,0.6181978312011074,0.1400108357803238,1100000000.0,0.9147393764133318,1742938000.0,-0.33117642170201805,-1.2464864839766634,1.8103732932015948,0.6009578778359709,0.17034821553132096,0.05056081522153686,1100000000.0,0.9204631407654232,1745000000.0,-0.33143432678601126,-1.251084680250254,1.811759098055271,0.601276865211373,0.1715605987639044,0.05053380937176668,159500000.0,2.309101136762062,1450062000.0,-0.044344402766812945,-2.267975652276581,6.987812667527812,1.0480322967963205,0.7464259914937266,0.12161661548129549,1700000000.0,1.1093707133368653,2167625000.0,-0.016503395143746713,-1.1480133146582179,2.607538388380558,0.3564370117656535,0.21083063441651972,0.04090458271812776,1700000000.0,0.6419396446705625,3452188000.0,-1.0367977132745338,-1.6936120075638734,1.2142172172190606,0.2940040129088484,0.2427434430473575,0.05719855662479652,1700000000.0,0.6397614608053606,3450062000.0,-1.0371380341648866,-1.6941348030369918,1.2175681938801268,0.29427613287427257,0.2429272995764806,0.05718784870374414,1700000000.0,0.646907914585295,2169750000.0,0.004918043177184179,-0.7107682856055096,2.1308878785193874,0.32247890269346036,0.2903148924253556,0.03778114867387599
A38,D04,maduro,134063000.0,2.8063560102089005,1551125000.0,0.8455405654588297,-1.9138751257009743,5.645523332864193,1.2306737778169694,0.6533849085521715,0.14291773953836015,1100000000.0,0.915211456383914,1739500000.0,0.07760099296094483,-0.8257705363117103,1.7647998700114815,0.5733049662654114,0.178214672736612,0.0510594065800554,1100000000.0,0.9179721887855877,1744312000.0,0.0773021436553767,-0.8300650717900901,1.7741707145610828,0.5730485086248291,0.179539499198239,0.05102830518348415,127187000.0,2.6485246497292434,1447312000.0,-0.042437658763174894,-2.6255714880957335,7.275891964422261,1.0506491562583675,0.7071870244926115,0.12235589759410706,1700000000.0,1.1886821791586206,2169750000.0,0.9134918586552817,-0.25791235727920325,2.408017148656979,0.3636198699011753,0.1875047780762131,0.03977783216811385,1700000000.0,0.5784857554321204,3445812000.0,-0.5608938870900234,-1.1523686022986241,1.1156672073678828,0.2776109647341891,0.24552965464877058,0.05641628288359156,1700000000.0,0.5768664896348308,3447938000.0,-0.5612483043594085,-1.149279942202863,1.1152026765728251,0.2772359707374872,0.24497988069544224,0.05638317190167203,1700000000.0,0.9275616990280773,2169750000.0,0.001258158988195431,-0.979800942175773,2.835652455308767,0.36292621693127475,0.33199284924208555,0.04013628817596429
A38,D05,maduro,148500000.0,2.426974340017042,1558000000.0,0.06970119938490846,-2.337050358469886,4.939320116120822,1.1783581816738125,0.6341655367123745,0.14162908693195997,1100000000.0,0.955761365830385,1742250000.0,-0.32853528490461487,-1.2778490800919748,1.887330267423685,0.6144339566240684,0.17199140296223125,0.05007671310221184,1100000000.0,0.9636335664804174,1744312000.0,-0.33250283190273616,-1.2897093729877476,1.9180683601439168,0.6160816639157052,0.17361535406360273,0.050234444917101856,147125000.0,2.461414109849832,1445938000.0,-0.06079831182123224,-2.4603144749684844,7.19190639114109,1.0338311452894733,0.674611158477435,0.11764633686550152,1700000000.0,1.1164626377563807,2170812000.0,0.011072719504848337,-1.125438119181796,2.5532653891608477,0.3541769702125249,0.21040374059975253,0.041122788004674414,1700000000.0,0.6121666401205599,3450062000.0,-1.0331947049535455,-1.6641775712046765,1.189939262342426,0.28616597687475437,0.23794171805951428,0.05569528072249241,1700000000.0,0.6180685832073867,3451125000.0,-1.0427278748316797,-1.6770741941142746,1.2007441540454786,0.2885659992699504,0.2386052118579363,0.055955287573562516,1700000000.0,0.8319031314613043,2172938000.0,-0.04128507398499787,-0.9237146549399031,2.5575638335076647,0.3395189547134164,0.31524297958252645,0.03951023512500196
A38,D06,pasado,145062000.0,2.4540874571305094,1558688000.0,0.06823860527443058,-2.3775347401654074,4.918016889341999,1.1841227848986826,0.6445040665022295,0.1425591051701666,1100000000.0,0.9463582299138386,1731250000.0,-0.3306509321232937,-1.2821205006058682,1.8606485281605518,0.6262859232061377,0.1683775313763341,0.05050782583924805,1100000000.0,0.9505969842743922,1744312000.0,-0.3306867378147877,-1.283603915777152,1.8609482765111443,0.6264384437345334,0.16992169292314607,0.050508342894667706,166375000.0,2.2018109355192528,1452812000.0,-0.03836833658258052,-2.1745151567111543,6.55535385657687,1.028822112728223,0.6999451877641282,0.11922759046425609,1700000000.0,1.1159974819923881,2171875000.0,0.004359910870759591,-1.1256979623236747,2.5645968690623273,0.3566930643689391,0.21040753919817745,0.041581474124013224,1700000000.0,0.5892536646677033,3454312000.0,-1.0294654798530416,-1.644285280132389,1.1407707909864302,0.2785667163452005,0.24421160987855306,0.0566784795338379,1700000000.0,0.5853233447354376,3452188000.0,-1.0292146929413781,-1.6395243059549096,1.1434954120057483,0.2786007981049239,0.24405633129613344,0.056690055964823516,1700000000.0,0.854152967624463,2176125000.0,0.0024249939462927276,-0.8913267250203328,2.8246763987953694,0.34208386920280126,0.35006142677015345,0.04097474174404264
A38,D07,pasado,148500000.0,2.3635442461548513,1560750000.0,0.06921926921326987,-2.276969289018997,4.801638406343489,1.173725358548006,0.638878349130025,0.1412876170085736,1100000000.0,0.9853497631048707,1743625000.0,-0.35736179991566897,-1.350166566325961,1.9258524909535046,0.6383270664661583,0.1732741288038674,0.05067691024951857,1100000000.0,0.9949233574482272,1745000000.0,-0.3607913025292617,-1.3607895255542266,1.9361762409284209,0.6391174211351626,0.17401031228680444,0.05090578470908145,131312000.0,2.5924516841118996,1446625000.0,-0.09174613684558348,-2.637737446702369,8.142139484436058,1.0639883178692342,0.7863947423791944,0.11638085466671585,1700000000.0,1.1027933494387485,2170812000.0,0.006059231510009568,-1.1211553633240083,2.581023317586788,0.35759350369801,0.21329095225225903,0.04167166265401451,1700000000.0,0.6256314804624277,3460688000.0,-1.0896523041098307,-1.7321005448963478,1.177785030495209,0.2884468064801798,0.23503717118364115,0.05587242768565613,1700000000.0,0.6234385717733948,3447938000.0,-1.098160807330401,-1.7425377307077694,1.1841091889901054,0.290202776622727,0.23521635849309278,0.05615873164007109,1402500000.0,1.2653315819104811,3500000000.0,-0.13181811886203237,-1.3984447713130612,3.031899668729295,0.39004199130745737,0.43598171967547494,0.0467794502853286
A38,D08,pasado,151250000.0,2.2548065179343126,1561438000.0,0.08055695193264495,-2.155500163623725,4.6648648318394095,1.1759509365693714,0.6336296297588965,0.14158327660511633,1100000000.0,0.9658514364237564,1742250000.0,-0.3283364701424749,-1.3041230990268673,1.9240509216846908,0.6323065280203323,0.16776830135781215,0.050089851657649384,1100000000.0,0.9753641839384533,1742250000.0,-0.3320604754974047,-1.3099937475507406,1.9332224182507862,0.6331961306034769,0.1690427510444171,0.050320140352955484,147812000.0,2.5476237836734215,1445250000.0,-0.0477960042539885,-2.541709148910888,7.6871591466081295,1.0139776602748942,0.7445655611835882,0.1145153869258028,1700000000.0,1.0534656062250998,2171875000.0,0.0118294162398398,-1.0723759263587647,2.580744546847717,0.3554729743924787,0.21971200815132447,0.041594719549842826,1700000000.0,0.6539158597548078,3459625000.0,-1.037939658042714,-1.7192627938947869,1.2421348522465427,0.27833858985484256,0.22788868329002226,0.05603379774447682,1700000000.0,0.651611439400489,3458562000.0,-1.0469302509246836,-1.7315547684729022,1.2462155096369059,0.28051099363397214,0.22856988372557677,0.056287017867160706,1700000000.0,1.2369347999505842,3500000000.0,-0.08303285345950241,-1.3293087660512934,2.835436523200298,0.3698995490624411,0.35956754345235437,0.043175353793241035
A39,D02,verde,159500000.0,2.148259623867425,1561438000.0,0.07440798113560791,-2.045452819162212,4.608659519136745,1.1005568418864042,0.6011459793434142,0.1304845192632823,1100000000.0,0.8943983430585074,1748438000.0,-0.1803326295914385,-0.9742770534353561,1.5498655459955264,0.47944566499606006,0.1665693971652472,0.05475438934342544,1100000000.0,0.9006377088130545,1741562000.0,-0.1792579540225863,-0.9771657077022906,1.551728612646006,0.4794669140803643,0.1675488704188297,0.05473045843909164,138188000.0,2.36719759174436,1445250000.0,-0.07403028077337485,-2.3351408687517115,6.93351600333583,1.0101838584351444,0.7424237357612009,0.11516459110535605,1700000000.0,0.9859755332765562,2175062000.0,-0.0007658687171859088,-1.0051739627912117,2.273178110026945,0.3165806883749397,0.20519359746572774,0.036979193653777526,1700000000.0,0.6466418509673207,3449000000.0,-0.7915517744758792,-1.4445570435494295,1.1695843755891466,0.27933913820567846,0.23224028949510564,0.05601006882474907,1700000000.0,0.6456122339147917,3457500000.0,-0.7902784274431501,-1.4431826972866784,1.1739222622795213,0.2790489951489791,0.23176721745201448,0.056024476389470286,1700000000.0,0.8660727482592123,2165500000.0,-0.05087164362216389,-0.93039726275431,2.0936007753099384,0.3053233023513363,0.29416410243423696,0.03717191288457577
A39,D03,maduro,152625000.0,2.231064595010021,1560750000.0,0.06438384179466464,-2.166708066163581,4.705627672537913,1.0978462116418888,0.6052644994245954,0.13050322478226634,1100000000.0,0.9225239573854611,1741562000.0,-0.1692664839303858,-0.9745148455191676,1.5544631968220357,0.47629112334062385,0.16699691475021453,0.05464414019208483,1100000000.0,0.9260979162466414,1743625000.0,-0.16999194691184563,-0.9800513317184943,1.559356977952828,0.47644858842630033,0.16813785168434098,0.05460436869618211,169812000.0,2.1781465875750627,1451438000.0,-0.045301858419529176,-2.1341027489145734,6.702803854755054,1.0033278281411184,0.7331281433825835,0.11554330009113334,1700000000.0,0.9494037635069106,2167625000.0,-0.01558093761280188,-0.9834047307074366,2.189929832350152,0.31151646721556986,0.17277573519224512,0.03591536941184878,1700000000.0,0.6086670955393648,3449000000.0,-0.7695209434657335,-1.3898385005414327,1.1265562161619354,0.2728678240636724,0.22837225916120946,0.0547718886399051,1700000000.0,0.6095902282447028,3451125000.0,-0.7702601885091473,-1.3892826922136514,1.1258824881325697,0.27307033886947746,0.22797298911964417,0.054701779044499244,1700000000.0,0.5571238649310746,2168688000.0,0.00794207222907988,-0.6107115891892443,1.9361507828450657,0.2957833359231069,0.24259626423795266,0.034087522401729416
A39,D04,maduro,140250000.0,2.5570576928578332,1556625000.0,0.8616175279052418,-1.6528482321339346,5.293417912020486,1.1408140568176504,0.6379850516021579,0.13337516338643224,1100000000.0,0.9097680911580954,1742938000.0,0.2530846900206427,-0.5313650218911037,1.4927703903887648,0.4418263264274299,0.17491154128812897,0.05542136754738554,1100000000.0,0.9172184968011776,1744312000.0,0.25283346559276315,-0.5400610233215722,1.5029972825437694,0.4416196764608062,0.17633739399959364,0.05535394366692589,132687000.0,2.448913542977409,1447312000.0,-0.04143759332023871,-2.4153973636719686,6.7907251511998545,0.9956957270393266,0.6798698799569457,0.1153681352359494,1700000000.0,1.0171020418398147,2170812000.0,0.918891020090532,-0.09012569122105128,1.992288684377289,0.319745874509686,0.14674885005661178,0.034725210943197686,1700000000.0,0.55037380363563,3452188000.0,-0.2727752883764711,-0.8265136081059011,1.0270663042509982,0.2527589016244983,0.22725966705405562,0.05381092646860513,1700000000.0,0.541518921523358,3445812000.0,-0.27324239033738595,-0.8205216516501115,1.0238973816052748,0.2521588533088827,0.2267104864949393,0.0537327800194996,1700000000.0,0.7971689032633088,2170812000.0,0.014887336182557455,-0.8369197109466298,2.536736642400405,0.32734696162662497,0.28784206790031897,0.03568734734571851
A39,D05,maduro,155374000.0,2.251445931415643,1560062000.0,0.080421008588041,-2.1532763611116676,4.683022620086495,1.0990656931095013,0.6207941284943816,0.132459860572545,1100000000.0,0.9708221974852753,1741562000.0,-0.14871383894201828,-0.9844749302793593,1.6084321554588514,0.47845388705258757,0.17027634377373174,0.055350855309946816,1100000000.0,0.9783140348448585,1744312000.0,-0.15269377927206448,-0.9955794157683963,1.6247214656815339,0.4800845844857417,0.17273357001345202,0.055523504941758194,150562000.0,2.3307500089736353,1447312000.0,-0.06526252256888648,-2.3243649406663716,6.831002054295645,0.9906468974994036,0.6574573754021589,0.11157811066545945,1700000000.0,0.948576460373568,2170812000.0,0.010045198586306238,-0.9589261774962776,2.12190821379883,0.30545828931099467,0.1698541369337201,0.035622415859032475,1700000000.0,0.5830606943809263,3453250000.0,-0.7421858081234763,-1.3379882096698408,1.1039182663890619,0.2636142135705744,0.22170565899087227,0.053610673625239545,1700000000.0,0.5883095379873275,3450062000.0,-0.7518789780955235,-1.3500903258048205,1.1129815615345504,0.26587684193391264,0.22225380816381868,0.05384793937737267,1700000000.0,0.7681151146908896,2174000000.0,-0.03906724882415138,-0.8470073085280699,2.29082064660385,0.30398016569255437,0.28182739556843356,0.03564585644577975
A39,D06,maduro,152624000.0,2.269649617962354,1561438000.0,0.07844127294006854,-2.18654461537782,4.7027424579875845,1.1080096673608602,0.6306861999264963,0.1336311200193768,1100000000.0,0.9797693689013484,1745688000.0,-0.1534039823370015,-1.0023088373308922,1.6237074381601375,0.49162114018202335,0.1663502506756468,0.0561982852740664,1100000000.0,0.9922312793134825,1744312000.0,-0.15324760739668591,-1.0099734870944608,1.623796463466162,0.49171585365440545,0.16821112879380007,0.05620929245171209,151938000.0,2.324950409347475,1447312000.0,-0.0710632377966805,-2.3139649269958826,6.801594670291841,0.9936862329971976,0.6717387564541448,0.11133721216285242,1700000000.0,0.94171770989279,2171875000.0,0.0029234776226347986,-0.9544891058615629,2.0791881736792868,0.30423405659663005,0.1639485396292689,0.035669086711715495,1700000000.0,0.6086206464476083,3454312000.0,-0.7505383746014718,-1.371545331556005,1.1137752253858069,0.269016729292101,0.22804556602198064,0.05546844943448251,1700000000.0,0.6060550830537346,3456438000.0,-0.7502122296040586,-1.3675351039729555,1.1155589103870116,0.2691136061715931,0.22790361028055714,0.05548200897170793,1700000000.0,0.8091451584896827,2168688000.0,-0.06245081402378645,-0.8943383511324489,2.063788485231441,0.29806138986143915,0.2845529651453973,0.03658906496649765
A40,D02,maduro,152625000.0,2.3142966598676225,1551125000.0,0.07028444413379839,-2.213282545491227,4.909723935775475,1.1291237437875072,0.645509872597732,0.1341991125612177,1100000000.0,0.9774833818662053,1743625000.0,-0.1616351873576819,-1.0035095745243077,1.5378812592922206,0.49121283729183346,0.1709936420398791,0.05534720638908904,1100000000.0,0.9814657307866477,1744312000.0,-0.16043576544485988,-1.0087426847292773,1.5409622886530934,0.49134847267561993,0.17147035460507332,0.055348566591077515,133375000.0,2.469819207452286,1445250000.0,-0.07190340195007265,-2.4315268093161655,7.143428802035222,1.0389338335402958,0.7534360618859011,0.1190227086062548,1700000000.0,0.9568978738346973,2175062000.0,-0.00017180377846955108,-0.9709760517205762,2.1427475498153585,0.3033299209151603,0.18906900961416112,0.0353821493352196,1700000000.0,0.6328386864178608,3456438000.0,-0.7939741063888256,-1.4423392262058843,1.1680521347886264,0.28536783609609073,0.2320734315595889,0.05628566354243886,1700000000.0,0.635177106201229,3457500000.0,-0.7925738538565449,-1.4462744367922578,1.176879410263998,0.28533736232100565,0.23315421027704034,0.0563248739648626,1700000000.0,0.9049692516028314,2165500000.0,-0.04637663594981685,-0.9671847025957964,2.1479077084433404,0.30914579803179104,0.29663383515121594,0.037933065030566454
A40,D03,maduro,145750000.0,2.3878127355954826,1559375000.0,0.0590882133215912,-2.3299693988940815,5.052737701327505,1.1350645514366586,0.6307266023576288,0.13527850540542152,1100000000.0,1.009249945541767,1742938000.0,-0.15729467958242824,-1.0202527317978054,1.5583743398537289,0.49273790110232674,0.16861984743695552,0.05515745158514846,1100000000.0,1.012039895458727,1743625000.0,-0.1576896875766277,-1.0246496744718532,1.5602411360912556,0.49293211844589563,0.16947455593685348,0.055115404205974224,147126000.0,2.3217897740106856,1452125000.0,-0.04609690109047785,-2.275608988300582,6.958217248594821,1.0382141453151683,0.7464762028635237,0.11954064728200715,1700000000.0,0.9722204733689365,2168688000.0,-0.016462509503908665,-1.0030099292946573,2.113626374322056,0.3025556495206623,0.17412910737231105,0.03478892945261356,1700000000.0,0.6360348198648286,3451125000.0,-0.783539829886095,-1.4283128421316316,1.1807505312550746,0.2832968383385468,0.23015160737255486,0.05559704877859545,1700000000.0,0.6390008893399637,3454312000.0,-0.7840558529034658,-1.4300680823483352,1.1863587712813672,0.28342691671303877,0.23052972429200436,0.05551593288731697,1700000000.0,0.5691725942630025,2169750000.0,0.005067791798765772,-0.6274858479099439,1.88612043417263,0.2938553842190669,0.24259825731890033,0.03427851599835464
A40,D04,maduro,133374000.0,2.8086050841703996,1551125000.0,0.8614776873579696,-1.9143429191257115,5.743125164739423,1.1884073082006288,0.6697006695898166,0.13867899484882393,1100000000.0,1.0054900276812528,1740188000.0,0.25989863202915925,-0.591992521639177,1.5176190253490591,0.4626212378137216,0.17808820824876553,0.05593104618328796,1100000000.0,1.0136926766544452,1744312000.0,0.25988864812164536,-0.6004077874980758,1.526904386768357,0.46241671501851334,0.17959879171149973,0.055869482120399654,123750000.0,2.606114316123038,1448000000.0,-0.04033460765932077,-2.5663538356219915,7.070879265786378,1.0353031191894928,0.6926762401073436,0.12003532372264517,1700000000.0,1.0433751204720123,2171875000.0,0.9236644898879451,-0.10361568929152563,1.9405848309823999,0.315913165551419,0.1484421356620231,0.03425375954746046,1700000000.0,0.5852888358459207,3450062000.0,-0.29756574009789194,-0.8830891907935889,1.088983955964351,0.26551489943722245,0.2321265184347593,0.05495950800764727,1700000000.0,0.5724622197352074,3450062000.0,-0.2978333992229033,-0.873332648533478,1.0804149290959666,0.2651454506444411,0.231666013022788,0.05489603277450344,1700000000.0,0.8319623022949687,2169750000.0,0.01298367350685052,-0.8672604851894045,2.5848238649067214,0.328901901187528,0.29538279055826056,0.03629504124414919
A40,D05,pasado,145750000.0,2.4626599614204987,1558000000.0,0.08933494763842022,-2.358063049303317,5.053513159354088,1.1423539866510801,0.6642959041884549,0.13781389811012712,1100000000.0,1.0320373903712559,1743625000.0,-0.12486477110878687,-1.0086875493074101,1.6074196044876432,0.4917750841565721,0.17028359944397653,0.05458885735826176,1100000000.0,1.0471910409870708,1744312000.0,-0.13595457195383465,-1.0299004083449885,1.6308343312811866,0.49516388176957093,0.17341306061362532,0.05533003979458527,145750000.0,2.3923597544906476,1447312000.0,-0.04493952590691512,-2.3638386610691224,6.8457663026890465,1.019922500649859,0.6750195857428937,0.11641860911585102,1700000000.0,0.9874649644498098,2170812000.0,0.0349768776279475,-0.9606143779616362,2.0800560257082914,0.303213204748667,0.16437144361967987,0.0350857102941829,1700000000.0,0.604841909347703,3452188000.0,-0.7370185615097546,-1.3448362810301806,1.1236230041897395,0.27353270292716586,0.2251296787202908,0.05372287309603944,1700000000.0,0.6196513293971158,3450062000.0,-0.7640065533943671,-1.383951207006816,1.1453198111126566,0.27910798583219565,0.22732777413443564,0.05461924442704505,1700000000.0,0.7797942539961532,2175062000.0,-0.005214628009243549,-0.8380532593583463,2.60110248287493,0.3141052017431383,0.30048128528808227,0.03607193235186585
A40,D06,pasado,142312000.0,2.487542900194009,1558688000.0,0.07309432933441971,-2.415166902522357,5.083295061059481,1.1514046330369827,0.6732494521505262,0.13922988658712426,1100000000.0,1.0485347377978447,1745688000.0,-0.14827058137137086,-1.0514004586300398,1.6122571158754866,0.5009184598518374,0.16563452747984833,0.0557651897817102,1100000000.0,1.0561008380730192,1743625000.0,-0.14810833746065377,-1.057744575800577,1.6211382176277003,0.5011302300559329,0.16711430951677392,0.05578201022865162,145750000.0,2.404365853129145,1447312000.0,-0.06487163164464467,-2.3866959041827336,6.970422045580936,1.0312121914265984,0.680482775018912,0.11636039968055517,1700000000.0,0.9742725253918807,2171875000.0,0.00312101372793309,-0.979676330138639,2.0773781492028314,0.3035824049204664,0.16794396284210447,0.03542160196280502,1700000000.0,0.6058728811536602,3454312000.0,-0.786815212836353,-1.4078859887691344,1.1152248344765354,0.2709580584213794,0.22911801272734136,0.0552933397548346,1700000000.0,0.6058226682292936,3456438000.0,-0.7864261793644642,-1.4060973508358048,1.1190415591741543,0.27126642584375615,0.2293529118495697,0.05534364031717396,1700000000.0,0.7982232992709051,2170812000.0,-0.05087910120292549,-0.8799992481303197,2.1621933596515386,0.30814445438107113,0.29479727411104384,0.03762555941505537
A40,D07,pasado,143687000.0,2.468082776747666,1560750000.0,0.07526237916291555,-2.3741061582661636,5.049465945219362,1.1533311888882605,0.6787710615555393,0.13950597148292057,1100000000.0,1.0733945696077336,1743625000.0,-0.15679583068476946,-1.0847990274536077,1.64588813622909,0.5037535257688001,0.1708221272411905,0.05576763772049057,1100000000.0,1.0761786977519838,1745000000.0,-0.16014606530651965,-1.0946647219973997,1.6554720231524298,0.5045271572136082,0.1720982679592038,0.056038538190092246,113438000.0,2.64875321508164,1447312000.0,-0.08965184589908858,-2.666874015807777,8.044606695450547,1.0557453737294324,0.7706438465678418,0.1151254228312637,1700000000.0,0.9685042549930297,2170812000.0,0.00510064496490128,-0.9786632190970317,2.080629380676052,0.3033561143275443,0.16516216320787663,0.035347102611468055,1700000000.0,0.6440092685326273,3458562000.0,-0.8036775370982548,-1.4583366349243425,1.1552406104071982,0.27748406331456293,0.2231781733665774,0.05491591955845743,1700000000.0,0.6392424802632904,3460688000.0,-0.8122826429799946,-1.4637420138526007,1.157938492832493,0.27940165976301,0.2234240076723627,0.055234182699402876,1700000000.0,1.083435370313904,3500000000.0,-0.11558930533697555,-1.2027661098051894,2.6373063714468286,0.3501258140918101,0.38523908932235773,0.04189871042593746
A40,D08,pasado,147813000.0,2.3226537858560974,1562125000.0,0.08481241534497024,-2.2276337691929635,4.866437809416761,1.1548178874147739,0.6688702653721612,0.13965033979756006,1100000000.0,1.073650607262594,1742250000.0,-0.13386036196838916,-1.058218074449857,1.6203447517456562,0.5031172482385424,0.1693754002094568,0.05570531897946168,1100000000.0,1.0801344229308834,1742250000.0,-0.13767504403631894,-1.0665075117855074,1.6239911082318947,0.5040174384917002,0.17181443748975822,0.055949696115546094,129937000.0,2.640736528798656,1445250000.0,-0.05283215126635581,-2.614831422494637,7.689543717025521,1.0122476678786898,0.7310153541350755,0.11334137168985348,1700000000.0,0.9457504717809204,2171875000.0,0.009556332028229714,-0.9659871209738286,2.157933310508038,0.3087657293280251,0.16997692207288745,0.03611639921094376,1700000000.0,0.6738908038235025,3459625000.0,-0.771845280159547,-1.4605451150930628,1.215705373951386,0.2711291509368958,0.2181821846589072,0.05521947920509169,1700000000.0,0.674910153624401,3458562000.0,-0.7809668696671949,-1.4709132456818421,1.212939237618845,0.27304005015183797,0.21840035790677512,0.05546895141706745,1700000000.0,1.1982019095234895,3500000000.0,-0.08324166773846779,-1.2832770523220838,2.5897506974936446,0.3400429990683804,0.33295244086516307,0.03973050146207702
A41,D02,maduro,139563000.0,2.7482491474920216,1548375000.0,0.059299359393428744,-2.6536042379160274,5.532313223113658,1.2423099230566472,0.6823626203726192,0.14783986933712112,1100000000.0,0.9451398343780455,1743625000.0,-0.40133669893035895,-1.3770126868497656,1.9537952263999423,0.6537250697540987,0.17109674285798643,0.04959049364018236,1100000000.0,0.950841008909904,1741562000.0,-0.4009125195555683,-1.3812872549726396,1.964530619271887,0.653889947709487,0.17210491701541988,0.04958320447146974,128563000.0,2.706054678978496,1445250000.0,-0.057902016768556844,-2.642929050089049,7.580736692739485,1.0910355570624397,0.7800248963654025,0.1283599170234687,1700000000.0,1.217929592446317,2171875000.0,0.0006123206970023394,-1.2152191316657373,2.5271595851412956,0.3664996574642408,0.24081274525424962,0.042072827323417564,1700000000.0,0.7924140118849878,3445812000.0,-1.1513396604774413,-1.9261225785554066,1.3672953225811986,0.33366444349045704,0.2612170969332539,0.06053887306739814,1700000000.0,0.7917506957192828,3454312000.0,-1.1506872782217745,-1.9254884136074728,1.3698406426140144,0.3335286976207931,0.2607716775832539,0.060566947477478025,1700000000.0,1.0468619334653289,2165500000.0,-0.03604128424001065,-1.1169966371320006,2.5438757132225853,0.35359287560351327,0.2998322594010161,0.04163821860452536
A41,D03,maduro,143000000.0,2.569785873266313,1558688000.0,0.04398969798840085,-2.5031458641225375,5.311889678265609,1.238755548915327,0.6636089900714397,0.1477064512038629,1100000000.0,0.9628375303578629,1740188000.0,-0.39758364661224815,-1.3832264548850879,1.9740595916149961,0.6525600692496382,0.17140083308109813,0.049510547979131674,1100000000.0,0.9682540474002385,1743625000.0,-0.39763460316811217,-1.3881790421853162,1.9759596098434578,0.6528653833381457,0.17247143097385273,0.04947783677410309,145750000.0,2.4546607368119706,1448000000.0,-0.043256238238162346,-2.3894527996430455,7.286270771076082,1.0945487119258317,0.7631661305400609,0.12738031307190184,1700000000.0,1.2698688596387464,2164438000.0,-0.01813720645098321,-1.274852831368432,2.5895833079643396,0.36143541267983337,0.2384201669679205,0.04107631533099043,1700000000.0,0.7674627974809931,3452188000.0,-1.138785380091784,-1.8910333462106799,1.3353816340856852,0.3286672040517328,0.2591662526979768,0.060200595325927496,1700000000.0,0.7683766325912582,3451125000.0,-1.138859062790743,-1.8902002441485801,1.3382298878220804,0.32885036504899445,0.25909494869432076,0.06016032188468964,1700000000.0,0.804366428965791,2168688000.0,-0.0015154765349737708,-0.8584083111872919,2.358973031467762,0.344268901623473,0.3044959467921109,0.04047518331951015
A41,D04,maduro,125813000.0,3.1395598885021174,1547688000.0,0.8480699320310089,-2.2671665245843178,6.151749877330085,1.294643967204088,0.6734718448270266,0.14870870832971267,1100000000.0,0.9674128166445225,1738125000.0,0.023337452967331425,-0.9529546576163579,1.9173770215939534,0.6201360901185272,0.17815461448154288,0.05007463015375919,1100000000.0,0.9675758904639777,1744312000.0,0.023377089810279948,-0.9543732420989044,1.9214695006234606,0.6199072416825586,0.1789825173953773,0.050015485494331706,125812000.0,2.718012183929575,1447312000.0,-0.03335713259970978,-2.6740984592397314,7.337573035307112,1.0840431331260678,0.7339347331461095,0.1270123739078376,1700000000.0,1.2969547422201657,2168688000.0,0.9251694177592877,-0.32636513057164174,2.3458333980180406,0.3665638204555638,0.20811094352001253,0.039719269293792527,1700000000.0,0.7202596897703938,3445812000.0,-0.6443157275520741,-1.3395249907852234,1.2533874799011566,0.30801213538120414,0.26171980345130796,0.05962329155420077,1700000000.0,0.7086573172639448,3445812000.0,-0.6444837841678984,-1.32749833840073,1.2436624625982864,0.3075342049870511,0.26121674948164886,0.05956072300374978,1413125000.0,1.0202641760145947,2170812000.0,0.01214922424095202,-1.0421857200439473,3.073204525816406,0.3717271788008211,0.350110754799113,0.04159807543697012
A41,D05,maduro,136812000.0,2.7792528658086915,1549062000.0,0.07383583745434902,-2.692971732206858,5.456841732395384,1.2474561598643683,0.6836479867597002,0.14938402343577695,1100000000.0,0.9955637689578836,1741562000.0,-0.3671585173490156,-1.3796000583744727,2.037958029589992,0.6569666384791114,0.17050569853039615,0.04866295317297553,1100000000.0,1.0108973516107336,1744312000.0,-0.37773773125456755,-1.402064976478805,2.0826140604566024,0.660153738351899,0.17293012637669794,0.04929967717925775,142313000.0,2.5424894140895296,1445938000.0,-0.03413435979517896,-2.4934126484060606,7.182376752195056,1.071762811133213,0.7092656903343222,0.12362393834005155,1700000000.0,1.2348495029895936,2168688000.0,0.03146014398437411,-1.1989176093971958,2.5056879153084344,0.35878978321378185,0.22543084103404668,0.040764027946747605,1700000000.0,0.7332438213972485,3453250000.0,-1.090719068830076,-1.812786279292873,1.2986522669285643,0.3159039639421017,0.2543395241915724,0.058270492215583496,1700000000.0,0.7452126709323583,3451125000.0,-1.116102311601461,-1.8528072944298544,1.3262883101146732,0.32180720153124304,0.2563099974370857,0.05913464889456611,1700000000.0,0.9558785455906463,2175062000.0,-0.005216507927055478,-1.0055702707538094,2.9871911258929886,0.35707685147308377,0.33971545149679183,0.0413197205426844
A41,D06,maduro,140937000.0,2.672186691677727,1557312000.0,0.05987640128707626,-2.6073036774485248,5.376346493703151,1.2448676635990288,0.6728191907501749,0.14948229115069808,1100000000.0,1.0188885893302464,1741562000.0,-0.38459432684206263,-1.4132796457484038,2.012214509022851,0.6624953360736933,0.1647824965577792,0.0500220255035888,1100000000.0,1.028910490044903,1744312000.0,-0.3851216819112961,-1.4188242331914405,2.0159718274811054,0.6626521059607284,0.1662258060037235,0.050037592875537114,148500000.0,2.470688412100182,1447312000.0,-0.048183610739652515,-2.4313853270659234,7.146613215410681,1.0712335114650644,0.6903771376572966,0.12307141094765538,1700000000.0,1.232581581925186,2169750000.0,0.0033821046243960842,-1.226039784802775,2.5209295905739904,0.3583421856084142,0.2253630095499373,0.040918262346195916,1700000000.0,0.7523304501985735,3453250000.0,-1.1309137487113785,-1.8713670197838475,1.3103204170524196,0.31632256984226703,0.2576655132181175,0.05983139358691986,1700000000.0,0.7504611444496654,3456438000.0,-1.1313682623150316,-1.8684029579774644,1.3105151078531483,0.3165402425920065,0.2574417395809956,0.05987075296281909,1700000000.0,0.9340645426737745,2170812000.0,-0.03937476695046546,-1.0032125103494496,2.5984833627102217,0.3497127975228895,0.31690457065750766,0.04121269639713226
A41,D07,pasado,141624000.0,2.6435961854761483,1555250000.0,0.061209135929265884,-2.5711692339275194,5.316509143231124,1.2431758211291069,0.6856560233147421,0.14932592157279007,1100000000.0,1.0504502699945981,1743625000.0,-0.39835196598941613,-1.4569924565695676,2.0576154353374454,0.6697577209849578,0.17376144140340255,0.05029308261483079,1100000000.0,1.056651238224233,1742250000.0,-0.4025136107122918,-1.4678688131260855,2.066382212845497,0.6705647717130214,0.17428953111754839,0.05051803983552025,129250000.0,2.691141480978622,1446625000.0,-0.07764131148475707,-2.7116846033989486,8.395978507431328,1.104577197541842,0.8109329827814373,0.12248908667693481,1700000000.0,1.2415330723815536,2169750000.0,0.005579980503875179,-1.2321323359327165,2.5750134975190733,0.3598689582547726,0.22717470524494432,0.041020896997086616,1700000000.0,0.7747863740263017,3458562000.0,-1.1651350392546738,-1.9269670130400294,1.3296873342990092,0.3240273499730322,0.25063264026910437,0.05878948694988522,1700000000.0,0.7710691145854995,3458562000.0,-1.1745489950098111,-1.9332398362711,1.3270243991177904,0.32566367211378106,0.25164812780726187,0.05904840704718344,1400375000.0,1.3728884055475734,3500000000.0,-0.12203668739580628,-1.4939419961898968,3.3744798387657173,0.41160441263840825,0.4230468227414259,0.04723962305811492
A41,D08,pasado,143688000.0,2.5484498011986494,1558000000.0,0.06995030551804794,-2.4693032563649644,5.187711100708986,1.244526219008469,0.6777809550272127,0.14991617464003212,1100000000.0,1.0428156300358473,1742250000.0,-0.381534135335544,-1.4356834599043198,2.079159764785552,0.6689775962460718,0.16914808321183725,0.05024433776271894,1100000000.0,1.054190960534033,1740188000.0,-0.3849353713846406,-1.4437477973566235,2.0886928613960065,0.6698072384461466,0.17114388468893024,0.050462341016933504,131312000.0,2.6913513601452017,1445250000.0,-0.04480715065646518,-2.6767750185381436,7.926257453553104,1.0616669459460701,0.7548014701279592,0.11986226041918224,1700000000.0,1.2273247848587028,2169750000.0,0.007171990381625944,-1.2277993583357347,2.640192434366795,0.3644415360265057,0.21862835359317598,0.04188042947731893,1700000000.0,0.8055415659836072,3459625000.0,-1.1381118361788751,-1.9406237030183247,1.4003923394352864,0.3163327913739047,0.24706813766468388,0.05978612829673662,1700000000.0,0.8081088180035216,3458562000.0,-1.1467863192305805,-1.9515820611335746,1.398776133430237,0.3185375147417548,0.2478957696758926,0.06003596044254297,1700000000.0,1.3635694154766573,2166562000.0,-0.08767480422229638,-1.4418930160199408,2.925973840446018,0.3823718755851344,0.362596652790659,0.04467854698618452
A42,D02,verde,140250000.0,2.627993712739326,1548375000.0,0.06788599557961836,-2.519908736986779,5.333151070433997,1.2105402040695563,0.679206360746104,0.14411974405545447,1100000000.0,0.9535919803421757,1743625000.0,-0.28494906137888265,-1.2107064960017073,1.765832191977733,0.5960705642965912,0.17812203750391947,0.05364446784699464,1100000000.0,0.9586338903147311,1741562000.0,-0.2847527768539403,-1.2169988814527937,1.779575146149509,0.596187177034409,0.1788036089939169,0.05361265643530199,130626000.0,2.6222159574653334,1445250000.0,-0.05819101990549558,-2.5616625753891076,7.402214532096908,1.0698562718445799,0.7723284943222406,0.12572423891186235,1700000000.0,1.1072588968002914,2172938000.0,-0.0009203023801775861,-1.1153554184149406,2.418139804753765,0.34438781449239075,0.2192216726074569,0.03969309493089411,1700000000.0,0.6884325061341905,3454312000.0,-0.9954252292639398,-1.685753575255243,1.2349924266975534,0.3043900788323394,0.24507510401799112,0.05728944965003682,1700000000.0,0.6912489349731692,3457500000.0,-0.9950679036817668,-1.6841244479511213,1.2343958797305719,0.3043185762766554,0.24457319946372988,0.05727069072792976,1700000000.0,0.9374290412216987,2165500000.0,-0.028409155081188898,-1.0054494415128983,2.393460748288957,0.3343326739319689,0.28831086726781036,0.039151938167972834
A42,D03,maduro,138875000.0,2.6205296516955756,1558688000.0,0.05430930021374617,-2.5608073755193077,5.396814043010021,1.2242395442231733,0.6637398721917113,0.14618714462541302,1100000000.0,0.9906328848716146,1742938000.0,-0.28634196125566747,-1.2383937146860056,1.7944307891227385,0.5998139439058063,0.17607024801940735,0.053969073112552855,1100000000.0,0.9971370767380834,1745000000.0,-0.28610931717371163,-1.2423604375241506,1.800391653743108,0.6001207076569554,0.17724314870798827,0.05395450231740286,141625000.0,2.47003976511837,1449375000.0,-0.04791335798316075,-2.4035795605325148,7.25711765473773,1.0886739258800857,0.7584237326486343,0.1255812901326993,1700000000.0,1.1838493606488523,2164438000.0,-0.017661047083058223,-1.204032965265022,2.4645554742069726,0.3463337170420768,0.21824934233260151,0.03947809211003144,1700000000.0,0.6892850226868211,3452188000.0,-0.9937010041935403,-1.6794855379825344,1.2633185972668046,0.3030424205130001,0.24575876169399344,0.05775835284714183,1700000000.0,0.6927721435259636,3451125000.0,-0.9934949521226847,-1.6835332950729773,1.2702409190772719,0.30322710499815436,0.24585600782800426,0.057738803824394724,1700000000.0,0.7093989998954187,2169750000.0,-0.0033077465790888254,-0.7701331947247807,2.1095360424536183,0.3171063652496627,0.2820416126941392,0.037914992710534855
A42,D04,maduro,123750000.0,3.158881343385257,1549062000.0,0.8605925791437051,-2.2780230376907253,6.181219560910634,1.2799552350787704,0.6970314043669876,0.14812410161176387,1100000000.0,1.000066855373337,1739500000.0,0.1332486256714766,-0.8145406525363529,1.7676594765695808,0.5694832495099824,0.18485396114099917,0.05478734409582981,1100000000.0,1.0018911994755257,1744312000.0,0.1335831259149753,-0.8180526931915172,1.7715828566875818,0.5692831269407888,0.18688928105909758,0.054742245492578924,112062000.0,2.877041865767649,1445938000.0,-0.05157400533486048,-2.844114233229215,7.6867471794362245,1.0944145150289692,0.7289048018189674,0.12586292436531743,1700000000.0,1.2199377046225506,2169750000.0,0.9287835704049989,-0.24972394942699155,2.214192739151882,0.3515698977462277,0.1897643251520403,0.03821046777214263,1700000000.0,0.6388476517440658,3264125000.0,-0.513443322336071,-1.145803742514181,1.1611313604208144,0.2885391749183743,0.24733828372563488,0.05693887051390241,1700000000.0,0.6379211927675212,3266250000.0,-0.5133475850769822,-1.144902147555398,1.164070860236177,0.28818185473532004,0.247349050797585,0.056923194984688334,1700000000.0,1.0918871401718098,2167625000.0,-0.0350404550397702,-1.1591948934233072,2.732489479833659,0.35898563973817366,0.3326242557206601,0.04107610668214851
A42,D05,maduro,135437000.0,2.774840454609051,1551812000.0,0.08211646605511287,-2.677210995153536,5.447646518651865,1.2228429052979624,0.6954301366945591,0.147091655394686,1100000000.0,1.0468142894506058,1741562000.0,-0.2582421733848677,-1.2522316844432502,1.8691916592786098,0.6029613817896888,0.1784981545127894,0.05350814489491215,1100000000.0,1.058729560391777,1741562000.0,-0.2681600560458909,-1.2707679905322247,1.8952374616090233,0.6061183889089113,0.18092670247299228,0.05416290905703653,96250000.0,3.130298458379466,1445250000.0,-0.073769691341284,-3.1200953820123276,8.385364205210491,1.0978804085918707,0.7594932985796987,0.12232024658413887,1700000000.0,1.1380737118602604,2169750000.0,0.03007569979344264,-1.1039168847782848,2.325518854453528,0.3376877403144539,0.20374529184345153,0.03849494152817805,1700000000.0,0.6495396222098367,3441562000.0,-0.9750194380820356,-1.631041226187895,1.212230246964721,0.3002413807164205,0.23770066430007528,0.05453806192918545,1700000000.0,0.6581590253926468,3444750000.0,-0.9998130389616563,-1.665586216117225,1.2252615036243661,0.30558479089185536,0.2395827966821692,0.05539860872699525,1402500000.0,1.3338744721154292,3500000000.0,-0.11243812180106871,-1.45083822924085,3.1741830291327373,0.4026688307027001,0.42135948514365135,0.04673239914188952
A42,D06,pasado,136813000.0,2.720292362470167,1558688000.0,0.06948280301195855,-2.6512875412506043,5.423415729585787,1.228594611446124,0.6898200503556744,0.1481201988837572,1100000000.0,1.0463074621019266,1745000000.0,-0.26480892334571043,-1.2573885100782438,1.840730911113428,0.6070239350376061,0.17139985672734365,0.05447614637537937,1100000000.0,1.0560297051408611,1743625000.0,-0.26552619849550113,-1.2639810407189456,1.8600184402343556,0.6071673665136379,0.17300380945758576,0.0544724890914023,145750000.0,2.4741108750716894,1447312000.0,-0.04861853095324498,-2.4427952212131436,7.113866821872856,1.0615403680802717,0.6827984723846254,0.12182274668689974,1700000000.0,1.1351890343015372,2169750000.0,0.003607869281538265,-1.1330482307514078,2.365941196386391,0.33867544854260206,0.2031195465799875,0.03885187562501909,1700000000.0,0.6626436049693814,3454312000.0,-0.9782187951148426,-1.647153089718597,1.2048259390699638,0.29263115348358293,0.24137215573040327,0.05645233953225799,1700000000.0,0.6594506011630731,3456438000.0,-0.9787556354788904,-1.6407562571450929,1.2046025292257327,0.2928243606979003,0.2408442152570219,0.05642686340092464,1700000000.0,0.840849202888076,2172938000.0,-0.03281137977604735,-0.9137963678977469,2.47710257398956,0.33318411694740385,0.2992504991653169,0.03913986580167289
A42,D07,pasado,138875000.0,2.6710398426985216,1556625000.0,0.0694192960616643,-2.589965000459422,5.352597161257416,1.2259192006004656,0.6963253364807279,0.14780706389338782,1100000000.0,1.079136355797138,1742938000.0,-0.28110279496392415,-1.3066019169726788,1.8896435742942104,0.6158948029744962,0.17934156626481212,0.05462631800627976,1100000000.0,1.0862616294049332,1741562000.0,-0.28496043709611846,-1.3159646315133071,1.904990021239052,0.6167216874475149,0.17993612066316056,0.05484203733539121,129937000.0,2.6540393388570527,1447312000.0,-0.07820050349946417,-2.669988251817615,8.181681475863204,1.0855291167252914,0.78319365832873,0.12012673408765416,1700000000.0,1.1491019375849096,2170812000.0,0.004919331228207264,-1.1436593498827512,2.385617783200505,0.3384515422275215,0.20539758252962798,0.03875016734367767,1700000000.0,0.6786892669313354,3460688000.0,-1.01609743673627,-1.704223716611264,1.2305800862404057,0.3003083110487465,0.23589651805838083,0.05583837985250542,1700000000.0,0.6802217078811541,3458562000.0,-1.0252999498405633,-1.7146128546752912,1.233777137762008,0.30200129656072355,0.23636499990592322,0.05608553685749076,1700000000.0,1.0950857086655408,2168688000.0,-0.10703939488510994,-1.216224340462632,2.7956332307368026,0.366020181621864,0.37357920148121565,0.04260191186911465
A42,D08,pasado,143000000.0,2.5074150612972703,1559375000.0,0.07572957368941804,-2.426359199318865,5.1248669214298355,1.2126785328260306,0.6769758977396443,0.1464498608085307,1100000000.0,1.059756569476055,1739500000.0,-0.2622059497922767,-1.2730808025674172,1.8660551886615835,0.6106518798174029,0.17513921279386085,0.054413800855163404,1100000000.0,1.0727519924796467,1742250000.0,-0.2652293785508403,-1.2828142526833606,1.8785541337195293,0.6115862033620665,0.1772665208368809,0.054659833490861495,146438000.0,2.515003734091937,1445250000.0,-0.05089747588912793,-2.488600121071179,7.582956349916026,1.029077018260696,0.7267713454565234,0.11572400521276963,1700000000.0,1.1168139829473096,2171875000.0,0.006527253742164357,-1.1215968876769236,2.4431182081579963,0.34102778894305413,0.1966049169864002,0.03941578083389815,1700000000.0,0.7133457261449702,3458562000.0,-0.9834593412966629,-1.7091319493901782,1.2836482472323136,0.28862280255480627,0.23118998012955536,0.05660627596637234,1700000000.0,0.7107480264919619,3458562000.0,-0.9918992456608144,-1.718362643266068,1.2820506721356995,0.2907072285410577,0.23155794831468135,0.05688635755968707,1700000000.0,1.1245594395679375,2165500000.0,-0.07082102371594663,-1.1955663494211541,2.4233878455676705,0.334394708952751,0.3184631132774738,0.040080349343510596
A43,D02,verde,143000000.0,2.6474206464514114,1548375000.0,0.05901879172086687,-2.555191476779391,5.315001380472222,1.1632811056769088,0.6644093661043107,0.13844383037196084,1100000000.0,0.981670582131386,1743625000.0,-0.27626071199551455,-1.1933607403736841,1.743404672148412,0.5735885389385581,0.1687535344942881,0.05064283973406196,1100000000.0,0.9874438413697052,1740188000.0,-0.2759331496942818,-1.1980288491326248,1.7548330881599448,0.573628526746816,0.16939261055531757,0.05059470818478024,134063000.0,2.4990840410972224,1445250000.0,-0.059035032034524246,-2.4427441796061693,7.232858264222612,1.0561589923117887,0.7656707304803814,0.12336647671407347,1700000000.0,1.0819915182557087,2171875000.0,-0.0054087872322404985,-1.0831750678811287,2.1837870889561093,0.329515738339652,0.21978164250115081,0.037859061363071635,1700000000.0,0.6490031411961801,3450062000.0,-0.9522963271750844,-1.5974697053069131,1.161455721658851,0.2897898238074002,0.23810132621013652,0.055479046566080964,1700000000.0,0.6469540500409723,3454312000.0,-0.9517262002605779,-1.5966970115477122,1.161839306341577,0.28963674414481644,0.23864316811907893,0.05546666980799508,1700000000.0,0.9268943854547116,2165500000.0,-0.029088035412952653,-0.9891822265938162,2.259540685266588,0.3184887128749962,0.27694892188026143,0.0377978030628813
A43,D03,maduro,143687000.0,2.4684743262313407,1558000000.0,0.05343611867457688,-2.416582789265493,5.1665886890983455,1.1620879115658715,0.6382370393244885,0.13856053730273266,1100000000.0,1.0200334481088704,1742938000.0,-0.2653952618158653,-1.2075223805338497,1.7451620082600403,0.5697947549241571,0.16695430825180385,0.05103359854859493,1100000000.0,1.0266980178796785,1743625000.0,-0.26563384900247067,-1.2118120391878713,1.7538952481561905,0.5701377982578838,0.16807492024996656,0.051016148939022656,157438000.0,2.3149676672274424,1449375000.0,-0.04420245083240265,-2.2514051729071167,6.996026856741176,1.0409229933743855,0.7442639618335364,0.12011430167183897,1700000000.0,1.1235907745569838,2164438000.0,-0.015940050931320584,-1.134413380019363,2.2528334101108913,0.32861291903487877,0.21081793526344755,0.037457893967096575,1700000000.0,0.6612437130281809,3452188000.0,-0.9368592668669574,-1.594322166966853,1.1995813281184642,0.2865570481283947,0.2346233293559314,0.055305389079512025,1700000000.0,0.6628890163706121,3451125000.0,-0.9371786903476247,-1.595774267478509,1.2040772656423793,0.2867796327678949,0.23417322440216737,0.055289600930121835,1700000000.0,0.7467296873854794,2167625000.0,-0.004880266145630827,-0.8019557052242838,2.0645198013805186,0.30638546260856664,0.25026165299378633,0.035940255610854226
A43,D04,maduro,127188000.0,2.9986098309973044,1549062000.0,0.8624047317779973,-2.116597541087442,5.93609774434697,1.2223251397806265,0.6662152327946751,0.14100894805727512,1100000000.0,1.0418145435801325,1742250000.0,0.15088956734776857,-0.8021274958246959,1.7589667618672378,0.5458498569344585,0.1790026384838978,0.052373291081745384,1100000000.0,1.046726746023443,1744312000.0,0.1504229105681253,-0.8084246018954617,1.772285174347299,0.5455826571763914,0.18111568069757134,0.05232881734236186,110688000.0,2.937460159345726,1446625000.0,-0.05847117356440122,-2.922885788588656,7.83202645304571,1.0637116197270156,0.7507254057949939,0.12101418646800148,1700000000.0,1.1749360523838128,2168688000.0,0.9342642726500786,-0.19459756726586067,2.0523408273183286,0.334505848197438,0.18503388158007894,0.036154190842675835,1700000000.0,0.6497696800677502,3270500000.0,-0.4765531499237462,-1.1023455638735615,1.1378265255570876,0.2773887755756344,0.23699691082950144,0.05417083123962661,1700000000.0,0.6439149548120191,3266250000.0,-0.4770468372805066,-1.0978737745700948,1.1341766939068638,0.2770418101978496,0.23657085205483014,0.054149795932934223,1415250000.0,1.3489172766900448,2168688000.0,-0.06683296949349399,-1.421144742641126,3.2941899223109883,0.3888098360636835,0.3879772580798628,0.04361471541884627
A43,D05,maduro,141626000.0,2.5992476392764146,1550438000.0,0.07792682071343048,-2.5097159590737927,5.133465131435864,1.1554604554749557,0.6691426871402771,0.13892567191205565,1100000000.0,1.0712350862495932,1741562000.0,-0.23067305779505234,-1.2119554410829405,1.7764091831493363,0.5707756269967343,0.16802044707898173,0.05118117863439038,1100000000.0,1.0816656465195176,1744312000.0,-0.2401431425483909,-1.2312348130402928,1.8172109558506686,0.5739988261688277,0.17110835825750387,0.051849075593663814,113437000.0,2.883573908633431,1445250000.0,-0.06912559626270937,-2.865082998453204,7.893822013086844,1.0418160702014774,0.7252753590949099,0.11559787279846698,1700000000.0,1.0841249456311117,2169750000.0,0.028949832108143288,-1.0490602730179623,2.130035172300259,0.3162075306747003,0.19462122845463944,0.035923009903808874,1700000000.0,0.6455936760084389,3442625000.0,-0.9128310194959603,-1.5471415897434095,1.1525069946195106,0.28409060207565995,0.2288768133964667,0.05281205498690412,1700000000.0,0.6570587162074359,3444750000.0,-0.9368483152911791,-1.581954023099067,1.1640314221018646,0.2895096336097848,0.22996776884459202,0.05368027212150293,1403562000.0,1.2912736129519788,2167625000.0,-0.10463122637221821,-1.4001738944076645,3.0150228484762485,0.3806968654857218,0.40091790986866405,0.04426563384742998
A43,D06,pasado,140250000.0,2.609182066635832,1558000000.0,0.06538850249363909,-2.551708965936508,5.2741254199514715,1.186778600189531,0.6675246354513356,0.14301267798965833,1100000000.0,1.089951381300461,1745688000.0,-0.24150234357040382,-1.246729104288261,1.8253003140944521,0.5921321153058794,0.16704875569725086,0.0528965771176917,1100000000.0,1.1022131690151182,1743625000.0,-0.24186170199331047,-1.2540339663345055,1.8308271786538293,0.592136863939243,0.16838629627911628,0.05288554478302755,149187000.0,2.4083709838723952,1447312000.0,-0.05186584022861617,-2.381066481681757,6.994219028213454,1.0363249798144383,0.6741036822075274,0.11813327904943881,1700000000.0,1.118098451787506,2169750000.0,0.0014272352196798214,-1.106867573984624,2.1927497719448565,0.3230953010415959,0.20384188960105626,0.03673305268827625,1700000000.0,0.6605340892567325,3452188000.0,-0.9243340645612083,-1.5776823868751624,1.170871180202316,0.28307813394284026,0.23453459322590153,0.054750542664973915,1700000000.0,0.6570895318687884,3456438000.0,-0.9244710714735322,-1.5743996133289744,1.170155905111112,0.2831002467579576,0.2329735776742845,0.054726824364867456,1700000000.0,0.9078415579461503,2170812000.0,-0.0400647083282478,-0.9773700612043592,2.4244994588865225,0.32204569497074687,0.2915661072264779,0.03798044503522057
A43,D07,pasado,138875000.0,2.657676553781869,1556625000.0,0.06795182272817293,-2.5772418732657925,5.314803943351018,1.2038091331987604,0.6982425179231169,0.1452716080028415,1100000000.0,1.143931361141068,1742938000.0,-0.24301750590765087,-1.2884134730370502,1.8413520218267188,0.5955633282774723,0.17656265398622778,0.054091603021198906,1100000000.0,1.148815563088935,1742250000.0,-0.24679402590694746,-1.3008765460563159,1.8511313609290654,0.5963552772807507,0.17738616170122584,0.05432008914783781,129937000.0,2.610771019093514,1447312000.0,-0.07669714777654467,-2.6169522360280366,8.086227636316128,1.0755420248871275,0.776942429758174,0.11845032046116265,1700000000.0,1.1320311290385068,2169750000.0,0.00342481265852069,-1.1139252169382234,2.241163549879216,0.32720281463354417,0.20767766192390055,0.037177886859777534,1700000000.0,0.7017716171174033,3460688000.0,-0.9394271231188261,-1.6259575600796712,1.2019618181125167,0.29138019032250073,0.2304958932325965,0.05481162013337395,1700000000.0,0.7008766670434612,3459625000.0,-0.948408525604751,-1.6322563151418659,1.1969861039920193,0.29313399337318924,0.23129871873440386,0.05506317522692147,1700000000.0,1.150654699098738,2167625000.0,-0.10915367659279168,-1.2627674368515265,2.8915901459902797,0.366380645296123,0.37744235781699254,0.04248570915065647
A43,D08,pasado,140250000.0,2.5755021476343316,1559375000.0,0.0752394924773294,-2.4973719182883687,5.238258692315435,1.2133274984770048,0.6984416157737374,0.1467562429681419,1100000000.0,1.1540631942381874,1741562000.0,-0.21404908349564147,-1.2634698703756941,1.8387799187141076,0.5905823601381318,0.17448740502679322,0.05504746704359105,1100000000.0,1.1601562991432224,1742938000.0,-0.21680793134178658,-1.2723010890106765,1.8492445509938111,0.5915582382692853,0.1763829803450283,0.05530777813718413,134750000.0,2.546299743093074,1445250000.0,-0.04748080509622201,-2.4968870799054006,7.630998250628134,1.0423287568474038,0.7361127880359231,0.11708209062905746,1700000000.0,1.133652604976334,2169750000.0,0.004920460278333742,-1.1219077049678787,2.3046763752641137,0.33157876881984844,0.20384205963466073,0.03798488651055315,1700000000.0,0.7472005820262176,3458562000.0,-0.890625938232814,-1.618841011481532,1.2635987034746519,0.28178338158938604,0.22811038349349194,0.05660850342452814,1700000000.0,0.7476933022013905,3458562000.0,-0.8988334332642993,-1.6281212709632067,1.2602385804254101,0.2839160624003399,0.229027578873691,0.056942233243279586,1700000000.0,1.1649730431234566,2165500000.0,-0.06329333802211518,-1.223886598791929,2.4394707202061356,0.3298951827690232,0.3053993440492858,0.03965487281016761
A44,D02,verde,164313000.0,2.088809885925466,1561438000.0,0.07542109982193798,-1.989544350690276,4.544291100549177,1.076961844360336,0.601974760619238,0.12766774605387612,1100000000.0,0.8752800727367808,1747750000.0,-0.10688111605885998,-0.8552160513892927,1.4608758330145761,0.43648085704017825,0.1660700867526364,0.055801970734107545,1100000000.0,0.8806866315741864,1744312000.0,-0.10610192241611811,-0.8599650147337343,1.4667019036555722,0.436475658502102,0.16673712771045301,0.05577855149976886,157437000.0,2.2639678401598347,1466562000.0,-0.06586433400655914,-2.221684095878424,6.683565303832215,0.9928479045946992,0.7296981053200893,0.11374751770727518,1700000000.0,0.88568620252961,2175062000.0,-0.00029465776881664564,-0.9214753569121226,2.1288568526817704,0.29490794682176275,0.19694247651340413,0.034525932550147624,1700000000.0,0.6085633853738885,3456438000.0,-0.681105033067224,-1.3060419114759572,1.1068490093451049,0.2698729423626188,0.2266560436051614,0.055366291492835354,1700000000.0,0.6130264092485728,3457500000.0,-0.6801909093291798,-1.3103679841892308,1.1145130780496433,0.26970165287989173,0.2273054582525109,0.05537671109324024,1700000000.0,0.7356691645192426,2165500000.0,-0.027678413930434607,-0.7816959000819879,1.8613819949701387,0.2826191313961482,0.2611007059926078,0.03468085720004504
A44,D03,maduro,162250000.0,2.092537793532844,1559375000.0,0.07706331229030364,-2.0066482731113178,4.63870828625244,1.0745944126036835,0.6044394821477148,0.12747971113126738,1100000000.0,0.9065524036745355,1742938000.0,-0.09836859710691116,-0.8656085385960941,1.4679447270167434,0.43404827159064296,0.1642551273712608,0.05558585482204491,1100000000.0,0.9123500009324327,1743625000.0,-0.09914092407300755,-0.8726293541064222,1.476773419488223,0.4341391921811383,0.16509190509645544,0.055543608216618294,173937000.0,2.144392864726085,1448000000.0,-0.05178966698015678,-2.1112635113077953,6.677091587552356,0.9849775076839916,0.7283140857760428,0.11222462693083217,1700000000.0,0.8566494969619017,2174000000.0,0.0002549262240756802,-0.8798297878516653,1.9875390480900763,0.2934220260381322,0.1742579930905526,0.03416903614575992,1700000000.0,0.6065385754596974,3451125000.0,-0.6678500632156638,-1.287062621187689,1.1157367336800288,0.2686490738984008,0.2248350650772412,0.05471867865921145,1700000000.0,0.6069332382801055,3454312000.0,-0.6687943376825228,-1.2874816485982148,1.1230214539182635,0.26880975002530577,0.22374290377617828,0.05464367276821854,1700000000.0,0.5927807893044773,2167625000.0,-0.008316428241534744,-0.6500630617867375,1.9302566123207932,0.2788874298811635,0.2267648641495813,0.0325825176187616
A44,D04,maduro,143000000.0,2.4232819682058184,1556625000.0,0.8823563813651406,-1.5080345554281025,5.143863894703383,1.1116746398264343,0.6339190371926888,0.13043617048733386,1100000000.0,0.9013555631362484,1742938000.0,0.31859584672007113,-0.44019248938688127,1.4082219576003694,0.40267970077252485,0.17320945435908294,0.056050492491647404,1100000000.0,0.9073646544793803,1744312000.0,0.3183461565314771,-0.44733236247980523,1.415833233706223,0.40237781591890914,0.1752761491037026,0.0559911063634343,114125000.0,2.641361117370371,1446625000.0,-0.05794008273198566,-2.6312215201734146,7.189622542998579,0.9915341826966653,0.7155170899872387,0.11232182641557253,1700000000.0,0.9123566374732388,2172938000.0,0.9412697062891866,0.017796125255011324,1.8514723321349764,0.30551756197698593,0.14274352188143338,0.03305610521830481,1700000000.0,0.5741127117896584,3444750000.0,-0.19290527034851318,-0.7692101264830105,1.0434601492295892,0.25628384394936565,0.22278888573650973,0.05375090923110085,1700000000.0,0.5586383284181431,3445812000.0,-0.19353886815898566,-0.7579251098125795,1.0355018852064761,0.2558353453078231,0.2217332404185424,0.053679435124094274,1700000000.0,1.0815518871711063,2048625000.0,-0.04737856667340523,-1.1518753533433654,2.697317514451516,0.3484716515598988,0.3204930684353544,0.039090133533781324
A44,D05,maduro,161562000.0,2.071748152759065,1560062000.0,0.09358485768016124,-1.9637295282347647,4.427873248210408,1.0624828696565505,0.6196117267018397,0.12816669515543322,1100000000.0,0.9291203721443071,1743625000.0,-0.07549819650650921,-0.8618319461173097,1.5168353997745454,0.4310563060630513,0.1647617427553737,0.055141178684828825,1100000000.0,0.9428011821781644,1744312000.0,-0.08448463155896095,-0.8834277571983635,1.5278508136637559,0.43419048467944504,0.16796067645865853,0.0558539314544075,118250000.0,2.6076482912328554,1445250000.0,-0.07535403614471084,-2.6063577923070818,7.306885866933111,0.984266115505145,0.7065122462704404,0.10839961764187418,1700000000.0,0.8514650550316284,2171875000.0,0.031663813375325596,-0.8455128438976979,1.9791374809814792,0.2885279029760895,0.16537374109695863,0.03378858092782718,1700000000.0,0.5827573196999791,3444750000.0,-0.6402290406039302,-1.2303755376354335,1.0710760914522492,0.262614059241532,0.21683185884377731,0.052890138813679634,1700000000.0,0.5968701195889414,3445812000.0,-0.6631587075158711,-1.2677396345058103,1.095820040975155,0.26775899484319693,0.2182339461880095,0.053801403179669374,1700000000.0,1.074283554133358,3500000000.0,-0.08950314224886297,-1.1776223127717718,2.541706347039157,0.3274637623619549,0.35255437269485734,0.039351474926106585
A44,D06,pasado,159500000.0,2.125380360471806,1561438000.0,0.07823675017825289,-2.0466953427700734,4.503377854240707,1.0593304035708189,0.6131753593925517,0.127849863309481,1100000000.0,0.9329048643576305,1745000000.0,-0.07883433662399877,-0.8559132604473323,1.4771409971473015,0.42670736798276604,0.15775945687024878,0.05574427670881421,1100000000.0,0.9420797852069929,1744312000.0,-0.0790428840073135,-0.8623938815560521,1.4787970838427824,0.4266984655246644,0.1591585245093608,0.055726986535940236,168438000.0,2.1843653237098537,1449375000.0,-0.06160237038056489,-2.179610561804845,6.423267267914467,0.9546603013681428,0.6575285887958292,0.10814757032069426,1700000000.0,0.8364348462575069,2172938000.0,0.004827621657732173,-0.856315051887725,1.9201773592567548,0.28535501237327504,0.16038117617876915,0.033681048866837655,1700000000.0,0.5734950129818477,3454312000.0,-0.6334273108343481,-1.227249820892473,1.0602473180918843,0.2546371715140022,0.21955453628016808,0.05415712358180182,1700000000.0,0.567920257335782,3454312000.0,-0.633471574647845,-1.2220988515116171,1.0607267060307617,0.2547347905004394,0.21918572072024306,0.05413408793819692,1700000000.0,0.7301460052580766,2172938000.0,-0.0259581387307447,-0.7901570743470177,2.1517726643896884,0.2799934069670005,0.26965447800881703,0.033782831835522636
A44,D07,pasado,164313000.0,2.043416745632679,1560750000.0,0.07985523780414841,-1.9496237043894047,4.384447727773518,1.054627989652477,0.6104672514695686,0.12721044354617433,1100000000.0,0.9631263736308325,1745688000.0,-0.08862009650748474,-0.8907309248896418,1.507560334826366,0.43074053291253483,0.1643379615864122,0.05611485202403617,1100000000.0,0.9676606452447567,1745000000.0,-0.09207752591278115,-0.8990399177072557,1.5072121204330835,0.43152678546764267,0.16560588423292205,0.05637193709335928,153312000.0,2.3009272379170977,1447312000.0,-0.08487378727968325,-2.320430584337539,7.341423015467557,0.9735503842238177,0.7242667845222917,0.10586148621057785,1700000000.0,0.8329398143687613,2172938000.0,0.0073039753660447335,-0.8581868392407616,1.9486075898638169,0.28706627721578054,0.16538089985219578,0.03386437551622074,1700000000.0,0.6196531954011127,3460688000.0,-0.671523463414456,-1.3016213379236155,1.0994416752069158,0.26421641313916994,0.21367555575747868,0.05336338134069436,1700000000.0,0.6138288701238693,3455375000.0,-0.6805628172958874,-1.3047039414669395,1.1019938343657354,0.26586800229966284,0.213575538774639,0.053645846911948514,1700000000.0,1.042177939743055,3500000000.0,-0.1027237928983849,-1.1549809678863883,2.4703525564493187,0.31881111524952094,0.35853120754425666,0.03875897796913339
A44,D08,pasado,184938000.0,1.9178158195147323,1371688000.0,0.08386196545322443,-1.8195189417311142,4.156074634052747,1.040066639460374,0.5980041954948857,0.12519048963243068,1100000000.0,0.946236400863575,1742250000.0,-0.06563712931353724,-0.8441803159514127,1.4495142678326933,0.42206164730708734,0.16287916628834415,0.05596035882019123,1100000000.0,0.9584691005433615,1742250000.0,-0.06858396660466641,-0.8545433498627861,1.4503298068441155,0.42305795138815994,0.16526407487133393,0.05627480252554605,816750000.0,2.093350719519348,1445938000.0,-0.05108996897756291,-2.0708050150925845,6.683012777925063,0.917051225579552,0.6706134958530037,0.1026292512097045,1700000000.0,0.7760180671919954,2174000000.0,0.010079194995051964,-0.8014013928930032,1.9503001093886492,0.2909558296062497,0.18173665075571416,0.03456506125921968,1700000000.0,0.6154826041714581,3458562000.0,-0.6327327981496935,-1.2753035897179308,1.1007969979155274,0.2525727758990878,0.20942225739090353,0.053564492722262505,1700000000.0,0.6210902902554304,3458562000.0,-0.6411938162932924,-1.2864393274963948,1.112031020231425,0.2546727411172462,0.2095917201601427,0.05392031792612746,1700000000.0,0.8608721624570717,2165500000.0,-0.04557524626567956,-0.9166108178568504,2.016196874745974,0.2889003519189493,0.28619447725211805,0.03539680327975286
A45,D02,verde,147124000.0,2.55256533262404,1548375000.0,0.06146005632239576,-2.4555962149380077,5.197924379598775,1.1824470480668787,0.6580502055641284,0.1407138999860378,1100000000.0,0.9306652358113396,1744312000.0,-0.3331230511011003,-1.2568079375481962,1.8084877633233651,0.6061974435161324,0.1706263992878146,0.04977189568242793,1100000000.0,0.9372318894288215,1740875000.0,-0.33212932149225255,-1.2636560736762612,1.8167628386772143,0.606290442135517,0.17132703240315678,0.04976103809413577,134750000.0,2.5285823743065703,1445250000.0,-0.060581949820041385,-2.468313943818007,7.288975532942188,1.0625142312104416,0.7634900681491954,0.12393611137030472,1700000000.0,1.0946725851603984,2171875000.0,-0.0009141324894039275,-1.098201978789271,2.3168155153553105,0.33623340750712477,0.22012436401957108,0.03869151847550993,1700000000.0,0.702409950092233,3456438000.0,-1.0377887900487786,-1.7361314203677545,1.2251770015771595,0.3035111661557723,0.24594892201080923,0.057579586803484295,1700000000.0,0.7032950964993818,3454312000.0,-1.0365496391249651,-1.7388170369572828,1.232341963838108,0.30346514670317654,0.24645283877189647,0.05761009921878723,1700000000.0,1.003226448754846,2164438000.0,-0.031680715130528427,-1.062839283201492,2.3372068230876026,0.33147953385576956,0.29912038863176144,0.04010662994480774
A45,D03,maduro,144375000.0,2.516034306571415,1552500000.0,0.05006843044754605,-2.4599631600198215,5.248331528199043,1.1836490519436573,0.6483434097474137,0.1410388345327057,1100000000.0,0.9667856440920585,1742938000.0,-0.32769505808628624,-1.2765504652848014,1.8416943411879956,0.6068589328772777,0.1679740565572247,0.04967590985941848,1100000000.0,0.9755729657098012,1740188000.0,-0.3282552183914085,-1.2828066996285983,1.8499672911459681,0.6069960740994357,0.16924697751624146,0.049626132353301725,150562000.0,2.387169718049295,1448000000.0,-0.047153015440603706,-2.340235861339905,7.210044143685098,1.0598134305500322,0.7616016844967406,0.12257112409276986,1700000000.0,1.085241156785341,2157000000.0,-0.018264548570318843,-1.1047221337660345,2.187127855344075,0.33526674216957414,0.2160005201093461,0.038341743277968736,1700000000.0,0.6906194595320354,3456438000.0,-1.0344690813223674,-1.7240210038980135,1.236972016428054,0.3029676227960388,0.2422147544157711,0.056530267758264335,1700000000.0,0.6882366109806475,3451125000.0,-1.0352918774749362,-1.7217610815083482,1.235814968248779,0.3031555860365225,0.24173624088103016,0.056435375373566944,1700000000.0,0.8105681898918898,2166562000.0,-0.012214620119159863,-0.8792781735650866,2.3151332120911543,0.3279704952714257,0.2636780463811724,0.038055943629471393
A45,D04,maduro,125812000.0,3.0885575718954934,1547688000.0,0.8670294582303978,-2.2000758682900394,6.0594291746569455,1.2660717864003557,0.6792118186098937,0.14590767180568884,1100000000.0,0.9998078000273583,1740188000.0,0.08630755497395805,-0.8831003397630622,1.8661032473028092,0.589868737158146,0.18020143513663084,0.051076090150182676,1100000000.0,1.0032980721823581,1744312000.0,0.08620564780044787,-0.8885014667197422,1.8782535529622,0.5895124503164109,0.18186711085532095,0.05099314414856397,110000000.0,2.9808291881532183,1446625000.0,-0.05072140440771219,-2.960461027534132,7.907282871077129,1.0844513968879825,0.7536873477425245,0.12461613264476444,1700000000.0,1.2282515319196556,2168688000.0,0.9401422192694179,-0.24304505288786427,2.1922601272010462,0.34999720376927723,0.19493005707807448,0.037699845302071426,1700000000.0,0.6934182802092914,3445812000.0,-0.575296094847476,-1.2428219739037283,1.19982930018847,0.2969636978500889,0.24770031483283034,0.05619882309382342,1700000000.0,0.6808660046315999,3267312000.0,-0.5755323762550256,-1.232445663007094,1.1880712975675203,0.29641953309614955,0.24720802005820336,0.05611434254634138,1400375000.0,1.3461073241030452,2167625000.0,-0.05234067319474628,-1.4111469339212726,3.362899526198133,0.3998432184598046,0.398127641819637,0.044732100627632984
A45,D05,maduro,145063000.0,2.549079869374263,1552500000.0,0.07519110444185333,-2.4693775973627914,5.15114100238161,1.1790227685656285,0.6486191181739356,0.1414987966733952,1100000000.0,1.0165900650832498,1742250000.0,-0.29239878878114833,-1.2760659689487108,1.887188106303953,0.6069825972304348,0.170203146775457,0.04957251612849097,1100000000.0,1.0279622608916699,1744312000.0,-0.301343225265277,-1.2936899913968074,1.9223332499069774,0.6100614857714788,0.17158319113746623,0.05021079889602382,124438000.0,2.7175447579062046,1445938000.0,-0.06065528865731457,-2.700027759519235,7.6476618897280755,1.056747514367474,0.7098227307180329,0.11870986898130959,1700000000.0,1.0918631774921537,2167625000.0,0.028475563793230046,-1.0555586406104331,2.196496726221711,0.31996154811777167,0.2003091341755434,0.036375070916475266,1700000000.0,0.6703709304449506,3446875000.0,-0.9944321117676489,-1.6589359362789997,1.2065767449784208,0.29303416569833235,0.23568689788087493,0.05469431718471698,1700000000.0,0.6841527632028845,3445812000.0,-1.0172345116824368,-1.6961394153502776,1.225492868538118,0.2983650192906749,0.23690942681006194,0.05558562785723206,1700000000.0,1.036844757389971,2167625000.0,-0.06480444056219216,-1.1220675522974561,2.6465244375211974,0.34437455861470084,0.33852071195791184,0.0407083720004552
A45,D06,maduro,142313000.0,2.5894577646932575,1558000000.0,0.06192905374058391,-2.5322601762794443,5.187728757262462,1.1902000379491853,0.6653540783204082,0.14325584268240374,1100000000.0,1.0278107007404564,1745000000.0,-0.2939619204912852,-1.2840023722345253,1.831824328003209,0.6092223191597563,0.1660517082854879,0.051045285557874395,1100000000.0,1.0373180199317324,1742938000.0,-0.29399539597782737,-1.289586302595315,1.8361309902381189,0.6092613811635278,0.16742064354042724,0.05104427070047662,149187000.0,2.3754018104316454,1449375000.0,-0.050463439175422516,-2.3565518177185187,6.894085299661134,1.0410024365334438,0.6877561053992088,0.11908193608435962,1700000000.0,1.1015208010033226,2169750000.0,0.0011143351348497663,-1.0966495693200282,2.243076519248901,0.3244764909893339,0.20223164309436173,0.03704955187941669,1700000000.0,0.6603373882961828,3453250000.0,-0.9936707601353607,-1.6548085182462158,1.1701925860915758,0.2862118258066867,0.24078419155161862,0.05597241074344009,1700000000.0,0.653590570708148,3454312000.0,-0.9934927814485572,-1.6479277553358047,1.1689632403331607,0.2864410323358656,0.24019347695697668,0.05596992766223677,1700000000.0,0.9873639979611183,2172938000.0,-0.02576316071111816,-1.0293344764183205,2.797740448829584,0.3343677930618717,0.34021402435338033,0.03999835448638684
A45,D07,pasado,139562000.0,2.6598224271539195,1556625000.0,0.0644643668618543,-2.5844629878534002,5.341250258348875,1.218969112983638,0.6893989934411149,0.14680387757788654,1100000000.0,1.0923561878680879,1742938000.0,-0.31596663603175323,-1.3649548640733657,1.9306572663679797,0.6275252893408325,0.17311912689423334,0.051821631227284996,1100000000.0,1.0998896720499962,1741562000.0,-0.3192771671376875,-1.375349566308881,1.9405679625332874,0.6279752552966364,0.17420479056369956,0.05203399400278941,130625000.0,2.6323409492377636,1446625000.0,-0.0781736650406276,-2.6365620804469474,8.056442608236264,1.0837322690632594,0.7614069571509718,0.11949826912561774,1700000000.0,1.1717427252400403,2170812000.0,0.003522508964530776,-1.1602683435071033,2.3572189185209202,0.3395320484893502,0.21568615245751982,0.038499291409765164,1700000000.0,0.721050331778146,3458562000.0,-1.0550298978290493,-1.768321657587567,1.2501211965464156,0.30181897636380883,0.23637223625444917,0.05582464672512847,1700000000.0,0.7143910790281165,3457500000.0,-1.0637330171782882,-1.772907998698412,1.24591471454163,0.3036205454415098,0.23680108850767168,0.056131256122146804,1700000000.0,1.1584308775517127,2168688000.0,-0.11286517961001692,-1.2723703195564051,2.773421488755246,0.36618759754937347,0.3817627897279531,0.043252830248726996
A45,D08,pasado,142313000.0,2.534874071707787,1559375000.0,0.07420681977375596,-2.4554644888686585,5.126749428548576,1.2157078644231025,0.6845114710130172,0.14663840734550376,1100000000.0,1.1036016929394101,1742938000.0,-0.3031262419783362,-1.3569898340871083,1.9443071336409699,0.6269844115133988,0.1688836223412354,0.05194333173956598,1100000000.0,1.1150210906562732,1742250000.0,-0.30689652370389625,-1.3683353444838797,1.962130640569799,0.627976640110566,0.16980478847055436,0.052205766256960794,128562000.0,2.745743598969786,1445250000.0,-0.07432316353181816,-2.754473320861477,7.953390715849544,1.0534732528485649,0.723632045355637,0.11658729841345764,1700000000.0,1.1794951536712817,2169750000.0,0.007532624311196366,-1.1723241082314813,2.465118206168631,0.34668221443668157,0.21231194259024755,0.03963669781588119,1700000000.0,0.7598344631145211,3459625000.0,-1.0505304236390984,-1.799195579897801,1.3006794062283102,0.3021395052658803,0.23224332774466047,0.055984169251835844,1700000000.0,0.7624112176262554,3461750000.0,-1.0596515776524378,-1.815774351320199,1.3080234754245845,0.30442678163761194,0.23354660516970271,0.05628838930697657,1700000000.0,1.3087635878289852,2167625000.0,-0.13174504037150692,-1.4255211161513726,2.934912683911336,0.38783968784873585,0.40373486677202963,0.04494270123924044
A46,D02,verde,161563000.0,2.1372905151273933,1560750000.0,0.07398687047902702,-2.0324567219089222,4.59587044580322,1.1251418707440866,0.6024460360826565,0.13345076394437555,1100000000.0,0.8649168883631203,1740188000.0,-0.2464148986209317,-1.0687507074675011,1.6132777644740843,0.5350175108243974,0.1727876524869863,0.05366451658122264,1100000000.0,0.8667401980374262,1741562000.0,-0.24553611809659515,-1.0722302312855208,1.621958041632222,0.5351824931612795,0.17379805595085715,0.05365764942209117,155375000.0,2.3205744220868163,1445938000.0,-0.064975104110814,-2.293094901391047,6.966684344102703,1.037821838628315,0.763074940605077,0.12030685558593215,1700000000.0,0.9911709189403431,2175062000.0,0.005535558083820552,-1.0137374930488197,2.488428861939372,0.33483396357124157,0.2361981227040152,0.039057018315576154,1700000000.0,0.6564891375858516,3449000000.0,-0.8981371896355617,-1.5745268934676253,1.1957584823551826,0.28899987263883964,0.24484480457567306,0.05944871495890683,1700000000.0,0.6637006659980761,3457500000.0,-0.8971742442138848,-1.5781130002369061,1.206076969430975,0.28889942964149967,0.24526581512049064,0.059485754334558404,1700000000.0,0.8197560574441708,2045438000.0,-0.018644620425543112,-0.8752994809017917,2.1782310249240235,0.31947725487344975,0.291402460943382,0.038650100266665675
A46,D03,maduro,159500000.0,2.1483101359557404,1559375000.0,0.06474912949131267,-2.067008459953235,4.708170835725896,1.1269841499320405,0.6055096112432429,0.1338633037738493,1100000000.0,0.9086774871470558,1742938000.0,-0.24163441812445144,-1.0923424449878396,1.6409025893332507,0.5356553378432769,0.17132541020127978,0.054009516560802134,1100000000.0,0.9108032504421896,1743625000.0,-0.24174338231969944,-1.0952263702107332,1.6500988054090207,0.5358756643593403,0.1725369752222914,0.05396558492258946,156063000.0,2.245554876569471,1448000000.0,-0.05736064289380292,-2.22940199419662,7.050749544654991,1.040532635933275,0.7601793385566975,0.11866246759722225,1700000000.0,0.9554905922764652,2176125000.0,-0.01025030594999189,-0.9994358042179409,2.3161221160478886,0.3312960529293863,0.21849766339172483,0.038544788847660355,1700000000.0,0.666326405916233,3456438000.0,-0.8955642625195862,-1.5755843524246316,1.2138999178807937,0.28930922022951,0.24251984943020272,0.05908350526770531,1700000000.0,0.6652063041575803,3454312000.0,-0.8957992556194959,-1.5756264617808038,1.2193597923046886,0.2893495744026157,0.2424964949798043,0.059001969390133906,1700000000.0,0.674961798808602,2046500000.0,-0.015424879814580272,-0.743745437293776,2.1737771109543593,0.3145705862161683,0.27946408362298686,0.03763084173846117
A46,D04,maduro,140250000.0,2.549557568141015,1556625000.0,0.8828752362550557,-1.6018498929154799,5.286798860924697,1.175511653656237,0.6417469304125469,0.13777794215797734,1100000000.0,0.9162200485894569,1742938000.0,0.18500879335282103,-0.6647730841059661,1.6231147191148465,0.5070211035015348,0.18042218006253333,0.05499510743745601,1100000000.0,0.9176918188508418,1744312000.0,0.18518639534182466,-0.6688556254669907,1.6261019297428567,0.5066690215558536,0.18205897096610957,0.054921298650222806,112750000.0,2.774207143083156,1447312000.0,-0.059731531078214974,-2.7660595490324895,7.548132872534941,1.0492249122762478,0.7383494320388575,0.11957368397871794,1700000000.0,1.0180930287184438,2172938000.0,0.9474119931684284,-0.09834132293763459,2.2279196544063447,0.343140163248242,0.1802096372967113,0.03738272195108224,1700000000.0,0.6245479905216493,3443688000.0,-0.41218010106132974,-1.0432099580885412,1.1399103043549759,0.27608801450308157,0.24236240191099628,0.05794051047473478,1700000000.0,0.6136760691788687,3445812000.0,-0.4122825041676596,-1.0340018308802774,1.134690115603062,0.27568352874054697,0.24169949873288443,0.05787970875258604,282625000.0,1.2061110319781037,2048625000.0,-0.04252677464697377,-1.2780778922834457,3.0186255327726297,0.3757455076434109,0.3643471004309228,0.042741433191615094
A46,D05,maduro,154688000.0,2.2557969032002285,1560062000.0,0.09196787993571026,-2.1417552558489565,4.695795912648046,1.1334672805405557,0.6173577751877317,0.13646118944193153,1100000000.0,0.963418272416837,1741562000.0,-0.21479721515346326,-1.1068974537245404,1.732301744749406,0.5481701529186608,0.17547844478135172,0.05449826196641594,1100000000.0,0.9714029210460002,1744312000.0,-0.2237154454629146,-1.1225938423803747,1.7570308822905978,0.5512891327808224,0.17794038366348594,0.05517122049631359,121000000.0,2.6183097368377393,1445250000.0,-0.0620481060317714,-2.597344739180858,7.529492687375226,1.0459404319300827,0.732945233580291,0.1175815537080045,1700000000.0,0.9670026883786337,2170812000.0,0.033455026030643015,-0.9668172594555378,2.358985395492202,0.329499129660199,0.20416679366880458,0.03838942935616218,1700000000.0,0.6146693282812777,3446875000.0,-0.8723620695622386,-1.5039042993551377,1.158921191008916,0.276372838441662,0.23281895364229582,0.05642853297218464,1700000000.0,0.623195367929076,3445812000.0,-0.8950234570925947,-1.536428951499582,1.1780415972987466,0.2813494364061523,0.23564927613651243,0.05731912173300125,1700000000.0,0.9017241530635649,3500000000.0,-0.05555732860681003,-0.9850194290930737,2.657080974085766,0.34490760704722384,0.35323628099361193,0.040817805191175255
A46,D06,pasado,154000000.0,2.2237366897201043,1561438000.0,0.07488867224287911,-2.1413165140972805,4.64062094094303,1.1297417825951415,0.6237656913388796,0.1361401174814869,1100000000.0,0.956859211482267,1744312000.0,-0.21864775961853591,-1.108520910267594,1.6898903698496182,0.5468019334375902,0.16797735761588123,0.054922455633280576,1100000000.0,0.9642415976276834,1743625000.0,-0.21858345887694736,-1.1126354229132465,1.7043044164859356,0.5468666014150331,0.16971247921373467,0.05493229272560518,151937000.0,2.287948719060318,1450062000.0,-0.05947005745527738,-2.2881294543270854,6.761375131516116,1.0193608278584725,0.6882399800845586,0.1162290178149334,1700000000.0,0.9675524606628012,2172938000.0,0.004485125389764045,-0.9992426519145794,2.3427109299746403,0.32726958712128684,0.19856987739433613,0.038451149784433813,1700000000.0,0.6041667285977301,3454312000.0,-0.8800729382777324,-1.512712877950887,1.137452828807315,0.2655017664381351,0.23650164469751345,0.05773535120519763,1700000000.0,0.6031966580148254,3456438000.0,-0.8797389162194772,-1.5082615151755334,1.1399098439338333,0.2656703551482737,0.23639947551539095,0.05776045999958021,1700000000.0,0.8357925607572124,2172938000.0,-0.022193095029420986,-0.8974474747403639,2.571149374821,0.32305151436587615,0.3323455130847731,0.03937179058461336
A46,D07,pasado,154687000.0,2.2153802258133153,1560750000.0,0.07610249178077863,-2.1199917844627407,4.6274579786628856,1.1382606202902064,0.629644852468279,0.137184499161644,1100000000.0,0.985040074900212,1745688000.0,-0.23500007734067868,-1.153888227054494,1.7320037395686263,0.5550786170586098,0.17556703109163996,0.05476069727401353,1100000000.0,0.9888663965301103,1745000000.0,-0.23847203604851827,-1.1628528082009384,1.7451261096978754,0.5559765271684446,0.17668317487552557,0.05504086963685141,134063000.0,2.507080162577622,1446625000.0,-0.08771362747967362,-2.527248142968235,7.766818629821737,1.048441940677577,0.7414197599292911,0.11508630948211443,1700000000.0,0.9802631839058717,2171875000.0,0.0061728373388052135,-1.0030186209765461,2.3650238083553337,0.32987884118405514,0.198680603368461,0.03863289068193529,1700000000.0,0.6209670656306119,3460688000.0,-0.9153755568826845,-1.5653384596203268,1.153946095280053,0.2734839298169226,0.23100878759372678,0.05703439530147072,1700000000.0,0.6217105539980043,3460688000.0,-0.9239551012231507,-1.5728284970544848,1.1599571782826708,0.27523641485375716,0.23076564824710186,0.05736204970363359,1700000000.0,0.9714264591115849,3500000000.0,-0.10318116483509804,-1.094988573221229,2.657917011634296,0.35309814419094615,0.3894232509532317,0.043093252368179104
A46,D08,pasado,154687000.0,2.1191770346572287,1573125000.0,0.08787431836237962,-2.008245085316458,4.449038341494104,1.142921526278657,0.6377651036884217,0.13755028052668777,1100000000.0,0.9685887652545968,1745000000.0,-0.21938317625596035,-1.1273730705698517,1.6859989766609296,0.5526678604848476,0.17025826815344883,0.05443888954356014,1100000000.0,0.9786720108228545,1742250000.0,-0.22324145427197056,-1.135926319320727,1.6981311274035407,0.5536440712543733,0.17098301268190622,0.05469124029057118,136126000.0,2.560774810282875,1445250000.0,-0.07738399035953042,-2.5705862964637567,7.566412534385021,1.0045051792550717,0.6990938708178229,0.11102422828337997,1700000000.0,0.9046166448442566,2175062000.0,0.01044891782708812,-0.9207051886245586,2.361578753940215,0.33388993954352253,0.22159655580489085,0.0394687745254571,1700000000.0,0.6370795830407658,3458562000.0,-0.8831045158838646,-1.5494863766230826,1.1818807055487475,0.2678984924544252,0.2243802361115511,0.05752471277534944,1700000000.0,0.6436633625749356,3460688000.0,-0.8923701569786816,-1.5650208143705076,1.1960098091335647,0.2699330947009882,0.2247348018004194,0.0578204342497273,1700000000.0,1.2051870851529172,3498938000.0,-0.11618082912842179,-1.3200615593353617,2.7909424773010576,0.36409644247967166,0.3937456186296505,0.04364869543123899
A47,D02,verde,155375000.0,2.305624715473596,1549750000.0,0.07023097046120491,-2.2024570373890167,4.884072277491265,1.160346436014528,0.6311528227241976,0.13797642196130092,1100000000.0,0.8816268403409102,1738125000.0,-0.2999087095127764,-1.1690566020999538,1.6983081509725801,0.5798983639188796,0.17188844918148116,0.05169748700897594,1100000000.0,0.8871913844782171,1741562000.0,-0.29965999225522477,-1.1743538966073845,1.7114904323799476,0.5799904470576632,0.17262762959438016,0.05167261884934381,139562000.0,2.425542688310699,1445250000.0,-0.05405185996928425,-2.3804425775966713,7.093671448875328,1.040827926437421,0.7608878797032426,0.12270622217717823,1700000000.0,1.078848902436849,2175062000.0,0.006237193375979481,-1.0963546354593376,2.5344926234787426,0.34695461667058036,0.22668567487750718,0.04017818541500534,1700000000.0,0.6565217699180618,3449000000.0,-0.9893173823252249,-1.6534087710619048,1.2002058749248898,0.29451032763217033,0.2427710702689622,0.05693922610667479,1700000000.0,0.660068495733145,3454312000.0,-0.9888386840600518,-1.6545683398518995,1.2053858672173425,0.2945361522204052,0.2433730713719136,0.05695355177398141,1700000000.0,0.7838752659723738,2165500000.0,-0.01078580619424808,-0.8427374611601519,2.233640380265365,0.32420817005356767,0.27532189987513,0.03790615850433828
A47,D03,maduro,149875000.0,2.3815001897241856,1556625000.0,0.06004904216909825,-2.3104184749340675,5.053074292332889,1.1661472462864,0.632123502779563,0.13891284723461994,1100000000.0,0.9255204432327697,1742938000.0,-0.300311585801099,-1.2010149732847992,1.74295247792173,0.5828709095991111,0.17131195010389744,0.05226947931724367,1100000000.0,0.9325184993476433,1743625000.0,-0.3002599879111966,-1.2066603200811967,1.745762905946079,0.5830463675033974,0.1727480020046549,0.05223147424142463,150562000.0,2.355123419846471,1447312000.0,-0.05463305508001052,-2.3228419579421944,7.178047342911883,1.0543642505481599,0.7567465073237738,0.12089678939208953,1700000000.0,1.0561024999467639,2172938000.0,-0.008906893089074407,-1.0810184840509864,2.367113649651498,0.3453296700747437,0.20927930586982296,0.03988912154643141,1700000000.0,0.6514633061739254,3456438000.0,-0.9958961403509379,-1.6515058361667798,1.205387525132466,0.293770295622476,0.24094341624453675,0.056701209149203104,1700000000.0,0.6445203578648164,3451125000.0,-0.9957849158458616,-1.6493648642829084,1.207452778900701,0.293876321620867,0.2405593400177369,0.05667540066999906,1700000000.0,0.7519522672814911,2165500000.0,-0.018067538700566956,-0.8207839111892301,2.202393772551746,0.31788736043738225,0.27869456673350607,0.03798811970253965
A47,D04,maduro,133375000.0,2.81581008223363,1549750000.0,0.8768263634640094,-1.8943120321907259,5.680987949653224,1.223482789601715,0.6580417675712189,0.14209829945701175,1100000000.0,0.9285513187774324,1736750000.0,0.12455656752238539,-0.7649901409428701,1.7042846708283939,0.5519716702266909,0.1806799645126635,0.0533173849378186,1100000000.0,0.9326196740844539,1744312000.0,0.12490878473660671,-0.7697227574370745,1.709306058457536,0.5516991235801003,0.18263406361021062,0.053285872527947656,135437000.0,2.517762390292834,1447312000.0,-0.06701605067232272,-2.4998045861277776,7.257284032712248,1.0529018311269247,0.7047717264673408,0.12025680452574126,1700000000.0,1.1681920705520221,2169750000.0,0.9472077141244651,-0.20091779874698915,2.287490973841096,0.353022813740462,0.17606737084860935,0.038536282644429244,1700000000.0,0.5944573417711028,3450062000.0,-0.49955573116870794,-1.1008143270234458,1.1218692146041054,0.2762376731520755,0.24088067625918755,0.05621329608751749,1700000000.0,0.5898557700687311,3454312000.0,-0.4993391074277497,-1.0952411565077587,1.1172849043685793,0.2757476082406938,0.24083929322021802,0.056170295211225324,1700000000.0,0.7850001201701159,2177188000.0,-0.03893337823847109,-0.8641391076439274,2.5451288680419415,0.3476301569518124,0.3476234121529692,0.04018052364656511
A47,D05,maduro,145063000.0,2.518948548685068,1557312000.0,0.08699205742489162,-2.414163248100757,5.102990707850672,1.1830203231652194,0.653076643805004,0.14236363260899879,1100000000.0,0.9864704993503179,1742250000.0,-0.26081967741038287,-1.2000158546036932,1.7993412686360393,0.586656710197367,0.17511869922399353,0.052397278973447134,1100000000.0,0.9969648112850413,1744312000.0,-0.2700515745776591,-1.218553843144514,1.8366043386370965,0.5896428132223074,0.17621358593665207,0.05299755262654375,121688000.0,2.701191425836824,1445250000.0,-0.04992860834762553,-2.680214887200028,7.592550642878761,1.047289021860697,0.7164621707276617,0.11886597993547149,1700000000.0,1.0917487419219714,2170812000.0,0.032898686113799765,-1.0689673013682344,2.4078257471281375,0.3399249615801099,0.19337464047157998,0.03921103731052839,1700000000.0,0.6285967043286531,3457500000.0,-0.9486661039187219,-1.5901179552250153,1.1857988034818616,0.28706778943032873,0.23281996838714467,0.05437565149017642,1700000000.0,0.6427016309305342,3458562000.0,-0.9711881128170213,-1.6254369220402567,1.2049510768894791,0.2920301106308338,0.23426731205134704,0.055189564105805784,1700000000.0,0.9138413084251791,2167625000.0,-0.046084301829270514,-0.9914561156112279,2.694463020796111,0.34532458532700544,0.3366372717998518,0.03995544155300419
A47,D06,pasado,143688000.0,2.5448313553896487,1558688000.0,0.0701539635766109,-2.471520803606911,5.136652148752649,1.1864477175709671,0.6637900518398744,0.14304951414991077,1100000000.0,1.0076545237428465,1745688000.0,-0.26477274521610794,-1.2112903392035295,1.7941566273408842,0.5857929560943993,0.16941911754705846,0.05408717262259471,1100000000.0,1.0151016474470886,1744312000.0,-0.26468391879915704,-1.2154405166178779,1.8115216460447017,0.5859681519231298,0.17111420410522,0.054111986229279894,147812000.0,2.387750530064727,1450062000.0,-0.053057927946924516,-2.3760139523838015,6.8794807102164235,1.0393902127465569,0.6825350241747339,0.11890293735760442,1700000000.0,1.0805901074465125,2171875000.0,0.004939628353582745,-1.0850656998771382,2.344228449096839,0.33514155449575406,0.1899584808819761,0.038961515969430684,1700000000.0,0.6277671584539971,3453250000.0,-0.9534525026099752,-1.595254147679139,1.1614073924565682,0.2792573760482331,0.23862931022630773,0.05602174007733499,1700000000.0,0.6222586367903623,3451125000.0,-0.953318868370478,-1.5915192954013433,1.1639596681240905,0.27959931218411976,0.23805507741487325,0.056062833579243423,1700000000.0,0.9148967280568591,2172938000.0,-0.020444444041020558,-0.9622441066492402,2.7021091951581324,0.32960212597200417,0.3362830898318607,0.03968308463060445
A47,D07,pasado,143687000.0,2.532922134683801,1559375000.0,0.07363538742863056,-2.4467488579214987,5.153686859370568,1.1915064389622967,0.671131242046157,0.14371410060211803,1100000000.0,1.0594073078115325,1742938000.0,-0.27196970188358904,-1.2590701293222784,1.8473889382344812,0.5913756146209319,0.1766741092137547,0.054917900377369586,1100000000.0,1.0674847031833283,1740875000.0,-0.27597940101954505,-1.2688917076754271,1.862933537014717,0.5923254878877832,0.17788169406995902,0.0551937868764448,114813000.0,2.7184568575302874,1445250000.0,-0.08982416178332461,-2.7428106042140077,8.219766814218785,1.0750752543466215,0.7722293260879615,0.11758529469754361,1700000000.0,1.1181209646719548,2170812000.0,0.008333162229252079,-1.1168016452766336,2.417294340434292,0.34049153201616134,0.19303180435816072,0.03938436435339825,1700000000.0,0.6759182313663357,3458562000.0,-0.999171377462687,-1.6856082379611173,1.2306667367804756,0.29596020149328167,0.23061930838736863,0.055022945433481324,1700000000.0,0.6757866895123994,3458562000.0,-1.0085326265897574,-1.694223239838686,1.2318743198965496,0.2978673043669279,0.23059719767441236,0.05532697580191095,1400375000.0,1.6419473541936114,3500000000.0,-0.14457123589129606,-1.7777568403646962,3.5530813918418103,0.407920181624328,0.4545973723826946,0.047480121183948426
A47,D08,pasado,145750000.0,2.3977514913816718,1560750000.0,0.08158406301424828,-2.3034213705691555,4.9180028197408605,1.192242718111192,0.6689034068028741,0.14391418254675803,1100000000.0,1.06979059240163,1742250000.0,-0.26099592180250264,-1.2543036077483525,1.8256694337397703,0.5956812606742535,0.17343295565283778,0.05531562061567316,1100000000.0,1.083329930416956,1742250000.0,-0.2643859618941922,-1.2638341663193444,1.8384863455874498,0.5966576649086708,0.17448590485790588,0.05557574780538151,132688000.0,2.639260224399585,1445250000.0,-0.07179325441848418,-2.649064872054983,7.7190886765470275,1.0257200410440093,0.7073279216145245,0.11350589034428173,1700000000.0,1.0537232960293965,2171875000.0,0.009530208457481433,-1.0796280301466747,2.503601169274447,0.3491736993834189,0.20538714106737238,0.04084370338763901,1700000000.0,0.6795292345839603,3458562000.0,-0.9788701496424417,-1.6834652467937028,1.2525988167389608,0.2788985577468832,0.2208610293642641,0.05498086907627041,1700000000.0,0.6784578965135513,3460688000.0,-0.9876778531312603,-1.6942033484631034,1.2556162220443385,0.28095310421922587,0.2205555824173921,0.05529514350516269,1700000000.0,1.1958300105136497,2166562000.0,-0.11681951283739984,-1.303721220167116,2.6682881249730777,0.3626956867977336,0.3854473069855914,0.04331794908492078
A48,D02,verde,152625000.0,2.0977448595023382,1570375000.0,0.07598758448214998,-1.991053309246518,4.436749231266239,1.1114507093084325,0.5726748164564499,0.13167846013987336,1100000000.0,0.7778582324216008,1747750000.0,-0.2940263997706326,-1.1029628949372237,1.6583648872808465,0.5553056621696801,0.16818002426604584,0.05203636652576759,1100000000.0,0.784577081611577,1741562000.0,-0.2935280722656087,-1.1108047993875951,1.6747761385059632,0.5554234351749635,0.1690369866580695,0.051996773321318225,176687000.0,2.1776857792377267,1445250000.0,-0.05809106795175348,-2.1610313970781605,6.766174027545674,1.0140151182233954,0.7601967156480361,0.11862940292727707,1700000000.0,1.0067275946741434,2175062000.0,0.009265360081034941,-1.0362766411486852,2.7004148269236143,0.35581676687639385,0.26422336969692994,0.041502867443357,1700000000.0,0.6816776206144666,3454312000.0,-0.9687744542277632,-1.66575316909189,1.2288954831765095,0.2936248042115885,0.2456267949399998,0.05955793477105083,1700000000.0,0.6835016677161742,3453250000.0,-0.9678655054863521,-1.6665129777289998,1.2326881048758882,0.2934491356020013,0.24564553064804645,0.05952962499295842,1700000000.0,0.8323269124616102,2045438000.0,-0.009639228865012178,-0.8887423377879345,2.3097945067951877,0.3305024006272687,0.29308753829009715,0.03904022523830907
A48,D03,verde,163625000.0,2.0409560562769715,1559375000.0,0.06517521999133179,-1.9494723620296948,4.461033100759604,1.1130304496473058,0.5794528920272339,0.13212068868778426,1100000000.0,0.8175295939547638,1742938000.0,-0.28898906303451544,-1.123473621146504,1.6823734589075747,0.5537246047330415,0.16931659821318024,0.052732617560867084,1100000000.0,0.8186700077981145,1743625000.0,-0.28853082869813623,-1.124526472176538,1.6943033727273962,0.5540367668982319,0.1706695999933272,0.05271597157381763,175312000.0,2.13149632205677,1448000000.0,-0.05921337698451948,-2.1286869799255337,6.9136967708380395,1.0327860057437874,0.7559599566015587,0.11757366643724704,1700000000.0,0.9850950091527322,2176125000.0,-0.0054110467496134955,-1.0276680445625772,2.5162187279045853,0.35275398454824447,0.2435606556910656,0.041141513111129006,1700000000.0,0.6717738884780033,3455375000.0,-0.9668304733928057,-1.64964582427347,1.2100852509204283,0.2930640959356129,0.24505883097445763,0.059409122633860785,1700000000.0,0.6698660913955247,3451125000.0,-0.9665399674456153,-1.647484219829689,1.2139014027055064,0.29338769417841815,0.24484835276767963,0.059403449316870326,1700000000.0,0.7807147320493786,2046500000.0,-0.014950373985216644,-0.8506483786496754,2.336855371483965,0.3284332763738837,0.30499262713245023,0.03982639159933351
A48,D04,maduro,143000000.0,2.4133547133740465,1559375000.0,0.8885762452381618,-1.4462031083887408,4.998991174126344,1.152121272648458,0.6155830945408136,0.13529113153709613,1100000000.0,0.8023904627724322,1736750000.0,0.14654972184838075,-0.6641108986401334,1.6425454754615036,0.5179457423879831,0.17639681433211485,0.05335495316753659,1100000000.0,0.805451877679978,1744312000.0,0.14690670679792187,-0.6690396565141132,1.6503532909261511,0.5177735528391672,0.17787583222127926,0.05331207132238743,158125000.0,2.269344601800277,1447312000.0,-0.05633755815943445,-2.2482756211450345,6.818366699565311,1.0205002864646968,0.6933501113879545,0.11725369577429766,1700000000.0,1.0090123148964063,2172938000.0,0.9557732231569817,-0.0904354249309372,2.344308040468207,0.3569965932364892,0.20004030018333235,0.03914811606018677,1700000000.0,0.5968872908527086,3450062000.0,-0.4523753505975774,-1.0657783365199691,1.1115336511607836,0.27304673623144377,0.24356856320675582,0.05889091420118524,1700000000.0,0.5984602234438765,3454312000.0,-0.45234901135181377,-1.0681344707546052,1.1159020023828659,0.27277862503653394,0.24418650626158933,0.05886711737102156,1700000000.0,0.7365922646232308,2045438000.0,-0.010381951660854495,-0.7861449160620272,2.5620745925301747,0.3527689028125555,0.3335063528476807,0.04033606749635538
A48,D05,maduro,160187000.0,2.118389248161296,1562125000.0,0.09280046618335824,-1.999616044526224,4.434389589313351,1.1117415393316517,0.5918596822700732,0.13383763436940083,1100000000.0,0.853431901988878,1741562000.0,-0.24356385933361718,-1.095696774464148,1.738637476300835,0.5500845357499059,0.16858555662659064,0.05253346124071214,1100000000.0,0.8634666650820044,1744312000.0,-0.25258327277939435,-1.1139343452031218,1.7558784252086288,0.5529006004857996,0.17161711548677067,0.053147238086438356,147813000.0,2.4517230240749672,1445938000.0,-0.056758877737643314,-2.441888182118142,7.208017886836739,1.0160483957247541,0.7129280643529157,0.11509884347950126,1700000000.0,0.9473684757415904,2171875000.0,0.034773226859069986,-0.9499382107927891,2.4445376753526107,0.33979185497038344,0.2230901051975081,0.03988353411616342,1700000000.0,0.634964714723676,3458562000.0,-0.9043875203826648,-1.557724331917776,1.186115876912524,0.284222928253586,0.2361898527327156,0.05709110342623473,1700000000.0,0.6518609464931058,3458562000.0,-0.9264350493257528,-1.595829935162957,1.2108590098963588,0.289182194029206,0.2388752280955962,0.05790788499893111,1700000000.0,0.7999430721182175,3500000000.0,-0.04354321607638637,-0.8806758788696836,2.5979717766561423,0.3439573681291541,0.33860885426947546,0.040324434150100306
A48,D06,maduro,158813000.0,2.1310954030692413,1560750000.0,0.07893874613596473,-2.036958510566464,4.4226340883658315,1.1123259715723428,0.6071883143068026,0.13395825267766068,1100000000.0,0.8588899536126787,1745000000.0,-0.2450625740917634,-1.0918707974008748,1.7161320497302408,0.5457894761154788,0.1642982130293802,0.05372642724383309,1100000000.0,0.8659928109482459,1743625000.0,-0.24529580410669058,-1.0977272935059725,1.7320030753952382,0.5459293017778616,0.16542344617926297,0.053744531731511426,167750000.0,2.189789575099827,1450750000.0,-0.0535474938614539,-2.1924232267468318,6.615915020624056,1.0027794282235238,0.6900369167298013,0.11536833464400807,1700000000.0,0.9157996320491785,2171875000.0,0.009727699463385628,-0.9414957418577165,2.3310175533349886,0.3330415781490619,0.21244443481049666,0.03938383802201769,1700000000.0,0.6147753629212804,3452188000.0,-0.8964693548384343,-1.539424623425215,1.1394875352297507,0.2762132308273396,0.24208996965653054,0.05872519649105011,1700000000.0,0.6150838772192787,3456438000.0,-0.8965430755235333,-1.5355486286427802,1.1415789392445297,0.2764878823839731,0.24255006146769656,0.05876349393295674,1700000000.0,0.8762437407126994,2053938000.0,-0.008096944918438077,-0.9385693653300602,2.754794863320571,0.3359775942822644,0.33908329571496054,0.03980358415288413
A48,D07,pasado,158125000.0,2.11330977070292,1563500000.0,0.08151151764071837,-2.0075733726073173,4.4203767017406115,1.1172249416548037,0.6095958254542575,0.1345679667935742,1100000000.0,0.9004771732544516,1742938000.0,-0.25313638811958356,-1.133245425727658,1.7656610570763516,0.5514779643974737,0.17182630924805686,0.054385706817463464,1100000000.0,0.9111662635857671,1745000000.0,-0.25733927019836783,-1.1448582134889702,1.7784439761707767,0.5523592931122333,0.17298663483955146,0.05463710855396167,136813000.0,2.43385746252174,1445250000.0,-0.08714756999641907,-2.472647739720704,7.794162601946967,1.0364690621994042,0.7604536332840868,0.11373036011583469,1700000000.0,0.9150230217257841,2171875000.0,0.011149337116599956,-0.9366938414518456,2.332636448310802,0.3299991626681627,0.2083551567858956,0.03886573545547538,1700000000.0,0.6594465730106847,3458562000.0,-0.9316724736898638,-1.6155003798642755,1.2004103171224527,0.28955666079725634,0.23571883056071247,0.05810694150230037,1700000000.0,0.6575783809317077,3458562000.0,-0.9410965910722349,-1.6236110311752485,1.2041745686036163,0.2913793245894339,0.23566206296213904,0.05838436712229803,1400375000.0,1.5766338132817785,3500000000.0,-0.12674429965234274,-1.7090732403448539,3.603659451519499,0.4016318445120799,0.4585403692863314,0.04781022813272404
A48,D08,pasado,155376000.0,2.0821611439507217,1575188000.0,0.08649305491717794,-1.9680947515198017,4.3003881681022715,1.1225045477193494,0.619237084022773,0.13492625381382664,1100000000.0,0.908633172835428,1742938000.0,-0.24470957978163024,-1.125337665849773,1.7366432982920323,0.5537724396311462,0.16694604547314498,0.05484334930690614,1100000000.0,0.9220825002327682,1742938000.0,-0.24772827438588316,-1.1353695548978853,1.7466769699957405,0.5546657455217289,0.16868915442522348,0.05513496333961055,151250000.0,2.4418554853872476,1445250000.0,-0.07905024946038736,-2.4585038425467607,7.460960203063047,0.999971947825634,0.7056630604238566,0.11003945604514866,1700000000.0,0.8478257841141202,2175062000.0,0.009690465474795424,-0.8715626620970416,2.3134549088001015,0.3338957670202785,0.22543887314563713,0.039594886354326154,1700000000.0,0.646544488974133,3460688000.0,-0.9025938604437972,-1.5813215129848268,1.1829466710650436,0.27200933137954036,0.2298941035661047,0.059253349409550536,1700000000.0,0.6495071296735528,3461750000.0,-0.9109526275069252,-1.5931639498156278,1.1919794576562972,0.27402505600499416,0.23014662581052567,0.05962474071562509,1700000000.0,1.1747360722812472,3498938000.0,-0.1149119091253624,-1.2913425441237958,2.6752142133091596,0.36202719101243186,0.40509622905307957,0.044954279506516245
A49,D02,verde,140938000.0,2.5189268214977316,1549750000.0,0.07407368378045287,-2.409008039281565,5.2085605051989745,1.1827930213906621,0.6642348290318631,0.14080961438408252,1100000000.0,0.9637344568966719,1749812000.0,-0.22496793722687408,-1.120053232069947,1.676616350704165,0.5553794835151193,0.1741533451906746,0.05402353342452164,1100000000.0,0.9635228644867584,1747750000.0,-0.22408151670471546,-1.1175984179547565,1.6835517508598423,0.5555885749041182,0.17520595525783064,0.05399530260965245,144376000.0,2.3414066661518267,1455562000.0,-0.053545944646173446,-2.288817435878137,7.1300498690620016,1.0540010001334874,0.790456859156194,0.1239648138876787,1700000000.0,1.0610415128106854,2171875000.0,0.0030816462245747836,-1.0600202743093814,2.213128017092979,0.32078865974269666,0.2101533825958105,0.03685933761663305,1700000000.0,0.6414725440835127,3453250000.0,-0.8642931208718407,-1.512999231254423,1.1821788513440026,0.27499275554719077,0.23724011501226158,0.05640586690489361,1700000000.0,0.6456550852014209,3454312000.0,-0.8632419783812127,-1.5151565435702585,1.1889634281608479,0.27485341021582443,0.23693452602715495,0.05638714869350146,1700000000.0,0.8103009983793594,2178250000.0,0.011321280457051289,-0.8271668228681806,2.2060387375921597,0.30424666924382454,0.3008466742339372,0.037158580801436844
A49,D03,maduro,142313000.0,2.5498641883771134,1553875000.0,0.06734738830464565,-2.4785774815228407,5.334781704247447,1.1781740007984702,0.6589918541898911,0.14046344808636477,1100000000.0,0.9997359806343022,1743625000.0,-0.21930011207597025,-1.1384691611759836,1.690848611013959,0.557874395842533,0.17268087561423867,0.05417962385357304,1100000000.0,1.0087386122760869,1743625000.0,-0.21997360223250895,-1.1450844936734055,1.7030633463133045,0.5580052115753523,0.1741190511934283,0.05414181493483702,146437000.0,2.406933848453877,1448000000.0,-0.04444213950407233,-2.348253122808991,7.189037846964475,1.0560611281155006,0.7620899383665768,0.12227731641313226,1700000000.0,1.015861003414687,2160188000.0,-0.00601475141323633,-1.0218825738667277,2.0303439186757988,0.31735323446367064,0.2019201945619326,0.03624613065444909,1700000000.0,0.6376035101235349,3452188000.0,-0.8752876571373366,-1.515700795751607,1.1745845381215836,0.28046271718233584,0.2330240526921435,0.05524160175118479,1700000000.0,0.634498179483175,3452188000.0,-0.8758143020300803,-1.5107698446335214,1.1683617973825848,0.28045338186677915,0.23293071734823118,0.05515228419394159,1700000000.0,0.7220922969069485,2166562000.0,-0.0023571923464131136,-0.7830914306986135,2.1427629992959853,0.30856106878598155,0.22893349010558867,0.035329130374303436
A49,D04,maduro,125126000.0,3.072954013816535,1549062000.0,0.8883504523730498,-2.163429249059598,6.035776652833684,1.2433194053331218,0.6948708538956702,0.14399559713498286,1100000000.0,1.0119862015818677,1736750000.0,0.2112247404561233,-0.7055241796899179,1.668893781836795,0.5274484460140091,0.1848936863702669,0.055433227778430405,1100000000.0,1.007370605008029,1744312000.0,0.21097216711617375,-0.7029625104824028,1.6667358380206312,0.5272569667203387,0.18644859880850606,0.055383369635604474,134750000.0,2.5030655289428285,1447312000.0,-0.03747161824645824,-2.456263377280364,7.1093461932264335,1.0539981062950217,0.7021823070563281,0.12246110434509268,1700000000.0,1.1335957758441932,2169750000.0,0.955721618536006,-0.13749079047007667,1.9745826621058287,0.32749338506210685,0.17769134378989243,0.03517285967489889,1700000000.0,0.5954933162446856,3264125000.0,-0.37346072114432416,-0.9559950648595227,1.0521830658224354,0.26035537263693026,0.23695498595115805,0.054875803093215755,1700000000.0,0.5862793034892235,3266250000.0,-0.3741221403454166,-0.9475865361207904,1.0435717396487652,0.2600060768124035,0.23599442957864747,0.05482517840417181,1700000000.0,0.7855584118902089,2170812000.0,0.005913535259015349,-0.8248023491748546,2.6099842443042967,0.33850347743119086,0.2957060725005922,0.037557495003672815
A49,D05,maduro,136126000.0,2.7290991233276514,1551812000.0,0.08641711650391298,-2.630334258700084,5.395261129126146,1.1985493710567097,0.6909454048954822,0.14446878993603812,1100000000.0,1.0696839850834932,1742250000.0,-0.1892959132931991,-1.1591205181844573,1.7680106750032571,0.5632841578783608,0.17617304512709897,0.054578815193354675,1100000000.0,1.0823204108982671,1744312000.0,-0.19796991054089738,-1.1775829603059589,1.7870490078493235,0.566156122632989,0.17965284691997807,0.055182770782861476,118250000.0,2.754643668654468,1445250000.0,-0.05008647603080286,-2.719035826996528,7.6176781362864086,1.0582630463998406,0.7083730297040631,0.11957062693079722,1700000000.0,1.0887527186458488,2167625000.0,0.027080850770128957,-1.0538250976187817,2.109518728831191,0.31687792419700206,0.19643533270612495,0.03581298801615561,1700000000.0,0.6215327480478398,3457500000.0,-0.8437060512720777,-1.4578821843620517,1.118959056539066,0.2725204986251487,0.22951011159545753,0.05350934972861111,1700000000.0,0.6316702182145563,3458562000.0,-0.8654342788392427,-1.4921621490019712,1.1380008533772437,0.27741162558180976,0.23068341717549584,0.054338373731458424,1700000000.0,0.9906806217517864,2167625000.0,-0.049046995768187704,-1.0612635146423366,2.6435672934421013,0.3347825415822173,0.3223614011617318,0.038829208360222744
A49,D06,pasado,136124000.0,2.711938237869766,1558688000.0,0.07432125428944492,-2.638547500062431,5.415618213394364,1.2000151891180137,0.6903901017784115,0.1449379831676254,1100000000.0,1.0816731638059152,1745000000.0,-0.1897278962988621,-1.1620136242363701,1.756187771033654,0.5608508903343138,0.16901768501924508,0.055681960285023036,1100000000.0,1.090607360931997,1744312000.0,-0.19023144775681858,-1.168782962166923,1.7697666351705177,0.5608712704073991,0.17041866873800038,0.05567347617987288,146438000.0,2.4126445546730295,1449375000.0,-0.0429996964328239,-2.3806592756924125,6.891563499153129,1.0413092880682153,0.6878868917671581,0.1197791208442187,1700000000.0,1.0757043303952865,2168688000.0,0.003155801401569734,-1.0649946145620743,2.099790388716144,0.31571806660919266,0.1963312876679199,0.03587087530693491,1700000000.0,0.6285817880924534,3452188000.0,-0.8410927780116216,-1.469269074062055,1.1282216657501194,0.2657701875955087,0.22993070032233048,0.05461319331215505,1700000000.0,0.618621325106332,3456438000.0,-0.8413603558662438,-1.460689810498259,1.126569799696533,0.2659663515792389,0.22987678780123288,0.054605971440685866,1700000000.0,0.8993506963443202,2172938000.0,-0.011142766465297806,-0.9360618419725958,2.601337405913856,0.31626551297456174,0.29004455102017657,0.03690679162697549
A49,D07,pasado,138875000.0,2.657612057561784,1558688000.0,0.07424414590009669,-2.57197257828756,5.313770630774192,1.19647809149742,0.6978828002859461,0.1446023093189614,1100000000.0,1.1189024168040727,1743625000.0,-0.19960976108424924,-1.203950141916193,1.796976879160799,0.5641639029209966,0.1777958403912226,0.056245846696566903,1100000000.0,1.128934254495642,1741562000.0,-0.2034902991895806,-1.2159673311276373,1.8128426757731178,0.5650675914504475,0.17916065641381762,0.05650553169668602,129250000.0,2.656610803396569,1445938000.0,-0.07874339981121191,-2.645274086442781,7.992852051208523,1.068830983382845,0.7512382875158361,0.11762833028059773,1700000000.0,1.0983310172518839,2170812000.0,0.004185806514892711,-1.0842455308484507,2.1662207777202536,0.31881677885258647,0.19847161824895934,0.03616369644678203,1700000000.0,0.6577308067765957,3458562000.0,-0.876428593014641,-1.5264128331779403,1.1405545924973564,0.27506090877403716,0.22537643347540054,0.054228410965808875,1700000000.0,0.654943573135979,3459625000.0,-0.8857690196932615,-1.5339506788263093,1.1407346174622168,0.27681419160068965,0.22578253801630277,0.05451625169298891,1700000000.0,1.060112159639279,2167625000.0,-0.10746858506470772,-1.172519596390424,2.6942714476982066,0.3520204853322429,0.37111638307043354,0.041080213696773685
A49,D08,pasado,143000000.0,2.4540613719143596,1560750000.0,0.07833236177083769,-2.3749574362432884,4.983069556874428,1.173928739742422,0.6813132659979193,0.1419922826051603,1100000000.0,1.1164548556538263,1742250000.0,-0.17378924841293245,-1.1852007172120522,1.7683142463098291,0.5551348351709435,0.18457954248508335,0.057138076694179245,1100000000.0,1.1233621633324176,1740188000.0,-0.17676840974462704,-1.1941928970831701,1.7797404453974668,0.5562638676166985,0.18623792172187714,0.057449570413652666,154688000.0,2.2871808698732807,1442500000.0,-0.045800763263118195,-2.2743877832985344,7.120237350324796,1.0040442290225182,0.7054482234396291,0.11273180655962954,1700000000.0,1.0555229076337758,2171875000.0,0.00629620354812648,-1.0601010451832962,2.1384881809534027,0.31471221750789374,0.18063031083314995,0.036362939441119464,1700000000.0,0.6767821974383756,3458562000.0,-0.8341528300591423,-1.5149997692090065,1.1829841910042473,0.2644130185209767,0.2225856947489601,0.05526538093823269,1700000000.0,0.6760826497936238,3456438000.0,-0.8427024303481842,-1.5270276964623295,1.1900489704159252,0.2667409947062776,0.22336337651894037,0.05566919592336583,1700000000.0,0.9734972187891247,2178250000.0,-0.044700080424132725,-1.0148703236589254,2.402339476625111,0.31280399489799254,0.3377349005804988,0.038666385188579164
