SensorId, TimeStamp (s), FrameNumber, AccX (g), AccY (g), AccZ (g), GyroX (deg/s), GyroY (deg/s), GyroZ (deg/s), MagX (uT), MagY (uT), MagZ (uT), EulerX (deg), EulerY (deg), EulerZ (deg), QuatW, QuatX, QuatY, QuatZ, LinAccX (g), LinAccY (g), LinAccZ (g), Pressure (kPa), Altitude (m), Temperature (degC), HeaveMotion (m)
5, 0.0001, 0, 0.13752133, -0.09816732, -0.20004709, 55.62824249, -134.70202637, 158.29556274, 10.87401295, 33.87898254, -118.88336945, 36.57926178, -11.69039059, -12.14880466, 0.94262433, -0.30020365, 0.12918906, 0.06817128, -0.13932163, -0.45596689, -0.56785619, 0.00000000, 0.00000000, 0.00000000, 0.00000000
5, 0.0101, 1, 0.07573038, -0.02803013, -0.16741315, 50.06005478, -142.71011353, 161.26016235, 10.05553913, 33.08974075, -120.31569672, 38.28049088, -13.13372707, -12.30447578, 0.93713409, -0.31227553, 0.14232697, 0.06330037, -0.14232758, -0.54947770, -0.60947740, 0.00000000, 0.00000000, 0.00000000, 0.00000000
5, 0.0201, 2, -0.04779061, -0.02444505, -0.15405664, 47.45276260, -151.55223083, 157.17427063, 9.12014008, 31.36509705, -121.16339874, 42.31684113, -23.78441620, -16.37782097, 0.91385996, -0.32222602, 0.24052848, 0.05636156, -0.13514593, -0.57202327, -0.67320162, 0.00000000, 0.00000000, 0.00000000, 0.00000000
2, -0.0001, 0, 0.09437357, 0.16456114, 0.05491658, -144.34465027, -105.91954803, 384.26278687, 47.96842957, 9.44168377, 70.97339630, -33.85774994, 11.65143108, -10.95177460, 0.95020330, 0.27909207, -0.12430449, 0.06139904, 0.26532909, 0.78211826, -0.59680653, 0.00000000, 0.00000000, 0.00000000, 0.00000000
5, 0.0301, 3, -0.08777975, -0.06603057, -0.12656206, 44.92893982, -153.36250305, 149.64456177, 8.50628471, 30.07892418, -121.77725983, 44.05380249, -25.27288628, -16.81477356, 0.90682894, -0.33237383, 0.25412330, 0.05109140, -0.27107045, -0.54442644, -0.65033525, 0.00000000, 0.00000000, 0.00000000, 0.00000000
2, 0.0099, 1, 0.13420297, 0.04137771, 0.07006675, -148.25901794, -108.91896057, 382.73159790, 47.23764801, 6.10932446, 69.97953796, -37.93226624, 12.46897984, -13.02316761, 0.93805563, 0.30935585, -0.13867889, 0.07154560, 0.18212934, 0.60615778, -0.63454598, 0.00000000, 0.00000000, 0.00000000, 0.00000000
5, 0.0401, 4, -0.03354196, -0.06839023, -0.19707097, 45.29993439, -146.13211060, 141.62750244, 6.84010506, 28.76351929, -122.68342590, 45.75903702, -26.66209984, -17.30374718, 0.89978254, -0.34205619, 0.26692939, 0.04623371, -0.27541232, -0.54608405, -0.53730971, 0.00000000, 0.00000000, 0.00000000, 0.00000000
2, 0.0199, 2, 0.11490893, -0.07587228, 0.19878946, -145.65803528, -123.97879791, 379.53747559, 46.56533051, 2.16311026, 68.40105438, -42.00182724, 13.26137733, -15.23183918, 0.92463446, 0.33855850, -0.15402758, 0.08188359, 0.28590080, 0.51746327, -0.53745818, 0.00000000, 0.00000000, 0.00000000, 0.00000000
5, 0.0501, 5, 0.09414882, -0.15369691, -0.33021086, 46.64815140, -142.80612183, 128.98318481, 6.40163708, 25.98655319, -123.32650757, 47.43468475, -27.95624161, -17.90176010, 0.89272738, -0.35115272, 0.27918497, 0.04225397, -0.28493953, -0.45726097, -0.33430642, 0.00000000, 0.00000000, 0.00000000, 0.00000000
2, 0.0299, 3, -0.03847901, -0.17797452, 0.32927686, -137.25238037, -135.75085449, 376.45925903, 45.71762466, -1.54925454, 67.08564758, -46.04086685, 13.95791531, -17.59805870, 0.91006333, 0.36648723, -0.16988944, 0.09278796, 0.47932875, 0.43952632, -0.53600383, 0.00000000, 0.00000000, 0.00000000, 0.00000000
2, 0.0399, 4, -0.07163184, -0.26071611, 0.44634163, -127.19934845, -144.28137207, 368.63021851, 45.01607513, -4.56007004, 65.88716888, -49.99629593, 14.52597809, -20.07745743, 0.89459789, 0.39280725, -0.18589839, 0.10410932, 0.58555532, 0.37921572, -0.44690505, 0.00000000, 0.00000000, 0.00000000, 0.00000000
2, 0.0499, 5, -0.25983021, -0.23482728, 0.37165391, -94.97121429, -132.07373047, 342.38507080, 45.01607513, -4.56007004, 65.88716888, -60.60887909, 1.29774725, -1.43416739, 0.86330509, 0.50440013, -0.01609118, 0.00509039, 0.60456860, 0.48217160, -0.56340921, 0.00000000, 0.00000000, 0.00000000, 0.00000000
2, 0.0599, 6, -0.22839315, -0.43959096, 0.33469242, -56.87689972, -83.26763153, 307.40222168, 42.50219345, -7.04472351, 64.30867767, -63.17241287, 0.73463297, -3.37176299, 0.85156578, 0.52338260, -0.02086800, 0.02170452, 0.34616387, 0.38590100, -0.48495647, 0.00000000, 0.00000000, 0.00000000, 0.00000000
2, 0.0699, 7, 0.09201036, -0.76083457, 0.23190558, -33.21224213, -33.17562866, 277.48376465, 41.27447891, -9.26629639, 64.13329315, -65.40927124, -0.19958265, -4.81192064, 0.84068459, 0.53989267, -0.02121760, 0.03626460, -0.00263701, 0.11100910, -0.31285274, 0.00000000, 0.00000000, 0.00000000, 0.00000000
2, 0.0799, 8, 0.29450461, -0.84677082, -0.16823551, 0.49294862, -8.89860916, 262.65545654, 39.60830307, -10.99093819, 63.19789505, -67.32945251, -1.47199476, -6.04946232, 0.83069193, 0.55407822, -0.01857188, 0.05102471, -0.46525115, 0.12345158, -0.39223510, 0.00000000, 0.00000000, 0.00000000, 0.00000000
5, 0.0601, 6, 0.35605273, -0.32771146, -0.39727125, 48.21801758, -147.27192688, 110.85748291, 6.40163708, 25.98655319, -123.32650757, 49.09395218, -29.18383026, -18.69928551, 0.88559020, -0.35946843, 0.29143369, 0.03973708, -0.43740514, -0.28651780, -0.07809295, 0.00000000, 0.00000000, 0.00000000, 0.00000000
5, 0.0701, 7, 0.52685899, -0.55552399, -0.45896125, 44.76309586, -152.04550171, 94.33068085, 5.14469433, 26.16194153, -124.52499390, 49.30868149, -24.30073738, -16.79238129, 0.89177924, -0.37549573, 0.24878635, 0.04287526, -0.51516026, -0.06751629, 0.08903428, 0.00000000, 0.00000000, 0.00000000, 0.00000000
5, 0.0801, 8, 0.58212233, -0.67507720, -0.49437463, 38.22921753, -154.80979919, 79.34562683, 3.97544575, 25.98655319, -124.84653473, 50.70651245, -25.48485756, -17.78390503, 0.88543403, -0.38182262, 0.26148599, 0.04293194, -0.48208687, 0.03002159, 0.13309363, 0.00000000, 0.00000000, 0.00000000, 0.00000000
2, 0.0899, 9, 0.36597604, -1.05014169, -0.21957235, 37.48127747, 5.46893406, 264.68060303, 38.02981567, -12.18941784, 62.99327469, -69.01720428, -3.12384653, -7.23749447, 0.82111800, 0.56660783, -0.01332803, 0.06740302, -0.60793990, -0.05411571, -0.36899382, 0.00000000, 0.00000000, 0.00000000, 0.00000000
2, 0.0999, 10, 0.11013384, -1.21835399, -0.05238664, 49.91173172, 5.44192839, 270.94308472, 38.02981567, -12.18941784, 62.99327469, -75.93933868, -2.72641444, -9.50012207, 0.78419471, 0.61451054, -0.03224320, 0.07984959, -0.36488110, -0.23731771, -0.43031180, 0.00000000, 0.00000000, 0.00000000, 0.00000000
5, 0.0901, 9, 0.56776577, -0.71943891, -0.56968057, 30.36885452, -148.10449219, 76.50340271, 2.77696586, 24.70038033, -125.40192413, 52.02652740, -26.63692856, -18.73494339, 0.87930465, -0.38739538, 0.27373075, 0.04265704, -0.43783134, 0.07598408, 0.18926446, 0.00000000, 0.00000000, 0.00000000, 0.00000000
5, 0.1001, 10, 0.35586044, -0.71309209, -0.64691502, 23.05780029, -131.74661255, 83.19059753, 2.39696002, 22.97573853, -126.74656677, 53.27355576, -27.73563766, -19.51296997, 0.87347025, -0.39266315, 0.28490609, 0.04115677, -0.25916231, 0.07297954, 0.09878498, 0.00000000, 0.00000000, 0.00000000, 0.00000000
5, 0.1101, 11, 0.00270661, -0.62979949, -0.79444784, 17.38234138, -112.99516296, 93.80481720, 2.39696002, 22.97573853, -126.74656677, 54.46032715, -28.78171730, -20.07750893, 0.86791313, -0.39790142, 0.29486576, 0.03815240, 0.07156390, 0.00257108, -0.04980269, 0.00000000, 0.00000000, 0.00000000, 0.00000000
5, 0.1201, 12, -0.11894170, -0.63951790, -0.85674703, 18.37817955, -90.87396240, 100.62879944, 0.38000584, 23.53113174, -126.51271057, 56.43447495, -31.13922310, -21.15122795, 0.85770047, -0.40432143, 0.31608698, 0.03103554, 0.17635313, 0.01647822, -0.07977654, 0.00000000, 0.00000000, 0.00000000, 0.00000000
5, 0.1301, 13, -0.04935560, -0.74183810, -0.96099550, 21.43263054, -79.62511444, 103.27663422, 0.23384975, 21.10494041, -126.80502319, 57.58580399, -31.97483063, -21.46074295, 0.85243857, -0.40997902, 0.32336134, 0.02651942, 0.17260356, 0.12925485, 0.06454329, 0.00000000, 0.00000000, 0.00000000, 0.00000000
2, 0.1099, 11, -0.30011451, -1.35869765, 0.04717141, 38.28332138, -11.82804871, 260.46582031, 36.74364090, -13.53405380, 63.98713684, -77.54268646, -4.45756435, -10.57758236, 0.77350020, 0.62587094, -0.02748668, 0.09606022, -0.04829611, -0.36761764, -0.60427439, 0.00000000, 0.00000000, 0.00000000, 0.00000000
5, 0.1401, 14, 0.09521338, -0.76566899, -1.14442563, 25.15454102, -84.27938843, 104.06474304, -1.31540489, 21.10494041, -127.21426392, 58.81879044, -32.81150436, -21.85183907, 0.84680498, -0.41588056, 0.33086428, 0.02221575, 0.20390630, 0.17045425, 0.31005394, 0.00000000, 0.00000000, 0.00000000, 0.00000000
2, 0.1199, 12, -0.39484838, -1.47532248, 0.04855350, 24.42686844, -8.19185066, 246.51870728, 34.46360779, -15.52177715, 63.95790482, -79.12106323, -6.04493570, -11.50714111, 0.76263487, 0.63687813, -0.02331409, 0.11059310, -0.03225829, -0.47846407, -0.66360742, 0.00000000, 0.00000000, 0.00000000, 0.00000000
2, 0.1299, 13, -0.47889936, -1.57427943, 0.21539374, 9.95455170, -0.88928044, 233.12825012, 32.68050385, -15.40485191, 63.43174362, -80.70069122, -7.49222088, -12.26422882, 0.75160152, 0.64769834, -0.01950756, 0.12329456, 0.10496227, -0.60720211, -0.60712016, 0.00000000, 0.00000000, 0.00000000, 0.00000000
5, 0.1501, 15, 0.13578144, -0.84292769, -1.22997987, 27.27750969, -95.06582642, 97.76916504, -2.16311026, 21.89418221, -127.68196106, 60.12664795, -33.65655899, -22.41611099, 0.84080011, -0.42165744, 0.33898142, 0.01875686, 0.22363394, 0.25391048, 0.41067457, 0.00000000, 0.00000000, 0.00000000, 0.00000000
5, 0.1601, 16, 0.00663857, -0.93834960, -1.19718266, 25.11738014, -92.49908447, 86.48340607, -2.16311026, 21.89418221, -127.68196106, 61.36641693, -34.43420410, -23.02866936, 0.83508325, -0.42680269, 0.34672800, 0.01597240, 0.26232961, 0.34272921, 0.30421251, 0.00000000, 0.00000000, 0.00000000, 0.00000000
5, 0.1701, 17, -0.12087698, -1.00091028, -1.29300821, 25.21451759, -83.81397247, 69.21567535, -3.06927800, 21.30955887, -127.06810760, 62.03649902, -35.55820847, -23.21558952, 0.83104360, -0.42801049, 0.35506657, 0.01007208, 0.40048411, 0.41542888, 0.28097442, 0.00000000, 0.00000000, 0.00000000, 0.00000000
5, 0.1801, 18, -0.20817484, -1.11493695, -1.37959766, 26.71281624, -84.07444763, 56.57160950, -4.44314528, 20.98801422, -127.62349701, 63.13165665, -36.10922241, -23.93642235, 0.82612044, -0.43212464, 0.36153474, 0.00927538, 0.49944335, 0.54178393, 0.27586442, 0.00000000, 0.00000000, 0.00000000, 0.00000000
5, 0.1901, 19, -0.24307041, -1.22713935, -1.44372642, 23.36832619, -83.72984314, 51.13672256, -4.91084480, 20.11107826, -127.91580963, 64.18454742, -36.64174652, -24.68320465, 0.82135987, -0.43577868, 0.36795169, 0.00875664, 0.55351734, 0.65859902, 0.29828954, 0.00000000, 0.00000000, 0.00000000, 0.00000000
5, 0.2001, 20, -0.16362235, -1.33285725, -1.57346666, 20.95972824, -89.03779602, 50.83055496, -5.84624386, 19.99415398, -127.74042511, 65.26995087, -37.20388794, -25.49692917, 0.81641513, -0.43923259, 0.37479547, 0.00833765, 0.58395553, 0.77676481, 0.45052153, 0.00000000, 0.00000000, 0.00000000, 0.00000000
2, 0.1399, 14, -0.51819414, -1.73075199, 0.24808346, -7.66232538, 1.59503400, 219.06829834, 31.83279800, -17.10026360, 63.75328827, -82.29390717, -8.74980640, -12.89712143, 0.74044281, 0.65837568, -0.01660555, 0.13420220, 0.10746627, -0.76576352, -0.60956073, 0.00000000, 0.00000000, 0.00000000, 0.00000000
2, 0.1499, 15, -0.40506908, -1.77790058, 0.36212897, -20.98824310, 6.24498272, 210.68524170, 31.83279800, -17.10026360, 63.75328827, -86.58128357, -9.82544136, -11.98725033, 0.71511495, 0.68595451, -0.00934222, 0.13412589, 0.09149679, -0.83376992, -0.41779256, 0.00000000, 0.00000000, 0.00000000, 0.00000000
2, 0.1599, 16, -0.38273868, -1.78363192, 0.51614386, -27.56624031, 5.90532494, 201.26181030, 28.90967560, -16.98333740, 63.60713196, -88.19360352, -10.88596439, -12.39730263, 0.70362020, 0.69604033, -0.00707531, 0.14281607, 0.17276579, -0.86918205, -0.24143651, 0.00000000, 0.00000000, 0.00000000, 0.00000000
5, 0.2101, 21, -0.11163832, -1.54312277, -1.60677779, 13.10239887, -96.36344147, 58.67776871, -5.84624386, 19.99415398, -127.74042511, 66.39807129, -37.88525391, -26.34498024, 0.81113827, -0.44236845, 0.38250709, 0.00729075, 0.54895091, 0.98905689, 0.51336634, 0.00000000, 0.00000000, 0.00000000, 0.00000000
5, 0.2201, 22, -0.23309271, -1.72599876, -1.50478637, 3.80995250, -83.42366791, 86.76064301, -6.37240553, 17.48026848, -128.26658630, 68.47662354, -37.16601181, -27.86901283, 0.80372030, -0.45416510, 0.38412547, 0.01467806, 0.52930146, 1.15586233, 0.36083168, 0.00000000, 0.00000000, 0.00000000, 0.00000000
5, 0.2301, 23, -0.43386519, -1.71025789, -1.61054361, 1.61454070, -53.06308746, 120.86441040, -7.51242304, 19.64337921, -128.26658630, 69.50929260, -38.05585480, -27.96858597, 0.79860187, -0.45821127, 0.39015856, 0.00734743, 0.74449837, 1.13999820, 0.29837090, 0.00000000, 0.00000000, 0.00000000, 0.00000000
2, 0.1699, 17, -0.48829341, -1.74960494, 0.66440213, -18.55519295, 12.29687691, 186.27923584, 27.47734642, -17.97719955, 63.43174362, -89.66310883, -11.94036961, -12.68354130, 0.69292015, 0.70505762, -0.00414249, 0.15079217, 0.33907533, -0.86896980, -0.19656101, 0.00000000, 0.00000000, 0.00000000, 0.00000000
2, 0.1799, 18, -0.74165010, -1.85528719, 0.68443006, 2.57131410, 27.20273590, 171.75573730, 25.81116676, -18.44489861, 63.84098053, -90.94979858, -13.08819580, -12.76435280, 0.68330353, 0.71279180, 0.00068724, 0.15818880, 0.48315421, -0.98049015, -0.36737490, 0.00000000, 0.00000000, 0.00000000, 0.00000000
5, 0.2401, 24, -0.47323680, -1.76001155, -1.67518258, 5.45724535, -61.30646133, 130.52122498, -8.44782257, 18.35720444, -128.58813477, 70.70606232, -39.00422287, -28.16038132, 0.79270583, -0.46279013, 0.39679042, -0.00032553, 0.80207556, 1.20063317, 0.32416672, 0.00000000, 0.00000000, 0.00000000, 0.00000000
5, 0.2501, 25, -0.55600983, -1.70546913, -1.72631419, 13.71433735, -79.54132843, 136.43109131, -9.26629639, 18.79567337, -128.96813965, 72.17846680, -39.99303818, -28.60270309, 0.78560776, -0.46811676, 0.40451145, -0.00760484, 0.88572502, 1.15629363, 0.31876051, 0.00000000, 0.00000000, 0.00000000, 0.00000000
5, 0.2601, 26, -0.66266555, -1.71250510, -1.76285326, 21.36280632, -95.01119995, 133.52888489, -9.26629639, 18.79567337, -128.96813965, 73.86901093, -40.95499420, -29.30975533, 0.77763724, -0.47387034, 0.41295654, -0.01393315, 0.96872836, 1.17130506, 0.28426573, 0.00000000, 0.00000000, 0.00000000, 0.00000000
5, 0.2701, 27, -0.81692809, -1.78076649, -1.87559080, 26.84098244, -106.73137665, 127.43123627, -10.37708282, 18.70797920, -129.08506775, 76.12867737, -41.95152664, -30.54542160, 0.76731908, -0.48111683, 0.42352939, -0.01926491, 1.13562036, 1.25542295, 0.26097077, 0.00000000, 0.00000000, 0.00000000, 0.00000000
5, 0.2801, 28, -1.02095175, -2.01973796, -1.92964447, 26.69376183, -128.39715576, 114.22779846, -11.92633724, 18.24028015, -129.81584167, 78.17292786, -42.81311798, -31.87463951, 0.75805974, -0.48664501, 0.43359011, -0.02284503, 1.27600086, 1.50253820, 0.15411241, 0.00000000, 0.00000000, 0.00000000, 0.00000000
2, 0.1899, 19, -0.67406088, -2.05989456, 0.60095334, 16.68597603, 34.70169830, 160.78596497, 24.02806091, -18.32797432, 64.25022125, -92.10224915, -14.28287125, -12.72072411, 0.67447835, 0.71953493, 0.00660908, 0.16524136, 0.32518652, -1.16876483, -0.37601620, 0.00000000, 0.00000000, 0.00000000, 0.00000000
2, 0.1999, 20, -0.92179632, -2.22792888, 0.42432833, 17.61014366, 27.77803612, 162.44216919, 24.02806091, -18.32797432, 64.25022125, -96.51676941, -15.10879898, -11.39874935, 0.64698988, 0.74471414, 0.01363814, 0.16315338, 0.30972403, -1.30377853, -0.66646510, 0.00000000, 0.00000000, 0.00000000, 0.00000000
2, 0.2099, 21, -1.00386357, -2.37428474, 0.36414319, 5.52859592, 22.62932587, 167.44039917, 23.00496864, -19.43876076, 63.98713684, -97.76769257, -16.25204659, -11.37758255, 0.63722348, 0.75135416, 0.01856402, 0.17049508, 0.28053948, -1.44425666, -0.72559881, 0.00000000, 0.00000000, 0.00000000, 0.00000000
5, 0.2901, 29, -1.44255114, -2.33472490, -1.92568362, 16.46835899, -151.75698853, 108.54335022, -13.38789845, 16.83718109, -128.70506287, 80.39579773, -43.73995209, -33.57310104, 0.74807906, -0.49128240, 0.44538903, -0.02545780, 1.50726843, 1.82008791, -0.16371980, 0.00000000, 0.00000000, 0.00000000, 0.00000000
5, 0.3001, 30, -1.88058901, -2.52223635, -1.98347437, 7.29047298, -170.64056396, 109.06885529, -15.31715870, 17.42180634, -129.26045227, 82.82294464, -44.72879028, -35.59078979, 0.73730218, -0.49522826, 0.45865971, -0.02767414, 1.80605447, 2.01971316, -0.44322366, 0.00000000, 0.00000000, 0.00000000, 0.00000000
5, 0.3101, 31, -1.97645354, -2.81323743, -1.98126686, -2.83703899, -198.74626160, 85.51611328, -15.31715870, 17.42180634, -129.26045227, 85.43133545, -45.63068008, -38.14029312, 0.72601873, -0.49788490, 0.47356129, -0.02733394, 1.82987821, 2.31650233, -0.50619215, 0.00000000, 0.00000000, 0.00000000, 0.00000000
2, 0.2199, 22, -1.23157728, -2.29841375, 0.27528441, -8.78189850, 11.53511810, 176.49983215, 21.45571518, -18.38643646, 64.27944946, -99.12923431, -17.34775162, -11.47059059, 0.62649167, 0.75844073, 0.02213171, 0.17828667, 0.35549614, -1.36027527, -0.92404538, 0.00000000, 0.00000000, 0.00000000, 0.00000000
2, 0.2299, 23, -1.50214553, -2.25484729, 0.19390233, -23.99033737, 5.84921312, 178.97370911, 19.67260933, -18.88336754, 63.31481934, -100.58087158, -18.34975624, -11.61799717, 0.61506873, 0.76586133, 0.02448192, 0.18586954, 0.46018314, -1.31015754, -1.15324521, 0.00000000, 0.00000000, 0.00000000, 0.00000000
2, 0.2399, 24, -1.90964532, -2.24078417, 0.25220364, -35.68641281, 7.66612816, 183.00119019, 19.67260933, -18.88336754, 63.31481934, -102.14690399, -19.29342461, -11.74083328, 0.60285729, 0.77369833, 0.02629468, 0.19303524, 0.75461435, -1.31825471, -1.40033758, 0.00000000, 0.00000000, 0.00000000, 0.00000000
2, 0.2499, 25, -2.52978301, -2.34485793, 0.25239670, -40.95780563, 20.45641327, 186.26731873, 18.44489861, -19.49722290, 63.51943970, -109.22609711, -21.67857361, -10.33642483, 0.55264115, 0.80726868, 0.03633064, 0.20392439, 1.12005568, -1.43970180, -1.83978522, 0.00000000, 0.00000000, 0.00000000, 0.00000000
2, 0.2599, 26, -3.13047719, -2.56532836, 0.26301020, -49.68094254, 42.21592331, 186.05845642, 16.80795097, -20.08184814, 63.22712708, -111.13194275, -22.47574425, -9.98365402, 0.53852576, 0.81548417, 0.03938898, 0.20838431, 1.45209157, -1.69698870, -2.23137999, 0.00000000, 0.00000000, 0.00000000, 0.00000000
5, 0.3201, 32, -2.01132226, -3.08125806, -1.95553946, 1.84544170, -231.88272095, 64.28383636, -16.92487526, 17.53873062, -129.75738525, 90.86093903, -44.61628342, -43.53681183, 0.70323908, -0.51329130, 0.49181277, -0.01035613, 1.80589664, 2.58180809, -0.52615511, 0.00000000, 0.00000000, 0.00000000, 0.00000000
5, 0.3301, 33, -2.22481489, -3.07378197, -1.86047018, 19.21556664, -266.03656006, 41.35856247, -18.76644325, 16.31101990, -129.75738525, 94.10990906, -44.81312180, -47.20761490, 0.68888789, -0.51613963, 0.50894147, -0.00347719, 1.88306332, 2.55315733, -0.68832862, 0.00000000, 0.00000000, 0.00000000, 0.00000000
5, 0.3401, 34, -2.03897548, -2.86203146, -1.77773750, 34.14506912, -327.02734375, -17.57802391, -21.42648315, 17.50950050, -130.10815430, 97.66868591, -44.33724594, -51.75291061, 0.67243475, -0.51886171, 0.52773553, 0.01046052, 1.72073328, 2.33446026, -0.54164189, 0.00000000, 0.00000000, 0.00000000, 0.00000000
5, 0.3501, 35, -1.70116365, -2.63346767, -1.52812099, 35.35295868, -375.39031982, -89.55156708, -23.73575020, 16.45717621, -130.07891846, 101.06707001, -43.14336395, -56.85389709, 0.65495038, -0.52011192, 0.54727876, 0.03177646, 1.34438634, 2.07435775, -0.38235930, 0.00000000, 0.00000000, 0.00000000, 0.00000000
5, 0.3601, 36, -1.64657986, -2.49210763, -1.13794100, 25.70277786, -361.62246704, -143.83456421, -26.07424736, 16.28178787, -128.64659119, 103.62386322, -41.49759293, -61.56421280, 0.63920248, -0.51936835, 0.56432855, 0.05665725, 1.04444039, 1.88019466, -0.54125607, 0.00000000, 0.00000000, 0.00000000, 0.00000000
2, 0.2699, 27, -3.40007424, -2.89274621, 0.35664225, -63.37697983, 47.51402283, 189.43196106, 14.96638393, -19.11721611, 62.02864456, -113.18182373, -23.17480469, -9.58535290, 0.52349657, 0.82412875, 0.04188770, 0.21215217, 1.63403583, -2.05290890, -2.39239907, 0.00000000, 0.00000000, 0.00000000, 0.00000000
2, 0.2799, 28, -3.62605739, -3.14768195, 0.18088493, -90.11040497, 29.78433228, 203.82531738, 13.56328583, -20.54954720, 61.38555908, -115.39631653, -23.82066154, -9.41909409, 0.50678772, 0.83331048, 0.04200884, 0.21678351, 1.59979200, -2.28443098, -2.67982531, 0.00000000, 0.00000000, 0.00000000, 0.00000000
2, 0.2899, 29, -3.95054364, -3.05253005, -0.14311180, -121.99678802, -10.97679329, 217.09399414, 13.56328583, -20.54954720, 61.38555908, -117.65309906, -24.46083260, -9.74607086, 0.48865682, 0.84247750, 0.03822818, 0.22357275, 1.57409000, -2.14459372, -3.08940196, 0.00000000, 0.00000000, 0.00000000, 0.00000000
5, 0.3701, 37, -1.56153345, -2.53052640, -0.89490408, 15.47565556, -334.92105103, -169.54985046, -26.07424736, 16.28178787, -128.64659119, 105.58357239, -37.22577286, -66.64235687, 0.61851400, -0.52467769, 0.57590628, 0.10240085, 0.83358645, 1.87157965, -0.60196978, 0.00000000, 0.00000000, 0.00000000, 0.00000000
2, 0.2999, 30, -3.96655726, -2.82239318, -0.45596153, -138.79405212, -54.81096649, 225.53228760, 11.31248188, -19.55568504, 60.15784836, -124.81460571, -24.80699158, -8.40069103, 0.43721420, 0.87053859, 0.03582373, 0.22298694, 1.37802434, -1.88603544, -3.22423840, 0.00000000, 0.00000000, 0.00000000, 0.00000000
2, 0.3099, 31, -4.11712408, -2.32733512, -0.60186768, -146.10264587, -114.67839813, 212.82865906, 9.67553329, -19.38029861, 59.22245026, -126.59515381, -25.79215240, -9.74154854, 0.41951180, 0.87618947, 0.02598679, 0.23585322, 1.43490124, -1.42383099, -3.29192805, 0.00000000, 0.00000000, 0.00000000, 0.00000000
2, 0.3199, 32, -4.16476822, -1.80863976, -0.45620775, -130.06196594, -164.52302551, 155.82568359, 8.06781673, -19.52645493, 58.60859299, -127.51794434, -26.78429222, -11.60392094, 0.40692121, 0.87843454, 0.01367688, 0.25016204, 1.63920093, -0.96399426, -3.15511966, 0.00000000, 0.00000000, 0.00000000, 0.00000000
2, 0.3299, 33, -4.27483082, -1.65470982, -0.46358436, -76.32080841, -201.99827576, 46.53139114, 7.13241720, -20.31569672, 58.02396774, -127.02680969, -27.60364723, -13.83265400, 0.40424734, 0.87568307, 0.00095445, 0.26412559, 1.71570110, -0.81815612, -3.22593975, 0.00000000, 0.00000000, 0.00000000, 0.00000000
5, 0.3801, 38, -1.43674159, -2.66424823, -0.83879685, 7.20003080, -317.68753052, -173.64308167, -27.65273285, 14.20637226, -127.88658142, 106.75600433, -35.38710022, -70.30989838, 0.60510373, -0.52076215, 0.58849353, 0.12779523, 0.74938822, 1.96562409, -0.52177143, 0.00000000, 0.00000000, 0.00000000, 0.00000000
5, 0.3901, 39, -1.43955529, -2.72731090, -0.76501483, 6.40748692, -265.39413452, -193.34779358, -29.40660667, 14.84945869, -127.27272797, 107.20971680, -33.49871826, -73.22740173, 0.59441477, -0.51671273, 0.59696782, 0.15267162, 0.71658218, 2.00529480, -0.55976117, 0.00000000, 0.00000000, 0.00000000, 0.00000000
5, 0.4001, 40, -1.49573779, -2.63176727, -0.44499201, -7.26882219, -147.86949158, -246.52601624, -30.13738632, 15.69716454, -127.12657166, 106.22598267, -31.63171577, -74.72180939, 0.59130883, -0.51238018, 0.59701204, 0.17719243, 0.54577374, 1.85567272, -0.80207992, 0.00000000, 0.00000000, 0.00000000, 0.00000000
2, 0.3399, 34, -4.27350283, -1.59622383, -0.32928658, -7.58891630, -235.03330994, -76.20750427, 7.13241720, -20.31569672, 58.02396774, -124.95794678, -28.17581940, -16.36247635, 0.41289687, 0.86741948, -0.01107699, 0.27744704, 1.81291461, -0.77927846, -3.15377903, 0.00000000, 0.00000000, 0.00000000, 0.00000000
2, 0.3499, 35, -3.67973089, -1.35356045, -0.11997972, 11.71785259, -288.64541626, -191.36796570, 8.53551579, -19.84799767, 58.05319977, -127.61112213, -30.37899208, -18.57775879, 0.38246328, 0.87326676, -0.02563488, 0.30078217, 1.60860205, -0.57771969, -2.55924654, 0.00000000, 0.00000000, 0.00000000, 0.00000000
2, 0.3599, 36, -3.14612365, -0.79886425, 0.50004584, -27.80873680, -395.34921265, -277.27990723, 10.90324497, -19.78953552, 59.01782990, -122.69053650, -30.23125076, -23.37060928, 0.40699875, 0.85493290, -0.04912680, 0.31784964, 1.78623784, -0.17431676, -1.69020081, 0.00000000, 0.00000000, 0.00000000, 0.00000000
5, 0.4101, 41, -1.43524468, -2.59307194, -0.21668775, -59.09659195, -67.71422577, -317.37252808, -28.99736977, 14.76176548, -126.95117950, 103.84589386, -29.87706375, -75.40683746, 0.59555238, -0.50453120, 0.59093237, 0.20387419, 0.36375171, 1.76847398, -0.92201787, 0.00000000, 0.00000000, 0.00000000, 0.00000000
5, 0.4201, 42, -0.91588372, -2.88916254, -0.28519216, -156.03504944, -68.95765686, -407.61932373, -28.99736977, 14.76176548, -126.95117950, 99.35492706, -24.70675850, -77.13143921, 0.59592646, -0.49601990, 0.57253730, 0.26652774, 0.09393872, 2.03802490, -0.54866678, 0.00000000, 0.00000000, 0.00000000, 0.00000000
5, 0.4301, 43, 0.16157036, -3.26283145, -1.14507258, -340.17062378, -162.67684937, -491.52926636, -28.03273773, 14.99561501, -127.74042511, 94.50310516, -24.01102829, -79.41477203, 0.60836136, -0.46238261, 0.56750476, 0.30665475, 0.07746710, 2.46357822, 0.72605705, 0.00000000, 0.00000000, 0.00000000, 0.00000000
5, 0.4401, 44, 1.49928558, -2.03863931, -1.03479052, -600.39532471, -220.66258240, -504.81143188, -27.82811928, 17.68488693, -128.99736023, 88.24794769, -25.43088341, -82.46424103, 0.62760937, -0.40660241, 0.56645244, 0.34628406, -0.77598298, 1.23343694, 1.67290401, 0.00000000, 0.00000000, 0.00000000, 0.00000000
5, 0.4501, 45, 2.04372239, 1.34025741, 0.56046093, -748.34191895, -20.06692696, -338.86968994, -27.97427559, 22.50803757, -131.24816895, 80.94891357, -28.96822548, -82.71505737, 0.66010505, -0.34602210, 0.55807883, 0.36479881, -2.09445286, -2.27513027, 1.20063496, 0.00000000, 0.00000000, 0.00000000, 0.00000000
2, 0.3699, 37, -2.75950050, 0.01769138, 1.16671944, -127.15322876, -524.18127441, -318.08276367, 14.67407131, -20.52031517, 58.55013275, -117.06011200, -29.25639534, -29.95679665, 0.43229568, 0.83130217, -0.08593193, 0.33863407, 2.16812420, 0.53630602, -0.93025237, 0.00000000, 0.00000000, 0.00000000, 0.00000000
2, 0.3799, 38, -2.76746178, 0.70979768, 1.31063211, -241.87951660, -646.06488037, -349.72442627, 18.91259766, -20.49108505, 55.71470261, -111.19486237, -27.04713249, -38.03873444, 0.45647192, 0.80147499, -0.13652007, 0.36143258, 2.41400218, 1.23633325, -0.82626343, 0.00000000, 0.00000000, 0.00000000, 0.00000000
2, 0.3899, 39, -1.61236095, 0.86629719, 0.97185457, -393.08874512, -680.43139648, -440.06427002, 18.91259766, -20.49108505, 55.71470261, -105.88770294, -22.52126312, -46.38696289, 0.48185876, 0.76576889, -0.20008883, 0.37599802, 1.49189663, 1.51508224, -0.21433952, 0.00000000, 0.00000000, 0.00000000, 0.00000000
2, 0.3999, 40, -0.90717691, 3.39529037, -0.27834898, -572.12744141, -726.42919922, -617.48913574, 23.56036186, -20.52031517, 51.33002090, -100.47951508, -22.15532875, -86.89654541, 0.35410330, 0.63220406, -0.42958710, 0.53887278, 0.57142639, 4.29687595, -0.20769531, 0.00000000, 0.00000000, 0.00000000, 0.00000000
2, 0.4099, 41, -1.07336736, 6.80634785, -1.16589653, -723.30236816, -644.50958252, -935.11791992, 29.61122513, -19.84799767, 44.05144501, -95.37181091, -10.58598614, -93.19489288, 0.41103220, 0.55105430, -0.49229199, 0.53389162, 0.62835217, 7.85643482, -0.53095746, 0.00000000, 0.00000000, 0.00000000, 0.00000000
2, 0.4199, 42, -2.17892981, 8.03961563, -0.83982050, -938.87762451, -401.62719727, -1434.17700195, 37.76673508, -13.70944118, 35.89593506, -89.98690796, 6.10229111, -94.96267700, 0.50499934, 0.44940817, -0.54581910, 0.49506527, 2.03453255, 9.03669548, -1.08552563, 0.00000000, 0.00000000, 0.00000000, 0.00000000
5, 0.4601, 46, 1.91168010, 7.42580795, 3.23918509, -813.06158447, 353.05084229, 71.31878662, -25.13884735, 28.52966881, -133.14819336, 72.82875824, -34.34215927, -76.85623169, 0.71125323, -0.29664344, 0.53862768, 0.34059033, -3.59350729, -8.56011963, -0.29284522, 0.00000000, 0.00000000, 0.00000000, 0.00000000
2, 0.4499, 43, 7.79310083, 5.29743624, 0.23416261, -963.93682861, -869.44091797, -200.40101624, 45.62993240, 11.28325081, 23.61882401, -84.54675293, 54.16971207, -88.45084381, 0.68571436, 0.19418761, -0.65914744, 0.24002422, -3.35303497, 5.83369684, 6.78946114, 0.00000000, 0.00000000, 0.00000000, 0.00000000
2, 0.4599, 44, 0.46125904, 4.50811529, 2.99975252, -565.25823975, -842.95446777, -107.66563416, 39.28675842, 17.12949371, 17.53873062, -98.89207458, 60.06524277, -103.59799194, 0.64692825, 0.15107243, -0.71815336, 0.20716363, 3.48640490, 4.31936550, 2.89054871, 0.00000000, 0.00000000, 0.00000000, 0.00000000
2, 0.4699, 45, -3.16343260, 2.19822979, 2.65503550, -205.02134705, -309.27612305, 81.29509735, 34.49283981, 21.80648994, 15.75562668, -106.40104675, 60.80248260, -110.54920197, 0.62735105, 0.14427468, -0.74030745, 0.19380492, 5.24544907, 2.08137727, -0.30470031, 0.00000000, 0.00000000, 0.00000000, 0.00000000
5, 0.4701, 47, 0.11688899, 7.90510321, 2.97121358, -352.28152466, 481.33642578, 13.46148014, -25.13884735, 28.52966881, -133.14819336, 63.01698685, -40.37078857, -55.49711990, 0.79213911, -0.29714510, 0.48873788, 0.21296895, -2.25019121, -8.93124199, -1.55057526, 0.00000000, 0.00000000, 0.00000000, 0.00000000
5, 0.4801, 48, -0.52837038, 5.81286573, 4.35045528, -237.29421997, 35.62142944, -513.47259521, -21.57263947, 32.03741455, -133.52821350, 58.33288193, -39.19175339, -56.71540833, 0.80155057, -0.26492602, 0.47578746, 0.24689505, -3.10157299, -6.92615128, -3.16664457, 0.00000000, 0.00000000, 0.00000000, 0.00000000
5, 0.4901, 49, -1.05325317, 2.96071577, 3.27893567, 18.64098549, -142.27847290, -327.06216431, -21.86495209, 33.99590683, -134.22975159, 58.21150208, -38.32537079, -60.10302353, 0.79432774, -0.25408277, 0.47834069, 0.27509212, -2.17765260, -3.96919036, -3.11273074, 0.00000000, 0.00000000, 0.00000000, 0.00000000
5, 0.5001, 50, 0.72334594, 1.72906768, 2.67184186, 273.23342896, -430.13949585, -11.26668739, -24.23267937, 35.10669327, -133.87898254, 63.95643234, -38.79724503, -66.04935455, 0.76669371, -0.26527923, 0.50846261, 0.28857151, -2.96909022, -2.70266151, -1.41432691, 0.00000000, 0.00000000, 0.00000000, 0.00000000
5, 0.5101, 51, 2.78889823, -0.19044453, 3.59136486, 353.01672363, -985.07293701, 112.61372375, -31.83279800, 32.15433884, -131.94972229, 75.89058685, -40.93654633, -78.45522308, 0.70829594, -0.27186626, 0.57793659, 0.30065781, -5.18695068, -0.93326497, -0.43774739, 0.00000000, 0.00000000, 0.00000000, 0.00000000
2, 0.4799, 46, -4.72943068, 1.63916838, 3.47854066, -117.99446869, 158.18395996, 307.81259155, 34.49283981, 21.80648994, 15.75562668, -107.51380920, 59.87151337, -108.02336884, 0.62671608, 0.17197546, -0.73888451, 0.17804822, 6.78465939, 1.36430967, -1.01664734, 0.00000000, 0.00000000, 0.00000000, 0.00000000
2, 0.4899, 47, -7.46399975, 0.17562930, 3.17998028, -202.19757080, 588.75518799, 477.96038818, 35.28208160, 21.89418221, 15.75562668, -104.48687744, 59.00253296, -97.77067566, 0.64375359, 0.22531158, -0.71669406, 0.14548457, 8.10130882, 0.01281463, -3.48959160, 0.00000000, 0.00000000, 0.00000000, 0.00000000
2, 0.4999, 48, -6.60777140, 0.09415879, 2.71400070, -427.01232910, 990.92376709, 436.51751709, 40.45600510, 21.10494041, 20.11107826, -114.05789948, 52.58484650, -65.50561523, 0.61138999, 0.50215167, -0.60966200, -0.04856229, 7.16954184, 0.05099626, -3.14774561, 0.00000000, 0.00000000, 0.00000000, 0.00000000
2, 0.5099, 49, -2.01936603, 1.67118704, 0.41834414, -615.06225586, 1238.82165527, 306.87103271, 47.12072372, 21.13417053, 28.67582512, -107.35445404, 57.70880127, -47.35175323, 0.63126242, 0.53148341, -0.54516035, -0.14776129, 2.71043968, 2.07673955, -0.85335422, 0.00000000, 0.00000000, 0.00000000, 0.00000000
5, 0.5201, 52, 1.65931261, 0.04298248, 4.83741570, 271.89208984, -842.86767578, 243.97747803, -31.83279800, 32.15433884, -131.94972229, 92.61008453, -35.01577759, -131.13752747, 0.47052458, -0.09597711, 0.71374804, 0.50986165, -5.37927914, -1.33999193, -1.90834069, 0.00000000, 0.00000000, 0.00000000, 0.00000000
5, 0.5301, 53, -1.31958938, 1.53776300, 4.84464407, 191.70606995, -410.25158691, 298.38891602, -38.99444580, 30.69277954, -128.82197571, 99.14200592, -35.39664841, -135.79261780, 0.44687688, -0.09021535, 0.74606854, 0.48532885, -3.26712489, -2.87789917, -3.90778732, 0.00000000, 0.00000000, 0.00000000, 0.00000000
5, 0.5401, 54, -6.26471996, 4.04684305, 3.18854308, 207.10046387, 47.17676926, 93.08687592, -42.15141678, 30.07892418, -128.20812988, 100.62429047, -34.50617981, -134.87913513, 0.44475436, -0.10704213, 0.75133711, 0.47563455, 1.40130210, -5.18187904, -6.38838720, 0.00000000, 0.00000000, 0.00000000, 0.00000000
2, 0.5199, 50, 1.09061038, 3.29058957, -2.33797097, -528.23895264, 960.95159912, 197.18391418, 51.79771805, 21.74802589, 36.97749329, -99.44296265, 61.26808929, -30.76144028, 0.63946134, 0.54555321, -0.49173757, -0.22727783, -1.06903148, 4.18612003, -0.11244194, 0.00000000, 0.00000000, 0.00000000, 0.00000000
5, 0.5501, 55, -6.16618633, 1.77346241, 3.71822262, 291.10354614, 354.83453369, -85.60214233, -40.63139343, 24.81730461, -128.76351929, 99.02353668, -32.10938263, -130.22280884, 0.45339742, -0.14470541, 0.73856938, 0.47750032, 0.77497011, -3.00471926, -6.82336330, 0.00000000, 0.00000000, 0.00000000, 0.00000000
5, 0.5601, 56, -1.48292816, -0.63396287, 4.33716440, 142.07496643, 870.72875977, 248.16227722, -35.72055054, 26.54194641, -131.36509705, 95.41108704, -33.12356567, -119.69018555, 0.50633603, -0.19030100, 0.70941776, 0.45181388, -2.92373514, -0.68864471, -3.86114526, 0.00000000, 0.00000000, 0.00000000, 0.00000000
2, 0.5299, 51, 1.48735392, 3.43241215, -3.88371086, -277.42260742, 504.99041748, 109.63718414, 51.79771805, 21.74802589, 36.97749329, -94.21334076, 62.56723785, -20.98328590, 0.64122528, 0.55127859, -0.46153659, -0.26815316, -2.43675137, 4.61817884, -0.83439422, 0.00000000, 0.00000000, 0.00000000, 0.00000000
2, 0.5399, 52, 0.36751872, 2.31687999, -3.24989104, -0.06198375, 96.55472565, 72.87443542, 53.20081711, 21.54340744, 41.56679153, -93.31060791, 62.02912903, -19.18514824, 0.64247525, 0.55561918, -0.45258144, -0.27144605, -1.41066074, 3.39682865, -1.45121574, 0.00000000, 0.00000000, 0.00000000, 0.00000000
2, 0.5499, 53, -0.68548006, 1.12037551, -1.90248823, 188.85444641, -116.13671875, 54.92658615, 54.31160355, 20.90032196, 42.03449249, -119.01973724, 63.41463470, -48.81787872, 0.58023697, 0.55737305, -0.54578966, -0.23403868, 0.08519316, 1.94389963, -1.50380826, 0.00000000, 0.00000000, 0.00000000, 0.00000000
2, 0.5599, 54, -1.31176102, 0.19974436, -0.66016996, 292.88851929, -172.79225159, 58.27597809, 54.22391129, 20.14031029, 40.66062546, -118.14054108, 60.46852493, -49.78926849, 0.58463204, 0.56330669, -0.54673630, -0.20486689, 1.27151120, 0.74844432, -1.16329551, 0.00000000, 0.00000000, 0.00000000, 0.00000000
2, 0.5699, 55, -1.31899166, -0.23719735, 0.21250832, 329.74832153, -126.22135925, 60.55967331, 53.28851318, 18.64951706, 39.69599533, -116.19790649, 57.42235565, -49.72209549, 0.59199339, 0.56885338, -0.54337794, -0.17518586, 1.83105743, 0.18902403, -0.66248870, 0.00000000, 0.00000000, 0.00000000, 0.00000000
5, 0.5701, 57, 0.15970904, -0.37813586, 3.88522696, 101.96212769, 1102.44763184, 162.93765259, -35.72055054, 26.54194641, -131.36509705, 102.78956604, -36.03691864, -19.95116615, 0.62625366, -0.69846958, 0.31881732, -0.13528521, -3.63998699, -0.88046515, -2.32940793, 0.00000000, 0.00000000, 0.00000000, 0.00000000
5, 0.5801, 58, 1.67784274, 0.06292724, 2.90681052, 21.20434189, 1059.61169434, 50.14673615, -26.10347748, 22.04033852, -132.41741943, 94.55929565, -37.05276108, -6.80532932, 0.65598446, -0.68257862, 0.25652739, -0.19484499, -3.88200378, -1.17954302, -0.47587869, 0.00000000, 0.00000000, 0.00000000, 0.00000000
5, 0.5901, 59, 3.25892615, 0.60249603, 1.31757295, 4.88042068, 867.02099609, 57.52405930, -17.59719276, 24.70038033, -132.44665527, 87.73214722, -36.92736053, 4.07177687, 0.67562169, -0.66500038, 0.20483582, -0.24362297, -3.65694547, -1.54317904, 1.68494356, 0.00000000, 0.00000000, 0.00000000, 0.00000000
2, 0.5799, 56, -0.95826387, -0.11018565, 0.78769964, 338.36785889, -53.61571121, 61.58446884, 53.28851318, 18.64951706, 39.69599533, -113.45276642, 54.52208710, -48.60740662, 0.60209197, 0.57390451, -0.53491014, -0.14829014, 2.01645565, 0.24489330, -0.00811630, 0.00000000, 0.00000000, 0.00000000, 0.00000000
5, 0.6001, 60, 4.56535339, 1.14435625, -0.20948152, 44.95750809, 591.32507324, 44.86925507, -11.07863140, 23.18035698, -130.40046692, 83.51229095, -35.99320602, 11.37451363, 0.68560630, -0.65310174, 0.16657890, -0.27505219, -3.28799891, -1.91562963, 3.62869692, 0.00000000, 0.00000000, 0.00000000, 0.00000000
5, 0.6101, 61, 3.66951919, 1.22111177, -1.07987404, 47.25965118, 260.12066650, -45.58481979, -7.71704149, 23.73575020, -129.34814453, 81.53454590, -34.83425522, 14.32537174, 0.69263339, -0.64645338, 0.14724468, -0.28403521, -2.02692676, -1.90179968, 3.46996164, 0.00000000, 0.00000000, 0.00000000, 0.00000000
5, 0.6201, 62, 2.02610826, 0.59089196, -0.76182139, -7.43172121, -78.58103180, -207.41917419, -7.71704149, 23.73575020, -129.34814453, 68.05553436, -27.03444672, -70.62621307, 0.73315221, -0.33200812, 0.47258174, 0.35906142, -1.21769762, -1.32110357, 1.89797604, 0.00000000, 0.00000000, 0.00000000, 0.00000000
2, 0.5899, 57, -0.57506847, 0.15152799, 0.99462914, 323.14144897, 2.85701776, 55.92985535, 52.41157532, 16.95410728, 39.14060211, -110.47555542, 51.87614822, -46.98283005, 0.61347657, 0.57813042, -0.52320588, -0.12516984, 1.93418026, 0.50615215, 0.43763837, 0.00000000, 0.00000000, 0.00000000, 0.00000000
5, 0.6301, 63, 0.99860829, -0.40221915, -0.17106271, -33.22727966, -253.22366333, -294.46737671, -7.45396090, 22.50803757, -129.96200562, 67.43707275, -26.76639938, -74.19569397, 0.72291398, -0.31461185, 0.47929835, 0.38560069, -1.00163102, -0.40634486, 0.50350821, 0.00000000, 0.00000000, 0.00000000, 0.00000000
2, 0.5999, 58, -0.35453445, 0.46692735, 1.17638230, 290.46289062, 49.67780304, 38.46490860, 53.46389771, 14.49868488, 39.54983902, -94.34696198, 41.65071106, -69.79996490, 0.67028356, 0.42394039, -0.59041691, 0.14967418, 1.92500114, 0.85148001, 0.70904338, 0.00000000, 0.00000000, 0.00000000, 0.00000000
5, 0.6401, 64, 0.26043645, -1.13266850, -0.04422760, -44.41618347, -270.66140747, -248.64694214, -9.55860806, 23.56036186, -130.42970276, 67.08367920, -26.93237686, -77.72094727, 0.71190250, -0.29664567, 0.48828694, 0.40837753, -0.68219626, 0.30774236, -0.20010510, 0.00000000, 0.00000000, 0.00000000, 0.00000000
2, 0.6099, 59, -0.24879876, 0.43766642, 1.39120138, 226.70281982, 87.86943817, -15.66177559, 53.31774139, 15.52177715, 40.42677689, -92.04273987, 39.96088791, -68.49228668, 0.67782497, 0.42551145, -0.57671523, 0.16399044, 1.91457951, 0.90269136, 0.79240763, 0.00000000, 0.00000000, 0.00000000, 0.00000000
5, 0.6501, 65, -0.48422986, -1.14996648, -0.23953970, -112.53662109, -219.59498596, -161.54353333, -11.07863140, 26.54194641, -130.95585632, 66.44260406, -27.84230232, -80.17308044, 0.70610970, -0.27724847, 0.49642006, 0.42203033, -0.06410259, 0.35428479, -0.64897048, 0.00000000, 0.00000000, 0.00000000, 0.00000000
5, 0.6601, 66, -1.14613390, -0.43137598, -0.51744235, -172.81996155, -123.50744629, -118.38615417, -12.48173046, 28.14966393, -131.80355835, 65.05845642, -28.98745918, -81.28087616, 0.70706010, -0.25761691, 0.49919975, 0.42953384, 0.61827332, -0.31365249, -0.93543565, 0.00000000, 0.00000000, 0.00000000, 0.00000000
2, 0.6199, 60, -0.13813725, 0.18682899, 1.29756701, 121.94227600, 139.45085144, -106.17121887, 53.81467438, 14.96638393, 42.03449249, -89.35829163, 39.54122162, -66.42402649, 0.69011116, 0.42186072, -0.56366205, 0.16752675, 1.72184014, 0.68752348, 0.75017393, 0.00000000, 0.00000000, 0.00000000, 0.00000000
2, 0.6299, 61, 0.25566414, 0.09537021, 1.08392215, 25.55081177, 172.69526672, -186.25575256, 53.81467438, 14.96638393, 42.03449249, -86.32189941, 40.22209167, -63.68637085, 0.70596325, 0.41334057, -0.55195862, 0.16157743, 1.29684806, 0.63765502, 0.86255157, 0.00000000, 0.00000000, 0.00000000, 0.00000000
5, 0.6701, 67, -1.28787351, 0.56860948, -0.75291407, -170.96282959, -11.87265396, -116.13451385, -12.94942951, 30.51739311, -132.27127075, 57.72253036, -41.79357147, -42.57851791, 0.82486248, -0.30675000, 0.45479092, 0.13664427, 0.91696709, -1.22665119, -0.84287089, 0.00000000, 0.00000000, 0.00000000, 0.00000000
5, 0.6801, 68, -0.68420792, 0.93949866, -0.61173165, -128.26153564, 124.91149902, -108.65068054, -12.94942951, 30.51739311, -132.27127075, 55.04365921, -41.33013153, -41.19314957, 0.83410323, -0.29462203, 0.44505957, 0.13925424, 0.32250300, -1.48626494, -0.47901809, 0.00000000, 0.00000000, 0.00000000, 0.00000000
2, 0.6399, 62, 0.62556261, 0.21898234, 0.86790001, -32.30657578, 175.31916809, -236.63558960, 54.54545212, 16.80795097, 42.96989059, -83.02597809, 41.52880859, -60.60121536, 0.72307223, 0.40113670, -0.54188615, 0.15038420, 0.92973715, 0.78734463, 0.98147225, 0.00000000, 0.00000000, 0.00000000, 0.00000000
2, 0.6499, 63, 0.93464720, 0.22670484, 0.68764520, -51.12179565, 149.37527466, -271.25665283, 54.22391129, 18.79567337, 44.48991394, -63.91086197, 42.10197449, -44.39133072, 0.80497706, 0.34220451, -0.46877724, 0.12311007, 0.61235923, 0.79581428, 1.01235199, 0.00000000, 0.00000000, 0.00000000, 0.00000000
5, 0.6901, 69, 0.19353919, 0.66191924, -0.51794773, -101.10805511, 204.82786560, -94.19228363, -12.16018677, 31.94972229, -132.44665527, 52.15297699, -40.19833374, -39.12837219, 0.84539163, -0.28560758, 0.42907673, 0.14012311, -0.32772160, -1.20773757, 0.07416289, 0.00000000, 0.00000000, 0.00000000, 0.00000000
2, 0.6599, 64, 1.39057982, 0.05723604, 0.51414633, -48.69219208, 106.69837189, -279.40588379, 54.69160843, 21.86495209, 45.45454407, -60.13615417, 43.11563873, -41.17309952, 0.81822580, 0.32441023, -0.46153614, 0.11067568, 0.16676204, 0.59637433, 1.04174685, 0.00000000, 0.00000000, 0.00000000, 0.00000000
5, 0.7001, 70, 1.06537652, 0.21641526, -0.64840358, -92.95585632, 245.23535156, -88.40809631, -10.11400127, 33.29435730, -131.94972229, 49.20312500, -38.68876648, -36.81486893, 0.85754490, -0.27760199, 0.40980291, 0.14005540, -0.81153393, -0.73844320, 0.75057465, 0.00000000, 0.00000000, 0.00000000, 0.00000000
5, 0.7101, 71, 1.66771197, -0.22466125, -0.88431042, -102.85270691, 235.45623779, -89.42655945, -8.44782257, 33.23589706, -131.07278442, 46.34433746, -37.21373749, -34.67533875, 0.86910272, -0.26856974, 0.39113790, 0.13979252, -1.03870404, -0.26017269, 1.28917718, 0.00000000, 0.00000000, 0.00000000, 0.00000000
2, 0.6699, 65, 1.65644848, -0.08869798, 0.27302384, -40.60544586, 47.45022202, -261.78738403, 54.69160843, 23.79421234, 45.54224014, -56.75796127, 44.22077560, -38.61192322, 0.82843077, 0.30610049, -0.45812082, 0.10064977, -0.19444920, 0.46918511, 1.03873062, 0.00000000, 0.00000000, 0.00000000, 0.00000000
5, 0.7201, 72, 1.78931570, -0.54984403, -1.14160740, -116.97611237, 176.03607178, -86.64961243, -6.48933077, 34.31745148, -130.80970764, 38.84643936, -28.69622040, -26.40146065, 0.90834749, -0.26028699, 0.30110541, 0.12841810, -0.90526742, 0.11032712, 1.46285498, 0.00000000, 0.00000000, 0.00000000, 0.00000000
2, 0.6799, 66, 1.59661448, -0.14349525, 0.26796502, -25.92613792, -23.26642990, -234.06324768, 54.69160843, 23.79421234, 45.54224014, -53.97225952, 45.49087143, -36.94361877, 0.83506387, 0.28776202, -0.45938021, 0.09397529, -0.15281303, 0.38368452, 0.95971537, 0.00000000, 0.00000000, 0.00000000, 0.00000000
2, 0.6899, 67, 1.49625099, -0.23128858, 0.32262820, -17.68808365, -49.18034363, -221.61140442, 53.25928116, 25.63577843, 45.24992752, -51.36880493, 46.78715134, -35.56671906, 0.84015292, 0.26949638, -0.46220931, 0.08875456, -0.04494683, 0.25446910, 0.88988501, 0.00000000, 0.00000000, 0.00000000, 0.00000000
2, 0.6999, 68, 1.34109962, -0.15037382, 0.36806059, -32.19095993, -55.52440262, -220.91812134, 53.02542877, 28.99736977, 45.30838776, -38.61059570, 45.29020309, -28.92259026, 0.87520349, 0.20470417, -0.42805433, 0.09425855, 0.10965320, 0.27591848, 0.77075183, 0.00000000, 0.00000000, 0.00000000, 0.00000000
5, 0.7301, 73, 1.53725517, -0.73783123, -1.29934084, -132.63592529, 71.71038055, -83.41619110, -6.48933077, 34.31745148, -130.80970764, 36.90527725, -28.46930122, -25.58328056, 0.91387379, -0.24754483, 0.29539019, 0.12767559, -0.54749805, 0.34157988, 1.25784600, 0.00000000, 0.00000000, 0.00000000, 0.00000000
5, 0.7401, 74, 1.20596421, -0.77897346, -1.35337019, -149.11058044, -40.56377411, -81.65879059, -6.43086815, 35.48669815, -130.69277954, 35.23057175, -29.24749184, -25.32075882, 0.91655636, -0.23296127, 0.29895929, 0.12758139, -0.30277556, 0.41219562, 1.02382386, 0.00000000, 0.00000000, 0.00000000, 0.00000000
2, 0.7099, 69, 1.08421671, 0.00355158, 0.39160544, -55.43729019, -42.64662933, -230.74017334, 52.52849960, 30.63431740, 44.37298965, -35.55300522, 46.41833496, -26.64669991, 0.87936193, 0.18656461, -0.42983502, 0.08460566, 0.30713469, 0.33863395, 0.51725006, 0.00000000, 0.00000000, 0.00000000, 0.00000000
5, 0.7501, 75, 0.92763376, -0.66144621, -1.39076424, -161.32637024, -94.23090363, -77.69989014, -7.22011089, 38.90675354, -131.36509705, 33.63177872, -30.54349327, -25.22644043, 0.91779071, -0.21728800, 0.30699193, 0.12728827, -0.10177306, 0.32525814, 0.83783650, 0.00000000, 0.00000000, 0.00000000, 0.00000000
5, 0.7601, 76, 0.70183402, -0.44563559, -1.45718360, -170.34426880, -97.56288147, -79.99549866, -7.83396673, 40.68985748, -131.94972229, 31.91821861, -31.89687157, -25.05557823, 0.91882837, -0.20076934, 0.31523681, 0.12677532, 0.09235960, 0.14562422, 0.72027463, 0.00000000, 0.00000000, 0.00000000, 0.00000000
5, 0.7701, 77, 0.50325304, -0.29385588, -1.50096583, -177.81559753, -65.37286377, -94.59113312, -8.88629055, 42.41449738, -131.89126587, 27.78039169, -32.82748032, -23.61411095, 0.92537367, -0.16927825, 0.31562340, 0.12413861, 0.24974827, 0.03583900, 0.59848225, 0.00000000, 0.00000000, 0.00000000, 0.00000000
5, 0.7801, 78, 0.32129079, -0.32925785, -1.49444556, -189.86105347, -26.68906975, -114.38932037, -8.88629055, 42.41449738, -131.89126587, 25.39524269, -33.50656509, -23.04208755, 0.92796969, -0.15007141, 0.31757355, 0.12449041, 0.34887451, 0.12307868, 0.43206114, 0.00000000, 0.00000000, 0.00000000, 0.00000000
5, 0.7901, 79, 0.14793248, -0.50585186, -1.51140332, -230.81977844, 36.10705948, -110.63607025, -9.64630222, 44.10990906, -131.24816895, 22.34783745, -33.70406342, -21.80421066, 0.93259370, -0.12832849, 0.31434986, 0.12241289, 0.45315117, 0.33877757, 0.28429356, 0.00000000, 0.00000000, 0.00000000, 0.00000000
2, 0.7199, 70, 0.74761462, 0.09335370, 0.39358848, -81.34925079, 0.25091633, -245.91236877, 51.50540543, 33.73282623, 44.75299454, -32.01844788, 47.20962524, -23.58650970, 0.88476992, 0.16871642, -0.42842200, 0.07191366, 0.55257404, 0.38634142, 0.26120672, 0.00000000, 0.00000000, 0.00000000, 0.00000000
2, 0.7299, 71, 0.52989823, 0.15130457, 0.36498445, -111.46243286, 68.03587341, -263.61236572, 51.50540543, 33.73282623, 44.75299454, -27.94817162, 47.37952423, -19.59165382, 0.89218485, 0.15157466, -0.42183200, 0.05558062, 0.68675315, 0.40690154, 0.06586617, 0.00000000, 0.00000000, 0.00000000, 0.00000000
2, 0.7399, 72, 0.58924699, 0.26095414, 0.30808598, -138.10653687, 142.04348755, -284.36996460, 50.71616364, 36.42210007, 45.36685181, -23.44267464, 46.75753784, -14.80531311, 0.90165615, 0.13486004, -0.40932029, 0.03585741, 0.61912632, 0.48183972, 0.06205099, 0.00000000, 0.00000000, 0.00000000, 0.00000000
2, 0.7499, 73, 1.03845453, 0.36935908, 0.14579798, -158.74243164, 193.49650574, -310.87609863, 49.78076553, 39.08213806, 47.03303146, -10.08281708, 44.31639481, -6.19353724, 0.92300653, 0.06097028, -0.37955397, 0.01674393, 0.20705456, 0.54973817, 0.27058166, 0.00000000, 0.00000000, 0.00000000, 0.00000000
2, 0.7599, 74, 1.60396731, 0.53624940, -0.11205046, -179.21919250, 200.19741821, -337.00247192, 48.11458588, 41.30371094, 49.37152863, -5.69286299, 42.13447952, -1.29068398, 0.93214989, 0.04229328, -0.35951880, -0.00735220, -0.36032808, 0.64112538, 0.49394751, 0.00000000, 0.00000000, 0.00000000, 0.00000000
2, 0.7699, 75, 1.97391021, 0.92852074, -0.45078474, -182.85937500, 149.18440247, -353.36404419, 48.11458588, 41.30371094, 49.37152863, -1.36587429, 40.16630554, 3.44794035, 0.93858039, 0.02151915, -0.34286681, -0.03234413, -0.81859469, 1.04033482, 0.58284438, 0.00000000, 0.00000000, 0.00000000, 0.00000000
2, 0.7799, 76, 1.95972025, 1.23759305, -0.57851315, -154.68469238, 94.86039734, -364.35742188, 46.38994217, 45.04530716, 51.38848114, 2.93152595, 38.44688416, 7.77113914, 0.94233382, -0.00179361, -0.33002532, -0.05556186, -0.88043606, 1.31189263, 0.51091117, 0.00000000, 0.00000000, 0.00000000, 0.00000000
2, 0.7899, 77, 1.79890358, 1.41423249, -0.54526937, -112.02044678, 60.91008759, -370.16351318, 44.16837311, 47.47150040, 52.52849960, 7.17332315, 36.82417297, 11.55180073, 0.94413203, -0.02733034, -0.31960347, -0.07564044, -0.74625552, 1.41844141, 0.41909635, 0.00000000, 0.00000000, 0.00000000, 0.00000000
5, 0.8001, 80, 0.05476138, -0.57866681, -1.63743222, -264.90692139, 87.08274841, -84.88876343, -8.97398376, 46.09763336, -131.07278442, 18.85906601, -33.47833252, -19.89203262, 0.93863869, -0.10546029, 0.30695173, 0.11668874, 0.60365784, 0.47002715, 0.27030006, 0.00000000, 0.00000000, 0.00000000, 0.00000000
5, 0.8101, 81, 0.19657433, -0.54754686, -1.79273307, -280.09417725, 127.83640289, -73.55891418, -9.12014008, 48.37766647, -130.28353882, 15.17298698, -32.80200577, -17.68221283, 0.94534296, -0.08212864, 0.29602659, 0.10931541, 0.63980150, 0.50507218, 0.45922562, 0.00000000, 0.00000000, 0.00000000, 0.00000000
5, 0.8201, 82, 0.68920851, -0.42420205, -1.88667905, -284.99142456, 154.49580383, -94.85638428, -7.57088566, 51.38848114, -128.58813477, 12.54797554, -29.82035637, -14.76522827, 0.95619327, -0.07186386, 0.26721257, 0.09553871, 0.42393428, 0.43896085, 0.87863940, 0.00000000, 0.00000000, 0.00000000, 0.00000000
5, 0.8301, 83, 1.30674541, -0.25221464, -1.83191359, -288.91143799, 154.19291687, -138.36602783, -7.57088566, 51.38848114, -128.58813477, 8.69379044, -28.68980217, -13.11571503, 0.96185899, -0.04473706, 0.25381553, 0.09167149, 0.03655057, 0.30083355, 1.29576373, 0.00000000, 0.00000000, 0.00000000, 0.00000000
5, 0.8401, 84, 1.73029006, 0.01867711, -1.76756418, -299.37008667, 110.05499268, -185.02806091, -7.62934828, 54.39929962, -126.92195129, 4.66148281, -27.92787361, -11.84687138, 0.96548057, -0.01437279, 0.24389692, 0.09030553, -0.24834260, 0.08335498, 1.58058798, 0.00000000, 0.00000000, 0.00000000, 0.00000000
5, 0.8501, 85, 1.65738475, 0.34018862, -1.74631727, -321.74600220, 16.67472458, -209.40237427, -7.74627304, 56.82548904, -126.04501343, 0.39782548, -28.04331970, -10.60473347, 0.96612453, 0.01903634, 0.24156164, 0.08882012, -0.18698718, -0.17464131, 1.52828813, 0.00000000, 0.00000000, 0.00000000, 0.00000000
2, 0.7999, 78, 1.56573343, 1.55954742, -0.45870769, -62.03094864, 52.89557266, -360.06558228, 42.32680511, 50.16077042, 53.61005402, 20.25461578, 35.19943619, 17.48022652, 0.93552363, -0.12042973, -0.31966579, -0.09003428, -0.53061050, 1.45268369, 0.31574267, 0.00000000, 0.00000000, 0.00000000, 0.00000000
2, 0.8099, 79, 1.60027993, 1.79533958, -0.37833709, -13.84703922, 61.95078278, -345.97192383, 40.42677689, 51.68079376, 53.28851318, 23.70972252, 33.14957809, 19.37700653, 0.93448961, -0.14710478, -0.30833641, -0.10009104, -0.48342717, 1.51813054, 0.44817418, 0.00000000, 0.00000000, 0.00000000, 0.00000000
2, 0.8199, 80, 1.95469880, 1.96777117, -0.47100294, 23.80795479, 52.17731857, -354.58508301, 40.42677689, 51.68079376, 53.28851318, 27.22631454, 31.17190742, 20.88834763, 0.93212187, -0.17561641, -0.29790646, -0.10751510, -0.78541762, 1.65188551, 0.68486756, 0.00000000, 0.00000000, 0.00000000, 0.00000000
5, 0.8601, 86, 1.29627860, 0.68003774, -1.82836163, -340.16027832, -27.30019188, -211.70582581, -8.94475269, 60.53785324, -124.52499390, -4.06682730, -28.50946617, -9.16080761, 0.96480918, 0.05393130, 0.24254602, 0.08605948, 0.13180226, -0.43549037, 1.33322680, 0.00000000, 0.00000000, 0.00000000, 0.00000000
2, 0.8299, 81, 2.20057440, 2.06895995, -0.50786823, 59.81839371, 3.92672181, -375.65844727, 37.47442245, 55.10084534, 53.31774139, 31.16002083, 29.52596092, 22.38598251, 0.92702556, -0.20713024, -0.29120383, -0.11367032, -0.98352104, 1.70122910, 0.87386787, 0.00000000, 0.00000000, 0.00000000, 0.00000000
5, 0.8701, 87, 0.90114999, 0.86882114, -1.94371927, -328.13726807, -30.97626877, -201.46591187, -10.64016342, 63.49020767, -123.06343079, -10.41431618, -28.77168274, -7.42575073, 0.96116221, 0.10374911, 0.24121296, 0.08496848, 0.48438352, -0.53553385, 1.12951839, 0.00000000, 0.00000000, 0.00000000, 0.00000000
5, 0.8801, 88, 0.70121819, 0.81730402, -2.01582146, -299.10739136, -13.55272865, -186.90855408, -10.64016342, 63.49020767, -123.06343079, -14.38025284, -28.87285614, -6.12618685, 0.95776939, 0.13425408, 0.24051474, 0.08250048, 0.66214597, -0.39188635, 1.03525245, 0.00000000, 0.00000000, 0.00000000, 0.00000000
2, 0.8399, 82, 2.26668978, 2.33724737, -0.37072015, 86.83711243, -59.60328674, -395.85366821, 35.36977386, 57.61473083, 52.79158020, 35.58630753, 28.27018929, 24.09259987, 0.91857892, -0.24127497, -0.28925157, -0.11971983, -0.90379971, 1.87476838, 1.07079268, 0.00000000, 0.00000000, 0.00000000, 0.00000000
2, 0.8499, 83, 2.15566134, 2.41950679, -0.23854488, 99.35652924, -121.14997101, -421.77664185, 31.56971550, 60.21630859, 50.86231995, 43.21985245, 26.07650185, 26.57014847, 0.90059847, -0.30099082, -0.28658029, -0.12727432, -0.74212587, 1.85471439, 1.12246096, 0.00000000, 0.00000000, 0.00000000, 0.00000000
5, 0.8901, 89, 0.85158211, 0.74281538, -2.01390481, -278.24826050, 5.42830658, -188.03611755, -11.98479939, 65.91639709, -121.42648315, -18.11446953, -28.76828766, -5.07841444, 0.95390272, 0.16320504, 0.23832788, 0.08144753, 0.55774397, -0.26172522, 1.15795398, 0.00000000, 0.00000000, 0.00000000, 0.00000000
2, 0.8599, 84, 1.90582240, 2.33366060, -0.18602504, 88.26940918, -161.14945984, -450.77413940, 27.30195808, 61.97018433, 49.66384125, 48.42042542, 24.80262375, 28.94746780, 0.88450742, -0.33885089, -0.28975630, -0.13736086, -0.58550024, 1.66718364, 1.01870000, 0.00000000, 0.00000000, 0.00000000, 0.00000000
5, 0.9001, 90, 1.07738912, 0.81733656, -1.94167519, -260.37445068, 5.87362576, -198.80374146, -13.56328583, 69.01490784, -119.99415588, -21.70413399, -28.68204689, -4.25779104, 0.94912350, 0.19131771, 0.23631920, 0.08194834, 0.36513054, -0.29062587, 1.30602813, 0.00000000, 0.00000000, 0.00000000, 0.00000000
5, 0.9101, 91, 1.10038495, 0.99223757, -1.90117157, -242.23139954, -13.87445164, -193.79188538, -14.79099655, 70.44723511, -117.86027527, -25.11327362, -28.76248550, -3.45469189, 0.94343841, 0.21780406, 0.23597397, 0.08247317, 0.33415228, -0.41970450, 1.33030438, 0.00000000, 0.00000000, 0.00000000, 0.00000000
5, 0.9201, 92, 0.82154351, 1.03502595, -1.89302647, -219.34445190, -34.91941452, -176.49792480, -16.31101990, 72.31803131, -116.98333740, -27.30658722, -28.96760368, -2.74042821, 0.93917763, 0.23429038, 0.23750414, 0.08151793, 0.50920856, -0.42202991, 1.13640678, 0.00000000, 0.00000000, 0.00000000, 0.00000000
2, 0.8699, 85, 1.68167233, 2.13811684, -0.13616051, 55.00351715, -176.00665283, -481.47348022, 27.30195808, 61.97018433, 49.66384125, 53.69089508, 23.02565193, 31.54873276, 0.86585295, -0.37742454, -0.29166415, -0.15093541, -0.45808786, 1.40234673, 0.90968937, 0.00000000, 0.00000000, 0.00000000, 0.00000000
5, 0.9301, 93, 0.38592553, 0.79045439, -1.80786526, -184.04888916, -44.21611786, -154.40243530, -16.31101990, 72.31803131, -116.98333740, -30.01025009, -29.29087067, -1.95794547, 0.93326479, 0.25462925, 0.23990010, 0.08141789, 0.70124161, -0.16047345, 0.74921304, 0.00000000, 0.00000000, 0.00000000, 0.00000000
5, 0.9401, 94, -0.03505163, 0.40310726, -1.59606874, -163.91352844, -46.02637100, -141.32948303, -17.77258110, 73.77959442, -115.93101501, -32.46388626, -29.62170982, -1.22264910, 0.92742229, 0.27284241, 0.24254172, 0.08135468, 0.77471226, 0.23258227, 0.28590113, 0.00000000, 0.00000000, 0.00000000, 0.00000000
5, 0.9501, 95, -0.39880082, 0.03474993, -1.22073841, -170.29777527, -23.03688622, -150.21690369, -19.14644814, 74.30575562, -114.58638000, -34.97559738, -29.75731468, -0.63450396, 0.92136109, 0.29177892, 0.24329308, 0.08226377, 0.69041735, 0.58725095, -0.23730043, 0.00000000, 0.00000000, 0.00000000, 0.00000000
2, 0.8799, 86, 1.54826760, 1.79252601, -0.15118174, -10.65159130, -179.85838318, -510.26083374, 23.76498032, 64.01636505, 48.55305481, 58.72686768, 20.45765686, 34.31697083, 0.84519100, -0.41541851, -0.29023844, -0.16982740, -0.47279674, 1.00646186, 0.81130701, 0.00000000, 0.00000000, 0.00000000, 0.00000000
2, 0.8899, 87, 1.38004696, 1.54001522, -0.22234347, -94.85445404, -171.77813721, -510.00955200, 19.29260445, 65.68254852, 48.52382278, 63.05732346, 17.10155106, 37.05181503, 0.82392925, -0.45004719, -0.28447294, -0.19409634, -0.50626630, 0.71925128, 0.66043323, 0.00000000, 0.00000000, 0.00000000, 0.00000000
5, 0.9601, 96, -0.62969768, 0.05941249, -0.99497068, -197.33903503, 35.01480103, -170.36155701, -20.75416565, 73.77959442, -112.54019165, -37.69549942, -29.40225029, -0.38632128, 0.91511703, 0.31328642, 0.23911463, 0.08506933, 0.67299533, 0.57109630, -0.53464121, 0.00000000, 0.00000000, 0.00000000, 0.00000000
2, 0.8999, 88, 1.11116993, 1.45463157, -0.34624553, -159.38829041, -133.35574341, -470.76007080, 14.29406548, 66.55948639, 49.28383636, 65.85447693, 15.34177685, 39.22101974, 0.80795181, -0.46985838, -0.28634524, -0.21084020, -0.48992744, 0.61993140, 0.41164994, 0.00000000, 0.00000000, 0.00000000, 0.00000000
5, 0.9701, 97, -0.67335564, 0.42127463, -0.85274363, -218.09974670, 93.01418304, -183.12127686, -22.04033852, 76.05963135, -110.81555176, -44.10792542, -36.41492462, -6.31473398, 0.87262720, 0.37208894, 0.26951113, 0.16563626, 0.60520053, 0.22986960, -0.58899325, 0.00000000, 0.00000000, 0.00000000, 0.00000000
2, 0.9099, 89, 0.81697482, 1.35961950, -0.38550085, -186.25498962, -57.22815704, -399.64578247, 10.11400127, 66.55948639, 51.12540054, 68.03273010, 11.53044510, 40.59619904, 0.79296744, -0.49315101, -0.27117908, -0.23338071, -0.38185498, 0.51077485, 0.18113206, 0.00000000, 0.00000000, 0.00000000, 0.00000000
2, 0.9199, 90, 0.57831013, 1.32098544, -0.30075735, -182.56231689, 56.36977005, -308.33767700, 10.11400127, 66.55948639, 51.12540054, 69.07590485, 8.05282784, 40.68976212, 0.78429699, -0.51016212, -0.25085819, -0.24836083, -0.23179962, 0.43490922, 0.06691121, 0.00000000, 0.00000000, 0.00000000, 0.00000000
5, 0.9801, 98, -0.52486134, 0.85612118, -0.76012427, -228.56596375, 153.12742615, -187.32133484, -22.91727448, 76.76117706, -108.74013519, -46.67905045, -35.18826294, -7.09644508, 0.86613369, 0.39409882, 0.25363427, 0.17369059, 0.40519193, -0.18442819, -0.41744441, 0.00000000, 0.00000000, 0.00000000, 0.00000000
2, 0.9299, 91, 0.56296438, 1.30401456, -0.16818105, -160.79180908, 178.66778564, -201.30471802, 7.51242304, 66.67640686, 52.82081223, 69.11731720, 5.16772699, 39.46783066, 0.78302640, -0.52085662, -0.22628477, -0.25371888, -0.17980993, 0.38170022, 0.14117596, 0.00000000, 0.00000000, 0.00000000, 0.00000000
5, 0.9901, 99, -0.24433278, 1.11562204, -0.71685070, -226.92134094, 210.70744324, -183.16561890, -22.91727448, 76.76117706, -108.74013519, -48.93986130, -33.62229919, -8.46707535, 0.86005968, 0.41486427, 0.23325044, 0.18379132, 0.23379169, -0.41328827, -0.19746979, 0.00000000, 0.00000000, 0.00000000, 0.00000000
2, 0.9399, 92, 0.68623298, 1.35231960, -0.05329056, -126.80463409, 297.88442993, -111.93479919, 5.32008171, 65.24407959, 53.72697830, 68.49552155, 2.83908749, 36.98975372, 0.78810108, -0.52704668, -0.19788790, -0.24891552, -0.21095958, 0.40433314, 0.30659041, 0.00000000, 0.00000000, 0.00000000, 0.00000000
2, 0.9499, 93, 0.77525073, 1.36147404, 0.04801983, -96.73670959, 370.21743774, -39.20684433, 3.74159598, 66.09178162, 54.31160355, 65.57923126, 2.49110246, 34.53795624, 0.80607402, -0.51159638, -0.17817703, -0.23825766, -0.22037756, 0.40029004, 0.41721112, 0.00000000, 0.00000000, 0.00000000, 0.00000000
5, 1.0001, 100, 0.06519610, 1.12987745, -0.74990606, -217.01168823, 253.26249695, -175.51240540, -24.37883568, 77.72580719, -107.22010803, -50.89010620, -31.86417961, -10.31435108, 0.85419554, 0.43374979, 0.20973092, 0.19551018, 0.08480534, -0.39178121, 0.07296787, 0.00000000, 0.00000000, 0.00000000, 0.00000000
2, 0.9599, 94, 0.78619397, 1.36082578, 0.11545253, -73.30556488, 419.24176025, 7.36383343, 3.12774038, 65.94563293, 53.81467438, 64.29019165, 0.80147326, 30.81245232, 0.81724715, -0.51136029, -0.14705451, -0.22134283, -0.18802041, 0.40396702, 0.42627960, 0.00000000, 0.00000000, 0.00000000, 0.00000000
5, 1.0101, 101, 0.37224925, 0.98549652, -0.80875301, -203.60267639, 269.26336670, -169.74592590, -24.96346092, 78.71967316, -105.58316040, -52.64964294, -30.11466980, -12.39857483, 0.84801960, 0.45087379, 0.18523894, 0.20799562, -0.05506011, -0.21212128, 0.34558386, 0.00000000, 0.00000000, 0.00000000, 0.00000000
5, 1.0201, 102, 0.62731022, 0.88660038, -0.87843406, -189.32630920, 264.65438843, -165.58589172, -25.46039200, 79.21660614, -104.23852539, -49.90320969, -25.67698288, -16.50108719, 0.86139739, 0.43595979, 0.14035559, 0.21962237, -0.13929880, -0.08517116, 0.57245415, 0.00000000, 0.00000000, 0.00000000, 0.00000000
5, 1.0301, 103, 0.81803554, 0.87147164, -0.94666928, -175.67317200, 244.11950684, -160.60575867, -26.33732796, 79.53814697, -102.66004181, -51.69479370, -24.15358353, -18.32784462, 0.85428154, 0.45087251, 0.11799172, 0.23020652, -0.15479228, -0.05430908, 0.72372031, 0.00000000, 0.00000000, 0.00000000, 0.00000000
5, 1.0401, 104, 0.94130415, 0.90760386, -1.00789607, -155.47836304, 211.47637939, -151.63346863, -26.33732796, 79.53814697, -102.66004181, -53.37745667, -22.93011093, -19.96060944, 0.84690893, 0.46429855, 0.09861813, 0.23968071, -0.16357444, -0.05888948, 0.87546962, 0.00000000, 0.00000000, 0.00000000, 0.00000000
2, 0.9699, 95, 0.80170965, 1.43932521, 0.15336244, -56.32714844, 454.37216187, 28.46295929, 3.12774038, 65.94563293, 53.81467438, 63.00613403, -0.82763976, 26.72111702, 0.82864279, -0.50981116, -0.11475405, -0.20068681, -0.18622021, 0.48267031, 0.45206252, 0.00000000, 0.00000000, 0.00000000, 0.00000000
5, 1.0501, 105, 1.01144958, 0.95363092, -1.05210733, -130.35694885, 164.67187500, -140.06451416, -28.00350761, 79.24583435, -101.16925049, -54.91973495, -22.08174133, -21.27367210, 0.83964479, 0.47618172, 0.08347169, 0.24754798, -0.15551013, -0.07903265, 0.97733980, 0.00000000, 0.00000000, 0.00000000, 0.00000000
5, 1.0601, 106, 1.02679968, 0.95841420, -1.02266216, -106.64379120, 113.38162994, -130.05673218, -28.44197655, 80.06430817, -100.58462524, -56.34365845, -21.61231804, -22.20910072, 0.83264351, 0.48689497, 0.07286468, 0.25363141, -0.17760548, -0.07029093, 0.98759544, 0.00000000, 0.00000000, 0.00000000, 0.00000000
5, 1.0701, 107, 0.95591074, 0.87701058, -0.92465967, -84.26857758, 47.05212021, -123.07187653, -29.61122513, 79.80122375, -99.38614655, -52.08025742, -18.95839310, -25.13243103, 0.84925944, 0.45482728, 0.05021854, 0.26337931, -0.19916025, 0.00312220, 0.86162943, 0.00000000, 0.00000000, 0.00000000, 0.00000000
2, 0.9799, 96, 0.92426801, 1.53794730, 0.12485754, -47.56997299, 465.41732788, 21.71742439, 2.74773455, 64.89330292, 53.49312973, 61.93345642, -2.56353021, 22.53713989, 0.83847660, -0.50824261, -0.08170913, -0.17880191, -0.30112135, 0.59480810, 0.52234614, 0.00000000, 0.00000000, 0.00000000, 0.00000000
5, 1.0801, 108, 0.82924163, 0.77943420, -0.83566242, -76.75900269, 11.40948677, -116.32306671, -31.16047859, 80.03507996, -99.00613403, -53.43730164, -19.10286713, -25.22718811, 0.84329152, 0.46504238, 0.04781598, 0.26515815, -0.16231349, 0.07273681, 0.65582764, 0.00000000, 0.00000000, 0.00000000, 0.00000000
2, 0.9899, 97, 1.05647397, 1.63932848, 0.04476207, -40.64033127, 444.28637695, -8.23070335, 2.13387895, 66.12101746, 52.96696854, 61.27883911, -4.43968010, 18.58157158, 0.84528077, -0.50795078, -0.04932698, -0.15828286, -0.46265709, 0.71861178, 0.57345200, 0.00000000, 0.00000000, 0.00000000, 0.00000000
5, 1.0901, 109, 0.69240052, 0.71974874, -0.75936699, -79.08741760, -11.78556442, -107.80284119, -31.16047859, 80.03507996, -99.00613403, -54.80650330, -19.30677223, -25.07363319, 0.83759761, 0.47522944, 0.04683108, 0.26531881, -0.13994408, 0.13598719, 0.51682979, 0.00000000, 0.00000000, 0.00000000, 0.00000000
2, 0.9999, 98, 1.19523036, 1.67386723, -0.03640038, -29.41615295, 390.72586060, -49.82783508, 1.69541073, 65.41946411, 52.23618698, 60.13835526, -1.98916388, 15.49138451, 0.85622376, -0.49842337, -0.05263408, -0.12523848, -0.62205756, 0.77506518, 0.62381899, 0.00000000, 0.00000000, 0.00000000, 0.00000000
5, 1.1001, 110, 0.57294559, 0.72706378, -0.70585752, -87.19727325, -24.40437889, -98.64144135, -32.15433884, 80.53200531, -98.33381653, -56.20938110, -19.46548843, -24.73627281, 0.83215749, 0.48546809, 0.04620836, 0.26400670, -0.10567821, 0.13503246, 0.41119224, 0.00000000, 0.00000000, 0.00000000, 0.00000000
2, 1.0099, 99, 1.32415032, 1.60947645, -0.14095764, -13.61470890, 311.99450684, -88.71232605, 0.78924292, 66.17948151, 52.09003067, 60.35909271, -3.81611156, 12.80560398, 0.85671949, -0.50250834, -0.02742694, -0.11298206, -0.76931101, 0.73751330, 0.63557577, 0.00000000, 0.00000000, 0.00000000, 0.00000000
5, 1.1101, 111, 0.47265196, 0.79737747, -0.68214428, -95.09495544, -28.38711166, -90.76662445, -33.38205338, 79.59661102, -97.13533783, -57.63340759, -19.53799248, -24.30139923, 0.82690346, 0.49566960, 0.04535016, 0.26169783, -0.05458216, 0.07491760, 0.34426153, 0.00000000, 0.00000000, 0.00000000, 0.00000000
2, 1.0199, 100, 1.34244287, 1.50422204, -0.19954018, 8.93663883, 212.77954102, -121.68894196, 0.78924292, 66.17948151, 52.09003067, 61.13618469, -5.32694864, 10.97340584, 0.85389519, -0.50951070, -0.00874524, -0.10576218, -0.86998999, 0.64332664, 0.60788500, 0.00000000, 0.00000000, 0.00000000, 0.00000000
5, 1.1201, 112, 0.36352956, 0.90451157, -0.66168207, -99.60728455, -25.73716164, -83.74073792, -33.76205826, 79.97661591, -97.01841736, -57.24750137, -19.33227539, -24.41457939, 0.82874846, 0.49274093, 0.04419563, 0.26158956, 0.01005985, -0.02512994, 0.26896477, 0.00000000, 0.00000000, 0.00000000, 0.00000000
2, 1.0299, 101, 1.25642896, 1.37819433, -0.15547031, 32.22064209, 103.96544647, -139.91316223, -0.70154923, 65.65332031, 51.12540054, 62.31740952, -6.39207554, 10.06094170, 0.84858608, -0.51879907, 0.00222687, -0.10365483, -0.82212973, 0.50399262, 0.57062769, 0.00000000, 0.00000000, 0.00000000, 0.00000000
2, 1.0399, 102, 1.10551310, 1.28369296, -0.07434922, 53.94863129, 30.33475876, -147.46420288, -2.63080978, 65.44869995, 50.04384613, 63.75455093, -7.09890509, 9.74664307, 0.84171087, -0.52964914, 0.00760503, -0.10457864, -0.69296944, 0.38554573, 0.51639128, 0.00000000, 0.00000000, 0.00000000, 0.00000000
2, 1.0499, 103, 0.93132263, 1.22196984, 0.05605702, 73.47199249, -22.44939613, -150.07933044, -3.74159598, 64.45483398, 49.69307327, 62.94372559, -3.87145448, 10.54599380, 0.84718210, -0.52222121, -0.01926485, -0.09589794, -0.48557806, 0.29078594, 0.47319084, 0.00000000, 0.00000000, 0.00000000, 0.00000000
2, 1.0599, 104, 0.76496941, 1.18836164, 0.15989152, 85.33914185, -52.15044403, -147.55108643, -3.74159598, 64.45483398, 49.69307327, 64.65314484, -4.10172367, 10.89233208, 0.83884436, -0.53485930, -0.02061658, -0.09919956, -0.26303723, 0.23380065, 0.40424347, 0.00000000, 0.00000000, 0.00000000, 0.00000000
2, 1.0699, 105, 0.62571919, 1.15025830, 0.24233408, 89.45325470, -62.06706238, -143.60504150, -5.49546909, 64.45483398, 48.90382767, 66.36911774, -4.25896835, 11.30944824, 0.83026028, -0.54736215, -0.02294718, -0.10264578, -0.12024469, 0.16710532, 0.37291336, 0.00000000, 0.00000000, 0.00000000, 0.00000000
5, 1.1301, 113, 0.24266210, 0.96893442, -0.65927881, -95.90173340, -14.72712994, -78.14496613, -34.58053207, 80.21046448, -96.28763580, -58.56136703, -19.25284004, -24.06982422, 0.82399821, 0.50201553, 0.04210943, 0.25929600, 0.09514229, -0.08834091, 0.17932591, 0.00000000, 0.00000000, 0.00000000, 0.00000000
5, 1.1401, 114, 0.14325751, 0.97421098, -0.65234667, -87.85977173, -0.98513430, -74.53726196, -34.58053207, 80.21046448, -96.28763580, -59.75567245, -19.13557816, -23.88114166, 0.81939656, 0.51041257, 0.03937184, 0.25791118, 0.15626788, -0.08322798, 0.11657343, 0.00000000, 0.00000000, 0.00000000, 0.00000000
2, 1.0799, 106, 0.51016003, 1.12718189, 0.27866089, 84.60540009, -53.22203064, -139.86569214, -7.01549244, 62.14557266, 48.58228683, 68.01668549, -4.45991611, 11.64910889, 0.82184356, -0.55927783, -0.02462921, -0.10571162, -0.02479097, 0.12566689, 0.33197522, 0.00000000, 0.00000000, 0.00000000, 0.00000000
2, 1.0899, 107, 0.44743863, 1.09587789, 0.26640028, 68.62727356, -32.82698059, -137.58303833, -8.00935364, 62.78865814, 47.88073730, 69.52297211, -4.81506014, 11.82965755, 0.81396973, -0.57018155, -0.02437687, -0.10840741, -0.00308693, 0.08778527, 0.29775944, 0.00000000, 0.00000000, 0.00000000, 0.00000000
2, 1.0999, 108, 0.37663370, 1.06333947, 0.24936040, 44.92063904, -12.17214775, -135.17904663, -9.20783424, 61.32709503, 47.32534409, 68.74739075, -5.40405607, 11.85243702, 0.81730115, -0.56496364, -0.01952598, -0.11159654, 0.01661455, 0.05487631, 0.24308747, 0.00000000, 0.00000000, 0.00000000, 0.00000000
5, 1.1501, 115, 0.07754117, 0.94311774, -0.62759680, -79.69714355, 17.58853531, -70.46539307, -35.36977386, 79.94738007, -95.29376984, -60.81565475, -18.96415329, -23.89485931, 0.81497276, 0.51783371, 0.03565169, 0.25767547, 0.17981321, -0.04515171, 0.06369576, 0.00000000, 0.00000000, 0.00000000, 0.00000000
2, 1.1099, 109, 0.33536401, 1.04957330, 0.25645345, 7.43348694, 20.37148285, -131.17565918, -9.20783424, 61.32709503, 47.32534409, 69.75799561, -6.27123356, 11.67889214, 0.81170046, -0.57259142, -0.01345256, -0.11445692, 0.03323134, 0.04373551, 0.20776141, 0.00000000, 0.00000000, 0.00000000, 0.00000000
2, 1.1199, 110, 0.35076487, 1.06525433, 0.27531552, -22.62857437, 52.50679779, -123.44696045, -9.90938282, 61.79479599, 47.96842957, 70.49839020, -7.36572886, 11.25566006, 0.80739969, -0.57830983, -0.00427675, -0.11681323, 0.02208404, 0.05206206, 0.24790351, 0.00000000, 0.00000000, 0.00000000, 0.00000000
2, 1.1299, 111, 0.37596914, 1.09712923, 0.25310344, -44.44041824, 81.55483246, -110.44303131, -10.87401295, 61.18093872, 47.29611206, 70.99741364, -8.58265877, 10.58874416, 0.80437344, -0.58220732, 0.00722843, -0.11817726, -0.02628083, 0.08698428, 0.26762730, 0.00000000, 0.00000000, 0.00000000, 0.00000000
2, 1.1399, 112, 0.39948994, 1.13054860, 0.24777745, -56.73765945, 105.91174316, -92.70323181, -11.86787510, 60.83016586, 47.03303146, 71.29615021, -9.81136322, 9.70053768, 0.80252218, -0.58446616, 0.02014541, -0.11811684, -0.06156261, 0.12178712, 0.29369065, 0.00000000, 0.00000000, 0.00000000, 0.00000000
2, 1.1499, 113, 0.42090464, 1.17025006, 0.23176470, -60.50873566, 127.31107330, -71.83935547, -12.13095570, 59.36860657, 47.26688004, 69.38404083, -9.49633980, 9.17794991, 0.81300551, -0.57083863, 0.02246150, -0.11252031, -0.09531715, 0.16811481, 0.30073613, 0.00000000, 0.00000000, 0.00000000, 0.00000000
5, 1.1601, 116, 0.04076161, 0.91060889, -0.60199839, -73.47367859, 36.20007324, -66.49062347, -35.80824280, 79.68430328, -94.35837555, -61.75759506, -18.73291397, -24.10515404, 0.81070459, 0.52438498, 0.03086350, 0.25850719, 0.18486577, -0.00676324, 0.03047206, 0.00000000, 0.00000000, 0.00000000, 0.00000000
5, 1.1701, 117, 0.03811881, 0.90858018, -0.58010048, -69.83370972, 49.30562973, -62.61421204, -36.71440887, 79.50891113, -93.77375031, -62.32277298, -19.88386154, -23.98369217, 0.80590773, 0.52925330, 0.03861735, 0.26251188, 0.16823426, -0.00135609, 0.02634944, 0.00000000, 0.00000000, 0.00000000, 0.00000000
5, 1.1801, 118, 0.09117545, 0.95410752, -0.53284228, -70.31369781, 60.47512436, -58.64387131, -37.12364578, 79.18737030, -93.62759399, -63.12184906, -19.53521347, -24.43295670, 0.80192679, 0.53472614, 0.03213456, 0.26447827, 0.08953711, -0.05112170, 0.05052360, 0.00000000, 0.00000000, 0.00000000, 0.00000000
5, 1.1901, 119, 0.17075075, 1.02588773, -0.47154453, -71.96898651, 70.45164490, -54.00348282, -37.12364578, 79.18737030, -93.62759399, -63.87923813, -19.11416245, -24.96835327, 0.79805493, 0.53980488, 0.02479073, 0.26665437, 0.00424990, -0.12149761, 0.08733471, 0.00000000, 0.00000000, 0.00000000, 0.00000000
2, 1.1599, 114, 0.45622078, 1.21096313, 0.19946681, -59.37029648, 142.62214661, -50.62824249, -12.13095570, 59.36860657, 47.26688004, 69.36547852, -10.57055855, 7.96108580, 0.81320560, -0.57050371, 0.03623173, -0.10913029, -0.13603830, 0.22322860, 0.28820488, 0.00000000, 0.00000000, 0.00000000, 0.00000000
2, 1.1699, 115, 0.46174359, 1.26094520, 0.14638475, -53.65485001, 150.81521606, -30.75629807, -13.03712368, 59.98246002, 46.79918289, 69.26428986, -11.49097538, 6.63881016, 0.81401652, -0.56927121, 0.04949303, -0.10420096, -0.18813814, 0.28642419, 0.26524320, 0.00000000, 0.00000000, 0.00000000, 0.00000000
2, 1.1799, 116, 0.47025323, 1.29943824, 0.12561114, -46.33854675, 152.25781250, -13.58530235, -12.80327415, 59.10552216, 46.03916931, 69.10826874, -12.25104713, 5.27432156, 0.81523657, -0.56739247, 0.06184214, -0.09813622, -0.21717075, 0.33187705, 0.26243868, 0.00000000, 0.00000000, 0.00000000, 0.00000000
2, 1.1899, 117, 0.51026350, 1.30410671, 0.07872757, -36.73877716, 149.10661316, 0.51828671, -12.68634892, 59.63168716, 45.89301300, 68.93073273, -12.84568691, 3.90767670, 0.81665909, -0.56517339, 0.07300251, -0.09120176, -0.28851146, 0.34937587, 0.26179880, 0.00000000, 0.00000000, 0.00000000, 0.00000000
5, 1.2001, 120, 0.25432211, 1.09659469, -0.43640205, -72.53403473, 74.22413635, -48.80627441, -37.38673019, 79.30429840, -92.83834839, -64.59846497, -18.64929008, -25.53309059, 0.79434770, 0.54450977, 0.01705382, 0.26875654, -0.06295817, -0.18805644, 0.14336306, 0.00000000, 0.00000000, 0.00000000, 0.00000000
5, 1.2101, 121, 0.32844955, 1.14981747, -0.42581239, -70.27426147, 73.96472931, -42.95246124, -38.02981567, 79.18737030, -92.51680756, -65.26325226, -18.17061806, -26.09671783, 0.79089379, 0.54874551, 0.00932916, 0.27070013, -0.10650362, -0.23487800, 0.20608015, 0.00000000, 0.00000000, 0.00000000, 0.00000000
5, 1.2201, 122, 0.36874425, 1.19055343, -0.43358231, -67.16515350, 67.30885315, -40.97744751, -38.00058365, 78.83659363, -92.01987457, -64.78207397, -15.87679768, -27.69389343, 0.79430884, 0.54305279, -0.01374753, 0.27198946, -0.10782520, -0.26757455, 0.24823625, 0.00000000, 0.00000000, 0.00000000, 0.00000000
2, 1.1999, 118, 0.54838896, 1.26316082, 0.05169372, -26.80793762, 137.97055054, 8.93140602, -12.39403629, 60.24554062, 45.60070038, 67.81114960, -9.57261372, 4.19947338, 0.82480323, -0.55804455, 0.04883796, -0.07681641, -0.33236361, 0.31621271, 0.26116017, 0.00000000, 0.00000000, 0.00000000, 0.00000000
2, 1.2099, 119, 0.58598292, 1.21727538, 0.00639519, -20.08697319, 123.70345306, 13.60203552, -12.39403629, 60.24554062, 45.60070038, 67.58140564, -9.93055725, 3.05107355, 0.82638115, -0.55579215, 0.05715488, -0.07016200, -0.35659811, 0.27868435, 0.23709491, 0.00000000, 0.00000000, 0.00000000, 0.00000000
5, 1.2301, 123, 0.38067010, 1.17909360, -0.42467591, -60.21536255, 59.06683731, -39.75511932, -38.29289627, 78.45658875, -91.25986481, -65.40380096, -15.50173950, -28.13450050, 0.79108989, 0.54686278, -0.02003278, 0.27334377, -0.09337710, -0.25043926, 0.24387705, 0.00000000, 0.00000000, 0.00000000, 0.00000000
5, 1.2401, 124, 0.35388762, 1.12412965, -0.44529706, -50.63426971, 46.35016251, -32.52129364, -39.11137009, 78.45658875, -91.46448517, -65.92723846, -15.19557762, -28.47392464, 0.78841531, 0.55004698, -0.02511264, 0.27426118, -0.05951647, -0.18818808, 0.24068159, 0.00000000, 0.00000000, 0.00000000, 0.00000000
5, 1.2501, 125, 0.31351745, 1.06410611, -0.46378669, -39.95431519, 37.02413177, -24.65979767, -39.11137009, 78.60274506, -91.46448517, -66.33315277, -14.94828033, -28.74616623, 0.78632832, 0.55247819, -0.02917061, 0.27496314, -0.01994854, -0.12224706, 0.22388479, 0.00000000, 0.00000000, 0.00000000, 0.00000000
2, 1.2199, 120, 0.59885812, 1.16257131, -0.02027451, -12.59464169, 103.67005920, 17.47982597, -12.86173630, 60.24554062, 44.92838287, 67.37880707, -10.16384220, 2.07305026, 0.82776165, -0.55375284, 0.06369673, -0.06411898, -0.39817530, 0.23278843, 0.21958132, 0.00000000, 0.00000000, 0.00000000, 0.00000000
5, 1.2601, 126, 0.26885071, 0.99753416, -0.46264935, -28.50517654, 28.54976273, -17.90946388, -39.66676331, 78.63198090, -91.23063660, -66.62199402, -14.76793480, -28.96257591, 0.78479171, 0.55418319, -0.03220135, 0.27558333, 0.00585573, -0.05312658, 0.18903609, 0.00000000, 0.00000000, 0.00000000, 0.00000000
5, 1.2701, 127, 0.23010740, 0.93207848, -0.44267812, -19.69224930, 22.10280800, -10.21847248, -39.08213806, 76.64425659, -91.25986481, -65.34336090, -14.74828911, -29.26008224, 0.79024845, 0.54528993, -0.03068175, 0.27789384, 0.01227189, 0.00918337, 0.13951109, 0.00000000, 0.00000000, 0.00000000, 0.00000000
5, 1.2801, 128, 0.20430367, 0.89558148, -0.44033921, -12.89400005, 16.24742126, -1.76916242, -39.75445557, 78.57351685, -90.96755219, -65.42417145, -14.61339283, -29.37756920, 0.78986084, 0.54564464, -0.03240821, 0.27810356, 0.02483299, 0.03867661, 0.10051722, 0.00000000, 0.00000000, 0.00000000, 0.00000000
5, 1.2901, 129, 0.20418504, 0.88049018, -0.43231544, -7.16362476, 8.76929951, 5.69112778, -39.43291473, 78.63198090, -91.40602112, -65.42185211, -14.49729824, -29.42893219, 0.78998947, 0.54546636, -0.03348262, 0.27796036, 0.01965743, 0.05347022, 0.09436988, 0.00000000, 0.00000000, 0.00000000, 0.00000000
5, 1.3001, 130, 0.21957278, 0.88749802, -0.43380681, -4.32713556, 0.44268823, 11.17005634, -39.43291473, 78.63198090, -91.40602112, -65.37274933, -14.39532375, -29.39985275, 0.79050583, 0.54500610, -0.03395917, 0.27733690, 0.01319066, 0.04684176, 0.10685578, 0.00000000, 0.00000000, 0.00000000, 0.00000000
5, 1.3101, 131, 0.24007976, 0.90418172, -0.43111417, -3.98209524, -8.03145409, 15.36273003, -38.84828949, 77.63811493, -91.58140564, -65.30411530, -14.29893684, -29.28295326, 0.79131395, 0.54444402, -0.03393174, 0.27613702, 0.00098244, 0.02991110, 0.12083621, 0.00000000, 0.00000000, 0.00000000, 0.00000000
2, 1.2299, 121, 0.57808405, 1.12350059, -0.04900074, -4.88718700, 79.10045624, 19.72886658, -12.24788094, 59.92399979, 44.37298965, 67.21261597, -10.26852226, 1.30923867, 0.82889873, -0.55207789, 0.06822951, -0.05900514, -0.41476253, 0.20205408, 0.17764819, 0.00000000, 0.00000000, 0.00000000, 0.00000000
2, 1.2399, 122, 0.55905700, 1.07282782, -0.02401259, 1.58454955, 54.86071014, 21.61060524, -12.13095570, 59.89476776, 44.46068192, 67.07458496, -10.25490570, 0.75998819, 0.82984531, -0.55075055, 0.07084244, -0.05488074, -0.39220992, 0.14840287, 0.17003052, 0.00000000, 0.00000000, 0.00000000, 0.00000000
2, 1.2499, 123, 0.49933118, 1.02945733, 0.01088100, 7.35690451, 34.36644745, 25.22186470, -11.66325665, 60.21630859, 43.75913239, 66.26671600, -6.89501047, 1.63789737, 0.83533013, -0.54626429, 0.04255292, -0.04481244, -0.31877407, 0.09867702, 0.13535787, 0.00000000, 0.00000000, 0.00000000, 0.00000000
5, 1.3201, 132, 0.25330406, 0.92057347, -0.41728681, -4.28668976, -14.62581921, 17.90844727, -39.11137009, 78.31043243, -90.70446777, -64.01223755, -13.89859581, -29.42299271, 0.79788131, 0.53492355, -0.03437240, 0.27579117, -0.01376525, 0.01002153, 0.11714469, 0.00000000, 0.00000000, 0.00000000, 0.00000000
5, 1.3301, 133, 0.25383958, 0.92797983, -0.40195537, -4.39049530, -18.96199608, 19.31365585, -38.40982056, 78.16427612, -91.05524445, -63.93358994, -13.81799126, -29.19112206, 0.79896754, 0.53433812, -0.03368635, 0.27385929, -0.01975519, -0.00503093, 0.09251022, 0.00000000, 0.00000000, 0.00000000, 0.00000000
5, 1.3401, 134, 0.23458622, 0.91611087, -0.39726719, -4.89135838, -22.94022942, 20.17161942, -38.93598175, 78.31043243, -90.82139587, -63.85780334, -13.74371243, -28.91801262, 0.80012012, 0.53379136, -0.03277202, 0.27166262, -0.01057429, 0.00595563, 0.07264167, 0.00000000, 0.00000000, 0.00000000, 0.00000000
5, 1.3501, 135, 0.21192668, 0.91074038, -0.38891587, -5.88151693, -27.65221214, 20.94821358, -38.93598175, 78.31043243, -90.82139587, -63.78995132, -13.67574596, -28.59520340, 0.80133337, 0.53332007, -0.03160236, 0.26913941, -0.00151615, 0.01008903, 0.04837823, 0.00000000, 0.00000000, 0.00000000, 0.00000000
5, 1.3601, 136, 0.19646470, 0.92146838, -0.36976036, -5.09581614, -29.21399689, 21.72471428, -38.32212830, 79.09967804, -90.70446777, -63.71270370, -13.61453629, -28.25881958, 0.80259991, 0.53279215, -0.03030185, 0.26654780, -0.00407042, -0.00299820, 0.02386943, 0.00000000, 0.00000000, 0.00000000, 0.00000000
2, 1.2599, 124, 0.41926083, 1.01784551, 0.05792620, 10.79931831, 18.70469856, 29.63176346, -11.66325665, 60.21630859, 43.75913239, 66.11480713, -6.67412901, 1.40503609, 0.83625126, -0.54511112, 0.04210667, -0.04200861, -0.18848529, 0.07599654, 0.08985470, 0.00000000, 0.00000000, 0.00000000, 0.00000000
5, 1.3701, 137, 0.18963760, 0.93607676, -0.36124784, -3.52879882, -25.07880020, 21.24249649, -38.23443222, 79.59661102, -90.38292694, -63.64750290, -13.44960976, -28.02293015, 0.80377233, 0.53218913, -0.03025422, 0.26421535, -0.00338003, -0.01875636, 0.01283989, 0.00000000, 0.00000000, 0.00000000, 0.00000000
2, 1.2699, 125, 0.34844637, 1.00606036, 0.10069010, 12.57387829, 7.67753315, 34.93569183, -10.99093819, 60.09938431, 44.05144501, 65.94019318, -6.37591839, 1.26763690, 0.83727050, -0.54384178, 0.04064219, -0.03952822, -0.10782924, 0.05635965, 0.05881494, 0.00000000, 0.00000000, 0.00000000, 0.00000000
2, 1.2799, 126, 0.29663044, 0.98304254, 0.10404001, 13.04913330, 0.02546909, 40.20600891, -11.28325081, 60.18708038, 44.05144501, 65.73339844, -6.01849365, 1.19685447, 0.83843404, -0.54236895, 0.03843160, -0.03724837, -0.06943302, 0.03393601, 0.01513276, 0.00000000, 0.00000000, 0.00000000, 0.00000000
5, 1.3801, 138, 0.17448756, 0.93673527, -0.34277874, -0.54354203, -17.73351669, 20.31048012, -38.14673996, 79.56737518, -90.38292694, -63.53041077, -13.38590145, -27.81409645, 0.80491936, 0.53134167, -0.02947968, 0.26251099, -0.00517746, -0.02159904, -0.01207311, 0.00000000, 0.00000000, 0.00000000, 0.00000000
2, 1.2899, 127, 0.24985290, 0.97893202, 0.11415377, 13.72159576, -5.62925053, 44.71125031, -10.81555080, 61.12247849, 44.08067703, 65.50099945, -5.61080933, 1.17299688, 0.83971149, -0.54072636, 0.03563048, -0.03507504, -0.02536066, 0.02879314, -0.01838200, 0.00000000, 0.00000000, 0.00000000, 0.00000000
5, 1.3901, 139, 0.14600912, 0.93547034, -0.33335498, 3.01830912, -9.21588230, 20.81868172, -38.17597198, 78.28120422, -90.82139587, -63.37220383, -13.31147099, -27.69730949, 0.80606276, 0.53016633, -0.02911932, 0.26141655, 0.00718316, -0.02222176, -0.04225450, 0.00000000, 0.00000000, 0.00000000, 0.00000000
2, 1.2999, 128, 0.21622080, 0.98715711, 0.10804053, 13.36979961, -7.87958908, 46.89069366, -10.81555080, 61.12247849, 44.08067703, 66.08049011, -5.22023726, 1.48399079, 0.83702648, -0.54511088, 0.03111861, -0.03567174, 0.00037745, 0.03773248, -0.04759715, 0.00000000, 0.00000000, 0.00000000, 0.00000000
5, 1.4001, 140, 0.13193630, 0.91634154, -0.34255633, 6.05801821, -1.75299299, 20.81766129, -38.17597198, 78.28120422, -90.82139587, -63.18189621, -13.22957802, -27.66160202, 0.80718082, 0.52873331, -0.02911783, 0.26086888, 0.02296927, -0.00326329, -0.05130835, 0.00000000, 0.00000000, 0.00000000, 0.00000000
5, 1.4101, 141, 0.15280144, 0.89021611, -0.33403054, 8.22264004, 4.69366455, 21.48707199, -38.40982056, 79.45045471, -90.73370361, -62.96271515, -13.13349056, -27.69278526, 0.80830336, 0.52705938, -0.02946400, 0.26074123, 0.00233301, 0.02045920, -0.04609354, 0.00000000, 0.00000000, 0.00000000, 0.00000000
2, 1.3099, 129, 0.19658764, 0.98645663, 0.08730569, 10.89978027, -9.57503700, 47.43913651, -10.46477604, 59.19321823, 44.34375763, 65.81117249, -4.80294895, 1.50687456, 0.83845776, -0.54319465, 0.02803864, -0.03379145, 0.00448021, 0.03814241, -0.07035398, 0.00000000, 0.00000000, 0.00000000, 0.00000000
2, 1.3199, 130, 0.17929153, 0.99044824, 0.06705979, 7.24116802, -10.86015224, 46.25748444, -10.14323330, 61.18093872, 43.81759644, 65.52724457, -4.41511822, 1.55233455, 0.83992690, -0.54116178, 0.02506314, -0.03222665, 0.00823243, 0.04765905, -0.10050848, 0.00000000, 0.00000000, 0.00000000, 0.00000000
2, 1.3299, 131, 0.16940650, 0.99839985, 0.04951597, 3.54321241, -10.78954315, 43.78141403, -9.73399544, 61.73633194, 44.02221680, 65.23707581, -4.06926012, 1.60885155, 0.84139550, -0.53907007, 0.02233781, -0.03095368, 0.00913648, 0.06068265, -0.12289591, 0.00000000, 0.00000000, 0.00000000, 0.00000000
5, 1.4201, 142, 0.18773270, 0.87796056, -0.32977170, 6.93968439, 7.91437864, 21.80801392, -38.11750793, 78.69043732, -91.23063660, -62.78831863, -12.70522308, -27.90238953, 0.80944091, 0.52522296, -0.03315819, 0.26047441, -0.02134142, 0.03120254, -0.02655417, 0.00000000, 0.00000000, 0.00000000, 0.00000000
2, 1.3399, 132, 0.16202414, 0.99632728, 0.03883981, 0.32517305, -9.70035648, 40.22856140, -9.50014591, 61.76556396, 44.54837799, 64.95096588, -3.77207065, 1.66653919, 0.84281826, -0.53699476, 0.01995762, -0.02993158, 0.01115899, 0.06259499, -0.14029437, 0.00000000, 0.00000000, 0.00000000, 0.00000000
5, 1.4301, 143, 0.22138447, 0.88856423, -0.32627091, 4.41267300, 9.57652855, 22.03753281, -38.08827972, 78.51505280, -90.55831909, -62.58737946, -12.56055355, -27.96390915, 0.81049335, 0.52359605, -0.03404050, 0.26036337, -0.03858374, 0.02017437, -0.00567342, 0.00000000, 0.00000000, 0.00000000, 0.00000000
5, 1.4401, 144, 0.23791948, 0.91605425, -0.33458927, 2.28885770, 7.10178947, 21.33958817, -37.44519043, 79.12890625, -91.34755707, -62.40998077, -12.41543293, -27.99545479, 0.81150329, 0.52214020, -0.03484327, 0.26003471, -0.03812940, -0.00719586, 0.01117511, 0.00000000, 0.00000000, 0.00000000, 0.00000000
5, 1.4501, 145, 0.24047445, 0.94487906, -0.34143794, -0.03727545, 2.25507140, 20.71036911, -37.44519043, 79.12890625, -91.34755707, -62.25965500, -12.27768040, -27.97410202, 0.81249267, 0.52089918, -0.03541386, 0.25935605, -0.02973847, -0.03587196, 0.01694312, 0.00000000, 0.00000000, 0.00000000, 0.00000000
5, 1.4601, 146, 0.23414220, 0.97840405, -0.34063166, -1.56815505, -3.72586393, 19.72851944, -36.94826126, 79.47968292, -90.61677551, -62.13417816, -12.15966320, -27.89302063, 0.81346440, 0.51987737, -0.03562682, 0.25832906, -0.02123398, -0.06993904, 0.01173697, 0.00000000, 0.00000000, 0.00000000, 0.00000000
2, 1.3499, 133, 0.15198669, 0.98855668, 0.03833143, -1.96028233, -5.96741915, 35.99771118, -9.50014591, 61.76556396, 44.54837799, 66.51390076, -3.76640797, 2.35582042, 0.83522111, -0.54854745, 0.01620697, -0.03519848, 0.01964532, 0.05363335, -0.14649539, 0.00000000, 0.00000000, 0.00000000, 0.00000000
2, 1.3599, 134, 0.14029521, 0.97599381, 0.03981591, -2.25181508, -0.73923773, 32.72424316, -9.50014591, 62.08710861, 44.51914597, 66.25740051, -3.56263232, 2.34777451, 0.83651680, -0.54667592, 0.01483533, -0.03413320, 0.02706537, 0.03296579, -0.13847293, 0.00000000, 0.00000000, 0.00000000, 0.00000000
5, 1.4701, 147, 0.22312151, 0.99771225, -0.33225521, -2.32691836, -8.98864174, 18.12301826, -36.94826126, 78.39812469, -90.73370361, -62.58112335, -11.74297523, -27.86789703, 0.81225336, 0.52250087, -0.03956635, 0.25626504, -0.01572514, -0.08926173, -0.00054921, 0.00000000, 0.00000000, 0.00000000, 0.00000000
5, 1.4801, 148, 0.20579176, 1.00665522, -0.32527813, -2.92476034, -12.55724239, 17.83525658, -36.83133698, 79.77199554, -90.93832397, -62.48733139, -11.66189575, -27.70410347, 0.81319356, 0.52178383, -0.03920389, 0.25479579, -0.00344685, -0.09536834, -0.01337548, 0.00000000, 0.00000000, 0.00000000, 0.00000000
2, 1.3699, 135, 0.13008082, 0.97099060, 0.05135649, -0.12162757, 6.68323898, 29.78260422, -8.76936531, 61.85326004, 43.90528870, 66.02965546, -3.38398981, 2.26377678, 0.83768278, -0.54500115, 0.01399575, -0.03264159, 0.04476719, 0.02719668, -0.14345610, 0.00000000, 0.00000000, 0.00000000, 0.00000000
5, 1.4901, 149, 0.18661809, 1.00798595, -0.31850648, -3.12805247, -16.18052483, 18.52263069, -36.74364090, 79.53814697, -90.70446777, -62.39362335, -11.58976460, -27.50426292, 0.81419325, 0.52109063, -0.03861482, 0.25310636, 0.00521217, -0.09794651, -0.03379585, 0.00000000, 0.00000000, 0.00000000, 0.00000000
5, 1.5001, 150, 0.16848819, 1.00686789, -0.31549230, -2.03377271, -19.72554588, 19.31803513, -36.74364090, 79.53814697, -90.70446777, -62.28974152, -11.53452873, -27.27362061, 0.81527209, 0.52035618, -0.03774275, 0.25126982, 0.01561876, -0.09776641, -0.05125584, 0.00000000, 0.00000000, 0.00000000, 0.00000000
5, 1.5101, 151, 0.15586565, 1.00242007, -0.31310889, -0.67477930, -21.72560310, 19.69121361, -36.83133698, 79.50891113, -90.76293182, -62.17525482, -11.49457455, -27.02844048, 0.81639838, 0.51956856, -0.03667305, 0.24939421, 0.02236155, -0.09435327, -0.06448613, 0.00000000, 0.00000000, 0.00000000, 0.00000000
2, 1.3799, 136, 0.15309572, 0.96158034, 0.05882455, 2.51934385, 13.90133953, 28.91287804, -8.79859638, 62.29172516, 44.22683334, 65.81843567, -3.21313572, 2.10299826, 0.83878171, -0.54343629, 0.01356696, -0.03063005, 0.03692380, 0.01782169, -0.12596527, 0.00000000, 0.00000000, 0.00000000, 0.00000000
2, 1.3899, 137, 0.15020975, 0.96733665, 0.06395751, 3.95538187, 17.62567902, 28.27713585, -8.41859055, 62.20403290, 44.31452560, 65.61720276, -3.04759979, 1.90229964, 0.83983320, -0.54193902, 0.01335603, -0.02835363, 0.04642929, 0.02372455, -0.12746322, 0.00000000, 0.00000000, 0.00000000, 0.00000000
2, 1.3999, 138, 0.14800338, 0.98524553, 0.08783090, 5.13479185, 19.20442963, 27.30428314, -8.41859055, 62.20403290, 44.31452560, 66.72933960, -3.72390485, 2.00380635, 0.83430624, -0.55006576, 0.01752091, -0.03246251, 0.06762033, 0.03550918, -0.10943536, 0.00000000, 0.00000000, 0.00000000, 0.00000000
5, 1.5201, 152, 0.14430237, 0.99222195, -0.30877748, 0.11884640, -21.05263329, 20.24046135, -36.62671661, 79.15814209, -90.32446289, -63.26155472, -11.64605522, -26.63846588, 0.81200993, 0.52760410, -0.03613511, 0.24691749, 0.02552763, -0.08332066, -0.07404549, 0.00000000, 0.00000000, 0.00000000, 0.00000000
5, 1.5301, 153, 0.13867348, 0.98325062, -0.30480585, -0.34096161, -19.56576157, 21.26321793, -36.12978745, 79.80122375, -90.47061920, -63.13144684, -11.58624363, -26.41230583, 0.81320012, 0.52667737, -0.03525227, 0.24509972, 0.02381671, -0.06900021, -0.06954176, 0.00000000, 0.00000000, 0.00000000, 0.00000000
5, 1.5401, 154, 0.14082268, 0.98300421, -0.30129451, -0.88130367, -18.80733490, 22.12942696, -36.21747971, 78.92429352, -90.17830658, -62.99796295, -11.51493835, -26.18957329, 0.81441331, 0.52570903, -0.03446639, 0.24325541, 0.02089348, -0.06996538, -0.07231086, 0.00000000, 0.00000000, 0.00000000, 0.00000000
5, 1.5501, 155, 0.14926225, 0.98160958, -0.30517697, -2.21982670, -18.38660049, 22.26165009, -35.57439423, 79.59661102, -90.67523956, -62.87241745, -11.43257713, -25.96567154, 0.81560612, 0.52478170, -0.03377732, 0.24135047, 0.01960894, -0.06890134, -0.06556007, 0.00000000, 0.00000000, 0.00000000, 0.00000000
2, 1.4099, 139, 0.15215479, 1.00672996, 0.09876123, 4.89732885, 19.38458633, 26.24283600, -7.95089149, 61.88248825, 44.10990906, 66.54943085, -3.56678462, 1.78739202, 0.83527684, -0.54872715, 0.01746220, -0.03010640, 0.06821296, 0.04912132, -0.08365953, 0.00000000, 0.00000000, 0.00000000, 0.00000000
2, 1.4199, 140, 0.16288041, 1.01666713, 0.08862962, 4.74721384, 17.57226944, 25.59390831, -8.27243519, 61.99941635, 43.84682846, 66.37454224, -3.41081476, 1.58866084, 0.83620912, -0.54742742, 0.01731876, -0.02788550, 0.05796792, 0.06199370, -0.08351263, 0.00000000, 0.00000000, 0.00000000, 0.00000000
2, 1.4299, 141, 0.17782542, 1.02902842, 0.07852016, 4.05554724, 12.79334164, 25.23045731, -7.68781042, 62.35018921, 43.81759644, 66.20201874, -3.24967337, 1.43732476, 0.83711231, -0.54615200, 0.01690431, -0.02598679, 0.04542950, 0.07722774, -0.07977163, 0.00000000, 0.00000000, 0.00000000, 0.00000000
5, 1.5601, 156, 0.15656489, 0.97718215, -0.30243367, -2.77924848, -19.08169937, 22.72540855, -35.57439423, 79.59661102, -90.67523956, -62.74795151, -11.34672356, -25.73224831, 0.81681395, 0.52385867, -0.03307708, 0.23935971, 0.01388121, -0.06551805, -0.06409758, 0.00000000, 0.00000000, 0.00000000, 0.00000000
2, 1.4399, 142, 0.18766174, 1.03363645, 0.06479207, 2.74914312, 5.82115030, 24.49823761, -7.98012257, 61.85326004, 43.17451096, 66.03300476, -3.08378625, 1.35632443, 0.83797789, -0.54491198, 0.01611422, -0.02458149, 0.03240425, 0.08559754, -0.08318114, 0.00000000, 0.00000000, 0.00000000, 0.00000000
5, 1.5701, 157, 0.15888330, 0.96884859, -0.29871860, -2.91500592, -19.54382133, 23.06664085, -35.48669815, 79.42121887, -90.58754730, -63.59042358, -11.34658146, -25.37849808, 0.81367505, 0.52995443, -0.03320111, 0.23659870, 0.00997717, -0.05655885, -0.06362925, 0.00000000, 0.00000000, 0.00000000, 0.00000000
5, 1.5801, 158, 0.15159421, 0.96484792, -0.29737660, -2.67919111, -19.95655060, 22.93111992, -35.48669815, 79.33352661, -90.20754242, -63.46404266, -11.26057243, -25.13798714, 0.81490076, 0.52902442, -0.03245817, 0.23455593, 0.01370094, -0.04801786, -0.06121741, 0.00000000, 0.00000000, 0.00000000, 0.00000000
5, 1.5901, 159, 0.14339219, 0.95975387, -0.29890835, -2.25370002, -19.98995018, 22.29396820, -35.10669327, 79.24583435, -90.29523468, -63.33892822, -11.18210125, -24.89974213, 0.81609666, 0.52810949, -0.03167792, 0.23255816, 0.02112645, -0.04349824, -0.06890725, 0.00000000, 0.00000000, 0.00000000, 0.00000000
5, 1.6001, 160, 0.13154854, 0.95662248, -0.29534727, -1.47823048, -19.47158051, 22.01603508, -34.75592041, 79.59661102, -89.18444824, -63.20950317, -11.10917091, -24.66949654, 0.81728053, 0.52716583, -0.03088987, 0.23063931, 0.02709029, -0.04153645, -0.08251722, 0.00000000, 0.00000000, 0.00000000, 0.00000000
5, 1.6101, 161, 0.12460985, 0.96195483, -0.28537792, -0.39944789, -17.63669205, 21.41509819, -34.75592041, 79.59661102, -89.18444824, -63.07472229, -11.04078674, -24.46127319, 0.81843162, 0.52618116, -0.03016349, 0.22889566, 0.02567106, -0.04876409, -0.09597294, 0.00000000, 0.00000000, 0.00000000, 0.00000000
5, 1.6201, 162, 0.12936693, 0.96510398, -0.28533125, 0.17660196, -14.47716904, 18.39848137, -34.58053207, 78.71967316, -90.35369873, -64.20784760, -11.30314732, -24.10647583, 0.81345499, 0.53463334, -0.02885870, 0.22721222, 0.02253376, -0.05056585, -0.08928324, 0.00000000, 0.00000000, 0.00000000, 0.00000000
2, 1.4499, 143, 0.18995601, 1.03857911, 0.05625091, 1.38476777, -2.71499896, 23.55596161, -7.98012257, 61.85326004, 43.17451096, 67.12609863, -3.16872978, 1.66971505, 0.83264840, -0.55291981, 0.01498446, -0.02742079, 0.02716865, 0.09108719, -0.08387177, 0.00000000, 0.00000000, 0.00000000, 0.00000000
2, 1.4599, 144, 0.18930754, 1.03523564, 0.05062303, -1.36461854, -13.03302193, 21.89103699, -7.19087982, 62.58403778, 43.58374786, 66.96843719, -2.99883294, 1.78516984, 0.83342636, -0.55179131, 0.01322992, -0.02742276, 0.02250127, 0.08354034, -0.07587434, 0.00000000, 0.00000000, 0.00000000, 0.00000000
2, 1.4699, 145, 0.16999756, 1.04270649, 0.05335777, -3.08414197, -19.75073814, 20.72933197, -6.43086815, 62.11634064, 43.34989548, 66.81552124, -2.83080077, 1.97006333, 0.83416164, -0.55069882, 0.01115412, -0.02794451, 0.04118929, 0.09120756, -0.09036488, 0.00000000, 0.00000000, 0.00000000, 0.00000000
2, 1.4799, 146, 0.15793915, 1.03799915, 0.06199947, -4.11790466, -23.15991402, 19.35453033, -7.01549244, 62.87635040, 44.08067703, 66.67021179, -2.66964960, 2.19095349, 0.83484685, -0.54965723, 0.00895528, -0.02876768, 0.05758003, 0.08571889, -0.09709518, 0.00000000, 0.00000000, 0.00000000, 0.00000000
2, 1.4899, 147, 0.14565830, 1.03124702, 0.06387995, -4.73296022, -24.13382912, 18.40589523, -7.10318613, 63.37328339, 44.95761490, 66.52957153, -2.51594448, 2.42316008, 0.83550179, -0.54864228, 0.00675747, -0.02971485, 0.06863052, 0.07959308, -0.10846488, 0.00000000, 0.00000000, 0.00000000, 0.00000000
5, 1.6301, 163, 0.11122838, 0.96241260, -0.28751159, 0.95560694, -11.20119286, 18.60685921, -34.31745148, 79.50891113, -90.52908325, -64.07775879, -11.23437595, -23.96985054, 0.81444639, 0.53366870, -0.02846613, 0.22597453, 0.03261378, -0.04193127, -0.08906578, 0.00000000, 0.00000000, 0.00000000, 0.00000000
5, 1.6401, 164, 0.10724170, 0.95697415, -0.28560150, 0.98873955, -10.33151627, 21.58907700, -34.28821945, 80.00584412, -90.03215027, -63.92488861, -11.14429760, -23.83589554, 0.81557035, 0.53251690, -0.02819985, 0.22466746, 0.03471140, -0.03759079, -0.09612481, 0.00000000, 0.00000000, 0.00000000, 0.00000000
5, 1.6501, 165, 0.12475676, 0.94897699, -0.27913556, 0.43877468, -10.39364338, 21.80490685, -33.93744659, 80.56124115, -89.85676575, -63.77425003, -11.04966640, -23.69886208, 0.81669337, 0.53137529, -0.02796064, 0.22331706, 0.01941307, -0.03123014, -0.08997731, 0.00000000, 0.00000000, 0.00000000, 0.00000000
2, 1.4999, 148, 0.13830411, 1.02353013, 0.06287739, -5.11241436, -24.30535698, 17.72634315, -7.10318613, 63.37328339, 44.95761490, 67.87170410, -3.16720843, 3.00648594, 0.82865626, -0.55846041, 0.00828069, -0.03717932, 0.07058466, 0.07075100, -0.11197070, 0.00000000, 0.00000000, 0.00000000, 0.00000000
2, 1.5099, 149, 0.13687201, 1.01917338, 0.05996504, -5.23684549, -23.40299988, 17.51110649, -6.57702398, 63.63636398, 44.22683334, 67.73136902, -3.02972579, 3.23688102, 0.82930887, -0.55745071, 0.00620945, -0.03816923, 0.06069944, 0.06085169, -0.09975184, 0.00000000, 0.00000000, 0.00000000, 0.00000000
2, 1.5199, 150, 0.14040922, 1.00890100, 0.05372848, -6.00706625, -22.76564980, 17.07250404, -6.89856768, 63.40251160, 44.31452560, 67.58906555, -2.90160131, 3.46325302, 0.82996643, -0.55641973, 0.00422871, -0.03918037, 0.05444866, 0.05289982, -0.10472582, 0.00000000, 0.00000000, 0.00000000, 0.00000000
2, 1.5299, 151, 0.14639935, 1.00445056, 0.04593655, -7.02788401, -22.54306793, 16.78901291, -6.51856184, 64.13329315, 44.95761490, 67.44232178, -2.78252459, 3.69027853, 0.83063900, -0.55535030, 0.00231457, -0.04024485, 0.04619712, 0.05100441, -0.10809425, 0.00000000, 0.00000000, 0.00000000, 0.00000000
2, 1.5399, 152, 0.15293831, 0.99282676, 0.03026982, -8.60893345, -23.16074371, 15.73264503, -6.46009922, 63.95790482, 44.66530228, 67.29408264, -2.67940140, 3.92810154, 0.83130634, -0.55426520, 0.00046737, -0.04146955, 0.03039853, 0.04374008, -0.11704610, 0.00000000, 0.00000000, 0.00000000, 0.00000000
2, 1.5499, 153, 0.15296261, 0.98780727, 0.02606845, -10.28152275, -24.82981491, 14.69983578, -6.46009922, 63.95790482, 44.66530228, 68.56525421, -2.91965580, 4.42444801, 0.82483160, -0.56348550, -0.00070155, -0.04622379, 0.02669117, 0.03834806, -0.11702685, 0.00000000, 0.00000000, 0.00000000, 0.00000000
2, 1.5599, 154, 0.14550912, 0.99472857, 0.01983771, -12.85043621, -26.46556473, 13.31004715, -6.22624969, 64.19175720, 45.13300323, 68.40963745, -2.85957313, 4.70889997, 0.82550180, -0.56235111, -0.00246817, -0.04797999, 0.02491368, 0.04053407, -0.11095475, 0.00000000, 0.00000000, 0.00000000, 0.00000000
2, 1.5699, 155, 0.13071893, 0.99888551, 0.01286351, -15.76096535, -27.79502869, 11.45565701, -6.28471184, 64.04560089, 45.48377609, 68.25012970, -2.82850242, 5.01493979, 0.82616490, -0.56118703, -0.00412451, -0.05003829, 0.03070585, 0.04701301, -0.12865694, 0.00000000, 0.00000000, 0.00000000, 0.00000000
2, 1.5799, 156, 0.11500753, 1.00164795, 0.01830052, -17.21838570, -27.67601585, 9.75996876, -6.25548077, 64.33791351, 45.16223145, 68.09351349, -2.81846356, 5.32464743, 0.82679683, -0.56004214, -0.00564231, -0.05222973, 0.04569305, 0.04961250, -0.13934647, 0.00000000, 0.00000000, 0.00000000, 0.00000000
5, 1.6601, 166, 0.15162615, 0.93427277, -0.27763224, -1.06497240, -9.75994968, 20.98037529, -33.93744659, 80.56124115, -89.85676575, -63.63948441, -10.94786835, -23.56395912, 0.81774616, 0.53033727, -0.02781825, 0.22194582, 0.00133615, -0.01756404, -0.07382198, 0.00000000, 0.00000000, 0.00000000, 0.00000000
2, 1.5999, 157, 0.10114950, 0.99123037, 0.02467708, -16.42287445, -20.55115700, 8.41966820, -5.84624386, 64.71791840, 45.45454407, 69.50669861, -3.45953918, 6.12386370, 0.81914783, -0.57029617, -0.00566977, -0.06104934, 0.05493587, 0.03752363, -0.14511716, 0.00000000, 0.00000000, 0.00000000, 0.00000000
5, 1.6701, 167, 0.17105019, 0.92938876, -0.28070882, -3.48534274, -9.78053951, 20.23954964, -33.90821457, 80.06430817, -89.85676575, -64.15293121, -10.76518536, -23.32861137, 0.81611115, 0.53386056, -0.02904885, 0.21934432, -0.00713404, -0.01173048, -0.05701020, 0.00000000, 0.00000000, 0.00000000, 0.00000000
5, 1.6801, 168, 0.18166122, 0.94371152, -0.28264701, -5.13714314, -10.28236580, 18.77642250, -33.99590683, 80.41508484, -90.17830658, -64.06263733, -10.65024090, -23.17988205, 0.81699961, 0.53313291, -0.02902331, 0.21780424, -0.00842156, -0.02245171, -0.04117548, 0.00000000, 0.00000000, 0.00000000, 0.00000000
5, 1.6901, 169, 0.17864995, 0.96258092, -0.28748760, -5.97240496, -12.29239273, 16.58343697, -33.35282135, 79.50891113, -90.17830658, -63.99570465, -10.55096436, -23.01335716, 0.81778431, 0.53259259, -0.02884731, 0.21619880, 0.00060810, -0.04092231, -0.04031220, 0.00000000, 0.00000000, 0.00000000, 0.00000000
2, 1.6099, 158, 0.10585932, 0.98474389, 0.01855585, -14.56928158, -16.57881355, 8.90091038, -5.99239969, 64.25022125, 45.42531204, 69.35979462, -3.46751690, 6.32000589, 0.81976855, -0.56923711, -0.00650865, -0.06249925, 0.03795932, 0.02562490, -0.12764892, 0.00000000, 0.00000000, 0.00000000, 0.00000000
2, 1.6199, 159, 0.12278700, 0.98242044, 0.01190852, -12.39469528, -14.06634426, 9.78095245, -5.78778124, 64.27944946, 45.80532074, 69.21837616, -3.45922494, 6.48577547, 0.82038331, -0.56821299, -0.00731301, -0.06365317, 0.02167846, 0.02559656, -0.12166363, 0.00000000, 0.00000000, 0.00000000, 0.00000000
2, 1.6299, 160, 0.12896398, 0.98568559, 0.01230032, -9.42020798, -13.31307125, 10.33452511, -6.05086231, 63.11020279, 46.18532562, 69.09199524, -3.42740178, 6.63601828, 0.82094127, -0.56728935, -0.00821513, -0.06458083, 0.01887080, 0.02950751, -0.11844677, 0.00000000, 0.00000000, 0.00000000, 0.00000000
2, 1.6399, 161, 0.12938021, 0.99937534, 0.01336117, -7.68794584, -14.46327019, 10.14500332, -6.05086231, 63.11020279, 46.18532562, 68.97978210, -3.38163137, 6.79260159, 0.82143062, -0.56646079, -0.00925484, -0.06548622, 0.02224094, 0.04338247, -0.11756699, 0.00000000, 0.00000000, 0.00000000, 0.00000000
2, 1.6499, 162, 0.12584430, 1.00222492, 0.01226674, -6.67788267, -16.56991005, 9.04316139, -5.81701231, 62.90558243, 46.74071884, 70.32215881, -3.61702323, 7.07855511, 0.81444877, -0.57608503, -0.00978115, -0.06858320, 0.02377623, 0.04487325, -0.11634883, 0.00000000, 0.00000000, 0.00000000, 0.00000000
2, 1.6599, 163, 0.14684784, 0.99435800, 0.00660919, -5.64767838, -18.39081001, 8.27654266, -5.84624386, 64.63022614, 46.79918289, 70.24057007, -3.56447673, 7.26932859, 0.81477183, -0.57547247, -0.01106507, -0.06968424, 0.00185840, 0.03246461, -0.08876109, 0.00000000, 0.00000000, 0.00000000, 0.00000000
2, 1.6699, 164, 0.19123505, 0.98491812, 0.00362940, -3.85615230, -19.94885254, 9.39239025, -5.81701231, 64.83484650, 46.94533539, 70.16434479, -3.48820782, 7.47023249, 0.81507266, -0.57488644, -0.01257068, -0.07074016, -0.02950899, 0.02422694, -0.05946569, 0.00000000, 0.00000000, 0.00000000, 0.00000000
5, 1.7001, 170, 0.17171225, 0.97457778, -0.29384848, -5.70050287, -14.51896858, 15.10728931, -33.52820587, 80.18123627, -89.50598907, -63.93918610, -10.47122669, -22.82947350, 0.81851840, 0.53215140, -0.02846953, 0.21455109, 0.01243812, -0.05233339, -0.04169848, 0.00000000, 0.00000000, 0.00000000, 0.00000000
2, 1.6799, 165, 0.20397545, 0.97650003, 0.03140216, -4.92334223, -19.89706612, 10.66288853, -5.43700647, 64.45483398, 46.79918289, 70.07180023, -3.41089034, 7.67296362, 0.81545264, -0.57417965, -0.01408118, -0.07180780, -0.01702305, 0.01071377, -0.03464317, 0.00000000, 0.00000000, 0.00000000, 0.00000000
2, 1.6899, 166, 0.26198220, 0.99749875, 0.06019337, -6.87580061, -22.72256470, 11.41965103, -5.43700647, 64.45483398, 46.79918289, 69.96374512, -3.33621526, 7.90776682, 0.81588626, -0.57335472, -0.01572156, -0.07312143, -0.02872606, 0.02590540, 0.02885928, 0.00000000, 0.00000000, 0.00000000, 0.00000000
2, 1.6999, 167, 0.43144727, 0.98342311, 0.07711006, -7.87446451, -27.86082840, 21.52432442, -5.46623802, 64.65945435, 47.12072372, 67.77156830, -1.70366490, 7.63109732, 0.82766765, -0.55706298, -0.02478287, -0.06350640, -0.12007075, 0.01237966, 0.15580830, 0.00000000, 0.00000000, 0.00000000, 0.00000000
2, 1.7099, 168, 0.52600110, 0.96989858, 0.11420065, -0.37657917, -39.34186935, 44.69317245, -5.14469433, 64.42560577, 47.55919266, 67.48836517, -1.31061137, 7.98479366, 0.82901168, -0.55476350, -0.02918556, -0.06422812, -0.13160053, 0.00165079, 0.22077845, 0.00000000, 0.00000000, 0.00000000, 0.00000000
2, 1.7199, 169, 0.54344261, 1.07027054, 0.10630363, 15.57218075, -49.04008484, 79.11738586, -4.85238218, 65.12715149, 47.61765671, 67.07080078, -0.54964679, 8.36215305, 0.83112359, -0.55126679, -0.03629063, -0.06341484, -0.12228654, 0.10382831, 0.23623824, 0.00000000, 0.00000000, 0.00000000, 0.00000000
2, 1.7299, 170, 0.56527889, 1.20907402, 0.32532907, 34.02112579, -34.32132339, 105.88503265, -3.65390229, 65.44869995, 47.58842468, 66.55646515, 0.48228762, 8.52154255, 0.83386970, -0.54692239, -0.04427505, -0.05980907, 0.06466055, 0.19793743, 0.40296227, 0.00000000, 0.00000000, 0.00000000, 0.00000000
5, 1.7101, 171, 0.15623710, 0.97534132, -0.28959087, -5.05204868, -16.94034386, 13.90212440, -33.52820587, 80.18123627, -89.50598907, -63.88867569, -10.41264725, -22.62725258, 0.81922179, 0.53177923, -0.02786485, 0.21286206, 0.02042532, -0.05377291, -0.05709065, 0.00000000, 0.00000000, 0.00000000, 0.00000000
2, 1.7399, 171, 0.67116910, 1.26562262, 0.37474817, 35.56467819, 12.83671093, 126.85533142, -3.65390229, 65.44869995, 47.58842468, 65.81722260, 1.53705978, 8.20302296, 0.83783412, -0.54105484, -0.05008724, -0.05277291, 0.06006641, 0.24786299, 0.51214957, 0.00000000, 0.00000000, 0.00000000, 0.00000000
5, 1.7201, 172, 0.14058237, 0.95628190, -0.27770668, -3.86323166, -19.67953110, 13.80417347, -33.14820099, 79.01198578, -89.18444824, -64.78186798, -10.62193489, -22.28877258, 0.81534946, 0.53844208, -0.02640936, 0.21115854, 0.01961763, -0.03484055, -0.07516319, 0.00000000, 0.00000000, 0.00000000, 0.00000000
5, 1.7301, 173, 0.14780034, 0.92633820, -0.28530926, -4.69350243, -19.87197304, 15.00193024, -33.17743301, 78.51505280, -89.33060455, -64.72383881, -10.56653976, -22.05886269, 0.81613034, 0.53802651, -0.02562656, 0.20928936, 0.01576945, 0.00022753, -0.05662956, 0.00000000, 0.00000000, 0.00000000, 0.00000000
5, 1.7401, 174, 0.17835173, 0.93420017, -0.27796477, -9.25570202, -19.91019440, 17.88079643, -32.68050385, 79.91815186, -89.35983276, -64.67687988, -10.46192265, -21.80838203, 0.81696767, 0.53764522, -0.02512812, 0.20705076, -0.00740966, -0.00853471, -0.03838786, 0.00000000, 0.00000000, 0.00000000, 0.00000000
5, 1.7501, 175, 0.18063356, 0.96584392, -0.25146779, -11.62437630, -23.37949753, 20.82521820, -32.30049515, 79.42121887, -89.62291718, -64.62773895, -10.33517933, -21.51205444, 0.81792402, 0.53723663, -0.02457437, 0.20438495, -0.02423180, -0.04293416, -0.05227597, 0.00000000, 0.00000000, 0.00000000, 0.00000000
5, 1.7601, 176, 0.18875831, 0.98688471, -0.22629346, -14.91223145, -21.14005280, 25.05661011, -32.30049515, 79.42121887, -89.62291718, -64.56844330, -10.15137672, -21.21842766, 0.81899905, 0.53670079, -0.02443461, 0.20148399, -0.04409983, -0.06660557, -0.06177987, 0.00000000, 0.00000000, 0.00000000, 0.00000000
2, 1.7499, 172, 0.71764189, 1.20389962, 0.32092369, 15.39044762, 59.22734070, 134.43566895, -3.01081562, 65.39023590, 47.35457230, 61.49885178, 2.43182611, 6.87521648, 0.85832274, -0.50915599, -0.04885449, -0.04069010, -0.00328741, 0.21195875, 0.47790673, 0.00000000, 0.00000000, 0.00000000, 0.00000000
5, 1.7701, 177, 0.27085885, 1.00483429, -0.23112917, -16.40021515, -13.26560020, 36.11188889, -32.41742325, 79.39199066, -88.97982788, -64.32657623, -8.65204239, -20.79797935, 0.82300973, 0.53362441, -0.03300686, 0.19186085, -0.08247727, -0.08339059, 0.00259447, 0.00000000, 0.00000000, 0.00000000, 0.00000000
2, 1.7599, 173, 0.92296559, 1.05646014, 0.48563057, -6.52072668, 124.12699127, 137.55136108, -1.63694823, 66.47179413, 46.33148193, 60.17868805, 2.84111333, 5.57739353, 0.86455923, -0.49955848, -0.04580927, -0.02966941, -0.02611423, 0.06351156, 0.66225809, 0.00000000, 0.00000000, 0.00000000, 0.00000000
2, 1.7699, 174, 1.14980006, 0.91273648, 0.71664697, -36.51641846, 213.73554993, 148.98016357, 0.05846244, 66.29640198, 46.65302658, 58.39990616, 2.74850392, 3.55258608, 0.87261486, -0.48683518, -0.03604306, -0.01535571, -0.02217121, -0.11047622, 0.93850964, 0.00000000, 0.00000000, 0.00000000, 0.00000000
5, 1.7801, 178, 0.46356100, 1.06863797, -0.31232625, -12.77712440, -8.03603172, 51.10512161, -31.97895241, 80.70739746, -88.86290741, -64.04585266, -8.27347851, -20.58718872, 0.82518172, 0.53129357, -0.03433020, 0.18874255, -0.11839341, -0.13684537, 0.20018975, 0.00000000, 0.00000000, 0.00000000, 0.00000000
5, 1.7901, 179, 0.69259220, 1.23420894, -0.40080056, -0.90320033, -12.20983696, 63.17533493, -31.48202324, 80.23969269, -89.18444824, -63.59519577, -7.91768074, -20.35328674, 0.82812023, 0.52776033, -0.03512109, 0.18561374, -0.17880990, -0.29365319, 0.43722188, 0.00000000, 0.00000000, 0.00000000, 0.00000000
5, 1.8001, 180, 0.67729288, 1.35465670, -0.52441323, 44.61439133, -13.23043251, 61.78290558, -31.16047859, 79.07044983, -89.27214050, -62.83891678, -7.88676500, -20.26709557, 0.83176517, 0.52227795, -0.03373028, 0.18508062, -0.06204004, -0.40411127, 0.50365144, 0.00000000, 0.00000000, 0.00000000, 0.00000000
5, 1.8101, 181, 0.44950706, 1.30026579, -0.65200245, 77.99880981, 3.05035591, 57.17167664, -31.16047859, 79.07044983, -89.27214050, -61.87717056, -8.04656887, -20.45905113, 0.83559883, 0.51538706, -0.03185575, 0.18744665, 0.17552288, -0.34310746, 0.39437652, 0.00000000, 0.00000000, 0.00000000, 0.00000000
2, 1.7799, 175, 1.33386612, 0.82750577, 0.84802479, -68.19813538, 298.99282837, 175.93089294, 1.63694823, 66.85179901, 46.79918289, 56.06465912, 2.19810677, 0.85290408, 0.88256288, -0.46974406, -0.02042750, 0.00244567, -0.06402510, -0.20136330, 1.11894250, 0.00000000, 0.00000000, 0.00000000, 0.00000000
2, 1.7899, 176, 1.56888735, 0.91126972, 1.26760817, -82.90440369, 371.71237183, 210.85275269, 1.63694823, 66.85179901, 46.79918289, 53.27568817, 1.32701969, -2.46117878, 0.89348078, -0.44843829, -0.00072046, 0.02438614, 0.09530071, -0.17991003, 1.53755951, 0.00000000, 0.00000000, 0.00000000, 0.00000000
5, 1.8201, 182, 0.28687486, 1.12565076, -0.72223079, 100.32615662, 39.08726501, 63.65270233, -30.95586014, 80.61969757, -90.23677063, -59.02766800, -10.52977562, -21.39719963, 0.84311044, 0.49685222, -0.01260274, 0.20528987, 0.30626220, -0.17610286, 0.28098443, 0.00000000, 0.00000000, 0.00000000, 0.00000000
2, 1.7999, 177, 1.95885050, 0.95082438, 1.57345462, -98.70059204, 479.15463257, 256.82180786, 4.41391420, 66.96871948, 46.91610718, 43.11194229, 0.14249736, -7.32858229, 0.92812788, -0.36673236, 0.02232708, 0.05989629, 0.05614605, -0.15054998, 1.96841002, 0.00000000, 0.00000000, 0.00000000, 0.00000000
2, 1.8099, 178, 2.44431543, 0.89710289, 1.42081130, -99.27021790, 543.36511230, 288.36254883, 6.92779875, 67.84565735, 48.23151016, 39.55516434, -2.21893811, -11.80382919, 0.93652356, -0.33463946, 0.05291054, 0.09022525, -0.41359401, -0.06727070, 2.12554026, 0.00000000, 0.00000000, 0.00000000, 0.00000000
2, 1.8199, 179, 2.70236468, 1.06583893, 1.45759165, -94.21279144, 557.64465332, 317.36663818, 10.08477020, 68.28412628, 48.17304993, 35.99060822, -4.76779890, -16.37280655, 0.94240552, -0.29989308, 0.08311000, 0.12259182, -0.57103759, 0.13977569, 2.32990479, 0.00000000, 0.00000000, 0.00000000, 0.00000000
2, 1.8299, 180, 2.55746436, 1.24016988, 1.56556022, -96.88240814, 546.48858643, 339.49539185, 10.08477020, 68.28412628, 48.17304993, 32.45093155, -7.40655231, -20.79158401, 0.94569290, -0.26306650, 0.11131349, 0.15514666, -0.41469395, 0.34085977, 2.27898884, 0.00000000, 0.00000000, 0.00000000, 0.00000000
2, 1.8399, 181, 2.33617449, 1.25471914, 1.67332065, -110.05937958, 528.55352783, 338.20266724, 13.32943535, 67.64103699, 49.02075195, 29.01654816, -10.22564983, -24.86152267, 0.94646013, -0.22510177, 0.13796504, 0.18576390, -0.23584524, 0.38738555, 2.15480924, 0.00000000, 0.00000000, 0.00000000, 0.00000000
2, 1.8499, 182, 2.09521675, 1.29106510, 1.81368995, -145.53503418, 509.71121216, 310.99319458, 16.01870728, 67.58258057, 51.50540543, 24.28314972, -11.67644691, -26.98625565, 0.95070732, -0.18025835, 0.14552069, 0.20612210, -0.01375815, 0.45441616, 2.04257059, 0.00000000, 0.00000000, 0.00000000, 0.00000000
5, 1.8301, 183, 0.41069350, 0.89627349, -0.71873766, 113.16624451, 82.76749420, 87.99782562, -29.96199989, 80.12277222, -91.17217255, -57.52004242, -10.34972572, -22.38409042, 0.84804243, 0.48541504, -0.01544247, 0.21203271, 0.17438753, 0.02432185, 0.32004645, 0.00000000, 0.00000000, 0.00000000, 0.00000000
5, 1.8401, 184, 0.75668013, 0.75874186, -0.70850891, 115.58496857, 126.02049255, 117.00469971, -29.17275620, 81.05816650, -92.19526672, -55.76599503, -9.77377701, -23.67985535, 0.85378015, 0.47150341, -0.02190943, 0.21969104, -0.06137323, 0.14548212, 0.54277277, 0.00000000, 0.00000000, 0.00000000, 0.00000000
2, 1.8599, 183, 1.71391475, 1.26818609, 1.92540157, -185.12959290, 476.52719116, 256.46414185, 19.11721611, 66.53025055, 53.78544235, 20.99222565, -15.16241360, -29.43444061, 0.94880068, -0.14169584, 0.17134281, 0.22436890, 0.27792561, 0.47983941, 1.79735386, 0.00000000, 0.00000000, 0.00000000, 0.00000000
5, 1.8501, 185, 1.19332492, 0.69976580, -0.79798371, 124.31816864, 162.32531738, 148.25427246, -27.65273285, 80.73662567, -93.18912506, -53.72708893, -8.84006310, -25.21725082, 0.86038077, 0.45466596, -0.03125189, 0.22813872, -0.26701108, 0.19730933, 0.90072942, 0.00000000, 0.00000000, 0.00000000, 0.00000000
2, 1.8699, 184, 1.49963152, 1.35963023, 2.43365765, -252.28538513, 446.85321045, 184.60365295, 19.90645981, 66.09178162, 56.82548904, 17.63816452, -18.97627449, -30.66719437, 0.94664669, -0.10275899, 0.19708359, 0.23336408, 0.74771404, 0.52304035, 1.96663952, 0.00000000, 0.00000000, 0.00000000, 0.00000000
2, 1.8799, 185, 1.48684800, 1.77475941, 2.90474296, -348.95260620, 415.07791138, 108.70209503, 19.90645981, 66.09178162, 56.82548904, 13.78351021, -23.04543686, -30.32651520, 0.94516826, -0.06160929, 0.22216298, 0.23131150, 1.10566247, 0.89679861, 2.31636357, 0.00000000, 0.00000000, 0.00000000, 0.00000000
2, 1.8899, 186, 1.47383606, 2.43100643, 3.59465194, -495.51293945, 352.44262695, 15.14763069, 20.22800255, 64.83484650, 61.23940277, 8.73851299, -27.01657295, -27.60215759, 0.94576555, -0.01637749, 0.24385405, 0.21399656, 1.66484952, 1.47483301, 2.84370375, 0.00000000, 0.00000000, 0.00000000, 0.00000000
2, 1.8999, 187, 1.64111316, 2.80043316, 4.26353264, -624.47357178, 271.24069214, -6.59810305, 18.88336754, 63.31481934, 66.38409424, 6.46282434, -30.03147125, -24.75450516, 0.94503629, 0.00226703, 0.26433006, 0.19243452, 2.05809259, 1.77946770, 3.46129251, 0.00000000, 0.00000000, 0.00000000, 0.00000000
2, 1.9099, 188, 1.59881508, 3.42518163, 3.56046271, -702.88317871, 186.08607483, -14.93580151, 17.53873062, 60.12861633, 71.85033417, -1.36740279, -32.10871124, -18.80633736, 0.94748044, 0.05649260, 0.27094018, 0.16025302, 1.62237716, 2.59868503, 3.08323479, 0.00000000, 0.00000000, 0.00000000, 0.00000000
5, 1.8601, 186, 1.50605488, 0.65153325, -0.96951264, 141.18591309, 176.72782898, 189.44644165, -26.19117165, 81.73048401, -95.38146973, -51.30267334, -7.63394690, -26.78697968, 0.86830741, 0.43408591, -0.04167524, 0.23637885, -0.32392743, 0.24311391, 1.21260667, 0.00000000, 0.00000000, 0.00000000, 0.00000000
5, 1.8701, 187, 1.69457996, 0.66515028, -1.17609799, 152.55039978, 175.71183777, 231.05978394, -26.19117165, 81.73048401, -95.38146973, -42.22032166, -4.64293337, -29.50057983, 0.89769131, 0.35762808, -0.05508201, 0.25143310, -0.25783300, 0.20738792, 1.43286848, 0.00000000, 0.00000000, 0.00000000, 0.00000000
5, 1.8801, 188, 1.79198277, 0.75625670, -1.47063112, 163.92172241, 155.28298950, 267.30300903, -23.99883080, 81.40894318, -96.05378723, -39.20275879, -3.01802683, -30.43596268, 0.90638149, 0.33011013, -0.06409052, 0.25571927, -0.04199855, 0.05841405, 1.60601151, 0.00000000, 0.00000000, 0.00000000, 0.00000000
5, 1.8901, 189, 1.78404534, 0.87971616, -1.76684916, 176.32591248, 109.62102509, 283.33743286, -21.80648994, 80.64893341, -97.89534760, -35.98506927, -1.66504550, -30.98223114, 0.91524982, 0.30133101, -0.06917599, 0.25832564, 0.22400957, -0.07328071, 1.76372051, 0.00000000, 0.00000000, 0.00000000, 0.00000000
5, 1.9001, 190, 1.56649113, 1.00276172, -1.90292537, 193.83160400, 52.24558640, 285.55023193, -18.73721123, 80.67816162, -99.21075439, -32.60672760, -0.79537904, -31.19421577, 0.92389965, 0.27217034, -0.06905995, 0.25993001, 0.49671507, -0.22710845, 1.65998387, 0.00000000, 0.00000000, 0.00000000, 0.00000000
5, 1.9101, 191, 1.27218342, 1.05175316, -1.85487843, 209.65579224, -0.87816530, 289.98880005, -15.96024513, 79.94738007, -100.23384857, -29.05241013, -0.39194155, -31.13174629, 0.93229252, 0.24251026, -0.06411733, 0.26059273, 0.66486609, -0.33256280, 1.37561941, 0.00000000, 0.00000000, 0.00000000, 0.00000000
5, 1.9201, 192, 1.09994996, 1.17330980, -1.61900234, 227.43304443, -30.19557953, 314.19616699, -15.96024513, 79.94738007, -100.23384857, -26.02960968, -3.04083037, -29.00162888, 0.94144613, 0.22442505, -0.03134149, 0.24966067, 0.59917855, -0.53382707, 1.07216311, 0.00000000, 0.00000000, 0.00000000, 0.00000000
5, 1.9301, 193, 1.10873199, 1.52279043, -1.37392497, 242.47782898, -21.54289627, 359.21789551, -13.30020428, 78.71967316, -102.42619324, -21.73832703, -2.67950368, -28.64227486, 0.95019174, 0.18833680, -0.02438251, 0.24712437, 0.40498623, -0.96398926, 0.92163432, 0.00000000, 0.00000000, 0.00000000, 0.00000000
2, 1.9199, 189, 1.42584217, 4.14376163, 3.31183863, -726.63372803, 57.71337128, -34.73611450, 16.86641312, 55.97778320, 77.28733826, -9.51477337, -32.20136642, -12.08004665, 0.94973052, 0.10832176, 0.26645178, 0.12362035, 1.64895618, 3.47282720, 2.90216517, 0.00000000, 0.00000000, 0.00000000, 0.00000000
5, 1.9401, 194, 1.16650701, 1.96086836, -1.18308032, 250.31324768, 10.19734478, 406.28381348, -10.05553913, 77.08272552, -104.26775360, -17.06751251, -1.92732978, -28.17082787, 0.95845246, 0.14795785, -0.01997670, 0.24306023, 0.27074176, -1.49417853, 0.84580725, 0.00000000, 0.00000000, 0.00000000, 0.00000000
5, 1.9501, 195, 1.24079192, 2.18146133, -1.33118689, 263.46841431, 18.98074722, 437.10147095, -6.51856184, 74.10114288, -106.95703125, -12.08159065, -1.07665181, -27.58324051, 0.96549821, 0.10442530, -0.01601249, 0.23801738, 0.36863643, -1.77827024, 0.98909569, 0.00000000, 0.00000000, 0.00000000, 0.00000000
5, 1.9601, 196, 1.55818367, 1.94556499, -1.28083611, 280.85971069, -7.95832920, 454.18469238, -3.62467122, 72.43495941, -108.15550995, -6.82497120, -0.52775115, -26.88678360, 0.97080159, 0.05896113, -0.00936688, 0.23233643, 0.11718333, -1.63744879, 1.16400647, 0.00000000, 0.00000000, 0.00000000, 0.00000000
5, 1.9701, 197, 2.08448863, 1.64050615, -1.03548324, 291.47921753, -43.41633606, 480.61520386, -3.62467122, 72.43495941, -108.15550995, -6.84398127, 1.77907538, -26.00867844, 0.97270715, 0.05466440, -0.02852959, 0.22369358, -0.42046753, -1.43199301, 1.37773013, 0.00000000, 0.00000000, 0.00000000, 0.00000000
2, 1.9299, 190, 0.56442058, 4.10262871, 3.86002135, -730.48596191, -27.63126755, -10.61995506, 16.86641312, 55.97778320, 77.28733826, -17.47171974, -30.64299774, -5.70423365, 0.95009202, 0.15929528, 0.25355735, 0.08751518, 2.62497139, 3.43852520, 2.60280848, 0.00000000, 0.00000000, 0.00000000, 0.00000000
5, 1.9801, 198, 2.21454215, 1.92264187, -0.94230390, 286.66357422, -67.42085266, 519.27508545, 1.14001751, 68.48874664, -109.79245758, -0.95898378, 1.76709771, -24.80979729, 0.97653139, 0.00485983, -0.01685721, 0.21465966, -0.52217132, -1.74994826, 1.43593526, 0.00000000, 0.00000000, 0.00000000, 0.00000000
2, 1.9399, 191, -0.58041775, 4.16530037, 4.50703764, -794.80175781, -5.02419996, 35.99105453, 16.72025681, 51.03770828, 81.26278687, -25.93370819, -28.37722397, 0.46275097, 0.94498646, 0.21657574, 0.23974076, 0.05118492, 3.89114618, 3.49034309, 2.17445207, 0.00000000, 0.00000000, 0.00000000, 0.00000000
5, 1.9901, 199, 1.88866353, 2.83980656, -0.82052749, 295.39245605, -98.18973541, 564.57678223, 3.65390229, 64.07482910, -112.62788391, 5.35438013, 1.36537719, -23.38380814, 0.97800052, -0.04814828, -0.00219012, 0.20295832, -0.33009285, -2.78236270, 1.17482507, 0.00000000, 0.00000000, 0.00000000, 0.00000000
5, 2.0001, 200, 1.05315399, 3.50482488, -0.27289188, 306.00714111, -140.48922729, 545.57440186, 7.16164875, 58.87167358, -114.61560822, 11.60738087, 0.40189862, -22.24781799, 0.97610831, -0.09989310, 0.01608548, 0.19228926, -0.16183570, -3.61406708, 0.24493843, 0.00000000, 0.00000000, 0.00000000, 0.00000000
5, 2.0101, 201, -0.02842152, 3.40935516, 0.86139673, 304.50900269, -171.75862122, 470.08184814, 7.62934828, 52.93773651, -116.66179657, 17.28472519, -0.94443077, -21.75095940, 0.97108984, -0.14602512, 0.03635225, 0.18531030, -0.35248929, -3.74616289, -1.29412174, 0.00000000, 0.00000000, 0.00000000, 0.00000000
2, 1.9499, 192, -1.25407112, 4.63315678, 4.15886450, -888.15075684, 84.20915222, 34.01143646, 16.92487526, 44.84069061, 85.76439667, -25.23735809, -33.50904465, 2.24841714, 0.93547535, 0.20362784, 0.28535882, 0.04463091, 4.15109730, 4.11018324, 1.54371333, 0.00000000, 0.00000000, 0.00000000, 0.00000000
5, 2.0201, 202, -1.35466075, 3.76734686, 2.45693731, 302.28381348, -138.82151794, 380.00491333, 7.62934828, 52.93773651, -116.66179657, 15.03648376, -0.81833553, -24.24164772, 0.96947348, -0.12643510, 0.03439470, 0.20724991, -0.69093347, -4.33717632, -3.28699493, 0.00000000, 0.00000000, 0.00000000, 0.00000000
2, 1.9599, 193, -1.49129617, 5.55413294, 2.84020662, -983.70098877, 145.68161011, -21.64799881, 16.69102669, 37.44519043, 88.71675110, -36.20079041, -30.96613121, 10.67313671, 0.91976225, 0.27451062, 0.28048983, -0.00261691, 3.41673470, 5.30459690, 0.69425237, 0.00000000, 0.00000000, 0.00000000, 0.00000000
5, 2.0301, 203, -2.75482535, 4.60770226, 3.46799397, 304.18493652, -43.26790619, 215.19956970, 8.44782257, 48.81613541, -118.24028015, 18.68489265, -0.73051292, -25.15964127, 0.96325362, -0.15706448, 0.04149503, 0.21389611, -0.47220558, -5.26502705, -4.95165491, 0.00000000, 0.00000000, 0.00000000, 0.00000000
5, 2.0401, 204, -3.32492352, 3.21567130, 4.04910231, 244.10704041, 33.02865601, 55.56140900, 8.94475269, 45.89301300, -118.85413361, 20.66353035, 0.15388355, -26.46565247, 0.95760822, -0.17488781, 0.03976813, 0.22543120, -0.65136540, -3.98947597, -5.84575653, 0.00000000, 0.00000000, 0.00000000, 0.00000000
2, 1.9699, 194, -1.72556245, 6.68078995, 1.12233210, -1075.51721191, 99.59476471, -138.26593018, 15.60947037, 27.88658333, 90.09061432, -46.42048645, -25.99762154, 19.21307945, 0.89774942, 0.34412345, 0.26791063, -0.06204093, 2.52524924, 6.90663195, -0.35626709, 0.00000000, 0.00000000, 0.00000000, 0.00000000
5, 2.0501, 205, -3.07786989, 0.33985612, 4.53064346, 99.72427368, 85.13721466, -57.92465210, 9.20783424, 44.51914597, -118.79566956, 20.78688431, 1.31007898, -27.30239487, 0.95525694, -0.17795253, 0.03164793, 0.23412704, -1.40218949, -1.19952905, -6.16822386, 0.00000000, 0.00000000, 0.00000000, 0.00000000
2, 1.9799, 195, -1.84239280, 7.99295616, -1.75721920, -1146.18676758, -16.11120987, -280.41824341, 15.60947037, 27.88658333, 90.09061432, -54.62012482, -18.12518311, 26.74170494, 0.87037289, 0.40843153, 0.24093829, -0.13260269, 0.77151191, 8.91464138, -2.02990890, 0.00000000, 0.00000000, 0.00000000, 0.00000000
2, 1.9899, 196, -3.15432978, 8.10676575, -5.20223379, -1016.71124268, -56.14595032, -346.16601562, 16.31101990, 16.92487526, 89.50598907, -59.93672180, -9.78175163, 32.44312668, 0.84068125, 0.45725572, 0.20995332, -0.20022939, -0.78060305, 9.82805061, -5.14121246, 0.00000000, 0.00000000, 0.00000000, 0.00000000
5, 2.0601, 206, -3.81333852, -1.05100393, 3.74060965, -69.46031952, 127.41289520, -199.66906738, 9.61707115, 45.16223145, -118.12335205, 18.70114136, 2.57981014, -27.74083519, 0.95682108, -0.16302189, 0.01737530, 0.24003235, -0.42399552, 0.29176530, -6.32918072, 0.00000000, 0.00000000, 0.00000000, 0.00000000
2, 1.9999, 197, -2.78328347, 8.14067554, -7.73743868, -690.45922852, 150.15319824, -234.39936829, 17.18795586, 7.95089149, 87.48903656, -63.87080002, -1.86682320, 36.62508011, 0.80826759, 0.49776390, 0.17930269, -0.25842839, -2.78047323, 10.43339157, -6.41416454, 0.00000000, 0.00000000, 0.00000000, 0.00000000
2, 2.0099, 198, -0.44639844, 8.12917519, -7.82535505, -356.79565430, 298.19403076, -10.09217739, 16.72025681, 2.63080978, 85.55977631, -66.65276337, -0.93863672, 40.30399323, 0.78592765, 0.51339865, 0.19569604, -0.28362393, -4.28519773, 10.47063065, -4.64515972, 0.00000000, 0.00000000, 0.00000000, 0.00000000
2, 2.0199, 199, 0.47761872, 8.12418556, -7.82886219, 12.90764046, 297.42315674, 143.56108093, 12.97866154, 0.32154340, 85.12130737, -68.15521240, -3.24208236, 42.19287109, 0.77816087, 0.51411760, 0.22345886, -0.28322226, -4.90836811, 10.48028564, -3.91204047, 0.00000000, 0.00000000, 0.00000000, 0.00000000
5, 2.0701, 207, -3.82643247, -0.83362699, 2.82027912, -203.34663391, 154.27755737, -358.72219849, 9.61707115, 45.16223145, -118.12335205, 19.62624359, 4.00376320, -23.30088043, 0.96327698, -0.17377293, 0.00068463, 0.20469514, 0.32356662, 0.21398045, -5.74291039, 0.00000000, 0.00000000, 0.00000000, 0.00000000
2, 2.0299, 200, 0.83448011, 7.99788094, -7.83215666, 425.95141602, 193.51861572, 240.04067993, 12.97866154, 0.32154340, 85.12130737, -67.39935303, -8.42077827, 41.60213089, 0.79009706, 0.49558336, 0.25360537, -0.25657031, -5.23421001, 10.35312939, -3.65521049, 0.00000000, 0.00000000, 0.00000000, 0.00000000
5, 2.0801, 208, -2.35693479, -1.28414702, 1.71933746, -325.41723633, 182.19915771, -523.50878906, 9.73399544, 48.55305481, -116.45717621, 13.34666157, 5.46609020, -23.91763687, 0.96941531, -0.12337027, -0.02227964, 0.21099141, 0.19696769, 0.81328213, -3.95333815, 0.00000000, 0.00000000, 0.00000000, 0.00000000
2, 2.0399, 201, -0.06480396, 5.99217987, -5.80189180, 755.93035889, 96.82763672, 321.19415283, 10.08477020, 4.61853266, 87.72288513, -64.38094330, -15.76574993, 38.57145691, 0.81537461, 0.45975417, 0.28384173, -0.20790435, -3.56505013, 7.94107246, -3.34222937, 0.00000000, 0.00000000, 0.00000000, 0.00000000
2, 2.0499, 202, -1.91044641, 1.37562382, 2.20736957, 883.08215332, 138.91926575, 431.72137451, 8.94475269, 11.57556248, 89.35983276, -58.98654556, -31.67366028, 34.17377090, 0.83988976, 0.38293532, 0.36621386, -0.11761531, 2.71074486, 1.70096695, -0.30219084, 0.00000000, 0.00000000, 0.00000000, 0.00000000
5, 2.0901, 209, -0.93547612, -1.53344500, 0.42687544, -399.23236084, 123.65590668, -625.10778809, 8.50628471, 52.49926758, -114.41098785, 5.82397938, 6.16653347, -24.86774254, 0.97328413, -0.06110465, -0.04153532, 0.21739170, 0.25473168, 1.32552207, -2.08076715, 0.00000000, 0.00000000, 0.00000000, 0.00000000
2, 2.0599, 203, -3.56181240, -2.95969176, 7.40885162, 803.65319824, 450.61990356, 694.98803711, 5.29085064, 20.54954720, 90.00292206, -57.08827591, -42.67481995, 29.88047600, 0.83539921, 0.34763110, 0.42357406, -0.04296282, 6.74723053, -3.75464725, 1.18654859, 0.00000000, 0.00000000, 0.00000000, 0.00000000
2, 2.0699, 204, -4.85901356, -6.14818525, 7.85729218, 473.77630615, 877.30029297, 861.70837402, -1.19848001, 26.89272118, 87.66442108, -62.68860245, -54.92904663, 30.94276619, 0.79433870, 0.33975556, 0.50273985, 0.02906409, 7.27716494, -7.07822418, 0.16176791, 0.00000000, 0.00000000, 0.00000000, 0.00000000
2, 2.0799, 205, -4.27812147, -6.09858656, 7.85590982, 177.43716431, 1083.69116211, 872.45556641, -1.19848001, 26.89272118, 87.66442108, -79.68524933, -65.70541382, 42.30889893, 0.72697133, 0.35163039, 0.58268493, 0.09136242, 6.79409981, -7.13345623, 0.78580356, 0.00000000, 0.00000000, 0.00000000, 0.00000000
5, 2.1001, 210, 1.38885868, -1.17200649, -0.99898022, -438.17059326, 50.85314941, -690.91351318, 5.84624386, 60.09938431, -112.33557129, -2.41073489, 5.93579531, -26.00385475, 0.97308540, 0.00882300, -0.05516426, 0.22357103, -0.13374445, 1.26395249, 0.62356108, 0.00000000, 0.00000000, 0.00000000, 0.00000000
2, 2.0899, 206, -2.93878055, -3.43959975, 7.08983040, 1.14995587, 694.20410156, 519.91833496, -9.17860222, 34.40514374, 82.72434998, -98.60052490, -70.06824493, 57.35016251, 0.67729342, 0.36501014, 0.62630463, 0.12563390, 5.71573591, -4.46273518, 1.83000731, 0.00000000, 0.00000000, 0.00000000, 0.00000000
2, 2.0999, 207, -3.15625548, -2.90206933, 5.60929394, -98.96252441, -114.95749664, -100.63571167, -11.19555664, 36.10055542, 81.46740723, -91.48091125, -66.26657867, 49.51418686, 0.69464850, 0.38486522, 0.59756130, 0.11073703, 4.83971310, -3.63383436, 0.82540679, 0.00000000, 0.00000000, 0.00000000, 0.00000000
2, 2.1099, 208, -3.35412812, -3.31402326, 6.24296713, -185.54785156, -599.86303711, -542.35479736, -9.23706532, 33.61590195, 84.77053070, -79.18435669, -60.22838974, 39.98923874, 0.73574716, 0.38586748, 0.55183160, 0.07255664, 5.41970778, -4.06907082, 0.92709535, 0.00000000, 0.00000000, 0.00000000, 0.00000000
5, 2.1101, 211, 6.54654169, -0.14188789, -2.00069499, -385.48336792, 94.13237762, -506.75643921, 1.69541073, 65.12715149, -109.44168091, -8.86960220, 6.27954912, -26.45288467, 0.97007096, 0.06266613, -0.07082472, 0.22364974, -2.62378025, 0.48224425, 5.28285027, 0.00000000, 0.00000000, 0.00000000, 0.00000000
2, 2.1199, 209, -2.09237385, -3.09047151, 5.33314037, -277.86462402, -644.38037109, -681.30261230, -9.23706532, 33.61590195, 84.77053070, -70.67388153, -51.90101242, 34.91950607, 0.77565724, 0.38900107, 0.49656621, 0.02135646, 4.02723646, -3.57017469, 1.22456121, 0.00000000, 0.00000000, 0.00000000, 0.00000000
5, 2.1201, 212, 6.41407347, 2.86535597, -2.96197200, -211.40322876, 399.00796509, 142.60617065, 1.69541073, 65.12715149, -109.44168091, -12.90986347, 8.00685596, -26.64670563, 0.96636558, 0.09314198, -0.09335027, 0.22078905, -1.51439035, -2.33993292, 6.02965355, 0.00000000, 0.00000000, 0.00000000, 0.00000000
2, 2.1299, 210, -0.29670972, -1.62191677, 2.47445655, -348.74920654, -492.90530396, -642.40032959, -3.97544575, 28.58813095, 87.25518799, -66.73833466, -43.74536896, 34.06248093, 0.80105406, 0.39692417, 0.44698790, -0.03107429, 1.05397630, -1.45978045, 0.87457138, 0.00000000, 0.00000000, 0.00000000, 0.00000000
5, 2.1301, 213, 4.84749699, 4.38147688, -4.92332792, -36.11743927, 412.03189087, 52.59911728, 3.80005836, 67.37796021, -106.13855743, -13.22181797, 12.12490654, -27.27619743, 0.96281093, 0.08651790, -0.12894580, 0.22109467, 1.15987682, -3.58589387, 6.21961784, 0.00000000, 0.00000000, 0.00000000, 0.00000000
2, 2.1399, 211, 1.58230042, -0.23873948, -0.44546914, -331.06771851, -413.45153809, -511.91894531, -0.76001167, 22.91727448, 88.54135895, -64.34505463, -36.74803162, 33.91595078, 0.81732315, 0.40553015, 0.40260297, -0.07375097, -2.02909470, 0.56004041, 0.56370157, 0.00000000, 0.00000000, 0.00000000, 0.00000000
2, 2.1499, 212, 0.89618099, 0.29651555, -1.74052608, -247.93211365, -378.38961792, -369.41815186, 4.15083313, 18.82490540, 89.82753754, -64.18563843, -25.24307823, 35.38508224, 0.82289493, 0.43767178, 0.33392593, -0.14064476, -2.35504746, 1.40664661, -0.76478934, 0.00000000, 0.00000000, 0.00000000, 0.00000000
2, 2.1599, 213, -0.04775501, 0.59273392, -2.19235659, -178.36346436, -279.46499634, -225.73893738, 7.07395506, 15.90178299, 89.38906860, -62.96016693, -21.39827728, 34.70424652, 0.82877278, 0.44255131, 0.30415806, -0.15739101, -1.89397168, 1.85355592, -1.76525962, 0.00000000, 0.00000000, 0.00000000, 0.00000000
2, 2.1699, 214, -0.69097662, 0.93749309, -2.41129494, -114.41481018, -153.00625610, -94.03134155, 7.07395506, 15.90178299, 89.38906860, -62.61903763, -19.31491089, 34.28289413, 0.83054519, 0.44729722, 0.28795063, -0.16493745, -1.54109395, 2.24662805, -2.36488461, 0.00000000, 0.00000000, 0.00000000, 0.00000000
5, 2.1401, 214, 5.25341129, 0.08481800, -5.10518360, 62.86623764, 187.54321289, -63.88277054, 4.61853266, 66.76410675, -103.59543610, -13.78483391, 13.62598324, -28.73056221, 0.95847386, 0.08621287, -0.14365295, 0.23077959, 0.71060449, 0.71503747, 6.34796572, 0.00000000, 0.00000000, 0.00000000, 0.00000000
2, 2.1799, 215, -1.21744120, 1.26939774, -2.20425987, -51.08953094, -53.15526962, -1.30835152, 9.00321579, 13.47559166, 90.00292206, -62.77443314, -18.66195679, 34.02395630, 0.83021843, 0.45094484, 0.28271550, -0.16570473, -0.97427285, 2.53506327, -2.59250998, 0.00000000, 0.00000000, 0.00000000, 0.00000000
2, 2.1899, 216, -1.98825598, 1.22527051, -1.07815206, -18.91286659, 44.69420624, 52.85674667, 9.47091484, 14.08944702, 89.65214539, -63.42190170, -19.03490639, 34.21426773, 0.82744670, 0.45408568, 0.28693169, -0.16373265, 0.35724890, 2.26437521, -2.46198297, 0.00000000, 0.00000000, 0.00000000, 0.00000000
2, 2.1999, 217, -2.61021638, 0.99681222, 0.46270674, -36.55290222, 166.64337158, 81.62648773, 8.24320412, 14.14791012, 89.41829681, -69.43204498, -31.78382111, 38.39445496, 0.79788494, 0.44327337, 0.39267173, -0.11268225, 1.81292212, 1.71560919, -1.94146848, 0.00000000, 0.00000000, 0.00000000, 0.00000000
5, 2.1501, 215, 5.70324850, -1.20190012, -5.08774185, 118.01005554, -14.25916862, 97.10308838, 4.88161373, 66.64717865, -103.33235931, -12.33609581, 13.52984047, -28.99340439, 0.95902419, 0.07398336, -0.14009418, 0.23488876, 0.30615646, 1.98033142, 6.58681774, 0.00000000, 0.00000000, 0.00000000, 0.00000000
2, 2.2099, 218, -2.55730820, 1.14409494, 1.08179903, -89.52290344, 258.76861572, 62.93913651, 6.05086231, 13.38789845, 88.62905121, -72.30461121, -32.63053131, 41.05258179, 0.78384602, 0.45069602, 0.41095278, -0.11651744, 2.10914397, 1.69767189, -1.37675977, 0.00000000, 0.00000000, 0.00000000, 0.00000000
5, 2.1601, 216, 4.26592779, -1.22644079, -3.78418827, 144.92362976, -235.58441162, 214.25538635, 5.84624386, 65.33177185, -105.26161957, -9.39140606, 11.54570675, -28.14898872, 0.96382439, 0.05462505, -0.11704481, 0.23315069, 0.22289667, 1.81949365, 4.63761568, 0.00000000, 0.00000000, 0.00000000, 0.00000000
5, 2.1701, 217, 2.54153514, -0.96173620, -2.12667394, 158.90538025, -370.25460815, 277.37902832, 6.54779291, 63.49020767, -108.94475555, -0.58507615, 7.73345470, -27.79412651, 0.96858913, -0.01125142, -0.06668459, 0.23929414, 0.05199128, 1.29297650, 2.25637507, 0.00000000, 0.00000000, 0.00000000, 0.00000000
2, 2.2199, 219, -1.46002066, 1.38562167, 0.55581480, -120.37234497, 253.50804138, -7.92393017, 6.05086231, 13.38789845, 88.62905121, -75.07509613, -32.72714233, 44.10910416, 0.76961583, 0.45793965, 0.42656457, -0.12659188, 1.03691459, 2.05116963, -0.80290335, 0.00000000, 0.00000000, 0.00000000, 0.00000000
5, 2.1801, 218, 1.40840161, -0.53000844, -0.53948247, 185.94093323, -386.14453125, 293.25332642, 6.54779291, 63.49020767, -108.94475555, 3.24067426, 4.20919323, -27.12757874, 0.97082174, -0.03607858, -0.02905821, 0.23528528, -0.45045677, 0.55518371, 0.38843581, 0.00000000, 0.00000000, 0.00000000, 0.00000000
2, 2.2299, 220, -0.64346665, 1.27226520, 0.16157679, -67.97518921, 127.69094849, -54.90604019, 3.50774622, 12.33557415, 88.13212585, -76.26015472, -32.38867188, 45.87905502, 0.76277816, 0.46055037, 0.43314067, -0.13583836, 0.19877516, 2.03016686, -0.42189243, 0.00000000, 0.00000000, 0.00000000, 0.00000000
5, 2.1901, 219, 0.47885486, -0.48873869, 0.62398398, 193.48159790, -285.44253540, 250.60314941, 6.69394922, 60.59631729, -112.24787903, 6.64169264, 1.63374412, -27.00426292, 0.97043699, -0.05964354, -0.00031574, 0.23386875, -0.78124529, 0.32177094, -1.06505322, 0.00000000, 0.00000000, 0.00000000, 0.00000000
2, 2.2399, 221, -0.54640770, 0.89597166, 0.28127956, 3.59782028, 19.48566818, -70.44523621, 2.89389062, 11.54633141, 87.16749573, -76.00770569, -32.08508301, 46.37506104, 0.76310742, 0.45819694, 0.43315732, -0.14176571, 0.17099643, 1.64109588, -0.31953990, 0.00000000, 0.00000000, 0.00000000, 0.00000000
2, 2.2499, 222, -0.36742014, 0.41835707, 0.56280416, 40.79779053, -12.02400112, -89.58640289, 3.06927800, 11.66325665, 87.57672882, -67.14066315, -40.62503433, 33.90757751, 0.80340815, 0.41169360, 0.42788583, -0.04424196, 0.16293399, 1.08541512, -0.09776437, 0.00000000, 0.00000000, 0.00000000, 0.00000000
5, 2.2001, 220, -0.35359848, -0.54247546, 1.21763659, 169.57283020, -160.13737488, 203.41906738, 6.92779875, 57.96550751, -114.03098297, 9.41544247, 0.26451609, -27.06584549, 0.96890879, -0.08033223, 0.01696864, 0.23339811, -0.72845733, 0.25699157, -2.08005548, 0.00000000, 0.00000000, 0.00000000, 0.00000000
5, 2.2101, 221, -0.71486163, -0.38150063, 1.36373639, 128.21714783, -101.28266907, 154.64535522, 7.39549828, 56.03624725, -115.58023834, 11.50310707, -0.57181954, -27.13093758, 0.96731418, -0.09625351, 0.02833218, 0.23288640, -0.60925817, 0.04019652, -2.43121958, 0.00000000, 0.00000000, 0.00000000, 0.00000000
2, 2.2599, 223, 0.10018660, -0.06964572, 0.69770008, 52.87839890, -2.69500780, -103.79846191, 3.88775206, 11.72171879, 87.45980835, -66.25509644, -40.45879745, 34.26857758, 0.80659509, 0.40472206, 0.42779830, -0.05092272, -0.20634714, 0.48652321, 0.20832609, 0.00000000, 0.00000000, 0.00000000, 0.00000000
2, 2.2699, 224, 0.66692579, -0.40477312, 0.68097121, 55.48534393, 16.06034470, -112.81622314, 3.88775206, 11.72171879, 87.45980835, -65.47721863, -40.36767960, 34.88111877, 0.80912399, 0.39727670, 0.42901641, -0.05860519, -0.63762790, 0.15871760, 0.57354307, 0.00000000, 0.00000000, 0.00000000, 0.00000000
2, 2.2799, 225, 1.27452290, -0.60636008, 0.61694062, 53.31133270, 18.80916214, -126.69000244, 3.91698337, 11.40017509, 88.10289001, -64.69274902, -40.21421051, 35.61600113, 0.81157857, 0.38953140, 0.43017262, -0.06750536, -1.10975683, -0.02848916, 0.95813912, 0.00000000, 0.00000000, 0.00000000, 0.00000000
2, 2.2899, 226, 1.75637794, -0.78216207, 0.62126231, 58.65407562, -1.09680784, -134.25280762, 3.82928967, 12.30634308, 88.36597443, -63.66140747, -39.96055222, 36.15999222, 0.81497586, 0.38109663, 0.42980194, -0.07648525, -1.44400609, -0.20453025, 1.29166281, 0.00000000, 0.00000000, 0.00000000, 0.00000000
5, 2.2201, 222, -0.73403627, -0.03183604, 1.42478800, 74.32278442, -72.18527222, 97.40019989, 6.78164291, 54.77930450, -116.22332764, 13.45403290, 4.01987743, -26.48573494, 0.96517050, -0.12193299, -0.00708755, 0.23136121, -0.60300148, -0.34398681, -2.45301056, 0.00000000, 0.00000000, 0.00000000, 0.00000000
5, 2.2301, 223, -0.59285098, 0.32510939, 1.44955397, 12.97709370, -26.17960358, 63.15639496, 6.78164291, 54.77930450, -116.22332764, 14.05722809, 3.75761318, -26.21394348, 0.96520001, -0.12649199, -0.00395764, 0.22885191, -0.62155437, -0.72375959, -2.32874870, 0.00000000, 0.00000000, 0.00000000, 0.00000000
5, 2.2401, 224, -0.21872741, 1.00969148, 1.48982012, -33.01497269, 12.26464653, 49.91875076, 7.54165459, 54.42852783, -116.63256073, 14.25062084, 3.79151487, -25.62256050, 0.96613580, -0.12816449, -0.00451894, 0.22390875, -0.83696991, -1.41426420, -2.01852131, 0.00000000, 0.00000000, 0.00000000, 0.00000000
