SensorId, TimeStamp (s), FrameNumber, AccX (g), AccY (g), AccZ (g), GyroX (deg/s), GyroY (deg/s), GyroZ (deg/s), MagX (uT), MagY (uT), MagZ (uT), EulerX (deg), EulerY (deg), EulerZ (deg), QuatW, QuatX, QuatY, QuatZ, LinAccX (g), LinAccY (g), LinAccZ (g), Pressure (kPa), Altitude (m), Temperature (degC), HeaveMotion (m)
2, 0.0000, 0, 0.65094042, -0.08221532, 0.15941250, -33.36140060, 28.58606720, 50.55060196, 49.31306458, 39.37445068, 44.31452560, -165.66514587, 34.94302368, 99.87355042, 0.15138088, -0.63781142, -0.70021188, 0.28281400, 0.21377522, 0.02109914, 0.25163972, 0.00000000, 0.00000000, 0.00000000, 0.00000000
5, 0.0000, 0, -0.13482557, -0.54842508, -0.40342507, 17.83923149, -2.21472073, 28.36816597, -11.22478771, 12.74481106, -125.13884735, 110.21588898, 0.93390471, 8.62139511, 0.57089776, -0.81753314, -0.06629926, -0.03632955, 0.01761748, -0.28208852, 0.11948301, 0.00000000, 0.00000000, 0.00000000, 0.00000000
5, 0.0100, 1, -0.16301316, -0.54766357, -0.37014964, 18.23410416, -9.90519810, 28.19735909, -11.22478771, 12.74481106, -125.13884735, 110.51508331, 0.79112548, 8.73853779, 0.56865138, -0.81901443, -0.06652371, -0.03775898, 0.02581420, -0.30694723, 0.09123056, 0.00000000, 0.00000000, 0.00000000, 0.00000000
5, 0.0200, 2, -0.18987660, -0.57268226, -0.34577206, 18.01576996, -12.70065689, 27.02936363, -11.19555664, 12.13095570, -125.75270081, 111.93143463, 0.36393890, 8.59001064, 0.55831164, -0.82623816, -0.06383526, -0.03929136, 0.02272294, -0.30691972, 0.05684161, 0.00000000, 0.00000000, 0.00000000, 0.00000000
5, 0.0300, 3, -0.19395667, -0.59116936, -0.33731648, 17.72664261, -11.01385689, 26.30210114, -11.22478771, 12.24788094, -125.08038330, 112.22341156, 0.22532730, 8.68245411, 0.55609858, -0.82765985, -0.06393051, -0.04057865, 0.00800615, -0.29490781, 0.05698335, 0.00000000, 0.00000000, 0.00000000, 0.00000000
2, 0.0100, 1, 0.65198475, -0.05993615, 0.14568953, -37.90024567, 28.26418686, 48.25374222, 50.16077042, 39.34521866, 44.40222168, -165.19006348, 34.47826004, 100.44049072, 0.14709710, -0.63535148, -0.70342469, 0.28263873, 0.19409651, 0.05028952, 0.26222706, 0.00000000, 0.00000000, 0.00000000, 0.00000000
5, 0.0400, 4, -0.19851011, -0.57693017, -0.35712647, 17.01205826, -7.86175203, 26.05333519, -11.75094986, 11.16632557, -124.64191437, 112.49378967, 0.09504429, 8.79687595, 0.55403197, -0.82895505, -0.06422406, -0.04192358, 0.02339371, -0.28638718, 0.07755044, 0.00000000, 0.00000000, 0.00000000, 0.00000000
5, 0.0500, 5, -0.20630336, -0.55614591, -0.36525440, 15.68323803, -5.33059835, 26.06047249, -11.75094986, 12.30634308, -125.43115997, 112.74142456, -0.03455650, 8.92831612, 0.55211782, -0.83012497, -0.06464223, -0.04335695, 0.04015739, -0.29121476, 0.09409494, 0.00000000, 0.00000000, 0.00000000, 0.00000000
5, 0.0600, 6, -0.23413782, -0.57996798, -0.37000808, 13.13819695, -1.55753911, 29.05708694, -11.75094986, 12.30634308, -125.43115997, 112.96168518, -0.18887648, 9.09991932, 0.55036604, -0.83114475, -0.06522869, -0.04517614, 0.05056276, -0.27112934, 0.06855773, 0.00000000, 0.00000000, 0.00000000, 0.00000000
5, 0.0700, 7, -0.25056544, -0.63791728, -0.37116221, 7.99154091, 2.99194860, 33.61255646, -12.13095570, 12.45249939, -124.70037842, 113.90211487, -0.89865685, 9.25379944, 0.54303133, -0.83579260, -0.06335045, -0.05054270, 0.03146537, -0.23155344, 0.02907757, 0.00000000, 0.00000000, 0.00000000, 0.00000000
5, 0.0800, 8, -0.24707755, -0.62989938, -0.40138805, 4.64846802, 8.04721928, 36.59731293, -11.57556248, 12.24788094, -124.64191437, 114.03300476, -1.13016593, 9.51953220, 0.54180747, -0.83633935, -0.06425032, -0.05341518, 0.03319424, -0.20772436, 0.06266373, 0.00000000, 0.00000000, 0.00000000, 0.00000000
5, 0.0900, 9, -0.24124712, -0.58923995, -0.41348028, 3.84231949, 7.47401428, 38.43415451, -11.75094986, 11.60479355, -124.75884247, 114.16579437, -1.38272655, 9.78748035, 0.54054081, -0.83689594, -0.06507406, -0.05644737, 0.04782231, -0.22248696, 0.09973170, 0.00000000, 0.00000000, 0.00000000, 0.00000000
5, 0.1000, 10, -0.22454895, -0.52530742, -0.42557272, 5.58905697, 5.94557858, 39.61984253, -12.18941784, 11.86787510, -124.49575806, 114.32305908, -1.64046538, 10.05260181, 0.53907835, -0.83756602, -0.06587218, -0.05948674, 0.06450493, -0.25156742, 0.15814652, 0.00000000, 0.00000000, 0.00000000, 0.00000000
5, 0.1100, 11, -0.20081896, -0.47871703, -0.44860160, 9.58518314, 0.90357172, 41.42924118, -12.62788677, 11.89710617, -125.02191925, 114.54222870, -1.90715683, 10.29439449, 0.53715396, -0.83853704, -0.06649937, -0.06244256, 0.07136817, -0.26093751, 0.21606673, 0.00000000, 0.00000000, 0.00000000, 0.00000000
5, 0.1200, 12, -0.18813859, -0.46906507, -0.45003170, 13.60966873, -8.44048786, 41.06766129, -12.62788677, 11.89710617, -125.02191925, 113.26282501, -3.16190648, 11.57537937, 0.54468763, -0.83210611, -0.06908908, -0.07836837, 0.05727120, -0.26633957, 0.22825494, 0.00000000, 0.00000000, 0.00000000, 0.00000000
2, 0.0200, 2, 0.68162262, -0.06133306, 0.11627248, -39.85437775, 30.85720444, 46.38283539, 50.16077042, 38.99444580, 45.45454407, -165.56776428, 33.90586472, 100.68766022, 0.14603035, -0.63381052, -0.70722449, 0.27711549, 0.18071020, 0.08168828, 0.23421109, 0.00000000, 0.00000000, 0.00000000, 0.00000000
5, 0.1300, 13, -0.18908207, -0.49929062, -0.43009493, 16.40370369, -16.42962265, 38.94885254, -13.30020428, 11.75094986, -124.70037842, 113.61005402, -3.42481160, 11.68311501, 0.54185879, -0.83376014, -0.06885540, -0.08057380, 0.01890938, -0.26850989, 0.18491262, 0.00000000, 0.00000000, 0.00000000, 0.00000000
5, 0.1400, 14, -0.20254558, -0.57039917, -0.42137480, 17.52306175, -19.48177910, 38.07317352, -13.18327999, 11.07863140, -124.58345032, 113.97859192, -3.68541980, 11.76228333, 0.53888541, -0.83551860, -0.06845344, -0.08261663, -0.01148253, -0.22838834, 0.13358898, 0.00000000, 0.00000000, 0.00000000, 0.00000000
5, 0.1500, 15, -0.22098081, -0.62952518, -0.41513458, 17.42714500, -18.82870865, 38.40543365, -13.91405964, 11.07863140, -124.87576294, 114.34379578, -3.94755793, 11.84665108, 0.53591967, -0.83724523, -0.06809334, -0.08469950, -0.03137696, -0.19368161, 0.08806945, 0.00000000, 0.00000000, 0.00000000, 0.00000000
5, 0.1600, 16, -0.24539767, -0.64680827, -0.41248047, 16.63944817, -15.42534637, 38.54915619, -14.35252857, 10.69862556, -125.05115509, 114.68507385, -4.20496702, 11.95633888, 0.53310293, -0.83883095, -0.06793639, -0.08688211, -0.02544107, -0.18221517, 0.06672359, 0.00000000, 0.00000000, 0.00000000, 0.00000000
5, 0.1700, 17, -0.25534505, -0.62253940, -0.41743425, 15.88819981, -10.42333031, 39.58930206, -14.35252857, 10.69862556, -125.05115509, 114.98403168, -4.56552076, 12.11951447, 0.53044444, -0.84019852, -0.06766824, -0.09009034, -0.00915063, -0.19075201, 0.08334164, 0.00000000, 0.00000000, 0.00000000, 0.00000000
5, 0.1800, 18, -0.25230303, -0.64306641, -0.42173851, 13.98381519, -8.42726421, 41.37868118, -14.06021595, 9.88015175, -124.61268616, 115.27536774, -4.83933353, 12.29207325, 0.52790254, -0.84149569, -0.06788478, -0.09271289, -0.02558088, -0.17206329, 0.07880167, 0.00000000, 0.00000000, 0.00000000, 0.00000000
5, 0.1900, 19, -0.22366464, -0.63659418, -0.42291972, 8.57459927, -2.40260053, 40.94266891, -13.94329166, 9.06167793, -124.90499878, 115.48978424, -5.12165451, 12.49757957, 0.52587682, -0.84241152, -0.06825324, -0.09559241, -0.04997190, -0.17295308, 0.10428700, 0.00000000, 0.00000000, 0.00000000, 0.00000000
5, 0.2000, 20, -0.19973072, -0.58551431, -0.42095444, 7.44176006, 1.11866820, 38.93789291, -13.62174797, 9.58784008, -124.72960663, 115.66873169, -5.38451767, 12.71876144, 0.52410489, -0.84314477, -0.06880762, -0.09841968, -0.05055870, -0.20442185, 0.15248187, 0.00000000, 0.00000000, 0.00000000, 0.00000000
2, 0.0300, 3, 0.68684727, -0.07106517, 0.07990398, -40.05997849, 34.54267120, 46.67316055, 50.24846649, 38.38058853, 46.12686157, -165.03858948, 33.46609497, 101.31333160, 0.14172241, -0.63094336, -0.71054679, 0.27739614, 0.18904954, 0.11071353, 0.22218698, 0.00000000, 0.00000000, 0.00000000, 0.00000000
2, 0.0400, 4, 0.70223367, -0.09527759, 0.05964254, -40.60791779, 38.24175262, 46.47797012, 50.39462280, 38.11750793, 46.12686157, -164.47604370, 33.03095245, 101.96307373, 0.13732027, -0.62789619, -0.71389210, 0.27793464, 0.19869293, 0.12867245, 0.19425216, 0.00000000, 0.00000000, 0.00000000, 0.00000000
2, 0.0500, 5, 0.73965365, -0.08605770, 0.02939211, -40.47629166, 39.69150162, 47.15778351, 50.39462280, 38.11750793, 46.12686157, -163.90336609, 32.58774948, 102.61349487, 0.13281336, -0.62479109, -0.71721941, 0.27855545, 0.17368771, 0.16927208, 0.16336147, 0.00000000, 0.00000000, 0.00000000, 0.00000000
5, 0.2100, 21, -0.19174398, -0.60534585, -0.41930813, 7.16232157, 0.41475865, 37.68032074, -14.49868488, 10.49400711, -124.75884247, 115.84437561, -5.64171362, 12.92640781, 0.52236211, -0.84386402, -0.06929426, -0.10114236, -0.07138077, -0.19168939, 0.14656766, 0.00000000, 0.00000000, 0.00000000, 0.00000000
2, 0.0600, 6, 0.75786704, -0.10051052, 0.03182751, -37.77380371, 38.94056320, 51.24449921, 50.39462280, 38.02981567, 46.88687515, -163.33430481, 32.10500336, 103.22248840, 0.12796302, -0.62189120, -0.72041523, 0.27906767, 0.16654843, 0.17064154, 0.14321864, 0.00000000, 0.00000000, 0.00000000, 0.00000000
5, 0.2200, 22, -0.19983912, -0.72425568, -0.42193988, 5.12471724, -2.44706273, 34.25551224, -14.49868488, 10.49400711, -124.75884247, 115.90483856, -4.34954882, 13.11841965, 0.52309650, -0.84375304, -0.07674815, -0.09252375, -0.11744983, -0.11483406, 0.07073960, 0.00000000, 0.00000000, 0.00000000, 0.00000000
2, 0.0700, 7, 0.75092691, -0.16097426, 0.01332683, -35.68184280, 37.68296432, 55.10462570, 51.09616852, 37.32826614, 47.23764801, -164.57516479, 30.57584763, 103.00957489, 0.12391928, -0.62268585, -0.72610945, 0.26395375, 0.21079288, 0.16740751, 0.11916073, 0.00000000, 0.00000000, 0.00000000, 0.00000000
2, 0.0800, 8, 0.74398160, -0.13703972, 0.06289850, -34.62962723, 37.20946503, 58.23365784, 51.41771317, 37.09441757, 47.93919754, -164.02246094, 30.03600311, 103.56847382, 0.11857363, -0.61999154, -0.72920823, 0.26420867, 0.16145039, 0.12307673, 0.16305399, 0.00000000, 0.00000000, 0.00000000, 0.00000000
2, 0.0900, 9, 0.73012227, -0.13203782, 0.14706391, -34.93416977, 39.15377426, 60.96887589, 51.53463745, 36.33440399, 48.64074707, -163.44975281, 29.46938705, 104.13336945, 0.11295018, -0.61721045, -0.73234266, 0.26451418, 0.12997395, 0.05716601, 0.19831729, 0.00000000, 0.00000000, 0.00000000, 0.00000000
5, 0.2300, 23, -0.23104073, -0.81865597, -0.45717752, 1.62234163, -6.49624109, 29.69937325, -15.14177132, 10.20169544, -124.81730652, 116.05145264, -4.59449196, 13.21342754, 0.52168739, -0.84441745, -0.07643488, -0.09465300, -0.10786159, -0.02931489, 0.01210559, 0.00000000, 0.00000000, 0.00000000, 0.00000000
2, 0.1000, 10, 0.72676492, -0.12119638, 0.16488940, -36.94511795, 42.79622269, 61.64518356, 51.53463745, 36.33440399, 48.64074707, -162.84744263, 28.89472961, 104.73180389, 0.10718916, -0.61415964, -0.73558980, 0.26500216, 0.10928936, 0.05507382, 0.21287923, 0.00000000, 0.00000000, 0.00000000, 0.00000000
5, 0.2400, 24, -0.30553705, -0.90257192, -0.49747118, -1.72419500, -12.74541283, 26.89400482, -14.76176548, 7.07395506, -124.29114532, 116.19598389, -4.85359716, 13.23304462, 0.52033585, -0.84512067, -0.07550379, -0.09654515, -0.07700525, 0.05580768, -0.06304228, 0.00000000, 0.00000000, 0.00000000, 0.00000000
2, 0.1100, 11, 0.73942375, -0.11188638, 0.16371438, -38.24564743, 43.70601654, 62.40398407, 51.85618210, 35.10669327, 48.55305481, -162.24507141, 28.30621338, 105.33744049, 0.10135033, -0.61097515, -0.73888761, 0.26548591, 0.08650789, 0.07011067, 0.20905620, 0.00000000, 0.00000000, 0.00000000, 0.00000000
5, 0.2500, 25, -0.39604276, -0.98501348, -0.54035568, -5.44587421, -15.41136837, 26.33452988, -15.34638977, 8.59397793, -124.67115021, 116.32411957, -5.13599730, 13.21709538, 0.51910692, -0.84577131, -0.07419334, -0.09845958, -0.03207160, 0.14202118, -0.14575376, 0.00000000, 0.00000000, 0.00000000, 0.00000000
2, 0.1200, 12, 0.74274975, -0.12459872, 0.17860109, -42.48042297, 43.12923050, 63.82355499, 52.49926758, 35.36977386, 49.31306458, -161.53916931, 27.87132645, 106.05290222, 0.09627666, -0.60704792, -0.74212360, 0.26735044, 0.08078774, 0.06194974, 0.20446201, 0.00000000, 0.00000000, 0.00000000, 0.00000000
2, 0.1300, 13, 0.71825242, -0.15096481, 0.19180167, -47.32579041, 41.24575043, 65.33918762, 52.44080734, 33.67436218, 50.10231018, -160.98982239, 27.21441841, 106.69709015, 0.09034673, -0.60339397, -0.74586552, 0.26727855, 0.10262315, 0.05033920, 0.21435091, 0.00000000, 0.00000000, 0.00000000, 0.00000000
2, 0.1400, 14, 0.70311016, -0.17409585, 0.20629126, -51.95946884, 38.76450348, 66.49593353, 52.44080734, 34.55130005, 50.30692673, -160.48371887, 26.52391434, 107.35225677, 0.08443222, -0.59953660, -0.74981773, 0.26683411, 0.11350749, 0.03736274, 0.22032766, 0.00000000, 0.00000000, 0.00000000, 0.00000000
5, 0.2600, 26, -0.48164764, -1.06487274, -0.60197580, -9.20386696, -14.81374359, 26.93991852, -15.72639561, 10.49400711, -124.40806580, 116.42192841, -5.44163132, 13.19846916, 0.51807612, -0.84628361, -0.07273354, -0.10055416, 0.01673288, 0.24119306, -0.21498665, 0.00000000, 0.00000000, 0.00000000, 0.00000000
2, 0.1500, 15, 0.67824697, -0.22406787, 0.22294478, -55.18655014, 37.70964050, 65.64440918, 52.44080734, 34.55130005, 50.30692673, -160.00915527, 25.82550812, 108.01822662, 0.07864483, -0.59548485, -0.75388515, 0.26621455, 0.14913586, 0.01134607, 0.22078426, 0.00000000, 0.00000000, 0.00000000, 0.00000000
2, 0.1600, 16, 0.70764947, -0.24518183, 0.25930995, -57.48657227, 38.91378403, 66.78447723, 52.58696365, 33.35282135, 50.62847137, -159.53533936, 25.10720444, 108.70050049, 0.07275186, -0.59122223, -0.75804985, 0.26556355, 0.12538868, -0.02160713, 0.19624263, 0.00000000, 0.00000000, 0.00000000, 0.00000000
2, 0.1700, 17, 0.74687266, -0.26775420, 0.29549462, -57.78558731, 45.93183136, 68.49580383, 53.02542877, 32.79742813, 51.30078888, -157.41613770, 23.52124405, 109.38056946, 0.05230723, -0.58747733, -0.76037568, 0.27196169, 0.09341659, -0.04786616, 0.16157341, 0.00000000, 0.00000000, 0.00000000, 0.00000000
2, 0.1800, 18, 0.80524719, -0.28204271, 0.34859318, -55.28033066, 52.87503433, 69.24971771, 52.90850449, 32.09587860, 51.71002579, -156.83163452, 22.78132057, 110.08831787, 0.04578476, -0.58272380, -0.76436222, 0.27218956, 0.03166175, -0.07276307, 0.11672381, 0.00000000, 0.00000000, 0.00000000, 0.00000000
2, 0.1900, 19, 0.86883748, -0.36288995, 0.37680572, -55.01636505, 64.76676941, 66.95761108, 52.90850449, 32.09587860, 51.71002579, -156.14433289, 22.07441521, 110.86743927, 0.03915363, -0.57742482, -0.76833820, 0.27332044, 0.03559984, -0.11898746, 0.02873057, 0.00000000, 0.00000000, 0.00000000, 0.00000000
5, 0.2700, 27, -0.55620760, -1.11388874, -0.65749359, -13.29031181, -12.07473183, 27.46032524, -15.72639561, 10.49400711, -124.40806580, 117.18901062, -6.13095474, 13.01736259, 0.51181859, -0.84994495, -0.06892214, -0.10433175, 0.06696813, 0.31769723, -0.25929302, 0.00000000, 0.00000000, 0.00000000, 0.00000000
2, 0.2000, 20, 1.00705457, -0.37085247, 0.42776638, -53.94633102, 70.66154480, 67.38257599, 53.58082199, 31.71587181, 52.47003555, -155.40736389, 21.36672783, 111.66437531, 0.03233122, -0.57188934, -0.77222949, 0.27487984, -0.06527741, -0.15647703, -0.07790963, 0.00000000, 0.00000000, 0.00000000, 0.00000000
5, 0.2800, 28, -0.63338816, -1.17120981, -0.71255982, -15.57374382, -11.06013107, 29.37134171, -15.43408298, 9.58784008, -124.75884247, 117.22525024, -6.47940397, 13.01987076, 0.51116711, -0.85014278, -0.06738645, -0.10688647, 0.11171710, 0.40196592, -0.30570686, 0.00000000, 0.00000000, 0.00000000, 0.00000000
2, 0.2100, 21, 1.10944700, -0.44172624, 0.47133046, -49.87578583, 70.13146973, 69.41226959, 53.55159378, 31.04355431, 53.14235687, -154.67300415, 20.64407158, 112.40740967, 0.02531174, -0.56657124, -0.77583355, 0.27647543, -0.09600930, -0.21146317, -0.19035091, 0.00000000, 0.00000000, 0.00000000, 0.00000000
2, 0.2200, 22, 1.21221292, -0.51768607, 0.53251833, -47.77384949, 62.93205643, 70.54570007, 54.31160355, 30.48816109, 54.28237152, -152.93440247, 20.07249260, 113.05585480, 0.01424837, -0.56202942, -0.77609372, 0.28565463, -0.12853622, -0.28161862, -0.30380428, 0.00000000, 0.00000000, 0.00000000, 0.00000000
5, 0.2900, 29, -0.69837707, -1.33073866, -0.76349413, -19.39685440, -11.78564453, 32.85535431, -16.28178787, 9.50014591, -125.10961914, 117.24729919, -6.87810850, 13.02197266, 0.51056045, -0.85027295, -0.06560618, -0.10981727, 0.10123225, 0.54185671, -0.41932458, 0.00000000, 0.00000000, 0.00000000, 0.00000000
5, 0.3000, 30, -0.74333239, -1.51477158, -0.82020384, -23.56461906, -12.19243622, 35.26473999, -16.72025681, 9.47091484, -124.84653473, 117.24728394, -7.31941271, 13.02044487, 0.51006657, -0.85029846, -0.06358339, -0.11305687, 0.06450468, 0.70143652, -0.53387982, 0.00000000, 0.00000000, 0.00000000, 0.00000000
2, 0.2300, 23, 1.32468963, -0.56331438, 0.58704931, -44.42393494, 53.21764374, 71.82827759, 54.31160355, 28.93890572, 54.22391129, -152.37312317, 19.30164909, 113.59569550, 0.00732310, -0.55772412, -0.77912563, 0.28610042, -0.18630634, -0.32735974, -0.41483170, 0.00000000, 0.00000000, 0.00000000, 0.00000000
2, 0.2400, 24, 1.42391372, -0.66557455, 0.65305442, -41.62385178, 46.39291763, 72.87118530, 54.31160355, 28.93890572, 54.22391129, -151.87718201, 18.52036858, 114.05471802, 0.00044760, -0.55385065, -0.78190887, 0.28612560, -0.20003161, -0.41867885, -0.53512377, 0.00000000, 0.00000000, 0.00000000, 0.00000000
2, 0.2500, 25, 1.52475977, -0.77573329, 0.73172361, -42.12649155, 49.31063080, 71.30305481, 54.13621521, 28.90967560, 54.63314819, -151.36740112, 17.75048637, 114.53218079, -0.00635875, -0.54976445, -0.78467929, 0.28635120, -0.21282789, -0.52498400, -0.65822554, 0.00000000, 0.00000000, 0.00000000, 0.00000000
2, 0.2600, 26, 1.64331579, -0.90264857, 0.79854566, -43.33410263, 55.92019272, 66.72745514, 53.93159866, 25.95732307, 55.80239487, -150.81851196, 17.01942635, 115.06618500, -0.01291952, -0.54523206, -0.78749198, 0.28707397, -0.21883386, -0.62665021, -0.80797625, 0.00000000, 0.00000000, 0.00000000, 0.00000000
5, 0.3100, 31, -0.81302834, -1.68602395, -0.89310193, -23.43786812, -17.62341690, 38.11310577, -17.04179955, 9.32475853, -125.54808044, 117.28866577, -7.79770851, 12.98661900, 0.50924844, -0.85051298, -0.06119333, -0.11640100, 0.05897445, 0.86601335, -0.64701927, 0.00000000, 0.00000000, 0.00000000, 0.00000000
5, 0.3200, 32, -0.93647617, -1.81147170, -0.97578925, -22.34114838, -26.58604431, 41.88146591, -17.04179955, 9.32475853, -125.54808044, 118.46109009, -8.20589256, 12.50374222, 0.50054449, -0.85591972, -0.05694446, -0.11667985, 0.12139802, 1.01255798, -0.75376886, 0.00000000, 0.00000000, 0.00000000, 0.00000000
2, 0.2700, 27, 1.85319543, -1.03438151, 0.87222946, -44.53157806, 58.57928467, 62.24501419, 54.22391129, 26.77579689, 56.32855988, -149.71376038, 15.85972214, 115.66473389, -0.02502161, -0.53950477, -0.79009956, 0.28991601, -0.27703506, -0.73403865, -1.03491092, 0.00000000, 0.00000000, 0.00000000, 0.00000000
2, 0.2800, 28, 2.16346407, -1.46685171, 1.16045868, -41.41490936, 32.59412384, 44.86462021, 54.39929962, 26.33732796, 56.29932785, -149.45288086, 15.30448341, 116.06283569, -0.02925648, -0.53596324, -0.79251397, 0.28949821, -0.23752818, -1.15471029, -1.45487094, 0.00000000, 0.00000000, 0.00000000, 0.00000000
5, 0.3300, 33, -1.11630189, -1.87347722, -1.07228148, -19.76504898, -37.32625961, 45.50099564, -17.45103836, 9.29552746, -125.84039307, 118.67241669, -8.77401638, 12.33477020, 0.49849352, -0.85688162, -0.05335515, -0.12004691, 0.26413983, 1.13557601, -0.83823162, 0.00000000, 0.00000000, 0.00000000, 0.00000000
2, 0.2900, 29, 2.00520563, -1.84003568, 1.08561933, -16.37582016, -12.06613445, -3.76757193, 54.39929962, 26.33732796, 56.29932785, -149.63677979, 15.26172161, 116.11183167, -0.02858287, -0.53561354, -0.79329854, 0.28806031, 0.15468392, -1.23292375, -1.53655350, 0.00000000, 0.00000000, 0.00000000, 0.00000000
5, 0.3400, 34, -1.32442331, -1.95006752, -1.10488224, -19.22207832, -46.47835159, 47.51927948, -17.68488693, 9.73399544, -125.43115997, 118.95139313, -9.37789726, 12.09526730, 0.49596825, -0.85812688, -0.04916247, -0.12335669, 0.39674753, 1.21224129, -0.99160278, 0.00000000, 0.00000000, 0.00000000, 0.00000000
2, 0.3000, 30, 1.89860094, -1.56141710, 0.87548119, -22.42793655, 10.83772182, 0.18539943, 54.04852295, 26.71733475, 55.89009094, -149.62026978, 15.17500877, 116.34914398, -0.02869206, -0.53384948, -0.79455024, 0.28787395, 0.07292035, -0.93125319, -1.34913909, 0.00000000, 0.00000000, 0.00000000, 0.00000000
2, 0.3100, 31, 2.05291057, -1.61876321, 1.17074704, -26.29514503, 12.63227558, 24.34976196, 54.16544724, 25.16807938, 56.56240845, -149.54229736, 14.85425568, 116.55865479, -0.03085605, -0.53194213, -0.79601228, 0.28714091, -0.07158645, -1.22374284, -1.43908477, 0.00000000, 0.00000000, 0.00000000, 0.00000000
5, 0.3500, 35, -1.54969132, -2.07443762, -1.01688004, -25.05456543, -45.45864487, 45.74253845, -17.83104324, 10.14323330, -126.13270569, 119.17807007, -9.99427223, 11.83618927, 0.49384195, -0.85910606, -0.04472495, -0.12671535, 0.47531205, 1.22413003, -1.24547541, 0.00000000, 0.00000000, 0.00000000, 0.00000000
2, 0.3200, 32, 2.13661695, -1.91107345, 1.18570328, -6.04942894, 4.09152508, 40.68700027, 54.42852783, 26.60040855, 56.47471619, -148.26332092, 11.83253002, 116.83344269, -0.05798055, -0.52510494, -0.80029136, 0.28361419, 0.07911722, -1.34459949, -1.65785992, 0.00000000, 0.00000000, 0.00000000, 0.00000000
2, 0.3300, 33, 2.11194086, -2.30116892, 1.33304822, -11.20570850, 10.36492157, 59.16792297, 54.95469284, 25.25577354, 56.50394440, -148.06414795, 11.25755501, 116.80477142, -0.06312528, -0.52428794, -0.80079859, 0.28259364, 0.29790688, -1.61334932, -1.81032395, 0.00000000, 0.00000000, 0.00000000, 0.00000000
5, 0.3600, 36, -1.59174073, -2.16437173, -1.08005834, -23.53822517, -57.72956848, 32.09339905, -18.50336075, 9.35398960, -126.16194153, 119.45594025, -10.51983070, 11.41161633, 0.49162507, -0.86033857, -0.03951775, -0.12868865, 0.48063916, 1.33308220, -1.29277515, 0.00000000, 0.00000000, 0.00000000, 0.00000000
2, 0.3400, 34, 2.13673759, -2.55552292, 1.58534074, -26.20509911, 27.40653801, 79.92670441, 54.95469284, 25.25577354, 56.50394440, -147.72581482, 10.43999004, 116.93009186, -0.07027449, -0.52188039, -0.80211812, 0.28161857, 0.38185835, -1.93996859, -1.90813708, 0.00000000, 0.00000000, 0.00000000, 0.00000000
2, 0.3500, 35, 2.33215237, -2.82438350, 1.81543124, -32.81727219, 40.59423447, 115.92990875, 54.28237152, 24.08652496, 57.43934631, -147.20861816, 9.27635860, 117.07143402, -0.08068442, -0.51857084, -0.80368608, 0.28046936, 0.38114262, -2.24901819, -2.15952134, 0.00000000, 0.00000000, 0.00000000, 0.00000000
5, 0.3700, 37, -1.46677232, -2.19135690, -1.02159500, -29.93306351, -79.96685791, 20.88374710, -19.00029182, 10.78631973, -126.36656189, 121.62551880, -11.12335777, 10.13739300, 0.47599638, -0.86969852, -0.02969084, -0.12716328, 0.33695590, 1.31218398, -1.25330734, 0.00000000, 0.00000000, 0.00000000, 0.00000000
2, 0.3600, 36, 2.48035240, -3.41739678, 1.86632359, -22.58912277, 34.19819260, 171.75984192, 54.86699677, 24.32037354, 56.94241333, -146.54856873, 7.65630245, 116.90913391, -0.09573800, -0.51629782, -0.80429715, 0.27816689, 0.70257264, -2.51795816, -2.58382416, 0.00000000, 0.00000000, 0.00000000, 0.00000000
5, 0.3800, 38, -1.74915421, -2.19482183, -0.98556048, -28.75601959, -110.86330414, 15.47039223, -19.00029182, 10.78631973, -126.36656189, 122.17096710, -11.62600803, 9.13701057, 0.47242838, -0.87197435, -0.02054855, -0.12668832, 0.53818148, 1.30377996, -1.41671991, 0.00000000, 0.00000000, 0.00000000, 0.00000000
2, 0.3700, 37, 2.41124296, -4.10052204, 1.93438208, -6.08545876, 7.35430527, 235.25093079, 54.75007248, 21.86495209, 57.49780655, -144.15916443, 1.89680612, 116.30683899, -0.14895445, -0.50630552, -0.80545384, 0.26965076, 1.18614280, -2.83020473, -2.87726426, 0.00000000, 0.00000000, 0.00000000, 0.00000000
5, 0.3900, 39, -2.30037713, -2.47385526, -0.90829372, -24.69972038, -147.02729797, 12.15569687, -19.96492195, 11.72171879, -126.16194153, 122.98213196, -12.13894844, 7.81054020, 0.46719053, -0.87522483, -0.00916369, -0.12502246, 0.81109393, 1.42453432, -1.95114422, 0.00000000, 0.00000000, 0.00000000, 0.00000000
5, 0.4000, 40, -2.82443619, -2.98654222, -0.91483504, -29.90099907, -184.80499268, 11.09362030, -21.57263947, 10.61093235, -126.95117950, 124.01644135, -12.71589088, 6.11691427, 0.46057680, -0.87910682, 0.00507771, -0.12253308, 0.98299718, 1.75864124, -2.57109261, 0.00000000, 0.00000000, 0.00000000, 0.00000000
2, 0.3800, 38, 2.17760229, -4.56238461, 2.05773640, 19.69918633, -30.57589722, 284.19723511, 54.77930450, 19.87722778, 57.58549881, -143.37548828, -0.49431223, 114.94611359, -0.17239335, -0.50931907, -0.80116171, 0.26270631, 1.54054427, -3.09355354, -2.91663814, 0.00000000, 0.00000000, 0.00000000, 0.00000000
2, 0.3900, 39, 1.82467544, -4.86903572, 2.09549260, 41.07969284, -75.51511383, 292.03616333, 54.77930450, 19.87722778, 57.58549881, -142.71241760, -2.82968378, 113.08988190, -0.19570193, -0.51560926, -0.79464734, 0.25373945, 1.91963029, -3.23902559, -2.78776312, 0.00000000, 0.00000000, 0.00000000, 0.00000000
5, 0.4100, 41, -3.01680112, -3.47940397, -0.93173617, -53.85285950, -228.39149475, 1.45636141, -22.68342590, 10.11400127, -126.98041534, 125.16387177, -13.36816597, 3.90052938, 0.45356908, -0.88295001, 0.02356261, -0.11882485, 0.90118569, 2.09053445, -2.97303724, 0.00000000, 0.00000000, 0.00000000, 0.00000000
2, 0.4000, 40, 1.72497964, -4.86920738, 1.91281199, 56.75111771, -139.59997559, 242.36724854, 55.21777344, 16.95410728, 56.32855988, -142.51142883, -4.63709641, 110.87715912, -0.21369533, -0.52605617, -0.78657705, 0.24268457, 2.00008893, -3.06670928, -2.75277686, 0.00000000, 0.00000000, 0.00000000, 0.00000000
5, 0.4200, 42, -2.96169615, -3.61765623, -0.80350465, -84.13171387, -276.81335449, -21.69317245, -24.23267937, 12.42326832, -127.00964355, 129.42898560, -13.53871441, -0.09746009, 0.42424235, -0.89784396, 0.05111061, -0.10621874, 0.73537976, 2.09742928, -3.06486344, 0.00000000, 0.00000000, 0.00000000, 0.00000000
5, 0.4300, 43, -2.92009163, -3.66827869, -0.63370448, -118.52751160, -314.43225098, -58.95677948, -24.23267937, 12.42326832, -127.00964355, 130.56271362, -13.81617451, -3.58247781, 0.41833952, -0.89976484, 0.07845846, -0.09622679, 0.61376899, 2.03222132, -3.11012387, 0.00000000, 0.00000000, 0.00000000, 0.00000000
5, 0.4400, 44, -2.84513831, -3.70192003, -0.47752818, -157.83439636, -331.79718018, -111.83415985, -26.83425903, 13.41712952, -127.18503571, 131.38484192, -13.75376987, -7.53455353, 0.41496047, -0.89959866, 0.10862963, -0.08203420, 0.47856748, 1.94156444, -3.15179300, 0.00000000, 0.00000000, 0.00000000, 0.00000000
5, 0.4500, 45, -2.76231527, -3.64080024, -0.40406001, -196.82522583, -310.26882935, -163.26277161, -28.50043869, 15.14177132, -127.21426392, 131.60847473, -13.35937405, -11.58229256, 0.41570207, -0.89652443, 0.13884407, -0.06448375, 0.41846660, 1.85030901, -3.09368539, 0.00000000, 0.00000000, 0.00000000, 0.00000000
5, 0.4600, 46, -2.51165414, -3.15355921, -0.70243138, -226.13192749, -277.69299316, -201.19644165, -30.48816109, 14.84945869, -128.32504272, 131.25065613, -12.74456692, -15.54781055, 0.42005748, -0.89072311, 0.16783051, -0.04468725, 0.56649458, 1.77830899, -2.48993707, 0.00000000, 0.00000000, 0.00000000, 0.00000000
5, 0.4700, 47, -1.93573439, -2.51740503, -1.00852430, -269.91275024, -195.81124878, -241.46862793, -30.92663002, 17.86027527, -129.23121643, 130.21691895, -12.12012672, -18.75252724, 0.42855978, -0.88274628, 0.19079868, -0.02629559, 0.52993417, 1.61131215, -1.60305953, 0.00000000, 0.00000000, 0.00000000, 0.00000000
2, 0.4100, 41, 1.54760647, -4.36735678, 1.56993604, 100.75585175, -231.52618408, 159.13714600, 55.07161713, 15.25869656, 55.10084534, -142.91725159, -5.50197029, 108.08518982, -0.22333677, -0.54371023, -0.77551544, 0.23038213, 1.81194890, -2.55748200, -2.42014432, 0.00000000, 0.00000000, 0.00000000, 0.00000000
5, 0.4800, 48, -1.50801241, -2.10433102, -0.99944645, -318.29055786, -112.27380371, -264.44970703, -30.92663002, 17.86027527, -129.23121643, 127.82900238, -11.37719059, -21.78304482, 0.44648635, -0.86938155, 0.21166754, -0.00474687, 0.38920295, 1.32704651, -1.11335981, 0.00000000, 0.00000000, 0.00000000, 0.00000000
5, 0.4900, 49, -1.33351743, -1.46286988, -1.22556579, -356.91064453, -54.45746613, -279.63287354, -30.42969894, 19.93569183, -130.25430298, 124.71164703, -10.75775433, -24.51803780, 0.46903521, -0.85259968, 0.22976692, 0.01693681, 0.64612758, 1.07404304, -0.53194845, 0.00000000, 0.00000000, 0.00000000, 0.00000000
5, 0.5000, 50, -0.94369453, -0.81930363, -1.53278136, -370.26593018, -30.94326401, -318.89694214, -29.99123001, 21.98187637, -131.39433289, 121.20311737, -9.98502159, -27.27279854, 0.49310839, -0.83338475, 0.24613567, 0.04160891, 0.76235515, 0.88105750, 0.21196240, 0.00000000, 0.00000000, 0.00000000, 0.00000000
5, 0.5100, 51, -0.54605687, 0.03913129, -2.38959098, -378.88375854, 29.31742859, -375.37979126, -29.55276108, 24.84653664, -132.53434753, 117.05516815, -8.82944965, -29.82779121, 0.51990086, -0.81137246, 0.25768903, 0.07052972, 1.18301022, 0.98289901, 1.35865474, 0.00000000, 0.00000000, 0.00000000, 0.00000000
5, 0.5200, 52, -0.14514746, 2.50901484, -3.24766755, -308.70193481, 85.13023376, -412.62399292, -28.23735809, 27.09733963, -132.97280884, 103.09034729, -14.23390865, -29.81059647, 0.62129819, -0.73109967, 0.27433577, 0.06497584, 2.33688140, 0.07808545, 3.47044063, 0.00000000, 0.00000000, 0.00000000, 0.00000000
2, 0.4200, 42, 1.25554740, -3.63172793, 1.10544229, 163.78926086, -350.51583862, 38.29567337, 54.66238022, 13.30020428, 52.52849960, -143.32962036, -9.11962509, 106.75296021, -0.24763292, -0.54440540, -0.77433550, 0.20665270, 1.55486882, -1.85234010, -1.89275515, 0.00000000, 0.00000000, 0.00000000, 0.00000000
5, 0.5300, 53, 0.35476735, 6.54976654, -3.63443232, -144.26644897, 260.48727417, -284.29702759, -28.23735809, 27.09733963, -132.97280884, 99.70582581, -11.95655727, -29.99077606, 0.64000827, -0.71697098, 0.26156908, 0.08901533, 3.92078638, -2.17557573, 6.31507635, 0.00000000, 0.00000000, 0.00000000, 0.00000000
5, 0.5400, 54, 0.81726032, 5.80721092, -2.53493667, 40.80968475, 546.97717285, -239.86489868, -25.60654831, 27.33119011, -134.34667969, 96.19589996, -7.34403181, -27.79060173, 0.65843171, -0.71075165, 0.21989375, 0.11378322, 2.85456872, -2.59726119, 5.52422571, 0.00000000, 0.00000000, 0.00000000, 0.00000000
5, 0.5500, 55, 2.57376337, 2.43673730, 3.36819029, 33.52927780, 602.47125244, -185.02996826, -20.72493362, 27.88658333, -132.91435242, 92.73170471, -2.62167215, -25.11656570, 0.67696577, -0.70282763, 0.17273614, 0.13383941, -2.24303150, -5.14787674, 1.46401179, 0.00000000, 0.00000000, 0.00000000, 0.00000000
5, 0.5600, 56, 3.30083752, 5.42065334, 3.15115976, 136.32423401, 208.98469543, 48.77154541, -15.81408882, 26.86348915, -132.65127563, 92.97064972, -0.81128740, -23.35476875, 0.67531198, -0.70918381, 0.15155068, 0.13432965, -1.29136062, -6.83486176, 3.85763502, 0.00000000, 0.00000000, 0.00000000, 0.00000000
2, 0.4300, 43, 1.04823887, -2.95882511, 0.52657682, 218.51379395, -456.08642578, -104.07512665, 54.86699677, 14.96638393, 48.26074219, -145.26583862, -7.21319962, 102.62882233, -0.23306711, -0.58071345, -0.75526291, 0.19501194, 1.32357764, -1.07219255, -1.49109316, 0.00000000, 0.00000000, 0.00000000, 0.00000000
2, 0.4400, 44, 0.81937850, -2.92839360, -0.04725429, 237.35624695, -523.11145020, -242.42404175, 54.86699677, 14.96638393, 48.26074219, -148.20181274, -4.18573380, 98.31821442, -0.20560046, -0.62095594, -0.73364478, 0.18413992, 1.66153300, -0.56580281, -1.38744020, 0.00000000, 0.00000000, 0.00000000, 0.00000000
2, 0.4500, 45, 1.42789817, -2.22051001, -1.47393322, 259.63916016, -629.59729004, -435.66513062, 55.04238510, 17.18795586, 43.87606049, -152.71018982, 0.31158292, 93.48530579, -0.15973468, -0.66640025, -0.70728594, 0.17361511, 1.30898869, 0.96772540, -1.79677939, 0.00000000, 0.00000000, 0.00000000, 0.00000000
2, 0.4600, 46, 2.71168017, -0.20304623, -2.62991571, 385.57592773, -831.75201416, -584.57312012, 53.66851807, 20.34492874, 37.88365936, -159.07075500, 5.84465218, 86.26280212, -0.09810281, -0.72304690, -0.66467029, 0.16060066, -0.48396617, 2.73601842, -2.00858831, 0.00000000, 0.00000000, 0.00000000, 0.00000000
2, 0.4700, 47, 3.04708099, 1.76265073, -4.51768208, 522.06512451, -1156.51135254, -747.86822510, 49.98538208, 24.43729782, 28.41274452, 179.36216736, 14.33075905, 74.53974152, 0.07992913, -0.78914458, -0.60138375, 0.09591587, -1.43783617, 5.05474949, -1.63691211, 0.00000000, 0.00000000, 0.00000000, 0.00000000
2, 0.4800, 48, 1.20832860, 4.36572886, -3.17291021, 552.24658203, -1585.63220215, -904.83276367, 49.98538208, 24.43729782, 28.41274452, 163.73266602, 14.20316505, 59.05610275, 0.18247986, -0.84613323, -0.49936840, 0.03729406, -2.70855236, 4.46481800, 1.53966212, 0.00000000, 0.00000000, 0.00000000, 0.00000000
5, 0.5700, 57, 2.01902294, 5.00006914, 2.22663164, 140.24771118, -252.35253906, 54.58551788, -17.39257431, 26.51271439, -132.44665527, 92.16122437, -4.50458193, -28.38126564, 0.67889977, -0.69111389, 0.20287654, 0.14247064, -0.13054071, -5.84727383, 3.30339479, 0.00000000, 0.00000000, 0.00000000, 0.00000000
5, 0.5800, 58, -0.79323834, 3.32995296, 1.56086683, 167.91639709, -491.73031616, 87.64587402, -17.39257431, 26.51271439, -132.44665527, 96.39314270, -6.84082270, -30.93944550, 0.65314645, -0.70654255, 0.23680374, 0.13461587, 1.51527679, -4.28244400, 0.91882050, 0.00000000, 0.00000000, 0.00000000, 0.00000000
2, 0.4900, 49, -3.00515866, 6.32664728, 3.16637087, 731.05645752, -1899.42797852, -1010.16717529, 39.49137497, 27.38965225, 17.39257431, 146.76541138, 8.21363354, 41.42862701, 0.29107767, -0.88674611, -0.35722259, -0.03670422, -3.88898373, -0.86823767, 7.37411880, 0.00000000, 0.00000000, 0.00000000, 0.00000000
2, 0.5000, 50, -7.98874331, 2.25195003, 2.63430977, 864.52398682, -1263.30859375, -711.50109863, 22.91727448, 26.74656487, 10.28938866, 138.84381104, 0.05683829, 28.34894371, 0.34089682, -0.90764827, -0.22941980, -0.08561958, 2.07562923, -2.16370392, 9.10562706, 0.00000000, 0.00000000, 0.00000000, 0.00000000
2, 0.5100, 51, -8.01671600, 2.17577195, -3.11044383, 584.15539551, -800.53106689, -371.44192505, 13.41712952, 20.90032196, 10.11400127, 135.35159302, -6.44198608, 20.95034981, 0.36347690, -0.91207552, -0.14693010, -0.12006052, 3.86771178, 3.02853513, 7.74414825, 0.00000000, 0.00000000, 0.00000000, 0.00000000
2, 0.5200, 52, -6.24912930, 2.90219426, -3.61868000, 249.51211548, -109.91519165, -132.52384949, 10.96170712, 17.21718788, 10.05553913, 124.77800751, -13.79024506, 15.65887642, 0.44133371, -0.87908465, -0.06471597, -0.16806729, 2.39121580, 3.74408054, 6.50436115, 0.00000000, 0.00000000, 0.00000000, 0.00000000
5, 0.5900, 59, -1.00393152, 2.82798290, 0.86263794, 272.38464355, -388.97433472, 134.84133911, -21.92341423, 25.34346581, -132.18356323, 101.10742950, -8.10720062, -32.50954437, 0.62371123, -0.72692597, 0.25872830, 0.12499063, 1.67542291, -3.40959764, 0.90578914, 0.00000000, 0.00000000, 0.00000000, 0.00000000
2, 0.5300, 53, -5.17800903, 1.01793909, -1.53356493, 75.60437775, 521.51733398, 85.33315277, 10.96170712, 17.21718788, 10.05553913, 129.33998108, -11.20175743, 16.07221794, 0.40927592, -0.89654732, -0.08440800, -0.14687276, 2.46821833, 1.03477812, 5.03043938, 0.00000000, 0.00000000, 0.00000000, 0.00000000
5, 0.6000, 60, -0.35132429, 1.85427427, 0.22341527, 350.19998169, -186.76490784, 142.15821838, -25.02192307, 21.89418221, -131.71586609, 105.31600952, -7.89079809, -32.49838257, 0.59626788, -0.74978346, 0.26200256, 0.11680837, 0.92900407, -2.28814101, 1.07768428, 0.00000000, 0.00000000, 0.00000000, 0.00000000
5, 0.6100, 61, 0.29253149, 1.35423279, -0.32603154, 389.67852783, -72.13404846, 160.89752197, -26.16194153, 20.49108505, -130.02046204, 109.22898102, -7.10426140, -31.38898468, 0.57007885, -0.77366585, 0.25465429, 0.10771499, 0.39378935, -1.52949989, 1.49000525, 0.00000000, 0.00000000, 0.00000000, 0.00000000
2, 0.5400, 54, -3.96392155, 0.36780417, 0.21181366, -76.52323914, 833.64874268, 199.48359680, 14.46945286, 15.75562668, 9.64630222, 135.44206238, -6.20795488, 18.72033691, 0.36537111, -0.91502756, -0.13002284, -0.11100788, 1.77863407, -0.77190256, 4.16977215, 0.00000000, 0.00000000, 0.00000000, 0.00000000
2, 0.5500, 55, -2.60523748, -0.21040361, 0.54402125, -206.12164307, 794.30200195, 226.66821289, 21.68956375, 14.90792179, 10.75708866, 140.73652649, -1.19404268, 22.78843880, 0.32739541, -0.92394960, -0.18263267, -0.07599151, 1.41951084, -1.23917842, 2.90121031, 0.00000000, 0.00000000, 0.00000000, 0.00000000
2, 0.5600, 56, -1.59924030, -0.06341691, 0.71792835, -319.51803589, 617.45880127, 237.56913757, 28.14966393, 17.53873062, 12.83250523, 144.41706848, 2.88021994, 27.72632408, 0.30229345, -0.92230672, -0.23552811, -0.04995576, 0.75569904, -1.28460634, 2.23974109, 0.00000000, 0.00000000, 0.00000000, 0.00000000
2, 0.5700, 57, -1.28217530, 0.01653858, 0.85223806, -292.38562012, 470.30618286, 221.33346558, 32.47588348, 19.32183456, 14.46945286, 147.73881531, 2.75387239, 27.78651237, 0.27516496, -0.93065506, -0.23707485, -0.04428266, 0.51537502, -1.32936776, 2.08270931, 0.00000000, 0.00000000, 0.00000000, 0.00000000
2, 0.5800, 58, -1.03549767, -0.10364591, 0.90431982, -200.26594543, 389.50177002, 191.77383423, 32.47588348, 19.32183456, 14.46945286, 150.38978577, 4.67784691, 31.44578552, 0.25645831, -0.92702508, -0.27180839, -0.03120838, 0.44835174, -1.38020003, 1.85680926, 0.00000000, 0.00000000, 0.00000000, 0.00000000
5, 0.6200, 62, 0.56070429, 0.84380579, -0.15022907, 410.34185791, 5.56759501, 178.97859192, -26.86348915, 17.36334419, -128.47120667, 105.07474518, -0.16025719, 4.78737831, 0.60766643, -0.79309225, -0.03230152, -0.02651275, -0.08398306, -1.34263349, 1.27335310, 0.00000000, 0.00000000, 0.00000000, 0.00000000
2, 0.5900, 59, -0.79962218, -0.39198399, 0.99492717, -125.37091827, 361.85681152, 180.90577698, 35.57439423, 19.90645981, 16.13563347, 153.27462769, 6.04349947, 34.51271439, 0.23561905, -0.92422622, -0.29984966, -0.01948502, 0.52885765, -1.53344917, 1.55379486, 0.00000000, 0.00000000, 0.00000000, 0.00000000
2, 0.6000, 60, -0.61159962, -0.75417346, 1.02138162, -94.03991699, 363.01748657, 173.32855225, 38.49751663, 19.20491028, 17.94796753, 156.36569214, 7.19951200, 37.38001633, 0.21330076, -0.92124021, -0.32521722, -0.00728009, 0.70690942, -1.65217710, 1.23632896, 0.00000000, 0.00000000, 0.00000000, 0.00000000
5, 0.6300, 63, 0.21714482, 0.23309192, 0.37951189, 412.28826904, 58.84187317, 189.98565674, -26.86348915, 17.36334419, -128.47120667, 108.82633209, 1.10955667, 7.11399174, 0.58127666, -0.81128001, -0.05607560, -0.02824344, -0.19442049, -1.39605033, 0.38718978, 0.00000000, 0.00000000, 0.00000000, 0.00000000
2, 0.6100, 61, -0.51007414, -0.96150655, 1.11714649, -100.87517548, 373.88839722, 168.68902588, 41.62525558, 19.29260445, 20.25723457, 159.55900574, 8.31397629, 40.37826920, 0.19071774, -0.91679657, -0.35082230, 0.00587996, 0.79387474, -1.77057171, 1.08481050, 0.00000000, 0.00000000, 0.00000000, 0.00000000
5, 0.6400, 64, -0.07921492, -0.07796118, 0.66882700, 392.17843628, 72.12751770, 185.03761292, -27.44811440, 14.20637226, -126.42501831, 112.38708496, 2.20357585, 9.55371380, 0.55568504, -0.82699144, -0.07984390, -0.03040295, -0.19043615, -1.40840054, -0.06981064, 0.00000000, 0.00000000, 0.00000000, 0.00000000
5, 0.6500, 65, -0.06393446, -0.21053670, 0.80355912, 369.72860718, 60.86109924, 165.16273499, -27.82811928, 11.60479355, -124.70037842, 115.78112030, 3.14297557, 11.80778885, 0.53090966, -0.84072512, -0.10159297, -0.03154754, -0.29781693, -1.40766954, -0.15545997, 0.00000000, 0.00000000, 0.00000000, 0.00000000
2, 0.6200, 62, -0.35630000, -1.05398476, 1.08505976, -126.51350403, 398.16036987, 162.45263672, 44.05144501, 18.88336754, 22.82958221, 174.49391174, 4.69945288, 40.31061554, 0.05916308, -0.93621171, -0.34572753, 0.02190763, 0.78516829, -1.67473435, 0.93169999, 0.00000000, 0.00000000, 0.00000000, 0.00000000
5, 0.6600, 66, -0.10953708, -0.31142497, 0.80572087, 347.00738525, 40.20188141, 141.03642273, -28.26658821, 9.29552746, -122.59573364, 119.01670074, 3.96780634, 13.76445770, 0.50702965, -0.85287637, -0.12063444, -0.03115020, -0.29430392, -1.32068133, -0.19610620, 0.00000000, 0.00000000, 0.00000000, 0.00000000
5, 0.6700, 67, -0.21481536, -0.32940885, 0.83638877, 324.76617432, 16.46331978, 122.78948975, -28.90967560, 6.95702982, -120.78339386, 131.33453369, 6.81803513, -27.10741615, 0.38715392, -0.88996702, 0.18934171, 0.14906465, -0.20764400, -1.28117597, -0.20684563, 0.00000000, 0.00000000, 0.00000000, 0.00000000
5, 0.6800, 68, -0.29449138, -0.34006938, 0.82526308, 306.63677979, 5.83711433, 105.38111877, -28.79274940, 4.91084480, -118.24028015, 134.34513855, 7.22172451, -25.54554176, 0.36477271, -0.90248752, 0.17953567, 0.14221182, -0.10783427, -1.15866947, -0.12055202, 0.00000000, 0.00000000, 0.00000000, 0.00000000
5, 0.6900, 69, -0.32268667, -0.41248825, 0.75041914, 290.47280884, 0.96082610, 90.76625061, -28.79274940, 4.91084480, -118.24028015, 137.18995667, 7.61136246, -24.10522079, 0.34322339, -0.91355079, 0.17028873, 0.13647136, -0.08451337, -1.01900733, -0.11048812, 0.00000000, 0.00000000, 0.00000000, 0.00000000
5, 0.7000, 70, -0.34050703, -0.53959835, 0.62057596, 270.30197144, -8.97058105, 84.38928986, -29.49429893, 3.77082729, -116.60333252, 139.88179016, 7.91515398, -22.83580017, 0.32256582, -0.92323983, 0.16230756, 0.13128562, -0.07576701, -0.80276871, -0.10488048, 0.00000000, 0.00000000, 0.00000000, 0.00000000
5, 0.7100, 71, -0.34665745, -0.60499382, 0.52927542, 249.01049805, -23.61423683, 83.13703918, -30.60508537, 2.80619693, -114.67407227, 142.44233704, 8.10581684, -21.78450203, 0.30268183, -0.93168581, 0.15611394, 0.12638777, -0.06354517, -0.65560895, -0.07576682, 0.00000000, 0.00000000, 0.00000000, 0.00000000
5, 0.7200, 72, -0.36805800, -0.65380502, 0.47601619, 230.42440796, -36.55483246, 83.74868774, -31.30663490, 2.04618526, -113.00788879, 151.24147034, 8.82878494, -9.41426468, 0.24064963, -0.96411049, 0.06020583, 0.09462571, -0.04462191, -0.52567470, -0.05279275, 0.00000000, 0.00000000, 0.00000000, 0.00000000
5, 0.7300, 73, -0.40647411, -0.67495775, 0.43253344, 214.10540771, -45.01329041, 81.26612854, -31.94972229, 1.60771704, -111.10786438, 153.57698059, 8.78837299, -8.71203423, 0.22155152, -0.96919739, 0.05626578, 0.09168246, 0.00062188, -0.37289912, -0.00397662, 0.00000000, 0.00000000, 0.00000000, 0.00000000
2, 0.6300, 63, -0.25289583, -0.98838812, 1.13171899, -148.65388489, 413.86938477, 161.63548279, 44.05144501, 18.88336754, 22.82958221, 177.60931396, 5.09867096, 44.06362915, 0.03600083, -0.92550874, -0.37552857, 0.03340460, 0.61156547, -1.49112904, 0.93661046, 0.00000000, 0.00000000, 0.00000000, 0.00000000
5, 0.7400, 74, -0.45801914, -0.68682647, 0.46265924, 196.29637146, -44.95185852, 72.25803375, -31.94972229, 1.60771704, -111.10786438, 155.72209167, 8.75773716, -8.09856987, 0.20387554, -0.97348708, 0.05281874, 0.08926348, 0.02445336, -0.35472614, -0.04024576, 0.00000000, 0.00000000, 0.00000000, 0.00000000
5, 0.7500, 75, -0.53276420, -0.73121440, 0.58850032, 173.31394958, -37.02839279, 59.61241531, -32.65127182, -1.14001751, -109.52937317, 157.59191895, 8.74156380, -7.53006744, 0.18841185, -0.97694999, 0.04945007, 0.08731859, 0.01633249, -0.39465207, -0.16147383, 0.00000000, 0.00000000, 0.00000000, 0.00000000
2, 0.6400, 64, -0.14377666, -0.88895118, 1.17609572, -155.54698181, 433.89404297, 145.02748108, 45.86378098, 17.04179955, 25.25577354, -179.17784119, 5.52437353, 47.95765686, 0.01303590, -0.91275126, -0.40560037, 0.04694293, 0.46697003, -1.43756771, 0.91056776, 0.00000000, 0.00000000, 0.00000000, 0.00000000
5, 0.7600, 76, -0.62289041, -0.81679606, 0.71199691, 148.25035095, -23.70335197, 51.22313690, -33.49897766, 0.17538731, -107.80473328, 159.16423035, 8.68360424, -6.97951126, 0.17544112, -0.97970730, 0.04603049, 0.08529547, 0.00170206, -0.41155565, -0.31952280, 0.00000000, 0.00000000, 0.00000000, 0.00000000
2, 0.6500, 65, -0.05239312, -0.70365137, 1.21793652, -149.31272888, 428.06945801, 130.87464905, 48.23151016, 18.88336754, 28.52966881, -176.00216675, 5.84587574, 51.76212311, -0.00909684, -0.89876139, -0.43407086, 0.06105635, 0.26781428, -1.34767067, 0.94058943, 0.00000000, 0.00000000, 0.00000000, 0.00000000
5, 0.7700, 77, -0.71614128, -0.93970919, 0.77565855, 124.28371429, -8.97097778, 47.02465057, -33.29435730, -1.84156680, -107.04472351, 164.35490417, 7.98901033, -1.59151876, 0.13480382, -0.98832405, 0.00424517, 0.07089156, -0.00926987, -0.34673491, -0.46996722, 0.00000000, 0.00000000, 0.00000000, 0.00000000
5, 0.7800, 78, -0.79830563, -1.08478332, 0.80379415, 100.71497345, 8.73351288, 45.41569901, -34.11283112, -1.05232382, -105.84624481, 165.36158752, 7.70578957, -1.06229675, 0.12648636, -0.98964685, 0.00061372, 0.06782294, -0.03319379, -0.21267214, -0.60175288, 0.00000000, 0.00000000, 0.00000000, 0.00000000
2, 0.6600, 66, 0.18289606, -0.60093689, 1.25019419, -123.57722473, 398.04797363, 122.95535278, 50.13153839, 18.59105492, 32.41742325, -172.95668030, 5.95456505, 55.18902969, -0.03035183, -0.88485831, -0.45888472, 0.07435977, 0.04850522, -1.28341055, 0.80438077, 0.00000000, 0.00000000, 0.00000000, 0.00000000
5, 0.7900, 79, -0.85390675, -1.18322396, 0.78380430, 75.37113190, 26.66549301, 46.04304886, -34.11283112, -1.05232382, -105.84624481, 166.07804871, 7.29160166, -0.55038631, 0.12064395, -0.99064559, -0.00294846, 0.06369975, -0.03379920, -0.12226754, -0.68248200, 0.00000000, 0.00000000, 0.00000000, 0.00000000
2, 0.6700, 67, 0.36815867, -0.61119413, 1.21181536, -86.04779053, 355.82800293, 113.47184753, 50.97924423, 18.15258598, 34.90207672, -159.42926025, 6.96263599, 56.13209915, -0.12915359, -0.87172520, -0.45250702, 0.13657278, -0.03213477, -1.15709054, 0.61911654, 0.00000000, 0.00000000, 0.00000000, 0.00000000
2, 0.6800, 68, 0.51789421, -0.70145684, 1.17607975, -52.20185089, 304.20220947, 108.44390106, 50.97924423, 18.15258598, 34.90207672, -156.82868958, 6.30219412, 58.32823181, -0.14886650, -0.85952234, -0.46702203, 0.14474331, -0.03220519, -0.98143625, 0.39032713, 0.00000000, 0.00000000, 0.00000000, 0.00000000
2, 0.6900, 69, 0.58929032, -0.84593284, 1.17028701, -30.28519440, 251.92767334, 101.10752869, 51.97310638, 16.80795097, 37.03595352, -154.60081482, 5.61794996, 60.00282288, -0.16625074, -0.84919894, -0.47787255, 0.15119424, 0.02607226, -0.99473155, 0.23939680, 0.00000000, 0.00000000, 0.00000000, 0.00000000
5, 0.8000, 80, -0.79241413, -1.22675180, 0.70735347, 51.44211197, 37.43155670, 44.58877182, -34.46360779, -1.11078632, -106.10932159, 166.53573608, 6.80218792, -0.09711996, 0.11697173, -0.99136138, -0.00611440, 0.05901552, -0.08311296, -0.02628032, -0.63165301, 0.00000000, 0.00000000, 0.00000000, 0.00000000
2, 0.7000, 70, 0.65476346, -1.08265650, 1.28985870, -24.69384003, 211.75820923, 87.20360565, 53.20081711, 16.57410049, 39.11137009, -152.73603821, 4.97480488, 61.37675858, -0.18096197, -0.84016347, -0.48672748, 0.15644334, 0.11725235, -1.16571283, 0.07403074, 0.00000000, 0.00000000, 0.00000000, 0.00000000
2, 0.7100, 71, 0.76410967, -1.17040277, 1.40728676, -42.72083664, 174.26623535, 72.17013550, 53.55159378, 16.01870728, 40.54370117, -151.32928467, 4.32317591, 62.65256119, -0.19235298, -0.83188915, -0.49538648, 0.15985315, 0.07180063, -1.28347754, -0.04711002, 0.00000000, 0.00000000, 0.00000000, 0.00000000
2, 0.7200, 72, 0.81614411, -1.15540874, 1.39144194, -67.93412018, 150.08047485, 56.47957611, 53.55159378, 16.01870728, 40.54370117, -144.38330078, 3.49530792, 62.17884064, -0.24678974, -0.81976682, -0.48341662, 0.18271740, 0.02366224, -1.22316027, -0.10832207, 0.00000000, 0.00000000, 0.00000000, 0.00000000
2, 0.7300, 73, 0.86143857, -1.08936954, 1.38605881, -90.98818207, 133.12882996, 40.18683624, 53.66851807, 15.96024513, 41.82987213, -143.69712830, 2.71702194, 63.51469421, -0.25295752, -0.81163174, -0.49371037, 0.18307483, -0.06529289, -1.11483765, -0.16063273, 0.00000000, 0.00000000, 0.00000000, 0.00000000
5, 0.8100, 81, -0.69212377, -1.18789744, 0.58520639, 27.52243614, 40.11242676, 43.30971146, -34.25898743, -0.73078048, -105.37854004, 166.76696777, 6.27597809, 0.23669031, 0.11516324, -0.99183500, -0.00835612, 0.05413849, -0.10865938, 0.05026465, -0.48418346, 0.00000000, 0.00000000, 0.00000000, 0.00000000
2, 0.7400, 74, 0.92685425, -0.93056911, 1.33881748, -104.12981415, 119.19766235, 29.85257721, 53.81467438, 15.90178299, 42.82373428, -143.24139404, 1.95136142, 64.87513733, -0.25740525, -0.80368888, -0.50441420, 0.18273789, -0.22070454, -1.00110471, -0.14647062, 0.00000000, 0.00000000, 0.00000000, 0.00000000
2, 0.7500, 75, 0.99974287, -0.76523393, 1.24211383, -99.34978485, 102.77704620, 26.44412613, 54.31160355, 15.43408298, 43.64220810, -142.91441345, 1.23011470, 66.10333252, -0.26098615, -0.79648221, -0.51419032, 0.18196325, -0.36882439, -0.84177530, -0.14462718, 0.00000000, 0.00000000, 0.00000000, 0.00000000
2, 0.7600, 76, 1.05278742, -0.66133583, 1.09692955, -78.64608002, 80.11022949, 29.13478279, 54.86699677, 14.64484024, 44.51914597, -142.65069580, 0.58311373, 67.03327179, -0.26428893, -0.79072106, -0.52174258, 0.18082145, -0.44249880, -0.66331637, -0.16898955, 0.00000000, 0.00000000, 0.00000000, 0.00000000
5, 0.8200, 82, -0.59916890, -1.10470784, 0.45150849, 11.81967354, 29.63088799, 42.62882996, -34.49283981, -0.87693655, -105.02777100, 166.36802673, 6.41807747, -0.76046795, 0.11812392, -0.99139774, -0.00006447, 0.05636850, -0.10037582, 0.10375074, -0.30904251, 0.00000000, 0.00000000, 0.00000000, 0.00000000
5, 0.8300, 83, -0.54261613, -1.00394034, 0.35575911, 1.26206052, 14.32879448, 42.18817902, -35.13592529, -1.08155513, -105.49546814, 166.46673584, 5.98380566, -0.77110827, 0.11731411, -0.99169958, 0.00052338, 0.05262185, -0.06236837, 0.11131889, -0.16551352, 0.00000000, 0.00000000, 0.00000000, 0.00000000
5, 0.8400, 84, -0.57460546, -0.93844032, 0.29872382, -6.51997757, -1.04062581, 41.92090607, -35.13592529, -1.08155513, -105.49546814, 166.55802917, 5.61134386, -0.94387120, 0.11649036, -0.99195087, 0.00244181, 0.04957343, 0.00836853, 0.11677387, -0.11413722, 0.00000000, 0.00000000, 0.00000000, 0.00000000
5, 0.8500, 85, -0.65971959, -0.90799308, 0.34589601, -15.42183208, -8.79006195, 43.05881500, -35.80824280, -0.55539316, -105.37854004, 166.60882568, 5.25227404, -1.23134851, 0.11597662, -0.99213666, 0.00531893, 0.04675508, 0.06705928, 0.06197226, -0.16859761, 0.00000000, 0.00000000, 0.00000000, 0.00000000
2, 0.7700, 77, 1.07872117, -0.63574034, 0.95189768, -50.86494827, 50.19086075, 33.25414658, 54.86699677, 14.64484024, 44.51914597, -140.58914185, 3.82393193, 61.24958038, -0.27399275, -0.81540817, -0.46963391, 0.19870000, -0.42354363, -0.51071477, -0.21720913, 0.00000000, 0.00000000, 0.00000000, 0.00000000
2, 0.7800, 78, 1.04436052, -0.66440034, 0.81988537, -26.35548401, 18.68151093, 34.96065521, 54.98392105, 15.14177132, 44.43145370, -140.47676086, 3.38268924, 61.39560699, -0.27642253, -0.81397372, -0.47165424, 0.19641694, -0.29851729, -0.38037869, -0.25154793, 0.00000000, 0.00000000, 0.00000000, 0.00000000
2, 0.7900, 79, 0.92725480, -0.72731215, 0.72723866, -8.03620243, -17.13895798, 31.36992455, 54.77930450, 15.20023346, 45.04530716, -140.56143188, 3.07860351, 61.20475769, -0.27743998, -0.81456739, -0.47124884, 0.19347228, -0.16041824, -0.31975749, -0.20902240, 0.00000000, 0.00000000, 0.00000000, 0.00000000
2, 0.8000, 80, 0.81625199, -0.80031908, 0.66666800, -10.86532402, -35.75431824, 24.29491615, 54.57468414, 14.35252857, 44.13914108, -140.82855225, 2.82501197, 60.93963242, -0.27705818, -0.81597131, -0.47047758, 0.18994853, -0.02696542, -0.29529345, -0.16754216, 0.00000000, 0.00000000, 0.00000000, 0.00000000
2, 0.8100, 81, 0.75257504, -0.84319401, 0.60336018, -30.36515236, -45.16102219, 18.03244019, 54.42852783, 13.85559750, 44.05144501, -141.29290771, 2.52518082, 60.76428604, -0.27530244, -0.81741881, -0.47076955, 0.18550250, 0.05739576, -0.25905880, -0.14760506, 0.00000000, 0.00000000, 0.00000000, 0.00000000
5, 0.8600, 86, -0.75792092, -0.85175991, 0.41634110, -29.02766037, 8.07942390, 45.73723221, -35.83747482, -0.70154923, -106.02162933, 166.48692322, 4.77333307, -1.47832489, 0.11700580, -0.99217427, 0.00790080, 0.04286692, 0.13851087, -0.02915097, -0.22671846, 0.00000000, 0.00000000, 0.00000000, 0.00000000
5, 0.8700, 87, -0.82116437, -0.76411021, 0.44805095, -37.16441727, 31.43222046, 48.00984192, -36.53902435, 0.52616191, -106.16778564, 167.97346497, 1.83462250, 1.95099664, 0.10500174, -0.99419749, -0.01860587, 0.01413573, 0.19847555, -0.10507160, -0.22327101, 0.00000000, 0.00000000, 0.00000000, 0.00000000
5, 0.8800, 88, -0.78732729, -0.70857322, 0.46082392, -38.94445801, 45.02961731, 49.02259064, -36.68518066, -0.40923706, -106.37240601, 167.63122559, 1.14467657, 1.90113986, 0.10787345, -0.99397606, -0.01756840, 0.00814241, 0.15073809, -0.13306651, -0.16852808, 0.00000000, 0.00000000, 0.00000000, 0.00000000
5, 0.8900, 89, -0.67394662, -0.69987702, 0.42332408, -38.65072632, 47.06764603, 48.38390732, -37.03595352, -0.40923706, -106.72318268, 167.28042603, 0.45077354, 1.87445664, 0.11082023, -0.99369818, -0.01669189, 0.00209712, 0.06579785, -0.11513373, -0.07760008, 0.00000000, 0.00000000, 0.00000000, 0.00000000
5, 0.9000, 90, -0.54696786, -0.68759739, 0.35001013, -38.33194733, 34.52120590, 44.40032196, -37.03595352, 0.76001167, -106.72318268, 166.97644043, -0.14962327, 1.77184081, 0.11337432, -0.99343121, -0.01521378, -0.00305060, -0.01405898, -0.07084891, 0.04145693, 0.00000000, 0.00000000, 0.00000000, 0.00000000
2, 0.8200, 82, 0.74275458, -0.75326627, 0.51821691, -52.31471634, -47.60932922, 16.40504837, 54.42852783, 13.85559750, 44.05144501, -141.62887573, 2.29042673, 60.45868301, -0.27438095, -0.81917262, -0.46972957, 0.18172881, 0.01706883, -0.15202640, -0.10582098, 0.00000000, 0.00000000, 0.00000000, 0.00000000
2, 0.8300, 83, 0.72977215, -0.63264757, 0.41464686, -56.65835571, -41.63668823, 22.01019478, 54.19467926, 14.67407131, 43.70067215, -142.19560242, 1.81998527, 60.46556091, -0.27229145, -0.81988204, -0.47185582, 0.17607656, -0.03877219, -0.01462878, -0.05064633, 0.00000000, 0.00000000, 0.00000000, 0.00000000
2, 0.8400, 84, 0.73025405, -0.57927352, 0.30118632, -43.08736801, -33.02464676, 30.94884682, 53.96083069, 14.23560333, 43.17451096, -142.59260559, 1.33932757, 60.41045380, -0.27154776, -0.82041836, -0.47325820, 0.17088717, -0.05109791, 0.10441268, -0.04330694, 0.00000000, 0.00000000, 0.00000000, 0.00000000
2, 0.8500, 85, 0.70912385, -0.55059600, 0.21585718, -17.49941826, -26.18406677, 39.23024368, 53.63928604, 14.03098488, 42.94065857, -142.76754761, 0.91341466, 60.20429230, -0.27237734, -0.82111728, -0.47308475, 0.16663671, -0.04101177, 0.19064197, -0.02717062, 0.00000000, 0.00000000, 0.00000000, 0.00000000
2, 0.8600, 86, 0.69338530, -0.61612028, 0.17354247, 10.34885025, -21.44331169, 42.32413101, 53.43466949, 13.12481689, 42.26834106, -142.73834229, 0.59847397, 59.83618546, -0.27442482, -0.82214016, -0.47117192, 0.16362640, 0.02479632, 0.20324606, -0.05767462, 0.00000000, 0.00000000, 0.00000000, 0.00000000
2, 0.8700, 87, 0.67185992, -0.74498272, 0.16397263, 28.87059021, -17.69034386, 37.67697906, 53.43466949, 13.12481689, 42.26834106, -144.83174133, -1.85425997, 63.61608124, -0.26483199, -0.80742794, -0.50653541, 0.14610361, 0.12344304, 0.15502751, -0.10537636, 0.00000000, 0.00000000, 0.00000000, 0.00000000
2, 0.8800, 88, 0.65047413, -0.84633625, 0.15198168, 28.83969879, -16.69311714, 27.35982895, 54.13621521, 13.41712952, 42.53142166, -144.69129944, -1.96163166, 63.21814728, -0.26679316, -0.80869460, -0.50378424, 0.14503755, 0.18405017, 0.10448490, -0.12833759, 0.00000000, 0.00000000, 0.00000000, 0.00000000
2, 0.8900, 89, 0.62558156, -0.88836950, 0.16978990, 10.76655197, -13.92196560, 18.62131691, 53.72697830, 12.51096153, 42.67757797, -144.66670227, -2.07678556, 62.98971176, -0.26775107, -0.80946636, -0.50239134, 0.14379402, 0.22240448, 0.07255225, -0.12676582, 0.00000000, 0.00000000, 0.00000000, 0.00000000
2, 0.9000, 90, 0.61771417, -0.87307787, 0.17327112, -16.35474777, -7.42687321, 13.06530952, 53.63928604, 11.92633724, 42.85296631, -144.77473450, -2.27058077, 63.00511551, -0.26780245, -0.80935735, -0.50305575, 0.14197709, 0.21144296, 0.07447756, -0.11099015, 0.00000000, 0.00000000, 0.00000000, 0.00000000
2, 0.9100, 91, 0.61107975, -0.81642812, 0.16387197, -44.97959137, 0.20700628, 10.54506588, 53.20081711, 12.21864891, 42.56065369, -145.00759888, -2.57571673, 63.27223587, -0.26714519, -0.80825889, -0.50588310, 0.13940389, 0.17095612, 0.10261344, -0.07615244, 0.00000000, 0.00000000, 0.00000000, 0.00000000
2, 0.9200, 92, 0.61854631, -0.68032902, 0.13886471, -64.96596527, 8.96678638, 10.42678452, 53.20081711, 12.21864891, 42.56065369, -147.36129761, -3.46540427, 65.51157379, -0.25190204, -0.80213559, -0.52616793, 0.12755930, 0.06355590, 0.16744186, -0.00895625, 0.00000000, 0.00000000, 0.00000000, 0.00000000
2, 0.9300, 93, 0.64725375, -0.58056676, 0.11351500, -70.36379242, 16.86575890, 11.88886261, 53.63928604, 12.13095570, 41.94680023, -147.63394165, -3.87380886, 66.07388306, -0.25120848, -0.79950631, -0.53117514, 0.12464704, -0.03351215, 0.20294872, 0.03126758, 0.00000000, 0.00000000, 0.00000000, 0.00000000
2, 0.9400, 94, 0.68049967, -0.50394940, 0.08311875, -61.04955292, 21.37001991, 15.65163994, 54.25314331, 10.64016342, 42.12218475, -147.80786133, -4.27069998, 66.59146118, -0.25122997, -0.79685289, -0.53570843, 0.12217014, -0.10748756, 0.25765994, 0.03899131, 0.00000000, 0.00000000, 0.00000000, 0.00000000
5, 0.9100, 91, -0.45460773, -0.65070117, 0.28148928, -35.83022690, 15.48001289, 36.02787781, -36.83133698, 0.96463019, -107.39550018, 166.75228882, -0.58569807, 1.56895638, 0.11526942, -0.99322677, -0.01301020, -0.00665585, -0.05389480, -0.04435286, 0.15299368, 0.00000000, 0.00000000, 0.00000000, 0.00000000
5, 0.9200, 92, -0.43473622, -0.60648954, 0.24730949, -30.60516167, -14.68644905, 24.83184052, -37.09441757, 1.66617942, -106.98625946, 166.70675659, -0.39096910, 0.76778495, 0.11571997, -0.99325341, -0.00626017, -0.00416434, -0.03962354, -0.04720631, 0.20909317, 0.00000000, 0.00000000, 0.00000000, 0.00000000
5, 0.9300, 93, -0.49057040, -0.57282066, 0.23825869, -26.06569672, -32.86589813, 17.57566643, -37.59134674, 1.52002335, -107.04472351, 166.72111511, -0.42982349, 0.31477067, 0.11561004, -0.99328387, -0.00229476, -0.00404333, 0.02773164, -0.06090049, 0.20133534, 0.00000000, 0.00000000, 0.00000000, 0.00000000
5, 0.9400, 94, -0.65871543, -0.57680202, 0.24839295, -22.56908607, -39.26888275, 12.73412132, -37.56211472, -0.32154340, -107.60011292, 166.77555847, -0.39161950, -0.15137909, 0.11515319, -0.99334103, 0.00170576, -0.00324267, 0.15699717, -0.06562026, 0.09323815, 0.00000000, 0.00000000, 0.00000000, 0.00000000
5, 0.9500, 95, -0.80599648, -0.60416579, 0.28393400, -21.11024666, -29.63012123, 10.01843739, -37.56211472, -0.32154340, -107.60011292, 166.78543091, -0.37171823, -0.52814817, 0.11507691, -0.99334061, 0.00495155, -0.00269195, 0.24946198, -0.07588750, -0.02969999, 0.00000000, 0.00000000, 0.00000000, 0.00000000
5, 0.9600, 96, -0.87244433, -0.60912168, 0.28375122, -21.34035873, -3.45161462, 9.12057304, -37.70827103, 1.81233561, -107.48319244, 166.66596985, -0.46511075, -0.70630670, 0.11612123, -0.99320769, 0.00659314, -0.00331573, 0.29959524, -0.07380729, -0.07280390, 0.00000000, 0.00000000, 0.00000000, 0.00000000
2, 0.9500, 95, 0.74783576, -0.49342236, 0.10455742, -40.97023773, 26.56539536, 17.83841133, 54.31160355, 10.52323914, 42.38526535, -147.81550598, -4.59582806, 66.99761200, -0.25222033, -0.79444420, -0.53913474, 0.12073545, -0.16713296, 0.24071175, -0.00559874, 0.00000000, 0.00000000, 0.00000000, 0.00000000
5, 0.9700, 97, -0.87024391, -0.59917128, 0.25593704, -20.80228996, 25.49089050, 8.71696281, -37.56211472, 1.98772287, -108.00935364, 167.01225281, -3.85382843, 2.52653790, 0.11226949, -0.99286461, -0.01809063, -0.03589277, 0.29605258, -0.05894943, -0.05218863, 0.00000000, 0.00000000, 0.00000000, 0.00000000
2, 0.9600, 96, 0.78186971, -0.54563308, 0.12265514, -20.50955200, 28.05269432, 19.10350037, 54.31160355, 10.52323914, 42.23910904, -147.68162537, -4.84239388, 67.26704407, -0.25398555, -0.79247731, -0.54131013, 0.12022727, -0.15780292, 0.20453662, -0.05797889, 0.00000000, 0.00000000, 0.00000000, 0.00000000
5, 0.9800, 98, -0.77802253, -0.60437787, 0.23572657, -19.14300537, 47.57365036, 10.81706810, -38.14673996, 2.28003502, -108.59397888, 166.66081238, -4.19440603, 2.74034476, 0.11516412, -0.99238497, -0.01948493, -0.03911221, 0.18061405, -0.03730645, 0.00849270, 0.00000000, 0.00000000, 0.00000000, 0.00000000
2, 0.9700, 97, 0.84787679, -0.63827950, 0.16643900, -5.67014790, 24.50843430, 21.89043999, 53.63928604, 12.01403046, 42.23910904, -149.35237122, -3.60599113, 67.74569702, -0.23622468, -0.79572755, -0.54417390, 0.12202653, -0.13724549, 0.12379047, -0.14836459, 0.00000000, 0.00000000, 0.00000000, 0.00000000
5, 0.9900, 99, -0.65938842, -0.64075279, 0.19440109, -17.81127167, 51.61393738, 14.96247005, -37.53288651, 1.66617942, -108.47705078, 166.31298828, -4.58672523, 2.98223281, 0.11798873, -0.99186826, -0.02104922, -0.04281573, 0.07733537, 0.01177899, 0.07538281, 0.00000000, 0.00000000, 0.00000000, 0.00000000
2, 0.9800, 98, 0.88720888, -0.72169119, 0.19063924, -3.34862876, 17.98152542, 23.72851181, 53.52236176, 11.83864307, 42.85296631, -149.16418457, -3.82235456, 67.82112122, -0.23845166, -0.79465139, -0.54487962, 0.12155753, -0.08942523, 0.05145701, -0.20703469, 0.00000000, 0.00000000, 0.00000000, 0.00000000
5, 1.0000, 100, -0.55723345, -0.67413282, 0.13551211, -16.07692528, 41.18175888, 17.77632904, -37.53288651, 1.66617942, -108.47705078, 166.04322815, -4.95276117, 3.14882660, 0.12015783, -0.99143493, -0.02199869, -0.04620625, -0.00486563, 0.07365114, 0.14314143, 0.00000000, 0.00000000, 0.00000000, 0.00000000
2, 0.9900, 99, 0.94125623, -0.76918018, 0.19169874, -8.64894485, 7.82784081, 23.56113625, 53.14235687, 11.54633141, 42.26834106, -149.08174133, -4.06658983, 67.86747742, -0.24010383, -0.79388362, -0.54554498, 0.12033192, -0.08889902, 0.03357211, -0.27747327, 0.00000000, 0.00000000, 0.00000000, 0.00000000
5, 1.0100, 101, -0.51664549, -0.70312202, 0.09137067, -13.58944130, 22.19124222, 17.50233269, -37.91289139, -1.69541073, -108.47705078, 165.89195251, -5.22663784, 3.18736267, 0.12137207, -0.99117088, -0.02197499, -0.04864442, -0.03999154, 0.12304415, 0.16992933, 0.00000000, 0.00000000, 0.00000000, 0.00000000
2, 1.0000, 100, 0.97939122, -0.79179037, 0.19211401, -16.84362030, -5.78802395, 22.09082413, 53.69775009, 11.37094402, 42.26834106, -149.15182495, -4.34125090, 67.88665009, -0.24086805, -0.79351294, -0.54623240, 0.11810976, -0.09835613, 0.02397306, -0.32074165, 0.00000000, 0.00000000, 0.00000000, 0.00000000
5, 1.0200, 102, -0.54216063, -0.73416960, 0.08239627, -11.87326241, 0.05218633, 13.86819839, -38.11750793, 2.45542240, -108.85705566, 163.79876709, -5.19461107, 3.42820811, 0.13936259, -0.98875356, -0.02320068, -0.04905444, -0.03339618, 0.13948829, 0.13672557, 0.00000000, 0.00000000, 0.00000000, 0.00000000
5, 1.0300, 103, -0.61756867, -0.76428151, 0.09280071, -10.10770035, -19.00163078, 9.41314411, -37.32826614, 2.36772871, -109.17860413, 163.86309814, -5.21527576, 3.19730949, 0.13890003, -0.98886901, -0.02121020, -0.04893988, 0.01007564, 0.12454362, 0.06068224, 0.00000000, 0.00000000, 0.00000000, 0.00000000
2, 1.0100, 101, 0.97387803, -0.78205723, 0.19398399, -24.70932961, -21.02913094, 19.07726860, 53.69775009, 11.37094402, 42.26834106, -149.38890076, -4.63213444, 67.87078094, -0.24058609, -0.79363197, -0.54686761, 0.11490186, -0.10814816, 0.02326412, -0.30944952, 0.00000000, 0.00000000, 0.00000000, 0.00000000
5, 1.0400, 104, -0.71645230, -0.79015934, 0.08660045, -8.62270451, -27.95366669, 5.57048893, -38.70213318, 2.39696002, -108.94475555, 163.97155762, -5.16101122, 2.91535378, 0.13809879, -0.98906887, -0.01888946, -0.04811195, 0.07999568, 0.14714527, -0.01117882, 0.00000000, 0.00000000, 0.00000000, 0.00000000
5, 1.0500, 105, -0.79292148, -0.80449140, 0.07539150, -7.86094522, -25.64234734, 1.67251265, -38.70213318, 2.39696002, -108.94475555, 164.05749512, -5.08011246, 2.66615653, 0.13748185, -0.98923993, -0.01687289, -0.04710079, 0.13992399, 0.16643199, -0.05983609, 0.00000000, 0.00000000, 0.00000000, 0.00000000
2, 1.0200, 102, 0.94528121, -0.73625153, 0.19395578, -28.00545311, -33.46431351, 12.65688038, 53.46389771, 11.34171295, 42.23910904, -151.13449097, -3.46912837, 67.93446350, -0.22299588, -0.79860026, -0.54709488, 0.11488169, -0.12495739, 0.03128128, -0.25605363, 0.00000000, 0.00000000, 0.00000000, 0.00000000
5, 1.0600, 106, -0.82834619, -0.83468342, 0.06689194, -7.23973560, -16.23205566, -2.72045898, -38.32212830, 2.63080978, -109.12014008, 164.07977295, -4.99881840, 2.50537181, 0.13737518, -0.98931807, -0.01559278, -0.04620318, 0.15873949, 0.19263944, -0.09541818, 0.00000000, 0.00000000, 0.00000000, 0.00000000
2, 1.0300, 103, 0.88551992, -0.67458451, 0.20071764, -25.00446129, -44.27521515, 1.69602120, 53.87313461, 11.31248188, 41.44986725, -151.59904480, -3.62431169, 67.82243347, -0.22059019, -0.79981357, -0.54702711, 0.11135323, -0.12438600, 0.02765873, -0.15958107, 0.00000000, 0.00000000, 0.00000000, 0.00000000
5, 1.0700, 107, -0.82246399, -0.86996996, 0.06829989, -8.44855022, -3.56022549, -5.04947281, -38.26366425, 2.10464764, -109.55860901, 162.37405396, -5.90789080, 3.29558921, 0.15147887, -0.98669958, -0.02048607, -0.05530352, 0.13385041, 0.20617630, -0.11724111, 0.00000000, 0.00000000, 0.00000000, 0.00000000
2, 1.0400, 104, 0.88979447, -0.65081334, 0.22296073, -19.44171524, -45.87611008, -16.15746880, 52.96696854, 11.16632557, 41.71294785, -152.10086060, -3.59674692, 67.70309448, -0.21707040, -0.80138022, -0.54663122, 0.10892524, -0.15272890, 0.00900445, -0.14158037, 0.00000000, 0.00000000, 0.00000000, 0.00000000
5, 1.0800, 108, -0.75697052, -0.91151726, 0.08056460, -10.39485645, 10.38436604, -4.77995157, -38.40982056, 2.63080978, -109.32476044, 162.22077942, -5.92551517, 3.32939339, 0.15277652, -0.98648292, -0.02067914, -0.05552759, 0.04506132, 0.20027730, -0.11808265, 0.00000000, 0.00000000, 0.00000000, 0.00000000
5, 1.0900, 109, -0.66797829, -0.93664443, 0.09763294, -15.09776974, 25.06392670, -1.26807272, -38.29289627, 1.11078632, -109.99707794, 161.96549988, -6.04166651, 3.44443369, 0.15487958, -0.98607153, -0.02138523, -0.05672809, -0.04572393, 0.19889081, -0.09033462, 0.00000000, 0.00000000, 0.00000000, 0.00000000
5, 1.1000, 110, -0.62434846, -0.92750168, 0.10058593, -19.85711288, 31.63084984, 4.27696991, -38.29289627, 1.11078632, -109.99707794, 161.66021729, -6.24196148, 3.57232165, 0.15737398, -0.98554736, -0.02205314, -0.05868239, -0.08040917, 0.18623963, -0.06177735, 0.00000000, 0.00000000, 0.00000000, 0.00000000
5, 1.1100, 111, -0.61499977, -0.88879883, 0.08309767, -23.70486259, 31.38469124, 7.36962271, -37.82519531, 1.81233561, -109.70476532, 161.33958435, -6.47578716, 3.67044663, 0.15999781, -0.98498297, -0.02239868, -0.06088977, -0.06715947, 0.17080751, -0.02534623, 0.00000000, 0.00000000, 0.00000000, 0.00000000
2, 1.0500, 105, 0.89037555, -0.64405227, 0.22494364, -14.47814465, -48.52961349, -28.07453537, 52.99620056, 11.66325665, 41.09909439, -152.63134766, -3.44465947, 67.55737305, -0.21278471, -0.80327904, -0.54587001, 0.10719883, -0.15680863, 0.00187556, -0.13371406, 0.00000000, 0.00000000, 0.00000000, 0.00000000
5, 1.1200, 112, -0.61435068, -0.84708190, 0.07025374, -24.21924400, 26.45940208, 5.57627010, -37.88365936, 0.78924292, -110.52323914, 159.49548340, -6.21458435, 4.18051243, 0.17565741, -0.98228496, -0.02619733, -0.05978707, -0.04505887, 0.14363256, 0.00343312, 0.00000000, 0.00000000, 0.00000000, 0.00000000
2, 1.0600, 106, 0.91902590, -0.60801685, 0.20575465, -12.27116585, -51.61365509, -29.14836884, 52.99620056, 11.66325665, 41.09909439, -153.17433167, -3.27922273, 67.37651825, -0.20837052, -0.80535936, -0.54484606, 0.10545464, -0.19128102, 0.02542209, -0.13813391, 0.00000000, 0.00000000, 0.00000000, 0.00000000
2, 1.0700, 107, 0.91655856, -0.58043098, 0.18163814, -11.75981712, -55.57876587, -25.37301826, 52.79158020, 12.36480522, 40.25138855, -154.82015991, -1.07019162, 67.16882324, -0.18662028, -0.81187928, -0.54153621, 0.11297616, -0.19132465, 0.04581308, -0.12022537, 0.00000000, 0.00000000, 0.00000000, 0.00000000
5, 1.1300, 113, -0.62235659, -0.82088470, 0.03732776, -23.50954437, 19.77329826, 1.37686837, -38.14673996, 2.89389062, -110.37708282, 159.21676636, -6.34793615, 4.20565033, 0.17797941, -0.98179412, -0.02605548, -0.06103139, -0.01086618, 0.12947455, 0.02331723, 0.00000000, 0.00000000, 0.00000000, 0.00000000
2, 1.0800, 108, 0.89171875, -0.55379885, 0.13843009, -12.28717136, -61.65266800, -20.89474106, 53.11312485, 11.83864307, 40.51446915, -155.41813660, -1.00217676, 66.90253448, -0.18231785, -0.81417364, -0.54012549, 0.11020908, -0.15447079, 0.07449560, -0.08405957, 0.00000000, 0.00000000, 0.00000000, 0.00000000
5, 1.1400, 114, -0.63329440, -0.78773475, 0.00710048, -22.63778496, 10.11370564, -2.22947955, -37.79596710, 2.10464764, -110.34784698, 158.98431396, -6.41210890, 4.16449547, 0.17996696, -0.98141342, -0.02547612, -0.06156868, 0.02314261, 0.12854277, 0.05087736, 0.00000000, 0.00000000, 0.00000000, 0.00000000
5, 1.1500, 115, -0.63414943, -0.76216745, 0.01253004, -21.73713112, 1.79818451, -2.29893970, -38.02981567, 2.10464764, -110.34784698, 158.80485535, -6.44444275, 4.06107283, 0.18154651, -0.98113918, -0.02444183, -0.06172130, 0.03312881, 0.10525815, 0.06241650, 0.00000000, 0.00000000, 0.00000000, 0.00000000
2, 1.0900, 109, 0.88805133, -0.52881366, 0.08238504, -11.91125584, -69.69544220, -17.46310043, 52.76234818, 12.59865570, 39.08213806, -156.06272888, -0.97920430, 66.57524872, -0.17793320, -0.81675154, -0.53837264, 0.10682516, -0.15245873, 0.12589952, -0.07596925, 0.00000000, 0.00000000, 0.00000000, 0.00000000
5, 1.1600, 116, -0.66286945, -0.74960947, 0.03310191, -20.76928711, -1.11838508, 0.58113194, -38.02981567, 1.19848001, -110.34784698, 158.66024780, -6.49095535, 3.93421602, 0.18283477, -0.98091573, -0.02320224, -0.06194758, 0.05369974, 0.07882240, 0.04180624, 0.00000000, 0.00000000, 0.00000000, 0.00000000
2, 1.1000, 110, 0.86269277, -0.51629961, 0.04247534, -9.35708237, -77.84293365, -14.93004799, 53.11312485, 12.68634892, 38.67290115, -156.74473572, -0.98748529, 66.17231750, -0.17347088, -0.81967789, -0.53613186, 0.10295051, -0.13448523, 0.15683317, -0.05283358, 0.00000000, 0.00000000, 0.00000000, 0.00000000
5, 1.1700, 117, -0.69795918, -0.74682307, 0.04299218, -19.81292343, 0.16419117, 4.84084225, -38.32212830, 3.50774622, -110.93247223, 157.95751953, -7.42606354, 3.90175366, 0.18849753, -0.97934973, -0.02097156, -0.07002239, 0.07452936, 0.06511063, 0.01530830, 0.00000000, 0.00000000, 0.00000000, 0.00000000
5, 1.1800, 118, -0.73402560, -0.76954854, 0.08864595, -19.85361671, 5.94945431, 9.08036041, -38.49751663, 3.50774622, -110.72785950, 157.81449890, -7.57392836, 3.82436299, 0.18970858, -0.97905302, -0.01997253, -0.07118268, 0.06259271, 0.03495190, -0.04840064, 0.00000000, 0.00000000, 0.00000000, 0.00000000
2, 1.1100, 111, 0.83620125, -0.51194787, 0.02627090, -5.90439224, -82.98846436, -12.87815952, 53.11312485, 12.68634892, 38.67290115, -157.43800354, -1.01685703, 65.70750427, -0.16904776, -0.82285374, -0.53345239, 0.09880935, -0.11778130, 0.16234250, -0.02770911, 0.00000000, 0.00000000, 0.00000000, 0.00000000
2, 1.1200, 112, 0.80464721, -0.51746398, 0.01744969, -2.88257265, -83.39984131, -9.48997974, 52.58696365, 13.15404797, 38.49751663, -159.74476624, -0.15986422, 65.06417847, -0.14898886, -0.82982117, -0.52959877, 0.09340475, -0.08953988, 0.15065184, 0.00043778, 0.00000000, 0.00000000, 0.00000000, 0.00000000
5, 1.1900, 119, -0.72454655, -0.79688561, 0.12160525, -20.41294479, 16.30223465, 12.94461823, -38.40982056, 1.75387311, -110.99093628, 157.62280273, -7.79345512, 3.82315397, 0.19125947, -0.97862107, -0.01946821, -0.07308719, 0.02655778, 0.02349032, -0.07781211, 0.00000000, 0.00000000, 0.00000000, 0.00000000
2, 1.1300, 113, 0.78058946, -0.51180154, 0.01144283, -2.16885448, -78.42205811, -4.73755980, 51.82695007, 12.54019260, 36.94826126, -160.36231995, -0.27061832, 64.59314728, -0.14539425, -0.83269435, -0.52681404, 0.08914934, -0.06776734, 0.12800230, 0.03359018, 0.00000000, 0.00000000, 0.00000000, 0.00000000
5, 1.2000, 120, -0.68505728, -0.80877733, 0.10574926, -21.53542328, 27.94114685, 18.17868233, -37.88365936, 1.72464192, -110.96170807, 157.37561035, -8.10224247, 3.90415668, 0.19319205, -0.97802722, -0.01946873, -0.07589887, -0.00953628, 0.03989692, -0.05585255, 0.00000000, 0.00000000, 0.00000000, 0.00000000
5, 1.2100, 121, -0.63519818, -0.79813564, 0.07536175, -20.98773003, 27.01418114, 19.27128983, -37.88365936, 1.72464192, -110.96170807, 157.14147949, -8.41637802, 3.98021007, 0.19500718, -0.97744280, -0.01941426, -0.07874507, -0.03862234, 0.05354281, -0.00652856, 0.00000000, 0.00000000, 0.00000000, 0.00000000
2, 1.1400, 114, 0.78503454, -0.51853013, 0.01386792, -3.25855732, -66.71002960, -2.07104063, 51.71002579, 13.09558582, 36.71440887, -160.88865662, -0.39110237, 64.20251465, -0.14241347, -0.83505052, -0.52452034, 0.08536702, -0.06807491, 0.11390504, 0.03022244, 0.00000000, 0.00000000, 0.00000000, 0.00000000
5, 1.2200, 122, -0.59168994, -0.78010142, 0.04562753, -18.69072533, 19.26571846, 18.56662941, -38.32212830, 2.80619693, -111.54633331, 156.03938293, -8.05233574, 4.49349594, 0.20421186, -0.97562599, -0.02369144, -0.07674748, -0.05622052, 0.05891744, 0.04237942, 0.00000000, 0.00000000, 0.00000000, 0.00000000
5, 1.2300, 123, -0.58127040, -0.76463056, 0.03405403, -15.71131229, 7.75548363, 16.64195061, -38.00058365, 3.56620860, -111.42940521, 155.94548035, -8.26765633, 4.44860172, 0.20494238, -0.97535199, -0.02285103, -0.07851722, -0.04883376, 0.04514778, 0.05900172, 0.00000000, 0.00000000, 0.00000000, 0.00000000
2, 1.1500, 115, 0.81064939, -0.54451132, 0.00221130, -5.84193707, -56.14671326, -0.66033965, 51.65156174, 13.06635475, 35.89593506, -161.34538269, -0.51374227, 63.89776611, -0.13986328, -0.83690906, -0.52277732, 0.08200911, -0.06147077, 0.10647711, -0.00434520, 0.00000000, 0.00000000, 0.00000000, 0.00000000
2, 1.1600, 116, 0.83884734, -0.56685799, -0.00782179, -9.82879925, -49.72887039, 0.90889543, 51.65156174, 13.06635475, 35.89593506, -161.77143860, -0.65061796, 63.66374969, -0.13753513, -0.83838481, -0.52152491, 0.07878292, -0.05977169, 0.09971399, -0.03908025, 0.00000000, 0.00000000, 0.00000000, 0.00000000
2, 1.1700, 117, 0.85835677, -0.57190681, -0.00882179, -12.87502480, -47.87969971, 2.85109568, 51.59310150, 13.03712368, 35.57439423, -163.30918884, 0.00458220, 63.43219376, -0.12344521, -0.84165901, -0.52013886, 0.07633571, -0.06587650, 0.08699490, -0.05422964, 0.00000000, 0.00000000, 0.00000000, 0.00000000
5, 1.2400, 124, -0.59001511, -0.75798380, 0.03925642, -11.70005322, -3.74973702, 14.87951565, -37.70827103, 3.85852075, -111.31247711, 155.94168091, -8.42121887, 4.33237505, 0.20498465, -0.97528309, -0.02157720, -0.07961551, -0.04366747, 0.03652624, 0.05468044, 0.00000000, 0.00000000, 0.00000000, 0.00000000
5, 1.2500, 125, -0.61062354, -0.76708853, 0.04710183, -7.85700464, -11.28808022, 14.68596649, -38.61444092, 3.97544575, -111.89710236, 156.00970459, -8.54007053, 4.17458868, 0.20446227, -0.97536641, -0.02006381, -0.08033166, -0.03662462, 0.03684083, 0.03271287, 0.00000000, 0.00000000, 0.00000000, 0.00000000
5, 1.2600, 126, -0.64081240, -0.77685571, 0.04567154, -3.86937809, -16.08942986, 14.43313408, -38.61444092, 3.97544575, -111.89710236, 156.13420105, -8.63160610, 3.99890161, 0.20348573, -0.97556502, -0.01848868, -0.08077631, -0.01823085, 0.04580801, 0.00971599, 0.00000000, 0.00000000, 0.00000000, 0.00000000
5, 1.2700, 127, -0.68752611, -0.81170022, 0.03857499, -2.26480412, -16.21911049, 15.33849907, -38.52674484, 3.39082146, -111.19555664, 155.68975830, -8.69586658, 4.01640558, 0.20722745, -0.97472841, -0.01820504, -0.08142506, 0.00400992, 0.07294305, -0.03688614, 0.00000000, 0.00000000, 0.00000000, 0.00000000
5, 1.2800, 128, -0.72517598, -0.84775567, 0.05238199, -3.27279592, -13.12444210, 18.12411118, -38.84828949, 4.20929527, -110.99093628, 155.81578064, -8.82995510, 3.86433792, 0.20620616, -0.97489989, -0.01675351, -0.08227091, 0.01046303, 0.07983004, -0.09129196, 0.00000000, 0.00000000, 0.00000000, 0.00000000
5, 1.2900, 129, -0.73130155, -0.85419977, 0.08173648, -6.37135410, -4.74239349, 21.18504524, -38.87752151, 3.80005836, -111.66325378, 155.88189697, -9.02548599, 3.76084733, 0.20563550, -0.97491544, -0.01556094, -0.08373727, -0.00153514, 0.06244971, -0.11337636, 0.00000000, 0.00000000, 0.00000000, 0.00000000
2, 1.1800, 118, 0.86782247, -0.54249859, -0.01500708, -12.54620266, -48.78240204, 4.60214615, 51.38848114, 12.94942951, 34.81438065, -163.73376465, -0.17936452, 63.22854996, -0.12129080, -0.84291399, -0.51911354, 0.07284071, -0.08387261, 0.08324293, -0.04137426, 0.00000000, 0.00000000, 0.00000000, 0.00000000
5, 1.3000, 130, -0.71551788, -0.83250964, 0.09869767, -10.26516533, 4.75813437, 24.52812576, -38.99444580, 4.29698896, -111.83864594, 155.87658691, -9.29068565, 3.71064234, 0.20560578, -0.97474754, -0.01464227, -0.08590142, -0.01440957, 0.03626890, -0.09919950, 0.00000000, 0.00000000, 0.00000000, 0.00000000
5, 1.3100, 131, -0.69910032, -0.79842949, 0.10648645, -13.43079758, 9.64480877, 26.61277199, -38.99444580, 4.29698896, -111.83864594, 155.82759094, -9.59796906, 3.68112826, 0.20591441, -0.97446561, -0.01378830, -0.08846498, -0.01953451, 0.00880804, -0.07285100, 0.00000000, 0.00000000, 0.00000000, 0.00000000
5, 1.3200, 132, -0.69141906, -0.77200770, 0.09823690, -14.71089649, 7.94805241, 25.72984695, -39.46214676, 4.73545742, -111.51709747, 155.99269104, -9.69987774, 3.63162684, 0.20450538, -0.97469991, -0.01330814, -0.08922254, -0.01462126, -0.00084785, -0.04825684, 0.00000000, 0.00000000, 0.00000000, 0.00000000
5, 1.3300, 133, -0.69958842, -0.74926305, 0.08194829, -13.37824821, 1.71925437, 23.75922966, -39.52060699, 4.61853266, -111.25402069, 155.98171997, -9.95603561, 3.53913856, 0.20456362, -0.97451782, -0.01204394, -0.09123483, 0.00648326, 0.00004544, -0.03018365, 0.00000000, 0.00000000, 0.00000000, 0.00000000
5, 1.3400, 134, -0.70934796, -0.73428679, 0.06696900, -10.76243019, -5.21389103, 19.65235901, -39.69599533, 4.67699480, -112.24787903, 156.01596069, -10.14645290, 3.40856361, 0.20429783, -0.97445989, -0.01061267, -0.09261596, 0.02318309, 0.00304109, -0.01965289, 0.00000000, 0.00000000, 0.00000000, 0.00000000
5, 1.3500, 135, -0.72153604, -0.71365118, 0.06541321, -7.37273264, -10.13662434, 14.77735329, -39.84215164, 4.26775789, -111.78018188, 156.08549500, -10.26836014, 3.26206350, 0.20377567, -0.97451025, -0.00920081, -0.09338466, 0.04067960, -0.00746492, -0.01324291, 0.00000000, 0.00000000, 0.00000000, 0.00000000
5, 1.3600, 136, -0.74758762, -0.69395804, 0.05914626, -2.99965549, -11.03308678, 10.12600708, -39.84215164, 4.26775789, -111.78018188, 156.17301941, -10.33395195, 3.13867354, 0.20310579, -0.97462797, -0.00810361, -0.09371624, 0.07164945, -0.01340014, -0.01305445, 0.00000000, 0.00000000, 0.00000000, 0.00000000
5, 1.3700, 137, -0.77062184, -0.70143652, 0.07146634, 2.04754305, -10.03808498, 6.73799038, -39.84215164, 5.14469433, -111.69248962, 156.63883972, -11.05426693, 2.72322416, 0.19921634, -0.97492659, -0.00366764, -0.09908434, 0.07837239, -0.01515009, -0.03698602, 0.00000000, 0.00000000, 0.00000000, 0.00000000
2, 1.1900, 119, 0.88096315, -0.52446014, -0.02344485, -8.21758366, -51.54899979, 5.48415279, 51.09616852, 12.94942951, 34.81438065, -164.15069580, -0.36975619, 62.97481537, -0.11923894, -0.84437466, -0.51769972, 0.06928590, -0.10556497, 0.09105022, -0.04253592, 0.00000000, 0.00000000, 0.00000000, 0.00000000
2, 1.2000, 120, 0.90150476, -0.52511156, -0.02856370, -1.01581943, -57.18051910, 6.03926611, 51.24232483, 13.21251106, 33.70359421, -164.56555176, -0.56467646, 62.63091660, -0.11725834, -0.84622681, -0.51560104, 0.06562173, -0.11853099, 0.08852734, -0.05893466, 0.00000000, 0.00000000, 0.00000000, 0.00000000
2, 1.2100, 121, 0.90497762, -0.54982769, -0.01301591, 4.98575401, -63.76895142, 6.71838570, 51.24232483, 13.21251106, 33.70359421, -164.99143982, -0.77146518, 62.20051956, -0.11527395, -0.84845763, -0.51285422, 0.06174337, -0.11040758, 0.05743711, -0.06937145, 0.00000000, 0.00000000, 0.00000000, 0.00000000
5, 1.3800, 138, -0.76978934, -0.74105299, 0.09339816, 2.68561482, -4.25576544, 5.50065613, -39.60830307, 5.08623219, -112.10172272, 156.70631409, -11.08463001, 2.69443059, 0.19865589, -0.97502077, -0.00342717, -0.09929033, 0.04156326, -0.00142166, -0.07143762, 0.00000000, 0.00000000, 0.00000000, 0.00000000
2, 1.2200, 122, 0.89040142, -0.56991780, 0.01552500, 6.04599905, -71.53289795, 7.29709578, 50.86231995, 12.80327415, 33.84975052, -165.55232239, -0.07906333, 62.06478119, -0.10810199, -0.85002965, -0.51150465, 0.06423860, -0.09597365, 0.01526396, -0.05943248, 0.00000000, 0.00000000, 0.00000000, 0.00000000
2, 1.2300, 123, 0.84777874, -0.58450675, 0.03370585, 2.87008095, -73.23838806, 6.21014881, 50.42385101, 12.51096153, 33.29435730, -166.06680298, -0.31685889, 61.59770584, -0.10559053, -0.85245353, -0.50853139, 0.05974637, -0.05851258, -0.01675173, -0.02549896, 0.00000000, 0.00000000, 0.00000000, 0.00000000
5, 1.3900, 139, -0.75054651, -0.77502811, 0.11878277, 0.12349173, 4.70514679, 5.65922880, -38.99444580, 4.29698896, -112.04325867, 156.70016479, -11.15136433, 2.72606778, 0.19865596, -0.97495675, -0.00357269, -0.09991265, -0.00011400, 0.00022282, -0.09384745, 0.00000000, 0.00000000, 0.00000000, 0.00000000
5, 1.4000, 140, -0.72743058, -0.76654661, 0.14457016, -3.39862752, 15.19831944, 6.21706438, -39.08213806, 5.02776957, -111.92633820, 156.60545349, -11.26527309, 2.82515907, 0.19933163, -0.97469866, -0.00413020, -0.10105596, -0.02590182, -0.02611216, -0.08822516, 0.00000000, 0.00000000, 0.00000000, 0.00000000
2, 1.2400, 124, 0.82679564, -0.57893360, 0.01986467, 0.32661083, -70.66207123, 4.57260084, 50.86231995, 12.27711201, 33.06050873, -166.58006287, -0.54164183, 61.16856384, -0.10297627, -0.85469437, -0.50578976, 0.05540892, -0.05027794, -0.01058216, -0.00632879, 0.00000000, 0.00000000, 0.00000000, 0.00000000
2, 1.2500, 125, 0.82990885, -0.57797664, -0.01863328, 0.68041641, -64.42760468, 4.74711514, 50.86231995, 12.27711201, 33.06050873, -167.04246521, -0.75473183, 60.77607727, -0.10064232, -0.85671598, -0.50325316, 0.05143184, -0.04413577, 0.01691689, -0.01510484, 0.00000000, 0.00000000, 0.00000000, 0.00000000
2, 1.2600, 126, 0.84220296, -0.59216553, -0.05412742, 5.21876907, -57.58769226, 7.81988478, 50.13153839, 12.92019844, 32.06664658, -167.41604614, -0.97323412, 60.39028549, -0.09896783, -0.85861206, -0.50070339, 0.04782237, -0.03276511, 0.03704318, -0.03908992, 0.00000000, 0.00000000, 0.00000000, 0.00000000
5, 1.4100, 141, -0.69692910, -0.71577621, 0.14711510, -5.95518398, 20.51076889, 5.27209044, -39.78368759, 5.02776957, -112.33557129, 156.45533752, -11.39339256, 2.95618176, 0.20044208, -0.97432941, -0.00488226, -0.10237886, -0.02959396, -0.06154601, -0.04065336, 0.00000000, 0.00000000, 0.00000000, 0.00000000
5, 1.4200, 142, -0.66406709, -0.66266596, 0.13226445, -5.51050425, 18.45170212, 2.67606711, -39.78368759, 2.95235300, -112.33557129, 157.10734558, -11.31700706, 2.76207376, 0.19509687, -0.97552341, -0.00394552, -0.10136951, -0.02661422, -0.08208026, 0.01982509, 0.00000000, 0.00000000, 0.00000000, 0.00000000
5, 1.4300, 143, -0.63959873, -0.64145398, 0.11577713, -2.57166100, 10.14440918, 0.07462620, -39.90061188, 5.23238802, -111.89710236, 157.02557373, -11.35690880, 2.83231664, 0.19571556, -0.97534937, -0.00440125, -0.10183159, -0.02893874, -0.07469130, 0.05954055, 0.00000000, 0.00000000, 0.00000000, 0.00000000
5, 1.4400, 144, -0.63183963, -0.64450836, 0.09515884, 0.76899958, 1.00060081, -2.35908175, -39.40368271, 5.08623219, -112.30634308, 157.01504517, -11.33677769, 2.84866524, 0.19579834, -0.97534686, -0.00456629, -0.10168876, -0.02895926, -0.05722676, 0.07226302, 0.00000000, 0.00000000, 0.00000000, 0.00000000
5, 1.4500, 145, -0.63826764, -0.64158845, 0.08248115, 3.08989286, -7.63051844, -4.75006199, -39.78368759, 4.79392004, -112.04325867, 157.06559753, -11.26110935, 2.80959368, 0.19543146, -0.97549522, -0.00441073, -0.10097662, -0.01677714, -0.04871155, 0.07691966, 0.00000000, 0.00000000, 0.00000000, 0.00000000
5, 1.4600, 146, -0.66622531, -0.64180195, 0.07910658, 5.79629660, -12.82916737, -7.06413507, -39.34521866, 4.88161373, -112.21865082, 157.15830994, -11.14084816, 2.74604344, 0.19474286, -0.97575080, -0.00416052, -0.09984206, 0.00856556, -0.04483710, 0.06256627, 0.00000000, 0.00000000, 0.00000000, 0.00000000
2, 1.2700, 127, 0.84198940, -0.62730581, -0.07450144, 9.71552467, -53.38398743, 10.82708549, 50.13153839, 13.09558582, 31.94972229, -168.23731995, -1.26808679, 59.77762604, -0.09432004, -0.86181259, -0.49664801, 0.04151555, -0.00378067, 0.03414650, -0.06032178, 0.00000000, 0.00000000, 0.00000000, 0.00000000
2, 1.2800, 128, 0.85065031, -0.66288131, -0.10213039, 11.98162270, -51.92532730, 12.56760120, 49.63460922, 12.80327415, 31.62817764, -168.51028442, -1.51214170, 59.37712860, -0.09345438, -0.86363780, -0.49390218, 0.03816754, 0.02200491, 0.03411361, -0.09001981, 0.00000000, 0.00000000, 0.00000000, 0.00000000
2, 1.2900, 129, 0.85851109, -0.70554656, -0.15163384, 12.80649567, -53.07204437, 13.41907310, 49.42998886, 12.54019260, 31.30663490, -168.78237915, -1.76803637, 58.96464539, -0.09262698, -0.86549479, -0.49105299, 0.03472947, 0.06128196, 0.05820827, -0.12920058, 0.00000000, 0.00000000, 0.00000000, 0.00000000
2, 1.3000, 130, 0.85495788, -0.74968290, -0.17498550, 11.19021606, -55.36216736, 13.18230343, 49.42998886, 12.54019260, 31.30663490, -169.07989502, -2.03277421, 58.55276108, -0.09162063, -0.86735129, -0.48819959, 0.03112185, 0.09958358, 0.05741582, -0.15390794, 0.00000000, 0.00000000, 0.00000000, 0.00000000
5, 1.4700, 147, -0.71684188, -0.65934360, 0.08834178, 6.74262476, -13.37135029, -8.08809185, -39.34521866, 4.88161373, -112.21865082, 157.69076538, -11.59985924, 2.48288870, 0.19027415, -0.97628057, -0.00160219, -0.10329261, 0.03713021, -0.03787644, 0.01795080, 0.00000000, 0.00000000, 0.00000000, 0.00000000
2, 1.3100, 131, 0.82869172, -0.77128488, -0.16479628, 5.02321577, -58.38322830, 12.04218483, 49.13768005, 12.54019260, 30.86816597, -169.43844604, -2.30720806, 58.17365646, -0.09015912, -0.86909783, -0.48559219, 0.02721422, 0.12288022, 0.03378556, -0.14048672, 0.00000000, 0.00000000, 0.00000000, 0.00000000
5, 1.4800, 148, -0.74591410, -0.66344881, 0.10421111, 6.08299208, -8.90952587, -8.46407604, -40.16369629, 4.61853266, -112.30634308, 157.75497437, -11.47869015, 2.45717573, 0.18979289, -0.97648746, -0.00164612, -0.10221753, 0.04714804, -0.04091429, -0.00826489, 0.00000000, 0.00000000, 0.00000000, 0.00000000
5, 1.4900, 149, -0.75011122, -0.67063260, 0.10778821, 6.02045965, -0.99915218, -9.36135197, -39.87138367, 3.47851491, -111.57556152, 157.76486206, -11.37613773, 2.49854898, 0.18970796, -0.97658676, -0.00218107, -0.10141268, 0.04767638, -0.03894176, -0.01652687, 0.00000000, 0.00000000, 0.00000000, 0.00000000
2, 1.3200, 132, 0.80430192, -0.76039946, -0.14198086, -3.27029586, -57.81178284, 9.93614578, 49.13768005, 12.48173046, 29.84507370, -170.05686951, -3.65935540, 57.38245392, -0.09125362, -0.87214547, -0.48046619, 0.01368132, 0.11176868, 0.00941126, -0.10866871, 0.00000000, 0.00000000, 0.00000000, 0.00000000
2, 1.3300, 133, 0.76602381, -0.72319734, -0.13137548, -12.74532509, -53.48562241, 6.12185192, 48.78690338, 12.04326248, 30.13738632, -170.49993896, -3.89458370, 57.17651749, -0.08887532, -0.87321353, -0.47906372, 0.00986753, 0.08364305, 0.00397119, -0.05454327, 0.00000000, 0.00000000, 0.00000000, 0.00000000
2, 1.3400, 134, 0.73722804, -0.68215847, -0.11880521, -17.95291328, -43.81080627, 1.87016821, 48.40689850, 12.18941784, 29.69891739, -170.91950989, -4.06881046, 57.06793213, -0.08640503, -0.87388301, -0.47834924, 0.00669947, 0.06163760, 0.00107439, -0.00551515, 0.00000000, 0.00000000, 0.00000000, 0.00000000
5, 1.5000, 150, -0.73270178, -0.67128015, 0.10212933, 5.22859621, 5.56932402, -9.75554371, -39.37445068, 4.82315111, -112.13095093, 157.72618103, -11.29389858, 2.59071922, 0.18998550, -0.97658700, -0.00307177, -0.10086600, 0.03707515, -0.03456140, -0.00354256, 0.00000000, 0.00000000, 0.00000000, 0.00000000
5, 1.5100, 151, -0.70592642, -0.67555952, 0.09005005, 4.96109819, 10.01138973, -9.89162350, -39.63753128, 4.41391420, -111.69248962, 157.65715027, -11.22588539, 2.71847248, 0.19048625, -0.97652280, -0.00421539, -0.10050118, 0.01935704, -0.02347239, 0.01566112, 0.00000000, 0.00000000, 0.00000000, 0.00000000
2, 1.3500, 135, 0.73192888, -0.64934796, -0.12621653, -20.15622711, -31.85181236, -0.06247048, 48.40689850, 12.18941784, 29.69891739, -171.27371216, -4.19161320, 57.04643250, -0.08421177, -0.87416285, -0.47825682, 0.00426551, 0.03986660, 0.01420998, 0.01528378, 0.00000000, 0.00000000, 0.00000000, 0.00000000
2, 1.3600, 136, 0.72969502, -0.62933141, -0.14742038, -19.08622360, -19.54545021, 1.27695596, 48.28997421, 11.57556248, 29.37737465, -171.52932739, -4.28768253, 57.08942413, -0.08265753, -0.87411237, -0.47863275, 0.00249445, 0.03106481, 0.03648454, 0.02351644, 0.00000000, 0.00000000, 0.00000000, 0.00000000
2, 1.3700, 137, 0.72219115, -0.60514539, -0.17581545, -13.35962105, -8.08595276, 3.88450241, 48.14381790, 12.16018677, 28.82198143, -172.47766113, -4.74039125, 56.95630646, -0.07728840, -0.87506187, -0.47777402, -0.00502151, 0.02315957, 0.06545937, 0.03671521, 0.00000000, 0.00000000, 0.00000000, 0.00000000
2, 1.3800, 138, 0.71430975, -0.61318105, -0.19731465, -4.26265764, 1.37302089, 5.03394175, 48.14381790, 11.42940617, 28.79274940, -172.47941589, -4.78792048, 57.00418091, -0.07747350, -0.87483531, -0.47815517, -0.00536045, 0.03472468, 0.07059261, 0.03525086, 0.00000000, 0.00000000, 0.00000000, 0.00000000
2, 1.3900, 139, 0.71857899, -0.64100391, -0.19170129, 3.33230448, 8.57150936, 3.70860267, 48.40689850, 11.92633724, 28.93890572, -172.38589478, -4.79173326, 57.03004456, -0.07820424, -0.87466156, -0.47835812, -0.00498180, 0.05107856, 0.05549823, 0.01822024, 0.00000000, 0.00000000, 0.00000000, 0.00000000
2, 1.4000, 140, 0.72129285, -0.67205828, -0.16472948, 6.76471901, 13.82398605, 0.88465554, 48.40689850, 11.92633724, 28.93890572, -172.24217224, -4.74848938, 57.05528641, -0.07912341, -0.87448341, -0.47854173, -0.00403335, 0.06473896, 0.02077194, 0.00546903, 0.00000000, 0.00000000, 0.00000000, 0.00000000
2, 1.4100, 141, 0.72274101, -0.68925124, -0.14384247, 4.80884600, 16.28548431, -1.28490543, 49.07921600, 12.68634892, 28.88044357, -172.10035706, -4.67924786, 57.10865021, -0.07992077, -0.87420344, -0.47892877, -0.00287392, 0.07119451, -0.00269141, -0.00031444, 0.00000000, 0.00000000, 0.00000000, 0.00000000
2, 1.4200, 142, 0.71886927, -0.68629992, -0.12607752, 0.17220493, 18.89788246, -2.88198781, 47.93919754, 12.83250523, 29.37737465, -171.75825500, -5.30932522, 56.89231491, -0.08512211, -0.87446553, -0.47751772, -0.00642564, 0.06373521, -0.01467871, 0.00780315, 0.00000000, 0.00000000, 0.00000000, 0.00000000
5, 1.5200, 152, -0.68329805, -0.68011963, 0.08508617, 5.26549053, 12.57837868, -10.79824924, -39.63753128, 4.41391420, -111.69248962, 157.63195801, -11.18908024, 2.84355950, 0.19060494, -0.97650498, -0.00532196, -0.10039689, 0.00196745, -0.01784625, 0.02859311, 0.00000000, 0.00000000, 0.00000000, 0.00000000
2, 1.4300, 143, 0.72610819, -0.67989564, -0.11011890, -5.41083431, 21.09328270, -3.91450024, 48.14381790, 12.18941784, 29.61122513, -171.65760803, -5.21278429, 57.05509186, -0.08550021, -0.87377429, -0.47872940, -0.00514540, 0.04189673, -0.02221838, 0.00748295, 0.00000000, 0.00000000, 0.00000000, 0.00000000
2, 1.4400, 144, 0.74023217, -0.67009586, -0.09892280, -11.81403065, 22.29195976, -3.93621945, 48.05612183, 12.18941784, 29.46506882, -171.58966064, -5.12017584, 57.27710342, -0.08564399, -0.87285453, -0.48038965, -0.00398694, 0.02447340, -0.02725495, 0.00350769, 0.00000000, 0.00000000, 0.00000000, 0.00000000
2, 1.4500, 145, 0.74766475, -0.66138041, -0.09499462, -17.94738579, 22.64653587, -3.30664754, 48.05612183, 12.18941784, 29.46506882, -171.55638123, -5.03996658, 57.55173492, -0.08557275, -0.87172771, -0.48245105, -0.00302920, 0.01386203, -0.02661978, 0.00288544, 0.00000000, 0.00000000, 0.00000000, 0.00000000
2, 1.4600, 146, 0.75534123, -0.63931942, -0.10019650, -22.09717369, 22.07119560, -2.79680157, 48.72844315, 10.81555080, 29.58199310, -171.55186462, -4.97144508, 57.85730743, -0.08532827, -0.87047887, -0.48474810, -0.00225957, -0.00422811, -0.01290576, 0.00708692, 0.00000000, 0.00000000, 0.00000000, 0.00000000
5, 1.5300, 153, -0.66193706, -0.68168092, 0.08856884, 5.36770535, 14.18872738, -11.83025837, -39.81291962, 4.79392004, -111.95556641, 157.53184509, -11.11615753, 3.01138687, 0.19133924, -0.97638679, -0.00678909, -0.10006110, -0.01635809, -0.02046352, 0.03849825, 0.00000000, 0.00000000, 0.00000000, 0.00000000
2, 1.4700, 147, 0.75671446, -0.63497317, -0.10947113, -23.92235184, 21.44529343, -2.55729413, 48.20227814, 12.59865570, 29.11429405, -171.53585815, -4.86747694, 58.18848419, -0.08501882, -0.86912882, -0.48722255, -0.00115355, -0.00400552, -0.00264378, 0.00626944, 0.00000000, 0.00000000, 0.00000000, 0.00000000
5, 1.5400, 154, -0.64262104, -0.67959118, 0.09346697, 5.58046675, 12.74757195, -11.93742275, -39.46214676, 4.73545742, -111.80941010, 157.44207764, -11.03668404, 3.16841459, 0.19199848, -0.97628832, -0.00818523, -0.09965321, -0.03134125, -0.02720880, 0.04856246, 0.00000000, 0.00000000, 0.00000000, 0.00000000
5, 1.5500, 155, -0.63798773, -0.67944193, 0.09679569, 5.98284101, 9.02649975, -11.31266689, -38.70213318, 2.89389062, -111.89710236, 157.38124084, -10.94943428, 3.29553914, 0.19244169, -0.97624385, -0.00936591, -0.09912858, -0.03478188, -0.03117855, 0.04955352, 0.00000000, 0.00000000, 0.00000000, 0.00000000
2, 1.4800, 148, 0.73795819, -0.62232858, -0.10932554, -23.71128654, 20.83291817, -3.03867888, 48.93305969, 12.42326832, 30.16661835, -171.55029297, -4.80251789, 58.49973679, -0.08463796, -0.86785412, -0.48955655, -0.00049057, -0.00124135, 0.00230693, 0.02846156, 0.00000000, 0.00000000, 0.00000000, 0.00000000
5, 1.5600, 156, -0.64080542, -0.69435692, 0.11127095, 5.39334297, 3.47144008, -10.82415676, -38.49751663, 1.60771704, -111.63402557, 157.35334778, -10.84949017, 3.37217164, 0.19265425, -0.97626674, -0.01016739, -0.09840921, -0.04328969, -0.03400147, 0.03134032, 0.00000000, 0.00000000, 0.00000000, 0.00000000
2, 1.4900, 149, 0.73008901, -0.59738857, -0.10011566, -19.70934105, 22.50903320, -4.96711969, 48.93305969, 12.42326832, 30.16661835, -171.53295898, -4.70933580, 58.78638077, -0.08437455, -0.86667264, -0.49169016, 0.00050273, -0.01711924, 0.00370875, 0.05020645, 0.00000000, 0.00000000, 0.00000000, 0.00000000
2, 1.5000, 150, 0.72695249, -0.58499187, -0.07553659, -11.80421543, 25.44177246, -6.90534735, 49.07921600, 12.13095570, 29.96199989, -171.45002747, -4.57940102, 59.02403641, -0.08444609, -0.86567128, -0.49343500, 0.00201969, -0.03058292, -0.01302402, 0.06484009, 0.00000000, 0.00000000, 0.00000000, 0.00000000
5, 1.5700, 157, -0.64933473, -0.70140874, 0.12239747, 3.50234485, -1.91029131, -10.77062607, -38.49751663, 1.60771704, -111.63402557, 157.72450256, -10.38724899, 3.21546316, 0.18980826, -0.97724324, -0.00993597, -0.09417922, -0.04055579, -0.03730251, 0.01738900, 0.00000000, 0.00000000, 0.00000000, 0.00000000
2, 1.5100, 151, 0.73631144, -0.58571416, -0.04544848, -4.01400089, 29.09581566, -7.05112886, 49.10844803, 13.06635475, 29.87430573, -171.29159546, -4.42767620, 59.21961212, -0.08498981, -0.86480504, -0.49484655, 0.00399698, -0.04256599, -0.03869379, 0.06340418, 0.00000000, 0.00000000, 0.00000000, 0.00000000
5, 1.5800, 158, -0.66804308, -0.68536985, 0.11712737, 0.99133629, -6.07284164, -10.94303417, -38.87752151, 4.85238218, -111.72171783, 157.72500610, -10.26454639, 3.18880224, 0.18987350, -0.97733521, -0.00991757, -0.09308960, -0.00954543, -0.03913752, 0.02183460, 0.00000000, 0.00000000, 0.00000000, 0.00000000
2, 1.5200, 152, 0.74077117, -0.61114156, -0.01463619, 1.22460794, 31.35122681, -5.17596912, 49.16690826, 13.76790428, 29.84507370, -169.96842957, -4.01803017, 59.44160461, -0.09319637, -0.86307472, -0.49623364, 0.01299075, -0.03210934, -0.06885661, 0.05227624, 0.00000000, 0.00000000, 0.00000000, 0.00000000
5, 1.5900, 159, -0.68334866, -0.65746129, 0.10770740, -1.52695441, -9.78401661, -11.78810978, -39.14060211, 4.41391420, -111.63402557, 157.72729492, -10.12733459, 3.11858988, 0.18996346, -0.97744292, -0.00955370, -0.09180386, 0.02157283, -0.04920495, 0.03525393, 0.00000000, 0.00000000, 0.00000000, 0.00000000
2, 1.5300, 153, 0.72414434, -0.63339823, 0.00781534, 2.18478513, 31.72506332, -2.92731071, 49.10844803, 12.92019844, 30.10815430, -169.73756409, -3.89380169, 59.60872650, -0.09438100, -0.86224109, -0.49739879, 0.01506694, -0.00730617, -0.07997735, 0.05662573, 0.00000000, 0.00000000, 0.00000000, 0.00000000
2, 1.5400, 154, 0.71983695, -0.65100366, 0.01252852, 0.07357464, 28.99546051, -1.74824405, 49.10844803, 12.92019844, 30.10815430, -169.53538513, -3.79244804, 59.77795792, -0.09544222, -0.86140358, -0.49858886, 0.01685069, 0.00883033, -0.08750844, 0.05142246, 0.00000000, 0.00000000, 0.00000000, 0.00000000
2, 1.5500, 155, 0.70946443, -0.67673004, 0.00537494, -4.57334042, 23.26654816, -1.90547943, 49.19614029, 13.68021011, 30.69277954, -169.40348816, -3.71371818, 59.95116425, -0.09606734, -0.86058968, -0.49982670, 0.01816361, 0.03800062, -0.08827151, 0.04439379, 0.00000000, 0.00000000, 0.00000000, 0.00000000
2, 1.5600, 156, 0.70838469, -0.68500638, -0.01039321, -10.19756699, 15.14233303, -3.30383301, 49.69307327, 13.15404797, 30.54662323, -169.36914062, -3.65407181, 60.12126541, -0.09603994, -0.85985643, -0.50106472, 0.01890555, 0.05110623, -0.07574751, 0.03722270, 0.00000000, 0.00000000, 0.00000000, 0.00000000
5, 1.6000, 160, -0.68706876, -0.62561488, 0.09395346, -3.35424876, -11.89546394, -13.00695038, -38.76059723, 4.32622051, -112.01403046, 157.72465515, -9.97602940, 3.02264571, 0.19011907, -0.97755301, -0.00899019, -0.09035546, 0.04714572, -0.05837487, 0.06026416, 0.00000000, 0.00000000, 0.00000000, 0.00000000
5, 1.6100, 161, -0.68887532, -0.60755372, 0.08544813, -5.07670403, -10.65462875, -13.07813072, -39.02367783, 4.09237051, -111.83864594, 157.70176697, -9.83216953, 2.92741728, 0.19044162, -0.97762227, -0.00840429, -0.08897288, 0.06278513, -0.06329502, 0.07507668, 0.00000000, 0.00000000, 0.00000000, 0.00000000
2, 1.5700, 157, 0.70523381, -0.68506998, -0.04354821, -16.18004036, 4.02204037, -7.14553022, 49.22537231, 13.53405380, 30.63431740, -168.99537659, -4.38491774, 60.14791107, -0.10199997, -0.85892314, -0.50161755, 0.01506154, 0.06117077, -0.04414587, 0.03192033, 0.00000000, 0.00000000, 0.00000000, 0.00000000
2, 1.5800, 158, 0.67692244, -0.67351681, -0.07497346, -18.96080971, -3.13944769, -12.88014412, 49.28383636, 13.59251690, 31.01432228, -169.17874146, -4.30162334, 60.27650070, -0.10024848, -0.85857993, -0.50255930, 0.01499840, 0.06974453, -0.00742697, 0.05289860, 0.00000000, 0.00000000, 0.00000000, 0.00000000
5, 1.6200, 162, -0.69362968, -0.59540606, 0.07884005, -6.08361101, -5.56997776, -14.13589287, -39.02367783, 4.09237051, -111.83864594, 157.96327209, -10.80827236, 2.84790301, 0.18791854, -0.97734857, -0.00628903, -0.09714383, 0.07235182, -0.06496538, 0.08292917, 0.00000000, 0.00000000, 0.00000000, 0.00000000
5, 1.6300, 163, -0.68417424, -0.60423160, 0.07602201, -6.33526659, 3.16849685, -15.50175285, -39.14060211, 4.09237051, -111.75094604, 157.83689880, -10.69170189, 2.86456680, 0.18902530, -0.97722846, -0.00652094, -0.09618504, 0.04952420, -0.05415924, 0.08335835, 0.00000000, 0.00000000, 0.00000000, 0.00000000
5, 1.6400, 164, -0.65464437, -0.60416591, 0.08850040, -7.32386017, 12.64011288, -16.47270393, -38.99444580, 3.74159598, -111.34171295, 157.64082336, -10.60037422, 2.95556641, 0.19065510, -0.97696680, -0.00728780, -0.09556961, 0.02298223, -0.06683031, 0.09407329, 0.00000000, 0.00000000, 0.00000000, 0.00000000
5, 1.6500, 165, -0.62418991, -0.57529426, 0.10646661, -9.94147587, 25.88273239, -17.68356323, -38.73136520, 4.53083897, -111.66325378, 157.33940125, -10.54777336, 3.14349675, 0.19308782, -0.97648805, -0.00872868, -0.09545742, 0.00662704, -0.10304071, 0.12000646, 0.00000000, 0.00000000, 0.00000000, 0.00000000
2, 1.5900, 159, 0.62832654, -0.65578628, -0.08973517, -19.07050705, -7.14701605, -18.92098236, 49.28383636, 13.59251690, 31.01432228, -169.41030884, -4.17249632, 60.37892151, -0.09794025, -0.85841936, -0.50328696, 0.01504199, 0.09084947, 0.00943706, 0.09962162, 0.00000000, 0.00000000, 0.00000000, 0.00000000
5, 1.6600, 166, -0.59278393, -0.52276361, 0.11195926, -12.03255367, 32.10262299, -19.99739647, -38.70213318, 2.83542824, -112.13095093, 156.97566223, -10.49822426, 3.37478280, 0.19601366, -0.97588760, -0.01048231, -0.09545893, 0.00493254, -0.14545643, 0.16692659, 0.00000000, 0.00000000, 0.00000000, 0.00000000
2, 1.6000, 160, 0.58159477, -0.64038861, -0.09605170, -18.46435165, -6.21210098, -23.39075089, 48.90382767, 13.94329166, 30.80970383, -169.64532471, -3.99707031, 60.47897720, -0.09540415, -0.85829514, -0.50397438, 0.01541255, 0.11074199, 0.01728819, 0.14558947, 0.00000000, 0.00000000, 0.00000000, 0.00000000
5, 1.6700, 167, -0.55829966, -0.47232571, 0.11983015, -13.22172070, 34.04176712, -23.59899139, -38.70213318, 2.83542824, -112.13095093, 158.07394409, -11.16558266, 2.89519119, 0.18680081, -0.97724879, -0.00618875, -0.10025959, -0.00400763, -0.18299231, 0.21481875, 0.00000000, 0.00000000, 0.00000000, 0.00000000
2, 1.6100, 161, 0.52507144, -0.62856269, -0.09268649, -18.46991920, -1.89000475, -26.34590149, 48.96229172, 13.32943535, 30.40046692, -169.85850525, -3.78065491, 60.60209656, -0.09284798, -0.85806835, -0.50481242, 0.01620188, 0.13655291, 0.01507199, 0.19987412, 0.00000000, 0.00000000, 0.00000000, 0.00000000
2, 1.6200, 162, 0.48069862, -0.61304420, -0.07821313, -19.50517654, 4.37252569, -28.48059654, 49.37152863, 14.90792179, 30.16661835, -169.34385681, -5.93923616, 60.57885361, -0.10609154, -0.85617703, -0.50566852, 0.00223122, 0.13922973, 0.00742394, 0.24715659, 0.00000000, 0.00000000, 0.00000000, 0.00000000
5, 1.6800, 168, -0.52136302, -0.42701250, 0.11969448, -13.84608746, 31.75425529, -27.95698357, -37.73750305, 3.33235884, -112.13095093, 157.66511536, -11.04909039, 3.12778234, 0.19012834, -0.97665340, -0.00801173, -0.09967529, -0.02008427, -0.19913167, 0.26882580, 0.00000000, 0.00000000, 0.00000000, 0.00000000
2, 1.6300, 163, 0.44443968, -0.59736997, -0.05194420, -22.47012329, 11.09382439, -30.25701141, 49.57614517, 14.55714703, 31.13124847, -169.50964355, -5.65490627, 60.81077194, -0.10361049, -0.85552680, -0.50727111, 0.00384598, 0.11294325, -0.00494339, 0.28780833, 0.00000000, 0.00000000, 0.00000000, 0.00000000
2, 1.6400, 164, 0.43825400, -0.57333505, 0.00320437, -26.93570137, 17.22747040, -31.30759621, 49.57614517, 14.55714703, 31.13124847, -169.66368103, -5.34874582, 61.11365891, -0.10111042, -0.85455370, -0.50939363, 0.00572951, 0.08575423, -0.04878356, 0.31890947, 0.00000000, 0.00000000, 0.00000000, 0.00000000
5, 1.6900, 169, -0.49457172, -0.40168065, 0.10473900, -14.00673199, 26.78419876, -30.66726494, -38.05904770, 4.20929527, -112.39403534, 157.27618408, -10.89005089, 3.32151914, 0.19333850, -0.97611022, -0.00959930, -0.09867569, -0.02161701, -0.20964101, 0.30605158, 0.00000000, 0.00000000, 0.00000000, 0.00000000
2, 1.6500, 165, 0.43768466, -0.56392521, 0.04324912, -32.95410919, 20.36634445, -30.31438255, 49.78076553, 15.46331501, 31.16047859, -169.82966614, -5.05071926, 61.48340988, -0.09854196, -0.85326988, -0.51201880, 0.00754341, 0.07134500, -0.08454870, 0.33430427, 0.00000000, 0.00000000, 0.00000000, 0.00000000
2, 1.6600, 166, 0.43394458, -0.56180203, 0.07621930, -39.67024612, 19.54442406, -27.63004112, 49.72230148, 15.75562668, 31.42355919, -170.03408813, -4.78894186, 61.90332413, -0.09583259, -0.85174799, -0.51503557, 0.00893979, 0.06605689, -0.11717327, 0.34689194, 0.00000000, 0.00000000, 0.00000000, 0.00000000
2, 1.6700, 167, 0.41794413, -0.56006587, 0.11098727, -47.03654861, 14.84030247, -24.53002167, 49.95615387, 15.90178299, 31.56971550, -166.69563293, -6.10700893, 60.94019699, -0.12653209, -0.85174692, -0.50827801, 0.01305627, 0.06004161, -0.13734159, 0.36607459, 0.00000000, 0.00000000, 0.00000000, 0.00000000
2, 1.6800, 168, 0.37280473, -0.57304931, 0.13775161, -55.32381821, 7.25885010, -21.92586899, 49.66384125, 16.19409561, 31.33586693, -167.07902527, -5.98339224, 61.42643356, -0.12309112, -0.85011137, -0.51185477, 0.01280385, 0.06979640, -0.12703644, 0.39258391, 0.00000000, 0.00000000, 0.00000000, 0.00000000
2, 1.6900, 169, 0.29832858, -0.58729559, 0.15696549, -64.18218994, -1.41087162, -22.19470406, 49.66384125, 16.19409561, 31.33586693, -167.58030701, -5.89271879, 61.93058395, -0.11892313, -0.84846020, -0.51559103, 0.01176562, 0.11863813, -0.15796471, 0.45245373, 0.00000000, 0.00000000, 0.00000000, 0.00000000
2, 1.7000, 170, 0.23967497, -0.58696312, 0.18198684, -74.21590424, -9.04955769, -29.02775574, 49.54691696, 16.51563835, 31.71587181, -168.22100830, -5.77062035, 62.46693039, -0.11359044, -0.84679186, -0.51955199, 0.01032495, 0.14566903, -0.19077037, 0.50873828, 0.00000000, 0.00000000, 0.00000000, 0.00000000
5, 1.7000, 170, -0.48445484, -0.38765371, 0.08997910, -14.83903790, 17.32209587, -32.21418762, -37.73750305, 4.12160206, -112.71557617, 156.93530273, -10.68655396, 3.43287778, 0.19623059, -0.97567427, -0.01061193, -0.09716395, -0.01443288, -0.21269923, 0.32643941, 0.00000000, 0.00000000, 0.00000000, 0.00000000
2, 1.7100, 171, 0.21861385, -0.57761449, 0.21264809, -83.34107208, -15.69614887, -40.71766663, 49.98538208, 16.22332573, 31.27740479, -169.00297546, -5.56484652, 63.03113937, -0.10684867, -0.84514380, -0.52367675, 0.00883642, 0.14373945, -0.22763120, 0.54067588, 0.00000000, 0.00000000, 0.00000000, 0.00000000
2, 1.7200, 172, 0.23548685, -0.54946923, 0.26250023, -90.64893341, -22.44788551, -53.93146896, 49.86845779, 17.94796753, 31.10201645, -163.08335876, -7.13626957, 61.34053802, -0.15767045, -0.84444302, -0.51144391, 0.02193729, 0.09330963, -0.24849254, 0.54833269, 0.00000000, 0.00000000, 0.00000000, 0.00000000
5, 1.7100, 171, -0.48129734, -0.39114287, 0.09232944, -17.79432297, 11.26482391, -34.16118240, -37.18210983, 3.56620860, -112.62788391, 156.60440063, -10.45197964, 3.47871566, 0.19910701, -0.97527134, -0.01114005, -0.09527987, -0.01561799, -0.21787509, 0.32341465, 0.00000000, 0.00000000, 0.00000000, 0.00000000
5, 1.7200, 172, -0.49295729, -0.38596347, 0.09417135, -22.79242706, 10.99637794, -35.66378021, -36.97749329, 0.29231218, -112.92019653, 157.80503845, -11.53166294, 2.97690749, 0.18888013, -0.97650933, -0.00603030, -0.10352559, -0.00609683, -0.22174734, 0.31868207, 0.00000000, 0.00000000, 0.00000000, 0.00000000
5, 1.7300, 173, -0.49898866, -0.35935959, 0.09969925, -29.21731758, 13.88121414, -37.72151947, -36.97749329, 0.29231218, -112.92019653, 157.36309814, -11.30002975, 2.98940134, 0.19272439, -0.97595978, -0.00613714, -0.10159853, -0.00375291, -0.22957638, 0.33187658, 0.00000000, 0.00000000, 0.00000000, 0.00000000
2, 1.7300, 173, 0.26498955, -0.51816791, 0.30932307, -95.45119476, -29.73073578, -66.79405212, 49.86845779, 17.94796753, 30.40046692, -164.14187622, -6.79390144, 61.94263840, -0.14827244, -0.84352934, -0.51580185, 0.02054472, 0.01899660, -0.21012233, 0.53270841, 0.00000000, 0.00000000, 0.00000000, 0.00000000
2, 1.7400, 174, 0.26553807, -0.51451868, 0.31932163, -98.36111450, -41.37132645, -75.06186676, 49.72230148, 19.46799088, 30.40046692, -165.32151794, -6.39611864, 62.49124527, -0.13774563, -0.84292996, -0.51974976, 0.01885384, 0.01929697, -0.23658395, 0.54248559, 0.00000000, 0.00000000, 0.00000000, 0.00000000
2, 1.7500, 175, 0.25981551, -0.51385087, 0.32189983, -99.43910980, -55.73908234, -80.77740479, 49.13768005, 20.43262100, 30.28354263, -166.62075806, -5.97118330, 62.95209885, -0.12622626, -0.84273428, -0.52305782, 0.01662389, 0.02846650, -0.25957882, 0.55434120, 0.00000000, 0.00000000, 0.00000000, 0.00000000
5, 1.7400, 174, -0.47906381, -0.31542784, 0.10633514, -36.31602097, 20.72684860, -41.06083298, -36.42210007, 2.10464764, -113.03712463, 156.81585693, -11.07669544, 3.02234578, 0.19744195, -0.97520244, -0.00632674, -0.09978499, 0.00234360, -0.27032161, 0.36546427, 0.00000000, 0.00000000, 0.00000000, 0.00000000
5, 1.7500, 175, -0.43715787, -0.26938567, 0.10589378, -43.39730835, 31.79343796, -45.38638306, -35.69131851, 3.06927800, -113.82636261, 156.13311768, -10.86558056, 3.11230731, 0.20325533, -0.97416586, -0.00688052, -0.09818783, -0.00573722, -0.30877304, 0.41607469, 0.00000000, 0.00000000, 0.00000000, 0.00000000
5, 1.7600, 176, -0.38439608, -0.24375904, 0.09754057, -52.44345093, 45.35295105, -48.33056641, -35.28208160, 3.97544575, -113.94329071, 155.29148865, -10.69027710, 3.26727247, 0.21034479, -0.97276860, -0.00780425, -0.09703386, -0.02951737, -0.33055800, 0.46308869, 0.00000000, 0.00000000, 0.00000000, 0.00000000
5, 1.7700, 177, -0.33397824, -0.23576742, 0.07378081, -61.94379425, 55.85358810, -48.78306961, -34.46360779, 4.09237051, -114.96638489, 156.33854675, -11.77336597, 2.52469373, 0.20167930, -0.97382313, -0.00042647, -0.10485115, -0.06002289, -0.32333687, 0.50649369, 0.00000000, 0.00000000, 0.00000000, 0.00000000
5, 1.7800, 178, -0.30277047, -0.27103055, 0.05317635, -70.80684662, 61.14179611, -47.33489990, -34.46360779, 4.09237051, -114.96638489, 155.27073669, -11.70149231, 2.70992255, 0.21060342, -0.97196066, -0.00115546, -0.10458214, -0.10785688, -0.27663991, 0.51429236, 0.00000000, 0.00000000, 0.00000000, 0.00000000
5, 1.7900, 179, -0.28129157, -0.32142761, 0.03819665, -82.23042297, 63.22783661, -46.91191864, -34.49283981, 4.18006420, -115.22946167, 154.11299133, -11.66541862, 2.84769464, 0.22030129, -0.96981204, -0.00133567, -0.10454846, -0.14232075, -0.25107384, 0.49506339, 0.00000000, 0.00000000, 0.00000000, 0.00000000
5, 1.8000, 180, -0.26296487, -0.35360703, 0.03482614, -96.89496613, 66.28283691, -50.31537628, -33.46974564, 3.56620860, -116.19409180, 152.82133484, -11.64269257, 2.93377805, 0.23114954, -0.96728522, -0.00093064, -0.10453895, -0.17041895, -0.24748877, 0.47830659, 0.00000000, 0.00000000, 0.00000000, 0.00000000
2, 1.7600, 176, 0.23476128, -0.52430755, 0.33535063, -100.19470978, -71.88598633, -85.67844391, 49.72230148, 20.95878410, 29.84507370, -168.04823303, -5.53382730, 63.31031418, -0.11371403, -0.84297192, -0.52562302, 0.01370630, 0.05386334, -0.29917449, 0.57863867, 0.00000000, 0.00000000, 0.00000000, 0.00000000
5, 1.8100, 181, -0.25579673, -0.34823078, 0.03679211, -112.93741608, 70.82717133, -56.78544235, -33.23589706, 4.91084480, -116.95410919, 151.36457825, -11.61464977, 2.97654319, 0.24340037, -0.96429121, -0.00002232, -0.10439751, -0.17393479, -0.27351373, 0.47414124, 0.00000000, 0.00000000, 0.00000000, 0.00000000
5, 1.8200, 182, -0.25149387, -0.31029058, 0.03813669, -132.72933960, 77.20751190, -67.10739136, -32.32972717, 5.37854433, -118.00643158, 151.11146545, -10.44748878, 0.69122571, 0.24786627, -0.96448815, 0.01689267, -0.08966415, -0.15457857, -0.31724563, 0.49062571, 0.00000000, 0.00000000, 0.00000000, 0.00000000
5, 1.8300, 183, -0.23940073, -0.29865912, 0.04488774, -146.94833374, 84.71194458, -76.54460144, -32.32972717, 5.37854433, -118.00643158, 149.25402832, -10.36753082, 0.68189609, 0.26349470, -0.96040231, 0.01823739, -0.08868719, -0.14577524, -0.34200311, 0.49828738, 0.00000000, 0.00000000, 0.00000000, 0.00000000
2, 1.7700, 177, 0.18536758, -0.55241030, 0.33818781, -100.95513916, -89.16003418, -91.08211517, 48.96229172, 21.74802589, 29.23121834, -161.87405396, -7.98108244, 63.19905853, -0.16984920, -0.83331501, -0.52551955, 0.02380376, 0.09752914, -0.30630404, 0.60145968, 0.00000000, 0.00000000, 0.00000000, 0.00000000
2, 1.7800, 178, 0.16243777, -0.55758756, 0.35826135, -103.32588959, -106.32307434, -100.15486145, 48.96229172, 21.74802589, 29.23121834, -163.61860657, -7.52007246, 63.41103363, -0.15505902, -0.83535957, -0.52702117, 0.01949178, 0.07823351, -0.25812685, 0.60158539, 0.00000000, 0.00000000, 0.00000000, 0.00000000
5, 1.8400, 184, -0.22623867, -0.32310307, 0.01653853, -160.81823730, 93.12184143, -84.38732910, -30.89739799, 6.13855600, -118.64951324, 147.21687317, -10.27553654, 0.67241269, 0.28055793, -0.95563281, 0.01966411, -0.08755884, -0.15571806, -0.33373672, 0.48772490, 0.00000000, 0.00000000, 0.00000000, 0.00000000
2, 1.7900, 179, 0.14978662, -0.55993402, 0.36894292, -106.22644043, -119.30056000, -116.84523010, 48.17304993, 22.97573853, 28.32505035, -165.52108765, -6.93205881, 63.55558777, -0.13851492, -0.83776534, -0.52794886, 0.01525805, 0.09306020, -0.29917264, 0.62314481, 0.00000000, 0.00000000, 0.00000000, 0.00000000
2, 1.8000, 180, 0.10780498, -0.55694205, 0.39418644, -109.83399200, -132.41371155, -138.96508789, 46.85764313, 25.05115509, 28.23735809, -167.60449219, -6.17097092, 63.62736511, -0.11981760, -0.84051216, -0.52825576, 0.01135798, 0.11861730, -0.35470811, 0.67477667, 0.00000000, 0.00000000, 0.00000000, 0.00000000
2, 1.8100, 181, 0.05952874, -0.55773079, 0.39502025, -114.39832306, -140.44326782, -168.58250427, 46.15609360, 25.92809105, 26.71733475, -169.86386108, -5.15771675, 63.64685440, -0.09861720, -0.84340233, -0.52808690, 0.00845345, 0.16242522, -0.39266241, 0.72375906, 0.00000000, 0.00000000, 0.00000000, 0.00000000
5, 1.8500, 185, -0.21296339, -0.37703317, -0.02867493, -175.58784485, 101.34065247, -90.38290405, -29.81584358, 4.26775789, -119.49722290, 145.00178528, -10.19125843, 0.65584064, 0.29901329, -0.95008957, 0.02126964, -0.08642066, -0.17332251, -0.29585135, 0.46441215, 0.00000000, 0.00000000, 0.00000000, 0.00000000
2, 1.8200, 182, 0.02163185, -0.56211799, 0.37374997, -117.46080017, -149.83045959, -201.48294067, 44.72376633, 28.82198143, 25.31423569, -163.93380737, -9.93444633, 68.02485657, -0.16336086, -0.81093168, -0.56183338, 0.00680816, 0.18847179, -0.38033926, 0.74596620, 0.00000000, 0.00000000, 0.00000000, 0.00000000
5, 1.8600, 186, -0.17604786, -0.44412810, -0.05983021, -192.38566589, 111.29763794, -95.50505066, -29.17275620, 7.24934244, -121.57263947, 142.58653259, -10.13267231, 0.63848162, 0.31900063, -0.94361514, 0.02306563, -0.08542260, -0.22160724, -0.26264006, 0.43686578, 0.00000000, 0.00000000, 0.00000000, 0.00000000
5, 1.8700, 187, -0.11550406, -0.48908839, -0.07142927, -213.97369385, 126.00506592, -101.45196533, -27.41888237, 7.48319197, -122.97573853, 138.33914185, -5.38889313, -3.02836061, 0.35624769, -0.93283576, 0.04138083, -0.03453536, -0.26580140, -0.26749790, 0.42141739, 0.00000000, 0.00000000, 0.00000000, 0.00000000
2, 1.8300, 183, -0.03004175, -0.57742459, 0.33811200, -118.53083038, -162.87454224, -235.18199158, 44.72376633, 28.82198143, 25.31423569, -166.59725952, -8.35816193, 68.01284027, -0.13695894, -0.81636614, -0.56103724, 0.00509426, 0.18786435, -0.29209045, 0.75374430, 0.00000000, 0.00000000, 0.00000000, 0.00000000
5, 1.8800, 188, -0.07790887, -0.47781026, -0.08858182, -240.38766479, 143.79551697, -109.15677643, -27.41888237, 7.48319197, -122.97573853, 135.33033752, -5.41274405, -2.99904323, 0.38060799, -0.92316115, 0.04211580, -0.03372678, -0.22321320, -0.31930372, 0.41935766, 0.00000000, 0.00000000, 0.00000000, 0.00000000
2, 1.8400, 184, -0.09561682, -0.60240173, 0.29934317, -119.89415741, -175.12882996, -259.74530029, 43.61297989, 31.07278633, 24.40806770, -169.42163086, -6.58794832, 67.85517120, -0.10829591, -0.82188952, -0.55924475, 0.00389325, 0.28607884, -0.31182617, 0.80053204, 0.00000000, 0.00000000, 0.00000000, 0.00000000
2, 1.8500, 185, -0.17159744, -0.60337901, 0.25074053, -121.96654510, -188.08410645, -282.66632080, 41.91756821, 34.11283112, 23.64805603, -172.41841125, -4.65400505, 67.53154755, -0.07743403, -0.82732189, -0.55635720, 0.00303604, 0.37843817, -0.31690609, 0.86395001, 0.00000000, 0.00000000, 0.00000000, 0.00000000
5, 1.8900, 189, -0.06612416, -0.43795946, -0.10228913, -262.47875977, 158.69709778, -122.69898224, -25.89885902, 10.20169544, -123.99883270, 132.02330017, -5.40499830, -2.95886898, 0.40707588, -0.91181278, 0.04272443, -0.03257849, -0.20900236, -0.37244040, 0.41889602, 0.00000000, 0.00000000, 0.00000000, 0.00000000
2, 1.8600, 186, -0.24097139, -0.56506550, 0.21648970, -123.32427979, -199.78868103, -306.33190918, 39.95907593, 36.27594376, 23.15112495, -175.58711243, -2.55873394, 67.01972961, -0.04441086, -0.83249038, -0.55225027, 0.00264768, 0.43562812, -0.32359293, 0.94271153, 0.00000000, 0.00000000, 0.00000000, 0.00000000
5, 1.9000, 190, -0.06748594, -0.39945427, -0.12375524, -281.92614746, 172.76992798, -142.16586304, -24.75884247, 10.23092651, -125.86962891, 128.42269897, -5.30042267, -2.92500091, 0.43550882, -0.89863533, 0.04306576, -0.03052788, -0.18073063, -0.41980314, 0.40758091, 0.00000000, 0.00000000, 0.00000000, 0.00000000
2, 1.8700, 187, -0.27871296, -0.47697762, 0.18987058, -124.57324219, -208.40354919, -331.01083374, 36.53902435, 38.87752151, 22.77112007, -174.18458557, -12.77854729, 78.38410950, -0.10930301, -0.76565945, -0.63156331, -0.05427983, 0.38370025, -0.30130249, 1.01203918, 0.00000000, 0.00000000, 0.00000000, 0.00000000
5, 1.9100, 191, -0.08652659, -0.36684039, -0.17018566, -299.37539673, 185.62727356, -164.71914673, -22.68342590, 14.23560333, -126.92195129, 124.54113770, -5.06542635, -2.92369795, 0.46568918, -0.88347763, 0.04311407, -0.02724331, -0.12967949, -0.44421303, 0.38808998, 0.00000000, 0.00000000, 0.00000000, 0.00000000
2, 1.8800, 188, -0.35452911, -0.43790224, 0.17342074, -125.70907593, -216.81858826, -354.60501099, 36.53902435, 38.87752151, 22.77112007, -177.53450012, -10.31215572, 77.63999176, -0.07301819, -0.77457517, -0.62570095, -0.05657025, 0.28202769, -0.26781499, 1.07822883, 0.00000000, 0.00000000, 0.00000000, 0.00000000
5, 1.9200, 192, -0.16513853, -0.36316076, -0.31333604, -313.09173584, 190.42260742, -184.53265381, -20.54954720, 14.82022762, -129.17276001, 118.29021454, -6.18328810, -2.40448642, 0.51297814, -0.85645032, 0.04564019, -0.03554469, -0.01274585, -0.37781513, 0.34834149, 0.00000000, 0.00000000, 0.00000000, 0.00000000
5, 1.9300, 193, -0.23356564, -0.40633363, -0.43041581, -329.58148193, 178.09675598, -208.22418213, -20.54954720, 14.82022762, -129.17276001, 114.08162689, -5.79228783, -2.80009460, 0.54422057, -0.83706474, 0.04795442, -0.02910577, 0.05284519, -0.30659109, 0.24980965, 0.00000000, 0.00000000, 0.00000000, 0.00000000
2, 1.8900, 189, -0.48130116, -0.42818144, 0.12784126, -134.25892639, -228.91061401, -377.95297241, 34.11283112, 41.68371964, 21.10494041, 178.89741516, -7.72631073, 76.70848846, -0.03427640, -0.78277367, -0.61857462, -0.05878852, 0.40558511, -0.28151238, 1.18684316, 0.00000000, 0.00000000, 0.00000000, 0.00000000
5, 1.9400, 194, -0.17562291, -0.48393464, -0.43080714, -345.41699219, 179.24690247, -225.66148376, -18.47413063, 18.26951218, -130.07891846, 109.68786621, -5.38325596, -3.34499788, 0.57604611, -0.81554735, 0.05086473, -0.02159071, -0.02286623, -0.28857484, 0.16766143, 0.00000000, 0.00000000, 0.00000000, 0.00000000
5, 1.9500, 195, -0.13195303, -0.51024115, -0.47150382, -367.38525391, 200.30052185, -238.60295105, -16.39871407, 22.15726280, -131.07278442, 104.96582031, -4.96469450, -3.87276936, 0.60924011, -0.79108351, 0.05313760, -0.01377524, -0.04779932, -0.26698226, 0.12239419, 0.00000000, 0.00000000, 0.00000000, 0.00000000
5, 1.9600, 196, -0.16180341, -0.40287113, -0.55675375, -392.34475708, 226.31629944, -250.37150574, -14.41099072, 25.66501045, -132.00817871, 99.87004852, -4.53718376, -4.35093164, 0.64383811, -0.76319671, 0.05448866, -0.00585844, 0.06555960, -0.28866184, 0.13095370, 0.00000000, 0.00000000, 0.00000000, 0.00000000
5, 1.9700, 197, -0.15799581, -0.20011424, -0.58907735, -409.44116211, 253.88337708, -267.39099121, -12.27711201, 29.14352417, -132.12510681, 91.13102722, -8.18630886, -2.66238880, 0.69930333, -0.71087676, 0.06650422, -0.03473115, 0.15998651, -0.40328974, 0.17109306, 0.00000000, 0.00000000, 0.00000000, 0.00000000
2, 1.9000, 190, -0.70890605, -0.35386983, 0.06260425, -149.75668335, -243.70478821, -404.91055298, 30.54662323, 44.13914108, 21.01724625, 175.01968384, -5.01690531, 75.59413147, 0.00750149, -0.78984940, -0.61019838, -0.06115372, 0.54670227, -0.25748891, 1.40205777, 0.00000000, 0.00000000, 0.00000000, 0.00000000
5, 1.9800, 198, -0.06328097, 0.04200248, -0.57639438, -413.97351074, 293.03137207, -288.60571289, -9.93861389, 33.44051361, -131.92048645, 85.43154907, -7.40507269, -3.13582969, 0.73411858, -0.67539424, 0.06595086, -0.02372824, 0.15032563, -0.56394356, 0.23345783, 0.00000000, 0.00000000, 0.00000000, 0.00000000
5, 1.9900, 199, 0.04536777, 0.26126403, -0.53802836, -409.13827515, 348.38922119, -304.78625488, -9.93861389, 33.44051361, -131.92048645, 79.43283081, -6.19476032, -3.52929235, 0.76879191, -0.63647217, 0.06119174, -0.01085750, 0.17032307, -0.72289944, 0.31525826, 0.00000000, 0.00000000, 0.00000000, 0.00000000
5, 2.0000, 200, 0.15961476, 0.46664155, -0.59447682, -401.09689331, 375.16653442, -315.39694214, -7.30780458, 38.64366913, -130.95585632, 73.33388519, -4.75256062, -4.02866983, 0.80180573, -0.59511113, 0.05420890, 0.00342565, 0.22011006, -0.78790712, 0.43690303, 0.00000000, 0.00000000, 0.00000000, 0.00000000
5, 2.0100, 201, 0.30977255, 0.61817718, -0.73174810, -393.75112915, 368.14907837, -326.68167114, -4.58930111, 43.20374298, -129.49429321, 67.29236603, -3.36423182, -4.81855631, 0.83206445, -0.55230701, 0.04769640, 0.01873032, 0.24704768, -0.74473667, 0.58888543, 0.00000000, 0.00000000, 0.00000000, 0.00000000
5, 2.0200, 202, 0.58410090, 0.67422974, -0.86506289, -383.29006958, 334.72085571, -343.08709717, -2.92312193, 47.14995575, -126.98041534, 52.75291061, -1.98710895, 1.72964764, 0.89554149, -0.44438398, 0.00882846, -0.02122278, 0.12575282, -0.61462462, 0.72764099, 0.00000000, 0.00000000, 0.00000000, 0.00000000
2, 1.9100, 191, -0.96130180, -0.17903738, -0.04796258, -175.81411743, -263.54388428, -441.23419189, 26.04501534, 46.59456253, 21.04647827, 170.68376160, -2.13628817, 74.28894043, 0.05350384, -0.79525888, -0.60052097, -0.06383894, 0.64374930, -0.15936819, 1.67305398, 0.00000000, 0.00000000, 0.00000000, 0.00000000
5, 2.0300, 203, 0.94337773, 0.64705718, -1.00553000, -368.72122192, 299.12387085, -356.16146851, -2.28003502, 52.06079865, -125.13884735, 47.11996460, -1.48890340, 0.09010077, 0.91656047, -0.39968434, 0.01159546, -0.00591399, -0.10609150, -0.37023866, 0.81850851, 0.00000000, 0.00000000, 0.00000000, 0.00000000
5, 2.0400, 204, 1.22208083, 0.64791167, -1.10714912, -352.54977417, 262.05990601, -355.34042358, -2.28003502, 52.06079865, -125.13884735, 41.78730774, -1.40664768, -1.64507377, 0.93414026, -0.35640618, 0.01658594, 0.00903327, -0.28661618, -0.22563802, 0.96735042, 0.00000000, 0.00000000, 0.00000000, 0.00000000
5, 2.0500, 205, 1.30552590, 0.75256956, -1.10049212, -340.63970947, 208.30532837, -341.19259644, -1.81233561, 56.44548416, -122.15726471, 36.85728073, -1.86421502, -3.26177168, 0.94835472, -0.31551409, 0.02442296, 0.02185691, -0.31119660, -0.22922251, 1.02146220, 0.00000000, 0.00000000, 0.00000000, 0.00000000
5, 2.0600, 206, 1.22248757, 0.97091699, -1.05094230, -332.70822144, 148.89340210, -324.21960449, -2.10464764, 59.89476776, -119.70184326, 32.34351730, -2.88018513, -4.63268805, 0.95962620, -0.27722663, 0.03537079, 0.03181139, -0.17474213, -0.33780843, 1.03624868, 0.00000000, 0.00000000, 0.00000000, 0.00000000
2, 1.9200, 192, -1.17463720, -0.00553303, -0.17051831, -193.29833984, -277.69082642, -475.80056763, 21.57263947, 49.34229660, 22.30341911, 162.71946716, -5.50290060, 66.75968170, 0.09919318, -0.82858068, -0.53729373, -0.12218960, 0.69831830, -0.07053571, 1.89457870, 0.00000000, 0.00000000, 0.00000000, 0.00000000
2, 1.9300, 193, -1.43414998, 0.17718530, -0.25619784, -210.42289734, -288.17782593, -511.55105591, 21.57263947, 49.34229660, 22.30341911, 157.83659363, -2.45909619, 64.66706848, 0.15110680, -0.83120912, -0.52126831, -0.12057165, 0.70584118, -0.04097624, 2.14789295, 0.00000000, 0.00000000, 0.00000000, 0.00000000
2, 1.9400, 194, -1.67002261, 0.29898548, -0.27100581, -230.76051331, -287.42816162, -543.23693848, 16.54487038, 51.44694519, 22.09880066, 152.63250732, 0.69875264, 62.28621674, 0.20552942, -0.83082378, -0.50372308, -0.11727192, 0.80788833, -0.06191656, 2.36943197, 0.00000000, 0.00000000, 0.00000000, 0.00000000
2, 1.9500, 195, -1.82434356, 0.50170904, -0.25005138, -251.83058167, -268.36474609, -564.28259277, 11.19555664, 53.40543747, 23.85267448, 147.24139404, 3.96861148, 59.68221283, 0.26098892, -0.82684803, -0.48558509, -0.11141995, 0.79272997, -0.08294030, 2.56260204, 0.00000000, 0.00000000, 0.00000000, 0.00000000
2, 1.9600, 196, -1.88926661, 0.86404014, -0.27774864, -258.50509644, -241.33012390, -575.81176758, 5.52470016, 53.96083069, 26.16194153, 141.80050659, 7.24916935, 56.78608322, 0.31568336, -0.81977940, -0.46663895, -0.10273237, 0.62269950, 0.00867003, 2.74441886, 0.00000000, 0.00000000, 0.00000000, 0.00000000
2, 1.9700, 197, -1.96185577, 1.20915163, -0.32666475, -242.20841980, -218.34594727, -578.98492432, -0.26308095, 54.72084045, 28.26658821, 124.08698273, 9.47147179, 55.98566437, 0.44677001, -0.75913370, -0.44734901, -0.15489221, 0.47073340, 0.08636342, 2.86999702, 0.00000000, 0.00000000, 0.00000000, 0.00000000
5, 2.0700, 207, 1.05729795, 1.23890150, -0.98665309, -321.66622925, 99.49647522, -315.65289307, -3.42005253, 64.01636505, -117.94796753, 22.46459198, -4.40836859, -3.45167208, 0.97990090, -0.19341867, 0.04356902, 0.02202996, 0.03634535, -0.46817139, 1.02455366, 0.00000000, 0.00000000, 0.00000000, 0.00000000
2, 1.9800, 198, -2.17889953, 1.71600056, -0.41975421, -205.84950256, -202.07061768, -582.03387451, -0.26308095, 54.72084045, 28.26658821, 118.72743988, 11.26150799, 51.67312241, 0.49322727, -0.74888611, -0.41816735, -0.14502595, 0.27099028, 0.21619825, 3.09738111, 0.00000000, 0.00000000, 0.00000000, 0.00000000
2, 1.9900, 199, -2.25497818, 1.98431754, -0.54516011, -155.28233337, -191.79150391, -578.63024902, -5.67085648, 54.75007248, 29.93276787, 113.56939697, 12.34160614, 47.02343369, 0.53527492, -0.73922503, -0.38581809, -0.13480182, 0.17588463, 0.39878488, 3.19125843, 0.00000000, 0.00000000, 0.00000000, 0.00000000
2, 2.0000, 200, -2.18140841, 1.92014027, -0.67370081, -85.64913940, -190.95240784, -551.00488281, -10.14323330, 52.85004425, 31.86202812, 108.84963226, 12.46634674, 42.33746719, 0.57119650, -0.73117447, -0.35088137, -0.12649399, 0.23194578, 0.46070045, 2.99087524, 0.00000000, 0.00000000, 0.00000000, 0.00000000
2, 2.0100, 201, -2.10570693, 1.70759344, -0.75278413, -39.38975525, -198.18292236, -506.65399170, -14.00175381, 50.27769470, 32.59280777, 104.57717133, 11.80297947, 37.99387741, 0.60178238, -0.72357804, -0.31561968, -0.12114919, 0.36805257, 0.42457905, 2.72779560, 0.00000000, 0.00000000, 0.00000000, 0.00000000
2, 2.0200, 202, -2.09826994, 1.48378766, -0.77970672, -9.06403923, -206.43173218, -452.84521484, -14.00175381, 50.27769470, 32.59280777, 89.13092804, 7.81057501, 36.37094498, 0.69020754, -0.64998162, -0.26459450, -0.17642948, 0.51159865, 0.33490777, 2.48329520, 0.00000000, 0.00000000, 0.00000000, 0.00000000
2, 2.0300, 203, -2.16488981, 1.29119992, -0.73135084, -0.28631428, -208.65922546, -402.63076782, -17.62642479, 46.74071884, 33.61590195, 85.92414856, 5.68967533, 33.55919266, 0.70954800, -0.64120722, -0.23127837, -0.17862073, 0.61229283, 0.18799326, 2.24031806, 0.00000000, 0.00000000, 0.00000000, 0.00000000
2, 2.0400, 204, -2.29761314, 1.15400076, -0.65823919, -13.74817657, -198.93516541, -364.51473999, -20.60800934, 44.95761490, 35.07746124, 82.97261047, 3.69751692, 31.16281700, 0.72694898, -0.63127232, -0.20112301, -0.18052693, 0.73235595, 0.06746145, 2.24067903, 0.00000000, 0.00000000, 0.00000000, 0.00000000
2, 2.0500, 205, -2.46147609, 1.11959946, -0.59438276, -38.09922791, -179.12628174, -347.29278564, -22.68342590, 42.20988083, 36.68518066, 80.17271423, 1.93807089, 28.90382767, 0.74347794, -0.62024701, -0.17321326, -0.18036459, 0.79917651, -0.00039744, 2.32195711, 0.00000000, 0.00000000, 0.00000000, 0.00000000
2, 2.0600, 206, -2.61333179, 1.21811390, -0.53559160, -71.43750000, -155.95500183, -354.29809570, -24.23267937, 39.90061188, 37.41595840, 77.39692688, 0.41260606, 26.50860023, 0.76016903, -0.60791874, -0.14608100, -0.17674339, 0.76456285, -0.00804119, 2.46379304, 0.00000000, 0.00000000, 0.00000000, 0.00000000
5, 2.0800, 208, 0.91789716, 1.43550336, -0.89063412, -306.53805542, 74.76296234, -323.23513794, -5.32008171, 64.89330292, -115.90177917, 18.54506683, -6.26314068, -4.40397835, 0.98506993, -0.15869972, 0.06005715, 0.02906789, 0.17380115, -0.53377515, 0.95858556, 0.00000000, 0.00000000, 0.00000000, 0.00000000
2, 2.0700, 207, -2.64567161, 1.18499482, -0.42284888, -124.94629669, -133.27203369, -380.35198975, -24.23267937, 39.90061188, 37.41595840, 64.85719299, -3.73557639, 25.39128304, 0.81914568, -0.52890551, -0.09095154, -0.20245302, 0.73535722, -0.09863047, 2.41063213, 0.00000000, 0.00000000, 0.00000000, 0.00000000
2, 2.0800, 208, -2.65074968, 1.08275402, -0.31807631, -215.45501709, -110.79521179, -409.50497437, -25.86962891, 36.97749329, 38.81905746, 61.70976257, -4.99718094, 22.28425407, 0.83716649, -0.50995195, -0.06229423, -0.18767259, 0.72112054, -0.16928676, 2.21901774, 0.00000000, 0.00000000, 0.00000000, 0.00000000
5, 2.0900, 209, 0.81893897, 1.45632660, -0.84366763, -293.92611694, 76.17240906, -342.00985718, -5.32008171, 64.89330292, -115.90177917, 14.69315434, -8.25996590, -5.44343376, 0.98853678, -0.12400316, 0.07740376, 0.03777414, 0.21151604, -0.51860940, 0.87190306, 0.00000000, 0.00000000, 0.00000000, 0.00000000
2, 2.0900, 209, -2.61842775, 1.08508408, -0.26177216, -319.23886108, -97.62860870, -427.21173096, -27.24349594, 32.47588348, 41.09909439, 58.11635971, -5.78184271, 18.62389946, 0.85754639, -0.48582044, -0.03498511, -0.16543530, 0.66645789, -0.19017108, 2.15486288, 0.00000000, 0.00000000, 0.00000000, 0.00000000
5, 2.1000, 210, 0.76866388, 1.37959349, -0.89118844, -287.20022583, 96.95523071, -352.95697021, -7.04472351, 66.55948639, -113.41712952, 10.80512810, -10.22921085, -6.56302834, 0.99044842, -0.08854385, 0.09397465, 0.04838093, 0.19903556, -0.36771762, 0.80585045, 0.00000000, 0.00000000, 0.00000000, 0.00000000
5, 2.1100, 211, 0.79996812, 1.37127829, -0.94946897, -285.35766602, 115.25040436, -346.05972290, -9.44168377, 72.96112061, -110.78631592, 6.89580107, -12.08900928, -7.61696148, 0.99086899, -0.05269286, 0.10885062, 0.05961383, 0.15893269, -0.24993044, 0.84232402, 0.00000000, 0.00000000, 0.00000000, 0.00000000
5, 2.1200, 212, 0.85790086, 1.44729340, -0.97773808, -280.03189087, 144.49974060, -323.99594116, -12.33557415, 74.91961670, -108.50628662, 1.50373423, -12.83455944, -6.07337904, 0.99233121, -0.00710117, 0.11229284, 0.05117436, 0.13340953, -0.20179915, 0.93649209, 0.00000000, 0.00000000, 0.00000000, 0.00000000
5, 2.1300, 213, 0.81754386, 1.53697526, -0.98639888, -273.57070923, 180.94143677, -290.54092407, -14.38175964, 76.38117218, -106.25547791, -2.39365602, -13.99574661, -7.03429365, 0.99030900, 0.02816488, 0.12030465, 0.06341689, 0.19912896, -0.16549176, 0.97314143, 0.00000000, 0.00000000, 0.00000000, 0.00000000
5, 2.1400, 214, 0.71165544, 1.60235500, -0.96464801, -267.01687622, 215.15093994, -259.12081909, -14.38175964, 76.38117218, -106.25547791, -6.25260258, -14.76764107, -8.05167866, 0.98729610, 0.06296063, 0.12421050, 0.07651211, 0.29110989, -0.15782428, 0.94703805, 0.00000000, 0.00000000, 0.00000000, 0.00000000
5, 2.1500, 215, 0.61852473, 1.68245006, -0.90820479, -256.14523315, 247.32943726, -231.53710938, -16.13563347, 78.22274017, -103.94621277, -10.02590084, -15.21105862, -9.21040249, 0.98329508, 0.09691836, 0.12446607, 0.09080635, 0.37277406, -0.18823156, 0.92344105, 0.00000000, 0.00000000, 0.00000000, 0.00000000
5, 2.1600, 216, 0.60785156, 1.81623936, -0.84926921, -233.95788574, 273.68402100, -221.49943542, -17.42180634, 78.98274994, -101.19847870, -13.62902832, -15.53892517, -10.64095879, 0.97809434, 0.12950659, 0.12275260, 0.10719780, 0.41644636, -0.25698489, 0.98445719, 0.00000000, 0.00000000, 0.00000000, 0.00000000
2, 2.1000, 210, -2.51956725, 1.19633186, -0.22644982, -404.00445557, -96.60641479, -425.62179565, -28.90967560, 31.07278633, 42.50219345, 54.12374496, -6.21479797, 14.63445759, 0.87882400, -0.45673198, -0.00997908, -0.13771294, 0.50494301, -0.14217387, 2.08421946, 0.00000000, 0.00000000, 0.00000000, 0.00000000
5, 2.1700, 217, 0.72014612, 1.90126681, -0.77135485, -205.29052734, 282.18719482, -229.58345032, -19.20491028, 78.33966827, -99.09383392, -16.94780350, -15.63472176, -11.64931488, 0.97279811, 0.15888846, 0.11902063, 0.11938332, 0.33214027, -0.31497255, 1.08181548, 0.00000000, 0.00000000, 0.00000000, 0.00000000
2, 2.1100, 211, -2.44299817, 1.34703684, -0.23353863, -466.72680664, -104.30863953, -409.56884766, -29.23121834, 26.74656487, 43.84682846, 49.80230713, -6.42196655, 10.51031208, 0.89964503, -0.42327926, 0.01208783, -0.10643138, 0.34492207, -0.03260748, 2.04066968, 0.00000000, 0.00000000, 0.00000000, 0.00000000
5, 2.1800, 218, 0.90425342, 1.90085495, -0.69779903, -173.86564636, 277.20059204, -238.46229553, -20.87108994, 80.35662079, -97.25226593, -20.03073883, -16.37317467, -13.45754814, 0.96511042, 0.18738468, 0.11909175, 0.13880216, 0.15133014, -0.32228243, 1.17263830, 0.00000000, 0.00000000, 0.00000000, 0.00000000
2, 2.1200, 212, -2.39398718, 1.48446059, -0.22551368, -499.78842163, -115.38414764, -385.90560913, -29.23121834, 26.74656487, 43.84682846, 39.60657120, -6.26947451, 10.17512608, 0.93410963, -0.34151459, 0.02124910, -0.10176248, 0.20919046, 0.08277808, 1.99954271, 0.00000000, 0.00000000, 0.00000000, 0.00000000
5, 2.1900, 219, 1.08620715, 1.81596947, -0.62323600, -142.01448059, 253.39811707, -239.61035156, -20.87108994, 80.35662079, -97.25226593, -22.73896408, -17.36115646, -15.21854591, 0.95667231, 0.21275380, 0.12085606, 0.15782198, -0.07692946, -0.28476295, 1.21204150, 0.00000000, 0.00000000, 0.00000000, 0.00000000
2, 2.1300, 213, -2.37458968, 1.63131595, -0.15053651, -504.74807739, -121.03919983, -358.79357910, -30.45892906, 23.91113663, 45.51300812, 35.09453964, -6.87582445, 6.29169798, 0.94932634, -0.30363405, 0.04057490, -0.07028243, 0.05962758, 0.18535532, 1.97650743, 0.00000000, 0.00000000, 0.00000000, 0.00000000
5, 2.2000, 220, 1.19987607, 1.61629593, -0.53000653, -111.95159149, 213.40342712, -231.37712097, -23.00496864, 80.82431793, -95.76147461, -25.02449417, -18.54422569, -16.75774384, 0.94812351, 0.23445630, 0.12446064, 0.17493314, -0.31501454, -0.19863589, 1.12977552, 0.00000000, 0.00000000, 0.00000000, 0.00000000
5, 2.2100, 221, 1.18003964, 1.42644989, -0.46627229, -91.08350372, 163.31613159, -215.87133789, -24.29114342, 80.41508484, -95.41069794, -26.94307137, -19.83284950, -17.91966057, 0.94001955, 0.25276417, 0.12968969, 0.18882325, -0.43266714, -0.10303400, 0.98781854, 0.00000000, 0.00000000, 0.00000000, 0.00000000
5, 2.2200, 222, 1.07378912, 1.32002306, -0.42842296, -83.47772980, 117.07167053, -201.24435425, -26.22040367, 81.26278687, -94.21221924, -26.18605804, -16.54199791, -14.65695286, 0.95184213, 0.24021801, 0.11037556, 0.15527093, -0.41425425, -0.05044301, 0.84832191, 0.00000000, 0.00000000, 0.00000000, 0.00000000
2, 2.1400, 214, -2.35594559, 1.72917533, -0.05934386, -483.95669556, -112.73881531, -329.62753296, -30.48816109, 21.36802101, 46.18532562, 30.87337112, -7.61109495, 2.64245796, 0.96113682, -0.26699090, 0.05783536, -0.03983828, -0.06611662, 0.20280327, 1.99153066, 0.00000000, 0.00000000, 0.00000000, 0.00000000
5, 2.2300, 223, 0.98485798, 1.31537461, -0.41874534, -82.97013855, 86.81299591, -188.35427856, -28.47120667, 81.14586639, -93.65682220, -27.81967163, -17.82345963, -15.12928200, 0.94570911, 0.25522107, 0.11779651, 0.16315763, -0.31319535, -0.05215174, 0.77491480, 0.00000000, 0.00000000, 0.00000000, 0.00000000
2, 2.1500, 215, -2.30268121, 1.83223450, 0.01864427, -441.05514526, -88.34930420, -297.41671753, -30.83893585, 19.02952385, 46.76995087, 27.19636726, -8.49310112, -0.72162187, 0.96939051, -0.23400788, 0.07344781, -0.01130530, -0.21378046, 0.23067492, 1.98696899, 0.00000000, 0.00000000, 0.00000000, 0.00000000
2, 2.1600, 216, -2.17165804, 1.89560652, 0.07347281, -376.79620361, -52.34649658, -260.54534912, -30.07892418, 16.25255775, 47.03303146, 24.27437401, -9.49917507, -3.71715975, 0.97434199, -0.20679545, 0.08770322, 0.01419878, -0.37079799, 0.25603098, 1.90205443, 0.00000000, 0.00000000, 0.00000000, 0.00000000
5, 2.2400, 224, 0.92300111, 1.35101533, -0.44620407, -83.42687988, 68.79180908, -174.82720947, -30.04969215, 81.11663055, -93.10143280, -29.37739563, -19.03470230, -15.39486027, 0.93979126, 0.26924640, 0.12500541, 0.16932938, -0.25730267, -0.03266644, 0.79211676, 0.00000000, 0.00000000, 0.00000000, 0.00000000
2, 2.1700, 217, -2.03617215, 1.91522348, 0.08358343, -280.05130005, -1.66711438, -213.17247009, -30.07892418, 16.25255775, 47.03303146, 20.73343277, -7.16732740, -4.79164171, 0.98136479, -0.17686857, 0.06893946, 0.02980201, -0.46976277, 0.29733586, 1.78539705, 0.00000000, 0.00000000, 0.00000000, 0.00000000
5, 2.2500, 225, 0.88508761, 1.34202433, -0.51180220, -81.26590729, 56.30308914, -161.56968689, -30.04969215, 81.11663055, -93.10143280, -30.85121727, -20.16359138, -15.52162552, 0.93411088, 0.28226840, 0.13183847, 0.17429888, -0.22589338, 0.04265988, 0.81440312, 0.00000000, 0.00000000, 0.00000000, 0.00000000
