SensorId, TimeStamp (s), FrameNumber, AccX (g), AccY (g), AccZ (g), GyroX (deg/s), GyroY (deg/s), GyroZ (deg/s), MagX (uT), MagY (uT), MagZ (uT), EulerX (deg), EulerY (deg), EulerZ (deg), QuatW, QuatX, QuatY, QuatZ, LinAccX (g), LinAccY (g), LinAccZ (g), Pressure (kPa), Altitude (m), Temperature (degC), HeaveMotion (m)
5, -0.0001, 0, 0.88642639, 0.43777221, -0.07873349, -29.68796921, -9.09243393, 2.71069622, 33.11896896, 97.63227081, -17.42180634, -9.26733875, -0.95845205, 18.52017975, 0.98381656, 0.07838756, 0.02122710, -0.15971790, 0.02099165, 0.04187173, -0.00257659, 0.00000000, 0.00000000, 0.00000000, 0.00000000
4, 0.0000, 0, 0.11001378, 0.96058983, -0.32047868, 2.39896679, 3.65307188, -1.11685073, -44.63607025, 47.88073730, -31.42355919, -14.07674313, -8.01379395, 5.06490183, 1.00000000, 0.00000000, 0.00000000, 0.00000000, -0.00732746, 0.02305255, 0.02573774, 101.51800537, -16.05380058, 35.04999924, 0.00000000
4, 0.0025, 1, 0.11260741, 0.96044415, -0.31864816, 2.47413802, 3.09925985, -0.98898202, -44.63607025, 47.88073730, -31.42355919, -14.07133675, -8.01422787, 5.05544949, 1.00000000, 0.00000000, 0.00000000, 0.00000000, -0.01010887, 0.02146533, 0.02530960, 101.51800537, -16.05380058, 35.04999924, 0.00000000
4, 0.0050, 2, 0.11236790, 0.95882851, -0.31635168, 2.33552599, 2.68511009, -0.99356800, -44.63607025, 47.88073730, -31.42355919, -14.06619930, -8.01495552, 5.04705954, 1.00000000, 0.00000000, 0.00000000, 0.00000000, -0.01050850, 0.02023656, 0.02274296, 101.51800537, -16.05380058, 35.04999924, 0.00000000
4, 0.0900, 3, 0.08201700, 0.95332164, -0.28119418, -0.05840037, 0.48355773, -1.68034053, -44.19760132, 48.43613052, -30.86816597, -14.19990540, -7.93725729, 5.12971258, 1.00000000, 0.00000000, 0.00000000, 0.00000000, 0.01478876, -0.00482787, -0.00629734, 101.51800537, -16.05380058, 35.04999924, 0.00000000
5, 0.0099, 1, 0.87827826, 0.43429872, -0.09906463, -26.51291084, -17.13871574, 3.12695742, 33.32358932, 97.54457855, -17.74334908, -9.22600365, -0.95694214, 18.83401871, 0.98340356, 0.07797656, 0.02137017, -0.16242053, 0.02654162, 0.05431093, -0.00879403, 0.00000000, 0.00000000, 0.00000000, 0.00000000
5, 0.0199, 2, 0.88377351, 0.39854664, -0.11339788, -24.55946350, -28.73214531, 2.86080837, 33.52820587, 97.45688629, -17.33411217, -9.08372021, -1.00595784, 19.17950821, 0.98300749, 0.07661997, 0.02182018, -0.16537739, 0.00041711, 0.08136494, -0.01429688, 0.00000000, 0.00000000, 0.00000000, 0.00000000
5, 0.0299, 3, 0.92137039, 0.37205622, -0.12224717, -24.50871277, -38.20122528, 5.57884598, 33.87898254, 97.63227081, -17.48026848, -8.85365582, -1.06809759, 19.56565475, 0.98259854, 0.07448117, 0.02227223, -0.16869086, -0.03376971, 0.09777505, 0.01169438, 0.00000000, 0.00000000, 0.00000000, 0.00000000
5, 0.0399, 4, 0.88938057, 0.37009627, -0.12309168, -26.07756424, -42.85676956, 9.62400818, 33.87898254, 97.63227081, -17.48026848, -8.57622051, -1.11107492, 19.98716927, 0.98215008, 0.07195593, 0.02249708, -0.17232996, -0.02309781, 0.09482420, -0.01884397, 0.00000000, 0.00000000, 0.00000000, 0.00000000
4, 0.0925, 4, 0.08312928, 0.95476472, -0.27983212, 0.08013927, 0.89660287, -1.60597467, -44.19760132, 48.43613052, -30.86816597, -14.20020771, -7.94044590, 5.12644100, 1.00000000, 0.00000000, 0.00000000, 0.00000000, 0.01378470, -0.00673399, -0.00549610, 101.51800537, -16.05380058, 35.04999924, 0.00000000
4, 0.0950, 5, 0.08226426, 0.95319653, -0.28095159, 0.14664103, 1.44742632, -1.52754617, -44.19760132, 48.43613052, -30.86816597, -14.27107239, -8.10647297, 5.13163900, 1.00000000, 0.00000000, 0.00000000, 0.00000000, 0.01156839, -0.00388081, -0.00576066, 101.51800537, -16.05380058, 35.04999924, 0.00000000
4, 0.0975, 6, 0.08732414, 0.95146954, -0.27913961, 0.21511099, 1.71905255, -1.24486363, -44.19760132, 48.43613052, -30.86816597, -14.27112007, -8.10821915, 5.12660742, 1.00000000, 0.00000000, 0.00000000, 0.00000000, 0.00604552, -0.00455043, -0.00687482, 101.51800537, -16.05380058, 35.04999924, 0.00000000
4, 0.1000, 7, 0.08657466, 0.94848460, -0.28344971, -0.07325774, 2.26685190, -1.01927257, -44.86991882, 48.99152374, -31.16047859, -14.27194881, -8.10898399, 5.12060928, 1.00000000, 0.00000000, 0.00000000, 0.00000000, 0.00667492, 0.00069406, -0.00739078, 101.51800537, -16.05380058, 35.04999924, 0.00000000
5, 0.0499, 5, 0.84177148, 0.39380416, -0.15101591, -26.21873856, -44.64480591, 15.17400932, 34.05437088, 97.04764557, -17.01256943, -7.11791325, -1.60041368, 20.63782501, 0.98198813, 0.05856876, 0.02483172, -0.17791110, 0.02445341, 0.09899872, -0.05028014, 0.00000000, 0.00000000, 0.00000000, 0.00000000
4, 0.1025, 8, 0.08830537, 0.94590980, -0.28213999, 0.20771852, 2.61125207, -0.94921958, -44.86991882, 48.99152374, -31.16047859, -14.27210617, -8.10937500, 5.11368179, 1.00000000, 0.00000000, 0.00000000, 0.00000000, 0.00429263, 0.00089337, -0.00976781, 101.51800537, -16.05380058, 35.04999924, 0.00000000
4, 0.1050, 9, 0.08892150, 0.94445413, -0.28252462, -0.00635446, 2.74649525, -0.80255580, -44.86991882, 48.99152374, -31.16047859, -14.27280235, -8.10928822, 5.10665655, 1.00000000, 0.00000000, 0.00000000, 0.00000000, 0.00344222, 0.00198222, -0.01063715, 101.51800537, -16.05380058, 35.04999924, 0.00000000
4, 0.1075, 10, 0.08743791, 0.94277567, -0.28450012, -0.15104897, 3.08991766, -0.72337890, -44.86991882, 48.99152374, -31.16047859, -14.27391052, -8.10873413, 5.09896851, 1.00000000, 0.00000000, 0.00000000, 0.00000000, 0.00478829, 0.00455790, -0.01140652, 101.51800537, -16.05380058, 35.04999924, 0.00000000
4, 0.1100, 11, 0.08780514, 0.94400388, -0.28521562, -0.08017627, 3.08897591, -0.65512007, -44.86991882, 48.99152374, -31.16047859, -14.27483177, -8.10802937, 5.09128475, 1.00000000, 0.00000000, 0.00000000, 0.00000000, 0.00478734, 0.00455770, -0.00993648, 101.51800537, -16.05380058, 35.04999924, 0.00000000
5, 0.0599, 6, 0.81973547, 0.40981603, -0.18610194, -25.03956604, -42.16043472, 21.70286942, 34.25898743, 96.84302521, -17.07103157, -6.79579353, -1.54486430, 21.05416489, 0.98149711, 0.05580816, 0.02405847, -0.18157688, 0.05503041, 0.10277405, -0.06098000, 0.00000000, 0.00000000, 0.00000000, 0.00000000
4, 0.1125, 12, 0.08620388, 0.94533199, -0.28446758, -0.08079506, 3.15684175, -0.58406937, -44.28529739, 50.45308304, -31.42355919, -14.27575207, -8.10711002, 5.08349180, 1.00000000, 0.00000000, 0.00000000, 0.00000000, 0.00653974, 0.00325008, -0.00958769, 101.51800537, -16.05380058, 35.04999924, 0.00000000
4, 0.2125, 13, 0.18761604, 0.94835538, -0.39096236, 13.88685417, -5.75437546, 6.21224308, -44.63607025, 50.19000244, -32.03741455, -12.76082134, -6.82340145, 4.70477915, 1.00000000, 0.00000000, 0.00000000, 0.00000000, -0.05583256, 0.06829967, 0.06148933, 101.51800537, -16.05380058, 35.04999924, 0.00000000
4, 0.2150, 14, 0.19131157, 0.94582123, -0.39245632, 13.68111992, -6.65148354, 6.20027924, -44.63607025, 50.19000244, -32.03741455, -12.72370243, -6.81580830, 4.71679926, 1.00000000, 0.00000000, 0.00000000, 0.00000000, -0.05962729, 0.07025814, 0.06085772, 101.51800537, -16.05380058, 35.04999924, 0.00000000
4, 0.2175, 15, 0.19389808, 0.94243389, -0.39396256, 14.04601002, -7.96442604, 6.37786150, -44.63607025, 50.19000244, -32.03741455, -12.68529987, -6.80889988, 4.73178911, 1.00000000, 0.00000000, 0.00000000, 0.00000000, -0.06253302, 0.07264287, 0.05925057, 101.51800537, -16.05380058, 35.04999924, 0.00000000
4, 0.2200, 16, 0.20154293, 0.93975675, -0.39374673, 14.19820881, -9.27564812, 6.42044735, -44.63607025, 50.19000244, -32.03741455, -12.64618874, -6.80295610, 4.74978209, 1.00000000, 0.00000000, 0.00000000, 0.00000000, -0.07043031, 0.07317276, 0.05859898, 101.51800537, -16.05380058, 35.04999924, 0.00000000
4, 0.2225, 17, 0.20290022, 0.93659329, -0.39390916, 14.56378937, -10.65535164, 6.45719910, -44.63607025, 50.19000244, -32.03741455, -12.60582638, -6.79808712, 4.77080441, 1.00000000, 0.00000000, 0.00000000, 0.00000000, -0.07229869, 0.07425478, 0.05621012, 101.51800537, -16.05380058, 35.04999924, 0.00000000
4, 0.2250, 18, 0.20475496, 0.93195027, -0.39274862, 14.71482277, -11.82973576, 6.57210636, -44.51914597, 49.75153351, -32.09587860, -12.56477833, -6.79391956, 4.79456091, 1.00000000, 0.00000000, 0.00000000, 0.00000000, -0.07513259, 0.07494868, 0.05204938, 101.51800537, -16.05380058, 35.04999924, 0.00000000
5, 0.0699, 7, 0.82886118, 0.40853029, -0.21865672, -21.95684242, -39.71383667, 28.31175232, 34.87284470, 95.32300568, -17.59719276, -6.45267296, -1.42504621, 21.43780327, 0.98104858, 0.05298492, 0.02266603, -0.18499391, 0.06534681, 0.12664545, -0.04794425, 0.00000000, 0.00000000, 0.00000000, 0.00000000
5, 0.0799, 8, 0.89302009, 0.40367913, -0.30212590, -17.22991180, -38.60926056, 38.47809601, 34.63899231, 95.58608246, -17.15872574, -6.05583572, -1.21557140, 21.78297234, 0.98066658, 0.04986658, 0.02038226, -0.18812484, 0.07294086, 0.19698712, 0.02332471, 0.00000000, 0.00000000, 0.00000000, 0.00000000
5, 0.0899, 9, 1.01494288, 0.39871892, -0.32200420, -9.40139675, -51.13581848, 49.52440262, 34.63899231, 95.58608246, -17.15872574, -5.47803640, -0.96744007, 22.11877441, 0.98035020, 0.04527992, 0.01744257, -0.19120440, 0.03226592, 0.20825499, 0.13577957, 0.00000000, 0.00000000, 0.00000000, 0.00000000
4, 0.2275, 19, 0.20969953, 0.92617404, -0.38879409, 15.08054924, -13.20722961, 6.46929836, -44.51914597, 49.75153351, -32.09587860, -12.52249432, -6.79116297, 4.82123137, 1.00000000, 0.00000000, 0.00000000, 0.00000000, -0.08157045, 0.07380400, 0.04629871, 101.51800537, -16.05380058, 35.04999924, 0.00000000
4, 0.2300, 20, 0.21045157, 0.92040175, -0.38533142, 15.09249687, -14.72569084, 6.51111221, -44.51914597, 49.75153351, -32.09587860, -12.47980309, -6.78954554, 4.85146475, 1.00000000, 0.00000000, 0.00000000, 0.00000000, -0.08389783, 0.07307208, 0.03978496, 101.51800537, -16.05380058, 35.04999924, 0.00000000
4, 0.2325, 21, 0.21009798, 0.91424465, -0.38053286, 15.03404522, -16.31328201, 6.55317450, -44.51914597, 49.75153351, -32.09587860, -12.43687344, -6.78911591, 4.88545084, 1.00000000, 0.00000000, 0.00000000, 0.00000000, -0.08541826, 0.07138602, 0.03202064, 101.51800537, -16.05380058, 35.04999924, 0.00000000
4, 0.2350, 22, 0.20962378, 0.90673780, -0.37502021, 14.76337719, -17.96923065, 6.52874756, -44.51914597, 49.75153351, -32.09587860, -12.39422035, -6.79006720, 4.92343760, 1.00000000, 0.00000000, 0.00000000, 0.00000000, -0.08721383, 0.06978357, 0.02275171, 101.51800537, -16.05380058, 35.04999924, 0.00000000
4, 0.4775, 23, 0.26740110, 0.83134955, -0.45050249, 47.83473587, -31.64169502, 28.81162834, -42.88219833, 50.77462769, -31.54048538, -8.68619061, -6.76066303, 12.27379131, 1.00000000, 0.00000000, 0.00000000, 0.00000000, -0.14904551, 0.11009488, -0.00031752, 101.51200104, -15.55474567, 35.07999802, 0.00000000
4, 0.4800, 24, 0.28465247, 0.83200252, -0.45279586, 49.60408401, -31.39377975, 30.80230522, -42.96989059, 50.54077530, -32.12511063, -8.54819870, -6.72407484, 12.34333611, 1.00000000, 0.00000000, 0.00000000, 0.00000000, -0.16473249, 0.10937493, 0.00510217, 101.51200104, -15.55474567, 35.07999802, 0.00000000
5, 0.0999, 10, 1.23988998, 0.35817677, -0.33843163, -3.11642289, -66.08019257, 57.69350433, 35.63285446, 96.57994843, -17.97719955, -2.56933427, 0.28259057, 22.47326469, 0.98057050, 0.02247037, 0.00195055, -0.19486608, -0.07584225, 0.21977282, 0.32836360, 0.00000000, 0.00000000, 0.00000000, 0.00000000
5, 0.1099, 11, 1.39093614, 0.30822337, -0.39434749, 1.10967195, -83.92144012, 67.55484772, 36.27594376, 93.59836578, -18.41566849, -1.59763587, 0.52454507, 22.87768745, 0.98001885, 0.01457221, -0.00172126, -0.19836301, -0.13704948, 0.24861437, 0.45613581, 0.00000000, 0.00000000, 0.00000000, 0.00000000
2, 0.0000, 0, 1.09287059, 0.20345116, -0.02512446, 31.06052208, -22.94893646, 50.41055679, -33.76205826, 30.98509216, -54.01929092, 6.47688198, -3.63227630, 20.63759232, 0.98144114, -0.06121757, 0.02101598, -0.18051042, -0.09039263, -0.01642665, 0.11615916, 0.00000000, 0.00000000, 0.00000000, 0.00000000
2, 0.0100, 1, 1.09719527, 0.21801762, -0.08742489, 31.65065956, -35.80305099, 66.66414642, -33.76205826, 30.98509216, -54.01929092, 7.01496935, -1.56950784, 20.56079483, 0.98186147, -0.06263082, 0.00253369, -0.17893898, -0.08151407, 0.04278344, 0.11838387, 0.00000000, 0.00000000, 0.00000000, 0.00000000
2, 0.0200, 2, 1.16438460, 0.19139655, -0.12174026, 35.41438293, -45.82786942, 83.05669403, -33.23589706, 29.90353584, -55.13007736, 7.21724844, -0.59781975, 20.35645103, 0.98223996, -0.06286943, -0.00599749, -0.17668106, -0.09779773, 0.05722102, 0.17743471, 0.00000000, 0.00000000, 0.00000000, 0.00000000
2, 0.0300, 3, 1.15464497, 0.19100304, -0.11613210, 40.04867554, -44.08972549, 100.48728180, -32.68050385, 30.28354263, -55.30546570, 7.34780073, 0.53777832, 20.11573982, 0.98265016, -0.06227434, -0.01580194, -0.17398581, -0.07557048, 0.04879925, 0.16840239, 0.00000000, 0.00000000, 0.00000000, 0.00000000
2, 0.0400, 4, 1.23251176, 0.15004298, -0.19200116, 45.56989670, -28.00692558, 117.55301666, -31.83279800, 28.85121346, -55.21777344, 7.27475166, 1.78738856, 19.79625893, 0.98318100, -0.05981388, -0.02623823, -0.17055495, -0.13286282, 0.10531738, 0.23320709, 0.00000000, 0.00000000, 0.00000000, 0.00000000
2, 0.0500, 5, 1.30709875, 0.10781779, -0.26369417, 50.18169785, -23.40375519, 136.46824646, -30.69277954, 28.52966881, -55.83162689, 7.09281301, 3.20388007, 19.42854309, 0.98368132, -0.05623814, -0.03793522, -0.16664147, -0.18680458, 0.16018376, 0.29506031, 0.00000000, 0.00000000, 0.00000000, 0.00000000
5, 0.1199, 12, 1.37850392, 0.25114048, -0.43862742, 3.56523776, -105.50621033, 76.73608398, 36.42210007, 94.15375519, -18.70797920, -0.39921027, 0.74516010, 23.35849190, 0.97926497, 0.00472791, -0.00566282, -0.20244919, -0.15657219, 0.29433155, 0.43180025, 0.00000000, 0.00000000, 0.00000000, 0.00000000
5, 0.1299, 13, 1.26454806, 0.21982481, -0.50174409, 4.19986773, -118.99140167, 86.67686462, 37.59134674, 94.32913971, -18.97106171, 0.95582050, 0.98307139, 23.90490341, 0.97826463, -0.00638327, -0.01011988, -0.20701499, -0.10651021, 0.34208560, 0.32756093, 0.00000000, 0.00000000, 0.00000000, 0.00000000
5, 0.1399, 14, 1.12756193, 0.21069127, -0.55742049, 10.05218601, -123.59938812, 99.44432068, 38.38058853, 94.12452698, -20.08184814, 2.42701864, 1.30136442, 24.44593430, 0.97709990, -0.01829295, -0.01557985, -0.21142034, -0.03108882, 0.37094074, 0.20947938, 0.00000000, 0.00000000, 0.00000000, 0.00000000
5, 0.1499, 15, 1.15463316, 0.15792304, -0.60927773, 18.43345833, -117.29426575, 109.75820923, 38.38058853, 94.12452698, -20.08184814, 7.29848480, 2.32646227, 25.51254463, 0.97342539, -0.05759106, -0.03381050, -0.21905081, -0.05451249, 0.40035433, 0.22755197, 0.00000000, 0.00000000, 0.00000000, 0.00000000
4, 0.4825, 25, 0.29905963, 0.83561534, -0.45785892, 51.65972137, -31.49337959, 32.98987961, -42.96989059, 50.54077530, -32.12511063, -8.40457821, -6.68289661, 12.41396332, 1.00000000, 0.00000000, 0.00000000, 0.00000000, -0.17662302, 0.10941697, 0.01366189, 101.51200104, -15.55474567, 35.07999802, 0.00000000
4, 0.4850, 26, 0.31371701, 0.83265102, -0.46288639, 53.28990173, -31.59064484, 34.97724533, -42.96989059, 50.54077530, -32.12511063, -8.25641823, -6.63755131, 12.48577499, 1.00000000, 0.00000000, 0.00000000, 0.00000000, -0.19005191, 0.11272512, 0.01677303, 101.51200104, -15.55474567, 35.07999802, 0.00000000
4, 0.4875, 27, 0.32578322, 0.82957691, -0.46889374, 54.84812546, -31.54902458, 36.89889526, -42.96989059, 50.54077530, -32.12511063, -8.10394955, -6.58806229, 12.55845928, 1.00000000, 0.00000000, 0.00000000, 0.00000000, -0.20079584, 0.11685645, 0.01964314, 101.51200104, -15.55474567, 35.07999802, 0.00000000
2, 0.0600, 6, 1.39262462, 0.07153828, -0.36189187, 56.03555298, -29.79781151, 157.91458130, -30.69277954, 28.52966881, -55.83162689, 8.49784470, 6.56294870, 19.78688049, 0.98153937, -0.06306032, -0.06894394, -0.16688518, -0.23546304, 0.23608452, 0.36934790, 0.00000000, 0.00000000, 0.00000000, 0.00000000
2, 0.0700, 7, 1.51820934, -0.00548162, -0.39011616, 59.92979813, -41.44808960, 183.32243347, -29.58199310, 27.06810760, -56.27009583, 8.30604267, 8.49748898, 19.42561531, 0.98128116, -0.05871985, -0.08501735, -0.16251574, -0.28530547, 0.21871756, 0.48565072, 0.00000000, 0.00000000, 0.00000000, 0.00000000
5, 0.1599, 16, 1.37861478, 0.10614330, -0.68290442, 28.50445175, -114.91249084, 122.34060669, 39.66676331, 90.26600647, -21.04647827, 8.87638569, 2.84603596, 25.96295738, 0.97165293, -0.06982081, -0.04150432, -0.22202073, -0.14034688, 0.41885695, 0.43518743, 0.00000000, 0.00000000, 0.00000000, 0.00000000
5, 0.1699, 17, 1.68132126, 0.11318953, -0.74687839, 40.19351196, -124.02085114, 136.04817200, 40.42677689, 92.77988434, -21.54340744, 10.63547039, 3.44111991, 26.39316368, 0.96960056, -0.08336570, -0.05025457, -0.22449851, -0.21993601, 0.44400457, 0.73160470, 0.00000000, 0.00000000, 0.00000000, 0.00000000
5, 0.1799, 18, 1.86650252, 0.10926083, -0.81323344, 50.37184143, -146.87220764, 147.81745911, 41.65448761, 91.69833374, -22.88804436, 12.67724895, 4.02209377, 26.85334969, 0.96702600, -0.09922197, -0.05954453, -0.22687063, -0.25998485, 0.47218609, 0.91873527, 0.00000000, 0.00000000, 0.00000000, 0.00000000
4, 0.4900, 28, 0.33847171, 0.82562178, -0.47283810, 55.98088455, -31.50506783, 38.62032318, -42.96989059, 50.54077530, -32.12511063, -7.94826317, -6.53486538, 12.63211155, 1.00000000, 0.00000000, 0.00000000, 0.00000000, -0.21251740, 0.11961319, 0.02089517, 101.51200104, -15.55474567, 35.07999802, 0.00000000
4, 0.4925, 29, 0.34806257, 0.82029051, -0.48302552, 57.25328445, -31.18600464, 40.41357422, -42.73604202, 50.04384613, -31.71587181, -7.78906488, -6.47754383, 12.70610809, 1.00000000, 0.00000000, 0.00000000, 0.00000000, -0.22067308, 0.12837374, 0.02335311, 101.51200104, -15.55474567, 35.07999802, 0.00000000
4, 0.4950, 30, 0.35580680, 0.80960178, -0.49340725, 58.09524155, -30.24497795, 42.08782959, -42.73604202, 50.04384613, -31.71587181, -6.10118198, -3.96004939, 12.46794891, 1.00000000, 0.00000000, 0.00000000, 0.00000000, -0.18536444, 0.11413845, 0.01397668, 101.51200104, -15.55474567, 35.07999802, 0.00000000
5, 0.1899, 19, 1.87829792, 0.05594125, -0.83953786, 60.82184219, -175.58369446, 161.49415588, 43.05758667, 88.77520752, -24.55422401, 15.06060505, 4.57070684, 27.36573792, 0.96371037, -0.11787867, -0.06938553, -0.22924349, -0.28783530, 0.48159233, 0.92465281, 0.00000000, 0.00000000, 0.00000000, 0.00000000
4, 0.4975, 31, 0.36293355, 0.80802649, -0.50232744, 59.43552399, -29.50861549, 43.67785263, -42.73604202, 50.04384613, -31.71587181, -5.93321943, -3.89610219, 12.54175949, 1.00000000, 0.00000000, 0.00000000, 0.00000000, -0.19038798, 0.11970287, 0.01844441, 101.51200104, -15.55474567, 35.07999802, 0.00000000
5, 0.1999, 20, 1.82192218, -0.00128223, -0.86751723, 67.47115326, -193.75726318, 178.13439941, 43.05758667, 88.77520752, -24.55422401, 18.88314629, 6.22602940, 27.18805504, 0.95949739, -0.14661977, -0.09056880, -0.22285575, -0.28607473, 0.48492810, 0.87217104, 0.00000000, 0.00000000, 0.00000000, 0.00000000
4, 0.5000, 32, 0.36918813, 0.80358464, -0.51531231, 60.34864044, -28.56410980, 45.14125061, -42.73604202, 50.04384613, -31.71587181, -5.76293230, -3.82811666, 12.61460304, 1.00000000, 0.00000000, 0.00000000, 0.00000000, -0.19458523, 0.13018557, 0.02233902, 101.51200104, -15.55474567, 35.07999802, 0.00000000
4, 0.5025, 33, 0.37262025, 0.80089563, -0.52315259, 61.47554016, -27.75926590, 46.73710632, -42.73604202, 50.04384613, -31.71587181, -5.58971262, -3.75594974, 12.68684196, 1.00000000, 0.00000000, 0.00000000, 0.00000000, -0.19624497, 0.13530114, 0.02445051, 101.51200104, -15.55474567, 35.07999802, 0.00000000
4, 0.5050, 34, 0.37445617, 0.79489380, -0.52933007, 62.24538422, -26.68156433, 48.48521042, -41.62525558, 51.00847626, -32.62203979, -5.41448784, -3.67894745, 12.75826263, 1.00000000, 0.00000000, 0.00000000, 0.00000000, -0.19716401, 0.14065358, 0.02259127, 101.51200104, -15.55474567, 35.07999802, 0.00000000
4, 0.5075, 35, 0.37716410, 0.79382366, -0.53104961, 63.72692871, -25.87700844, 50.14324188, -41.62525558, 51.00847626, -32.62203979, -5.23542833, -3.59764242, 12.82898521, 1.00000000, 0.00000000, 0.00000000, 0.00000000, -0.19838434, 0.13958159, 0.02283102, 101.51200104, -15.55474567, 35.07999802, 0.00000000
5, 0.2099, 21, 1.76894343, 0.00184424, -0.94783008, 71.94793701, -197.31942749, 193.29275513, 43.49605179, 88.45366669, -25.84039688, 21.65770912, 6.87757015, 27.85796928, 0.95430756, -0.16784135, -0.10232545, -0.22506894, -0.20436740, 0.49656126, 0.86179090, 0.00000000, 0.00000000, 0.00000000, 0.00000000
2, 0.0800, 8, 1.63277841, -0.02923784, -0.34689307, 62.42391968, -59.93811035, 210.70968628, -28.09120178, 26.60040855, -56.67933273, 8.18553066, 10.75072193, 19.09304619, 0.98041964, -0.05457647, -0.10393199, -0.15810440, -0.27647197, 0.17333236, 0.60225439, 0.00000000, 0.00000000, 0.00000000, 0.00000000
2, 0.0900, 9, 1.62345028, -0.06127094, -0.28508908, 66.66430664, -77.45605469, 236.21946716, -27.18503380, 25.34346581, -57.70242691, 8.13352585, 13.30493164, 18.76977539, 0.97884464, -0.05065541, -0.12549488, -0.15345423, -0.24089846, 0.10658295, 0.59955978, 0.00000000, 0.00000000, 0.00000000, 0.00000000
2, 0.1000, 10, 1.62448680, -0.14352962, -0.28000975, 69.96891785, -87.85157776, 261.26397705, -25.46039200, 22.85881233, -59.10552216, 8.08201599, 16.13154411, 18.44872284, 0.97645915, -0.04643515, -0.14933568, -0.14856069, -0.26879382, 0.07514815, 0.59777236, 0.00000000, 0.00000000, 0.00000000, 0.00000000
5, 0.2199, 22, 1.79783928, 0.04687229, -1.03815281, 77.56485748, -197.48899841, 204.62670898, 45.24992752, 87.86904144, -27.91581345, 24.51632118, 7.60008144, 28.57179642, 0.94837272, -0.18931776, -0.11503707, -0.22696829, -0.12992163, 0.51221931, 0.94045329, 0.00000000, 0.00000000, 0.00000000, 0.00000000
5, 0.2299, 23, 1.91818404, 0.08450324, -1.09733582, 85.53955841, -199.57962036, 211.18786621, 46.79918289, 85.88131714, -30.25431061, 27.46158600, 8.35379791, 29.29572868, 0.94172436, -0.21114336, -0.12831852, -0.22827184, -0.11025728, 0.50327921, 1.09762371, 0.00000000, 0.00000000, 0.00000000, 0.00000000
5, 0.2399, 24, 2.05861521, 0.10331433, -1.16108835, 94.24437714, -205.40263367, 214.58366394, 47.47150040, 83.80590057, -32.06664658, 30.51215172, 9.09818745, 30.01524544, 0.93432152, -0.23354347, -0.14183135, -0.22887686, -0.11214931, 0.50679493, 1.27043891, 0.00000000, 0.00000000, 0.00000000, 0.00000000
5, 0.2499, 25, 2.07297897, 0.13194805, -1.20673585, 103.37247467, -213.72810364, 218.63302612, 47.47150040, 83.80590057, -32.06664658, 32.09394073, 8.89100933, 31.06747818, 0.92888403, -0.24557790, -0.14557526, -0.23595314, -0.06712748, 0.49494475, 1.32728505, 0.00000000, 0.00000000, 0.00000000, 0.00000000
5, 0.2599, 26, 1.99946952, 0.14926758, -1.21113157, 115.26282501, -215.82971191, 219.76356506, 48.14381790, 79.42121887, -33.64513397, 35.33228683, 9.65472698, 31.72503662, 0.92028636, -0.26896149, -0.15978490, -0.23495051, -0.02081554, 0.46195415, 1.28622663, 0.00000000, 0.00000000, 0.00000000, 0.00000000
2, 0.1100, 11, 1.61175191, -0.24248713, -0.33486223, 77.68705750, -87.04921722, 283.99844360, -25.46039200, 22.85881233, -59.10552216, 8.10708427, 20.16408539, 17.97221947, 0.97197407, -0.04146807, -0.18334764, -0.14117558, -0.32279390, 0.09484286, 0.58052373, 0.00000000, 0.00000000, 0.00000000, 0.00000000
2, 0.1200, 12, 1.65431690, -0.35857394, -0.40267736, 84.62489319, -82.40737915, 306.52441406, -24.34960556, 20.52031517, -60.50862122, 7.77940798, 23.41542053, 17.49440765, 0.96767044, -0.03486427, -0.21019837, -0.13496314, -0.39677581, 0.12264709, 0.62094462, 0.00000000, 0.00000000, 0.00000000, 0.00000000
2, 0.1300, 13, 1.76184762, -0.48746142, -0.48172575, 89.87785339, -86.07081604, 331.95928955, -22.77112007, 18.06489372, -61.50248337, 7.35225821, 26.92057800, 16.94880867, 0.96213341, -0.02744218, -0.23894528, -0.12826313, -0.50822455, 0.16059163, 0.72228587, 0.00000000, 0.00000000, 0.00000000, 0.00000000
2, 0.1400, 14, 1.83286870, -0.63812292, -0.58632243, 93.74659729, -95.93900299, 358.69921875, -20.84185982, 14.99561501, -61.94095230, 6.87391853, 30.70927811, 16.35034752, 0.95504659, -0.01963709, -0.26985109, -0.12116452, -0.63918275, 0.21607095, 0.78776860, 0.00000000, 0.00000000, 0.00000000, 0.00000000
2, 0.1500, 15, 1.90219498, -0.78100586, -0.61736619, 94.95018768, -113.83263397, 385.37335205, -19.73107338, 11.72171879, -63.51943970, 6.42536163, 34.80400848, 15.73485374, 0.94605684, -0.01210070, -0.30311349, -0.11380793, -0.73474747, 0.20587711, 0.86424637, 0.00000000, 0.00000000, 0.00000000, 0.00000000
2, 0.1600, 16, 1.85719609, -0.85017812, -0.63713479, 101.01841736, -131.14518738, 407.73733521, -19.73107338, 11.72171879, -63.51943970, 6.80733776, 39.31374359, 16.00042152, 0.93369341, -0.00863171, -0.34030634, -0.11105789, -0.73572189, 0.20812885, 0.84971821, 0.00000000, 0.00000000, 0.00000000, 0.00000000
5, 0.2699, 27, 1.90936744, 0.10494739, -1.25429523, 121.17771912, -206.66133118, 218.66244507, 49.28383636, 79.56737518, -36.21747971, 38.52217484, 10.45914173, 32.37351990, 0.91121036, -0.29149121, -0.17420934, -0.23319475, 0.01041386, 0.47691289, 1.22974408, 0.00000000, 0.00000000, 0.00000000, 0.00000000
5, 0.2799, 28, 1.83631682, 0.05686677, -1.31994414, 122.91653442, -193.14389038, 218.45425415, 48.99152374, 77.84273529, -37.94212341, 41.62322617, 11.31393147, 33.05571365, 0.90173012, -0.31274483, -0.18891665, -0.23104966, 0.04175769, 0.51698315, 1.19327438, 0.00000000, 0.00000000, 0.00000000, 0.00000000
5, 0.2899, 29, 1.82146835, -0.00540660, -1.40605152, 120.59917450, -181.45625305, 216.09837341, 49.63460922, 75.88424683, -38.90675354, 44.63002014, 12.17181778, 33.78846741, 0.89189488, -0.33276162, -0.20356756, -0.22880912, 0.04691634, 0.58521116, 1.20984900, 0.00000000, 0.00000000, 0.00000000, 0.00000000
5, 0.2999, 30, 1.93501568, -0.17175125, -1.63059318, 112.77608490, -179.32843018, 213.14654541, 49.63460922, 75.88424683, -38.90675354, 46.05868912, 11.81636429, 35.06480789, 0.88502276, -0.34251103, -0.20755237, -0.23736693, -0.03352727, 0.83047903, 1.32708466, 0.00000000, 0.00000000, 0.00000000, 0.00000000
5, 0.3099, 31, 2.06909871, -0.40721545, -1.95151746, 95.26171875, -196.01229858, 211.90272522, 50.21923447, 73.95498657, -41.15755463, 49.10761642, 12.34210587, 35.97589493, 0.87389499, -0.36275101, -0.22058156, -0.23677664, -0.15164714, 1.20094156, 1.44578052, 0.00000000, 0.00000000, 0.00000000, 0.00000000
5, 0.3199, 32, 2.08846283, -0.63915217, -2.29228330, 74.41865540, -230.52926636, 208.68138123, 50.30692673, 71.52879333, -42.94065857, 52.36498642, 12.46306038, 36.97099304, 0.86124820, -0.38510835, -0.23145515, -0.23742743, -0.20453650, 1.57519901, 1.48354018, 0.00000000, 0.00000000, 0.00000000, 0.00000000
5, 0.3299, 33, 2.00944066, -0.87470710, -2.46762705, 61.12607956, -272.55966187, 201.90744019, 49.92692184, 69.86260986, -44.89915085, 55.87393188, 12.16993046, 37.92113876, 0.84695768, -0.41015521, -0.23993468, -0.23846743, -0.29589641, 1.80204844, 1.40427911, 0.00000000, 0.00000000, 0.00000000, 0.00000000
2, 0.1700, 17, 1.84261441, -0.90981293, -0.63346344, 114.22621918, -137.83509827, 422.05749512, -19.17568016, 8.44782257, -64.80561066, 6.24423504, 43.85216141, 15.13428688, 0.92090088, -0.00098406, -0.37626213, -0.10182075, -0.72514290, 0.18772496, 0.87649071, 0.00000000, 0.00000000, 0.00000000, 0.00000000
2, 0.1800, 18, 1.86514616, -0.95679420, -0.57407236, 131.99040222, -134.02311707, 434.30252075, -18.76644325, 4.26775789, -66.03332520, 5.28806829, 48.50135040, 13.85516167, 0.90642267, 0.00773431, -0.41236988, -0.09104531, -0.69449335, 0.13136752, 0.94934756, 0.00000000, 0.00000000, 0.00000000, 0.00000000
2, 0.1900, 19, 1.92699289, -1.05105615, -0.53126836, 146.86604309, -142.18078613, 446.38519287, -17.86027527, 0.35077462, -67.78719330, 3.95264983, 53.28452682, 12.09900379, 0.88994730, 0.01657642, -0.44890457, -0.07876366, -0.72375095, 0.07716066, 1.05756485, 0.00000000, 0.00000000, 0.00000000, 0.00000000
2, 0.2000, 20, 1.77591181, -1.12324238, -0.46162188, 154.96687317, -156.09686279, 462.23074341, -18.67874908, -4.91084480, -68.69336700, 2.16965985, 58.23701477, 9.80299854, 0.87105167, 0.02509116, -0.48616421, -0.06545159, -0.68789601, 0.00721950, 0.96894336, 0.00000000, 0.00000000, 0.00000000, 0.00000000
2, 0.2100, 21, 1.59127796, -1.19431973, -0.44003594, 154.57371521, -155.72169495, 473.05798340, -18.67874908, -4.91084480, -68.69336700, -0.53777307, 60.91448975, 7.01323748, 0.86023891, 0.03504108, -0.50569308, -0.05509748, -0.67144483, -0.01530523, 0.84160399, 0.00000000, 0.00000000, 0.00000000, 0.00000000
5, 0.3399, 34, 1.81968188, -1.07071722, -2.49791479, 63.10270691, -312.57315063, 188.36233521, 48.75767136, 67.08564758, -47.38380432, 59.60874176, 11.57356930, 38.64485931, 0.83125925, -0.43770319, -0.24618635, -0.23836178, -0.37601501, 1.88107657, 1.21651351, 0.00000000, 0.00000000, 0.00000000, 0.00000000
5, 0.3499, 35, 1.62072945, -1.27196038, -2.54419136, 80.51679993, -351.98730469, 164.75028992, 48.75767136, 67.08564758, -47.38380432, 63.66656494, 10.97608852, 38.86450195, 0.81430024, -0.46809125, -0.25129798, -0.23378429, -0.45321357, 1.97763729, 1.02695405, 0.00000000, 0.00000000, 0.00000000, 0.00000000
5, 0.3599, 36, 1.44568610, -1.50419545, -2.75244164, 107.73851776, -397.53289795, 130.10621643, 47.70534897, 66.03332520, -50.42385101, 67.83406067, 10.10828018, 38.57043839, 0.79647058, -0.50048774, -0.25257650, -0.22660950, -0.49947566, 2.23470879, 0.88425744, 0.00000000, 0.00000000, 0.00000000, 0.00000000
5, 0.3699, 37, 1.28372431, -1.66208172, -2.87944221, 135.69795227, -480.17459106, 77.44554901, 46.24378967, 64.04560089, -52.96696854, 72.43138885, 9.03094959, 37.38912582, 0.77676952, -0.53755891, -0.24895245, -0.21373418, -0.52853644, 2.38837075, 0.77193695, 0.00000000, 0.00000000, 0.00000000, 0.00000000
5, 0.3799, 38, 1.29779661, -1.62764513, -2.66352248, 155.34263611, -492.87783813, 24.91029358, 43.55451584, 63.11020279, -56.50394440, 76.91912842, 8.13090801, 35.55545044, 0.75724250, -0.57382184, -0.24228671, -0.19649334, -0.61203849, 2.15426254, 0.83285165, 0.00000000, 0.00000000, 0.00000000, 0.00000000
4, 0.5100, 36, 0.37691528, 0.80136466, -0.53034049, 64.85103607, -24.72841454, 51.81522751, -41.62525558, 51.00847626, -32.62203979, -5.05354023, -3.51161051, 12.89851665, 1.00000000, 0.00000000, 0.00000000, 0.00000000, -0.19516882, 0.13195640, 0.02832206, 101.51200104, -15.55474567, 35.07999802, 0.00000000
4, 0.5125, 37, 0.37752768, 0.81025088, -0.52997887, 66.39995575, -23.51429367, 53.75848389, -41.62525558, 51.00847626, -32.62203979, -4.86774015, -3.42017913, 12.96678352, 1.00000000, 0.00000000, 0.00000000, 0.00000000, -0.19237296, 0.12387006, 0.03531553, 101.51200104, -15.55474567, 35.07999802, 0.00000000
4, 0.5450, 38, 0.47435978, 0.98387176, -0.60824364, 89.08557129, -0.37213558, 93.89764404, -41.21601868, 49.19614029, -34.60976410, -1.54234886, 0.36146322, 13.15167141, 1.00000000, 0.00000000, 0.00000000, 0.00000000, -0.17468239, 0.04417433, 0.23728372, 101.51200104, -15.55474567, 35.07999802, 0.00000000
5, 0.3899, 39, 1.02178133, -1.22932708, -2.06530428, 175.83982849, -451.83456421, -37.55390549, 41.24525070, 62.23326492, -59.42706680, 80.84608459, 7.73452330, 33.20527649, 0.74037457, -0.60530698, -0.23405837, -0.17511649, -0.43121943, 1.42373776, 0.68476880, 0.00000000, 0.00000000, 0.00000000, 0.00000000
5, 0.3999, 40, 0.50647235, -0.68618882, -1.64749002, 188.50437927, -486.03836060, -130.22689819, 41.24525070, 62.23326492, -59.42706680, 81.64067841, 6.42892075, 29.99194527, 0.73932528, -0.61945373, -0.20986582, -0.16009890, 0.03970412, 0.79714632, 0.38406432, 0.00000000, 0.00000000, 0.00000000, 0.00000000
2, 0.2200, 22, 1.43738961, -1.28938723, -0.45598447, 152.87585449, -152.26043701, 475.61633301, -19.11721611, -9.52937698, -70.38877106, -3.99122882, 65.83927917, 3.11925507, 0.83809876, 0.04400335, -0.54213566, -0.04175120, -0.71018112, -0.00924045, 0.72318178, 0.00000000, 0.00000000, 0.00000000, 0.00000000
5, 0.4099, 41, 1.02360570, -0.32318577, -0.96432245, 183.74748230, -515.39501953, -225.03375244, 38.29289627, 60.91785812, -61.97018433, 85.19681549, 6.17635298, 25.64437675, 0.72480994, -0.65021777, -0.18866141, -0.12757134, -0.17077744, 0.01843758, 0.89004105, 0.00000000, 0.00000000, 0.00000000, 0.00000000
5, 0.4199, 42, 0.93558055, 0.15841992, -0.63247961, 161.63952637, -384.41516113, -264.86724854, 35.13592529, 59.60245514, -65.01023102, 87.45166779, 6.49985933, 21.50252342, 0.71613860, -0.67034030, -0.16898380, -0.09609365, 0.12349503, -0.49822381, 0.97180676, 0.00000000, 0.00000000, 0.00000000, 0.00000000
5, 0.4299, 43, -0.13035525, 0.94020021, -1.33587694, 165.90834045, -179.20599365, -300.35784912, 32.88512039, 60.71324158, -66.12101746, 87.91204834, 7.78205204, 17.93585014, 0.71677619, -0.67642581, -0.15620156, -0.06543063, 1.49644911, -0.21955124, 0.42202219, 0.00000000, 0.00000000, 0.00000000, 0.00000000
4, 0.5475, 39, 0.51764399, 0.99696970, -0.64560711, 93.99899292, 5.25114250, 101.01423645, -41.21601868, 49.19614029, -34.60976410, -1.28530049, 0.58632278, 13.20419121, 1.00000000, 0.00000000, 0.00000000, 0.00000000, -0.20541579, 0.06503855, 0.27717218, 101.51200104, -15.55474567, 35.07999802, 0.00000000
4, 0.5500, 40, 0.53630781, 0.99967355, -0.67251635, 96.17194366, 8.10103607, 104.30012512, -41.21601868, 49.19614029, -34.60976410, -1.02325761, 0.82158291, 13.25436115, 1.00000000, 0.00000000, 0.00000000, 0.00000000, -0.21552640, 0.08217514, 0.29728860, 101.51200104, -15.55474567, 35.07999802, 0.00000000
4, 0.5525, 41, 0.55927628, 1.00558913, -0.70242929, 98.48655701, 10.94793892, 107.79232025, -41.21601868, 49.19614029, -34.60976410, -0.75582749, 1.06770575, 13.30246449, 1.00000000, 0.00000000, 0.00000000, 0.00000000, -0.22858679, 0.10014778, 0.32265496, 101.51200104, -15.55474567, 35.07999802, 0.00000000
4, 0.5550, 42, 0.58224326, 1.01734102, -0.73165530, 100.80070496, 13.86491871, 111.21599579, -41.21601868, 49.19614029, -34.60976410, -0.48305055, 1.32465196, 13.34840679, 1.00000000, 0.00000000, 0.00000000, 0.00000000, -0.24033256, 0.11444321, 0.35258418, 101.51200104, -15.55474567, 35.07999802, 0.00000000
5, 0.4399, 44, 0.10108469, 1.88191891, -1.93535507, 210.36470032, -58.21759796, -398.21914673, 32.38819122, 60.77170181, -66.17948151, 86.98534393, 10.05108643, 13.96641445, 0.72464299, -0.67280340, -0.14643502, -0.02801717, 2.45332932, -0.10142082, 1.07313299, 0.00000000, 0.00000000, 0.00000000, 0.00000000
5, 0.4499, 45, 2.35459638, 2.92737842, -0.56592470, 252.28459167, 56.20004272, -450.75955200, 32.68050385, 61.56094742, -65.68254852, 73.15697479, 9.57563782, 6.49532223, 0.80177200, -0.58909291, -0.10056143, 0.00432424, 1.87328351, -1.77713573, 3.18723297, 0.00000000, 0.00000000, 0.00000000, 0.00000000
5, 0.4599, 46, 5.29926920, 4.07640409, -1.05403709, 300.89416504, 180.06555176, -361.67178345, 32.68050385, 61.56094742, -65.68254852, 70.71709442, 12.68277359, 2.86265326, 0.81190062, -0.57272083, -0.10441741, 0.04365107, 1.83753645, -1.81763601, 6.19748688, 0.00000000, 0.00000000, 0.00000000, 0.00000000
5, 0.4699, 47, 5.24036360, 2.47071171, 1.26025653, 326.46716309, 174.79719543, -194.97656250, 33.61590195, 58.81321335, -64.63022614, 69.21611023, 16.08026886, 0.52501398, 0.81532168, -0.56184310, -0.11769358, 0.07570390, -0.34411117, -3.14082980, 5.12262297, 0.00000000, 0.00000000, 0.00000000, 0.00000000
5, 0.4799, 48, 0.26819155, 0.91922379, 2.06089973, 178.00770569, -99.67507172, -139.98757935, 34.87284470, 58.81321335, -64.48406982, 69.53038788, 16.90383530, -1.69964373, 0.81124163, -0.56575042, -0.11236425, 0.09585232, 0.08717573, -3.14938164, -0.13475522, 0.00000000, 0.00000000, 0.00000000, 0.00000000
2, 0.2300, 23, 1.28202379, -1.38935220, -0.47121572, 147.32380676, -148.91343689, 473.12890625, -20.14031029, -13.97252274, -70.94416809, -9.13936615, 70.59301758, -2.41842079, 0.81436872, 0.05285642, -0.57721508, -0.02885550, -0.74504447, -0.00605016, 0.63173783, 0.00000000, 0.00000000, 0.00000000, 0.00000000
2, 0.2400, 24, 1.08602655, -1.46559906, -0.48635060, 139.57360840, -136.29177856, 463.62625122, -20.90032196, -18.67874908, -70.88570404, -17.32403183, 74.96648407, -10.87660885, 0.78963512, 0.06195736, -0.61020696, -0.01688707, -0.75863969, 0.00561995, 0.50549865, 0.00000000, 0.00000000, 0.00000000, 0.00000000
2, 0.2500, 25, 1.05189323, -1.55022943, -0.52058852, 132.58102417, -125.14797211, 448.73229980, -23.94036865, -21.71879578, -71.35340118, -31.00293541, 78.66220093, -24.74837494, 0.76434386, 0.07104472, -0.64085758, -0.00572929, -0.82443959, 0.03194790, 0.53480452, 0.00000000, 0.00000000, 0.00000000, 0.00000000
2, 0.2600, 26, 0.92618167, -1.54441321, -0.55877507, 127.91954041, -117.44982910, 432.68905640, -23.94036865, -21.71879578, -71.35340118, -38.59761810, 80.14710999, -32.08824921, 0.75289130, 0.07512433, -0.65382522, -0.00487018, -0.79972368, 0.08893228, 0.47708619, 0.00000000, 0.00000000, 0.00000000, 0.00000000
2, 0.2700, 27, 0.86424619, -1.59465468, -0.52179772, 121.00966644, -109.15689087, 421.25619507, -26.45425224, -25.16807938, -70.91493988, -65.57688141, 81.84667206, -59.15089417, 0.72752666, 0.08406575, -0.68089134, 0.00500253, -0.81807053, 0.04595045, 0.45393831, 0.00000000, 0.00000000, 0.00000000, 0.00000000
2, 0.2800, 28, 0.89172739, -1.60496902, -0.46088290, 116.74860382, -107.35629272, 416.34219360, -28.55890083, -28.44197655, -71.55802155, -95.98376465, 81.29440308, -89.62922668, 0.70135570, 0.09268226, -0.70661116, 0.01452505, -0.81064224, 0.00708477, 0.55770016, 0.00000000, 0.00000000, 0.00000000, 0.00000000
2, 0.2900, 29, 0.69934434, -1.58811331, -0.39745504, 109.49394226, -116.67328644, 414.99981689, -31.68664169, -31.30663490, -71.41186523, -117.91090393, 78.90277863, -111.70704651, 0.67407477, 0.10014459, -0.73145032, 0.02397665, -0.74270350, -0.02610657, 0.45011955, 0.00000000, 0.00000000, 0.00000000, 0.00000000
2, 0.3000, 30, 0.32657474, -1.67691183, -0.19294500, 114.79157257, -114.81544495, 407.23953247, -31.68664169, -31.30663490, -71.41186523, -130.49320984, 75.52489471, -124.45114136, 0.64630157, 0.10767071, -0.75469440, 0.03373191, -0.69558251, -0.22896554, 0.15479773, 0.00000000, 0.00000000, 0.00000000, 0.00000000
2, 0.3100, 31, 0.01126165, -2.01085258, -0.04461564, 107.82343292, -89.73040009, 416.82089233, -34.52206802, -33.61590195, -70.91493988, -137.41102600, 71.06654358, -131.30175781, 0.61517733, 0.12032346, -0.77779442, 0.04598895, -0.91058743, -0.46357769, -0.13016184, 0.00000000, 0.00000000, 0.00000000, 0.00000000
5, 0.4899, 49, -2.73581004, 1.89805853, 1.57712662, 106.12566376, -47.20033646, -161.55209351, 34.93130493, 57.90704346, -64.74714661, 69.08636475, 17.34724045, -3.72306132, 0.81107146, -0.56428146, -0.10594420, 0.11191685, 2.29837275, -3.15591192, -2.44436407, 0.00000000, 0.00000000, 0.00000000, 0.00000000
5, 0.4999, 50, -4.03807735, 3.98631549, 1.22288167, 146.25273132, 99.59787750, -225.86412048, 34.75592041, 59.01782990, -64.22098541, 71.35545349, 10.54705238, -22.16085243, 0.78349137, -0.58427906, 0.03834564, 0.20805967, 4.65882492, -3.77738428, -2.83010387, 0.00000000, 0.00000000, 0.00000000, 0.00000000
5, 0.5099, 51, -2.12335849, 3.94075561, 0.98968971, 234.61373901, 105.45774078, -228.63690186, 34.75592041, 59.01782990, -64.22098541, 69.99103546, 12.79953766, -24.66981888, 0.78164303, -0.57628816, 0.03254956, 0.23636168, 3.87771702, -3.57498741, -1.03532672, 0.00000000, 0.00000000, 0.00000000, 0.00000000
4, 0.5575, 43, 0.60395175, 1.03699994, -0.76895237, 102.82970428, 16.91476822, 114.92741394, -39.05290985, 50.86231995, -35.36977386, -0.20562683, 1.59323561, 13.39255524, 1.00000000, 0.00000000, 0.00000000, 0.00000000, -0.24801525, 0.13152876, 0.39286196, 101.51200104, -15.55474567, 35.07999802, 0.00000000
4, 0.5600, 44, 0.62456870, 1.05328476, -0.80019492, 105.14252472, 19.96637154, 118.56297302, -39.05290985, 50.86231995, -35.36977386, 0.07710040, 1.87330997, 13.43478394, 1.00000000, 0.00000000, 0.00000000, 0.00000000, -0.25588861, 0.14505704, 0.42710340, 101.51200104, -15.55474567, 35.07999802, 0.00000000
4, 0.5625, 45, 0.64037478, 1.06849098, -0.83292007, 107.45653534, 22.88114357, 122.12621307, -39.05290985, 50.86231995, -35.36977386, 0.36519811, 2.16456604, 13.47542191, 1.00000000, 0.00000000, 0.00000000, 0.00000000, -0.25893915, 0.16031957, 0.46007884, 101.51200104, -15.55474567, 35.07999802, 0.00000000
4, 0.5650, 46, 0.65299445, 1.07558322, -0.86038709, 109.84220886, 25.65261078, 126.03429413, -39.05290985, 50.86231995, -35.36977386, 0.65903896, 2.46757483, 13.51530933, 1.00000000, 0.00000000, 0.00000000, 0.00000000, -0.26102731, 0.17513436, 0.48296952, 101.51200104, -15.55474567, 35.07999802, 0.00000000
2, 0.3700, 32, -4.02210903, -1.18859339, 0.74623311, 9.18053246, -121.52014160, 437.41653442, -55.13007736, -44.25606537, -68.37181854, -159.23051453, 34.95616913, -154.66224670, 0.32593709, 0.15294398, -0.92723930, 0.10295869, 0.50063998, -0.82512110, -3.36034894, 0.00000000, 0.00000000, 0.00000000, 0.00000000
2, 0.3800, 33, -4.00578451, -0.75201386, 0.03807072, -88.46871948, -167.97047424, 342.73907471, -59.10552216, -41.56679153, -68.69336700, -160.46821594, 31.70767593, -157.27398682, 0.29609698, 0.14135377, -0.93856913, 0.10692865, 0.60181725, -0.01499046, -3.27451968, 0.00000000, 0.00000000, 0.00000000, 0.00000000
2, 0.3900, 34, -4.35833597, -0.82760948, -0.25635034, -148.83847046, -262.51013184, 179.47245789, -60.97632217, -42.20988083, -69.92107391, -160.47076416, 29.84896469, -160.25398254, 0.27815533, 0.12024777, -0.94565427, 0.11793271, 0.45929897, 0.23462270, -3.63000345, 0.00000000, 0.00000000, 0.00000000, 0.00000000
4, 0.5675, 47, 0.64896762, 1.08633232, -0.88891941, 112.15610504, 28.48846626, 130.22427368, -39.05290985, 50.86231995, -35.36977386, 0.95851630, 2.78302670, 13.55486584, 1.00000000, 0.00000000, 0.00000000, 0.00000000, -0.24585575, 0.18889198, 0.50548226, 101.51200104, -15.55474567, 35.07999802, 0.00000000
4, 0.5825, 48, 0.65479660, 1.20211875, -0.99023503, 126.70777130, 42.09409714, 152.91442871, -38.32212830, 50.07307816, -37.24057388, 2.88100004, 4.90956688, 13.80341244, 1.00000000, 0.00000000, 0.00000000, 0.00000000, -0.17792574, 0.18307704, 0.65738583, 101.51200104, -15.55474567, 35.07999802, 0.00000000
2, 0.4000, 35, -3.92833877, -0.65995079, -0.63282567, -201.04211426, -303.20129395, -34.15972519, -60.97632217, -42.20988083, -69.92107391, -159.43406677, 30.00173187, -163.27528381, 0.27704513, 0.09250785, -0.94702232, 0.13355531, 0.39378509, 0.65655315, -3.20065880, 0.00000000, 0.00000000, 0.00000000, 0.00000000
2, 0.4100, 36, -3.66206837, -0.79595041, -1.31598377, -239.51022339, -395.27896118, -267.22894287, -62.37942123, -40.68985748, -71.11955261, -166.42875671, 29.50306320, -161.98660278, 0.26761413, 0.12061530, -0.95313507, 0.07326917, -0.00559665, 1.23934865, -3.01297712, 0.00000000, 0.00000000, 0.00000000, 0.00000000
2, 0.4200, 37, -3.24196196, -1.95615208, -0.95535672, -325.09423828, -420.45401001, -460.49896240, -60.59631729, -41.56679153, -73.63343811, -163.59187317, 33.33291245, -165.88583374, 0.29850939, 0.07587674, -0.94603145, 0.10079401, -1.00738430, 0.42963693, -2.76619434, 0.00000000, 0.00000000, 0.00000000, 0.00000000
2, 0.4300, 38, -0.04498196, -4.36691523, -0.67626154, -628.11767578, -360.28741455, -466.29357910, -56.41625214, -40.86524200, -78.80736542, -164.11534119, 38.30641937, -173.21221924, 0.33210537, 0.01013124, -0.93662620, 0.11106203, -3.64941645, -0.68192929, -0.06856382, 0.00000000, 0.00000000, 0.00000000, 0.00000000
5, 0.5199, 52, 0.19360474, 2.58765197, 0.79439861, 287.54458618, 36.87669373, -112.50402832, 35.54516220, 58.57936096, -63.28558731, 69.93109894, 15.29663944, -26.53674889, 0.77301955, -0.57785600, 0.02420256, 0.26064843, 1.96125126, -2.78054476, 0.62924087, 0.00000000, 0.00000000, 0.00000000, 0.00000000
2, 0.4400, 39, 4.48498917, -0.47746933, -1.29777861, -865.31280518, -304.71194458, -586.07141113, -53.43466949, -38.93598175, -85.38439178, -168.04559326, 44.85815430, 175.98802185, 0.37586319, -0.07188719, -0.91737306, 0.10947986, -1.04362726, 1.21963859, 4.96037245, 0.00000000, 0.00000000, 0.00000000, 0.00000000
2, 0.4500, 40, 2.31480670, -1.90020597, 1.95645058, -1373.47204590, -700.40332031, -1026.35461426, -53.43466949, -38.93598175, -85.38439178, -177.54598999, 53.99731827, 153.84069824, 0.43777248, -0.21106529, -0.86550200, 0.12129771, -0.72560865, -2.41945791, 2.70600057, 0.00000000, 0.00000000, 0.00000000, 0.00000000
4, 0.5850, 49, 0.66795671, 1.22645044, -0.99636823, 129.87763977, 44.46126556, 156.30969238, -38.32212830, 50.07307816, -37.24057388, 3.22542906, 5.30019808, 13.84802532, 1.00000000, 0.00000000, 0.00000000, 0.00000000, -0.17810160, 0.16991018, 0.68480909, 101.51200104, -15.55474567, 35.07999802, 0.00000000
4, 0.5875, 50, 0.68678522, 1.25674748, -1.00205159, 133.26300049, 46.48296356, 159.76380920, -38.32212830, 50.07307816, -37.24057388, 3.57850480, 5.70065308, 13.89369297, 1.00000000, 0.00000000, 0.00000000, 0.00000000, -0.18243100, 0.15315992, 0.71845442, 101.51200104, -15.55474567, 35.07999802, 0.00000000
4, 0.5900, 51, 0.70327640, 1.28313100, -1.00669050, 136.43728638, 48.29947281, 163.07911682, -38.32212830, 50.07307816, -37.24057388, 3.93985415, 6.11034679, 13.94094753, 1.00000000, 0.00000000, 0.00000000, 0.00000000, -0.18527734, 0.13739307, 0.74786770, 101.51200104, -15.55474567, 35.07999802, 0.00000000
4, 0.5925, 52, 0.72740155, 1.30155110, -1.01630759, 139.46867371, 50.25470352, 166.33023071, -38.32212830, 50.07307816, -37.24057388, 4.30904722, 6.52932501, 13.98968983, 1.00000000, 0.00000000, 0.00000000, 0.00000000, -0.19641007, 0.12986656, 0.77508879, 101.51200104, -15.55474567, 35.07999802, 0.00000000
2, 0.4600, 41, -2.79568434, 5.79771566, 4.32390261, -1647.18347168, -790.42132568, -1055.08557129, -50.59923935, -28.61736298, -97.57380676, 172.82865906, 50.37696838, 103.53912354, 0.36868626, -0.53797853, -0.72591436, 0.21839850, 8.17266655, -2.07649302, -0.91279709, 0.00000000, 0.00000000, 0.00000000, 0.00000000
2, 0.4700, 42, -2.26185942, 8.02691936, -0.85335290, -901.27770996, -486.57171631, -1064.68395996, -52.61619186, -13.68021011, -103.36158752, 163.54663086, 56.41280746, 83.76457977, 0.40617722, -0.60420454, -0.63262385, 0.26409093, 8.30938053, 3.50281811, -0.32138866, 0.00000000, 0.00000000, 0.00000000, 0.00000000
2, 0.4800, 43, 2.53538322, 5.60397243, -4.43191338, -617.37078857, 79.88854218, -900.38104248, -53.08389282, -5.17392588, -104.88161469, 148.90812683, 61.84799957, 65.29244995, 0.46067283, -0.62159985, -0.56180924, 0.29285586, 4.01451206, 5.91318417, 3.61940336, 0.00000000, 0.00000000, 0.00000000, 0.00000000
2, 0.4900, 44, 3.78515267, 4.00272655, -3.87885547, -326.81091309, 83.64472198, -557.11614990, -52.23618698, 0.90616781, -104.67699432, 137.56845093, 64.21850586, 51.94054794, 0.49256024, -0.62565988, -0.51871085, 0.31124452, 2.53186870, 4.76354647, 4.50639820, 0.00000000, 0.00000000, 0.00000000, 0.00000000
2, 0.5000, 45, 2.52315021, 4.28302717, -3.23631644, 17.13572693, 135.15728760, -282.20138550, -52.23618698, 0.90616781, -104.67699432, 132.90008545, 66.59187317, 47.04510498, 0.50705880, -0.61501926, -0.50692147, 0.32813609, 3.26122427, 4.24411964, 3.29543018, 0.00000000, 0.00000000, 0.00000000, 0.00000000
2, 0.5100, 46, 2.50364137, 3.29398036, -2.20570922, 332.90432739, 228.62562561, -93.38682556, -50.83308792, 2.39696002, -103.91698456, 103.61032104, 63.19164658, 66.57199860, 0.66625303, -0.38179386, -0.63819927, 0.05515481, 2.72249627, 2.91527033, 3.10075188, 0.00000000, 0.00000000, 0.00000000, 0.00000000
2, 0.5200, 47, 2.48134494, 2.44091129, -0.64359260, 546.81170654, 232.11958313, 43.10280609, -48.31920624, -1.87079799, -103.94621277, 104.61204529, 68.92461395, 69.05139160, 0.66912276, -0.34140605, -0.65482819, 0.08316647, 2.48209691, 1.07991052, 2.91238427, 0.00000000, 0.00000000, 0.00000000, 0.00000000
2, 0.5300, 48, 2.25423145, 1.66317880, 0.98369843, 629.68304443, 159.37417603, 126.71266937, -46.85764313, -6.72318029, -103.18620300, 111.99153900, 74.96324921, 77.57587433, 0.66193265, -0.29958969, -0.67736399, 0.11519241, 2.41012716, -0.61435187, 2.65939879, 0.00000000, 0.00000000, 0.00000000, 0.00000000
5, 0.5299, 53, 0.84614623, -0.02785061, 0.61780649, 279.57116699, -30.80549240, 3.11110497, 36.48056030, 57.23472595, -62.96404648, 71.05133057, 17.56019783, -27.49801636, 0.76019132, -0.58732891, 0.01581407, 0.27731568, -0.32856822, -1.44260228, 0.33498979, 0.00000000, 0.00000000, 0.00000000, 0.00000000
5, 0.5399, 54, -0.24522962, -0.81180263, 0.21534380, 198.35174561, -17.84631920, 133.00778198, 36.10055542, 54.34083557, -62.55480957, 72.73842621, 19.34008789, -26.88423157, 0.74887192, -0.59998852, 0.00433913, 0.28139997, -0.33359835, -0.72913259, -0.84672248, 0.00000000, 0.00000000, 0.00000000, 0.00000000
5, 0.5499, 55, -0.91193205, -0.42586580, 0.11207541, 156.58560181, -37.48204041, 199.35511780, 35.95439911, 53.28851318, -62.52557755, 85.53048706, 20.43784142, -3.75612259, 0.71816057, -0.67213452, -0.10827456, 0.14407372, 0.31643781, -0.81914115, -1.22275567, 0.00000000, 0.00000000, 0.00000000, 0.00000000
2, 0.5400, 49, 1.58984363, 1.16014779, 1.44451702, 603.11401367, 63.67985916, 160.21485901, -46.44840622, -6.72318029, -101.02309418, 131.09996033, 79.60224152, 97.16501617, 0.64734846, -0.26397842, -0.69974077, 0.14703166, 2.25340223, -1.11624193, 1.96612322, 0.00000000, 0.00000000, 0.00000000, 0.00000000
2, 0.5500, 50, 0.45394018, 1.03327227, 1.36526406, 561.74890137, 37.50851822, 179.10577393, -46.44840622, -13.15404797, -101.02309418, 165.48869324, 81.36306000, 131.93013000, 0.62957829, -0.23120660, -0.72057950, 0.17589736, 2.32800817, -0.98662078, 0.84825450, 0.00000000, 0.00000000, 0.00000000, 0.00000000
2, 0.5600, 51, -0.38035968, 0.81274301, 1.15476990, 531.25439453, 80.78696442, 206.91227722, -46.59456253, -17.97719955, -98.68459320, -109.67025757, 74.20605469, 118.43904877, 0.18862171, -0.63214946, -0.38235539, 0.64700335, 2.19902563, -0.72205019, -0.01634617, 0.00000000, 0.00000000, 0.00000000, 0.00000000
2, 0.5700, 52, -0.79648650, 0.67525679, 1.03339064, 495.69522095, 118.89819336, 229.45176697, -45.16223145, -22.68342590, -96.72610474, -110.18425751, 68.70403290, 118.92533875, 0.15851194, -0.62212783, -0.41906300, 0.64204139, 2.07003832, -0.41844898, -0.48691535, 0.00000000, 0.00000000, 0.00000000, 0.00000000
2, 0.5800, 53, -1.17524433, 0.56584489, 0.98488718, 454.80612183, 127.98735809, 231.99209595, -46.36071396, -26.83425903, -93.27681732, -111.10685730, 63.56737137, 119.16719818, 0.13114725, -0.61182314, -0.45367682, 0.63454729, 1.98803151, -0.33337879, -0.84640110, 0.00000000, 0.00000000, 0.00000000, 0.00000000
2, 0.5900, 54, -1.42037654, 0.33401096, 0.96102011, 411.75738525, 117.04808044, 215.05938721, -46.36071396, -26.83425903, -93.27681732, -111.94622803, 58.89849854, 119.42461395, 0.10609533, -0.60154605, -0.48442760, 0.62627161, 1.77339864, -0.32521591, -1.09478784, 0.00000000, 0.00000000, 0.00000000, 0.00000000
5, 0.5599, 56, -0.32810849, -0.08346055, 0.24382956, 129.57911682, -42.59681702, 212.02050781, 35.95439911, 53.28851318, -62.52557755, 87.90381622, 21.18535614, -1.97706234, 0.70534807, -0.68440831, -0.12055065, 0.13977462, 0.32044712, -1.11315835, -0.42308259, 0.00000000, 0.00000000, 0.00000000, 0.00000000
5, 0.5699, 57, 0.21021569, 0.19632652, 0.26077685, 121.20397949, -56.00126648, 211.66741943, 35.10669327, 51.09616852, -62.32095718, 90.36074066, 21.73805237, -0.22402446, 0.69196975, -0.69686288, -0.13155277, 0.13510735, 0.33625239, -1.25115800, 0.20668790, 0.00000000, 0.00000000, 0.00000000, 0.00000000
5, 0.5799, 58, 0.16776042, 0.22254510, 0.35468143, 117.41534424, -92.44492340, 199.71792603, 33.87898254, 46.65302658, -62.11634064, 92.96501923, 22.08267403, 1.26311934, 0.67731994, -0.71024388, -0.13971132, 0.13142349, 0.34305197, -1.34358454, 0.20153196, 0.00000000, 0.00000000, 0.00000000, 0.00000000
5, 0.5899, 59, -0.29673174, 0.15240245, 0.41575253, 113.47586060, -142.07406616, 171.70010376, 32.30049515, 47.00379944, -62.40865326, 95.65997314, 22.23647308, 2.24574232, 0.66140723, -0.72456884, -0.14368260, 0.12998387, 0.45081681, -1.36272895, -0.21712860, 0.00000000, 0.00000000, 0.00000000, 0.00000000
5, 0.5999, 60, -0.61273921, 0.08977681, 0.43572214, 117.57474518, -182.51327515, 132.21424866, 31.07278633, 46.06840134, -62.70096207, 113.59243011, 25.84092522, -19.84232140, 0.49353755, -0.82444406, 0.01989681, 0.27625498, 0.53405619, -1.32459426, -0.43268305, 0.00000000, 0.00000000, 0.00000000, 0.00000000
5, 0.6099, 61, -0.78413272, -0.16478388, 0.44351709, 131.82980347, -174.22233582, 94.21632385, 31.07278633, 46.06840134, -62.70096207, 116.04647064, 26.18928528, -19.58801842, 0.47559619, -0.83457375, 0.02231076, 0.27712342, 0.43683577, -1.13568580, -0.47534186, 0.00000000, 0.00000000, 0.00000000, 0.00000000
2, 0.6000, 55, -1.50830603, 0.09328547, 0.96432155, 367.94287109, 79.08907318, 184.86572266, -46.76995087, -31.36509705, -90.32446289, -112.44946289, 54.76479340, 119.64909363, 0.08236431, -0.59204334, -0.50954986, 0.61891818, 1.52988076, -0.35572523, -1.19304371, 0.00000000, 0.00000000, 0.00000000, 0.00000000
2, 0.6100, 56, -1.54480064, 0.02114483, 1.07731986, 342.00497437, 24.92833328, 147.36734009, -47.79304123, -33.79129028, -87.60596466, -138.12629700, 40.49275589, 169.71873474, 0.29186934, -0.20167726, -0.86166281, 0.36287186, 1.43808377, -0.45517403, -1.13000107, 0.00000000, 0.00000000, 0.00000000, 0.00000000
2, 0.6200, 57, -1.58726442, 0.00682476, 1.30529094, 321.81109619, -18.91912270, 105.61158752, -47.26688004, -34.96053696, -85.76439667, -136.40112305, 37.54758453, 171.82408142, 0.27299273, -0.18188028, -0.86833382, 0.37200925, 1.37568951, -0.68658906, -0.90207267, 0.00000000, 0.00000000, 0.00000000, 0.00000000
4, 0.5950, 53, 0.74782377, 1.32934511, -1.02580440, 141.71850586, 52.34497833, 169.67042542, -36.77287292, 52.29465103, -38.46828461, 4.98662329, 7.56124163, 14.03378963, 1.00000000, 0.00000000, 0.00000000, 0.00000000, -0.19141507, 0.11223860, 0.81105238, 101.51200104, -15.55474567, 35.07999802, 0.00000000
4, 0.5975, 54, 0.76564902, 1.35475147, -1.03887308, 143.82644653, 54.43492508, 173.01362610, -36.77287292, 52.29465103, -38.46828461, 5.36842918, 7.99915409, 14.08921337, 1.00000000, 0.00000000, 0.00000000, 0.00000000, -0.19425395, 0.10393789, 0.84465224, 101.51200104, -15.55474567, 35.07999802, 0.00000000
4, 0.6000, 55, 0.78631014, 1.37712061, -1.05234528, 144.86627197, 57.08082199, 175.97113037, -36.77287292, 52.29465103, -38.46828461, 5.75295305, 8.44661808, 14.14613533, 1.00000000, 0.00000000, 0.00000000, 0.00000000, -0.20026755, 0.09752154, 0.87673694, 101.51200104, -15.55474567, 35.07999802, 0.00000000
4, 0.6025, 56, 0.79931629, 1.40282714, -1.06968462, 145.90856934, 59.45525360, 178.64443970, -36.77287292, 52.29465103, -38.46828461, 6.14031363, 8.90266132, 14.20483398, 1.00000000, 0.00000000, 0.00000000, 0.00000000, -0.19754270, 0.09269175, 0.91180962, 101.51200104, -15.55474567, 35.07999802, 0.00000000
2, 0.6300, 58, -1.56284225, -0.01664727, 1.44950223, 290.30468750, -39.58578491, 53.17017365, -49.07921600, -35.42823792, -82.63665771, -134.53738403, 35.11606216, 173.76606750, 0.25779593, -0.16421168, -0.87171811, 0.38299266, 1.36309886, -0.79223228, -0.87016106, 0.00000000, 0.00000000, 0.00000000, 0.00000000
2, 0.6400, 59, -1.39615655, -0.19042706, 1.46696961, 249.73020935, -37.15457916, 2.58427620, -49.07921600, -35.42823792, -82.63665771, -132.69998169, 33.27697754, 175.62591553, 0.24742484, -0.14827166, -0.87263703, 0.39408255, 1.14937091, -0.83667016, -0.73987412, 0.00000000, 0.00000000, 0.00000000, 0.00000000
2, 0.6500, 60, -1.13864052, -0.30111048, 1.41875267, 201.33238220, -29.41986275, -40.21710968, -49.51768494, -37.47442245, -80.97047424, -130.97642517, 32.04149246, 177.37464905, 0.24191102, -0.13450579, -0.87168521, 0.40441573, 0.96190655, -0.80285156, -0.51843762, 0.00000000, 0.00000000, 0.00000000, 0.00000000
2, 0.6600, 61, -0.90154374, -0.47764853, 1.35763991, 149.68641663, -26.63262558, -71.97850800, -49.51768494, -38.14673996, -79.94738007, -123.98716736, 23.42808914, 169.05276489, 0.13457586, -0.17736448, -0.85147107, 0.47479293, 0.69082892, -0.76070344, -0.34003493, 0.00000000, 0.00000000, 0.00000000, 0.00000000
2, 0.6700, 62, -0.63315725, -0.65571493, 1.30596697, 95.89531708, -30.89810181, -93.10361481, -48.40689850, -38.05904770, -79.42121887, -122.73342133, 23.15518951, 170.24227905, 0.13558559, -0.16895472, -0.84855157, 0.48273289, 0.36128265, -0.68440628, -0.14727539, 0.00000000, 0.00000000, 0.00000000, 0.00000000
5, 0.6199, 62, -0.96752793, -0.62239826, 0.46263865, 142.21267700, -127.48619080, 65.45635223, 29.99123001, 44.16837311, -62.35018921, 118.10134888, 26.82951736, -19.20462036, 0.46005040, -0.84243739, 0.02151492, 0.27962506, 0.13665164, -0.92831552, -0.78178853, 0.00000000, 0.00000000, 0.00000000, 0.00000000
5, 0.6299, 63, -1.08893418, -1.00234640, 0.42289430, 135.51654053, -61.80381012, 40.13451004, 28.20812607, 43.17451096, -62.14557266, 119.58874512, 27.61875153, -18.60994148, 0.44878048, -0.84761882, 0.01718982, 0.28256500, -0.09755339, -0.70449948, -1.00152862, 0.00000000, 0.00000000, 0.00000000, 0.00000000
5, 0.6399, 64, -0.89869767, -1.05639625, 0.33809590, 116.07830811, 2.03988194, 9.90105152, 28.00350761, 42.03449249, -61.88248825, 120.40489960, 28.48091316, -17.91709328, 0.44255036, -0.84989613, 0.01022793, 0.28586942, -0.17050225, -0.59047282, -0.82049531, 0.00000000, 0.00000000, 0.00000000, 0.00000000
4, 0.6050, 57, 0.82219166, 1.42084992, -1.08577394, 146.59480286, 62.04020309, 181.05003357, -36.77287292, 52.29465103, -38.46828461, 6.52941275, 9.36703968, 14.26486683, 1.00000000, 0.00000000, 0.00000000, 0.00000000, -0.20600903, 0.09073231, 0.94237554, 101.51200104, -15.55474567, 35.07999802, 0.00000000
2, 0.6800, 63, -0.45768601, -0.64587969, 1.26120782, 49.19147873, -41.81633759, -96.53894043, -47.17918777, -38.99444580, -79.39199066, -121.56964874, 23.26247025, 171.14056396, 0.13851523, -0.16413842, -0.84471613, 0.49023136, 0.32196653, -0.62854415, 0.00794024, 0.00000000, 0.00000000, 0.00000000, 0.00000000
5, 0.6499, 65, -0.50358534, -0.83167100, 0.19751769, 87.53075409, 68.23644257, -17.84692383, 28.32505035, 42.00526047, -61.97018433, 127.69597626, 32.54621887, -17.03191948, 0.38118410, -0.87045532, 0.00545484, 0.31141075, -0.06231095, -0.53573477, -0.33341998, 0.00000000, 0.00000000, 0.00000000, 0.00000000
5, 0.6599, 66, -0.24933052, -0.62889647, 0.10246815, 74.63372803, 77.68679810, -29.53297424, 28.32505035, 42.00526047, -61.97018433, 127.68412018, 33.29806137, -16.21228600, 0.38188401, -0.86917150, -0.00378469, 0.31415194, 0.08832899, -0.47281319, 0.04007050, 0.00000000, 0.00000000, 0.00000000, 0.00000000
5, 0.6699, 67, -0.15803067, -0.63278508, 0.07281042, 69.61712646, 54.65003204, -34.46982574, 28.90967560, 41.50833130, -60.91785812, 127.70648193, 34.04541397, -15.61401463, 0.38176343, -0.86790842, -0.01121722, 0.31759405, 0.07156085, -0.43890983, 0.12318188, 0.00000000, 0.00000000, 0.00000000, 0.00000000
5, 0.6799, 68, -0.19612285, -0.81541073, 0.07272135, 65.84809113, 21.82818031, -36.15058517, 29.99123001, 40.45600510, -60.12861633, 127.83487701, 34.77347565, -15.27568054, 0.38018337, -0.86698145, -0.01629419, 0.32177371, -0.05188885, -0.35035130, 0.01935832, 0.00000000, 0.00000000, 0.00000000, 0.00000000
5, 0.6899, 69, -0.30411896, -0.97672546, 0.03865947, 56.73576355, -4.76972961, -39.29747009, 30.02046204, 40.98217010, -60.27477264, 127.98107910, 35.45475006, -15.20459747, 0.37782297, -0.86618698, -0.01909879, 0.32650441, -0.11645825, -0.24068199, -0.13392149, 0.00000000, 0.00000000, 0.00000000, 0.00000000
2, 0.6900, 64, -0.32010233, -0.62266445, 1.18502688, 9.50929260, -56.83723450, -89.41952515, -47.17918777, -38.99444580, -79.39199066, -120.49695587, 23.64439774, 171.69956970, 0.14225113, -0.16290025, -0.84018338, 0.49731275, 0.29614729, -0.54150498, 0.12602130, 0.00000000, 0.00000000, 0.00000000, 0.00000000
2, 0.7000, 65, -0.24800828, -0.55460507, 1.06564832, -22.65555954, -72.94958496, -74.09216309, -47.52996063, -37.94212341, -79.62583923, -119.53164673, 24.20613861, 171.89533997, 0.14590438, -0.16501115, -0.83519709, 0.50391382, 0.31202328, -0.40069097, 0.18520607, 0.00000000, 0.00000000, 0.00000000, 0.00000000
2, 0.7100, 66, -0.26550755, -0.47932974, 0.94222802, -47.52751541, -89.24746704, -49.28536987, -47.09149170, -37.67903900, -79.18737030, -114.79881287, 20.48704338, 167.19888306, 0.08977493, -0.18763351, -0.81317019, 0.54358846, 0.33397871, -0.24208757, 0.14792994, 0.00000000, 0.00000000, 0.00000000, 0.00000000
2, 0.7200, 67, -0.35498920, -0.40296575, 0.82582206, -56.46191025, -104.54456329, -25.87949371, -47.55919266, -37.56211472, -80.23969269, -114.01391602, 21.11958504, 166.74263000, 0.09088641, -0.19430552, -0.80750030, 0.54948008, 0.33798742, -0.06344647, 0.01987638, 0.00000000, 0.00000000, 0.00000000, 0.00000000
2, 0.7300, 68, -0.47081602, -0.35616466, 0.77186745, -52.29761505, -113.33345032, -8.60282898, -47.58842468, -37.06518555, -80.88278198, -113.26538086, 21.64646149, 166.12002563, 0.09040227, -0.20164046, -0.80181557, 0.55521196, 0.39292806, 0.00527924, -0.10216086, 0.00000000, 0.00000000, 0.00000000, 0.00000000
2, 0.7400, 69, -0.57771719, -0.41221750, 0.76556915, -41.00672531, -114.60940552, -0.68242276, -47.58842468, -37.06518555, -80.88278198, -112.52561188, 22.04513550, 165.47264099, 0.08879568, -0.20853880, -0.79627579, 0.56086707, 0.36612168, -0.00652312, -0.22950435, 0.00000000, 0.00000000, 0.00000000, 0.00000000
2, 0.7500, 70, -0.65346611, -0.51523143, 0.78370631, -30.20639420, -108.06163025, -1.21105909, -47.58842468, -37.12364578, -81.37971497, -111.79779053, 22.35356903, 164.90509033, 0.08687178, -0.21443368, -0.79103225, 0.56633878, 0.29709238, -0.05738248, -0.33233616, 0.00000000, 0.00000000, 0.00000000, 0.00000000
2, 0.7600, 71, -0.68730718, -0.59116185, 0.77882761, -28.62381744, -98.18534088, -7.38618231, -48.31920624, -36.74364090, -81.84741211, -116.32358551, 20.20624924, 169.25335693, 0.09973793, -0.17045338, -0.82402658, 0.53101623, 0.22674067, -0.08220855, -0.36941868, 0.00000000, 0.00000000, 0.00000000, 0.00000000
5, 0.6999, 70, -0.41220453, -1.00576997, 0.00910032, 40.87054443, -20.72644234, -45.60998535, 29.87430573, 40.68985748, -59.25167847, 132.28729248, 36.26203537, -12.78392029, 0.35028952, -0.87776077, -0.02831511, 0.32562518, -0.07488444, -0.18529999, -0.22985362, 0.00000000, 0.00000000, 0.00000000, 0.00000000
5, 0.7099, 71, -0.50430965, -0.91302490, 0.01901615, 25.10567856, -24.27701187, -51.40021896, 30.34200478, 40.86524200, -59.86553574, 132.18098450, 36.81836319, -13.11061192, 0.34908006, -0.87634438, -0.02813066, 0.33071491, 0.04411826, -0.20153123, -0.25358221, 0.00000000, 0.00000000, 0.00000000, 0.00000000
5, 0.7199, 72, -0.57404691, -0.81393051, 0.05704869, 14.85020924, -24.24613571, -55.66798782, 30.34200478, 40.86524200, -59.86553574, 131.94569397, 37.33543015, -13.54935360, 0.34856915, -0.87463403, -0.02734123, 0.33580869, 0.14499424, -0.27765125, -0.29439723, 0.00000000, 0.00000000, 0.00000000, 0.00000000
5, 0.7299, 73, -0.59371060, -0.76772475, 0.11446173, 7.60739660, -22.02992821, -60.65810394, 30.37123680, 40.57293320, -59.66091537, 131.59054565, 37.83694839, -14.06849194, 0.34871703, -0.87260085, -0.02626753, 0.34099013, 0.17412266, -0.34857255, -0.31294405, 0.00000000, 0.00000000, 0.00000000, 0.00000000
2, 0.7700, 72, -0.67246914, -0.56785530, 0.73911899, -35.98467636, -91.46429443, -15.26731205, -48.28997421, -37.73750305, -82.11049652, -115.64080048, 20.59589005, 168.83714294, 0.09962350, -0.17574926, -0.81954074, 0.53622800, 0.20743755, -0.04907424, -0.30152002, 0.00000000, 0.00000000, 0.00000000, 0.00000000
5, 0.7399, 74, -0.56279618, -0.76439583, 0.14303717, 1.46284151, -21.32875443, -67.45092773, 30.80970383, 40.95293808, -59.25167847, 131.11302185, 38.34233856, -14.68558502, 0.34943393, -0.87019765, -0.02487504, 0.34645820, 0.15960704, -0.37550032, -0.29661518, 0.00000000, 0.00000000, 0.00000000, 0.00000000
5, 0.7499, 75, -0.47476512, -0.81472743, 0.12449827, -5.04995441, -27.34524918, -76.04663086, 30.51739311, 41.09909439, -59.60245514, 135.69639587, 38.57616425, -10.92742538, 0.32515079, -0.88208818, -0.04074726, 0.33843344, 0.09669952, -0.32563773, -0.22668305, 0.00000000, 0.00000000, 0.00000000, 0.00000000
5, 0.8299, 76, -0.35874614, -0.46949291, -0.00973593, -57.49447632, -70.14193726, -142.26214600, 30.78047371, 45.24992752, -62.17480087, 131.29109192, 40.75002670, -16.06192589, 0.33847570, -0.86569637, -0.02285506, 0.36807829, 0.41342485, -0.34665444, 0.01232760, 0.00000000, 0.00000000, 0.00000000, 0.00000000
5, 0.8399, 77, -0.34343055, -0.40101656, -0.01936474, -66.15419769, -64.26869202, -148.47904968, 30.34200478, 46.12686157, -62.58403778, 129.54838562, 41.36461258, -18.18175316, 0.34323040, -0.85948622, -0.01491104, 0.37848920, 0.47569785, -0.37775829, 0.03127179, 0.00000000, 0.00000000, 0.00000000, 0.00000000
2, 0.7800, 73, -0.64650106, -0.52064431, 0.67506474, -46.12841034, -90.13851166, -22.79751396, -49.02075195, -36.50979233, -82.95819855, -114.95532227, 21.11478043, 168.45056152, 0.10052472, -0.18140744, -0.81479037, 0.54138970, 0.23150051, 0.02971697, -0.28331923, 0.00000000, 0.00000000, 0.00000000, 0.00000000
2, 0.7900, 74, -0.62374145, -0.42522874, 0.60898519, -56.94403458, -94.40048218, -29.96685219, -49.02075195, -36.50979233, -82.95819855, -114.22820282, 21.76728439, 168.06721497, 0.10227522, -0.18768370, -0.80952477, 0.54679459, 0.30195975, 0.12660524, -0.26086235, 0.00000000, 0.00000000, 0.00000000, 0.00000000
2, 0.8000, 75, -0.61209548, -0.32199946, 0.57441556, -71.98149109, -105.80310822, -37.57680893, -49.54691696, -36.45132828, -83.65974426, -113.41611481, 22.59476089, 167.64680481, 0.10488570, -0.19510041, -0.80335993, 0.55276364, 0.39498809, 0.19605049, -0.24738291, 0.00000000, 0.00000000, 0.00000000, 0.00000000
2, 0.8100, 76, -0.63061291, -0.21936516, 0.55025601, -86.34131622, -115.04457855, -46.56680298, -49.22537231, -35.54516220, -83.83513641, -119.58129883, 18.47961235, 172.12338257, 0.10432286, -0.13918540, -0.84541637, 0.50499046, 0.47865659, 0.24915871, -0.23544706, 0.00000000, 0.00000000, 0.00000000, 0.00000000
2, 0.8200, 77, -0.63285172, -0.13554798, 0.54793382, -100.14569092, -120.08409882, -57.17364502, -49.54691696, -34.84361267, -85.29669952, -118.63567352, 19.60680389, 171.59391785, 0.10918569, -0.14876111, -0.83880603, 0.51220435, 0.51045334, 0.26565206, -0.15191583, 0.00000000, 0.00000000, 0.00000000, 0.00000000
5, 0.8499, 78, -0.33247820, -0.34994563, -0.02507160, -73.73546600, -59.06036377, -153.44612122, 30.75124168, 47.12072372, -63.13943100, 133.26484680, 34.88152313, -5.22908878, 0.36545011, -0.88028836, -0.07880369, 0.29211086, 0.49889475, -0.40783775, 0.06466258, 0.00000000, 0.00000000, 0.00000000, 0.00000000
5, 0.8599, 79, -0.31917346, -0.31820777, -0.04678082, -82.14578247, -54.00685883, -156.60115051, 30.75124168, 48.52382278, -63.95790482, 131.56243896, 35.49909592, -7.25996685, 0.37230870, -0.87474871, -0.06981636, 0.30220312, 0.46458611, -0.42000887, 0.15041326, 0.00000000, 0.00000000, 0.00000000, 0.00000000
5, 0.8699, 80, -0.29601088, -0.29058087, -0.07498232, -92.91660309, -50.53618240, -158.50196838, 30.75124168, 48.52382278, -63.95790482, 129.70318604, 36.00288391, -9.39541054, 0.37989360, -0.86876261, -0.06038389, 0.31190738, 0.49726659, -0.41991013, 0.16374050, 0.00000000, 0.00000000, 0.00000000, 0.00000000
5, 0.8799, 81, -0.26702595, -0.24961954, -0.11636387, -102.98189545, -49.39012909, -159.80119324, 31.30663490, 48.75767136, -64.25022125, 127.71370697, 36.38523102, -11.63533497, 0.38802522, -0.86237383, -0.05041248, 0.32125783, 0.54218483, -0.41534045, 0.18848342, 0.00000000, 0.00000000, 0.00000000, 0.00000000
4, 0.6550, 58, 1.07650709, 1.49955797, -1.66656697, 151.14810181, 95.79718781, 184.70960999, -28.96813774, 51.18386459, -44.05144501, 14.50134182, 18.24787140, 16.57107162, 1.00000000, 0.00000000, 0.00000000, 0.00000000, -0.21413951, 0.42324919, 1.41934407, 101.51200104, -15.55474567, 35.07999802, 0.00000000
4, 0.6575, 59, 1.14956510, 1.46516812, -1.78151107, 155.66452026, 98.99684906, 183.62408447, -27.06810760, 50.57000732, -45.74685669, 14.90566540, 18.76997375, 16.63753128, 1.00000000, 0.00000000, 0.00000000, 0.00000000, -0.26927897, 0.53381640, 1.47007155, 101.51200104, -15.55474567, 35.07999802, 0.00000000
4, 0.6600, 60, 1.14956510, 1.46516812, -1.78151107, 155.66452026, 98.99684906, 183.62408447, -27.06810760, 50.57000732, -45.74685669, 15.31189251, 19.29162598, 16.70810318, 1.00000000, 0.00000000, 0.00000000, 0.00000000, -0.26067209, 0.52811927, 1.47468495, 101.51200104, -15.55474567, 35.07999802, 0.00000000
2, 0.8300, 78, -0.61756152, -0.07708608, 0.52744657, -114.55649567, -119.33229828, -69.83796692, -49.54691696, -34.84361267, -85.29669952, -117.67098999, 20.93032455, 171.11972046, 0.11556087, -0.15885830, -0.83164859, 0.51939440, 0.57479918, 0.30649367, -0.14552005, 0.00000000, 0.00000000, 0.00000000, 0.00000000
2, 0.8400, 79, -0.58494163, -0.03150653, 0.48959577, -129.10530090, -114.28677368, -83.27164459, -49.60537720, -34.81438065, -85.93978119, -116.71189117, 22.45392799, 170.73205566, 0.12363259, -0.16927414, -0.82405037, 0.52631003, 0.62114173, 0.35716254, -0.12618254, 0.00000000, 0.00000000, 0.00000000, 0.00000000
2, 0.8500, 80, -0.53075737, 0.01290329, 0.44394648, -144.34347534, -107.77531433, -95.61450195, -49.45922089, -35.54516220, -87.13825989, -115.77336121, 24.17600441, 170.43203735, 0.13340320, -0.18000878, -0.81604809, 0.53279072, 0.66269070, 0.41244557, -0.08683401, 0.00000000, 0.00000000, 0.00000000, 0.00000000
2, 0.8600, 81, -0.47533691, 0.04496038, 0.39725101, -158.94400024, -102.31177521, -105.19765472, -49.10844803, -32.73896408, -88.42443848, -120.00889587, 17.37756538, 169.50880432, 0.08510379, -0.15347901, -0.84563428, 0.50408745, 0.65969419, 0.46472037, -0.02392112, 0.00000000, 0.00000000, 0.00000000, 0.00000000
2, 0.8700, 82, -0.40772000, 0.07568316, 0.34933752, -174.42404175, -97.37597656, -111.49174500, -48.02689362, -31.86202812, -89.82753754, -119.16638947, 19.42269325, 169.13288879, 0.09755972, -0.16550784, -0.83810109, 0.51056427, 0.58558112, 0.52471113, 0.10127005, 0.00000000, 0.00000000, 0.00000000, 0.00000000
2, 0.8800, 83, -0.35997838, 0.11633711, 0.29916680, -192.06118774, -94.47270203, -115.32221985, -48.02689362, -31.86202812, -89.82753754, -118.38964844, 21.64465141, 168.73826599, 0.11113948, -0.17847113, -0.83013117, 0.51640916, 0.63212478, 0.58132809, 0.13424875, 0.00000000, 0.00000000, 0.00000000, 0.00000000
2, 0.8900, 84, -0.30299130, 0.20567366, 0.24729581, -215.87803650, -91.89039612, -116.74784088, -49.07921600, -30.10815430, -91.75679779, -117.71861267, 24.08515739, 168.27149963, 0.12596433, -0.19285582, -0.82165939, 0.52135932, 0.72398853, 0.65328503, 0.18481991, 0.00000000, 0.00000000, 0.00000000, 0.00000000
2, 0.9000, 85, -0.27180007, 0.29552987, 0.22481397, -236.50141907, -90.31539154, -116.01762390, -47.85150528, -29.02659988, -93.13066101, -117.15716553, 26.70665741, 167.72146606, 0.14171004, -0.20850888, -0.81264627, 0.52540314, 0.83361936, 0.69416893, 0.21245877, 0.00000000, 0.00000000, 0.00000000, 0.00000000
2, 0.9100, 86, -0.24406791, 0.39647245, 0.21155204, -257.37533569, -88.16364288, -115.54006195, -48.61151505, -26.48348427, -94.73838043, -116.41786957, 17.01698875, 159.91685486, 0.03298480, -0.22332573, -0.81415164, 0.53497165, 0.90926647, 0.74606442, 0.24814732, 0.00000000, 0.00000000, 0.00000000, 0.00000000
2, 0.9200, 87, -0.21996534, 0.50919753, 0.18436013, -277.93972778, -82.05388641, -115.64836884, -48.40689850, -24.49576187, -96.43379211, -115.97154236, 20.01247025, 159.29466248, 0.05111241, -0.24067211, -0.80487120, 0.54004335, 0.89620847, 0.85675532, 0.30020756, 0.00000000, 0.00000000, 0.00000000, 0.00000000
2, 0.9300, 88, -0.18875872, 0.63213032, 0.15523960, -298.03674316, -73.76599884, -116.22543335, -48.40689850, -24.49576187, -96.43379211, -115.68422699, 23.19206429, 158.62835693, 0.07054263, -0.25890610, -0.79508543, 0.54390305, 1.04426718, 0.91286075, 0.33673537, 0.00000000, 0.00000000, 0.00000000, 0.00000000
2, 0.9400, 89, -0.14514001, 0.77056104, 0.12019090, -317.65567017, -65.12120819, -114.35659027, -48.11458588, -23.00496864, -98.01227570, -115.58604431, 26.53870964, 157.88601685, 0.09111691, -0.27800637, -0.78478849, 0.54636729, 1.20389867, 0.97499043, 0.38876134, 0.00000000, 0.00000000, 0.00000000, 0.00000000
4, 0.6625, 61, 1.24501669, 1.43040502, -1.91217744, 159.91192627, 100.17912292, 183.55444336, -27.06810760, 50.57000732, -45.74685669, 15.72818756, 19.81547356, 16.77803040, 1.00000000, 0.00000000, 0.00000000, 0.00000000, -0.33569700, 0.65233326, 1.53862190, 101.51200104, -15.55474567, 35.07999802, 0.00000000
4, 0.6650, 62, 1.29783058, 1.41602528, -1.98722661, 162.89060974, 100.24720001, 183.98031616, -27.06810760, 50.57000732, -45.74685669, 16.15349007, 20.34016609, 16.85113525, 1.00000000, 0.00000000, 0.00000000, 0.00000000, -0.37202758, 0.71828830, 1.58170521, 101.51200104, -15.55474567, 35.07999802, 0.00000000
4, 0.6675, 63, 1.36099422, 1.39815688, -2.06487370, 166.50779724, 100.24003601, 184.87966919, -27.06810760, 50.57000732, -45.74685669, 16.58989143, 20.86646843, 16.92820358, 1.00000000, 0.00000000, 0.00000000, 0.00000000, -0.41880533, 0.78817457, 1.62584770, 101.51200104, -15.55474567, 35.07999802, 0.00000000
4, 0.6700, 64, 1.42022693, 1.37875652, -2.13766479, 171.19342041, 99.60464478, 186.37278748, -27.06810760, 50.57000732, -45.74685669, 17.04116631, 21.39438057, 17.01100922, 1.00000000, 0.00000000, 0.00000000, 0.00000000, -0.46269217, 0.85453606, 1.66554284, 101.51200104, -15.55474567, 35.07999802, 0.00000000
2, 0.9500, 90, -0.09718989, 0.90056199, 0.06516798, -337.74511719, -59.20718384, -108.75719452, -48.96229172, -19.38029861, -99.21075439, -115.70780182, 30.03716660, 156.99794006, 0.11253466, -0.29816312, -0.77386123, 0.54733312, 1.34900129, 1.04757655, 0.44338554, 0.00000000, 0.00000000, 0.00000000, 0.00000000
2, 0.9600, 91, -0.02449910, 1.10691118, -0.04981225, -360.28341675, -57.20370102, -97.40986633, -48.61151505, -17.53873062, -100.14615631, -118.85414124, 27.31589699, 158.82287598, 0.10901599, -0.27179289, -0.80032045, 0.52319342, 1.51553357, 1.20516300, 0.54870123, 0.00000000, 0.00000000, 0.00000000, 0.00000000
2, 0.9700, 92, 0.03077674, 1.32990956, -0.19296519, -381.50933838, -65.13162994, -84.21875000, -50.19000244, -13.30020428, -102.51388550, -119.46036530, 31.00837708, 157.19548035, 0.13028048, -0.29661331, -0.78916943, 0.52178460, 1.64438021, 1.40880644, 0.67113113, 0.00000000, 0.00000000, 0.00000000, 0.00000000
5, 0.8899, 82, -0.22829892, -0.19606918, -0.15631330, -111.93786621, -51.87740707, -161.70941162, 31.45279121, 47.99766159, -65.30254364, 125.62032318, 36.64953232, -13.99331570, 0.39647305, -0.85560250, -0.03973710, 0.33041576, 0.59119850, -0.41868848, 0.22550873, 0.00000000, 0.00000000, 0.00000000, 0.00000000
5, 0.8999, 83, -0.19414183, -0.13505298, -0.20272118, -120.86353302, -56.93511581, -163.90711975, 30.98509216, 52.26541901, -65.03945923, 120.18903351, 23.80109024, 2.06782389, 0.49100134, -0.84622443, -0.11810070, 0.16992383, 0.60026312, -0.45106691, 0.26608151, 0.00000000, 0.00000000, 0.00000000, 0.00000000
5, 0.9099, 84, -0.15825383, -0.06743753, -0.24979378, -129.58854675, -65.28918457, -165.83537292, 30.69277954, 52.96696854, -66.00408936, 118.59799957, 23.69445610, -0.22327086, 0.49933770, -0.84172988, -0.10317919, 0.17750144, 0.51372695, -0.54555738, 0.32239437, 0.00000000, 0.00000000, 0.00000000, 0.00000000
2, 0.9800, 93, 0.06845742, 1.52402091, -0.30746067, -393.31030273, -86.45677185, -73.54170227, -50.19000244, -13.30020428, -102.51388550, -120.22815704, 34.72282028, 155.18327332, 0.15048264, -0.32302698, -0.77623987, 0.52005798, 1.83149648, 1.54981017, 0.72666848, 0.00000000, 0.00000000, 0.00000000, 0.00000000
2, 0.9900, 94, 0.08032106, 1.68089259, -0.39661205, -401.27597046, -110.27272034, -64.17626953, -50.33615875, -9.26629639, -103.09851074, -121.18017578, 38.42114639, 152.75328064, 0.16935048, -0.35079014, -0.76141846, 0.51817840, 1.99551606, 1.65007007, 0.75158644, 0.00000000, 0.00000000, 0.00000000, 0.00000000
2, 1.0000, 95, 0.05770855, 1.86068153, -0.46175271, -401.07034302, -141.84072876, -56.30104828, -51.79771805, -5.96316862, -103.91698456, -122.28196716, 42.02677917, 149.87168884, 0.18616037, -0.37961215, -0.74448818, 0.51669747, 2.19191599, 1.73304963, 0.74749416, 0.00000000, 0.00000000, 0.00000000, 0.00000000
2, 1.0100, 96, 0.02628779, 1.94951081, -0.44381922, -401.88323975, -171.82972717, -52.46852493, -53.34697342, -2.39696002, -104.73545837, -129.09779358, 42.67119598, 146.55339050, 0.19944303, -0.39175773, -0.76050550, 0.47789097, 2.32232475, 1.70072794, 0.74294102, 0.00000000, 0.00000000, 0.00000000, 0.00000000
2, 1.0200, 97, -0.04688679, 2.02174020, -0.36541831, -409.86215210, -195.43066406, -53.13250732, -55.68547058, 1.98772287, -105.40777588, -130.77337646, 45.92215729, 142.40003967, 0.21215197, -0.42357910, -0.74008733, 0.47732896, 2.44429851, 1.59929538, 0.73639965, 0.00000000, 0.00000000, 0.00000000, 0.00000000
2, 1.0300, 98, -0.09648804, 2.20089126, -0.30611259, -424.89859009, -209.56083679, -55.75856400, -55.68547058, 1.98772287, -105.40777588, -132.95213318, 49.18484879, 137.63667297, 0.22465996, -0.45612738, -0.71737868, 0.47628111, 2.67800307, 1.56049013, 0.71322751, 0.00000000, 0.00000000, 0.00000000, 0.00000000
2, 1.0700, 99, -0.13583624, 3.31050467, -0.33528399, -512.52929688, -203.26222229, -100.40857697, -64.89330292, 18.06489372, -100.32154083, -159.68247986, 58.26042175, 103.65773773, 0.28148776, -0.59888047, -0.62290204, 0.41725281, 3.79518676, 1.69154060, 0.91173702, 0.00000000, 0.00000000, 0.00000000, 0.00000000
5, 0.9199, 85, -0.12040322, -0.00133676, -0.28639379, -138.40985107, -75.82001495, -167.07824707, 30.69277954, 52.96696854, -66.00408936, 117.01557922, 23.45408440, -2.62279463, 0.50737882, -0.83712369, -0.08703823, 0.18497342, 0.56460035, -0.55576187, 0.36570469, 0.00000000, 0.00000000, 0.00000000, 0.00000000
2, 1.0800, 100, -0.04129300, 3.48306108, -0.40151799, -534.57531738, -194.35133362, -122.76927948, -64.89330292, 18.06489372, -100.32154083, -167.39802551, 60.31833649, 93.26067352, 0.29784536, -0.63024259, -0.58687323, 0.41190094, 3.93347025, 1.74202037, 1.02079582, 0.00000000, 0.00000000, 0.00000000, 0.00000000
2, 1.0900, 101, 0.04911477, 3.63502598, -0.43804502, -561.75701904, -184.86758423, -145.46983337, -67.75796509, 21.95264435, -97.86611938, -176.71073914, 61.84847641, 81.29313660, 0.31593361, -0.66022485, -0.54737300, 0.40579793, 4.05895519, 1.75127649, 1.12202919, 0.00000000, 0.00000000, 0.00000000, 0.00000000
2, 1.1000, 102, 0.11245878, 3.80309129, -0.50350571, -595.93646240, -179.04241943, -163.33175659, -70.27185059, 26.13270950, -95.20607758, 172.43206787, 62.51506805, 67.76765442, 0.33548802, -0.68902707, -0.50397378, 0.39837176, 4.18753624, 1.78672552, 1.19586861, 0.00000000, 0.00000000, 0.00000000, 0.00000000
4, 0.6725, 65, 1.48673606, 1.35873663, -2.20935941, 176.23239136, 99.10359192, 188.13998413, -25.78193474, 50.54077530, -47.23764801, 17.50843811, 21.92459869, 17.09988022, 1.00000000, 0.00000000, 0.00000000, 0.00000000, -0.51389748, 0.92012286, 1.70613933, 101.51200104, -15.55474567, 35.07999802, 0.00000000
4, 0.6750, 66, 1.56262088, 1.33091283, -2.27992821, 182.41043091, 98.04673767, 190.29133606, -25.78193474, 50.54077530, -47.23764801, 17.99544334, 22.45687294, 17.19611359, 1.00000000, 0.00000000, 0.00000000, 0.00000000, -0.57595736, 0.98854494, 1.74216878, 101.51200104, -15.55474567, 35.07999802, 0.00000000
4, 0.6775, 67, 1.64583170, 1.30645990, -2.32994938, 188.87364197, 96.78032684, 192.64213562, -25.78193474, 50.54077530, -47.23764801, 18.50352859, 22.99107742, 17.30058479, 1.00000000, 0.00000000, 0.00000000, 0.00000000, -0.64697558, 1.03738630, 1.77278495, 101.51200104, -15.55474567, 35.07999802, 0.00000000
4, 0.6800, 68, 1.70789361, 1.28341222, -2.35959768, 195.76692200, 94.96311951, 194.97364807, -25.78193474, 50.54077530, -47.23764801, 19.03453445, 23.52610016, 17.41427422, 1.00000000, 0.00000000, 0.00000000, 0.00000000, -0.69972509, 1.06778467, 1.78956997, 101.51200104, -15.55474567, 35.07999802, 0.00000000
4, 0.6825, 69, 1.77773297, 1.25994623, -2.38509631, 202.02384949, 92.94525909, 196.82659912, -25.78193474, 50.54077530, -47.23764801, 19.58707809, 24.06052208, 17.53727341, 1.00000000, 0.00000000, 0.00000000, 0.00000000, -0.76066744, 1.09462845, 1.80605686, 101.51200104, -15.55474567, 35.07999802, 0.00000000
5, 0.9299, 86, -0.08700486, 0.06525348, -0.32503474, -153.65446472, -96.00625610, -166.69934082, 30.54662323, 55.30546570, -66.44255829, 115.48345947, 23.00152779, -5.19546747, 0.51484126, -0.83264327, -0.06874933, 0.19213843, 0.61567277, -0.56462562, 0.40608978, 0.00000000, 0.00000000, 0.00000000, 0.00000000
2, 1.1100, 103, 0.17849696, 4.07681084, -0.52512842, -645.24835205, -176.72250366, -175.11203003, -72.93189240, 29.69891739, -90.93832397, 148.37065125, 56.39305115, 42.53676605, 0.38873285, -0.74350905, -0.42758888, 0.33652461, 4.40647364, 1.77724147, 1.29966915, 0.00000000, 0.00000000, 0.00000000, 0.00000000
2, 1.1200, 104, 0.22231625, 4.47365236, -0.52977210, -696.25982666, -178.21466064, -178.02279663, -72.93189240, 29.69891739, -90.93832397, 140.14311218, 52.97615433, 31.27683067, 0.40680388, -0.76930428, -0.37321496, 0.32154652, 4.70154572, 1.72549891, 1.42052221, 0.00000000, 0.00000000, 0.00000000, 0.00000000
2, 1.1300, 105, 0.25014526, 4.98417521, -0.52300328, -739.05468750, -182.11734009, -171.82241821, -75.15346527, 33.46974564, -85.99824524, 133.38627625, 48.39815140, 21.38611794, 0.42447269, -0.79305732, -0.31479880, 0.30296016, 5.12379742, 1.80289984, 1.52900338, 0.00000000, 0.00000000, 0.00000000, 0.00000000
2, 1.1400, 106, 0.26420590, 5.34303093, -0.53443474, -784.39373779, -182.40548706, -156.97058105, -77.28733826, 35.22361755, -79.80122375, 128.09846497, 42.76855469, 12.91378498, 0.44175756, -0.81401354, -0.25270122, 0.27995422, 5.38539028, 1.84432662, 1.59969664, 0.00000000, 0.00000000, 0.00000000, 0.00000000
2, 1.1500, 107, 0.25684682, 5.51571989, -0.55784607, -815.50030518, -178.81758118, -138.55613708, -79.74276733, 38.76059723, -73.54574585, 124.16802979, 36.35697174, 5.78276873, 0.45814919, -0.83109564, -0.18822324, 0.25288638, 5.45761013, 1.83567595, 1.61914706, 0.00000000, 0.00000000, 0.00000000, 0.00000000
2, 1.1600, 108, 0.27860394, 5.63182783, -0.54217029, -821.56597900, -179.69163513, -120.04478455, -81.17509460, 39.52060699, -66.15024567, 116.04412079, 18.37106895, -2.28241587, 0.52000129, -0.83889204, -0.06784560, 0.14579359, 5.42607307, 1.75325561, 1.65316367, 0.00000000, 0.00000000, 0.00000000, 0.00000000
2, 1.3900, 109, -0.25840485, 2.33837271, -1.48599434, -309.89999390, 239.32818604, 78.07949066, -85.20899963, -0.52616191, -32.82666016, 29.41684914, -78.96874237, 25.41863632, 0.69269735, -0.32646805, 0.55684948, -0.32172626, 0.70263451, 2.10279584, -0.11337335, 0.00000000, 0.00000000, 0.00000000, 0.00000000
2, 1.4000, 110, -0.02595301, 2.19960403, -1.47289348, -236.45333862, 242.09794617, 58.18251419, -88.27828217, -2.45542240, -34.49283981, 17.99839783, -80.01056671, 34.11904144, 0.69376868, -0.30081457, 0.57185787, -0.31807891, 0.53252298, 2.08750534, 0.09176300, 0.00000000, 0.00000000, 0.00000000, 0.00000000
2, 1.4100, 111, 0.22118552, 2.14258718, -1.45675302, -155.40931702, 212.89904785, 43.10516357, -88.27828217, -2.45542240, -34.49283981, 44.83937836, -75.14253235, 4.99080372, 0.72186762, -0.32654113, 0.54996395, -0.26423046, 0.44291550, 2.04492855, 0.32425967, 0.00000000, 0.00000000, 0.00000000, 0.00000000
2, 1.4200, 112, 0.47147721, 1.72385085, -1.37617600, -78.83715057, 159.31675720, 42.22515869, -89.97369385, -3.01081562, -36.59748459, 42.21681595, -75.58985138, 5.88545704, 0.72488445, -0.31355625, 0.55635256, -0.25825766, 0.05267584, 1.72492123, 0.48798341, 0.00000000, 0.00000000, 0.00000000, 0.00000000
2, 1.4300, 113, 0.58660644, 1.64464009, -1.28034258, -3.28101921, 88.64080048, 56.60483551, -91.05524445, -2.89389062, -37.44519043, 41.10227203, -75.32366943, 5.98549843, 0.72904170, -0.30738741, 0.55682623, -0.25289509, -0.00810421, 1.61278498, 0.58866775, 0.00000000, 0.00000000, 0.00000000, 0.00000000
2, 1.4400, 114, 0.59982336, 1.54013550, -1.12650073, 69.15050507, 7.83056831, 72.97859955, -91.81525421, -2.42619109, -37.64981079, 41.37055969, -74.34300232, 5.50244761, 0.73435938, -0.30827543, 0.55109078, -0.24896099, -0.05003298, 1.42475724, 0.58393443, 0.00000000, 0.00000000, 0.00000000, 0.00000000
2, 1.4500, 115, 0.52436459, 1.50903976, -0.93268329, 135.54579163, -65.87379456, 88.67972565, -91.40602112, -0.35077462, -36.18824768, 42.72114944, -72.69939423, 4.66517162, 0.74067998, -0.31558412, 0.53959930, -0.24623662, 0.00926677, 1.21333694, 0.50259072, 0.00000000, 0.00000000, 0.00000000, 0.00000000
5, 0.9399, 87, -0.05126786, 0.11855967, -0.34657305, -167.90983582, -115.31365967, -164.83990479, 29.93276787, 56.47471619, -66.76410675, 114.03003693, 22.33218956, -7.90498638, 0.52164638, -0.82824421, -0.04845383, 0.19886902, 0.64436579, -0.58311009, 0.44194633, 0.00000000, 0.00000000, 0.00000000, 0.00000000
5, 0.9499, 88, -0.00584747, 0.17794946, -0.34943452, -183.56536865, -136.24334717, -161.91465759, 28.85121346, 60.04092407, -67.99181366, 104.61890411, 10.31773281, -6.13912868, 0.60423636, -0.78993189, -0.01269397, 0.10365854, 0.61612988, -0.64448464, 0.45938063, 0.00000000, 0.00000000, 0.00000000, 0.00000000
5, 0.9599, 89, 0.03971769, 0.24873699, -0.32157615, -199.37107849, -154.93942261, -158.49613953, 27.76965714, 62.43788147, -68.51797485, 104.00165558, 8.80798817, -8.73926449, 0.60743809, -0.78701091, 0.01272489, 0.10710318, 0.48292255, -0.78059614, 0.42605770, 0.00000000, 0.00000000, 0.00000000, 0.00000000
5, 0.9699, 90, 0.05147817, 0.33594397, -0.27171630, -215.64137268, -169.12052917, -155.41975403, 27.76965714, 62.43788147, -68.51797485, 103.51213837, 7.08271313, -11.39816952, 0.60995775, -0.78380507, 0.03979588, 0.10962526, 0.50066227, -0.87066376, 0.45122600, 0.00000000, 0.00000000, 0.00000000, 0.00000000
5, 0.9799, 91, 0.03039830, 0.46196666, -0.18094772, -236.16996765, -176.97573853, -153.31265259, 25.54808426, 64.89330292, -69.19029236, 103.09312439, 5.12656736, -14.09987545, 0.61226094, -0.77982879, 0.06841687, 0.11100774, 0.54262501, -1.01385903, 0.45429170, 0.00000000, 0.00000000, 0.00000000, 0.00000000
5, 0.9899, 92, -0.00961141, 0.60187232, -0.12878013, -261.25473022, -182.03764343, -153.13151550, 24.05729294, 66.96871948, -69.39491272, 102.70969391, 2.91441607, -16.85524940, 0.61464137, -0.77467239, 0.09872082, 0.11114376, 0.61490864, -1.12784195, 0.45245948, 0.00000000, 0.00000000, 0.00000000, 0.00000000
2, 1.4600, 116, 0.42740071, 1.49252176, -0.75317103, 198.86163330, -126.70879364, 102.18873596, -91.40602112, -0.35077462, -36.18824768, 51.10494995, -64.83979034, -2.85977888, 0.76711035, -0.35192698, 0.49261758, -0.21217239, 0.09431371, 0.98554504, 0.39083683, 0.00000000, 0.00000000, 0.00000000, 0.00000000
2, 1.4700, 117, 0.31351307, 1.49790204, -0.57949942, 260.18246460, -174.34948730, 108.32442474, -90.90908813, 1.34463608, -35.86670685, 53.10036850, -62.00243759, -3.18299723, 0.77286178, -0.37018892, 0.47120312, -0.20883612, 0.22679520, 0.71315575, 0.25215954, 0.00000000, 0.00000000, 0.00000000, 0.00000000
2, 1.4800, 118, 0.22479981, 1.54544973, -0.41593474, 319.48135376, -208.61613464, 105.14918518, -89.91522980, 4.12160206, -34.52206802, 55.69855881, -58.68387985, -3.70864630, 0.77775252, -0.39298421, 0.44621611, -0.20385161, 0.36973959, 0.52654779, 0.17105836, 0.00000000, 0.00000000, 0.00000000, 0.00000000
2, 1.4900, 119, 0.17573652, 1.60000265, -0.28696817, 384.88015747, -234.86952209, 94.66207123, -88.54135895, 6.43086815, -33.49897766, 58.87378693, -54.86218262, -4.46831608, 0.78121746, -0.42023498, 0.41790617, -0.19610295, 0.50721693, 0.36520237, 0.13341011, 0.00000000, 0.00000000, 0.00000000, 0.00000000
2, 1.5000, 120, 0.15290463, 1.67329514, -0.17344974, 434.01647949, -250.64218140, 80.15677643, -87.22595978, 9.29552746, -32.44665146, 62.33598328, -50.67360306, -5.26679659, 0.78270578, -0.45044720, 0.38727185, -0.18571348, 0.65964144, 0.21780626, 0.13128676, 0.00000000, 0.00000000, 0.00000000, 0.00000000
5, 0.9999, 93, -0.02529316, 0.76251197, -0.10823469, -283.69125366, -187.30242920, -154.44358826, 22.47880745, 69.71645355, -69.19029236, 103.12115479, -8.63297176, -37.25164795, 0.60628378, -0.72519189, 0.29379570, 0.14212988, 0.66358650, -1.21797287, 0.48902544, 0.00000000, 0.00000000, 0.00000000, 0.00000000
2, 1.5100, 121, 0.15707089, 1.78456032, -0.08132730, 469.82681274, -263.69604492, 65.32031250, -87.22595978, 9.29552746, -32.44665146, 64.58876038, -49.45991898, -4.77895689, 0.77644116, -0.47010571, 0.37355494, -0.19130208, 0.83251309, 0.11210910, 0.16997996, 0.00000000, 0.00000000, 0.00000000, 0.00000000
2, 1.5200, 122, 0.16563563, 1.95400572, 0.01004930, 495.00369263, -276.27844238, 49.24078369, -84.06898499, 13.32943535, -32.09587860, 68.35506439, -44.83308792, -5.43880844, 0.77408922, -0.50375742, 0.33976391, -0.17769320, 1.04369533, 0.04826202, 0.23141597, 0.00000000, 0.00000000, 0.00000000, 0.00000000
2, 1.5300, 123, 0.16158503, 2.13706708, 0.12132987, 510.94107056, -286.96798706, 30.95864296, -84.01052094, 16.69102669, -32.47588348, 72.11460876, -40.11307526, -5.86230803, 0.76873004, -0.53799778, 0.30515862, -0.16275980, 1.31004167, -0.06134436, 0.28941754, 0.00000000, 0.00000000, 0.00000000, 0.00000000
2, 1.5400, 124, 0.15634030, 2.32430696, 0.19733161, 519.36663818, -292.06701660, 10.95324421, -81.35047913, 21.45571518, -33.03127670, 75.86087036, -35.37073898, -6.09263611, 0.76034254, -0.57209104, 0.27040136, -0.14654079, 1.57333279, -0.13155919, 0.35384226, 0.00000000, 0.00000000, 0.00000000, 0.00000000
2, 1.5500, 125, 0.16250315, 2.46934032, 0.23758733, 521.74920654, -292.62292480, -10.01708603, -79.80122375, 25.13884735, -34.49283981, 79.58996582, -30.65927505, -6.16921425, 0.74903446, -0.60544538, 0.23604871, -0.12909025, 1.78725851, -0.17631359, 0.42833626, 0.00000000, 0.00000000, 0.00000000, 0.00000000
5, 1.0099, 94, 0.01427267, 0.95589328, -0.11231121, -306.42514038, -193.25427246, -156.99505615, 20.31569672, 72.81496429, -69.80415344, 103.34201050, -11.24505424, -40.24266815, 0.60596263, -0.71213758, 0.32561678, 0.14015381, 0.64468205, -1.28640890, 0.60212219, 0.00000000, 0.00000000, 0.00000000, 0.00000000
5, 1.0199, 95, 0.11194675, 1.18427563, -0.08126090, -326.53756714, -197.04042053, -160.31697083, 18.35720444, 75.79654694, -69.86260986, 103.66638947, -14.01873112, -43.36695099, 0.60538369, -0.69725913, 0.35839227, 0.13746014, 0.73315668, -1.40624833, 0.77048761, 0.00000000, 0.00000000, 0.00000000, 0.00000000
5, 1.0299, 96, 0.28267229, 1.47961593, -0.07931641, -345.34414673, -199.46012878, -161.30949402, 18.35720444, 75.79654694, -69.86260986, 104.11441040, -16.94103050, -46.61413956, 0.60450119, -0.68053550, 0.39180312, 0.13394131, 0.85694623, -1.52682948, 1.03613186, 0.00000000, 0.00000000, 0.00000000, 0.00000000
5, 1.0399, 97, 0.48536375, 1.72143924, -0.11407361, -362.06286621, -199.08738708, -160.33415222, 15.78485775, 79.62583923, -68.83952332, 104.69234467, -19.98635864, -49.97055435, 0.60334975, -0.66196048, 0.42542315, 0.12958598, 0.93775821, -1.58702159, 1.31959176, 0.00000000, 0.00000000, 0.00000000, 0.00000000
5, 1.0499, 98, 0.63254374, 1.85370553, -0.14692952, -376.64553833, -191.75733948, -160.39445496, 13.41712952, 81.14586639, -67.75796509, 93.56005096, -34.00152206, -34.54116821, 0.68860698, -0.60602099, 0.39809206, -0.00903995, 0.90790927, -1.58124936, 1.46502090, 0.00000000, 0.00000000, 0.00000000, 0.00000000
2, 1.5600, 126, 0.13999580, 2.54927754, 0.26207918, 518.73767090, -286.69677734, -31.79668236, -79.80122375, 25.13884735, -34.49283981, 80.65023804, -34.21095657, -4.86853218, 0.73608750, -0.60841596, 0.25030872, -0.15921931, 1.91297531, -0.20171428, 0.46226084, 0.00000000, 0.00000000, 0.00000000, 0.00000000
2, 1.5700, 127, 0.10400626, 2.62580609, 0.27753377, 512.78247070, -266.95663452, -54.04592133, -79.04121399, 28.90967560, -36.88979721, 84.33581543, -29.64695168, -5.05625486, 0.72339183, -0.63996750, 0.21806617, -0.13997555, 1.97161889, -0.17972797, 0.46855444, 0.00000000, 0.00000000, 0.00000000, 0.00000000
5, 1.0599, 99, 0.63268274, 1.85250604, -0.15734133, -393.80911255, -171.11535645, -167.48304749, 10.75708866, 85.44285583, -66.61795044, 94.52441406, -37.75040436, -37.67150116, 0.68447483, -0.58687228, 0.43216547, -0.01755920, 0.73385185, -1.49405718, 1.33142924, 0.00000000, 0.00000000, 0.00000000, 0.00000000
5, 1.0699, 100, 0.45826536, 1.85960686, -0.20965700, -417.73019409, -142.59675598, -178.66189575, 9.26629639, 88.21981812, -64.45483398, 95.41513062, -41.55636215, -41.01898575, 0.68121094, -0.56413335, 0.46589971, -0.02535243, 0.77941078, -1.40876961, 1.19291854, 0.00000000, 0.00000000, 0.00000000, 0.00000000
5, 1.0799, 101, 0.27255937, 1.88035572, -0.32465896, -440.07543945, -118.35488129, -191.78543091, 9.26629639, 88.21981812, -64.45483398, 96.34632874, -45.41399002, -44.67846298, 0.67835373, -0.53797066, 0.49938473, -0.03223085, 0.86852169, -1.26952267, 1.05834961, 0.00000000, 0.00000000, 0.00000000, 0.00000000
2, 1.5800, 128, 0.05947917, 2.75779676, 0.29473400, 509.18051147, -225.61860657, -76.24079895, -77.78427124, 32.24203491, -39.19906235, 87.73196411, -25.08521652, -5.31538582, 0.70997798, -0.66844827, 0.18776539, -0.11769572, 2.17656565, -0.19254428, 0.49842161, 0.00000000, 0.00000000, 0.00000000, 0.00000000
5, 1.0899, 102, 0.27030057, 1.90420210, -0.40995291, -458.93322754, -101.07227325, -202.49037170, 6.48933077, 91.90295410, -62.32095718, 97.48795319, -49.31216812, -48.74263382, 0.67531371, -0.50883120, 0.53251308, -0.03836828, 0.87687647, -1.15423822, 1.08733034, 0.00000000, 0.00000000, 0.00000000, 0.00000000
5, 1.1799, 103, 0.10783965, 3.04041433, -0.01867383, -465.33447266, -114.74235535, -171.25785828, -7.16164875, 104.03390503, -37.47442245, -100.67050934, -78.18846893, 136.98770142, 0.63324207, -0.15545991, 0.70340800, -0.28293803, 1.46802688, -1.17452931, 1.21697485, 0.00000000, 0.00000000, 0.00000000, 0.00000000
5, 1.1899, 104, 0.01173561, 3.09900737, 0.06292759, -463.16030884, -101.91783142, -151.73619080, -8.74013424, 104.20929718, -33.35282135, -105.45554352, -73.55638123, 140.21467590, 0.61305958, -0.12407738, 0.72271901, -0.29400703, 1.53838193, -1.20086348, 1.17379117, 0.00000000, 0.00000000, 0.00000000, 0.00000000
5, 1.1999, 105, -0.04756886, 3.19391418, 0.14202873, -459.80166626, -72.53413391, -133.09683228, -10.31861973, 103.47851562, -29.84507370, -91.18617249, -68.16760254, 129.46141052, 0.60943079, -0.10205126, 0.70244914, -0.35319257, 1.63199925, -1.23724556, 1.14950752, 0.00000000, 0.00000000, 0.00000000, 0.00000000
2, 1.5900, 129, 0.01262662, 2.91292262, 0.28229094, 510.28799438, -172.50134277, -91.79357910, -77.08272552, 32.85588837, -41.71294785, 90.70587158, -20.42954636, -5.65089655, 0.69697791, -0.69317812, 0.15898480, -0.09192257, 2.39676452, -0.16115400, 0.52691495, 0.00000000, 0.00000000, 0.00000000, 0.00000000
2, 1.6000, 130, -0.08722302, 2.94103360, 0.28879941, 513.76800537, -101.22753906, -109.23780060, -77.05348969, 36.88979721, -45.80532074, 93.12293243, -15.60441971, -6.17511463, 0.68553156, -0.71331859, 0.13195331, -0.06173801, 2.52139211, -0.18473327, 0.47776040, 0.00000000, 0.00000000, 0.00000000, 0.00000000
2, 1.6100, 131, -0.12677677, 2.93032670, 0.29526681, 508.12759399, -11.67251968, -126.12362671, -77.05348969, 36.88979721, -45.80532074, 92.86745453, -21.08646011, -6.88468122, 0.68429601, -0.70348740, 0.16865122, -0.09165871, 2.56011629, -0.20294164, 0.46279204, 0.00000000, 0.00000000, 0.00000000, 0.00000000
5, 1.2099, 106, -0.07199541, 3.25719380, 0.13868491, -454.64651489, -32.92476273, -114.63967896, -11.42940617, 102.33849335, -25.46039200, -95.34188843, -64.03392792, 131.78318787, 0.59097791, -0.06982876, 0.71798670, -0.36105981, 1.72701454, -1.17339230, 1.10726666, 0.00000000, 0.00000000, 0.00000000, 0.00000000
5, 1.2199, 107, -0.08118325, 3.33248663, 0.04447021, -445.05844116, -1.72328961, -99.13837433, -11.80941200, 102.04618073, -22.62496376, -98.32438660, -60.05334473, 132.68722534, 0.57394534, -0.03689598, 0.73128283, -0.36667556, 1.86241913, -1.06272531, 1.17484546, 0.00000000, 0.00000000, 0.00000000, 0.00000000
5, 1.2299, 108, -0.10745059, 3.33308983, -0.05505497, -427.32308960, 15.65786076, -85.41971588, -11.80941200, 102.04618073, -22.62496376, -100.64166260, -56.28777313, 132.82775879, 0.55796874, -0.00446680, 0.74244654, -0.37070781, 1.94833231, -0.92009044, 1.19967890, 0.00000000, 0.00000000, 0.00000000, 0.00000000
5, 1.2399, 109, -0.13844907, 3.28696680, -0.14492001, -408.85198975, 29.65580177, -71.24774170, -12.21864891, 100.55538940, -19.61414719, -102.52595520, -52.74995804, 132.46499634, 0.54307371, 0.02723916, 0.75159609, -0.37340659, 1.99543989, -0.77139872, 1.20026815, 0.00000000, 0.00000000, 0.00000000, 0.00000000
5, 1.2499, 110, -0.13496260, 3.22418523, -0.21244884, -390.70468140, 49.69263840, -57.73391342, -12.62788677, 99.29844666, -16.69102669, -95.12120819, -53.50447845, 128.60438538, 0.56063169, 0.01204664, 0.72553414, -0.39893273, 1.99543178, -0.65075791, 1.19463682, 0.00000000, 0.00000000, 0.00000000, 0.00000000
5, 1.2599, 111, -0.10150056, 3.13515019, -0.33605769, -372.75799561, 79.74557495, -47.29121780, -12.83250523, 98.04150391, -14.23560333, -97.13682556, -50.47409058, 128.18486023, 0.54906410, 0.04253167, 0.73329771, -0.39874077, 1.96099973, -0.48935801, 1.16275811, 0.00000000, 0.00000000, 0.00000000, 0.00000000
2, 1.6200, 132, -0.09681311, 2.83619070, 0.34577006, 491.11654663, 91.40063477, -139.65153503, -79.21660614, 38.49751663, -48.87459564, 93.86254120, -16.10341644, -8.29054356, 0.68177134, -0.71452713, 0.14768440, -0.05318053, 2.43734241, -0.27107221, 0.47525230, 0.00000000, 0.00000000, 0.00000000, 0.00000000
5, 1.5299, 112, 0.46288407, 1.17709315, -0.02849625, 166.61029053, -135.42071533, 9.66183662, -12.42326832, 95.17684937, -11.04940033, -31.83415413, -57.08759308, 41.75407791, 0.83600950, 0.06134268, 0.51519424, -0.17860629, -0.04689679, -0.20492874, 0.39063424, 0.00000000, 0.00000000, 0.00000000, 0.00000000
5, 1.5399, 113, 0.41297615, 1.31504953, 0.01959538, 182.01785278, -146.13536072, 3.68959618, -12.42326832, 95.17684937, -11.04940033, -28.84132767, -58.19855118, 40.51072693, 0.83584595, 0.04108505, 0.51721036, -0.17935142, 0.05617885, -0.34111345, 0.38508645, 0.00000000, 0.00000000, 0.00000000, 0.00000000
5, 1.5499, 114, 0.27965447, 1.49363196, 0.05303331, 201.89154053, -146.55680847, -1.41063583, -10.81555080, 95.17684937, -11.34171295, -30.46776962, -56.90734482, 40.56159592, 0.83911192, 0.05735323, 0.51128280, -0.17661168, 0.23714277, -0.47111422, 0.31955126, 0.00000000, 0.00000000, 0.00000000, 0.00000000
5, 1.5599, 115, 0.12223596, 1.65641880, 0.09547133, 220.68463135, -128.00805664, -5.60679865, -10.84478188, 96.28763580, -12.04326248, -26.85744667, -58.20817566, 38.54914093, 0.83950037, 0.03537124, 0.51356149, -0.17390417, 0.42166579, -0.57591200, 0.21920820, 0.00000000, 0.00000000, 0.00000000, 0.00000000
2, 1.6300, 133, -0.06591843, 2.70149302, 0.49028379, 479.07983398, 200.90681458, -152.23095703, -80.88278198, 37.91289139, -53.46389771, 93.85377502, -11.01260090, -10.12927151, 0.68331379, -0.71848810, 0.12946400, -0.00980931, 2.44277549, -0.47682384, 0.49967587, 0.00000000, 0.00000000, 0.00000000, 0.00000000
2, 1.6400, 134, -0.19716264, 2.60807204, 0.59984577, 472.82388306, 316.72747803, -156.26924133, -82.87050629, 40.25138855, -59.04706192, 92.68724060, -5.77894545, -12.43031120, 0.68935043, -0.71455854, 0.11282210, 0.03838542, 2.50812173, -0.62925708, 0.35049266, 0.00000000, 0.00000000, 0.00000000, 0.00000000
2, 1.6500, 135, -0.09986915, 2.46456122, 0.74912924, 462.15573120, 424.16262817, -137.16607666, -82.87050629, 40.25138855, -59.04706192, 90.25741577, -0.52182865, -15.07393742, 0.69983751, -0.70214182, 0.09614040, 0.08933937, 2.50135422, -0.82904518, 0.39714810, 0.00000000, 0.00000000, 0.00000000, 0.00000000
2, 1.6600, 136, -0.00876549, 2.18769169, 0.78139722, 427.48800659, 560.50469971, -102.34552002, -84.56591797, 39.46214676, -64.45483398, 83.89752960, -7.52853680, -18.37223053, 0.73962665, -0.65067393, 0.15468660, 0.07515340, 2.27812076, -0.95404166, 0.37094569, 0.00000000, 0.00000000, 0.00000000, 0.00000000
5, 1.5699, 116, -0.04003987, 1.77136827, 0.13345478, 240.00802612, -90.35466003, -11.03684807, -10.08477020, 97.10610962, -12.56942368, -22.70442963, -59.45823669, 35.63504028, 0.84042245, 0.01396304, 0.51518071, -0.16758294, 0.55362433, -0.70221686, 0.10608804, 0.00000000, 0.00000000, 0.00000000, 0.00000000
5, 1.5799, 117, -0.18024111, 1.83520746, 0.16342826, 254.97923279, -38.10561371, -15.15224457, -10.87401295, 99.06459808, -14.26483440, -18.00004768, -60.51819611, 31.67537498, 0.84224927, -0.00583866, 0.51568979, -0.15699118, 0.63976848, -0.80098081, -0.00376045, 0.00000000, 0.00000000, 0.00000000, 0.00000000
5, 1.5899, 118, -0.28977293, 1.86533284, 0.18856299, 263.68078613, 23.00201988, -16.15498352, -11.34171295, 100.38000488, -16.22332573, -12.84085655, -61.22820663, 26.69295692, 0.84526676, -0.02318043, 0.51460665, -0.14200965, 0.69077891, -0.88176358, -0.09814867, 0.00000000, 0.00000000, 0.00000000, 0.00000000
5, 1.5999, 119, -0.35860229, 1.87925565, 0.19817759, 266.33630371, 89.88170624, -10.87914848, -11.34171295, 100.38000488, -16.22332573, -20.30875778, -62.97814941, 30.14724350, 0.83445024, 0.01145526, 0.53556037, -0.12937003, 0.71929383, -0.91784620, -0.14921986, 0.00000000, 0.00000000, 0.00000000, 0.00000000
2, 1.6700, 137, 0.02095288, 1.88127327, 0.83677542, 394.32473755, 639.48748779, -61.13866043, -84.77053070, 38.96521378, -70.94416809, 79.27766418, -3.05213046, -21.89978790, 0.75901991, -0.62221348, 0.14127029, 0.12954511, 1.93475342, -1.10275173, 0.24516162, 0.00000000, 0.00000000, 0.00000000, 0.00000000
5, 1.6099, 120, -0.38600349, 1.89393377, 0.17784417, 264.82778931, 161.23527527, 0.28736264, -11.54633141, 100.46769714, -18.73721123, -14.48467827, -63.18181992, 23.33355713, 0.84091109, 0.00007841, 0.53065020, -0.10620275, 0.73961061, -0.87932694, -0.13785464, 0.00000000, 0.00000000, 0.00000000, 0.00000000
5, 1.6199, 121, -0.33610818, 1.87773776, 0.16599938, 262.09042358, 216.28875732, 16.79450226, -11.89710617, 101.46156311, -21.19263268, -8.64963245, -62.71231842, 16.05805779, 0.84865165, -0.00870811, 0.52278292, -0.08007982, 0.71283317, -0.90580022, -0.11003572, 0.00000000, 0.00000000, 0.00000000, 0.00000000
2, 1.6800, 138, 0.10125233, 1.59698176, 0.84853470, 345.97402954, 708.81195068, -11.51014328, -83.74744415, 37.91289139, -76.64425659, 73.50392914, 0.82497305, -25.51389313, 0.78048402, -0.58484048, 0.12649617, 0.18112159, 1.73433971, -1.19860876, 0.18401819, 0.00000000, 0.00000000, 0.00000000, 0.00000000
2, 1.6900, 139, 0.20085235, 1.35268688, 0.78542006, 284.31967163, 759.60876465, 40.40292358, -81.67202759, 35.31131363, -82.11049652, 66.75125885, 3.93254042, -29.07837296, 0.80312508, -0.53938776, 0.11028822, 0.22778821, 1.52891111, -1.19118571, 0.12967204, 0.00000000, 0.00000000, 0.00000000, 0.00000000
2, 1.7000, 140, 0.32182854, 1.17013800, 0.67068195, 209.85330200, 788.12097168, 87.05310822, -81.67202759, 35.31131363, -82.11049652, 59.29274750, 6.14578199, -32.41424179, 0.82595539, -0.48730814, 0.09312459, 0.26768693, 1.34339809, -1.09380507, 0.09662493, 0.00000000, 0.00000000, 0.00000000, 0.00000000
2, 1.7100, 141, 0.44655797, 1.06750643, 0.54583830, 128.07794189, 795.69769287, 122.61192322, -77.14118958, 36.18824768, -87.19672394, 44.24655914, -2.66598988, -29.92535019, 0.89698607, -0.35816911, 0.11802770, 0.23065209, 1.16713321, -0.92056859, 0.05677002, 0.00000000, 0.00000000, 0.00000000, 0.00000000
2, 1.7200, 142, 0.58986557, 1.00380862, 0.38685149, 39.21094894, 781.56829834, 144.32397461, -71.79187012, 35.57439423, -89.85676575, 36.73385620, -2.54316306, -32.22536087, 0.91349316, -0.29680377, 0.10766128, 0.25660673, 0.90450591, -0.64322984, 0.00817437, 0.00000000, 0.00000000, 0.00000000, 0.00000000
5, 1.6699, 122, -0.02106388, 1.30687106, -0.05968476, 166.37332153, 359.95413208, 177.34941101, -10.72785759, 103.09851074, -33.67436218, -0.48584652, -53.87217331, -6.90125561, 0.88977259, 0.03103785, 0.45194340, 0.05557536, 0.28260297, -0.52099717, -0.11150904, 0.00000000, 0.00000000, 0.00000000, 0.00000000
5, 1.6799, 123, 0.07598034, 1.29105735, -0.07902775, 142.76023865, 365.16998291, 202.08300781, -9.76322746, 101.02309418, -36.45132828, 0.82045984, -50.41888809, -10.55826187, 0.90117669, 0.03273736, 0.42470679, 0.08020601, 0.27338010, -0.51314431, -0.07174588, 0.00000000, 0.00000000, 0.00000000, 0.00000000
5, 1.6899, 124, 0.13795024, 1.31272042, -0.09028415, 120.55363464, 365.08038330, 223.39485168, -6.84010506, 104.26775360, -39.11137009, 1.43707573, -46.74384689, -13.49090385, 0.91210765, 0.03516003, 0.39527312, 0.10287213, 0.31127888, -0.52310389, -0.05311812, 0.00000000, 0.00000000, 0.00000000, 0.00000000
2, 1.7300, 143, 0.69569886, 1.07059813, 0.24046798, -53.75818253, 743.03625488, 153.61087036, -67.17333984, 34.72668839, -90.58754730, 29.33435059, -3.06394053, -33.58338928, 0.92778844, -0.23484899, 0.09788334, 0.27289817, 0.89045668, -0.37721145, 0.03832025, 0.00000000, 0.00000000, 0.00000000, 0.00000000
2, 1.7400, 144, 0.72064453, 1.21016335, 0.18004087, -139.03851318, 685.31494141, 155.45790100, -61.06401443, 35.28208160, -90.00292206, 22.25662613, -3.95893407, -33.92511368, 0.93989599, -0.17461215, 0.08869290, 0.27971351, 0.97973555, -0.16070354, 0.02370262, 0.00000000, 0.00000000, 0.00000000, 0.00000000
5, 1.6999, 125, 0.18047617, 1.33404291, -0.10348778, 99.49510956, 354.24978638, 239.80921936, -6.84010506, 104.26775360, -39.11137009, -4.61728907, -45.58833694, -13.17259789, 0.91328490, 0.08129250, 0.38029283, 0.12115932, 0.35410759, -0.50648248, -0.04281112, 0.00000000, 0.00000000, 0.00000000, 0.00000000
5, 1.7099, 126, 0.21063171, 1.33214688, -0.12446072, 79.76609039, 333.75277710, 250.87611389, -4.88161373, 104.29698944, -40.71908569, -4.30511999, -41.97411728, -15.61501789, 0.92252624, 0.08336325, 0.34982255, 0.14007190, 0.37054682, -0.43091637, -0.03150043, 0.00000000, 0.00000000, 0.00000000, 0.00000000
5, 1.7199, 127, 0.22675799, 1.29726410, -0.14725552, 64.85546875, 306.17172241, 256.19213867, -2.10464764, 106.37240601, -42.26834106, -4.22803020, -38.41201782, -17.57962608, 0.93076175, 0.08466095, 0.31955767, 0.15619917, 0.39169881, -0.39377537, -0.06665497, 0.00000000, 0.00000000, 0.00000000, 0.00000000
5, 1.7299, 128, 0.22839229, 1.23476684, -0.10178470, 52.35745621, 285.55062866, 257.54220581, 1.31540489, 105.99240112, -43.11604691, -4.32359505, -34.91627502, -19.20622253, 0.93801165, 0.08549220, 0.28959131, 0.17018275, 0.36965901, -0.40308547, -0.13349567, 0.00000000, 0.00000000, 0.00000000, 0.00000000
5, 1.7399, 129, 0.25649330, 1.17209399, -0.12383290, 36.23511887, 262.57470703, 256.27090454, 4.12160206, 105.90470886, -43.96375275, -4.56568527, -31.52090073, -20.49618149, 0.94437575, 0.08600855, 0.26025042, 0.18173295, 0.36553937, -0.34992439, -0.15994641, 0.00000000, 0.00000000, 0.00000000, 0.00000000
2, 1.7500, 145, 0.78047061, 1.39437091, 0.10817550, -226.75169373, 598.24487305, 155.30751038, -61.06401443, 35.28208160, -90.00292206, 15.73382282, -4.93143606, -33.10028839, 0.95034766, -0.11894090, 0.07980374, 0.27626768, 1.09621167, 0.08096332, 0.06767678, 0.00000000, 0.00000000, 0.00000000, 0.00000000
5, 1.7499, 130, 0.32170951, 1.15720439, -0.16224842, 22.87077141, 235.15443420, 255.40190125, 4.12160206, 105.90470886, -43.96375275, -8.14882755, -31.86991310, -21.29411507, 0.93902701, 0.11774200, 0.25651431, 0.19638118, 0.37885958, -0.29087287, -0.11890378, 0.00000000, 0.00000000, 0.00000000, 0.00000000
5, 1.7599, 131, 0.45480427, 1.19193244, -0.13302366, 16.51042175, 206.44218445, 254.27270508, 6.86933661, 106.89856720, -43.96375275, -8.20860958, -28.76548767, -22.31954193, 0.94446391, 0.11597127, 0.22965790, 0.20444088, 0.34855658, -0.29262215, 0.01067784, 0.00000000, 0.00000000, 0.00000000, 0.00000000
2, 1.7600, 146, 0.78531712, 1.49344349, 0.05865078, -274.92504883, 516.77191162, 155.79306030, -57.26395798, 36.71440887, -87.34288025, 13.48781013, -13.40134811, -37.32093048, 0.93883330, -0.07342321, 0.14710036, 0.30259308, 1.12137496, 0.25165868, 0.06826951, 0.00000000, 0.00000000, 0.00000000, 0.00000000
2, 1.7700, 147, 0.75728041, 1.58443344, 0.00487777, -301.60025024, 432.42770386, 159.33377075, -53.25928116, 36.18824768, -84.71207428, 7.90011978, -13.82476807, -35.19151306, 0.94654286, -0.02889093, 0.13512108, 0.29148626, 1.08227336, 0.38712314, 0.06113803, 0.00000000, 0.00000000, 0.00000000, 0.00000000
2, 1.7800, 148, 0.73270810, 1.62414646, -0.06765501, -310.67221069, 345.06817627, 167.12350464, -50.54077530, 38.55597687, -81.35047913, 2.99260592, -13.70046902, -32.75226593, 0.95313579, 0.00874273, 0.12170630, 0.27684540, 1.09665036, 0.55599457, 0.02815886, 0.00000000, 0.00000000, 0.00000000, 0.00000000
2, 1.7900, 149, 0.67929989, 1.62777090, -0.12148401, -304.65411377, 255.98806763, 176.96739197, -48.64074707, 39.11137009, -78.16427612, -1.11906362, -12.98584175, -30.23753357, 0.95886141, 0.03885933, 0.10663047, 0.26020142, 1.09951234, 0.68237519, -0.03265257, 0.00000000, 0.00000000, 0.00000000, 0.00000000
2, 1.8000, 150, 0.61625087, 1.56735873, -0.15657072, -286.16937256, 168.34910583, 188.91354370, -48.64074707, 39.11137009, -78.16427612, -4.36347961, -11.69727898, -27.84464264, 0.96393710, 0.06125880, 0.08972353, 0.24294551, 1.06172347, 0.75476420, -0.11000326, 0.00000000, 0.00000000, 0.00000000, 0.00000000
2, 1.8100, 151, 0.54191363, 1.49761653, -0.15938358, -258.43597412, 86.62470245, 201.59867859, -46.74071884, 39.37445068, -74.94884491, 2.24228239, -17.38662720, -37.25174332, 0.93750286, 0.02993613, 0.14937910, 0.31285498, 1.00616360, 0.74098074, -0.19100098, 0.00000000, 0.00000000, 0.00000000, 0.00000000
2, 1.8200, 152, 0.45134902, 1.40211451, -0.14313580, -222.42167664, 12.86592197, 213.86897278, -44.28529739, 39.25752640, -73.34112549, 0.36031580, -15.47612953, -35.09758377, 0.94490135, 0.03762679, 0.12931700, 0.29836699, 0.87708992, 0.61230272, -0.28396940, 0.00000000, 0.00000000, 0.00000000, 0.00000000
2, 1.8300, 153, 0.36845884, 1.33387399, -0.12339902, -181.05059814, -59.22468948, 223.18244934, -43.40835953, 38.87752151, -72.05495453, -0.64643013, -13.17245293, -33.31494904, 0.95151228, 0.03824643, 0.10827695, 0.28537303, 0.87278509, 0.59249228, -0.38588646, 0.00000000, 0.00000000, 0.00000000, 0.00000000
2, 1.8400, 154, 0.28881744, 1.26643908, -0.10129708, -140.36666870, -120.76803589, 226.58033752, -41.27447891, 37.97135162, -71.09032440, -0.87794238, -10.60610485, -31.87969780, 0.95721245, 0.03271667, 0.08677232, 0.27412534, 0.87546659, 0.55635142, -0.48389995, 0.00000000, 0.00000000, 0.00000000, 0.00000000
2, 1.8500, 155, 0.21929353, 1.19781625, -0.08131272, -102.73876190, -165.47322083, 223.60308838, -41.27447891, 37.97135162, -71.09032440, -0.50459522, -7.91518974, -30.74952888, 0.96182323, 0.02253439, 0.06538279, 0.26478967, 0.87764817, 0.51088196, -0.57102704, 0.00000000, 0.00000000, 0.00000000, 0.00000000
5, 1.7699, 132, 0.56069463, 1.20845675, -0.07005183, 11.46974277, 175.01954651, 248.96099854, 9.06167793, 106.48932648, -43.99298477, -8.20310020, -25.82678604, -23.12104988, 0.94928664, 0.11297211, 0.20441239, 0.21049409, 0.33984026, -0.35237408, 0.07752328, 0.00000000, 0.00000000, 0.00000000, 0.00000000
5, 1.7799, 133, 0.56750959, 1.20308900, -0.02705080, 5.40048504, 136.67228699, 240.06224060, 11.78018093, 106.51856232, -44.16837311, -8.08592129, -23.11131668, -23.66811562, 0.95362443, 0.10858608, 0.18140833, 0.21424425, 0.35908848, -0.38654661, 0.05309311, 0.00000000, 0.00000000, 0.00000000, 0.00000000
5, 1.7899, 134, 0.51096714, 1.17491281, 0.02621657, 1.46784699, 95.14208984, 231.02536011, 13.88482857, 106.10932159, -44.43145370, -7.79435492, -20.63537025, -23.97436523, 0.95762289, 0.10252197, 0.16090733, 0.21576956, 0.37812966, -0.42262483, -0.03612549, 0.00000000, 0.00000000, 0.00000000, 0.00000000
2, 1.8600, 156, 0.14522035, 1.13031292, -0.04358946, -68.10547638, -200.79521179, 215.33319092, -40.22215652, 37.00672150, -70.91493988, 5.69292068, -15.04713917, -32.74700928, 0.95184410, -0.01037105, 0.13934733, 0.27288765, 0.84704059, 0.41744000, -0.65059125, 0.00000000, 0.00000000, 0.00000000, 0.00000000
5, 1.7999, 135, 0.45100963, 1.11596918, 0.09079218, -2.94428039, 54.87760925, 221.32371521, 13.88482857, 106.10932159, -44.43145370, -12.24768162, -21.95786285, -23.31335258, 0.95185941, 0.14082521, 0.16429639, 0.21711445, 0.35092381, -0.43959546, -0.13005397, 0.00000000, 0.00000000, 0.00000000, 0.00000000
2, 1.8700, 157, 0.09013110, 1.05936158, -0.00301947, -37.44366074, -227.43511963, 203.53808594, -38.11750793, 35.25284958, -70.76878357, 6.78422642, -12.42326164, -31.80315399, 0.95616657, -0.02697708, 0.11999463, 0.26574269, 0.72470582, 0.26939020, -0.69573432, 0.00000000, 0.00000000, 0.00000000, 0.00000000
5, 1.8099, 136, 0.42345598, 1.05225527, 0.13852201, -8.53587246, 16.20758820, 210.06266785, 15.78485775, 106.10932159, -43.87606049, -11.54581642, -19.96785736, -23.32683945, 0.95610416, 0.13188863, 0.14890428, 0.21516946, 0.28058809, -0.40445292, -0.17495483, 0.00000000, 0.00000000, 0.00000000, 0.00000000
2, 1.8800, 158, 0.02811490, 0.98384178, 0.03441273, -12.45044804, -246.03240967, 189.03257751, -37.21134186, 34.55130005, -72.37649536, 8.21700573, -9.86322212, -31.02543831, 0.95918417, -0.04584704, 0.10171284, 0.25984257, 0.72383183, 0.18432015, -0.77393794, 0.00000000, 0.00000000, 0.00000000, 0.00000000
5, 1.8199, 137, 0.43467656, 0.99949872, 0.17273384, -13.82091618, -21.62811852, 197.52067566, 17.77258110, 106.13855743, -42.99912262, -10.69068623, -18.22328186, -23.08618736, 0.96025234, 0.12167314, 0.13607477, 0.21117473, 0.24901983, -0.42201328, -0.20302571, 0.00000000, 0.00000000, 0.00000000, 0.00000000
5, 1.8299, 138, 0.47128043, 0.95472836, 0.19231953, -18.42891693, -58.05206299, 185.17900085, 19.17568016, 105.29084778, -43.67144012, -9.67073154, -16.72542381, -22.61141396, 0.96431255, 0.11018927, 0.12575994, 0.20529054, 0.21593928, -0.43351007, -0.20047368, 0.00000000, 0.00000000, 0.00000000, 0.00000000
5, 1.8399, 139, 0.49767393, 0.92011011, 0.20254202, -21.25465012, -83.53881836, 177.14137268, 21.19263268, 103.39082336, -43.46682358, -8.52044582, -15.40397739, -21.97424507, 0.96822858, 0.09773900, 0.11717004, 0.19812046, 0.19597496, -0.44414264, -0.20043078, 0.00000000, 0.00000000, 0.00000000, 0.00000000
5, 1.8499, 140, 0.49752283, 0.89009404, 0.20206961, -22.88621521, -105.96826172, 170.59855652, 21.92341423, 104.26775360, -43.26220322, -12.65925694, -16.68676567, -19.99813080, 0.96567017, 0.13246590, 0.12309016, 0.18650179, 0.18194619, -0.42799884, -0.21309359, 0.00000000, 0.00000000, 0.00000000, 0.00000000
5, 1.8599, 141, 0.46851373, 0.86442852, 0.20007762, -23.07809067, -125.27960205, 164.54989624, 21.92341423, 104.26775360, -43.26220322, -11.26689529, -15.59981441, -19.21899223, 0.96990454, 0.11843657, 0.11692829, 0.17772415, 0.16129750, -0.37024537, -0.23759380, 0.00000000, 0.00000000, 0.00000000, 0.00000000
2, 1.8900, 159, -0.03536054, 0.91677827, 0.06725296, 6.16608286, -255.37835693, 172.85212708, -36.21747971, 32.94358444, -73.51651764, 9.87654305, -7.41726017, -30.35881805, 0.96097267, -0.06603129, 0.08468696, 0.25495026, 0.72814059, 0.10190351, -0.84889674, 0.00000000, 0.00000000, 0.00000000, 0.00000000
5, 1.8699, 142, 0.41378331, 0.84620571, 0.17857532, -22.00391769, -140.57901001, 157.96728516, 23.32651329, 104.15083313, -43.61297989, -9.78025150, -14.65123558, -18.35764694, 0.97383946, 0.10373232, 0.11193015, 0.16836861, 0.19403794, -0.36594093, -0.29964676, 0.00000000, 0.00000000, 0.00000000, 0.00000000
2, 1.9000, 160, -0.08362567, 0.84155607, 0.09566522, 17.94535637, -255.85437012, 156.09843445, -36.21747971, 32.94358444, -73.51651764, 11.65456104, -5.12525415, -29.75407219, 0.96168876, -0.08660832, 0.06903056, 0.25077584, 0.71844977, 0.01819568, -0.90719306, 0.00000000, 0.00000000, 0.00000000, 0.00000000
2, 1.9100, 161, -0.12649961, 0.74158239, 0.11979096, 22.67986488, -249.36030579, 137.40544128, -36.15901566, 32.68050385, -74.86115265, 13.58244801, -15.19767857, -24.50388718, 0.96516418, -0.08667865, 0.15319169, 0.19359027, 0.62823290, -0.06962778, -0.95340949, 0.00000000, 0.00000000, 0.00000000, 0.00000000
5, 1.8799, 143, 0.35612828, 0.81762719, 0.14199479, -19.24723053, -151.45048523, 148.89250183, 23.76498032, 103.77082825, -43.99298477, -8.22817707, -13.85365391, -17.45576668, 0.97736442, 0.08864748, 0.10809100, 0.15879819, 0.22330788, -0.34523287, -0.36410424, 0.00000000, 0.00000000, 0.00000000, 0.00000000
5, 1.8899, 144, 0.31515852, 0.77940702, 0.11166813, -15.70408058, -156.66587830, 140.27552795, 25.34346581, 103.01081085, -43.99298477, -6.64420176, -13.18368149, -16.55086899, 0.98043621, 0.07346159, 0.10512388, 0.14932314, 0.23305595, -0.32706124, -0.41655213, 0.00000000, 0.00000000, 0.00000000, 0.00000000
5, 1.8999, 145, 0.27724811, 0.73802292, 0.07786696, -14.14602280, -155.02511597, 131.91731262, 24.84653664, 103.12773895, -44.81145859, -10.03047085, -17.82315063, -16.54955482, 0.97195160, 0.10767555, 0.14028056, 0.15504019, 0.21672034, -0.28471181, -0.45678473, 0.00000000, 0.00000000, 0.00000000, 0.00000000
5, 1.9099, 146, 0.23728471, 0.69760227, 0.04846536, -14.33001423, -149.06028748, 123.45652008, 24.84653664, 103.12773895, -44.81145859, -8.61587811, -17.25067329, -15.70322704, 0.97511536, 0.09400062, 0.13800131, 0.14584121, 0.15553857, -0.20489931, -0.48274559, 0.00000000, 0.00000000, 0.00000000, 0.00000000
5, 1.9199, 147, 0.19518267, 0.66100478, 0.02576785, -15.39161682, -138.23687744, 114.70207214, 25.92809105, 102.13388062, -44.40222168, -7.31344986, -16.73308563, -14.88761330, 0.97781998, 0.08138037, 0.13581046, 0.13711590, 0.16078824, -0.19000460, -0.53639770, 0.00000000, 0.00000000, 0.00000000, 0.00000000
2, 1.9200, 162, -0.15235150, 0.66649586, 0.12568833, 21.78482056, -233.59440613, 119.77376556, -36.30517197, 30.69277954, -76.76117706, 15.20506191, -13.34087753, -23.89478493, 0.96635514, -0.10472314, 0.13984561, 0.18876983, 0.44242397, -0.12690371, -0.96551305, 0.00000000, 0.00000000, 0.00000000, 0.00000000
5, 1.9299, 148, 0.15730520, 0.63044357, 0.00165730, -16.87394714, -123.53063202, 105.83522034, 26.22040367, 102.22157288, -45.36685181, -6.15384007, -16.25199127, -14.11827278, 0.98010683, 0.07008085, 0.13354638, 0.12901407, 0.16915403, -0.17453828, -0.58269775, 0.00000000, 0.00000000, 0.00000000, 0.00000000
2, 1.9300, 163, -0.18577643, 0.59170806, 0.11773373, 16.33842850, -212.14523315, 102.03091431, -35.80824280, 28.90967560, -77.81350708, 16.69835091, -11.74104500, -23.27873039, 0.96697056, -0.12105713, 0.12825747, 0.18401940, 0.40582618, -0.17297930, -1.01131344, 0.00000000, 0.00000000, 0.00000000, 0.00000000
2, 1.9400, 164, -0.21665914, 0.53081399, 0.10859188, 7.58330774, -184.57263184, 85.61929321, -35.80824280, 28.90967560, -77.81350708, 17.99279404, -10.41053963, -22.65474701, 0.96725142, -0.13509367, 0.11844973, 0.17928788, 0.37683418, -0.20986743, -1.05078220, 0.00000000, 0.00000000, 0.00000000, 0.00000000
2, 1.9500, 165, -0.23272096, 0.48896536, 0.09702431, -2.96349287, -152.50965881, 70.45091248, -35.42823792, 31.01432228, -78.98274994, 19.03857803, -9.35326672, -22.03180122, 0.96741152, -0.14642717, 0.11042347, 0.17458747, 0.35720792, -0.23358701, -1.07190013, 0.00000000, 0.00000000, 0.00000000, 0.00000000
2, 1.9600, 166, -0.24612749, 0.46338430, 0.08078945, -13.98363495, -118.03171539, 56.24240112, -35.60362244, 29.90353584, -80.03507996, 24.23101997, -20.17960358, -24.18261528, 0.94895220, -0.16617298, 0.21077360, 0.16568308, 0.29681304, -0.25501183, -1.06938434, 0.00000000, 0.00000000, 0.00000000, 0.00000000
5, 1.9399, 149, 0.12595329, 0.59597003, -0.01629540, -19.02732849, -96.93775177, 92.70345306, 26.95118332, 99.50306702, -45.04530716, -5.24193954, -15.79220200, -13.44493198, 0.98194444, 0.06104816, 0.13098764, 0.12206782, 0.16873711, -0.15963921, -0.62460577, 0.00000000, 0.00000000, 0.00000000, 0.00000000
5, 1.9499, 150, 0.09850112, 0.56150556, -0.04276523, -21.10568237, -74.34119415, 82.85801697, 27.21426392, 101.63694763, -45.74685669, -7.82751322, -22.83999062, -15.51545429, 0.96714187, 0.09295571, 0.18669875, 0.14539428, 0.13920811, -0.12110826, -0.64860082, 0.00000000, 0.00000000, 0.00000000, 0.00000000
5, 1.9599, 151, 0.08349664, 0.52827597, -0.06712555, -24.66298485, -51.56007385, 72.77289581, 27.21426392, 101.63694763, -45.74685669, -7.40628767, -22.35300827, -14.99329281, 0.96898526, 0.08805664, 0.18350725, 0.14013854, 0.04306947, -0.05579285, -0.63737196, 0.00000000, 0.00000000, 0.00000000, 0.00000000
5, 1.9699, 152, 0.09083416, 0.50251907, -0.08667336, -29.14717484, -28.62762260, 62.58052063, 27.27272606, 100.99385834, -46.03916931, -7.20425558, -21.86451149, -14.53558826, 0.97053218, 0.08513618, 0.17994893, 0.13578519, 0.03495336, -0.03092172, -0.64017397, 0.00000000, 0.00000000, 0.00000000, 0.00000000
2, 1.9700, 167, -0.25665331, 0.44745201, 0.06051081, -24.39025688, -82.57309723, 42.66802216, -35.34054184, 29.93276787, -79.94738007, 24.57694244, -19.69714355, -23.53582382, 0.94987983, -0.17120485, 0.20638041, 0.16069938, 0.14005083, -0.28818384, -1.02726793, 0.00000000, 0.00000000, 0.00000000, 0.00000000
5, 1.9799, 153, 0.11432031, 0.48676926, -0.10577252, -34.76870346, -5.96251106, 51.50241089, 27.82811928, 100.93539429, -45.57146835, -7.23214054, -21.38022614, -14.13227177, 0.97180080, 0.08427857, 0.17609763, 0.13224982, 0.02837252, -0.00731961, -0.62413061, 0.00000000, 0.00000000, 0.00000000, 0.00000000
2, 1.9800, 168, -0.25129983, 0.44042188, 0.03637100, -34.18774414, -47.17591476, 29.27859497, -35.42823792, 30.13738632, -80.29815674, 24.65227890, -19.46273994, -22.95676804, 0.95081377, -0.17333516, 0.20369998, 0.15625161, 0.12959260, -0.27150479, -1.02534056, 0.00000000, 0.00000000, 0.00000000, 0.00000000
2, 1.9900, 169, -0.22664736, 0.42848694, 0.00547418, -43.77984238, -13.63628483, 14.78146362, -35.42823792, 30.13738632, -80.29815674, 24.47566414, -19.47799110, -22.44606400, 0.95175195, -0.17274494, 0.20281574, 0.15229356, 0.10464862, -0.24574712, -1.00616896, 0.00000000, 0.00000000, 0.00000000, 0.00000000
5, 1.9899, 154, 0.16632365, 0.48158926, -0.12712550, -41.06733704, 13.24521446, 37.63396454, 28.47120667, 100.87693787, -45.13300323, -7.48346615, -20.93710327, -13.76492214, 0.97276688, 0.08543717, 0.17231195, 0.12935893, 0.01951052, 0.01714308, -0.57708025, 0.00000000, 0.00000000, 0.00000000, 0.00000000
5, 1.9999, 155, 0.22190218, 0.48862508, -0.13215064, -47.10411453, 32.74588013, 23.26091385, 28.61736298, 99.50306702, -45.04530716, -8.48175335, -24.61782646, -15.55898666, 0.96323603, 0.10036233, 0.20086215, 0.14750688, -0.00464416, 0.02634824, -0.51740330, 0.00000000, 0.00000000, 0.00000000, 0.00000000
5, 2.0099, 156, 0.26840577, 0.50421482, -0.14286883, -51.29022598, 43.65864182, 10.35963821, 28.61736298, 99.50306702, -45.04530716, -9.13146877, -24.28199577, -15.24742031, 0.96369541, 0.10494802, 0.19747311, 0.14588152, -0.04967095, 0.04191530, -0.44714704, 0.00000000, 0.00000000, 0.00000000, 0.00000000
2, 2.0000, 170, -0.19614422, 0.42489085, -0.02022119, -54.08510971, 17.62851143, -1.86704361, -35.36977386, 29.46506882, -80.09353638, 24.06906128, -19.75741196, -21.99460411, 0.95265108, -0.16962908, 0.20389554, 0.14868973, 0.08399022, -0.21783380, -0.97971171, 0.00000000, 0.00000000, 0.00000000, 0.00000000
5, 2.0199, 157, 0.31283239, 0.52571356, -0.15255196, -53.89013672, 49.83486176, -2.72730398, 28.88044357, 99.00613403, -43.96375275, -9.88924026, -24.03433037, -14.94872475, 0.96383119, 0.11057057, 0.19470085, 0.14455155, -0.04146161, 0.05256082, -0.39715421, 0.00000000, 0.00000000, 0.00000000, 0.00000000
5, 2.0299, 158, 0.35691360, 0.54557872, -0.16269153, -54.53676987, 51.89483643, -15.58670330, 29.34814262, 101.31540680, -43.40835953, -10.71426296, -23.89129257, -14.66012478, 0.96364510, 0.11688772, 0.19274156, 0.14344361, -0.03582766, 0.06552331, -0.34688967, 0.00000000, 0.00000000, 0.00000000, 0.00000000
2, 2.0100, 171, -0.14790124, 0.43102151, -0.05686570, -65.01966095, 46.62479401, -21.80380058, -35.36977386, 29.40660667, -79.39199066, 33.45394516, -28.42748070, -31.22771072, 0.91313076, -0.20541333, 0.30156636, 0.18181171, 0.02812932, -0.19993347, -0.90308487, 0.00000000, 0.00000000, 0.00000000, 0.00000000
2, 2.0200, 172, -0.09446563, 0.44452402, -0.09753746, -73.62379456, 64.08773804, -39.61201859, -34.52206802, 30.37123680, -78.54428101, 32.75125504, -29.27652359, -30.98870468, 0.91358805, -0.19809559, 0.30652377, 0.17932735, -0.09158091, -0.22864956, -0.75634384, 0.00000000, 0.00000000, 0.00000000, 0.00000000
5, 2.0399, 159, 0.40223530, 0.55709338, -0.16643998, -53.64173126, 51.50840759, -28.27867126, 29.20198822, 100.70154572, -42.58988571, -11.58025360, -23.86309052, -14.38156891, 0.96313691, 0.12367561, 0.19171496, 0.14253762, -0.04192938, 0.07716757, -0.29851946, 0.00000000, 0.00000000, 0.00000000, 0.00000000
2, 2.0300, 173, -0.03616317, 0.46515661, -0.13368994, -80.86880493, 74.05077362, -58.03011703, -35.19438553, 29.55276108, -78.07658386, 32.02857971, -30.33345032, -30.79906464, 0.91357279, -0.18992932, 0.31315395, 0.17676660, -0.11080162, -0.17378318, -0.69665682, 0.00000000, 0.00000000, 0.00000000, 0.00000000
5, 2.0499, 160, 0.43956158, 0.56284106, -0.16900058, -51.79021072, 49.74356461, -41.97960281, 28.70505714, 98.68459320, -42.64834976, -11.65871429, -24.94744301, -15.41618156, 0.95962685, 0.12709281, 0.19963218, 0.15202203, -0.05584047, 0.08707020, -0.25756544, 0.00000000, 0.00000000, 0.00000000, 0.00000000
2, 2.0400, 174, 0.01772550, 0.48667851, -0.16180871, -85.94465637, 77.49390411, -76.47850800, -35.19438553, 29.55276108, -78.07658386, 31.34630013, -31.57486153, -30.64965439, 0.91298044, -0.18148337, 0.32134357, 0.17397937, -0.12835026, -0.12541221, -0.63856477, 0.00000000, 0.00000000, 0.00000000, 0.00000000
5, 2.0599, 161, 0.45841539, 0.56779969, -0.17461395, -50.17181778, 46.68605804, -55.60322189, 28.70505714, 98.68459320, -42.64834976, -12.58670330, -25.18815994, -15.14270496, 0.95845133, 0.13460501, 0.20074284, 0.15150873, -0.07182175, 0.09315781, -0.22991163, 0.00000000, 0.00000000, 0.00000000, 0.00000000
2, 2.0500, 175, 0.05953952, 0.51806557, -0.18190728, -88.63074493, 75.50291443, -94.23020172, -35.66208649, 31.16047859, -76.49810028, 30.75559807, -32.97238922, -30.53684807, 0.91174161, -0.17324834, 0.33092862, 0.17087613, -0.13406412, -0.08116075, -0.58766961, 0.00000000, 0.00000000, 0.00000000, 0.00000000
5, 2.0699, 162, 0.47055140, 0.57310688, -0.17509559, -49.68080902, 42.95153427, -68.26470184, 28.93890572, 102.01695251, -42.23910904, -13.54517078, -25.55445480, -14.84669685, 0.95694578, 0.14241917, 0.20291780, 0.15098375, -0.07718956, 0.10525192, -0.21120387, 0.00000000, 0.00000000, 0.00000000, 0.00000000
2, 2.0600, 176, 0.09429136, 0.55772293, -0.19130068, -88.61637878, 69.69905853, -110.64025116, -36.50979233, 32.38819122, -75.29962158, 38.09343719, -36.18223953, -38.75239182, 0.88125211, -0.19525243, 0.37981993, 0.20250426, -0.13485184, -0.06527913, -0.51987165, 0.00000000, 0.00000000, 0.00000000, 0.00000000
5, 2.0799, 163, 0.48173395, 0.58472705, -0.16828103, -49.50070190, 38.33861923, -81.45140839, 27.94504547, 100.26307678, -41.27447891, -14.53692055, -26.05269051, -14.51496315, 0.95509249, 0.15052076, 0.20622486, 0.15037726, -0.08203065, 0.10810880, -0.19108891, 0.00000000, 0.00000000, 0.00000000, 0.00000000
2, 2.0700, 177, 0.11482961, 0.59929061, -0.20049025, -85.53913116, 61.69447327, -125.46634674, -36.59748459, 32.24203491, -74.89038086, 37.96546936, -37.78125763, -39.02059555, 0.87848538, -0.18784299, 0.39136180, 0.19953574, -0.14389549, -0.09132054, -0.42476058, 0.00000000, 0.00000000, 0.00000000, 0.00000000
5, 2.0899, 164, 0.49127331, 0.60228252, -0.15885291, -50.43768692, 33.29730225, -95.33515930, 27.53580856, 102.80619812, -40.74831772, -15.57596493, -26.68675995, -14.12749577, 0.95286697, 0.15896773, 0.21070817, 0.14958614, -0.08450440, 0.10612993, -0.16936255, 0.00000000, 0.00000000, 0.00000000, 0.00000000
