SensorId, TimeStamp (s), FrameNumber, AccX (g), AccY (g), AccZ (g), GyroX (deg/s), GyroY (deg/s), GyroZ (deg/s), MagX (uT), MagY (uT), MagZ (uT), EulerX (deg), EulerY (deg), EulerZ (deg), QuatW, QuatX, QuatY, QuatZ, LinAccX (g), LinAccY (g), LinAccZ (g), Pressure (kPa), Altitude (m), Temperature (degC), HeaveMotion (m)
4, -0.0000, 0, 0.14565299, 0.94653732, -0.27195239, -1.25394177, -0.82744491, -1.81820166, -41.77141190, 50.48231506, -31.24817276, -0.63522714, -1.79893076, 15.17555714, 1.00000000, 0.00000000, 0.00000000, 0.00000000, 0.00626663, -0.00377806, -0.00472617, 101.51500702, -15.80459404, 35.32999802, 0.00000000
4, 0.0025, 1, 0.14553195, 0.94725424, -0.27096704, -0.96742940, -1.17164683, -1.83064032, -42.00526047, 50.39462280, -31.42355919, -0.63739020, -1.80414510, 15.17750835, 1.00000000, 0.00000000, 0.00000000, 0.00000000, 0.00636810, -0.00489136, -0.00435236, 101.51500702, -15.80459404, 35.32999802, 0.00000000
4, 0.0050, 2, 0.14354721, 0.95047528, -0.27495247, -1.32357681, -0.96223480, -2.02856183, -42.00526047, 50.39462280, -31.42355919, -0.64054841, -1.80967677, 15.17899227, 1.00000000, 0.00000000, 0.00000000, 0.00000000, 0.00900122, -0.00195919, -0.00054505, 101.51500702, -15.80459404, 35.32999802, 0.00000000
4, 0.0075, 3, 0.14107399, 0.95233601, -0.27749225, -0.96659333, -1.23619819, -2.11102986, -42.00526047, 50.39462280, -31.42355919, -0.64271981, -1.81560254, 15.18090534, 1.00000000, 0.00000000, 0.00000000, 0.00000000, 0.01179146, -0.00003186, 0.00148011, 101.51500702, -15.80459404, 35.32999802, 0.00000000
4, 0.0100, 4, 0.13959043, 0.95563650, -0.27842617, -1.03950679, -0.95716393, -2.31376314, -42.00526047, 50.39462280, -31.42355919, -0.64518797, -1.82181823, 15.18204594, 1.00000000, 0.00000000, 0.00000000, 0.00000000, 0.01377115, -0.00005436, 0.00458275, 101.51500702, -15.80459404, 35.32999802, 0.00000000
4, 0.0125, 5, 0.13576040, 0.95592183, -0.28159800, -0.75558132, -0.95430267, -2.45940471, -42.00526047, 50.39462280, -31.42355919, -0.64697963, -1.82838547, 15.18296051, 1.00000000, 0.00000000, 0.00000000, 0.00000000, 0.01764097, 0.00292890, 0.00505785, 101.51500702, -15.80459404, 35.32999802, 0.00000000
2, -0.0000, 0, 0.91943008, 0.27157864, 0.10924473, -25.13406563, -38.13566208, 21.82461548, -37.09441757, 33.23589706, -49.86845779, 0.24169886, 4.51155043, 4.39672041, 0.99849063, -0.00059620, -0.03941231, -0.03824642, -0.06347974, 0.04108492, -0.04339639, 0.00000000, 0.00000000, 0.00000000, 0.00000000
4, 0.0150, 6, 0.13513817, 0.95595223, -0.28379416, -0.75605530, -0.88422710, -2.52791333, -40.86524200, 49.19614029, -31.45279121, -0.64880598, -1.83506525, 15.18366432, 1.00000000, 0.00000000, 0.00000000, 0.00000000, 0.01825859, 0.00505320, 0.00560364, 101.51500702, -15.80459404, 35.32999802, 0.00000000
4, 0.0175, 7, 0.13536921, 0.96137691, -0.28848052, -0.47391385, -0.67666352, -2.53018236, -40.86524200, 49.19614029, -31.45279121, -0.65000665, -1.84160852, 15.18373299, 1.00000000, 0.00000000, 0.00000000, 0.00000000, 0.01912064, 0.00798179, 0.01209100, 101.51500702, -15.80459404, 35.32999802, 0.00000000
4, 0.0350, 8, 0.14113946, 0.95324570, -0.29895237, 1.00711346, 0.58369714, -3.51614833, -41.56679153, 50.04384613, -31.48202324, -0.51882607, -2.07727957, 15.16106319, 1.00000000, 0.00000000, 0.00000000, 0.00000000, 0.00846777, 0.01807517, 0.00861153, 101.51500702, -15.80459404, 35.32999802, 0.00000000
4, 0.0375, 9, 0.14372389, 0.95581996, -0.30001408, 0.79427797, 0.58320844, -3.51158643, -41.56679153, 50.04384613, -31.48202324, -0.51744896, -2.08529592, 15.15689182, 1.00000000, 0.00000000, 0.00000000, 0.00000000, 0.00629652, 0.01831893, 0.01181553, 101.51500702, -15.80459404, 35.32999802, 0.00000000
4, 0.0400, 10, 0.14815696, 0.95293295, -0.30236602, 0.93802446, 0.37993661, -3.72777963, -41.56679153, 50.04384613, -31.48202324, -0.51566881, -2.09396839, 15.15297318, 1.00000000, 0.00000000, 0.00000000, 0.00000000, 0.00140571, 0.02137716, 0.01059114, 101.51500702, -15.80459404, 35.32999802, 0.00000000
4, 0.0425, 11, 0.15074486, 0.95318168, -0.30260432, 1.22406292, 0.10581043, -3.80872703, -41.42063522, 48.34843445, -31.56971550, -0.51309037, -2.10303998, 15.14951038, 1.00000000, 0.00000000, 0.00000000, 0.00000000, -0.00123987, 0.02148790, 0.01137390, 101.51500702, -15.80459404, 35.32999802, 0.00000000
4, 0.0450, 12, 0.15482134, 0.95241112, -0.29956067, 1.43806362, -0.03053736, -3.88561130, -41.42063522, 48.34843445, -31.56971550, -0.50993305, -2.11237907, 15.14622974, 1.00000000, 0.00000000, 0.00000000, 0.00000000, -0.00570782, 0.01874452, 0.01053385, 101.51500702, -15.80459404, 35.32999802, 0.00000000
4, 0.0475, 13, 0.15827341, 0.95143926, -0.29957029, 1.29850364, -0.30453634, -4.02721310, -41.42063522, 48.34843445, -31.56971550, -0.50705224, -2.12225890, 15.14356422, 1.00000000, 0.00000000, 0.00000000, 0.00000000, -0.00944378, 0.01898569, 0.01026240, 101.51500702, -15.80459404, 35.32999802, 0.00000000
4, 0.0500, 14, 0.16493118, 0.95046616, -0.29933292, 1.37148941, -0.58246577, -3.89426041, -41.42063522, 48.34843445, -31.56971550, -0.50387067, -2.13201714, 15.14160252, 1.00000000, 0.00000000, 0.00000000, 0.00000000, -0.01634213, 0.01898593, 0.01050768, 101.51500702, -15.80459404, 35.32999802, 0.00000000
4, 0.0525, 15, 0.16924854, 0.94741803, -0.29888105, 1.44407368, -0.78921485, -3.89959455, -41.42063522, 48.34843445, -31.56971550, -0.50043654, -2.14193392, 15.14009666, 1.00000000, 0.00000000, 0.00000000, 0.00000000, -0.02131871, 0.01937944, 0.00831047, 101.51500702, -15.80459404, 35.32999802, 0.00000000
4, 0.0550, 16, 0.17394361, 0.94615048, -0.29511139, 1.37593269, -1.13312650, -3.97420907, -41.36217499, 49.80999756, -31.45279121, -0.49705449, -2.15226841, 15.13938618, 1.00000000, 0.00000000, 0.00000000, 0.00000000, -0.02653811, 0.01608180, 0.00690976, 101.51500702, -15.80459404, 35.32999802, 0.00000000
4, 0.0575, 17, 0.17764691, 0.94491142, -0.29341626, 1.16582906, -1.47846854, -3.97600341, -41.36217499, 49.80999756, -31.45279121, -0.49409008, -2.16284633, 15.13957500, 1.00000000, 0.00000000, 0.00000000, 0.00000000, -0.03067112, 0.01476803, 0.00594657, 101.51500702, -15.80459404, 35.32999802, 0.00000000
4, 0.0925, 18, 0.15576960, 0.95670098, -0.26668504, -1.76502240, -7.62038565, -4.23461294, -41.33294296, 49.34229660, -31.33586693, -0.60784692, -2.00642848, 15.28057766, 1.00000000, 0.00000000, 0.00000000, 0.00000000, -0.00579263, -0.01225056, 0.00530156, 101.51500702, -15.80459404, 35.32999802, 0.00000000
4, 0.0950, 19, 0.15737456, 0.95705378, -0.26570287, -1.40975034, -7.68854237, -4.24348736, -41.33294296, 49.34229660, -31.33586693, -0.60906243, -2.02200651, 15.29644585, 1.00000000, 0.00000000, 0.00000000, 0.00000000, -0.00763236, -0.01327186, 0.00565733, 101.51500702, -15.80459404, 35.32999802, 0.00000000
4, 0.0975, 20, 0.15774539, 0.95571285, -0.26559818, -1.48309839, -7.41613674, -4.02754307, -41.33294296, 49.34229660, -31.33586693, -0.61053044, -2.03685904, 15.31185532, 1.00000000, 0.00000000, 0.00000000, 0.00000000, -0.00849724, -0.01295674, 0.00444359, 101.51500702, -15.80459404, 35.32999802, 0.00000000
4, 0.1000, 21, 0.15897872, 0.95388883, -0.26574308, -1.62677252, -7.21176004, -3.88112903, -41.33294296, 49.34229660, -31.33586693, -0.61241448, -2.05121636, 15.32695293, 1.00000000, 0.00000000, 0.00000000, 0.00000000, -0.01027282, -0.01225527, 0.00300537, 101.51500702, -15.80459404, 35.32999802, 0.00000000
4, 0.1025, 22, 0.16082507, 0.94904661, -0.26775718, -1.62793756, -7.07492447, -3.80880666, -41.33294296, 49.34229660, -31.33586693, -0.61434752, -2.06531811, 15.34177303, 1.00000000, 0.00000000, 0.00000000, 0.00000000, -0.01307702, -0.00888733, -0.00062549, 101.51500702, -15.80459404, 35.32999802, 0.00000000
2, 0.0100, 1, 0.94503301, 0.26361275, 0.08289307, -23.15292931, -33.97395325, 11.80271244, -37.53288651, 32.85588837, -49.83922958, 0.37503803, 4.78475761, 4.70860720, 0.99828541, -0.00155247, -0.04184161, -0.04090625, -0.08748147, 0.05763981, -0.02874509, 0.00000000, 0.00000000, 0.00000000, 0.00000000
2, 0.0200, 2, 0.91328341, 0.28194451, 0.11852403, -20.60684204, -33.07269287, 1.61395514, -37.26980209, 32.21280289, -50.30692673, 0.56022018, 4.96490383, 5.01693439, 0.99810159, -0.00298388, -0.04348514, -0.04351386, -0.03935462, 0.03343418, -0.04221500, 0.00000000, 0.00000000, 0.00000000, 0.00000000
2, 0.0300, 3, 0.81348592, 0.33698100, 0.16813725, -13.48653507, -23.64446831, -6.19911909, -36.83133698, 32.18357086, -50.10231018, 0.73271322, 5.02971792, 5.24222898, 0.99798417, -0.00437467, -0.04412379, -0.04540586, 0.07143421, 0.01561794, -0.10023095, 0.00000000, 0.00000000, 0.00000000, 0.00000000
2, 0.0400, 4, 0.86173093, 0.33286223, 0.17680685, -7.68030834, -6.07024527, -8.16940689, -37.03595352, 32.35895920, -49.80999756, 0.97355705, 4.92348337, 5.37468672, 0.99795949, -0.00646483, -0.04330144, -0.04647630, 0.05079716, 0.00346829, -0.05641657, 0.00000000, 0.00000000, 0.00000000, 0.00000000
2, 0.0500, 5, 0.99294496, 0.30519900, 0.11798482, -3.99376535, -7.30011940, -3.88920522, -37.03595352, 32.35895920, -49.80999756, 1.03674579, 4.92603970, 5.44695187, 0.99792534, -0.00698674, -0.04335374, -0.04708151, -0.05613932, 0.03679801, 0.03821634, 0.00000000, 0.00000000, 0.00000000, 0.00000000
4, 0.1050, 23, 0.16181818, 0.94633931, -0.26571792, -1.63143313, -6.66441441, -3.59184122, -41.59602356, 49.42998886, -31.39432907, -0.61641639, -2.07859707, 15.35578346, 1.00000000, 0.00000000, 0.00000000, 0.00000000, -0.01486949, -0.01001580, -0.00356341, 101.51500702, -15.80459404, 35.32999802, 0.00000000
4, 0.1075, 24, 0.16341868, 0.94270778, -0.26722831, -1.77620006, -6.32209587, -3.44288421, -41.59602356, 49.42998886, -31.39432907, -0.61894923, -2.09128523, 15.36915684, 1.00000000, 0.00000000, 0.00000000, 0.00000000, -0.01722153, -0.00747119, -0.00624518, 101.51500702, -15.80459404, 35.32999802, 0.00000000
4, 0.1100, 25, 0.16588505, 0.94088292, -0.26725006, -1.70827651, -5.98149967, -3.15893102, -41.59602356, 49.42998886, -31.39432907, -0.62141156, -2.10304976, 15.38187981, 1.00000000, 0.00000000, 0.00000000, 0.00000000, -0.02017076, -0.00687719, -0.00749456, 101.51500702, -15.80459404, 35.32999802, 0.00000000
2, 0.0600, 6, 1.05376720, 0.27917019, 0.09182701, 1.05772340, -31.84523392, 4.01652241, -37.53288651, 32.73896408, -49.83922958, 1.27865207, 5.12102699, 5.55211020, 0.99779123, -0.00897033, -0.04515916, -0.04788306, -0.11273001, 0.04312686, 0.07765123, 0.00000000, 0.00000000, 0.00000000, 0.00000000
2, 0.0700, 7, 1.00059927, 0.30668905, 0.12216327, 1.29550326, -43.38852310, 9.94264984, -36.71440887, 32.62203979, -49.98538208, 1.58712494, 5.42461348, 5.68904161, 0.99758583, -0.01146915, -0.04794469, -0.04891092, -0.04957179, 0.02588052, 0.04738063, 0.00000000, 0.00000000, 0.00000000, 0.00000000
2, 0.0800, 8, 0.99445939, 0.30813777, 0.13888244, 0.67287660, -41.28464508, 13.41722870, -36.77287292, 32.50511551, -50.95001221, 1.86062789, 5.74693155, 5.81814432, 0.99736553, -0.01365118, -0.05088218, -0.04986769, -0.03251868, 0.00717786, 0.04678594, 0.00000000, 0.00000000, 0.00000000, 0.00000000
2, 0.0900, 9, 1.01664364, 0.29364750, 0.12947929, 0.15377180, -36.38103867, 14.93124104, -36.77287292, 32.50511551, -50.95001221, 2.02541423, 6.62384224, 5.90814924, 0.99690014, -0.01464435, -0.05859527, -0.05042166, -0.04978833, 0.00396843, 0.06019831, 0.00000000, 0.00000000, 0.00000000, 0.00000000
2, 0.1000, 10, 1.04502571, 0.28317308, 0.14952229, -0.19286673, -34.65220261, 16.47589684, -36.33440399, 32.76819611, -50.39462280, 2.22986722, 6.93861485, 6.01555490, 0.99666536, -0.01622096, -0.06143814, -0.05118956, -0.04829236, -0.02142599, 0.08781092, 0.00000000, 0.00000000, 0.00000000, 0.00000000
2, 0.1100, 11, 1.07729197, 0.27763218, 0.18696858, -1.01614034, -34.58275223, 20.03353119, -36.01286316, 32.21280289, -51.15463257, 2.41468239, 7.28325605, 6.12459564, 0.99640608, -0.01760558, -0.06453417, -0.05196562, -0.04366422, -0.05979212, 0.12394057, 0.00000000, 0.00000000, 0.00000000, 0.00000000
4, 0.1125, 26, 0.16587652, 0.93971306, -0.27068150, -1.85358989, -5.57021093, -3.00870299, -41.59602356, 49.42998886, -31.39432907, -0.62435699, -2.11416936, 15.39381409, 1.00000000, 0.00000000, 0.00000000, 0.00000000, -0.02037861, -0.00320263, -0.00760827, 101.51500702, -15.80459404, 35.32999802, 0.00000000
4, 0.1150, 27, 0.16586597, 0.94061840, -0.27445161, -1.92966950, -4.95295191, -2.78640246, -41.59602356, 49.42998886, -31.39432907, -0.62767994, -2.12431240, 15.40448570, 1.00000000, 0.00000000, 0.00000000, 0.00000000, -0.02018487, 0.00019971, -0.00567455, 101.51500702, -15.80459404, 35.32999802, 0.00000000
4, 0.1175, 28, 0.16560611, 0.94117367, -0.27932456, -1.72018492, -4.53974438, -2.71355772, -41.97602844, 50.24846649, -31.33586693, -0.63063359, -2.13399911, 15.41412354, 1.00000000, 0.00000000, 0.00000000, 0.00000000, -0.01974074, 0.00475241, -0.00380105, 101.51500702, -15.80459404, 35.32999802, 0.00000000
4, 0.1200, 29, 0.16608125, 0.94308943, -0.28564292, -1.65390027, -3.99223518, -2.42579031, -41.97602844, 50.24846649, -31.33586693, -0.63358337, -2.14261055, 15.42263889, 1.00000000, 0.00000000, 0.00000000, 0.00000000, -0.01968419, 0.01029272, -0.00010083, 101.51500702, -15.80459404, 35.32999802, 0.00000000
2, 0.1200, 12, 1.10592914, 0.27589306, 0.19071561, -2.48320723, -36.94459534, 24.68801880, -36.01286316, 32.12511063, -50.95001221, 2.59268689, 7.67908335, 6.24890995, 0.99609995, -0.01889033, -0.06807616, -0.05285606, -0.04928090, -0.06692220, 0.15086648, 0.00000000, 0.00000000, 0.00000000, 0.00000000
4, 0.1225, 30, 0.16853695, 0.94423491, -0.28904158, -1.44736445, -3.23748827, -2.13725066, -41.97602844, 50.24846649, -31.33586693, -0.63626879, -2.14999247, 15.42947960, 1.00000000, 0.00000000, 0.00000000, 0.00000000, -0.02184430, 0.01325842, 0.00240376, 101.51500702, -15.80459404, 35.32999802, 0.00000000
2, 0.1300, 13, 1.12110138, 0.28262758, 0.20622553, -0.92167485, -40.52171326, 30.81608391, -35.77901077, 31.83279800, -51.53463745, 2.77661347, 8.14607906, 6.36358261, 0.99573988, -0.02018850, -0.07223912, -0.05362952, -0.03594330, -0.07993829, 0.17167076, 0.00000000, 0.00000000, 0.00000000, 0.00000000
2, 0.1400, 14, 1.16836333, 0.27532083, 0.21569790, 0.09652274, -46.42270660, 40.22588348, -35.77901077, 31.83279800, -51.53463745, 2.09549570, 8.96244907, 6.15261078, 0.99541664, -0.01401112, -0.07898507, -0.05206621, -0.04761371, -0.09121266, 0.21506716, 0.00000000, 0.00000000, 0.00000000, 0.00000000
2, 0.1500, 15, 1.20066738, 0.29081708, 0.12020306, 3.65705085, -57.88768768, 52.30417252, -35.72055054, 31.56971550, -51.76848984, 2.33504367, 9.70451736, 6.25027132, 0.99482173, -0.01566203, -0.08555017, -0.05258924, -0.07876928, 0.00642681, 0.23073077, 0.00000000, 0.00000000, 0.00000000, 0.00000000
2, 0.1600, 16, 1.21550846, 0.28134575, 0.04014790, 11.25184631, -70.34116364, 62.87668228, -34.93130493, 31.54048538, -51.76848984, 2.65082860, 10.60236359, 6.31270504, 0.99406403, -0.01791112, -0.09349441, -0.05267686, -0.11487995, 0.06568155, 0.22547248, 0.00000000, 0.00000000, 0.00000000, 0.00000000
4, 0.1250, 31, 0.17036508, 0.94689584, -0.29632488, -1.16926503, -2.55044389, -1.92128217, -41.97602844, 50.24846649, -31.33586693, -0.42637876, -1.90572989, 15.43213844, 1.00000000, 0.00000000, 0.00000000, 0.00000000, -0.01852443, 0.01579486, 0.00713806, 101.51500702, -15.80459404, 35.32999802, 0.00000000
4, 0.1275, 32, 0.17121275, 0.94989061, -0.30140868, -0.67792863, -1.93409181, -1.57158792, -41.97602844, 50.24846649, -31.33586693, -0.42753232, -1.91086578, 15.43591499, 1.00000000, 0.00000000, 0.00000000, 0.00000000, -0.01864978, 0.01980894, 0.01156590, 101.51500702, -15.80459404, 35.32999802, 0.00000000
2, 0.1700, 17, 1.15558970, 0.28567901, -0.03529150, 22.21422577, -73.30826569, 70.20394897, -34.52206802, 31.51125336, -52.44080734, 2.98597407, 11.58306694, 6.27877426, 0.99320936, -0.02035825, -0.10214322, -0.05184197, -0.10365684, 0.12717019, 0.15977864, 0.00000000, 0.00000000, 0.00000000, 0.00000000
2, 0.1800, 18, 1.19502914, 0.25067663, -0.08497452, 30.32693863, -60.57709503, 73.56976318, -33.99590683, 30.72201157, -52.67465591, 3.21502161, 12.53493786, 6.11700916, 0.99237996, -0.02202274, -0.11045932, -0.04995769, -0.15419050, 0.14735924, 0.17481953, 0.00000000, 0.00000000, 0.00000000, 0.00000000
2, 0.1900, 19, 1.28756475, 0.16752340, -0.05199415, 30.54833603, -50.15189362, 77.77996826, -33.99590683, 30.72201157, -52.67465591, 3.75907063, 14.97290707, 6.57067537, 0.98955864, -0.02500235, -0.13187121, -0.05252314, -0.22136198, 0.07246455, 0.23976719, 0.00000000, 0.00000000, 0.00000000, 0.00000000
2, 0.2000, 20, 1.31530535, 0.13830417, -0.01302082, 27.52268791, -48.67156219, 84.05202484, -32.97281647, 30.48816109, -53.49312973, 3.81785846, 15.95864868, 6.37610340, 0.98849404, -0.02522165, -0.14035854, -0.05042735, -0.20288661, 0.01802517, 0.27188972, 0.00000000, 0.00000000, 0.00000000, 0.00000000
2, 0.2100, 21, 1.41275048, 0.12723809, 0.05241253, 29.12207794, -49.21360779, 96.57727814, -31.71587181, 30.16661835, -53.75621033, 3.81689548, 17.05744362, 6.14694214, 0.98723626, -0.02493970, -0.14977549, -0.04806230, -0.20622991, -0.04400561, 0.37510908, 0.00000000, 0.00000000, 0.00000000, 0.00000000
2, 0.2200, 22, 1.47131598, 0.11100994, 0.10845107, 28.99188232, -51.51437759, 114.69326782, -31.45279121, 28.90967560, -54.72084045, 3.73869181, 18.32526970, 5.89523888, 0.98567659, -0.02397751, -0.16059805, -0.04555228, -0.19842300, -0.09924776, 0.44038635, 0.00000000, 0.00000000, 0.00000000, 0.00000000
2, 0.2300, 23, 1.61617005, 0.09473840, 0.04799777, 30.93694687, -60.98468781, 135.77845764, -30.72201157, 26.77579689, -55.01315308, 3.63336253, 19.82371521, 5.62433720, 0.98366070, -0.02275003, -0.17337134, -0.04285493, -0.27862328, -0.05340900, 0.55894822, 0.00000000, 0.00000000, 0.00000000, 0.00000000
2, 0.2400, 24, 1.68122566, 0.08751002, -0.03693806, 33.09810257, -71.72434998, 154.04994202, -30.72201157, 26.77579689, -55.01315308, 3.67088723, 22.08893013, 5.56967402, 0.98011488, -0.02209594, -0.19277358, -0.04153252, -0.32247925, 0.01756448, 0.60656703, 0.00000000, 0.00000000, 0.00000000, 0.00000000
4, 0.1775, 33, 0.17217433, 0.92257464, -0.31628585, 7.28789806, -4.70339775, 0.02151921, -42.29757309, 49.89768982, -31.33586693, 0.31352934, -1.65715468, 15.45725822, 1.00000000, 0.00000000, 0.00000000, 0.00000000, -0.01917494, 0.02905493, -0.00985077, 101.51500702, -15.80459404, 35.32999802, 0.00000000
4, 0.1800, 34, 0.17217433, 0.92257464, -0.31628585, 7.28789806, -4.70339775, 0.02151921, -42.29757309, 49.89768982, -31.33586693, 0.33328506, -1.66056442, 15.46497631, 1.00000000, 0.00000000, 0.00000000, 0.00000000, -0.01923444, 0.02871035, -0.00984721, 101.51500702, -15.80459404, 35.32999802, 0.00000000
4, 0.1825, 35, 0.17418244, 0.92202443, -0.30299312, 6.17561054, -7.52717352, -0.42494774, -42.20988083, 50.27769470, -31.36509705, 0.35129055, -1.66714048, 15.47949505, 1.00000000, 0.00000000, 0.00000000, 0.00000000, -0.02212923, 0.01583711, -0.01378796, 101.51500702, -15.80459404, 35.32999802, 0.00000000
4, 0.1850, 36, 0.17418244, 0.92202443, -0.30299312, 6.17561054, -7.52717352, -0.42494774, -42.20988083, 50.27769470, -31.36509705, 0.36928302, -1.67371833, 15.49403000, 1.00000000, 0.00000000, 0.00000000, 0.00000000, -0.02224396, 0.01552316, -0.01378260, 101.51500702, -15.80459404, 35.32999802, 0.00000000
4, 0.1875, 37, 0.17457946, 0.92297536, -0.29261014, 5.33712626, -9.11103535, -0.71505618, -42.20988083, 50.27769470, -31.36509705, 0.38576826, -1.68217289, 15.51243591, 1.00000000, 0.00000000, 0.00000000, 0.00000000, -0.02316877, 0.00502439, -0.01577517, 101.51500702, -15.80459404, 35.32999802, 0.00000000
4, 0.1900, 38, 0.17126429, 0.92460442, -0.28734571, 4.70586729, -10.00690937, -0.85745507, -42.20988083, 50.27769470, -31.36509705, 0.40100959, -1.69163871, 15.53314304, 1.00000000, 0.00000000, 0.00000000, 0.00000000, -0.02006980, -0.00075204, -0.01634896, 101.51500702, -15.80459404, 35.32999802, 0.00000000
4, 0.1925, 39, 0.17127270, 0.93038958, -0.28299946, 4.21369410, -10.55871105, -0.92676002, -42.20988083, 50.27769470, -31.36509705, 0.41521922, -1.70168459, 15.55531883, 1.00000000, 0.00000000, 0.00000000, 0.00000000, -0.01946871, -0.00683979, -0.01214074, 101.51500702, -15.80459404, 35.32999802, 0.00000000
2, 0.2500, 25, 1.67757130, 0.06466428, -0.14629720, 47.30578613, -65.04368591, 173.18334961, -29.78661156, 27.71119499, -55.42238998, 3.39178300, 23.94174767, 5.07690048, 0.97713703, -0.01974025, -0.20840229, -0.03717536, -0.35294762, 0.10252289, 0.58485049, 0.00000000, 0.00000000, 0.00000000, 0.00000000
4, 0.1950, 40, 0.17226213, 0.93098027, -0.28164873, 4.07726812, -11.24874306, -0.93643087, -41.82987213, 50.16077042, -31.18971062, 0.42933947, -1.71227586, 15.57915115, 1.00000000, 0.00000000, 0.00000000, 0.00000000, -0.02059441, -0.00855031, -0.01178196, 101.51500702, -15.80459404, 35.32999802, 0.00000000
4, 0.1975, 41, 0.17127620, 0.93243569, -0.28126445, 4.01000214, -11.73390961, -0.80424935, -41.82987213, 50.16077042, -31.18971062, 0.44349152, -1.72292161, 15.60426235, 1.00000000, 0.00000000, 0.00000000, 0.00000000, -0.01957571, -0.00958768, -0.01069648, 101.51500702, -15.80459404, 35.32999802, 0.00000000
4, 0.2000, 42, 0.17214946, 0.93128908, -0.27761874, 3.87051487, -12.00680542, -1.01563179, -41.82987213, 50.16077042, -31.18971062, 0.45736259, -1.73427188, 15.62991619, 1.00000000, 0.00000000, 0.00000000, 0.00000000, -0.02102823, -0.01298480, -0.01264818, 101.51500702, -15.80459404, 35.32999802, 0.00000000
4, 0.2275, 43, 0.18052708, 0.94492102, -0.27657732, 3.73125124, -12.43089771, -0.39220139, -42.06372452, 47.47150040, -31.56971550, 0.38274437, -1.56348622, 15.89749432, 1.00000000, 0.00000000, 0.00000000, 0.00000000, -0.02394399, -0.01664175, 0.00131925, 101.51500702, -15.80459404, 35.32999802, 0.00000000
4, 0.2300, 44, 0.18200006, 0.94446915, -0.27902192, 3.51772475, -12.36462498, -0.24680917, -42.06372452, 47.47150040, -31.56971550, 0.39605281, -1.57324564, 15.92471600, 1.00000000, 0.00000000, 0.00000000, 0.00000000, -0.02551110, -0.01440343, 0.00186945, 101.51500702, -15.80459404, 35.32999802, 0.00000000
4, 0.2325, 45, 0.18372308, 0.94667065, -0.27960131, 3.73198175, -12.57436275, -0.04584597, -41.53756332, 49.78076553, -31.16047859, 0.40996906, -1.58268201, 15.95248222, 1.00000000, 0.00000000, 0.00000000, 0.00000000, -0.02695181, -0.01473168, 0.00442822, 101.51500702, -15.80459404, 35.32999802, 0.00000000
4, 0.2350, 46, 0.18556893, 0.94656724, -0.28082097, 3.73354864, -12.78238010, 0.02011998, -41.53756332, 49.78076553, -31.16047859, 0.42397952, -1.59213328, 15.98077679, 1.00000000, 0.00000000, 0.00000000, 0.00000000, -0.02888419, -0.01377895, 0.00502472, 101.51500702, -15.80459404, 35.32999802, 0.00000000
4, 0.2375, 47, 0.18618183, 0.94634289, -0.28216535, 3.73442411, -12.92363453, 0.22691621, -41.53756332, 49.78076553, -31.16047859, 0.43806809, -1.60119748, 16.00956154, 1.00000000, 0.00000000, 0.00000000, 0.00000000, -0.02961246, -0.01267312, 0.00531664, 101.51500702, -15.80459404, 35.32999802, 0.00000000
2, 0.2600, 26, 1.74384475, -0.02104978, -0.22906643, 59.83469772, -57.29949570, 192.50463867, -27.88658333, 25.10961723, -56.06547546, 2.91225123, 25.92815399, 4.36752844, 0.97370601, -0.01620011, -0.22504835, -0.03142473, -0.45539203, 0.13719071, 0.60749114, 0.00000000, 0.00000000, 0.00000000, 0.00000000
2, 0.2700, 27, 1.80587471, -0.14462656, -0.24219866, 65.20519257, -62.13925171, 213.24046326, -27.33119011, 24.61268616, -56.97164536, 2.32603860, 28.11471367, 3.54913497, 0.96954077, -0.01215970, -0.24333625, -0.02510586, -0.55117762, 0.09501474, 0.62992835, 0.00000000, 0.00000000, 0.00000000, 0.00000000
4, 0.2400, 48, 0.18556571, 0.94840568, -0.28165075, 3.73537207, -13.06378651, 0.36393303, -41.53756332, 49.78076553, -31.16047859, 0.45221493, -1.61004579, 16.03876686, 1.00000000, 0.00000000, 0.00000000, 0.00000000, -0.02882614, -0.01401178, 0.00700295, 101.51500702, -15.80459404, 35.32999802, 0.00000000
4, 0.2425, 49, 0.18655212, 0.95168388, -0.28087464, 3.95195961, -13.54719830, 0.42025205, -41.53756332, 49.78076553, -31.16047859, 0.46707833, -1.61912692, 16.06905937, 1.00000000, 0.00000000, 0.00000000, 0.00000000, -0.02941967, -0.01596640, 0.01005221, 101.51500702, -15.80459404, 35.32999802, 0.00000000
4, 0.2450, 50, 0.18616900, 0.95223910, -0.28574771, 3.95195961, -13.54719830, 0.42025205, -42.03449249, 50.59923935, -31.59894753, 0.48194280, -1.62821913, 16.09933853, 1.00000000, 0.00000000, 0.00000000, 0.00000000, -0.02884410, -0.01172424, 0.01190286, 101.51500702, -15.80459404, 35.32999802, 0.00000000
2, 0.2800, 28, 1.78475881, -0.23201457, -0.20777120, 71.27299500, -65.78292847, 233.37112427, -25.28500366, 22.24495697, -57.87781143, 1.60619462, 30.48744011, 2.59417057, 0.96455771, -0.00756850, -0.26313832, -0.01815361, -0.55840665, 0.03169218, 0.60463023, 0.00000000, 0.00000000, 0.00000000, 0.00000000
2, 0.2900, 29, 1.75077045, -0.28654844, -0.21977328, 77.53869629, -69.63308716, 250.17645264, -25.28500366, 22.24495697, -57.87781143, 0.83321047, 33.99277496, 1.71245801, 0.95622301, -0.00258469, -0.29237485, -0.01216522, -0.55075347, 0.02645901, 0.57509512, 0.00000000, 0.00000000, 0.00000000, 0.00000000
2, 0.3000, 30, 1.75793910, -0.38530001, -0.19751190, 83.63196564, -73.84953308, 272.08282471, -24.58345413, 21.19263268, -58.90090561, -0.23748490, 36.71531296, 0.40491131, 0.94909889, 0.00307983, -0.31493801, -0.00400639, -0.57125229, -0.02935522, 0.58220476, 0.00000000, 0.00000000, 0.00000000, 0.00000000
2, 0.3100, 31, 1.79381073, -0.47172174, -0.19274800, 85.99632263, -84.56729126, 298.89886475, -23.47266769, 19.08798599, -60.04092407, -1.49988580, 39.70021057, -1.08017588, 0.94050384, 0.00910990, -0.33963242, 0.00442117, -0.61152202, -0.06116833, 0.61366475, 0.00000000, 0.00000000, 0.00000000, 0.00000000
4, 0.2475, 51, 0.18652533, 0.95498151, -0.29022527, 4.30927229, -13.89344597, 0.54585189, -42.03449249, 50.59923935, -31.59894753, 0.49782044, -1.63727331, 16.13035011, 1.00000000, 0.00000000, 0.00000000, 0.00000000, -0.02863152, -0.00851391, 0.01583368, 101.51500702, -15.80459404, 35.32999802, 0.00000000
4, 0.2500, 52, 0.18430538, 0.95583582, -0.29046008, 4.38083601, -13.96114922, 0.47328043, -42.03449249, 50.59923935, -31.59894753, 0.51389545, -1.64656198, 16.16143417, 1.00000000, 0.00000000, 0.00000000, 0.00000000, -0.02644865, -0.00881790, 0.01630368, 101.51500702, -15.80459404, 35.32999802, 0.00000000
4, 0.2525, 53, 0.18541694, 0.95740420, -0.28934038, 4.66509056, -14.03057384, 0.53570616, -42.03449249, 50.59923935, -31.59894753, 0.53069508, -1.65575838, 16.19260216, 1.00000000, 0.00000000, 0.00000000, 0.00000000, -0.02748595, -0.01063814, 0.01767047, 101.51500702, -15.80459404, 35.32999802, 0.00000000
2, 0.3200, 32, 1.77513587, -0.52539575, -0.20655182, 91.78799438, -95.19511414, 324.03619385, -21.86495209, 16.48640823, -61.15171051, -3.01027298, 42.92360687, -2.83407712, 0.93029380, 0.01539289, -0.36624724, 0.01339933, -0.60931265, -0.05901186, 0.60964000, 0.00000000, 0.00000000, 0.00000000, 0.00000000
2, 0.3300, 33, 1.75685394, -0.58897936, -0.22075421, 100.58017731, -99.07661438, 345.21832275, -20.25723457, 12.80327415, -62.08710861, -4.90953445, 46.30033112, -4.99461508, 0.91849518, 0.02222998, -0.39412439, 0.02320457, -0.61493975, -0.05946465, 0.60726714, 0.00000000, 0.00000000, 0.00000000, 0.00000000
2, 0.3400, 34, 1.62936187, -0.63410056, -0.23917449, 111.36563110, -99.49346161, 359.13159180, -20.25723457, 12.80327415, -62.08710861, -7.11903667, 49.60675812, -7.44577885, 0.90578085, 0.02905286, -0.42147210, 0.03283736, -0.56233853, -0.04497037, 0.51665527, 0.00000000, 0.00000000, 0.00000000, 0.00000000
4, 0.2550, 54, 0.18418492, 0.95667106, -0.28922918, 4.66625547, -14.16740990, 0.46338415, -42.03449249, 50.59923935, -31.59894753, 0.54753953, -1.66524386, 16.22403145, 1.00000000, 0.00000000, 0.00000000, 0.00000000, -0.02657499, -0.01082519, 0.01673046, 101.51500702, -15.80459404, 35.32999802, 0.00000000
4, 0.2575, 55, 0.18220609, 0.95476073, -0.29206219, 5.02331114, -14.44026947, 0.31113693, -40.86524200, 50.59923935, -32.12511063, 0.56534266, -1.67529666, 16.25582123, 1.00000000, 0.00000000, 0.00000000, 0.00000000, -0.02498977, -0.00786981, 0.01538770, 101.51500702, -15.80459404, 35.32999802, 0.00000000
4, 0.2600, 56, 0.18208930, 0.95169073, -0.29027274, 4.81171322, -14.57648945, 0.17359720, -40.86524200, 50.59923935, -32.12511063, 0.58264840, -1.68579316, 16.28791618, 1.00000000, 0.00000000, 0.00000000, 0.00000000, -0.02569305, -0.00899175, 0.01197582, 101.51500702, -15.80459404, 35.32999802, 0.00000000
4, 0.2625, 57, 0.17889658, 0.94676656, -0.28668061, 4.88513470, -14.84778881, -0.11212661, -40.86524200, 50.59923935, -32.12511063, 0.60020316, -1.69718456, 16.32041550, 1.00000000, 0.00000000, 0.00000000, 0.00000000, -0.02381032, -0.01130397, 0.00574089, 101.51500702, -15.80459404, 35.32999802, 0.00000000
4, 0.2650, 58, 0.17360206, 0.94248050, -0.28527799, 4.88848495, -15.26050758, -0.18953343, -40.86524200, 50.59923935, -32.12511063, 0.61790490, -1.70908046, 16.35379982, 1.00000000, 0.00000000, 0.00000000, 0.00000000, -0.01964134, -0.01170910, 0.00034604, 101.51500702, -15.80459404, 35.32999802, 0.00000000
4, 0.2675, 59, 0.17151316, 0.94025820, -0.28323519, 4.75125504, -15.80818081, -0.47578019, -40.86524200, 50.59923935, -32.12511063, 0.63543057, -1.72208774, 16.38832474, 1.00000000, 0.00000000, 0.00000000, 0.00000000, -0.01831432, -0.01332356, -0.00270119, 101.51500702, -15.80459404, 35.32999802, 0.00000000
4, 0.2700, 60, 0.16449940, 0.93654400, -0.27926460, 4.68558931, -16.42355537, -0.83459854, -41.65448761, 50.54077530, -31.74510384, 0.65297210, -1.73641670, 16.42405319, 1.00000000, 0.00000000, 0.00000000, 0.00000000, -0.01253436, -0.01634934, -0.00860596, 101.51500702, -15.80459404, 35.32999802, 0.00000000
2, 0.3500, 35, 1.55600691, -0.66388905, -0.26792461, 123.83840942, -92.22481537, 370.89755249, -20.22800255, 9.14937115, -63.81174850, -10.22629547, 52.98631287, -10.84697533, 0.89119327, 0.03741165, -0.44986555, 0.04467550, -0.52953464, -0.01170361, 0.48106194, 0.00000000, 0.00000000, 0.00000000, 0.00000000
2, 0.3600, 36, 1.55358374, -0.70297909, -0.23760302, 134.80612183, -88.61247253, 380.15496826, -19.43876076, 5.61239386, -64.45483398, -14.18650627, 56.26061630, -15.12047672, 0.87518084, 0.04639477, -0.47813028, 0.05742505, -0.51031750, -0.02934523, 0.52365077, 0.00000000, 0.00000000, 0.00000000, 0.00000000
2, 0.3700, 37, 1.51529276, -0.73327148, -0.18384969, 142.53285217, -89.09986877, 390.65731812, -18.56182289, 2.74773455, -64.95176697, -19.18245888, 59.39561844, -20.44703674, 0.85756034, 0.05573144, -0.50643247, 0.07078444, -0.46174523, -0.06059732, 0.54605740, 0.00000000, 0.00000000, 0.00000000, 0.00000000
2, 0.3800, 38, 1.42010355, -0.76066560, -0.10977080, 147.03961182, -85.74938965, 399.68411255, -18.56182289, 2.74773455, -64.95176697, -25.49037552, 62.26586914, -27.05780792, 0.83839720, 0.06562971, -0.53446984, 0.08440953, -0.38126728, -0.10591006, 0.52618903, 0.00000000, 0.00000000, 0.00000000, 0.00000000
4, 0.3600, 61, 0.25694481, 0.92299926, -0.37720194, 18.45592690, -18.75921440, 8.94775486, -42.29757309, 50.01461411, -31.83279800, 2.06753540, -1.40504241, 17.53105354, 1.00000000, 0.00000000, 0.00000000, 0.00000000, -0.09477960, 0.05662179, 0.02403609, 101.51500702, -15.80459404, 35.32999802, 0.00000000
4, 0.3625, 62, 0.24608965, 0.92521632, -0.37950087, 18.03416061, -19.39639282, 9.92235279, -42.29757309, 50.01461411, -31.83279800, 2.12060928, -1.39702833, 17.57580757, 1.00000000, 0.00000000, 0.00000000, 0.00000000, -0.08345693, 0.05725171, 0.02481503, 101.51500702, -15.80459404, 35.32999802, 0.00000000
4, 0.3650, 63, 0.24078888, 0.92922091, -0.37872100, 17.46744156, -19.61676216, 10.69827843, -42.29757309, 50.01461411, -31.83279800, 2.17245603, -1.38740480, 17.62195396, 1.00000000, 0.00000000, 0.00000000, 0.00000000, -0.07741639, 0.05443746, 0.02741516, 101.51500702, -15.80459404, 35.32999802, 0.00000000
4, 0.3675, 64, 0.23770405, 0.92947775, -0.37981850, 17.11220741, -19.62530899, 11.19433975, -42.29757309, 50.01461411, -31.83279800, 2.22350454, -1.37667763, 17.66869164, 1.00000000, 0.00000000, 0.00000000, 0.00000000, -0.07409307, 0.05452282, 0.02743341, 101.51500702, -15.80459404, 35.32999802, 0.00000000
2, 0.3900, 39, 1.34538078, -0.89079279, -0.12619624, 142.94033813, -83.75407410, 405.72915649, -18.79567337, -1.90002918, -65.97486115, -30.65173149, 63.49088669, -32.67335892, 0.82615572, 0.07295953, -0.55017054, 0.09724319, -0.43812555, -0.12637413, 0.46221367, 0.00000000, 0.00000000, 0.00000000, 0.00000000
2, 0.4000, 40, 1.21102607, -0.91518223, -0.22745477, 136.45397949, -83.76535034, 407.49426270, -19.38029861, -4.96930695, -66.67640686, -39.16745758, 65.67978668, -41.40018463, 0.80473530, 0.08283857, -0.57748485, 0.10977346, -0.43476894, -0.02337532, 0.35336816, 0.00000000, 0.00000000, 0.00000000, 0.00000000
2, 0.4100, 41, 1.01671815, -0.93811494, -0.27026135, 131.08500671, -81.70831299, 406.38784790, -19.61414719, -8.91552162, -67.31949615, -49.02680206, 67.25866699, -51.42486572, 0.78226554, 0.09264056, -0.60388654, 0.12165283, -0.37454510, 0.03378098, 0.22582135, 0.00000000, 0.00000000, 0.00000000, 0.00000000
4, 0.3700, 65, 0.22686015, 0.92629242, -0.37901652, 17.11141014, -19.63746262, 11.96191502, -42.29757309, 50.01461411, -31.83279800, 2.27463174, -1.36417723, 17.71609306, 1.00000000, 0.00000000, 0.00000000, 0.00000000, -0.06381813, 0.05378941, 0.02224678, 101.51500702, -15.80459404, 35.32999802, 0.00000000
4, 0.3725, 66, 0.21503222, 0.92528123, -0.37696680, 17.32145119, -19.44773865, 13.07763958, -41.91756821, 49.98538208, -31.39432907, 2.32636046, -1.34893179, 17.76387024, 1.00000000, 0.00000000, 0.00000000, 0.00000000, -0.05221231, 0.05121998, 0.01856793, 101.51500702, -15.80459404, 35.32999802, 0.00000000
4, 0.3750, 67, 0.21344694, 0.92531133, -0.37050185, 17.31756020, -19.12056160, 14.20046902, -41.91756821, 49.98538208, -31.39432907, 2.84283018, -0.78458714, 17.83361244, 1.00000000, 0.00000000, 0.00000000, 0.00000000, -0.04114578, 0.03601377, 0.01668161, 101.51500702, -15.80459404, 35.32999802, 0.00000000
4, 0.3775, 68, 0.21383460, 0.92546117, -0.36378947, 17.59668541, -18.72707748, 15.52782536, -41.91756821, 49.98538208, -31.39432907, 2.89572096, -0.76342773, 17.88178062, 1.00000000, 0.00000000, 0.00000000, 0.00000000, -0.04148954, 0.02862545, 0.01501727, 101.51500702, -15.80459404, 35.32999802, 0.00000000
4, 0.3800, 69, 0.21532583, 0.92369926, -0.35966328, 17.87519264, -18.26572800, 16.92623520, -41.91756821, 49.98538208, -31.39432907, 2.94930458, -0.73863852, 17.92994308, 1.00000000, 0.00000000, 0.00000000, 0.00000000, -0.04305252, 0.02425521, 0.01249720, 101.51500702, -15.80459404, 35.32999802, 0.00000000
4, 0.3825, 70, 0.21571210, 0.92652798, -0.35291559, 18.58010101, -17.94686508, 18.66187096, -41.91756821, 49.98538208, -31.39432907, 3.00472403, -0.70952070, 17.97851944, 1.00000000, 0.00000000, 0.00000000, 0.00000000, -0.04278722, 0.01601042, 0.01334518, 101.51500702, -15.80459404, 35.32999802, 0.00000000
4, 0.4475, 71, 0.54890335, 0.83296794, -0.42179343, 37.21976089, 11.64810276, 77.78147888, -39.52060699, 49.13768005, -33.06050873, 5.43058634, 4.85291338, 18.63200951, 1.00000000, 0.00000000, 0.00000000, 0.00000000, -0.28609478, 0.06721889, 0.01281512, 101.51500702, -15.80459404, 35.32999802, 0.00000000
4, 0.4500, 72, 0.55640197, 0.83939731, -0.42828980, 38.20557785, 12.15574741, 80.70109558, -39.52060699, 49.13768005, -33.06050873, 5.53257370, 5.05276346, 18.66286659, 1.00000000, 0.00000000, 0.00000000, 0.00000000, -0.28851444, 0.06983005, 0.02256435, 101.51500702, -15.80459404, 35.32999802, 0.00000000
4, 0.4525, 73, 0.56526232, 0.84470439, -0.43284768, 39.40237045, 12.86747742, 83.82930756, -39.52060699, 49.13768005, -33.06050873, 5.63781071, 5.26052713, 18.69489288, 1.00000000, 0.00000000, 0.00000000, 0.00000000, -0.29243699, 0.07086000, 0.03098765, 101.51500702, -15.80459404, 35.32999802, 0.00000000
4, 0.4550, 74, 0.57188529, 0.84864944, -0.44462362, 40.45720291, 13.57777882, 87.03034973, -39.52060699, 49.13768005, -33.06050873, 5.74600458, 5.47634315, 18.72824478, 1.00000000, 0.00000000, 0.00000000, 0.00000000, -0.29387537, 0.07914533, 0.03981572, 101.51500702, -15.80459404, 35.32999802, 0.00000000
4, 0.4575, 75, 0.58282071, 0.85030091, -0.45764580, 41.51055527, 14.49719715, 90.09564209, -39.52060699, 49.13768005, -33.06050873, 5.85699558, 5.70010424, 18.76240730, 1.00000000, 0.00000000, 0.00000000, 0.00000000, -0.29975280, 0.08924603, 0.04767041, 101.51500702, -15.80459404, 35.32999802, 0.00000000
2, 0.4200, 42, 0.91408449, -0.94826454, -0.29611051, 123.08758545, -75.73677063, 403.99273682, -20.52031517, -12.56942368, -66.91026306, -59.86907578, 68.10681915, -62.34689713, 0.75895500, 0.10255203, -0.62920177, 0.13257280, -0.34197178, 0.08191225, 0.19002408, 0.00000000, 0.00000000, 0.00000000, 0.00000000
4, 0.4600, 76, 0.58919972, 0.85738969, -0.46779454, 42.27628708, 15.89875984, 93.17591095, -39.52060699, 49.13768005, -33.03127670, 5.96978664, 5.93229485, 18.79642677, 1.00000000, 0.00000000, 0.00000000, 0.00000000, -0.30020463, 0.09499099, 0.05901879, 101.51500702, -15.80459404, 35.32999802, 0.00000000
4, 0.4625, 77, 0.60457104, 0.86378968, -0.48050603, 43.53823471, 17.37264633, 96.10724640, -38.70213318, 49.31306458, -33.03127670, 6.08548880, 6.17265415, 18.82984161, 1.00000000, 0.00000000, 0.00000000, 0.00000000, -0.30933976, 0.10334323, 0.07214317, 101.51500702, -15.80459404, 35.32999802, 0.00000000
4, 0.4650, 78, 0.61068898, 0.86257529, -0.49784049, 44.58932114, 18.56684494, 99.24739838, -38.70213318, 49.31306458, -33.03127670, 6.20385647, 6.42138910, 18.86362076, 1.00000000, 0.00000000, 0.00000000, 0.00000000, -0.31032693, 0.11829197, 0.07776960, 101.51500702, -15.80459404, 35.32999802, 0.00000000
4, 0.4675, 79, 0.62197983, 0.87304574, -0.51440620, 46.06428909, 19.96672440, 102.52180481, -38.70213318, 49.31306458, -33.03127670, 6.32580137, 6.67902660, 18.89727402, 1.00000000, 0.00000000, 0.00000000, 0.00000000, -0.31423458, 0.12905395, 0.09516433, 101.51500702, -15.80459404, 35.32999802, 0.00000000
4, 0.4700, 80, 0.63734692, 0.87643230, -0.52935338, 47.32703781, 21.29825020, 105.72972107, -38.70213318, 49.31306458, -33.03127670, 6.45086193, 6.94533443, 18.93104362, 1.00000000, 0.00000000, 0.00000000, 0.00000000, -0.32333252, 0.14027947, 0.10623053, 101.51500702, -15.80459404, 35.32999802, 0.00000000
4, 0.5300, 81, 0.80481273, 0.98148203, -0.76046932, 91.23751068, 28.98316765, 179.19230652, -32.15433884, 51.35925293, -36.48056030, 13.59113407, 19.37513924, 21.77924347, 1.00000000, 0.00000000, 0.00000000, 0.00000000, -0.24632780, 0.22073531, 0.37124011, 101.51500702, -15.80459404, 35.32999802, 0.00000000
4, 0.5325, 82, 0.80481273, 0.98148203, -0.76046932, 91.23751068, 28.98316765, 179.19230652, -32.15433884, 51.35925293, -36.48056030, 13.87071514, 19.80772400, 21.91102982, 1.00000000, 0.00000000, 0.00000000, 0.00000000, -0.23921485, 0.21687053, 0.37479079, 101.51500702, -15.80459404, 35.32999802, 0.00000000
4, 0.5350, 83, 0.80755782, 1.00757897, -0.78879309, 95.76823425, 29.54030609, 183.78166199, -32.15433884, 51.35925293, -36.48056030, 14.16462421, 20.25076294, 22.04831123, 1.00000000, 0.00000000, 0.00000000, 0.00000000, -0.22855116, 0.23235339, 0.41166872, 101.51500702, -15.80459404, 35.32999802, 0.00000000
4, 0.5375, 84, 0.81195360, 1.01824546, -0.80231255, 98.24655151, 29.85993195, 185.68862915, -31.74510384, 52.11926270, -38.32212830, 14.46698380, 20.69790077, 22.18916702, 1.00000000, 0.00000000, 0.00000000, 0.00000000, -0.22296566, 0.23807427, 0.43023825, 101.51500702, -15.80459404, 35.32999802, 0.00000000
4, 0.5400, 85, 0.81597263, 1.02773333, -0.81865388, 100.22840881, 30.18061829, 187.46667480, -31.74510384, 52.11926270, -38.32212830, 14.77669716, 21.14875984, 22.33378792, 1.00000000, 0.00000000, 0.00000000, 0.00000000, -0.21702674, 0.24677691, 0.44856197, 101.51500702, -15.80459404, 35.32999802, 0.00000000
4, 0.5425, 86, 0.81627810, 1.04130733, -0.83994693, 102.49560547, 30.29394150, 189.30459595, -31.74510384, 52.11926270, -38.32212830, 15.09482384, 21.60320091, 22.48276138, 1.00000000, 0.00000000, 0.00000000, 0.00000000, -0.20641971, 0.25895566, 0.47159395, 101.51500702, -15.80459404, 35.32999802, 0.00000000
4, 0.5450, 87, 0.81819522, 1.05228412, -0.85834461, 104.62174988, 30.34239578, 190.86517334, -31.74510384, 52.11926270, -38.32212830, 15.42106342, 22.06049156, 22.63603592, 1.00000000, 0.00000000, 0.00000000, 0.00000000, -0.19798483, 0.26905099, 0.49178049, 101.51500702, -15.80459404, 35.32999802, 0.00000000
4, 0.5475, 88, 0.82072145, 1.05346286, -0.88150692, 107.45825195, 30.32902336, 192.06039429, -31.74510384, 52.11926270, -38.32212830, 15.75701237, 22.51979637, 22.79307938, 1.00000000, 0.00000000, 0.00000000, 0.00000000, -0.19160739, 0.28646278, 0.50435662, 101.51500702, -15.80459404, 35.32999802, 0.00000000
4, 0.5500, 89, 0.82939851, 1.05956960, -0.90838057, 109.79733276, 30.45687103, 192.98966980, -29.55276108, 51.91464615, -38.76059723, 16.10125542, 22.98066139, 22.95351982, 1.00000000, 0.00000000, 0.00000000, 0.00000000, -0.19021183, 0.30592754, 0.52388251, 101.51500702, -15.80459404, 35.32999802, 0.00000000
4, 0.5525, 90, 0.83734119, 1.07135630, -0.93213010, 112.27706146, 30.72077942, 194.05799866, -29.55276108, 51.91464615, -38.76059723, 16.45414734, 23.44353485, 23.11737823, 1.00000000, 0.00000000, 0.00000000, 0.00000000, -0.18725628, 0.32068568, 0.54785502, 101.51500702, -15.80459404, 35.32999802, 0.00000000
2, 0.4300, 43, 0.87477022, -0.94208670, -0.28944129, 113.88335419, -69.57086945, 403.51791382, -20.52031517, -12.56942368, -66.91026306, -71.10313416, 68.18337250, -73.56331635, 0.73477954, 0.11259517, -0.65356100, 0.14240618, -0.31462020, 0.10906916, 0.22504041, 0.00000000, 0.00000000, 0.00000000, 0.00000000
2, 0.4400, 44, 0.91065472, -0.96482229, -0.26203835, 105.13380432, -69.67906952, 403.55856323, -21.74802589, -16.07716942, -67.55334473, -73.84538269, 68.79583740, -76.44382477, 0.72821164, 0.10999107, -0.66150206, 0.14150925, -0.33572266, 0.09389316, 0.31014967, 0.00000000, 0.00000000, 0.00000000, 0.00000000
2, 0.4500, 45, 0.86048645, -0.92302072, -0.26483804, 99.78583527, -71.58567047, 404.76467896, -23.12189484, -19.35106659, -67.40718842, -84.99071503, 67.99514008, -87.48969269, 0.70279384, 0.11952582, -0.68509507, 0.14979722, -0.28142947, 0.12046563, 0.31204271, 0.00000000, 0.00000000, 0.00000000, 0.00000000
2, 0.4600, 46, 0.73560417, -0.84180754, -0.15712303, 99.24146271, -70.47682953, 399.12091064, -25.60654831, -23.09266281, -67.84565735, -94.90033722, 66.47763824, -97.30416107, 0.67678773, 0.12879425, -0.70743084, 0.15783581, -0.12311478, 0.09436379, 0.32129094, 0.00000000, 0.00000000, 0.00000000, 0.00000000
2, 0.4700, 47, 0.69645840, -0.92109203, -0.07011618, 91.63870239, -65.82688904, 393.85711670, -27.18503380, -25.81116676, -67.67027283, -103.35696411, 64.44726562, -105.60626221, 0.65036213, 0.13787068, -0.72857070, 0.16494098, -0.14051139, 0.00189667, 0.34171465, 0.00000000, 0.00000000, 0.00000000, 0.00000000
4, 0.5875, 91, 1.09804654, 1.22029006, -1.41353691, 144.96640015, 31.55108070, 202.30529785, -24.52499199, 50.97924423, -42.09295654, 23.52898216, 28.61884308, 27.60108376, 1.00000000, 0.00000000, 0.00000000, 0.00000000, -0.31053078, 0.64746100, 0.94837499, 101.51500702, -15.80459404, 35.32999802, 0.00000000
4, 0.5900, 92, 1.12232375, 1.22183907, -1.46205044, 148.30574036, 30.93799782, 202.22238159, -24.52499199, 50.97924423, -42.09295654, 24.02105331, 29.08064651, 27.83782005, 1.00000000, 0.00000000, 0.00000000, 0.00000000, -0.32447430, 0.68811452, 0.97474045, 101.51500702, -15.80459404, 35.32999802, 0.00000000
4, 0.5925, 93, 1.15780461, 1.22844803, -1.51475680, 151.85415649, 30.80931091, 202.07400513, -24.52499199, 50.97924423, -42.09295654, 24.52548218, 29.54080772, 28.07850075, 1.00000000, 0.00000000, 0.00000000, 0.00000000, -0.34837434, 0.73124379, 1.00926912, 101.51500702, -15.80459404, 35.32999802, 0.00000000
2, 0.4800, 48, 0.62048084, -0.93534517, -0.05847583, 89.79708862, -66.91999054, 390.96279907, -27.18503380, -25.81116676, -67.67027283, -110.45014954, 62.00128174, -112.55442047, 0.62329006, 0.14655368, -0.74868780, 0.17175046, -0.13066280, 0.00546454, 0.33541030, 0.00000000, 0.00000000, 0.00000000, 0.00000000
2, 0.4900, 49, 0.43117937, -1.02854502, -0.00259680, 91.61727142, -65.24557495, 389.26757812, -28.99736977, -29.43583679, -67.26103210, -112.37330627, 59.72130966, -113.46319580, 0.61061978, 0.16360375, -0.75444961, 0.17658737, -0.11570376, -0.06898512, 0.19719785, 0.00000000, 0.00000000, 0.00000000, 0.00000000
2, 0.5000, 50, 0.13552600, -1.24364817, 0.14229897, 91.60923004, -54.18833923, 393.85470581, -31.51125336, -31.62817764, -67.37796021, -117.71101379, 56.81241608, -118.57095337, 0.58239633, 0.17298239, -0.77288210, 0.18315303, -0.10923932, -0.27910531, -0.08099249, 0.00000000, 0.00000000, 0.00000000, 0.00000000
4, 0.5950, 94, 1.19920194, 1.23554790, -1.56745112, 155.19068909, 30.53997993, 202.06724548, -24.52499199, 50.97924423, -42.09295654, 25.04227829, 29.99926949, 28.32396507, 1.00000000, 0.00000000, 0.00000000, 0.00000000, -0.37806237, 0.77415770, 1.04549122, 101.51500702, -15.80459404, 35.32999802, 0.00000000
4, 0.5975, 95, 1.23223448, 1.24012315, -1.61420846, 158.74234009, 29.99635887, 201.98104858, -24.52499199, 50.97924423, -42.09295654, 25.57235909, 30.45539665, 28.57464790, 1.00000000, 0.00000000, 0.00000000, 0.00000000, -0.40035540, 0.81205416, 1.07625818, 101.51500702, -15.80459404, 35.32999802, 0.00000000
4, 0.6000, 96, 1.28793454, 1.24709547, -1.66579330, 162.36187744, 29.79333496, 202.17878723, -24.52499199, 50.97924423, -43.99298477, 26.11583138, 30.91022682, 28.83053970, 1.00000000, 0.00000000, 0.00000000, 0.00000000, -0.44430313, 0.85381091, 1.11498284, 101.51500702, -15.80459404, 35.32999802, 0.00000000
4, 0.6025, 97, 1.34499228, 1.25527287, -1.71638501, 166.19721985, 29.17255783, 202.64347839, -22.97573853, 50.39462280, -43.99298477, 26.67426109, 31.36349487, 29.09312820, 1.00000000, 0.00000000, 0.00000000, 0.00000000, -0.48948237, 0.89418852, 1.15497732, 101.51500702, -15.80459404, 35.32999802, 0.00000000
4, 0.6050, 98, 1.40082061, 1.25298917, -1.76796961, 170.03480530, 28.27589607, 203.10307312, -22.97573853, 50.39462280, -43.99298477, 27.24824905, 31.81461143, 29.36316490, 1.00000000, 0.00000000, 0.00000000, 0.00000000, -0.53530282, 0.93847436, 1.18536270, 101.51500702, -15.80459404, 35.32999802, 0.00000000
2, 0.5100, 51, -0.27314395, -1.48719060, 0.22168800, 81.16596222, -40.93668747, 407.63357544, -34.72668839, -33.00204468, -66.61795044, -122.47538757, 53.66511154, -122.90415955, 0.55277741, 0.18303743, -0.79092723, 0.18806534, -0.11306380, -0.45515689, -0.45907360, 0.00000000, 0.00000000, 0.00000000, 0.00000000
2, 0.5200, 52, -0.85414714, -1.77617908, 0.22352001, 80.68397522, -22.17307663, 425.33743286, -37.97135162, -35.16515732, -65.71177673, -126.72344208, 50.21629715, -126.47904205, 0.52146697, 0.19456515, -0.80836672, 0.19172890, -0.11777442, -0.59023499, -1.02621520, 0.00000000, 0.00000000, 0.00000000, 0.00000000
2, 0.5300, 53, -1.22943878, -2.23585963, 0.00565164, 82.12752533, -10.74942780, 455.64022827, -37.97135162, -35.16515732, -65.71177673, -130.65785217, 46.39567566, -129.53410339, 0.48735064, 0.20733507, -0.82564366, 0.19445880, -0.45183301, -0.62594354, -1.51893342, 0.00000000, 0.00000000, 0.00000000, 0.00000000
2, 0.5400, 54, -1.52530050, -2.17335963, -0.28361219, 79.87131500, -40.70976257, 500.61331177, -41.30371094, -37.82519531, -65.50716400, -140.52873230, 38.68339539, -141.30883789, 0.39969319, 0.18868330, -0.87503856, 0.19736144, -0.46890360, -0.34586602, -1.73617768, 0.00000000, 0.00000000, 0.00000000, 0.00000000
2, 0.5500, 55, -2.14049530, -1.88741064, -0.05537990, 92.00736237, -82.48362732, 541.01007080, -45.92224503, -38.58520889, -65.77024078, -143.27270508, 33.62753296, -143.50532532, 0.35515663, 0.19792208, -0.89135265, 0.20045249, 0.02649584, -0.41805995, -2.00265193, 0.00000000, 0.00000000, 0.00000000, 0.00000000
4, 0.6075, 99, 1.45787919, 1.25448465, -1.81974721, 174.08654785, 27.16839600, 203.83340454, -22.97573853, 50.39462280, -43.99298477, 27.83912086, 32.26361084, 29.64175415, 1.00000000, 0.00000000, 0.00000000, 0.00000000, -0.58172208, 0.98175430, 1.21976721, 101.51500702, -15.80459404, 35.32999802, 0.00000000
4, 0.6100, 100, 1.51840830, 1.25102448, -1.86536503, 178.70890808, 25.64505386, 204.75328064, -22.97573853, 50.39462280, -43.99298477, 28.44922447, 32.71009064, 29.93012428, 1.00000000, 0.00000000, 0.00000000, 0.00000000, -0.63282198, 1.02046287, 1.24858713, 101.51500702, -15.80459404, 35.32999802, 0.00000000
4, 0.6125, 101, 1.57441568, 1.23982704, -1.89791262, 183.90135193, 23.77485466, 205.86398315, -22.97573853, 50.39462280, -43.99298477, 29.08085823, 33.15368271, 30.22935867, 1.00000000, 0.00000000, 0.00000000, 0.00000000, -0.68160927, 1.04877496, 1.26578045, 101.51500702, -15.80459404, 35.32999802, 0.00000000
2, 0.5600, 56, -3.17633581, -1.72781634, 1.05524445, 83.04696655, -88.31379700, 544.25378418, -50.27769470, -40.45600510, -64.77638245, -145.72686768, 28.50591087, -145.43981934, 0.30948371, 0.20584914, -0.90593404, 0.20280448, 1.03558874, -1.29258001, -2.56715822, 0.00000000, 0.00000000, 0.00000000, 0.00000000
4, 0.6150, 102, 1.63486814, 1.22762251, -1.92790759, 188.66902161, 21.76241493, 207.19061279, -20.84185982, 49.80999756, -44.81145859, 29.73384285, 33.59422684, 30.54066467, 1.00000000, 0.00000000, 0.00000000, 0.00000000, -0.73515660, 1.07480741, 1.28232861, 101.51500702, -15.80459404, 35.32999802, 0.00000000
4, 0.6175, 103, 1.69359565, 1.20994747, -1.95870817, 192.80422974, 18.99094391, 208.44715881, -20.84185982, 49.80999756, -44.81145859, 30.40818024, 34.02980042, 30.86604118, 1.00000000, 0.00000000, 0.00000000, 0.00000000, -0.78803092, 1.10307252, 1.29384875, 101.51500702, -15.80459404, 35.32999802, 0.00000000
4, 0.6200, 104, 1.75675285, 1.19219625, -1.99255562, 196.30668640, 15.53271484, 209.42555237, -20.84185982, 49.80999756, -44.81145859, 31.10344315, 34.45829010, 31.20674896, 1.00000000, 0.00000000, 0.00000000, 0.00000000, -0.84524500, 1.13414931, 1.30716598, 101.51500702, -15.80459404, 35.32999802, 0.00000000
4, 0.6225, 105, 1.83334029, 1.16878057, -2.03000331, 199.67799377, 10.69143295, 210.59091187, -20.84185982, 49.80999756, -44.81145859, 31.82201004, 34.87707138, 31.56619453, 1.00000000, 0.00000000, 0.00000000, 0.00000000, -0.91663474, 1.17015815, 1.31883395, 101.51500702, -15.80459404, 35.32999802, 0.00000000
2, 0.5700, 57, -3.99098182, -1.91031170, 0.88231677, -27.62071800, -70.22833252, 467.37789917, -54.77930450, -40.63139343, -64.92253876, -148.41526794, 24.54395485, -147.60762024, 0.27058843, 0.20671546, -0.91908419, 0.19833039, 1.10128117, -1.24955916, -3.35468650, 0.00000000, 0.00000000, 0.00000000, 0.00000000
2, 0.5800, 58, -3.75729036, -1.54953885, 0.00342629, -108.24699402, -108.22367859, 370.55419922, -54.77930450, -40.63139343, -64.92253876, -150.75402832, 21.59639168, -150.18511963, 0.23897716, 0.19881177, -0.93065196, 0.19300482, 0.82216513, -0.33111113, -3.16326332, 0.00000000, 0.00000000, 0.00000000, 0.00000000
2, 0.5900, 59, -3.75883460, -1.94684982, -0.32478207, -204.03312683, -227.62785339, 245.45997620, -58.37474442, -40.71908569, -65.47792816, -156.13134766, 16.22934723, -155.91427612, 0.17777790, 0.17354311, -0.95336235, 0.17140032, 0.31286955, -0.28326830, -3.34752250, 0.00000000, 0.00000000, 0.00000000, 0.00000000
2, 0.6000, 60, -3.47401762, -1.53633332, -0.22994274, -270.85519409, -337.82031250, 57.54001236, -61.09324646, -40.74831772, -67.34872437, -156.13629150, 15.63761044, -160.24330139, 0.16626754, 0.13858104, -0.95975280, 0.17895521, 0.48807415, -0.19867624, -2.87262058, 0.00000000, 0.00000000, 0.00000000, 0.00000000
2, 0.6100, 61, -3.41917109, -1.62634301, -0.35063159, -292.72302246, -420.57183838, -187.57040405, -60.68400955, -40.19292450, -69.68722534, -154.57876587, 17.07341957, -164.85243225, 0.17222095, 0.09477222, -0.96057510, 0.19660574, 0.35045061, -0.12693934, -2.89366102, 0.00000000, 0.00000000, 0.00000000, 0.00000000
2, 0.6200, 62, -3.65038919, -1.69670784, -0.39592063, -301.38900757, -416.18395996, -353.95132446, -60.68400955, -40.19292450, -72.28880310, -152.41798401, 20.15788269, -169.18528748, 0.19132096, 0.04857527, -0.95586026, 0.21764189, 0.41685066, -0.09862570, -3.16502094, 0.00000000, 0.00000000, 0.00000000, 0.00000000
4, 0.7025, 106, 0.29024181, 2.05795145, -1.06018269, 370.73629761, -38.70935440, 292.91390991, -11.37094402, 38.35136032, -58.78398132, 57.86788940, 36.25634003, 47.67855453, 1.00000000, 0.00000000, 0.00000000, 0.00000000, 0.72428644, -0.26649851, 1.86291432, 101.51500702, -15.80459404, 35.32999802, 0.00000000
4, 0.7050, 107, 0.30234730, 2.05725956, -1.09714687, 372.12832642, -26.51469994, 294.15365601, -11.37094402, 38.35136032, -58.78398132, 59.30274200, 36.52636719, 48.46984863, 1.00000000, 0.00000000, 0.00000000, 0.00000000, 0.71803129, -0.23904943, 1.89370704, 101.51500702, -15.80459404, 35.32999802, 0.00000000
4, 0.7075, 108, 0.33323491, 2.06217432, -1.11608565, 372.63027954, -18.39253616, 295.40795898, -11.37094402, 38.35136032, -58.78398132, 60.74389267, 36.80073547, 49.27027512, 1.00000000, 0.00000000, 0.00000000, 0.00000000, 0.69338435, -0.22996074, 1.92831755, 101.51500702, -15.80459404, 35.32999802, 0.00000000
4, 0.7100, 109, 0.39266691, 2.07816315, -1.10691369, 371.39401245, -14.75864029, 296.68746948, -11.37094402, 38.35136032, -58.78398132, 62.19157028, 37.06774902, 50.08395767, 1.00000000, 0.00000000, 0.00000000, 0.00000000, 0.64100885, -0.25056994, 1.97073138, 101.51500702, -15.80459404, 35.32999802, 0.00000000
2, 0.6300, 63, -1.61133707, -3.37419891, 0.04339606, -572.91259766, -460.97961426, -433.39968872, -57.93627548, -40.48523712, -72.28880310, -151.97218323, 25.05295944, -175.99510193, 0.21856713, -0.01939398, -0.94839811, 0.22889599, -1.49833810, -1.32710779, -1.89276052, 0.00000000, 0.00000000, 0.00000000, 0.00000000
4, 0.7125, 110, 0.48113948, 2.09112358, -1.07140243, 368.05722046, -14.64824200, 298.01751709, -11.37094402, 38.35136032, -58.78398132, 63.64374542, 37.31774139, 50.91355896, 1.00000000, 0.00000000, 0.00000000, 0.00000000, 0.55789852, -0.29515803, 2.00820041, 101.51500702, -15.80459404, 35.32999802, 0.00000000
4, 0.7150, 111, 0.60533297, 2.11502337, -0.99777156, 363.18002319, -17.24454117, 300.16882324, -8.65244102, 31.59894753, -60.36246490, 65.09989166, 37.54337692, 51.76258087, 1.00000000, 0.00000000, 0.00000000, 0.00000000, 0.43921483, -0.37912822, 2.05168366, 101.51500702, -15.80459404, 35.32999802, 0.00000000
4, 0.7175, 112, 0.75942272, 2.15341949, -0.89683765, 357.02862549, -20.26533318, 302.82827759, -8.65244102, 31.59894753, -60.36246490, 66.55753326, 37.74271774, 52.63193893, 1.00000000, 0.00000000, 0.00000000, 0.00000000, 0.29186037, -0.49317414, 2.10650921, 101.51500702, -15.80459404, 35.32999802, 0.00000000
4, 0.7200, 113, 0.94808823, 2.21897125, -0.76781964, 351.57031250, -21.29207611, 305.99786377, -8.65244102, 31.59894753, -60.36246490, 68.01705170, 37.92047501, 53.52112961, 1.00000000, 0.00000000, 0.00000000, 0.00000000, 0.11348702, -0.64168704, 2.18524837, 101.51500702, -15.80459404, 35.32999802, 0.00000000
4, 0.7225, 114, 1.18249130, 2.30092573, -0.63378495, 347.14660645, -18.59306717, 309.28305054, -8.65244102, 31.59894753, -60.36246490, 69.47830963, 38.08569336, 54.42858124, 1.00000000, 0.00000000, 0.00000000, 0.00000000, -0.10741039, -0.79938370, 2.28646135, 101.51500702, -15.80459404, 35.32999802, 0.00000000
4, 0.7250, 115, 1.45892310, 2.39812326, -0.49902233, 342.76745605, -12.43099785, 311.72320557, -8.65244102, 31.59894753, -60.36246490, 57.34410858, 38.76758194, 45.21130371, 1.00000000, 0.00000000, 0.00000000, 0.00000000, -0.35993016, -0.87588060, 2.24535680, 101.51500702, -15.80459404, 35.32999802, 0.00000000
4, 0.7375, 116, 2.41782999, 2.97218800, -0.10833803, 382.73400879, 43.54088974, 337.22369385, -7.45396090, 29.96199989, -61.70710373, 64.82102203, 40.60161591, 49.78171539, 1.00000000, 0.00000000, 0.00000000, 0.00000000, -1.19787514, -1.44720054, 2.94748592, 101.51500702, -15.80459404, 35.32999802, 0.00000000
4, 0.7400, 117, 2.32007217, 2.81152463, -0.05088750, 394.67770386, 48.74058533, 341.45941162, -5.14469433, 29.96199989, -62.67173386, 66.46671295, 41.00039291, 50.77896118, 1.00000000, 0.00000000, 0.00000000, 0.00000000, -1.12780786, -1.46030462, 2.78368878, 101.51500702, -15.80459404, 35.32999802, 0.00000000
4, 0.7425, 118, 2.10078049, 2.46257329, 0.01775511, 395.97604370, 45.59122467, 344.44519043, -5.14469433, 25.92809105, -62.67173386, 68.14302826, 41.37074661, 51.80752182, 1.00000000, 0.00000000, 0.00000000, 0.00000000, -0.97236043, -1.42914414, 2.41755104, 101.51500702, -15.80459404, 35.32999802, 0.00000000
4, 0.7450, 119, 1.80405760, 2.01654649, 0.01355406, 379.12860107, 31.51257324, 346.99285889, -5.14469433, 25.92809105, -62.67173386, 69.81201172, 41.67704391, 52.87073135, 1.00000000, 0.00000000, 0.00000000, 0.00000000, -0.75483108, -1.30001986, 1.96636963, 101.51500702, -15.80459404, 35.32999802, 0.00000000
4, 0.7475, 120, 1.48681724, 1.66101301, -0.13087267, 349.95193481, 6.42913342, 350.23251343, -5.14469433, 25.92809105, -62.67173386, 71.44807434, 41.88630676, 53.96957779, 1.00000000, 0.00000000, 0.00000000, 0.00000000, -0.49502701, -1.06327033, 1.63585925, 101.51500702, -15.80459404, 35.32999802, 0.00000000
2, 0.6400, 64, 0.39788440, -3.06150746, 0.44887030, -812.66101074, -314.72430420, -467.00079346, -54.92546082, -39.40368271, -79.21660614, -151.60217285, 38.01491547, -154.15594482, 0.35960725, 0.12710777, -0.91124445, 0.15543431, -1.83082652, -1.55429244, 0.07456872, 0.00000000, 0.00000000, 0.00000000, 0.00000000
2, 0.6500, 65, -0.49675277, 0.27228546, 3.57041430, -1234.56164551, -298.44088745, -798.66906738, -51.88541412, -35.31131363, -86.52440643, -161.17829895, 48.56747055, -168.86944580, 0.41826251, 0.02028093, -0.90153480, 0.10899621, 2.76129341, -2.64482450, 1.10451198, 0.00000000, 0.00000000, 0.00000000, 0.00000000
2, 0.6600, 66, -0.77805024, 5.43113089, 5.80854940, -2008.09545898, -334.94680786, -1149.15576172, -47.23764801, -23.88190651, -98.74305725, 168.31079102, 58.63877106, 154.95294189, 0.49479419, -0.13940360, -0.85754663, 0.01895559, 8.04116821, -2.21089554, 3.17325950, 0.00000000, 0.00000000, 0.00000000, 0.00000000
2, 0.6700, 67, 1.64803255, 8.03891468, -2.26300073, -1280.92932129, -352.82305908, -686.49926758, -47.23764801, -23.88190651, -98.74305725, 144.98773193, 56.58624649, 127.10624695, 0.52268934, -0.24634209, -0.81536961, -0.03583288, 5.31184816, 5.79811287, 4.46079063, 0.00000000, 0.00000000, 0.00000000, 0.00000000
2, 0.6800, 68, 2.40374398, 7.78910875, -5.31997633, -619.47833252, -67.76039124, -438.01684570, -48.02689362, -8.33089733, -103.12773895, 133.98960876, 54.77960205, 113.96005249, 0.54415131, -0.29461157, -0.78324908, -0.06020221, 3.36173344, 8.16652107, 4.32029200, 0.00000000, 0.00000000, 0.00000000, 0.00000000
2, 0.6900, 69, 5.14077616, 6.19595098, -6.89855528, -125.36346436, 181.87213135, -356.73648071, -48.02689362, -2.45542240, -103.94621277, 115.71047974, 48.45500946, 37.46502304, 0.57108188, -0.66111124, -0.45474127, 0.17322814, 0.19405696, 8.61963272, 5.76352119, 0.00000000, 0.00000000, 0.00000000, 0.00000000
4, 0.7500, 121, 1.19237399, 1.50524950, -0.46760324, 322.38876343, -25.57651711, 355.12585449, -5.14469433, 25.92809105, -62.67173386, 73.05521393, 41.98174667, 55.10125351, 1.00000000, 0.00000000, 0.00000000, 0.00000000, -0.21375142, -0.70110691, 1.55168748, 101.51500702, -15.80459404, 35.32999802, 0.00000000
4, 0.7525, 122, 0.93414962, 1.54479992, -0.49538216, 305.33004761, -58.57115173, 362.77691650, -5.14469433, 25.92809105, -62.67173386, 74.65694427, 41.96469498, 56.26343155, 1.00000000, 0.00000000, 0.00000000, 0.00000000, 0.04829204, -0.69199014, 1.56930995, 101.51500702, -15.80459404, 35.32999802, 0.00000000
4, 0.7550, 123, 0.95668930, 1.57677662, -0.40343919, 297.67120361, -87.52899170, 373.71987915, -3.71236467, 21.01724625, -63.89944458, 76.27380371, 41.84779358, 57.45675278, 1.00000000, 0.00000000, 0.00000000, 0.00000000, 0.02532914, -0.79584742, 1.59724736, 101.51500702, -15.80459404, 35.32999802, 0.00000000
4, 0.7575, 124, 1.04618227, 1.53022110, -0.27513656, 296.45465088, -107.25090790, 394.74414062, -3.71236467, 21.01724625, -63.89944458, 77.93513489, 41.65316391, 58.70772171, 1.00000000, 0.00000000, 0.00000000, 0.00000000, -0.08020401, -0.91211545, 1.55382240, 101.51500702, -15.80459404, 35.32999802, 0.00000000
2, 0.7000, 70, 4.92641163, 4.30867720, -4.64543438, 322.13186646, 48.02172470, -166.09548950, -46.68225479, 0.64308679, -103.04004669, 117.16737366, 51.61666107, 37.00240707, 0.56290644, -0.65656149, -0.45899913, 0.20342857, -0.17285216, 5.62060547, 5.29690456, 0.00000000, 0.00000000, 0.00000000, 0.00000000
2, 0.7100, 71, 2.19113326, 3.06332541, -0.55986643, 532.75555420, 12.94432640, -15.22147751, -47.50072861, -2.95235300, -102.89389038, 122.50292969, 55.88491440, 40.77706909, 0.54140157, -0.64748818, -0.48108760, 0.23706184, 1.97129607, 1.53986025, 3.29097247, 0.00000000, 0.00000000, 0.00000000, 0.00000000
2, 0.7200, 72, 1.66769063, 1.34362376, 2.18583012, 582.67919922, 196.00520325, 27.81922531, -47.50072861, -2.95235300, -102.89389038, 128.11656189, 61.25339508, 46.30703735, 0.52624112, -0.62384659, -0.50916386, 0.27319965, 2.17717481, -1.60829353, 2.79019070, 0.00000000, 0.00000000, 0.00000000, 0.00000000
4, 0.7600, 125, 1.04618227, 1.53022110, -0.27513656, 296.45465088, -107.25090790, 394.74414062, -3.71236467, 21.01724625, -63.89944458, 79.58505249, 41.43167114, 59.94660950, 1.00000000, 0.00000000, 0.00000000, 0.00000000, -0.08309725, -0.91883099, 1.57446194, 101.51500702, -15.80459404, 35.32999802, 0.00000000
4, 0.7875, 126, -2.10632563, -0.55749965, 1.83590651, 189.03741455, -235.22828674, 233.13117981, -4.29698896, 11.86787510, -65.85793304, 83.04103088, 28.63764191, 54.75521088, 1.00000000, 0.00000000, 0.00000000, 0.00000000, 2.35383248, -2.46585774, -1.54197347, 101.51500702, -15.80459404, 35.32999802, 0.00000000
4, 0.7900, 127, -2.36193109, -0.53838468, 2.55401850, 150.25726318, -232.43418884, 191.29855347, -4.29698896, 11.86787510, -65.85793304, 83.73082733, 28.06081200, 55.16148376, 1.00000000, 0.00000000, 0.00000000, 0.00000000, 2.56126642, -3.16450119, -1.76610315, 101.51500702, -15.80459404, 35.32999802, 0.00000000
4, 0.7925, 128, -2.66037631, -0.24438389, 3.30474901, 101.96170044, -220.13227844, 153.47341919, -5.26161957, 10.28938866, -66.44255829, 84.23917389, 27.50530624, 55.46313095, 1.00000000, 0.00000000, 0.00000000, 0.00000000, 2.85765386, -3.97358847, -1.75150919, 101.51500702, -15.80459404, 35.32999802, 0.00000000
2, 0.7300, 73, 2.12313557, 0.48100066, 2.76160359, 495.72579956, 266.11364746, 97.23819733, -45.01607513, -8.06781673, -100.90616608, 134.54139709, 65.86553955, 53.85729980, 0.51621819, -0.59506065, -0.53786790, 0.30019963, 1.61729121, -2.45249915, 2.99470901, 0.00000000, 0.00000000, 0.00000000, 0.00000000
2, 0.7400, 74, 1.77088737, 0.74434721, 1.98359275, 400.50448608, 147.06860352, 148.26335144, -42.53142166, -12.80327415, -99.15229034, -170.64154053, 76.79481506, -107.84564209, 0.53797412, 0.41902381, -0.66114932, -0.31286508, 1.65247941, -1.50700426, 2.58577776, 0.00000000, 0.00000000, 0.00000000, 0.00000000
4, 0.7950, 129, -2.86557698, 0.20427264, 3.92242694, 54.77640152, -197.22949219, 126.00854492, -5.26161957, 10.28938866, -66.44255829, 84.58481598, 26.99460983, 55.69805908, 1.00000000, 0.00000000, 0.00000000, 0.00000000, 3.09731197, -4.69957733, -1.53871119, 101.51500702, -15.80459404, 35.32999802, 0.00000000
4, 0.7975, 130, -2.99818587, 0.69564891, 3.98941350, 17.07915878, -164.53862000, 108.98838043, -5.26161957, 10.28938866, -66.44255829, 84.80584717, 26.55271912, 55.90280533, 1.00000000, 0.00000000, 0.00000000, 0.00000000, 3.30354834, -4.91024923, -1.11691821, 101.51500702, -15.80459404, 35.32999802, 0.00000000
4, 0.8000, 131, -3.12660909, 1.12297404, 3.99492526, -4.33222771, -128.42588806, 95.72925568, -5.26161957, 10.28938866, -66.44255829, 84.94787598, 26.19399071, 56.09077072, 1.00000000, 0.00000000, 0.00000000, 0.00000000, 3.49897051, -5.04267740, -0.73818445, 101.51500702, -15.80459404, 35.32999802, 0.00000000
4, 0.8025, 132, -3.31413865, 1.42751539, 3.99876380, -8.23024750, -99.92547607, 81.74559021, -5.26161957, 10.28938866, -66.44255829, 85.05497742, 25.90871429, 56.25589752, 1.00000000, 0.00000000, 0.00000000, 0.00000000, 3.73214674, -5.13717842, -0.48579550, 101.51500702, -15.80459404, 35.32999802, 0.00000000
4, 0.8050, 133, -3.53220940, 1.64148414, 3.90256023, 4.81999016, -88.35545349, 67.22836304, -7.30780458, 9.06167793, -66.44255829, 85.17156219, 25.66430855, 56.38681412, 1.00000000, 0.00000000, 0.00000000, 0.00000000, 3.98539925, -5.10931206, -0.29543829, 101.51500702, -15.80459404, 35.32999802, 0.00000000
4, 0.8075, 134, -3.75133991, 1.70955420, 3.24066639, 32.16500473, -99.02721405, 51.78860474, -7.30780458, 9.06167793, -66.44255829, 85.33582306, 25.41439629, 56.46755981, 1.00000000, 0.00000000, 0.00000000, 0.00000000, 4.24415112, -4.49785471, -0.08015120, 101.51500702, -15.80459404, 35.32999802, 0.00000000
4, 0.8100, 135, -3.89818192, 1.63348842, 2.42980742, 68.44329834, -127.08368683, 37.37508011, -7.30780458, 9.06167793, -66.44255829, 85.57446289, 25.12099457, 56.49010849, 1.00000000, 0.00000000, 0.00000000, 0.00000000, 4.41377354, -3.70236349, 0.05655575, 101.51500702, -15.80459404, 35.32999802, 0.00000000
2, 0.7500, 75, 0.54714602, 1.19146383, 1.24666739, 386.16696167, -1.17614782, 162.59312439, -42.38526535, -16.72025681, -97.74919128, -156.86976624, 74.36290741, -94.61009979, 0.54346871, 0.44023818, -0.65584183, -0.28408396, 2.22448826, -0.38429633, 1.45449722, 0.00000000, 0.00000000, 0.00000000, 0.00000000
4, 0.8225, 136, -2.69428182, 0.65644455, -0.34307373, 271.79000854, -277.40005493, 4.78668022, -8.06781673, 8.62320995, -67.78719330, 88.25051880, 22.77202034, 55.87258530, 1.00000000, 0.00000000, 0.00000000, 0.00000000, 3.16918373, -0.78412563, 0.19250575, 101.51500702, -15.80459404, 35.32999802, 0.00000000
4, 0.8250, 137, -2.42992091, 0.58124566, -0.51754838, 295.44177246, -272.37261963, 8.27923584, -8.06781673, 8.62320995, -67.78719330, 88.38009644, 9.76039505, 51.88692093, 1.00000000, 0.00000000, 0.00000000, 0.00000000, 2.68787909, -0.65883571, 0.22045557, 101.51500702, -15.80459404, 35.32999802, 0.00000000
4, 0.8275, 138, -2.27235055, 0.50743473, -0.61377937, 312.60705566, -254.68257141, 12.97991180, -8.06781673, 8.62320995, -67.78719330, 89.23769379, 9.29269314, 51.74060822, 1.00000000, 0.00000000, 0.00000000, 0.00000000, 2.51710391, -0.54696566, 0.22218807, 101.51500702, -15.80459404, 35.32999802, 0.00000000
2, 0.7600, 76, -0.52636170, 1.24710429, 0.94623727, 441.58090210, -72.60436249, 163.79327393, -43.93452072, -19.76030350, -96.31686401, -146.39082336, 70.85567474, -85.45115662, 0.54956746, 0.45932594, -0.65236717, -0.24781510, 2.58157492, -0.02505577, 0.46700442, 0.00000000, 0.00000000, 0.00000000, 0.00000000
2, 0.7700, 77, -1.30833530, 0.98051208, 0.97359920, 494.49826050, -82.66201019, 162.54505920, -43.93452072, -19.76030350, -96.31686401, -138.05226135, 66.65103912, -78.70471954, 0.55655277, 0.47860512, -0.64677930, -0.20703316, 2.70468521, -0.10376643, -0.30733526, 0.00000000, 0.00000000, 0.00000000, 0.00000000
2, 0.7800, 78, -1.80240011, 0.62815094, 1.08719873, 508.85473633, -41.31213760, 146.39620972, -44.60683823, -26.33732796, -93.68605804, -131.38284302, 62.23440933, -73.37882233, 0.56399542, 0.49853438, -0.63674873, -0.16710384, 2.66816139, -0.29649025, -0.84215593, 0.00000000, 0.00000000, 0.00000000, 0.00000000
2, 0.7900, 79, -1.93509436, 0.41825193, 1.35483575, 488.14764404, 6.24360514, 99.83309937, -45.36685181, -27.68196487, -90.82139587, -100.77638245, 54.14271545, -173.89889526, 0.38031682, -0.25324658, -0.70044881, 0.54826719, 2.64137936, -0.51543671, -1.02456820, 0.00000000, 0.00000000, 0.00000000, 0.00000000
4, 0.8300, 139, -2.18071699, 0.41804832, -0.66208649, 324.73687744, -228.08786011, 16.76476669, -9.70476437, 6.05086231, -68.25489807, 90.11840820, 8.89279366, 51.61568832, 1.00000000, 0.00000000, 0.00000000, 0.00000000, 2.40700793, -0.47595483, 0.18391304, 101.51500702, -15.80459404, 35.32999802, 0.00000000
4, 0.8325, 140, -2.09340644, 0.30620041, -0.67214131, 330.72814941, -196.43367004, 18.33090973, -9.70476437, 6.05086231, -68.25489807, 91.00421143, 8.57063580, 51.51246262, 1.00000000, 0.00000000, 0.00000000, 0.00000000, 2.29650879, -0.43453333, 0.11290700, 101.51500702, -15.80459404, 35.32999802, 0.00000000
4, 0.8350, 141, -1.98983097, 0.18428271, -0.64071137, 329.40441895, -163.67504883, 18.95754814, -9.70476437, 6.05086231, -68.25489807, 91.87628937, 8.32539177, 51.43183899, 1.00000000, 0.00000000, 0.00000000, 0.00000000, 2.16736031, -0.42942649, 0.02334319, 101.51500702, -15.80459404, 35.32999802, 0.00000000
4, 0.8375, 142, -1.86151195, 0.08413577, -0.57115126, 319.50668335, -132.32437134, 20.30099487, -9.70476437, 6.05086231, -68.25489807, 92.71436310, 8.14848137, 51.37656784, 1.00000000, 0.00000000, 0.00000000, 0.00000000, 2.01685810, -0.46674284, -0.05267571, 101.51500702, -15.80459404, 35.32999802, 0.00000000
4, 0.8400, 143, -1.70226252, 0.01831120, -0.49842614, 301.33450317, -104.38339233, 22.45786667, -9.70476437, 6.05086231, -68.25489807, 93.49964905, 8.02672195, 51.34751892, 1.00000000, 0.00000000, 0.00000000, 0.00000000, 1.84276545, -0.51676321, -0.09255363, 101.51500702, -15.80459404, 35.32999802, 0.00000000
4, 0.8425, 144, -1.52353430, -0.02030753, -0.41934639, 277.30233765, -80.27140808, 26.06663132, -11.72171879, 4.35545158, -68.57643890, 94.21965790, 7.94657707, 51.34614182, 1.00000000, 0.00000000, 0.00000000, 0.00000000, 1.65468526, -0.58056295, -0.10621670, 101.51500702, -15.80459404, 35.32999802, 0.00000000
4, 0.8450, 145, -1.32260501, -0.02408515, -0.37455717, 250.38197327, -59.10152817, 32.12663269, -11.72171879, 4.35545158, -68.57643890, 94.86939240, 7.89706421, 51.37651443, 1.00000000, 0.00000000, 0.00000000, 0.00000000, 1.45326388, -0.62155056, -0.07445972, 101.51500702, -15.80459404, 35.32999802, 0.00000000
4, 0.8475, 146, -1.10326552, -0.00362801, -0.35480770, 224.19804382, -41.53749466, 39.43113708, -11.72171879, 4.35545158, -68.57643890, 95.45240784, 7.86848974, 51.43893051, 1.00000000, 0.00000000, 0.00000000, 0.00000000, 1.23970032, -0.64555377, -0.01053585, 101.51500702, -15.80459404, 35.32999802, 0.00000000
4, 0.8500, 147, -0.88948709, 0.01811314, -0.34004849, 201.23152161, -27.14209366, 46.81807709, -11.72171879, 4.35545158, -68.57643890, 95.97772217, 7.85445309, 51.53113174, 1.00000000, 0.00000000, 0.00000000, 0.00000000, 1.03234768, -0.66512334, 0.05399583, 101.51500702, -15.80459404, 35.32999802, 0.00000000
4, 0.8525, 148, -0.69002265, 0.02765526, -0.33327141, 181.47946167, -15.42038345, 53.52877426, -11.72171879, 4.35545158, -68.57643890, 96.45376587, 7.85058022, 51.64934921, 1.00000000, 0.00000000, 0.00000000, 0.00000000, 0.83752328, -0.67349917, 0.10584787, 101.51500702, -15.80459404, 35.32999802, 0.00000000
2, 0.8000, 80, -1.71278489, -0.39444694, 1.69712222, 407.56256104, 33.53857040, 27.33804131, -45.54224014, -32.21280289, -87.48903656, -98.63162994, 50.33058548, -172.93971252, 0.35817653, -0.23441681, -0.70210493, 0.56904054, 2.00410151, -1.04906535, -1.21111333, 0.00000000, 0.00000000, 0.00000000, 0.00000000
4, 0.8550, 149, -0.50929224, 0.02186738, -0.32854378, 164.44590759, -6.51696396, 59.92021561, -11.13709450, 0.46769950, -68.05027771, 96.88800049, 7.85174751, 51.79034042, 1.00000000, 0.00000000, 0.00000000, 0.00000000, 0.65861762, -0.67546588, 0.13969958, 101.51500702, -15.80459404, 35.32999802, 0.00000000
4, 0.8575, 150, -0.34283134, 0.00971947, -0.31390911, 149.77249146, 0.05235235, 65.86936951, -11.13709450, 0.46769950, -68.05027771, 97.28676605, 7.85396910, 51.95093918, 1.00000000, 0.00000000, 0.00000000, 0.00000000, 0.49211034, -0.68508273, 0.16150323, 101.51500702, -15.80459404, 35.32999802, 0.00000000
2, 0.8100, 81, -1.34500062, -0.80861700, 1.68662894, 276.86816406, 34.03490067, -28.55619240, -45.54224014, -32.85588837, -85.73516083, -96.68595123, 47.85228348, -171.78294373, 0.34575811, -0.21994016, -0.70049274, 0.58428383, 1.48515296, -1.20835829, -1.05399561, 0.00000000, 0.00000000, 0.00000000, 0.00000000
2, 0.8200, 82, -1.05376697, -0.97604334, 1.49285507, 152.37316895, 7.07485723, -74.75624084, -45.54224014, -32.85588837, -85.73516083, -94.86800385, 46.69448471, -170.60198975, 0.34177285, -0.21177848, -0.69588226, 0.59505385, 1.12033057, -1.10332465, -0.91678262, 0.00000000, 0.00000000, 0.00000000, 0.00000000
4, 0.8725, 151, -0.02330790, -0.36276066, 0.16533509, 58.55516434, 45.26660919, 109.69537354, -11.66325665, -0.40923706, -67.58258057, 98.95830536, 7.84815121, 53.34685516, 1.00000000, 0.00000000, 0.00000000, 0.00000000, 0.08689339, -1.03132677, -0.23845604, 101.51500702, -15.80459404, 35.32999802, 0.00000000
4, 0.8750, 152, -0.02330790, -0.36276066, 0.16533509, 58.55516434, 45.26660919, 109.69537354, -11.66325665, -0.40923706, -67.58258057, 111.07530975, 9.17781544, 56.60073471, 1.00000000, 0.00000000, 0.00000000, 0.00000000, 0.10984430, -0.97394049, -0.03772217, 101.51500702, -15.80459404, 35.32999802, 0.00000000
4, 0.8775, 153, 0.10941342, -0.38637081, 0.28361017, 17.91347504, 95.26431274, 127.81399536, -11.66325665, -0.40923706, -67.58258057, 111.15923309, 9.17421150, 57.00649261, 1.00000000, 0.00000000, 0.00000000, 0.00000000, -0.03114288, -1.07973790, -0.06799096, 101.51500702, -15.80459404, 35.32999802, 0.00000000
4, 0.8800, 154, 0.10941342, -0.38637081, 0.28361017, 17.91347504, 95.26431274, 127.81399536, -11.66325665, -0.40923706, -67.58258057, 111.24314117, 9.17001915, 57.41223526, 1.00000000, 0.00000000, 0.00000000, 0.00000000, -0.03121502, -1.07922602, -0.06663889, 101.51500702, -15.80459404, 35.32999802, 0.00000000
2, 0.8300, 83, -0.96714675, -0.96242332, 1.27137864, 24.34603882, -21.01259422, -103.80349731, -45.07453918, -33.03127670, -84.85823059, -93.29576874, 46.83992004, -169.46543884, 0.34562609, -0.21044677, -0.68947428, 0.60073286, 0.98750591, -0.90008086, -0.90228826, 0.00000000, 0.00000000, 0.00000000, 0.00000000
4, 0.8825, 155, 0.28436580, -0.43701059, 0.37729013, 0.23296578, 133.41381836, 125.81923676, -11.45863724, -1.52002335, -67.29026794, 111.27513885, 9.23446655, 57.87015533, 1.00000000, 0.00000000, 0.00000000, 0.00000000, -0.21597944, -1.15377915, -0.10845369, 101.51500702, -15.80459404, 35.32999802, 0.00000000
4, 0.8850, 156, 0.37773386, -0.46454397, 0.39116615, -6.02296925, 153.69107056, 121.08900452, -11.45863724, -1.52002335, -67.29026794, 111.28627777, 9.34241199, 58.34915924, 1.00000000, 0.00000000, 0.00000000, 0.00000000, -0.31147897, -1.15870178, -0.12110001, 101.51500702, -15.80459404, 35.32999802, 0.00000000
4, 0.8875, 157, 0.47419217, -0.47738776, 0.36510029, -10.49716568, 173.24575806, 114.28316498, -11.45863724, -1.52002335, -67.29026794, 111.28066254, 9.49653244, 58.84433365, 1.00000000, 0.00000000, 0.00000000, 0.00000000, -0.40450901, -1.12965322, -0.10827029, 101.51500702, -15.80459404, 35.32999802, 0.00000000
4, 0.8900, 158, 0.56957883, -0.47873423, 0.30941677, -13.17574406, 190.35693359, 105.16062164, -11.45863724, -1.52002335, -67.29026794, 111.26260376, 9.69658852, 59.34762955, 1.00000000, 0.00000000, 0.00000000, 0.00000000, -0.49209532, -1.07555163, -0.07661361, 101.51500702, -15.80459404, 35.32999802, 0.00000000
2, 0.8400, 84, -0.91459370, -0.82169205, 1.08784485, -61.91857910, -28.12663269, -123.37123108, -44.37298965, -33.61590195, -85.03361511, -103.90905762, 36.37704086, -153.16749573, 0.37496090, -0.01352648, -0.77238989, 0.51247948, 0.96087790, -0.65107691, -0.81832165, 0.00000000, 0.00000000, 0.00000000, 0.00000000
2, 0.8500, 85, -0.77340752, -0.69106209, 0.91370767, -106.02420807, -11.19568539, -123.29055023, -43.81759644, -32.15433884, -85.79362488, -103.20447540, 37.84679794, -152.31706238, 0.38734502, -0.01822074, -0.76802152, 0.50968128, 0.82717288, -0.36466223, -0.56704336, 0.00000000, 0.00000000, 0.00000000, 0.00000000
4, 0.8925, 159, 0.67746395, -0.46121976, 0.22947116, -13.05214882, 203.37489319, 93.46018982, -11.45863724, -1.52002335, -67.29026794, 111.23896790, 9.93991756, 59.84798050, 1.00000000, 0.00000000, 0.00000000, 0.00000000, -0.58661717, -1.00361884, -0.01813114, 101.51500702, -15.80459404, 35.32999802, 0.00000000
4, 0.8950, 160, 0.78002644, -0.44274369, 0.14148124, -9.69898701, 211.94026184, 80.14332581, -10.17246437, -0.70154923, -66.99795532, 111.21811676, 10.22178459, 60.33586884, 1.00000000, 0.00000000, 0.00000000, 0.00000000, -0.67464948, -0.92412299, 0.04257169, 101.51500702, -15.80459404, 35.32999802, 0.00000000
4, 0.9125, 161, 0.95723403, -0.68766445, -0.34555918, 37.35164261, 141.06198120, 0.29274976, -8.62320995, -1.16924870, -66.44255829, 111.48786163, 12.46721649, 62.81381607, 1.00000000, 0.00000000, 0.00000000, 0.00000000, -0.82746518, -0.37806594, -0.01462652, 101.51500702, -15.80459404, 35.32999802, 0.00000000
4, 0.9150, 162, 0.88430804, -0.71271235, -0.37816522, 41.98386765, 121.21262360, -4.77588558, -8.62320995, -1.16924870, -66.44255829, 111.57833099, 12.72531509, 63.00260925, 1.00000000, 0.00000000, 0.00000000, 0.00000000, -0.75404435, -0.33810854, -0.04119083, 101.51500702, -15.80459404, 35.32999802, 0.00000000
4, 0.9175, 163, 0.78904521, -0.73145235, -0.41876099, 46.26045990, 101.27139282, -8.44259834, -8.62320995, -1.16924870, -66.44255829, 111.68000031, 12.95234585, 63.15381622, 1.00000000, 0.00000000, 0.00000000, 0.00000000, -0.65766460, -0.29236245, -0.06343034, 101.51500702, -15.80459404, 35.32999802, 0.00000000
4, 0.9200, 164, 0.67859322, -0.74496180, -0.46832997, 49.96935654, 81.17214203, -10.91343307, -7.19087982, -1.60771704, -65.56562042, 111.79178619, 13.14602089, 63.26940918, 1.00000000, 0.00000000, 0.00000000, 0.00000000, -0.54552662, -0.23959421, -0.08077748, 101.51500702, -15.80459404, 35.32999802, 0.00000000
4, 0.9225, 165, 0.56578690, -0.76071638, -0.52293283, 53.03239441, 61.88692474, -12.58775330, -7.19087982, -1.60771704, -65.56562042, 111.91212463, 13.30650806, 63.35195160, 1.00000000, 0.00000000, 0.00000000, 0.00000000, -0.43176621, -0.18141341, -0.09905393, 101.51500702, -15.80459404, 35.32999802, 0.00000000
2, 0.8600, 86, -0.62240165, -0.64761692, 0.70888877, -115.22489929, 16.01519775, -106.52922821, -42.88219833, -31.10201645, -86.84594727, -102.78271484, 39.25382614, -151.42198181, 0.39941907, -0.02145174, -0.76498622, 0.50477761, 0.72095931, -0.17989071, -0.47092634, 0.00000000, 0.00000000, 0.00000000, 0.00000000
2, 0.8700, 87, -0.44415140, -0.67317742, 0.50519639, -106.68200684, 46.44151688, -85.08000183, -42.88219833, -31.10201645, -86.84594727, -102.60555267, 40.41814041, -150.46972656, 0.41023397, -0.02218163, -0.76327169, 0.49863064, 0.54704952, -0.03058835, -0.37187263, 0.00000000, 0.00000000, 0.00000000, 0.00000000
2, 0.8800, 88, -0.18896511, -0.68177545, 0.29693568, -89.60113525, 66.77719116, -62.35612869, -42.20988083, -29.99123001, -87.28441620, -102.61691284, 41.28785706, -149.53848267, 0.41919562, -0.02077033, -0.76264906, 0.49214864, 0.34664506, 0.13344908, -0.19471100, 0.00000000, 0.00000000, 0.00000000, 0.00000000
2, 0.8900, 89, 0.00179497, -0.67308497, 0.13277815, -65.79920197, 55.60326767, -42.17328262, -41.18678665, -28.99736977, -87.37211609, -104.68544006, 43.06802750, -149.20292664, 0.43105710, -0.02065361, -0.76952851, 0.47073266, 0.20789391, 0.26613423, -0.05181676, 0.00000000, 0.00000000, 0.00000000, 0.00000000
2, 0.9000, 90, 0.07006751, -0.68819129, 0.03685438, -35.87654114, 21.59897995, -30.20781517, -41.06986237, -29.90353584, -87.66442108, -104.60694122, 43.46086502, -148.81893921, 0.43484062, -0.02051681, -0.76883233, 0.46839058, 0.13980769, 0.32088852, -0.00236992, 0.00000000, 0.00000000, 0.00000000, 0.00000000
4, 0.9250, 166, 0.45532545, -0.77709013, -0.57668757, 55.23986816, 42.99920654, -13.32906342, -7.19087982, -1.60771704, -65.56562042, 113.65003967, 16.85829163, 64.76879120, 1.00000000, 0.00000000, 0.00000000, 0.00000000, -0.26334628, -0.09901782, -0.09863929, 101.51500702, -15.80459404, 35.32999802, 0.00000000
4, 0.9275, 167, 0.34820202, -0.79412013, -0.62690985, 56.23148346, 25.27348709, -13.53445435, -7.19087982, -1.60771704, -65.56562042, 113.78302002, 16.95083046, 64.79528809, 1.00000000, 0.00000000, 0.00000000, 0.00000000, -0.15681164, -0.04469100, -0.11813825, 101.51500702, -15.80459404, 35.32999802, 0.00000000
4, 0.9300, 168, 0.25662863, -0.80868322, -0.66988719, 56.57588577, 8.57312965, -13.21863461, -7.19087982, -1.60771704, -65.56562042, 113.91628265, 17.01192474, 64.79450226, 1.00000000, 0.00000000, 0.00000000, 0.00000000, -0.06604116, 0.00184812, -0.13446648, 101.51500702, -15.80459404, 35.32999802, 0.00000000
4, 0.9325, 169, 0.18347001, -0.82421070, -0.69529194, 55.91529846, -6.68554497, -12.57571125, -6.69394922, -2.48465347, -65.39023590, 114.04753876, 17.04342461, 64.76915741, 1.00000000, 0.00000000, 0.00000000, 0.00000000, 0.00502629, 0.03170626, -0.15331295, 101.51500702, -15.80459404, 35.32999802, 0.00000000
2, 0.9100, 91, -0.00026647, -0.78130287, 0.03208569, -0.93536961, -21.46784782, -27.19443130, -41.06986237, -29.90353584, -87.66442108, -104.24095917, 43.63650894, -148.70429993, 0.43623137, -0.02210058, -0.76715750, 0.46976930, 0.09926446, 0.27542913, -0.10547557, 0.00000000, 0.00000000, 0.00000000, 0.00000000
2, 0.9200, 92, -0.16324548, -0.85875690, 0.08077618, 17.31427574, -57.80958939, -26.54351044, -41.01139832, -28.55890083, -87.43057251, -103.68553925, 43.73648453, -148.83380127, 0.43614325, -0.02562961, -0.76473218, 0.47361049, 0.13421102, 0.19409227, -0.27684972, 0.00000000, 0.00000000, 0.00000000, 0.00000000
2, 0.9300, 93, -0.31043091, -0.85614049, 0.18595342, 25.17827034, -65.89270782, -28.54119110, -41.15755463, -28.67582512, -87.57672882, -103.03770447, 43.79661942, -148.98280334, 0.43570441, -0.02941859, -0.76193875, 0.47827351, 0.24953501, 0.10595231, -0.39276311, 0.00000000, 0.00000000, 0.00000000, 0.00000000
4, 0.9350, 170, 0.11481442, -0.84821320, -0.69799006, 55.38544846, -20.56779289, -11.70106602, -6.69394922, -2.48465347, -65.39023590, 114.17728424, 17.04765892, 64.72193909, 1.00000000, 0.00000000, 0.00000000, 0.00000000, 0.06851134, 0.04216761, -0.18575898, 101.51500702, -15.80459404, 35.32999802, 0.00000000
4, 0.9525, 171, 0.16764182, -0.97056967, -0.55949622, 39.43711472, -77.59304047, -2.55835557, -6.57702398, -3.44928384, -65.59485626, 114.97499084, 16.53369522, 64.01255798, 1.00000000, 0.00000000, 0.00000000, 0.00000000, -0.02089654, -0.05160378, -0.31750649, 101.51500702, -15.80459404, 35.32999802, 0.00000000
4, 0.9550, 172, 0.21662021, -0.95131493, -0.54053086, 35.93211746, -83.14093781, -1.18842876, -6.57702398, -3.44928384, -65.59485626, 115.06044769, 16.39900589, 63.87422180, 1.00000000, 0.00000000, 0.00000000, 0.00000000, -0.06892515, -0.07534529, -0.29424146, 101.51500702, -15.80459404, 35.32999802, 0.00000000
4, 0.9575, 173, 0.16328879, -0.95741469, -0.52504468, 31.85683060, -88.34528351, 0.20002009, -7.86319780, -3.71236467, -66.06255341, 115.13665771, 16.25102234, 63.72869110, 1.00000000, 0.00000000, 0.00000000, 0.00000000, -0.02087769, -0.08850639, -0.31273258, 101.51500702, -15.80459404, 35.32999802, 0.00000000
2, 0.9400, 94, -0.43399164, -0.82023239, 0.29477578, 27.81547546, -49.51452637, -37.67467880, -41.56679153, -28.55890083, -87.66442108, -110.83473206, 39.38239288, -148.45037842, 0.41224757, 0.02668574, -0.79796171, 0.43885884, 0.36716557, 0.03653303, -0.44482380, 0.00000000, 0.00000000, 0.00000000, 0.00000000
2, 0.9500, 95, -0.52401465, -0.81112272, 0.37746900, 25.91385841, -12.57066441, -54.29442978, -41.39140701, -28.79274940, -88.04443359, -110.04598236, 39.46116638, -147.93200684, 0.41490024, 0.02703425, -0.79472595, 0.44219649, 0.40860689, -0.01427259, -0.42303026, 0.00000000, 0.00000000, 0.00000000, 0.00000000
2, 0.9600, 96, -0.53842199, -0.81218970, 0.42807293, 18.59300041, 36.43771744, -75.55487823, -41.39140701, -28.79274940, -88.04443359, -109.21258545, 39.61338043, -146.85200500, 0.42019174, 0.03067625, -0.79108292, 0.44349253, 0.43894601, -0.05585813, -0.43597987, 0.00000000, 0.00000000, 0.00000000, 0.00000000
2, 0.9700, 97, -0.44961858, -0.82559049, 0.43705356, 7.80332279, 86.30383301, -96.69792175, -40.60216141, -28.44197655, -87.37211609, -108.35379791, 39.85343933, -145.21116638, 0.42820150, 0.03752971, -0.78705615, 0.44246781, 0.39681754, -0.06885682, -0.37061682, 0.00000000, 0.00000000, 0.00000000, 0.00000000
2, 0.9800, 98, -0.20858204, -0.83660811, 0.42222369, -2.62146878, 121.18964386, -110.08659363, -39.40368271, -28.09120178, -86.43671417, -107.50005341, 40.15837479, -143.19239807, 0.43804389, 0.04650486, -0.78278160, 0.43955439, 0.28034261, -0.06114638, -0.17294702, 0.00000000, 0.00000000, 0.00000000, 0.00000000
4, 0.9600, 174, 0.26712531, -0.89490443, -0.49606425, 26.93679619, -94.45594025, 2.07864714, -7.86319780, -3.71236467, -66.06255341, 115.20188904, 16.08692551, 63.57517624, 1.00000000, 0.00000000, 0.00000000, 0.00000000, -0.11626167, -0.13465917, -0.24181882, 101.51500702, -15.80459404, 35.32999802, 0.00000000
4, 0.9625, 175, 0.30686998, -0.85126948, -0.51387447, 26.58732796, -95.30428314, 3.32702875, -7.86319780, -3.71236467, -66.06255341, 115.26743317, 15.91922665, 63.42247391, 1.00000000, 0.00000000, 0.00000000, 0.00000000, -0.14952601, -0.13055936, -0.18705189, 101.51500702, -15.80459404, 35.32999802, 0.00000000
4, 0.9650, 176, 0.32159868, -0.83469075, -0.48814413, 26.31501389, -96.59882355, 2.26226377, -7.86319780, -3.71236467, -66.06255341, 115.33196259, 15.75099754, 63.26535416, 1.00000000, 0.00000000, 0.00000000, 0.00000000, -0.16528887, -0.16025847, -0.17478201, 101.51500702, -15.80459404, 35.32999802, 0.00000000
4, 0.9675, 177, 0.29824120, -0.82423300, -0.46204183, 26.46611214, -97.61758423, 1.26324010, -7.86319780, -3.71236467, -66.06255341, 115.39662170, 15.58284473, 63.10451508, 1.00000000, 0.00000000, 0.00000000, 0.00000000, -0.14470989, -0.18852407, -0.17537048, 101.51500702, -15.80459404, 35.32999802, 0.00000000
4, 0.9700, 178, 0.27093700, -0.82554686, -0.43914834, 26.46890831, -97.80680847, 0.14295389, -8.09704781, -5.34931278, -65.97486115, 115.46099854, 15.41639423, 62.94113159, 1.00000000, 0.00000000, 0.00000000, 0.00000000, -0.12212221, -0.21028402, -0.18684928, 101.51500702, -15.80459404, 35.32999802, 0.00000000
4, 0.9725, 179, 0.24216756, -0.83191413, -0.41205275, 26.18074417, -96.94666290, -1.92909658, -8.09704781, -5.34931278, -65.97486115, 115.52375793, 15.25501251, 62.77513504, 1.00000000, 0.00000000, 0.00000000, 0.00000000, -0.09912315, -0.23457755, -0.20458755, 101.51500702, -15.80459404, 35.32999802, 0.00000000
4, 0.9750, 180, 0.20624754, -0.84411067, -0.38650465, 25.38438034, -94.56369019, -4.38121319, -8.09704781, -5.34931278, -65.97486115, 119.43622589, 16.24866104, 62.76374435, 1.00000000, 0.00000000, 0.00000000, 0.00000000, -0.05062963, -0.22098517, -0.17383268, 101.51500702, -15.80459404, 35.32999802, 0.00000000
2, 0.9900, 99, 0.10963362, -0.80744696, 0.33624899, -9.58125019, 126.99541473, -112.44245911, -38.02981567, -27.74042702, -86.93364716, -104.14582062, 40.15382004, -141.47601318, 0.44606683, 0.04521270, -0.76899379, 0.45566308, 0.12812716, 0.03065944, 0.08571637, 0.00000000, 0.00000000, 0.00000000, 0.00000000
2, 1.0000, 100, 0.35504752, -0.78564233, 0.25764495, -17.91758156, 88.60664368, -106.77519226, -36.80210495, -28.12043190, -85.99824524, -103.30249023, 40.54421997, -139.75024414, 0.45538801, 0.05127391, -0.76471877, 0.45298785, 0.00344539, 0.11780901, 0.26205009, 0.00000000, 0.00000000, 0.00000000, 0.00000000
2, 1.0100, 101, 0.44928536, -0.78390229, 0.19359809, -30.11527824, 33.62307358, -93.39694977, -36.80210495, -28.12043190, -85.99824524, -102.51284027, 41.10615921, -138.59896851, 0.46328610, 0.05262133, -0.76082593, 0.45137674, -0.05912677, 0.17079464, 0.32150880, 0.00000000, 0.00000000, 0.00000000, 0.00000000
2, 1.0200, 102, 0.43015915, -0.71519911, 0.16751699, -45.23899460, -23.35299683, -77.47639465, -36.04209137, -26.39579010, -86.17362976, -101.82511902, 41.87367249, -138.07284546, 0.46968681, 0.04897350, -0.75755990, 0.45066521, -0.00053466, 0.22258940, 0.31318307, 0.00000000, 0.00000000, 0.00000000, 0.00000000
2, 1.0300, 103, 0.33911920, -0.66581106, 0.18917949, -58.74116898, -69.90184784, -63.68758011, -35.86670685, -25.78193474, -86.46594238, -101.24687195, 42.82532883, -138.07192993, 0.47484043, 0.04119146, -0.75486815, 0.45055956, 0.09878142, 0.22065088, 0.24458744, 0.00000000, 0.00000000, 0.00000000, 0.00000000
2, 1.0400, 104, 0.19868149, -0.69906747, 0.26254666, -69.26747894, -97.62561035, -56.70005035, -35.63285446, -24.72961044, -87.19672394, -99.75325775, 42.70694733, -138.52879333, 0.47289580, 0.03269447, -0.74911499, 0.46273911, 0.17732027, 0.13387185, 0.11050663, 0.00000000, 0.00000000, 0.00000000, 0.00000000
2, 1.0500, 105, 0.06858785, -0.68525815, 0.32266426, -84.69605255, -100.78012848, -56.39613724, -36.36363602, -25.19731140, -88.48290253, -99.30690765, 43.94973755, -138.85581970, 0.47796988, 0.02153783, -0.74682796, 0.46187547, 0.27578861, 0.08865523, -0.00378085, 0.00000000, 0.00000000, 0.00000000, 0.00000000
2, 1.0600, 106, -0.00488541, -0.60219413, 0.33181161, -102.15837097, -83.03663635, -60.07109451, -36.36363602, -25.19731140, -88.48290253, -98.95507812, 45.31118393, -139.03031921, 0.48412710, 0.01104531, -0.74472290, 0.45922408, 0.39283434, 0.10810661, -0.04416379, 0.00000000, 0.00000000, 0.00000000, 0.00000000
4, 1.0350, 181, 0.24925825, -0.93323749, -0.31663463, -17.73440361, -3.50790334, -26.29157448, -9.58784008, -3.85852075, -65.91639709, 123.98864746, 15.62084579, 60.53063202, 1.00000000, 0.00000000, 0.00000000, 0.00000000, -0.12283508, -0.22434571, -0.20316711, 101.51500702, -15.80459404, 35.32999802, 0.00000000
4, 1.0375, 182, 0.28029785, -0.91329288, -0.32171097, -19.65684128, -2.69017792, -25.88636589, -9.58784008, -3.85852075, -65.91639709, 123.92372894, 15.65912437, 60.47742462, 1.00000000, 0.00000000, 0.00000000, 0.00000000, -0.14892794, -0.22574452, -0.17826317, 101.51500702, -15.80459404, 35.32999802, 0.00000000
4, 1.0400, 183, 0.30442902, -0.89648312, -0.32939711, -21.43709755, -1.86770678, -25.76331139, -9.58784008, -3.85852075, -65.91639709, 123.85440063, 15.69770432, 60.42554474, 1.00000000, 0.00000000, 0.00000000, 0.00000000, -0.16863649, -0.22377361, -0.15689369, 101.51500702, -15.80459404, 35.32999802, 0.00000000
2, 1.0700, 107, -0.03460601, -0.49457785, 0.29722142, -118.02799988, -52.14700317, -65.61824036, -36.74364090, -24.05729294, -89.21367645, -98.68013763, 46.74377060, -138.91481018, 0.49167296, 0.00231171, -0.74276763, 0.45447624, 0.49043870, 0.17601350, -0.04467644, 0.00000000, 0.00000000, 0.00000000, 0.00000000
2, 1.0800, 108, 0.00190480, -0.37202790, 0.26716572, -132.20179749, -14.91418839, -71.02153015, -35.74977875, -24.40806770, -90.67523956, -98.46412659, 48.21142960, -138.44094849, 0.50066471, -0.00409026, -0.74096268, 0.44754049, 0.57298732, 0.24645448, 0.02179245, 0.00000000, 0.00000000, 0.00000000, 0.00000000
2, 1.0900, 109, 0.09426120, -0.24026954, 0.23080131, -142.13999939, 29.12047577, -73.05211639, -35.95439911, -21.66033363, -90.99678040, -90.24008179, 44.61233521, -137.85620117, 0.48567855, -0.01421356, -0.70801783, 0.51246965, 0.62001842, 0.34426671, 0.11874063, 0.00000000, 0.00000000, 0.00000000, 0.00000000
2, 1.1000, 110, 0.20578530, -0.19219279, 0.16341141, -143.37503052, 57.39834595, -66.93800354, -35.95439911, -19.55568504, -90.82139587, -90.12899780, 45.83949661, -136.62791443, 0.49656504, -0.01466510, -0.70750904, 0.50263214, 0.54854953, 0.46367025, 0.15155633, 0.00000000, 0.00000000, 0.00000000, 0.00000000
5, 0.0001, 0, -0.03033684, -0.86139476, -0.19134170, -15.59111786, 1.16487658, -52.08093262, 36.27594376, 46.21455765, -58.87167358, 176.15818787, 62.54158401, 157.95637512, 0.51469976, -0.14623803, -0.84181285, 0.07106207, 0.10012627, 0.07458593, 0.07089959, 0.00000000, 0.00000000, 0.00000000, 0.00000000
5, 0.0101, 1, -0.01942679, -0.90143800, -0.21416076, -19.71390915, 14.26572990, -51.54092026, 36.27594376, 46.21455765, -58.87167358, 175.64715576, 63.05844498, 157.55798340, 0.51886588, -0.14626774, -0.83934087, 0.06993466, 0.06244751, 0.07463583, 0.05175728, 0.00000000, 0.00000000, 0.00000000, 0.00000000
4, 1.0425, 184, 0.32325533, -0.87965465, -0.33867398, -23.00095367, -1.45415258, -25.93157196, -9.58784008, -3.85852075, -65.91639709, 123.78102112, 15.73659611, 60.37370300, 1.00000000, 0.00000000, 0.00000000, 0.00000000, -0.18303719, -0.22032124, -0.13608448, 101.51500702, -15.80459404, 35.32999802, 0.00000000
4, 1.0450, 185, 0.33540922, -0.86129081, -0.35354882, -24.21033669, -0.96639341, -26.38527870, -9.58784008, -3.85852075, -65.91639709, 123.70431519, 15.77657604, 60.32173157, 1.00000000, 0.00000000, 0.00000000, 0.00000000, -0.19029197, -0.21198310, -0.11350747, 101.51500702, -15.80459404, 35.32999802, 0.00000000
4, 1.0475, 186, 0.34128055, -0.84732521, -0.36775544, -25.41848564, -0.61436611, -26.98108673, -9.90938282, -2.98158431, -66.26717377, 123.62418365, 15.81772423, 60.26905823, 1.00000000, 0.00000000, 0.00000000, 0.00000000, -0.19216035, -0.20303151, -0.09646367, 101.51500702, -15.80459404, 35.32999802, 0.00000000
4, 1.0500, 187, 0.34555078, -0.83798277, -0.38239047, -26.34154320, -0.39631411, -27.79486084, -9.90938282, -2.98158431, -66.26717377, 123.54119873, 15.86035156, 60.21516037, 1.00000000, 0.00000000, 0.00000000, 0.00000000, -0.19321968, -0.19234470, -0.08398458, 101.51500702, -15.80459404, 35.32999802, 0.00000000
2, 1.1100, 111, 0.29635713, -0.09994692, 0.08763283, -145.96244812, 67.09171295, -58.72126770, -35.95439911, -19.55568504, -90.82139587, -90.12592316, 47.03453064, -135.40202332, 0.50708854, -0.01447649, -0.70748800, 0.49204928, 0.56026602, 0.56086743, 0.25026745, 0.00000000, 0.00000000, 0.00000000, 0.00000000
5, 0.0201, 2, 0.00108383, -0.95701420, -0.21921669, -24.77164841, 25.67781067, -49.17150116, 36.30517197, 46.33148193, -58.87167358, 174.99821472, 63.56344986, 157.14872742, 0.52310324, -0.14570682, -0.83697391, 0.06787709, 0.00722257, 0.06911235, 0.03873518, 0.00000000, 0.00000000, 0.00000000, 0.00000000
4, 1.0525, 188, 0.34317341, -0.83160669, -0.39426476, -27.40641403, -0.17748298, -28.67537308, -9.90938282, -2.98158431, -66.26717377, 123.45497131, 15.90451908, 60.15986252, 1.00000000, 0.00000000, 0.00000000, 0.00000000, -0.18838716, -0.18345878, -0.07635547, 101.51500702, -15.80459404, 35.32999802, 0.00000000
2, 1.1200, 112, 0.34842390, 0.01270723, 0.03741712, -144.72422791, 67.48978424, -47.26465607, -35.36977386, -21.48494530, -91.52294922, -90.24289703, 48.19202042, -134.29365540, 0.51674873, -0.01424153, -0.70796192, 0.48120472, 0.61568463, 0.64650524, 0.32897574, 0.00000000, 0.00000000, 0.00000000, 0.00000000
2, 1.1300, 113, 0.36477950, 0.05662248, 0.03258457, -139.99028015, 58.62170792, -37.80752563, -33.82051849, -17.80181122, -92.04911041, -90.42823029, 49.32034683, -133.35678101, 0.52539045, -0.01455459, -0.70867759, 0.47066888, 0.65356529, 0.65820754, 0.36088952, 0.00000000, 0.00000000, 0.00000000, 0.00000000
4, 1.0550, 189, 0.33808148, -0.82776904, -0.40763903, -28.25987816, 0.25206313, -29.76596832, -9.90938282, -2.98158431, -66.26717377, 123.36592102, 15.95103455, 60.10329437, 1.00000000, 0.00000000, 0.00000000, 0.00000000, -0.18121308, -0.17241403, -0.07123065, 101.51500702, -15.80459404, 35.32999802, 0.00000000
4, 1.0575, 190, 0.32805684, -0.82720369, -0.42240298, -29.25420761, 0.54223734, -30.78628922, -9.90938282, -2.98158431, -66.26717377, 123.27370453, 15.99948311, 60.04525375, 1.00000000, 0.00000000, 0.00000000, 0.00000000, -0.16965865, -0.15910706, -0.06974301, 101.51500702, -15.80459404, 35.32999802, 0.00000000
4, 1.0600, 191, 0.31656644, -0.82306659, -0.43138719, -30.24970055, 0.96924806, -31.73428535, -9.61707115, -2.16311026, -66.73487091, 123.17839050, 16.04993629, 59.98609543, 1.00000000, 0.00000000, 0.00000000, 0.00000000, -0.15631086, -0.15238571, -0.06686623, 101.51500702, -15.80459404, 35.32999802, 0.00000000
4, 1.0625, 192, 0.30113220, -0.81808656, -0.43987599, -31.31592941, 1.39941037, -32.89010239, -9.61707115, -2.16311026, -66.73487091, 123.07962799, 16.10276985, 59.92546463, 1.00000000, 0.00000000, 0.00000000, 0.00000000, -0.13892505, -0.14640176, -0.06411806, 101.51500702, -15.80459404, 35.32999802, 0.00000000
2, 1.1400, 114, 0.36969435, 0.06960328, 0.04307625, -133.57824707, 52.17278671, -30.14017296, -34.08359909, -17.74334908, -92.34142303, -68.34420013, 51.87203979, -129.33760071, 0.54037189, -0.11095330, -0.61136407, 0.56738132, 0.68277347, 0.62535644, 0.31605890, 0.00000000, 0.00000000, 0.00000000, 0.00000000
2, 1.1500, 115, 0.29678780, 0.13067387, 0.05812354, -131.16435242, 49.48603821, -25.70612526, -34.17129517, -15.96024513, -92.45834351, -68.10712433, 52.67391586, -127.98074341, 0.54887789, -0.11027291, -0.61220425, 0.55837166, 0.79066324, 0.58352804, 0.10226464, 0.00000000, 0.00000000, 0.00000000, 0.00000000
4, 1.0650, 193, 0.28607616, -0.81727892, -0.44610137, -32.38113022, 1.69052649, -33.97867584, -9.61707115, -2.16311026, -66.73487091, 122.97748566, 16.15762520, 59.86318588, 1.00000000, 0.00000000, 0.00000000, 0.00000000, -0.12273116, -0.14139025, -0.06592578, 101.51500702, -15.80459404, 35.32999802, 0.00000000
4, 1.0675, 194, 0.27002677, -0.81777048, -0.45527282, -33.30451584, 1.98086369, -35.00052261, -9.61707115, -2.16311026, -66.73487091, 122.87230682, 16.21440506, 59.79939270, 1.00000000, 0.00000000, 0.00000000, 0.00000000, -0.10560002, -0.13319807, -0.06834533, 101.51500702, -15.80459404, 35.32999802, 0.00000000
4, 1.0700, 195, 0.24904434, -0.82031828, -0.46569598, -34.65349960, 2.27132821, -36.08301544, -9.61707115, -2.16311026, -66.73487091, 122.76300812, 16.27306175, 59.73386383, 1.00000000, 0.00000000, 0.00000000, 0.00000000, -0.08388282, -0.12323628, -0.07331167, 101.51500702, -15.80459404, 35.32999802, 0.00000000
4, 1.1000, 196, 0.09407690, -0.85596609, -0.57159650, -43.57966995, 1.82940435, -44.13557434, -9.00321579, -2.95235300, -66.96871948, 122.69870758, 17.62454033, 58.69180298, 1.00000000, 0.00000000, 0.00000000, 0.00000000, 0.09039970, -0.00634278, -0.10966782, 101.51500702, -15.80459404, 35.32999802, 0.00000000
2, 1.1600, 116, 0.22569321, 0.14149621, 0.10336326, -128.87434387, 53.31913757, -23.74563217, -34.17129517, -15.96024513, -92.45834351, -67.87957764, 53.43491364, -126.61411285, 0.55715096, -0.10921489, -0.61311382, 0.54931456, 0.85903066, 0.53915167, 0.05414262, 0.00000000, 0.00000000, 0.00000000, 0.00000000
2, 1.1700, 117, 0.22517738, 0.11502539, 0.15357998, -131.06597900, 67.07112122, -24.06681442, -33.03127670, -15.55100822, -92.63372803, -67.65660095, 54.13629913, -125.12413788, 0.56568545, -0.10706637, -0.61414778, 0.53977716, 0.86934125, 0.47216454, 0.05658048, 0.00000000, 0.00000000, 0.00000000, 0.00000000
2, 1.1800, 118, 0.27155042, 0.10838144, 0.15548699, -137.71119690, 77.83058167, -22.78479385, -33.32358932, -16.16486359, -92.48757935, -67.45165253, 54.83311844, -123.52398682, 0.57453954, -0.10419785, -0.61539668, 0.52946597, 0.85191536, 0.45729098, 0.09798269, 0.00000000, 0.00000000, 0.00000000, 0.00000000
2, 1.1900, 119, 0.31696510, 0.19072415, 0.10070018, -149.52241516, 76.86394501, -19.15588379, -32.35895920, -13.27097321, -92.37065125, -49.99573898, 49.64609528, -106.68053436, 0.63345134, -0.07622951, -0.53485113, 0.55395192, 0.86244500, 0.52956897, 0.11035254, 0.00000000, 0.00000000, 0.00000000, 0.00000000
5, 0.0301, 3, 0.05628813, -0.96358371, -0.21497287, -31.38657188, 34.45014954, -49.14109421, 36.56825638, 46.74071884, -58.98859787, 174.17123413, 64.07366943, 156.66203308, 0.52754641, -0.14481996, -0.83456862, 0.06494154, -0.01745387, 0.05900206, 0.07792853, 0.00000000, 0.00000000, 0.00000000, 0.00000000
5, 0.0401, 4, 0.11622491, -0.87494540, -0.19245780, -38.50996399, 37.62062073, -51.74397278, 37.35749817, 47.50072861, -59.19321823, 173.14526367, 64.60388184, 156.01844788, 0.53228444, -0.14403903, -0.83195984, 0.06139225, 0.04373933, 0.04059830, 0.16140342, 0.00000000, 0.00000000, 0.00000000, 0.00000000
5, 0.0501, 5, 0.16304585, -0.72099257, -0.17698908, -45.70944595, 31.82740593, -56.80286407, 37.47442245, 47.76381302, -58.43320465, 169.00628662, 67.60478210, 152.20988464, 0.55668211, -0.14690110, -0.81573337, 0.05571557, 0.17295685, 0.03226125, 0.24863145, 0.00000000, 0.00000000, 0.00000000, 0.00000000
2, 1.2000, 120, 0.35699660, 0.30082208, 0.04982233, -162.36163330, 69.93997955, -14.65977478, -32.35895920, -13.27097321, -92.37065125, -49.79270554, 50.27765274, -104.87253571, 0.64237112, -0.07310859, -0.53700864, 0.54188210, 0.86677086, 0.60180479, 0.03108788, 0.00000000, 0.00000000, 0.00000000, 0.00000000
2, 1.2100, 121, 0.34683728, 0.41139573, 0.03218260, -175.84539795, 54.89888000, -14.07995033, -32.18357086, -12.01403046, -92.60449982, -49.43145370, 51.09103775, -102.95006561, 0.65154552, -0.07149279, -0.53911865, 0.52889359, 0.95694745, 0.66370916, 0.06341878, 0.00000000, 0.00000000, 0.00000000, 0.00000000
2, 1.2200, 122, 0.34218499, 0.48060632, -0.00503996, -189.52003479, 44.26176071, -17.78060913, -31.97895241, -11.10786343, -92.37065125, -48.85432816, 52.03860474, -100.82681274, 0.66120100, -0.07099373, -0.54091531, 0.51496011, 1.00534463, 0.71819139, 0.08081383, 0.00000000, 0.00000000, 0.00000000, 0.00000000
5, 0.0601, 6, 0.16522042, -0.61409473, -0.17536536, -49.13039398, 22.72348785, -60.42895508, 37.47442245, 47.76381302, -58.43320465, 167.42710876, 68.14035034, 150.87959290, 0.56175846, -0.14762114, -0.81234908, 0.05219685, 0.28520334, 0.02473397, 0.25337121, 0.00000000, 0.00000000, 0.00000000, 0.00000000
5, 0.0701, 7, 0.14197740, -0.56425560, -0.20491785, -50.62659073, 10.81650734, -61.93807220, 37.94212341, 48.14381790, -59.19321823, 165.72190857, 68.64757538, 149.30815125, 0.56671137, -0.14928970, -0.80878979, 0.04909164, 0.34013313, 0.05126593, 0.24094948, 0.00000000, 0.00000000, 0.00000000, 0.00000000
5, 0.0801, 8, 0.15713654, -0.60999060, -0.24153151, -51.43566895, -3.12699413, -61.78691101, 37.91289139, 48.96229172, -58.69628525, 163.91171265, 69.10258484, 147.49830627, 0.57137966, -0.15202348, -0.80514097, 0.04650053, 0.29167840, 0.07336262, 0.22359692, 0.00000000, 0.00000000, 0.00000000, 0.00000000
5, 0.0901, 9, 0.20116653, -0.68061459, -0.21543573, -53.83992386, -13.03362942, -61.32644272, 38.46828461, 49.57614517, -59.63168716, 161.95712280, 69.50222015, 145.45503235, 0.57582724, -0.15558986, -0.80141604, 0.04412643, 0.21491641, 0.02986553, 0.22558060, 0.00000000, 0.00000000, 0.00000000, 0.00000000
2, 1.2300, 123, 0.20779727, 0.49472016, -0.03815372, -199.60948181, 41.69583893, -27.17491531, -31.83279800, -10.02630806, -92.07833862, -48.01299286, 53.01579285, -98.42260742, 0.67150664, -0.07085326, -0.54199409, 0.50030100, 1.06996632, 0.73863542, -0.03929763, 0.00000000, 0.00000000, 0.00000000, 0.00000000
2, 1.2400, 124, 0.12870838, 0.36448389, -0.01066709, -200.84126282, 48.18584824, -43.86360550, -31.30663490, -7.98012257, -92.69219208, -33.49857712, 46.19600677, -82.70584869, 0.73588037, -0.04921263, -0.45713028, 0.49708158, 1.00426888, 0.61974525, -0.19616562, 0.00000000, 0.00000000, 0.00000000, 0.00000000
2, 1.2500, 125, 0.13218649, 0.19342278, 0.05480203, -204.80305481, 62.98534012, -62.52225876, -31.30663490, -7.98012257, -92.69219208, -32.56622696, 46.42807388, -79.90715790, 0.74721509, -0.04543639, -0.45551035, 0.48178363, 0.84105122, 0.42668980, -0.37569213, 0.00000000, 0.00000000, 0.00000000, 0.00000000
5, 0.1001, 10, 0.14374490, -0.64354122, -0.18590076, -60.23872375, -14.22783470, -58.83733368, 38.05904770, 50.39462280, -59.92399979, 157.97412109, 70.11888123, 141.64242554, 0.58392274, -0.16031510, -0.79493642, 0.03754271, 0.27813998, -0.00754319, 0.17866367, 0.00000000, 0.00000000, 0.00000000, 0.00000000
2, 1.2600, 126, 0.20275846, 0.16293330, 0.01580573, -223.58895874, 76.61647797, -78.88515472, -31.04355431, -6.19701815, -92.37065125, -31.47573280, 46.52972031, -76.74273682, 0.75975907, -0.04063638, -0.45274010, 0.46491009, 0.77043915, 0.43336821, -0.33738017, 0.00000000, 0.00000000, 0.00000000, 0.00000000
2, 1.2700, 127, 0.32256988, 0.27810466, -0.09992278, -253.67593384, 73.99456787, -90.56385803, -30.40046692, -5.29085064, -91.96141052, -30.10575867, 46.66713715, -73.12097168, 0.77350360, -0.03629384, -0.44927838, 0.44556010, 0.75567758, 0.57801938, -0.21867168, 0.00000000, 0.00000000, 0.00000000, 0.00000000
5, 0.1101, 11, 0.00737745, -0.53813815, -0.15384120, -65.32824707, -5.30118799, -53.03905487, 38.05904770, 50.39462280, -59.92399979, 155.59381104, 70.34477234, 139.29347229, 0.58796668, -0.16372214, -0.79142040, 0.03382610, 0.43658018, -0.04458247, 0.08491939, 0.00000000, 0.00000000, 0.00000000, 0.00000000
2, 1.2800, 128, 0.42028156, 0.43402570, -0.19389433, -283.85763550, 55.61584473, -103.91278839, -29.93276787, -3.88775206, -92.48757935, -28.28871536, 46.89806366, -68.99578094, 0.78823751, -0.03378565, -0.44498557, 0.42370760, 0.79303432, 0.72016817, -0.10077490, 0.00000000, 0.00000000, 0.00000000, 0.00000000
2, 1.2900, 129, 0.47983822, 0.58821505, -0.26325595, -314.01748657, 32.46993256, -121.70500183, -30.40046692, 0.58462435, -92.60449982, -5.84976578, 42.47796249, -62.62448120, 0.80488777, -0.14738765, -0.33380917, 0.46797860, 0.84326959, 0.77866364, -0.04445229, 0.00000000, 0.00000000, 0.00000000, 0.00000000
2, 1.3000, 130, 0.47675708, 0.73508132, -0.31855398, -344.93502808, 13.02947044, -142.31169128, -30.40046692, 0.58462435, -92.60449982, -3.67756796, 41.47229385, -57.95879364, 0.82320875, -0.14520280, -0.32411337, 0.44293791, 0.88262689, 0.70761383, -0.10868689, 0.00000000, 0.00000000, 0.00000000, 0.00000000
2, 1.3100, 131, 0.39397198, 0.81332600, -0.40185040, -378.83889771, 4.87582445, -163.71447754, -30.07892418, 3.27389646, -92.28295898, -1.31356609, 40.20356750, -52.91595459, 0.84242541, -0.14348042, -0.31246716, 0.41484594, 0.92576474, 0.78971386, -0.18751752, 0.00000000, 0.00000000, 0.00000000, 0.00000000
2, 1.3200, 132, 0.26204905, 0.78828555, -0.46674889, -405.56530762, 15.90342236, -185.44049072, -30.28354263, 5.72931862, -91.90295410, 0.94187987, 38.53865051, -47.72969437, 0.86214340, -0.14060615, -0.29864463, 0.38438261, 0.91382223, 0.80197155, -0.34751838, 0.00000000, 0.00000000, 0.00000000, 0.00000000
4, 1.1025, 197, 0.09495473, -0.84329253, -0.56337661, -44.01070023, 2.59704781, -44.74048233, -9.00321579, -2.95235300, -66.96871948, 122.55831909, 17.69626999, 58.60897064, 1.00000000, 0.00000000, 0.00000000, 0.00000000, 0.09251793, -0.01883005, -0.10210554, 101.51500702, -15.80459404, 35.32999802, 0.00000000
4, 1.1050, 198, 0.10026536, -0.82925421, -0.55672061, -44.72558975, 3.51744819, -46.31368256, -9.00321579, -2.95235300, -66.96871948, 122.41504669, 17.77195930, 58.52485657, 1.00000000, 0.00000000, 0.00000000, 0.00000000, 0.09066737, -0.03021818, -0.09205259, 101.51500702, -15.80459404, 35.32999802, 0.00000000
4, 1.1075, 199, 0.10026536, -0.82925421, -0.55672061, -44.72558975, 3.51744819, -46.31368256, -9.00321579, -2.95235300, -66.96871948, 122.27161407, 17.84744072, 58.44051361, 1.00000000, 0.00000000, 0.00000000, 0.00000000, 0.09192177, -0.03115291, -0.09428180, 101.51500702, -15.80459404, 35.32999802, 0.00000000
5, 0.1201, 12, -0.10264260, -0.45965028, -0.15514368, -69.68818665, 8.27053738, -46.03519821, 37.85442734, 51.44694519, -59.83630371, 153.13430786, 70.49728394, 137.02040100, 0.59181345, -0.16623616, -0.78820992, 0.02911239, 0.55437136, -0.04585247, 0.00895498, 0.00000000, 0.00000000, 0.00000000, 0.00000000
5, 0.1301, 13, -0.13309611, -0.39300263, -0.17437716, -75.43441010, 23.27255058, -38.89198303, 38.14673996, 51.76848984, -59.71937943, 150.58299255, 70.57567596, 134.82861328, 0.59549797, -0.16779780, -0.78529352, 0.02324245, 0.62581396, -0.03124217, -0.00016130, 0.00000000, 0.00000000, 0.00000000, 0.00000000
5, 0.1401, 14, -0.05531439, -0.32229826, -0.09985214, -80.11839294, 41.45293045, -32.45767212, 38.52674484, 52.99620056, -59.95322800, 147.97767639, 70.60295105, 132.78210449, 0.59912300, -0.16811964, -0.78263998, 0.01619239, 0.66513902, -0.10968817, 0.09544280, 0.00000000, 0.00000000, 0.00000000, 0.00000000
2, 1.3300, 133, 0.20782809, 0.66628766, -0.46450961, -413.39212036, 44.20722961, -202.58753967, -30.07892418, 10.99093819, -90.26600647, 2.75574589, 36.43978119, -42.76365662, 0.88148916, -0.13522713, -0.28273296, 0.35320327, 0.81738317, 0.70996583, -0.46192348, 0.00000000, 0.00000000, 0.00000000, 0.00000000
2, 1.3400, 134, 0.22981754, 0.68063521, -0.47067314, -412.60705566, 81.60855865, -207.94035339, -30.51739311, 14.20637226, -88.80444336, 17.45471191, 27.91631699, -37.56620026, 0.89636618, -0.21617843, -0.17830981, 0.34351155, 0.76068807, 0.64922059, -0.46486038, 0.00000000, 0.00000000, 0.00000000, 0.00000000
2, 1.3500, 135, 0.27044505, 0.92902076, -0.52994603, -404.67333984, 120.18817139, -204.63504028, -30.51739311, 14.20637226, -88.80444336, 17.07323647, 24.56541634, -34.46934128, 0.91354150, -0.20086324, -0.15795809, 0.31645742, 0.79368043, 0.66280234, -0.38590655, 0.00000000, 0.00000000, 0.00000000, 0.00000000
5, 0.1501, 15, 0.01698628, -0.24863943, -0.03162887, -85.41485596, 59.83251953, -28.02632332, 39.02367783, 53.20081711, -60.27477264, 152.49815369, 72.26712799, 136.31449890, 0.60307622, -0.16177744, -0.78032601, 0.03490841, 0.71085680, -0.16968089, 0.18600851, 0.00000000, 0.00000000, 0.00000000, 0.00000000
5, 0.1601, 16, 0.04244804, -0.16049337, -0.01629941, -92.72486877, 70.67338562, -25.88720894, 39.02367783, 53.20081711, -60.27477264, 149.45033264, 72.29203796, 134.16305542, 0.60693544, -0.16022745, -0.77800983, 0.02563730, 0.78835326, -0.15176518, 0.23603727, 0.00000000, 0.00000000, 0.00000000, 0.00000000
5, 0.1701, 17, 0.07916398, -0.09195894, -0.01172228, -100.27474213, 71.87071228, -24.04500580, 39.57907104, 54.69160843, -59.95322800, 146.22128296, 72.23323059, 131.86775208, 0.61068594, -0.15885369, -0.77561694, 0.01570597, 0.83512765, -0.16302085, 0.28978908, 0.00000000, 0.00000000, 0.00000000, 0.00000000
5, 0.1801, 18, 0.14178863, -0.05054495, 0.03147439, -105.12456512, 70.56428528, -21.40302086, 40.13446426, 54.86699677, -58.84244156, 142.93632507, 72.08432770, 129.52426147, 0.61419606, -0.15772982, -0.77321118, 0.00540088, 0.85019821, -0.21660072, 0.35777590, 0.00000000, 0.00000000, 0.00000000, 0.00000000
5, 0.1901, 19, 0.16607665, -0.02053076, 0.02518509, -110.33511353, 69.57839203, -19.18695450, 40.80678177, 56.18240356, -58.57936096, 139.61563110, 71.84461975, 127.15672302, 0.61749369, -0.15684475, -0.77076143, -0.00530994, 0.86532336, -0.22303341, 0.38388926, 0.00000000, 0.00000000, 0.00000000, 0.00000000
5, 0.2001, 20, 0.17863911, 0.00411560, -0.06888934, -117.50037384, 63.54464340, -19.25708771, 40.28062057, 56.73779678, -58.75474930, 99.64282227, 72.13907623, 82.17028046, 0.68869382, -0.21585250, -0.69216710, -0.00365645, 0.87154043, -0.16464077, 0.34833223, 0.00000000, 0.00000000, 0.00000000, 0.00000000
2, 1.3600, 136, 0.39689913, 1.19951737, -0.57621735, -383.68563843, 152.97908020, -204.05543518, -30.83893585, 17.53873062, -86.34902191, 16.19902992, 21.17955208, -31.79026985, 0.92886221, -0.18302780, -0.13705587, 0.29143009, 0.87312293, 0.84426749, -0.20730832, 0.00000000, 0.00000000, 0.00000000, 0.00000000
2, 1.3700, 137, 0.53819281, 1.45897985, -0.58797377, -349.33624268, 181.49484253, -213.40521240, -31.51125336, 21.01724625, -83.48435974, 14.99342155, 17.72818947, -29.57489967, 0.94203454, -0.16363448, -0.11481164, 0.26946825, 0.95120716, 0.99812698, -0.01083592, 0.00000000, 0.00000000, 0.00000000, 0.00000000
5, 0.2301, 21, 0.42010227, 0.05231662, -0.12498204, -138.83700562, 32.40448380, -18.92151833, 41.82987213, 57.96550751, -59.31014252, 93.83467102, 69.12117767, 78.91826630, 0.69761652, -0.21813385, -0.68142128, -0.03760360, 0.79491168, -0.21815984, 0.42429030, 0.00000000, 0.00000000, 0.00000000, 0.00000000
2, 1.3800, 138, 0.61519200, 1.72117269, -0.56901157, -303.97650146, 206.25093079, -230.76539612, -32.59280777, 23.23881912, -80.88278198, 13.60758781, 14.17228031, -27.85814667, 0.95287991, -0.14359424, -0.09059043, 0.25138444, 1.07089472, 1.13231373, 0.13765076, 0.00000000, 0.00000000, 0.00000000, 0.00000000
2, 1.3900, 139, 0.72084588, 1.81624579, -0.56943649, -253.37704468, 233.63182068, -249.81149292, -33.44051361, 27.33119011, -78.69043732, 19.77251434, 5.06889582, -29.69095802, 0.94938982, -0.17696089, 0.00183765, 0.25950032, 1.01320136, 1.16913688, 0.25392780, 0.00000000, 0.00000000, 0.00000000, 0.00000000
4, 1.1100, 200, 0.11682200, -0.79264760, -0.53475076, -47.72779846, 6.56851721, -47.65925598, -9.00321579, -2.36772871, -67.11487579, 122.12000275, 17.92897987, 58.35882950, 1.00000000, 0.00000000, 0.00000000, 0.00000000, 0.08226074, -0.06378472, -0.06545061, 101.51500702, -15.80459404, 35.32999802, 0.00000000
4, 1.1125, 201, 0.11682200, -0.79264760, -0.53475076, -47.72779846, 6.56851721, -47.65925598, -9.00321579, -2.36772871, -67.11487579, 121.96816254, 18.01030731, 58.27686691, 1.00000000, 0.00000000, 0.00000000, 0.00000000, 0.08361094, -0.06475083, -0.06781936, 101.51500702, -15.80459404, 35.32999802, 0.00000000
4, 1.1150, 202, 0.14093882, -0.75406271, -0.49713159, -50.94296265, 9.54018402, -48.37351227, -9.00321579, -2.36772871, -67.11487579, 121.80802155, 18.09629059, 58.19838333, 1.00000000, 0.00000000, 0.00000000, 0.00000000, 0.06610338, -0.11296873, -0.04034768, 101.51500702, -15.80459404, 35.32999802, 0.00000000
4, 1.1175, 203, 0.15552549, -0.73459280, -0.47782934, -52.51759338, 11.33536148, -48.65590668, -9.00321579, -2.36772871, -67.11487579, 121.64376831, 18.18488121, 58.12221909, 1.00000000, 0.00000000, 0.00000000, 0.00000000, 0.05562519, -0.13811918, -0.02744046, 101.51500702, -15.80459404, 35.32999802, 0.00000000
2, 1.4000, 140, 1.00556183, 1.59649181, -0.69967180, -220.34667969, 248.27140808, -266.79098511, -33.44051361, 27.33119011, -78.69043732, 18.13861656, 1.16579902, -29.28886604, 0.95496315, -0.15504022, 0.03012988, 0.25119761, 0.52288693, 1.09543872, 0.40182251, 0.00000000, 0.00000000, 0.00000000, 0.00000000
2, 1.4100, 141, 1.30484164, 1.44178820, -0.87890726, -217.31924438, 231.22886658, -280.63943481, -33.87898254, 30.04969215, -75.56269836, 16.68178749, -2.77502966, -28.72697258, 0.95908499, -0.13454337, 0.05918474, 0.24197376, 0.12185804, 1.19584596, 0.56449425, 0.00000000, 0.00000000, 0.00000000, 0.00000000
5, 0.2401, 22, 0.38536894, 0.12019913, -0.09278568, -145.56205750, 24.58316040, -22.01929665, 41.74217987, 59.98246002, -58.95936966, 92.23400116, 67.90567017, 78.06662750, 0.70016170, -0.22059244, -0.67725176, -0.04942489, 0.86672032, -0.26197982, 0.41355753, 0.00000000, 0.00000000, 0.00000000, 0.00000000
5, 0.2501, 23, 0.33573177, 0.20265839, -0.05180780, -153.06832886, 19.20079041, -26.88923836, 41.74217987, 60.68400955, -58.90090561, 65.50720978, 60.98021698, 45.56178665, 0.77446854, -0.26461589, -0.57395107, -0.02751535, 0.94693321, -0.32515079, 0.34370235, 0.00000000, 0.00000000, 0.00000000, 0.00000000
5, 0.2601, 24, 0.29964629, 0.29637885, -0.01551130, -159.01535034, 23.24075317, -31.20391846, 41.88833618, 62.17480087, -58.78398132, 65.12482452, 59.60144806, 46.09165573, 0.77769685, -0.26579916, -0.56826538, -0.04016195, 1.00718343, -0.40256798, 0.18632627, 0.00000000, 0.00000000, 0.00000000, 0.00000000
5, 0.2701, 25, 0.29773456, 0.34494025, -0.13166200, -165.97204590, 36.85712814, -37.24040985, 41.88833618, 62.17480087, -58.78398132, 64.48482513, 58.18415451, 46.49824524, 0.78146750, -0.26601073, -0.56186694, -0.05340876, 1.02704442, -0.29864177, 0.18596223, 0.00000000, 0.00000000, 0.00000000, 0.00000000
2, 1.4200, 142, 1.53996372, 1.47627938, -1.04992092, -220.46168518, 183.54833984, -291.81121826, -35.34054184, 31.71587181, -73.10727692, 15.56440353, -6.62514114, -27.81009865, 0.96202856, -0.11746189, 0.08805908, 0.23010740, -0.10013863, 1.38241577, 0.74855793, 0.00000000, 0.00000000, 0.00000000, 0.00000000
2, 1.4300, 143, 1.72937727, 1.61808157, -1.11559212, -223.99476624, 89.00312042, -304.35247803, -37.32826614, 33.55743790, -71.38263702, 15.07800770, -10.20949841, -26.32695198, 0.96413708, -0.10715938, 0.11564991, 0.21349904, -0.16704872, 1.52580118, 0.96170139, 0.00000000, 0.00000000, 0.00000000, 0.00000000
2, 1.4400, 144, 1.73120689, 1.80241764, -1.15261936, -219.58825684, 0.31832728, -305.81195068, -37.32826614, 33.55743790, -69.27798462, 22.25991249, -11.19288445, -31.30343437, 0.94538403, -0.15917584, 0.14396921, 0.24532607, -0.09032555, 1.62742662, 1.04164004, 0.00000000, 0.00000000, 0.00000000, 0.00000000
2, 1.4500, 145, 1.57294405, 1.93067896, -1.12644541, -205.31922913, -64.37008667, -298.53106689, -39.34521866, 36.42210007, -69.27798462, 22.85328674, -14.31582165, -29.57579422, 0.94662791, -0.15888441, 0.16826177, 0.22436446, 0.06483194, 1.57963789, 0.98992413, 0.00000000, 0.00000000, 0.00000000, 0.00000000
2, 1.4600, 146, 1.36540580, 2.06096935, -1.03014839, -178.87754822, -91.45198059, -287.84472656, -42.50219345, 38.61444092, -68.51797485, 23.65722084, -17.18438530, -27.92468071, 0.94657606, -0.16141325, 0.19081214, 0.20378989, 0.25037551, 1.55693066, 0.89011270, 0.00000000, 0.00000000, 0.00000000, 0.00000000
2, 1.4700, 147, 1.12264299, 2.13927579, -0.87493014, -137.95326233, -77.01587677, -278.67785645, -44.81145859, 40.04676819, -68.13796997, 24.55174637, -19.89030457, -26.71872902, 0.94489294, -0.16476445, 0.21257897, 0.18665543, 0.44203186, 1.45605493, 0.75442433, 0.00000000, 0.00000000, 0.00000000, 0.00000000
2, 1.4800, 148, 0.97282094, 2.13303638, -0.61448139, -82.77990723, -24.30030060, -273.47808838, -47.00379944, 40.95293808, -67.34872437, 25.49746513, -22.51867676, -26.32761955, 0.94125170, -0.16737220, 0.23472106, 0.17589167, 0.57870883, 1.22171426, 0.69591427, 0.00000000, 0.00000000, 0.00000000, 0.00000000
2, 1.4900, 149, 0.94679165, 2.09731746, -0.38120562, -27.20794296, 59.26460648, -276.67532349, -47.00379944, 40.95293808, -67.34872437, 29.48591232, -25.46914864, -29.91761780, 0.92580235, -0.18478495, 0.27002567, 0.18929008, 0.62575650, 0.98645097, 0.73988062, 0.00000000, 0.00000000, 0.00000000, 0.00000000
5, 0.2801, 26, 0.41265374, 0.29285327, -0.31828755, -176.92831421, 52.01753998, -42.27782822, 41.77141190, 63.40251160, -58.22858810, 63.60944366, 56.70532990, 46.84245682, 0.78576547, -0.26516783, -0.55469477, -0.06762059, 0.89873755, -0.13551158, 0.24350083, 0.00000000, 0.00000000, 0.00000000, 0.00000000
5, 0.2901, 27, 0.65635931, 0.17792962, -0.40343505, -188.98934937, 58.97105789, -45.35861969, 41.80064392, 64.77638245, -57.76088715, 62.64659882, 55.13897705, 47.21998596, 0.79022604, -0.26391292, -0.54683995, -0.08281830, 0.66921222, -0.08029623, 0.39480147, 0.00000000, 0.00000000, 0.00000000, 0.00000000
5, 0.3001, 28, 0.89098811, 0.10036913, -0.37385288, -198.29830933, 64.70667267, -48.95914459, 42.32680511, 66.70564270, -57.84858322, 51.57047272, 48.67629623, 38.80650330, 0.83336973, -0.25054935, -0.48168021, -0.10346153, 0.47473472, -0.13294338, 0.52552027, 0.00000000, 0.00000000, 0.00000000, 0.00000000
5, 0.3101, 29, 0.90829057, 0.12230347, -0.35628444, -206.42520142, 64.12075806, -58.00074768, 42.20988083, 67.81642914, -56.29932785, 50.76239014, 46.99387360, 39.58006668, 0.83748788, -0.24792029, -0.47203365, -0.11972460, 0.43097529, -0.15599413, 0.43478453, 0.00000000, 0.00000000, 0.00000000, 0.00000000
2, 1.5000, 150, 1.06594431, 1.99280596, -0.33240783, 0.95873141, 155.12786865, -272.89562988, -49.10844803, 42.12218475, -66.93949127, 30.33044815, -28.19658470, -31.65802383, 0.91798830, -0.17997396, 0.29539573, 0.19403198, 0.46963322, 0.85739660, 0.86180544, 0.00000000, 0.00000000, 0.00000000, 0.00000000
4, 1.1200, 204, 0.16703470, -0.71271855, -0.45642421, -54.51852417, 13.19742775, -48.85812759, -9.00321579, -2.36772871, -67.11487579, 121.47441101, 18.27587891, 58.04850769, 1.00000000, 0.00000000, 0.00000000, 0.00000000, 0.04852157, -0.16600341, -0.01351973, 101.51500702, -15.80459404, 35.32999802, 0.00000000
4, 1.1225, 205, 0.17705025, -0.69137728, -0.44051760, -56.52006531, 15.12736130, -48.98928452, -8.82782841, 0.00000000, -67.52411652, 121.30001068, 18.36926651, 57.97747803, 1.00000000, 0.00000000, 0.00000000, 0.00000000, 0.04312472, -0.18849307, 0.00111479, 101.51500702, -15.80459404, 35.32999802, 0.00000000
4, 1.1700, 206, 0.13757485, -0.64307964, -0.39514348, -72.57187653, 19.14182472, -60.50674438, -8.50628471, 1.92926037, -66.82256317, 118.79500580, 20.75277138, 56.70845413, 1.00000000, 0.00000000, 0.00000000, 0.00000000, 0.12719005, -0.25451416, -0.01629137, 101.51500702, -15.80459404, 35.32999802, 0.00000000
4, 1.1725, 207, 0.13538881, -0.64167416, -0.38256088, -73.91784668, 19.09185219, -61.87471390, -8.50628471, 1.92926037, -66.82256317, 118.56202698, 20.86552620, 56.61087036, 1.00000000, 0.00000000, 0.00000000, 0.00000000, 0.13075402, -0.26817277, -0.02263537, 101.51500702, -15.80459404, 35.32999802, 0.00000000
2, 1.5100, 151, 1.32348049, 1.80143547, -0.48604918, -10.99639702, 236.91459656, -253.57397461, -51.73925781, 43.20374298, -66.23793793, 30.70262527, -31.00077438, -33.86354828, 0.90957093, -0.16899605, 0.32083431, 0.20294443, 0.09629594, 0.89593983, 1.01227915, 0.00000000, 0.00000000, 0.00000000, 0.00000000
5, 0.3201, 30, 0.75461769, 0.25573775, -0.41807303, -213.43608093, 51.69544983, -75.55849457, 42.20988083, 67.81642914, -56.29932785, 49.99966431, 45.12121201, 40.29842758, 0.84158260, -0.24661328, -0.46087062, -0.13608436, 0.58766997, -0.09080076, 0.32606238, 0.00000000, 0.00000000, 0.00000000, 0.00000000
5, 0.3701, 31, 0.65063965, 0.46110442, -0.72741741, -198.16596985, 162.51928711, -127.96800995, 42.96989059, 75.70885468, -53.99005890, 42.73187256, 25.03689575, 35.02594757, 0.89075691, -0.27843332, -0.29952699, -0.19826959, 0.50058115, 0.15526250, 0.09469846, 0.00000000, 0.00000000, 0.00000000, 0.00000000
5, 0.3801, 32, 0.87876850, 0.30445236, -0.69020736, -200.82058716, 176.27630615, -133.96827698, 42.99912262, 77.40426636, -52.20695496, 40.37381744, 23.12093163, 34.85733414, 0.89802998, -0.26622519, -0.28071848, -0.20943590, 0.23769595, 0.11789118, 0.20343831, 0.00000000, 0.00000000, 0.00000000, 0.00000000
5, 0.3901, 33, 0.94122881, 0.29949868, -0.58110756, -204.10705566, 172.08255005, -151.37724304, 43.20374298, 79.68430328, -50.80385971, 38.07106400, 21.03479576, 34.70840073, 0.90488386, -0.25460887, -0.26034787, -0.22040558, 0.18623315, 0.02894900, 0.22877842, 0.00000000, 0.00000000, 0.00000000, 0.00000000
5, 0.4001, 34, 0.98830289, 0.39000639, -0.45542675, -204.08888245, 156.89065552, -179.65864563, 43.64220810, 81.96434021, -48.96229172, 33.09502029, 16.07044792, 34.43127823, 0.91843063, -0.22972153, -0.21145676, -0.24289781, 0.21390784, -0.05765565, 0.27286595, 0.00000000, 0.00000000, 0.00000000, 0.00000000
4, 1.1750, 208, 0.12950619, -0.64015794, -0.36937028, -75.54984283, 19.31600952, -63.16174316, -8.21397209, 3.09850907, -66.91026306, 120.81227875, 20.28719902, 57.64903641, 1.00000000, 0.00000000, 0.00000000, 0.00000000, 0.12664926, -0.26610726, 0.00763887, 101.53100586, -17.13426781, 35.38000107, 0.00000000
4, 1.1775, 209, 0.12152527, -0.63279986, -0.35598263, -77.25326538, 19.61007881, -64.51574707, -8.21397209, 3.09850907, -66.91026306, 120.57126617, 20.40747261, 57.55143356, 1.00000000, 0.00000000, 0.00000000, 0.00000000, 0.13704115, -0.28244084, 0.00550560, 101.53100586, -17.13426781, 35.38000107, 0.00000000
4, 1.1800, 210, 0.10959539, -0.62530047, -0.34418279, -78.88675690, 20.04335785, -65.93851471, -8.21397209, 3.09850907, -66.91026306, 120.32469940, 20.53003693, 57.45104980, 1.00000000, 0.00000000, 0.00000000, 0.00000000, 0.15146014, -0.29730907, 0.00314289, 101.53100586, -17.13426781, 35.38000107, 0.00000000
4, 1.1825, 211, 0.09889081, -0.61545426, -0.33466893, -80.87763214, 20.82178116, -67.41711426, -8.21397209, 3.09850907, -66.91026306, 120.07169342, 20.65537643, 57.34835815, 1.00000000, 0.00000000, 0.00000000, 0.00000000, 0.16525291, -0.31068793, 0.00376061, 101.53100586, -17.13426781, 35.38000107, 0.00000000
5, 0.4101, 35, 1.08835506, 0.50829780, -0.29498813, -204.30171204, 148.00610352, -212.51882935, 42.88219833, 83.95205688, -47.64688492, 31.10982895, 13.42236137, 34.35404587, 0.92335278, -0.22119646, -0.18621479, -0.25261799, 0.22059427, -0.15874475, 0.36283880, 0.00000000, 0.00000000, 0.00000000, 0.00000000
2, 1.5200, 152, 1.61892009, 1.76622534, -0.59367955, -58.22774124, 293.15426636, -232.68746948, -53.17158508, 43.96375275, -65.79947662, 30.41089439, -33.98204803, -36.03042984, 0.90132976, -0.15132384, 0.34574157, 0.21252894, -0.15242374, 0.98473716, 1.26355278, 0.00000000, 0.00000000, 0.00000000, 0.00000000
2, 1.5300, 153, 1.81984675, 1.80729079, -0.67139363, -104.58364105, 296.40341187, -222.34465027, -56.29932785, 44.60683823, -64.48406982, 29.70404625, -37.10806656, -37.79212189, 0.89338124, -0.13029827, 0.36968884, 0.21959633, -0.28805834, 1.09476924, 1.46466231, 0.00000000, 0.00000000, 0.00000000, 0.00000000
2, 1.5400, 154, 1.84177518, 1.85493338, -0.72548252, -141.96463013, 270.22976685, -215.55619812, -56.29932785, 44.60683823, -64.48406982, 30.69985580, -33.82019424, -42.23545456, 0.88841105, -0.13520083, 0.35290581, 0.26058441, -0.30693799, 1.17849565, 1.50213325, 0.00000000, 0.00000000, 0.00000000, 0.00000000
2, 1.5500, 155, 1.77332616, 1.82476270, -0.68598521, -162.75004578, 232.76699829, -205.79389954, -58.22858810, 44.78222656, -63.02250671, 29.54079628, -36.90504456, -42.94018555, 0.88312781, -0.11303455, 0.37333810, 0.26062849, -0.25863183, 1.11556923, 1.42450714, 0.00000000, 0.00000000, 0.00000000, 0.00000000
4, 1.1850, 212, 0.08729792, -0.60183233, -0.33389023, -83.29425812, 21.59811974, -68.81679535, -8.21397209, 3.09850907, -66.91026306, 119.81114960, 20.78315353, 57.24329758, 1.00000000, 0.00000000, 0.00000000, 0.00000000, 0.18108669, -0.31683078, 0.01014224, 101.53100586, -17.13426781, 35.38000107, 0.00000000
4, 1.1875, 213, 0.07434849, -0.58711547, -0.33309829, -85.14175415, 22.16774368, -70.16268158, -7.30780458, 3.77082729, -67.64103699, 119.54452515, 20.91315269, 57.13570023, 1.00000000, 0.00000000, 0.00000000, 0.00000000, 0.19847983, -0.32331711, 0.01720195, 101.53100586, -17.13426781, 35.38000107, 0.00000000
4, 1.1900, 214, 0.06040575, -0.56993318, -0.33447084, -87.41688538, 23.01559067, -71.70369720, -7.30780458, 3.77082729, -67.64103699, 119.27059174, 21.04594612, 57.02555084, 1.00000000, 0.00000000, 0.00000000, 0.00000000, 0.21744204, -0.32846621, 0.02689834, 101.53100586, -17.13426781, 35.38000107, 0.00000000
4, 1.1925, 215, 0.04757361, -0.54680556, -0.33417800, -89.12446594, 23.86473846, -73.25687408, -7.30780458, 3.77082729, -67.64103699, 118.99073029, 21.18178749, 56.91292953, 1.00000000, 0.00000000, 0.00000000, 0.00000000, 0.23631594, -0.33693957, 0.04181551, 101.53100586, -17.13426781, 35.38000107, 0.00000000
5, 0.4201, 36, 1.21133697, 0.67659557, -0.23702489, -205.00904846, 154.16816711, -242.59541321, 42.88219833, 83.95205688, -47.64688492, 29.08800316, 10.51082420, 34.21088028, 0.92801434, -0.21292822, -0.15829125, -0.26152444, 0.27908683, -0.17323026, 0.52045441, 0.00000000, 0.00000000, 0.00000000, 0.00000000
5, 0.4301, 37, 1.36198223, 0.94166338, -0.58994615, -202.76325989, 169.01756287, -266.35095215, 41.91756821, 86.43671417, -45.65916443, 26.96245384, 7.40570259, 33.99211121, 0.93243426, -0.20412192, -0.12806159, -0.26926008, 0.36546707, 0.23512700, 0.72488266, 0.00000000, 0.00000000, 0.00000000, 0.00000000
5, 0.4401, 38, 1.57703662, 1.14434302, -0.86012107, -192.52682495, 178.32858276, -279.91213989, 41.12832642, 89.62291718, -43.70067215, 24.81579971, 4.21856785, 33.71446609, 0.93633676, -0.19507381, -0.09666880, -0.27545401, 0.37468660, 0.55730116, 0.96856815, 0.00000000, 0.00000000, 0.00000000, 0.00000000
2, 1.5600, 156, 1.71114242, 1.71830392, -0.62429708, -165.12188721, 195.34634399, -188.38217163, -61.03478622, 44.25606537, -61.61940765, 28.36332321, -39.76258850, -43.24553680, 0.87828225, -0.09268665, 0.39140594, 0.25851670, -0.32670528, 1.03775203, 1.36150753, 0.00000000, 0.00000000, 0.00000000, 0.00000000
2, 1.5700, 157, 1.59887791, 1.64626420, -0.59286922, -147.19642639, 158.40695190, -166.13258362, -62.05787659, 45.57146835, -59.57322311, 27.32046509, -42.25483704, -43.33927155, 0.87377179, -0.07539058, 0.40683755, 0.25558272, -0.35442966, 1.00102592, 1.25949335, 0.00000000, 0.00000000, 0.00000000, 0.00000000
4, 1.2800, 216, 0.07359830, -0.06050671, -0.36642006, -131.11943054, 59.08952713, -133.20394897, -6.28471184, 12.36480522, -67.17333984, 101.86057281, 21.25743866, 55.23842621, 1.00000000, 0.00000000, 0.00000000, 0.00000000, 0.29913545, -0.54387444, 0.25282583, 101.53100586, -17.13426781, 35.38000107, 0.00000000
4, 1.2825, 217, 0.07689504, -0.04358063, -0.37473398, -132.05407715, 60.98608017, -135.45259094, -6.28471184, 12.36480522, -67.17333984, 101.39811707, 21.48964500, 54.98307800, 1.00000000, 0.00000000, 0.00000000, 0.00000000, 0.30308670, -0.54090673, 0.26406693, 101.53100586, -17.13426781, 35.38000107, 0.00000000
4, 1.2850, 218, 0.08166675, -0.02468814, -0.38424069, -132.55929565, 62.39970398, -137.64945984, -6.28471184, 12.36480522, -67.17333984, 100.93037415, 21.72530746, 54.72180939, 1.00000000, 0.00000000, 0.00000000, 0.00000000, 0.30604729, -0.53728420, 0.27768904, 101.53100586, -17.13426781, 35.38000107, 0.00000000
4, 1.2875, 219, 0.08486093, -0.00811334, -0.38487330, -132.92060852, 63.53556824, -139.71490479, -6.37240553, 13.06635475, -66.44255829, 100.45771027, 21.96365356, 54.45449829, 1.00000000, 0.00000000, 0.00000000, 0.00000000, 0.30971491, -0.54139590, 0.28623468, 101.53100586, -17.13426781, 35.38000107, 0.00000000
4, 1.2900, 220, 0.09358884, 0.00610671, -0.39102188, -132.92477417, 64.39967346, -142.00238037, -6.37240553, 13.06635475, -66.44255829, 99.98066711, 22.20439339, 54.18014526, 1.00000000, 0.00000000, 0.00000000, 0.00000000, 0.30785561, -0.53945935, 0.29509598, 101.53100586, -17.13426781, 35.38000107, 0.00000000
5, 0.4501, 39, 1.58289635, 1.12548077, -0.95260513, -177.19752502, 170.44042969, -275.89624023, 39.69599533, 92.31218719, -42.35603714, 24.82075310, -0.39069718, 31.62977028, 0.93946004, -0.20768341, -0.05536593, -0.26686546, 0.28411493, 0.67015743, 0.94668317, 0.00000000, 0.00000000, 0.00000000, 0.00000000
5, 0.4601, 40, 1.51548326, 0.94705164, -0.98258382, -157.84687805, 141.58714294, -266.20950317, 38.84828949, 93.36450958, -39.75445557, 23.17212868, -3.35299349, 31.37862396, 0.94113290, -0.20102428, -0.02669568, -0.27045420, 0.07599811, 0.68373102, 0.80773705, 0.00000000, 0.00000000, 0.00000000, 0.00000000
5, 0.4701, 41, 1.54966748, 0.79520774, -0.86919224, -141.18090820, 109.90566254, -262.32208252, 38.84828949, 93.36450958, -39.75445557, 21.88096428, -6.24290419, 31.21200562, 0.94144624, -0.19690388, 0.00051059, -0.27369282, -0.11392702, 0.57738155, 0.77449006, 0.00000000, 0.00000000, 0.00000000, 0.00000000
5, 0.4801, 42, 1.61792648, 0.76668417, -0.71392518, -126.24687958, 98.28442383, -269.88720703, 36.86056519, 96.57994843, -38.20520401, 20.77969551, -9.16280651, 31.00353050, 0.94094378, -0.19422708, 0.02766126, -0.27592683, -0.20209941, 0.44062591, 0.83016282, 0.00000000, 0.00000000, 0.00000000, 0.00000000
5, 0.4901, 43, 1.59331310, 0.89586842, -0.55346721, -114.15135193, 103.75656891, -283.93164062, 35.36977386, 98.50920868, -37.44519043, 19.72691345, -12.17934227, 30.67754173, 0.93995541, -0.19191389, 0.05573597, -0.27667001, -0.10954198, 0.31651872, 0.87099779, 0.00000000, 0.00000000, 0.00000000, 0.00000000
2, 1.5800, 158, 1.48374391, 1.65694022, -0.54195088, -111.49931335, 126.13468933, -144.99826050, -63.89944458, 44.19760132, -59.22245026, 26.61552048, -44.32715225, -43.47139359, 0.86932373, -0.06206271, 0.41996396, 0.25309047, -0.30136347, 0.98440635, 1.18947685, 0.00000000, 0.00000000, 0.00000000, 0.00000000
4, 1.2925, 221, 0.10232502, 0.01445447, -0.39529580, -132.78187561, 64.56997681, -144.02648926, -6.37240553, 13.06635475, -66.44255829, 99.49978638, 22.44567108, 53.89848709, 1.00000000, 0.00000000, 0.00000000, 0.00000000, 0.30485842, -0.53753263, 0.29785019, 101.53100586, -17.13426781, 35.38000107, 0.00000000
4, 1.2950, 222, 0.11573788, 0.02490966, -0.40197760, -132.77499390, 63.97907639, -145.92198181, -6.37240553, 13.06635475, -66.44255829, 99.01476288, 22.68552780, 53.60884094, 1.00000000, 0.00000000, 0.00000000, 0.00000000, 0.29773316, -0.53384978, 0.30408251, 101.53100586, -17.13426781, 35.38000107, 0.00000000
4, 1.2975, 223, 0.13493952, 0.03235869, -0.41113368, -132.90408325, 62.62805557, -147.75863647, -6.37240553, 13.06635475, -66.44255829, 98.52526855, 22.92201233, 53.31040573, 1.00000000, 0.00000000, 0.00000000, 0.00000000, 0.28446043, -0.52687341, 0.30920309, 101.53100586, -17.13426781, 35.38000107, 0.00000000
2, 1.5900, 159, 1.34324813, 1.65840375, -0.47889507, -66.32759094, 105.36302948, -130.45457458, -63.89944458, 44.19760132, -59.22245026, 28.91886330, -39.88969040, -47.11087418, 0.86843759, -0.08315595, 0.39658868, 0.28568986, -0.21337330, 0.92991960, 1.08291829, 0.00000000, 0.00000000, 0.00000000, 0.00000000
2, 1.6000, 160, 1.25097096, 1.60161817, -0.43911809, -19.70715714, 94.99384308, -124.05330658, -65.44869995, 44.60683823, -59.10552216, 29.24137497, -41.29345703, -47.99126053, 0.86341137, -0.07704324, 0.40775758, 0.28691274, -0.15958342, 0.82711375, 0.96659571, 0.00000000, 0.00000000, 0.00000000, 0.00000000
2, 1.6100, 161, 1.18280530, 1.51754820, -0.43071789, 20.10207176, 86.22085571, -120.75821686, -66.41333008, 43.23297119, -58.11166382, 30.05555153, -42.46212387, -49.24813461, 0.85750437, -0.07398419, 0.41864234, 0.28974324, -0.20742437, 0.77652335, 0.89236426, 0.00000000, 0.00000000, 0.00000000, 0.00000000
2, 1.6200, 162, 1.18499482, 1.40982497, -0.47296917, 37.44083405, 77.05749512, -116.73613739, -67.93334961, 44.81145859, -58.31628036, 31.11415863, -43.47875214, -50.65036392, 0.85133982, -0.07255168, 0.42908752, 0.29298580, -0.32495028, 0.75335288, 0.86188781, 0.00000000, 0.00000000, 0.00000000, 0.00000000
5, 0.5001, 44, 1.52721035, 1.18811202, -0.46168846, -98.99064636, 107.84849548, -295.22625732, 33.20666504, 99.73691559, -36.18824768, 18.59597969, -14.95531750, 30.44885445, 0.93860757, -0.18829872, 0.08185510, -0.27723500, 0.14054829, 0.27999055, 0.94170332, 0.00000000, 0.00000000, 0.00000000, 0.00000000
4, 1.3000, 224, 0.15166435, 0.03537234, -0.42547455, -133.17395020, 61.13877869, -149.59478760, -6.37240553, 16.36948204, -66.00408936, 98.03088379, 23.15462112, 53.00299835, 1.00000000, 0.00000000, 0.00000000, 0.00000000, 0.27305081, -0.51359826, 0.31111938, 101.53100586, -17.13426781, 35.38000107, 0.00000000
4, 1.3025, 225, 0.16752067, 0.03598591, -0.44240987, -133.51164246, 59.23329163, -151.29747009, -6.37240553, 16.36948204, -66.00408936, 97.53154755, 23.38212204, 52.68650436, 1.00000000, 0.00000000, 0.00000000, 0.00000000, 0.26212341, -0.49710181, 0.31130141, 101.53100586, -17.13426781, 35.38000107, 0.00000000
4, 1.3050, 226, 0.18337415, 0.04025768, -0.45966294, -134.13098145, 57.05018234, -152.92939758, -6.37240553, 16.36948204, -66.00408936, 97.02660370, 23.60354424, 52.36077499, 1.00000000, 0.00000000, 0.00000000, 0.00000000, 0.25175515, -0.48133096, 0.31494692, 101.53100586, -17.13426781, 35.38000107, 0.00000000
4, 1.3075, 227, 0.19811034, 0.04517686, -0.47971460, -134.96374512, 54.93555069, -154.55549622, -6.37240553, 16.36948204, -66.00408936, 96.51555634, 23.81878090, 52.02596664, 1.00000000, 0.00000000, 0.00000000, 0.00000000, 0.24264343, -0.46303692, 0.31972018, 101.53100586, -17.13426781, 35.38000107, 0.00000000
4, 1.3100, 228, 0.20915908, 0.05343815, -0.49508962, -136.36395264, 52.82071686, -156.23921204, -6.37240553, 16.36948204, -66.00408936, 95.99687195, 24.02746010, 51.68189621, 1.00000000, 0.00000000, 0.00000000, 0.00000000, 0.23738435, -0.45015997, 0.32552508, 101.53100586, -17.13426781, 35.38000107, 0.00000000
4, 1.3125, 229, 0.22120282, 0.06031794, -0.50743186, -137.55448914, 51.12240601, -158.05940247, -6.37240553, 16.36948204, -65.94563293, 95.47092438, 24.23062706, 51.32878113, 1.00000000, 0.00000000, 0.00000000, 0.00000000, 0.23064891, -0.43974447, 0.32925326, 101.53100586, -17.13426781, 35.38000107, 0.00000000
4, 1.3150, 230, 0.23054610, 0.06640717, -0.51563907, -138.74938965, 49.97586060, -159.86943054, -5.49546909, 16.80795097, -65.94563293, 94.93770599, 24.42931557, 50.96722794, 1.00000000, 0.00000000, 0.00000000, 0.00000000, 0.22613235, -0.43300754, 0.33046648, 101.53100586, -17.13426781, 35.38000107, 0.00000000
2, 1.6300, 163, 1.20060647, 1.27619839, -0.54926443, 35.70367813, 62.51765823, -110.91143036, -68.78105927, 45.27915955, -59.01782990, 32.19208145, -44.40021133, -51.94333267, 0.84561241, -0.07179171, 0.43878207, 0.29539126, -0.48229897, 0.74496311, 0.82590151, 0.00000000, 0.00000000, 0.00000000, 0.00000000
4, 1.3400, 231, 0.32999158, 0.15004343, -0.46479014, -149.33169556, 55.41952896, -186.90365601, -6.69394922, 22.36188316, -65.12715149, 82.65290833, 26.00291061, 47.26737213, 1.00000000, 0.00000000, 0.00000000, 0.00000000, 0.16520691, -0.49026653, 0.21956688, 101.53100586, -17.13426781, 35.38000107, 0.00000000
4, 1.3425, 232, 0.32999158, 0.15004343, -0.46479014, -149.33169556, 55.41952896, -186.90365601, -6.69394922, 22.36188316, -65.12715149, 82.02661133, 26.14218140, 46.78951645, 1.00000000, 0.00000000, 0.00000000, 0.00000000, 0.16739035, -0.48789918, 0.20997861, 101.53100586, -17.13426781, 35.38000107, 0.00000000
4, 1.3450, 233, 0.35827658, 0.19376846, -0.48090181, -153.08552551, 55.42920685, -192.33691406, -6.69394922, 22.36188316, -65.12715149, 81.38188171, 26.27695274, 46.29473495, 1.00000000, 0.00000000, 0.00000000, 0.00000000, 0.15023980, -0.48270500, 0.25106162, 101.53100586, -17.13426781, 35.38000107, 0.00000000
4, 1.3475, 234, 0.37003285, 0.22624320, -0.50327712, -154.14268494, 54.83806610, -194.34915161, -6.69394922, 22.36188316, -65.12715149, 80.72998810, 26.40545273, 45.79201508, 1.00000000, 0.00000000, 0.00000000, 0.00000000, 0.14759390, -0.46816486, 0.28023988, 101.53100586, -17.13426781, 35.38000107, 0.00000000
4, 1.3500, 235, 0.39015245, 0.26343793, -0.53180456, -154.49107361, 54.31531525, -196.23576355, -6.69394922, 22.36188316, -65.12715149, 80.07288361, 26.52794266, 45.28176880, 1.00000000, 0.00000000, 0.00000000, 0.00000000, 0.13778828, -0.44902647, 0.31710425, 101.53100586, -17.13426781, 35.38000107, 0.00000000
4, 1.3525, 236, 0.40779042, 0.30241615, -0.56604481, -154.20016479, 53.65167236, -197.85949707, -6.81087399, 24.34960556, -64.51329803, 79.41258240, 26.64412498, 44.76470184, 1.00000000, 0.00000000, 0.00000000, 0.00000000, 0.13094006, -0.42486334, 0.35680664, 101.53100586, -17.13426781, 35.38000107, 0.00000000
4, 1.3550, 237, 0.43369073, 0.34587637, -0.59814435, -153.27119446, 52.98286438, -199.07823181, -6.81087399, 24.34960556, -64.51329803, 78.75122070, 26.75406265, 44.24197769, 1.00000000, 0.00000000, 0.00000000, 0.00000000, 0.11654398, -0.40397942, 0.40164793, 101.53100586, -17.13426781, 35.38000107, 0.00000000
4, 1.3575, 238, 0.45674729, 0.38512909, -0.63432795, -151.48928833, 52.10799408, -200.24923706, -6.81087399, 24.34960556, -64.51329803, 78.09109497, 26.85752106, 43.71370316, 1.00000000, 0.00000000, 0.00000000, 0.00000000, 0.10431950, -0.37790293, 0.44322798, 101.53100586, -17.13426781, 35.38000107, 0.00000000
4, 1.3600, 239, 0.47279811, 0.42268988, -0.66309828, -149.06571960, 50.74185562, -200.81483459, -6.81087399, 24.34960556, -64.51329803, 77.43483734, 26.95339775, 43.18148041, 1.00000000, 0.00000000, 0.00000000, 0.00000000, 0.09816933, -0.35838515, 0.47990167, 101.53100586, -17.13426781, 35.38000107, 0.00000000
5, 0.5101, 45, 1.46081674, 1.39454103, -0.49322194, -95.55943298, 103.87025452, -300.25454712, 31.39432907, 101.34463501, -35.07746124, 17.69880104, -18.08527756, 30.01792336, 0.93626469, -0.18696056, 0.11065629, -0.27606079, 0.30273032, 0.35619554, 0.97293591, 0.00000000, 0.00000000, 0.00000000, 0.00000000
5, 0.5201, 46, 1.37857175, 1.39805567, -0.59195817, -110.03979492, 104.67304993, -298.24591064, 28.67582512, 103.01081085, -34.20052719, 16.69233704, -21.24083328, 29.76864433, 0.93295908, -0.18471979, 0.13958453, -0.27564859, 0.27775761, 0.47488779, 0.90678471, 0.00000000, 0.00000000, 0.00000000, 0.00000000
5, 0.5301, 47, 1.32048988, 1.31693721, -0.70879078, -129.82513428, 111.99375153, -282.25637817, 28.67582512, 103.01081085, -34.20052719, 15.43436146, -24.29516983, 29.77362061, 0.92897910, -0.18044239, 0.16779926, -0.27619189, 0.16619380, 0.60513270, 0.82838815, 0.00000000, 0.00000000, 0.00000000, 0.00000000
2, 1.6400, 164, 1.16229093, 1.18753695, -0.61265302, 20.86998367, 42.80876160, -102.71688843, -68.78105927, 45.27915955, -59.01782990, 34.91046143, -37.79677963, -54.52951431, 0.84676361, -0.11071875, 0.40465403, 0.32709026, -0.55000228, 0.73265558, 0.74523127, 0.00000000, 0.00000000, 0.00000000, 0.00000000
2, 1.6500, 165, 1.12027490, 1.12114763, -0.64857799, 1.99597323, 22.02701569, -93.37287903, -69.65799713, 45.01607513, -59.54399109, 35.52383423, -38.60648727, -55.08998108, 0.84354913, -0.10969453, 0.41226959, 0.32623005, -0.53742945, 0.67632860, 0.64385742, 0.00000000, 0.00000000, 0.00000000, 0.00000000
2, 1.6600, 166, 1.04900193, 1.07483983, -0.63945591, -14.89279461, 2.95265937, -84.92150116, -70.79801178, 45.42531204, -59.51476288, 35.97381210, -39.39362717, -55.32485199, 0.84144139, -0.10867196, 0.41890413, 0.32355249, -0.54890066, 0.64425951, 0.57547677, 0.00000000, 0.00000000, 0.00000000, 0.00000000
4, 1.3625, 240, 0.50059122, 0.46155059, -0.67976248, -145.28739929, 48.47777176, -201.14671326, -6.81087399, 24.34960556, -64.51329803, 76.78649902, 27.04004860, 42.64582062, 1.00000000, 0.00000000, 0.00000000, 0.00000000, 0.07991429, -0.35081521, 0.51664174, 101.53100586, -17.13426781, 35.38000107, 0.00000000
5, 0.5401, 48, 1.35308254, 1.31622112, -0.71498704, -136.86444092, 127.37049866, -258.42041016, 26.13270950, 102.95235443, -32.79742813, 13.92682552, -27.13425064, 29.90945053, 0.92490441, -0.17395011, 0.19455473, -0.27648109, 0.10486175, 0.63850784, 0.87197280, 0.00000000, 0.00000000, 0.00000000, 0.00000000
5, 0.5501, 49, 1.41085386, 1.33836913, -0.71571088, -123.28768158, 149.65455627, -241.46493530, 23.96959877, 105.75855255, -31.62817764, 15.26181030, -27.12038994, 27.72112465, 0.92800045, -0.18100184, 0.19469891, -0.26104790, 0.06868462, 0.65859067, 0.94632059, 0.00000000, 0.00000000, 0.00000000, 0.00000000
5, 0.5601, 50, 1.39228082, 1.34326267, -0.74458939, -98.30632782, 171.16793823, -232.62982178, 22.21572685, 103.53697968, -30.25431061, 13.73907852, -29.62446022, 27.33000374, 0.92543536, -0.17232390, 0.21931414, -0.25646701, 0.06931626, 0.67929542, 0.93683267, 0.00000000, 0.00000000, 0.00000000, 0.00000000
5, 0.5701, 51, 1.33019435, 1.39535403, -0.70988202, -76.00444031, 185.90867615, -225.58691406, 20.25723457, 107.33703613, -28.47120667, 12.29845142, -32.02495575, 26.71544456, 0.92299056, -0.16353895, 0.24305242, -0.24953751, 0.10905229, 0.67756200, 0.91922677, 0.00000000, 0.00000000, 0.00000000, 0.00000000
5, 0.5801, 52, 1.31002235, 1.48156905, -0.61644220, -53.34203720, 196.33297729, -216.33813477, 20.25723457, 107.33703613, -28.47120667, 10.99293804, -34.30811310, 25.87648010, 0.92064941, -0.15493383, 0.26564005, -0.24049027, 0.17080562, 0.61898541, 0.95832294, 0.00000000, 0.00000000, 0.00000000, 0.00000000
5, 0.5901, 53, 1.33754396, 1.49567091, -0.58253956, -35.70465088, 195.98513794, -206.33572388, 18.76644325, 107.92166138, -27.88658333, 9.86007786, -36.47779465, 24.89995003, 0.91819614, -0.14692703, 0.28689259, -0.23026316, 0.14380030, 0.60801309, 1.00907636, 0.00000000, 0.00000000, 0.00000000, 0.00000000
