SensorId, TimeStamp (s), FrameNumber, AccX (g), AccY (g), AccZ (g), GyroX (deg/s), GyroY (deg/s), GyroZ (deg/s), MagX (uT), MagY (uT), MagZ (uT), EulerX (deg), EulerY (deg), EulerZ (deg), QuatW, QuatX, QuatY, QuatZ, LinAccX (g), LinAccY (g), LinAccZ (g), Pressure (kPa), Altitude (m), Temperature (degC), HeaveMotion (m)
2, -0.0001, 0, -0.84539592, -0.27288792, -0.60330552, 28.45274925, 27.73114967, -59.01088715, -20.69570351, 39.34521866, 27.82811928, -2.06897759, -10.75275707, -3.75811267, 0.99484771, 0.02103699, 0.09304279, 0.03433099, 0.02741910, 0.01826100, 0.07039197, 0.00000000, 0.00000000, 0.00000000, 0.00000000
2, 0.0099, 1, -0.80982602, -0.26042387, -0.56383234, 29.82728577, 29.73303795, -60.50518417, -20.69570351, 39.34521866, 27.82811928, -1.34238851, -10.58648396, -3.79592204, 0.99508530, 0.01471310, 0.09180985, 0.03405619, 0.03407706, 0.01475185, 0.01444640, 0.00000000, 0.00000000, 0.00000000, 0.00000000
2, 0.0199, 2, -0.75755739, -0.26089701, -0.53329331, 29.89632797, 31.69220161, -61.84609604, -20.43262100, 38.70213318, 27.62350082, -0.82098794, -10.03215790, -3.93267775, 0.99553663, 0.01013280, 0.08713666, 0.03480611, 0.01647775, 0.01702513, -0.04123957, 0.00000000, 0.00000000, 0.00000000, 0.00000000
2, 0.0299, 3, -0.68771201, -0.25744811, -0.50560802, 28.77156258, 32.45760345, -61.66765594, -20.16954041, 37.41595840, 27.15580177, -0.31298140, -9.47059727, -4.06774426, 0.99594718, 0.00565004, 0.08240356, 0.03559436, -0.01011571, 0.01730269, -0.10832478, 0.00000000, 0.00000000, 0.00000000, 0.00000000
2, 0.0399, 4, -0.61937058, -0.25875151, -0.47016972, 27.75799751, 31.23895645, -59.87089539, -20.60800934, 37.79596710, 27.00964546, 0.17795002, -8.92674828, -4.19592190, 0.99630231, 0.00130175, 0.07782620, 0.03637630, -0.03256922, 0.02551007, -0.17795306, 0.00000000, 0.00000000, 0.00000000, 0.00000000
5, 0.0001, 0, -0.60085541, -0.32834631, -0.59805334, 45.27434540, 37.46328354, -52.49660492, -56.21163177, 48.96229172, -117.45103455, 0.23494320, -7.01179886, -6.97909927, 0.99628341, 0.00167942, 0.06116234, 0.06062728, 0.03111637, 0.00334603, -0.09657721, 0.00000000, 0.00000000, 0.00000000, 0.00000000
5, 0.0101, 1, -0.55851758, -0.33323410, -0.56658024, 44.40908813, 34.87379456, -48.65652084, -56.21163177, 48.96229172, -117.45103455, 0.74889666, -6.47355366, -6.96620512, 0.99656171, -0.00308258, 0.05675327, 0.06028762, 0.01783111, 0.01355020, -0.14141096, 0.00000000, 0.00000000, 0.00000000, 0.00000000
5, 0.0201, 2, -0.52069181, -0.32987919, -0.51889205, 41.65428543, 31.65996170, -42.68661118, -56.82548904, 47.73458099, -117.45103455, 1.64369738, -6.67129850, -6.50057554, 0.99664474, -0.01099750, 0.05889746, 0.05576267, 0.01403969, 0.02301693, -0.19877303, 0.00000000, 0.00000000, 0.00000000, 0.00000000
2, 0.0499, 5, -0.55817831, -0.24292488, -0.41012424, 26.96256638, 29.81185532, -57.29246140, -20.57877731, 37.09441757, 27.33119011, 0.64885026, -8.40608025, -4.31163597, 0.99660438, -0.00288607, 0.07345045, 0.03710076, -0.03077881, 0.02945552, -0.26535147, 0.00000000, 0.00000000, 0.00000000, 0.00000000
2, 0.0599, 6, -0.51798993, -0.22769924, -0.35140473, 25.96023750, 29.53558159, -53.61463165, -20.57877731, 37.09441757, 27.33119011, 1.85556352, -8.69635868, -4.22601748, 0.99635839, -0.01333949, 0.07635100, 0.03553284, -0.01766752, 0.03050889, -0.33728254, 0.00000000, 0.00000000, 0.00000000, 0.00000000
2, 0.0699, 7, -0.46412688, -0.20798187, -0.28241915, 23.89138031, 30.78712845, -49.15576553, -20.22800255, 36.36363602, 26.65887070, 2.24471045, -8.20106888, -4.28796530, 0.99660301, -0.01684910, 0.07217387, 0.03590823, -0.01478780, 0.02616367, -0.42529565, 0.00000000, 0.00000000, 0.00000000, 0.00000000
5, 0.0301, 3, -0.48787975, -0.29967621, -0.46773982, 37.64287949, 29.19063187, -37.71699524, -56.73779678, 48.66997910, -118.47412872, 2.06016803, -6.23628950, -6.45428038, 0.99682999, -0.01486066, 0.05531051, 0.05522567, 0.01598055, 0.00768614, -0.26608717, 0.00000000, 0.00000000, 0.00000000, 0.00000000
2, 0.0799, 8, -0.39321473, -0.19737870, -0.20296773, 19.87349129, 30.69444656, -43.87028503, -20.08184814, 35.54516220, 26.36655998, 2.57055974, -7.72988462, -4.33771276, 0.99681741, -0.01981316, 0.06818652, 0.03623823, -0.01143577, 0.04550263, -0.53007948, 0.00000000, 0.00000000, 0.00000000, 0.00000000
5, 0.0401, 4, -0.46149269, -0.26811701, -0.43239433, 31.60612679, 28.23196602, -31.82680893, -56.62086868, 45.95147705, -117.91873932, 2.39975095, -5.83837461, -6.39768839, 0.99698722, -0.01803929, 0.05200385, 0.05465195, 0.02465594, -0.00965528, -0.31973243, 0.00000000, 0.00000000, 0.00000000, 0.00000000
5, 0.0501, 5, -0.42984983, -0.22868690, -0.38372833, 25.99188042, 27.45251274, -26.72640610, -55.91932297, 47.50072861, -117.97719574, 2.66971111, -5.47212934, -6.33457041, 0.99712503, -0.02059669, 0.04893496, 0.05406310, 0.03632087, -0.02631167, -0.38921750, 0.00000000, 0.00000000, 0.00000000, 0.00000000
5, 0.0601, 6, -0.39921412, -0.19787918, -0.31864610, 19.49135208, 27.49270058, -23.45294952, -55.91932297, 47.50072861, -117.97719574, 2.87025881, -5.12091589, -6.27990103, 0.99725032, -0.02253632, 0.04596295, 0.05358601, 0.05384483, -0.02639474, -0.46694389, 0.00000000, 0.00000000, 0.00000000, 0.00000000
5, 0.0701, 7, -0.37021336, -0.17362227, -0.25727221, 11.33586788, 28.01641464, -18.41181755, -56.15317154, 47.00379944, -118.26950836, 3.11047268, -7.84173250, -4.63754797, 0.99655044, -0.02428943, 0.06939296, 0.03849530, 0.05595270, -0.02151366, -0.53688091, 0.00000000, 0.00000000, 0.00000000, 0.00000000
2, 0.0899, 9, -0.36733416, -0.18507382, -0.10968045, 11.01508999, 31.42863846, -37.22954178, -20.02338409, 35.36977386, 25.98655319, 2.78883219, -7.28064251, -4.39551163, 0.99701214, -0.02183363, 0.06435866, 0.03671600, 0.03434801, 0.07085174, -0.61571056, 0.00000000, 0.00000000, 0.00000000, 0.00000000
5, 0.0801, 8, -0.31953698, -0.13641042, -0.16728401, 1.59478688, 28.40859604, -15.00108910, -55.80239487, 46.79918289, -118.26950836, 3.11844087, -7.52157497, -4.60860348, 0.99674237, -0.02449339, 0.06660536, 0.03832206, 0.02907836, -0.01370591, -0.64207286, 0.00000000, 0.00000000, 0.00000000, 0.00000000
2, 0.0999, 10, -0.32324955, -0.14918597, -0.01645667, -0.61826003, 35.64969254, -28.75257683, -20.02338409, 34.02513885, 25.75270271, 2.85690784, -6.83051729, -4.45507479, 0.99721742, -0.02255082, 0.06047589, 0.03730303, 0.07279122, 0.07751559, -0.72101116, 0.00000000, 0.00000000, 0.00000000, 0.00000000
5, 0.0901, 9, -0.24636331, -0.09327671, -0.11291078, -11.85309219, 31.28891563, -9.90652180, -55.39315796, 45.54224014, -119.08798218, 2.98397470, -7.19924736, -4.60030508, 0.99695063, -0.02344589, 0.06375501, 0.03840828, 0.00786535, -0.02444807, -0.73935723, 0.00000000, 0.00000000, 0.00000000, 0.00000000
2, 0.1099, 11, -0.26464531, -0.10940922, 0.06016072, -10.52083302, 39.59701920, -21.13640594, -20.02338409, 34.02513885, 25.75270271, 7.57224226, -14.37700844, -2.77017879, 0.98988497, -0.06247587, 0.12640814, 0.01566920, 0.05737874, 0.05591061, -0.81758463, 0.00000000, 0.00000000, 0.00000000, 0.00000000
5, 0.1001, 10, -0.19310878, -0.02640627, -0.11996292, -22.56411934, 33.24547577, -3.06362247, -55.36392975, 44.60683823, -119.08798218, 2.72172880, -6.89240694, -4.59048939, 0.99716675, -0.02128065, 0.06099557, 0.03853869, -0.01876149, -0.08286679, -0.78988254, 0.00000000, 0.00000000, 0.00000000, 0.00000000
5, 0.1101, 11, -0.16697071, 0.02297770, -0.12958026, -30.25063515, 31.65856743, 1.55318415, -55.36392975, 44.60683823, -119.08798218, 2.37850928, -6.62091827, -4.59585571, 0.99736166, -0.01838874, 0.05851818, 0.03882256, -0.02823999, -0.12544870, -0.81721306, 0.00000000, 0.00000000, 0.00000000, 0.00000000
2, 0.1199, 12, -0.17412023, -0.05709369, 0.09035049, -17.32759476, 44.27888870, -13.75468540, -19.96492195, 33.79129028, 26.19117165, 7.39324522, -13.91526127, -2.76744366, 0.99047047, -0.06106092, 0.12239346, 0.01611272, -0.07436351, -0.03503015, -0.89187568, 0.00000000, 0.00000000, 0.00000000, 0.00000000
2, 0.1299, 13, -0.06907752, -0.00150983, 0.07864067, -21.19096947, 44.95264435, -6.48687649, -19.78953552, 34.93130493, 26.01578522, 7.13536692, -13.48266125, -2.74224353, 0.99105263, -0.05897623, 0.11860476, 0.01641419, -0.13790089, -0.08645882, -0.97277474, 0.00000000, 0.00000000, 0.00000000, 0.00000000
5, 0.1201, 12, -0.12782356, 0.05944011, -0.12479582, -36.60871124, 29.13311195, 6.56886101, -55.59777832, 46.71148682, -119.26337433, -5.99069881, -8.48075867, 0.19695593, 0.99590540, 0.05198485, 0.07392944, 0.00215206, -0.05521917, -0.11421245, -0.85440665, 0.00000000, 0.00000000, 0.00000000, 0.00000000
2, 0.1399, 14, -0.02166973, 0.02089325, 0.07287224, -25.45007515, 41.86367416, 1.94681251, -19.26337242, 34.46360779, 25.66501045, 6.80272007, -13.11674500, -2.70717478, 0.99158931, -0.05623206, 0.11537469, 0.01665191, -0.16441420, -0.10420487, -1.00919735, 0.00000000, 0.00000000, 0.00000000, 0.00000000
2, 0.1499, 15, 0.00701398, 0.02419733, 0.05753807, -32.51888657, 40.17834091, 9.67579365, -19.38029861, 35.48669815, 25.46039200, 6.37776995, -12.79962826, -2.67878556, 0.99210340, -0.05266460, 0.11255486, 0.01699415, -0.18858065, -0.10749811, -1.02042866, 0.00000000, 0.00000000, 0.00000000, 0.00000000
5, 0.1301, 13, -0.07116373, 0.07004163, -0.12361854, -41.57291794, 26.10860825, 11.83531761, -55.30546570, 45.68839645, -118.56182098, -6.45855522, -8.31092262, 0.15602905, 0.99579209, 0.05608502, 0.07242426, 0.00272608, -0.12412456, -0.01225371, -0.88200724, 0.00000000, 0.00000000, 0.00000000, 0.00000000
2, 0.1599, 16, 0.06764549, 0.03366202, 0.01835305, -40.11116028, 37.26531982, 16.99396706, -19.38029861, 35.48669815, 25.46039200, 2.21798396, -7.27228928, -16.54462242, 0.98759496, -0.00999137, 0.06552754, 0.14234672, -0.22743255, -0.10988599, -1.04298067, 0.00000000, 0.00000000, 0.00000000, 0.00000000
5, 0.1401, 14, -0.03587152, 0.07397424, -0.12493271, -46.61074066, 20.33325195, 17.03714180, -55.13007736, 46.97456741, -119.52645111, -6.97853136, -8.21772289, 0.11179242, 0.99558455, 0.06063529, 0.07157805, 0.00338957, -0.15175653, -0.00770880, -0.90034485, 0.00000000, 0.00000000, 0.00000000, 0.00000000
5, 0.1501, 15, -0.05598605, 0.08202599, -0.10769800, -53.89918900, 8.33929443, 23.66169548, -55.21777344, 46.12686157, -119.29260254, -7.55838203, -8.26554394, 0.04709695, 0.99523282, 0.06571054, 0.07193823, 0.00434107, -0.12455717, 0.00296114, -0.90489590, 0.00000000, 0.00000000, 0.00000000, 0.00000000
5, 0.1601, 16, -0.09456281, 0.11469134, -0.11791899, -59.52166748, 1.44017041, 31.22772408, -54.92546082, 46.12686157, -120.25723267, -8.20558548, -8.40991592, -0.00428765, 0.99475217, 0.07135618, 0.07313389, 0.00528330, -0.09010805, -0.02003472, -0.88867986, 0.00000000, 0.00000000, 0.00000000, 0.00000000
2, 0.1699, 17, 0.09055695, 0.05008158, -0.00051431, -47.02944565, 31.39664268, 24.35743523, -19.46799088, 35.57439423, 25.43115997, 1.63168991, -7.09659052, -16.57052612, 0.98769277, -0.00514555, 0.06328556, 0.14293879, -0.17972212, -0.07734175, -1.06668377, 0.00000000, 0.00000000, 0.00000000, 0.00000000
5, 0.1701, 17, -0.11065736, 0.15571356, -0.13934742, -64.80921936, -4.94476700, 39.99352264, -54.92546082, 47.09149170, -120.25723267, -17.97615433, -11.01849842, -0.27691022, 0.98311925, 0.15573591, 0.09445147, 0.01737472, -0.08969896, -0.01717282, -0.86788261, 0.00000000, 0.00000000, 0.00000000, 0.00000000
5, 0.1801, 18, -0.13294591, 0.17833334, -0.17138594, -70.49892426, -12.00127506, 48.29274750, -54.92546082, 48.99152374, -119.43875885, -18.78014183, -11.35388851, -0.22130902, 0.98172867, 0.16254291, 0.09728010, 0.01803520, -0.11545888, 0.07237293, -0.80486804, 0.00000000, 0.00000000, 0.00000000, 0.00000000
2, 0.1799, 18, 0.08993402, 0.07268341, 0.00681324, -55.98631668, 25.62912178, 31.91884422, -19.11721611, 35.77901077, 24.43729782, 0.95313692, -7.00565767, -16.62598228, 0.98768377, 0.00061842, 0.06165407, 0.14380257, -0.16648319, -0.08329342, -1.07944739, 0.00000000, 0.00000000, 0.00000000, 0.00000000
2, 0.1899, 19, 0.10476214, 0.10431638, 0.00998009, -62.40317535, 22.83345032, 38.07221222, -18.32797432, 35.51593018, 25.08038521, 0.19907345, -6.96751881, -16.69186401, 0.98759526, 0.00710441, 0.06037368, 0.14477649, -0.16594720, -0.09772117, -1.10213423, 0.00000000, 0.00000000, 0.00000000, 0.00000000
5, 0.1901, 19, -0.17926741, 0.19003266, -0.21455655, -74.93449402, -20.03488731, 55.65890121, -55.24700165, 49.80999756, -119.46798706, -19.64422989, -11.78843498, -0.12558985, 0.98011303, 0.16979869, 0.10100083, 0.01859242, -0.09961233, 0.05472989, -0.74710453, 0.00000000, 0.00000000, 0.00000000, 0.00000000
2, 0.1999, 20, 0.11984378, 0.13171428, 0.00531903, -68.68347931, 18.69087029, 43.45670700, -18.32797432, 35.51593018, 25.08038521, -0.62019843, -6.99126387, -16.77576447, 0.98740000, 0.01423852, 0.05953130, 0.14592670, -0.17235121, -0.11059072, -1.11791134, 0.00000000, 0.00000000, 0.00000000, 0.00000000
5, 0.2001, 20, -0.23736504, 0.19079261, -0.22844303, -79.12022400, -28.38809586, 61.91011047, -55.33469772, 50.42385101, -118.82490540, -20.56000519, -12.32146645, 0.00495656, 0.97826570, 0.17742355, 0.10560291, 0.01910952, -0.06469278, 0.06125347, -0.69984317, 0.00000000, 0.00000000, 0.00000000, 0.00000000
2, 0.2099, 21, 0.11127368, 0.16131358, -0.00740523, -76.41717529, 12.12664986, 49.03805542, -17.97719955, 37.35749817, 24.96346092, -11.38484287, -2.33905387, 30.59254456, 0.96015209, 0.09029640, 0.04575191, -0.26050180, -0.14537983, -0.08507851, -1.11011887, 0.00000000, 0.00000000, 0.00000000, 0.00000000
5, 0.2101, 21, -0.25160587, 0.18871005, -0.21671329, -83.49918365, -35.78626251, 66.74938965, -55.83162689, 51.65156174, -118.62028503, -21.52388191, -12.94051170, 0.16123493, 0.97618270, 0.18538341, 0.11096631, 0.01966846, -0.05774408, 0.08297482, -0.69260156, 0.00000000, 0.00000000, 0.00000000, 0.00000000
2, 0.2199, 22, 0.05406439, 0.18584442, -0.04100671, -84.80777740, 3.75406671, 56.42284775, -18.76644325, 38.26366425, 24.55422401, -12.36575222, -2.57971573, 30.49091148, 0.95959055, 0.09800085, 0.04990546, -0.25901970, -0.05547225, 0.02261386, -1.04651141, 0.00000000, 0.00000000, 0.00000000, 0.00000000
2, 0.2299, 23, -0.00449322, 0.20392032, -0.04608557, -96.69610596, -4.29522276, 65.54445648, -18.00643158, 38.26366425, 25.13884735, -13.46636486, -2.94102001, 30.37843704, 0.95888239, 0.10643534, 0.05530429, -0.25721103, -0.01409191, 0.02203034, -1.00701749, 0.00000000, 0.00000000, 0.00000000, 0.00000000
2, 0.2399, 24, -0.02619778, 0.22510156, -0.05561826, -109.77771759, -10.91333771, 75.18518066, -17.91873741, 40.04676819, 25.89885902, -14.70270634, -3.41321707, 30.25857162, 0.95797431, 0.11575478, 0.06189375, -0.25505909, -0.00455780, 0.01878532, -0.98831260, 0.00000000, 0.00000000, 0.00000000, 0.00000000
2, 0.2499, 25, -0.07254286, 0.25663751, -0.03070154, -121.81777191, -17.95806122, 85.77092743, -17.91873741, 40.04676819, 25.89885902, -16.07200050, -4.00156879, 30.15067863, 0.95678967, 0.12591049, 0.06971760, -0.25266516, 0.04473888, 0.02351531, -0.97953963, 0.00000000, 0.00000000, 0.00000000, 0.00000000
2, 0.2599, 26, -0.14792167, 0.27851230, -0.00807116, -131.88922119, -22.86581039, 95.53916168, -18.00643158, 41.12832642, 26.16194153, -22.91621399, -18.13012505, -24.00854683, 0.94015527, 0.22399649, 0.11023873, 0.23190783, 0.05291047, 0.05505078, -0.92712915, 0.00000000, 0.00000000, 0.00000000, 0.00000000
2, 0.2699, 27, -0.19321886, 0.31950530, -0.05067613, -140.25985718, -21.92203522, 106.66885376, -17.74334908, 42.82373428, 27.38965225, -24.55657959, -18.84032440, -23.96647072, 0.93571663, 0.23842596, 0.11288594, 0.23418862, -0.10958691, 0.07532892, -0.81406295, 0.00000000, 0.00000000, 0.00000000, 0.00000000
2, 0.2799, 28, -0.21258026, 0.36154431, -0.08208347, -142.92561340, -22.66374207, 114.29157257, -17.83104324, 43.96375275, 27.44811440, -26.28348923, -19.57137680, -23.85275078, 0.93094140, 0.25342017, 0.11563779, 0.23612320, -0.11302938, 0.04745540, -0.77868903, 0.00000000, 0.00000000, 0.00000000, 0.00000000
2, 0.2899, 29, -0.18059076, 0.38537571, -0.10929675, -147.47760010, -28.27869034, 122.45397186, -17.45103836, 45.57146835, 28.41274452, -28.10324478, -20.37202644, -23.66503334, 0.92569536, 0.26906851, 0.11890650, 0.23780537, -0.15907127, 0.03828219, -0.77159715, 0.00000000, 0.00000000, 0.00000000, 0.00000000
2, 0.2999, 30, -0.29989392, 0.41236326, -0.12395480, -152.15959167, -36.56837463, 130.77850342, -17.45103836, 45.57146835, 28.41274452, -30.01641083, -21.26417351, -23.39190102, 0.91991085, 0.28535318, 0.12291396, 0.23922762, -0.08296628, 0.03211778, -0.67427874, 0.00000000, 0.00000000, 0.00000000, 0.00000000
5, 0.2201, 22, -0.26931992, 0.17494948, -0.19141398, -87.97769928, -41.30629349, 69.47900391, -55.83162689, 51.65156174, -118.62028503, -26.10486412, -18.40762138, -6.78951740, 0.95779574, 0.23177034, 0.14233989, 0.09300190, -0.06569035, 0.13309634, -0.67672163, 0.00000000, 0.00000000, 0.00000000, 0.00000000
2, 0.3099, 31, -0.40748414, 0.45097601, -0.16030252, -155.94830322, -37.81394958, 135.85568237, -16.83718109, 47.20841980, 29.17275620, -38.40932083, -23.61373138, -11.43866539, 0.91306108, 0.33963713, 0.16017716, 0.15908964, -0.03148183, 0.02571437, -0.55491203, 0.00000000, 0.00000000, 0.00000000, 0.00000000
2, 0.3199, 32, -0.45080420, 0.48001507, -0.21510643, -160.93495178, -39.39110184, 137.62112427, -16.63256264, 49.02075195, 30.66354752, -40.51709747, -24.50032997, -10.96498680, 0.90556556, 0.35584295, 0.16581562, 0.16072334, -0.05372709, 0.05734579, -0.42409220, 0.00000000, 0.00000000, 0.00000000, 0.00000000
5, 0.2301, 23, -0.30290189, 0.17040022, -0.17918335, -94.00074005, -44.37314606, 71.02486420, -55.71470261, 52.49926758, -118.44490051, -27.19165421, -19.12035179, -6.57441378, 0.95466334, 0.24068165, 0.14787170, 0.09393741, -0.10452677, 0.19119304, -0.62168181, 0.00000000, 0.00000000, 0.00000000, 0.00000000
5, 0.2401, 24, -0.34454900, 0.15496898, -0.18998218, -99.52865601, -45.21005249, 74.91350555, -55.77316666, 53.99005890, -117.74334717, -28.35251427, -19.85323906, -6.33356714, 0.95124161, 0.25010389, 0.15355510, 0.09491250, -0.08968090, 0.21430081, -0.57332635, 0.00000000, 0.00000000, 0.00000000, 0.00000000
5, 0.2501, 25, -0.38582352, 0.18374902, -0.24577011, -105.57027435, -49.07326889, 79.17469788, -55.74393463, 54.72084045, -117.33411407, -29.58870125, -20.63604546, -6.06149101, 0.94746482, 0.26002562, 0.15964909, 0.09596461, -0.08543376, 0.17764929, -0.50818449, 0.00000000, 0.00000000, 0.00000000, 0.00000000
5, 0.2601, 26, -0.43525881, 0.23667204, -0.28100681, -109.10626221, -56.66316605, 85.78634644, -55.51008606, 55.89009094, -116.28178406, -30.89663696, -21.49760246, -5.71581888, 0.94330466, 0.27033284, 0.16649374, 0.09683160, -0.05972141, 0.12996805, -0.46265388, 0.00000000, 0.00000000, 0.00000000, 0.00000000
5, 0.2701, 27, -0.48634395, 0.25739360, -0.30764228, -111.39575958, -67.84468079, 90.08824158, -55.51008606, 55.89009094, -116.28178406, -33.87876511, -24.86161423, -7.44447613, 0.92814511, 0.29729736, 0.18701509, 0.12323296, -0.04791144, 0.11770964, -0.40104401, 0.00000000, 0.00000000, 0.00000000, 0.00000000
5, 0.2801, 28, -0.52702737, 0.23704700, -0.35274175, -113.09632874, -74.77296448, 94.44894409, -55.77316666, 57.14703369, -115.90177917, -35.31724167, -25.87798500, -6.91704273, 0.92289746, 0.30797559, 0.19513926, 0.12382314, -0.08358686, 0.13835366, -0.29823798, 0.00000000, 0.00000000, 0.00000000, 0.00000000
5, 0.2901, 29, -0.49514526, 0.22125113, -0.39094380, -116.40562439, -85.70930481, 97.59542084, -55.48085403, 58.93013763, -114.49868011, -36.81233597, -26.99407768, -6.31700850, 0.91717494, 0.31876609, 0.20420173, 0.12441857, -0.14902633, 0.14811616, -0.25966674, 0.00000000, 0.00000000, 0.00000000, 0.00000000
2, 0.3299, 33, -0.52696210, 0.52684462, -0.29497641, -160.49655151, -46.67236710, 135.25852966, -15.81408882, 50.54077530, 30.92663002, -42.61436081, -25.43654060, -10.44304371, 0.89773577, 0.37164783, 0.17199987, 0.16237177, -0.04315960, 0.00108687, -0.30902734, 0.00000000, 0.00000000, 0.00000000, 0.00000000
5, 0.3001, 30, -0.49672240, 0.25123096, -0.41676953, -117.90707397, -105.91593170, 96.48442078, -55.71470261, 60.33323669, -113.73867035, -38.30866623, -28.29231834, -5.64686966, 0.91093057, 0.32914969, 0.21491355, 0.12521262, -0.17111096, 0.12219744, -0.22980584, 0.00000000, 0.00000000, 0.00000000, 0.00000000
5, 0.3101, 31, -0.68314904, 0.26369175, -0.44275782, -116.22297668, -126.88695526, 92.79090881, -56.06547546, 61.21017075, -112.24787903, -39.77215576, -29.76996040, -4.90229034, 0.90424693, 0.33876690, 0.22728163, 0.12616557, -0.04260013, 0.10920928, -0.09484571, 0.00000000, 0.00000000, 0.00000000, 0.00000000
5, 0.3201, 32, -0.99409747, 0.27011600, -0.47228211, -111.20128632, -135.24211121, 90.75769806, -56.06547546, 61.21017075, -112.24787903, -38.08713531, -33.50260925, -13.39817429, 0.88800764, 0.34208962, 0.23413618, 0.19899079, 0.17961118, 0.08563230, 0.10773978, 0.00000000, 0.00000000, 0.00000000, 0.00000000
5, 0.3301, 33, -1.21413195, 0.21620482, -0.58154202, -106.19555664, -119.48479462, 92.01597595, -55.74393463, 61.15171051, -111.98480225, -39.56805420, -34.88125610, -12.59871483, 0.88116550, 0.35191029, 0.24489248, 0.19933474, 0.25828305, 0.05236324, 0.34035063, 0.00000000, 0.00000000, 0.00000000, 0.00000000
2, 0.3399, 34, -0.74049228, 0.60992396, -0.37116390, -156.37261963, -52.78646851, 132.32814026, -14.61560917, 51.12540054, 33.03127670, -44.68089294, -26.39500618, -9.85859489, 0.88972545, 0.38684648, 0.17859210, 0.16383889, 0.08416637, -0.08793325, -0.11917164, 0.00000000, 0.00000000, 0.00000000, 0.00000000
5, 0.3401, 34, -1.31431711, 0.17884004, -0.69396752, -103.91600800, -99.06393433, 92.45616913, -55.77316666, 61.50248337, -110.61093140, -41.10108185, -36.04327393, -11.79160404, 0.87455934, 0.36180258, 0.25386688, 0.19949096, 0.26521170, 0.04043913, 0.51555157, 0.00000000, 0.00000000, 0.00000000, 0.00000000
2, 0.3499, 35, -0.93390030, 0.63523519, -0.42468071, -149.46810913, -51.84227371, 127.87797546, -14.61560917, 51.12540054, 33.03127670, -46.69521713, -27.30224800, -9.24081612, 0.88174772, 0.40131631, 0.18495764, 0.16509722, 0.19324461, -0.11683919, 0.06163952, 0.00000000, 0.00000000, 0.00000000, 0.00000000
2, 0.3599, 36, -1.10187805, 0.64259398, -0.52089304, -139.19178772, -42.49170303, 121.49808502, -14.70330334, 52.47003555, 33.79129028, -47.11433411, -29.08457375, -12.21586800, 0.87157959, 0.40915376, 0.18769948, 0.19419327, 0.25100327, -0.15532008, 0.25750041, 0.00000000, 0.00000000, 0.00000000, 0.00000000
5, 0.3501, 35, -1.32317424, 0.18030995, -0.83824211, -101.98206329, -82.70830536, 85.03979492, -55.42238998, 63.87021255, -109.58783722, -42.58870316, -37.04008102, -11.06471252, 0.86823928, 0.37128013, 0.26137346, 0.19998917, 0.19211361, -0.02073382, 0.65000361, 0.00000000, 0.00000000, 0.00000000, 0.00000000
2, 0.3699, 37, -1.21924782, 0.65031660, -0.62771630, -129.08935547, -31.92615509, 115.62374878, -14.20637226, 54.95469284, 34.43437576, -48.95664597, -29.72761536, -11.65172482, 0.86433172, 0.42211351, 0.19160844, 0.19503129, 0.25861013, -0.21065345, 0.42049184, 0.00000000, 0.00000000, 0.00000000, 0.00000000
2, 0.3799, 38, -1.31374359, 0.66844916, -0.76974988, -120.49797058, -25.46948814, 109.85710144, -13.91405964, 55.59777832, 35.22361755, -50.71382904, -30.27233505, -11.10667133, 0.85739249, 0.43429244, 0.19484454, 0.19571385, 0.24461631, -0.27552316, 0.59661335, 0.00000000, 0.00000000, 0.00000000, 0.00000000
2, 0.3899, 39, -1.43803239, 0.66979730, -1.02859068, -106.75015259, -15.68348694, 103.35752869, -12.92019844, 56.85472107, 35.98363113, -52.34537506, -30.66990280, -10.59068680, 0.85105640, 0.44546312, 0.19707523, 0.19602835, 0.18273467, -0.37776527, 0.87604630, 0.00000000, 0.00000000, 0.00000000, 0.00000000
5, 0.3601, 36, -1.38205230, 0.14138886, -1.07147658, -96.83322906, -76.50984955, 83.31681824, -56.00701523, 63.40251160, -108.44782257, -44.06367111, -37.94889069, -10.31460285, 0.86209452, 0.38039595, 0.26829496, 0.20027417, 0.11272430, -0.08914968, 0.89273179, 0.00000000, 0.00000000, 0.00000000, 0.00000000
2, 0.3999, 40, -1.53950405, 0.66711193, -1.41314781, -87.84961700, -11.93855286, 95.70006561, -12.92019844, 56.85472107, 35.98363113, -53.80622101, -30.94896698, -10.06549549, 0.84554160, 0.45527169, 0.19876069, 0.19565609, 0.03143896, -0.53287011, 1.22592402, 0.00000000, 0.00000000, 0.00000000, 0.00000000
5, 0.3701, 37, -1.47545445, 0.06765944, -1.37927544, -86.82294464, -74.40122223, 78.84061432, -56.00701523, 63.40251160, -108.44782257, -40.32556534, -35.01320267, -10.44041538, 0.88209105, 0.35305190, 0.25130108, 0.18470973, 0.03416482, -0.16967867, 1.20338356, 0.00000000, 0.00000000, 0.00000000, 0.00000000
5, 0.3801, 38, -1.61316717, 0.16962691, -1.62409973, -72.70052338, -74.22910309, 67.22039032, -55.65623856, 65.53639221, -108.18473816, -41.42802048, -35.86419678, -9.82227612, 0.87732971, 0.35994059, 0.25811976, 0.18468836, 0.09249813, -0.38824654, 1.37724757, 0.00000000, 0.00000000, 0.00000000, 0.00000000
5, 0.3901, 39, -1.71821308, 0.17805591, -1.83297861, -53.40927505, -73.38447571, 56.28651428, -55.48085403, 66.55948639, -107.19087982, -42.32271957, -36.64711761, -9.20864868, 0.87331557, 0.36512092, 0.26472765, 0.18418984, 0.07685839, -0.49063283, 1.60051298, 0.00000000, 0.00000000, 0.00000000, 0.00000000
2, 0.4099, 41, -1.68682432, 0.68353361, -1.71204889, -69.33862305, -18.24701691, 85.86597443, -12.16018677, 57.99473953, 36.65594864, -50.70813370, -27.59837151, -9.26622009, 0.86647892, 0.43190330, 0.18125044, 0.17269067, -0.01516403, -0.67306793, 1.52017009, 0.00000000, 0.00000000, 0.00000000, 0.00000000
2, 0.4199, 42, -1.93196297, 0.73047614, -2.00253201, -53.44798279, -17.37910461, 71.37332916, -11.13709450, 58.69628525, 37.41595840, -51.70132446, -27.82653618, -8.79201698, 0.86292434, 0.43857542, 0.18331422, 0.17149113, 0.05405504, -0.84609365, 1.82274103, 0.00000000, 0.00000000, 0.00000000, 0.00000000
2, 0.4299, 43, -2.08294773, 0.85925472, -2.37830663, -40.33481598, -21.59066200, 54.56121063, -10.90324497, 58.52090073, 37.73750305, -52.45922470, -28.06115723, -8.37606812, 0.86011952, 0.44352114, 0.18558086, 0.17042038, -0.01563568, -1.12042379, 2.14595079, 0.00000000, 0.00000000, 0.00000000, 0.00000000
5, 0.4001, 40, -1.88435411, 0.32551825, -1.96102607, -29.28363037, -66.67209625, 44.23917389, -55.68547058, 68.51797485, -106.43087006, -42.96569061, -37.29526901, -8.61700630, 0.87038851, 0.36836901, 0.27062383, 0.18300515, 0.18678710, -0.67830372, 1.73584175, 0.00000000, 0.00000000, 0.00000000, 0.00000000
2, 0.4399, 44, -2.34128690, 0.96493423, -2.42141581, -30.08178139, -33.11170578, 34.12836075, -10.78631973, 60.27477264, 38.02981567, -52.96040726, -28.38936615, -8.02128315, 0.85798740, 0.44656765, 0.18871969, 0.16976444, 0.18189996, -1.23067153, 2.31575370, 0.00000000, 0.00000000, 0.00000000, 0.00000000
5, 0.4101, 41, -2.06061149, 0.38040718, -1.92625129, -4.92284346, -57.56635666, 18.08481026, -55.77316666, 66.79333496, -106.10932159, -43.18926620, -37.81242371, -8.22057724, 0.86883795, 0.36888081, 0.27554592, 0.18199483, 0.35880265, -0.71025270, 1.78742278, 0.00000000, 0.00000000, 0.00000000, 0.00000000
5, 0.4201, 42, -2.20945930, 0.30825824, -1.86480272, 17.00577354, -34.85199356, -4.83994722, -55.71470261, 68.40105438, -106.46009827, -39.20486450, -35.28417206, -9.11811066, 0.88681495, 0.34139496, 0.25918868, 0.17271370, 0.50076187, -0.62565535, 1.83674026, 0.00000000, 0.00000000, 0.00000000, 0.00000000
2, 0.4499, 45, -2.54594874, 1.05046070, -2.44484830, -13.60870552, -26.40272522, 15.53860855, -10.78631973, 60.27477264, 38.02981567, -53.18911362, -28.62891197, -7.79128075, 0.85691333, 0.44779330, 0.19110304, 0.16929375, 0.34445137, -1.31649399, 2.44097614, 0.00000000, 0.00000000, 0.00000000, 0.00000000
5, 0.4301, 43, -2.17843437, 0.22725077, -1.92822742, 37.71192169, -4.12592030, -29.67883492, -55.71470261, 68.40105438, -106.46009827, -38.66668320, -35.22922134, -9.23941994, 0.88837528, 0.33751449, 0.25920612, 0.17229512, 0.45337185, -0.60536420, 1.85521245, 0.00000000, 0.00000000, 0.00000000, 0.00000000
2, 0.4599, 46, -2.60836434, 1.06257999, -2.51172924, 17.54159546, -15.02751446, -7.59367085, -10.93247604, 59.36860657, 38.08827972, -49.12071609, -25.82155037, -7.92056227, 0.87799948, 0.41821128, 0.17475154, 0.15387678, 0.36584073, -1.36285031, 2.50819254, 0.00000000, 0.00000000, 0.00000000, 0.00000000
5, 0.4401, 44, -2.19960952, 0.10514195, -2.03809643, 59.38315582, 19.66039848, -57.48207855, -55.94855118, 68.25489807, -106.48932648, -37.72839355, -34.90398026, -9.61679268, 0.89142346, 0.33114642, 0.25694412, 0.17229649, 0.39418834, -0.55764514, 1.98936629, 0.00000000, 0.00000000, 0.00000000, 0.00000000
2, 0.4699, 47, -2.68411446, 0.99835932, -2.55816627, 53.25211334, -2.93684268, -31.51820564, -11.07863140, 60.45016098, 38.11750793, -48.51999283, -25.65838814, -7.92776585, 0.88049817, 0.41365644, 0.17425834, 0.15246494, 0.41296977, -1.34478664, 2.55881810, 0.00000000, 0.00000000, 0.00000000, 0.00000000
5, 0.4501, 45, -2.15230513, 0.01709286, -2.10718155, 80.17872620, 34.03078842, -82.93979645, -56.09470749, 67.67027283, -107.10318756, -36.42286682, -34.38986969, -10.18941116, 0.89566362, 0.32231352, 0.25319380, 0.17260841, 0.30668634, -0.52372807, 2.03855562, 0.00000000, 0.00000000, 0.00000000, 0.00000000
5, 0.4601, 46, -2.00559998, -0.03016872, -2.11898875, 101.90313721, 41.59292984, -104.47048950, -56.85472107, 66.00408936, -107.83396912, -34.79184723, -33.73667526, -10.87808418, 0.90086901, 0.31106761, 0.24853525, 0.17292285, 0.17307688, -0.50185651, 1.97247410, 0.00000000, 0.00000000, 0.00000000, 0.00000000
5, 0.4701, 47, -1.93872321, -0.10061492, -2.08045101, 122.80418396, 44.92565536, -127.14308929, -57.17626190, 65.53639221, -108.88629150, -29.80436707, -29.55149269, -11.50532913, 0.92313010, 0.27211660, 0.22029260, 0.15891722, 0.13943018, -0.44523627, 1.90396762, 0.00000000, 0.00000000, 0.00000000, 0.00000000
5, 0.4801, 48, -1.99051476, -0.15583691, -1.94906843, 142.14184570, 53.96207428, -150.01039124, -57.17626190, 65.53639221, -108.88629150, -27.63960457, -28.58818245, -12.32424927, 0.92922169, 0.25587195, 0.21351960, 0.15964353, 0.28161222, -0.37399018, 1.79476535, 0.00000000, 0.00000000, 0.00000000, 0.00000000
2, 0.4799, 48, -2.69829321, 0.89756036, -2.59479189, 82.35108185, 7.22962093, -52.85990906, -11.66325665, 59.51476288, 37.32826614, -47.56191254, -25.31482315, -8.02886581, 0.88447857, 0.40651375, 0.17248033, 0.15064852, 0.37831509, -1.27746868, 2.61576271, 0.00000000, 0.00000000, 0.00000000, 0.00000000
5, 0.4901, 49, -2.03111625, -0.19863603, -1.91454935, 164.33615112, 79.07929230, -175.73799133, -57.17626190, 64.25022125, -109.73399353, -25.19976234, -27.27847099, -13.23750877, 0.93614614, 0.23710178, 0.20416050, 0.16041078, 0.33950588, -0.34746307, 1.78226566, 0.00000000, 0.00000000, 0.00000000, 0.00000000
5, 0.5001, 50, -1.98989403, -0.19210550, -1.83898759, 184.49256897, 105.98004150, -197.38369751, -58.25782013, 61.97018433, -111.10786438, -22.56654739, -25.60268021, -14.17319012, 0.94364274, 0.21614575, 0.19209035, 0.16099900, 0.36443901, -0.34827575, 1.67367554, 0.00000000, 0.00000000, 0.00000000, 0.00000000
2, 0.4899, 49, -2.62146807, 0.81122172, -2.59005761, 105.44374084, 12.86115551, -74.76706696, -11.66325665, 59.51476288, 37.32826614, -46.27597046, -24.85590363, -8.22711468, 0.88963389, 0.39694649, 0.16986361, 0.14876647, 0.30448124, -1.20801103, 2.57624531, 0.00000000, 0.00000000, 0.00000000, 0.00000000
2, 0.4999, 50, -2.54720688, 0.76790416, -2.61477661, 128.28573608, 16.08619308, -99.32151031, -12.30634308, 58.43320465, 36.56825638, -44.64183426, -24.30343628, -8.52669144, 0.89589798, 0.38473287, 0.16658804, 0.14695534, 0.22939181, -1.19377315, 2.53997827, 0.00000000, 0.00000000, 0.00000000, 0.00000000
5, 0.5101, 51, -1.93121493, -0.31320983, -1.73654914, 201.59880066, 134.92845154, -219.81806946, -58.57936096, 59.92399979, -112.77404022, -19.78334045, -23.53798485, -15.11204147, 0.95144308, 0.19313614, 0.17707519, 0.16155174, 0.36206219, -0.22726038, 1.58575964, 0.00000000, 0.00000000, 0.00000000, 0.00000000
2, 0.5099, 51, -2.48559952, 0.79240984, -2.57575774, 152.74955750, 14.75684166, -126.88331604, -12.30634308, 58.19935608, 35.77901077, -40.29494476, -21.24866867, -8.64931297, 0.91529953, 0.35062113, 0.14706622, 0.13290267, 0.23124006, -1.22132683, 2.43207788, 0.00000000, 0.00000000, 0.00000000, 0.00000000
5, 0.5201, 52, -1.65082800, -0.43830261, -1.54726398, 209.62823486, 134.61950684, -250.72096252, -58.49166870, 57.14703369, -114.35252380, -15.02408409, -20.46093369, -16.37308693, 0.96240658, 0.15241866, 0.15596916, 0.16191269, 0.21599716, -0.07320961, 1.31575608, 0.00000000, 0.00000000, 0.00000000, 0.00000000
2, 0.5199, 52, -2.49072766, 0.81812757, -2.46704888, 181.21383667, 17.78963852, -157.81002808, -13.44636059, 56.70856476, 34.05437088, -37.88581467, -20.49143219, -9.10119438, 0.92324495, 0.33179003, 0.14236169, 0.13140509, 0.34633738, -1.23436427, 2.29719353, 0.00000000, 0.00000000, 0.00000000, 0.00000000
5, 0.5301, 53, -1.90816545, -0.57979214, -1.40263677, 218.96131897, 156.73677063, -277.98629761, -58.49166870, 57.14703369, -114.35252380, -11.94699669, -17.90493584, -17.35593033, 0.96876359, 0.12497557, 0.13748761, 0.16424248, 0.51738757, 0.05643497, 1.36170292, 0.00000000, 0.00000000, 0.00000000, 0.00000000
5, 0.5401, 54, -1.90501952, -0.70658433, -1.30541277, 228.27775574, 189.10629272, -298.43478394, -59.28091049, 53.87313461, -116.31101990, -8.85415363, -14.92278385, -18.22113419, 0.97451591, 0.09607144, 0.11571847, 0.16642828, 0.57420260, 0.16660810, 1.31401074, 0.00000000, 0.00000000, 0.00000000, 0.00000000
2, 0.5299, 53, -2.58819175, 0.78742754, -2.30564237, 210.72596741, 26.68404007, -189.16830444, -14.64484024, 54.48699188, 32.27126694, -35.06947327, -19.53644943, -9.64608383, 0.93208516, 0.30946672, 0.13624236, 0.12994519, 0.52007842, -1.16722369, 2.22908449, 0.00000000, 0.00000000, 0.00000000, 0.00000000
2, 0.5399, 54, -2.56391168, 0.81376773, -2.16150260, 227.21199036, 37.19056320, -217.62322998, -14.64484024, 54.48699188, 32.27126694, -31.96275902, -18.40275192, -10.30972767, 0.94118726, 0.28449473, 0.12868391, 0.12911175, 0.61027008, -1.16451180, 2.07269335, 0.00000000, 0.00000000, 0.00000000, 0.00000000
5, 0.5501, 55, -1.60027444, -0.77164888, -1.23244154, 238.32374573, 218.00067139, -314.57632446, -58.66705704, 50.51154709, -118.21104431, -5.76215219, -11.56563282, -18.90307426, 0.97933280, 0.06585328, 0.09105259, 0.16816671, 0.38648164, 0.20911609, 1.10510492, 0.00000000, 0.00000000, 0.00000000, 0.00000000
2, 0.5499, 55, -2.54583168, 0.79831988, -1.92043447, 251.91343689, 48.07700348, -245.69033813, -15.02484608, 52.79158020, 31.54048538, -28.53708649, -17.04234123, -11.01295853, 0.95052564, 0.25640136, 0.11955163, 0.12832315, 0.75304508, -1.08766282, 1.86653078, 0.00000000, 0.00000000, 0.00000000, 0.00000000
5, 0.5601, 56, -1.48383927, -0.84468174, -1.10494304, 247.93360901, 239.22215271, -329.00238037, -57.46857452, 46.68225479, -119.58491516, -2.64971805, -7.92094660, -19.38120651, 0.98284549, 0.03435973, 0.06418189, 0.16945493, 0.38782498, 0.28229141, 0.96169519, 0.00000000, 0.00000000, 0.00000000, 0.00000000
2, 0.5599, 56, -2.53502536, 0.77991223, -1.69223964, 283.62152100, 62.12181854, -272.95681763, -16.19409561, 49.89768982, 29.17275620, -25.57363129, -16.74217796, -11.77491379, 0.95641631, 0.23237392, 0.11876410, 0.13101642, 0.89197743, -1.01835108, 1.67695522, 0.00000000, 0.00000000, 0.00000000, 0.00000000
2, 0.5699, 57, -2.52946925, 0.72072285, -1.53778374, 313.44607544, 80.24154663, -295.64578247, -17.24641991, 46.76995087, 27.30195808, -21.53577614, -14.78170395, -12.35665226, 0.96598506, 0.19780290, 0.10569793, 0.12874360, 0.97461224, -0.94657242, 1.56038380, 0.00000000, 0.00000000, 0.00000000, 0.00000000
2, 0.5799, 58, -2.50961018, 0.59787953, -1.32307482, 337.22253418, 97.89853668, -318.22253418, -18.29874229, 42.82373428, 26.13270950, -17.28525543, -12.52289867, -12.81662846, 0.97477746, 0.16047603, 0.09048114, 0.12597442, 1.08536172, -0.80427551, 1.40776193, 0.00000000, 0.00000000, 0.00000000, 0.00000000
5, 0.5701, 57, -1.30646431, -0.99047387, -1.09116316, 258.89154053, 251.57458496, -338.38162231, -56.44548416, 42.76527405, -121.48494720, 2.79643416, -4.93500566, -18.87245941, 0.98543292, -0.01699219, 0.04645436, 0.16271263, 0.26825902, 0.35316247, 0.90805173, 0.00000000, 0.00000000, 0.00000000, 0.00000000
2, 0.5899, 59, -2.27321243, 0.54961216, -1.18616104, 353.54470825, 116.26577759, -343.31478882, -18.29874229, 42.82373428, 26.13270950, -12.85541439, -9.97217751, -13.17484760, 0.98230165, 0.12069752, 0.07300315, 0.12323228, 1.01246333, -0.76932079, 1.14739990, 0.00000000, 0.00000000, 0.00000000, 0.00000000
5, 0.5801, 58, -1.06373811, -1.00186205, -1.01066768, 268.48159790, 273.97756958, -341.73782349, -56.44548416, 42.76527405, -121.48494720, 5.96258879, -0.90754241, -18.61427498, 0.98553574, -0.05004453, 0.01621601, 0.16109627, 0.15300709, 0.31667420, 0.72477204, 0.00000000, 0.00000000, 0.00000000, 0.00000000
5, 0.5901, 59, -0.85069633, -1.02019489, -0.93245947, 276.58444214, 292.33404541, -347.57263184, -54.95469284, 38.35136032, -123.15112305, 9.20421410, 3.27720499, -18.03425980, 0.98369515, -0.08367881, -0.01558051, 0.15842649, 0.07460215, 0.31433979, 0.56822503, 0.00000000, 0.00000000, 0.00000000, 0.00000000
2, 0.5999, 60, -2.04064918, 0.44276482, -0.99460775, 372.26571655, 130.32455444, -366.33389282, -18.70797920, 37.32826614, 23.73575020, -8.23159885, -7.17633867, -13.35712433, 0.98818845, 0.07840544, 0.05366873, 0.12023313, 0.96233284, -0.66386592, 0.87746257, 0.00000000, 0.00000000, 0.00000000, 0.00000000
2, 0.6099, 61, -1.67065036, 0.34608951, -0.93897903, 389.82498169, 140.60409546, -383.86212158, -18.85413551, 33.41128159, 21.54340744, -7.20373106, -7.94919443, -12.75014019, 0.98898417, 0.06996555, 0.06179060, 0.11487822, 0.71905506, -0.61684585, 0.61911941, 0.00000000, 0.00000000, 0.00000000, 0.00000000
5, 0.6001, 60, -0.48684958, -1.07230389, -0.89344454, 285.61959839, 304.89331055, -343.67272949, -52.61619186, 34.43437576, -124.02806091, 12.55250645, 7.48810625, -17.06901741, 0.97984201, -0.11751370, -0.04800006, 0.15426034, -0.15750217, 0.32292986, 0.38482022, 0.00000000, 0.00000000, 0.00000000, 0.00000000
5, 0.6101, 61, -0.34255445, -1.14126468, -0.86697823, 289.64953613, 300.14904785, -341.19067383, -49.78076553, 29.66968727, -125.10961914, 16.04914093, 11.57754993, -15.83493710, 0.97382832, -0.15131918, -0.07979067, 0.14964795, -0.21409568, 0.34058756, 0.34086141, 0.00000000, 0.00000000, 0.00000000, 0.00000000
5, 0.6201, 62, -0.30433387, -1.16752875, -0.87242329, 290.70187378, 295.67871094, -333.73934937, -47.00379944, 26.22040367, -126.04501343, 20.85361290, 15.86917686, -14.08090973, 0.96366459, -0.19453552, -0.11276899, 0.14418644, -0.18612480, 0.30218744, 0.36907560, 0.00000000, 0.00000000, 0.00000000, 0.00000000
2, 0.6199, 62, -1.37996876, 0.24775900, -0.80080414, 406.51919556, 144.15972900, -396.19952393, -18.35720444, 28.17889404, 20.90032196, -2.22773170, -4.89009905, -12.60336590, 0.99277413, 0.02398610, 0.04026362, 0.11046711, 0.55334461, -0.50377226, 0.36597297, 0.00000000, 0.00000000, 0.00000000, 0.00000000
2, 0.6299, 63, -1.10432398, 0.14712085, -0.62786734, 421.01947021, 149.25425720, -407.77853394, -17.42180634, 23.32651329, 20.34492874, 2.90202141, -1.75913501, -12.15561676, 0.99398428, -0.02355210, 0.01794033, 0.10544597, 0.46879137, -0.42529401, 0.09648402, 0.00000000, 0.00000000, 0.00000000, 0.00000000
2, 0.6399, 64, -0.85226256, 0.07996985, -0.53326350, 433.04598999, 150.85137939, -415.17745972, -17.42180634, 23.32651329, 20.34492874, 8.18549633, 1.36175954, -11.39044189, 0.99237204, -0.07219011, -0.00471236, 0.09982060, 0.36698771, -0.41428241, -0.10431645, 0.00000000, 0.00000000, 0.00000000, 0.00000000
2, 0.6499, 65, -0.70091057, 0.01431615, -0.42783386, 442.86590576, 145.56115723, -417.21575928, -16.01870728, 17.68488693, 19.49722290, 13.62701893, 4.35393381, -10.31158829, 0.98780143, -0.12146225, -0.02691159, 0.09365346, 0.34710246, -0.40135849, -0.23627046, 0.00000000, 0.00000000, 0.00000000, 0.00000000
2, 0.6599, 66, -0.49544847, -0.08771469, -0.34118015, 444.11785889, 138.41812134, -421.56045532, -13.53405380, 12.10172462, 19.96492195, 14.96818066, 3.53275108, -9.11017132, 0.98756093, -0.13220486, -0.02012578, 0.08270572, 0.24621442, -0.34646404, -0.37322074, 0.00000000, 0.00000000, 0.00000000, 0.00000000
2, 0.6699, 67, -0.36811247, -0.12986794, -0.11876008, 440.59729004, 124.99217224, -418.65710449, -11.13709450, 5.87547493, 21.10494041, 20.51479912, 6.23440838, -7.82305050, 0.97961247, -0.18104310, -0.04125560, 0.07668707, 0.26631641, -0.25038210, -0.58138549, 0.00000000, 0.00000000, 0.00000000, 0.00000000
2, 0.6799, 68, -0.26245117, -0.33039781, 0.10848516, 422.52490234, 119.72052002, -409.31378174, -8.65244102, 1.22771120, 22.65419388, 25.96342087, 8.74712276, -6.37392616, 0.96914935, -0.22777060, -0.06174262, 0.07111997, 0.30526856, -0.05725044, -0.69890106, 0.00000000, 0.00000000, 0.00000000, 0.00000000
2, 0.6899, 69, 0.08994813, -0.33330002, 0.28557205, 402.11724854, 113.80708313, -397.96035767, -8.65244102, 1.22771120, 22.65419388, 31.28923798, 11.05909252, -4.79899311, 0.95654356, -0.27206427, -0.08147014, 0.06609052, 0.17956136, -0.05641139, -0.99983263, 0.00000000, 0.00000000, 0.00000000, 0.00000000
5, 0.6301, 63, -0.21139048, -1.11373794, -0.82021254, 290.10028076, 294.12423706, -319.88812256, -43.52528381, 20.46185303, -125.63578033, 24.66534615, 19.53918839, -12.11495876, 0.95355672, -0.22680792, -0.14263305, 0.13763648, -0.16034696, 0.21438380, 0.30532336, 0.00000000, 0.00000000, 0.00000000, 0.00000000
2, 0.6999, 70, 0.14039518, -0.49359083, 0.55312133, 382.30413818, 108.35697937, -385.96124268, -5.49546909, -3.09850907, 23.29728127, 36.49243164, 13.16995144, -3.11352658, 0.94213080, -0.31387943, -0.10042048, 0.06152321, 0.28808248, 0.13289002, -1.10809338, 0.00000000, 0.00000000, 0.00000000, 0.00000000
2, 0.7099, 71, 0.48281357, -0.70701808, 0.74005783, 364.74636841, 106.50054169, -368.05413818, -2.45542240, -7.80473518, 25.89885902, 53.48369980, 16.47308540, -0.86782408, 0.88331789, -0.44628599, -0.12456126, 0.07115445, 0.11413360, 0.30994004, -1.28919685, 0.00000000, 0.00000000, 0.00000000, 0.00000000
5, 0.6401, 64, -0.09252673, -1.14514077, -0.77742839, 287.18106079, 292.78466797, -313.69613647, -43.52528381, 20.46185303, -125.63578033, 28.65588760, 23.02516937, -9.83672142, 0.94167149, -0.25817895, -0.17187272, 0.13060735, -0.19165878, 0.21322073, 0.27047098, 0.00000000, 0.00000000, 0.00000000, 0.00000000
2, 0.7199, 72, 0.62665999, -1.04276788, 0.85227656, 346.45285034, 97.10914612, -347.39651489, 1.02309263, -11.66325665, 28.67582512, 58.51047516, 17.66231537, 1.32193351, 0.86291677, -0.48133010, -0.13950332, 0.06507681, 0.01620660, 0.51393771, -1.16384280, 0.00000000, 0.00000000, 0.00000000, 0.00000000
2, 0.7299, 73, 0.67490131, -1.19604790, 1.08799040, 321.56848145, 95.82892609, -324.19537354, 1.02309263, -11.66325665, 28.67582512, 63.25686264, 18.61796188, 3.51604891, 0.84246033, -0.51303309, -0.15354331, 0.05900984, 0.08988474, 0.71858305, -1.23307967, 0.00000000, 0.00000000, 0.00000000, 0.00000000
5, 0.6501, 65, 0.06995475, -1.19707513, -0.64273888, 275.35787964, 284.83087158, -302.11544800, -40.28062057, 18.41566849, -125.51885223, 32.73676682, 26.24932861, -7.31380320, 0.92842269, -0.28778768, -0.19991873, 0.12345886, -0.22810873, 0.27754664, 0.15754616, 0.00000000, 0.00000000, 0.00000000, 0.00000000
2, 0.7399, 74, 0.85840160, -1.09513283, 1.06420612, 293.89007568, 95.73561096, -302.05117798, 3.85852075, -13.06635475, 30.04969215, 67.68792725, 19.38853073, 5.68851233, 0.82234246, -0.54136395, -0.16692689, 0.05304200, -0.02136050, 0.58844376, -1.29978991, 0.00000000, 0.00000000, 0.00000000, 0.00000000
5, 0.6601, 66, 0.16938286, -1.27145112, -0.50755697, 257.10223389, 277.03643799, -287.85513306, -36.62671661, 13.70944118, -125.69423676, 36.83819962, 29.20040321, -4.57577133, 0.91422200, -0.31506580, -0.22676240, 0.11623508, -0.22180215, 0.36697495, 0.08938274, 0.00000000, 0.00000000, 0.00000000, 0.00000000
5, 0.6701, 67, 0.20282419, -1.36638606, -0.37062064, 234.01448059, 278.85858154, -268.15148926, -33.35282135, 12.51096153, -125.34346771, 44.13235474, 31.39256859, 0.55684012, 0.89267480, -0.36044529, -0.25247568, 0.09729826, -0.17064787, 0.47121906, 0.07166882, 0.00000000, 0.00000000, 0.00000000, 0.00000000
2, 0.7499, 75, 0.75157285, -1.10877645, 1.19584012, 269.87185669, 94.02417755, -288.07507324, 6.28471184, -15.22946453, 32.21280289, 71.87280273, 20.03652573, 7.82573271, 0.80243188, -0.56697923, -0.17996141, 0.04744918, 0.14394978, 0.63617718, -1.24962926, 0.00000000, 0.00000000, 0.00000000, 0.00000000
5, 0.6801, 68, 0.32889414, -1.46474278, -0.27427152, 208.29338074, 280.95477295, -247.74177551, -30.25431061, 10.52323914, -124.05728912, 48.19168472, 33.65429688, 3.98288321, 0.87735665, -0.38136411, -0.27768087, 0.08775112, -0.22800058, 0.54636258, 0.05293661, 0.00000000, 0.00000000, 0.00000000, 0.00000000
2, 0.7599, 76, 0.78975058, -1.00655830, 1.18352938, 256.87973022, 114.73865509, -275.45666504, 9.06167793, -16.74948883, 34.11283112, 85.26969910, 19.48846817, 12.42875576, 0.73322046, -0.65015054, -0.19604495, 0.03547540, 0.14154576, 0.51401478, -1.19778109, 0.00000000, 0.00000000, 0.00000000, 0.00000000
5, 0.6901, 69, 0.49715787, -1.61364090, -0.19291250, 181.51153564, 276.38217163, -221.93928528, -30.25431061, 10.52323914, -124.05728912, 52.10046005, 35.57811737, 7.55093193, 0.86243260, -0.39918083, -0.30141497, 0.07754892, -0.34143537, 0.69296354, 0.02106361, 0.00000000, 0.00000000, 0.00000000, 0.00000000
2, 0.7699, 77, 1.03334403, -0.94380188, 1.28164625, 242.24291992, 124.49270630, -268.80465698, 12.10172462, -18.12335587, 36.01286316, 89.13932800, 19.45808792, 14.87384892, 0.71159559, -0.67028201, -0.20890239, 0.02671198, 0.02031333, 0.46965688, -1.26702201, 0.00000000, 0.00000000, 0.00000000, 0.00000000
5, 0.7001, 70, 0.56288677, -1.64197636, -0.16179861, 150.56895447, 265.88595581, -189.51251221, -26.42502213, 9.44168377, -123.38497162, 55.71508408, 37.12809753, 11.12712669, 0.84858501, -0.41358644, -0.32308909, 0.06680810, -0.36635318, 0.71411574, 0.02738626, 0.00000000, 0.00000000, 0.00000000, 0.00000000
2, 0.7799, 78, 1.26774096, -0.99228722, 1.40880227, 217.05876160, 139.25700378, -280.52362061, 12.10172462, -18.12335587, 36.01286316, 92.90565491, 19.46270752, 17.51091957, 0.68977439, -0.68832725, -0.22383645, 0.01772400, -0.09889342, 0.56857926, -1.42666852, 0.00000000, 0.00000000, 0.00000000, 0.00000000
2, 0.7899, 79, 1.62635040, -0.85849732, 1.69222486, 202.48100281, 153.79069519, -303.84231567, 14.70330334, -19.23414230, 38.14673996, 96.74248505, 19.48949814, 20.40682411, 0.66677392, -0.70511144, -0.24115881, 0.00853567, -0.16938299, 0.57707292, -1.83550298, 0.00000000, 0.00000000, 0.00000000, 0.00000000
5, 0.7101, 71, 0.56903064, -1.48652327, -0.12861040, 115.60309601, 246.04270935, -154.38305664, -23.50189972, 7.01549244, -122.36187744, 58.87230301, 38.31958389, 14.51494884, 0.83644760, -0.42440200, -0.34218937, 0.05607900, -0.29929480, 0.57875508, -0.01732048, 0.00000000, 0.00000000, 0.00000000, 0.00000000
5, 0.7201, 72, 0.54654437, -1.43096042, -0.03297564, 79.01841736, 228.14201355, -123.88365173, -21.07570839, 6.86933661, -121.33879089, 64.49275208, 38.14512253, 19.68240929, 0.81737149, -0.44961524, -0.35848793, 0.03516301, -0.21235794, 0.55781543, -0.05359645, 0.00000000, 0.00000000, 0.00000000, 0.00000000
5, 0.7301, 73, 0.64069301, -1.34845555, -0.00091471, 44.53072739, 222.70292664, -97.39029694, -18.91259766, 6.81087399, -121.04647827, 66.65219879, 38.77569962, 22.71382332, 0.80865705, -0.45348072, -0.37399489, 0.02360189, -0.25873569, 0.47162324, -0.10517266, 0.00000000, 0.00000000, 0.00000000, 0.00000000
2, 0.7999, 80, 2.31691647, -0.92918748, 1.91095734, 212.19967651, 170.33772278, -332.01333618, 17.24641991, -19.00029182, 39.92984390, 100.86512756, 19.35817337, 23.59348297, 0.64115328, -0.72195709, -0.26018876, -0.00150242, -0.59029466, 0.74490076, -2.34263945, 0.00000000, 0.00000000, 0.00000000, 0.00000000
5, 0.7401, 74, 1.02149355, -1.26942575, 0.11037787, 11.91094303, 226.70083618, -74.49893951, -18.91259766, 6.81087399, -121.04647827, 68.42364502, 39.27980804, 25.71637344, 0.80137908, -0.45441067, -0.38882312, 0.01091361, -0.50551915, 0.45042059, -0.39311701, 0.00000000, 0.00000000, 0.00000000, 0.00000000
2, 0.8099, 81, 2.58499551, -1.03066862, 1.69295406, 237.17898560, 185.44294739, -359.94628906, 20.78339577, -20.34492874, 41.88833618, 112.54546356, 20.85987473, 24.72362137, 0.56563920, -0.77746487, -0.27329612, 0.03016829, -0.94804394, 0.76471937, -2.23479533, 0.00000000, 0.00000000, 0.00000000, 0.00000000
2, 0.8199, 82, 2.84119558, -1.45522094, 2.28090811, 214.00866699, 186.76550293, -378.50430298, 24.32037354, -19.52645493, 43.84682846, 117.06491852, 19.98306847, 28.22200584, 0.53466505, -0.79257160, -0.29263106, 0.01818330, -0.91070199, 1.46369612, -2.50828505, 0.00000000, 0.00000000, 0.00000000, 0.00000000
5, 0.7501, 75, 1.49435914, -1.49433434, 0.44909942, -16.58688545, 235.76686096, -50.11964798, -17.01256943, 5.87547493, -120.87108612, 69.85072327, 39.63905334, 28.74335861, 0.79537535, -0.45274043, -0.40297955, -0.00341383, -0.80392808, 0.80605042, -0.78123009, 0.00000000, 0.00000000, 0.00000000, 0.00000000
5, 0.7601, 76, 1.93261695, -1.98275006, 0.74177402, -53.08455658, 247.04518127, -27.91675758, -15.90178299, 6.37240553, -120.43261719, 70.86525726, 39.92528152, 31.79526138, 0.79076648, -0.44787171, -0.41680017, -0.01941979, -1.16085219, 1.37266874, -1.01494145, 0.00000000, 0.00000000, 0.00000000, 0.00000000
5, 0.7701, 77, 2.14402747, -2.35671806, 0.87830800, -83.37449646, 273.96002197, 5.42846251, -14.23560333, 7.01549244, -120.63723755, 78.46723175, 40.88727570, 34.70928574, 0.75864434, -0.48496804, -0.43500927, -0.00563121, -1.36610210, 1.76149189, -1.04222667, 0.00000000, 0.00000000, 0.00000000, 0.00000000
2, 0.8299, 83, 2.65591693, -2.10865450, 2.52660322, 122.46458435, 194.51966858, -357.39688110, 24.32037354, -19.52645493, 43.84682846, 120.72708893, 19.25265694, 31.82365608, 0.50870019, -0.80143756, -0.31445917, 0.00611616, -0.82633585, 2.18457222, -2.27638292, 0.00000000, 0.00000000, 0.00000000, 0.00000000
5, 0.7801, 78, 2.01489997, -2.49076104, 0.64190286, -93.57839966, 315.19543457, 46.57080841, -12.51096153, 6.89856768, -120.60800934, 79.00704193, 40.26456451, 38.29635620, 0.75617868, -0.47710380, -0.44678602, -0.03079236, -1.39354539, 1.75028658, -0.66781008, 0.00000000, 0.00000000, 0.00000000, 0.00000000
2, 0.8399, 84, 2.56756186, -2.79719424, 2.89774799, 4.42892504, 173.78219604, -293.69439697, 27.65273285, -19.17568016, 45.30838776, 123.06457520, 18.92771912, 35.16953278, 0.49187449, -0.80292279, -0.33668464, -0.00425830, -0.74682152, 2.98816657, -2.20035076, 0.00000000, 0.00000000, 0.00000000, 0.00000000
2, 0.8499, 85, 1.80557787, -2.41682029, 2.88419652, -150.94348145, 168.48454285, -180.99475098, 30.40046692, -18.41566849, 45.27915955, 123.45737457, 19.03346825, 38.16845703, 0.48906446, -0.79525042, -0.35800004, -0.01512098, -0.06637026, 2.65046144, -1.81016755, 0.00000000, 0.00000000, 0.00000000, 0.00000000
2, 0.8599, 86, 1.33861780, -1.97108841, 2.54521847, -269.25073242, 154.25088501, -69.86605835, 31.39432907, -17.45103836, 44.25606537, 121.59133911, 15.38797283, 46.38775635, 0.49047893, -0.76938540, -0.40073004, -0.08301798, 0.20903747, 2.09059310, -1.43599546, 0.00000000, 0.00000000, 0.00000000, 0.00000000
2, 0.8699, 87, 0.43781203, -1.73120701, 2.14006639, -328.08370972, 173.35839844, 59.61051178, 31.68664169, -17.74334908, 41.71294785, 118.72114563, 15.71252441, 48.14282608, 0.50891602, -0.74978364, -0.41124132, -0.09853762, 0.68538380, 1.66134691, -0.68858904, 0.00000000, 0.00000000, 0.00000000, 0.00000000
5, 0.7901, 79, 1.79810691, -2.58147526, 0.34365100, -96.77415466, 359.33840942, 68.36197662, -12.51096153, 6.89856768, -120.60800934, 79.52494049, 39.34976959, 42.27770233, 0.75277734, -0.46840394, -0.45858759, -0.06017884, -1.37880754, 1.67768085, -0.28912038, 0.00000000, 0.00000000, 0.00000000, 0.00000000
5, 0.8001, 80, 1.39826369, -2.58614421, 0.05858027, -100.83044434, 372.35128784, 79.92295074, -10.66939449, 7.36626720, -120.34492493, 79.89321899, 38.30421829, 46.29598236, 0.74871385, -0.45883104, -0.46970242, -0.09100168, -1.18322849, 1.53393602, 0.13917762, 0.00000000, 0.00000000, 0.00000000, 0.00000000
2, 0.8799, 88, 0.92178589, -1.88753772, 2.21610856, -338.44689941, 210.28359985, 137.70518494, 31.68664169, -17.74334908, 41.71294785, 115.13063812, 15.60744667, 49.58382034, 0.53045219, -0.72858447, -0.41674533, -0.11877965, 0.31584293, 1.80894363, -1.05013227, 0.00000000, 0.00000000, 0.00000000, 0.00000000
5, 0.8101, 81, 0.78604442, -2.56095290, -0.07509501, -112.04348755, 324.82269287, 80.98338318, -9.61707115, 9.06167793, -120.05261230, 79.83298492, 37.41486359, 49.67496109, 0.74571282, -0.44822261, -0.47853518, -0.11837636, -0.72914267, 1.43756843, 0.54823989, 0.00000000, 0.00000000, 0.00000000, 0.00000000
2, 0.8899, 89, 1.03945744, -1.84681666, 2.63078737, -398.73266602, 213.49346924, 226.00778198, 31.59894753, -17.27565002, 39.66676331, 110.43968964, 15.53514576, 50.59146881, 0.55843443, -0.70283526, -0.41743723, -0.14113782, 0.47663242, 1.92501974, -1.48886800, 0.00000000, 0.00000000, 0.00000000, 0.00000000
5, 0.8201, 82, 0.43976447, -2.64775801, 0.16233145, -131.52766418, 236.38548279, 82.62868500, -8.65244102, 9.35398960, -119.81876373, 77.25430298, 32.61135483, 58.29976273, 0.74020964, -0.41642016, -0.48339757, -0.21215761, -0.37138259, 1.61172605, 0.56985116, 0.00000000, 0.00000000, 0.00000000, 0.00000000
5, 0.8301, 83, -0.16078390, -2.52233601, 0.32838029, -142.89070129, 156.88842773, 69.43395233, -7.68781042, 7.80473518, -120.08184814, 76.03845978, 32.45115280, 59.62300110, 0.74188441, -0.40369520, -0.48500729, -0.22672853, 0.19868916, 1.55431390, 0.66523492, 0.00000000, 0.00000000, 0.00000000, 0.00000000
2, 0.8999, 90, 0.85693800, -1.40562105, 2.31244993, -471.54663086, 251.86102295, 298.81530762, 30.10815430, -16.31101990, 37.62057877, 104.65444183, 15.39580631, 51.57776260, 0.59144962, -0.67064375, -0.41496003, -0.16802543, 0.55504918, 1.35804260, -1.38626981, 0.00000000, 0.00000000, 0.00000000, 0.00000000
5, 0.8401, 84, -0.51817095, -2.44693613, 0.32607070, -136.88336182, 157.62536621, 71.37301636, -7.04472351, 9.03244686, -120.63723755, 74.86747742, 32.26684189, 60.95975876, 0.74304801, -0.39129275, -0.48633385, -0.24134852, 0.51913625, 1.48981905, 0.80548441, 0.00000000, 0.00000000, 0.00000000, 0.00000000
5, 0.8501, 85, -0.89511633, -2.57997799, -0.13085653, -142.36853027, 140.22265625, 95.86251068, -7.04472351, 9.03244686, -120.63723755, 73.42759705, 31.95133209, 62.01786423, 0.74529749, -0.37892979, -0.48518544, -0.25600570, 0.59406501, 1.39179838, 1.37978160, 0.00000000, 0.00000000, 0.00000000, 0.00000000
5, 0.8601, 86, -0.97157991, -2.39159989, -0.34118658, -188.06942749, 59.85581589, 132.33247375, -7.13241720, 11.13709450, -120.66647339, 71.05496216, 31.67291641, 61.99342728, 0.75280499, -0.36483148, -0.47827286, -0.26727840, 0.60545367, 1.13206816, 1.47225463, 0.00000000, 0.00000000, 0.00000000, 0.00000000
2, 0.9099, 91, 0.23159838, -1.13147724, 1.72394395, -537.78594971, 257.39642334, 354.42160034, 28.32505035, -15.58023930, 33.52820587, 99.20213318, 7.89374733, 58.21530151, 0.59041113, -0.64209330, -0.40855509, -0.26872614, 0.73482013, 0.82146430, -0.76838970, 0.00000000, 0.00000000, 0.00000000, 0.00000000
5, 0.8701, 87, -1.30197191, -2.18055511, -0.83470482, -249.39082336, 18.38780975, 208.83636475, -7.45396090, 12.07249355, -122.24495697, 56.40570068, 25.60708046, 73.78632355, 0.75015748, -0.25131977, -0.43284774, -0.43214026, 0.68587196, 0.73319519, 1.84145868, 0.00000000, 0.00000000, 0.00000000, 0.00000000
2, 0.9199, 92, -0.69860029, -0.15913834, 1.20578837, -622.65032959, 183.96275330, 432.77047729, 25.28500366, -14.26483440, 29.75738144, 91.38581085, 8.34336281, 58.00167847, 0.63454032, -0.59958476, -0.39046413, -0.29222345, 1.32965803, -0.31260195, -0.24469832, 0.00000000, 0.00000000, 0.00000000, 0.00000000
5, 0.8801, 88, -2.68571210, -1.25789976, -1.60503376, -338.99227905, 10.89681530, 278.13269043, -8.82782841, 12.83250523, -123.79421234, 51.84463882, 24.58844376, 72.91996002, 0.76207995, -0.22972050, -0.40784961, -0.44734949, 1.66536582, -0.38830948, 2.57906580, 0.00000000, 0.00000000, 0.00000000, 0.00000000
5, 0.8901, 89, -3.35078192, 0.82562888, -1.97866476, -441.69931030, -86.63792419, 300.40747070, -10.40631390, 15.22946453, -125.48962402, 46.06048584, 23.44547844, 70.82309723, 0.78046691, -0.20384958, -0.37435332, -0.45735818, 2.56213641, -2.35068440, 2.28893733, 0.00000000, 0.00000000, 0.00000000, 0.00000000
5, 0.9001, 90, -3.32185507, 3.37893224, -2.00012136, -538.30969238, -219.72949219, 366.23837280, -10.40631390, 15.22946453, -125.48962402, 39.02192688, 21.36812782, 67.38285828, 0.80501175, -0.17613639, -0.32745397, -0.46228343, 3.13478851, -4.53956699, 1.17004538, 0.00000000, 0.00000000, 0.00000000, 0.00000000
5, 0.9101, 91, -2.24263668, 7.72709560, -0.24584021, -557.32446289, -547.19061279, 419.38565063, -13.94329166, 18.35720444, -128.35427856, 31.76790810, 16.93075180, 61.53650665, 0.83804321, -0.16017090, -0.26014620, -0.45205420, 4.04352713, -7.44566917, -2.56563282, 0.00000000, 0.00000000, 0.00000000, 0.00000000
2, 0.9299, 93, -0.04261024, 0.84711266, 1.63498545, -833.11553955, 145.94218445, 588.07891846, 25.28500366, -14.26483440, 29.75738144, 80.99658966, 9.11205769, 56.64896774, 0.69174403, -0.54120690, -0.36032715, -0.31424442, 1.37517703, -1.02451956, -1.46012306, 0.00000000, 0.00000000, 0.00000000, 0.00000000
5, 0.9201, 92, -0.07289494, 7.89105082, 3.45771289, -230.24006653, -678.07409668, 610.60278320, -20.34492874, 22.27418900, -130.75123596, 36.08001709, 11.77416897, -15.51246262, 0.93288589, -0.31839141, -0.05506013, 0.15912022, 3.82691598, -5.79371214, -6.59747887, 0.00000000, 0.00000000, 0.00000000, 0.00000000
5, 0.9301, 93, 3.73111343, 6.48485565, 4.85245180, 78.54652405, -425.44509888, 394.44110107, -27.12657166, 22.71265602, -130.57585144, 35.70929337, 6.25168896, -17.47675705, 0.93684918, -0.31047860, -0.00478974, 0.16091548, 0.79079086, -3.96798825, -9.02645111, 0.00000000, 0.00000000, 0.00000000, 0.00000000
5, 0.9401, 94, -1.93843758, -0.37658736, 4.74493170, -2.48007989, -507.57821655, -314.41650391, -30.72201157, 22.39111328, -130.10815430, 37.84398270, 6.52736425, -22.81354523, 0.92212105, -0.32801062, 0.01123901, 0.20487925, 3.83951640, 1.99228036, -3.19089699, 0.00000000, 0.00000000, 0.00000000, 0.00000000
5, 0.9501, 95, -3.55576539, 3.36691570, 5.43544149, -146.24690247, 47.68801498, -678.49334717, -30.72201157, 22.39111328, -130.10815430, 39.28744125, 12.90277386, -24.96383667, 0.90555441, -0.34901735, -0.03112290, 0.23914322, 6.53833437, -0.98958778, -4.35828209, 0.00000000, 0.00000000, 0.00000000, 0.00000000
5, 0.9601, 96, 3.53390098, 3.91368914, 2.90253139, -160.83956909, 424.23062134, -642.32489014, -28.96813774, 21.77725792, -130.80970764, 40.22146225, 20.63624573, -23.58583069, 0.89175797, -0.36550942, -0.09550776, 0.24909624, -0.40617466, -2.66902256, -6.34095860, 0.00000000, 0.00000000, 0.00000000, 0.00000000
5, 0.9701, 97, 7.59094191, 0.37653044, -0.99283659, -82.59304810, 211.87673950, -521.33575439, -23.44343758, 22.62496376, -131.27740479, 43.26163483, 34.71368790, 8.27740192, 0.89287323, -0.33090776, -0.30198303, 0.04564809, -6.39467430, -1.39361811, -4.03543425, 0.00000000, 0.00000000, 0.00000000, 0.00000000
5, 0.9801, 98, 3.37258983, -0.15152729, -2.50408959, -25.42206383, -532.09075928, -489.68927002, -22.21572685, 22.47880745, -131.39433289, 42.23403168, 37.05442047, 0.87927336, 0.88535225, -0.33931732, -0.29902896, 0.10768858, -3.47034836, -1.60623896, -0.40868062, 0.00000000, 0.00000000, 0.00000000, 0.00000000
5, 0.9901, 99, 1.42443573, 0.19967100, 1.14294386, -33.57688141, -846.84375000, -427.99981689, -28.06196976, 23.47266769, -131.30664062, 39.37457275, 37.43891144, -10.06049728, 0.87882447, -0.34433168, -0.27303442, 0.18589112, -0.03438544, -0.14811850, -2.28477669, 0.00000000, 0.00000000, 0.00000000, 0.00000000
2, 0.9399, 94, 3.27700996, 1.93873405, 5.39487553, -1340.03381348, 138.11054993, 874.45483398, 22.27418900, -11.83864307, 23.41420555, 64.76517487, 10.41969395, 53.43970871, 0.77306253, -0.44192445, -0.30830702, -0.33469981, 1.35310245, -0.29814506, -6.77569866, 0.00000000, 0.00000000, 0.00000000, 0.00000000
5, 1.0001, 100, 0.23080191, 0.29936907, 2.43557978, -99.63742828, -778.81683350, -312.26629639, -28.06196976, 23.47266769, -131.30664062, 35.78064346, 36.87350082, -20.16094017, 0.87186021, -0.33960795, -0.24531022, 0.25367156, 1.59791517, 0.41556516, -2.70515108, 0.00000000, 0.00000000, 0.00000000, 0.00000000
2, 0.9499, 95, 8.04692936, 7.85815620, 8.02787590, -2053.22705078, -188.38063049, 1166.76232910, 16.13563347, -3.59543991, 13.44636059, 41.13504028, 10.79752254, 44.42056274, 0.87544060, -0.29050335, -0.21376237, -0.32174107, 0.94852018, -4.27103853, -13.96503925, 0.00000000, 0.00000000, 0.00000000, 0.00000000
5, 1.0101, 101, -0.06704509, -0.21563810, 1.82643425, -122.79854584, -474.94833374, -152.93518066, -33.49897766, 22.09880066, -130.40046692, 32.89958954, 36.12916565, -26.40137863, 0.86764812, -0.33001709, -0.22805889, 0.29370859, 1.43444061, 0.61039156, -1.91596651, 0.00000000, 0.00000000, 0.00000000, 0.00000000
5, 1.0201, 102, 0.00087548, -0.05296747, 0.75428474, -125.06681061, -229.63183594, -78.90009308, -37.21134186, 23.73575020, -129.52352905, 41.65957642, 34.50893784, 26.94379997, 0.89259148, -0.26566026, -0.34871501, -0.10537042, 0.91397679, -0.05110314, -1.21476948, 0.00000000, 0.00000000, 0.00000000, 0.00000000
5, 1.0301, 103, 0.80813080, 0.71451378, -0.12718070, -128.14277649, -174.98466492, -64.46641541, -38.40982056, 25.22654152, -129.52352905, 39.76448822, 34.79073715, 24.25074959, 0.89872068, -0.25823906, -0.34304005, -0.08909129, -0.00115356, -1.22265124, -1.24153554, 0.00000000, 0.00000000, 0.00000000, 0.00000000
5, 1.0401, 104, 1.28960299, 0.89339018, -0.70893627, -139.30894470, -203.62152100, -47.11271286, -39.78368759, 26.24963379, -128.44197083, 37.58287430, 34.75979233, 21.24652672, 0.90572941, -0.25001729, -0.33460981, -0.07198501, -0.63295662, -1.63348269, -1.14685857, 0.00000000, 0.00000000, 0.00000000, 0.00000000
5, 1.0501, 105, 0.90933424, 0.79180014, -1.00382698, -153.65992737, -261.65600586, -49.94323349, -39.78368759, 26.24963379, -128.26658630, 35.06349945, 34.42308426, 17.57048225, 0.91377652, -0.24127461, -0.32279310, -0.05102557, -0.47247705, -1.65837097, -0.70896661, 0.00000000, 0.00000000, 0.00000000, 0.00000000
5, 1.0601, 106, 0.28422505, 0.70582616, -1.05722868, -145.59303284, -240.81100464, -71.05358887, -41.39140701, 25.63577843, -128.26658630, 32.78144455, 34.21393967, 14.08651829, 0.92017406, -0.23306291, -0.31314275, -0.03005042, 0.01111558, -1.58147788, -0.32988086, 0.00000000, 0.00000000, 0.00000000, 0.00000000
5, 1.0701, 107, -0.36742604, 0.73806727, -0.89826292, -136.64445496, -166.21427917, -78.18754578, -43.23297119, 26.04501534, -127.21426392, 14.61083126, 32.09849930, -35.36632538, 0.89750600, -0.19972324, -0.22414333, 0.32303804, 0.63950211, -1.45677054, -0.16639644, 0.00000000, 0.00000000, 0.00000000, 0.00000000
5, 1.0801, 108, -0.53548485, 0.82488155, -0.82127178, -127.14530945, -76.10565186, -95.10639191, -43.96375275, 28.76351929, -127.44811249, 13.08925343, 32.29236221, -37.36233521, 0.89386714, -0.19220516, -0.22665423, 0.33568832, 0.81750286, -1.31605387, -0.26230335, 0.00000000, 0.00000000, 0.00000000, 0.00000000
5, 1.0901, 109, -0.19661085, 0.97693443, -0.78791165, -113.93604279, -18.58785248, -115.58335114, -44.43145370, 28.64659500, -127.33119202, 11.78546333, 33.00098801, -39.04619980, 0.88917196, -0.18719406, -0.23338284, 0.34621409, 0.58948672, -1.41291523, -0.52537799, 0.00000000, 0.00000000, 0.00000000, 0.00000000
5, 1.1001, 110, 0.13315500, 1.16920912, -0.92733759, -94.66201019, -26.82950020, -140.61427307, -43.52528381, 26.89272118, -127.38964844, 10.67267799, 33.74822235, -40.89268494, 0.88334060, -0.18435138, -0.23971426, 0.35813558, 0.30314416, -1.62991786, -0.66719484, 0.00000000, 0.00000000, 0.00000000, 0.00000000
2, 0.9599, 96, 0.05203525, 7.95185566, 4.49354410, -1779.95812988, -640.36309814, 989.88488770, 7.22011089, 15.40485191, 9.61707115, 11.26691437, -5.89750242, 56.21014786, 0.87428385, -0.11059145, -0.00102516, -0.47264826, 4.91427088, -5.58867264, -6.66340208, 0.00000000, 0.00000000, 0.00000000, 0.00000000
2, 0.9699, 97, -7.97777748, 5.79870081, 2.49678421, -1156.69165039, -136.69607544, 692.05310059, 3.65390229, 15.40485191, 10.87401295, -0.66589457, -9.74646854, 52.44075394, 0.89406151, -0.03233882, 0.07876693, -0.43977737, 9.02712536, -4.16927862, 0.51502752, 0.00000000, 0.00000000, 0.00000000, 0.00000000
2, 0.9799, 98, -7.73487568, 2.12159395, 1.33756888, -851.50744629, 610.27294922, -14.22535515, 3.65390229, 30.13738632, 10.87401295, -8.26790142, -4.54699326, 48.30178452, 0.91055077, 0.04953863, 0.06557429, -0.40514585, 7.16022968, -1.21137178, 2.38478255, 0.00000000, 0.00000000, 0.00000000, 0.00000000
2, 0.9899, 99, -2.72407818, 3.90526867, -0.01542359, 63.32833862, 452.81152344, -804.23455811, 8.33089733, 38.64366913, 12.18941784, -4.33882046, 2.56587124, 43.80746078, 0.92659843, 0.04345926, -0.00664049, -0.37347361, 3.17902613, -3.39896321, -0.53248590, 0.00000000, 0.00000000, 0.00000000, 0.00000000
5, 1.1101, 111, 0.06396561, 1.02624261, -0.91985673, -71.06066895, -76.19284058, -163.26281738, -43.52528381, 26.89272118, -127.38964844, 9.75268269, 34.19120407, -43.13087845, 0.87650466, -0.18322235, -0.24253480, 0.37329087, 0.33833671, -1.48559844, -0.57586515, 0.00000000, 0.00000000, 0.00000000, 0.00000000
2, 0.9999, 100, 6.04540634, 4.66494083, 2.24606895, 414.03012085, 5.60386896, -1318.43786621, 7.54165459, 36.77287292, 11.40017509, 5.80040073, 8.51135063, 37.44474030, 0.94446933, -0.02399826, -0.08638636, -0.31613174, -1.86929440, -3.23104382, -8.00442982, 0.00000000, 0.00000000, 0.00000000, 0.00000000
5, 1.1201, 112, -0.22963925, 0.79552495, -0.89885521, -60.29843140, -96.87619019, -162.59588623, -44.31452560, 28.90967560, -127.41888428, -4.13359070, 31.30967712, -49.73917770, 0.87713665, -0.08190271, -0.25926360, 0.39586097, 0.53404576, -1.21254992, -0.35333291, 0.00000000, 0.00000000, 0.00000000, 0.00000000
5, 1.1301, 113, -0.47087166, 0.61973906, -0.98251539, -52.03747559, -81.25675964, -155.10801697, -44.40222168, 28.58813095, -126.36656189, -4.73330450, 31.19709396, -51.80000687, 0.87053770, -0.08157544, -0.25905359, 0.41036668, 0.62348658, -0.94546640, -0.12155022, 0.00000000, 0.00000000, 0.00000000, 0.00000000
5, 1.1401, 114, -0.46810907, 0.46374217, -1.03165925, -40.86351776, -47.80173111, -148.09086609, -44.16837311, 27.97427559, -126.62963867, -5.21725225, 31.34904861, -53.59860992, 0.86405116, -0.08257135, -0.26066092, 0.42267418, 0.56057078, -0.82387727, -0.02164914, 0.00000000, 0.00000000, 0.00000000, 0.00000000
5, 1.1501, 115, -0.37367827, 0.31869259, -1.11788297, -27.35078049, -24.77274513, -144.87474060, -44.78222656, 27.33119011, -126.19116974, -5.56404209, 31.69377518, -55.20429611, 0.85764277, -0.08499344, -0.26333708, 0.43344969, 0.40871257, -0.73168331, 0.05588086, 0.00000000, 0.00000000, 0.00000000, 0.00000000
2, 1.0099, 101, 7.82485485, -0.32283646, 2.58917809, 168.94534302, -420.72552490, -1292.48852539, 2.16311026, 31.86202812, 11.45863724, 21.18063164, 33.45668793, -44.62462997, 0.85080200, -0.27024570, -0.19492574, 0.40633374, -4.28466082, 1.21717453, -7.64203548, 0.00000000, 0.00000000, 0.00000000, 0.00000000
2, 1.0199, 102, 5.55425072, 1.27747345, 3.21597314, -585.48211670, -486.78076172, -872.55987549, 2.16311026, 31.86202812, 11.45863724, 15.41745472, 36.66629791, -58.01752472, 0.80219412, -0.26251116, -0.21084777, 0.49306780, -1.42476583, 0.01253116, -6.99293613, 0.00000000, 0.00000000, 0.00000000, 0.00000000
2, 1.0299, 103, 3.22478294, 1.83683753, -0.24863060, -845.96350098, -456.88980103, -500.36148071, -4.35545158, 32.50511551, 14.41099072, 5.23022079, 36.68965149, -71.24226379, 0.76240766, -0.21832214, -0.23035395, 0.56392121, -1.48233354, -1.88373446, -3.32004356, 0.00000000, 0.00000000, 0.00000000, 0.00000000
5, 1.1601, 116, -0.26997304, 0.18465811, -1.20312953, -7.42265177, -27.73624802, -147.79292297, -44.78222656, 27.33119011, -126.19116974, -5.68852520, 32.02741241, -56.73430634, 0.85123849, -0.08893993, -0.26510364, 0.44407529, 0.25306815, -0.65153873, 0.12374105, 0.00000000, 0.00000000, 0.00000000, 0.00000000
2, 1.0399, 104, 1.68659019, 1.12019420, -2.57369924, -567.51568604, -270.36117554, -357.41220093, -8.82782841, 37.24057388, 18.29874229, -1.44091058, 36.05765533, -80.00371552, 0.73085672, -0.18977267, -0.24474792, 0.60822147, -1.87189066, -2.14829683, -0.50979030, 0.00000000, 0.00000000, 0.00000000, 0.00000000
2, 1.0499, 105, 1.92332852, 1.14648056, -2.23984289, -233.01150513, -98.81984711, -320.96542358, -11.45863724, 39.05290985, 20.43262100, -4.04385567, 36.37941742, -85.03408051, 0.70725071, -0.18612614, -0.25259799, 0.63352013, -1.85047436, -1.96862435, -0.89883852, 0.00000000, 0.00000000, 0.00000000, 0.00000000
2, 1.0599, 106, 1.93470824, 0.88650513, -1.21016467, -36.56283951, -67.69367218, -278.70776367, -12.97866154, 38.58520889, 20.57877731, -4.38945770, 47.43862534, -60.59418106, 0.79767722, -0.17251052, -0.36474949, 0.44822890, -1.29511487, -1.27012062, -1.48806059, 0.00000000, 0.00000000, 0.00000000, 0.00000000
2, 1.0699, 107, 1.28370774, 0.64915311, -0.36903012, 39.62069321, -47.38524246, -244.45692444, -12.97866154, 38.58520889, 20.57877731, -4.31572866, 47.96645737, -63.00465775, 0.78645265, -0.18291104, -0.36429384, 0.46403229, -0.26876238, -0.69406152, -1.46526003, 0.00000000, 0.00000000, 0.00000000, 0.00000000
5, 1.1701, 117, -0.24840209, 0.00538745, -1.19283974, 14.53492546, -44.91231155, -147.74574280, -44.43145370, 26.86348915, -126.45425415, -9.70231819, 29.35874557, -61.90169907, 0.83766556, -0.05970373, -0.25862145, 0.47735414, 0.18792753, -0.47349766, 0.17564824, 0.00000000, 0.00000000, 0.00000000, 0.00000000
2, 1.0799, 108, 0.79494697, 0.90473747, -0.03739305, 32.17178726, -18.46131706, -221.50724792, -14.46945286, 36.80210495, 21.10494041, -4.33571911, 48.67066574, -65.15217590, 0.77564812, -0.19266690, -0.36555597, 0.47709367, 0.37686995, -0.77918696, -1.45411396, 0.00000000, 0.00000000, 0.00000000, 0.00000000
5, 1.1801, 118, -0.18211609, -0.11166624, -0.99290937, 32.63343430, -67.07585144, -137.12995911, -44.28529739, 26.30809593, -126.04501343, -9.26088905, 29.23435020, -63.19339752, 0.83217287, -0.06525319, -0.25517499, 0.48797148, 0.16169192, -0.23156840, 0.02505741, 0.00000000, 0.00000000, 0.00000000, 0.00000000
2, 1.0899, 109, 0.40047562, 1.08766329, 0.00057510, -19.38076401, 0.85939896, -183.23455811, -14.70330334, 35.72055054, 21.33878899, -5.07976151, 49.37070847, -67.34700012, 0.76567799, -0.19782503, -0.36954403, 0.48789322, 0.76019734, -0.92248255, -1.27677822, 0.00000000, 0.00000000, 0.00000000, 0.00000000
5, 1.1901, 119, -0.09306560, -0.16532615, -0.80771405, 42.22823334, -87.03121185, -130.89257812, -44.37298965, 25.51885414, -124.93422699, -8.68503666, 28.91990089, -64.42907715, 0.82698429, -0.07069925, -0.24974310, 0.49872535, 0.15357517, -0.10384411, -0.14187708, 0.00000000, 0.00000000, 0.00000000, 0.00000000
5, 1.2001, 120, -0.00331184, -0.36430696, -0.78467536, 43.87763977, -108.16650391, -128.43789673, -44.92838287, 23.47266769, -124.87576294, -8.06169510, 28.41300011, -65.69724274, 0.82175702, -0.07554220, -0.24262932, 0.51003897, 0.03151376, 0.07334386, -0.13013722, 0.00000000, 0.00000000, 0.00000000, 0.00000000
5, 1.2101, 121, 0.06172882, -0.71251047, -0.74507135, 38.55743408, -124.93111420, -125.54497528, -44.92838287, 23.47266769, -124.87576294, -7.47090101, 27.74816132, -67.02285767, 0.81635582, -0.07937144, -0.23442532, 0.52183145, -0.10170420, 0.38991845, -0.05860697, 0.00000000, 0.00000000, 0.00000000, 0.00000000
5, 1.2201, 122, 0.02922287, -0.89934397, -0.74465466, 33.57339096, -145.37802124, -126.59981537, -45.19146347, 23.61882401, -124.29114532, -0.92563653, 27.89130783, -66.40811920, 0.81310248, -0.12541391, -0.20593853, 0.52983487, -0.12828219, 0.52315408, 0.02699925, 0.00000000, 0.00000000, 0.00000000, 0.00000000
5, 1.2301, 123, -0.02288039, -1.09370017, -0.82201678, 32.37757492, -167.37144470, -127.89749908, -45.13300323, 20.57877731, -123.50189972, -0.40662730, 27.01154327, -68.05454254, 0.80631161, -0.12782744, -0.19548351, 0.54342246, -0.16943653, 0.57965302, 0.18499739, 0.00000000, 0.00000000, 0.00000000, 0.00000000
5, 1.2401, 124, -0.04847377, -1.35392082, -0.86681342, 26.61887932, -195.06306458, -119.02014160, -46.06840134, 22.09880066, -122.30342102, 0.08237437, 25.85879517, -69.77897644, 0.79936844, -0.12855871, -0.18313184, 0.55762506, -0.24900045, 0.77931976, 0.32942426, 0.00000000, 0.00000000, 0.00000000, 0.00000000
5, 1.2501, 125, -0.11579938, -1.41699362, -0.87926072, 17.52690315, -230.79295349, -102.91346741, -47.82227325, 20.02338409, -121.39724731, 0.51411474, 24.32796097, -71.57581329, 0.79241431, -0.12677689, -0.16835904, 0.57241815, -0.23465498, 0.82172525, 0.38910484, 0.00000000, 0.00000000, 0.00000000, 0.00000000
5, 1.2601, 126, -0.23566565, -1.33882344, -0.93581605, 10.60019112, -274.27734375, -83.65417480, -47.82227325, 20.02338409, -121.39724731, 0.92945749, 22.33587837, -73.44113159, 0.78541756, -0.12218145, -0.15048778, 0.58783042, -0.16784760, 0.71926886, 0.44946998, 0.00000000, 0.00000000, 0.00000000, 0.00000000
2, 1.0999, 110, 0.11365727, 1.17422724, -0.16374816, -83.71572876, 13.99009895, -140.14312744, -15.08330917, 34.20052719, 21.51417732, -6.73843765, 49.96091843, -69.69938660, 0.75677997, -0.19718292, -0.37641171, 0.49670646, 0.91547787, -1.05835915, -0.99808443, 0.00000000, 0.00000000, 0.00000000, 0.00000000
2, 1.1099, 111, -0.07471088, 1.36335409, -0.24540816, -132.50802612, 12.81195641, -117.64431763, -15.17100239, 33.93744659, 21.60187149, -27.21513176, 46.97605896, -85.63618469, 0.71758717, -0.10500920, -0.43079928, 0.53707898, 1.06127453, -1.18845606, -0.86872011, 0.00000000, 0.00000000, 0.00000000, 0.00000000
2, 1.1199, 112, -0.23591790, 1.63962877, -0.39868921, -154.48115540, -2.48634171, -122.25423431, -15.17100239, 33.93744659, 21.60187149, -29.66384315, 46.55086136, -88.36237335, 0.70732236, -0.09758061, -0.43782076, 0.54633880, 1.14312065, -1.31814063, -0.72587031, 0.00000000, 0.00000000, 0.00000000, 0.00000000
5, 1.2701, 127, -0.40126094, -1.32223690, -1.10241866, 1.60772026, -313.99328613, -55.18272400, -48.69921112, 20.31569672, -119.76029968, 5.09602928, 19.04398155, -75.58196259, 0.77408659, -0.13591783, -0.10373210, 0.60955399, -0.13933919, 0.60303688, 0.63892716, 0.00000000, 0.00000000, 0.00000000, 0.00000000
2, 1.1299, 113, -0.45041513, 1.75955045, -0.56118411, -143.89122009, -19.96545792, -133.53277588, -15.72639561, 34.40514374, 21.80648994, -31.86359406, 45.92312241, -91.03958130, 0.69676977, -0.09056321, -0.44316971, 0.55669636, 1.23976433, -1.46953213, -0.50844675, 0.00000000, 0.00000000, 0.00000000, 0.00000000
2, 1.1399, 114, -0.63154358, 1.62533557, -0.71885413, -117.43400574, -14.36975765, -140.76051331, -16.34025192, 33.70359421, 22.36188316, -33.69667816, 45.37552643, -93.55018616, 0.68620765, -0.08584996, -0.44767436, 0.56686562, 1.24105513, -1.39415681, -0.23188333, 0.00000000, 0.00000000, 0.00000000, 0.00000000
2, 1.1499, 115, -0.64729387, 1.57096386, -0.78385311, -79.06855774, 2.77205729, -154.55212402, -16.54487038, 33.82051849, 22.85881233, -35.10932922, 45.07451248, -95.94372559, 0.67544186, -0.08494145, -0.45159128, 0.57673955, 1.19495964, -1.35511255, -0.15231061, 0.00000000, 0.00000000, 0.00000000, 0.00000000
2, 1.1599, 116, -0.60474771, 1.47195506, -0.77864337, -39.00691986, 22.39313507, -173.75085449, -16.45717621, 33.46974564, 22.85881233, -45.03150558, 35.20355988, -109.69522858, 0.60164565, -0.01824717, -0.45927566, 0.65326524, 1.10303414, -1.21100152, -0.14487782, 0.00000000, 0.00000000, 0.00000000, 0.00000000
2, 1.1699, 117, -0.50868046, 1.29880559, -0.80007225, -16.01884460, 37.88709259, -188.37486267, -16.45717621, 33.46974564, 22.85881233, -45.38124847, 35.12798309, -111.80199432, 0.58951533, -0.02436457, -0.46062616, 0.66310006, 0.86890000, -0.93759584, -0.13473585, 0.00000000, 0.00000000, 0.00000000, 0.00000000
2, 1.1799, 118, -0.39596581, 1.10705531, -0.86253726, -10.25453758, 39.64675140, -188.53862000, -16.74948883, 32.50511551, 22.82958221, -45.67617416, 35.08448029, -113.88529205, 0.57738537, -0.03094445, -0.46169478, 0.67268604, 0.69147849, -0.78947330, -0.09754411, 0.00000000, 0.00000000, 0.00000000, 0.00000000
5, 1.2801, 128, -0.56420231, -1.43867636, -1.28363144, -10.93171120, -330.53778076, -24.67668152, -49.80999756, 19.46799088, -118.26950836, 5.34984064, 16.41099358, -77.50656128, 0.76685464, -0.12526552, -0.08226739, 0.62407899, -0.16524151, 0.56637621, 0.89181036, 0.00000000, 0.00000000, 0.00000000, 0.00000000
5, 1.2901, 129, -0.70483243, -1.63501859, -1.40223062, -23.72354507, -327.76174927, -1.08539617, -51.44694519, 20.25723457, -116.66179657, 5.50072908, 13.68556118, -79.29774475, 0.75995624, -0.11262015, -0.06123270, 0.63720793, -0.19370323, 0.67812669, 1.12122369, 0.00000000, 0.00000000, 0.00000000, 0.00000000
5, 1.3001, 130, -0.81858873, -1.77213466, -1.49556851, -39.21440125, -314.85708618, 16.73516464, -53.99005890, 19.84799767, -114.44022369, 5.51533365, 10.98098183, -80.96211243, 0.75326592, -0.09847043, -0.04160162, 0.64897102, -0.21961567, 0.75211221, 1.29549432, 0.00000000, 0.00000000, 0.00000000, 0.00000000
2, 1.2299, 119, -0.43905079, 0.31740272, -1.00796402, -19.66121674, -17.66041946, -145.19140625, -17.33411217, 27.50657654, 22.15726280, -48.00823975, 27.34075737, -126.42367554, 0.48587635, -0.01457697, -0.45015952, 0.74904478, 0.30286592, -0.06880916, 0.27566713, 0.00000000, 0.00000000, 0.00000000, 0.00000000
2, 1.2399, 120, -0.45768932, -0.03468235, -0.97591639, 1.94273019, -35.89624405, -168.63961792, -18.18181801, 27.47734642, 22.85881233, -47.50408936, 26.68730164, -127.72583771, 0.47577420, -0.01699880, -0.44488689, 0.75856823, 0.22599971, 0.26115894, 0.37634486, 0.00000000, 0.00000000, 0.00000000, 0.00000000
2, 1.2499, 121, -0.38048950, -0.17358862, -0.99698365, 7.68743134, -53.54506683, -189.98742676, -18.03566170, 25.43115997, 22.88804436, -46.80029297, 25.87895584, -129.10253906, 0.46464968, -0.01924133, -0.43781456, 0.76944703, 0.10374673, 0.37414581, 0.37626770, 0.00000000, 0.00000000, 0.00000000, 0.00000000
2, 1.2599, 122, -0.23432304, -0.39364356, -1.01381278, 2.11464143, -82.03345490, -205.01408386, -18.03566170, 25.43115997, 22.88804436, -38.20389938, 27.07930946, -126.30447388, 0.48325095, -0.05369520, -0.38377193, 0.78505057, -0.08650205, 0.53563613, 0.33591062, 0.00000000, 0.00000000, 0.00000000, 0.00000000
2, 1.2699, 123, -0.12157902, -0.59312993, -1.02698326, -16.12674522, -115.51480103, -210.78730774, -18.79567337, 24.72961044, 23.79421234, -37.50297928, 25.80463028, -127.93785095, 0.46957085, -0.05247310, -0.37435174, 0.79787874, -0.22875616, 0.62955940, 0.27278090, 0.00000000, 0.00000000, 0.00000000, 0.00000000
5, 1.3101, 131, -0.91636580, -1.73340952, -1.56239343, -48.76021576, -301.14511108, 33.51782608, -55.45162201, 20.87108994, -112.54019165, 5.43975687, 8.30330753, -82.47264099, 0.74691468, -0.08325852, -0.02318341, 0.65927929, -0.20325929, 0.68620133, 1.37219238, 0.00000000, 0.00000000, 0.00000000, 0.00000000
5, 1.3201, 132, -0.94857472, -1.49778581, -1.62425983, -51.18229294, -295.87863159, 55.73954010, -55.45162201, 20.87108994, -112.54019165, 6.36849689, 5.90376186, -84.09472656, 0.73854554, -0.07563075, -0.00102944, 0.66994739, -0.19096835, 0.44621038, 1.33361077, 0.00000000, 0.00000000, 0.00000000, 0.00000000
2, 1.2799, 124, -0.04839970, -0.69552511, -1.08390605, -37.82829666, -154.04891968, -208.56060791, -19.29260445, 23.61882401, 24.32037354, -36.82594681, 24.11025429, -129.55436707, 0.45508641, -0.04763335, -0.36389092, 0.81130195, -0.37093735, 0.69490933, 0.28315240, 0.00000000, 0.00000000, 0.00000000, 0.00000000
5, 1.3301, 133, -0.94783646, -1.31180370, -1.68004990, -49.00436020, -302.22192383, 82.98896027, -56.65010071, 21.04647827, -110.69862366, 6.22670317, 2.96391034, -85.28887939, 0.73328918, -0.05743098, 0.01778545, 0.67725360, -0.21605848, 0.24445723, 1.29647601, 0.00000000, 0.00000000, 0.00000000, 0.00000000
5, 1.3401, 134, -1.04587901, -1.25105822, -1.68872905, -47.32278824, -320.55874634, 109.80108643, -58.05319977, 22.44957542, -108.18473816, 6.08938789, -0.28060034, -86.36893463, 0.72821194, -0.03705546, 0.03813200, 0.68328637, -0.17586818, 0.18903375, 1.32680452, 0.00000000, 0.00000000, 0.00000000, 0.00000000
5, 1.3501, 135, -1.24231732, -1.15952432, -1.69920754, -53.27300262, -334.30825806, 129.91441345, -59.77784348, 22.91727448, -105.75855255, 5.90496635, -3.75023413, -87.39941406, 0.72278899, -0.01464235, 0.05919154, 0.68837351, -0.04964002, 0.10646778, 1.40039146, 0.00000000, 0.00000000, 0.00000000, 0.00000000
2, 1.2899, 125, -0.10256952, -0.71641886, -1.17770731, -55.98355484, -193.45031738, -197.99310303, -20.11107826, 22.27418900, 25.19731140, -36.14633942, 22.00599861, -131.06498718, 0.44039786, -0.03902040, -0.35233027, 0.82485789, -0.42119956, 0.67194623, 0.37196839, 0.00000000, 0.00000000, 0.00000000, 0.00000000
2, 1.2999, 126, -0.23426822, -0.70697743, -1.24485791, -70.78229523, -230.81614685, -182.50912476, -21.54340744, 19.76030350, 27.50657654, -35.45455170, 19.52374458, -132.42581177, 0.42586607, -0.02674987, -0.33972669, 0.83815771, -0.39482522, 0.63373506, 0.48125234, 0.00000000, 0.00000000, 0.00000000, 0.00000000
2, 1.3099, 127, -0.48278716, -0.73650622, -1.32382405, -83.48873901, -262.36846924, -162.45251465, -21.54340744, 19.76030350, 27.50657654, -27.75732613, 17.94506836, -131.38880920, 0.42879161, -0.04046563, -0.27825040, 0.85853189, -0.29892421, 0.59937483, 0.67291516, 0.00000000, 0.00000000, 0.00000000, 0.00000000
2, 1.3199, 128, -0.71985227, -0.84877902, -1.37611151, -100.76717377, -274.58447266, -141.57696533, -22.71265602, 20.02338409, 28.93890572, -27.34072304, 15.13545513, -132.85327148, 0.41373688, -0.02359535, -0.26590329, 0.87037951, -0.21197414, 0.59964824, 0.84129882, 0.00000000, 0.00000000, 0.00000000, 0.00000000
2, 1.3299, 129, -0.85009444, -0.85743332, -1.45798016, -125.11530304, -275.17153931, -118.77542114, -23.88190651, 19.17568016, 30.28354263, -27.15788841, 12.23804188, -134.26658630, 0.39863479, -0.00475656, -0.25536430, 0.88082731, -0.21096069, 0.57311261, 0.97102356, 0.00000000, 0.00000000, 0.00000000, 0.00000000
5, 1.3601, 136, -1.54137743, -0.98028815, -1.60610414, -53.61952972, -326.79739380, 140.56092834, -61.35632706, 24.43729782, -103.82929230, 5.70095873, -7.21911955, -88.31170654, 0.71731961, 0.00819467, 0.07968610, 0.69212401, 0.23203748, -0.00284734, 1.41771531, 0.00000000, 0.00000000, 0.00000000, 0.00000000
5, 1.3701, 137, -1.84487700, -0.82293653, -1.49021447, -47.94320679, -301.26718140, 137.57444763, -61.35632706, 24.43729782, -103.82929230, 4.40890789, -11.95327282, -88.29867554, 0.71588838, 0.04502111, 0.10130244, 0.68935823, 0.51898503, -0.07720335, 1.43328464, 0.00000000, 0.00000000, 0.00000000, 0.00000000
2, 1.3399, 130, -0.94263285, -0.71635950, -1.65734076, -147.32669067, -278.93490601, -96.73341370, -25.10961723, 18.67874908, 32.94358444, -27.17820740, 9.22365189, -135.61193848, 0.38347319, 0.01610313, -0.24636701, 0.88993961, -0.26659060, 0.36282131, 1.11024046, 0.00000000, 0.00000000, 0.00000000, 0.00000000
2, 1.3499, 131, -0.99936956, -0.42751652, -1.86113799, -156.65734863, -287.46575928, -76.72155762, -25.89885902, 18.88336754, 34.96053696, -27.27265167, 6.08323717, -136.82261658, 0.36869821, 0.03867479, -0.23788384, 0.89776242, -0.31278193, 0.01878599, 1.18283904, 0.00000000, 0.00000000, 0.00000000, 0.00000000
2, 1.3599, 132, -1.12640488, -0.19238231, -2.01324773, -147.00177002, -301.75357056, -61.10690689, -25.89885902, 18.88336754, 34.96053696, -25.73009300, 3.76932669, -138.03109741, 0.35577339, 0.04975745, -0.21925774, 0.90712488, -0.28899437, -0.26222646, 1.28285027, 0.00000000, 0.00000000, 0.00000000, 0.00000000
5, 1.3801, 138, -2.01829481, -0.66647410, -1.46680176, -44.97867584, -257.32302856, 121.70651245, -62.58403778, 26.19117165, -101.60771942, 4.24376535, -14.75972080, -88.89530182, 0.71082199, 0.06367113, 0.11734673, 0.69058520, 0.64635956, -0.18533607, 1.45534325, 0.00000000, 0.00000000, 0.00000000, 0.00000000
2, 1.3699, 133, -1.28854716, -0.09813060, -2.04694843, -121.56249237, -319.01968384, -51.02813721, -26.83425903, 17.33411217, 37.03595352, -25.48620796, 0.43448624, -138.87928772, 0.34332469, 0.07400324, -0.20782690, 0.91294020, -0.20332147, -0.38087219, 1.36700201, 0.00000000, 0.00000000, 0.00000000, 0.00000000
2, 1.3799, 134, -1.58075857, -0.01603619, -1.83340204, -88.79181671, -333.31634521, -46.76099396, -27.68196487, 18.12335587, 40.16369629, -24.93093681, -2.94519997, -139.51301575, 0.33253804, 0.09820523, -0.19376871, 0.91772974, 0.10817306, -0.36756808, 1.37870049, 0.00000000, 0.00000000, 0.00000000, 0.00000000
2, 1.3899, 135, -1.97727787, 0.09717273, -1.60334027, -45.87165833, -336.46246338, -42.69907379, -27.56503868, 17.59719276, 43.26220322, -24.04544449, -6.23644590, -139.90313721, 0.32415456, 0.12128167, -0.17714866, 0.92132127, 0.51829940, -0.38155702, 1.43683493, 0.00000000, 0.00000000, 0.00000000, 0.00000000
2, 1.3999, 136, -2.30372310, 0.20781127, -1.37000132, -22.59988213, -315.54129028, -34.73364639, -28.20812607, 17.74334908, 45.48377609, -23.08481026, -9.27073479, -140.15661621, 0.31755045, 0.14239755, -0.16052461, 0.92364305, 0.87983179, -0.39573115, 1.44990647, 0.00000000, 0.00000000, 0.00000000, 0.00000000
2, 1.4099, 137, -2.49256301, 0.28359994, -1.11831439, -8.91969013, -279.05654907, -26.30665970, -28.20812607, 17.74334908, 45.48377609, -21.47345924, -15.75703716, -139.73384094, 0.31100848, 0.18996269, -0.12690699, 0.92254144, 1.12709785, -0.37523937, 1.37785447, 0.00000000, 0.00000000, 0.00000000, 0.00000000
5, 1.3901, 139, -2.02102685, -0.49554154, -1.44153917, -36.93327332, -198.01506042, 100.25134277, -63.34405136, 27.27272606, -99.41537476, 4.07551384, -16.95469856, -89.31650543, 0.70677990, 0.07853482, 0.12951398, 0.69102871, 0.66194558, -0.31992620, 1.37897933, 0.00000000, 0.00000000, 0.00000000, 0.00000000
5, 1.4001, 140, -1.88655090, -0.43041182, -1.36548901, -23.92415237, -162.63822937, 84.29669952, -63.78252029, 27.82811928, -98.21689606, 3.97913885, -18.77099800, -89.61181641, 0.70356834, 0.09054939, 0.13977073, 0.69083762, 0.56584108, -0.33814961, 1.23512912, 0.00000000, 0.00000000, 0.00000000, 0.00000000
2, 1.4199, 138, -2.58090019, 0.36139205, -0.97325718, -3.15991664, -237.40774536, -18.83453369, -28.26658821, 17.68488693, 48.05612183, -20.66828346, -18.00928497, -139.88742065, 0.30684829, 0.20539972, -0.11362791, 0.92235774, 1.21159792, -0.41118813, 1.32165003, 0.00000000, 0.00000000, 0.00000000, 0.00000000
2, 1.4299, 139, -2.48795891, 0.40493309, -0.94230372, -8.60981178, -201.61647034, -10.68140602, -28.73428726, 17.01256943, 50.19000244, -20.04944992, -19.94285202, -140.03791809, 0.30308205, 0.21883327, -0.10285760, 0.92177737, 1.13714588, -0.45125991, 1.23215067, 0.00000000, 0.00000000, 0.00000000, 0.00000000
2, 1.4399, 140, -2.31766129, 0.32528600, -0.92326015, -17.50399590, -180.54252625, -5.37359095, -28.41274452, 16.83718109, 52.00233841, -19.57338905, -21.70209885, -140.22000122, 0.29917917, 0.23124629, -0.09386712, 0.92098105, 0.96588898, -0.38312116, 1.14307868, 0.00000000, 0.00000000, 0.00000000, 0.00000000
5, 1.4101, 141, -1.66672421, -0.47223827, -1.33466446, -13.65155888, -145.28904724, 74.01122284, -64.71791840, 28.55890083, -96.63841248, 3.96178675, -20.38975906, -89.84389496, 0.70079398, 0.10082141, 0.14927441, 0.69024634, 0.35425150, -0.28529364, 1.12381423, 0.00000000, 0.00000000, 0.00000000, 0.00000000
2, 1.4499, 141, -2.24841595, 0.28515241, -0.85120291, -21.79927254, -170.91909790, -6.01786232, -28.26658821, 16.80795097, 52.61619186, -19.12979507, -23.37568092, -140.45123291, 0.29502058, 0.24303433, -0.08554068, 0.92009783, 0.91586560, -0.32591256, 1.07045579, 0.00000000, 0.00000000, 0.00000000, 0.00000000
5, 1.4201, 142, -1.50412643, -0.50125098, -1.25425375, -7.15524912, -137.22204590, 65.98870087, -64.71791840, 28.55890083, -96.63841248, 2.45247221, -20.95244980, -88.68345642, 0.70582092, 0.11200671, 0.14471836, 0.68434501, 0.22375582, -0.21502739, 0.99809921, 0.00000000, 0.00000000, 0.00000000, 0.00000000
5, 1.4301, 143, -1.39851940, -0.49687281, -1.09845841, -2.34134603, -132.81283569, 57.37462234, -64.36714172, 28.79274940, -95.99532318, 2.57251883, -22.38684464, -88.88171387, 0.70326674, 0.12016232, 0.15398106, 0.68356919, 0.19397347, -0.12693004, 0.82816076, 0.00000000, 0.00000000, 0.00000000, 0.00000000
2, 1.4599, 142, -2.17243242, 0.24211605, -0.81007755, -22.60297585, -161.30462646, -13.41125393, -28.26658821, 16.80795097, 52.61619186, -18.26548004, -26.48559570, -140.78877258, 0.28822929, 0.26490355, -0.06965277, 0.91755027, 0.83767879, -0.28223658, 1.01809335, 0.00000000, 0.00000000, 0.00000000, 0.00000000
5, 1.4401, 144, -1.31496644, -0.45962647, -0.97364897, -0.54345065, -129.03604126, 42.05385208, -64.27944946, 29.20198822, -94.79684448, 2.81217170, -23.71037483, -89.17935944, 0.70029163, 0.12707730, 0.16311878, 0.68325347, 0.16707289, -0.10295932, 0.68510681, 0.00000000, 0.00000000, 0.00000000, 0.00000000
2, 1.4699, 143, -2.08343768, 0.20800446, -0.74739760, -17.44743919, -147.65325928, -25.94223213, -27.94504547, 15.96024513, 54.66238022, -17.63552856, -27.88066483, -141.20948792, 0.28365922, 0.27396020, -0.06127714, 0.91691238, 0.75525320, -0.24298535, 0.94385266, 0.00000000, 0.00000000, 0.00000000, 0.00000000
2, 1.4799, 144, -1.88525510, 0.16915524, -0.68174076, -6.84766245, -130.25559998, -42.69984055, -27.94504547, 16.60333252, 55.71470261, -16.82615662, -29.04770851, -141.71951294, 0.27932501, 0.28080884, -0.05246121, 0.91671795, 0.61187482, -0.19321087, 0.79010242, 0.00000000, 0.00000000, 0.00000000, 0.00000000
5, 1.4501, 145, -1.23880255, -0.43108061, -0.90815419, 0.20259012, -120.33619690, 28.05558777, -65.06869507, 30.07892418, -94.09529114, 3.13712740, -24.88615799, -89.55101013, 0.69709206, 0.13272989, 0.17172538, 0.68334168, 0.11954065, -0.10116196, 0.59356010, 0.00000000, 0.00000000, 0.00000000, 0.00000000
2, 1.4899, 145, -1.70657873, 0.15900171, -0.65582353, 0.61812949, -119.47147369, -53.59418488, -27.71119499, 15.11254025, 56.41625214, -15.88821697, -30.06605530, -142.29147339, 0.27518359, 0.28623775, -0.04329901, 0.91676992, 0.47135031, -0.18833299, 0.66508830, 0.00000000, 0.00000000, 0.00000000, 0.00000000
5, 1.4601, 146, -1.15205073, -0.39147037, -0.84557325, 2.75830817, -107.57468414, 17.47857857, -64.80561066, 30.34200478, -92.83834839, 3.51414371, -25.89672089, -89.93917084, 0.69402409, 0.13714357, 0.17957161, 0.68357611, 0.06704043, -0.11144013, 0.49350196, 0.00000000, 0.00000000, 0.00000000, 0.00000000
2, 1.4999, 146, -1.53024507, 0.16820885, -0.64796710, 5.67819452, -110.53435516, -61.72291183, -27.71119499, 15.11254025, 58.02396774, -14.85441494, -30.96196556, -142.91711426, 0.27117005, 0.29055464, -0.03394475, 0.91700190, 0.32980356, -0.20990713, 0.54646927, 0.00000000, 0.00000000, 0.00000000, 0.00000000
5, 1.4701, 147, -1.06890094, -0.34630191, -0.80528569, 7.10449934, -90.88206482, 9.21581841, -64.80561066, 30.34200478, -92.83834839, 2.33146143, -25.23376274, -88.75693512, 0.70044035, 0.13854787, 0.16997312, 0.67918855, 0.01759785, -0.13165982, 0.40558106, 0.00000000, 0.00000000, 0.00000000, 0.00000000
2, 1.5099, 147, -1.37068081, 0.17337665, -0.65951371, 9.03710747, -101.23606873, -66.64813232, -27.41888237, 15.40485191, 58.02396774, -14.97550869, -30.77686691, -142.57884216, 0.27389756, 0.28949869, -0.03460332, 0.91650063, 0.19410349, -0.23209326, 0.45161042, 0.00000000, 0.00000000, 0.00000000, 0.00000000
5, 1.4801, 148, -0.98531568, -0.31879416, -0.78308719, 14.08688736, -75.16210938, 4.71700287, -64.22098541, 29.26045036, -92.28295898, 2.72496080, -25.90787697, -89.00788879, 0.69859153, 0.14056106, 0.17607453, 0.67912459, -0.03064619, -0.13305798, 0.33049840, 0.00000000, 0.00000000, 0.00000000, 0.00000000
2, 1.5199, 148, -1.19818890, 0.11979262, -0.68415111, 11.60883236, -91.88739777, -67.94642639, -27.24349594, 15.20023346, 59.10552216, -13.90167904, -31.46066475, -143.21629333, 0.27033278, 0.29212391, -0.02562488, 0.91702086, 0.03302371, -0.19735244, 0.37427798, 0.00000000, 0.00000000, 0.00000000, 0.00000000
5, 1.4901, 149, -0.87602299, -0.37515292, -0.74052274, 21.92905617, -64.37911224, 0.14214754, -65.01023102, 30.69277954, -91.23063660, 3.15731359, -26.46647453, -89.20285797, 0.69726747, 0.14158230, 0.18175863, 0.67877573, -0.12773457, -0.06950018, 0.26933149, 0.00000000, 0.00000000, 0.00000000, 0.00000000
5, 1.5001, 150, -0.76602668, -0.45243773, -0.68713683, 28.61275101, -60.25811768, -2.28083515, -64.33791351, 30.13738632, -91.14293671, 3.63362336, -26.97794342, -89.36318970, 0.69626433, 0.14201622, 0.18744734, 0.67816734, -0.22452545, 0.01690748, 0.20781943, 0.00000000, 0.00000000, 0.00000000, 0.00000000
2, 1.5299, 149, -1.05557418, 0.02469873, -0.68713385, 13.11993027, -85.69984436, -65.28564453, -26.80502701, 14.35252857, 59.74861145, -12.85616875, -32.08031082, -143.82914734, 0.26706728, 0.29441032, -0.01704415, 0.91744602, -0.11408271, -0.12995672, 0.31798458, 0.00000000, 0.00000000, 0.00000000, 0.00000000
5, 1.5101, 151, -0.68319345, -0.48740044, -0.61174434, 33.18052292, -60.12247467, -2.66874433, -64.51329803, 30.45892906, -90.23677063, 4.14313078, -27.48653984, -89.50494385, 0.69541872, 0.14221635, 0.19332355, 0.67734283, -0.27716839, 0.07609564, 0.12676099, 0.00000000, 0.00000000, 0.00000000, 0.00000000
2, 1.5399, 150, -0.96269709, -0.03970986, -0.63409632, 13.50669193, -83.13342285, -60.50568390, -26.62964058, 13.59251690, 60.39169693, -11.85497093, -32.67917252, -144.40890503, 0.26404729, 0.29672346, -0.00883637, 0.91769075, -0.18142870, -0.06468463, 0.24540552, 0.00000000, 0.00000000, 0.00000000, 0.00000000
5, 1.5201, 152, -0.65355366, -0.47529984, -0.53044558, 33.94751358, -60.57546234, -3.84602714, -64.36714172, 30.89739799, -89.44753265, 5.92229509, -25.15209770, -89.49570465, 0.70016533, 0.11726986, 0.18992628, 0.67819196, -0.25896868, 0.09101734, 0.04501256, 0.00000000, 0.00000000, 0.00000000, 0.00000000
5, 1.5301, 153, -0.67567837, -0.44790074, -0.45833179, 34.21211243, -57.58161163, -4.40897512, -64.36714172, 30.89739799, -89.44753265, 6.44402504, -25.62509155, -89.65107727, 0.69929028, 0.11721277, 0.19567278, 0.67747074, -0.17460731, 0.07732886, -0.01934849, 0.00000000, 0.00000000, 0.00000000, 0.00000000
5, 1.5401, 154, -0.73643202, -0.42846647, -0.41498128, 35.51223755, -47.73439026, -5.69805622, -64.45483398, 30.54662323, -88.77520752, 6.93852329, -26.00907135, -89.75865173, 0.69876409, 0.11671294, 0.20076531, 0.67660940, -0.10472541, 0.07332362, -0.02400850, 0.00000000, 0.00000000, 0.00000000, 0.00000000
5, 1.5501, 155, -0.80154657, -0.39759132, -0.39617428, 38.54922867, -29.24881172, -10.01062202, -64.68869019, 28.96813774, -88.83367157, 7.39524317, -26.21792221, -89.77976227, 0.69888890, 0.11523369, 0.20467593, 0.67556149, -0.03732947, 0.04804726, -0.01365122, 0.00000000, 0.00000000, 0.00000000, 0.00000000
5, 1.5601, 156, -0.79581940, -0.36783391, -0.38776761, 44.87429810, -0.66535443, -15.91201973, -64.51329803, 29.61122513, -89.03829193, 7.79357290, -26.16347122, -89.64570618, 0.70012826, 0.11223069, 0.20683248, 0.67412543, -0.03161711, 0.01940726, -0.03387167, 0.00000000, 0.00000000, 0.00000000, 0.00000000
2, 1.5499, 151, -0.94528019, -0.07686052, -0.54100341, 16.79184532, -80.15853882, -55.94440460, -26.62964058, 13.59251690, 60.39169693, -10.88888836, -33.25078201, -144.93312073, 0.26148114, 0.29897872, -0.00088404, 0.91773564, -0.15983947, -0.00555197, 0.18532103, 0.00000000, 0.00000000, 0.00000000, 0.00000000
5, 1.5701, 157, -0.72412473, -0.35328415, -0.38249174, 51.82296753, 21.11477661, -18.93397331, -64.86407471, 30.78047371, -88.30751038, 8.38879776, -25.22336578, -89.33541870, 0.70340419, 0.10231975, 0.20504500, 0.67283714, -0.08124441, 0.00204837, -0.08284412, 0.00000000, 0.00000000, 0.00000000, 0.00000000
5, 1.5801, 158, -0.63577342, -0.37502137, -0.38479292, 58.74263000, 34.40671158, -18.03925133, -64.86407471, 30.78047371, -88.30751038, 8.71666622, -24.88548851, -88.93239594, 0.70635587, 0.09753314, 0.20530662, 0.67037141, -0.14993854, 0.01113160, -0.12339180, 0.00000000, 0.00000000, 0.00000000, 0.00000000
2, 1.5599, 152, -0.97557014, -0.10393509, -0.47558826, 24.82972717, -68.10832214, -52.95283127, -26.27886581, 14.06021595, 61.00555420, -9.02976418, -31.98619652, -146.15986633, 0.25815523, 0.28479978, 0.00754276, 0.92314029, -0.10760702, 0.03041685, 0.16682458, 0.00000000, 0.00000000, 0.00000000, 0.00000000
5, 1.5901, 159, -0.54349500, -0.44425991, -0.38415998, 64.14857483, 33.33432770, -16.39854431, -64.68869019, 30.04969215, -88.83367157, 9.07223701, -24.57233810, -88.49193573, 0.70949477, 0.09265324, 0.20587677, 0.66756833, -0.24034095, 0.06661693, -0.14543146, 0.00000000, 0.00000000, 0.00000000, 0.00000000
2, 1.5699, 153, -0.97466218, -0.11910433, -0.42889905, 36.54066849, -46.17163467, -49.48236084, -26.42502213, 13.09558582, 62.08710861, -8.19103432, -32.21953964, -146.42585754, 0.25779352, 0.28479224, 0.01424477, 0.92316467, -0.07124334, 0.04332159, 0.12648353, 0.00000000, 0.00000000, 0.00000000, 0.00000000
2, 1.5799, 154, -0.96587121, -0.10005355, -0.40347224, 46.19020844, -23.54672241, -43.42985153, -25.48962212, 11.92633724, 62.11634064, -7.47262049, -32.25046158, -146.51377869, 0.25882787, 0.28343204, 0.01989400, 0.92318940, -0.05935236, 0.02602908, 0.09636258, 0.00000000, 0.00000000, 0.00000000, 0.00000000
5, 1.6001, 160, -0.47856674, -0.55903649, -0.37510517, 66.22554779, 19.38884544, -14.39135838, -64.89330292, 29.52353096, -89.47676086, 9.49567604, -24.38736343, -88.10691071, 0.71222299, 0.08821686, 0.20753330, 0.66474515, -0.31626618, 0.16537231, -0.14017813, 0.00000000, 0.00000000, 0.00000000, 0.00000000
2, 1.5899, 155, -0.95724678, -0.08303712, -0.39850950, 54.74859619, 1.70572102, -34.80036545, -25.78193474, 11.98479939, 62.58403778, -6.92017746, -32.06828308, -146.39646912, 0.26135147, 0.28070384, 0.02416709, 0.92321002, -0.05671842, 0.00403145, 0.07956389, 0.00000000, 0.00000000, 0.00000000, 0.00000000
2, 1.5999, 156, -0.89977074, -0.08243605, -0.40259391, 60.69757843, 24.21246529, -28.04521370, -25.78193474, 11.98479939, 62.58403778, -6.51231670, -31.69698334, -146.11402893, 0.26505163, 0.27674249, 0.02718754, 0.92326707, -0.09826108, -0.00469837, 0.04139756, 0.00000000, 0.00000000, 0.00000000, 0.00000000
2, 1.6099, 157, -0.82016051, -0.08732736, -0.39465910, 65.04035187, 38.53898239, -24.25292587, -25.25577354, 12.56942368, 62.17480087, -6.16832209, -29.59074020, -145.83622742, 0.27045465, 0.25902858, 0.02517854, 0.92688972, -0.14297932, -0.00120461, -0.02211379, 0.00000000, 0.00000000, 0.00000000, 0.00000000
5, 1.6101, 161, -0.47380304, -0.64266622, -0.34136194, 62.75091934, -4.16042471, -10.42175388, -64.30867767, 29.96199989, -88.89213562, 9.98464680, -24.41362000, -87.85353851, 0.71403784, 0.08486941, 0.21071349, 0.66222882, -0.32462525, 0.24766824, -0.13322932, 0.00000000, 0.00000000, 0.00000000, 0.00000000
2, 1.6199, 158, -0.71194476, -0.13749842, -0.39790481, 65.72459412, 41.01901245, -24.42333031, -25.72347260, 12.92019844, 62.26249695, -5.83466101, -29.07617569, -145.44245911, 0.27493930, 0.25401720, 0.02742065, 0.92689359, -0.21570671, 0.03896946, -0.08865073, 0.00000000, 0.00000000, 0.00000000, 0.00000000
2, 1.6299, 159, -0.62898892, -0.25065672, -0.40725362, 64.13203430, 29.23829079, -26.72967339, -25.48962212, 12.56942368, 61.61940765, -5.43349314, -28.66539764, -145.11073303, 0.27893323, 0.24966785, 0.03031786, 0.92679185, -0.30959195, 0.13123617, -0.10231909, 0.00000000, 0.00000000, 0.00000000, 0.00000000
2, 1.6399, 160, -0.61468184, -0.36340383, -0.37602103, 62.52589035, 7.10394621, -31.04544449, -25.95732307, 12.07249355, 62.02864456, -4.90320015, -28.44630051, -144.88732910, 0.28210920, 0.24654754, 0.03451290, 0.92651910, -0.33002526, 0.23912850, -0.09820178, 0.00000000, 0.00000000, 0.00000000, 0.00000000
5, 1.6201, 162, -0.56547517, -0.63503444, -0.29364800, 57.47644043, -31.86507988, -6.66849375, -64.51329803, 30.72201157, -88.80444336, 14.01395607, -23.12756157, -88.44786072, 0.71388602, 0.05312239, 0.22593644, 0.66067970, -0.21937470, 0.24137644, -0.12124994, 0.00000000, 0.00000000, 0.00000000, 0.00000000
2, 1.6499, 161, -0.70060349, -0.39847744, -0.28608942, 61.80120850, -24.24595642, -37.76886368, -25.95732307, 12.07249355, 62.02864456, -4.17760277, -28.49283600, -144.81567383, 0.28420004, 0.24510480, 0.04065432, 0.92601359, -0.22141394, 0.30028045, -0.09378423, 0.00000000, 0.00000000, 0.00000000, 0.00000000
5, 1.6301, 163, -0.71076363, -0.59696257, -0.24636935, 52.78033829, -49.28350449, -6.07748079, -64.51329803, 30.72201157, -88.80444336, 14.64550972, -23.52661133, -88.52591705, 0.71352190, 0.05176865, 0.23190048, 0.65911210, -0.05142934, 0.17925110, -0.09103433, 0.00000000, 0.00000000, 0.00000000, 0.00000000
2, 1.6599, 162, -0.82216483, -0.40845764, -0.18708508, 62.27123642, -38.28612900, -41.74947357, -25.69424057, 12.92019844, 62.61326981, 1.16796887, -28.78721237, -146.92489624, 0.27812389, 0.23547623, 0.08021761, 0.92777330, -0.07648667, 0.32328990, -0.07955113, 0.00000000, 0.00000000, 0.00000000, 0.00000000
5, 1.6401, 164, -0.85680830, -0.57347929, -0.21656831, 48.60089874, -54.02016068, -7.60936975, -64.63022614, 30.60508537, -87.63519287, 15.28890705, -23.94450760, -88.67411804, 0.71275014, 0.05060973, 0.23799577, 0.65786320, 0.08598723, 0.16359451, -0.04133812, 0.00000000, 0.00000000, 0.00000000, 0.00000000
5, 1.6501, 165, -0.94864064, -0.55518782, -0.20423999, 44.79427719, -47.19672394, -10.29007816, -64.83484650, 29.78661156, -87.66442108, 15.89477730, -24.28757668, -88.81917572, 0.71201682, 0.04923712, 0.24342209, 0.65677512, 0.16851898, 0.14449459, -0.00491519, 0.00000000, 0.00000000, 0.00000000, 0.00000000
2, 1.6699, 163, -0.92440987, -0.41845989, -0.11986328, 63.17628860, -40.26288986, -42.42919159, -24.90499878, 12.10172462, 62.96404648, 2.02316141, -28.96148682, -146.95048523, 0.27958357, 0.23482715, 0.08749956, 0.92684036, 0.03349257, 0.29698071, -0.05493265, 0.00000000, 0.00000000, 0.00000000, 0.00000000
5, 1.6601, 166, -0.95478344, -0.55103946, -0.21731950, 41.48458099, -34.31773376, -12.56988335, -64.65945435, 30.25431061, -87.13825989, 16.42972755, -24.51511383, -88.91144562, 0.71160853, 0.04749922, 0.24777749, 0.65571606, 0.16451931, 0.12656373, 0.01072426, 0.00000000, 0.00000000, 0.00000000, 0.00000000
2, 1.6799, 164, -0.99532217, -0.41486514, -0.06988642, 64.66917419, -33.86495972, -39.92303848, -24.99269104, 11.22478771, 63.49020767, 2.83056188, -29.09113884, -146.92147827, 0.28141087, 0.23387931, 0.09439170, 0.92585027, 0.11532366, 0.30313027, -0.04280194, 0.00000000, 0.00000000, 0.00000000, 0.00000000
5, 1.6701, 167, -0.88393128, -0.58949912, -0.24893083, 37.75249100, -18.06173897, -11.27612782, -64.63022614, 30.83893585, -86.46594238, 18.32609177, -24.71675301, -89.14624786, 0.71088898, 0.03748042, 0.25968787, 0.65252924, 0.07723014, 0.13305762, 0.01819362, 0.00000000, 0.00000000, 0.00000000, 0.00000000
2, 1.6899, 165, -1.02792764, -0.41649073, -0.04626556, 64.20501709, -21.86001396, -37.52197266, -25.13884735, 11.80941200, 63.81174850, 3.55432725, -29.12702370, -146.82675171, 0.28363371, 0.23230535, 0.10051344, 0.92492336, 0.15233137, 0.30349559, -0.03615892, 0.00000000, 0.00000000, 0.00000000, 0.00000000
5, 1.6801, 168, -0.79627746, -0.62301731, -0.28390148, 34.47593307, -12.85898304, -9.34027290, -64.63022614, 30.83893585, -86.46594238, 18.67995071, -24.80004501, -89.11021423, 0.71117741, 0.03571227, 0.26219416, 0.65131062, -0.02441737, 0.12379736, 0.02056381, 0.00000000, 0.00000000, 0.00000000, 0.00000000
5, 1.6901, 169, -0.73277587, -0.62549269, -0.30645376, 30.31527901, -15.71472645, -8.67185974, -64.33791351, 30.22508049, -86.29055786, 19.01914215, -24.90113640, -89.11431122, 0.71122324, 0.03423496, 0.26470312, 0.65032434, -0.09098940, 0.11033809, 0.00773516, 0.00000000, 0.00000000, 0.00000000, 0.00000000
2, 1.6999, 166, -0.98768538, -0.44280005, -0.06198330, 60.45425797, -11.78851414, -36.78610992, -25.13884735, 11.80941200, 63.81174850, 4.20543051, -29.07782555, -146.70912170, 0.28591400, 0.23018229, 0.10588873, 0.92415196, 0.10532577, 0.30990300, -0.04208609, 0.00000000, 0.00000000, 0.00000000, 0.00000000
5, 1.7001, 170, -0.68941325, -0.63673282, -0.31259024, 25.76434517, -26.02550697, -8.10606766, -64.13329315, 30.51739311, -85.91055298, 19.38414001, -25.07017899, -89.21695709, 0.71069300, 0.03324356, 0.26771742, 0.64972132, -0.13581823, 0.11234020, -0.00289739, 0.00000000, 0.00000000, 0.00000000, 0.00000000
2, 1.7099, 167, -0.91324908, -0.46124873, -0.07988808, 52.29916763, -8.68364716, -37.29080582, -24.26191139, 12.01403046, 63.81174850, 8.69828701, -29.38036346, -148.36105347, 0.28143966, 0.22328764, 0.13950883, 0.92275220, 0.03256935, 0.29449108, -0.06911284, 0.00000000, 0.00000000, 0.00000000, 0.00000000
5, 1.7101, 171, -0.67744964, -0.64625883, -0.30322042, 20.90811729, -37.25929260, -6.19135475, -64.16252136, 30.57585526, -86.02747345, 19.76986504, -25.32129860, -89.41987610, 0.70957446, 0.03286964, 0.27128750, 0.64948201, -0.14758599, 0.12007716, -0.00876068, 0.00000000, 0.00000000, 0.00000000, 0.00000000
5, 1.7201, 172, -0.73415661, -0.64816248, -0.29237980, 14.80198193, -46.88891602, -5.53695107, -64.04560089, 30.25431061, -85.29669952, 21.33230400, -24.60151482, -90.23514557, 0.70548177, 0.02073656, 0.27587062, 0.65250361, -0.09521286, 0.11682744, 0.01744633, 0.00000000, 0.00000000, 0.00000000, 0.00000000
5, 1.7301, 173, -0.79879200, -0.62658346, -0.28578621, 8.22718716, -52.04975510, -6.94330168, -64.19175720, 30.04969215, -85.20899963, 21.73015976, -24.91550827, -90.63282013, 0.70323718, 0.02119882, 0.27983883, 0.65322149, -0.02450744, 0.08098553, 0.04143485, 0.00000000, 0.00000000, 0.00000000, 0.00000000
2, 1.7199, 168, -0.85694003, -0.46600363, -0.10715246, 42.73786545, -12.68754768, -36.93780899, -24.55422401, 12.33557415, 63.98713684, 9.28141212, -29.32921410, -148.37442017, 0.28246188, 0.22145289, 0.14406833, 0.92218131, -0.03095468, 0.23397338, -0.07699566, 0.00000000, 0.00000000, 0.00000000, 0.00000000
2, 1.7299, 169, -0.81409538, -0.48453879, -0.13270226, 32.50843811, -20.76459122, -36.10127258, -24.11575508, 11.48786926, 64.48406982, 9.85991192, -29.33853149, -148.50071716, 0.28256145, 0.22026370, 0.14849894, 0.92173260, -0.08350959, 0.23066141, -0.07966099, 0.00000000, 0.00000000, 0.00000000, 0.00000000
2, 1.7399, 170, -0.80553967, -0.50198942, -0.14385934, 20.30283165, -32.33731461, -35.40696716, -23.99883080, 11.37094402, 64.86407471, 10.44761848, -29.43211746, -148.77647400, 0.28148413, 0.21994254, 0.15289083, 0.92142093, -0.10243833, 0.23276605, -0.06962216, 0.00000000, 0.00000000, 0.00000000, 0.00000000
2, 1.7499, 171, -0.81883192, -0.49460217, -0.14618069, 12.68751144, -40.56874847, -34.14601135, -23.99883080, 11.37094402, 64.86407471, 11.04086304, -29.58860207, -149.14767456, 0.27966556, 0.22026788, 0.15726775, 0.92116028, -0.09356843, 0.21647355, -0.05915160, 0.00000000, 0.00000000, 0.00000000, 0.00000000
2, 1.7599, 172, -0.85854644, -0.47144917, -0.14542961, 7.91853237, -43.90083694, -31.04034424, -23.61882401, 10.43554497, 64.92253876, 13.82445908, -29.22665596, -150.89682007, 0.27074638, 0.21316656, 0.17564851, 0.92217350, -0.05690528, 0.17919928, -0.03783879, 0.00000000, 0.00000000, 0.00000000, 0.00000000
5, 1.7401, 174, -0.83169544, -0.58764040, -0.27707028, 4.89611053, -47.13728714, -6.73122978, -64.19175720, 30.04969215, -85.20899963, 22.08043480, -25.18957329, -91.01205444, 0.70109802, 0.02168594, 0.28330478, 0.65401047, 0.01263631, 0.04622377, 0.04039702, 0.00000000, 0.00000000, 0.00000000, 0.00000000
2, 1.7699, 173, -0.87955010, -0.44918978, -0.16222394, 4.33327723, -40.91461945, -26.40487289, -23.70651817, 10.64016342, 65.88716888, 14.31956768, -29.39969254, -151.28979492, 0.26858583, 0.21402565, 0.17921643, 0.92191988, -0.04075760, 0.11898618, -0.01483562, 0.00000000, 0.00000000, 0.00000000, 0.00000000
2, 1.7799, 174, -0.89023817, -0.41889128, -0.17165530, 2.19475436, -33.67688370, -20.45903397, -22.88804436, 11.02016926, 66.00408936, 14.71174431, -29.54535866, -151.61679077, 0.26676056, 0.21481690, 0.18202044, 0.92171633, -0.03184503, 0.08158815, -0.00870475, 0.00000000, 0.00000000, 0.00000000, 0.00000000
2, 1.7899, 175, -0.89294875, -0.37770462, -0.17955188, 1.80000830, -24.66468430, -13.60225296, -22.88804436, 11.02016926, 66.00408936, 14.98839283, -29.65945053, -151.84719849, 0.26548606, 0.21547605, 0.18401411, 0.92153460, -0.02456191, 0.03670446, -0.01308526, 0.00000000, 0.00000000, 0.00000000, 0.00000000
5, 1.7501, 175, -0.84761643, -0.55005205, -0.26527837, 3.21956468, -37.55827713, -5.14958429, -63.98713684, 29.23121834, -84.77053070, 22.35577202, -25.40665817, -91.31855774, 0.69936997, 0.02211635, 0.28603077, 0.65465951, 0.03717894, 0.01500533, 0.02803626, 0.00000000, 0.00000000, 0.00000000, 0.00000000
2, 1.7999, 176, -0.87869132, -0.34909883, -0.19140625, 1.18527865, -15.38368797, -7.92840719, -23.06343079, 10.52323914, 66.20870972, 15.15666485, -29.73357201, -151.98739624, 0.26471511, 0.21591924, 0.18523264, 0.92140853, -0.03553347, 0.00296576, -0.02222986, 0.00000000, 0.00000000, 0.00000000, 0.00000000
5, 1.7601, 176, -0.84621739, -0.52510154, -0.27080280, 1.89386153, -26.28551102, -4.35576057, -63.95790482, 28.61736298, -84.79976654, 22.55252457, -25.55159378, -91.54024506, 0.69812208, 0.02237594, 0.28791824, 0.65515494, 0.03692276, -0.01237286, 0.02386922, 0.00000000, 0.00000000, 0.00000000, 0.00000000
2, 1.8099, 177, -0.84286785, -0.32197642, -0.21051836, 1.45497429, -8.03242970, -3.51026082, -22.44957542, 9.64630222, 66.06255341, 14.81129932, -29.32044411, -152.06520081, 0.26322088, 0.21345644, 0.18158807, 0.92313427, -0.06532750, -0.03003961, -0.04186487, 0.00000000, 0.00000000, 0.00000000, 0.00000000
5, 1.7701, 177, -0.80357230, -0.49725494, -0.27986836, 1.66037095, -15.39360523, -2.53335261, -63.69482422, 29.64045525, -84.36129761, 22.13150024, -25.65832520, -91.57790375, 0.69780320, 0.02570112, 0.28609410, 0.65617096, 0.00155764, -0.04104916, -0.00202966, 0.00000000, 0.00000000, 0.00000000, 0.00000000
2, 1.8199, 178, -0.80491167, -0.29373884, -0.21846470, 3.37148356, -4.81456900, -0.83641565, -22.91727448, 10.69862556, 66.03332520, 14.86132526, -29.35865211, -152.07693481, 0.26323977, 0.21367317, 0.18203579, 0.92299056, -0.08624763, -0.05568476, -0.07401096, 0.00000000, 0.00000000, 0.00000000, 0.00000000
5, 1.7801, 178, -0.74970567, -0.47109011, -0.28493425, 1.69276762, -8.53742790, 0.64414304, -64.22098541, 28.58813095, -84.56591797, 22.18772316, -25.72275162, -91.63220978, 0.69749492, 0.02589700, 0.28676167, 0.65619975, -0.04159553, -0.06147305, -0.03830051, 0.00000000, 0.00000000, 0.00000000, 0.00000000
2, 1.8299, 179, -0.77226448, -0.26349771, -0.22757275, 5.46067858, -7.51265907, -0.55865461, -22.85881233, 10.26015759, 66.76410675, 14.93361759, -29.42308235, -152.08918762, 0.26331031, 0.21405438, 0.18270725, 0.92274940, -0.10862691, -0.08761673, -0.09836657, 0.00000000, 0.00000000, 0.00000000, 0.00000000
5, 1.7901, 179, -0.70753175, -0.45160362, -0.30023849, 0.87186342, -7.78133631, 2.96853256, -64.22098541, 28.58813095, -84.56591797, 22.21807098, -25.79738045, -91.67179871, 0.69726354, 0.02627776, 0.28734049, 0.65617722, -0.08081874, -0.08622830, -0.05604091, 0.00000000, 0.00000000, 0.00000000, 0.00000000
2, 1.8399, 180, -0.76807302, -0.23769216, -0.23658372, 6.69559813, -14.44184303, -1.19541883, -22.85881233, 10.26015759, 66.76410675, 15.05824852, -29.53978348, -152.14105225, 0.26318881, 0.21480684, 0.18381605, 0.92238891, -0.11117188, -0.11606276, -0.10236602, 0.00000000, 0.00000000, 0.00000000, 0.00000000
5, 1.8001, 180, -0.68970311, -0.43766141, -0.31563297, 0.05012509, -11.07908535, 6.58086967, -63.72405624, 30.75124168, -84.50745392, 22.23737144, -25.91833305, -91.72116852, 0.69696617, 0.02704030, 0.28810999, 0.65612471, -0.10121716, -0.10586552, -0.05860257, 0.00000000, 0.00000000, 0.00000000, 0.00000000
2, 1.8499, 181, -0.77938730, -0.21611716, -0.24335977, 7.35325193, -22.49329185, -2.31107783, -22.94650650, 9.38322163, 66.41333008, 15.24432659, -29.71344757, -152.24740601, 0.26277798, 0.21597321, 0.18541297, 0.92191392, -0.10264926, -0.14046523, -0.09574242, 0.00000000, 0.00000000, 0.00000000, 0.00000000
5, 1.8101, 181, -0.68726468, -0.41508400, -0.32552075, -0.63477755, -16.88212204, 10.13174820, -63.34405136, 30.34200478, -84.36129761, 22.26190567, -26.10194397, -91.79979706, 0.69649184, 0.02823737, 0.28924799, 0.65607733, -0.10472991, -0.13025948, -0.06038012, 0.00000000, 0.00000000, 0.00000000, 0.00000000
2, 1.8599, 182, -0.78476584, -0.19542366, -0.24635176, 7.69015980, -30.21690559, -3.29707408, -22.71265602, 9.70476437, 66.91026306, 13.37323952, -29.74112892, -151.43855286, 0.26574913, 0.21925369, 0.17193611, 0.92289931, -0.09678648, -0.15550494, -0.09695345, 0.00000000, 0.00000000, 0.00000000, 0.00000000
5, 1.8201, 182, -0.70455599, -0.38899672, -0.33588144, -0.24872713, -23.30616188, 12.35726357, -63.84098053, 30.51739311, -84.24436951, 20.47471619, -25.96504784, -91.65176392, 0.69685560, 0.03788083, 0.27826735, 0.65994292, -0.09023535, -0.15163484, -0.05567729, 0.00000000, 0.00000000, 0.00000000, 0.00000000
2, 1.8699, 183, -0.80085832, -0.16771083, -0.24828504, 9.63036633, -37.22035599, -2.38681412, -22.88804436, 10.64016342, 66.61795044, 13.65411377, -30.03741646, -151.61451721, 0.26499456, 0.22129303, 0.17439318, 0.92216831, -0.07954733, -0.16167316, -0.09851910, 0.00000000, 0.00000000, 0.00000000, 0.00000000
5, 1.8301, 183, -0.73485911, -0.37751043, -0.32917571, 1.10080874, -28.36281013, 15.28662300, -63.66559601, 29.78661156, -84.12744904, 20.53737450, -26.26865578, -91.77204132, 0.69610357, 0.03968982, 0.28027982, 0.65977859, -0.05838947, -0.13933468, -0.05713670, 0.00000000, 0.00000000, 0.00000000, 0.00000000
5, 1.8401, 184, -0.78977352, -0.36988711, -0.31201696, 2.37085462, -34.29786682, 17.77543068, -63.66559601, 29.78661156, -84.12744904, 20.62584496, -26.63250160, -91.91701508, 0.69519997, 0.04178399, 0.28275990, 0.65954375, -0.00713547, -0.13807456, -0.04155999, 0.00000000, 0.00000000, 0.00000000, 0.00000000
2, 1.8799, 184, -0.83961183, -0.15606645, -0.23031567, 14.27003384, -42.40375137, 0.91021770, -22.30341911, 10.69862556, 67.52411652, 13.95662594, -30.40060616, -151.77012634, 0.26448652, 0.22380258, 0.17717062, 0.92117858, -0.04136628, -0.16788192, -0.08573871, 0.00000000, 0.00000000, 0.00000000, 0.00000000
5, 1.8501, 185, -0.84771723, -0.35008425, -0.29709765, 4.18787766, -35.81899261, 18.67997932, -63.49020767, 30.83893585, -83.74744415, 20.72918892, -27.01621819, -92.05957794, 0.69430798, 0.04391249, 0.28542715, 0.65919620, 0.04817495, -0.14878464, -0.02726994, 0.00000000, 0.00000000, 0.00000000, 0.00000000
2, 1.8899, 185, -0.88992912, -0.16163671, -0.20650871, 19.05274010, -41.76816559, 5.35788202, -22.30341911, 10.69862556, 67.52411652, 14.23584843, -30.79203415, -151.86082458, 0.26448080, 0.22649787, 0.17992447, 0.91998690, 0.00348208, -0.15582851, -0.06330145, 0.00000000, 0.00000000, 0.00000000, 0.00000000
5, 1.8601, 186, -0.88496971, -0.34638363, -0.28086454, 7.13117409, -33.03433990, 21.28522301, -63.43174362, 30.89739799, -82.84127045, 20.81573868, -27.40481758, -92.14993286, 0.69370562, 0.04604838, 0.28803572, 0.65854955, 0.08229525, -0.14461201, -0.01811878, 0.00000000, 0.00000000, 0.00000000, 0.00000000
2, 1.8999, 186, -0.91114712, -0.17202628, -0.19495068, 23.51737595, -37.82383728, 9.21877193, -22.56650162, 11.34171295, 67.31949615, 14.47465420, -31.18223953, -151.87117004, 0.26505098, 0.22914821, 0.18250085, 0.91865802, 0.01753870, -0.14426537, -0.04966561, 0.00000000, 0.00000000, 0.00000000, 0.00000000
5, 1.8701, 187, -0.89079940, -0.35593265, -0.27082905, 10.06953335, -26.62196732, 25.13371468, -63.13943100, 30.86816597, -83.39666748, 19.44688034, -28.84345055, -91.75260925, 0.69478029, 0.06233495, 0.28832227, 0.65594590, 0.07948779, -0.12536018, -0.01532391, 0.00000000, 0.00000000, 0.00000000, 0.00000000
2, 1.9099, 187, -0.91499621, -0.17476916, -0.18127634, 28.31545258, -30.33088684, 13.88689327, -21.77725792, 10.55247021, 67.49488068, 13.04771423, -32.29067993, -150.70811462, 0.27186808, 0.23970252, 0.17544430, 0.91534138, 0.01926912, -0.13161197, -0.05135240, 0.00000000, 0.00000000, 0.00000000, 0.00000000
5, 1.8801, 188, -0.88404781, -0.36404562, -0.26675972, 12.32571220, -19.62886429, 29.21504784, -63.75328827, 30.98509216, -82.63665771, 19.41773605, -29.20520210, -91.65151215, 0.69516927, 0.06451087, 0.29021394, 0.65448755, 0.05572553, -0.09769231, -0.01515384, 0.00000000, 0.00000000, 0.00000000, 0.00000000
5, 1.8901, 189, -0.88140398, -0.35259748, -0.26648101, 14.27665997, -15.21181583, 33.85227966, -63.75328827, 30.98509216, -82.63665771, 19.33550262, -29.57192612, -91.47513580, 0.69594342, 0.06684429, 0.29187617, 0.65268904, 0.05090062, -0.10568463, -0.01878740, 0.00000000, 0.00000000, 0.00000000, 0.00000000
2, 1.9199, 188, -0.90042758, -0.17002863, -0.16300625, 32.24423218, -25.32416534, 17.48643494, -22.36188316, 11.02016926, 67.31949615, 13.15745831, -32.64226151, -150.50915527, 0.27379552, 0.24199058, 0.17738611, 0.91378927, 0.00660600, -0.11046995, -0.07048278, 0.00000000, 0.00000000, 0.00000000, 0.00000000
5, 1.9001, 190, -0.88355553, -0.33561683, -0.26340407, 17.41609001, -12.09912777, 38.11029816, -63.95790482, 30.07892418, -82.28588104, 19.21687317, -29.95180702, -91.22835541, 0.69707352, 0.06929437, 0.29345325, 0.65051681, 0.05268666, -0.11656574, -0.02435905, 0.00000000, 0.00000000, 0.00000000, 0.00000000
2, 1.9299, 189, -0.90658343, -0.15876617, -0.14358737, 34.55404663, -22.97852516, 20.46035957, -22.42034531, 11.66325665, 67.87489319, 13.23152447, -32.99618530, -150.25788879, 0.27606207, 0.24429303, 0.17916465, 0.91214627, 0.02060420, -0.11253417, -0.08006503, 0.00000000, 0.00000000, 0.00000000, 0.00000000
2, 1.9399, 190, -0.92855215, -0.14994314, -0.14888573, 36.68389511, -21.44438934, 23.56648445, -22.42034531, 11.66325665, 67.87489319, 13.27220535, -33.35944366, -149.95924377, 0.27863097, 0.24666813, 0.18080533, 0.91040051, 0.03153491, -0.12274876, -0.06168760, 0.00000000, 0.00000000, 0.00000000, 0.00000000
5, 1.9101, 191, -0.88563490, -0.31971687, -0.26083475, 20.71977997, -9.63251019, 41.03636932, -64.10406494, 30.78047371, -82.43203735, 19.07602692, -30.34000015, -90.92295837, 0.69849700, 0.07177261, 0.29499790, 0.64801770, 0.05376086, -0.12630443, -0.02915180, 0.00000000, 0.00000000, 0.00000000, 0.00000000
2, 1.9499, 191, -0.91934943, -0.14803873, -0.15295252, 39.64637375, -20.83862114, 25.37682724, -22.06957054, 11.83864307, 68.60566711, 13.29981518, -33.73301315, -149.62106323, 0.28147984, 0.24908620, 0.18245883, 0.90853399, 0.01732966, -0.12585561, -0.06194628, 0.00000000, 0.00000000, 0.00000000, 0.00000000
2, 1.9599, 192, -0.91699964, -0.14628428, -0.13516870, 44.14980316, -25.11997414, 26.06432533, -22.62496376, 12.18941784, 68.89797974, 12.05320168, -35.09246445, -148.28794861, 0.28951731, 0.26105067, 0.17821071, 0.90347838, 0.01719013, -0.11425640, -0.07107499, 0.00000000, 0.00000000, 0.00000000, 0.00000000
5, 1.9201, 192, -0.89228010, -0.33031690, -0.25780320, 23.27191353, -9.82614326, 43.50548935, -63.84098053, 31.94972229, -82.51972961, 17.76843834, -31.57526779, -90.17517853, 0.70099747, 0.08544243, 0.29503068, 0.64362961, 0.04908939, -0.10761252, -0.02062983, 0.00000000, 0.00000000, 0.00000000, 0.00000000
5, 1.9301, 193, -0.90533686, -0.33649641, -0.23965864, 24.45115852, -14.03139973, 46.45731354, -63.95790482, 31.27740479, -82.46126556, 17.61627197, -32.03094101, -89.82860565, 0.70247900, 0.08826955, 0.29699415, 0.64072329, 0.05126207, -0.07606424, -0.02064622, 0.00000000, 0.00000000, 0.00000000, 0.00000000
2, 1.9699, 193, -0.93717301, -0.14358859, -0.09309443, 49.57527924, -31.96581078, 26.13490677, -22.71265602, 12.07249355, 69.24875641, 12.15871716, -35.56778336, -147.92129517, 0.29270294, 0.26402375, 0.18083386, 0.90106362, 0.04115003, -0.08312082, -0.07936679, 0.00000000, 0.00000000, 0.00000000, 0.00000000
2, 1.9799, 194, -0.96791965, -0.15321968, -0.07093924, 54.09707260, -39.75518799, 24.77095604, -21.86495209, 13.15404797, 69.42414093, 12.33986950, -36.10501862, -147.57804871, 0.29587680, 0.26731554, 0.18413599, 0.89838374, 0.06740420, -0.06573068, -0.06584552, 0.00000000, 0.00000000, 0.00000000, 0.00000000
5, 1.9401, 194, -0.91782647, -0.32520485, -0.21989432, 25.31937981, -19.28730202, 48.07359695, -63.95790482, 31.27740479, -82.46126556, 17.48609924, -32.53586197, -89.50344086, 0.70378768, 0.09130392, 0.29935747, 0.63775522, 0.06657845, -0.07325998, -0.02986086, 0.00000000, 0.00000000, 0.00000000, 0.00000000
5, 1.9501, 195, -0.91575921, -0.32693654, -0.21288888, 26.62883759, -24.30840302, 49.49707031, -63.49020767, 33.35282135, -81.84741211, 17.38044548, -33.08794403, -89.19653320, 0.70494193, 0.09450641, 0.30212319, 0.63470232, 0.05976459, -0.06527074, -0.03122316, 0.00000000, 0.00000000, 0.00000000, 0.00000000
2, 1.9899, 195, -0.98832852, -0.18134029, -0.06936193, 58.01212311, -43.87456894, 22.18092346, -21.86495209, 13.15404797, 69.42414093, 12.58358574, -36.66692734, -147.24934387, 0.29908013, 0.27064073, 0.18795496, 0.89553201, 0.06809443, -0.04160777, -0.03805272, 0.00000000, 0.00000000, 0.00000000, 0.00000000
5, 1.9601, 196, -0.91299951, -0.34460369, -0.21743932, 28.19502831, -28.27182198, 51.94147110, -63.72405624, 33.76205826, -81.96434021, 17.28499794, -33.68704605, -88.89113617, 0.70601964, 0.09791737, 0.30522335, 0.63149607, 0.04241776, -0.04889107, -0.01717742, 0.00000000, 0.00000000, 0.00000000, 0.00000000
2, 1.9999, 196, -0.98772299, -0.20969401, -0.06374325, 62.01578140, -48.02586746, 19.43226242, -22.18649483, 13.32943535, 69.92107391, 12.89277840, -37.25316238, -146.93692017, 0.30231208, 0.27398658, 0.19230293, 0.89250118, 0.05473396, -0.01626563, -0.02599905, 0.00000000, 0.00000000, 0.00000000, 0.00000000
5, 1.9701, 197, -0.92479837, -0.35261074, -0.22806807, 29.35500145, -31.04897499, 54.15642929, -63.92867661, 33.17743301, -81.87664032, 16.53683090, -34.62633133, -88.28843689, 0.70776260, 0.10658857, 0.30695191, 0.62728900, 0.03548290, -0.04133910, 0.00561081, 0.00000000, 0.00000000, 0.00000000, 0.00000000
5, 1.9801, 198, -0.93730205, -0.33554900, -0.24008119, 31.13168907, -30.62805557, 55.40572357, -63.92867661, 34.14206314, -81.87664032, 16.42615509, -35.26628494, -87.94228363, 0.70888585, 0.11017915, 0.31029665, 0.62374473, 0.03240681, -0.05139939, 0.01996168, 0.00000000, 0.00000000, 0.00000000, 0.00000000
5, 1.9901, 199, -0.93841326, -0.31178921, -0.23049510, 34.20613480, -28.79264069, 56.23405838, -63.78252029, 35.19438553, -81.49663544, 16.30480385, -35.90230942, -87.55252075, 0.71019363, 0.11366899, 0.31362244, 0.61995602, 0.03456143, -0.06430639, 0.00940709, 0.00000000, 0.00000000, 0.00000000, 0.00000000
5, 2.0001, 200, -0.92801178, -0.29977280, -0.21054894, 37.54209900, -25.21372414, 56.34700012, -63.78252029, 35.19438553, -81.49663544, 16.16678810, -36.51708603, -87.10814667, 0.71175426, 0.11695874, 0.31681466, 0.61591810, 0.02900072, -0.06179582, -0.01024438, 0.00000000, 0.00000000, 0.00000000, 0.00000000
2, 2.0099, 197, -0.98452544, -0.21199770, -0.03195925, 61.14883423, -50.26142120, 18.73364258, -21.48494530, 13.65097904, 70.38877106, 13.35262394, -38.76983643, -146.63136292, 0.30595040, 0.28429762, 0.19969790, 0.88639164, 0.05871169, -0.00303669, -0.03942757, 0.00000000, 0.00000000, 0.00000000, 0.00000000
5, 2.0101, 201, -0.90318513, -0.31290683, -0.18003182, 40.61817932, -20.96761703, 55.41006851, -63.98713684, 36.01286316, -81.17509460, 16.01429749, -37.09809494, -86.61241913, 0.71356374, 0.11996756, 0.31981567, 0.61168009, 0.01021679, -0.03203207, -0.03537970, 0.00000000, 0.00000000, 0.00000000, 0.00000000
2, 2.0199, 198, -0.97172523, -0.19822651, -0.00687219, 56.28312302, -53.00395966, 20.11702347, -21.48494530, 14.35252857, 70.65185547, 13.66770554, -39.39429474, -146.39593506, 0.30861208, 0.28798348, 0.20398264, 0.88329798, 0.04960200, -0.00671801, -0.05443647, 0.00000000, 0.00000000, 0.00000000, 0.00000000
5, 2.0201, 202, -0.87075585, -0.31527641, -0.14404170, 40.53879166, -15.92914391, 55.16312408, -64.19175720, 35.92516708, -81.20432281, 16.03540611, -38.16059113, -86.28368378, 0.71401405, 0.12516494, 0.32632694, 0.60665357, -0.01105295, -0.00915002, -0.07184234, 0.00000000, 0.00000000, 0.00000000, 0.00000000
5, 2.0301, 203, -0.87281406, -0.29440719, -0.12612674, 41.30112457, -12.44177341, 56.72626114, -64.33791351, 36.45132828, -80.18123627, 15.79066467, -38.68748093, -85.69171906, 0.71617979, 0.12808591, 0.32869256, 0.60219753, -0.00857838, -0.01542318, -0.08341134, 0.00000000, 0.00000000, 0.00000000, 0.00000000
5, 2.0401, 204, -0.90472424, -0.28565842, -0.12001665, 42.69544601, -9.65504837, 58.68527603, -64.22098541, 38.17597198, -79.97661591, 15.50374603, -39.20656586, -85.04578400, 0.71853113, 0.13104269, 0.33089182, 0.59753799, 0.01649642, -0.01509340, -0.07040843, 0.00000000, 0.00000000, 0.00000000, 0.00000000
2, 2.0299, 199, -0.95925373, -0.17851838, -0.00333693, 50.31937408, -54.48068237, 23.25743484, -21.48494530, 14.35252857, 70.65185547, 13.94562340, -40.04075623, -146.19868469, 0.31089199, 0.29198578, 0.20792688, 0.88025963, 0.03914773, -0.02502206, -0.06372248, 0.00000000, 0.00000000, 0.00000000, 0.00000000
5, 2.0501, 205, -0.91757816, -0.29850787, -0.12454169, 44.22322083, -4.37328386, 61.96394348, -64.22098541, 38.17597198, -79.97661591, 15.14224243, -39.70736694, -84.31332397, 0.72120512, 0.13408411, 0.33274296, 0.59259325, 0.01534113, -0.00018254, -0.05086635, 0.00000000, 0.00000000, 0.00000000, 0.00000000
2, 2.0399, 200, -0.95554584, -0.15754797, -0.02072812, 47.47782898, -53.78152466, 27.28118324, -22.15726280, 14.44022179, 71.49955750, 14.16875648, -40.70178223, -145.99218750, 0.31310594, 0.29621145, 0.21150178, 0.87720603, 0.02342674, -0.05288254, -0.05329240, 0.00000000, 0.00000000, 0.00000000, 0.00000000
2, 2.0499, 201, -0.96888465, -0.14551227, -0.03583077, 49.94863129, -50.44546127, 29.82810211, -21.42648315, 15.20023346, 72.52265167, 14.34354210, -41.35618591, -145.72311401, 0.31566837, 0.30037767, 0.21485835, 0.87404954, 0.01954073, -0.07096197, -0.03044626, 0.00000000, 0.00000000, 0.00000000, 0.00000000
2, 2.0599, 202, -0.97261095, -0.13992560, -0.05294928, 58.17901611, -42.64945984, 30.11088753, -21.51417732, 15.78485775, 72.43495941, 13.19211769, -42.16990662, -144.31054688, 0.32336581, 0.30733386, 0.21153399, 0.86961704, 0.00515157, -0.07937796, -0.01109730, 0.00000000, 0.00000000, 0.00000000, 0.00000000
5, 2.0601, 206, -0.91073954, -0.28687763, -0.14456241, 45.34068298, 2.08007288, 63.43552017, -63.87021255, 37.94212341, -80.44431305, 14.71102047, -40.16725159, -83.50021362, 0.72419852, 0.13707043, 0.33414710, 0.58744705, -0.00318892, -0.01325039, -0.04042339, 0.00000000, 0.00000000, 0.00000000, 0.00000000
5, 2.0701, 207, -0.88018429, -0.28439206, -0.17049181, 47.55628204, 5.96499205, 64.91953278, -63.95790482, 39.57907104, -80.67816162, 13.98909664, -40.36211395, -82.42691040, 0.72850168, 0.13962664, 0.33289677, 0.58221078, -0.04562849, -0.01995734, -0.03550214, 0.00000000, 0.00000000, 0.00000000, 0.00000000
2, 2.0699, 203, -0.95100653, -0.12458901, -0.05103191, 70.94359589, -34.55448532, 28.12867355, -20.72493362, 15.69716454, 72.75650024, 13.28264141, -42.71503067, -143.73901367, 0.32789594, 0.31026405, 0.21493120, 0.86603987, -0.01519969, -0.07950848, -0.02597622, 0.00000000, 0.00000000, 0.00000000, 0.00000000
2, 2.0799, 204, -0.93445992, -0.11628742, -0.03004578, 84.94083405, -26.53228378, 25.78276443, -20.72493362, 15.69716454, 72.75650024, 13.35491657, -43.20397949, -143.00309753, 0.33359116, 0.31246445, 0.21854308, 0.86216110, -0.01984918, -0.07736279, -0.04768363, 0.00000000, 0.00000000, 0.00000000, 0.00000000
2, 2.0899, 205, -0.91137260, -0.12665863, -0.01956138, 95.25624847, -20.44170952, 25.07919121, -21.33878899, 16.98333740, 73.01958466, 13.39648819, -43.65627289, -142.13359070, 0.34017020, 0.31417394, 0.22224011, 0.85801423, -0.04019861, -0.06281510, -0.06078002, 0.00000000, 0.00000000, 0.00000000, 0.00000000
5, 2.0801, 208, -0.87096363, -0.28495628, -0.19531783, 50.33997726, 7.13946152, 67.06780243, -64.04560089, 40.33908081, -80.70739746, 13.48427486, -40.80007172, -81.49062347, 0.73190165, 0.14257234, 0.33408019, 0.57652718, -0.06839618, -0.02184276, -0.02083967, 0.00000000, 0.00000000, 0.00000000, 0.00000000
5, 2.0901, 209, -0.87767529, -0.27802172, -0.20578897, 53.56921387, 6.79895926, 69.36707306, -64.80561066, 41.18678665, -81.11663055, 12.95933247, -41.25265503, -80.50487518, 0.73540646, 0.14556135, 0.33538288, 0.57053268, -0.07163646, -0.02510026, -0.00893198, 0.00000000, 0.00000000, 0.00000000, 0.00000000
2, 2.0999, 206, -0.89774394, -0.14532383, -0.00310805, 99.13628387, -16.36952591, 26.44860077, -21.45571518, 17.21718788, 72.69804382, 13.38718987, -44.09020615, -141.18312073, 0.34716910, 0.31569311, 0.22577268, 0.85372019, -0.05190404, -0.03772206, -0.06940445, 0.00000000, 0.00000000, 0.00000000, 0.00000000
5, 2.1001, 210, -0.88694626, -0.26991308, -0.19357008, 56.64038086, 5.18237591, 73.26786804, -64.80561066, 41.18678665, -81.11663055, 12.40521240, -41.73876190, -79.46558380, 0.73897791, 0.14873868, 0.33688790, 0.56417644, -0.06229751, -0.01827213, -0.01284135, 0.00000000, 0.00000000, 0.00000000, 0.00000000
2, 2.1099, 207, -0.88929164, -0.16103275, 0.00104168, 98.08369446, -14.45056629, 29.89067841, -21.16340256, 18.79567337, 72.99035645, 13.31192970, -44.50877762, -140.19375610, 0.35422385, 0.31717885, 0.22892500, 0.84942120, -0.06579150, -0.01998335, -0.06750039, 0.00000000, 0.00000000, 0.00000000, 0.00000000
2, 2.1199, 208, -0.86041725, -0.16510050, 0.00493341, 93.29479218, -15.48573017, 35.24327850, -21.25109673, 19.14644814, 72.93189240, 13.16561699, -44.97668839, -139.20259094, 0.36102244, 0.31922626, 0.23171949, 0.84502274, -0.09219794, -0.01193231, -0.08255321, 0.00000000, 0.00000000, 0.00000000, 0.00000000
2, 2.1299, 209, -0.82177269, -0.15100043, 0.02277512, 87.20333099, -18.00332832, 41.95569992, -21.25109673, 19.14644814, 72.93189240, 12.94111538, -45.49270248, -138.22003174, 0.36745659, 0.32187691, 0.23408873, 0.84057921, -0.11344503, -0.01300677, -0.11905944, 0.00000000, 0.00000000, 0.00000000, 0.00000000
5, 2.1101, 211, -0.90142083, -0.26705706, -0.15799001, 58.71973038, 3.36828399, 77.78998566, -64.42560577, 40.57293320, -80.82431793, 11.81005859, -42.26150131, -78.37294006, 0.74257439, 0.15219048, 0.33857000, 0.55748707, -0.03955691, 0.00478863, -0.02896096, 0.00000000, 0.00000000, 0.00000000, 0.00000000
2, 2.1399, 210, -0.80905968, -0.14000194, 0.01901905, 84.26013184, -21.45177841, 48.88537216, -20.98801422, 19.73107338, 73.63343811, 12.64495468, -46.06920624, -137.22039795, 0.37371325, 0.32515806, 0.23620218, 0.83595401, -0.12894994, -0.01977580, -0.12241727, 0.00000000, 0.00000000, 0.00000000, 0.00000000
2, 2.1499, 211, -0.84156132, -0.12471031, 0.01470953, 86.46612549, -25.38442230, 55.22951889, -21.22186470, 20.95878410, 74.33499146, 12.28977489, -46.71308136, -136.16163635, 0.38010958, 0.32899472, 0.23831205, 0.83095521, -0.10978214, -0.02976524, -0.09686854, 0.00000000, 0.00000000, 0.00000000, 0.00000000
2, 2.1599, 212, -0.88809043, -0.10776120, 0.02405950, 90.34826660, -26.97620773, 59.41595840, -20.72493362, 20.75416565, 74.07190704, 11.42200947, -47.54559326, -134.64619446, 0.38808393, 0.33499181, 0.23866905, 0.82474756, -0.07250053, -0.03309580, -0.07132063, 0.00000000, 0.00000000, 0.00000000, 0.00000000
5, 2.1201, 212, -0.90763831, -0.25862002, -0.15282124, 59.78787231, 1.05431187, 80.99862671, -63.75328827, 42.44372940, -81.26278687, 11.41964817, -42.64583588, -77.37622833, 0.74613369, 0.15382423, 0.34035438, 0.55116385, -0.03625441, 0.00805403, -0.02872613, 0.00000000, 0.00000000, 0.00000000, 0.00000000
5, 2.1301, 213, -0.89579284, -0.25827435, -0.15188153, 60.84476089, 1.15929568, 84.28256989, -63.60713196, 41.53756332, -81.52587128, 10.74817944, -43.21318817, -76.19979858, 0.74970573, 0.15768860, 0.34223050, 0.54401654, -0.05141243, 0.01517915, -0.03187836, 0.00000000, 0.00000000, 0.00000000, 0.00000000
5, 2.1401, 214, -0.89872438, -0.24452204, -0.14394550, 60.62305832, -0.55472618, 86.69819641, -63.63636398, 43.81759644, -80.82431793, 10.04048347, -43.79807281, -74.99589539, 0.75317127, 0.16175260, 0.34419674, 0.53674740, -0.04921099, 0.01686211, -0.03672346, 0.00000000, 0.00000000, 0.00000000, 0.00000000
2, 2.1699, 213, -0.93381345, -0.08640075, 0.04566232, 95.75638580, -26.02080727, 59.92819214, -21.04647827, 22.94650650, 74.42268372, 10.96328354, -48.21640015, -133.41197205, 0.39514485, 0.33896959, 0.24087428, 0.81910920, -0.02829954, -0.03165434, -0.05563585, 0.00000000, 0.00000000, 0.00000000, 0.00000000
2, 2.1799, 214, -0.98341882, -0.06694318, 0.07349497, 100.93278503, -26.08484268, 57.42479324, -21.04647827, 22.94650650, 74.42268372, 10.51108456, -48.87332153, -132.12680054, 0.40246165, 0.34268364, 0.24335818, 0.81324613, 0.02354416, -0.03001576, -0.04170297, 0.00000000, 0.00000000, 0.00000000, 0.00000000
2, 2.1899, 215, -0.99858999, -0.06192845, 0.08818118, 105.30982971, -26.66245842, 52.68682480, -20.63723946, 23.85267448, 74.33499146, 10.09727383, -49.50727463, -130.82229614, 0.40991136, 0.34601629, 0.24622250, 0.80722976, 0.03770206, -0.02167592, -0.03621745, 0.00000000, 0.00000000, 0.00000000, 0.00000000
2, 2.1999, 216, -0.98839897, -0.05302066, 0.08179468, 108.78601074, -28.96156120, 47.41394806, -20.52031517, 25.10961723, 74.27652740, 9.74442005, -50.12928391, -129.52636719, 0.41736221, 0.34901828, 0.24956328, 0.80107003, 0.02168462, -0.02684022, -0.03399189, 0.00000000, 0.00000000, 0.00000000, 0.00000000
2, 2.2099, 217, -1.01792920, -0.03811212, 0.09905316, 113.06729126, -29.76308632, 45.12123489, -20.52031517, 25.66501045, 74.74422455, 8.86850929, -51.34021759, -127.74676514, 0.42577678, 0.35707667, 0.25275075, 0.79204005, 0.04992108, -0.02574173, -0.02242112, 0.00000000, 0.00000000, 0.00000000, 0.00000000
5, 2.1501, 215, -0.92400450, -0.22032142, -0.14289695, 60.29008865, -2.53240466, 86.25219727, -63.63636398, 43.81759644, -80.82431793, 9.32778931, -44.38490677, -73.79169464, 0.75647151, 0.16580804, 0.34627166, 0.52948523, -0.02853750, 0.00611669, -0.02871071, 0.00000000, 0.00000000, 0.00000000, 0.00000000
5, 2.1601, 216, -0.94706720, -0.21538334, -0.13865311, 60.36656189, -2.85756207, 86.76925659, -63.95790482, 45.19146347, -81.26278687, 8.58753967, -44.96648788, -72.56211853, 0.75970376, 0.16988923, 0.34834391, 0.52215374, -0.01296342, 0.01386680, -0.01627797, 0.00000000, 0.00000000, 0.00000000, 0.00000000
5, 2.1701, 217, -0.98418075, -0.22355285, -0.13638416, 60.37644196, -0.37072095, 88.38822174, -64.13329315, 46.24378967, -81.02893829, 8.31272411, -45.55198288, -71.63249207, 0.76212186, 0.17175733, 0.35220298, 0.51538616, 0.01060789, 0.03109696, 0.01054069, 0.00000000, 0.00000000, 0.00000000, 0.00000000
5, 2.1801, 218, -1.02708650, -0.20079087, -0.11914747, 59.85435486, 2.77625871, 86.96263885, -63.75328827, 47.23764801, -81.52587128, 7.47830391, -46.07204437, -70.32242584, 0.76543832, 0.17580375, 0.35378912, 0.50796700, 0.05398847, 0.02542358, 0.01687083, 0.00000000, 0.00000000, 0.00000000, 0.00000000
2, 2.2199, 218, -1.06351113, -0.02417036, 0.10435099, 119.25936127, -24.84237099, 46.91265488, -20.46185303, 25.95732307, 75.03653717, 8.39833641, -51.91644287, -126.24376678, 0.43398172, 0.35961676, 0.25608164, 0.78533936, 0.08034738, -0.02489929, 0.01128257, 0.00000000, 0.00000000, 0.00000000, 0.00000000
2, 2.2299, 219, -1.05668318, -0.02158082, 0.12625420, 124.40366364, -14.40499401, 51.61173630, -20.46185303, 25.95732307, 75.03653717, 7.73860264, -52.42530441, -124.53434753, 0.44292435, 0.36190015, 0.25866473, 0.77842087, 0.08281919, -0.01031472, -0.00261383, 0.00000000, 0.00000000, 0.00000000, 0.00000000
2, 2.2399, 220, -1.04537642, -0.03231668, 0.13677663, 126.39134979, -0.57283580, 56.97908020, -19.87722778, 27.82811928, 74.86115265, 6.85057974, -52.83243179, -122.61786652, 0.45250833, 0.36387956, 0.26014251, 0.77146208, 0.07248613, 0.01321699, -0.00851277, 0.00000000, 0.00000000, 0.00000000, 0.00000000
5, 2.1901, 219, -1.05893719, -0.16258928, -0.11931864, 60.70050812, 8.93306255, 85.43364716, -63.87021255, 47.79304123, -81.93510437, 6.59217978, -46.51959610, -68.95299530, 0.76895761, 0.17962599, 0.35490265, 0.50048262, 0.08480115, 0.00288646, 0.02269958, 0.00000000, 0.00000000, 0.00000000, 0.00000000
5, 2.2001, 220, -1.05865180, -0.15147577, -0.12863664, 63.49749756, 17.36728859, 85.51143646, -64.10406494, 48.99152374, -82.05203247, 5.62639523, -46.88366699, -67.47981262, 0.77285886, 0.18324645, 0.35542390, 0.49273109, 0.07829189, 0.00037255, 0.02875156, 0.00000000, 0.00000000, 0.00000000, 0.00000000
5, 2.2101, 221, -1.03321075, -0.16704172, -0.13467818, 65.90307617, 27.60969925, 87.03939819, -64.10406494, 48.99152374, -82.05203247, 4.55193520, -47.15307236, -65.88195801, 0.77720839, 0.18677787, 0.35519776, 0.48466048, 0.04631486, 0.02381556, 0.02903271, 0.00000000, 0.00000000, 0.00000000, 0.00000000
5, 2.2201, 222, -0.99094248, -0.18440010, -0.14457697, 68.11256409, 33.82548904, 90.10380554, -64.30867767, 49.92692184, -82.34434509, 4.18591595, -46.95256805, -64.71162415, 0.78208697, 0.18475816, 0.35422161, 0.47825879, -0.00009871, 0.04554901, 0.02220832, 0.00000000, 0.00000000, 0.00000000, 0.00000000
2, 2.2499, 221, -0.99917376, -0.03875901, 0.11588979, 126.97084045, 13.45812702, 63.34270096, -20.22800255, 29.02659988, 74.65653229, 5.72240925, -53.13200378, -120.50032806, 0.46265244, 0.36564541, 0.26040649, 0.76448977, 0.01966978, 0.02120895, -0.01844213, 0.00000000, 0.00000000, 0.00000000, 0.00000000
2, 2.2599, 222, -0.93187881, -0.03886931, 0.11072713, 127.06880951, 21.75379562, 68.82247162, -20.57877731, 30.51739311, 74.04267883, 5.28977013, -53.59726715, -119.02462769, 0.47030813, 0.36720842, 0.26399422, 0.75780964, -0.03788604, 0.03020093, -0.05520016, 0.00000000, 0.00000000, 0.00000000, 0.00000000
2, 2.2699, 223, -0.86979014, -0.03266043, 0.08482495, 124.16368103, 17.66003418, 72.86033630, -20.37415886, 31.68664169, 74.13037109, 3.93279481, -53.86833572, -116.75325775, 0.48041752, 0.36943936, 0.26341441, 0.75055069, -0.10296513, 0.02086825, -0.07428127, 0.00000000, 0.00000000, 0.00000000, 0.00000000
