SensorId, TimeStamp (s), FrameNumber, AccX (g), AccY (g), AccZ (g), GyroX (deg/s), GyroY (deg/s), GyroZ (deg/s), MagX (uT), MagY (uT), MagZ (uT), EulerX (deg), EulerY (deg), EulerZ (deg), QuatW, QuatX, QuatY, QuatZ, LinAccX (g), LinAccY (g), LinAccZ (g), Pressure (kPa), Altitude (m), Temperature (degC), HeaveMotion (m)
5, 0.0000, 0, -1.03903806, 0.94969511, -0.13453478, -41.83987045, -32.09159088, 40.77162170, -33.87898254, 80.70739746, -89.15522003, -10.39562702, 21.79504204, -16.28424835, 0.97049695, 0.06139882, -0.19897708, 0.12154861, 0.03978162, 0.28594351, 0.45499167, 0.00000000, 0.00000000, 0.00000000, 0.00000000
5, 0.0100, 1, -1.09366453, 1.06434989, -0.15881251, -38.07414627, -45.62496567, 37.78973007, -33.61590195, 79.88892365, -88.54135895, -11.05490875, 22.14002228, -16.47513580, 0.96940148, 0.06617249, -0.20268774, 0.12165417, -0.02867863, 0.31844264, 0.56257421, 0.00000000, 0.00000000, 0.00000000, 0.00000000
5, 0.0200, 2, -1.29587889, 1.16251123, -0.12273069, -33.55425644, -56.86514282, 34.58999634, -33.20666504, 80.15200043, -88.39520264, -8.98378849, 20.48952103, -15.19630527, 0.97426248, 0.05294838, -0.18594086, 0.11590984, -0.01878994, 0.28099772, 0.78599191, 0.00000000, 0.00000000, 0.00000000, 0.00000000
2, -0.0000, 0, -0.88331217, 0.85515821, 0.22083683, 13.58019733, 21.38232231, 98.98423767, 2.22157264, 66.32563782, 47.00379944, 29.98988914, 20.67621613, -34.28053284, 0.89437854, -0.29431573, -0.09063283, 0.32442436, 0.22261968, 0.02035201, 0.33036277, 0.00000000, 0.00000000, 0.00000000, 0.00000000
5, 0.0300, 3, -1.55880773, 1.22566998, -0.02457326, -32.52722549, -52.91911697, 24.31306076, -33.03127670, 81.55509949, -87.43057251, -9.63138580, 20.71809769, -15.26526451, 0.97354800, 0.05805169, -0.18856239, 0.11523275, 0.03475801, 0.16106296, 1.03424239, 0.00000000, 0.00000000, 0.00000000, 0.00000000
2, 0.0100, 1, -0.91234118, 0.93696368, 0.08149375, 19.19069099, 11.91549301, 101.39888000, 2.22157264, 66.32563782, 47.00379944, 30.80439568, 21.33960342, -34.23546600, 0.89097428, -0.30197793, -0.09376988, 0.32585475, 0.28930089, 0.16523302, 0.33795971, 0.00000000, 0.00000000, 0.00000000, 0.00000000
5, 0.0400, 4, -1.79467714, 1.32055902, 0.01386308, -31.70519638, -34.48377228, 9.61699200, -33.03127670, 81.55509949, -87.43057251, -10.13468075, 20.78940010, -15.39771366, 0.97304744, 0.06201696, -0.18974148, 0.11545981, 0.06850296, 0.13029708, 1.28863931, 0.00000000, 0.00000000, 0.00000000, 0.00000000
5, 0.0500, 5, -1.93328547, 1.38367856, -0.05167595, -26.40914726, -13.32519054, -2.26694274, -32.56357574, 80.06430817, -87.95673370, -10.43939209, 20.73553085, -15.56839752, 0.97278458, 0.06439102, -0.18968862, 0.11645693, 0.07949140, 0.20113018, 1.44193888, 0.00000000, 0.00000000, 0.00000000, 0.00000000
2, 0.0200, 2, -1.11665130, 0.96952635, 0.11635005, 23.39403725, -4.92547941, 100.96288300, 2.83542824, 65.53639221, 46.79918289, 31.60827255, 22.05503273, -34.02069092, 0.88787466, -0.30946872, -0.09779464, 0.32610419, 0.37390715, 0.15685201, 0.54515266, 0.00000000, 0.00000000, 0.00000000, 0.00000000
2, 0.0300, 3, -1.36654556, 1.03440166, 0.18146800, 15.87257862, -10.54943752, 94.75567627, 3.71236467, 66.55948639, 46.09763336, 30.11300659, 18.27862549, -34.59823227, 0.89801455, -0.29048201, -0.07017946, 0.32290083, 0.42897427, 0.15747109, 0.80396497, 0.00000000, 0.00000000, 0.00000000, 0.00000000
5, 0.0600, 6, -1.97790253, 1.39830005, -0.17291389, -19.95996857, -1.20067084, -16.13349915, -32.35895920, 81.52587128, -87.63519287, -10.59649372, 20.54576111, -15.71532345, 0.97281778, 0.06573008, -0.18832892, 0.11763325, 0.08463266, 0.32560080, 1.48860061, 0.00000000, 0.00000000, 0.00000000, 0.00000000
2, 0.0400, 4, -1.59446621, 1.13606906, 0.31043875, 1.97638237, -9.21849728, 84.60939789, 4.70622635, 66.96871948, 46.09763336, 30.61652756, 18.97790337, -34.52742386, 0.89554757, -0.29585731, -0.07456584, 0.32388747, 0.37502766, 0.15230818, 1.06143832, 0.00000000, 0.00000000, 0.00000000, 0.00000000
2, 0.0500, 5, -1.83624244, 1.29510915, 0.45084518, -15.50896740, 2.34539628, 71.61624908, 5.58316278, 66.85179901, 46.00993729, 30.93879318, 19.59744072, -34.66824722, 0.89305615, -0.29976487, -0.07826356, 0.32629219, 0.34394687, 0.17205726, 1.38596165, 0.00000000, 0.00000000, 0.00000000, 0.00000000
5, 0.0700, 7, -1.99765146, 1.45971715, -0.26603216, -10.15386391, -0.63132411, -30.63367653, -32.88512039, 80.85355377, -87.78134918, -7.39365864, 17.93832779, -13.54388714, 0.98002547, 0.04489888, -0.16200306, 0.10625145, 0.02556438, 0.40697637, 1.52956462, 0.00000000, 0.00000000, 0.00000000, 0.00000000
5, 0.0800, 8, -2.01961994, 1.50455105, -0.26470739, -0.73732901, -7.31836939, -50.64731979, -32.73896408, 80.50277710, -87.22595978, -7.42643833, 17.43848991, -13.44845390, 0.98073256, 0.04586089, -0.15772942, 0.10574447, -0.03838530, 0.36765736, 1.55222940, 0.00000000, 0.00000000, 0.00000000, 0.00000000
2, 0.0600, 6, -1.93755889, 1.40430772, 0.42715597, -23.37447166, 17.58696747, 55.76634216, 5.58316278, 66.85179901, 46.00993729, 31.14640045, 20.05912590, -34.97895813, 0.89066571, -0.30256316, -0.08055716, 0.32966766, 0.36199775, 0.26687896, 1.50600529, 0.00000000, 0.00000000, 0.00000000, 0.00000000
2, 0.0700, 7, -2.08688664, 1.47492170, 0.30772954, -22.11636543, 19.02152443, 38.15231705, 5.75855017, 66.93949127, 46.30224991, 31.25846291, 20.37114525, -35.28987122, 0.88881397, -0.30431047, -0.08191020, 0.33270958, 0.48467705, 0.39859882, 1.61084712, 0.00000000, 0.00000000, 0.00000000, 0.00000000
5, 0.0900, 9, -2.09493566, 1.47184956, -0.16924912, 4.70017242, -13.30159378, -72.39871216, -34.17129517, 80.50277710, -87.13825989, -7.45199776, 16.73196983, -13.24547768, 0.98177022, 0.04711983, -0.15163434, 0.10447095, 0.01729260, 0.27359384, 1.59850097, 0.00000000, 0.00000000, 0.00000000, 0.00000000
5, 0.1000, 10, -2.23803163, 1.41661727, -0.10365766, 7.93138218, -8.70125008, -93.25634766, -34.17129517, 79.45045471, -87.13825989, -7.41298771, 15.81986046, -13.01052189, 0.98305786, 0.04805955, -0.14369839, 0.10314280, 0.12174161, 0.20910440, 1.69240725, 0.00000000, 0.00000000, 0.00000000, 0.00000000
2, 0.0800, 8, -2.28215718, 1.47826099, 0.21204080, -13.99741364, 11.60460663, 18.62975883, 6.51856184, 66.91026306, 46.27301788, 29.15462494, 15.42663956, -34.65872574, 0.90545726, -0.27677906, -0.04970983, 0.31791422, 0.63220710, 0.46933916, 1.72690225, 0.00000000, 0.00000000, 0.00000000, 0.00000000
5, 0.1100, 11, -2.37124586, 1.40674925, -0.15996848, 14.23123932, 3.88684607, -120.78029633, -34.63899231, 81.23355865, -87.98596954, -7.22760963, 14.63506985, -12.75011158, 0.98465359, 0.04801666, -0.13327055, 0.10193442, 0.17606562, 0.26419896, 1.79925632, 0.00000000, 0.00000000, 0.00000000, 0.00000000
2, 0.0900, 9, -2.47881675, 1.50568283, 0.16626923, -11.16569042, 4.44196939, 0.82756042, 6.25548077, 66.79333496, 45.42531204, 29.09192276, 15.45777035, -34.77485275, 0.90523213, -0.27640313, -0.04985518, 0.31885856, 0.69159228, 0.53355455, 1.85119891, 0.00000000, 0.00000000, 0.00000000, 0.00000000
5, 0.1200, 12, -2.46274161, 1.38321531, -0.28229341, 25.27339935, 18.96773338, -145.95674133, -35.69131851, 80.12277222, -87.92750549, -4.35540247, 10.67622662, -10.87931156, 0.99079847, 0.02885081, -0.09613360, 0.09079879, 0.20610195, 0.37194711, 1.85896516, 0.00000000, 0.00000000, 0.00000000, 0.00000000
5, 0.1300, 13, -2.51267552, 1.34595430, -0.36997667, 35.55422974, 27.16937637, -174.33694458, -37.41595840, 80.67816162, -87.72288513, -3.87468696, 8.95317554, -10.58222008, 0.99237728, 0.02636632, -0.08078270, 0.08925477, 0.20196891, 0.42190662, 1.86910510, 0.00000000, 0.00000000, 0.00000000, 0.00000000
2, 0.1000, 10, -2.57304478, 1.55652905, 0.29783148, -15.64760590, -7.26391268, -21.40611267, 6.02163124, 67.64103699, 46.24378967, 28.81684113, 15.38650417, -34.83436966, 0.90585035, -0.27409667, -0.04990226, 0.31908628, 0.63360882, 0.48542356, 2.00082636, 0.00000000, 0.00000000, 0.00000000, 0.00000000
5, 0.1400, 14, -2.48104572, 1.28281128, -0.34940198, 42.15967178, 28.21308899, -206.24107361, -38.78982544, 79.50891113, -88.36597443, -3.35116720, 6.91255713, -10.23080730, 0.99393761, 0.02369784, -0.06262343, 0.08720603, 0.20901847, 0.39362693, 1.80511677, 0.00000000, 0.00000000, 0.00000000, 0.00000000
2, 0.1100, 11, -2.72689891, 1.60737586, 0.40481657, -21.57997131, -8.25893879, -52.02698135, 6.02163124, 67.64103699, 46.24378967, 28.30809021, 15.10236073, -34.91908646, 0.90730679, -0.26947185, -0.04882128, 0.31905448, 0.62102455, 0.45696467, 2.18750811, 0.00000000, 0.00000000, 0.00000000, 0.00000000
5, 0.1500, 15, -2.61286855, 1.26099575, -0.29563892, 44.07446289, 30.02014923, -239.71472168, -38.78982544, 79.50891113, -88.36597443, -2.81163549, 4.53521252, -9.87588310, 0.99529231, 0.02101872, -0.04151826, 0.08501625, 0.25353220, 0.33127066, 1.90454865, 0.00000000, 0.00000000, 0.00000000, 0.00000000
2, 0.1200, 12, -2.74935699, 1.66698897, 0.35217047, -17.17527199, -4.03232479, -89.47903442, 5.40777540, 67.23180389, 46.53609848, 27.62340927, 14.48571968, -34.97858047, 0.90975970, -0.26267269, -0.04559738, 0.31821606, 0.62427306, 0.54475600, 2.19990373, 0.00000000, 0.00000000, 0.00000000, 0.00000000
5, 0.1600, 16, -2.77576566, 1.25935864, -0.23305155, 46.39873505, 41.22276306, -270.46343994, -41.01139832, 78.25197601, -88.65828705, -2.17745447, 1.84719110, -9.56893349, 0.99623179, 0.01758785, -0.01764461, 0.08307656, 0.28968012, 0.25852281, 2.04214621, 0.00000000, 0.00000000, 0.00000000, 0.00000000
2, 0.1300, 13, -2.88017535, 1.65412652, 0.36882597, -5.73722410, -5.60352278, -124.17395020, 4.88161373, 66.61795044, 46.85764313, 24.67637444, 9.53333759, -34.41249847, 0.92470312, -0.22742610, -0.01455481, 0.30494228, 0.66261756, 0.54049993, 2.29475546, 0.00000000, 0.00000000, 0.00000000, 0.00000000
5, 0.1700, 17, -2.81385779, 1.21884573, -0.21125212, 51.79502106, 73.51206970, -313.80554199, -43.64220810, 78.60274506, -88.74597931, -0.31233984, -2.21731710, -9.41272068, 0.99643368, 0.00430350, 0.01905962, 0.08208602, 0.28819978, 0.21917075, 2.05407453, 0.00000000, 0.00000000, 0.00000000, 0.00000000
2, 0.1400, 14, -3.10722375, 1.55015409, 0.41352075, -9.30818176, -1.74730766, -156.93032837, 3.85852075, 67.20256805, 46.53609848, 23.66233253, 8.34838963, -34.31676865, 0.92831099, -0.21640112, -0.00774605, 0.30224040, 0.74847639, 0.46650773, 2.43213010, 0.00000000, 0.00000000, 0.00000000, 0.00000000
2, 0.1500, 15, -3.19029450, 1.57015204, 0.41177636, -18.47691154, -5.73140478, -185.83872986, 3.85852075, 67.20256805, 46.53609848, 22.39620399, 6.99171638, -34.21010208, 0.93234324, -0.20285951, -0.00015643, 0.29930592, 0.76183039, 0.49977505, 2.49705243, 0.00000000, 0.00000000, 0.00000000, 0.00000000
2, 0.1600, 16, -3.41441202, 1.62989414, 0.52261698, -33.35635757, -13.90159512, -231.72308350, 1.75387311, 67.23180389, 46.41917419, 20.71976662, 5.37282181, -34.07199478, 0.93703097, -0.18525825, 0.00854505, 0.29593822, 0.75795209, 0.49259436, 2.73865628, 0.00000000, 0.00000000, 0.00000000, 0.00000000
2, 0.1700, 17, -3.52239394, 1.73171329, 0.56450188, -42.60142899, -12.93931007, -278.20724487, -0.46769950, 66.29640198, 47.14995575, 18.71011353, 3.42135382, -33.88666153, 0.94203597, -0.16401096, 0.01917380, 0.29206347, 0.70304108, 0.56955802, 2.86955643, 0.00000000, 0.00000000, 0.00000000, 0.00000000
5, 0.1800, 18, -2.77325106, 1.05913472, -0.20458634, 58.39054108, 98.74609375, -346.41238403, -46.03916931, 76.11809540, -89.53522491, 0.87553096, -5.66781139, -9.41857243, 0.99540728, -0.00354629, 0.04989897, 0.08162075, 0.33801669, 0.18335967, 1.94364452, 0.00000000, 0.00000000, 0.00000000, 0.00000000
2, 0.1800, 18, -3.58949614, 1.80980003, 0.60719872, -49.77505112, -9.33401108, -326.64004517, -3.15697169, 65.59485626, 47.61765671, 15.80579567, -0.72745961, -34.10358429, 0.94719708, -0.12960385, 0.04632907, 0.28961059, 0.62416422, 0.63696688, 2.95720601, 0.00000000, 0.00000000, 0.00000000, 0.00000000
2, 0.1900, 19, -3.59912133, 1.81283212, 0.62146962, -58.21047592, 3.14519429, -373.45162964, -6.13855600, 63.28558731, 48.96229172, 13.18507385, -3.43941379, -33.73752594, 0.95121580, -0.10116753, 0.06182880, 0.28483468, 0.55034113, 0.67917860, 2.95859051, 0.00000000, 0.00000000, 0.00000000, 0.00000000
5, 0.1900, 19, -2.66154885, 0.86801004, -0.17028712, 66.31191254, 119.28515625, -376.65924072, -49.13768005, 74.01344299, -90.82139587, 2.30104542, -9.41600513, -9.54472828, 0.99310762, -0.01311467, 0.08344153, 0.08125740, 0.38838452, 0.12851354, 1.76044917, 0.00000000, 0.00000000, 0.00000000, 0.00000000
5, 0.2000, 20, -2.52238059, 0.75185537, -0.16211188, 75.93221283, 131.20045471, -402.52395630, -49.13768005, 74.01344299, -90.82139587, 3.90683031, -13.41762257, -9.76241875, 0.98931468, -0.02379598, 0.11921272, 0.08049069, 0.35554838, 0.09599131, 1.59534764, 0.00000000, 0.00000000, 0.00000000, 0.00000000
2, 0.2000, 20, -3.37479305, 1.73599732, 0.47743839, -59.62948990, 11.85789490, -410.91040039, -6.13855600, 63.28558731, 48.96229172, 10.34058666, -6.46246529, -33.19916534, 0.95435935, -0.07018615, 0.07950048, 0.27919883, 0.50724125, 0.76674134, 2.67688560, 0.00000000, 0.00000000, 0.00000000, 0.00000000
5, 0.2100, 21, -2.27626634, 0.69588339, -0.11330876, 87.20163727, 144.83520508, -422.47988892, -51.76848984, 71.29494476, -91.84449005, 5.73431826, -17.61064339, -10.09256268, 0.98382515, -0.03579144, 0.15664132, 0.07918753, 0.21603563, 0.01987861, 1.37207937, 0.00000000, 0.00000000, 0.00000000, 0.00000000
5, 0.2200, 22, -2.30782986, 0.65799999, -0.10162341, 99.83183289, 158.78498840, -444.19830322, -54.69160843, 70.18415833, -93.51066589, 6.72441339, -20.50444221, -10.46214199, 0.97920042, -0.04127203, 0.18219697, 0.07916772, 0.19923422, -0.01741779, 1.40518022, 0.00000000, 0.00000000, 0.00000000, 0.00000000
2, 0.2100, 21, -3.28246522, 1.66996717, 0.48103756, -54.81086349, 15.89574814, -440.53915405, -9.17860222, 62.67173386, 48.84536743, 7.29483509, -9.70229340, -32.38997269, 0.95644033, -0.03733453, 0.09872655, 0.27217859, 0.43629178, 0.76729739, 2.57452869, 0.00000000, 0.00000000, 0.00000000, 0.00000000
5, 0.2300, 23, -2.29927039, 0.56997621, -0.07290015, 112.26821899, 175.78750610, -471.30947876, -56.97164536, 67.49488068, -94.38760376, 9.09127045, -25.16270065, -11.05292034, 0.97005808, -0.05607870, 0.22358026, 0.07651415, 0.21676263, -0.06507687, 1.38005209, 0.00000000, 0.00000000, 0.00000000, 0.00000000
2, 0.2200, 22, -3.08590102, 1.64267862, 0.43107367, -43.23485565, 21.19239998, -475.55657959, -12.68634892, 59.19321823, 50.59923935, 4.00325632, -13.18783760, -31.19549561, 0.95729637, -0.00256174, 0.11986465, 0.26307711, 0.31537524, 0.83628619, 2.38403869, 0.00000000, 0.00000000, 0.00000000, 0.00000000
5, 0.2400, 24, -2.17310333, 0.53941226, -0.03631955, 121.69215393, 191.17005920, -488.53634644, -59.51476288, 61.85326004, -96.63841248, 11.81575584, -29.96080971, -11.92675591, 0.95844787, -0.07218062, 0.26605448, 0.07336675, 0.10816669, -0.13530105, 1.29688644, 0.00000000, 0.00000000, 0.00000000, 0.00000000
2, 0.2300, 23, -3.06657267, 1.60896873, 0.48789459, -39.94958496, 26.24832344, -519.03411865, -16.13563347, 57.26395798, 50.45308304, 2.95030475, -15.27830029, -30.96374130, 0.95575893, 0.01088353, 0.13487846, 0.26117864, 0.23376656, 0.82264924, 2.38836479, 0.00000000, 0.00000000, 0.00000000, 0.00000000
2, 0.2400, 24, -2.92324233, 1.66628301, 0.54227984, -42.05960464, 42.69818878, -565.63983154, -19.64337921, 52.93773651, 51.24232483, -1.07650411, -19.42599678, -29.14209747, 0.95352197, 0.05140463, 0.16094984, 0.24949694, 0.04259133, 0.86082631, 2.32566381, 0.00000000, 0.00000000, 0.00000000, 0.00000000
2, 0.2500, 25, -2.74120593, 1.66864014, 0.54770416, -46.05602646, 49.62925720, -595.26184082, -19.64337921, 52.93773651, 51.24232483, -5.56266451, -23.68019485, -26.86487770, 0.94851637, 0.09379986, 0.18830076, 0.23677225, -0.13210201, 0.92880261, 2.20438862, 0.00000000, 0.00000000, 0.00000000, 0.00000000
2, 0.2600, 26, -2.58342099, 1.72428572, 0.56314462, -48.70029068, 54.97126007, -614.88507080, -22.42034531, 48.72844315, 51.15463257, -10.53835773, -27.90962791, -24.06167984, 0.94054294, 0.13722074, 0.21628605, 0.22309163, -0.32758194, 1.03191781, 2.13838625, 0.00000000, 0.00000000, 0.00000000, 0.00000000
2, 0.2700, 27, -2.45476532, 1.76264524, 0.56168908, -54.77893829, 70.78062439, -631.46423340, -25.16807938, 44.63607025, 51.59310150, -16.02395630, -32.12340927, -20.69902992, 0.92917436, 0.18097977, 0.24545175, 0.20888957, -0.48407423, 1.13392282, 2.09509039, 0.00000000, 0.00000000, 0.00000000, 0.00000000
2, 0.2800, 28, -2.19594908, 1.77229249, 0.52401477, -52.40952682, 88.35925293, -640.98266602, -27.88658333, 38.96521378, 51.56386948, -12.81069279, -30.93254471, -14.46208000, 0.94640911, 0.14002308, 0.24936479, 0.15006894, -0.65117705, 1.20867336, 1.90751696, 0.00000000, 0.00000000, 0.00000000, 0.00000000
2, 0.2900, 29, -1.98409486, 1.67176664, 0.45454079, -50.37795258, 97.08408356, -642.70184326, -28.70505714, 32.94358444, 50.59923935, -18.56274605, -35.28526306, -10.70914173, 0.93182391, 0.18093909, 0.28346303, 0.13643359, -0.67363071, 1.16578734, 1.66268611, 0.00000000, 0.00000000, 0.00000000, 0.00000000
2, 0.3000, 30, -1.80789173, 1.61959100, 0.52771103, -55.04909134, 109.85196686, -641.06787109, -28.70505714, 32.94358444, 50.59923935, -24.90222168, -39.39500809, -6.26975870, 0.91399205, 0.22068536, 0.31753337, 0.12283801, -0.84650141, 1.14519787, 1.59553027, 0.00000000, 0.00000000, 0.00000000, 0.00000000
5, 0.2500, 25, -2.12165213, 0.50941646, -0.02037800, 128.78228760, 209.41590881, -501.05587769, -59.51476288, 61.85326004, -96.63841248, 15.01479626, -34.82549667, -13.20084190, 0.94421875, -0.08973788, 0.30905110, 0.06989729, 0.03693405, -0.18572983, 1.28882599, 0.00000000, 0.00000000, 0.00000000, 0.00000000
5, 0.2600, 26, -2.11581516, 0.44314811, -0.05651710, 132.21182251, 234.25234985, -509.35824585, -61.70710373, 60.01169205, -98.39228058, 18.89513969, -39.66434097, -15.06478310, 0.92722404, -0.10920717, 0.35201749, 0.06643110, 0.02262883, -0.18484154, 1.31291509, 0.00000000, 0.00000000, 0.00000000, 0.00000000
2, 0.3100, 31, -1.47300804, 1.55542374, 0.55693531, -51.35439682, 120.18273163, -636.38946533, -29.37737465, 26.10347748, 50.27769470, -31.93586159, -43.11873627, -0.97393459, 0.89326119, 0.25884590, 0.35109940, 0.10868514, -1.06594157, 1.14050555, 1.38308668, 0.00000000, 0.00000000, 0.00000000, 0.00000000
5, 0.2700, 27, -1.94943333, 0.43900317, -0.13939816, 135.65420532, 256.24829102, -512.47058105, -62.64250183, 53.90236664, -100.61385345, 19.09051704, -39.24797821, -14.07833385, 0.92869973, -0.11443023, 0.34784102, 0.05855929, -0.10210279, -0.13059074, 1.21677685, 0.00000000, 0.00000000, 0.00000000, 0.00000000
2, 0.3200, 32, -1.32481992, 1.45969927, 0.59630382, -42.02765656, 122.69219208, -632.87756348, -28.61736298, 20.54954720, 49.07921600, -39.81402969, -46.25918198, 5.31696796, 0.86994153, 0.29565725, 0.38346621, 0.09350081, -1.16117501, 1.10143256, 1.32598555, 0.00000000, 0.00000000, 0.00000000, 0.00000000
5, 0.2800, 28, -1.75145721, 0.38857409, -0.10435893, 138.99655151, 272.13143921, -507.59530640, -63.92867661, 48.72844315, -103.09851074, 23.95532227, -43.88726425, -16.71285057, 0.90899545, -0.13732462, 0.38965258, 0.05513739, -0.16426165, -0.17874914, 1.03461373, 0.00000000, 0.00000000, 0.00000000, 0.00000000
2, 0.3300, 33, -1.22649693, 1.34972644, 0.63260347, -37.76118088, 150.83749390, -628.62451172, -27.24349594, 14.23560333, 48.02689362, -34.43250275, -41.81451416, 1.31615520, 0.89345819, 0.27255824, 0.34402025, 0.09536652, -1.18850517, 1.03031826, 1.26598549, 0.00000000, 0.00000000, 0.00000000, 0.00000000
5, 0.2900, 29, -1.59536624, 0.24985084, -0.07834106, 137.15718079, 280.11053467, -501.05480957, -63.84098053, 43.99298477, -104.88161469, 29.63251686, -48.24214554, -20.18430710, 0.88699824, -0.16055003, 0.42986292, 0.05172660, -0.17384404, -0.24081279, 0.90812147, 0.00000000, 0.00000000, 0.00000000, 0.00000000
2, 0.3400, 34, -0.78221124, 1.07298052, 0.39502352, -27.25831795, 179.20259094, -618.86071777, -25.72347260, 9.09090900, 46.68225479, -41.83744431, -45.12081528, 7.76358652, 0.86990196, 0.30470324, 0.37986887, 0.07827089, -1.10563302, 0.98125863, 0.65296757, 0.00000000, 0.00000000, 0.00000000, 0.00000000
5, 0.3000, 30, -1.38539052, 0.13141166, -0.03587997, 129.21896362, 281.50259399, -490.72036743, -63.84098053, 43.99298477, -104.88161469, 36.22656250, -52.18743896, -24.66515923, 0.86308062, -0.18347764, 0.46803212, 0.04872110, -0.21878931, -0.31606662, 0.74954820, 0.00000000, 0.00000000, 0.00000000, 0.00000000
2, 0.3500, 35, -0.56129122, 0.92941898, 0.33624345, -22.41644859, 193.05371094, -604.36572266, -25.72347260, 9.09090900, 46.68225479, -49.91609573, -47.82086563, 15.07743740, 0.84408492, 0.33419901, 0.41489089, 0.06080642, -1.14712167, 0.95993644, 0.48329061, 0.00000000, 0.00000000, 0.00000000, 0.00000000
5, 0.3100, 31, -1.43832982, 0.07965022, -0.01291791, 120.23101807, 291.48364258, -475.03271484, -63.54866791, 40.33908081, -106.98625946, 43.98232651, -55.54347992, -30.31416321, 0.83751398, -0.20683731, 0.50365001, 0.04610410, -0.18576171, -0.36968040, 0.85699069, 0.00000000, 0.00000000, 0.00000000, 0.00000000
2, 0.3600, 36, -0.26263702, 0.76115292, 0.28952223, -8.79337311, 210.50181580, -588.59460449, -23.20958710, 4.00467682, 45.01607513, -58.57620239, -49.78488541, 23.25496483, 0.81641185, 0.36065745, 0.44901487, 0.04223342, -1.21565282, 0.90610999, 0.24784905, 0.00000000, 0.00000000, 0.00000000, 0.00000000
5, 0.3200, 32, -1.40207410, 0.02981343, -0.03437433, 117.47718048, 319.31488037, -454.84533691, -62.23326492, 35.66208649, -109.38321686, 39.57509232, -54.92473602, -26.34224129, 0.84853202, -0.19360669, 0.49096668, 0.03823229, -0.18060514, -0.36340150, 0.85896641, 0.00000000, 0.00000000, 0.00000000, 0.00000000
2, 0.3700, 37, -0.11602679, 0.56854171, 0.25747657, 0.74418449, 217.48840332, -569.61694336, -20.19877243, -2.71850324, 43.84682846, -67.56133270, -50.88627625, 31.94286919, 0.78731406, 0.38445273, 0.48145393, 0.02312949, -1.18513048, 0.81916797, 0.13682397, 0.00000000, 0.00000000, 0.00000000, 0.00000000
5, 0.3300, 33, -1.03168511, -0.03627190, -0.04182480, 121.21061707, 348.73831177, -428.97146606, -60.07015610, 31.18971062, -111.83864594, 48.37551880, -57.52769089, -32.48704529, 0.82288021, -0.22204976, 0.52190012, 0.03438771, -0.30410135, -0.34608281, 0.49630791, 0.00000000, 0.00000000, 0.00000000, 0.00000000
2, 0.3800, 38, 0.05244472, 0.52939659, 0.35112983, 12.84265327, 231.87028503, -553.30633545, -16.34025192, -6.72318029, 42.29757309, -71.15665436, -43.81784439, 31.99953270, 0.78518951, 0.43523717, 0.44050598, 0.00069649, -1.29885268, 0.77439374, 0.09388690, 0.00000000, 0.00000000, 0.00000000, 0.00000000
5, 0.3400, 34, -0.72643912, -0.17216791, -0.11027789, 126.56380463, 370.92395020, -395.50912476, -57.26395798, 27.30195808, -113.94329071, 58.06506348, -59.29816437, -39.27403259, 0.79635382, -0.25188127, 0.54910940, 0.02924952, -0.35328215, -0.30916947, 0.25043517, 0.00000000, 0.00000000, 0.00000000, 0.00000000
2, 0.3900, 39, 0.28436032, 0.42724070, 0.36735028, 24.17024803, 232.39024353, -535.07092285, -12.10172462, -9.50014591, 41.24525070, -78.32971191, -43.74253082, 39.66405106, 0.75667000, 0.45334685, 0.47053972, -0.02279473, -1.31565261, 0.76776940, -0.10609487, 0.00000000, 0.00000000, 0.00000000, 0.00000000
2, 0.4000, 40, 0.21984559, 0.34256047, 0.53828180, 36.58343124, 244.04374695, -522.72821045, -12.10172462, -9.50014591, 41.24525070, -85.17147827, -42.98088837, 47.21214676, 0.72702438, 0.46894783, 0.49929729, -0.04717831, -1.33146620, 0.61280632, 0.07156032, 0.00000000, 0.00000000, 0.00000000, 0.00000000
5, 0.3500, 35, -0.51105297, -0.25928521, -0.06873304, 130.05519104, 381.02639771, -367.98965454, -54.07775497, 22.39111328, -116.25255585, 68.20249939, -60.28973007, -46.36437607, 0.76908123, -0.28199011, 0.57311767, 0.02306026, -0.39233065, -0.37833101, 0.10583118, 0.00000000, 0.00000000, 0.00000000, 0.00000000
5, 0.3600, 36, -0.37980032, -0.33382833, -0.06298798, 131.10438538, 386.07269287, -338.92959595, -54.07775497, 22.39111328, -116.25255585, 78.26520538, -60.54205322, -53.27274704, 0.74145484, -0.31191364, 0.59388530, 0.01596820, -0.39513245, -0.40656480, 0.03980678, 0.00000000, 0.00000000, 0.00000000, 0.00000000
2, 0.4100, 41, 0.41161123, 0.19023444, 0.57806087, 57.54728317, 268.14370728, -512.42834473, -8.00935364, -12.92019844, 40.16369629, -91.49269104, -41.55526733, 54.61013031, 0.69631034, 0.48149866, 0.52716744, -0.07352263, -1.36167085, 0.49316254, -0.04608317, 0.00000000, 0.00000000, 0.00000000, 0.00000000
5, 0.3700, 37, -0.22716618, -0.40787399, -0.02395391, 128.61970520, 383.38601685, -309.67590332, -51.76848984, 20.19877243, -118.09412384, 93.63586426, -66.81000519, -81.49342346, 0.69483078, -0.21525562, 0.68275237, 0.06873434, -0.41546345, -0.43626040, -0.03684787, 0.00000000, 0.00000000, 0.00000000, 0.00000000
5, 0.3800, 38, -0.11925582, -0.52146006, 0.05860711, 124.30431366, 387.44458008, -282.76190186, -47.96842957, 17.07103157, -119.49722290, 103.61291504, -65.59646606, -87.99620056, 0.66960996, -0.24258175, 0.69983929, 0.05478711, -0.39953750, -0.45030767, -0.07808493, 0.00000000, 0.00000000, 0.00000000, 0.00000000
5, 0.3900, 39, -0.01583302, -0.61369574, 0.07472416, 114.29794312, 394.57592773, -255.29910278, -44.46068192, 14.32329750, -120.49108124, 112.09706879, -63.94802856, -92.91158295, 0.64477140, -0.27039939, 0.71378571, 0.04079375, -0.35785511, -0.47163185, -0.14375043, 0.00000000, 0.00000000, 0.00000000, 0.00000000
2, 0.4200, 42, 0.80105770, 0.18505092, 0.64280540, 67.81860352, 252.45204163, -498.35748291, -3.12774038, -15.72639561, 39.66676331, -97.12548828, -39.49945831, 61.29367447, 0.66500378, 0.49303672, 0.55206186, -0.09956221, -1.59010458, 0.46393687, -0.26787186, 0.00000000, 0.00000000, 0.00000000, 0.00000000
5, 0.4000, 40, 0.35814977, -0.57679272, 0.08503454, 97.94583130, 398.59494019, -240.57121277, -40.33908081, 13.79713535, -121.74802399, 119.31294250, -61.94706345, -96.53237915, 0.61977249, -0.29854846, 0.72525185, 0.02758158, -0.55654335, -0.48645559, -0.38715464, 0.00000000, 0.00000000, 0.00000000, 0.00000000
5, 0.4100, 41, 0.87664533, -0.61807632, 0.13857602, 84.14130402, 397.35647583, -241.09097290, -40.33908081, 13.79713535, -121.74802399, 125.62815094, -59.66586304, -99.28391266, 0.59385359, -0.32649609, 0.73518670, 0.01545484, -0.75280219, -0.54090720, -0.79694903, 0.00000000, 0.00000000, 0.00000000, 0.00000000
5, 0.4200, 42, 1.25526261, -0.77599669, 0.09264988, 69.41277313, 396.13562012, -254.37507629, -36.71440887, 11.60479355, -121.95264435, 145.28913879, -51.53165436, -91.13037872, 0.48433584, -0.50919837, 0.70455956, -0.09865014, -0.76236492, -0.47817928, -1.10201693, 0.00000000, 0.00000000, 0.00000000, 0.00000000
2, 0.4300, 43, 0.87978643, 0.18977702, 0.68921292, 73.86602020, 239.92915344, -489.49935913, 1.63694823, -17.50950050, 39.25752640, -106.59971619, -23.99889183, 58.34325790, 0.59167397, 0.62422109, 0.49075603, -0.13938668, -1.58408165, 0.47627440, -0.21582077, 0.00000000, 0.00000000, 0.00000000, 0.00000000
5, 0.4300, 43, 1.39131308, -1.02516127, 0.17152210, 52.57717896, 393.58145142, -270.20544434, -33.00204468, 10.37708282, -122.65419006, 149.25840759, -48.51275253, -91.44198608, 0.45232391, -0.53578728, 0.70541841, -0.10353715, -0.53691423, -0.50246739, -1.16699553, 0.00000000, 0.00000000, 0.00000000, 0.00000000
2, 0.4400, 44, 0.93191683, 0.14599988, 0.80905491, 71.57061768, 250.99543762, -484.32815552, 1.63694823, -17.50950050, 39.25752640, -109.57974243, -20.84375381, 63.04868698, 0.56065464, 0.63043809, 0.50905871, -0.17050970, -1.47127295, 0.44296399, -0.09684532, 0.00000000, 0.00000000, 0.00000000, 0.00000000
5, 0.4400, 44, 1.49226201, -1.33334553, 0.37046921, 23.78624344, 397.64413452, -277.87423706, -28.61736298, 7.89242887, -123.79421234, 152.67875671, -45.29021072, -91.15641022, 0.41976678, -0.56275839, 0.70414591, -0.10619584, -0.27712661, -0.68142724, -1.34912241, 0.00000000, 0.00000000, 0.00000000, 0.00000000
5, 0.4500, 45, 1.90120804, -1.86805856, 0.58104533, -14.31596470, 437.96432495, -239.09754944, -24.40806770, 6.78164291, -123.99883270, 155.50735474, -42.20972824, -89.75772858, 0.38851464, -0.59213394, 0.69742167, -0.10971260, 0.03433049, -0.86921912, -1.91524899, 0.00000000, 0.00000000, 0.00000000, 0.00000000
2, 0.4500, 45, 1.05561566, 0.20210066, 0.98251468, 59.52167130, 284.63452148, -492.73291016, 6.28471184, -18.97106171, 39.75445557, -112.27662659, -17.54662514, 67.85792542, 0.52760261, 0.63349801, 0.52858353, -0.20227557, -1.62524724, 0.37082681, -0.05841709, 0.00000000, 0.00000000, 0.00000000, 0.00000000
2, 0.4600, 46, 1.88553071, 0.56043261, 1.16461611, 61.94356155, 325.58560181, -519.62884521, 10.87401295, -19.84799767, 39.81291962, -114.67813873, -13.87707233, 72.88848114, 0.49136314, 0.63354933, 0.54889160, -0.23642251, -2.33860898, 0.51410735, -0.49628630, 0.00000000, 0.00000000, 0.00000000, 0.00000000
5, 0.4600, 46, 2.05947638, -2.30994463, 0.47470048, -54.65316772, 524.74603271, -161.46888733, -24.40806770, 6.78164291, -123.99883270, 157.97924805, -39.59870529, -86.88929749, 0.35910636, -0.62605858, 0.68206215, -0.11783301, 0.37940091, -0.73987371, -2.22343636, 0.00000000, 0.00000000, 0.00000000, 0.00000000
2, 0.4700, 47, 3.25413465, 0.50263518, 1.33962190, 71.11955261, 360.12789917, -545.71179199, 16.57410049, -20.60800934, 40.07600021, -116.69564056, -9.78686714, 78.05998230, 0.45188463, 0.63066542, 0.56887376, -0.27284437, -3.10441542, 0.35244018, -1.54621494, 0.00000000, 0.00000000, 0.00000000, 0.00000000
2, 0.4800, 48, 4.07314253, 0.26314905, 1.83039284, 83.49507141, 373.30413818, -541.65264893, 22.06957054, -21.74802589, 41.62525558, -122.74053955, 4.09980345, 80.33554077, 0.34565926, 0.68135464, 0.55270368, -0.33285773, -3.61066818, -0.16681445, -2.06815720, 0.00000000, 0.00000000, 0.00000000, 0.00000000
5, 0.4700, 47, 2.02326798, -2.30106878, 0.66543496, -83.40242004, 566.09570312, -92.36143494, -19.78953552, 8.62320995, -124.32037354, 167.50990295, -33.90325928, -97.27998352, 0.28629971, -0.60452127, 0.73465836, -0.11341804, 0.43455541, -0.88891345, -2.13797522, 0.00000000, 0.00000000, 0.00000000, 0.00000000
2, 0.4900, 49, 4.24332190, -0.43206891, 2.69844437, 25.90943527, 362.61224365, -476.84051514, 22.06957054, -21.74802589, 41.62525558, -123.02102661, 7.98565149, 84.86446381, 0.30991378, 0.66953403, 0.56705838, -0.36622748, -3.65341997, -1.30050492, -2.05133533, 0.00000000, 0.00000000, 0.00000000, 0.00000000
2, 0.5000, 50, 3.81011796, -0.69456202, 3.53716612, -97.61161804, 321.16064453, -377.42419434, 26.98041534, -19.81876564, 42.76527405, -123.37784576, 10.28675365, 89.29038239, 0.28060150, 0.65372467, 0.58591914, -0.38807946, -3.73395205, -2.06731796, -1.44432747, 0.00000000, 0.00000000, 0.00000000, 0.00000000
2, 0.5100, 51, 3.09831166, -0.66107517, 4.05182171, -197.08563232, 268.67132568, -291.64508057, 30.89739799, -19.08798599, 42.70681000, -123.97771454, 11.27265549, 93.45470428, 0.25723806, 0.63583052, 0.60808200, -0.39973056, -3.65159941, -2.39753580, -0.62265515, 0.00000000, 0.00000000, 0.00000000, 0.00000000
2, 0.5200, 52, 2.95920467, -1.26497126, 3.78953648, -228.55885315, 216.79414368, -186.24781799, 33.14820099, -17.50950050, 41.56679153, -124.48162079, 11.26899338, 96.98220825, 0.24212040, 0.61787480, 0.62916136, -0.40467829, -3.06822896, -2.67438722, -0.83180255, 0.00000000, 0.00000000, 0.00000000, 0.00000000
5, 0.4800, 48, 1.93263733, -2.40364623, 1.14153206, -99.04690552, 548.24285889, -58.49958420, -15.34638977, 7.04472351, -123.61882019, 169.63284302, -32.70465088, -93.26933289, 0.26336947, -0.63768530, 0.71219552, -0.12950543, 0.63393664, -1.27109969, -2.04036665, 0.00000000, 0.00000000, 0.00000000, 0.00000000
2, 0.5300, 53, 2.00573611, -1.82565737, 3.55077481, -288.98794556, 180.46598816, -77.64624786, 34.34668350, -16.48640823, 40.30984879, -120.44622040, 13.09921360, 105.14277649, 0.22124532, 0.56906664, 0.65033430, -0.45197231, -2.07933021, -2.92351246, -0.35297468, 0.00000000, 0.00000000, 0.00000000, 0.00000000
5, 0.4900, 49, 1.52136254, -3.41810513, 1.51090670, -128.09872437, 477.42135620, -37.26174545, -12.07249355, 10.40631390, -124.08652496, 171.09013367, -31.82771873, -89.32667542, 0.24528719, -0.66695327, 0.68910515, -0.14192106, 1.73944056, -1.60372448, -2.16035628, 0.00000000, 0.00000000, 0.00000000, 0.00000000
5, 0.5000, 50, 0.43027294, -4.12992668, 1.09207284, -157.17720032, 408.25924683, -31.58223152, -9.23706532, 11.69248772, -123.61882019, 171.89797974, -31.07616615, -85.48239136, 0.23133917, -0.69297409, 0.66614825, -0.15005222, 2.89705396, -1.16104305, -1.53823185, 0.00000000, 0.00000000, 0.00000000, 0.00000000
2, 0.5400, 54, 1.60059106, -1.97310293, 3.00532126, -355.75170898, 176.98016357, 31.48050690, 34.34668350, -16.48640823, 40.30984879, -120.62777710, 10.42684174, 108.05782318, 0.22580723, 0.54459387, 0.67375088, -0.44552052, -1.43342519, -2.63763285, -0.33862966, 0.00000000, 0.00000000, 0.00000000, 0.00000000
5, 0.5100, 51, 0.00944949, -3.79511094, 0.65476030, -177.03758240, 317.99929810, -32.51686859, -9.23706532, 11.69248772, -123.61882019, 172.03221130, -30.36557007, -81.96855164, 0.22196841, -0.71484631, 0.64516574, -0.15325142, 2.81403327, -0.72388500, -0.99767524, 0.00000000, 0.00000000, 0.00000000, 0.00000000
2, 0.5500, 55, 1.23252368, -1.82176709, 2.69309449, -422.24618530, 149.77293396, 150.79391479, 35.60362244, -17.04179955, 38.29289627, -120.82125092, 6.44168949, 110.56503296, 0.24061978, 0.51727766, 0.69784451, -0.43305790, -1.18244946, -2.30843091, -0.09557797, 0.00000000, 0.00000000, 0.00000000, 0.00000000
2, 0.5600, 56, 0.65114439, -1.73228490, 2.05631351, -477.52651978, 166.45738220, 217.98358154, 34.08359909, -15.28792763, 35.16515732, -121.00233459, 1.61219382, 113.19242096, 0.26083854, 0.48490351, 0.72270530, -0.41776678, -0.59701717, -1.80899537, 0.16819994, 0.00000000, 0.00000000, 0.00000000, 0.00000000
5, 0.5200, 52, -0.57957190, -3.31838632, 0.28101221, -170.66448975, 251.32991028, -12.66504669, -6.57702398, 11.57556248, -123.41420746, 169.11610413, -39.90648270, -48.47120667, 0.22073743, -0.83997911, 0.41362068, -0.27318126, 2.65043640, -0.36370820, -0.27059132, 0.00000000, 0.00000000, 0.00000000, 0.00000000
2, 0.5700, 57, 0.44389027, -1.80004740, 1.49869621, -555.20648193, 234.09877014, 278.56973267, 33.08974075, -14.46945286, 32.47588348, -121.11832428, -4.14469194, 116.49855042, 0.28526229, 0.44285619, 0.74940372, -0.40112096, -0.19477737, -1.48445511, 0.09002958, 0.00000000, 0.00000000, 0.00000000, 0.00000000
5, 0.5300, 53, -0.82799703, -3.15299201, -0.16490112, -168.42317200, 156.37756348, 3.46311164, -5.58316278, 14.00175381, -123.20958710, 167.84414673, -39.51798630, -45.61521149, 0.22216618, -0.84878612, 0.39576021, -0.27125275, 2.51949668, 0.05161335, -0.04680849, 0.00000000, 0.00000000, 0.00000000, 0.00000000
5, 0.5400, 54, -0.90022272, -2.77186823, -0.46212232, -190.44387817, 58.60060883, 51.15192413, -4.61853266, 15.11254025, -124.17421722, 165.76716614, -39.58154678, -43.00292587, 0.23160103, -0.85333556, 0.38124651, -0.26987123, 2.21939850, 0.32024515, 0.19912535, 0.00000000, 0.00000000, 0.00000000, 0.00000000
2, 0.5800, 58, 0.36823976, -1.07371140, 1.04962504, -642.31268311, 253.46316528, 352.95028687, 31.39432907, -12.89096737, 28.44197655, -115.85754395, -6.68139839, 120.51568604, 0.30584222, 0.39280784, 0.74985886, -0.43574578, -0.37546679, -0.64153403, 0.21776462, 0.00000000, 0.00000000, 0.00000000, 0.00000000
5, 0.5500, 55, -1.56813157, -2.14387846, -0.91802400, -208.39099121, 8.15813065, 133.30430603, -4.88161373, 15.75562668, -124.70037842, 163.01704407, -40.36808395, -40.20301437, 0.24743605, -0.85424262, 0.36688778, -0.27283406, 1.98128200, 0.73657668, 1.07645118, 0.00000000, 0.00000000, 0.00000000, 0.00000000
5, 0.5600, 56, -2.45936036, -1.45383382, -1.22398269, -245.46458435, 12.89574623, 235.34771729, -4.88161373, 15.75562668, -124.70037842, 159.43569946, -41.88990402, -36.43590164, 0.26830804, -0.85291606, 0.34789491, -0.28198281, 1.78879213, 0.99675286, 2.16557407, 0.00000000, 0.00000000, 0.00000000, 0.00000000
5, 0.5700, 57, -3.11615014, -0.40513992, -1.72316349, -315.47372437, 49.37041092, 308.49212646, -6.63548660, 17.24641991, -126.39579010, 149.77157593, -52.23628616, -64.64366913, 0.42507842, -0.67114753, 0.56047153, -0.23396806, 1.13658750, 1.43797374, 3.18138552, 0.00000000, 0.00000000, 0.00000000, 0.00000000
5, 0.5800, 58, -3.48908734, 1.57319450, -2.33820915, -403.04306030, 31.86253357, 374.24633789, -6.81087399, 17.21718788, -127.15579987, 141.29519653, -53.26134109, -56.15699387, 0.46041518, -0.67422783, 0.52802908, -0.23370954, -0.51174426, 1.96890426, 4.32126617, 0.00000000, 0.00000000, 0.00000000, 0.00000000
5, 0.5900, 59, -3.45979095, 5.48672485, -2.44280291, -526.52551270, -35.32747269, 504.22528076, -8.76936531, 19.87722778, -129.26045227, 129.33813477, -53.75668716, -44.92626953, 0.50880235, -0.67112988, 0.48679465, -0.23180978, -3.95875978, 1.94507110, 6.11129570, 0.00000000, 0.00000000, 0.00000000, 0.00000000
2, 0.5900, 59, 0.04139354, 0.03249803, 0.63730317, -758.00646973, 205.11460876, 478.71447754, 31.39432907, -12.89096737, 28.44197655, -116.41702271, -15.54467392, 123.01363373, 0.35004216, 0.33914024, 0.77414298, -0.40392703, -0.64221370, 0.47241247, 0.66952080, 0.00000000, 0.00000000, 0.00000000, 0.00000000
5, 0.6000, 60, -3.35372400, 7.97102642, -1.18261719, -549.86688232, -288.38540649, 565.98364258, -11.80941200, 23.03420067, -131.16047668, 115.09056854, -53.92634964, -33.75854111, 0.56878477, -0.64904130, 0.45121059, -0.22724065, -6.16925907, 0.56717825, 7.10047626, 0.00000000, 0.00000000, 0.00000000, 0.00000000
5, 0.6100, 61, 3.99735093, 7.93973112, 3.23707795, -29.35827255, -363.11285400, 675.52709961, -11.80941200, 23.03420067, -131.16047668, 103.09674072, -57.57592773, -23.34230804, 0.61002171, -0.61157370, 0.43211782, -0.25908580, -9.67430496, -3.87334299, 0.49186742, 0.00000000, 0.00000000, 0.00000000, 0.00000000
5, 0.6200, 62, 5.79721642, 3.29125690, 4.40072918, 230.28353882, -479.19131470, 208.83448792, -15.98947620, 23.29728127, -131.39433289, 124.56202698, -69.98403931, -51.06981277, 0.56266242, -0.53939927, 0.55329597, -0.29380786, -6.51915646, -4.88458109, -3.39323354, 0.00000000, 0.00000000, 0.00000000, 0.00000000
5, 0.6300, 63, -3.98606801, -0.42766151, 4.60135794, 89.41064453, -552.76953125, -364.68490601, -21.39725113, 21.66033363, -131.07278442, 134.38102722, -70.31307220, -66.09245300, 0.55512214, -0.51000196, 0.59808832, -0.27208048, 1.41377246, -4.84729385, 3.46339941, 0.00000000, 0.00000000, 0.00000000, 0.00000000
2, 0.6000, 60, 0.93538117, 0.21638010, 1.23880816, -1005.28509521, 171.88601685, 699.33532715, 29.26045036, -11.69248772, 23.96959877, -117.62614441, -27.68320274, 125.52546692, 0.41208822, 0.27001563, 0.79523683, -0.35337418, -1.78864527, 0.14662988, 0.22743230, 0.00000000, 0.00000000, 0.00000000, 0.00000000
5, 0.6400, 64, -0.41054994, 3.75846720, 3.00236869, 3.68252516, 141.62722778, -596.43865967, -22.42034531, 19.49722290, -131.10202026, 144.02239990, -65.36038971, -75.04070282, 0.51894718, -0.53338814, 0.61982930, -0.24900310, -3.97770238, -3.29379559, 2.45675945, 0.00000000, 0.00000000, 0.00000000, 0.00000000
5, 0.6500, 65, 6.83801842, 2.32018661, 2.50477576, -7.64407539, 124.43391418, -580.65039062, -18.59105492, 20.98801422, -130.80970764, 150.07853699, -60.10561752, -80.59515381, 0.48334140, -0.55416888, 0.63943899, -0.22449012, -6.19354343, -2.78312683, -4.47527790, 0.00000000, 0.00000000, 0.00000000, 0.00000000
2, 0.6100, 61, 5.15899706, 5.47287416, 5.85446787, -1650.06689453, 148.42062378, 1112.02990723, 25.25577354, -6.57702398, 17.65565681, -121.96522522, -47.22116852, 130.30068970, 0.50459766, 0.16043104, 0.80872715, -0.25613177, -10.16006851, 0.78148937, 0.51817125, 0.00000000, 0.00000000, 0.00000000, 0.00000000
2, 0.6200, 62, 8.04992008, 7.85813999, 8.02786446, -2103.75317383, -32.31037140, 1435.31140137, 20.19877243, 5.34931278, 10.20169544, -137.04124451, -71.65940857, 144.13163757, 0.60967004, 0.02838375, 0.78379679, -0.11471483, -14.68304157, 0.77978808, -0.20971040, 0.00000000, 0.00000000, 0.00000000, 0.00000000
5, 0.6600, 66, 7.14276075, -1.87756479, 1.16848350, -10.63989258, -203.33283997, -379.56625366, -18.41566849, 20.43262100, -131.24816895, 152.50463867, -57.15722656, -85.54289246, 0.46873349, -0.54896480, 0.66270405, -0.19937415, -2.65154219, -1.39327323, -6.70113277, 0.00000000, 0.00000000, 0.00000000, 0.00000000
5, 0.6700, 67, 0.50790125, 0.65047801, -1.04326832, 29.71058464, -816.45031738, -392.81854248, -18.41566849, 20.43262100, -131.24816895, 129.85992432, -52.27765656, 2.75019479, 0.37070581, -0.81740004, 0.16710396, -0.40805721, -1.64831972, 0.72935128, 0.34751725, 0.00000000, 0.00000000, 0.00000000, 0.00000000
5, 0.6800, 68, 0.28934613, 1.54672682, 0.52507865, 36.21167755, -919.56372070, -337.45281982, -24.05729294, 20.49108505, -131.59895325, 129.61184692, -53.68518448, -6.74966526, 0.40321249, -0.79465610, 0.23940951, -0.38551843, -2.28747821, -1.00636649, 0.87596053, 0.00000000, 0.00000000, 0.00000000, 0.00000000
5, 0.6900, 69, 0.24789234, 0.51000208, 2.22574663, -22.38425064, -676.53833008, -190.56536865, -30.16661835, 19.96492195, -129.90353394, 128.44325256, -54.80474091, -12.70971012, 0.42959487, -0.77237916, 0.28741032, -0.36915311, -1.35369468, -2.68479180, 0.38136989, 0.00000000, 0.00000000, 0.00000000, 0.00000000
5, 0.7000, 70, -1.07719576, -0.60561609, 2.10050297, -81.76242828, -419.89550781, -133.74296570, -34.22975540, 19.17568016, -128.93890381, 127.11048126, -54.98591614, -16.03154373, 0.44882047, -0.75782061, 0.31433007, -0.35420999, 0.25638565, -2.54665327, 0.98508608, 0.00000000, 0.00000000, 0.00000000, 0.00000000
5, 0.7100, 71, -2.38471031, -0.14461157, 1.30942130, -127.20966339, -59.24558640, -187.97758484, -35.01900101, 21.25109673, -129.08506775, 127.39350891, -53.17902374, -17.74746323, 0.45340925, -0.76145756, 0.31962565, -0.33532369, 0.48710194, -1.77548039, 2.36271763, 0.00000000, 0.00000000, 0.00000000, 0.00000000
5, 0.7200, 72, -0.84131813, 1.36343038, 0.61872649, -168.89428711, 346.19061279, -255.12583923, -35.01900101, 21.25109673, -129.08506775, 131.20169067, -39.53789139, -168.51568604, 0.34536985, 0.05327126, 0.86669630, 0.35597667, -1.52308464, -1.14933467, 1.80962777, 0.00000000, 0.00000000, 0.00000000, 0.00000000
5, 0.7300, 73, 1.51087320, 2.15330529, -0.09942675, -143.69471741, 553.91485596, -292.85595703, -31.68664169, 21.54340744, -130.48815918, 134.92561340, -34.69558716, -167.75274658, 0.31285533, 0.01958576, 0.88877773, 0.33438316, -3.21161771, -0.51243299, 0.27348584, 0.00000000, 0.00000000, 0.00000000, 0.00000000
5, 0.7400, 74, 2.85157275, 2.06992364, -0.74290866, -77.62799835, 490.73773193, -319.05587769, -25.89885902, 22.59573174, -131.86203003, 138.80508423, -30.30756187, -167.62181091, 0.27988267, -0.00598127, 0.90817404, 0.31120726, -3.72848606, 0.14102434, -0.86313790, 0.00000000, 0.00000000, 0.00000000, 0.00000000
2, 0.6300, 63, 4.36367416, 7.95841599, 2.37147093, -1897.43176270, -329.74642944, 1361.49011230, 15.78485775, 22.33265114, 8.97398376, 83.36307526, -62.38233185, -29.63958168, 0.70572734, -0.45100510, 0.51942784, -0.16952325, -9.29569244, 4.20016766, 0.38458109, 0.00000000, 0.00000000, 0.00000000, 0.00000000
2, 0.6400, 64, -7.85261917, 6.69520330, 1.81994832, -1446.44848633, -622.58453369, 1063.80261230, 15.78485775, 22.33265114, 8.97398376, 67.63216400, -45.65866852, -16.46877289, 0.78877634, -0.46147668, 0.39249140, -0.10402775, -1.30953288, 3.14523125, 9.57990265, 0.00000000, 0.00000000, 0.00000000, 0.00000000
2, 0.6500, 65, -8.02518559, -2.44774437, -1.72415185, -974.75451660, 49.59891510, 646.88037109, 12.18941784, 36.10055542, 12.83250523, 66.79657745, -34.03503036, -17.16767311, 0.81341296, -0.48398969, 0.32015947, -0.04014108, 6.26164198, -1.37700677, 4.75622654, 0.00000000, 0.00000000, 0.00000000, 0.00000000
2, 0.6600, 66, -7.10744953, 1.04917693, -1.46237469, -132.15087891, 406.12866211, -577.93377686, 14.55714703, 43.55451584, 14.82022762, 69.21761322, -36.38141632, -25.06227303, 0.80175972, -0.47098234, 0.36789304, -0.00343326, 3.68024254, 0.99379766, 5.40745449, 0.00000000, 0.00000000, 0.00000000, 0.00000000
5, 0.7500, 75, 3.12405777, 1.28872430, -0.98573881, -27.72836494, 284.60552979, -314.42166138, -21.42648315, 21.63110161, -131.77433777, 141.58610535, -26.86609650, -168.44473267, 0.25047529, -0.01642689, 0.92152900, 0.29627147, -3.12218022, 0.40935308, -1.42083526, 0.00000000, 0.00000000, 0.00000000, 0.00000000
2, 0.6700, 67, 4.19055939, 2.35855150, 0.25255996, 434.80102539, 290.99557495, -1504.84289551, 11.89710617, 42.67757797, 13.41712952, 71.81674194, -48.65791321, -36.81168365, 0.77656382, -0.40171069, 0.48534849, 0.00377021, -4.48228693, 0.89221263, -2.74645472, 0.00000000, 0.00000000, 0.00000000, 0.00000000
5, 0.7600, 76, 3.10028100, 0.59235179, -1.04519224, 4.86590147, 59.46694565, -277.08865356, -19.05875397, 23.26804924, -131.56971741, 142.86967468, -24.51698875, -170.08663940, 0.22740301, -0.01269212, 0.92872471, 0.29256997, -2.45902753, 0.48699430, -1.70189106, 0.00000000, 0.00000000, 0.00000000, 0.00000000
5, 0.7700, 77, 2.75478148, 0.22384080, -1.09308302, 31.72558594, -129.08955383, -217.32373047, -19.05875397, 23.26804924, -131.56971741, 147.24169922, -13.86602879, -154.08020020, 0.17564000, -0.18042269, 0.93577486, 0.24682745, -1.90492034, 0.54540300, -1.54294562, 0.00000000, 0.00000000, 0.00000000, 0.00000000
5, 0.7800, 78, 2.12168550, -0.04861132, -1.00988805, 56.83854675, -296.52352905, -163.16723633, -19.08798599, 22.74188805, -131.30664062, 145.55291748, -13.53557777, -156.67633057, 0.16967301, -0.15755178, 0.93597507, 0.26521552, -1.23136485, 0.47077277, -1.06500363, 0.00000000, 0.00000000, 0.00000000, 0.00000000
2, 0.6800, 68, 7.97605944, 1.60056651, 0.59169203, 558.07861328, -274.74172974, -1455.21447754, 11.89710617, 42.67757797, 11.34171295, 92.15488434, -63.59471893, -144.82383728, 0.53993785, 0.16344528, 0.69400758, 0.44733253, -6.51753569, 0.27708313, -5.93437576, 0.00000000, 0.00000000, 0.00000000, 0.00000000
2, 0.6900, 69, 7.16243649, 0.19425428, 3.82725811, -119.19718170, -757.45343018, -852.32202148, 4.96930695, 36.86056519, 11.34171295, 81.93962097, -68.83560944, -144.80575562, 0.54156184, 0.24328402, 0.64459330, 0.48168787, -7.35459328, -2.81038189, -4.34648085, 0.00000000, 0.00000000, 0.00000000, 0.00000000
2, 0.7000, 70, 1.03239870, 0.21192540, 3.43701625, -705.83544922, -552.59045410, -406.99545288, -4.03390837, 34.46360779, 14.93715286, 70.64573669, -66.44698334, -142.89070129, 0.51751381, 0.26989397, 0.60078466, 0.54625505, -3.73456264, -2.51782799, 0.52153552, 0.00000000, 0.00000000, 0.00000000, 0.00000000
2, 0.7100, 71, 0.01107214, 0.86222947, -0.68269670, -687.57928467, -92.10063171, -197.54103088, -8.82782841, 38.81905746, 18.29874229, 69.65202332, -62.38981628, -147.94271851, 0.47818485, 0.27376392, 0.58692157, 0.59322476, -0.96547443, 0.68465090, -0.12340646, 0.00000000, 0.00000000, 0.00000000, 0.00000000
2, 0.7200, 72, -0.02241090, 0.79773325, -1.64556587, -324.63232422, 244.17028809, -43.28657532, -8.12627888, 41.59602356, 19.46799088, 74.50624847, -59.78178406, -154.28887939, 0.44764835, 0.26996005, 0.59991503, 0.60566866, -0.29114562, 1.22961760, -0.50638038, 0.00000000, 0.00000000, 0.00000000, 0.00000000
2, 0.7300, 73, -0.48358315, 0.61118746, -0.50736761, 11.29371262, 414.06576538, 64.52124023, -8.12627888, 41.59602356, 19.46799088, 68.20316315, -48.87578964, -119.63547516, 0.57950956, 0.03950466, 0.61345983, 0.53504688, -0.59378135, 0.26400140, 0.28194663, 0.00000000, 0.00000000, 0.00000000, 0.00000000
2, 0.7400, 74, -0.41118824, 0.81998426, 0.09878778, 210.78521729, 536.69683838, 53.81872177, -5.37854433, 42.12218475, 17.91873741, 76.86244965, -49.51969147, -125.12858582, 0.55879927, 0.03111661, 0.65211576, 0.51139057, -1.04999161, -0.08497000, 0.50197595, 0.00000000, 0.00000000, 0.00000000, 0.00000000
2, 0.7500, 75, 0.54203010, 1.72110701, 0.01641829, 304.75109863, 591.55017090, -57.79238129, 0.00000000, 40.71908569, 14.93715286, 87.07137299, -50.74923325, -132.38101196, 0.53448004, 0.03298207, 0.69480121, 0.48009863, -2.04293609, 0.62898213, 0.11895024, 0.00000000, 0.00000000, 0.00000000, 0.00000000
5, 0.7900, 79, 1.50088537, -0.23890853, -0.80507237, 74.74896240, -413.30331421, -106.09927368, -21.92341423, 21.19263268, -131.42355347, 142.99905396, -14.17439747, -159.55909729, 0.17101970, -0.12845233, 0.93308920, 0.28913125, -0.76698315, 0.23748210, -0.63846612, 0.00000000, 0.00000000, 0.00000000, 0.00000000
2, 0.7600, 76, 1.69918442, 1.87651169, -0.25023201, 359.21148682, 531.84478760, -204.16404724, 3.91698337, 38.00058365, 12.65711784, 97.57098389, -52.37242889, -141.05947876, 0.51005226, 0.04912690, 0.73335272, 0.44679651, -2.62137270, 0.93946087, -0.78064132, 0.00000000, 0.00000000, 0.00000000, 0.00000000
2, 0.7700, 77, 2.95073009, 1.53635406, -0.61597139, 368.71725464, 339.92575073, -336.26376343, 6.69394922, 32.62203979, 10.99093819, 106.64814758, -54.47775269, -150.03756714, 0.49188995, 0.07975281, 0.75951862, 0.41810930, -2.91837716, 0.97543418, -2.00230598, 0.00000000, 0.00000000, 0.00000000, 0.00000000
2, 0.7800, 78, 3.48856759, 0.97815567, -0.93062282, 324.65719604, 108.32479858, -396.15881348, 6.69394922, 32.62203979, 10.99093819, 126.92028809, -45.77624893, -148.50637817, 0.44660413, -0.05641257, 0.84041744, 0.30176309, -2.70221210, 0.81379890, -2.67241025, 0.00000000, 0.00000000, 0.00000000, 0.00000000
2, 0.7900, 79, 3.51753283, 0.26900932, -0.97265381, 234.50880432, -111.46706390, -413.20962524, 7.01549244, 30.45892906, 10.11400127, 129.34265137, -47.75284195, -154.41384888, 0.44339609, -0.01415210, 0.84434223, 0.30047619, -2.22742343, 0.32012582, -2.80253530, 0.00000000, 0.00000000, 0.00000000, 0.00000000
2, 0.8000, 80, 3.12798762, -0.15092352, -0.78161401, 111.56613159, -287.29980469, -401.02288818, 6.34317446, 27.88658333, 9.47091484, 129.02612305, -50.20263672, -158.59504700, 0.44864002, 0.02756382, 0.83711386, 0.31177396, -1.92124999, -0.09063920, -2.56808853, 0.00000000, 0.00000000, 0.00000000, 0.00000000
5, 0.8000, 80, 0.98028749, -0.39336407, -0.50979066, 73.56295776, -441.52676392, -72.52844238, -24.81730461, 22.01110840, -130.72201538, 140.19944763, -15.28361034, -162.31153870, 0.17542118, -0.09855831, 0.92781407, 0.31412557, -0.39269680, -0.08988534, -0.29104018, 0.00000000, 0.00000000, 0.00000000, 0.00000000
2, 0.8100, 81, 2.31870294, -0.33619216, -0.57529110, -16.03132629, -396.58825684, -355.79077148, 3.01081562, 25.46039200, 10.55247021, 126.12390137, -52.74242783, -160.64816284, 0.45857516, 0.06411947, 0.82118219, 0.33355287, -1.52527285, -0.35319233, -1.91677868, 0.00000000, 0.00000000, 0.00000000, 0.00000000
2, 0.8200, 82, 1.45527923, -0.21361718, -0.50257003, -102.62863159, -416.03594971, -296.08230591, -2.10464764, 24.78807259, 11.22478771, 121.61675262, -54.92571640, -160.91937256, 0.46876103, 0.09343188, 0.80118227, 0.36005637, -1.18583858, -0.30907744, -1.17532110, 0.00000000, 0.00000000, 0.00000000, 0.00000000
2, 0.8300, 83, 0.63026994, -0.01465616, -0.50204343, -122.74888611, -364.19512939, -236.30281067, -2.10464764, 24.78807259, 11.22478771, 124.97183990, -48.00664139, -165.35751343, 0.41161785, 0.08314513, 0.82754225, 0.37260106, -0.83704692, -0.17799813, -0.43445668, 0.00000000, 0.00000000, 0.00000000, 0.00000000
2, 0.8400, 84, 0.05250532, 0.14632544, -0.43839318, -95.46425629, -274.81002808, -180.05242920, -5.29085064, 23.70651817, 12.80327415, 121.61296844, -49.26414871, -165.11630249, 0.41820934, 0.09880195, 0.81318533, 0.39251602, -0.59326828, -0.15024030, 0.18796480, 0.00000000, 0.00000000, 0.00000000, 0.00000000
2, 0.8500, 85, -0.08623230, 0.01983230, -0.53116322, -37.88859177, -144.52320862, -134.08073425, -7.74627304, 25.75270271, 14.00175381, 120.06214142, -50.01322937, -165.50312805, 0.42039540, 0.11041884, 0.80545771, 0.40288150, -0.39915156, -0.18453205, 0.19011556, 0.00000000, 0.00000000, 0.00000000, 0.00000000
2, 0.8600, 86, 0.05436822, -0.11910958, -0.65614706, -2.70735335, -76.64704132, -107.46132660, -8.44782257, 26.10347748, 15.11254025, 119.53747559, -50.54635239, -166.25988770, 0.42068499, 0.11995665, 0.80140340, 0.40790594, -0.32878584, -0.20130619, -0.04242998, 0.00000000, 0.00000000, 0.00000000, 0.00000000
2, 0.8700, 87, 0.27698272, -0.26011279, -0.74496698, 14.40920258, -45.46300507, -85.71109009, -9.38322163, 25.05115509, 14.82022762, 119.47547150, -50.98534393, -167.08811951, 0.42053518, 0.12786445, 0.79907972, 0.41021046, -0.32333034, -0.24147403, -0.32153419, 0.00000000, 0.00000000, 0.00000000, 0.00000000
5, 0.8100, 81, 0.47774661, -0.37279427, -0.19834585, 55.56324005, -429.70162964, -60.01208115, -28.67582512, 20.84185982, -130.07891846, 137.38758850, -16.47651863, -164.76640320, 0.17998277, -0.07060844, 0.92080343, 0.33873564, -0.18368828, -0.43427005, 0.12182692, 0.00000000, 0.00000000, 0.00000000, 0.00000000
5, 0.8200, 82, -0.01002968, -0.16259295, -0.13820703, 33.05146790, -391.74768066, -60.27553558, -28.67582512, 20.84185982, -130.07891846, 125.52980804, -23.18176651, -146.58558655, 0.29998651, -0.16232856, 0.86066985, 0.37802777, -0.17246763, -0.54448462, 0.58065850, 0.00000000, 0.00000000, 0.00000000, 0.00000000
2, 0.8800, 88, 0.38512188, -0.52249318, -0.83489162, 0.98762631, -52.64422226, -57.68696213, -9.38322163, 25.05115509, 14.82022762, 131.78158569, -51.04552078, -171.38090515, 0.41987196, 0.11360584, 0.83459198, 0.33802009, -0.18427891, -0.35235497, -0.52183908, 0.00000000, 0.00000000, 0.00000000, 0.00000000
2, 0.8900, 89, 0.35563791, -0.67796683, -0.93258154, -37.58135605, -79.06395721, -26.82204819, -9.67553329, 24.29114342, 15.40485191, 130.66084290, -51.38000488, -170.99049377, 0.42226082, 0.11605960, 0.83058578, 0.34402516, -0.02182713, -0.34590271, -0.51834059, 0.00000000, 0.00000000, 0.00000000, 0.00000000
5, 0.8300, 83, -0.40009505, -0.10699796, -0.25075164, 12.30863476, -319.01727295, -66.32239532, -31.71587181, 20.28646660, -129.28967285, 123.47088623, -24.14053535, -148.24055481, 0.30385637, -0.14042352, 0.85552406, 0.39500791, -0.11942387, -0.50445056, 0.81403607, 0.00000000, 0.00000000, 0.00000000, 0.00000000
2, 0.9000, 90, 0.34474713, -0.58779407, -1.15116799, -98.11727142, -112.57121277, 8.11110687, -10.37708282, 23.70651817, 15.96024513, 128.33099365, -51.61057281, -169.44926453, 0.42621845, 0.11439320, 0.82431078, 0.35463187, 0.06545648, -0.14229698, -0.58309120, 0.00000000, 0.00000000, 0.00000000, 0.00000000
5, 0.8400, 84, -0.60144770, -0.35132399, -0.44591200, -9.68816090, -214.49508667, -65.09334564, -33.35282135, 19.90645981, -129.02659607, 122.04749298, -24.57140541, -149.43305969, 0.30434006, -0.12587932, 0.85172743, 0.40754387, 0.17922997, -0.31697369, 0.84823602, 0.00000000, 0.00000000, 0.00000000, 0.00000000
2, 0.9100, 91, 0.29534036, -0.42003217, -1.39792919, -163.95065308, -156.23625183, 47.08889771, -11.13709450, 25.84039688, 16.83718109, 124.60684204, -51.69936752, -166.60322571, 0.43220857, 0.10832567, 0.81502587, 0.37039730, 0.14946418, 0.12816933, -0.60918444, 0.00000000, 0.00000000, 0.00000000, 0.00000000
2, 0.9200, 92, 0.25605154, -0.35634795, -1.61476195, -218.50849915, -213.67977905, 78.00527191, -12.45249939, 27.76965714, 18.24028015, 119.51846313, -51.67726517, -162.57144165, 0.44085702, 0.09916506, 0.80182707, 0.39100474, 0.26905295, 0.29377088, -0.68291736, 0.00000000, 0.00000000, 0.00000000, 0.00000000
5, 0.8500, 85, -0.53505057, -0.59731507, -0.74136901, -35.25461578, -111.59680939, -43.05409241, -34.87284470, 20.63723946, -128.73428345, 121.13397980, -24.53273582, -149.98251343, 0.30307552, -0.11955227, 0.84905213, 0.41588846, 0.35727137, -0.02653798, 0.65836942, 0.00000000, 0.00000000, 0.00000000, 0.00000000
2, 0.9300, 93, 0.16450682, -0.30352750, -1.64943182, -246.53071594, -289.99484253, 95.27013397, -12.45249939, 27.76965714, 18.24028015, 118.11194611, -50.31393433, -160.52073669, 0.43807697, 0.08410519, 0.80210620, 0.39703965, 0.31551105, 0.32732916, -0.64249742, 0.00000000, 0.00000000, 0.00000000, 0.00000000
5, 0.8600, 86, -0.28741533, -0.75947177, -1.12184083, -55.38445663, -66.61016083, -5.77955437, -35.74977875, 20.43262100, -128.50044250, 120.27218628, -24.35846138, -149.95437622, 0.30286631, -0.11826448, 0.84594941, 0.42267627, 0.37706542, 0.34815541, 0.35450035, 0.00000000, 0.00000000, 0.00000000, 0.00000000
5, 0.8700, 87, -0.03055500, -0.95520949, -1.44311225, -74.03396606, -60.04784775, 32.20773697, -36.33440399, 21.51417732, -128.52966309, 117.19510651, -24.86644173, -148.69390869, 0.31423813, -0.11686957, 0.83286679, 0.44037366, 0.42020130, 0.66044933, 0.01658031, 0.00000000, 0.00000000, 0.00000000, 0.00000000
5, 0.8800, 88, 0.11760624, -1.12934649, -1.70880449, -94.48283386, -79.74208069, 63.40537643, -36.33440399, 21.51417732, -128.52966309, 115.68474579, -24.75312614, -147.86448669, 0.31825501, -0.11924425, 0.82618338, 0.44935024, 0.49201617, 0.90969670, -0.23660314, 0.00000000, 0.00000000, 0.00000000, 0.00000000
2, 0.9400, 94, -0.31679216, -0.35044223, -1.53899717, -236.92762756, -387.41894531, 102.68751526, -15.11254025, 30.80970383, 19.99415398, 110.83555603, -50.92063141, -154.79042053, 0.45723307, 0.07589860, 0.77868557, 0.42287847, 0.54690593, 0.19529387, -0.24275933, 0.00000000, 0.00000000, 0.00000000, 0.00000000
5, 0.8900, 89, 0.21163218, -1.14430487, -1.77629232, -105.62036133, -125.80860901, 92.29607391, -37.06518555, 22.47880745, -128.64659119, 113.62184906, -24.85052681, -146.81475830, 0.32522571, -0.12050506, 0.81687009, 0.46090153, 0.45858121, 0.96488166, -0.35232183, 0.00000000, 0.00000000, 0.00000000, 0.00000000
2, 0.9500, 95, -0.89976925, -0.19663228, -1.42499363, -205.35487366, -430.16397095, 108.25775909, -17.01256943, 33.06050873, 22.77112007, 103.09445190, -51.53172302, -148.55351257, 0.47944707, 0.06908840, 0.75212711, 0.44683591, 0.70603436, 0.21220708, 0.26545784, 0.00000000, 0.00000000, 0.00000000, 0.00000000
2, 0.9600, 96, -1.52908123, 0.09418456, -1.26708746, -164.10588074, -435.32504272, 115.35504913, -19.55568504, 34.78514862, 26.22040367, 95.40635681, -51.95567322, -142.12034607, 0.50281167, 0.06299644, 0.72461265, 0.46706372, 0.78832883, 0.31037498, 0.87895352, 0.00000000, 0.00000000, 0.00000000, 0.00000000
5, 0.9000, 90, 0.28428736, -1.01768708, -1.70374119, -105.15177917, -220.50451660, 118.21492767, -38.81905746, 23.82344246, -128.67582703, 110.69639587, -25.42995071, -145.69897461, 0.33656436, -0.11704695, 0.80367070, 0.47658974, 0.30746353, 0.87722701, -0.39372963, 0.00000000, 0.00000000, 0.00000000, 0.00000000
5, 0.9100, 91, 0.12693618, -1.18910420, -1.66020679, -100.73053741, -320.74661255, 147.35134888, -40.68985748, 23.35574341, -128.20812988, 106.83178711, -26.53544044, -144.43429565, 0.35264757, -0.10844583, 0.78598297, 0.49609476, 0.51996785, 0.82360780, -0.39310330, 0.00000000, 0.00000000, 0.00000000, 0.00000000
2, 0.9700, 97, -2.04258370, 0.44901487, -1.19737780, -123.76930237, -405.50592041, 122.21019745, -19.55568504, 34.78514862, 26.22040367, 88.30754089, -52.05471420, -135.90951538, 0.52529943, 0.05686912, 0.69834465, 0.48284709, 0.82817900, 0.52283597, 1.38819027, 0.00000000, 0.00000000, 0.00000000, 0.00000000
5, 0.9200, 92, -0.07818471, -1.36643803, -1.52824628, -105.81562042, -396.40063477, 190.74252319, -44.34375763, 26.95118332, -126.10347748, 103.15614319, -30.25857162, -143.30043030, 0.38294458, -0.08414762, 0.76890653, 0.50503010, 0.74632460, 0.69054139, -0.36709225, 0.00000000, 0.00000000, 0.00000000, 0.00000000
5, 0.9300, 93, -0.49215919, -1.42886007, -1.33500516, -112.60648346, -431.03396606, 234.01152039, -44.34375763, 26.95118332, -126.10347748, 97.58261871, -31.76591301, -140.91539001, 0.40598676, -0.07213356, 0.74222052, 0.52828044, 0.95476258, 0.51120144, -0.10813123, 0.00000000, 0.00000000, 0.00000000, 0.00000000
2, 0.9800, 98, -2.40565610, 0.82721007, -1.19777048, -91.58341980, -363.11865234, 125.45626068, -21.33878899, 36.80210495, 30.02046204, 71.17021179, -49.20609283, -128.68829346, 0.53852493, 0.07612606, 0.62351376, 0.56162840, 0.82581717, 0.80286509, 1.72907472, 0.00000000, 0.00000000, 0.00000000, 0.00000000
2, 0.9900, 99, -2.66005468, 1.18881547, -1.21792448, -64.83829498, -330.35617065, 128.85728455, -22.30341911, 37.32826614, 31.86202812, 66.17919159, -48.14983368, -123.92716217, 0.55612087, 0.06737205, 0.60060835, 0.57049131, 0.80689430, 1.08537138, 1.91161454, 0.00000000, 0.00000000, 0.00000000, 0.00000000
2, 1.0000, 100, -2.84687471, 1.25974381, -1.17671406, -38.22951126, -309.58374023, 127.81900024, -23.32651329, 39.34521866, 34.93130493, 61.77182007, -47.04409027, -119.52643585, 0.57325226, 0.05888773, 0.57911831, 0.57665944, 0.85787159, 1.11939704, 2.05551577, 0.00000000, 0.00000000, 0.00000000, 0.00000000
2, 1.0100, 101, -2.93116140, 1.01050150, -1.07042384, -16.63404465, -291.15820312, 116.19822693, -24.05729294, 40.45600510, 37.29903412, 57.84123611, -45.97159958, -115.49572754, 0.58971769, 0.05148624, 0.55891168, 0.58068925, 0.99159586, 0.87463224, 2.02701521, 0.00000000, 0.00000000, 0.00000000, 0.00000000
5, 0.9400, 94, -1.04463685, -1.25492513, -1.19044793, -115.45494080, -436.30258179, 268.43106079, -47.88073730, 28.47120667, -124.32037354, 91.56774902, -33.08942795, -137.92054749, 0.43048733, -0.06131301, 0.71253175, 0.55065417, 1.05091226, 0.36698058, 0.37057999, 0.00000000, 0.00000000, 0.00000000, 0.00000000
2, 1.0200, 102, -2.96534157, 0.74484164, -1.01665866, -9.59825611, -285.55169678, 92.85592651, -24.05729294, 40.45600510, 37.29903412, 54.11253357, -44.93897629, -111.77942657, 0.60543853, 0.04609005, 0.53889114, 0.58388036, 1.13884068, 0.65550172, 1.93310547, 0.00000000, 0.00000000, 0.00000000, 0.00000000
2, 1.0300, 103, -2.75952363, 0.52255380, -0.81255835, -10.58820248, -296.42422485, 59.96809769, -24.61268616, 40.71908569, 39.60830307, 44.41547012, -43.19334793, -106.02462769, 0.62903255, 0.06075588, 0.48573142, 0.60389721, 1.03845942, 0.38245961, 1.70237029, 0.00000000, 0.00000000, 0.00000000, 0.00000000
5, 0.9500, 95, -1.70932221, -0.89940977, -1.24493885, -107.00079346, -409.51901245, 285.47143555, -51.65156174, 31.56971550, -122.21572876, 85.55580902, -34.08129501, -134.52905273, 0.45478004, -0.05257266, 0.68201649, 0.57031995, 1.04462969, 0.42620498, 1.03608274, 0.00000000, 0.00000000, 0.00000000, 0.00000000
5, 0.9600, 96, -2.14962935, -0.61352301, -1.36636460, -87.08404541, -346.84069824, 289.11288452, -54.22391129, 34.17129517, -119.93569183, 80.05458832, -34.65113449, -130.96830750, 0.47758704, -0.04728536, 0.65324259, 0.58561838, 0.99580330, 0.55810684, 1.47896099, 0.00000000, 0.00000000, 0.00000000, 0.00000000
5, 0.9700, 97, -2.33111787, -0.38085753, -1.44152582, -66.45873260, -289.78506470, 286.31951904, -56.41625214, 36.83133698, -118.62028503, 67.92649078, -34.58316422, -121.32257843, 0.53276926, -0.04645138, 0.58578598, 0.60897791, 0.87537694, 0.65439212, 1.65418077, 0.00000000, 0.00000000, 0.00000000, 0.00000000
2, 1.0400, 104, -2.62341619, 0.37491214, -0.76237422, -17.88109779, -311.67041016, 27.97053719, -24.81730461, 42.32680511, 41.94680023, 40.58664322, -41.95967102, -102.83770752, 0.64321071, 0.06056541, 0.46257141, 0.60715693, 1.03656316, 0.29602316, 1.46467054, 0.00000000, 0.00000000, 0.00000000, 0.00000000
5, 0.9800, 98, -2.23920012, -0.16633575, -1.52584505, -50.91035461, -254.40524292, 268.96557617, -56.41625214, 36.83133698, -118.62028503, 63.53836060, -34.22390366, -117.98799133, 0.55134350, -0.04479634, 0.56015396, 0.61663705, 0.64752662, 0.77910155, 1.54162371, 0.00000000, 0.00000000, 0.00000000, 0.00000000
2, 1.0500, 105, -2.49659443, 0.38058287, -0.80544132, -32.76033401, -322.52209473, 5.03755903, -24.64191818, 42.29757309, 44.63607025, 36.67924118, -40.63460541, -99.88317108, 0.65649426, 0.06235946, 0.43795437, 0.61100131, 1.00652659, 0.35829526, 1.29947329, 0.00000000, 0.00000000, 0.00000000, 0.00000000
2, 1.0600, 106, -2.38725686, 0.41201535, -0.87199140, -47.58448792, -320.45349121, -8.55057812, -25.51885414, 42.38526535, 47.55919266, 32.89178085, -39.20796204, -97.27187347, 0.66835684, 0.06526594, 0.41281664, 0.61532271, 0.98798966, 0.45821857, 1.14991450, 0.00000000, 0.00000000, 0.00000000, 0.00000000
2, 1.0700, 107, -2.31466317, 0.39916241, -0.92133063, -56.38344955, -300.56188965, -19.72156906, -25.51885414, 42.38526535, 47.55919266, 29.41678810, -37.79508972, -95.09140015, 0.67836410, 0.06898566, 0.38868737, 0.61966550, 1.00484967, 0.51464254, 1.02494454, 0.00000000, 0.00000000, 0.00000000, 0.00000000
2, 1.0800, 108, -2.13025928, 0.38162264, -0.98091978, -53.82477570, -265.84872437, -30.75295067, -25.57731628, 42.64834976, 49.89768982, 27.75582314, -37.66101837, -93.60052490, 0.68542773, 0.07301896, 0.37998858, 0.61681908, 0.96374756, 0.57065833, 0.81136358, 0.00000000, 0.00000000, 0.00000000, 0.00000000
2, 1.0900, 109, -1.88145220, 0.32587790, -1.01199794, -33.47472763, -232.67967224, -36.27914810, -25.81116676, 42.56065369, 51.68079376, 25.04650307, -36.66299438, -91.94939423, 0.69304895, 0.07771732, 0.36137938, 0.61890894, 0.88008291, 0.57130027, 0.55695736, 0.00000000, 0.00000000, 0.00000000, 0.00000000
2, 1.1000, 110, -1.63048923, 0.22066250, -0.91677117, -0.78744572, -208.12394714, -36.30718613, -24.96346092, 41.65448761, 53.37620544, 22.65399551, -35.84669876, -90.26021576, 0.70102322, 0.08201242, 0.34532574, 0.61853915, 0.75387961, 0.45742163, 0.32464835, 0.00000000, 0.00000000, 0.00000000, 0.00000000
5, 0.9900, 99, -2.12435031, -0.09220651, -1.56891835, -36.23116302, -240.15559387, 243.44264221, -57.55627060, 38.93598175, -116.39871216, 59.52992630, -33.83619690, -114.94373322, 0.56837600, -0.04240752, 0.53628290, 0.62253600, 0.53217179, 0.84479994, 1.42233253, 0.00000000, 0.00000000, 0.00000000, 0.00000000
5, 1.0000, 100, -2.08696175, -0.29159963, -1.50501513, -23.14403152, -239.44229126, 219.70292664, -58.72551727, 41.27447891, -114.06021881, 55.73299408, -33.49744797, -112.12149811, 0.58438128, -0.03853777, 0.51356399, 0.62710881, 0.69443488, 0.80937773, 1.24278438, 0.00000000, 0.00000000, 0.00000000, 0.00000000
5, 1.0100, 101, -1.97751677, -0.52727532, -1.40543807, -20.50146103, -240.46711731, 192.77735901, -59.63168716, 40.83601379, -112.59865570, 52.11282730, -33.18820572, -109.58383179, 0.59887528, -0.03307640, 0.49187312, 0.63112223, 0.85350871, 0.74094599, 0.98633319, 0.00000000, 0.00000000, 0.00000000, 0.00000000
2, 1.1100, 111, -1.47207212, 0.11942902, -0.77760500, 35.94659042, -186.23822021, -38.22797775, -25.25577354, 42.06372452, 54.57468414, 20.51671982, -35.22560120, -88.44049072, 0.70973152, 0.08600760, 0.33176291, 0.61548138, 0.64699233, 0.31534365, 0.19340524, 0.00000000, 0.00000000, 0.00000000, 0.00000000
2, 1.1200, 112, -1.35579443, 0.05371003, -0.70587879, 56.27671051, -164.18670654, -43.09847260, -25.25577354, 42.06372452, 54.57468414, 18.59710884, -34.77355194, -86.61737061, 0.71841526, 0.09007229, 0.32035270, 0.61085248, 0.58253992, 0.24345981, 0.08673269, 0.00000000, 0.00000000, 0.00000000, 0.00000000
5, 1.0200, 102, -1.83884370, -0.62138522, -1.37951207, -23.99914169, -243.97239685, 166.13372803, -60.83016586, 44.86991882, -110.49400330, 48.34510803, -33.65926743, -107.42078400, 0.61240453, -0.01907465, 0.47225952, 0.63369381, 0.87044573, 0.74810350, 0.77754855, 0.00000000, 0.00000000, 0.00000000, 0.00000000
5, 1.0300, 103, -1.77173531, -0.58817470, -1.34675860, -22.27103996, -246.94309998, 147.44573975, -60.83016586, 44.86991882, -110.49400330, 44.90541077, -33.40377045, -105.33104706, 0.62412035, -0.01066506, 0.45193899, 0.63726860, 0.80493730, 0.75277495, 0.69682348, 0.00000000, 0.00000000, 0.00000000, 0.00000000
2, 1.1300, 113, -1.26561105, 0.00780182, -0.70505005, 63.86476898, -137.51467896, -43.16309738, -25.48962212, 40.45600510, 56.18240356, 19.28356743, -38.01486969, -85.10076141, 0.72356594, 0.10047537, 0.34362775, 0.59015006, 0.55056590, 0.22664154, -0.00524331, 0.00000000, 0.00000000, 0.00000000, 0.00000000
5, 1.0400, 104, -1.72133994, -0.45028380, -1.28490603, -12.65492535, -242.46974182, 132.76062012, -61.56094742, 45.10377121, -109.29552460, 41.61154556, -33.19472122, -103.33488464, 0.63521266, -0.00167106, 0.43263018, 0.63979167, 0.66389918, 0.72244704, 0.68326396, 0.00000000, 0.00000000, 0.00000000, 0.00000000
2, 1.1400, 114, -1.15865028, -0.00641075, -0.70190954, 64.95594788, -110.87770081, -36.32438660, -25.40192986, 41.39140701, 56.70856476, 17.84091759, -37.81904984, -83.54364777, 0.73049617, 0.10387070, 0.33649552, 0.58511287, 0.46317747, 0.21868016, -0.07352299, 0.00000000, 0.00000000, 0.00000000, 0.00000000
2, 1.1500, 115, -1.02918065, -0.01952332, -0.66415387, 61.88675308, -87.44050598, -26.38500977, -24.78807259, 40.83601379, 57.17626190, 16.72156525, -37.65211487, -82.22161102, 0.73640537, 0.10622957, 0.33104008, 0.58037478, 0.37803686, 0.19927670, -0.17779088, 0.00000000, 0.00000000, 0.00000000, 0.00000000
2, 1.1600, 116, -0.89884412, -0.01011202, -0.60119098, 56.59931183, -72.84901428, -16.24631119, -24.52499199, 41.01139832, 57.67319489, 15.83648205, -37.46606445, -81.09000397, 0.74153906, 0.10763972, 0.32652667, 0.57611972, 0.26425859, 0.17612526, -0.26269114, 0.00000000, 0.00000000, 0.00000000, 0.00000000
2, 1.1700, 117, -0.81060737, 0.01976613, -0.52404976, 51.20512009, -69.58570099, -8.45959282, -24.52499199, 41.01139832, 57.67319489, 15.05508423, -37.21618652, -80.06360626, 0.74629402, 0.10841241, 0.32207769, 0.57232678, 0.15425289, 0.15653186, -0.29884219, 0.00000000, 0.00000000, 0.00000000, 0.00000000
5, 1.0500, 105, -1.64463747, -0.36087233, -1.21766090, 0.33616167, -225.31610107, 120.70079803, -62.14557266, 47.70534897, -106.86933899, 38.58436584, -33.00350189, -101.42395782, 0.64567733, 0.00690813, 0.41493940, 0.64099795, 0.55217487, 0.68721712, 0.62737691, 0.00000000, 0.00000000, 0.00000000, 0.00000000
5, 1.0600, 106, -1.54907322, -0.39181590, -1.10517561, 14.56933784, -201.78794861, 109.81114960, -62.43788147, 48.26074219, -105.72931671, 35.88439560, -32.82286072, -99.59757996, 0.65554082, 0.01455732, 0.39920107, 0.64085323, 0.53700995, 0.60641748, 0.50110102, 0.00000000, 0.00000000, 0.00000000, 0.00000000
5, 1.0700, 107, -1.39696026, -0.48109698, -0.96894401, 22.33858299, -173.80526733, 96.02534485, -62.64250183, 49.51768494, -104.06314087, 35.52866745, -33.86768723, -99.02674866, 0.65909225, 0.02145790, 0.40208110, 0.63519120, 0.54120195, 0.49549586, 0.30795014, 0.00000000, 0.00000000, 0.00000000, 0.00000000
5, 1.0800, 108, -1.23116851, -0.45594946, -0.86274773, 25.08403587, -157.50177002, 79.39623260, -62.64250183, 49.51768494, -104.06314087, 33.42434311, -33.78930283, -97.52019501, 0.66696060, 0.02791322, 0.39038676, 0.63402098, 0.42852992, 0.40180987, 0.17481065, 0.00000000, 0.00000000, 0.00000000, 0.00000000
2, 1.1800, 118, -0.75510103, 0.01216970, -0.46277213, 50.44828033, -73.20040894, -4.38680458, -24.67114830, 41.30371094, 58.08243179, 17.36100197, -40.01933289, -80.54164124, 0.74210924, 0.11044736, 0.34975946, 0.56102014, 0.08342777, 0.11147550, -0.31756267, 0.00000000, 0.00000000, 0.00000000, 0.00000000
2, 1.1900, 119, -0.73507482, 0.01156136, -0.41028798, 59.92045975, -81.29821777, -3.18612266, -24.49576187, 41.85910416, 58.78398132, 16.42578888, -39.70062637, -79.30652618, 0.74770147, 0.11101748, 0.34449884, 0.55672091, 0.01267378, 0.06261099, -0.28655386, 0.00000000, 0.00000000, 0.00000000, 0.00000000
5, 1.0900, 109, -1.09587836, -0.45355558, -0.83265179, 25.81018066, -144.97666931, 62.00169373, -62.46711349, 50.86231995, -102.83542633, 31.53200340, -33.78295135, -96.18622589, 0.67381775, 0.03445747, 0.38026044, 0.63260120, 0.36172530, 0.39538026, 0.04152292, 0.00000000, 0.00000000, 0.00000000, 0.00000000
5, 1.1000, 110, -0.99922734, -0.50303090, -0.85016954, 22.85492706, -130.46424866, 53.42938614, -63.49020767, 50.83308792, -102.28003693, 29.83830261, -33.76453018, -95.00500488, 0.67977846, 0.04046958, 0.37121576, 0.63123876, 0.35809404, 0.43546852, -0.08030587, 0.00000000, 0.00000000, 0.00000000, 0.00000000
5, 1.1100, 111, -0.93898511, -0.50284886, -0.84149557, 22.32407951, -109.05384827, 51.52787018, -63.02250671, 50.65770340, -101.25694275, 28.39990997, -33.68053055, -93.94889832, 0.68506300, 0.04511627, 0.36327347, 0.62982982, 0.32972783, 0.44589323, -0.14454320, 0.00000000, 0.00000000, 0.00000000, 0.00000000
5, 1.1200, 112, -0.89979810, -0.44338986, -0.80806965, 24.98667336, -85.96813965, 47.71529007, -62.49634552, 50.19000244, -100.64308929, 32.02075195, -34.92393494, -95.00244141, 0.68046588, 0.03491504, 0.38884035, 0.62012130, 0.25579521, 0.41409773, -0.14851137, 0.00000000, 0.00000000, 0.00000000, 0.00000000
2, 1.2000, 120, -0.73391545, -0.00348990, -0.31157571, 78.52018738, -96.66968536, -2.08214879, -24.14498711, 41.42063522, 58.72551727, 15.33689785, -39.30550385, -77.78350067, 0.75461614, 0.11145844, 0.33832744, 0.55105907, -0.03551023, -0.00273740, -0.26047671, 0.00000000, 0.00000000, 0.00000000, 0.00000000
2, 1.2100, 121, -0.74495763, -0.03140251, -0.20307502, 94.77179718, -113.13143158, -1.36769485, -24.14498711, 41.42063522, 58.72551727, 14.09382820, -38.81325150, -75.99804688, 0.76273090, 0.11183283, 0.33109570, 0.54416049, -0.07452586, -0.08220352, -0.22626735, 0.00000000, 0.00000000, 0.00000000, 0.00000000
5, 1.1300, 113, -0.87301862, -0.38749453, -0.78578991, 30.17031288, -65.96083069, 41.71163940, -62.49634552, 50.19000244, -100.00000000, 31.08742905, -34.88253021, -94.13298035, 0.68487173, 0.03728016, 0.38386771, 0.61822850, 0.18048406, 0.36325529, -0.11857649, 0.00000000, 0.00000000, 0.00000000, 0.00000000
5, 1.1400, 114, -0.83327490, -0.34039128, -0.73669499, 36.29726410, -54.78128052, 42.53105164, -62.90558243, 52.20695496, -100.00000000, 30.27973747, -34.82172012, -93.25944519, 0.68931454, 0.03882853, 0.37950522, 0.61588448, 0.12131704, 0.32371107, -0.13755664, 0.00000000, 0.00000000, 0.00000000, 0.00000000
2, 1.2200, 122, -0.82128584, -0.04393476, -0.08821086, 104.04489899, -123.89695740, 0.50280046, -24.52499199, 42.00526047, 59.45629883, 12.78176212, -38.22592545, -74.07684326, 0.77149594, 0.11204901, 0.32309410, 0.53651589, -0.08859999, -0.15303281, -0.13040790, 0.00000000, 0.00000000, 0.00000000, 0.00000000
2, 1.2300, 123, -0.91697127, -0.03464476, 0.00984605, 109.15890503, -128.95089722, 5.59643126, -24.37883568, 41.47909927, 59.95322800, 8.41511059, -36.78179550, -69.30791473, 0.79164660, 0.12164308, 0.29841834, 0.51908118, -0.08980460, -0.18592232, -0.02164541, 0.00000000, 0.00000000, 0.00000000, 0.00000000
5, 1.1500, 115, -0.77646506, -0.30774596, -0.66832167, 41.52920151, -45.02580643, 47.97232819, -62.90558243, 52.14849472, -99.59075928, 29.56572342, -34.70261002, -92.35527802, 0.69394112, 0.03941055, 0.37538192, 0.61317295, 0.06740344, 0.26369327, -0.17810400, 0.00000000, 0.00000000, 0.00000000, 0.00000000
5, 1.1600, 116, -0.72907627, -0.30618903, -0.58807987, 43.12856293, -40.54961777, 54.38558197, -63.16866302, 52.67465591, -99.50306702, 28.88442612, -34.51451874, -91.42388916, 0.69872379, 0.03934146, 0.37109876, 0.61034673, 0.04635961, 0.19122308, -0.22558381, 0.00000000, 0.00000000, 0.00000000, 0.00000000
5, 1.1700, 117, -0.70229226, -0.32059264, -0.48330173, 39.76329422, -44.69768143, 60.60389709, -62.64250183, 53.25928116, -99.64922333, 30.78655624, -36.15333176, -91.65649414, 0.69773144, 0.03873796, 0.38944963, 0.59999931, 0.04376815, 0.08865326, -0.25479943, 0.00000000, 0.00000000, 0.00000000, 0.00000000
5, 1.1800, 118, -0.73192340, -0.29239726, -0.40482983, 33.99759293, -62.46576691, 65.24871826, -63.13943100, 53.34697342, -99.12306213, 29.78139687, -35.90202713, -90.60966492, 0.70292783, 0.03978999, 0.38327181, 0.59783947, 0.01777192, 0.00188386, -0.19789694, 0.00000000, 0.00000000, 0.00000000, 0.00000000
2, 1.2400, 124, -1.03973877, -0.04269274, 0.08523855, 108.56375885, -124.63628387, 13.71083641, -24.05729294, 42.26834106, 60.59631729, 7.34245920, -35.95623398, -67.52146912, 0.80013406, 0.12054063, 0.28992382, 0.51107687, -0.04511544, -0.19735134, 0.08632004, 0.00000000, 0.00000000, 0.00000000, 0.00000000
5, 1.1900, 119, -0.79995298, -0.25182563, -0.34190169, 29.65818024, -83.87118530, 68.10617065, -63.13943100, 53.34697342, -99.12306213, 28.52660370, -35.64354706, -89.48626709, 0.70842242, 0.04220368, 0.37579241, 0.59593344, 0.01954988, -0.04842639, -0.12959519, 0.00000000, 0.00000000, 0.00000000, 0.00000000
5, 1.2000, 120, -0.88637972, -0.25725693, -0.29950565, 25.58908272, -96.36329651, 72.67990112, -62.37942123, 54.31160355, -98.24612427, 27.12296295, -35.33671570, -88.32198334, 0.71406943, 0.04526709, 0.36731750, 0.59425056, 0.07067549, -0.07517838, -0.06854805, 0.00000000, 0.00000000, 0.00000000, 0.00000000
2, 1.2500, 125, -1.09077740, -0.02664461, 0.15989186, 101.88697052, -112.48614502, 22.52492714, -23.12189484, 42.85296631, 61.15171051, 6.49684525, -35.12063217, -65.94252014, 0.80786788, 0.11860830, 0.28211182, 0.50368083, -0.06007228, -0.22359627, 0.15520866, 0.00000000, 0.00000000, 0.00000000, 0.00000000
2, 1.2600, 126, -1.12698364, -0.02966761, 0.19714651, 93.73082733, -102.30438995, 29.70635986, -23.12189484, 42.85296631, 61.15171051, 5.83827400, -34.28074646, -64.56018066, 0.81486481, 0.11604671, 0.27483141, 0.49698728, -0.04936437, -0.24158008, 0.19001707, 0.00000000, 0.00000000, 0.00000000, 0.00000000
5, 1.2100, 121, -0.98214298, -0.24392322, -0.28501499, 21.95441628, -100.36657715, 78.57209778, -62.87635040, 55.13007736, -97.92458344, 25.66959000, -34.94860840, -87.15389252, 0.71973300, 0.04831526, 0.35816211, 0.59276479, 0.11064465, -0.07316750, 0.00908676, 0.00000000, 0.00000000, 0.00000000, 0.00000000
2, 1.2700, 127, -1.19135332, -0.01003135, 0.20078392, 84.52164459, -91.87171173, 33.68623352, -22.94650650, 43.72990417, 61.64863968, 5.33296824, -33.46685410, -63.36557007, 0.82108724, 0.11314353, 0.26814452, 0.49103248, -0.01512066, -0.22235537, 0.24359795, 0.00000000, 0.00000000, 0.00000000, 0.00000000
5, 1.2200, 122, -1.06615245, -0.20565298, -0.27104115, 19.62883568, -98.59161377, 81.44818878, -62.93481445, 55.45162201, -96.84302521, 22.98047638, -35.05438614, -85.17689514, 0.72858101, 0.05986792, 0.34582558, 0.58820945, 0.12215772, -0.06616071, 0.08773253, 0.00000000, 0.00000000, 0.00000000, 0.00000000
2, 1.2800, 128, -1.15716267, -0.01104892, 0.22919883, 74.10440063, -89.51205444, 31.93875313, -21.89418221, 44.13914108, 61.67787170, 2.41051960, -31.50349045, -60.27198029, 0.83504176, 0.11875426, 0.24488862, 0.47815508, -0.03486935, -0.22699368, 0.21470354, 0.00000000, 0.00000000, 0.00000000, 0.00000000
2, 1.2900, 129, -1.15364325, -0.02201463, 0.20712656, 66.14066315, -93.55323029, 26.08703995, -22.50803757, 44.48991394, 62.08710861, 1.91606462, -30.66624832, -59.30926514, 0.84016091, 0.11680126, 0.23774239, 0.47325015, 0.00795199, -0.18710959, 0.18097290, 0.00000000, 0.00000000, 0.00000000, 0.00000000
5, 1.2300, 123, -1.11999834, -0.15622790, -0.26751575, 18.10725021, -92.08715820, 80.55349731, -62.46711349, 55.97778320, -96.98918152, 21.65183449, -34.55194092, -84.12351990, 0.73368037, 0.06225642, 0.33671007, 0.58691031, 0.10599093, -0.04009297, 0.14490899, 0.00000000, 0.00000000, 0.00000000, 0.00000000
2, 1.3000, 130, -1.14717472, -0.00419023, 0.19476914, 57.64924622, -99.22113800, 19.13824844, -21.45571518, 44.54837799, 62.46711349, 1.33344114, -29.82546234, -58.38870621, 0.84497124, 0.11570282, 0.23012611, 0.46869865, 0.01463950, -0.15761033, 0.16943733, 0.00000000, 0.00000000, 0.00000000, 0.00000000
2, 1.3100, 131, -1.17158997, 0.00075577, 0.15310083, 54.19318390, -105.55245972, 10.36212349, -21.45571518, 44.54837799, 62.46711349, 0.64581907, -28.98851013, -57.45167160, 0.84968382, 0.11550383, 0.22209942, 0.46407771, 0.06380053, -0.11625558, 0.16707976, 0.00000000, 0.00000000, 0.00000000, 0.00000000
5, 1.2400, 124, -1.12932825, -0.14075188, -0.24846868, 16.75694656, -80.55577087, 79.98674774, -62.46711349, 55.97778320, -96.98918152, 20.48089600, -34.01027298, -83.16847229, 0.73839271, 0.06385603, 0.32810470, 0.58570123, 0.10476605, -0.04478377, 0.14910455, 0.00000000, 0.00000000, 0.00000000, 0.00000000
5, 1.2500, 125, -1.10859036, -0.12850128, -0.22618286, 15.24200821, -70.40569305, 78.12731934, -62.40865326, 55.91932297, -96.17070770, 19.45288467, -33.44844818, -82.30999756, 0.74271303, 0.06483272, 0.32003233, 0.58459681, 0.09232222, -0.05444096, 0.12621418, 0.00000000, 0.00000000, 0.00000000, 0.00000000
2, 1.3200, 132, -1.17391098, 0.01918598, 0.14023979, 58.87483597, -108.68368530, 3.16140246, -21.07570839, 45.51300812, 62.84711838, -0.10018560, -28.16692352, -56.44315720, 0.85454005, 0.11581601, 0.21400759, 0.45885605, 0.07534347, -0.08282600, 0.16351564, 0.00000000, 0.00000000, 0.00000000, 0.00000000
5, 1.2600, 126, -1.08635497, -0.12252745, -0.22225013, 12.67609119, -63.53948212, 74.09984589, -62.49634552, 57.35165024, -96.02455139, 18.53225517, -32.89361191, -81.54700470, 0.74660623, 0.06553690, 0.31246680, 0.58365113, 0.08453192, -0.04709766, 0.09994068, 0.00000000, 0.00000000, 0.00000000, 0.00000000
5, 1.2700, 127, -1.05264080, -0.12601158, -0.21927150, 9.95966339, -61.70807266, 70.81306458, -61.82402802, 58.25782013, -95.20607758, 17.12812042, -32.88339233, -80.50727081, 0.75105727, 0.07184962, 0.30589479, 0.58067131, 0.07734443, -0.03705318, 0.06032128, 0.00000000, 0.00000000, 0.00000000, 0.00000000
5, 1.2800, 128, -1.01934946, -0.13669163, -0.23271394, 6.74258375, -63.79360580, 68.73623657, -61.38555908, 58.57936096, -94.65068817, 16.24178314, -32.34007645, -79.85248566, 0.75439626, 0.07289770, 0.29849908, 0.58006096, 0.07252824, -0.00600033, 0.01926066, 0.00000000, 0.00000000, 0.00000000, 0.00000000
5, 1.2900, 129, -0.98358440, -0.14320204, -0.20726517, 2.40042996, -68.65203857, 65.67874146, -61.38555908, 58.57936096, -94.65068817, 15.31902981, -31.81419563, -79.23841095, 0.75748819, 0.07447684, 0.29097807, 0.57965213, 0.06907476, -0.01983863, -0.02385360, 0.00000000, 0.00000000, 0.00000000, 0.00000000
2, 1.3300, 133, -1.26088846, 0.03803334, 0.13915887, 67.03628540, -98.68891907, 3.05137944, -20.57877731, 45.42531204, 63.54866791, -1.25693870, -27.38123512, -55.01485062, 0.86050004, 0.11875902, 0.20498796, 0.45101649, 0.12580845, -0.05545405, 0.23607489, 0.00000000, 0.00000000, 0.00000000, 0.00000000
5, 1.3000, 130, -1.01024783, -0.13888589, -0.16469093, -3.05756831, -74.16920471, 61.35788345, -60.45016098, 58.31628036, -94.38760376, 14.35346127, -31.31683731, -78.67535400, 0.76025987, 0.07670932, 0.28336588, 0.57950366, 0.08625950, -0.05012462, -0.00690521, 0.00000000, 0.00000000, 0.00000000, 0.00000000
5, 1.3100, 131, -1.09415841, -0.08900917, -0.13827762, -5.52855587, -77.26552582, 54.46282578, -60.12861633, 59.01782990, -93.56912994, 13.37435246, -30.87699318, -78.15249634, 0.76274574, 0.07952303, 0.27600521, 0.57941014, 0.09048718, -0.06402645, 0.08281141, 0.00000000, 0.00000000, 0.00000000, 0.00000000
2, 1.3400, 134, -1.32772493, 0.02383328, 0.14785580, 75.85743713, -76.63280487, 4.63186836, -20.66647148, 45.45454407, 63.46097565, -1.68875611, -26.75975800, -54.02413177, 0.86508626, 0.11786086, 0.19962856, 0.44484046, 0.17616852, -0.05780484, 0.28470054, 0.00000000, 0.00000000, 0.00000000, 0.00000000
5, 1.3200, 132, -1.18460989, -0.06168976, -0.12911613, -5.15509748, -71.89617920, 45.61269760, -60.33323669, 60.47939301, -93.10143280, 11.44828987, -30.67790413, -77.07646942, 0.76700604, 0.08875312, 0.26580808, 0.57720941, 0.11574720, -0.05689158, 0.16805080, 0.00000000, 0.00000000, 0.00000000, 0.00000000
5, 1.3300, 133, -1.19326913, -0.04801620, -0.13519515, -3.80753613, -56.65056992, 39.98253250, -60.47939301, 60.45016098, -92.34142303, 10.74426937, -30.33983040, -76.71154022, 0.76872641, 0.09081256, 0.26037610, 0.57707632, 0.11120643, -0.02847616, 0.17555231, 0.00000000, 0.00000000, 0.00000000, 0.00000000
5, 1.3400, 134, -1.11365569, -0.04295617, -0.18024892, -1.25347853, -36.25807953, 36.59786606, -60.47939301, 60.45016098, -92.34142303, 10.28297615, -30.01519775, -76.44549561, 0.77012014, 0.09156954, 0.25616896, 0.57698143, 0.07267971, 0.02406645, 0.10424275, 0.00000000, 0.00000000, 0.00000000, 0.00000000
5, 1.3500, 135, -1.01683092, -0.05279170, -0.23494858, 4.28802967, -13.02320671, 32.68209076, -59.74861145, 60.83016586, -92.16603088, 10.09499741, -29.71340179, -76.26273346, 0.77128226, 0.09081338, 0.25341278, 0.57676560, 0.03847227, 0.08267517, 0.01166663, 0.00000000, 0.00000000, 0.00000000, 0.00000000
5, 1.3600, 136, -0.93862534, -0.06425370, -0.28840411, 8.36650753, -6.96408844, 29.11163902, -59.77784348, 61.50248337, -92.04911041, 9.98171520, -29.44662476, -76.08141327, 0.77244979, 0.08975308, 0.25125289, 0.57631391, 0.01426270, 0.13783121, -0.06470363, 0.00000000, 0.00000000, 0.00000000, 0.00000000
2, 1.3500, 135, -1.27672029, 0.01224168, 0.15166931, 80.51969147, -53.61563873, 4.22363901, -19.73107338, 45.16223145, 63.31481934, -1.93637657, -26.30756950, -53.08645248, 0.86928314, 0.11639792, 0.19619761, 0.43852586, 0.16018210, -0.06391291, 0.23553325, 0.00000000, 0.00000000, 0.00000000, 0.00000000
5, 1.3700, 137, -0.86682522, -0.06589806, -0.32378474, 10.73589039, -6.50648117, 26.11295128, -59.45629883, 61.41479111, -91.78602600, 12.72709751, -29.58773422, -77.36119843, 0.76780176, 0.07494451, 0.26507697, 0.57844442, -0.01716989, 0.16396219, -0.12753095, 0.00000000, 0.00000000, 0.00000000, 0.00000000
2, 1.3600, 136, -1.24158013, -0.01003980, 0.12572590, 78.33007050, -32.23428726, 1.09106326, -19.73107338, 45.16223145, 63.31481934, -2.04969001, -26.03492737, -52.24093628, 0.87288284, 0.11479834, 0.19453903, 0.43249446, 0.17459413, -0.06031778, 0.18478252, 0.00000000, 0.00000000, 0.00000000, 0.00000000
5, 1.3800, 138, -0.84269023, -0.06207924, -0.33265767, 12.31362820, -13.67817307, 25.06315041, -58.90090561, 61.82402802, -91.69833374, 12.53649426, -29.38338470, -77.10182953, 0.76921988, 0.07451640, 0.26297656, 0.57757390, -0.03330608, 0.14323752, -0.14028506, 0.00000000, 0.00000000, 0.00000000, 0.00000000
5, 1.3900, 139, -0.84345990, -0.04588733, -0.30202210, 12.42817879, -25.43367958, 21.43400955, -58.90090561, 61.82402802, -91.69833374, 12.21840286, -29.22736931, -76.78866577, 0.77076888, 0.07509461, 0.26057699, 0.57652038, -0.04404059, 0.11610528, -0.13434894, 0.00000000, 0.00000000, 0.00000000, 0.00000000
5, 1.4000, 140, -0.87099004, -0.04058996, -0.29210705, 13.24845314, -35.76968765, 15.49875164, -59.01782990, 62.05787659, -92.19526672, 11.79191589, -29.14078712, -76.42783356, 0.77240098, 0.07668330, 0.25811434, 0.57523340, -0.03352719, 0.11163764, -0.10992216, 0.00000000, 0.00000000, 0.00000000, 0.00000000
2, 1.3700, 137, -1.17006564, -0.05694369, 0.05287991, 70.98526001, -11.92568684, -2.01606154, -20.14031029, 46.21455765, 63.13943100, -2.04858160, -25.93715668, -51.52799225, 0.87573707, 0.11321911, 0.19450355, 0.42712358, 0.20865363, -0.04546500, 0.07677140, 0.00000000, 0.00000000, 0.00000000, 0.00000000
5, 1.4100, 141, -0.90215951, -0.04305011, -0.29940328, 16.25576782, -45.25135803, 13.23649311, -58.75474930, 61.44402313, -91.93218231, 11.26150227, -29.08934593, -75.99272919, 0.77428317, 0.07901227, 0.25541797, 0.57358915, -0.01544445, 0.12630782, -0.08584103, 0.00000000, 0.00000000, 0.00000000, 0.00000000
2, 1.3800, 138, -1.11222243, 0.00951310, -0.00838528, 63.32491302, -4.63971615, -5.55287600, -20.14031029, 46.88687515, 62.96404648, -1.28545761, -27.38295937, -51.62125397, 0.87344617, 0.11286086, 0.20832187, 0.42538941, 0.17220163, 0.04162738, 0.03064392, 0.00000000, 0.00000000, 0.00000000, 0.00000000
5, 1.4200, 142, -0.91678697, -0.06180680, -0.30914211, 19.41733551, -45.93474197, 15.28308964, -58.37474442, 62.08710861, -91.46448517, 12.82995415, -29.40461731, -76.59682465, 0.77191883, 0.07149456, 0.26490843, 0.57345742, 0.00737379, 0.13660605, -0.08171701, 0.00000000, 0.00000000, 0.00000000, 0.00000000
5, 1.4300, 143, -0.91826475, -0.04861486, -0.32460928, 22.64093208, -41.27273178, 18.13982582, -59.16398621, 61.53171539, -91.75679779, 12.33568478, -29.31984329, -76.10594177, 0.77415705, 0.07324413, 0.26220280, 0.57145959, -0.00680710, 0.13633251, -0.06890555, 0.00000000, 0.00000000, 0.00000000, 0.00000000
5, 1.4400, 144, -0.92377251, 0.00274999, -0.36154032, 27.19331932, -38.08720398, 19.12173653, -58.22858810, 62.64250183, -90.87985992, 11.87788010, -29.22665215, -75.58640289, 0.77655756, 0.07466076, 0.25965565, 0.56917775, -0.04810512, 0.17936762, -0.04126400, 0.00000000, 0.00000000, 0.00000000, 0.00000000
5, 1.4500, 145, -0.93464321, 0.04528113, -0.39012417, 32.23262787, -40.35013580, 17.96961021, -58.22858810, 62.64250183, -90.87985992, 11.39742470, -29.15243912, -75.00924683, 0.77919090, 0.07622675, 0.25717124, 0.56649280, -0.07909792, 0.21419081, -0.01313493, 0.00000000, 0.00000000, 0.00000000, 0.00000000
5, 1.4600, 146, -0.93483323, 0.07724933, -0.40236866, 35.88476181, -50.68192673, 13.61080456, -58.60859299, 62.81789017, -91.23063660, 10.80581760, -29.13344383, -74.35124969, 0.78205848, 0.07868762, 0.25457487, 0.56336886, -0.10646340, 0.23399940, 0.00061953, 0.00000000, 0.00000000, 0.00000000, 0.00000000
2, 1.3900, 139, -1.05746913, 0.01313951, -0.03490684, 55.71329880, -6.72770262, -13.39528179, -19.96492195, 47.12072372, 63.05173874, -1.37994528, -27.41068077, -51.00762939, 0.87556624, 0.11256634, 0.20878869, 0.42085621, 0.13886060, 0.05384853, -0.01599501, 0.00000000, 0.00000000, 0.00000000, 0.00000000
2, 1.4000, 140, -1.00573575, 0.02613686, -0.07382184, 50.36883545, -20.11503220, -21.15058517, -19.93569183, 46.76995087, 62.52557755, -1.64548528, -27.38878632, -50.35360718, 0.87773556, 0.11332864, 0.20829529, 0.41635314, 0.12692918, 0.09271222, -0.07009809, 0.00000000, 0.00000000, 0.00000000, 0.00000000
5, 1.4700, 147, -0.91996509, 0.09975313, -0.38429493, 37.96835709, -66.88387299, 7.99285030, -57.90704346, 61.85326004, -91.14293671, 12.67588329, -27.68752670, -75.13050842, 0.78103423, 0.06002410, 0.25385186, 0.56739944, -0.12778814, 0.21565366, -0.00443496, 0.00000000, 0.00000000, 0.00000000, 0.00000000
2, 1.4100, 141, -0.99042410, 0.06826770, -0.12936670, 55.79980087, -35.10124207, -27.41546822, -19.93569183, 46.76995087, 62.52557755, -2.06696224, -27.29043388, -49.56013107, 0.88037050, 0.11477560, 0.20680602, 0.41110304, 0.13022912, 0.16700035, -0.09033129, 0.00000000, 0.00000000, 0.00000000, 0.00000000
5, 1.4800, 148, -0.93396693, 0.08731947, -0.32259461, 37.36507034, -85.70716858, 3.24045038, -58.22858810, 62.32095718, -90.87985992, 11.72258186, -27.82392693, -74.30583191, 0.78443080, 0.06544238, 0.25049368, 0.56359416, -0.09381536, 0.13597307, -0.00364580, 0.00000000, 0.00000000, 0.00000000, 0.00000000
2, 1.4200, 142, -0.97715485, 0.09362134, -0.19201711, 72.64293671, -40.82056427, -31.02010727, -19.96492195, 46.59456253, 62.87635040, -2.53761172, -27.16131592, -48.57103348, 0.88366628, 0.11617070, 0.20512971, 0.40442586, 0.14918371, 0.23501803, -0.11830211, 0.00000000, 0.00000000, 0.00000000, 0.00000000
2, 1.4300, 143, -0.96459872, 0.04025798, -0.22248453, 92.61445618, -41.76382828, -33.58848572, -20.11107826, 46.47763824, 62.35018921, -0.22467968, -30.01011276, -50.09740829, 0.87484157, 0.11133254, 0.23375154, 0.40941119, 0.18155614, 0.21255569, -0.15590346, 0.00000000, 0.00000000, 0.00000000, 0.00000000
5, 1.4900, 149, -0.99250597, 0.06604337, -0.25181058, 34.35462952, -102.54724121, -1.55672002, -58.25782013, 62.93481445, -90.03215027, 10.58068180, -28.00682831, -73.42729950, 0.78783464, 0.07232691, 0.24663481, 0.55969346, -0.04860603, 0.08203213, 0.03482278, 0.00000000, 0.00000000, 0.00000000, 0.00000000
2, 1.4400, 144, -0.94903708, 0.01490701, -0.20565762, 108.84799194, -43.49642563, -35.49668884, -19.70184135, 46.62379456, 62.37942123, -0.78448117, -29.91602707, -48.69713974, 0.87943423, 0.11243884, 0.23242085, 0.39991692, 0.14415926, 0.15802836, -0.15442815, 0.00000000, 0.00000000, 0.00000000, 0.00000000
5, 1.5000, 150, -1.07758331, 0.04168122, -0.19788761, 30.10495377, -109.13308716, -4.44624805, -58.25782013, 62.93481445, -90.03215027, 9.36133766, -28.20200729, -72.55514526, 0.79102468, 0.07987342, 0.24258026, 0.55592728, 0.01153605, 0.04690860, 0.09534478, 0.00000000, 0.00000000, 0.00000000, 0.00000000
2, 1.4500, 145, -0.97304469, 0.04204615, -0.21587703, 118.74993896, -38.52436829, -36.12159729, -20.28646660, 46.94533539, 61.97018433, -1.30136573, -29.85031700, -47.22146606, 0.88414651, 0.11320481, 0.23158614, 0.38966331, 0.14971079, 0.19309136, -0.12907416, 0.00000000, 0.00000000, 0.00000000, 0.00000000
2, 1.4600, 146, -0.98915339, 0.01994942, -0.17468965, 123.27012634, -42.29624939, -35.88269043, -20.28646660, 46.94533539, 61.97018433, -1.83875608, -29.74212074, -45.69029236, 0.88897741, 0.11391887, 0.23046143, 0.37898457, 0.14686233, 0.15695640, -0.10754289, 0.00000000, 0.00000000, 0.00000000, 0.00000000
5, 1.5100, 151, -1.14713454, 0.03150132, -0.15776739, 25.80908775, -103.65744019, -3.36721778, -58.31628036, 61.18093872, -89.62291718, 8.19688511, -28.35994530, -71.74699402, 0.79387414, 0.08703502, 0.23859881, 0.55250293, 0.05188651, 0.02532375, 0.14949012, 0.00000000, 0.00000000, 0.00000000, 0.00000000
2, 1.4700, 147, -0.99865836, 0.03368764, -0.13005745, 122.55110168, -55.68087006, -34.52958679, -20.25723457, 46.82841110, 61.26863480, -2.46046352, -29.51111984, -44.12369919, 0.89395446, 0.11488516, 0.22819391, 0.36820427, 0.11961140, 0.14602609, -0.07748697, 0.00000000, 0.00000000, 0.00000000, 0.00000000
5, 1.5200, 152, -1.15672815, 0.03305686, -0.15351346, 21.93803406, -84.32830048, -0.26335990, -57.52703857, 62.23326492, -89.09675598, 7.48569965, -28.15819359, -71.25306702, 0.79598284, 0.08993059, 0.23419094, 0.55088890, 0.05454655, 0.03598237, 0.15683553, 0.00000000, 0.00000000, 0.00000000, 0.00000000
2, 1.4800, 148, -1.00365210, 0.06078059, -0.04503466, 115.48956299, -79.01590729, -34.32645035, -20.57877731, 47.26688004, 61.35632706, -1.97133994, -29.58839989, -43.82778931, 0.89521825, 0.11071525, 0.23065551, 0.36486217, 0.05813979, 0.11506710, -0.03007060, 0.00000000, 0.00000000, 0.00000000, 0.00000000
2, 1.4900, 149, -1.03057420, 0.06350623, 0.02774491, 105.82588196, -107.85136414, -36.99143219, -20.40339088, 47.47150040, 61.18093872, -3.00884628, -28.97741890, -42.21224594, 0.90056896, 0.11377506, 0.22417140, 0.35465193, 0.02913540, 0.06797478, 0.02174333, 0.00000000, 0.00000000, 0.00000000, 0.00000000
2, 1.5000, 150, -1.05483782, 0.06660277, 0.08196700, 99.13372040, -134.05876160, -40.49640656, -20.40339088, 47.47150040, 61.18093872, -4.24666262, -28.16479874, -40.57051468, 0.90603888, 0.11800693, 0.21561013, 0.34450001, 0.01869766, 0.05197696, 0.06008665, 0.00000000, 0.00000000, 0.00000000, 0.00000000
2, 1.5100, 151, -1.07389009, 0.06552257, 0.14392613, 97.29833221, -149.77676392, -43.21355820, -20.46185303, 47.17918777, 61.76556396, -5.58495760, -27.21739197, -38.91173935, 0.91152054, 0.12292439, 0.20581903, 0.33415353, 0.00557028, 0.03022626, 0.09509112, 0.00000000, 0.00000000, 0.00000000, 0.00000000
5, 1.5300, 153, -1.12325048, 0.03611468, -0.14481583, 20.01271439, -62.57112503, 3.24164915, -57.64396286, 62.55480957, -87.95673370, 6.77897978, -28.19360924, -70.71134949, 0.79796422, 0.09392262, 0.23147626, 0.54849845, 0.03827729, 0.03653879, 0.12640658, 0.00000000, 0.00000000, 0.00000000, 0.00000000
2, 1.5200, 152, -1.09855509, 0.07101602, 0.20188566, 100.16969299, -151.13755798, -44.53640747, -20.08184814, 46.68225479, 62.40865326, -6.89756632, -26.23114967, -37.25420761, 0.91686684, 0.12786551, 0.19592699, 0.32344756, -0.00441128, 0.01667436, 0.13575053, 0.00000000, 0.00000000, 0.00000000, 0.00000000
2, 1.5300, 153, -1.09798622, 0.04495109, 0.24895184, 102.62994385, -140.35186768, -43.64934158, -18.53259277, 46.12686157, 63.49020767, -8.09870720, -24.73516655, -35.68126678, 0.92286712, 0.13111545, 0.18224165, 0.31291091, -0.00176436, -0.01380596, 0.13883872, 0.00000000, 0.00000000, 0.00000000, 0.00000000
2, 1.5400, 154, -1.09021091, 0.01437602, 0.27469969, 101.08543396, -114.02240753, -41.41739655, -19.35106659, 45.77608871, 63.05173874, -9.03779221, -23.96173859, -34.21548080, 0.92721659, 0.13453676, 0.17511122, 0.30249840, 0.01510412, -0.03602046, 0.12471921, 0.00000000, 0.00000000, 0.00000000, 0.00000000
5, 1.5400, 154, -1.10059679, 0.03622007, -0.13444011, 18.75189018, -39.79024506, 7.14817619, -57.70242691, 63.81174850, -87.89827728, 6.32668114, -28.16855431, -70.30025482, 0.79958975, 0.09612392, 0.22948484, 0.54658312, 0.02738696, 0.03451728, 0.10555097, 0.00000000, 0.00000000, 0.00000000, 0.00000000
5, 1.5500, 155, -1.08775520, 0.03526905, -0.13225369, 17.36780548, -18.81431961, 10.01426125, -57.70242691, 63.81174850, -87.89827728, 6.10979652, -28.09784508, -70.01356506, 0.80087692, 0.09671582, 0.22820853, 0.54512686, 0.02287199, 0.03693680, 0.09287484, 0.00000000, 0.00000000, 0.00000000, 0.00000000
2, 1.5500, 155, -1.06759357, -0.01755315, 0.29097342, 93.11425781, -83.92082214, -37.79586029, -19.35106659, 45.77608871, 63.05173874, -9.73705864, -23.39673233, -32.94225311, 0.93077677, 0.13697763, 0.17017367, 0.29314291, 0.02069839, -0.05748807, 0.09815223, 0.00000000, 0.00000000, 0.00000000, 0.00000000
5, 1.5600, 156, -1.07205415, 0.05952298, -0.14525007, 15.55578041, -0.91756183, 11.84846592, -57.55627060, 62.23326492, -87.98596954, 6.09414244, -27.99514961, -69.84011078, 0.80183923, 0.09597331, 0.22757502, 0.54410714, -0.00468765, 0.05086071, 0.09007072, 0.00000000, 0.00000000, 0.00000000, 0.00000000
2, 1.5600, 156, -1.04140854, -0.03550098, 0.29083878, 83.63263702, -52.49339294, -32.62187958, -18.91259766, 47.20841980, 63.51943970, -10.19032288, -23.05239487, -31.87505150, 0.93357474, 0.13832472, 0.16748162, 0.28505188, 0.02319801, -0.06155610, 0.06816981, 0.00000000, 0.00000000, 0.00000000, 0.00000000
5, 1.5700, 157, -1.02087879, 0.11606643, -0.16817236, 15.96476555, 11.33065796, 13.99296856, -57.67319489, 62.23326492, -88.42443848, 7.07668352, -26.51469803, -70.36539459, 0.80217582, 0.08278415, 0.22168697, 0.54819322, -0.07212618, 0.06816751, 0.06968296, 0.00000000, 0.00000000, 0.00000000, 0.00000000
2, 1.5700, 157, -1.01355457, -0.02607865, 0.30179614, 73.64014435, -23.20168495, -24.91583443, -19.67260933, 47.09149170, 63.08097076, -10.40060902, -22.90473366, -31.01906586, 0.93570167, 0.13847278, 0.16678163, 0.27833712, -0.00071231, -0.05690153, 0.05233248, 0.00000000, 0.00000000, 0.00000000, 0.00000000
5, 1.5800, 158, -0.96401733, 0.15551993, -0.17104112, 18.23248672, 14.39171410, 17.91032791, -57.58549881, 62.14557266, -88.36597443, 7.23271704, -26.34645081, -70.23935699, 0.80311203, 0.08060918, 0.22136831, 0.54727465, -0.11608893, 0.05705673, 0.03126870, 0.00000000, 0.00000000, 0.00000000, 0.00000000
2, 1.5800, 158, -0.98916388, -0.00897696, 0.26013631, 63.67850113, 1.04818940, -16.08105659, -19.05875397, 47.06226349, 63.02250671, -10.42464828, -22.46220589, -30.35261345, 0.93809575, 0.13677654, 0.16386963, 0.27279165, 0.00440039, -0.01487530, 0.02050139, 0.00000000, 0.00000000, 0.00000000, 0.00000000
5, 1.5900, 159, -0.96398377, 0.17064978, -0.15118134, 19.28720093, 8.23414421, 18.69654465, -57.29319000, 63.34405136, -88.01519775, 7.32057810, -26.17641640, -70.06891632, 0.80420887, 0.07881790, 0.22073813, 0.54617810, -0.12638405, 0.03500909, 0.03732905, 0.00000000, 0.00000000, 0.00000000, 0.00000000
2, 1.5900, 159, -0.91995698, -0.00845546, 0.32191414, 47.59374237, 12.48044395, -9.86555576, -19.55568504, 47.50072861, 62.46711349, -10.32327747, -22.54799461, -29.90593147, 0.93911445, 0.13548186, 0.16534948, 0.26901361, -0.06786714, -0.05658236, -0.01364205, 0.00000000, 0.00000000, 0.00000000, 0.00000000
5, 1.6000, 160, -0.97787541, 0.13512039, -0.09194338, 17.28022194, -3.00817513, 15.42211151, -57.29319000, 63.34405136, -88.01519775, 7.28549814, -26.04509163, -69.86292267, 0.80533659, 0.07801601, 0.21980868, 0.54500520, -0.08559474, -0.02412682, 0.03081390, 0.00000000, 0.00000000, 0.00000000, 0.00000000
2, 1.6000, 160, -0.99767852, 0.04390528, 0.33162910, 30.00141907, 11.01975155, -6.38987970, -19.55568504, 47.50072861, 62.46711349, -10.24049377, -22.62856483, -29.63129425, 0.93970549, 0.13456997, 0.16653341, 0.26666674, -0.06156770, -0.02589367, 0.07485694, 0.00000000, 0.00000000, 0.00000000, 0.00000000
2, 1.6100, 161, -0.99016517, 0.09171333, 0.24982680, 17.76651192, 5.36053658, -3.24863291, -19.61414719, 46.68225479, 61.59017944, -10.19484520, -22.66403580, -29.46870041, 0.94007093, 0.13403071, 0.16712360, 0.26527739, -0.04294989, 0.06346622, 0.05307715, 0.00000000, 0.00000000, 0.00000000, 0.00000000
5, 1.6100, 161, -0.99903393, 0.12111355, -0.02132092, 13.52405071, -14.82708645, 13.78612995, -56.85472107, 63.75328827, -88.24904633, 7.11898804, -25.93425179, -69.63314056, 0.80645907, 0.07819864, 0.21841028, 0.54388028, -0.06043930, -0.09280242, 0.04096419, 0.00000000, 0.00000000, 0.00000000, 0.00000000
5, 1.6200, 162, -1.01175773, 0.12641078, -0.02469735, 11.69675255, -21.20362282, 13.21925163, -57.55627060, 63.92867661, -88.10289001, 5.84662151, -25.06245804, -69.12938690, 0.80910081, 0.08193899, 0.20668514, 0.54398823, -0.05428758, -0.08232942, 0.05159151, 0.00000000, 0.00000000, 0.00000000, 0.00000000
2, 1.6200, 162, -0.97319657, 0.15144359, 0.26009351, 17.94805717, -4.14381790, -2.33140779, -19.49722290, 47.73458099, 62.43788147, -10.20370579, -22.61840439, -29.28549385, 0.94056767, 0.13374451, 0.16693929, 0.26377317, -0.09194536, 0.10053944, 0.06523971, 0.00000000, 0.00000000, 0.00000000, 0.00000000
5, 1.6300, 163, -0.98130322, 0.12264083, -0.05087179, 12.75436878, -18.69659424, 14.36968517, -57.05933762, 63.84098053, -88.39520264, 5.64233685, -24.94227600, -68.89089966, 0.81024307, 0.08236527, 0.20505103, 0.54284090, -0.05517045, -0.04101406, 0.01641315, 0.00000000, 0.00000000, 0.00000000, 0.00000000
2, 1.6300, 163, -1.02394950, 0.14570253, 0.24430673, 29.94199753, -10.75545979, -5.61464834, -20.08184814, 47.09149170, 62.17480087, -8.96577644, -21.80052757, -29.99119377, 0.94179195, 0.12291635, 0.16224249, 0.26757610, -0.04661055, 0.10272439, 0.09642923, 0.00000000, 0.00000000, 0.00000000, 0.00000000
2, 1.6400, 164, -1.00019395, 0.12884499, 0.24589582, 41.86317444, -11.96741295, -11.42015457, -19.61414719, 47.88073730, 62.02864456, -9.04439640, -21.71999931, -29.52523041, 0.94292980, 0.12273729, 0.16189206, 0.26383698, -0.04111235, 0.07553357, 0.06450374, 0.00000000, 0.00000000, 0.00000000, 0.00000000
5, 1.6400, 164, -0.93573081, 0.12370559, -0.06697723, 15.09878731, -14.97107124, 16.74209023, -57.32241821, 63.49020767, -88.65828705, 5.48020220, -24.79755592, -68.64761353, 0.81146812, 0.08237235, 0.20344961, 0.54161114, -0.07621877, -0.02226023, -0.02410161, 0.00000000, 0.00000000, 0.00000000, 0.00000000
5, 1.6500, 165, -0.91323733, 0.12417811, -0.05185550, 16.95965958, -14.37020206, 17.04818916, -57.32241821, 63.49020767, -88.65828705, 5.32690287, -24.65036964, -68.39005280, 0.81276762, 0.08228702, 0.20188245, 0.54026043, -0.08498058, -0.03504057, -0.04497301, 0.00000000, 0.00000000, 0.00000000, 0.00000000
2, 1.6500, 165, -0.95685822, 0.08435236, 0.25122541, 45.00318909, -12.90541553, -16.49858856, -19.61414719, 47.88073730, 62.02864456, -9.16306782, -21.65766144, -29.00143051, 0.94410866, 0.12284823, 0.16166489, 0.25967643, -0.04233387, 0.04072886, 0.01386015, 0.00000000, 0.00000000, 0.00000000, 0.00000000
5, 1.6600, 166, -0.93304616, 0.11095741, -0.01979576, 18.35026550, -12.41977692, 13.90475368, -56.82548904, 63.92867661, -87.63519287, 5.19874954, -24.53388023, -68.13355255, 0.81403673, 0.08218123, 0.20064738, 0.53882384, -0.06142269, -0.06479415, -0.03538040, 0.00000000, 0.00000000, 0.00000000, 0.00000000
2, 1.6600, 166, -0.93950051, 0.02134350, 0.28637546, 38.21317291, -13.82941723, -17.86944389, -19.70184135, 47.23764801, 61.56094742, -9.31386471, -21.60413170, -28.52802849, 0.94510561, 0.12331723, 0.16138931, 0.25597250, -0.03739456, -0.02722511, -0.00963800, 0.00000000, 0.00000000, 0.00000000, 0.00000000
5, 1.6700, 167, -0.99255425, 0.08081434, -0.00130438, 18.66214561, -7.99236727, 10.93924904, -57.23472595, 63.02250671, -88.30751038, 4.15060949, -24.51209259, -67.53865051, 0.81607652, 0.08850183, 0.19601968, 0.53643537, -0.00468955, -0.07754194, 0.00091457, 0.00000000, 0.00000000, 0.00000000, 0.00000000
5, 1.6800, 168, -0.99023443, 0.07992788, -0.00132958, 17.64336586, -1.05067933, 7.22688293, -57.17626190, 64.48406982, -88.83367157, 4.15100145, -24.45170593, -67.35765839, 0.81700563, 0.08790059, 0.19573505, 0.53522253, -0.00472995, -0.06549484, -0.00266111, 0.00000000, 0.00000000, 0.00000000, 0.00000000
5, 1.6900, 169, -0.92959100, 0.11115336, 0.00078968, 15.87907887, 5.10294819, 7.08054590, -57.03010941, 64.71791840, -89.30137634, 4.21740389, -24.38878441, -67.22630310, 0.81775498, 0.08690190, 0.19570097, 0.53425270, -0.06045993, -0.06884558, -0.04098002, 0.00000000, 0.00000000, 0.00000000, 0.00000000
2, 1.6700, 167, -0.90136003, -0.00003867, 0.31239659, 28.21099091, -12.55943298, -14.81043434, -19.67260933, 48.08535385, 62.11634064, -9.45354366, -21.55484390, -28.16361237, 0.94585079, 0.12386027, 0.16106218, 0.25314844, -0.06174910, -0.05813386, -0.03864003, 0.00000000, 0.00000000, 0.00000000, 0.00000000
5, 1.7000, 170, -0.90535516, 0.09831028, 0.02420720, 12.32511044, -0.94346994, 7.38476992, -56.79625702, 65.36100769, -89.09675598, 4.21456051, -24.32358932, -67.09677887, 0.81844485, 0.08639013, 0.19532509, 0.53341627, -0.05959127, -0.09262268, -0.06901272, 0.00000000, 0.00000000, 0.00000000, 0.00000000
5, 1.7100, 171, -0.95285666, 0.04464744, 0.10178524, 4.96106005, -11.89567757, 3.88750315, -56.79625702, 65.36100769, -89.09675598, 4.08721399, -24.29374695, -66.98298645, 0.81891859, 0.08696418, 0.19460768, 0.53285789, 0.01198323, -0.16824865, -0.05434971, 0.00000000, 0.00000000, 0.00000000, 0.00000000
5, 1.7200, 172, -1.03518164, 0.03207439, 0.15453543, -5.25632858, -19.67515945, -1.49579203, -56.50394440, 64.95176697, -89.06752014, 1.39121091, -24.91723442, -65.89778137, 0.82075989, 0.10737952, 0.18746899, 0.52884609, 0.06100806, -0.20792106, 0.01170939, 0.00000000, 0.00000000, 0.00000000, 0.00000000
2, 1.6800, 168, -0.89181125, 0.00744459, 0.36359066, 20.12586212, -9.58772182, -8.32643986, -19.99415398, 46.41917419, 62.32095718, -10.70805454, -20.35311127, -27.24723625, 0.94851816, 0.13069201, 0.14932910, 0.24684790, -0.09726189, -0.08020434, -0.02381542, 0.00000000, 0.00000000, 0.00000000, 0.00000000
2, 1.6900, 169, -0.90802753, 0.02343695, 0.40719151, 11.18677616, -5.11563063, -1.48348737, -19.61414719, 47.29611206, 61.67787170, -10.72512913, -20.30370522, -27.12881279, 0.94883627, 0.13058682, 0.14901505, 0.24586901, -0.10925625, -0.08196627, 0.01051970, 0.00000000, 0.00000000, 0.00000000, 0.00000000
5, 1.7300, 173, -1.04058695, 0.04008547, 0.13059567, -14.66303635, -18.76471710, -3.63273883, -56.65010071, 63.31481934, -88.45366669, 1.17438281, -24.95521927, -65.94027710, 0.82030082, 0.10917824, 0.18669870, 0.52946246, 0.04860729, -0.15095393, 0.02251549, 0.00000000, 0.00000000, 0.00000000, 0.00000000
5, 1.7400, 174, -1.00788426, 0.04779302, 0.08860409, -20.99338531, -14.50703335, 2.50819969, -57.32241821, 64.80561066, -88.71675110, 0.99803025, -24.92996025, -66.06475067, 0.81959474, 0.11052468, 0.18558335, 0.53066713, 0.02543716, -0.10599800, -0.00210999, 0.00000000, 0.00000000, 0.00000000, 0.00000000
5, 1.7500, 175, -1.01014078, 0.06187240, 0.06641424, -25.98378181, -12.09792805, 9.23648548, -57.00087738, 64.95176697, -87.98596954, 0.84262395, -24.83652878, -66.24851227, 0.81873554, 0.11149624, 0.18401815, 0.53233266, 0.01512126, -0.08149696, 0.00623906, 0.00000000, 0.00000000, 0.00000000, 0.00000000
5, 1.7600, 176, -1.05910540, 0.06253634, 0.07752317, -30.71134949, -13.30705357, 11.49365902, -57.00087738, 64.95176697, -87.98596954, 0.66941524, -24.72069359, -66.47102356, 0.81770861, 0.11254705, 0.18216898, 0.53432238, 0.04012385, -0.09001102, 0.04848644, 0.00000000, 0.00000000, 0.00000000, 0.00000000
2, 1.7000, 170, -0.87899470, 0.02131237, 0.45525306, 1.65730214, -3.18706560, 2.81909108, -19.61414719, 47.29611206, 61.67787170, -10.71863556, -20.25926971, -27.12246704, 0.94893163, 0.13044187, 0.14866526, 0.24578929, -0.15303475, -0.11583269, 0.00494995, 0.00000000, 0.00000000, 0.00000000, 0.00000000
5, 1.7700, 177, -1.12404072, 0.04920838, 0.09946348, -36.14639664, -12.36496639, 11.65540504, -56.85472107, 64.60099030, -88.13212585, -0.70374054, -25.01922035, -66.25401306, 0.81683737, 0.12339170, 0.17811698, 0.53462654, 0.08368976, -0.10426489, 0.09859291, 0.00000000, 0.00000000, 0.00000000, 0.00000000
