SensorId, TimeStamp (s), FrameNumber, AccX (g), AccY (g), AccZ (g), GyroX (deg/s), GyroY (deg/s), GyroZ (deg/s), MagX (uT), MagY (uT), MagZ (uT), EulerX (deg), EulerY (deg), EulerZ (deg), QuatW, QuatX, QuatY, QuatZ, LinAccX (g), LinAccY (g), LinAccZ (g), Pressure (kPa), Altitude (m), Temperature (degC), HeaveMotion (m)
5, 0.0000, 0, -0.28416994, 0.29346058, -0.28323555, -114.36952972, -91.96456146, 86.02843475, -53.78544235, 52.64542389, -119.81876373, -35.24537659, -22.47434807, 25.62740707, 0.92460406, 0.24835777, 0.24695693, -0.14979406, -0.15286370, 0.12844130, -0.56718677, 0.00000000, 0.00000000, 0.00000000, 0.00000000
2, 0.0001, 0, -0.21896845, 0.50149757, -0.08442408, -164.79121399, -42.69654083, 111.72202301, -12.74481106, 44.95761490, 23.18035698, -35.23931503, -21.16826057, 35.72235489, 0.90876937, 0.22951220, 0.25788561, -0.23443004, 0.04095339, -0.06464732, -0.85250890, 0.00000000, 0.00000000, 0.00000000, 0.00000000
5, 0.0100, 1, -0.38783324, 0.33438128, -0.33323166, -116.46804810, -106.60172272, 86.31967926, -53.78544235, 52.64542389, -119.81876373, -36.57713699, -23.79251480, 26.17583275, 0.91960925, 0.25476515, 0.26017660, -0.14738272, -0.08830202, 0.07948832, -0.48519421, 0.00000000, 0.00000000, 0.00000000, 0.00000000
2, 0.0101, 1, -0.26460162, 0.56606722, -0.13678557, -168.70222473, -49.52114487, 112.48772430, -12.59865570, 47.61765671, 24.20344925, -37.30285263, -21.93603325, 36.19129181, 0.90306705, 0.24244671, 0.26887232, -0.23107830, -0.09840597, -0.02326997, -0.68565464, 0.00000000, 0.00000000, 0.00000000, 0.00000000
5, 0.0200, 2, -0.48891556, 0.32387632, -0.33772308, -118.23670197, -118.84320068, 87.78549957, -54.13621521, 52.70388794, -119.02952576, -37.94051361, -25.22077179, 26.78861046, 0.91421229, 0.26077896, 0.27433452, -0.14474465, -0.02330465, 0.09722935, -0.41238406, 0.00000000, 0.00000000, 0.00000000, 0.00000000
5, 0.0300, 3, -0.53790265, 0.27917162, -0.34032995, -121.49188232, -122.93884277, 88.92109680, -54.60391617, 56.29932785, -118.18181610, -39.36453629, -26.68264008, 27.45313835, 0.90843964, 0.26679894, 0.28882724, -0.14189707, -0.01337703, 0.14407474, -0.34533447, 0.00000000, 0.00000000, 0.00000000, 0.00000000
2, 0.0201, 2, -0.31989339, 0.59038407, -0.17761271, -173.25505066, -56.87195206, 113.95325470, -12.59865570, 47.61765671, 24.20344925, -39.42506409, -22.76663971, 36.71298599, 0.89688414, 0.25532478, 0.28048673, -0.22745439, -0.07815965, -0.03729818, -0.60799229, 0.00000000, 0.00000000, 0.00000000, 0.00000000
2, 0.0301, 3, -0.40065455, 0.59209603, -0.20687470, -176.32415771, -62.43883896, 114.39263916, -11.69248772, 48.72844315, 25.31423569, -41.59221268, -23.63855743, 37.28438187, 0.89026725, 0.26807466, 0.29252049, -0.22358932, -0.03548598, -0.02683931, -0.51788002, 0.00000000, 0.00000000, 0.00000000, 0.00000000
5, 0.0400, 4, -0.60555440, 0.27086976, -0.39986327, -123.10498810, -122.44210052, 93.07209778, -54.16544724, 57.05933762, -117.33411407, -40.79699326, -31.23534775, 19.11482620, 0.90573645, 0.28912297, 0.30456677, -0.05734583, -0.01019365, 0.12472856, -0.23859264, 0.00000000, 0.00000000, 0.00000000, 0.00000000
2, 0.0401, 4, -0.46249789, 0.59271866, -0.24859281, -177.98428345, -64.20584106, 112.29239655, -12.13095570, 51.03770828, 26.86348915, -43.77728271, -24.51717567, 37.87699890, 0.88335848, 0.28064021, 0.30458838, -0.21941909, -0.01535923, -0.02107291, -0.42569274, 0.00000000, 0.00000000, 0.00000000, 0.00000000
5, 0.0500, 5, -0.70572180, 0.26229790, -0.45261264, -123.18140411, -121.20423889, 96.64283752, -54.89622879, 58.55013275, -115.20023346, -42.43579865, -32.64482117, 19.98106194, 0.89871848, 0.29661065, 0.31827417, -0.05503550, 0.00231354, 0.09950101, -0.11138479, 0.00000000, 0.00000000, 0.00000000, 0.00000000
5, 0.0600, 6, -0.80619347, 0.26568401, -0.54169345, -120.50266266, -119.90284729, 100.00477600, -54.89622879, 58.55013275, -115.20023346, -44.14163971, -34.00764847, 20.95334625, 0.89141554, 0.30405763, 0.33182603, -0.05309250, 0.04122272, 0.05782155, 0.02421321, 0.00000000, 0.00000000, 0.00000000, 0.00000000
2, 0.0501, 5, -0.53734410, 0.61658657, -0.31930661, -179.70513916, -65.61109924, 108.62410736, -11.34171295, 52.79158020, 28.20812607, -49.03149033, -26.26067924, 38.98643112, 0.86672676, 0.31196201, 0.32968464, -0.20681557, 0.00342585, -0.04202925, -0.30021194, 0.00000000, 0.00000000, 0.00000000, 0.00000000
5, 0.0700, 7, -0.91495752, 0.24094027, -0.69132113, -114.40943909, -116.98514557, 104.01022339, -55.27623367, 60.53785324, -114.32329559, -45.90256119, -35.29302216, 22.04905891, 0.88391799, 0.31136060, 0.34505472, -0.05177619, 0.06047950, 0.00686504, 0.22355825, 0.00000000, 0.00000000, 0.00000000, 0.00000000
2, 0.0601, 6, -0.59369117, 0.65328896, -0.46076763, -177.52453613, -65.90847778, 104.64718628, -11.07863140, 54.42852783, 29.26045036, -51.23321533, -27.10321617, 39.65722656, 0.85899514, 0.32371974, 0.34133443, -0.20204890, -0.03058607, -0.08970362, -0.11010666, 0.00000000, 0.00000000, 0.00000000, 0.00000000
2, 0.0701, 7, -0.68428105, 0.66372973, -0.62288356, -173.53976440, -68.01961517, 100.83914948, -11.07863140, 54.42852783, 29.26045036, -53.40316391, -27.93931389, 40.36183167, 0.85113627, 0.33488250, 0.35285613, -0.19726503, -0.03891549, -0.14366615, 0.09287623, 0.00000000, 0.00000000, 0.00000000, 0.00000000
5, 0.0800, 8, -1.03244805, 0.19872534, -0.84606498, -107.57645416, -122.97566986, 104.98974609, -55.01315308, 62.35018921, -113.35866547, -47.68360138, -36.58244705, 23.26781845, 0.87619144, 0.31801584, 0.35856140, -0.05087491, 0.08247654, -0.03297882, 0.43944144, 0.00000000, 0.00000000, 0.00000000, 0.00000000
2, 0.0801, 8, -0.80031353, 0.69813609, -0.79956800, -170.83299255, -72.46025085, 100.09350586, -10.64016342, 55.53931427, 31.16047859, -55.58141708, -28.77876282, 41.13866425, 0.84298331, 0.34558421, 0.36450180, -0.19258571, -0.02748902, -0.22686113, 0.31302392, 0.00000000, 0.00000000, 0.00000000, 0.00000000
5, 0.0900, 9, -1.10430801, 0.18375547, -0.99902260, -100.33607483, -139.49481201, 104.31105804, -55.24700165, 63.69482422, -112.45249939, -45.82301331, -35.54782486, 25.68903923, 0.88161188, 0.29894209, 0.35655752, -0.07912662, 0.07809355, -0.10057704, 0.60815001, 0.00000000, 0.00000000, 0.00000000, 0.00000000
2, 0.0901, 9, -0.96038401, 0.77774769, -0.98841977, -168.01458740, -80.57456970, 101.76769257, -10.43554497, 55.36392975, 31.68664169, -57.79752350, -29.63477325, 42.03729248, 0.83437616, 0.35580346, 0.37656495, -0.18819988, 0.02468927, -0.35786450, 0.55142182, 0.00000000, 0.00000000, 0.00000000, 0.00000000
2, 0.1001, 10, -1.10472512, 0.88792187, -1.16369605, -160.96867371, -89.85488892, 101.28527832, -9.64630222, 58.28704834, 33.46974564, -57.21647644, -27.93549919, 43.96462631, 0.83328027, 0.35155803, 0.37043303, -0.21173170, 0.08493328, -0.51460981, 0.74994034, 0.00000000, 0.00000000, 0.00000000, 0.00000000
2, 0.1101, 11, -1.29103982, 1.00255167, -1.30042744, -147.43962097, -96.39556885, 97.23478699, -9.29552746, 59.19321823, 34.58053207, -59.26609802, -28.82467270, 45.01761246, 0.82483649, 0.35957959, 0.38319239, -0.20859262, 0.21940812, -0.66390622, 0.91226423, 0.00000000, 0.00000000, 0.00000000, 0.00000000
2, 0.1201, 12, -1.54150057, 1.10456240, -1.41583598, -128.07904053, -91.43177795, 88.01374817, -9.29552746, 59.19321823, 34.58053207, -61.12060547, -29.60809517, 46.05550003, 0.81699240, 0.36632949, 0.39477906, -0.20609638, 0.38848025, -0.79242957, 1.12706447, 0.00000000, 0.00000000, 0.00000000, 0.00000000
2, 0.1301, 13, -1.72514808, 1.19697094, -1.59184968, -103.88636017, -79.64588165, 76.12945557, -8.53551579, 60.36246490, 36.30517197, -62.69977951, -30.23539734, 47.00568008, 0.81016552, 0.37176821, 0.40454724, -0.20435692, 0.47196278, -0.93642139, 1.35631144, 0.00000000, 0.00000000, 0.00000000, 0.00000000
5, 0.1000, 10, -1.18356693, 0.22496133, -1.07217705, -92.06221771, -161.08987427, 101.41261292, -55.56854630, 64.63022614, -111.54633331, -47.45844269, -37.15309143, 27.05776787, 0.87367272, 0.30263939, 0.37278035, -0.07835966, 0.13676867, -0.18213324, 0.66493338, 0.00000000, 0.00000000, 0.00000000, 0.00000000
2, 0.1401, 14, -1.99301696, 1.23410428, -1.70390081, -83.57034302, -69.73741913, 62.63941574, -8.56474686, 60.56708527, 36.65594864, -64.01092529, -30.75535202, 47.84547043, 0.80438954, 0.37593806, 0.41277722, -0.20308407, 0.64990389, -1.00710201, 1.59000647, 0.00000000, 0.00000000, 0.00000000, 0.00000000
5, 0.1100, 11, -1.44581425, 0.28536344, -1.09569025, -82.54879761, -170.67167664, 97.66307068, -55.42238998, 65.15638733, -109.20783234, -49.07382202, -38.79237747, 28.54131699, 0.86558223, 0.30515230, 0.38934299, -0.07785728, 0.35625172, -0.24336544, 0.79454672, 0.00000000, 0.00000000, 0.00000000, 0.00000000
5, 0.1200, 12, -1.76027417, 0.33291778, -1.15542984, -74.73915863, -160.08630371, 93.32927704, -55.42238998, 65.15638733, -109.20783234, -50.67446136, -40.28588104, 30.04863930, 0.85772103, 0.30735466, 0.40474835, -0.07763128, 0.60828477, -0.31438518, 0.97985196, 0.00000000, 0.00000000, 0.00000000, 0.00000000
2, 0.1501, 15, -2.17872214, 1.26414645, -1.78332281, -70.11782837, -61.22250366, 51.21686172, -8.21397209, 61.76556396, 36.94826126, -60.26244354, -30.40155411, 45.92975998, 0.81982434, 0.35754687, 0.39780408, -0.20445132, 0.77489901, -1.06731296, 1.73821402, 0.00000000, 0.00000000, 0.00000000, 0.00000000
5, 0.1300, 13, -1.97529876, 0.36771953, -1.29824293, -64.88772583, -133.64122009, 86.35055542, -55.56854630, 66.44255829, -108.44782257, -52.19171524, -41.49246216, 31.46782684, 0.85061365, 0.30967492, 0.41774604, -0.07775810, 0.74121600, -0.41927388, 1.18937254, 0.00000000, 0.00000000, 0.00000000, 0.00000000
5, 0.1400, 14, -2.09770799, 0.34089145, -1.43826902, -54.82048035, -113.41495514, 72.19290161, -55.48085403, 67.61180878, -107.45395660, -48.54772568, -41.32978058, 29.57530212, 0.86171812, 0.28979817, 0.40922314, -0.07742996, 0.78458893, -0.47834733, 1.36894727, 0.00000000, 0.00000000, 0.00000000, 0.00000000
2, 0.1601, 16, -2.34630871, 1.23815823, -1.94032514, -56.96498489, -48.85333252, 42.70926666, -7.22011089, 62.05787659, 37.88365936, -61.15004730, -30.78806114, 46.49314880, 0.81597954, 0.36039695, 0.40355492, -0.20355541, 0.84455341, -1.11816728, 1.92044759, 0.00000000, 0.00000000, 0.00000000, 0.00000000
2, 0.1701, 17, -2.36544418, 1.23322105, -2.14587355, -37.46104431, -32.15629578, 32.20925140, -7.22011089, 62.05787659, 37.88365936, -61.77488327, -31.01640511, 46.90298462, 0.81325144, 0.36248523, 0.40736479, -0.20317614, 0.75992632, -1.18678916, 2.10758376, 0.00000000, 0.00000000, 0.00000000, 0.00000000
5, 0.1500, 15, -2.24391007, 0.23461825, -1.51467013, -46.43839264, -100.96405792, 51.17641449, -55.51008606, 68.37181854, -106.60625458, -49.50043869, -42.29705811, 30.44958496, 0.85691673, 0.29071939, 0.41868496, -0.07667495, 0.86285174, -0.45246056, 1.51588619, 0.00000000, 0.00000000, 0.00000000, 0.00000000
5, 0.1600, 16, -2.37888193, 0.15981063, -1.58301318, -34.51253128, -77.09745789, 30.36936951, -55.13007736, 68.45951080, -106.05085754, -50.14078522, -43.04579926, 31.03680611, 0.85350180, 0.29090625, 0.42565793, -0.07565504, 0.93169463, -0.42754599, 1.67622399, 0.00000000, 0.00000000, 0.00000000, 0.00000000
5, 0.1700, 17, -2.34436250, 0.14260110, -1.67349362, -22.09250069, -53.52719498, 13.40471554, -55.13007736, 68.45951080, -106.05085754, -50.49084473, -43.57524872, 31.36701202, 0.85140169, 0.29053369, 0.43027395, -0.07463074, 0.85594445, -0.46373618, 1.74770284, 0.00000000, 0.00000000, 0.00000000, 0.00000000
5, 0.1800, 18, -2.28346515, 0.08950258, -1.81294358, -4.49512815, -33.09783936, -3.63060522, -55.21777344, 68.22566223, -105.78778076, -50.50587463, -43.90062714, 31.46040916, 0.85068649, 0.28921410, 0.43269220, -0.07392677, 0.73306620, -0.49686694, 1.85778821, 0.00000000, 0.00000000, 0.00000000, 0.00000000
5, 0.1900, 19, -2.23218465, 0.03933833, -1.95965385, 16.27078819, -18.85306549, -20.90625000, -55.04238510, 68.75182343, -105.96316528, -44.38445663, -40.98391724, 30.05319405, 0.87195563, 0.25767568, 0.40479130, -0.09716316, 0.62909186, -0.54351574, 1.95152068, 0.00000000, 0.00000000, 0.00000000, 0.00000000
2, 0.1801, 18, -2.32187986, 1.21111500, -2.41194820, -12.40222645, -16.86115646, 20.32201767, -7.89242887, 61.61940765, 38.08827972, -62.08202744, -31.08415031, 47.16760254, 0.81180143, 0.36345080, 0.40916359, -0.20363526, 0.59218913, -1.26285982, 2.31262779, 0.00000000, 0.00000000, 0.00000000, 0.00000000
5, 0.2000, 20, -2.13780689, 0.03976023, -2.01481080, 40.18142700, -8.90359306, -38.77997971, -55.91932297, 68.72259521, -105.75855255, -43.67629242, -41.00200653, 29.77234650, 0.87373757, 0.25321692, 0.40369099, -0.09745529, 0.55279291, -0.59726179, 1.88850284, 0.00000000, 0.00000000, 0.00000000, 0.00000000
5, 0.2100, 21, -2.04779267, 0.01329117, -2.02413607, 69.55283356, 4.62069511, -59.98551178, -55.74393463, 68.78105927, -106.84010315, -42.54238510, -40.82869339, 29.31515121, 0.87694472, 0.24668333, 0.40049902, -0.09857041, 0.46329808, -0.58852339, 1.86015069, 0.00000000, 0.00000000, 0.00000000, 0.00000000
5, 0.2200, 22, -2.03022456, -0.02234233, -1.97666705, 100.60705566, 18.69873047, -81.16420746, -55.74393463, 68.78105927, -106.84010315, -40.98404694, -40.44606018, 28.70165634, 0.88154286, 0.23798893, 0.39511803, -0.10062478, 0.46038923, -0.54430658, 1.81882918, 0.00000000, 0.00000000, 0.00000000, 0.00000000
5, 0.2300, 23, -2.10193682, -0.09717351, -1.93338549, 125.46636200, 35.46867371, -105.72261810, -56.47471619, 67.64103699, -107.01548767, -39.02139282, -39.83810806, 27.88033867, 0.88750100, 0.22739139, 0.38731715, -0.10305643, 0.53033763, -0.47237831, 1.83313346, 0.00000000, 0.00000000, 0.00000000, 0.00000000
2, 0.1901, 19, -2.22666430, 1.19442534, -2.66557932, 16.04305649, -13.48496151, 7.17422962, -7.65857935, 62.87635040, 38.40982056, -62.05931854, -31.07129288, 47.37617493, 0.81150246, 0.36259604, 0.40970519, -0.20525509, 0.38832155, -1.34074605, 2.47522640, 0.00000000, 0.00000000, 0.00000000, 0.00000000
5, 0.2400, 24, -2.13449025, -0.13647333, -1.87470734, 148.92675781, 54.09946442, -132.86532593, -56.85472107, 66.61795044, -108.18473816, -32.99312592, -36.71932220, 25.93722725, 0.90689033, 0.19485220, 0.35479301, -0.11706653, 0.58989751, -0.43243018, 1.78432167, 0.00000000, 0.00000000, 0.00000000, 0.00000000
2, 0.2001, 20, -2.22011232, 1.15948343, -2.80184317, 43.43334961, -19.16642380, -9.26730347, -7.68781042, 63.13943100, 37.73750305, -56.13315964, -28.04337502, 45.17435455, 0.83422750, 0.33934799, 0.37272537, -0.22356954, 0.32420117, -1.36568975, 2.56807280, 0.00000000, 0.00000000, 0.00000000, 0.00000000
5, 0.2500, 25, -2.11759686, -0.28459281, -1.72765315, 166.99494934, 71.20671082, -161.60563660, -57.38088226, 64.92253876, -109.58783722, -30.40056801, -35.55183029, 24.80922318, 0.91468573, 0.18056026, 0.34137043, -0.11922397, 0.63149285, -0.27181053, 1.67231250, 0.00000000, 0.00000000, 0.00000000, 0.00000000
5, 0.2600, 26, -2.05805469, -0.46872517, -1.52422976, 176.05059814, 86.16720581, -191.94734192, -57.11780167, 63.92867661, -111.34171295, -27.55131912, -34.14624023, 23.47051620, 0.92324692, 0.16487321, 0.32548368, -0.12038496, 0.62737656, -0.03435627, 1.55074763, 0.00000000, 0.00000000, 0.00000000, 0.00000000
2, 0.2101, 21, -2.21175718, 1.12301576, -2.91752267, 73.46385956, -21.14071274, -32.50985718, -7.68781042, 63.13943100, 37.73750305, -55.35231781, -28.05273628, 45.27095032, 0.83632755, 0.33330709, 0.37153566, -0.22676846, 0.29057550, -1.39581859, 2.59625053, 0.00000000, 0.00000000, 0.00000000, 0.00000000
5, 0.2700, 27, -2.04619527, -0.56841791, -1.39096129, 183.46095276, 110.52060699, -216.54103088, -57.11780167, 63.92867661, -111.34171295, -24.57557297, -32.39942169, 22.02811050, 0.93235612, 0.14852835, 0.30661896, -0.12098038, 0.66495180, 0.09071478, 1.45971048, 0.00000000, 0.00000000, 0.00000000, 0.00000000
2, 0.2201, 22, -2.12471342, 1.12742877, -2.98174357, 108.89626312, -23.75896072, -59.45355988, -8.71090317, 62.46711349, 37.53288651, -54.08714676, -28.05819702, 45.26678467, 0.83996344, 0.32404602, 0.36903358, -0.23080267, 0.18605082, -1.43331432, 2.58906412, 0.00000000, 0.00000000, 0.00000000, 0.00000000
2, 0.2301, 23, -2.19474912, 1.13694632, -2.93119264, 146.65127563, -23.71356773, -84.59072876, -8.30166626, 62.17480087, 37.00672150, -52.33453751, -28.01718140, 45.16946411, 0.84503460, 0.31162718, 0.36492309, -0.23587333, 0.27223423, -1.43758440, 2.56099749, 0.00000000, 0.00000000, 0.00000000, 0.00000000
2, 0.2401, 24, -2.33837056, 1.13656759, -2.81898117, 183.94273376, -19.12143707, -107.67686462, -9.47091484, 61.18093872, 35.45746994, -50.11380005, -27.87979507, 44.97255707, 0.85138476, 0.29632828, 0.35884905, -0.24199371, 0.45023477, -1.41443896, 2.51776123, 0.00000000, 0.00000000, 0.00000000, 0.00000000
2, 0.2501, 25, -2.50649643, 1.09783983, -2.56048703, 214.22386169, -10.42431450, -131.77511597, -10.14323330, 59.22245026, 34.46360779, -44.62958527, -26.14624023, 43.76233673, 0.86822397, 0.26522362, 0.33201823, -0.25613987, 0.71797866, -1.31175923, 2.36661577, 0.00000000, 0.00000000, 0.00000000, 0.00000000
5, 0.2800, 28, -1.99160135, -0.61174238, -1.41963875, 194.71566772, 143.01708984, -236.50288391, -58.49166870, 58.78398132, -112.27710724, -21.55542564, -30.21977234, 20.60947990, 0.94182003, 0.13181497, 0.28423697, -0.12169373, 0.62518477, 0.07881200, 1.44378304, 0.00000000, 0.00000000, 0.00000000, 0.00000000
2, 0.2601, 26, -2.63308644, 0.99242103, -2.26244283, 258.48120117, 9.09288120, -160.03869629, -10.14323330, 59.22245026, 34.46360779, -41.45569611, -25.62157059, 43.28319550, 0.87664634, 0.24430990, 0.32004109, -0.26339623, 0.97051072, -1.15043139, 2.15972662, 0.00000000, 0.00000000, 0.00000000, 0.00000000
2, 0.2701, 27, -2.58127546, 0.88563436, -2.01425457, 297.93899536, 33.45919037, -191.21704102, -11.22478771, 57.79011917, 32.50511551, -37.76872635, -24.79220581, 42.62345505, 0.88617343, 0.22067663, 0.30411333, -0.27113393, 1.03285050, -0.99740911, 1.92847443, 0.00000000, 0.00000000, 0.00000000, 0.00000000
2, 0.2801, 28, -2.51649523, 0.79101712, -1.84389710, 331.61843872, 51.97774506, -219.72792053, -12.24788094, 55.77316666, 30.28354263, -33.65688705, -23.69904709, 41.85366821, 0.89621973, 0.19444562, 0.28478476, -0.27906772, 1.05452454, -0.89200878, 1.74575472, 0.00000000, 0.00000000, 0.00000000, 0.00000000
5, 0.2900, 29, -1.90163648, -0.62790966, -1.46703017, 212.46290588, 171.88594055, -252.44511414, -58.72551727, 56.15317154, -114.17713928, -16.13330460, -27.07227325, 19.20532036, 0.95459414, 0.09585746, 0.25125355, -0.12819204, 0.56208426, 0.02309067, 1.40882850, 0.00000000, 0.00000000, 0.00000000, 0.00000000
2, 0.2901, 29, -2.35131240, 0.70510030, -1.70433533, 349.85449219, 70.55563354, -245.03056335, -13.30020428, 52.87927628, 28.17889404, -29.27914619, -22.35634232, 40.98200989, 0.90627414, 0.16659521, 0.26249394, -0.28637436, 0.98079509, -0.81333631, 1.53348517, 0.00000000, 0.00000000, 0.00000000, 0.00000000
2, 0.3001, 30, -2.12711358, 0.58954346, -1.65925241, 349.24349976, 81.27429962, -264.61233521, -14.23560333, 49.40076065, 25.46039200, -25.48665810, -21.50716019, 40.01702499, 0.91448438, 0.14136045, 0.24515429, -0.28919733, 0.80721849, -0.74558997, 1.38101721, 0.00000000, 0.00000000, 0.00000000, 0.00000000
2, 0.3101, 31, -1.82625413, 0.60343176, -1.52445793, 350.40240479, 82.61282349, -276.89578247, -14.23560333, 49.40076065, 25.46039200, -20.98192406, -19.93736458, 39.06499100, 0.92324531, 0.11210100, 0.22037835, -0.29408303, 0.62976891, -0.76477802, 1.08416283, 0.00000000, 0.00000000, 0.00000000, 0.00000000
5, 0.3000, 30, -1.74792063, -0.64230239, -1.35489488, 229.55877686, 195.20434570, -264.46286011, -58.55013275, 54.48699188, -115.17099762, -13.15153694, -24.11929703, 18.26979828, 0.96297443, 0.07761798, 0.22270240, -0.13061176, 0.51113397, 0.03202237, 1.21835351, 0.00000000, 0.00000000, 0.00000000, 0.00000000
5, 0.3100, 31, -1.47919130, -0.65814006, -1.14481938, 241.96069336, 212.71774292, -275.75296021, -58.05319977, 51.06694031, -117.39257050, -10.18012333, -20.91172791, 17.53440285, 0.97052628, 0.05867704, 0.19194864, -0.13338517, 0.39078003, 0.11718591, 0.91899860, 0.00000000, 0.00000000, 0.00000000, 0.00000000
5, 0.3200, 32, -1.20910263, -0.59300900, -1.03027821, 252.80050659, 226.51387024, -282.90554810, -58.05319977, 51.06694031, -117.39257050, -7.23205948, -17.51150322, 17.02829170, 0.97692943, 0.03915553, 0.15947410, -0.13654202, 0.25815335, 0.08013759, 0.65573680, 0.00000000, 0.00000000, 0.00000000, 0.00000000
2, 0.3201, 32, -1.59939694, 0.64007694, -1.36071873, 364.10610962, 83.24940491, -288.48379517, -15.08330917, 45.74685669, 23.76498032, -16.36570549, -18.26293755, 38.21900940, 0.93081653, 0.08135948, 0.19443397, -0.29859138, 0.54360080, -0.80505240, 0.79187596, 0.00000000, 0.00000000, 0.00000000, 0.00000000
2, 0.3301, 33, -1.51220632, 0.66964638, -1.19663215, 380.08392334, 86.53618622, -300.83410645, -15.43408298, 40.71908569, 22.65419388, -11.62205982, -16.45673180, 37.49967575, 0.93702471, 0.04912043, 0.16703703, -0.30277142, 0.57940537, -0.84410328, 0.57656699, 0.00000000, 0.00000000, 0.00000000, 0.00000000
5, 0.3300, 33, -1.12235832, -0.49874362, -1.01241755, 267.93872070, 234.32611084, -292.46377563, -57.70242691, 48.34843445, -119.40953064, -4.21814919, -13.97104168, 16.73522186, 0.98199683, 0.01845355, 0.12555812, -0.13991749, 0.26651305, -0.03683646, 0.53524458, 0.00000000, 0.00000000, 0.00000000, 0.00000000
2, 0.3401, 34, -1.39389157, 0.66345942, -1.02151692, 395.26879883, 88.45488739, -317.38656616, -15.05407715, 37.09441757, 20.90032196, -6.72324133, -14.52894974, 36.88217545, 0.94176096, 0.01524922, 0.13814981, -0.30621624, 0.58920509, -0.85118562, 0.35408247, 0.00000000, 0.00000000, 0.00000000, 0.00000000
5, 0.3400, 34, -0.94326860, -0.54231238, -0.96059650, 275.84939575, 231.40647888, -300.10015869, -56.29932785, 44.05144501, -120.63723755, -1.08989239, -10.87133312, 16.74914742, 0.98497492, -0.00442871, 0.09509268, -0.14409111, 0.17192414, -0.02308516, 0.42245668, 0.00000000, 0.00000000, 0.00000000, 0.00000000
5, 0.3500, 35, -0.78611159, -0.66622853, -0.82998776, 276.51007080, 225.75566101, -304.64230347, -55.18854141, 40.36831284, -122.15726471, 1.98517084, -7.32656050, 16.75233841, 0.98700225, -0.02640916, 0.06068339, -0.14644708, 0.10364357, 0.09828617, 0.30536684, 0.00000000, 0.00000000, 0.00000000, 0.00000000
5, 0.3600, 36, -0.69333631, -0.80359101, -0.68716222, 268.25408936, 224.43486023, -305.55017090, -53.31774139, 36.71440887, -123.38497162, 4.97897577, -3.79043603, 16.89550209, 0.98746508, -0.04779520, 0.02630447, -0.14810938, 0.10093471, 0.23828387, 0.21861926, 0.00000000, 0.00000000, 0.00000000, 0.00000000
2, 0.3501, 35, -1.19347262, 0.61937606, -0.88100874, 415.16220093, 83.62689209, -334.15670776, -16.07716942, 33.06050873, 19.05875397, -7.75676441, -16.39619827, 34.13261032, 0.94686055, 0.02224667, 0.15565246, -0.28059348, 0.49028820, -0.81628180, 0.14364909, 0.00000000, 0.00000000, 0.00000000, 0.00000000
5, 0.3700, 37, -0.55840170, -0.87697005, -0.65072942, 256.65521240, 240.69548035, -299.98492432, -51.82695007, 32.53434753, -124.32037354, 7.81066561, -0.16850990, 17.30140877, 0.98631197, -0.06755390, -0.00879373, -0.15015985, 0.03772074, 0.26919490, 0.16967243, 0.00000000, 0.00000000, 0.00000000, 0.00000000
2, 0.3601, 36, -1.12364280, 0.53168154, -0.59226918, 435.58749390, 81.71205139, -349.51748657, -16.07716942, 33.06050873, 19.05875397, -2.36381650, -14.38191223, 33.57587433, 0.95039380, -0.01655479, 0.12572688, -0.28402546, 0.53305173, -0.63938826, -0.09249217, 0.00000000, 0.00000000, 0.00000000, 0.00000000
2, 0.3701, 37, -0.82913196, 0.41423678, -0.40650743, 461.51760864, 85.55719757, -364.93969727, -15.96024513, 28.03273773, 18.41566849, 3.24656034, -12.23282909, 33.24499512, 0.95151001, -0.05745709, 0.09399784, -0.28721416, 0.37875757, -0.55465823, -0.36349285, 0.00000000, 0.00000000, 0.00000000, 0.00000000
2, 0.3801, 38, -0.64973170, 0.24841411, -0.23865634, 481.44024658, 86.48181915, -378.21673584, -15.25869656, 21.45571518, 18.62028694, 9.03369236, -10.00436020, 33.13861465, 0.94990140, -0.09998275, 0.06094078, -0.28978798, 0.30864263, -0.43637046, -0.53632689, 0.00000000, 0.00000000, 0.00000000, 0.00000000
5, 0.3800, 38, -0.38511190, -0.95101237, -0.81423044, 247.81434631, 263.15130615, -292.48446655, -51.82695007, 32.53434753, -124.32037354, 10.51877308, 3.55589962, 18.03225327, 0.98345846, -0.08564685, -0.04487181, -0.15316866, -0.13091949, 0.19591483, 0.26251110, 0.00000000, 0.00000000, 0.00000000, 0.00000000
2, 0.3901, 39, -0.53167433, -0.05032424, -0.13310102, 483.04598999, 90.58446503, -384.51257324, -14.11867905, 16.54487038, 18.82490540, 14.81929588, -7.71032906, 33.24596786, 0.94557589, -0.14236666, 0.02707752, -0.29135028, 0.23919547, -0.21934794, -0.57425070, 0.00000000, 0.00000000, 0.00000000, 0.00000000
2, 0.4001, 40, -0.40081051, -0.43859491, -0.22186020, 454.00671387, 88.28257751, -383.42272949, -12.36480522, 9.58784008, 19.61414719, 24.18990135, -5.44139385, 32.23711014, 0.93554366, -0.21395420, -0.01351697, -0.28071186, 0.05210310, -0.00233150, -0.41691858, 0.00000000, 0.00000000, 0.00000000, 0.00000000
5, 0.3900, 39, -0.23385732, -1.13079500, -1.02974677, 244.58840942, 277.11099243, -291.84774780, -49.25460434, 28.85121346, -125.48962402, 13.91570663, 9.28962231, 18.50510025, 0.97808033, -0.10624604, -0.09874983, -0.14939614, -0.31304535, 0.18300557, 0.46408296, 0.00000000, 0.00000000, 0.00000000, 0.00000000
5, 0.4000, 40, -0.09515397, -1.25110626, -0.97414887, 238.76507568, 262.00488281, -283.45828247, -46.71148682, 24.11575508, -125.54808044, 16.71089554, 12.85310745, 19.65755463, 0.97151434, -0.12337705, -0.13376577, -0.15180497, -0.35773417, 0.26285318, 0.44757104, 0.00000000, 0.00000000, 0.00000000, 0.00000000
5, 0.4100, 41, 0.08085864, -1.43048251, -0.79750073, 227.15249634, 233.63026428, -278.72894287, -43.78836441, 21.16340256, -125.95732117, 19.50668144, 16.15354347, 20.76999855, 0.96407652, -0.14001831, -0.16643541, -0.15248217, -0.43663481, 0.46770144, 0.35190231, 0.00000000, 0.00000000, 0.00000000, 0.00000000
2, 0.4101, 41, -0.21696912, -0.66212189, -0.05571394, 419.73355103, 74.09117126, -375.54785156, -12.36480522, 9.58784008, 19.61414719, 29.40730476, -3.28213811, 32.57783890, 0.92600620, -0.25130060, -0.04457398, -0.27816159, -0.03285384, 0.13426575, -0.51863319, 0.00000000, 0.00000000, 0.00000000, 0.00000000
2, 0.4201, 42, -0.12711278, -0.79568869, 0.21513753, 396.50628662, 69.70288849, -363.32467651, -10.84478188, 5.49546909, 20.72493362, 34.38325500, -1.21828115, 33.03567886, 0.91495162, -0.28624222, -0.07429224, -0.27460837, 0.02736994, 0.28148144, -0.69611424, 0.00000000, 0.00000000, 0.00000000, 0.00000000
5, 0.4200, 42, 0.20468347, -1.59155023, -0.57992172, 207.26795959, 213.81974792, -269.48391724, -41.12832642, 20.11107826, -125.84039307, 22.19359398, 19.23511505, 21.87480927, 0.95603752, -0.15520816, -0.19697383, -0.15200056, -0.45407367, 0.68304551, 0.24202211, 0.00000000, 0.00000000, 0.00000000, 0.00000000
2, 0.4301, 43, 0.14642176, -0.86333656, 0.37107414, 390.69189453, 74.40889740, -361.52865601, -7.89242887, 0.81847411, 22.06957054, 39.30759048, 0.82791108, 33.69167328, 0.90201080, -0.31992280, -0.10397866, -0.27058166, -0.11322658, 0.33141130, -0.88827229, 0.00000000, 0.00000000, 0.00000000, 0.00000000
5, 0.4300, 43, 0.25911015, -1.61448121, -0.37656963, 184.60852051, 216.89292908, -243.65682983, -41.12832642, 20.11107826, -125.84039307, 24.71238518, 22.11544418, 23.21242523, 0.94735575, -0.16802873, -0.22577605, -0.15267198, -0.38632074, 0.77937746, 0.10746881, 0.00000000, 0.00000000, 0.00000000, 0.00000000
5, 0.4400, 44, 0.32898179, -1.68252385, -0.31843397, 153.92707825, 244.15290833, -215.43354797, -38.02981567, 17.10026360, -125.81116486, 31.83722687, 25.69775009, 28.58227348, 0.92361438, -0.20633948, -0.27324289, -0.17233381, -0.39559162, 0.82527292, 0.11023897, 0.00000000, 0.00000000, 0.00000000, 0.00000000
2, 0.4401, 44, 0.38344532, -0.91209948, 0.65064508, 393.92083740, 80.73641968, -366.15542603, -5.72931862, -3.56620860, 23.64805603, 44.30044174, 2.86648178, 34.57253647, 0.88688976, -0.35300982, -0.13411956, -0.26612553, -0.16120270, 0.41442937, -1.16011095, 0.00000000, 0.00000000, 0.00000000, 0.00000000
5, 0.4500, 45, 0.30576286, -1.74799585, -0.39923140, 122.47678375, 273.53314209, -185.83546448, -35.51593018, 14.41099072, -125.66500854, 34.08869934, 28.22634888, 31.02331352, 0.91256094, -0.21156397, -0.30065876, -0.17910196, -0.36834633, 0.76861513, 0.28044298, 0.00000000, 0.00000000, 0.00000000, 0.00000000
2, 0.4501, 45, 0.45449769, -1.20948422, 0.80399209, 387.08868408, 81.12783051, -362.10974121, -3.36159015, -7.27857351, 26.01578522, 58.75366974, 6.07390976, 33.40551376, 0.84094363, -0.45592564, -0.18500924, -0.22520494, -0.16642416, 0.66342807, -1.12725556, 0.00000000, 0.00000000, 0.00000000, 0.00000000
5, 0.4600, 46, 0.36785129, -1.80296850, -0.44031352, 91.20223236, 290.40338135, -160.34098816, -32.65127182, 14.20637226, -126.13270569, 36.16530228, 30.59346199, 33.76428604, 0.90119618, -0.21365990, -0.32692465, -0.18792354, -0.41472295, 0.77693725, 0.34700790, 0.00000000, 0.00000000, 0.00000000, 0.00000000
2, 0.4601, 46, 0.64834541, -1.25079453, 1.17448437, 362.10089111, 85.46952057, -355.00796509, -3.36159015, -7.27857351, 26.01578522, 63.56185913, 7.75473070, 34.89939499, 0.81977195, -0.48404837, -0.21240821, -0.22034976, -0.12164132, 0.72312641, -1.33700967, 0.00000000, 0.00000000, 0.00000000, 0.00000000
5, 0.4700, 47, 0.48019210, -1.90767670, -0.41250584, 58.02287674, 288.62423706, -126.90681458, -29.93276787, 12.62788677, -126.24963379, 37.97616577, 32.66062164, 36.61878586, 0.89023846, -0.21291316, -0.35050550, -0.19821538, -0.49753758, 0.86851501, 0.36135995, 0.00000000, 0.00000000, 0.00000000, 0.00000000
5, 0.4800, 48, 0.33854291, -2.01774502, -0.46621713, 27.07099342, 266.69741821, -89.86259460, -29.93276787, 12.62788677, -126.24963379, 39.43616104, 34.33189392, 39.35297775, 0.88044018, -0.20999034, -0.37015370, -0.20908250, -0.38795429, 0.92440861, 0.54475826, 0.00000000, 0.00000000, 0.00000000, 0.00000000
5, 0.4900, 49, 0.12686993, -1.85453165, -0.45694143, 6.51916361, 235.64060974, -62.05411530, -27.12657166, 12.54019260, -126.10347748, 41.92505264, 33.06214905, 46.33325577, 0.86307663, -0.21078472, -0.37920448, -0.25859737, -0.14418572, 0.77920961, 0.57022369, 0.00000000, 0.00000000, 0.00000000, 0.00000000
5, 0.5000, 50, 0.34661132, -1.67713320, -0.35677692, -9.44085979, 197.61828613, -50.89207077, -25.75270271, 12.24788094, -126.62963867, 42.69489288, 34.13476562, 48.37532806, 0.85597974, -0.20543782, -0.39194188, -0.26734942, -0.27639678, 0.65818971, 0.32530159, 0.00000000, 0.00000000, 0.00000000, 0.00000000
2, 0.4701, 47, 0.85086775, -1.56130135, 1.24892342, 321.00863647, 82.43453217, -344.98815918, 0.35077462, -11.92633724, 27.74042702, 68.01956177, 9.40806866, 36.41584396, 0.79911673, -0.50829649, -0.23876090, -0.21457045, -0.29116702, 1.00788176, -1.32566643, 0.00000000, 0.00000000, 0.00000000, 0.00000000
5, 0.5100, 51, 0.87797022, -1.81653011, 0.06387306, -21.97403336, 175.93922424, -47.55124664, -24.20344925, 12.07249355, -126.74656677, 43.28143311, 35.13183975, 50.17253494, 0.84976912, -0.19948386, -0.40313524, -0.27491969, -0.62122089, 1.00250363, -0.14125741, 0.00000000, 0.00000000, 0.00000000, 0.00000000
2, 0.4801, 48, 0.80303532, -1.63801646, 1.30477715, 275.18316650, 82.81791687, -327.46649170, 2.83542824, -13.18327999, 30.37123680, 72.04801178, 11.00760651, 37.96988678, 0.77960193, -0.52833337, -0.26379734, -0.20855635, -0.21000704, 1.07771611, -1.25302064, 0.00000000, 0.00000000, 0.00000000, 0.00000000
2, 0.4901, 49, 0.69274485, -1.78159904, 1.26268709, 227.50151062, 91.00096893, -294.13815308, 5.78778124, -15.05407715, 31.62817764, 75.55049896, 12.43708706, 39.60454559, 0.76178348, -0.54394609, -0.28685716, -0.20376894, -0.13535485, 1.18108726, -1.05582690, 0.00000000, 0.00000000, 0.00000000, 0.00000000
5, 0.5200, 52, 1.61495531, -2.27201986, 0.62550247, -39.98638153, 175.03823853, -30.86890411, -22.71265602, 10.52323914, -127.09733582, 43.66497421, 36.01455307, 51.95852280, 0.84396118, -0.19223587, -0.41289479, -0.28335980, -1.17557609, 1.69077480, -0.65194273, 0.00000000, 0.00000000, 0.00000000, 0.00000000
2, 0.5001, 50, 0.62448186, -1.78105783, 1.14283693, 181.19912720, 89.35967255, -252.72598267, 5.78778124, -15.05407715, 31.62817764, 84.14950562, 13.09869576, 41.90278625, 0.71600151, -0.59143800, -0.31711268, -0.19230862, -0.11235820, 1.12358880, -0.84858221, 0.00000000, 0.00000000, 0.00000000, 0.00000000
2, 0.5101, 51, 0.63514024, -1.61425614, 1.29043090, 136.34294128, 87.80575562, -219.24571228, 8.59397793, -16.86641312, 33.08974075, 86.56385803, 14.02154827, 43.50659943, 0.70210522, -0.59907490, -0.33471465, -0.19006228, -0.01140100, 1.00885594, -0.91085690, 0.00000000, 0.00000000, 0.00000000, 0.00000000
5, 0.5300, 53, 2.27832556, -2.80532312, 1.00620735, -51.95848465, 193.98654175, -6.67474413, -22.71265602, 10.52323914, -127.09733582, 43.97855759, 36.75405121, 53.99573135, 0.83765906, -0.18390730, -0.42178458, -0.29428452, -1.74916291, 2.34755635, -0.95780146, 0.00000000, 0.00000000, 0.00000000, 0.00000000
5, 0.5400, 54, 2.59255815, -3.32668972, 1.07399893, -53.68190384, 245.45832825, 26.75195312, -21.19263268, 13.12481689, -127.47734070, 52.69010544, 39.95988464, 50.74139786, 0.82594615, -0.24564253, -0.45537198, -0.22385073, -2.11143589, 2.81044531, -0.85598773, 0.00000000, 0.00000000, 0.00000000, 0.00000000
2, 0.5201, 52, 1.10126865, -1.42223215, 1.52961636, 96.60137177, 115.96879578, -220.63519287, 10.66939449, -17.56796265, 34.02513885, 88.69322968, 15.01340103, 45.42364883, 0.68927670, -0.60319847, -0.35374823, -0.18950307, -0.25096059, 0.92118084, -1.36119771, 0.00000000, 0.00000000, 0.00000000, 0.00000000
5, 0.5500, 55, 1.59374833, -3.44281530, 0.50908142, -49.31100464, 315.23211670, 80.74488831, -19.90645981, 13.35866737, -127.44811249, 53.67187500, 39.73859024, 54.56658554, 0.81615806, -0.23831418, -0.46414891, -0.24831080, -1.41342223, 2.55754232, 0.14567804, 0.00000000, 0.00000000, 0.00000000, 0.00000000
2, 0.5301, 53, 1.88817024, -1.36261189, 1.80398655, 103.17256165, 137.61030579, -246.99943542, 13.06635475, -17.83104324, 34.81438065, 91.09067535, 16.04196739, 47.69823456, 0.67455012, -0.60695618, -0.37516758, -0.18930313, -0.77515370, 0.97155231, -1.95757461, 0.00000000, 0.00000000, 0.00000000, 0.00000000
2, 0.5401, 54, 2.54130578, -1.32485271, 1.95821846, 141.33274841, 158.21163940, -296.62945557, 15.78485775, -19.32183456, 36.36363602, 94.18162537, 17.08892822, 50.43086624, 0.65548736, -0.61219186, -0.40008801, -0.18838024, -1.24355483, 1.00003028, -2.37500668, 0.00000000, 0.00000000, 0.00000000, 0.00000000
2, 0.5501, 55, 2.79057193, -1.37654984, 1.76658750, 210.73551941, 201.69244385, -359.15521240, 15.78485775, -19.32183456, 36.36363602, 105.28315735, 21.78232765, 51.59127426, 0.60184652, -0.65286708, -0.44288713, -0.12408253, -1.52675676, 0.99853617, -2.24096537, 0.00000000, 0.00000000, 0.00000000, 0.00000000
2, 0.5601, 56, 2.60872149, -1.72168684, 2.24766207, 214.54389954, 189.81280518, -394.62338257, 18.70797920, -18.79567337, 37.67903900, 110.04862213, 22.21502113, 55.39472580, 0.57141018, -0.66058493, -0.47150037, -0.12167758, -1.15297651, 1.55244136, -2.27235413, 0.00000000, 0.00000000, 0.00000000, 0.00000000
2, 0.5701, 57, 2.42808199, -2.80214667, 3.17564011, 100.78584290, 177.97355652, -356.20468140, 23.03420067, -19.76030350, 39.72522736, 113.66893005, 22.75659180, 59.10138702, 0.54799438, -0.66066295, -0.49862275, -0.12083922, -0.75627327, 2.92658997, -2.51883507, 0.00000000, 0.00000000, 0.00000000, 0.00000000
5, 0.5600, 56, 0.78191864, -2.52033186, -0.16114405, -43.51665878, 399.66171265, 88.85272980, -18.29874229, 12.24788094, -127.21426392, 55.14018250, 39.43761444, 59.44952774, 0.80209357, -0.23006393, -0.47576645, -0.27814195, -0.71303046, 1.40623963, 0.56708002, 0.00000000, 0.00000000, 0.00000000, 0.00000000
2, 0.5801, 58, 2.36134386, -2.50531840, 3.63841105, -72.03028870, 173.10232544, -210.68133545, 25.46039200, -18.44489861, 39.63753128, 114.89062500, 23.13210678, 62.13645172, 0.53876740, -0.65163314, -0.51855403, -0.12730141, -0.42024079, 2.83920074, -2.92106247, 0.00000000, 0.00000000, 0.00000000, 0.00000000
5, 0.5700, 57, 0.83022058, -2.55037832, -0.33611840, -61.69137192, 367.15859985, 94.89917755, -15.28792763, 13.70944118, -126.92195129, 56.16059875, 39.03527832, 63.83326340, 0.78901219, -0.22074717, -0.48476285, -0.30616251, -0.83177310, 1.32382178, 0.70606792, 0.00000000, 0.00000000, 0.00000000, 0.00000000
5, 0.5800, 58, 0.48484626, -3.15666604, 0.08765337, -118.23356628, 203.01707458, 107.84809113, -14.29406548, 14.90792179, -127.33119202, 55.56852722, 38.58598709, 65.96573639, 0.78429002, -0.20992950, -0.48470879, -0.32538620, -0.51343983, 2.05843234, 0.82609177, 0.00000000, 0.00000000, 0.00000000, 0.00000000
2, 0.5901, 59, 1.83209503, -1.66203356, 3.38905239, -186.03192139, 143.88252258, -54.63116074, 27.06810760, -17.45103836, 38.38058853, 114.03187561, 23.31981659, 64.07188416, 0.54190421, -0.63804567, -0.52904236, -0.13911042, 0.08181585, 1.96394575, -2.72832012, 0.00000000, 0.00000000, 0.00000000, 0.00000000
2, 0.6001, 60, 0.98773819, -1.58011353, 3.29202676, -267.35098267, 114.76966095, 56.32548523, 27.06810760, -17.45103836, 38.38058853, 115.50504303, 16.72775459, 72.20606995, 0.49901313, -0.63033128, -0.55575800, -0.21166381, 0.75678635, 1.83847475, -2.26087308, 0.00000000, 0.00000000, 0.00000000, 0.00000000
2, 0.6101, 61, 0.45174295, -1.68972623, 2.70945072, -382.35314941, 114.58590698, 160.47074890, 27.97427559, -17.83104324, 36.21747971, 111.40021515, 16.78158569, 72.77042389, 0.52031815, -0.60914910, -0.55100596, -0.23366424, 0.84794235, 1.69319034, -1.48659945, 0.00000000, 0.00000000, 0.00000000, 0.00000000
2, 0.6201, 62, 1.29772353, -1.44665551, 2.01150060, -427.43273926, 140.86363220, 256.65875244, 25.86962891, -16.25255775, 33.44051361, 106.30968475, 16.31583214, 72.99718475, 0.54471225, -0.58618253, -0.53958267, -0.26178089, -0.16968668, 1.17921889, -1.50235844, 0.00000000, 0.00000000, 0.00000000, 0.00000000
5, 0.5900, 59, -0.16341911, -3.04987597, 0.42862186, -177.48437500, 84.03568268, 116.89542389, -14.29406548, 14.90792179, -127.33119202, 54.56664658, 29.88582802, 83.20678711, 0.72057837, -0.17901243, -0.46542946, -0.48176438, 0.18441278, 2.14237070, 0.76533294, 0.00000000, 0.00000000, 0.00000000, 0.00000000
2, 0.6301, 63, 0.78312957, -1.04157388, 2.32683015, -531.64367676, 161.76269531, 323.25454712, 24.75884247, -16.07716942, 29.81584358, 99.96030426, 15.81709766, 73.20204926, 0.57416391, -0.55620468, -0.52330154, -0.29517412, 0.49037927, 0.89209992, -1.72067785, 0.00000000, 0.00000000, 0.00000000, 0.00000000
5, 0.6000, 60, -0.81123012, -2.51910615, 0.50335127, -196.88648987, 94.31887817, 123.45153809, -14.64484024, 15.84332085, -127.65273285, 52.36821365, 29.52071953, 83.70178986, 0.72139305, -0.16529663, -0.45499271, -0.49522805, 0.82411444, 1.69652486, 0.67363238, 0.00000000, 0.00000000, 0.00000000, 0.00000000
2, 0.6401, 64, 0.38718429, -0.36373016, 1.21724200, -651.68359375, 206.55145264, 402.78140259, 22.39111328, -13.21251106, 25.95732307, 92.16132355, 15.14641380, 73.57119751, 0.60753000, -0.51711404, -0.50079381, -0.33571714, 0.43072918, -0.17035498, -0.96877259, 0.00000000, 0.00000000, 0.00000000, 0.00000000
5, 0.6100, 61, -1.21339512, -2.53796196, -0.50147057, -217.71490479, 104.21047211, 140.07644653, -14.32329750, 16.07716942, -128.26658630, 49.93013382, 29.09969902, 84.26640320, 0.72186893, -0.15017337, -0.44296068, -0.51003844, 0.81255472, 1.18869066, 1.58970702, 0.00000000, 0.00000000, 0.00000000, 0.00000000
5, 0.6200, 62, -0.93506062, -2.15917659, -0.81167883, -273.09887695, 23.50675583, 178.41426086, -13.94329166, 18.15258598, -129.84507751, 46.56053162, 28.36600876, 83.84151459, 0.72735375, -0.13474362, -0.42347288, -0.52294505, 0.52834934, 0.72834682, 1.48351455, 0.00000000, 0.00000000, 0.00000000, 0.00000000
5, 0.6300, 63, -1.02235353, -1.37387252, -1.33083153, -346.27563477, -57.65631485, 257.36523438, -15.58023930, 20.92955208, -131.01432800, 42.02105713, 26.89425468, 82.51528168, 0.73751545, -0.11898643, -0.39315087, -0.53604639, 0.58330536, -0.17572358, 1.48070526, 0.00000000, 0.00000000, 0.00000000, 0.00000000
5, 0.6400, 64, -2.30095506, 0.24170730, -2.31206059, -435.11791992, -91.23812866, 345.99221802, -15.58023930, 20.92955208, -131.01432800, 25.41998291, 18.19558716, 76.12406921, 0.77983665, -0.07595471, -0.25538093, -0.56645054, 1.70045412, -1.98109984, 1.89259529, 0.00000000, 0.00000000, 0.00000000, 0.00000000
5, 0.6500, 65, -3.68109131, 4.40880585, -2.69674516, -532.59039307, -193.34417725, 369.77392578, -17.65565681, 24.02806091, -132.76818848, 19.19954109, 14.99504375, 74.28421021, 0.79239678, -0.05411667, -0.20238763, -0.57290310, 3.65019178, -5.51961040, 0.59267008, 0.00000000, 0.00000000, 0.00000000, 0.00000000
2, 0.6501, 65, -0.95693022, 1.92343056, -0.78557318, -720.31292725, 103.21808624, 480.55050659, 22.39111328, -13.21251106, 25.95732307, 77.85512543, 10.50953960, 73.85491180, 0.65384400, -0.45737427, -0.43287539, -0.41942322, 1.05688107, -3.04204583, 0.41624171, 0.00000000, 0.00000000, 0.00000000, 0.00000000
5, 0.6600, 66, -5.36338472, 7.97815323, -2.33318567, -538.43524170, -253.36894226, 419.17318726, -20.43262100, 28.06196976, -133.90821838, 13.03469181, 10.89099026, 72.67385864, 0.80311131, -0.03515290, -0.14290263, -0.57736945, 6.06519032, -8.23208046, -0.74805951, 0.00000000, 0.00000000, 0.00000000, 0.00000000
5, 0.6700, 67, -4.90151548, 7.93733072, -0.48506671, -111.03649902, 129.47685242, 466.67306519, -23.47266769, 32.47588348, -135.19438171, 10.59073353, 8.78081894, 76.05493164, 0.78640455, -0.02552716, -0.11673136, -0.60604465, 6.25495338, -7.13136721, -2.35828185, 0.00000000, 0.00000000, 0.00000000, 0.00000000
2, 0.6601, 66, -2.93562484, 4.02004147, -1.61183524, -882.53155518, 175.02424622, 616.44641113, 19.23414230, -9.73399544, 20.84185982, 66.96798706, 9.31223488, 73.54864502, 0.69267225, -0.39992478, -0.38342586, -0.46178991, 2.70548582, -5.26296139, 1.16409409, 0.00000000, 0.00000000, 0.00000000, 0.00000000
5, 0.6800, 68, 2.61055303, 5.63847685, 3.55083799, 362.12744141, 127.67704010, 289.97286987, -21.83572006, 31.18971062, -134.02513123, 13.12298965, 7.42293930, 80.28755188, 0.76259816, -0.04570785, -0.12267486, -0.63348705, 0.38027006, -3.03512669, -7.53751373, 0.00000000, 0.00000000, 0.00000000, 0.00000000
5, 0.6900, 69, 7.62331486, 3.75622034, 4.62254047, 239.43647766, -540.47375488, -197.98101807, -21.83572006, 31.18971062, -134.02513123, 23.35031509, 16.42891121, 8.75590611, 0.96864223, -0.18902104, -0.15480320, -0.04516011, -4.18189764, -0.94978464, -9.56515503, 0.00000000, 0.00000000, 0.00000000, 0.00000000
5, 0.7000, 70, -0.90947288, 2.33778024, 6.28296423, 138.33834839, -831.15429688, -430.84832764, -24.67114830, 26.74656487, -133.41128540, 25.86842918, 14.99441147, 0.40351629, 0.96639276, -0.22146943, -0.12794794, 0.02580228, 3.90295887, 1.01566434, -6.39565229, 0.00000000, 0.00000000, 0.00000000, 0.00000000
5, 0.7100, 71, -0.35758182, 2.17463040, 5.42959309, -26.85463715, -170.98542786, -568.32641602, -29.08506203, 26.68810272, -132.53434753, 26.92234230, 18.79572868, -3.74315286, 0.95772165, -0.23472577, -0.15121792, 0.06932702, 3.08842087, 0.67233908, -5.88557053, 0.00000000, 0.00000000, 0.00000000, 0.00000000
5, 0.7200, 72, 3.82733655, 1.45035851, 0.95397902, -25.12506485, 52.09011459, -470.17797852, -28.32505035, 23.85267448, -133.11897278, 27.62922096, 23.01054573, -5.55083752, 0.94813871, -0.24308720, -0.18213148, 0.09364670, -2.40441608, -1.13245678, -3.90497494, 0.00000000, 0.00000000, 0.00000000, 0.00000000
2, 0.6701, 67, -0.92613590, 6.56990862, -1.48208272, -1297.07421875, 485.58389282, 800.10131836, 17.15872574, -5.08623219, 15.28792763, 51.43498230, 8.84813404, 75.58895874, 0.73033118, -0.29928932, -0.32005319, -0.52403092, 1.48600960, -7.48488617, -0.97571093, 0.00000000, 0.00000000, 0.00000000, 0.00000000
2, 0.6801, 68, 3.79504943, 7.92260933, -0.09021287, -2168.10644531, 378.94186401, 1016.12915039, 17.18795586, 9.00321579, 8.85705948, 27.05834007, 9.33145332, 74.36581421, 0.78353608, -0.13796905, -0.20392388, -0.57048291, -1.68426418, -7.97571707, -5.15908480, 0.00000000, 0.00000000, 0.00000000, 0.00000000
5, 0.7300, 73, 1.88222349, 1.81227136, -2.72872424, 54.11416245, -461.01766968, -524.44537354, -28.58813095, 25.16807938, -132.27127075, 28.47455025, 24.91257286, -11.90298843, 0.93586779, -0.26053211, -0.18304265, 0.15089762, -1.85345411, -3.42851043, -0.42280024, 0.00000000, 0.00000000, 0.00000000, 0.00000000
5, 0.7400, 74, 1.33073175, 1.28403664, 0.18312845, 79.83213043, -787.61749268, -557.04144287, -28.58813095, 25.16807938, -132.27127075, 34.00609970, 15.71912956, 110.87798309, 0.57032192, -0.05663772, -0.31273699, -0.75744361, -0.44915530, -1.44392884, -2.13140392, 0.00000000, 0.00000000, 0.00000000, 0.00000000
5, 0.7500, 75, 0.87838423, 0.33261904, 2.32281566, -13.79749012, -699.03155518, -482.28411865, -33.11896896, 24.05729294, -130.63432312, 34.98666000, 17.06549835, 102.82201385, 0.62316048, -0.07480261, -0.32062179, -0.70942044, 0.41045761, 0.42797893, -3.09294391, 0.00000000, 0.00000000, 0.00000000, 0.00000000
5, 0.7600, 76, -0.33097199, 0.20540582, 2.03950620, -78.83856201, -417.59835815, -396.38891602, -36.59748459, 23.09266281, -129.20198059, 35.00099182, 19.03189087, 97.35791779, 0.65838802, -0.07740900, -0.32684097, -0.67357856, 1.39843810, 0.38287580, -2.28478718, 0.00000000, 0.00000000, 0.00000000, 0.00000000
5, 0.7700, 77, -0.60734928, 0.29710495, 0.70326620, -87.80187225, -131.52062988, -320.70120239, -37.70827103, 22.94650650, -128.73428345, 34.76926041, 21.52084541, 94.71945953, 0.67611939, -0.06776731, -0.33662161, -0.65188658, 1.22317457, -0.40549415, -1.18598783, 0.00000000, 0.00000000, 0.00000000, 0.00000000
5, 0.7800, 78, 1.04166877, 0.64890540, 0.28358105, -83.58399200, 148.69908142, -256.80047607, -37.03595352, 22.33265114, -129.14352417, 34.68997955, 24.59272766, 94.93802643, 0.67723453, -0.04710322, -0.35206917, -0.64434618, -0.28865138, -0.91550374, -1.73395467, 0.00000000, 0.00000000, 0.00000000, 0.00000000
2, 0.6901, 69, 3.22765064, 7.93300772, 4.60127306, -1846.07604980, -698.77838135, 676.11743164, 10.90324497, 29.93276787, 10.66939449, 8.34917259, 2.27123451, 66.19316864, 0.83615243, -0.05017934, -0.05630178, -0.54328752, 0.93066585, -5.89846706, -8.82191467, 0.00000000, 0.00000000, 0.00000000, 0.00000000
2, 0.7001, 70, -7.99677181, -2.10447335, 3.93054438, -541.49877930, -459.95776367, 24.12486649, 10.90324497, 29.93276787, 10.66939449, 10.00187683, -10.61607361, 61.42657089, 0.84866977, -0.12169238, 0.03489992, -0.51354915, 8.29991341, 3.29254794, 0.54670542, 0.00000000, 0.00000000, 0.00000000, 0.00000000
5, 0.7900, 79, 2.14240789, 0.88677061, -0.08522181, -74.17439270, 152.09663391, -195.00723267, -34.58053207, 22.15726280, -130.10815430, 21.73818016, 48.96884537, -9.68485737, 0.88396066, -0.20535424, -0.39107153, 0.15331762, -1.24218917, -1.23675585, -1.99677563, 0.00000000, 0.00000000, 0.00000000, 0.00000000
5, 0.8000, 80, 2.07506180, 0.88405991, -0.35585991, -69.60596466, 30.71032143, -186.23371887, -34.58053207, 22.15726280, -130.10815430, 20.51837921, 50.71144485, -11.24315739, 0.87747109, -0.20144857, -0.40359786, 0.16300856, -1.02916074, -1.16670358, -1.65183043, 0.00000000, 0.00000000, 0.00000000, 0.00000000
2, 0.7101, 71, -5.60138035, 4.56975698, 1.77377033, -290.87582397, 40.65711975, -847.95330811, 6.13855600, 37.21134186, 12.16018677, 12.46890354, -5.67230606, 53.99182892, 0.88224518, -0.11897317, -0.00540690, -0.45547742, 6.38292885, -3.77091742, -1.04867017, 0.00000000, 0.00000000, 0.00000000, 0.00000000
2, 0.7201, 72, 3.60163569, 5.92117548, 2.24381161, 250.96876526, -258.54196167, -1487.36743164, 2.54311609, 38.23443222, 12.89096737, 22.46946526, 0.76706463, 43.90887833, 0.91017556, -0.17824148, -0.07892831, -0.36548692, -0.99434376, -4.98452282, -6.45531845, 0.00000000, 0.00000000, 0.00000000, 0.00000000
5, 0.8100, 81, 1.62904060, 0.73176336, -0.52852708, -67.01227570, -82.62818909, -194.31367493, -33.79129028, 22.94650650, -130.42970276, 18.40768623, 51.76687622, -14.32020664, 0.87247252, -0.19649093, -0.40962464, 0.17997415, -0.71019626, -1.10688937, -1.24491358, 0.00000000, 0.00000000, 0.00000000, 0.00000000
5, 0.8200, 82, 1.12971056, 0.62106705, -0.56788939, -61.92056274, -130.90213013, -184.59281921, -34.02513885, 22.21572685, -130.25430298, 15.95325756, 52.34783554, -17.95589447, 0.86833519, -0.19118293, -0.41204271, 0.19915804, -0.29144064, -1.00756431, -0.94437492, 0.00000000, 0.00000000, 0.00000000, 0.00000000
2, 0.7301, 73, 7.96768379, 3.99970937, -0.37091750, 239.00929260, -564.94738770, -1519.07531738, -5.11546326, 31.07278633, 13.53405380, 31.87505913, 7.04110193, 32.66493607, 0.92575920, -0.24640661, -0.13373502, -0.25370982, -6.23423529, -4.32956982, -5.85932302, 0.00000000, 0.00000000, 0.00000000, 0.00000000
5, 0.8300, 83, 0.66189146, 0.56716609, -0.59474987, -57.74827957, -142.74369812, -174.37750244, -33.96667480, 21.71879578, -130.34201050, 13.44719410, 52.67200851, -21.67093849, 0.86441141, -0.18588196, -0.41300282, 0.21833333, 0.11288484, -0.94953465, -0.69815290, 0.00000000, 0.00000000, 0.00000000, 0.00000000
2, 0.7401, 74, 4.12339830, 1.61518323, 3.57300258, -384.21682739, -801.10394287, -963.12927246, -5.11546326, 31.07278633, 13.53405380, 32.60914612, 10.45387840, 20.14709282, 0.94553101, -0.25997210, -0.13499025, -0.14199792, -1.43662620, -0.71360981, -6.28520727, 0.00000000, 0.00000000, 0.00000000, 0.00000000
2, 0.7501, 75, 1.00689566, 2.43329573, 1.95493066, -742.11309814, -413.83236694, -565.50067139, -12.94942951, 27.30195808, 17.65565681, 21.07545662, 19.66206360, -7.54192162, 0.96454704, -0.19084726, -0.15564881, 0.09486786, 0.73495352, -1.98984039, -3.70854998, 0.00000000, 0.00000000, 0.00000000, 0.00000000
2, 0.7601, 76, 1.78353894, 2.24605799, -1.25891149, -572.23736572, -34.33049774, -438.57714844, -15.46331501, 28.79274940, 20.25723457, 16.00606728, 22.97358322, -13.72820091, 0.96015722, -0.15902759, -0.17948277, 0.14350718, -1.34160924, -2.83530712, -1.48966360, 0.00000000, 0.00000000, 0.00000000, 0.00000000
2, 0.7701, 77, 2.82856941, 1.87280166, -1.59741950, -274.51562500, 111.44564819, -343.05075073, -14.90792179, 29.78661156, 20.43262100, 13.63035202, 26.16630363, -17.10133171, 0.95241600, -0.14772086, -0.20508116, 0.17036456, -2.41962290, -2.55566692, -1.61621118, 0.00000000, 0.00000000, 0.00000000, 0.00000000
2, 0.7801, 78, 2.34258699, 1.20935118, -0.71061206, -83.34968567, 196.61959839, -262.81970215, -14.67407131, 28.35428238, 19.73107338, 13.14471626, 29.32940292, -18.45800972, 0.94397813, -0.14963140, -0.23048371, 0.18273786, -1.66089141, -1.58857942, -1.85215974, 0.00000000, 0.00000000, 0.00000000, 0.00000000
5, 0.8400, 84, 0.29711732, 0.52427280, -0.66607696, -50.02770615, -147.09347534, -173.22994995, -34.93130493, 20.19877243, -129.43583679, -7.66357660, 54.41289139, -37.04342651, 0.85111946, -0.08855506, -0.45142746, 0.25291681, 0.41281801, -0.87745839, -0.46489719, 0.00000000, 0.00000000, 0.00000000, 0.00000000
5, 0.8500, 85, 0.15615846, 0.61338019, -0.66767460, -39.38315201, -144.97955322, -173.31506348, -34.93130493, 20.19877243, -129.43583679, -9.98813725, 53.79449463, -40.66477966, 0.84676176, -0.08379594, -0.44956961, 0.27177221, 0.56899709, -0.78342712, -0.43867454, 0.00000000, 0.00000000, 0.00000000, 0.00000000
5, 0.8600, 86, 0.21896054, 0.68241405, -0.53943360, -25.99766159, -142.84584045, -165.93341064, -35.34054184, 22.09880066, -129.11428833, -11.95099831, 53.09927750, -43.97710419, 0.84239244, -0.08009563, -0.44707561, 0.28997117, 0.56796521, -0.74927402, -0.60211521, 0.00000000, 0.00000000, 0.00000000, 0.00000000
5, 0.8700, 87, 0.30818704, 0.63376701, -0.39708719, -16.52079582, -140.66261292, -150.35124207, -36.65594864, 22.24495697, -129.17276001, -13.55323124, 52.31654358, -46.89852142, 0.83839905, -0.07703950, -0.44376469, 0.30696076, 0.51981628, -0.61146283, -0.73136413, 0.00000000, 0.00000000, 0.00000000, 0.00000000
5, 0.8800, 88, 0.22870767, 0.52770138, -0.43604138, -9.68029881, -141.40808105, -129.75775146, -36.62671661, 20.98801422, -128.90966797, -14.80997276, 51.42077637, -49.39981079, 0.83510196, -0.07426929, -0.43936792, 0.32255974, 0.54366434, -0.52601832, -0.62380779, 0.00000000, 0.00000000, 0.00000000, 0.00000000
5, 0.8900, 89, 0.08941142, 0.37270358, -0.52266335, -4.56996298, -128.04040527, -113.69564819, -37.15287781, 21.42648315, -129.17276001, -27.90508080, 45.69860458, -62.70016861, 0.81248230, -0.00630556, -0.43743479, 0.38533574, 0.57810265, -0.38933852, -0.43273789, 0.00000000, 0.00000000, 0.00000000, 0.00000000
2, 0.7901, 79, 2.29358029, 1.09945238, -0.43287355, -35.41491699, 237.72814941, -236.58328247, -14.67407131, 28.35428238, 19.73107338, 13.15133190, 32.63243103, -19.13562584, 0.93480259, -0.15476331, -0.25694034, 0.19019540, -1.45946324, -1.37522507, -1.98796272, 0.00000000, 0.00000000, 0.00000000, 0.00000000
2, 0.8001, 80, 1.92445016, 1.16079545, -0.29715633, -12.07372761, 204.97384644, -231.78533936, -13.59251690, 26.86348915, 18.09412384, 4.52634811, 46.81761932, -28.56867027, 0.88475692, -0.13306712, -0.37576422, 0.24145330, -0.98306596, -1.34374261, -1.87467861, 0.00000000, 0.00000000, 0.00000000, 0.00000000
2, 0.8101, 81, 1.48791575, 1.21421409, -0.22400606, -3.41916609, 148.63052368, -238.13533020, -12.13095570, 25.54808426, 17.04179955, 3.90304303, 49.18205643, -30.48692513, 0.87307501, -0.13922384, -0.39312318, 0.25260833, -0.41802010, -1.25910473, -1.61969137, 0.00000000, 0.00000000, 0.00000000, 0.00000000
2, 0.8201, 82, 1.14007831, 1.19135022, -0.27303255, -24.51249886, 90.84869385, -249.58219910, -11.69248772, 23.99883080, 16.83718109, 2.60964775, 51.05374908, -33.18956375, 0.86177099, -0.14273608, -0.40700942, 0.26705906, -0.12097540, -1.24283695, -1.37185335, 0.00000000, 0.00000000, 0.00000000, 0.00000000
2, 0.8301, 83, 0.93670702, 1.11510789, -0.47561419, -50.92528915, 35.73287964, -255.97666931, -11.34171295, 23.47266769, 16.22332573, 0.55555779, 52.39583969, -36.67842484, 0.85101885, -0.14303356, -0.41767725, 0.28434861, -0.03688955, -1.22679961, -1.06236482, 0.00000000, 0.00000000, 0.00000000, 0.00000000
2, 0.8401, 84, 0.77249843, 1.03575063, -0.66777909, -62.38309479, -16.06607437, -249.92692566, -11.34171295, 23.47266769, 16.22332573, -1.92484725, 53.14545822, -40.61515427, 0.84126568, -0.14114079, -0.42468300, 0.30330831, 0.01112095, -1.19927084, -0.78666985, 0.00000000, 0.00000000, 0.00000000, 0.00000000
2, 0.8501, 85, 0.55555266, 0.98959607, -0.61773312, -74.00899506, -58.22061920, -223.97714233, -11.54633141, 22.82958221, 16.60333252, -25.40540695, 53.42549133, -67.51201630, 0.77942276, -0.08035555, -0.47373071, 0.40202302, 0.21768278, -1.05886900, -0.68248343, 0.00000000, 0.00000000, 0.00000000, 0.00000000
2, 0.8601, 86, 0.42770880, 1.06732345, -0.55220073, -89.82904816, -84.27056885, -195.41543579, -12.10172462, 22.65419388, 17.36334419, -27.78817749, 52.34799957, -70.86433411, 0.77126211, -0.07264581, -0.47382876, 0.41876447, 0.36761284, -0.92222595, -0.65292668, 0.00000000, 0.00000000, 0.00000000, 0.00000000
5, 0.9000, 90, -0.03519924, 0.22231507, -0.59028971, -0.68804389, -94.92011261, -101.84408569, -37.15287781, 21.42648315, -129.17276001, -28.30718994, 44.89496613, -64.08705902, 0.80917490, -0.00487520, -0.43374103, 0.39633447, 0.57875878, -0.17308176, -0.26623908, 0.00000000, 0.00000000, 0.00000000, 0.00000000
2, 0.8701, 87, 0.22784859, 1.10337830, -0.58412296, -89.52339935, -90.26603699, -178.06428528, -12.68634892, 21.77725792, 18.03566170, -29.86494446, 51.14559937, -73.79476166, 0.76379049, -0.06452525, -0.47309598, 0.43432814, 0.51954079, -0.93897021, -0.54183275, 0.00000000, 0.00000000, 0.00000000, 0.00000000
5, 0.9100, 91, -0.08932603, 0.09053084, -0.67454606, 1.04586840, -60.10036087, -94.11339569, -37.76673508, 20.60800934, -128.14965820, -28.68909264, 44.41817474, -65.32807922, 0.80563736, -0.00454767, -0.43208271, 0.40525615, 0.55911875, -0.09998333, -0.11889739, 0.00000000, 0.00000000, 0.00000000, 0.00000000
2, 0.8801, 88, 0.11153121, 0.99197876, -0.63223684, -64.78774261, -71.10147858, -170.03044128, -12.83250523, 20.69570351, 18.32797432, -31.49251747, 50.14011002, -76.37245941, 0.75632769, -0.05891618, -0.47251776, 0.44858035, 0.56498206, -0.82882667, -0.41198045, 0.00000000, 0.00000000, 0.00000000, 0.00000000
2, 0.8901, 89, 0.06915550, 0.85420340, -0.63095456, -36.55978012, -52.09718323, -164.90249634, -12.83250523, 20.69570351, 18.32797432, -32.69798279, 49.35770416, -78.67295837, 0.74887460, -0.05613324, -0.47200659, 0.46178532, 0.56689155, -0.68142945, -0.34947169, 0.00000000, 0.00000000, 0.00000000, 0.00000000
2, 0.9001, 90, 0.06638411, 0.71987045, -0.64601499, -16.99177551, -36.31698227, -158.39089966, -13.59251690, 19.46799088, 18.15258598, -43.10659027, 42.49134445, -92.59841156, 0.69515121, -0.00709732, -0.48039064, 0.53473294, 0.51057100, -0.51304537, -0.29139748, 0.00000000, 0.00000000, 0.00000000, 0.00000000
2, 0.9101, 91, 0.05870144, 0.57341540, -0.65876031, -6.76919842, -23.68672752, -148.02304077, -13.62174797, 19.55568504, 18.79567337, -43.49058533, 41.83996582, -94.17772675, 0.68761170, -0.00728876, -0.47926894, 0.54537904, 0.41882920, -0.26724416, -0.22403927, 0.00000000, 0.00000000, 0.00000000, 0.00000000
2, 0.9201, 92, 0.06151695, 0.39872214, -0.66489112, -5.47878170, -14.14836025, -133.47061157, -13.73867321, 18.50336075, 18.82490540, -43.84612656, 41.31248474, -95.62010193, 0.68055815, -0.00784097, -0.47862655, 0.55470330, 0.37353611, -0.09925613, -0.16610810, 0.00000000, 0.00000000, 0.00000000, 0.00000000
2, 0.9301, 93, 0.03480251, 0.27675477, -0.66675514, -7.45064783, -5.55452347, -108.80963135, -12.89096737, 16.16486359, 18.47413063, -44.18917465, 40.92004395, -96.83147430, 0.67452931, -0.00835779, -0.47856316, 0.56206554, 0.36722431, 0.02013613, -0.11264186, 0.00000000, 0.00000000, 0.00000000, 0.00000000
2, 0.9401, 94, -0.00582490, 0.27955547, -0.71488440, -15.03396416, 7.99468565, -73.96269226, -12.89096737, 16.16486359, 18.47413063, -44.59687805, 40.71885300, -97.76158142, 0.66988659, -0.00855849, -0.47966957, 0.56665331, 0.37672216, 0.00549182, -0.05331583, 0.00000000, 0.00000000, 0.00000000, 0.00000000
5, 0.9200, 92, -0.09526666, -0.05471106, -0.77641892, -2.67882347, -34.44414902, -87.51312256, -37.50365448, 20.40339088, -128.14965820, -29.12317848, 44.16993332, -66.48389435, 0.80192131, -0.00463298, -0.43206587, 0.41257706, 0.48978683, -0.02633015, 0.03083140, 0.00000000, 0.00000000, 0.00000000, 0.00000000
2, 0.9501, 95, 0.01476978, 0.33899733, -0.72452295, -17.72983170, 30.15031433, -42.19549942, -13.15404797, 18.09412384, 18.26951218, -46.29072189, 36.52050400, -102.77713013, 0.64114952, 0.00780406, -0.47146603, 0.60546368, 0.35043731, -0.03746963, -0.07620569, 0.00000000, 0.00000000, 0.00000000, 0.00000000
2, 0.9601, 96, 0.07057066, 0.30891401, -0.72604811, -7.45784807, 43.06833649, -29.18567085, -12.80327415, 17.86027527, 18.24028015, -46.64186478, 36.77351379, -103.35117340, 0.63834441, 0.00571711, -0.47434008, 0.60620558, 0.25507826, 0.02590348, -0.10329124, 0.00000000, 0.00000000, 0.00000000, 0.00000000
2, 0.9701, 97, 0.14426348, 0.15410753, -0.74213612, 9.36166954, 36.98302460, -37.42591476, -12.94942951, 17.59719276, 17.27565002, -46.78829575, 37.00574875, -103.90594482, 0.63563573, 0.00268615, -0.47602740, 0.60774827, 0.15858540, 0.16397969, -0.07358366, 0.00000000, 0.00000000, 0.00000000, 0.00000000
2, 0.9801, 98, 0.27485311, -0.05607325, -0.80634946, 17.89034843, 14.43308926, -58.17985153, -12.48173046, 17.30488205, 17.48026848, -46.75246811, 37.00396347, -104.50926971, 0.63242531, -0.00000602, -0.47583711, 0.61124253, -0.02196607, 0.33481961, -0.01919174, 0.00000000, 0.00000000, 0.00000000, 0.00000000
2, 0.9901, 99, 0.46921486, -0.17919222, -0.86816806, 17.70088196, -30.15478706, -81.40653992, -12.48173046, 17.30488205, 17.48026848, -46.51543427, 36.53781891, -105.09651184, 0.62878495, -0.00062254, -0.47280434, 0.61732107, -0.24567944, 0.42687857, -0.03125598, 0.00000000, 0.00000000, 0.00000000, 0.00000000
5, 0.9300, 93, -0.10000213, -0.07311887, -0.80829513, -4.59968948, -21.37847900, -81.77920532, -37.09441757, 19.90645981, -128.09120178, -29.57244873, 44.03260040, -67.56704712, 0.79821771, -0.00489545, -0.43281788, 0.41891909, 0.47605151, -0.02207151, 0.06696454, 0.00000000, 0.00000000, 0.00000000, 0.00000000
2, 1.0001, 100, 0.72338057, -0.29210126, -0.91349691, 18.35999107, -92.03539276, -99.41061401, -12.83250523, 16.28178787, 18.12335587, -43.07282639, 44.36192703, -93.38046265, 0.69168019, -0.02236496, -0.48823527, 0.53169978, -0.48958537, 0.49273452, -0.08556144, 0.00000000, 0.00000000, 0.00000000, 0.00000000
5, 0.9400, 94, -0.08509983, -0.03710640, -0.67781651, 0.72125441, -9.95468426, -75.42298126, -37.18210983, 19.84799767, -127.71119690, -29.56146240, 37.70602417, -74.17602539, 0.77964771, 0.00417480, -0.39483750, 0.48604053, 0.49659830, 0.03071997, -0.07057221, 0.00000000, 0.00000000, 0.00000000, 0.00000000
5, 0.9500, 95, 0.05270321, 0.00983068, -0.55044270, 7.94825411, -3.79784584, -65.15052795, -37.18210983, 19.84799767, -127.71119690, -29.68944931, 37.74697876, -74.90263367, 0.77651191, 0.00231618, -0.39564574, 0.49039635, 0.36724582, 0.08581368, -0.29658705, 0.00000000, 0.00000000, 0.00000000, 0.00000000
5, 0.9600, 96, 0.29376680, -0.02373906, -0.51502937, 11.22437954, -5.88023567, -53.32411194, -37.15287781, 19.49722290, -127.71119690, -29.73214149, 37.76293182, -75.47560120, 0.77403623, 0.00053918, -0.39593011, 0.49407205, 0.15512532, 0.13386458, -0.41011044, 0.00000000, 0.00000000, 0.00000000, 0.00000000
5, 0.9700, 97, 0.55157155, -0.15621752, -0.56509525, 9.14594746, -15.64054966, -43.54042816, -37.06518555, 19.20491028, -127.88658142, -29.74216843, 37.67034149, -75.94407654, 0.77208817, -0.00050434, -0.39543110, 0.49750769, -0.12715901, 0.21884404, -0.41877821, 0.00000000, 0.00000000, 0.00000000, 0.00000000
5, 0.9800, 98, 0.72644418, -0.41349980, -0.61067700, 7.25207853, -35.60450363, -37.43740845, -37.24057388, 19.49722290, -127.91580963, -29.70603561, 37.37398911, -76.35048676, 0.77056235, -0.00051911, -0.39354020, 0.50135785, -0.36414176, 0.41166535, -0.33606321, 0.00000000, 0.00000000, 0.00000000, 0.00000000
5, 0.9900, 99, 0.72781801, -0.64533544, -0.65372485, -3.70655394, -74.42378235, -34.87570190, -37.62057877, 18.53259277, -127.41888428, -23.60178947, 42.97104645, -66.76624298, 0.80177891, -0.03837043, -0.40408134, 0.43863058, -0.42117906, 0.55995989, -0.18949279, 0.00000000, 0.00000000, 0.00000000, 0.00000000
5, 1.0000, 100, 0.61066961, -0.82471716, -0.68374056, -21.15741539, -136.67221069, -32.28153229, -38.67290115, 19.23414230, -126.92195129, -23.83717918, 41.67413330, -67.47666168, 0.80124003, -0.03279610, -0.39662692, 0.44679517, -0.31835806, 0.62323141, -0.01909071, 0.00000000, 0.00000000, 0.00000000, 0.00000000
5, 1.0100, 101, 0.49714237, -0.93821442, -0.72436982, -36.80678177, -208.91073608, -13.24605370, -38.67290115, 19.23414230, -126.92195129, -24.05131149, 39.61400604, -68.11298370, 0.80190295, -0.02319378, -0.38434905, 0.45682573, -0.28064424, 0.70800084, 0.09816784, 0.00000000, 0.00000000, 0.00000000, 0.00000000
5, 1.0200, 102, 0.32518911, -1.09365189, -0.79740715, -46.32592010, -263.25903320, 18.07308197, -39.46214676, 19.32183456, -125.92809296, -24.14802170, 36.95294952, -68.47409821, 0.80405366, -0.01034309, -0.36782268, 0.46700895, -0.22097141, 0.81209230, 0.27967048, 0.00000000, 0.00000000, 0.00000000, 0.00000000
2, 1.0101, 101, 0.97286159, -0.37381721, -0.95165217, 19.77161407, -169.09129333, -107.16751862, -12.56942368, 14.23560333, 18.38643646, -42.24383545, 42.61555099, -93.60693359, 0.69032753, -0.01730661, -0.47676575, 0.54391450, -0.66861784, 0.48656985, -0.14004537, 0.00000000, 0.00000000, 0.00000000, 0.00000000
5, 1.0300, 103, 0.13361211, -1.26632166, -0.85796440, -62.46570206, -310.81982422, 51.58368301, -41.65448761, 19.81876564, -125.69423676, -24.23694229, 33.74220276, -68.57707977, 0.80735576, 0.00612953, -0.34761730, 0.47676146, -0.15240769, 0.93851066, 0.46421310, 0.00000000, 0.00000000, 0.00000000, 0.00000000
5, 1.0400, 104, -0.07839081, -1.23280096, -1.03859711, -82.88398743, -335.06954956, 86.86108398, -44.10990906, 20.66647148, -124.72960663, -16.65610504, 28.99466896, -65.08894348, 0.82703274, -0.01503927, -0.28423721, 0.48476785, -0.07351775, 0.80169952, 0.63451731, 0.00000000, 0.00000000, 0.00000000, 0.00000000
5, 1.0500, 105, -0.35611686, -1.24627948, -1.25420451, -93.46899414, -330.11627197, 133.89102173, -46.94533539, 19.43876076, -123.12189484, -17.18566704, 25.35587883, -65.01335907, 0.83115447, 0.00631201, -0.26134413, 0.49075645, 0.02710242, 0.63286090, 0.85945570, 0.00000000, 0.00000000, 0.00000000, 0.00000000
5, 1.0600, 106, -0.58486801, -1.29038429, -1.34592891, -106.93353271, -300.56634521, 179.66860962, -46.94533539, 19.43876076, -123.12189484, -17.87815094, 21.85006905, -64.44689178, 0.83625680, 0.02923742, -0.23973820, 0.49228603, 0.13362615, 0.63765419, 1.02692771, 0.00000000, 0.00000000, 0.00000000, 0.00000000
2, 1.0201, 102, 1.03670335, -0.60364717, -0.97245109, 16.38077354, -248.86335754, -97.09505463, -14.00175381, 13.97252274, 20.22800255, -41.03033066, 40.16314316, -93.37008667, 0.69099289, -0.00818154, -0.46009451, 0.55747199, -0.80469507, 0.69910336, -0.11019055, 0.00000000, 0.00000000, 0.00000000, 0.00000000
2, 1.0301, 103, 0.84777379, -0.78456378, -0.91903317, 4.09227896, -311.66217041, -62.53774261, -14.00175381, 13.97252274, 20.22800255, -39.64949036, 37.17422104, -92.61029053, 0.69413859, 0.00526234, -0.43956625, 0.57002228, -0.68775016, 0.89381802, -0.03554235, 0.00000000, 0.00000000, 0.00000000, 0.00000000
2, 1.0401, 104, 0.52976453, -0.79958850, -0.85048264, -6.44285583, -342.23715210, -19.84212875, -16.39871407, 13.53405380, 22.44957542, -38.29837418, 33.94877625, -91.44342041, 0.69934732, 0.02158076, -0.41716462, 0.58001846, -0.42798978, 0.93939167, 0.03612863, 0.00000000, 0.00000000, 0.00000000, 0.00000000
5, 1.0700, 107, -0.65245581, -1.19693542, -1.34901893, -113.77250671, -283.46264648, 206.38238525, -49.42998886, 22.97573853, -121.83571625, -18.69840622, 18.43185043, -63.58418655, 0.84155631, 0.05304030, -0.21879919, 0.49101603, 0.15932904, 0.57611239, 0.99585378, 0.00000000, 0.00000000, 0.00000000, 0.00000000
5, 1.0800, 108, -0.60965800, -1.13109672, -1.48836219, -113.83508301, -286.23690796, 236.53201294, -52.00233841, 24.84653664, -120.92955017, -19.58186531, 14.92094135, -62.40911102, 0.84716976, 0.07792869, -0.19679742, 0.48734117, 0.02810278, 0.46501943, 1.03821123, 0.00000000, 0.00000000, 0.00000000, 0.00000000
5, 1.0900, 109, -0.52675372, -1.20872724, -1.60704851, -115.00307465, -311.77062988, 275.63488770, -54.16544724, 27.50657654, -119.08798218, -15.90844154, 11.32277393, -59.87481308, 0.86086047, 0.07057524, -0.15338707, 0.48001146, -0.16917029, 0.46754766, 1.11475110, 0.00000000, 0.00000000, 0.00000000, 0.00000000
5, 1.1000, 110, -0.54896480, -1.16603458, -1.69615579, -127.16546631, -364.33404541, 317.33554077, -56.65010071, 30.22508049, -116.98333740, -17.12963486, 6.76528263, -58.41271210, 0.86591786, 0.10129786, -0.12347209, 0.47400382, -0.24165542, 0.34918922, 1.14603138, 0.00000000, 0.00000000, 0.00000000, 0.00000000
5, 1.1100, 111, -0.87976760, -0.73461437, -1.65110660, -140.10377502, -424.47937012, 353.88796997, -56.65010071, 30.22508049, -116.98333740, -18.56663895, 1.55117333, -56.71030045, 0.86945230, 0.13560423, -0.08836392, 0.46675044, 0.08726357, 0.03559136, 1.04234767, 0.00000000, 0.00000000, 0.00000000, 0.00000000
2, 1.0501, 105, 0.20358706, -0.88899845, -0.93161047, -16.80707741, -327.19393921, 30.99191093, -18.06489372, 14.03098488, 24.49576187, -26.46150589, 34.15736771, -77.73355865, 0.76669592, -0.00905457, -0.35988265, 0.53158242, -0.23395100, 0.95970690, 0.24479306, 0.00000000, 0.00000000, 0.00000000, 0.00000000
5, 1.1200, 112, -1.61889052, -0.08017270, -1.50425494, -131.08285522, -476.41278076, 366.57369995, -59.63168716, 33.61590195, -114.20636749, -20.01449394, -4.13430834, -54.82477188, 0.87075537, 0.17051443, -0.04841796, 0.45865634, 0.86289638, -0.41153610, 0.93694770, 0.00000000, 0.00000000, 0.00000000, 0.00000000
2, 1.0601, 106, 0.05066123, -0.81040823, -1.06842172, -31.25626945, -296.43792725, 84.97386932, -20.31569672, 14.44022179, 26.16194153, -25.95425034, 31.21635246, -76.57891083, 0.77407837, 0.00729784, -0.33980206, 0.53411978, -0.15879264, 0.72862273, 0.33358029, 0.00000000, 0.00000000, 0.00000000, 0.00000000
2, 1.0701, 107, 0.01440209, -0.55463737, -1.23061109, -41.26596832, -280.94006348, 138.57092285, -21.33878899, 14.82022762, 28.20812607, -25.65503502, 28.40653801, -75.00856781, 0.78302950, 0.02509002, -0.32082674, 0.53226471, -0.19796768, 0.43712950, 0.37476772, 0.00000000, 0.00000000, 0.00000000, 0.00000000
2, 1.0801, 108, 0.04060989, -0.39626372, -1.38375902, -43.92493820, -298.65994263, 183.77995300, -21.33878899, 14.82022762, 28.20812607, -25.44393158, 25.41746521, -73.03665161, 0.79356122, 0.04494714, -0.30030000, 0.52731419, -0.30718181, 0.24021685, 0.41085112, 0.00000000, 0.00000000, 0.00000000, 0.00000000
5, 1.1300, 113, -2.69411826, 0.54074633, -1.40701365, -101.82884216, -468.75341797, 348.06906128, -62.23326492, 36.62671661, -110.55246735, -21.34632683, -9.61071682, -52.82511902, 0.87012482, 0.20190968, -0.00836746, 0.44949454, 1.91550159, -0.86195958, 1.03918290, 0.00000000, 0.00000000, 0.00000000, 0.00000000
5, 1.1400, 114, -3.80503440, 0.84479523, -1.48905611, -64.56849670, -392.18991089, 297.13937378, -63.95790482, 41.36217499, -107.13241577, -23.78421211, -20.53103828, -49.87074280, 0.85763574, 0.25738922, 0.07264248, 0.43924361, 2.84758520, -1.14657485, 1.46280754, 0.00000000, 0.00000000, 0.00000000, 0.00000000
2, 1.0901, 109, -0.09984732, -0.31437021, -1.44325924, -41.44131851, -348.83969116, 215.16328430, -23.35574341, 16.10640144, 30.78047371, -25.23864365, 21.94039154, -70.75295258, 0.80519891, 0.06736854, -0.27558684, 0.52073812, -0.25008067, 0.14959809, 0.47985354, 0.00000000, 0.00000000, 0.00000000, 0.00000000
2, 1.1001, 110, -0.38016036, -0.13435490, -1.34749281, -22.38927269, -416.07806396, 228.30497742, -25.08038521, 19.14644814, 34.05437088, -23.55581856, 15.60751152, -68.12789154, 0.81898522, 0.09307668, -0.22338572, 0.52028722, -0.00160402, 0.02019304, 0.45703062, 0.00000000, 0.00000000, 0.00000000, 0.00000000
2, 1.1101, 111, -0.94600379, 0.17875826, -0.99108648, 12.03543663, -485.32693481, 224.72349548, -27.06810760, 21.68956375, 38.14673996, -23.03161049, 10.82553387, -65.66447449, 0.82988608, 0.11688592, -0.18542379, 0.51307398, 0.60815507, -0.14845596, 0.31755215, 0.00000000, 0.00000000, 0.00000000, 0.00000000
2, 1.1201, 112, -2.01933694, 0.60863817, -0.56112719, 48.94388962, -522.88403320, 221.59355164, -28.82198143, 22.30341911, 42.00526047, -22.30411530, 5.72147799, -63.12615967, 0.83998626, 0.13896464, -0.14283586, 0.50468802, 1.73068857, -0.39268327, 0.35492861, 0.00000000, 0.00000000, 0.00000000, 0.00000000
2, 1.1301, 113, -3.22930026, 0.93727928, -0.14576098, 71.22766876, -491.82806396, 239.00456238, -28.82198143, 22.30341911, 42.00526047, -21.73451042, 0.92613488, -60.43003845, 0.84938514, 0.15892087, -0.10173474, 0.49288854, 2.94559264, -0.55188608, 0.51195008, 0.00000000, 0.00000000, 0.00000000, 0.00000000
2, 1.1401, 114, -4.27713442, 1.09937906, 0.05874108, 64.05703735, -393.89407349, 271.10122681, -29.37737465, 25.78193474, 46.18532562, -21.76742172, -2.94994569, -57.55689621, 0.85809714, 0.17760938, -0.06871529, 0.47686753, 3.90303111, -0.62972748, 0.81990564, 0.00000000, 0.00000000, 0.00000000, 0.00000000
2, 1.1501, 115, -4.73808432, 1.03745437, 0.02013567, 30.58209801, -260.66818237, 291.50561523, -29.17275620, 27.21426392, 48.96229172, -22.76564789, -15.16305065, -55.66055679, 0.84720474, 0.23339312, 0.02304683, 0.47669777, 4.17681694, -0.58133566, 1.11559987, 0.00000000, 0.00000000, 0.00000000, 0.00000000
2, 1.1601, 116, -4.54220676, 0.99006486, -0.22173639, -11.10212517, -140.15763855, 285.31781006, -28.61736298, 29.23121834, 50.45308304, -24.66908646, -16.60726547, -52.97600937, 0.85144186, 0.25211635, 0.03199764, 0.45875949, 3.73068547, -0.61223155, 1.26396334, 0.00000000, 0.00000000, 0.00000000, 0.00000000
5, 1.1500, 115, -4.07150984, 0.70029330, -1.48453915, -29.98110008, -235.51119995, 247.39962769, -64.80561066, 44.08067703, -105.46623993, -25.18244171, -23.30115509, -47.79899216, 0.85605192, 0.27504224, 0.09369024, 0.42749158, 2.91875291, -1.00547314, 1.69890213, 0.00000000, 0.00000000, 0.00000000, 0.00000000
2, 1.1701, 117, -4.14742088, 0.79084003, -0.29712737, -41.00556183, -73.30908203, 252.48646545, -28.35428238, 32.94358444, 50.95001221, -26.71676445, -17.37766457, -50.74887466, 0.85403490, 0.26934204, 0.03492883, 0.44368827, 3.30049396, -0.42638713, 1.20891953, 0.00000000, 0.00000000, 0.00000000, 0.00000000
2, 1.1801, 118, -3.61837316, 0.67104524, -0.45460093, -58.10505295, -53.51791000, 198.14683533, -28.35428238, 32.94358444, 50.95001221, -28.54334641, -17.94657707, -49.10037231, 0.85476089, 0.28429508, 0.03632208, 0.43271351, 2.73732615, -0.34628993, 1.12538457, 0.00000000, 0.00000000, 0.00000000, 0.00000000
5, 1.1600, 116, -3.30034876, 0.30457106, -1.53543603, -12.03108311, -78.09864807, 223.70510864, -64.80561066, 44.08067703, -105.46623993, -26.78814888, -24.42309761, -45.66142273, 0.85728765, 0.28850821, 0.10179986, 0.41407472, 2.08511543, -0.68271089, 1.61949694, 0.00000000, 0.00000000, 0.00000000, 0.00000000
2, 1.1901, 119, -2.98973298, 0.60661250, -0.61467272, -63.57650757, -86.24113464, 132.87367249, -28.50043869, 33.64513397, 51.53463745, -29.89818001, -18.84558487, -48.00006485, 0.85353988, 0.29681554, 0.04099578, 0.42625055, 2.09480476, -0.32517743, 0.97468412, 0.00000000, 0.00000000, 0.00000000, 0.00000000
5, 1.1700, 117, -2.33175302, -0.00856824, -1.58188617, -19.85367584, 1.96113908, 194.67422485, -64.22098541, 46.50687027, -105.17392731, -28.46547127, -24.68991089, -43.76803970, 0.85906792, 0.30011162, 0.10278046, 0.40171096, 1.11270189, -0.42234755, 1.40596247, 0.00000000, 0.00000000, 0.00000000, 0.00000000
2, 1.2001, 120, -2.56413913, 0.51880467, -0.71821040, -62.61503983, -144.99147034, 73.25422668, -28.50043869, 35.25284958, 52.85004425, -29.63473320, -25.22926140, -48.64189529, 0.83668256, 0.31437054, 0.08960987, 0.43943560, 1.62143040, -0.27911678, 0.89183152, 0.00000000, 0.00000000, 0.00000000, 0.00000000
5, 1.1800, 118, -1.78881490, -0.11558719, -1.57067001, -39.13660812, -2.72956634, 152.14939880, -64.63022614, 47.85150528, -104.76468658, -29.94695854, -24.95202255, -42.37659073, 0.85929525, 0.31064638, 0.10340802, 0.39295974, 0.59888130, -0.30494419, 1.22905111, 0.00000000, 0.00000000, 0.00000000, 0.00000000
2, 1.2101, 121, -2.29091573, 0.48693892, -0.80284792, -71.74748993, -213.06567383, 17.07680130, -27.47734642, 35.74977875, 54.66238022, -30.05126762, -27.45163345, -48.38446808, 0.83062106, 0.32364014, 0.10583031, 0.44059703, 1.24978781, -0.30391666, 0.86414152, 0.00000000, 0.00000000, 0.00000000, 0.00000000
2, 1.2201, 122, -2.01940274, 0.48710525, -0.87157893, -80.69162750, -245.79481506, -8.57236671, -27.97427559, 35.98363113, 57.49780655, -30.27289009, -30.03202057, -48.33889008, 0.82291478, 0.33249399, 0.12491533, 0.44345835, 0.94486570, -0.33586711, 0.80251741, 0.00000000, 0.00000000, 0.00000000, 0.00000000
2, 1.2301, 123, -1.86554325, 0.48589277, -0.91000319, -80.99748230, -253.18745422, -16.67837143, -27.97427559, 35.98363113, 57.49780655, -30.41763306, -32.69119644, -48.35104370, 0.81452543, 0.34087443, 0.14466168, 0.44657141, 0.75379598, -0.35857737, 0.77795422, 0.00000000, 0.00000000, 0.00000000, 0.00000000
5, 1.1900, 119, -1.49850929, -0.08756073, -1.54458702, -57.37985229, -57.47879791, 112.37905121, -64.07482910, 49.40076065, -104.96930695, -29.49895096, -24.58267975, -42.36491013, 0.86145604, 0.30633780, 0.10207257, 0.39195889, 0.34846178, -0.30328986, 1.07940078, 0.00000000, 0.00000000, 0.00000000, 0.00000000
5, 1.2000, 120, -1.30725467, -0.04898092, -1.50114167, -65.87891388, -121.19012451, 84.59188080, -63.98713684, 48.81613541, -103.36158752, -30.37148476, -25.97794533, -41.77068329, 0.85761160, 0.31580576, 0.11166774, 0.39025554, 0.19566795, -0.31667778, 0.94536853, 0.00000000, 0.00000000, 0.00000000, 0.00000000
5, 1.2100, 121, -1.22139847, -0.02406581, -1.39529371, -60.74735260, -179.94944763, 68.78965759, -63.98713684, 48.81613541, -103.36158752, -30.97085381, -27.91414452, -41.28438568, 0.85250223, 0.32441774, 0.12617199, 0.38996637, 0.13509002, -0.27785459, 0.83301657, 0.00000000, 0.00000000, 0.00000000, 0.00000000
5, 1.2200, 122, -1.21826839, -0.00962534, -1.20621884, -46.49160004, -221.91590881, 56.12830353, -64.19175720, 51.35925293, -101.81233215, -31.29551697, -30.21439362, -40.83666611, 0.84672439, 0.33159512, 0.14435180, 0.39021170, 0.17048186, -0.19163454, 0.69984919, 0.00000000, 0.00000000, 0.00000000, 0.00000000
2, 1.2401, 124, -1.74448526, 0.45693746, -0.97305197, -70.89517975, -238.91572571, -16.88126373, -27.47734642, 35.45746994, 60.09938431, -30.51362801, -35.18736649, -48.33955002, 0.80644381, 0.34824568, 0.16334486, 0.44910133, 0.57660180, -0.36600792, 0.79901081, 0.00000000, 0.00000000, 0.00000000, 0.00000000
5, 1.2300, 123, -1.28601050, -0.01752187, -1.05616963, -26.15579414, -235.22174072, 45.93046188, -64.68869019, 52.26541901, -99.73691559, -31.38498306, -32.59040833, -40.38882446, 0.84105062, 0.33689994, 0.16390371, 0.39021534, 0.24848823, -0.11273263, 0.63813776, 0.00000000, 0.00000000, 0.00000000, 0.00000000
2, 1.2501, 125, -1.60863245, 0.38192382, -0.98703462, -48.28094864, -201.40046692, -11.38727665, -26.36655998, 36.39286804, 62.81789017, -29.47282600, -35.97444534, -49.08000183, 0.80412716, 0.34412271, 0.17118609, 0.45349139, 0.41108537, -0.31387663, 0.78133965, 0.00000000, 0.00000000, 0.00000000, 0.00000000
5, 1.2400, 124, -1.32476544, -0.07227137, -0.90635395, -6.95728636, -210.15681458, 43.23396683, -64.65945435, 52.49926758, -97.39842224, -28.47477913, -34.51408768, -42.05451202, 0.83783311, 0.32240394, 0.18412562, 0.40023655, 0.29309878, -0.00514652, 0.58022189, 0.00000000, 0.00000000, 0.00000000, 0.00000000
2, 1.2601, 126, -1.44130468, 0.30031234, -0.97504383, -16.34956551, -147.08393860, -3.10420728, -25.89885902, 35.36977386, 63.66559601, -29.44758606, -37.43838120, -48.87697983, 0.80018818, 0.34756249, 0.18299454, 0.45322424, 0.24649593, -0.24733201, 0.71474463, 0.00000000, 0.00000000, 0.00000000, 0.00000000
5, 1.2500, 125, -1.28919446, -0.15077996, -0.78386074, 10.38685131, -163.71044922, 42.29753876, -64.25022125, 52.82081223, -96.46302032, -28.42787170, -36.13213730, -41.58136749, 0.83455503, 0.32494336, 0.19818430, 0.39831227, 0.26299638, 0.09114903, 0.50870717, 0.00000000, 0.00000000, 0.00000000, 0.00000000
2, 1.2701, 127, -1.22429395, 0.20971495, -0.94397551, 17.97332954, -95.19922638, 4.96713114, -25.89885902, 35.36977386, 63.66559601, -29.36481285, -38.31059647, -48.50823212, 0.79896474, 0.34868273, 0.19104436, 0.45119599, 0.04139530, -0.15805799, 0.61948895, 0.00000000, 0.00000000, 0.00000000, 0.00000000
2, 1.2801, 128, -1.00514710, 0.15996961, -0.87747502, 54.43565369, -54.37552261, 12.51804543, -25.28500366, 36.30517197, 64.25022125, -29.20497322, -38.69389725, -47.94058990, 0.80037558, 0.34760162, 0.19629821, 0.44725728, -0.13402113, -0.09172866, 0.47636315, 0.00000000, 0.00000000, 0.00000000, 0.00000000
5, 1.2600, 126, -1.16831470, -0.23463067, -0.70117885, 23.96998596, -109.35558319, 40.66860580, -64.71791840, 51.85618210, -95.20607758, -28.43026733, -37.19222641, -41.03686523, 0.83303422, 0.32633010, 0.20794088, 0.39537746, 0.14647011, 0.19990812, 0.44608727, 0.00000000, 0.00000000, 0.00000000, 0.00000000
5, 1.2700, 127, -0.99797767, -0.31050873, -0.62961876, 33.00920105, -59.66998291, 41.12440109, -64.71791840, 51.85618210, -95.20607758, -28.51814270, -37.75086594, -40.42022324, 0.83308303, 0.32703063, 0.21372637, 0.39159256, -0.00925536, 0.29935724, 0.36257738, 0.00000000, 0.00000000, 0.00000000, 0.00000000
5, 1.2800, 128, -0.80233961, -0.34861943, -0.56037080, 39.76519394, -21.62508774, 46.15147781, -64.83484650, 54.25314331, -95.29376984, -28.72101974, -37.93000412, -39.69564056, 0.83437824, 0.32751960, 0.21649581, 0.38687679, -0.17403290, 0.36907712, 0.24836099, 0.00000000, 0.00000000, 0.00000000, 0.00000000
2, 1.2901, 129, -0.76687080, 0.11270324, -0.79463625, 89.94095612, -24.54427528, 19.32055473, -25.51885414, 36.48056030, 64.19175720, -28.95864677, -38.69892502, -47.16210938, 0.80412090, 0.34454501, 0.19964258, 0.44138545, -0.31211829, -0.02034184, 0.30524874, 0.00000000, 0.00000000, 0.00000000, 0.00000000
5, 1.2900, 129, -0.64957422, -0.34174171, -0.51238436, 44.96491623, 3.43291283, 55.49818039, -64.51329803, 54.04852295, -95.11838531, -22.70380020, -34.99918365, -42.89538574, 0.84866798, 0.28252503, 0.20575899, 0.39699581, -0.28289598, 0.37585211, 0.12832160, 0.00000000, 0.00000000, 0.00000000, 0.00000000
5, 1.3000, 130, -0.54521042, -0.32366189, -0.50064641, 48.73226166, 9.37167835, 67.82498932, -64.01636505, 52.90850449, -95.11838531, -23.10642624, -34.96387863, -41.89239120, 0.85122448, 0.28361991, 0.20657842, 0.39025921, -0.33769649, 0.32162368, 0.01822432, 0.00000000, 0.00000000, 0.00000000, 0.00000000
2, 1.3001, 130, -0.56977797, 0.07068794, -0.71241158, 128.36158752, -5.71409893, 23.27046967, -25.13884735, 35.66208649, 63.84098053, -26.88207817, -33.09302902, -46.79602432, 0.82937711, 0.31449434, 0.16573051, 0.43099928, -0.43061760, 0.04716811, 0.13490826, 0.00000000, 0.00000000, 0.00000000, 0.00000000
5, 1.3100, 131, -0.50265753, -0.29654884, -0.51695508, 52.51655960, 3.67067432, 80.39991760, -64.04560089, 54.98392105, -95.32300568, -23.59293365, -34.99521255, -40.73959351, 0.85381037, 0.28522837, 0.20804405, 0.38258389, -0.37568018, 0.29603985, 0.00164980, 0.00000000, 0.00000000, 0.00000000, 0.00000000
5, 1.3200, 132, -0.49786621, -0.22506391, -0.55443287, 57.97624207, -11.78900146, 90.16212463, -64.04560089, 54.98392105, -95.32300568, -24.09858131, -35.17650223, -39.46973419, 0.85619545, 0.28709313, 0.21096584, 0.37416616, -0.37870398, 0.22174942, -0.00276659, 0.00000000, 0.00000000, 0.00000000, 0.00000000
2, 1.3101, 131, -0.47481093, 0.07056596, -0.63673341, 154.35372925, -4.76056337, 25.29108810, -24.96346092, 37.44519043, 63.63636398, -26.25439262, -32.78567123, -45.69622803, 0.83608603, 0.30750570, 0.16868035, 0.42183819, -0.41645807, 0.07298589, -0.02421260, 0.00000000, 0.00000000, 0.00000000, 0.00000000
5, 1.3300, 133, -0.49821359, -0.14785005, -0.58491594, 66.20845032, -30.89607048, 96.12160492, -63.92867661, 56.12393951, -95.99532318, -24.56384087, -35.52988434, -38.11015701, 0.85834306, 0.28881073, 0.21565624, 0.36514112, -0.37560305, 0.14540216, -0.01161041, 0.00000000, 0.00000000, 0.00000000, 0.00000000
2, 1.3201, 132, -0.43367335, 0.08938483, -0.59875810, 168.82157898, -16.09715843, 32.21978378, -24.96346092, 37.44519043, 63.63636398, -25.59848976, -32.56641769, -44.42958069, 0.84307295, 0.30023888, 0.17272505, 0.41140109, -0.42696953, 0.06207469, -0.08785465, 0.00000000, 0.00000000, 0.00000000, 0.00000000
2, 1.3301, 133, -0.43307388, 0.08060446, -0.51916629, 174.37602234, -37.42829895, 42.79706573, -25.02192307, 38.40982056, 63.02250671, -24.99270248, -32.55463409, -42.99404907, 0.84975821, 0.29353413, 0.17849705, 0.39985952, -0.39053029, 0.09173482, -0.15412343, 0.00000000, 0.00000000, 0.00000000, 0.00000000
2, 1.3401, 134, -0.49022219, 0.07316432, -0.42988056, 165.46276855, -63.10018539, 53.09465408, -24.87576675, 39.46214676, 62.64250183, -24.51643753, -32.82401276, -41.46671677, 0.85544050, 0.28822196, 0.18611781, 0.38795599, -0.30321914, 0.12410565, -0.19662377, 0.00000000, 0.00000000, 0.00000000, 0.00000000
2, 1.3501, 135, -0.62509310, 0.06591825, -0.35891742, 153.03343201, -91.61292267, 59.11466217, -24.70038033, 40.66062546, 63.02250671, -23.05326843, -34.14116287, -40.49342728, 0.85848975, 0.27875489, 0.20375194, 0.37917864, -0.16434397, 0.14554058, -0.18194078, 0.00000000, 0.00000000, 0.00000000, 0.00000000
2, 1.3601, 136, -0.79403800, 0.11269137, -0.25230366, 143.87059021, -107.46443176, 61.82305145, -24.29114342, 41.18678665, 62.84711838, -22.78046989, -34.93111801, -38.93565750, 0.86189467, 0.27567250, 0.21461564, 0.36753565, 0.02165230, 0.12169121, -0.19280584, 0.00000000, 0.00000000, 0.00000000, 0.00000000
5, 1.3400, 134, -0.52515435, -0.09902181, -0.57274359, 74.32325745, -55.89967346, 98.06877899, -63.81174850, 56.67933273, -95.46916199, -23.48222160, -33.09357071, -38.14053726, 0.86808825, 0.27546188, 0.19980383, 0.36141673, -0.33151680, 0.11249240, -0.03511747, 0.00000000, 0.00000000, 0.00000000, 0.00000000
2, 1.3701, 137, -0.96558183, 0.13937549, -0.15205683, 143.11885071, -102.29750824, 63.22032547, -24.29114342, 41.18678665, 62.84711838, -22.55807686, -35.67782211, -37.36007690, 0.86516935, 0.27259701, 0.22496788, 0.35575601, 0.21060938, 0.12792194, -0.18985258, 0.00000000, 0.00000000, 0.00000000, 0.00000000
2, 1.3801, 138, -1.00668871, 0.15523371, -0.08077808, 149.34387207, -83.81952667, 62.33979416, -23.64805603, 42.35603714, 62.93481445, -22.34027672, -36.23587418, -35.76197433, 0.86887807, 0.26889724, 0.23381457, 0.34362194, 0.27323920, 0.13429183, -0.22664918, 0.00000000, 0.00000000, 0.00000000, 0.00000000
2, 1.3901, 139, -1.01136220, 0.16768500, -0.02060147, 158.54411316, -61.85096741, 57.37856293, -23.15112495, 43.52528381, 63.16866302, -22.06437683, -36.56444550, -34.17409134, 0.87319964, 0.26414934, 0.24092154, 0.33121654, 0.30196029, 0.14019242, -0.27408710, 0.00000000, 0.00000000, 0.00000000, 0.00000000
2, 1.4001, 140, -1.03885484, 0.16163318, 0.02839682, 169.13290405, -39.89931870, 50.98648071, -23.18035698, 43.37912750, 62.78865814, -21.11999130, -41.66793442, -32.49659348, 0.86385065, 0.26226956, 0.28774744, 0.31965345, 0.32785535, 0.15208554, -0.28546113, 0.00000000, 0.00000000, 0.00000000, 0.00000000
2, 1.4101, 141, -1.03445733, 0.15072514, 0.03645629, 180.23481750, -13.32522964, 45.09775162, -22.27418900, 45.36685181, 61.76556396, -20.85501289, -41.50082779, -30.82792282, 0.86956435, 0.25577685, 0.29092762, 0.30626315, 0.27586824, 0.14110233, -0.25652739, 0.00000000, 0.00000000, 0.00000000, 0.00000000
5, 1.3500, 135, -0.58716649, -0.07930867, -0.50435597, 80.53140259, -83.04430389, 95.62517548, -63.13943100, 57.61473083, -95.38146973, -23.63599968, -33.94020081, -36.82297134, 0.86938292, 0.27608967, 0.20919387, 0.35240006, -0.22464094, 0.12772566, -0.08869441, 0.00000000, 0.00000000, 0.00000000, 0.00000000
2, 1.4201, 142, -1.02246726, 0.14557262, 0.04566875, 185.48905945, 3.62483644, 40.31217957, -22.27418900, 45.36685181, 61.76556396, -20.52451515, -41.16144180, -29.19479370, 0.87568241, 0.24857649, 0.29270378, 0.29277042, 0.27263090, 0.14671549, -0.27285993, 0.00000000, 0.00000000, 0.00000000, 0.00000000
2, 1.4301, 143, -1.02102971, 0.12241787, 0.06840303, 177.89515686, 3.31189656, 38.93971252, -22.18649483, 45.92224503, 61.21017075, -20.19988823, -40.84461212, -27.63100433, 0.88131952, 0.24162231, 0.29434651, 0.27974018, 0.28214905, 0.17390212, -0.28960758, 0.00000000, 0.00000000, 0.00000000, 0.00000000
5, 1.3600, 136, -0.69187129, -0.06627317, -0.38584423, 84.60672760, -97.31002808, 92.06105804, -62.96404648, 57.90704346, -95.14761353, -23.71181488, -34.90879440, -35.52783966, 0.87029165, 0.27620688, 0.21975598, 0.34352514, -0.09771506, 0.17839940, -0.13104054, 0.00000000, 0.00000000, 0.00000000, 0.00000000
5, 1.3700, 137, -0.85440397, -0.03618240, -0.31327489, 86.73645020, -94.22167206, 84.55381012, -62.96404648, 57.90704346, -95.14761353, -23.73504448, -35.82881546, -34.28628540, 0.87116253, 0.27571413, 0.22996889, 0.33492067, 0.06874204, 0.18896621, -0.12197347, 0.00000000, 0.00000000, 0.00000000, 0.00000000
5, 1.3800, 138, -0.97127074, -0.03920448, -0.25603017, 87.85834503, -82.05924225, 80.32521057, -62.75942612, 59.54399109, -94.76760864, -23.76906776, -36.62095642, -33.05694199, 0.87222326, 0.27489576, 0.23910642, 0.32632378, 0.18230100, 0.21923043, -0.10563153, 0.00000000, 0.00000000, 0.00000000, 0.00000000
2, 1.4401, 144, -1.02974260, 0.10355931, 0.03370222, 158.87437439, -11.78889084, 41.51852798, -21.71879578, 46.56533051, 60.24554062, -19.96103096, -40.71669769, -26.15566826, 0.88575602, 0.23580036, 0.29697266, 0.26766008, 0.27276284, 0.17596595, -0.25482789, 0.00000000, 0.00000000, 0.00000000, 0.00000000
5, 1.3900, 139, -0.99043393, -0.06353715, -0.18974949, 86.67646027, -58.88360596, 82.31227875, -62.43788147, 58.93013763, -94.91376495, -21.05177116, -40.71441650, -31.88409233, 0.86885989, 0.25862318, 0.28182217, 0.31428164, 0.19669974, 0.26126722, -0.12379514, 0.00000000, 0.00000000, 0.00000000, 0.00000000
2, 1.4501, 145, -1.07804537, 0.10247836, 0.02925659, 134.13542175, -36.35936737, 45.98739624, -21.77725792, 46.82841110, 59.98246002, -18.69222069, -45.16556931, -25.54631996, 0.87473464, 0.23001149, 0.33639112, 0.26225004, 0.29792804, 0.16541569, -0.21602631, 0.00000000, 0.00000000, 0.00000000, 0.00000000
5, 1.4000, 140, -0.99373776, -0.06529427, -0.17665224, 82.64500427, -25.78165054, 87.69185638, -61.61940765, 59.07629395, -94.32913971, -21.50369453, -41.03272247, -30.44799995, 0.87067056, 0.25900787, 0.28635746, 0.30470854, 0.16267739, 0.23427466, -0.11006061, 0.00000000, 0.00000000, 0.00000000, 0.00000000
5, 1.4100, 141, -1.00163817, -0.06236303, -0.23464149, 77.80838776, -5.44244957, 93.37336731, -61.35632706, 60.88862991, -95.20607758, -22.12987137, -41.16516876, -28.92281532, 0.87280399, 0.26013914, 0.28922138, 0.29477423, 0.14687186, 0.20656288, -0.05918621, 0.00000000, 0.00000000, 0.00000000, 0.00000000
2, 1.4601, 146, -1.13755441, 0.13557847, 0.06976835, 108.60840607, -61.31906891, 50.46018600, -21.71879578, 48.37766647, 59.80707169, -18.84458733, -45.63941956, -24.18314362, 0.87582093, 0.22769344, 0.34250280, 0.25255749, 0.32888311, 0.12582007, -0.19239944, 0.00000000, 0.00000000, 0.00000000, 0.00000000
5, 1.4200, 142, -0.97488141, -0.02256809, -0.35020989, 75.05271912, 6.86866570, 96.12049866, -61.35632706, 60.88862991, -95.20607758, -22.84919357, -41.17552185, -27.35445023, 0.87509710, 0.26166847, 0.29105559, 0.28464237, 0.08944193, 0.11889131, 0.00169203, 0.00000000, 0.00000000, 0.00000000, 0.00000000
5, 1.4300, 143, -0.92953897, 0.01034782, -0.44999954, 72.65039825, 6.26349163, 92.87679291, -61.18093872, 61.91172028, -95.26454163, -23.54217529, -41.17474365, -25.83885002, 0.87721276, 0.26310492, 0.29282817, 0.27481887, 0.02011970, 0.04597078, 0.04551495, 0.00000000, 0.00000000, 0.00000000, 0.00000000
5, 1.4400, 144, -0.91899008, 0.03721204, -0.51911747, 69.67528534, -11.34568405, 84.55561829, -60.62554932, 62.73019409, -95.41069794, -23.88319206, -40.58739090, -24.90709496, 0.88056296, 0.26267952, 0.28949165, 0.26796100, -0.00683374, -0.00672616, 0.08226544, 0.00000000, 0.00000000, 0.00000000, 0.00000000
2, 1.4701, 147, -1.19810653, 0.17042676, 0.09527452, 80.33171082, -88.03508759, 49.59378052, -21.71879578, 48.37766647, 59.80707169, -19.06317711, -46.41791153, -23.00737953, 0.87516361, 0.22664122, 0.35048625, 0.24470755, 0.39152154, 0.10253494, -0.18495943, 0.00000000, 0.00000000, 0.00000000, 0.00000000
5, 1.4500, 145, -0.95136535, 0.06755956, -0.53371781, 65.59666443, -40.03652573, 72.39150238, -60.15784836, 63.72405624, -96.14147949, -24.21768379, -40.99210739, -23.74692726, 0.88114816, 0.26272550, 0.29459953, 0.26031587, 0.02753126, -0.03580749, 0.09121523, 0.00000000, 0.00000000, 0.00000000, 0.00000000
5, 1.4600, 146, -1.00284159, 0.09012108, -0.47521016, 61.93208313, -70.51080322, 60.67036057, -59.74861145, 64.13329315, -95.67378235, -24.35527802, -41.67362976, -22.77644920, 0.88076496, 0.26192161, 0.30192995, 0.25394601, 0.09261009, -0.02357139, 0.06525163, 0.00000000, 0.00000000, 0.00000000, 0.00000000
5, 1.4700, 147, -1.04950798, 0.09601502, -0.38953042, 57.19314575, -83.65421295, 51.40899277, -59.48553085, 62.70096207, -95.81993103, -24.38475037, -42.47325134, -21.94966316, 0.87984198, 0.26065597, 0.31009847, 0.24854702, 0.15721503, 0.01482594, 0.02579635, 0.00000000, 0.00000000, 0.00000000, 0.00000000
5, 1.4800, 148, -1.06465936, 0.08646123, -0.30960616, 51.50400162, -86.52951813, 45.76947403, -59.48553085, 62.70096207, -95.81993103, -24.38360977, -43.30069351, -21.21640396, 0.87861955, 0.25931898, 0.31832218, 0.24382892, 0.18702790, 0.06203787, -0.01486225, 0.00000000, 0.00000000, 0.00000000, 0.00000000
2, 1.4801, 148, -1.26714063, 0.18015580, 0.10029051, 67.08531952, -98.07067108, 41.77089691, -21.13417053, 49.22537231, 60.30400467, -19.22898293, -47.30718231, -22.00168991, 0.87373960, 0.22565940, 0.35910815, 0.23811407, 0.44504601, 0.09398891, -0.14637919, 0.00000000, 0.00000000, 0.00000000, 0.00000000
5, 1.4900, 149, -1.07559454, 0.09160373, -0.27648309, 45.62846756, -78.93478394, 44.32526779, -58.90090561, 64.36714172, -95.96608734, -23.76711082, -45.86821747, -20.34918022, 0.87286878, 0.25402305, 0.34182349, 0.23817882, 0.19448444, 0.06782690, -0.02481172, 0.00000000, 0.00000000, 0.00000000, 0.00000000
2, 1.4901, 149, -1.29256821, 0.19449046, 0.07011059, 64.10943604, -95.08515930, 28.46783257, -20.81262779, 49.69307327, 60.30400467, -19.24408722, -48.15951157, -21.17221642, 0.87228543, 0.22390705, 0.36738616, 0.23240334, 0.44528338, 0.06665978, -0.10303938, 0.00000000, 0.00000000, 0.00000000, 0.00000000
2, 1.5001, 150, -1.27547443, 0.20555805, 0.03820609, 65.54163361, -84.27048492, 13.16463184, -20.34492874, 48.87459564, 60.77170181, -19.17434311, -51.63569260, -20.24883842, 0.86103880, 0.22307678, 0.39638725, 0.22743380, 0.40095735, 0.03732723, -0.07156557, 0.00000000, 0.00000000, 0.00000000, 0.00000000
5, 1.5000, 150, -1.08954215, 0.09675367, -0.28180230, 42.01937485, -68.58373260, 44.96844482, -57.87781143, 64.80561066, -95.32300568, -23.91683006, -46.54223633, -19.62132454, 0.87161833, 0.25341958, 0.34842274, 0.23379824, 0.18093820, 0.04586738, 0.00400316, 0.00000000, 0.00000000, 0.00000000, 0.00000000
2, 1.5101, 151, -1.18947017, 0.23317869, 0.03370973, 68.30899048, -72.21231842, -0.40803039, -20.40339088, 48.87459564, 61.12247849, -18.85660934, -52.23293686, -19.72891235, 0.86032265, 0.21930847, 0.40263179, 0.22279260, 0.29949069, -0.00381891, -0.08632089, 0.00000000, 0.00000000, 0.00000000, 0.00000000
5, 1.5100, 151, -1.08398795, 0.08248259, -0.26764560, 37.20641327, -51.42333603, 45.19337845, -58.87167358, 64.16252136, -94.70914459, -24.16493034, -47.05738831, -18.88109207, 0.87070072, 0.25334644, 0.35359877, 0.22948587, 0.17079774, 0.06484266, 0.00553139, 0.00000000, 0.00000000, 0.00000000, 0.00000000
5, 1.5200, 152, -1.05122387, 0.09857833, -0.28997177, 33.67792511, -39.44738007, 43.45566940, -58.08243179, 64.42560577, -94.67991638, -24.45817947, -47.45733643, -18.15750122, 0.87003011, 0.25354013, 0.35774973, 0.22534460, 0.13163342, 0.03997633, 0.00706185, 0.00000000, 0.00000000, 0.00000000, 0.00000000
2, 1.5201, 152, -1.11620104, 0.24040522, 0.00941899, 70.77893066, -60.18991470, -8.96185303, -20.40339088, 49.63460922, 61.12247849, -18.42128372, -52.70214844, -19.31203270, 0.86008883, 0.21489185, 0.40788132, 0.21840703, 0.22064103, -0.02586332, -0.10056326, 0.00000000, 0.00000000, 0.00000000, 0.00000000
5, 1.5300, 153, -1.00001502, 0.10871840, -0.31915870, 31.44991493, -32.48414993, 39.86436462, -58.08243179, 64.42560577, -94.67991638, -24.74518204, -47.78508759, -17.47802734, 0.86951858, 0.25373977, 0.36125809, 0.22146368, 0.07305946, 0.01694000, 0.00778206, 0.00000000, 0.00000000, 0.00000000, 0.00000000
2, 1.5301, 153, -1.06963897, 0.21636726, -0.01356261, 73.28878021, -51.32672501, -11.71583271, -19.93569183, 50.42385101, 60.71324158, -17.95360947, -53.07957840, -18.91545105, 0.86019886, 0.21021678, 0.41240934, 0.21397546, 0.16087174, -0.01846485, -0.09394361, 0.00000000, 0.00000000, 0.00000000, 0.00000000
2, 1.5401, 154, -1.00468683, 0.19754739, -0.03616728, 73.26624298, -47.40010071, -10.69057751, -19.90645981, 49.66384125, 60.62554932, -17.51132965, -53.42148972, -18.50434303, 0.86039048, 0.20563433, 0.41660640, 0.20948012, 0.08698180, -0.01540833, -0.09918255, 0.00000000, 0.00000000, 0.00000000, 0.00000000
5, 1.5400, 154, -0.94984972, 0.11067315, -0.33732706, 29.70897865, -31.56851387, 38.08563995, -58.57936096, 65.97486115, -94.50453186, -25.02973938, -48.06612015, -16.83416367, 0.86908853, 0.25397417, 0.36433506, 0.21781260, 0.01804386, 0.00683782, 0.00404975, 0.00000000, 0.00000000, 0.00000000, 0.00000000
2, 1.5501, 155, -0.96009076, 0.18177624, -0.06744048, 71.79637146, -48.53170776, -7.12264919, -20.11107826, 49.60537720, 60.39169693, -18.10652161, -54.53232574, -16.90193367, 0.85768932, 0.20483866, 0.42694965, 0.20031056, 0.02535272, -0.01629243, -0.08473038, 0.00000000, 0.00000000, 0.00000000, 0.00000000
5, 1.5500, 155, -0.91244990, 0.12853689, -0.36279225, 28.91682625, -33.96873474, 36.93436813, -57.70242691, 66.44255829, -94.56299591, -25.29745674, -48.40350723, -16.19881630, 0.86844671, 0.25409141, 0.36787197, 0.21426174, -0.02429692, -0.02068269, 0.00350661, 0.00000000, 0.00000000, 0.00000000, 0.00000000
5, 1.5600, 156, -0.87401485, 0.14247251, -0.38627329, 29.97570229, -39.24664688, 36.61982727, -57.03010941, 67.02718353, -94.47529602, -25.54664612, -48.78768539, -15.56111908, 0.86765105, 0.25403199, 0.37181786, 0.21071532, -0.06846900, -0.04445474, 0.00357177, 0.00000000, 0.00000000, 0.00000000, 0.00000000
5, 1.5700, 157, -0.84230810, 0.13698965, -0.39918238, 31.17374802, -48.37035751, 37.68404007, -57.55627060, 67.40718842, -94.70914459, -25.78556252, -49.25799942, -14.90386009, 0.86656439, 0.25380152, 0.37649778, 0.20712404, -0.10806107, -0.04677709, 0.00879371, 0.00000000, 0.00000000, 0.00000000, 0.00000000
5, 1.5800, 158, -0.80579525, 0.12885748, -0.37419343, 31.25041199, -57.40045547, 38.79981232, -57.55627060, 67.40718842, -94.70914459, -26.02312088, -49.81570053, -14.23026657, 0.86514902, 0.25346023, 0.38189301, 0.20355105, -0.13981894, -0.02704360, -0.01452256, 0.00000000, 0.00000000, 0.00000000, 0.00000000
2, 1.5601, 156, -0.91392022, 0.17098078, -0.09203303, 65.97576141, -54.42924881, -2.11334443, -20.11107826, 49.60537720, 60.39169693, -17.83008385, -54.96259308, -16.40559959, 0.85727423, 0.20112091, 0.43160430, 0.19582915, -0.03789552, -0.01545534, -0.07039857, 0.00000000, 0.00000000, 0.00000000, 0.00000000
5, 1.5900, 159, -0.80281490, 0.15882882, -0.31419995, 29.60188103, -63.62554169, 39.25078201, -57.67319489, 67.49488068, -93.68605804, -27.48965263, -50.23188019, -12.49281979, 0.86332744, 0.25871590, 0.38644120, 0.19594605, -0.11998428, -0.01760022, -0.06667064, 0.00000000, 0.00000000, 0.00000000, 0.00000000
2, 1.5701, 157, -0.88614959, 0.15123163, -0.10384297, 57.91111755, -62.01271439, 2.09631658, -19.67260933, 50.77462769, 60.85939789, -17.62865829, -55.48543549, -15.91241837, 0.85630268, 0.19798493, 0.43680468, 0.19170164, -0.07595415, -0.00580588, -0.06261632, 0.00000000, 0.00000000, 0.00000000, 0.00000000
5, 1.6000, 160, -0.89461762, 0.24862821, -0.26862469, 28.10224724, -68.06095886, 37.00844193, -57.20549393, 67.55334473, -93.97837067, -27.72305489, -50.88392639, -11.83091354, 0.86144722, 0.25817540, 0.39256820, 0.19272877, -0.00517739, -0.06008303, -0.09385937, 0.00000000, 0.00000000, 0.00000000, 0.00000000
2, 1.5801, 158, -0.84698677, 0.16554491, -0.09260876, 47.85047531, -72.30027771, 5.43923044, -19.90645981, 50.04384613, 61.38555908, -17.48565102, -56.12910843, -15.45288658, 0.85463274, 0.19542564, 0.44274530, 0.18811831, -0.10780292, -0.01906169, -0.08818687, 0.00000000, 0.00000000, 0.00000000, 0.00000000
5, 1.6100, 161, -0.99810314, 0.29896611, -0.22257744, 27.65302277, -65.96611023, 31.52584839, -56.97164536, 67.08564758, -93.68605804, -27.89614677, -51.50829697, -11.23839951, 0.85965461, 0.25734678, 0.39841467, 0.18982178, 0.10953411, -0.07977599, -0.10012296, 0.00000000, 0.00000000, 0.00000000, 0.00000000
5, 1.6200, 162, -1.03169656, 0.28850749, -0.23682763, 28.72806740, -48.70913696, 32.74721146, -56.79625702, 67.99181366, -93.68605804, -28.14327049, -51.96290970, -10.60059929, 0.85839367, 0.25688168, 0.40292758, 0.18660514, 0.12647250, -0.08011520, -0.06225830, 0.00000000, 0.00000000, 0.00000000, 0.00000000
2, 1.5901, 159, -0.88302386, 0.20941460, -0.03952592, 39.36277771, -79.88138580, 7.31148767, -19.23414230, 49.19614029, 61.21017075, -17.37891769, -56.86268616, -15.03515720, 0.85241216, 0.19328913, 0.44921336, 0.18504129, -0.05055756, -0.04430527, -0.11736185, 0.00000000, 0.00000000, 0.00000000, 0.00000000
