SensorId, TimeStamp (s), FrameNumber, AccX (g), AccY (g), AccZ (g), GyroX (deg/s), GyroY (deg/s), GyroZ (deg/s), MagX (uT), MagY (uT), MagZ (uT), EulerX (deg), EulerY (deg), EulerZ (deg), QuatW, QuatX, QuatY, QuatZ, LinAccX (g), LinAccY (g), LinAccZ (g), Pressure (kPa), Altitude (m), Temperature (degC), HeaveMotion (m)
4, -0.0000, 0, 0.47315907, 0.86274076, -0.42513153, 56.38248825, -23.24170876, 95.63339996, -15.11254025, -11.89710617, -86.72902679, 35.38930130, 30.72717476, -15.60133553, 1.00000000, 0.00000000, 0.00000000, 0.00000000, 0.00602193, -0.01732943, 0.11275806, 101.51800537, -16.05380058, 40.50000000, 0.00000000
4, 0.0100, 1, 0.41641033, 0.86286342, -0.43015414, 55.14076614, -18.16444016, 91.80918121, -15.46331501, -12.16018677, -87.40134430, 36.33343506, 31.39488983, -14.83129120, 1.00000000, 0.00000000, 0.00000000, 0.00000000, 0.07285504, -0.02048393, 0.12772399, 101.51800537, -16.05380058, 40.50000000, 0.00000000
4, 0.0200, 2, 0.37202874, 0.83008748, -0.42699775, 54.64849472, -11.23836136, 86.78116608, -14.90792179, -13.09558582, -87.60596466, 37.23900223, 32.04789734, -14.14389610, 1.00000000, 0.00000000, 0.00000000, 0.00000000, 0.12810947, -0.03310040, 0.10967992, 101.51800537, -16.05380058, 40.50000000, 0.00000000
5, 0.0000, 0, 0.65285999, -0.30620396, -0.34321326, 19.83988571, -108.62716675, 101.41387939, -16.10640144, 11.98479939, -118.67874908, 97.61994171, 60.61653519, 93.41632080, 0.66628242, -0.20358972, -0.70077223, -0.15341882, 0.13470367, -0.17785992, 0.01135307, 0.00000000, 0.00000000, 0.00000000, 0.00000000
5, 0.0100, 1, 0.60705549, -0.28143781, -0.27556875, 10.79181576, -96.61044312, 97.43394470, -16.77871895, 11.42940617, -118.59105682, 99.65069580, 59.68402863, 95.23602295, 0.65804666, -0.20962463, -0.70595139, -0.15705022, 0.19063218, -0.23694079, 0.04063547, 0.00000000, 0.00000000, 0.00000000, 0.00000000
4, 0.0300, 3, 0.34330589, 0.77218729, -0.41622782, 53.61900330, -5.91849661, 81.82260132, -15.11254025, -14.49868488, -87.19672394, 38.10576630, 32.68077850, -13.52517700, 1.00000000, 0.00000000, 0.00000000, 0.00000000, 0.16822647, -0.05415485, 0.06618842, 101.51800537, -16.05380058, 40.50000000, 0.00000000
4, 0.0400, 4, 0.32598892, 0.72116894, -0.40276408, 50.82609177, -4.15777159, 77.02886963, -14.41099072, -14.82022762, -87.37211609, 37.75583649, 31.35943031, -13.56966400, 1.00000000, 0.00000000, 0.00000000, 0.00000000, 0.18914378, -0.07622987, 0.02268887, 101.51800537, -16.05380058, 40.50000000, 0.00000000
4, 0.0500, 5, 0.30147120, 0.69085640, -0.38104311, 46.51120377, -7.16193533, 71.23853302, -14.41099072, -14.82022762, -87.37211609, 38.51290894, 31.89533806, -13.01074409, 1.00000000, 0.00000000, 0.00000000, 0.00000000, 0.20169875, -0.10373861, -0.01272732, 101.51800537, -16.05380058, 40.50000000, 0.00000000
4, 0.0600, 6, 0.26715559, 0.66412973, -0.34626040, 40.78608704, -13.24518299, 63.65983963, -14.67407131, -16.10640144, -88.01519775, 39.22309875, 32.32931137, -12.43580723, 1.00000000, 0.00000000, 0.00000000, 0.00000000, 0.24384758, -0.14581683, -0.02592972, 101.51800537, -16.05380058, 40.50000000, 0.00000000
5, 0.0200, 2, 0.54221481, -0.20957562, -0.23043758, 4.39723301, -85.35799408, 91.40406036, -18.12335587, 11.10786343, -118.85413361, 101.38305664, 58.80798340, 96.84326935, 0.65042752, -0.21468319, -0.71064770, -0.16073306, 0.27163440, -0.28780091, 0.10222667, 0.00000000, 0.00000000, 0.00000000, 0.00000000
5, 0.0300, 3, 0.45690736, -0.10388894, -0.18055987, 1.55774009, -76.61429596, 80.11645508, -18.73721123, 8.76936531, -118.94182587, 102.80627441, 57.99546432, 98.16933441, 0.64366794, -0.21917225, -0.71463317, -0.16417864, 0.38516486, -0.34010494, 0.18494722, 0.00000000, 0.00000000, 0.00000000, 0.00000000
5, 0.0400, 4, 0.38937646, -0.00755414, -0.14550509, 2.03341174, -70.84670258, 64.82490540, -18.73721123, 8.76936531, -118.94182587, 103.92952728, 57.24831772, 99.16842651, 0.63792324, -0.22350273, -0.71774882, -0.16714419, 0.47874749, -0.37733233, 0.26267770, 0.00000000, 0.00000000, 0.00000000, 0.00000000
5, 0.0500, 5, 0.35550198, 0.05472512, -0.09282957, 4.16816378, -68.66439056, 48.56800842, -19.90645981, 11.42940617, -119.26337433, 90.90959930, 60.36047745, 83.72907257, 0.69070238, -0.22347213, -0.67378443, -0.13785869, 0.53756469, -0.42419386, 0.28782588, 0.00000000, 0.00000000, 0.00000000, 0.00000000
4, 0.0700, 7, 0.24066515, 0.63879901, -0.28903437, 32.58884430, -20.44259453, 54.24679947, -15.11254025, -17.77258110, -88.01519775, 39.85685730, 32.64086533, -11.85166168, 1.00000000, 0.00000000, 0.00000000, 0.00000000, 0.27635598, -0.20995679, -0.03798362, 101.51800537, -16.05380058, 40.50000000, 0.00000000
2, 0.0000, 0, 0.47164530, -0.40414780, 0.15505616, -19.83578110, -66.20359802, 124.83394623, 23.15112495, -13.24174213, 38.02981567, -166.31401062, 51.79947281, -123.01184845, 0.43228516, 0.38035446, -0.80978960, -0.11269905, 0.32061231, -0.09065646, 0.21703151, 0.00000000, 0.00000000, 0.00000000, 0.00000000
2, 0.0100, 1, 0.37023821, -0.35418969, 0.12753285, -15.15678883, -63.22486877, 118.14217377, 22.59573174, -13.32943535, 37.76673508, -167.39895630, 50.69104385, -124.21667480, 0.42245933, 0.37869731, -0.81591040, -0.11138614, 0.40369493, -0.02936671, 0.28106868, 0.00000000, 0.00000000, 0.00000000, 0.00000000
5, 0.0600, 6, 0.33558300, 0.10764492, -0.02191857, 4.52374411, -63.67254257, 31.43678665, -20.34492874, 11.66325665, -119.20491028, 91.78747559, 59.80455780, 84.41557312, 0.68738896, -0.22796555, -0.67518568, -0.14018729, 0.59896338, -0.47080863, 0.24208403, 0.00000000, 0.00000000, 0.00000000, 0.00000000
4, 0.0800, 8, 0.20841940, 0.61293894, -0.22907566, 22.05016136, -27.22405815, 42.23930359, -14.87869072, -16.92487526, -88.10289001, 40.37491989, 32.81291962, -11.28590012, 1.00000000, 0.00000000, 0.00000000, 0.00000000, 0.31266379, -0.27642548, -0.05201777, 101.51800537, -16.05380058, 40.50000000, 0.00000000
5, 0.0700, 7, 0.31092778, 0.16060515, 0.06006466, 4.45196152, -50.44822693, 18.02998161, -21.07570839, 11.75094986, -119.55568695, 92.35704041, 59.36243820, 84.80487823, 0.68512964, -0.23166643, -0.67587698, -0.14183919, 0.64017940, -0.55633432, 0.29217440, 0.00000000, 0.00000000, 0.00000000, 0.00000000
4, 0.0900, 9, 0.16638404, 0.58642942, -0.18844122, 7.02416420, -30.86605453, 24.20836449, -14.93715286, -17.24641991, -88.48290253, 36.48237991, 29.86788368, -14.45694256, 1.00000000, 0.00000000, 0.00000000, 0.00000000, 0.34550735, -0.31454486, -0.08528325, 101.51800537, -16.05380058, 40.50000000, 0.00000000
4, 0.1000, 10, 0.11987690, 0.55969083, -0.14906445, -6.34971523, -30.48265839, 7.05303478, -14.93715286, -17.24641991, -88.48290253, 36.57630539, 29.76230621, -14.12017536, 1.00000000, 0.00000000, 0.00000000, 0.00000000, 0.35878950, -0.33360997, -0.15186813, 101.51800537, -16.05380058, 40.50000000, 0.00000000
4, 0.1100, 11, 0.07691284, 0.53142071, -0.12190469, -18.82041168, -30.31132317, -7.49068213, -15.05407715, -18.15258598, -88.48290253, 36.49635696, 29.53817749, -13.88070297, 1.00000000, 0.00000000, 0.00000000, 0.00000000, 0.39990282, -0.36318454, -0.17834401, 101.51800537, -16.05380058, 40.50000000, 0.00000000
2, 0.0200, 2, 0.25828868, -0.28792766, 0.04173249, -10.42834759, -58.53180313, 113.49746704, 22.59573174, -13.32943535, 37.76673508, -168.31632996, 49.61166763, -125.28307343, 0.41314194, 0.37706271, -0.82164073, -0.10974499, 0.50428975, 0.05654347, 0.35137129, 0.00000000, 0.00000000, 0.00000000, 0.00000000
2, 0.0300, 3, 0.13909328, -0.21473889, 0.00536088, -5.59867716, -50.91601562, 110.00468445, 21.16340256, -13.79713535, 38.08827972, -169.04675293, 48.55173492, -126.18170929, 0.40431646, 0.37568590, -0.82692355, -0.10763797, 0.61225557, 0.09565069, 0.43362871, 0.00000000, 0.00000000, 0.00000000, 0.00000000
2, 0.0400, 4, 0.05589739, -0.13182738, -0.02711223, -0.92172086, -39.20275497, 102.83911133, 20.46185303, -13.73867321, 37.50365448, -169.55908203, 47.54964828, -126.86259460, 0.39631790, 0.37480840, -0.83150858, -0.10509220, 0.68456572, 0.13402201, 0.52524108, 0.00000000, 0.00000000, 0.00000000, 0.00000000
2, 0.0500, 5, -0.02278744, -0.03458560, -0.05780212, 4.54898787, -33.35383606, 92.20523834, 19.26337242, -14.03098488, 37.73750305, 174.24307251, 42.66064072, -141.03442383, 0.32688242, 0.32750592, -0.87096250, -0.16526397, 0.74092042, 0.12544483, 0.64367509, 0.00000000, 0.00000000, 0.00000000, 0.00000000
2, 0.0600, 6, 0.04025584, 0.04838287, -0.07717486, 9.19663429, -29.52394295, 78.79499817, 19.26337242, -14.03098488, 37.73750305, 174.23718262, 41.82678986, -141.18383789, 0.32064304, 0.32693517, -0.87396377, -0.16275400, 0.63106114, 0.00811618, 0.77680606, 0.00000000, 0.00000000, 0.00000000, 0.00000000
5, 0.0800, 8, 0.28218323, 0.17713103, 0.10695754, 3.86068344, -33.62527466, 6.17022467, -20.87108994, 11.07863140, -119.49722290, 92.64160156, 59.06931305, 84.94336700, 0.68394017, -0.23426095, -0.67599297, -0.14276332, 0.67118466, -0.60714471, 0.30258766, 0.00000000, 0.00000000, 0.00000000, 0.00000000
5, 0.0900, 9, 0.26240239, 0.17151542, 0.15101330, 1.80710185, -16.24648857, -4.69373178, -20.75416565, 10.58170128, -119.40953064, 92.65176392, 58.92628098, 84.86019135, 0.68380588, -0.23564644, -0.67558151, -0.14307320, 0.68652022, -0.65441984, 0.29345098, 0.00000000, 0.00000000, 0.00000000, 0.00000000
2, 0.0700, 7, -0.02232816, 0.07793236, -0.01378818, 14.21491337, -28.35463524, 65.47174072, 19.08798599, -14.23560333, 37.76673508, 174.26834106, 41.12549591, -141.35533142, 0.31554466, 0.32598576, -0.87663329, -0.16024710, 0.68430722, -0.05180636, 0.82192510, 0.00000000, 0.00000000, 0.00000000, 0.00000000
4, 0.1200, 12, 0.04619820, 0.51362586, -0.09856053, -29.40960312, -32.58720016, -21.92754936, -14.73253441, -17.77258110, -88.80444336, 36.27353668, 29.18312073, -13.71249008, 1.00000000, 0.00000000, 0.00000000, 0.00000000, 0.42652851, -0.38703138, -0.19727559, 101.51800537, -16.05380058, 40.50000000, 0.00000000
2, 0.0800, 8, -0.04148229, 0.13680570, 0.06220303, 18.33672333, -15.76369858, 50.57994080, 17.71411896, -14.58637810, 37.50365448, 174.41888428, 40.59755325, -141.40722656, 0.31194881, 0.32550627, -0.87857592, -0.15760101, 0.69650757, -0.11925465, 0.89645970, 0.00000000, 0.00000000, 0.00000000, 0.00000000
2, 0.0900, 9, -0.05314452, 0.18547066, 0.09138121, 24.56358719, -0.53792816, 33.30207062, 17.18795586, -14.76176548, 37.88365936, 174.72401428, 40.27161026, -141.31462097, 0.31015810, 0.32559401, -0.87969702, -0.15467334, 0.70350718, -0.13937005, 0.95308125, 0.00000000, 0.00000000, 0.00000000, 0.00000000
2, 0.1000, 10, -0.04382544, 0.23283109, 0.13113239, 31.91515541, 16.85435295, 18.22230530, 17.15872574, -14.46945286, 38.17597198, 179.61209106, 45.59403992, -146.26379395, 0.36988902, 0.26875669, -0.88183385, -0.11541772, 0.70957500, -0.15281498, 0.99241465, 0.00000000, 0.00000000, 0.00000000, 0.00000000
5, 0.1000, 10, 0.24285319, 0.14945112, 0.21879806, -2.17371297, 3.78236985, -12.71839428, -20.75416565, 10.58170128, -119.40953064, 72.93569946, 67.27517700, 69.04952240, 0.73822135, -0.15522037, -0.64747733, -0.10820867, 0.71366143, -0.68765187, 0.23456091, 0.00000000, 0.00000000, 0.00000000, 0.00000000
4, 0.1300, 13, 0.02051631, 0.48835608, -0.08476527, -38.89681625, -37.26021194, -37.33923340, -15.52177715, -17.21718788, -88.19058990, 35.92795181, 28.67569542, -13.59579659, 1.00000000, 0.00000000, 0.00000000, 0.00000000, 0.44615465, -0.40091094, -0.22655787, 101.51800537, -16.05380058, 40.50000000, 0.00000000
5, 0.1100, 11, 0.21287063, 0.17033553, 0.22902988, -8.87920952, 24.22909164, -20.26025963, -21.10494041, 10.90324497, -119.11721802, 72.14059448, 67.37705994, 68.37345123, 0.73984790, -0.15333122, -0.64614582, -0.10775091, 0.79950023, -0.58486801, 0.13754132, 0.00000000, 0.00000000, 0.00000000, 0.00000000
5, 0.1200, 12, 0.22307955, 0.22983122, 0.21905783, -14.80914021, 51.64599991, -32.06243515, -20.28646660, 11.37094402, -119.05875397, 70.69525909, 67.64029694, 67.16645050, 0.74264634, -0.14929363, -0.64407235, -0.10657665, 0.81449771, -0.56543189, 0.18899915, 0.00000000, 0.00000000, 0.00000000, 0.00000000
2, 0.1100, 11, -0.07189604, 0.24429563, 0.17494917, 39.33954620, 32.10030746, 4.30492926, 17.15872574, -14.46945286, 38.17597198, -179.66304016, 45.59132004, -145.79356384, 0.37110719, 0.27003321, -0.88145447, -0.11135366, 0.78954029, -0.14259374, 0.96310568, 0.00000000, 0.00000000, 0.00000000, 0.00000000
4, 0.1400, 14, -0.01978315, 0.46747965, -0.08535230, -49.59658432, -41.28119659, -51.59619904, -15.52177715, -17.21718788, -88.19058990, 31.30000114, 22.50513268, -18.39645576, 1.00000000, 0.00000000, 0.00000000, 0.00000000, 0.45621216, -0.39122650, -0.27149174, 101.51800537, -16.05380058, 40.50000000, 0.00000000
5, 0.1300, 13, 0.26008809, 0.23822267, 0.18812141, -17.96562004, 63.49441528, -41.46681976, -20.02338409, 11.48786926, -119.70184326, 68.83278656, 67.94007111, 65.59023285, 0.74616694, -0.14436166, -0.64136648, -0.10508870, 0.78489852, -0.52570772, 0.20022561, 0.00000000, 0.00000000, 0.00000000, 0.00000000
5, 0.1400, 14, 0.32552913, 0.23231983, 0.13542551, -23.18800163, 64.42799377, -48.17821121, -19.55568504, 10.34785175, -119.55568695, 66.73539734, 68.17881012, 63.81764984, 0.75007671, -0.13924818, -0.63812298, -0.10389401, 0.72278976, -0.46463928, 0.20656168, 0.00000000, 0.00000000, 0.00000000, 0.00000000
4, 0.1500, 15, -0.05658276, 0.46076250, -0.08800652, -59.61388016, -42.19471359, -63.76948547, -15.69716454, -16.72025681, -89.50598907, 30.71414566, 21.75513458, -18.32893944, 1.00000000, 0.00000000, 0.00000000, 0.00000000, 0.41652295, -0.36041734, -0.33885095, 101.51800537, -16.05380058, 40.50000000, 0.00000000
2, 0.1200, 12, -0.02135183, 0.27248967, 0.19545248, 41.11630630, 41.37771225, -9.41216373, 17.77258110, -14.61560917, 38.02981567, -178.84155273, 45.73080444, -145.21244812, 0.37356511, 0.27168432, -0.88041562, -0.10726219, 0.74046302, -0.14978337, 0.99311769, 0.00000000, 0.00000000, 0.00000000, 0.00000000
2, 0.1300, 13, 0.02799894, 0.33866602, 0.18314445, 43.46147156, 43.25583267, -20.84563065, 18.03566170, -14.79099655, 38.81905746, -177.98364258, 45.97999954, -144.61511230, 0.37696210, 0.27317882, -0.87898415, -0.10324711, 0.69454169, -0.11906809, 1.05499792, 0.00000000, 0.00000000, 0.00000000, 0.00000000
2, 0.1400, 14, 0.06504364, 0.35602650, 0.19607112, 47.48240662, 41.05617142, -31.80340004, 18.06489372, -14.67407131, 38.84828949, -177.10827637, 46.33026123, -144.05294800, 0.38122442, 0.27416673, -0.87729323, -0.09928403, 0.66152018, -0.11937980, 1.07000768, 0.00000000, 0.00000000, 0.00000000, 0.00000000
5, 0.1500, 15, 0.37134370, 0.24220528, 0.09701785, -30.90636635, 61.85073471, -53.17137527, -19.55568504, 10.34785175, -119.55568695, 42.03004074, 64.17008972, 29.47149467, 0.81334543, -0.16772057, -0.55682290, -0.01695436, 0.67739427, -0.40690953, 0.17828178, 0.00000000, 0.00000000, 0.00000000, 0.00000000
2, 0.1500, 15, 0.11434507, 0.35517371, 0.18114127, 49.88041687, 42.74606705, -43.32703781, 18.21105003, -15.78485775, 40.13446426, -167.23837280, 57.65981293, -123.94539642, 0.46877164, 0.36179551, -0.79370624, -0.13924007, 0.64623648, -0.07596985, 1.02173507, 0.00000000, 0.00000000, 0.00000000, 0.00000000
2, 0.1600, 16, 0.20549703, 0.31402385, 0.12650177, 55.15906525, 43.53012466, -50.85508728, 18.21105003, -15.78485775, 40.13446426, -165.90234375, 58.11600113, -123.01351166, 0.47481102, 0.36147314, -0.79087532, -0.13567591, 0.64629310, 0.03820330, 0.84585226, 0.00000000, 0.00000000, 0.00000000, 0.00000000
4, 0.1600, 16, -0.07827490, 0.46039546, -0.08678100, -64.42074585, -40.49079132, -75.02969360, -15.96024513, -15.40485191, -89.59368134, 30.05646706, 20.91389275, -18.32544327, 1.00000000, 0.00000000, 0.00000000, 0.00000000, 0.42510471, -0.35545734, -0.34812301, 101.51800537, -16.05380058, 40.50000000, 0.00000000
4, 0.1700, 17, -0.09290135, 0.44504067, -0.10859109, -65.28850555, -36.76205444, -86.23281860, -16.39871407, -15.58023930, -89.35983276, 29.36380005, 19.98880386, -18.40009689, 1.00000000, 0.00000000, 0.00000000, 0.00000000, 0.42569208, -0.32775193, -0.37464410, 101.51800537, -16.05380058, 40.50000000, 0.00000000
5, 0.1600, 16, 0.34802669, 0.24994901, 0.07373931, -40.33876801, 61.40740967, -57.70629120, -18.94182968, 11.54633141, -120.02338409, 40.02729034, 63.94872665, 27.90787315, 0.81723958, -0.16177025, -0.55288655, -0.01632050, 0.67867738, -0.34316695, 0.03892272, 0.00000000, 0.00000000, 0.00000000, 0.00000000
2, 0.1700, 17, 0.21118692, 0.22340302, 0.10239072, 59.97487640, 43.09878922, -53.76092148, 18.50336075, -14.90792179, 40.33908081, -164.48573303, 58.58932877, -122.04839325, 0.48116052, 0.36084539, -0.78795964, -0.13188952, 0.64369696, 0.06151040, 0.74315643, 0.00000000, 0.00000000, 0.00000000, 0.00000000
4, 0.1800, 18, -0.12233625, 0.42970800, -0.14792177, -62.57724762, -32.67569733, -96.70360565, -16.04793930, -15.55100822, -89.33060455, 28.67594528, 18.98557854, -18.54846954, 1.00000000, 0.00000000, 0.00000000, 0.00000000, 0.43974066, -0.28233725, -0.40194950, 101.51800537, -16.05380058, 40.50000000, 0.00000000
2, 0.1800, 18, 0.22921501, 0.18013011, 0.02276658, 66.63868713, 42.67141342, -59.27330399, 19.35106659, -15.02484608, 40.98217010, -162.95756531, 59.10441971, -121.03594971, 0.48804805, 0.35977980, -0.78487086, -0.12784895, 0.62948662, 0.14611313, 0.67979193, 0.00000000, 0.00000000, 0.00000000, 0.00000000
5, 0.1700, 17, 0.30425513, 0.24337983, 0.06251552, -45.96628952, 66.52478027, -63.99733353, -18.62028694, 11.98479939, -120.16954041, 37.86939621, 63.66439819, 26.24612808, 0.82149494, -0.15521577, -0.54845709, -0.01578012, 0.71406686, -0.32267684, 0.00162401, 0.00000000, 0.00000000, 0.00000000, 0.00000000
2, 0.1900, 19, 0.21946864, 0.10188735, 0.02928253, 74.43006897, 40.27457809, -67.51258850, 19.81876564, -14.96638393, 40.92370605, -161.32044983, 59.68989563, -119.99380493, 0.49564415, 0.35803732, -0.78157359, -0.12364880, 0.64323187, 0.14104179, 0.59061241, 0.00000000, 0.00000000, 0.00000000, 0.00000000
5, 0.1800, 18, 0.31690291, 0.17919676, 0.04328270, -48.61042404, 73.39945984, -70.59993744, -17.04179955, 11.34171295, -119.81876373, 35.54293442, 63.32430267, 24.44691086, 0.82608783, -0.14806859, -0.54353368, -0.01503065, 0.67434335, -0.29675916, -0.06816874, 0.00000000, 0.00000000, 0.00000000, 0.00000000
4, 0.1900, 19, -0.13518153, 0.39436099, -0.15312700, -58.83745956, -30.85105515, -106.90624237, -16.04793930, -15.55100822, -89.33060455, 28.21295166, 11.18273258, -26.22517395, 1.00000000, 0.00000000, 0.00000000, 0.00000000, 0.40796047, -0.27663895, -0.45372280, 101.51800537, -16.05380058, 40.50000000, 0.00000000
4, 0.2000, 20, -0.13253470, 0.35734391, -0.12747364, -59.12337112, -31.57992363, -115.37644958, -17.18795586, -14.08944702, -89.79830170, 27.57040596, 10.01092243, -26.43499374, 1.00000000, 0.00000000, 0.00000000, 0.00000000, 0.30212745, -0.30964792, -0.51666129, 101.51800537, -16.05380058, 40.50000000, 0.00000000
4, 0.2100, 21, -0.11760004, 0.36315638, -0.09608994, -65.55394745, -34.43450165, -117.80319977, -17.42180634, -12.07249355, -90.06138611, 26.87161064, 8.80410194, -26.61560249, 1.00000000, 0.00000000, 0.00000000, 0.00000000, 0.26636061, -0.33196539, -0.51796645, 101.51800537, -16.05380058, 40.50000000, 0.00000000
2, 0.2000, 20, 0.24092978, 0.00599170, 0.05177793, 77.12817383, 41.75335693, -79.77600861, 20.87108994, -15.20023346, 42.26834106, -156.76724243, 65.31593323, -117.30580902, 0.53960586, 0.33621040, -0.76081383, -0.13019374, 0.63604486, 0.11603646, 0.46460202, 0.00000000, 0.00000000, 0.00000000, 0.00000000
2, 0.2100, 21, 0.30723235, -0.02275312, 0.01221837, 74.75474548, 39.50442123, -92.06363678, 20.87108994, -15.20023346, 42.26834106, -154.56524658, 66.07467651, -115.70579529, 0.54847342, 0.33350292, -0.75623745, -0.12671907, 0.60450059, 0.15579425, 0.35590592, 0.00000000, 0.00000000, 0.00000000, 0.00000000
5, 0.1900, 19, 0.40678445, 0.15358025, 0.00190058, -49.76764679, 79.72720337, -75.63963318, -16.83718109, 12.45249939, -119.52645111, 33.09409714, 62.93451691, 22.54294395, 0.83090395, -0.14042804, -0.53822154, -0.01400676, 0.57764930, -0.24510446, -0.07452178, 0.00000000, 0.00000000, 0.00000000, 0.00000000
5, 0.2000, 20, 0.44302598, 0.17139532, -0.05648621, -46.77363586, 89.77256012, -80.97655487, -16.83718109, 12.45249939, -119.52645111, 28.13497925, 58.32073212, 12.63529301, 0.85495901, -0.15895963, -0.49312955, 0.02450335, 0.53748739, -0.17541224, -0.08016354, 0.00000000, 0.00000000, 0.00000000, 0.00000000
2, 0.2200, 22, 0.34677428, -0.03895026, 0.02158072, 71.81931305, 35.49199677, -101.46471405, 20.87108994, -15.31715870, 42.53142166, -152.28491211, 66.90926361, -113.99900055, 0.55771554, 0.33045122, -0.75126475, -0.12392303, 0.57047790, 0.15314569, 0.32298136, 0.00000000, 0.00000000, 0.00000000, 0.00000000
4, 0.2200, 22, -0.09773159, 0.37576678, -0.07373164, -71.75132751, -35.89535904, -116.71960449, -18.12335587, -10.61093235, -89.91522980, 26.11872673, 7.60033894, -26.76420784, 1.00000000, 0.00000000, 0.00000000, 0.00000000, 0.22521865, -0.34363478, -0.51321262, 101.51800537, -16.05380058, 40.50000000, 0.00000000
5, 0.2100, 21, 0.38674068, 0.15273498, -0.11747707, -42.09943390, 96.50552368, -84.83647156, -16.04793930, 13.30020428, -119.99415588, 25.77249908, 57.81316757, 10.72734070, 0.85970229, -0.15032832, -0.48739496, 0.02756041, 0.54913044, -0.11043578, -0.18866187, 0.00000000, 0.00000000, 0.00000000, 0.00000000
4, 0.2300, 23, -0.07375969, 0.37512785, -0.06389672, -75.86309814, -36.55400085, -114.84603119, -17.71411896, -10.64016342, -90.09061432, 25.33117294, 6.41016006, -26.88401985, 1.00000000, 0.00000000, 0.00000000, 0.00000000, 0.18056488, -0.34260705, -0.52237976, 101.51800537, -16.05380058, 40.50000000, 0.00000000
2, 0.2300, 23, 0.37881866, -0.02002196, 0.05965205, 71.24694824, 32.93923950, -107.60576630, 22.04033852, -16.31101990, 43.02835464, -149.86576843, 67.78186035, -112.14691925, 0.56721193, 0.32710195, -0.74600220, -0.12147290, 0.54461372, 0.12539257, 0.32713664, 0.00000000, 0.00000000, 0.00000000, 0.00000000
5, 0.2200, 22, 0.35598058, 0.12028877, -0.16552167, -38.79388809, 96.37605286, -86.24866486, -14.93715286, 13.56328583, -119.46798706, 23.48312569, 57.25691986, 8.85783958, 0.86434197, -0.14186047, -0.48149484, 0.03084698, 0.55849046, -0.04848746, -0.24987048, 0.00000000, 0.00000000, 0.00000000, 0.00000000
5, 0.2300, 23, 0.40625221, 0.08669126, -0.18384765, -37.98915863, 90.93265533, -89.21035767, -14.08944702, 12.62788677, -119.81876373, 21.34678459, 56.61988449, 7.12329721, 0.86894882, -0.13379194, -0.47526538, 0.03391853, 0.49290270, -0.01679690, -0.27844426, 0.00000000, 0.00000000, 0.00000000, 0.00000000
4, 0.2400, 24, -0.04937783, 0.38011575, -0.08402999, -77.24066925, -35.38550186, -112.56156921, -17.71411896, -10.64016342, -90.09061432, 22.89464569, 3.58082962, -24.22609901, 1.00000000, 0.00000000, 0.00000000, 0.00000000, 0.12844169, -0.30436271, -0.53075588, 101.51800537, -16.05380058, 40.50000000, 0.00000000
4, 0.2500, 25, -0.02045072, 0.39322311, -0.13147175, -73.98351288, -32.59475708, -110.85305023, -18.79567337, -8.36012840, -89.59368134, 22.13798332, 2.43620038, -24.30201530, 1.00000000, 0.00000000, 0.00000000, 0.00000000, 0.05741853, -0.22547761, -0.53838414, 101.51800537, -16.05380058, 40.50000000, 0.00000000
2, 0.2400, 24, 0.39084551, -0.00024228, 0.11011925, 75.70730591, 32.41373825, -109.98455811, 23.09266281, -16.28178787, 43.96375275, -147.21781921, 68.64566803, -110.10803986, 0.57689834, 0.32341164, -0.74059129, -0.11881806, 0.53863639, 0.08512273, 0.33254945, 0.00000000, 0.00000000, 0.00000000, 0.00000000
5, 0.2400, 24, 0.47042024, 0.02280442, -0.16837619, -42.81379318, 84.98725128, -91.41130829, -12.92019844, 13.97252274, -119.73107147, 19.35754967, 55.90628433, 5.57679510, 0.87356067, -0.12585463, -0.46875441, 0.03635457, 0.40265942, -0.02167943, -0.32738411, 0.00000000, 0.00000000, 0.00000000, 0.00000000
4, 0.2600, 26, 0.02958763, 0.42480710, -0.18618400, -66.12238312, -28.92150307, -108.75615692, -19.64337921, -7.71704149, -89.41829681, 21.46228027, 1.32115424, -24.38933372, 1.00000000, 0.00000000, 0.00000000, 0.00000000, -0.01318873, -0.15776953, -0.51730275, 101.51800537, -16.05380058, 40.50000000, 0.00000000
2, 0.2500, 25, 0.37833604, -0.04366560, 0.17806312, 81.50804138, 32.62170410, -109.36300659, 24.05729294, -15.25869656, 45.39608383, -132.69151306, 68.04519653, -92.66113281, 0.60033160, 0.36183256, -0.70415229, -0.11335240, 0.55377078, 0.03721065, 0.26874736, 0.00000000, 0.00000000, 0.00000000, 0.00000000
5, 0.2500, 25, 0.50160128, -0.02980969, -0.11661099, -48.90749359, 84.10358429, -93.07234955, -12.27711201, 15.17100239, -119.58491516, 17.93768120, 58.62189484, 9.54544067, 0.86467803, -0.09523320, -0.49319720, 0.00439045, 0.35566825, -0.05960763, -0.36428902, 0.00000000, 0.00000000, 0.00000000, 0.00000000
2, 0.2600, 26, 0.36480153, -0.10548442, 0.22316873, 87.13100433, 37.34118652, -106.78134155, 24.05729294, -15.25869656, 45.39608383, -129.31340027, 68.58290863, -89.96018982, 0.61006802, 0.35769257, -0.69837672, -0.11019559, 0.56393337, 0.04500977, 0.16750930, 0.00000000, 0.00000000, 0.00000000, 0.00000000
4, 0.2700, 27, 0.06560338, 0.46323648, -0.22816147, -56.00697708, -25.44805717, -106.83347321, -19.99415398, -6.72318029, -90.32446289, 20.89040947, 0.23284355, -24.48851395, 1.00000000, 0.00000000, 0.00000000, 0.00000000, -0.06954245, -0.10373303, -0.48702201, 101.51800537, -16.05380058, 40.50000000, 0.00000000
4, 0.2800, 28, 0.10564333, 0.50070578, -0.24053213, -48.78578949, -23.69229889, -105.71756744, -19.99415398, -6.72318029, -90.32446289, 20.39316368, -0.84137177, -24.58880806, 1.00000000, 0.00000000, 0.00000000, 0.00000000, -0.12961815, -0.08060028, -0.45502135, 101.51800537, -16.05380058, 40.50000000, 0.00000000
5, 0.2600, 26, 0.51255244, -0.07035272, -0.07990882, -53.35927963, 86.91658020, -95.78786469, -12.27711201, 15.17100239, -119.58491516, 15.83675003, 57.80697250, 8.02264786, 0.86962193, -0.08681771, -0.48599082, 0.00576627, 0.34806186, -0.07593884, -0.37441480, 0.00000000, 0.00000000, 0.00000000, 0.00000000
4, 0.2900, 29, 0.14501123, 0.53310585, -0.21710195, -48.58377075, -24.68793869, -104.90251160, -20.84185982, -5.93393755, -89.27214050, 20.43858147, 1.72156203, -22.09751892, 1.00000000, 0.00000000, 0.00000000, 0.00000000, -0.17294934, -0.09609708, -0.42447281, 101.51800537, -16.05380058, 40.50000000, 0.00000000
2, 0.2700, 27, 0.39368492, -0.14993906, 0.21842703, 92.30995178, 41.06754303, -106.74082184, 24.64191818, -14.58637810, 46.06840134, -125.67166138, 69.03119659, -87.04060364, 0.61992919, 0.35344839, -0.69239825, -0.10652132, 0.53752708, 0.05225118, 0.10072277, 0.00000000, 0.00000000, 0.00000000, 0.00000000
2, 0.2800, 28, 0.45509517, -0.22224995, 0.20646057, 95.09093475, 44.30508041, -110.19319916, 26.01578522, -15.08330917, 46.47763824, -121.74603271, 69.40652466, -83.85470581, 0.63002694, 0.34913167, -0.68603265, -0.10262823, 0.47765487, 0.06352203, 0.00509623, 0.00000000, 0.00000000, 0.00000000, 0.00000000
4, 0.3000, 30, 0.17040446, 0.56876087, -0.16372113, -54.06060791, -27.56273079, -103.75550842, -21.13417053, -5.17392588, -89.38906860, 19.88573456, 0.65493375, -22.14798927, 1.00000000, 0.00000000, 0.00000000, 0.00000000, -0.17072074, -0.14522365, -0.38736746, 101.51800537, -16.05380058, 40.50000000, 0.00000000
4, 0.3100, 31, 0.14447263, 0.61613160, -0.10151052, -62.36040115, -29.88903618, -103.82914734, -21.54340744, -4.15083313, -89.30137634, 19.25017166, -0.41837427, -22.16788101, 1.00000000, 0.00000000, 0.00000000, 0.00000000, -0.16519310, -0.19455788, -0.33914208, 101.51800537, -16.05380058, 40.50000000, 0.00000000
5, 0.2700, 27, 0.55802715, -0.10417777, -0.09846648, -56.95090103, 91.99768066, -99.09120178, -11.42940617, 14.46945286, -119.46798706, 13.71252441, 56.93569946, 6.51979065, 0.87462187, -0.07786254, -0.47845864, 0.00717989, 0.28457487, -0.04402906, -0.40611759, 0.00000000, 0.00000000, 0.00000000, 0.00000000
5, 0.2800, 28, 0.61881691, -0.07011592, -0.14950518, -56.98107529, 99.90234375, -101.19831848, -10.26015759, 15.46331501, -119.20491028, 11.53672028, 56.02458191, 4.97654009, 0.87959778, -0.06836151, -0.47069433, 0.00902504, 0.23211369, 0.02614463, -0.37160391, 0.00000000, 0.00000000, 0.00000000, 0.00000000
2, 0.2900, 29, 0.54767144, -0.25926706, 0.15327479, 91.97931671, 43.90137100, -120.56356049, 25.95732307, -14.26483440, 46.97456741, -117.51228333, 69.76614380, -80.31478119, 0.64051265, 0.34472594, -0.67900330, -0.09930808, 0.38676977, 0.11962362, -0.06171796, 0.00000000, 0.00000000, 0.00000000, 0.00000000
2, 0.3000, 30, 0.61522764, -0.27890992, 0.11433761, 90.09343719, 46.60422516, -126.78582001, 25.95732307, -14.26483440, 46.97456741, -121.03292084, 70.15266418, -85.53167725, 0.63537008, 0.33095384, -0.69136447, -0.09375305, 0.32093924, 0.15750906, -0.10078026, 0.00000000, 0.00000000, 0.00000000, 0.00000000
2, 0.3100, 31, 0.71933579, -0.24439137, 0.12564598, 88.40637207, 44.40723801, -130.53372192, 26.80502701, -13.59251690, 48.37766647, -116.44515991, 70.54795074, -81.59515381, 0.64623195, 0.32668403, -0.68368912, -0.09072530, 0.21985035, 0.14051282, -0.05914171, 0.00000000, 0.00000000, 0.00000000, 0.00000000
2, 0.3200, 32, 0.77968144, -0.18624175, 0.20915239, 87.68319702, 40.43645096, -133.99830627, 27.76965714, -13.44636059, 48.90382767, -111.68236542, 70.88603973, -77.47511292, 0.65708280, 0.32209969, -0.67582655, -0.08804898, 0.16249564, 0.07138088, -0.01738531, 0.00000000, 0.00000000, 0.00000000, 0.00000000
2, 0.3300, 33, 0.80434936, -0.12610886, 0.33484012, 87.94236755, 39.79588318, -135.59909058, 28.88044357, -12.80327415, 49.80999756, -106.75145721, 71.12081146, -73.18732452, 0.66788596, 0.31737089, -0.66776192, -0.08542875, 0.14038786, -0.04013097, 0.03063795, 0.00000000, 0.00000000, 0.00000000, 0.00000000
4, 0.3200, 32, 0.10043819, 0.67314792, -0.07667442, -70.33114624, -28.74113083, -105.41686249, -22.30341911, -2.68927217, -89.24291229, 18.53587151, -1.50330365, -22.19295120, 1.00000000, 0.00000000, 0.00000000, 0.00000000, -0.14202510, -0.20448914, -0.28300324, 101.51800537, -16.05380058, 40.50000000, 0.00000000
4, 0.3300, 33, 0.03109136, 0.76011705, -0.09596699, -72.53279114, -21.14776230, -109.22686005, -22.30341911, -2.68927217, -89.24291229, 17.80509758, -2.60595250, -22.28796196, 1.00000000, 0.00000000, 0.00000000, 0.00000000, -0.09471002, -0.16756882, -0.19862241, 101.51800537, -16.05380058, 40.50000000, 0.00000000
4, 0.3400, 34, -0.01067727, 0.83131367, -0.16604164, -65.77196503, -9.58225250, -114.43061829, -22.80035019, -1.84156680, -89.24291229, 17.02711678, -2.84166121, -21.48674202, 1.00000000, 0.00000000, 0.00000000, 0.00000000, -0.07082142, -0.08108959, -0.13362840, 101.51800537, -16.05380058, 40.50000000, 0.00000000
4, 0.3500, 35, -0.00615879, 0.86536580, -0.25571689, -53.58081818, 3.83879161, -119.59497070, -23.67728615, -1.34463608, -88.92136383, 16.51020622, -3.99192119, -21.81586075, 1.00000000, 0.00000000, 0.00000000, 0.00000000, -0.08454742, 0.02171568, -0.10824700, 101.51800537, -16.05380058, 40.50000000, 0.00000000
4, 0.3600, 36, 0.01154162, 0.87808597, -0.34126899, -42.97010422, 15.04342747, -123.31754303, -24.49576187, 0.08769365, -88.27828217, 16.11806488, -5.15720844, -22.25073624, 1.00000000, 0.00000000, 0.00000000, 0.00000000, -0.12268487, 0.11555894, -0.10215373, 101.51800537, -16.05380058, 40.50000000, 0.00000000
5, 0.2900, 29, 0.64271456, 0.00376227, -0.19690019, -50.02177429, 110.70687866, -103.34283447, -9.32475853, 16.74948883, -119.64337921, 9.29272366, 55.07583237, 3.30660248, 0.88450378, -0.05850279, -0.46269646, 0.01193735, 0.22868022, 0.09697633, -0.31476465, 0.00000000, 0.00000000, 0.00000000, 0.00000000
2, 0.3400, 34, 0.81663835, -0.10493662, 0.46396780, 91.64327240, 43.00963974, -137.54112244, 29.46506882, -12.24788094, 50.54077530, -101.61422729, 71.20877838, -68.72449493, 0.67880386, 0.31251675, -0.65936190, -0.08246562, 0.12941563, -0.16005339, 0.03971390, 0.00000000, 0.00000000, 0.00000000, 0.00000000
2, 0.3500, 35, 0.79179025, -0.12161957, 0.54965466, 96.39002991, 54.92100143, -137.88887024, 29.46506882, -12.24788094, 50.54077530, -96.02693939, 67.87162781, -61.54203415, 0.68916994, 0.33881018, -0.63638252, -0.07259324, 0.14901482, -0.22772032, 0.00560896, 0.00000000, 0.00000000, 0.00000000, 0.00000000
2, 0.3600, 36, 0.91992992, -0.16202818, 0.55800736, 101.46040344, 69.47576904, -135.41255188, 30.54662323, -12.24788094, 51.33002090, -91.46274567, 67.43174744, -57.69722366, 0.70034093, 0.33476630, -0.62676144, -0.06800205, 0.00357489, -0.19359270, -0.05852404, 0.00000000, 0.00000000, 0.00000000, 0.00000000
4, 0.3700, 37, 0.02359023, 0.88516033, -0.39792550, -38.53734589, 22.16505051, -124.83572388, -24.58345413, 0.32154340, -87.89827728, 15.78786945, -6.32506132, -22.75082397, 1.00000000, 0.00000000, 0.00000000, 0.00000000, -0.15514967, 0.17888588, -0.09884989, 101.51800537, -16.05380058, 40.50000000, 0.00000000
4, 0.3800, 38, 0.02684241, 0.90071046, -0.42321578, -40.31436157, 22.41863251, -123.64124298, -24.58345413, 0.32154340, -87.89827728, 15.44936943, -7.48333359, -23.24584770, 1.00000000, 0.00000000, 0.00000000, 0.00000000, -0.17902829, 0.21118683, -0.08434682, 101.51800537, -16.05380058, 40.50000000, 0.00000000
4, 0.3900, 39, 0.04290403, 0.94459236, -0.41200852, -48.22291946, 12.74559212, -120.45477295, -25.19731140, 1.98772287, -87.86904144, 17.20059013, -6.21628046, -25.08672333, 1.00000000, 0.00000000, 0.00000000, 0.00000000, -0.20606251, 0.20046458, -0.03833266, 101.51800537, -16.05380058, 40.50000000, 0.00000000
2, 0.3700, 37, 0.94881868, -0.18383600, 0.50105101, 101.87729645, 74.16349792, -136.30560303, 31.68664169, -11.13709450, 52.93773651, -87.04373169, 66.83288574, -53.99918365, 0.71144825, 0.33085555, -0.61675727, -0.06313835, -0.02933112, -0.13058299, -0.11677001, 0.00000000, 0.00000000, 0.00000000, 0.00000000
2, 0.3800, 38, 1.01830804, -0.20227405, 0.40658653, 98.80813599, 68.23164368, -135.73069763, 32.03741455, -10.72785759, 53.40543747, -82.88556671, 66.18774414, -50.53536606, 0.72218478, 0.32673937, -0.60682732, -0.05874796, -0.10364120, -0.03060635, -0.17586055, 0.00000000, 0.00000000, 0.00000000, 0.00000000
2, 0.3900, 39, 0.98154110, -0.23061447, 0.39542776, 95.90558624, 55.24469757, -138.29931641, 33.35282135, -9.99707699, 55.01315308, -78.89065552, 65.57538605, -47.20372009, 0.73264819, 0.32200930, -0.59705389, -0.05534805, -0.07163324, -0.01704033, -0.23538622, 0.00000000, 0.00000000, 0.00000000, 0.00000000
2, 0.4000, 40, 1.03621387, -0.26448816, 0.41567516, 96.59201050, 47.36331940, -148.16952515, 33.35282135, -9.99707699, 55.01315308, -82.01380157, 65.58811188, -50.12129211, 0.72517395, 0.32652333, -0.60388076, -0.05322805, -0.13007000, -0.03733151, -0.28293186, 0.00000000, 0.00000000, 0.00000000, 0.00000000
4, 0.4000, 40, 0.05202932, 1.01758754, -0.38410649, -57.24144363, -2.42155051, -116.82129669, -26.07424736, 2.89389062, -86.93364716, 16.65664101, -7.35246277, -25.35456657, 1.00000000, 0.00000000, 0.00000000, 0.00000000, -0.20607257, 0.15783545, 0.03977681, 101.51800537, -16.05380058, 40.50000000, 0.00000000
4, 0.4100, 41, 0.03790953, 1.08916593, -0.33663303, -65.41378021, -16.71836853, -114.67333221, -26.71733475, 3.80005836, -87.13825989, 16.01033211, -8.50134087, -25.46835136, 1.00000000, 0.00000000, 0.00000000, 0.00000000, -0.21425447, 0.12567154, 0.11406976, 101.51800537, -16.05380058, 40.50000000, 0.00000000
4, 0.4200, 42, 0.03841402, 1.17588651, -0.29129499, -74.20255280, -26.91123581, -113.62371826, -26.71733475, 3.80005836, -87.13825989, 15.25711632, -9.66185379, -25.46810150, 1.00000000, 0.00000000, 0.00000000, 0.00000000, -0.23774365, 0.09839780, 0.20289904, 101.51800537, -16.05380058, 40.50000000, 0.00000000
4, 0.4300, 43, 0.03515168, 1.30123651, -0.28677922, -83.84951782, -31.77964592, -112.35379028, -26.86348915, 4.15083313, -86.34902191, 14.39452076, -10.81857491, -25.40343666, 1.00000000, 0.00000000, 0.00000000, 0.00000000, -0.25865966, 0.11613011, 0.32796782, 101.51800537, -16.05380058, 40.50000000, 0.00000000
2, 0.4100, 41, 1.05798948, -0.27812609, 0.52330655, 98.60785675, 41.34225082, -157.73503113, 34.02513885, -9.26629639, 55.62701035, -77.65251923, 65.07900238, -46.40428543, 0.73649883, 0.32070258, -0.59337765, -0.05120886, -0.15228876, -0.14300466, -0.27490962, 0.00000000, 0.00000000, 0.00000000, 0.00000000
4, 0.4400, 44, 0.02243628, 1.38367784, -0.33435252, -91.98352051, -30.76461220, -109.92701721, -27.38965225, 4.85238218, -85.53054810, 14.33206367, -9.17240810, -25.27933884, 1.00000000, 0.00000000, 0.00000000, 0.00000000, -0.25628802, 0.18067349, 0.40625769, 101.51800537, -16.05380058, 40.50000000, 0.00000000
4, 0.4500, 45, 0.04228168, 1.41566253, -0.39741409, -92.17903900, -29.14815331, -105.28662109, -28.14966393, 6.05086231, -85.47208405, 13.38722992, -10.25297546, -25.21096992, 1.00000000, 0.00000000, 0.00000000, 0.00000000, -0.26023933, 0.24963658, 0.42931831, 101.51800537, -16.05380058, 40.50000000, 0.00000000
2, 0.4200, 42, 1.17187572, -0.25667101, 0.73585498, 97.98303986, 44.09989548, -162.23995972, 35.04823303, -9.20783424, 56.12393951, -73.38967896, 64.42155457, -42.77141571, 0.74785626, 0.31492385, -0.58233416, -0.04920283, -0.26997954, -0.34909528, -0.25894305, 0.00000000, 0.00000000, 0.00000000, 0.00000000
2, 0.4300, 43, 1.42162097, -0.20048325, 0.94965363, 89.90941620, 38.80042267, -160.81716919, 35.86670685, -10.14323330, 57.58549881, -69.41769409, 63.71031189, -39.35176086, 0.75865757, 0.30932641, -0.57137030, -0.04787377, -0.52394342, -0.55276132, -0.20614001, 0.00000000, 0.00000000, 0.00000000, 0.00000000
4, 0.4600, 46, 0.06939480, 1.41238236, -0.44665951, -85.87699890, -28.48695946, -99.42469025, -28.79274940, 7.24934244, -85.00438690, 12.50015926, -11.27386570, -25.11949348, 1.00000000, 0.00000000, 0.00000000, 0.00000000, -0.30503407, 0.31457430, 0.42169905, 101.51800537, -16.05380058, 40.50000000, 0.00000000
2, 0.4400, 44, 1.50230289, -0.16775641, 1.04026711, 83.70429993, 34.99809265, -158.47056580, 36.97749329, -8.21397209, 58.22858810, -65.73139191, 62.94442749, -36.16129684, 0.76893914, 0.30388847, -0.56051373, -0.04699692, -0.60975361, -0.63842785, -0.19294594, 0.00000000, 0.00000000, 0.00000000, 0.00000000
4, 0.4700, 47, 0.02463213, 1.42482889, -0.46142119, -77.74169159, -30.79602623, -94.19731903, -28.79274940, 7.24934244, -85.00438690, 11.68194675, -12.24557972, -24.97814751, 1.00000000, 0.00000000, 0.00000000, 0.00000000, -0.27760139, 0.34489226, 0.43494651, 101.51800537, -16.05380058, 40.50000000, 0.00000000
5, 0.3000, 30, 0.67770374, 0.06629867, -0.24297698, -42.10568237, 111.69473267, -104.66439819, -8.59397793, 17.24641991, -119.14644623, 13.59788036, 54.58882141, 3.15727758, 0.88357347, -0.09262076, -0.45806342, 0.02995706, 0.21131575, 0.15070094, -0.25888026, 0.00000000, 0.00000000, 0.00000000, 0.00000000
5, 0.3100, 31, 0.74121457, 0.08869251, -0.28064859, -34.26007843, 109.10417175, -108.59412384, -8.59397793, 17.24641991, -119.14644623, 11.45578098, 53.63494492, 1.39513671, 0.88847482, -0.08359826, -0.44994822, 0.03421232, 0.15468824, 0.16121075, -0.21914908, 0.00000000, 0.00000000, 0.00000000, 0.00000000
5, 0.3200, 32, 0.81253278, 0.08955191, -0.27740419, -30.28236771, 106.31752777, -110.07822418, -7.89242887, 17.53873062, -119.38029480, 9.46952057, 52.62982559, -0.25442919, 0.89322889, -0.07496998, -0.44162619, 0.03857505, 0.07924322, 0.17613889, -0.20792291, 0.00000000, 0.00000000, 0.00000000, 0.00000000
5, 0.3300, 33, 0.86874121, 0.06827830, -0.24836667, -31.75663185, 104.90676880, -109.14668274, -6.60625553, 18.12335587, -118.41566467, 7.59187889, 51.59942627, -1.77845705, 0.89779049, -0.06633653, -0.43329436, 0.04275164, 0.00909207, 0.16355038, -0.22089124, 0.00000000, 0.00000000, 0.00000000, 0.00000000
2, 0.4500, 45, 1.53965187, -0.20763162, 1.02865326, 76.21009064, 46.94906616, -159.31510925, 36.97749329, -8.21397209, 58.22858810, -69.50968933, 61.74057388, -38.92601776, 0.76236635, 0.32088235, -0.56050557, -0.04081176, -0.65515780, -0.62419283, -0.25138640, 0.00000000, 0.00000000, 0.00000000, 0.00000000
4, 0.4800, 48, -0.07993972, 1.50443327, -0.41316351, -72.03618622, -37.40043259, -90.32236481, -29.90353584, 7.89242887, -84.85823059, 10.89677525, -13.18616486, -24.74811554, 1.00000000, 0.00000000, 0.00000000, 0.00000000, -0.19209071, 0.31555629, 0.52161652, 101.51800537, -16.05380058, 40.50000000, 0.00000000
4, 0.4900, 49, -0.16453919, 1.64274442, -0.34023198, -74.13401031, -41.84848785, -86.34513855, -30.72201157, 8.56474686, -84.68283844, 10.85914707, -12.17563629, -24.54759407, 1.00000000, 0.00000000, 0.00000000, 0.00000000, -0.11983956, 0.26177192, 0.66672504, 101.51800537, -16.05380058, 40.50000000, 0.00000000
2, 0.4600, 46, 1.66679716, -0.35565895, 0.97997397, 72.04395294, 67.35033417, -160.09593201, 37.50365448, -5.46623802, 58.55013275, -66.30359650, 60.66779709, -36.08356857, 0.77261364, 0.31782991, -0.54822123, -0.03880624, -0.79425585, -0.57018107, -0.39466870, 0.00000000, 0.00000000, 0.00000000, 0.00000000
5, 0.3400, 34, 0.92910999, 0.00661324, -0.20149364, -39.66346359, 105.00989532, -106.09918213, -5.75855017, 18.70797920, -118.44490051, 5.76485920, 50.56624603, -3.16433334, 0.90212727, -0.05722957, -0.42513302, 0.04640287, -0.08061026, 0.13078316, -0.26755080, 0.00000000, 0.00000000, 0.00000000, 0.00000000
4, 0.5000, 50, -0.14120680, 1.78976583, -0.29691467, -78.95337677, -39.52363586, -75.81670380, -31.30663490, 8.71090317, -84.39052582, 9.99389839, -12.97097969, -24.26629639, 1.00000000, 0.00000000, 0.00000000, 0.00000000, -0.13817289, 0.23151094, 0.81211972, 101.51800537, -16.05380058, 40.50000000, 0.00000000
2, 0.4700, 47, 1.73284316, -0.38732684, 1.12948096, 66.13046265, 92.49974060, -158.00556946, 38.05904770, -6.92779875, 59.42706680, -63.54906464, 59.29310608, -33.65597534, 0.78260738, 0.31630978, -0.53499442, -0.03542324, -0.87137133, -0.71511722, -0.43745527, 0.00000000, 0.00000000, 0.00000000, 0.00000000
4, 0.5100, 51, -0.03787321, 1.87821281, -0.28933966, -80.64392090, -35.41865921, -53.14315796, -31.65740967, 9.20783424, -83.83513641, 9.11139965, -13.53211594, -23.98990631, 1.00000000, 0.00000000, 0.00000000, 0.00000000, -0.25562367, 0.24454699, 0.89730394, 101.51800537, -16.05380058, 40.50000000, 0.00000000
2, 0.4800, 48, 1.95338035, -0.43524924, 1.36904836, 59.78908920, 102.89195251, -149.37310791, 39.08213806, -4.00467682, 59.71937943, -61.26733017, 57.80009460, -31.66986656, 0.79189605, 0.31569356, -0.52178031, -0.03136342, -1.10529494, -0.94904101, -0.48198462, 0.00000000, 0.00000000, 0.00000000, 0.00000000
4, 0.5200, 52, 0.08256379, 1.88602626, -0.32169905, -73.25400543, -38.85791397, -24.55546188, -31.65740967, 9.20783424, -83.83513641, 8.28282547, -13.80776787, -23.64005280, 1.00000000, 0.00000000, 0.00000000, 0.00000000, -0.38268077, 0.29193389, 0.89830667, 101.51800537, -16.05380058, 40.50000000, 0.00000000
5, 0.3500, 35, 0.99128848, -0.03932891, -0.16288045, -48.79598618, 109.56217957, -102.36920166, -5.02776957, 18.82490540, -117.91873932, 6.06667089, 53.44512558, -0.29624557, 0.89187855, -0.04842584, -0.44891688, 0.02610099, -0.15561303, 0.10356866, -0.28494385, 0.00000000, 0.00000000, 0.00000000, 0.00000000
5, 0.3600, 36, 0.96514344, -0.05144013, -0.16364153, -55.96085739, 116.87152863, -101.80582428, -5.02776957, 18.82490540, -117.91873932, 3.94974017, 52.42597961, -1.76351523, 0.89628512, -0.03770685, -0.44091868, 0.02901813, -0.11549377, 0.10993257, -0.28081816, 0.00000000, 0.00000000, 0.00000000, 0.00000000
5, 0.3700, 37, 1.02613199, 0.00866615, -0.19369368, -59.40090561, 128.33282471, -99.45582581, -3.71236467, 19.76030350, -118.00643158, 1.73069787, 51.39454269, -3.28305674, 0.90043765, -0.02602335, -0.43299881, 0.03235608, -0.15982926, 0.16613056, -0.21919690, 0.00000000, 0.00000000, 0.00000000, 0.00000000
2, 0.4900, 49, 2.07479882, -0.46115932, 1.66953468, 53.53641129, 102.96846008, -129.27554321, 38.87752151, -4.23852682, 60.59631729, -59.51126862, 56.34841919, -30.20269394, 0.79990983, 0.31559947, -0.50972527, -0.02686016, -1.24028552, -1.24024653, -0.49519914, 0.00000000, 0.00000000, 0.00000000, 0.00000000
4, 0.5300, 53, 0.18967807, 1.83263671, -0.32413310, -58.93157578, -52.75362778, 0.79577839, -31.80356598, 9.32475853, -83.92282867, 7.55134344, -13.83724022, -23.11851883, 1.00000000, 0.00000000, 0.00000000, 0.00000000, -0.48989844, 0.30398029, 0.83990937, 101.51800537, -16.05380058, 40.50000000, 0.00000000
2, 0.5000, 50, 2.30738282, -0.48987189, 1.91341937, 43.58293152, 103.90220642, -108.93572998, 38.87752151, -4.23852682, 60.59631729, -65.96433258, 54.92401886, -35.16438675, 0.78538018, 0.34361637, -0.51468068, -0.01447923, -1.48668849, -1.46611261, -0.49592054, 0.00000000, 0.00000000, 0.00000000, 0.00000000
5, 0.3800, 38, 1.09940636, 0.13915868, -0.20623402, -56.00727844, 136.30046082, -97.85445404, -2.98158431, 20.52031517, -117.80181122, -0.50196242, 50.33913040, -4.84167528, 0.90431553, -0.01400302, -0.42508230, 0.03636685, -0.18784964, 0.21132776, -0.08622042, 0.00000000, 0.00000000, 0.00000000, 0.00000000
5, 0.3900, 39, 1.19388688, 0.21688339, -0.23386087, -50.17437744, 133.90795898, -102.05178833, -1.98772287, 19.96492195, -117.18795776, -2.57369733, 49.20737839, -6.29816294, 0.90812117, -0.00247742, -0.41672739, 0.04059809, -0.25736326, 0.26810405, 0.00605279, 0.00000000, 0.00000000, 0.00000000, 0.00000000
5, 0.4000, 40, 1.32981288, 0.19788563, -0.23802632, -44.45431137, 123.37932587, -105.44261932, 0.00000000, 21.22186470, -116.42794037, -0.69440961, 50.41193390, -4.76878214, 0.90409023, -0.01223940, -0.42572498, 0.03506291, -0.39647377, 0.28277516, 0.03479284, 0.00000000, 0.00000000, 0.00000000, 0.00000000
5, 0.4100, 41, 1.42306209, 0.10915843, -0.24033383, -37.14563751, 119.59992218, -109.37631989, 0.00000000, 21.22186470, -116.07717133, -2.48642969, 49.21790314, -6.09112835, 0.90815330, -0.00242141, -0.41678470, 0.03927081, -0.51011932, 0.26753438, -0.00287011, 0.00000000, 0.00000000, 0.00000000, 0.00000000
5, 0.4200, 42, 1.36305857, 0.00458045, -0.21560006, -35.29853439, 126.16484070, -113.78260803, 0.64308679, 22.56650162, -116.07717133, -4.27064705, 47.94591904, -7.41769552, 0.91216981, 0.00771019, -0.40737510, 0.04395818, -0.50944257, 0.25716302, -0.13630202, 0.00000000, 0.00000000, 0.00000000, 0.00000000
4, 0.5400, 54, 0.17833731, 1.69956481, -0.28240383, -52.18449402, -69.88555145, 19.35803986, -32.12511063, 8.21397209, -83.48435974, 7.94598532, -9.97044849, -22.51179886, 1.00000000, 0.00000000, 0.00000000, 0.00000000, -0.45681810, 0.26099274, 0.70548946, 101.51800537, -16.05380058, 40.50000000, 0.00000000
2, 0.5100, 51, 2.48837948, -0.54946667, 1.98578906, 27.02243042, 103.70951080, -85.42696381, 38.64366913, -2.66004086, 61.85326004, -65.00455475, 53.67594147, -34.30094528, 0.79060119, 0.34585762, -0.50520730, -0.00989495, -1.68159771, -1.50640607, -0.51062989, 0.00000000, 0.00000000, 0.00000000, 0.00000000
5, 0.4300, 43, 1.36411917, -0.03765265, -0.21309884, -39.52339554, 133.07426453, -112.91567230, 1.63694823, 23.38497543, -115.34638977, -6.08497572, 46.64688492, -8.72262001, 0.91593295, 0.01853250, -0.39792466, 0.04877993, -0.54210734, 0.27423325, -0.18956459, 0.00000000, 0.00000000, 0.00000000, 0.00000000
5, 0.4400, 44, 1.62722266, -0.01516183, -0.29431349, -46.70453262, 135.93380737, -98.84039307, 2.39696002, 24.37883568, -114.58638000, -7.92035675, 45.45716476, -9.97146225, 0.91898078, 0.02996105, -0.38952118, 0.05338478, -0.79228884, 0.38037986, -0.08377558, 0.00000000, 0.00000000, 0.00000000, 0.00000000
5, 0.4500, 45, 1.85024524, 0.13538232, -0.35287470, -54.23575211, 127.96517944, -85.08884430, 3.01081562, 24.67114830, -114.03098297, -5.23649693, 47.89621735, -7.44007063, 0.91223902, 0.01535226, -0.40733963, 0.04073063, -0.94297302, 0.45753565, 0.13705777, 0.00000000, 0.00000000, 0.00000000, 0.00000000
4, 0.5500, 55, 0.03920805, 1.69359887, -0.23286583, -51.00448608, -79.75045013, 32.51890945, -32.27126694, 9.79245853, -83.33820343, 7.27110004, -9.70051765, -21.69876289, 1.00000000, 0.00000000, 0.00000000, 0.00000000, -0.26610622, 0.20744279, 0.69692069, 101.51800537, -16.05380058, 40.50000000, 0.00000000
2, 0.5200, 52, 2.66668677, -0.66845524, 1.79416001, 18.80725670, 113.45333862, -60.99972534, 38.99444580, -0.64308679, 62.23326492, -64.52881622, 52.40598297, -33.92453384, 0.79445839, 0.34920320, -0.49686632, -0.00411501, -1.87478638, -1.31792545, -0.66379416, 0.00000000, 0.00000000, 0.00000000, 0.00000000
2, 0.5300, 53, 2.91721845, -0.83098000, 1.61128509, 8.35619354, 116.88161469, -26.50329781, 38.78982544, -0.84770536, 62.81789017, -64.60665894, 51.21220779, -34.11200333, 0.79643601, 0.35357782, -0.49057612, 0.00276264, -2.14094543, -1.14180720, -0.85316783, 0.00000000, 0.00000000, 0.00000000, 0.00000000
2, 0.5400, 54, 3.02349234, -1.03340745, 1.56201649, -10.84059429, 100.05388641, 17.32155228, 38.52674484, -0.43846828, 63.69482422, -65.30567932, 50.31478882, -34.85840225, 0.79580218, 0.35873893, -0.48776689, 0.00943234, -2.26105785, -1.10338676, -1.06007242, 0.00000000, 0.00000000, 0.00000000, 0.00000000
4, 0.5600, 56, -0.09280650, 1.77407515, -0.14387384, -48.80749512, -80.97877502, 42.83177948, -32.00818253, 9.17860222, -83.16281891, 6.61990309, -9.31928253, -20.87034607, 1.00000000, 0.00000000, 0.00000000, 0.00000000, -0.13128638, 0.13473177, 0.78472137, 101.51800537, -16.05380058, 40.50000000, 0.00000000
5, 0.4600, 46, 1.89999628, 0.24689233, -0.36984411, -54.76779556, 110.76293945, -82.56523895, 3.42005253, 26.04501534, -113.97251892, -6.86357260, 46.92559814, -8.40544415, 0.91495836, 0.02563661, -0.40039492, 0.04333624, -0.92577827, 0.45936507, 0.27545911, 0.00000000, 0.00000000, 0.00000000, 0.00000000
5, 0.4700, 47, 1.91103089, 0.15328115, -0.30339479, -52.61674881, 103.48344421, -82.53829193, 3.42005253, 26.04501534, -113.97251892, -8.33059692, 45.95030594, -9.23228836, 0.91754568, 0.03532463, -0.39341986, 0.04564050, -0.98252630, 0.40634760, 0.18774500, 0.00000000, 0.00000000, 0.00000000, 0.00000000
5, 0.4800, 48, 1.98831797, 0.01748936, -0.22086877, -52.20068741, 107.16091919, -76.65479279, 4.50160789, 26.80502701, -113.15404510, -9.81238747, 45.01008606, -10.07653332, 0.91977948, 0.04521465, -0.38682762, 0.04822653, -1.11626673, 0.33451694, 0.08920807, 0.00000000, 0.00000000, 0.00000000, 0.00000000
5, 0.4900, 49, 2.15009952, -0.18278648, -0.20301363, -54.91931152, 110.80471802, -66.10530853, 5.02776957, 27.30195808, -112.71557617, -11.33995819, 44.15052414, -10.93953228, 0.92149758, 0.05549018, -0.38100958, 0.05093872, -1.35409713, 0.32395622, -0.03770568, 0.00000000, 0.00000000, 0.00000000, 0.00000000
4, 0.5700, 57, -0.08687942, 1.85553539, -0.07703641, -47.17206192, -74.65687561, 57.70931244, -32.00818253, 9.17860222, -83.16281891, 6.00361395, -8.77742958, -20.10342407, 1.00000000, 0.00000000, 0.00000000, 0.00000000, -0.13190076, 0.08370713, 0.86731970, 101.51800537, -16.05380058, 40.50000000, 0.00000000
2, 0.5500, 55, 2.97618318, -1.10847700, 1.51021147, -29.69853020, 79.34742737, 69.81833649, 38.52674484, -0.43846828, 63.69482422, -74.19237518, 52.99382019, -40.71761703, 0.76286697, 0.38227570, -0.52142465, -0.00394359, -2.21372318, -1.05130720, -1.11137474, 0.00000000, 0.00000000, 0.00000000, 0.00000000
5, 0.5000, 50, 2.39070320, -0.31702110, -0.24844083, -60.47764206, 105.88243866, -45.73398209, 5.29085064, 28.06196976, -112.16018677, -10.00043201, 49.40656281, -8.74894810, 0.90516889, 0.04719697, -0.42115539, 0.03271127, -1.62069094, 0.36889663, -0.05770458, 0.00000000, 0.00000000, 0.00000000, 0.00000000
4, 0.5800, 58, -0.05252545, 1.99094141, -0.08647479, -34.81745148, -63.39925766, 79.18231964, -32.03741455, 8.85705948, -83.42589569, 5.53934574, -8.00975513, -19.44415665, 1.00000000, 0.00000000, 0.00000000, 0.00000000, -0.15904438, 0.11043175, 0.99792147, 101.51800537, -16.05380058, 40.50000000, 0.00000000
2, 0.5600, 56, 2.89585376, -1.06328261, 1.45234084, -47.90399933, 54.97027206, 129.18594360, 37.76673508, -1.69541073, 63.22712708, -76.46105194, 52.62428284, -42.95341873, 0.75567824, 0.38871455, -0.52711010, 0.00254602, -2.11102581, -0.98702908, -0.98781455, 0.00000000, 0.00000000, 0.00000000, 0.00000000
5, 0.5100, 51, 2.61576557, -0.25386417, -0.33382744, -65.20794678, 89.27275085, -14.78559113, 5.93393755, 26.04501534, -111.72171783, -11.53409576, 49.10071182, -9.52562523, 0.90533447, 0.05676018, -0.41955137, 0.03353626, -1.75723147, 0.44096655, 0.13132200, 0.00000000, 0.00000000, 0.00000000, 0.00000000
4, 0.5900, 59, -0.03945175, 2.13720274, -0.14587128, -8.66815472, -49.52531433, 101.61083984, -31.65740967, 8.36012840, -83.45513153, 5.83872128, -5.44597960, -19.04177856, 1.00000000, 0.00000000, 0.00000000, 0.00000000, -0.15433422, 0.18133879, 1.13654923, 101.51800537, -16.05380058, 40.50000000, 0.00000000
4, 0.6000, 60, 0.01434528, 2.19986248, -0.20608759, 17.35948181, -33.68098068, 123.76388550, -31.21894073, 9.35398960, -83.65974426, 5.96980047, -4.22384262, -18.64704895, 1.00000000, 0.00000000, 0.00000000, 0.00000000, -0.16996519, 0.23837976, 1.18998098, 101.51800537, -16.05380058, 40.50000000, 0.00000000
4, 0.6100, 61, 0.06033491, 2.19312763, -0.30772987, 38.88851929, -16.02898216, 143.39419556, -31.21894073, 9.35398960, -83.65974426, 6.34101772, -2.80003691, -18.40792084, 1.00000000, 0.00000000, 0.00000000, 0.00000000, -0.19193643, 0.33433765, 1.17434931, 101.51800537, -16.05380058, 40.50000000, 0.00000000
4, 0.6200, 62, 0.07652066, 2.15191936, -0.44081184, 57.67680740, 3.79303646, 156.35258484, -30.10815430, 8.85705948, -84.01052094, 6.91927338, -1.23886073, -18.34185982, 1.00000000, 0.00000000, 0.00000000, 0.00000000, -0.18006343, 0.45578277, 1.12432969, 101.51800537, -16.05380058, 40.50000000, 0.00000000
2, 0.5700, 57, 2.84952593, -1.06292140, 1.55262196, -68.11448669, 33.74892426, 179.75123596, 37.21134186, -1.63694823, 63.51943970, -79.52160645, 52.44939041, -45.94270706, 0.74521178, 0.39568001, -0.53667253, 0.00891397, -2.06712770, -1.07662094, -0.94795334, 0.00000000, 0.00000000, 0.00000000, 0.00000000
4, 0.6300, 63, 0.08623528, 2.14281487, -0.55548167, 74.62241364, 21.53302002, 166.59039307, -29.61122513, 7.36626720, -84.39052582, 7.67609692, 0.43448493, -18.42211533, 1.00000000, 0.00000000, 0.00000000, 0.00000000, -0.16075554, 0.55763507, 1.10886288, 101.51800537, -16.05380058, 40.50000000, 0.00000000
2, 0.5800, 58, 2.80509710, -1.01501048, 1.63465977, -91.97280884, 14.96222878, 226.12001038, 36.50979233, -3.30312777, 62.61326981, -83.38599396, 52.36746597, -49.65217972, 0.73139590, 0.40338290, -0.54965258, 0.01497878, -2.02308559, -1.14412987, -0.85367662, 0.00000000, 0.00000000, 0.00000000, 0.00000000
2, 0.5900, 59, 2.79399157, -0.91391301, 1.62972963, -114.55119324, -2.64281893, 266.66888428, 36.50979233, -3.30312777, 62.61326981, -87.98549652, 52.27748489, -54.01105118, 0.71437246, 0.41162986, -0.56551474, 0.02064136, -2.01152205, -1.12085354, -0.70835090, 0.00000000, 0.00000000, 0.00000000, 0.00000000
2, 0.6000, 60, 2.68640900, -0.79879081, 1.65678382, -136.71931458, -14.89577866, 301.07189941, 35.10669327, -4.70622635, 62.75942612, -95.45475769, 52.94329071, -59.81163788, 0.68640673, 0.42468140, -0.59015870, 0.01429139, -1.90182543, -1.13347423, -0.53305221, 0.00000000, 0.00000000, 0.00000000, 0.00000000
2, 0.6100, 61, 2.61509943, -0.68745190, 1.67776299, -159.81231689, -22.80549049, 331.13171387, 33.03127670, -6.72318029, 61.76556396, -101.31740570, 52.29716873, -65.17388916, 0.66303796, 0.43447524, -0.60929406, 0.01930710, -1.82701516, -1.15019286, -0.34357858, 0.00000000, 0.00000000, 0.00000000, 0.00000000
2, 0.6200, 62, 2.51865983, -0.61921418, 1.71859622, -182.50167847, -34.01620865, 357.35565186, 31.42355919, -8.59397793, 60.56708527, -107.53761292, 51.32237625, -70.76238251, 0.63661855, 0.44460252, -0.62967086, 0.02366820, -1.73872471, -1.18460727, -0.20574005, 0.00000000, 0.00000000, 0.00000000, 0.00000000
5, 0.5200, 52, 2.63849521, -0.09012245, -0.41971380, -64.19934845, 61.46541214, 16.73420143, 5.93393755, 26.04501534, -111.72171783, -12.76485825, 49.15684891, -10.04864311, 0.90433335, 0.06450193, -0.42062551, 0.03308997, -1.71709311, 0.55265510, 0.28750736, 0.00000000, 0.00000000, 0.00000000, 0.00000000
5, 0.5300, 53, 2.51177716, 0.09849333, -0.49416640, -55.30149078, 38.54197311, 41.29458618, 5.78778124, 28.55890083, -111.45863342, -13.72160244, 49.49631500, -10.42664528, 0.90246779, 0.07027134, -0.42377079, 0.03212627, -1.52591777, 0.65031809, 0.41216224, 0.00000000, 0.00000000, 0.00000000, 0.00000000
5, 0.5400, 54, 2.49877334, 0.21213120, -0.55037177, -36.55585861, 22.97075653, 64.18730164, 5.78778124, 27.74042702, -111.66325378, -14.46646500, 50.07698822, -10.82245064, 0.89983308, 0.07397374, -0.42874551, 0.03171065, -1.46534598, 0.72130466, 0.51655602, 0.00000000, 0.00000000, 0.00000000, 0.00000000
5, 0.5500, 55, 2.56872773, 0.04736024, -0.62876540, -14.67075443, 4.84577847, 85.75236511, 5.34931278, 27.65273285, -111.60478973, -8.47023964, 54.54865646, -3.64328742, 0.88702351, 0.05107865, -0.45885551, -0.00564748, -1.57843626, 0.77338159, 0.40804964, 0.00000000, 0.00000000, 0.00000000, 0.00000000
4, 0.6400, 64, 0.14153369, 2.20240378, -0.63113970, 90.92696381, 32.66151428, 178.18701172, -27.97427559, 6.51856184, -84.47821808, 10.82576180, 2.85850883, -16.11679840, 1.00000000, 0.00000000, 0.00000000, 0.00000000, -0.18462616, 0.61245096, 1.16595256, 101.51800537, -16.05380058, 40.50000000, 0.00000000
4, 0.6500, 65, 0.22194988, 2.27458262, -0.68056124, 106.09384918, 36.92642975, 192.84107971, -26.62964058, 5.02776957, -85.15054321, 11.89814281, 4.81207800, -16.18450356, 1.00000000, 0.00000000, 0.00000000, 0.00000000, -0.22612165, 0.62042212, 1.24226451, 101.51800537, -16.05380058, 40.50000000, 0.00000000
4, 0.6600, 66, 0.33313546, 2.31195974, -0.74371094, 119.68996429, 35.77869034, 207.09849548, -26.62964058, 5.02776957, -85.15054321, 13.11192322, 6.90459299, -16.17487526, 1.00000000, 0.00000000, 0.00000000, 0.00000000, -0.30282816, 0.66662717, 1.27925456, 101.51800537, -16.05380058, 40.50000000, 0.00000000
4, 0.6700, 67, 0.41761762, 2.30821204, -0.79806376, 128.55493164, 32.07849884, 219.66595459, -25.75270271, 3.65390229, -85.76439667, 14.42880821, 9.11281300, -16.05616760, 1.00000000, 0.00000000, 0.00000000, 0.00000000, -0.34947097, 0.70012754, 1.27905440, 101.51800537, -16.05380058, 40.50000000, 0.00000000
4, 0.6800, 68, 0.49491814, 2.33141351, -0.87033767, 129.99072266, 34.52327347, 219.03413391, -24.29114342, 2.45542240, -86.20286560, 15.77008057, 11.31639576, -15.91001606, 1.00000000, 0.00000000, 0.00000000, 0.00000000, -0.38925084, 0.75306207, 1.30703473, 101.51800537, -16.05380058, 40.50000000, 0.00000000
2, 0.6300, 63, 2.34821272, -0.59450221, 1.65534437, -197.67666626, -40.17160034, 377.70318604, 28.85121346, -10.43554497, 58.66705704, -113.82870483, 49.93766022, -76.33920288, 0.60763192, 0.45473808, -0.65055805, 0.02776884, -1.58150220, -1.12472737, -0.12064546, 0.00000000, 0.00000000, 0.00000000, 0.00000000
2, 0.6400, 64, 2.23658228, -0.63138771, 1.51603281, -210.63388062, -42.99438477, 392.82278442, 28.85121346, -10.43554497, 58.66705704, -119.97827148, 48.11802673, -81.69004822, 0.57637566, 0.46479532, -0.67138302, 0.03164421, -1.48931313, -1.00027955, -0.10305202, 0.00000000, 0.00000000, 0.00000000, 0.00000000
2, 0.6500, 65, 2.12418842, -0.69372696, 1.29914248, -218.18568420, -43.77962875, 403.81838989, 26.68810272, -11.86787510, 57.32241821, -123.67358398, 47.91711807, -84.59453583, 0.55995566, 0.46692353, -0.68394697, 0.02546881, -1.39648747, -0.80695796, -0.12850173, 0.00000000, 0.00000000, 0.00000000, 0.00000000
2, 0.6600, 66, 2.01414871, -0.76319784, 1.17004871, -224.67811584, -48.65389633, 413.67080688, 24.02806091, -13.32943535, 55.59777832, -129.46856689, 45.43225861, -89.46810150, 0.52547330, 0.47658715, -0.70420212, 0.02901641, -1.29789793, -0.70777881, -0.16743727, 0.00000000, 0.00000000, 0.00000000, 0.00000000
2, 0.6700, 67, 1.83649874, -0.81335723, 1.08170605, -232.28637695, -51.80132675, 421.47573853, 20.14031029, -14.90792179, 53.52236176, -134.84857178, 42.59609222, -93.86439514, 0.48926565, 0.48560593, -0.72371542, 0.03228190, -1.15448773, -0.64472795, -0.15679027, 0.00000000, 0.00000000, 0.00000000, 0.00000000
2, 0.6800, 68, 1.79255295, -0.91764081, 1.01312280, -243.93446350, -57.98942947, 424.09759521, 17.68488693, -15.11254025, 51.62233353, -139.86555481, 39.50114822, -97.78766632, 0.45148411, 0.49384683, -0.74234557, 0.03464739, -1.15086138, -0.61230654, -0.19768149, 0.00000000, 0.00000000, 0.00000000, 0.00000000
2, 0.6900, 69, 1.71124935, -1.07066464, 0.90068734, -254.69798279, -68.83975983, 426.65496826, 17.68488693, -15.11254025, 51.62233353, -144.58235168, 36.20039368, -101.32450104, 0.41217592, 0.50088125, -0.76021844, 0.03601298, -1.11543131, -0.54755056, -0.29559711, 0.00000000, 0.00000000, 0.00000000, 0.00000000
2, 0.7000, 70, 1.59940338, -1.27595568, 0.84381640, -261.18798828, -81.59732819, 429.44088745, 14.41099072, -15.17100239, 48.72844315, -147.63652039, 35.05020523, -103.55269623, 0.39161950, 0.50071293, -0.77138209, 0.02984019, -1.04628110, -0.54814684, -0.44997251, 0.00000000, 0.00000000, 0.00000000, 0.00000000
5, 0.5600, 56, 2.57965159, -0.12964487, -0.64828283, 4.05943298, -21.43073082, 107.67153931, 5.20315695, 27.65273285, -111.48786926, -8.44202232, 55.64228058, -3.72319674, 0.88266045, 0.04994141, -0.46731588, -0.00568140, -1.61908162, 0.72260153, 0.28951600, 0.00000000, 0.00000000, 0.00000000, 0.00000000
2, 0.7100, 71, 1.41552269, -1.58824801, 0.69210982, -261.63595581, -88.43650055, 428.56118774, 10.66939449, -15.20023346, 47.41303635, -151.90499878, 31.47128487, -106.57036591, 0.35056928, 0.50545108, -0.78785825, 0.02999960, -0.89279264, -0.46845046, -0.74141788, 0.00000000, 0.00000000, 0.00000000, 0.00000000
4, 0.6900, 69, 0.57046193, 2.43438911, -0.94921774, 134.39620972, 39.29602432, 211.17437744, -23.12189484, 0.67231804, -86.75825500, 18.78899193, 13.63730812, -13.81754208, 1.00000000, 0.00000000, 0.00000000, 0.00000000, -0.43032780, 0.81120181, 1.41837394, 101.51800537, -16.05380058, 40.50000000, 0.00000000
4, 0.7000, 70, 0.60495049, 2.51281691, -1.04703403, 144.71406555, 43.19164276, 203.88706970, -21.66033363, -1.08155513, -87.69365692, 20.30480766, 15.69977570, -13.61751556, 1.00000000, 0.00000000, 0.00000000, 0.00000000, -0.42945024, 0.87336713, 1.51245725, 101.51800537, -16.05380058, 40.50000000, 0.00000000
4, 0.7100, 71, 0.61036354, 2.48813748, -1.17164266, 158.76589966, 43.54664993, 197.36227417, -21.66033363, -1.08155513, -87.69365692, 21.98016167, 17.69311905, -13.37514877, 1.00000000, 0.00000000, 0.00000000, 0.00000000, -0.39988494, 0.97426206, 1.49856639, 101.51800537, -16.05380058, 40.50000000, 0.00000000
4, 0.7200, 72, 0.72068959, 2.44824529, -1.34189105, 174.19618225, 41.68373489, 194.92039490, -20.84185982, -2.92312193, -87.34288025, 23.84347725, 19.64706612, -13.05013371, 1.00000000, 0.00000000, 0.00000000, 0.00000000, -0.47583675, 1.11823082, 1.46561110, 101.51800537, -16.05380058, 40.50000000, 0.00000000
4, 0.7300, 73, 0.88493377, 2.41980219, -1.50300205, 193.29998779, 38.58627319, 199.00787354, -19.58491707, -4.91084480, -87.81057739, 25.95287323, 21.61310196, -12.59607029, 1.00000000, 0.00000000, 0.00000000, 0.00000000, -0.60653514, 1.25194466, 1.44592011, 101.51800537, -16.05380058, 40.50000000, 0.00000000
4, 0.7400, 74, 1.13315451, 2.32767797, -1.68939626, 213.92370605, 31.08023834, 207.20500183, -18.56182289, -7.07395506, -88.71675110, 30.92000008, 23.83268166, -9.08893013, 1.00000000, 0.00000000, 0.00000000, 0.00000000, -0.81815642, 1.39607668, 1.36757708, 101.51800537, -16.05380058, 40.50000000, 0.00000000
4, 0.7500, 75, 1.47242010, 2.29109359, -1.86063886, 237.52140808, 4.55313301, 227.53715515, -18.56182289, -7.07395506, -88.71675110, 33.82207108, 25.80332375, -7.84941053, 1.00000000, 0.00000000, 0.00000000, 0.00000000, -1.12126136, 1.50879633, 1.35925031, 101.51800537, -16.05380058, 40.50000000, 0.00000000
4, 0.7600, 76, 1.71185172, 2.16860580, -1.87096715, 260.08087158, -50.95626450, 254.63880920, -18.21105003, -9.29552746, -89.24291229, 37.34528732, 27.63778305, -5.77390099, 1.00000000, 0.00000000, 0.00000000, 0.00000000, -1.32660460, 1.47721314, 1.26946580, 101.51800537, -16.05380058, 40.50000000, 0.00000000
4, 0.7700, 77, 1.87202716, 2.05820870, -1.58761442, 268.31109619, -99.32266235, 277.64178467, -16.98333740, -13.15404797, -89.56445312, 41.35483551, 29.24953079, -2.93110514, 1.00000000, 0.00000000, 0.00000000, 0.00000000, -1.45740128, 1.14929342, 1.21866310, 101.51800537, -16.05380058, 40.50000000, 0.00000000
2, 0.7200, 72, 0.95918185, -1.98415208, 0.45692301, -261.43054199, -100.92535400, 431.95977783, 7.71704149, -14.17714119, 45.33761978, -155.87086487, 27.72819138, -109.31719208, 0.30852666, 0.50833690, -0.80343390, 0.02998410, -0.49703300, -0.32293761, -1.11186314, 0.00000000, 0.00000000, 0.00000000, 0.00000000
2, 0.7300, 73, 0.41875434, -2.42477727, 0.35698450, -256.37823486, -128.55371094, 441.33221436, 4.12160206, -13.53405380, 44.02221680, -159.59512329, 23.81455612, -112.00781250, 0.26526424, 0.50815511, -0.81884336, 0.03015028, -0.02222887, -0.32013521, -1.51670909, 0.00000000, 0.00000000, 0.00000000, 0.00000000
2, 0.7400, 74, -0.05191267, -2.57502198, 0.03424983, -261.45492554, -170.60667419, 456.44641113, 4.12160206, -13.53405380, 44.02221680, -163.23522949, 19.68799210, -114.81681824, 0.21987303, 0.50404865, -0.83468330, 0.02990867, 0.38117585, -0.06427969, -1.66581011, 0.00000000, 0.00000000, 0.00000000, 0.00000000
2, 0.7500, 75, -0.62520254, -2.58447266, -0.14906135, -258.05368042, -223.19157410, 471.72967529, 0.55539316, -12.36480522, 42.38526535, -168.48437500, 9.37706661, -120.51933289, 0.12021581, 0.48479575, -0.86507893, 0.04647453, 0.85817426, 0.06110407, -1.65853465, 0.00000000, 0.00000000, 0.00000000, 0.00000000
2, 0.7600, 76, -1.08268070, -2.51620078, -0.25234395, -245.69148254, -267.33898926, 482.78610229, -3.82928967, -9.96784592, 42.06372452, -171.27853394, 4.69775772, -123.49091339, 0.07196103, 0.46887779, -0.87904030, 0.04757510, 1.16240311, 0.10566784, -1.56295145, 0.00000000, 0.00000000, 0.00000000, 0.00000000
2, 0.7700, 77, -1.70828950, -2.31647587, -0.37811434, -220.96392822, -301.94561768, 501.00506592, -6.98626137, -7.36626720, 41.33294296, -173.57640076, -0.28826007, -126.57488251, 0.02294166, 0.44893351, -0.89180338, 0.05117681, 1.70564580, 0.21328494, -1.37625170, 0.00000000, 0.00000000, 0.00000000, 0.00000000
2, 0.7800, 78, -2.57875681, -2.13559270, -0.37551832, -196.56538391, -312.54260254, 507.67813110, -11.07863140, -4.96930695, 41.88833618, -175.36074829, -5.44930696, -129.58354187, -0.02575487, 0.42682028, -0.90218300, 0.05680822, 2.48908806, 0.19899981, -1.20552754, 0.00000000, 0.00000000, 0.00000000, 0.00000000
4, 0.7800, 78, 1.80335927, 1.97225296, -1.46924996, 282.64871216, -108.79248047, 290.35278320, -17.94796753, -16.01870728, -91.11370850, 45.74717331, 30.70853424, 0.26545465, 1.00000000, 0.00000000, 0.00000000, 0.00000000, -1.36322248, 0.98664242, 1.19512367, 101.51800537, -16.05380058, 40.50000000, 0.00000000
4, 0.7900, 79, 1.79489887, 1.75102139, -1.31348038, 308.34637451, -101.55796051, 319.19589233, -17.33411217, -20.49108505, -92.48757935, 48.18758392, 34.68284607, -2.93524909, 1.00000000, 0.00000000, 0.00000000, 0.00000000, -1.31683993, 0.78871465, 1.04150605, 101.51800537, -16.05380058, 40.50000000, 0.00000000
4, 0.8000, 80, 1.54977763, 1.77745771, -0.77622020, 323.23577881, -57.26890182, 346.33038330, -17.33411217, -20.49108505, -92.48757935, 53.55698395, 36.52569580, 0.76118565, 1.00000000, 0.00000000, 0.00000000, 0.00000000, -1.02199471, 0.24945493, 1.16868806, 101.51800537, -16.05380058, 40.50000000, 0.00000000
4, 0.8100, 81, 0.92721283, 1.98184347, -0.70596772, 336.68930054, -18.14978600, 362.11145020, -17.83104324, -23.82344246, -92.77988434, 59.27249908, 38.47201157, 4.61908579, 1.00000000, 0.00000000, 0.00000000, 0.00000000, -0.37991458, 0.16288792, 1.47274077, 101.51800537, -16.05380058, 40.50000000, 0.00000000
2, 0.7900, 79, -2.59686756, -1.95039153, -0.57386041, -178.59870911, -320.78695679, 486.23950195, -11.07863140, -4.96930695, 41.88833618, -176.69705200, -10.48187637, -132.56811523, -0.07205231, 0.40276524, -0.91028547, 0.06299958, 2.42076778, 0.39205301, -1.05393434, 0.00000000, 0.00000000, 0.00000000, 0.00000000
5, 0.5700, 57, 2.56748509, -0.08727635, -0.64874011, 22.82262039, -47.49765396, 129.57775879, 5.20315695, 27.65273285, -111.48786926, -7.96487856, 56.99108505, -3.58583808, 0.87733972, 0.04611638, -0.47761488, -0.00568750, -1.57900786, 0.72036207, 0.34115171, 0.00000000, 0.00000000, 0.00000000, 0.00000000
5, 0.5800, 58, 2.60428667, -0.04836160, -0.68757588, 39.66518784, -71.56552887, 147.29724121, 4.85238218, 26.60040855, -111.51709747, -7.02291727, 58.54855728, -3.19038153, 0.87114769, 0.03981854, -0.48937085, -0.00570121, -1.58460689, 0.75145394, 0.40954566, 0.00000000, 0.00000000, 0.00000000, 0.00000000
5, 0.5900, 59, 2.67206621, -0.10111499, -0.70536697, 52.17903900, -96.52236176, 164.94548035, 4.03390837, 25.37269783, -112.48172760, -5.54493284, 60.31105042, -2.42130613, 0.86397368, 0.03121297, -0.50253242, -0.00604555, -1.65281391, 0.75136924, 0.41029507, 0.00000000, 0.00000000, 0.00000000, 0.00000000
4, 0.8200, 82, 0.53726894, 2.07833838, -0.49292931, 353.32269287, -3.51201177, 387.41058350, -18.15258598, -27.88658333, -92.31218719, 65.59857941, 40.33680344, 9.00771809, 1.00000000, 0.00000000, 0.00000000, 0.00000000, 0.03215768, -0.06693585, 1.67740560, 101.51800537, -16.05380058, 40.50000000, 0.00000000
2, 0.8000, 80, -3.02474809, -1.78099442, -0.72127068, -182.93630981, -338.52593994, 419.61010742, -14.08944702, -2.33849740, 42.91143036, -179.66165161, -22.88469124, -136.54441833, -0.18321492, 0.36338267, -0.91026902, 0.07612903, 2.73691010, 0.53099322, -0.93528956, 0.00000000, 0.00000000, 0.00000000, 0.00000000
2, 0.8100, 81, -3.00300860, -1.68135619, -0.95104760, -242.78149414, -368.16293335, 266.36572266, -16.80795097, 1.40309846, 44.02221680, 179.49510193, -25.99001503, -140.23445129, -0.21292013, 0.33045220, -0.91663468, 0.07243779, 2.55699229, 0.73212194, -0.91917586, 0.00000000, 0.00000000, 0.00000000, 0.00000000
5, 0.6000, 60, 2.66373181, -0.13021186, -0.69000024, 57.58951187, -117.74382782, 183.33401489, 3.27389646, 24.78807259, -112.80327606, 3.38322020, 63.61670303, 6.71018600, 0.84890026, 0.00578988, -0.52741504, -0.03418025, -1.63731229, 0.70231867, 0.41358292, 0.00000000, 0.00000000, 0.00000000, 0.00000000
5, 0.6100, 61, 2.59696937, -0.06787944, -0.69534928, 56.85427475, -135.23284912, 201.46911621, 2.63080978, 23.47266769, -113.24173737, 6.65547466, 65.62933350, 9.22364521, 0.83882380, -0.00512700, -0.54318041, -0.03610498, -1.52798045, 0.64987516, 0.49171057, 0.00000000, 0.00000000, 0.00000000, 0.00000000
5, 0.6200, 62, 2.62372112, -0.05719984, -0.66594636, 52.77562332, -152.02371216, 216.14068604, 2.63080978, 23.47266769, -113.44635773, 10.90444946, 67.69835663, 12.73371506, 0.82751924, -0.01693501, -0.55981934, -0.03908345, -1.53300905, 0.59810007, 0.54974210, 0.00000000, 0.00000000, 0.00000000, 0.00000000
5, 0.6300, 63, 2.74117994, -0.18155482, -0.65992731, 44.02310562, -177.14019775, 227.69384766, 1.63694823, 21.28032684, -113.44635773, 16.68652534, 69.70516968, 17.82156563, 0.81498498, -0.03005701, -0.57703882, -0.04384562, -1.67618394, 0.55770344, 0.52128720, 0.00000000, 0.00000000, 0.00000000, 0.00000000
5, 0.6400, 64, 2.67061353, -0.23334713, -0.66047728, 35.49706268, -196.81909180, 235.51802063, -0.46769950, 19.81876564, -114.26483154, 24.24863052, 71.49704742, 24.73761177, 0.80135280, -0.04415184, -0.59445238, -0.05010808, -1.62026310, 0.52514952, 0.48799169, 0.00000000, 0.00000000, 0.00000000, 0.00000000
4, 0.8300, 83, 0.27866557, 2.20818543, -0.15909752, 360.21667480, -29.74769592, 402.52294922, -19.43876076, -31.83279800, -91.28909302, 72.52770996, 41.61840439, 14.07805538, 1.00000000, 0.00000000, 0.00000000, 0.00000000, 0.30625945, -0.41151392, 1.92501569, 101.51800537, -16.05380058, 40.50000000, 0.00000000
5, 0.6500, 65, 2.50912309, -0.19396700, -0.66074431, 30.07297897, -206.99662781, 242.60029602, -1.92926037, 17.71411896, -115.11254120, 35.33204269, 71.59737396, 37.08385468, 0.78915966, -0.05612161, -0.60669345, -0.07746229, -1.44935560, 0.49127126, 0.50177145, 0.00000000, 0.00000000, 0.00000000, 0.00000000
4, 0.8400, 84, 0.25592646, 2.33804297, 0.14646631, 350.65808105, -92.42721558, 385.02398682, -20.02338409, -38.17597198, -91.28909302, 64.18492126, 41.01634979, 4.02074575, 1.00000000, 0.00000000, 0.00000000, 0.00000000, 0.32942757, -0.71455884, 2.11593103, 101.51800537, -16.05380058, 40.50000000, 0.00000000
2, 0.8200, 82, -2.45216656, -1.20975792, -1.02849829, -299.09698486, -459.82843018, 89.49178314, -17.65565681, 3.39082146, 44.92838287, 178.82568359, -27.51856232, -145.24310303, -0.22994748, 0.28776971, -0.92764556, 0.06153601, 1.98019326, 0.85530198, -0.46936876, 0.00000000, 0.00000000, 0.00000000, 0.00000000
4, 0.8500, 85, 0.71906209, 2.31130672, 0.50193292, 328.50646973, -191.49238586, 355.68417358, -20.02338409, -38.17597198, -91.28909302, 70.94585419, 40.74680328, 9.40732098, 1.00000000, 0.00000000, 0.00000000, 0.00000000, -0.14177173, -1.06067848, 2.03476882, 101.51800537, -16.05380058, 40.50000000, 0.00000000
5, 0.6600, 66, 2.39922810, -0.14931974, -0.71908981, 26.68819427, -208.72322083, 245.86207581, -3.77082729, 17.24641991, -115.93101501, 45.43159485, 72.49570465, 46.64723206, 0.77352154, -0.07003415, -0.62414604, -0.08486171, -1.33173442, 0.50532371, 0.53220963, 0.00000000, 0.00000000, 0.00000000, 0.00000000
5, 0.6700, 67, 2.36708260, -0.16992152, -0.86566854, 20.63998604, -209.04029846, 243.82836914, -5.81701231, 16.22332573, -116.95410919, 56.18852997, 72.81004333, 56.92320251, 0.75739199, -0.08369634, -0.64091045, -0.09266129, -1.31113136, 0.61885566, 0.53851628, 0.00000000, 0.00000000, 0.00000000, 0.00000000
5, 0.6800, 68, 2.43255568, -0.22882278, -1.00445867, 11.74672318, -213.67935181, 235.76901245, -5.81701231, 16.22332573, -116.95410919, 66.79112244, 72.43991852, 67.10305786, 0.74108303, -0.09741259, -0.65655303, -0.10121717, -1.39852405, 0.72205663, 0.54784602, 0.00000000, 0.00000000, 0.00000000, 0.00000000
4, 0.8600, 86, 1.18722022, 2.18167782, 1.18206525, 304.68020630, -288.55001831, 319.17538452, -22.65419388, -39.66676331, -91.25986481, 77.24321747, 38.98755646, 14.61012840, 1.00000000, 0.00000000, 0.00000000, 0.00000000, -0.62310737, -1.78789783, 2.00919843, 101.51800537, -16.05380058, 40.50000000, 0.00000000
5, 0.6900, 69, 2.47997975, -0.29353568, -1.20107400, -0.33833548, -226.69587708, 226.56913757, -7.45396090, 14.70330334, -117.80181122, 76.49575806, 71.34836578, 76.44070435, 0.72457206, -0.11174001, -0.67094940, -0.11106963, -1.47693682, 0.88113397, 0.53983998, 0.00000000, 0.00000000, 0.00000000, 0.00000000
5, 0.7000, 70, 2.50087595, -0.46602413, -1.37920403, -13.46433067, -248.77331543, 219.37484741, -9.85092068, 14.99561501, -118.38643646, 81.77706909, 67.60446167, 84.34634399, 0.71005911, -0.12076098, -0.67688298, -0.15186296, -1.58007491, 1.00464964, 0.41684175, 0.00000000, 0.00000000, 0.00000000, 0.00000000
5, 0.7100, 71, 2.54285979, -0.68551397, -1.69744301, -29.67094040, -274.36819458, 214.69471741, -12.45249939, 14.90792179, -119.29260254, 88.33178711, 65.30511475, 90.67911530, 0.69191086, -0.13705321, -0.68930042, -0.16535029, -1.73599243, 1.24677062, 0.23802537, 0.00000000, 0.00000000, 0.00000000, 0.00000000
5, 0.7200, 72, 2.45178509, -0.94010329, -1.92178166, -43.30435562, -300.73358154, 211.12016296, -14.96638393, 13.47559166, -119.64337921, 93.65816498, 62.45986938, 95.80049896, 0.67278677, -0.15489805, -0.70054048, -0.18057586, -1.77725279, 1.41136074, -0.00295432, 0.00000000, 0.00000000, 0.00000000, 0.00000000
2, 0.8300, 83, -3.07234383, -0.17739417, -0.93600076, -266.07955933, -462.41229248, -42.60536194, -18.41566849, 3.39082146, 47.03303146, 178.68461609, -27.77376556, -150.52183533, -0.23492803, 0.24430114, -0.93946677, 0.05028079, 2.60194135, 0.88685775, 0.55211651, 0.00000000, 0.00000000, 0.00000000, 0.00000000
4, 0.8700, 87, 1.59311819, 1.98891151, 1.64966679, 295.09036255, -386.18499756, 291.47640991, -25.28500366, -44.10990906, -91.17217255, 82.94012451, 35.81061554, 19.32261086, 1.00000000, 0.00000000, 0.00000000, 0.00000000, -1.05930543, -2.31130362, 1.90515542, 101.51800537, -16.05380058, 40.50000000, 0.00000000
5, 0.7300, 73, 2.31535602, -1.40866697, -2.20396852, -54.53470230, -334.08621216, 203.44020081, -14.96638393, 13.47559166, -119.64337921, 97.84936523, 59.09117126, 99.73505402, 0.65264666, -0.17499520, -0.71024823, -0.19742465, -1.86847186, 1.61618388, -0.46250641, 0.00000000, 0.00000000, 0.00000000, 0.00000000
5, 0.7400, 74, 2.19023800, -1.65239930, -2.34372497, -48.47930527, -380.17691040, 191.32824707, -18.29874229, 13.68021011, -120.87108612, 101.23024750, 55.21859741, 102.57239532, 0.63115311, -0.19889821, -0.71832258, -0.21470454, -1.88582373, 1.69035304, -0.70316172, 0.00000000, 0.00000000, 0.00000000, 0.00000000
5, 0.7500, 75, 1.94598722, -1.67329860, -2.46859217, -28.82066154, -443.82467651, 179.08029175, -21.19263268, 14.17714119, -121.16339874, 105.94829559, 49.50190353, 104.76592255, 0.59855717, -0.24283752, -0.72818315, -0.22914746, -1.71890295, 1.75808978, -0.77719086, 0.00000000, 0.00000000, 0.00000000, 0.00000000
4, 0.8800, 88, 2.30170369, 1.63401842, 2.14017940, 313.33535767, -455.61257935, 264.60217285, -28.85121346, -45.10377121, -90.93832397, 88.10391235, 31.56474686, 23.24329185, 1.00000000, 0.00000000, 0.00000000, 0.00000000, -1.81234312, -2.87016940, 1.62830973, 101.51800537, -16.05380058, 40.50000000, 0.00000000
4, 0.8900, 89, 3.19236517, 1.40161896, 2.45048022, 340.81774902, -461.79116821, 298.74588013, -28.85121346, -45.10377121, -90.93832397, 93.57322693, 39.74574661, 55.24849701, 1.00000000, 0.00000000, 0.00000000, 0.00000000, -2.71634531, -3.20559072, 1.46056616, 101.51800537, -16.05380058, 40.50000000, 0.00000000
2, 0.8400, 84, -2.88861847, 0.35869735, -0.67766762, -245.21327209, -455.94503784, -200.71611023, -18.41566849, 4.56007004, 47.03303146, 178.78353882, -26.45718002, -155.96018982, -0.22595891, 0.20033841, -0.95257419, 0.03754532, 2.43669367, 0.69712991, 1.12424111, 0.00000000, 0.00000000, 0.00000000, 0.00000000
2, 0.8500, 85, -2.53508830, 0.69411045, -0.69848543, -245.65017700, -466.66894531, -386.43182373, -16.86641312, 1.90002918, 49.13768005, 170.54005432, -33.49068832, -149.98278809, -0.29779077, 0.22419068, -0.92793083, -0.00191167, 2.08685231, 0.73130238, 1.45367086, 0.00000000, 0.00000000, 0.00000000, 0.00000000
4, 0.9000, 90, 3.24598575, 1.62651622, 1.86142302, 335.81243896, -360.70211792, 362.48822021, -33.11896896, -47.64688492, -90.23677063, 99.46580505, 35.84060669, 59.58552551, 1.00000000, 0.00000000, 0.00000000, 0.00000000, -2.69853759, -2.54781556, 1.72817206, 101.51800537, -16.05380058, 40.50000000, 0.00000000
4, 0.9100, 91, 1.18827617, 2.01524186, 1.47383440, 321.61962891, -227.78688049, 347.50891113, -37.50365448, -49.72230148, -88.42443848, 104.71979523, 32.96688843, 63.31173706, 1.00000000, 0.00000000, 0.00000000, 0.00000000, -0.69881505, -2.15482330, 2.24477863, 101.51800537, -16.05380058, 40.50000000, 0.00000000
4, 0.9200, 92, -1.00747919, 1.48578155, 2.35688853, 337.53805542, -268.16094971, 308.94815063, -40.48523712, -52.23618698, -86.40748596, 109.43340302, 29.52939987, 66.04835510, 1.00000000, 0.00000000, 0.00000000, 0.00000000, 1.46521878, -3.07845354, 1.92144704, 101.51800537, -16.05380058, 40.50000000, 0.00000000
5, 0.7600, 76, 1.71573937, -1.68571842, -2.42901874, -8.65478420, -514.98736572, 156.41156006, -25.02192307, 13.97252274, -121.63110352, 108.32139587, 44.48492432, 105.41179657, 0.57248485, -0.27832001, -0.73121190, -0.24521066, -1.57645035, 1.65591371, -0.81360459, 0.00000000, 0.00000000, 0.00000000, 0.00000000
5, 0.7700, 77, 1.29809058, -1.73967910, -2.27471876, 8.50625420, -577.63305664, 119.49002838, -28.38351250, 14.76176548, -121.48494720, 110.42064667, 39.06372070, 105.08991241, 0.54497844, -0.31926629, -0.73042703, -0.25989234, -1.27601063, 1.44682038, -0.97123629, 0.00000000, 0.00000000, 0.00000000, 0.00000000
5, 0.7800, 78, 0.93612188, -1.76270545, -2.32974625, 26.03263283, -627.71557617, 70.01663971, -33.03127670, 13.15404797, -120.54954529, 112.36299133, 33.43104935, 103.83459473, 0.51686954, -0.36478421, -0.72504765, -0.27218440, -1.02970624, 1.45342755, -1.09103239, 0.00000000, 0.00000000, 0.00000000, 0.00000000
4, 0.9300, 93, -2.66464448, 0.99335468, 3.76349139, 332.60647583, -269.20977783, 347.35412598, -43.93452072, -53.75621033, -84.03975677, 113.93810272, 25.77958870, 68.77639771, 1.00000000, 0.00000000, 0.00000000, 0.00000000, 3.07818413, -4.51794481, 1.65018868, 101.51800537, -16.05380058, 40.50000000, 0.00000000
5, 0.7900, 79, 0.92037970, -1.64451158, -2.41895890, 59.08814621, -677.64556885, -3.62649918, -33.03127670, 13.15404797, -120.54954529, 114.38629913, 27.77300453, 101.51441956, 0.48896152, -0.41546041, -0.71418029, -0.27974230, -1.05429971, 1.51206851, -0.94691598, 0.00000000, 0.00000000, 0.00000000, 0.00000000
2, 0.8600, 86, -1.13169563, 0.98580372, -1.21627402, -273.01751709, -493.62237549, -580.21051025, -14.87869072, -0.35077462, 51.47617722, 171.78596497, -29.27049828, -157.45500183, -0.26069972, 0.17090110, -0.94998890, -0.01869640, 0.62738383, 1.20061684, 1.65943527, 0.00000000, 0.00000000, 0.00000000, 0.00000000
4, 0.9400, 94, -3.99153471, 1.41323721, 3.99794650, 58.56490707, -39.28340530, 295.35272217, -43.93452072, -53.75621033, -84.03975677, 107.75568390, 15.22109032, -26.43182945, 1.00000000, 0.00000000, 0.00000000, 0.00000000, 4.31023359, -4.75156879, 2.15225506, 101.51800537, -16.05380058, 40.50000000, 0.00000000
5, 0.8000, 80, 0.97105110, -1.16917777, -2.04432487, 82.92935181, -702.76257324, -78.92692566, -36.94826126, 14.76176548, -118.56182098, 114.67181396, 24.20507050, 98.47135925, 0.47825679, -0.45176196, -0.69733202, -0.28444621, -0.98371869, 1.14269900, -0.42810717, 0.00000000, 0.00000000, 0.00000000, 0.00000000
5, 0.8100, 81, 0.79676718, -0.36528596, -1.61281288, 95.65990448, -686.78057861, -146.41134644, -39.81291962, 14.38175964, -116.04793549, 116.88282776, 19.22870445, 94.68017578, 0.45433503, -0.50503385, -0.67706090, -0.28303573, -0.55851769, 0.74719757, 0.28993392, 0.00000000, 0.00000000, 0.00000000, 0.00000000
5, 0.8200, 82, 0.82123977, -0.01338813, -0.80279982, 96.64938354, -612.51788330, -217.66754150, -42.15141678, 13.06635475, -112.92019653, 118.96666718, 15.31239319, 90.41044617, 0.43603107, -0.55355448, -0.65355277, -0.27626646, -0.49433756, -0.04374642, 0.71425682, 0.00000000, 0.00000000, 0.00000000, 0.00000000
5, 0.8300, 83, 0.72152817, -0.11723821, 0.08194162, 85.10224152, -488.86358643, -291.23229980, -42.76527405, 12.10172462, -110.75708771, 120.64638519, 12.84524536, 85.88301086, 0.42637831, -0.59430641, -0.62872130, -0.26402861, -0.47143543, -0.93045592, 0.66697347, 0.00000000, 0.00000000, 0.00000000, 0.00000000
4, 0.9500, 95, -4.02428675, 2.62739968, 2.12839127, -60.88643646, 312.55557251, 176.14118958, -46.76995087, -54.28237152, -83.92282867, 107.98673248, 17.82787323, -23.83672333, 1.00000000, 0.00000000, 0.00000000, 0.00000000, 4.21931171, -2.87315941, 3.18264341, 101.51800537, -16.05380058, 40.50000000, 0.00000000
5, 0.8400, 84, 0.47544500, -0.52811027, 0.44504699, 60.64310455, -381.82894897, -380.22399902, -42.76527405, 12.10172462, -110.75708771, 121.75211334, 11.69634533, 80.93000793, 0.42612228, -0.62897056, -0.60171008, -0.24649750, -0.42408490, -1.31349301, 0.23802333, 0.00000000, 0.00000000, 0.00000000, 0.00000000
5, 0.8700, 85, 3.28263354, 0.40982568, -0.13420598, -39.93482208, 5.12589931, -658.49786377, -36.04209137, 4.56007004, -108.88629150, 119.98323059, 29.42144203, 46.86042786, 0.53128564, -0.71800512, -0.44957274, 0.00941959, -2.38972211, -0.59184384, 2.11352968, 0.00000000, 0.00000000, 0.00000000, 0.00000000
5, 0.8800, 86, 4.46999216, 3.31351662, 0.94410682, -64.87767029, 114.15711975, -648.02777100, -31.07278633, 4.91084480, -109.79245758, 115.73322296, 32.84802246, 40.33012390, 0.56145394, -0.71062666, -0.42117709, 0.04887898, -2.26710892, -1.48117983, 5.24387836, 0.00000000, 0.00000000, 0.00000000, 0.00000000
2, 0.8700, 87, 0.88382572, 1.54336071, -1.82168019, -358.66384888, -600.05377197, -809.86431885, -10.99093819, -5.75855017, 52.49926758, 172.19807434, -23.00761986, -166.30459595, -0.20550023, 0.10309418, -0.97228485, -0.04246673, -1.29749501, 1.87662244, 2.20996976, 0.00000000, 0.00000000, 0.00000000, 0.00000000
5, 0.8900, 87, 7.09911060, 7.97339869, 1.01143515, -1.16270232, 238.60520935, -540.66345215, -31.07278633, 4.91084480, -109.79245758, 111.91793060, 36.78100586, 35.04178238, 0.58525765, -0.69666904, -0.40513813, 0.08938073, -2.80652285, -1.23797727, 10.48538303, 0.00000000, 0.00000000, 0.00000000, 0.00000000
5, 0.9000, 88, 3.76913619, 3.99316645, 2.30437207, 228.29223633, 132.79904175, -419.69055176, -26.51271439, 2.71850324, -109.93861389, 116.73062134, 44.54898453, 71.41225433, 0.58247423, -0.52374142, -0.62126380, -0.02121438, -1.20024765, -2.74270105, 5.57370663, 0.00000000, 0.00000000, 0.00000000, 0.00000000
2, 0.8800, 88, 3.60833073, 4.45671272, -1.41909885, -609.06524658, -758.88299561, -1129.71472168, -10.99093819, -5.75855017, 52.49926758, 169.76789856, -14.24954510, -177.37718201, -0.12552917, 0.01156245, -0.98831958, -0.08563475, -3.85758567, 1.81147552, 5.23175764, 0.00000000, 0.00000000, 0.00000000, 0.00000000
4, 0.9600, 96, -4.01816702, 1.48202658, -1.96945703, 146.28559875, 143.58706665, 92.17733002, -46.30224991, -55.10084534, -84.15667725, 109.91653442, 18.91999054, -22.51840591, 1.00000000, 0.00000000, 0.00000000, 0.00000000, 4.28769302, 1.16027939, 1.80171442, 101.51800537, -16.05380058, 40.50000000, 0.00000000
5, 0.9100, 89, -4.18051529, 3.89337039, 5.66746330, 245.05157471, -83.66130829, -195.38392639, -23.20958710, 2.95235300, -107.95088959, 117.70246124, 45.48025894, 69.06942749, 0.58053368, -0.53686118, -0.61217356, 0.00208066, 6.22491550, -6.02647877, 2.59755754, 0.00000000, 0.00000000, 0.00000000, 0.00000000
4, 0.9700, 97, -1.10545266, 0.82975650, -0.86278939, 144.66850281, 269.21826172, 186.95394897, -46.68225479, -54.34083557, -83.01666260, 112.38909912, 20.87004471, -19.77192879, 1.00000000, 0.00000000, 0.00000000, 0.00000000, 1.42164743, 0.03818489, 1.15607500, 101.51800537, -16.05380058, 40.50000000, 0.00000000
4, 0.9800, 98, 1.11782598, -0.47227308, -0.19653665, 118.01831818, 277.13656616, 142.16244507, -47.26688004, -54.63314819, -82.22741699, 114.57665253, 22.95246124, -17.33062363, 1.00000000, 0.00000000, 0.00000000, 0.00000000, -0.72250086, -0.67980111, -0.14766282, 101.51800537, -16.05380058, 40.50000000, 0.00000000
2, 0.8900, 89, -0.85687608, 7.90151596, 0.12717193, -893.86596680, -978.12994385, -1905.09167480, -2.66004086, -11.31248188, 51.56386948, 163.00407410, 0.14649004, 166.51010132, 0.01861175, -0.11597317, -0.98219723, -0.14660326, 0.85750937, 0.61598355, 8.80612564, 0.00000000, 0.00000000, 0.00000000, 0.00000000
2, 0.9000, 90, -7.20924807, 8.05784893, -0.19041577, -1197.72644043, -449.94076538, -2282.00317383, 14.08944702, -15.98947620, 44.25606537, 142.49281311, 11.62505150, 144.41532898, 0.18904530, -0.25685588, -0.90693283, -0.27524504, 7.47773552, 0.74287808, 8.74738979, 0.00000000, 0.00000000, 0.00000000, 0.00000000
2, 0.9100, 91, -1.13228500, 8.04025269, -1.28752112, -944.84136963, 88.71328735, -2261.21923828, 34.84361267, -10.31861973, 36.91902924, 127.00347900, 26.11405563, 125.95484161, 0.37758708, -0.30630490, -0.82242912, -0.29532316, 1.58923101, 1.59831679, 8.43790245, 0.00000000, 0.00000000, 0.00000000, 0.00000000
5, 0.9200, 90, -8.01649284, 6.41924334, 4.82076168, 374.34161377, 65.08957672, -193.97492981, -22.27418900, 2.04618526, -105.72931671, 120.12219238, 48.12911606, 67.92823792, 0.57536072, -0.54255331, -0.61083174, 0.03847870, 10.74161625, -4.98682976, 3.36798882, 0.00000000, 0.00000000, 0.00000000, 0.00000000
5, 0.9300, 91, -2.80290842, 0.13688309, 4.22459841, 296.57067871, 360.09445190, 12.81005669, -21.39725113, 1.37386727, -103.65390015, 124.19342804, 51.96815872, 71.51931000, 0.56763327, -0.52482361, -0.63061917, 0.06835399, 3.51177621, -4.74139071, -0.37534145, 0.00000000, 0.00000000, 0.00000000, 0.00000000
5, 0.9400, 92, 3.88579679, -1.88895488, 2.77109456, 53.90475082, 236.48185730, 174.77116394, -21.39725113, 1.37386727, -103.65390015, 127.32357788, 53.05460739, 76.03565216, 0.55925614, -0.50966203, -0.64996827, 0.07084225, -3.44312024, -3.37363338, 0.31202376, 0.00000000, 0.00000000, 0.00000000, 0.00000000
5, 0.9500, 93, 1.19877839, 0.67844558, 1.21324694, -114.59752655, -83.87030029, 425.16134644, -21.74802589, 0.05846244, -102.45542145, 110.84451294, 51.47016144, -7.31580257, 0.48738199, -0.75589979, -0.19860396, 0.38939798, -0.02273780, -1.67485440, 1.51334846, 0.00000000, 0.00000000, 0.00000000, 0.00000000
5, 0.9600, 94, -2.59143424, 0.45845592, 1.77375388, -139.91891479, -160.89857483, 331.84603882, -24.81730461, 1.57848585, -103.62467194, 113.05979919, 48.49534607, -3.45464826, 0.49229303, -0.76706332, -0.20346276, 0.35758150, 3.36904192, -2.34025216, -0.24123606, 0.00000000, 0.00000000, 0.00000000, 0.00000000
5, 0.9700, 95, -3.11266255, -0.57802880, 1.63011420, -153.36363220, 27.09862518, 219.28366089, -27.68196487, 2.22157264, -105.05699921, 113.58966827, 47.43104553, -0.61668319, 0.49957460, -0.76723164, -0.21613221, 0.33921644, 3.41815352, -2.28211093, -1.38528836, 0.00000000, 0.00000000, 0.00000000, 0.00000000
5, 0.9800, 96, -1.87510896, -0.03778207, 1.33014560, -117.64572144, 231.56654358, 169.98509216, -28.96813774, 0.67231804, -105.75855255, 113.90129852, 48.42609024, 2.54757929, 0.50490344, -0.75930065, -0.24060813, 0.33263004, 2.48615575, -1.94329393, -0.41982734, 0.00000000, 0.00000000, 0.00000000, 0.00000000
4, 0.9900, 99, 2.51878619, -1.44028986, 0.52294701, 37.91552734, 169.11822510, 88.32264709, -47.26688004, -54.63314819, -82.22741699, 135.96176147, 31.64238167, 66.03199768, 1.00000000, 0.00000000, 0.00000000, 0.00000000, -2.03842545, -1.37979007, -1.04316390, 101.51800537, -16.05380058, 40.50000000, 0.00000000
2, 0.9200, 92, 7.39566994, 7.84322119, -0.40354788, -498.10964966, -24.55221176, -1758.73767090, 44.57761002, 4.88161373, 34.22975540, 112.63047028, 32.58839417, 107.20156860, 0.50381273, -0.34869158, -0.73519862, -0.28994808, -6.77887344, 0.61836815, 8.22498131, 0.00000000, 0.00000000, 0.00000000, 0.00000000
2, 0.9300, 93, 8.02093124, 2.99684215, 5.32404852, -58.63375092, -399.61428833, -915.23480225, 44.57761002, 4.88161373, 34.22975540, 106.01736450, 30.55974960, 95.72006989, 0.54551363, -0.39937824, -0.67771512, -0.28916100, -7.44851923, -5.72096729, 3.99855733, 0.00000000, 0.00000000, 0.00000000, 0.00000000
5, 0.9900, 97, -2.21215868, -0.24343893, 1.96307552, -127.87076569, 430.05468750, 176.68653870, -29.81584358, 3.47851491, -107.30780029, 114.30494690, 51.06337738, 6.88431978, 0.51029581, -0.74267280, -0.27887610, 0.33205926, 2.75582957, -2.56144142, -0.70995402, 0.00000000, 0.00000000, 0.00000000, 0.00000000
5, 1.0000, 98, -1.82594645, -0.18979129, 2.35820031, -184.06573486, 510.93695068, 184.09684753, -29.81584358, 3.47851491, -107.30780029, 138.55787659, 43.61914825, 141.63948059, 0.43612516, -0.16114005, -0.86335164, -0.19609402, 2.43431187, -2.89966488, -0.42403367, 0.00000000, 0.00000000, 0.00000000, 0.00000000
5, 1.0100, 99, 0.20405817, 0.66326916, 1.72151339, -254.33103943, 481.36090088, 169.82731628, -28.82198143, 3.24466538, -108.82782745, 137.75279236, 44.93677139, 146.59582520, 0.43716356, -0.11581638, -0.86521292, -0.21652088, 0.81690931, -2.15056157, 1.32369947, 0.00000000, 0.00000000, 0.00000000, 0.00000000
4, 1.0000, 100, 4.01421642, -1.64756560, 1.45161784, -172.17405701, 178.55747986, 28.28656197, -46.85764313, -55.42238998, -82.37357330, 135.21507263, 32.81364822, 67.74617004, 1.00000000, 0.00000000, 0.00000000, 0.00000000, -3.42451859, -2.14032006, -1.08538651, 101.51800537, -16.05380058, 40.50000000, 0.00000000
5, 1.0200, 100, 1.85606182, 1.56662786, 0.16469835, -304.62918091, 282.75234985, 154.35925293, -27.68196487, 5.67085648, -111.07862854, 135.83668518, 44.96017075, 149.46315002, 0.43328404, -0.08681564, -0.86386526, -0.24179503, -0.38100281, -0.54592830, 2.68884945, 0.00000000, 0.00000000, 0.00000000, 0.00000000
5, 1.0300, 101, 1.69016516, 1.22652733, -0.52445889, -247.14634705, -44.99274826, 104.55914307, -28.17889404, 6.66471767, -113.30020142, 133.56149292, 43.26353455, 149.24221802, 0.42384264, -0.08642339, -0.86223382, -0.26351699, -0.39365768, 0.08940886, 2.26038432, 0.00000000, 0.00000000, 0.00000000, 0.00000000
2, 0.9400, 94, 7.40478563, -1.56602538, 5.99383974, 274.73171997, -144.08033752, 8.93721390, 46.03916931, 13.56328583, 31.36509705, 108.68289185, 29.12217712, 95.55575562, 0.53043985, -0.41993588, -0.68086070, -0.28056407, -6.92295980, -6.97421646, -0.45720887, 0.00000000, 0.00000000, 0.00000000, 0.00000000
2, 0.9500, 95, 2.40237856, -3.67650032, 6.85385799, 251.79464722, 200.47998047, 767.38305664, 44.54837799, 13.56328583, 32.18357086, 128.15383911, 40.61076355, 82.31008148, 0.51409703, -0.53525329, -0.66932470, -0.03482373, -1.91177988, -8.01437759, -2.40156603, 0.00000000, 0.00000000, 0.00000000, 0.00000000
2, 0.9600, 96, -3.27302742, -3.30580115, 5.64029360, -99.63949585, 330.30389404, 984.00457764, 44.22683334, 6.51856184, 34.22975540, 135.21693420, 37.66536713, 95.14600372, 0.46354857, -0.49962226, -0.72890705, -0.06476802, 3.86590481, -6.57600021, -2.08967757, 0.00000000, 0.00000000, 0.00000000, 0.00000000
2, 0.9700, 97, -6.15855408, -1.39797390, 4.24814939, -533.87756348, 327.69769287, 571.30834961, 42.29757309, 2.98158431, 33.38205338, 134.67445374, 36.62597275, 103.22056580, 0.45442197, -0.44914314, -0.76183778, -0.10665091, 6.74439335, -4.95068645, -0.36721605, 0.00000000, 0.00000000, 0.00000000, 0.00000000
2, 0.9800, 98, -3.77531600, -0.20011574, 2.88910127, -936.58428955, 275.81048584, 16.99726486, 42.29757309, 2.98158431, 33.38205338, 126.47039795, 38.66302872, 105.20872498, 0.49288896, -0.39324331, -0.75988573, -0.15809509, 4.38957834, -3.49456263, 0.62105322, 0.00000000, 0.00000000, 0.00000000, 0.00000000
2, 0.9900, 99, 0.76653188, 0.64344156, 0.28477603, -1007.53875732, -46.77754211, -186.29676819, 43.40835953, 5.05700064, 31.45279121, 114.85457611, 38.85230637, 102.74286652, 0.53591019, -0.35624701, -0.73263353, -0.22166748, -0.12812388, -0.88076687, 1.06040621, 0.00000000, 0.00000000, 0.00000000, 0.00000000
2, 1.0000, 100, 1.09188223, 1.12614322, -1.23622191, -689.82757568, -215.90327454, -36.89822388, 43.23297119, 10.93247604, 27.76965714, 95.79240417, 33.39982224, 106.78704834, 0.55409920, -0.26910153, -0.68535572, -0.38838890, -0.48040932, 0.60521066, 1.20608938, 0.00000000, 0.00000000, 0.00000000, 0.00000000
4, 1.0100, 101, 2.51262546, -0.42773056, 0.82624972, -245.57086182, 122.12517548, 49.52749252, -46.47763824, -53.40543747, -84.56591797, 133.60940552, 33.47050476, 69.21952057, 1.00000000, 0.00000000, 0.00000000, 0.00000000, -1.94963980, -1.45022941, 0.12197397, 101.51800537, -16.05380058, 40.50000000, 0.00000000
2, 1.0100, 101, 0.14306772, 1.41329336, -1.68102121, -336.04760742, -228.92605591, 147.56027222, 41.44986725, 13.97252274, 25.60654831, 93.45059967, 31.14812469, 108.65433502, 0.54387206, -0.25948229, -0.67707026, -0.42243123, 0.40168834, 0.99728727, 1.25444436, 0.00000000, 0.00000000, 0.00000000, 0.00000000
5, 1.0400, 102, 0.12986188, 0.51288044, -0.29216197, -188.28218079, -177.91510010, 82.06391144, -30.04969215, 8.00935364, -114.44022369, 131.70835876, 40.92030334, 148.05276489, 0.41212618, -0.09780745, -0.86128157, -0.28067774, 0.74052417, -0.22536138, 1.00636196, 0.00000000, 0.00000000, 0.00000000, 0.00000000
5, 1.0500, 103, -1.35490632, 0.28305516, -0.32468075, -172.90942383, -201.03948975, 47.24630737, -30.04969215, 8.00935364, -114.44022369, 141.15638733, 35.08320999, 95.68767548, 0.42351231, -0.52923298, -0.73388708, -0.04426697, 1.97194350, -0.22221997, 0.24503298, 0.00000000, 0.00000000, 0.00000000, 0.00000000
5, 1.0600, 104, -2.24890804, 0.17903897, -0.35386193, -159.06947327, -170.00917053, -9.64077950, -31.68664169, 7.48319197, -114.84945679, 139.21769714, 33.66925430, 93.65978241, 0.42615092, -0.54021627, -0.72336400, -0.05750164, 2.69082403, -0.16787684, -0.10573935, 0.00000000, 0.00000000, 0.00000000, 0.00000000
2, 1.0200, 102, -0.74546891, 0.67246145, -1.29311025, -87.71573639, -210.00700378, 255.54698181, 40.13446426, 13.44636059, 24.78807259, 94.15078735, 29.19543839, 111.75060272, 0.52249879, -0.25544068, -0.68289310, -0.44204313, 1.25074124, 0.50180650, 0.55340981, 0.00000000, 0.00000000, 0.00000000, 0.00000000
2, 1.0300, 103, -1.88401616, -0.69460797, -0.74875700, -21.81007385, -182.59072876, 278.02026367, 40.13446426, 13.44636059, 24.78807259, 95.48776245, 27.47916603, 114.98937225, 0.49926990, -0.25166529, -0.69216055, -0.45640767, 2.34446955, -0.22215234, -0.72941685, 0.00000000, 0.00000000, 0.00000000, 0.00000000
2, 1.0400, 104, -2.10194778, -1.32367778, -0.44368714, -91.16833496, -105.28779602, 255.00047302, 38.05904770, 12.24788094, 23.91113663, 95.89246368, 26.47529984, 117.87566376, 0.48207489, -0.24154486, -0.69828606, -0.47080404, 2.53460860, -0.61229336, -1.30503654, 0.00000000, 0.00000000, 0.00000000, 0.00000000
5, 1.0700, 105, -2.23702550, 0.19602442, -0.25406247, -145.80541992, -69.69453430, -48.58737183, -32.56357574, 9.44168377, -115.87255096, 137.35760498, 33.17279816, 92.19812012, 0.43323994, -0.54428977, -0.71526521, -0.06668977, 2.67693043, -0.29235137, -0.09128447, 0.00000000, 0.00000000, 0.00000000, 0.00000000
4, 1.0200, 102, 0.97707677, 0.05121497, 0.46412522, -170.93624878, -80.64878845, 7.97902679, -46.88687515, -54.10698700, -85.50131226, 131.61009216, 32.83410263, 68.73603058, 1.00000000, 0.00000000, 0.00000000, 0.00000000, -0.43248370, -1.07847762, 0.61106652, 101.51800537, -16.05380058, 40.50000000, 0.00000000
4, 1.0300, 103, -0.58496189, -0.25939354, 0.85520613, -158.78451538, -119.19943237, -6.77106953, -46.88687515, -54.10698700, -85.50131226, 129.51466370, 31.96532440, 67.86205292, 1.00000000, 0.00000000, 0.00000000, 0.00000000, 1.12530398, -1.51451039, 0.36036116, 101.51800537, -16.05380058, 40.50000000, 0.00000000
5, 1.0800, 106, -1.61018109, 0.39284441, -0.24579288, -152.84243774, 148.35955811, -38.13018036, -31.48202324, 8.15550995, -116.72025299, 135.51817322, 34.03143311, 92.44426727, 0.44597855, -0.53238314, -0.71568602, -0.07392573, 2.18254614, -0.30515665, 0.31507352, 0.00000000, 0.00000000, 0.00000000, 0.00000000
2, 1.0500, 105, -1.98157072, -0.86252910, -0.37376201, -192.49560547, -35.49816895, 214.44461060, 37.32826614, 11.34171295, 22.50803757, 92.77626038, 11.45747566, 142.52177429, 0.28892934, -0.16623759, -0.70434380, -0.62672544, 2.35114384, -0.65042931, -0.85049003, 0.00000000, 0.00000000, 0.00000000, 0.00000000
2, 1.0600, 106, -2.10027504, 0.05317672, -0.45083445, -270.86636353, 40.43422318, 131.40055847, 36.83133698, 11.28325081, 22.24495697, 90.31980133, 11.94686127, 143.81283569, 0.28794637, -0.14927025, -0.69314396, -0.64370555, 2.30261922, -0.52498502, -0.00822820, 0.00000000, 0.00000000, 0.00000000, 0.00000000
2, 1.0700, 107, -1.68042791, 0.46790275, -0.65746844, -313.43313599, 134.52799988, 37.19116974, 37.12364578, 12.92019844, 22.36188316, 87.20325470, 13.28544235, 143.98722839, 0.29821849, -0.13208723, -0.67735451, -0.65940094, 1.90542817, -0.26443711, 0.33397907, 0.00000000, 0.00000000, 0.00000000, 0.00000000
2, 1.0800, 108, -1.10047758, 0.67633760, -0.88598287, -331.50265503, 161.34143066, -57.18369293, 37.12364578, 12.92019844, 22.36188316, 83.64696503, 14.70314884, 143.07751465, 0.31497449, -0.11898032, -0.65751660, -0.67402279, 1.35293567, -0.00243391, 0.46204242, 0.00000000, 0.00000000, 0.00000000, 0.00000000
2, 1.0900, 109, -0.53020114, 0.76843435, -1.07971501, -305.25433350, 125.88857269, -96.70201111, 38.52674484, 14.38175964, 22.80035019, 80.23856354, 15.62411785, 141.77642822, 0.33080959, -0.11080781, -0.63724464, -0.68717241, 0.80263269, 0.21315788, 0.47858185, 0.00000000, 0.00000000, 0.00000000, 0.00000000
2, 1.1000, 110, -0.14878233, 0.73062640, -1.22711587, -243.17227173, 67.63745880, -98.63435364, 38.70213318, 17.50950050, 23.32651329, 74.73471832, 11.99838638, 144.12525940, 0.30377695, -0.10686845, -0.59984219, -0.73245353, 0.41287836, 0.36480150, 0.36561310, 0.00000000, 0.00000000, 0.00000000, 0.00000000
4, 1.0400, 104, -1.94827402, -0.16673130, 0.63113648, -186.50613403, -62.13050079, -28.42872047, -47.73458099, -51.91464615, -86.78749084, 128.74113464, 21.23406792, 75.06528473, 1.00000000, 0.00000000, 0.00000000, 0.00000000, 2.43674707, -1.32148290, 0.48041445, 101.51800537, -16.05380058, 40.50000000, 0.00000000
4, 1.0500, 105, -1.90979040, 0.31419224, 0.15081733, -230.09973145, -32.80125427, -61.54191971, -47.35457230, -51.71002579, -87.92750549, 126.17700958, 21.36671448, 74.37084961, 1.00000000, 0.00000000, 0.00000000, 0.00000000, 2.26104975, -0.87346286, 0.95017791, 101.51800537, -16.05380058, 40.50000000, 0.00000000
4, 1.0600, 106, -0.97966951, 0.54900771, -0.23379731, -253.99697876, -60.36043167, -82.12243652, -47.55919266, -50.16077042, -89.21367645, 123.23871613, 21.34584236, 73.33541870, 1.00000000, 0.00000000, 0.00000000, 0.00000000, 1.32588029, -0.50167769, 1.09150743, 101.51800537, -16.05380058, 40.50000000, 0.00000000
4, 1.0700, 107, -0.69853300, 0.38129681, -0.25020322, -216.36108398, -89.25245667, -38.14182281, -47.29611206, -48.96229172, -90.73370361, 120.76711273, 20.80647278, 72.56314850, 1.00000000, 0.00000000, 0.00000000, 0.00000000, 1.04471397, -0.52142680, 0.87817109, 101.51800537, -16.05380058, 40.50000000, 0.00000000
4, 1.0800, 108, -0.60261077, 0.26144892, -0.09522720, -172.84690857, -59.89969635, -15.12303162, -47.29611206, -48.96229172, -90.73370361, 118.87918091, 20.38780785, 72.16510773, 1.00000000, 0.00000000, 0.00000000, 0.00000000, 0.94405031, -0.70363891, 0.73718750, 101.51800537, -16.05380058, 40.50000000, 0.00000000
4, 1.0900, 109, -0.43178543, 0.03358257, -0.03734521, -148.66514587, -2.99093127, -11.53202438, -48.02689362, -48.11458588, -91.55217743, 117.95340729, 8.47786713, 71.47351074, 1.00000000, 0.00000000, 0.00000000, 0.00000000, 0.72832769, -0.79934895, 0.49281159, 101.51800537, -16.05380058, 40.50000000, 0.00000000
5, 1.0900, 107, -0.91569525, 0.59863698, -0.14614560, -162.92234802, 293.09622192, -1.19985282, -30.80970383, 10.96170712, -118.06489563, 133.77467346, 35.63582993, 94.02188110, 0.46068206, -0.50918627, -0.72240198, -0.08146727, 1.64627135, -0.40004081, 0.75487274, 0.00000000, 0.00000000, 0.00000000, 0.00000000
5, 1.1000, 108, -0.44174963, 0.72518373, -0.09010570, -170.81777954, 366.98632812, 20.34365845, -30.80970383, 10.96170712, -118.06489563, 121.91547394, 31.97043610, 97.42910004, 0.48883948, -0.45408428, -0.71975505, -0.19182324, 1.26756239, -0.48330528, 1.00912356, 0.00000000, 0.00000000, 0.00000000, 0.00000000
5, 1.1100, 109, -0.12226386, 0.72722554, 0.01852809, -169.95391846, 378.98220825, 12.04833031, -28.61736298, 11.83864307, -119.11721802, 119.73791504, 34.45597458, 99.02359772, 0.50612420, -0.42329189, -0.72479570, -0.19832709, 0.94971669, -0.68867970, 1.04454362, 0.00000000, 0.00000000, 0.00000000, 0.00000000
2, 1.1100, 111, -0.12745278, 0.50511277, -1.16911054, -162.69894409, 11.29173660, -80.08403015, 39.37445068, 18.73721123, 23.06343079, 72.94450378, 11.76503944, 143.33503723, 0.30942756, -0.10774998, -0.58721519, -0.74015063, 0.33792609, 0.28434789, 0.07704054, 0.00000000, 0.00000000, 0.00000000, 0.00000000
2, 1.1200, 112, -0.36033660, 0.25903890, -0.88377964, -84.38459778, -16.65631676, -54.16732788, 39.37445068, 18.73721123, 23.06343079, 72.01780701, 11.37715435, 142.90715027, 0.31127864, -0.11006014, -0.58013713, -0.74460280, 0.56191003, -0.02436909, -0.15532140, 0.00000000, 0.00000000, 0.00000000, 0.00000000
2, 1.1300, 113, -0.68825680, 0.13690652, -0.65879542, -14.61913586, -9.62045193, -27.72877312, 38.73136520, 18.56182289, 23.03420067, 71.83168030, 11.17001247, 142.69390869, 0.31189013, -0.11204533, -0.57835478, -0.74543691, 0.88354808, -0.26133436, -0.26061994, 0.00000000, 0.00000000, 0.00000000, 0.00000000
2, 1.1400, 114, -0.87969625, 0.14632894, -0.38212299, 59.40543365, 33.10147858, -12.60810089, 39.11137009, 20.37415886, 23.23881912, 72.37053680, 11.42374611, 142.43234253, 0.31422922, -0.11311331, -0.58204395, -0.74141097, 1.07657099, -0.53592944, -0.21490245, 0.00000000, 0.00000000, 0.00000000, 0.00000000
2, 1.1500, 115, -0.83317488, 0.37858453, -0.22090831, 134.01968384, 82.33737183, -4.02354193, 40.19292450, 17.80181122, 23.88190651, 70.56711578, 0.78955394, 139.31275940, 0.28751278, -0.19553234, -0.54353613, -0.76398438, 0.99399263, -0.67135227, 0.03852002, 0.00000000, 0.00000000, 0.00000000, 0.00000000
2, 1.1600, 116, -0.78255904, 0.72695839, -0.32722485, 196.64973450, 112.89691925, -1.27998364, 40.16369629, 18.70797920, 24.43729782, 72.50737762, 1.82601583, 138.80479431, 0.29248080, -0.19598815, -0.55800831, -0.75144553, 0.81638271, -0.53434163, 0.35742173, 0.00000000, 0.00000000, 0.00000000, 0.00000000
2, 1.1700, 117, -0.67586803, 1.09940255, -0.47824168, 224.60940552, 99.80228424, 2.91336131, 40.16369629, 18.70797920, 24.43729782, 74.72516632, 2.77998996, 138.42366028, 0.29576936, -0.19729368, -0.57402557, -0.73762482, 0.73179692, -0.34858024, 0.74512190, 0.00000000, 0.00000000, 0.00000000, 0.00000000
5, 1.1200, 110, 0.17726089, 0.61285090, 0.15869723, -164.26290894, 363.42712402, -17.94387054, -26.51271439, 12.42326832, -120.25723267, 117.46662903, 37.00744247, 100.15258789, 0.52391028, -0.39387476, -0.72733933, -0.20336725, 0.66932738, -0.82976574, 1.02532589, 0.00000000, 0.00000000, 0.00000000, 0.00000000
5, 1.1300, 111, 0.51973605, 0.49144354, 0.17654638, -163.03179932, 337.22912598, -67.74467468, -24.40806770, 13.41712952, -121.04647827, 114.86689758, 39.56748581, 100.48394775, 0.54322380, -0.36711568, -0.72615898, -0.20694734, 0.34286019, -0.84680051, 1.00671542, 0.00000000, 0.00000000, 0.00000000, 0.00000000
5, 1.1400, 112, 0.81898063, 0.45772725, 0.07089448, -174.60308838, 292.86270142, -132.25706482, -21.83572006, 14.23560333, -121.77725983, 111.60312653, 41.92831039, 99.65314484, 0.56469804, -0.34458634, -0.71987349, -0.21013930, 0.08445856, -0.73524404, 1.03895628, 0.00000000, 0.00000000, 0.00000000, 0.00000000
5, 1.1500, 113, 1.01852894, 0.48534271, -0.15136547, -191.97080994, 245.38906860, -197.10269165, -19.76030350, 15.34638977, -122.36187744, 94.12804413, 48.82245636, 86.04891205, 0.65991443, -0.29529047, -0.66068214, -0.20202896, -0.05130219, -0.49799880, 1.03217423, 0.00000000, 0.00000000, 0.00000000, 0.00000000
4, 1.1000, 110, -0.45225421, -0.14564170, -0.00742617, -157.68678284, 72.20513153, -9.05773354, -47.96842957, -47.44226837, -92.80912018, 116.43739319, 9.22318172, 71.70578003, 1.00000000, 0.00000000, 0.00000000, 0.00000000, 0.61121303, -0.88168156, 0.31837377, 101.51800537, -16.05380058, 40.50000000, 0.00000000
4, 1.1100, 111, -0.50178987, -0.27712166, -0.01600629, -186.74972534, 176.37506104, -20.87484360, -47.12072372, -46.79918289, -94.15375519, 114.71754456, 10.99250126, 72.20697784, 1.00000000, 0.00000000, 0.00000000, 0.00000000, 0.68867469, -0.89008135, 0.16123793, 101.51800537, -16.05380058, 40.50000000, 0.00000000
4, 1.1200, 112, -0.43300599, -0.22325450, -0.06293493, -211.34883118, 272.21554565, -47.47539902, -45.98070526, -45.24992752, -94.91376495, 112.80970764, 13.77429199, 72.74214935, 1.00000000, 0.00000000, 0.00000000, 0.00000000, 0.65954548, -0.84524417, 0.17771672, 101.51800537, -16.05380058, 40.50000000, 0.00000000
2, 1.1800, 118, -0.64811319, 1.40473592, -0.61303550, 242.00613403, 62.22444916, 12.54236698, 40.92370605, 17.04179955, 25.40192986, 77.13063049, 3.43492174, 138.30628967, 0.29559124, -0.19985288, -0.59067261, -0.72373372, 0.72135067, -0.18677194, 1.07128549, 0.00000000, 0.00000000, 0.00000000, 0.00000000
4, 1.1300, 113, -0.34063622, -0.05835596, -0.20994434, -229.11102295, 340.44705200, -92.07182312, -45.98070526, -45.24992752, -94.91376495, 110.69116211, 17.36501694, 72.96697998, 1.00000000, 0.00000000, 0.00000000, 0.00000000, 0.61779070, -0.68838376, 0.29271442, 101.51800537, -16.05380058, 40.50000000, 0.00000000
4, 1.1400, 114, -0.22041650, 0.03849154, -0.38603729, -229.37130737, 391.01577759, -120.28353882, -42.99912262, -43.87606049, -96.08301544, 102.06761932, 14.49980545, 79.56949615, 1.00000000, 0.00000000, 0.00000000, 0.00000000, 0.53141278, -0.51537091, 0.31001890, 101.51800537, -16.05380058, 40.50000000, 0.00000000
4, 1.1500, 115, -0.02073495, 0.21848950, -0.48193467, -218.02526855, 420.59057617, -133.78970337, -39.95907593, -42.61911774, -96.84302521, 99.79480743, 18.91256142, 78.76359558, 1.00000000, 0.00000000, 0.00000000, 0.00000000, 0.31071445, -0.44387445, 0.36555094, 101.51800537, -16.05380058, 40.50000000, 0.00000000
4, 1.1600, 116, 0.23638460, 0.56544876, -0.51085711, -209.04521179, 437.95394897, -134.52050781, -36.30517197, -41.04063034, -97.25226593, 97.48516846, 23.46166229, 77.75618744, 1.00000000, 0.00000000, 0.00000000, 0.00000000, 0.11622901, -0.37401533, 0.65976870, 101.51800537, -16.05380058, 40.50000000, 0.00000000
4, 1.1700, 117, 0.63994491, 0.97637957, -0.52824742, -197.81207275, 441.68643188, -134.65872192, -36.30517197, -41.04063034, -97.25226593, 95.11074829, 28.00204849, 76.50792694, 1.00000000, 0.00000000, 0.00000000, 0.00000000, -0.22829154, -0.30398577, 1.01379848, 101.51800537, -16.05380058, 40.50000000, 0.00000000
4, 1.1800, 118, 1.10302806, 1.36687243, -0.42918837, -183.31567383, 419.21633911, -139.65550232, -33.23589706, -39.49137497, -96.95995331, 92.62097931, 32.26146317, 74.92771149, 1.00000000, 0.00000000, 0.00000000, 0.00000000, -0.63718313, -0.34561437, 1.35361302, 101.51800537, -16.05380058, 40.50000000, 0.00000000
5, 1.1600, 114, 1.08520401, 0.61940503, -0.23731627, -203.06072998, 178.58963013, -256.28463745, -19.76030350, 15.34638977, -122.36187744, 88.54695129, 49.57070923, 81.98556519, 0.68262863, -0.28147256, -0.64230108, -0.20552543, -0.00296294, -0.37352723, 0.98767555, 0.00000000, 0.00000000, 0.00000000, 0.00000000
5, 1.1700, 115, 0.95811504, 0.76347494, -0.24588972, -205.51422119, 97.25788116, -297.43295288, -16.74948883, 16.86641312, -123.15112305, 82.83032990, 49.24837112, 77.35360718, 0.70446825, -0.27419433, -0.61974281, -0.21085753, 0.17109960, -0.35191354, 1.00466681, 0.00000000, 0.00000000, 0.00000000, 0.00000000
5, 1.1800, 116, 0.65287066, 1.02703905, -0.21044500, -205.19993591, 22.62661743, -317.65322876, -16.10640144, 18.70797920, -123.70652008, 77.52883148, 47.92637634, 72.81597137, 0.72437775, -0.27251166, -0.59446228, -0.21824060, 0.54488164, -0.37409103, 1.06493545, 0.00000000, 0.00000000, 0.00000000, 0.00000000
5, 1.1900, 117, 0.33108631, 1.44632077, -0.13523217, -205.54875183, -25.70145607, -327.35345459, -14.84945869, 20.34492874, -124.08652496, 72.80196381, 45.89485550, 68.68405914, 0.74251127, -0.27418017, -0.56739181, -0.22708787, 0.98591322, -0.43097368, 1.26620746, 0.00000000, 0.00000000, 0.00000000, 0.00000000
5, 1.2000, 118, 0.07424580, 2.08007288, -0.03837002, -209.16091919, -38.05267334, -337.29382324, -14.20637226, 22.77112007, -125.51885223, 56.23891449, 35.93338394, 54.86094284, 0.81160879, -0.27259496, -0.44800019, -0.25744730, 1.41924858, -0.49644729, 1.64655733, 0.00000000, 0.00000000, 0.00000000, 0.00000000
4, 1.1900, 119, 1.50035298, 1.50968087, -0.35584140, -172.97973633, 383.69046021, -153.94494629, -29.08506203, -37.94212341, -96.57994843, 80.37874603, 41.22205734, 67.31834412, 1.00000000, 0.00000000, 0.00000000, 0.00000000, -0.96304458, -0.35733935, 1.41585386, 101.51800537, -16.05380058, 40.50000000, 0.00000000
4, 1.2000, 120, 1.77002287, 1.36107922, -0.41540802, -155.99002075, 324.48648071, -177.42973328, -26.80502701, -36.45132828, -95.79070282, 76.56357574, 43.94506454, 63.83493042, 1.00000000, 0.00000000, 0.00000000, 0.00000000, -1.13207388, -0.21705300, 1.12092149, 101.51800537, -16.05380058, 40.50000000, 0.00000000
4, 1.2100, 121, 1.81139624, 1.13905871, -0.33997059, -163.54206848, 246.17385864, -212.79406738, -23.76498032, -34.31745148, -95.00145721, 72.19430542, 45.62639236, 59.84811783, 1.00000000, 0.00000000, 0.00000000, 0.00000000, -1.13997209, -0.26893073, 0.85840714, 101.51800537, -16.05380058, 40.50000000, 0.00000000
2, 1.1900, 119, -0.71260583, 1.64485812, -0.68350661, 250.08261108, 16.23602867, 26.10517883, 41.53756332, 16.25255775, 26.62964058, 79.64058685, 3.70344734, 138.49378967, 0.29136285, -0.20358773, -0.60731244, -0.71051490, 0.79604363, -0.09595905, 1.34214604, 0.00000000, 0.00000000, 0.00000000, 0.00000000
5, 1.2100, 119, -0.08981957, 2.79011130, 0.05878567, -209.29385376, -12.85307693, -359.19497681, -14.20637226, 22.77112007, -125.51885223, 52.91878891, 32.91808319, 52.13971329, 0.82669288, -0.27235964, -0.41563073, -0.26391333, 1.73613894, -0.54747379, 2.04433393, 0.00000000, 0.00000000, 0.00000000, 0.00000000
4, 1.2200, 122, 1.74900687, 1.14904964, -0.34331292, -193.53897095, 174.52189636, -255.47676086, -23.76498032, -34.31745148, -95.00145721, 67.14427185, 46.25110245, 55.44423676, 1.00000000, 0.00000000, 0.00000000, 0.00000000, -1.06548429, -0.23431490, 0.81874788, 101.51800537, -16.05380058, 40.50000000, 0.00000000
4, 1.2300, 123, 1.66524351, 1.30145931, -0.41601646, -220.61791992, 120.33349609, -302.70190430, -22.85881233, -32.35895920, -95.11838531, 61.58496094, 45.89413452, 50.74466705, 1.00000000, 0.00000000, 0.00000000, 0.00000000, -0.98676169, -0.12619856, 0.90930569, 101.51800537, -16.05380058, 40.50000000, 0.00000000
4, 1.2400, 124, 1.65119553, 1.48865187, -0.59476471, -233.87762451, 92.75379944, -334.83599854, -21.66033363, -29.31891251, -95.32300568, 50.77758789, 45.55061722, 43.64842987, 1.00000000, 0.00000000, 0.00000000, 0.00000000, -0.98659825, 0.09952694, 1.00880241, 101.51800537, -16.05380058, 40.50000000, 0.00000000
4, 1.2500, 125, 1.61625624, 1.61999309, -0.76081771, -235.71263123, 82.71017456, -335.81756592, -20.78339577, -26.10347748, -94.94300079, 45.47486115, 43.79895020, 39.43000412, 1.00000000, 0.00000000, 0.00000000, 0.00000000, -0.96774483, 0.33375782, 1.03205705, 101.51800537, -16.05380058, 40.50000000, 0.00000000
2, 1.2000, 120, -0.86243242, 1.84650648, -0.67907757, 253.43795776, -19.78397369, 43.22698593, 41.88833618, 13.68021011, 26.65887070, 69.62415314, -0.38412261, 150.82463074, 0.20493273, -0.14644715, -0.55178666, -0.79503918, 0.93193686, -0.07010908, 1.53123212, 0.00000000, 0.00000000, 0.00000000, 0.00000000
4, 1.2600, 126, 1.29910314, 1.71980608, -0.93968743, -225.97959900, 96.02380371, -315.97821045, -20.49108505, -22.71265602, -93.97837067, 40.63174438, 42.02383041, 35.59617233, 1.00000000, 0.00000000, 0.00000000, 0.00000000, -0.67641181, 0.54787397, 1.07153189, 101.51800537, -16.05380058, 40.50000000, 0.00000000
4, 1.2700, 127, 0.92468870, 1.61957002, -0.99930650, -218.25421143, 128.62586975, -302.16500854, -20.49108505, -22.71265602, -93.97837067, 36.00532913, 40.32018280, 31.82558823, 1.00000000, 0.00000000, 0.00000000, 0.00000000, -0.32117611, 0.63507521, 0.92578202, 101.51800537, -16.05380058, 40.50000000, 0.00000000
2, 1.2100, 121, -1.01421833, 2.04503751, -0.66116887, 257.33319092, -39.48564911, 68.60988617, 41.30371094, 12.04326248, 27.00964546, 72.19586945, -0.40449321, 151.60366821, 0.19616902, -0.14727314, -0.57046670, -0.78383428, 1.03254688, -0.03657167, 1.61194265, 0.00000000, 0.00000000, 0.00000000, 0.00000000
4, 1.2800, 128, 0.71701545, 1.66200864, -0.79175216, -228.84664917, 159.27186584, -293.43835449, -19.40952873, -20.63723946, -93.80297852, 31.36454010, 38.62517548, 28.04759598, 1.00000000, 0.00000000, 0.00000000, 0.00000000, -0.13819203, 0.46947277, 0.93673337, 101.51800537, -16.05380058, 40.50000000, 0.00000000
4, 1.2900, 129, 0.43545172, 1.93722963, -0.78609955, -248.78733826, 192.54464722, -286.19046021, -19.00029182, -16.48640823, -91.93218231, 26.42891121, 31.80911636, 22.88675117, 1.00000000, 0.00000000, 0.00000000, 0.00000000, 0.09243876, 0.52204490, 1.16075301, 101.51800537, -16.05380058, 40.50000000, 0.00000000
4, 1.3000, 130, 0.13673444, 2.23133850, -0.82980734, -253.16558838, 191.87901306, -299.16082764, -19.08798599, -13.65097904, -90.79216766, 22.20877266, 29.72868156, 19.47459412, 1.00000000, 0.00000000, 0.00000000, 0.00000000, 0.29811126, 0.61831057, 1.38233757, 101.51800537, -16.05380058, 40.50000000, 0.00000000
5, 1.2200, 120, 0.04981225, 2.74644065, -0.00292128, -211.76318359, 37.92435455, -400.66427612, -13.32943535, 24.84653664, -125.43115997, 49.29391479, 29.82773399, 49.00328064, 0.84369934, -0.26967862, -0.37997717, -0.26657504, 1.54407072, -0.48023358, 1.99730313, 0.00000000, 0.00000000, 0.00000000, 0.00000000
5, 1.2300, 121, 0.52110189, 2.60389113, -0.13407549, -252.72274780, 95.43691254, -447.05648804, -11.86787510, 27.68196487, -125.95732117, 45.07300949, 26.47179985, 45.53446579, 0.86300600, -0.26218218, -0.33938068, -0.26702419, 1.00216901, -0.33936134, 1.97960973, 0.00000000, 0.00000000, 0.00000000, 0.00000000
5, 1.2400, 122, 1.06250930, 3.20209336, -0.40241465, -297.50564575, 121.31526947, -490.17550659, -10.93247604, 31.24817276, -125.78193665, 40.56002808, 22.58778381, 42.10392380, 0.88283449, -0.25122198, -0.29353589, -0.26707220, 0.67385739, -0.00213245, 2.65610623, 0.00000000, 0.00000000, 0.00000000, 0.00000000
4, 1.3100, 131, 0.17141260, 2.40032840, -0.86091554, -269.99566650, 160.20812988, -329.33859253, -19.08798599, -13.65097904, -89.00906372, 18.16805077, 27.06575775, 16.56093597, 1.00000000, 0.00000000, 0.00000000, 0.00000000, 0.22067325, 0.71007752, 1.50536668, 101.51800537, -16.05380058, 40.50000000, 0.00000000
4, 1.3200, 132, 0.53884017, 2.46034384, -0.87564355, -278.51391602, 133.23129272, -355.38638306, -18.59105492, -10.43554497, -89.00906372, 14.38431549, 23.91939735, 14.15529537, 1.00000000, 0.00000000, 0.00000000, 0.00000000, -0.19486409, 0.77915549, 1.51139140, 101.51800537, -16.05380058, 40.50000000, 0.00000000
5, 1.2500, 123, 1.39170957, 3.78720665, -0.57919389, -303.55447388, 96.98381042, -540.54028320, -9.58784008, 34.60976410, -126.01578522, 31.41884995, 14.27858067, 39.47618866, 0.91042769, -0.21246997, -0.20334232, -0.29091236, 0.50940621, 0.26249307, 3.22972107, 0.00000000, 0.00000000, 0.00000000, 0.00000000
2, 1.2200, 122, -1.15454733, 2.35891294, -0.72523630, 266.29330444, -49.61936188, 97.45905304, 41.30371094, 12.04326248, 27.00964546, 74.85558319, -0.43643132, 152.68528748, 0.18525340, -0.14643964, -0.58985806, -0.77220726, 1.17646837, 0.05229186, 1.95718646, 0.00000000, 0.00000000, 0.00000000, 0.00000000
4, 1.3300, 133, 0.95116591, 2.72334886, -0.38775608, -197.94946289, 187.49104309, -379.05444336, -18.29874229, -7.68781042, -87.43057251, 11.43613338, 20.49007607, 11.42972660, 1.00000000, 0.00000000, 0.00000000, 0.00000000, -0.67067188, 0.35478491, 1.75400329, 101.51800537, -16.05380058, 40.50000000, 0.00000000
5, 1.2600, 124, 1.27674019, 4.08890486, -0.62028313, -304.05789185, 86.25812531, -544.48748779, -9.58784008, 34.60976410, -126.01578522, 27.98919678, 9.14955997, 37.34477997, 0.92249233, -0.20359388, -0.15049604, -0.29139084, 0.60206258, 0.40735722, 3.36071014, 0.00000000, 0.00000000, 0.00000000, 0.00000000
5, 1.2700, 125, 1.10470629, 4.27475023, -0.62678766, -309.09051514, 84.64422607, -525.35839844, -9.50014591, 37.97135162, -125.78193665, 24.75235939, 4.07040501, 35.65333176, 0.93160790, -0.19329052, -0.09859572, -0.29158935, 0.74488074, 0.47023562, 3.42541075, 0.00000000, 0.00000000, 0.00000000, 0.00000000
5, 1.2800, 126, 0.95807552, 4.22804785, -0.67163450, -313.39385986, 102.33087158, -498.80328369, -9.52937698, 42.64834976, -125.81116486, 21.55601311, -0.79984987, 34.21092987, 0.93849772, -0.18074451, -0.04844896, -0.29018316, 0.77398455, 0.56055367, 3.29451036, 0.00000000, 0.00000000, 0.00000000, 0.00000000
5, 1.2900, 127, 0.83801001, 3.99896669, -0.71106851, -304.55197144, 135.11048889, -475.98150635, -9.20783424, 44.98684692, -124.78807068, 18.42632103, -5.42936659, 32.78058243, 0.94378310, -0.16662127, -0.00027681, -0.28550091, 0.71149009, 0.63686669, 3.01668692, 0.00000000, 0.00000000, 0.00000000, 0.00000000
5, 1.3000, 128, 0.65026814, 3.65388584, -0.67032611, -295.14083862, 165.26570129, -451.72229004, -9.79245853, 46.91610718, -123.99883270, 15.20163155, -10.60246181, 31.28116989, 0.94713342, -0.15151811, 0.05268127, -0.27785829, 0.66900647, 0.62779564, 2.62025881, 0.00000000, 0.00000000, 0.00000000, 0.00000000
5, 1.3100, 129, 0.33338270, 3.42702103, -0.61114442, -282.63101196, 187.68196106, -427.54684448, -9.79245853, 46.91610718, -123.99883270, 12.28938770, -14.78104019, 29.85714722, 0.94916844, -0.13551457, 0.09622991, -0.26731068, 0.79030973, 0.60914010, 2.29276323, 0.00000000, 0.00000000, 0.00000000, 0.00000000
4, 1.3400, 134, 0.33728093, 2.44887686, 0.23718508, 26.25620651, 329.24682617, -353.18716431, -19.20491028, -4.26775789, -85.76439667, 7.60059023, 14.35109138, 8.63097191, 1.00000000, 0.00000000, 0.00000000, 0.00000000, -0.11518431, -0.25096142, 1.50895870, 101.51800537, -16.05380058, 40.50000000, 0.00000000
2, 1.2300, 123, -1.11616802, 2.85828733, -0.87711191, 258.70532227, -77.61499786, 112.62615204, 41.15755463, 9.47091484, 27.56503868, 77.43791199, -0.72597218, 154.00529480, 0.17161265, -0.14549260, -0.60835165, -0.76111066, 1.14135349, 0.25325334, 2.47887611, 0.00000000, 0.00000000, 0.00000000, 0.00000000
2, 1.2400, 124, -0.91877413, 3.49283314, -1.12890649, 213.02922058, -131.76895142, 89.11292267, 39.84215164, 8.38935947, 27.94504547, 79.55911255, -1.66335940, 155.26200867, 0.15553179, -0.14793895, -0.62252837, -0.75258380, 0.94033808, 0.57343715, 3.11937118, 0.00000000, 0.00000000, 0.00000000, 0.00000000
2, 1.2500, 125, -0.60460794, 4.23545074, -1.41316009, 120.82523346, -233.76481628, -2.67737532, 38.76059723, 7.01549244, 27.68196487, 69.81479645, -3.05382204, 163.07101440, 0.10558780, -0.10581796, -0.56260061, -0.81310165, 0.60902154, 0.95581317, 3.80585814, 0.00000000, 0.00000000, 0.00000000, 0.00000000
2, 1.2600, 126, -0.27942628, 4.64558554, -1.59186614, 23.73862267, -334.99856567, -148.81365967, 38.20520401, 6.89856768, 26.57117844, 70.08640289, -6.71027136, 163.27117920, 0.08564710, -0.13078983, -0.56014204, -0.81351060, 0.24609531, 1.22072434, 4.06830406, 0.00000000, 0.00000000, 0.00000000, 0.00000000
5, 1.3200, 130, -0.00638601, 3.41191220, -0.46076608, -273.59268188, 183.28239441, -406.29730225, -9.41245270, 53.40543747, -121.74802399, 9.50459003, -18.81044769, 28.65938759, 0.94922626, -0.11949801, 0.13755794, -0.25645208, 1.03205132, 0.50855124, 2.16313696, 0.00000000, 0.00000000, 0.00000000, 0.00000000
5, 1.3300, 131, -0.16501565, 3.53006244, -0.32948586, -262.35610962, 169.26034546, -391.19381714, -10.49400711, 56.91318130, -120.16954041, 6.85253239, -22.74206161, 27.74375534, 0.94725150, -0.10406731, 0.17702186, -0.24606475, 1.16233754, 0.43283063, 2.23268342, 0.00000000, 0.00000000, 0.00000000, 0.00000000
4, 1.3500, 135, -0.14020966, 1.65929639, 0.44200411, 115.83711243, 314.43554688, -355.48617554, -19.61414719, -1.87079799, -83.86436462, 8.09300709, 11.03670025, 5.18224192, 1.00000000, 0.00000000, 0.00000000, 0.00000000, 0.29662016, -0.47345114, 0.71951175, 101.51800537, -16.05380058, 40.50000000, 0.00000000
4, 1.3600, 136, 0.04505620, 1.44632530, 0.53276151, 36.05748749, 223.71752930, -377.72991943, -19.61414719, -1.87079799, -83.86436462, 8.10787201, 7.45036888, 2.62690115, 1.00000000, 0.00000000, 0.00000000, 0.00000000, 0.05803183, -0.58300078, 0.49585485, 101.51800537, -16.05380058, 40.50000000, 0.00000000
4, 1.3700, 137, 0.12873633, 2.04084229, 0.05959325, -24.99044228, 134.02252197, -393.63928223, -20.69570351, 0.64308679, -83.22128296, 7.73138475, 3.62891841, 0.97497630, 1.00000000, 0.00000000, 0.00000000, 0.00000000, -0.10902610, -0.06995710, 1.04855251, 101.51800537, -16.05380058, 40.50000000, 0.00000000
2, 1.2700, 127, 0.08161204, 4.58304167, -1.70883679, -108.94150543, -435.54953003, -321.64840698, 38.20520401, 6.89856768, 26.57117844, 69.20370483, -12.07123280, 162.41395569, 0.06612135, -0.17185770, -0.54485488, -0.81806237, -0.19766194, 1.34200335, 3.99315643, 0.00000000, 0.00000000, 0.00000000, 0.00000000
4, 1.3800, 138, -0.01254250, 2.52359104, 0.07479038, 8.13714027, 105.64973450, -411.34124756, -22.15726280, 3.36159015, -82.19818878, 7.80142450, -0.39621028, -0.37809089, 1.00000000, 0.00000000, 0.00000000, 0.00000000, -0.05298595, -0.05422425, 1.53189683, 101.51800537, -16.05380058, 40.50000000, 0.00000000
5, 1.3400, 132, -0.07637180, 3.71278882, -0.29457167, -244.56831360, 144.92645264, -380.24029541, -10.58170128, 60.12861633, -118.85413361, 4.37049103, -26.59783173, 27.17152977, 0.94320476, -0.09006480, 0.21471557, -0.23696081, 1.09090960, 0.45362973, 2.45912790, 0.00000000, 0.00000000, 0.00000000, 0.00000000
5, 1.3500, 133, 0.20426278, 3.77205348, -0.24056308, -221.69549561, 116.72231293, -367.28802490, -12.89096737, 62.61326981, -117.30487823, 3.16244698, -27.96814156, 26.08498383, 0.94346571, -0.08059920, 0.22928581, -0.22539799, 0.80751842, 0.43796891, 2.64934587, 0.00000000, 0.00000000, 0.00000000, 0.00000000
5, 1.3600, 134, 0.32011423, 3.57891226, -0.13281459, -205.64958191, 87.89792633, -349.77691650, -13.88482857, 64.39637756, -115.66793060, 0.96699172, -31.52011490, 26.18088150, 0.93684578, -0.06942449, 0.26270241, -0.22019914, 0.59994584, 0.33986282, 2.53896213, 0.00000000, 0.00000000, 0.00000000, 0.00000000
4, 1.3900, 139, 0.18709213, 2.48631573, 0.08942976, 35.29009247, 115.43304443, -415.84634399, -24.08652496, 5.58316278, -82.13972473, 7.14738226, -1.82790422, -1.59267187, 1.00000000, 0.00000000, 0.00000000, 0.00000000, -0.31078053, -0.07190463, 1.48949957, 101.51800537, -16.05380058, 40.50000000, 0.00000000
5, 1.3700, 135, 0.18162180, 3.43282866, -0.01436584, -201.89869690, 68.03060150, -333.99890137, -13.88482857, 64.39637756, -115.66793060, -1.31985939, -34.89577103, 26.63359833, 0.92907256, -0.05836631, 0.29428738, -0.21636215, 0.62232214, 0.24556231, 2.38897467, 0.00000000, 0.00000000, 0.00000000, 0.00000000
4, 1.4000, 140, 0.40494654, 2.32382345, 0.06903830, 40.10745621, 132.82942200, -406.10464478, -26.60040855, 7.89242887, -81.70125580, 7.69140863, -5.79112196, -3.18306088, 1.00000000, 0.00000000, 0.00000000, 0.00000000, -0.55845100, -0.05593184, 1.32019186, 101.51800537, -16.05380058, 40.50000000, 0.00000000
2, 1.2800, 128, 0.14979659, 4.57024479, -1.79926741, -255.89338684, -513.74176025, -473.54727173, 36.33440399, 8.27243519, 23.79421234, 67.18051147, -18.88835907, 160.69813538, 0.04826254, -0.22624496, -0.51511222, -0.82531416, -0.37308416, 1.46336484, 3.95384598, 0.00000000, 0.00000000, 0.00000000, 0.00000000
2, 1.2900, 129, -0.11989336, 4.81874943, -1.82525182, -399.13604736, -554.61242676, -600.19323730, 35.31131363, 11.98479939, 20.19877243, 64.20674133, -26.79687119, 158.29496765, 0.03420565, -0.29011706, -0.47077948, -0.83248347, -0.22351900, 1.57842255, 4.17205620, 0.00000000, 0.00000000, 0.00000000, 0.00000000
2, 1.3000, 130, -0.48829809, 5.11697388, -1.75071847, -526.32733154, -542.42138672, -690.83764648, 30.95586014, 18.29874229, 17.86027527, 51.81697083, -28.63893890, 167.34046936, -0.01131839, -0.26778975, -0.39625156, -0.87814879, 0.04556395, 1.63079393, 4.42023754, 0.00000000, 0.00000000, 0.00000000, 0.00000000
2, 1.3100, 131, -0.68777668, 5.51627922, -1.69742668, -625.17016602, -479.70770264, -728.95190430, 26.65887070, 25.60654831, 16.34025192, 46.46448135, -37.32603455, 165.82502747, -0.01784437, -0.33791792, -0.33457965, -0.87951672, 0.19615260, 1.74962139, 4.70585394, 0.00000000, 0.00000000, 0.00000000, 0.00000000
2, 1.3200, 132, -0.75176734, 5.65448475, -1.65786600, -686.12042236, -396.40667725, -725.79284668, 26.65887070, 25.60654831, 16.34025192, 40.60348129, -45.58040619, 164.40901184, -0.01587657, -0.40332457, -0.26764360, -0.87489665, 0.14657499, 1.84662890, 4.85521793, 0.00000000, 0.00000000, 0.00000000, 0.00000000
2, 1.3300, 133, -0.80192131, 5.69529819, -1.53056479, -720.41400146, -294.72842407, -694.79284668, 22.62496376, 33.14820099, 16.74948883, 34.52186203, -53.12447357, 163.00149536, -0.00498544, -0.46156675, -0.19937572, -0.86439621, 0.10310483, 1.84419990, 4.94046402, 0.00000000, 0.00000000, 0.00000000, 0.00000000
4, 1.4100, 141, 0.51374519, 2.12382269, 0.21693105, 41.87903595, 127.58412170, -383.97290039, -26.60040855, 7.89242887, -81.70125580, 8.35489273, -9.52105141, -4.75542068, 1.00000000, 0.00000000, 0.00000000, 0.00000000, -0.72712898, -0.22552161, 1.13471031, 101.51800537, -16.05380058, 40.50000000, 0.00000000
4, 1.4200, 142, 0.30189362, 2.06280398, 0.20007005, 30.93296623, 125.40996552, -366.74673462, -28.73428726, 9.32475853, -81.29202271, 9.01168442, -13.06263828, -6.35417557, 1.00000000, 0.00000000, 0.00000000, 0.00000000, -0.57506955, -0.22204158, 1.09231067, 101.51800537, -16.05380058, 40.50000000, 0.00000000
5, 1.3800, 136, -0.00804578, 3.47160292, 0.04935301, -203.03482056, 65.56660461, -324.56158447, -15.40485191, 65.33177185, -114.49868011, -3.75720811, -38.15687180, 27.29907417, 0.92041576, -0.04698592, 0.32477102, -0.21248786, 0.76665032, 0.21749207, 2.38817692, 0.00000000, 0.00000000, 0.00000000, 0.00000000
4, 1.4300, 143, 0.34511650, 2.01943254, 0.18575259, 46.45500946, 115.22566223, -361.05401611, -31.04355431, 10.72785759, -81.02893829, 9.90412426, -16.53792572, -7.90801525, 1.00000000, 0.00000000, 0.00000000, 0.00000000, -0.67621726, -0.22135817, 1.06291413, 101.51800537, -16.05380058, 40.50000000, 0.00000000
4, 1.4400, 144, 0.35663378, 1.78550315, 0.16871162, 51.26141357, 105.91942596, -343.51119995, -33.49897766, 11.78018093, -81.23355865, 8.61281204, -13.76029778, -10.51816750, 1.00000000, 0.00000000, 0.00000000, 0.00000000, -0.71075100, -0.22382563, 0.83869028, 101.51800537, -16.05380058, 40.50000000, 0.00000000
4, 1.4500, 145, 0.26822153, 1.60877132, 0.15647958, 46.18960571, 109.30180359, -321.37152100, -35.36977386, 13.18327999, -80.64893341, 9.48386860, -16.85634995, -11.95021820, 1.00000000, 0.00000000, 0.00000000, 0.00000000, -0.59337991, -0.21036620, 0.65509462, 101.51800537, -16.05380058, 40.50000000, 0.00000000
2, 1.3400, 134, -0.85932600, 5.78973436, -1.47509813, -725.01556396, -199.69331360, -641.19079590, 18.12335587, 40.07600021, 19.29260445, 28.44015121, -59.83811188, 161.64376831, 0.01305755, -0.51126313, -0.13306454, -0.84896016, 0.08974537, 1.90730345, 5.08740377, 0.00000000, 0.00000000, 0.00000000, 0.00000000
2, 1.3500, 135, -0.71167481, 5.71526194, -1.35906041, -692.59954834, -129.78358459, -573.88238525, 14.03098488, 45.22069550, 22.18649483, 21.71815872, -55.16896820, 163.61686707, 0.03767926, -0.47391611, -0.10047892, -0.87400681, -0.08935994, 1.85869050, 5.05117846, 0.00000000, 0.00000000, 0.00000000, 0.00000000
2, 1.3600, 136, -0.54323798, 5.32910013, -1.21388662, -628.48620605, -77.56345367, -497.17922974, 10.75708866, 45.22069550, 25.95732307, 15.70833015, -60.22124481, 163.31243896, 0.05652471, -0.50885862, -0.04484485, -0.85782105, -0.24140438, 1.70487499, 4.63137913, 0.00000000, 0.00000000, 0.00000000, 0.00000000
4, 1.4600, 146, 0.23615508, 1.52517152, 0.12155391, 50.80428314, 129.17181396, -306.65957642, -35.36977386, 13.18327999, -80.64893341, 10.56375885, -19.76034164, -13.64849949, 1.00000000, 0.00000000, 0.00000000, 0.00000000, -0.60803032, -0.19428542, 0.58851624, 101.51800537, -16.05380058, 40.50000000, 0.00000000
4, 1.4700, 147, 0.25566721, 1.36216795, 0.07794379, 63.91772079, 154.59721375, -286.63674927, -37.15287781, 13.85559750, -81.23355865, 11.98128033, -22.39678574, -15.67992687, 1.00000000, 0.00000000, 0.00000000, 0.00000000, -0.66697294, -0.17840381, 0.44265872, 101.51800537, -16.05380058, 40.50000000, 0.00000000
5, 1.3900, 137, -0.09076119, 3.54228234, 0.07811821, -195.14019775, 80.85880280, -322.47485352, -17.24641991, 67.93334961, -113.18328094, -6.20235395, -41.39689255, 27.95079422, 0.91105235, -0.03612545, 0.35470673, -0.20703068, 0.82691693, 0.22436613, 2.45986032, 0.00000000, 0.00000000, 0.00000000, 0.00000000
5, 1.4000, 138, 0.01322953, 3.44077110, 0.07631182, -178.94009399, 105.74961853, -323.33215332, -18.56182289, 69.68722534, -111.72171783, -5.76629925, -40.41714859, 25.70935631, 0.91762924, -0.03073568, 0.34685633, -0.19157934, 0.66273898, 0.23855561, 2.43496490, 0.00000000, 0.00000000, 0.00000000, 0.00000000
5, 1.4100, 139, 0.28121179, 3.20549345, 0.01658342, -164.53256226, 128.14268494, -320.87866211, -20.25723457, 71.41186523, -110.75708771, -7.74511099, -43.72011948, 25.77881050, 0.90825421, -0.02176657, 0.37611225, -0.18204422, 0.32118520, 0.28327188, 2.32170534, 0.00000000, 0.00000000, 0.00000000, 0.00000000
2, 1.3700, 137, -0.54132414, 4.81892776, -0.98920679, -547.09497070, -30.63855743, -415.90093994, 10.75708866, 50.04384613, 25.95732307, 10.35323715, -64.40703583, 163.19477844, 0.07557603, -0.53621352, 0.00203216, -0.84068972, -0.28820208, 1.48298717, 4.20655251, 0.00000000, 0.00000000, 0.00000000, 0.00000000
2, 1.3800, 138, -0.64466023, 4.40999413, -0.69998491, -459.90591431, 24.87591553, -330.87875366, 8.27243519, 52.55773163, 28.99736977, 6.34675837, -67.72151947, 162.55158997, 0.09527303, -0.55685776, 0.03894554, -0.82420611, -0.21685274, 1.18886042, 3.88580012, 0.00000000, 0.00000000, 0.00000000, 0.00000000
2, 1.3900, 139, -0.74249065, 4.17258406, -0.49935907, -380.24923706, 84.87998962, -254.93310547, 6.54779291, 54.37006760, 31.62817764, 4.42211819, -70.30413818, 160.53639221, 0.11621317, -0.57237291, 0.06615964, -0.80901587, -0.14041644, 0.98346710, 3.71747494, 0.00000000, 0.00000000, 0.00000000, 0.00000000
2, 1.4000, 140, -0.71769977, 4.01115417, -0.37470263, -309.61853027, 144.32728577, -194.90617371, 5.75855017, 53.87313461, 34.34668350, 8.21362686, -62.18698883, 152.40248108, 0.16780254, -0.51487064, 0.06330354, -0.83829790, -0.16296914, 0.83469033, 3.56948781, 0.00000000, 0.00000000, 0.00000000, 0.00000000
2, 1.4100, 141, -0.58389163, 3.70364094, -0.33822060, -249.17127991, 198.82836914, -151.43142700, 5.75855017, 53.87313461, 34.34668350, 9.61750603, -63.64851379, 148.00428772, 0.19085334, -0.52473986, 0.07634826, -0.82607150, -0.26095375, 0.72572517, 3.17862225, 0.00000000, 0.00000000, 0.00000000, 0.00000000
2, 1.4200, 142, -0.43468270, 3.47364426, -0.36285561, -189.53927612, 249.85018921, -123.05452728, 4.64776373, 56.06547546, 35.57439423, 12.97853279, -64.70392609, 142.13369751, 0.21513893, -0.53390253, 0.08220606, -0.81357580, -0.42244628, 0.70490944, 2.97147012, 0.00000000, 0.00000000, 0.00000000, 0.00000000
4, 1.4800, 148, 0.34285599, 1.12215376, 0.05342038, 73.36825562, 173.12831116, -257.56997681, -38.99444580, 14.08944702, -81.73048401, 13.68335152, -24.66451645, -17.96983337, 1.00000000, 0.00000000, 0.00000000, 0.00000000, -0.78483737, -0.19054115, 0.22009142, 101.51800537, -16.05380058, 40.50000000, 0.00000000
4, 1.4900, 149, 0.40951779, 0.94959575, 0.00734913, 76.31238556, 179.56951904, -225.00706482, -39.75445557, 14.06021595, -81.32125092, 13.23995876, -17.33994293, -23.70093918, 1.00000000, 0.00000000, 0.00000000, 0.00000000, -0.84045696, -0.17405021, 0.04735947, 101.51800537, -16.05380058, 40.50000000, 0.00000000
4, 1.5000, 150, 0.46719992, 0.79803938, -0.07340697, 80.93682861, 175.02439880, -190.09834290, -39.75445557, 14.06021595, -81.32125092, 14.77176666, -18.89811516, -25.84627342, 1.00000000, 0.00000000, 0.00000000, 0.00000000, -0.80833817, -0.11038792, -0.14438416, 101.51800537, -16.05380058, 40.50000000, 0.00000000
4, 1.5100, 151, 0.50931662, 0.68308079, -0.12444557, 85.33796692, 158.78103638, -158.22526550, -40.89447403, 14.76176548, -81.87664032, 16.33216667, -20.12305832, -27.81295204, 1.00000000, 0.00000000, 0.00000000, 0.00000000, -0.86867058, -0.08934255, -0.24959631, 101.51800537, -16.05380058, 40.50000000, 0.00000000
4, 1.5200, 152, 0.52521300, 0.57111156, -0.17281561, 86.08493042, 141.07197571, -131.18634033, -41.77141190, 14.64484024, -82.89973450, 17.85796928, -21.07629776, -29.57609940, 1.00000000, 0.00000000, 0.00000000, 0.00000000, -0.89789015, -0.07035874, -0.35155120, 101.51800537, -16.05380058, 40.50000000, 0.00000000
4, 1.5300, 153, 0.51755017, 0.45992127, -0.21491422, 85.39429474, 121.97269440, -109.11505890, -42.32680511, 14.46945286, -83.01666260, 19.31348801, -21.82266426, -31.11604309, 1.00000000, 0.00000000, 0.00000000, 0.00000000, -0.89971453, -0.05656794, -0.45241880, 101.51800537, -16.05380058, 40.50000000, 0.00000000
4, 1.5400, 154, 0.46779305, 0.35281754, -0.25519857, 79.81817627, 100.07302094, -91.61412811, -42.53142166, 13.68021011, -83.19204712, 24.16815567, -11.56295967, -32.45272064, 1.00000000, 0.00000000, 0.00000000, 0.00000000, -0.81160903, -0.06137337, -0.55581999, 101.51800537, -16.05380058, 40.50000000, 0.00000000
2, 1.4300, 143, -0.27220455, 3.26896620, -0.37423033, -145.58322144, 282.90963745, -120.15013123, 4.64776373, 56.15317154, 36.65594864, 17.85533714, -65.49399567, 135.11552429, 0.23960161, -0.54373330, 0.08336174, -0.79999763, -0.59409815, 0.66261065, 2.79027700, 0.00000000, 0.00000000, 0.00000000, 0.00000000
2, 1.4400, 144, -0.09750362, 3.09544158, -0.39080322, -112.44948578, 302.15924072, -139.89024353, 4.18006420, 57.26395798, 37.12364578, 23.94411087, -66.14227295, 127.16909790, 0.26332089, -0.55540872, 0.08180043, -0.78453296, -0.77604926, 0.62243116, 2.64187741, 0.00000000, 0.00000000, 0.00000000, 0.00000000
2, 1.4500, 145, 0.10153294, 2.88785410, -0.37507463, -88.29499817, 309.95556641, -179.61044312, 4.09237051, 55.33469772, 37.26980209, 24.78334808, -56.34556961, 119.74686432, 0.34451160, -0.49378917, 0.06783156, -0.79553938, -0.96047693, 0.53502542, 2.42821002, 0.00000000, 0.00000000, 0.00000000, 0.00000000
2, 1.4600, 146, 0.34184545, 2.71496463, -0.36671883, -71.30131531, 306.02288818, -229.65093994, 4.09237051, 55.33469772, 37.26980209, 29.64069176, -57.45890427, 113.05421448, 0.36499846, -0.51132584, 0.06919264, -0.77494168, -1.14625549, 0.44778848, 2.17109585, 0.00000000, 0.00000000, 0.00000000, 0.00000000
2, 1.4700, 147, 0.49885267, 2.58297420, -0.42289847, -59.44816589, 284.18075562, -284.09411621, 2.63080978, 57.52703857, 37.12364578, 35.08913040, -58.82486725, 105.90075684, 0.38228190, -0.53192961, 0.07254370, -0.75209630, -1.31686819, 0.45455980, 2.07596636, 0.00000000, 0.00000000, 0.00000000, 0.00000000
2, 1.4800, 148, 0.67002451, 2.37945676, -0.45478094, -51.84354782, 249.53840637, -334.74487305, 0.76001167, 56.97164536, 36.65594864, 41.12512970, -60.41863251, 98.27168274, 0.39574054, -0.55486840, 0.07867935, -0.72754389, -1.50429296, 0.43196774, 1.92124069, 0.00000000, 0.00000000, 0.00000000, 0.00000000
2, 1.4900, 149, 0.81962758, 2.19782066, -0.49382102, -50.25304031, 204.20953369, -374.06137085, -1.54925454, 55.07161713, 36.24671173, 47.70063782, -62.16691589, 90.17841339, 0.40515682, -0.57889652, 0.08812854, -0.70211124, -1.67078257, 0.42491949, 1.79368317, 0.00000000, 0.00000000, 0.00000000, 0.00000000
4, 1.5500, 155, 0.41159174, 0.29288518, -0.29849684, 67.50318909, 76.23939514, -76.98766327, -42.53142166, 13.68021011, -83.19204712, 25.06872177, -12.01653862, -33.44091034, 1.00000000, 0.00000000, 0.00000000, 0.00000000, -0.62598521, -0.09375975, -0.62884998, 101.51800537, -16.05380058, 40.50000000, 0.00000000
5, 1.4200, 140, 0.60007989, 2.92883253, -0.01430587, -140.14910889, 149.77072144, -315.60852051, -20.25723457, 71.41186523, -110.75708771, -9.39364433, -47.02616119, 25.57472610, 0.89845425, -0.01478411, 0.40437558, -0.17041655, -0.12259264, 0.31257695, 2.23380470, 0.00000000, 0.00000000, 0.00000000, 0.00000000
5, 1.4300, 141, 0.85751104, 2.72218633, -0.04676493, -122.73418427, 164.24000549, -308.43984985, -22.12803268, 72.61034393, -109.41245270, -10.77966309, -50.30979538, 25.16734505, 0.88821191, -0.00921679, 0.43154562, -0.15736316, -0.47999787, 0.34174979, 2.18780518, 0.00000000, 0.00000000, 0.00000000, 0.00000000
5, 1.4400, 142, 1.02625680, 2.51404881, -0.12579636, -104.69374084, 177.65126038, -298.30737305, -24.02806091, 73.39958954, -108.59397888, -11.83325672, -53.54710007, 24.49733543, 0.87767410, -0.00512405, 0.45739064, -0.14302415, -0.75469941, 0.41155055, 2.10383248, 0.00000000, 0.00000000, 0.00000000, 0.00000000
5, 1.4500, 143, 1.11408150, 2.27398491, -0.23890732, -85.53367615, 182.76725769, -286.09097290, -25.75270271, 73.22420502, -107.68781281, -6.22712755, -46.95515060, 15.82458401, 0.91012180, -0.00541574, 0.40087271, -0.10464221, -0.93887854, 0.49649513, 1.92122936, 0.00000000, 0.00000000, 0.00000000, 0.00000000
4, 1.5600, 156, 0.32444951, 0.29486576, -0.32896042, 52.35656357, 51.58471298, -62.05362320, -42.91143036, 13.41712952, -84.15667725, 25.75818062, -12.40775299, -34.15081406, 1.00000000, 0.00000000, 0.00000000, 0.00000000, -0.54597366, -0.07447556, -0.61886334, 101.51800537, -16.05380058, 40.50000000, 0.00000000
5, 1.4600, 144, 1.17078650, 2.04342318, -0.37602600, -68.13843536, 176.72892761, -272.71588135, -27.36042023, 73.28266144, -107.33703613, -6.49628496, -49.90690231, 14.51592255, 0.90096140, -0.00225396, 0.42431909, -0.09064689, -1.03922689, 0.58260262, 1.65786707, 0.00000000, 0.00000000, 0.00000000, 0.00000000
4, 1.5700, 157, 0.21014047, 0.31595930, -0.37319699, 38.65321732, 30.53298378, -46.82304382, -43.05758667, 14.08944702, -84.01052094, 26.25392914, -12.72946739, -34.61117935, 1.00000000, 0.00000000, 0.00000000, 0.00000000, -0.43828863, -0.03712723, -0.59131110, 101.51800537, -16.05380058, 40.50000000, 0.00000000
5, 1.4700, 145, 1.22675085, 1.78147912, -0.47093758, -50.79169464, 166.70140076, -255.66714478, -27.36042023, 73.28266144, -107.33703613, -6.46607637, -52.68344879, 13.12704563, 0.89173341, -0.00042911, 0.44589096, -0.07741189, -1.22746217, 0.65683937, 1.47171807, 0.00000000, 0.00000000, 0.00000000, 0.00000000
5, 1.4800, 146, 1.22292364, 1.55881321, -0.55272496, -34.23497772, 159.26164246, -236.40849304, -28.73428726, 73.51651764, -106.95703125, -6.09422112, -55.26199722, 11.58292007, 0.88267231, 0.00012177, 0.46550801, -0.06474625, -1.34106112, 0.71727574, 1.29733419, 0.00000000, 0.00000000, 0.00000000, 0.00000000
5, 1.4900, 147, 1.18596745, 1.36622047, -0.61133152, -19.08201218, 157.21560669, -218.89620972, -30.48816109, 73.95498657, -106.69394684, -5.31583595, -57.66130447, 9.76850319, 0.87383276, -0.00053640, 0.48341322, -0.05222845, -1.40832281, 0.75339597, 1.13719857, 0.00000000, 0.00000000, 0.00000000, 0.00000000
4, 1.5800, 158, 0.07282058, 0.36461264, -0.40800270, 30.84507561, 12.99937630, -30.83471298, -43.46682358, 14.32329750, -84.27360535, 26.61845207, -12.96760178, -34.84750748, 1.00000000, 0.00000000, 0.00000000, 0.00000000, -0.30719310, -0.00516534, -0.53627676, 101.51800537, -16.05380058, 40.50000000, 0.00000000
2, 1.5000, 150, 0.99593389, 2.01816392, -0.54032648, -53.07168579, 149.27276611, -407.22149658, -3.47851491, 54.83776474, 36.88979721, 44.08922577, -53.67082977, 82.91658783, 0.50766134, -0.52802205, 0.09185024, -0.67456383, -1.84090257, 0.41938198, 1.62936723, 0.00000000, 0.00000000, 0.00000000, 0.00000000
2, 1.5100, 151, 1.12280166, 1.84886336, -0.56884301, -62.34954453, 76.02306366, -425.37475586, -3.47851491, 54.83776474, 36.88979721, 48.13485718, -56.50782394, 77.21801758, 0.50802076, -0.55041647, 0.11359526, -0.65272725, -1.92308307, 0.38209683, 1.38841593, 0.00000000, 0.00000000, 0.00000000, 0.00000000
2, 1.5200, 152, 1.16371083, 1.76719785, -0.56050700, -70.81387329, 22.99808311, -428.59991455, -6.25548077, 53.34697342, 36.36363602, 52.37844849, -59.48896027, 71.38341522, 0.50502396, -0.57095462, 0.13801590, -0.63238704, -1.99302995, 0.36977801, 1.36702955, 0.00000000, 0.00000000, 0.00000000, 0.00000000
2, 1.5300, 153, 1.18714845, 1.70491350, -0.50542033, -76.28862000, -18.57055092, -418.21206665, -8.44782257, 52.47003555, 37.09441757, 56.94947433, -62.46121216, 65.29466248, 0.49953583, -0.58913833, 0.16382417, -0.61363000, -2.04336190, 0.31997037, 1.37049806, 0.00000000, 0.00000000, 0.00000000, 0.00000000
4, 1.5900, 159, -0.05969898, 0.40633568, -0.42386311, 29.83893013, -1.03785634, -15.87088203, -43.43759155, 13.32943535, -84.27360535, 31.68210220, -12.79950714, -30.88553810, 1.00000000, 0.00000000, 0.00000000, 0.00000000, -0.17793764, -0.00915032, -0.47840965, 101.51800537, -16.05380058, 40.50000000, 0.00000000
2, 1.5400, 154, 1.20978487, 1.62195325, -0.45053190, -78.21981812, -46.59696198, -395.24142456, -10.87401295, 49.04998398, 38.00058365, 61.96577835, -65.25830078, 58.85084152, 0.49250686, -0.60471714, 0.18963954, -0.59648228, -2.08993769, 0.27218324, 1.35176146, 0.00000000, 0.00000000, 0.00000000, 0.00000000
5, 1.5000, 148, 1.15551150, 1.17044914, -0.63448590, -1.12146258, 153.80877686, -201.73255920, -31.65740967, 73.51651764, -106.84010315, 4.64035845, -48.94311142, 0.69353330, 0.90930289, -0.03935125, 0.41367117, -0.02227369, -1.45098603, 0.72859186, 0.93839580, 0.00000000, 0.00000000, 0.00000000, 0.00000000
5, 1.5100, 149, 1.12409854, 0.94646060, -0.63535529, 17.55640984, 143.84417725, -185.38276672, -32.76819611, 73.77959442, -107.19087982, 6.00814724, -50.76090622, -1.55834484, 0.90246224, -0.04152358, 0.42864212, -0.01019165, -1.44693279, 0.63484156, 0.63284719, 0.00000000, 0.00000000, 0.00000000, 0.00000000
5, 1.5200, 150, 1.09264779, 0.72486603, -0.60525745, 32.09989166, 126.14058685, -167.34211731, -33.35282135, 73.92575073, -107.71704102, 7.59396505, -52.36146927, -3.78103828, 0.89591348, -0.04487185, 0.44195640, 0.00033906, -1.52253151, 0.57620442, 0.44346243, 0.00000000, 0.00000000, 0.00000000, 0.00000000
2, 1.5500, 155, 1.24611998, 1.51090026, -0.39619315, -76.70282745, -62.08118439, -360.45016479, -14.23560333, 48.61151505, 38.26366425, 52.58222580, -58.41124344, 58.93614578, 0.57501680, -0.55181462, 0.19067922, -0.57314736, -2.12805510, 0.20705268, 1.25856590, 0.00000000, 0.00000000, 0.00000000, 0.00000000
2, 1.5600, 156, 1.24993479, 1.41346455, -0.34891844, -68.66871643, -64.92738342, -315.63555908, -14.23560333, 48.61151505, 38.26366425, 55.07321930, -61.05707550, 55.27338791, 0.56771779, -0.56172687, 0.21430938, -0.56234419, -2.09897327, 0.11801308, 1.08317447, 0.00000000, 0.00000000, 0.00000000, 0.00000000
5, 1.5300, 151, 1.06079030, 0.59353924, -0.55350667, 41.08594513, 102.56243134, -145.97067261, -33.35282135, 73.92575073, -107.71704102, 9.23776436, -53.72085571, -5.82066441, 0.88991308, -0.04888093, 0.45341784, 0.00881117, -1.55871689, 0.50146931, 0.33579242, 0.00000000, 0.00000000, 0.00000000, 0.00000000
4, 1.6000, 160, -0.14973846, 0.43497443, -0.41432780, 32.21419144, -12.37911224, 1.35545433, -43.43759155, 13.32943535, -84.27360535, 31.97151947, -12.85202885, -30.75772095, 1.00000000, 0.00000000, 0.00000000, 0.00000000, -0.08631255, -0.07442822, -0.41456524, 101.51800537, -16.05380058, 40.50000000, 0.00000000
5, 1.5400, 152, 1.01188076, 0.53818643, -0.51386303, 46.73283768, 77.31949615, -123.91290283, -34.55130005, 73.37036133, -107.95088959, 10.82921124, -54.84602737, -7.58482361, 0.88460940, -0.05324918, 0.46303719, 0.01508358, -1.54683363, 0.44466722, 0.28771338, 0.00000000, 0.00000000, 0.00000000, 0.00000000
2, 1.5700, 157, 1.24377346, 1.31517792, -0.30683434, -54.64164352, -57.16065216, -261.00799561, -15.90178299, 47.35457230, 39.22829437, 57.56014633, -63.20267868, 51.85594177, 0.56105828, -0.56959736, 0.23375505, -0.55329120, -2.11368942, 0.08159915, 1.02842820, 0.00000000, 0.00000000, 0.00000000, 0.00000000
2, 1.5800, 158, 1.23488677, 1.20676267, -0.27872217, -34.36251068, -39.31723404, -190.96632385, -17.48026848, 45.48377609, 39.72522736, 59.77882004, -64.70285034, 49.01346970, 0.55582458, -0.57549345, 0.24751851, -0.54644400, -2.11996245, 0.05352770, 0.95454717, 0.00000000, 0.00000000, 0.00000000, 0.00000000
4, 1.6100, 161, -0.19410858, 0.43318695, -0.38889441, 38.92717743, -22.88041115, 19.44624329, -43.34989548, 14.03098488, -84.82899475, 32.28378296, -12.79781628, -30.44486237, 1.00000000, 0.00000000, 0.00000000, 0.00000000, -0.04180017, -0.10428631, -0.41060415, 101.51800537, -16.05380058, 40.50000000, 0.00000000
2, 1.5900, 159, 1.20865023, 1.13031137, -0.27569437, -9.11493683, -13.58879566, -107.27030945, -17.68488693, 44.60683823, 39.40368271, 61.37002945, -65.45236206, 47.16271210, 0.55268979, -0.57945681, 0.25435808, -0.54227829, -2.10250044, 0.04834339, 0.89888203, 0.00000000, 0.00000000, 0.00000000, 0.00000000
5, 1.5500, 153, 0.93900025, 0.50850147, -0.48523462, 50.48471451, 51.51130295, -101.47640991, -35.22361755, 72.93189240, -108.12627411, 17.55061531, -44.02139282, -11.83941174, 0.91727221, -0.10248587, 0.38300472, 0.03762683, -1.46765566, 0.37766939, 0.21639603, 0.00000000, 0.00000000, 0.00000000, 0.00000000
5, 1.5600, 154, 0.85019994, 0.46124420, -0.45580828, 53.33500290, 24.14233208, -77.45325470, -35.31131363, 73.01958466, -108.94475555, 18.56205368, -44.65244675, -12.69154644, 0.91410470, -0.10683515, 0.38909882, 0.04001382, -1.31326509, 0.26207349, 0.05102638, 0.00000000, 0.00000000, 0.00000000, 0.00000000
5, 1.5700, 155, 0.75356025, 0.39809835, -0.42138577, 54.12180710, -1.49128592, -52.45111084, -35.80824280, 72.72727203, -108.85705566, 19.40536880, -45.09233093, -13.15393448, 0.91177028, -0.11134138, 0.39328396, 0.04007471, -1.25456238, 0.21491051, -0.03320829, 0.00000000, 0.00000000, 0.00000000, 0.00000000
5, 1.5800, 156, 0.64315003, 0.35485500, -0.36939335, 52.36630630, -19.01402855, -23.77064323, -35.80824280, 72.72727203, -108.85705566, 20.05948067, -45.29843140, -13.28346348, 0.91043401, -0.11579055, 0.39524800, 0.03849304, -1.17227817, 0.15300483, -0.10661969, 0.00000000, 0.00000000, 0.00000000, 0.00000000
5, 1.5900, 157, 0.52014518, 0.36981326, -0.32416454, 50.32760239, -29.78183174, 9.29822445, -36.15901566, 71.76264191, -109.93861389, 20.53047562, -45.21759415, -13.13410854, 0.91024965, -0.12016822, 0.39461577, 0.03582793, -1.05243313, 0.10279125, -0.13585883, 0.00000000, 0.00000000, 0.00000000, 0.00000000
5, 1.6000, 158, 0.41880649, 0.41213703, -0.28247458, 50.23032761, -29.00656891, 35.92255402, -35.92516708, 71.70417786, -109.26629639, 22.46342659, -34.67063522, -14.73343658, 0.93600798, -0.14692226, 0.31368402, 0.06249386, -0.90442151, 0.04282527, -0.15978578, 0.00000000, 0.00000000, 0.00000000, 0.00000000
5, 1.6100, 159, 0.34276205, 0.47267550, -0.23649801, 51.91206360, -22.90281296, 60.30273438, -35.74977875, 71.11955261, -109.79245758, 22.87106133, -34.09008026, -14.47847748, 0.93694854, -0.15184128, 0.30890056, 0.06043293, -0.70026147, -0.05200642, -0.20768270, 0.00000000, 0.00000000, 0.00000000, 0.00000000
2, 1.6000, 160, 1.14311051, 1.06112254, -0.25185314, 16.15764427, 11.11644650, -21.69903564, -17.91873741, 43.93452072, 39.52060699, 50.70489120, -55.30035400, 54.36220551, 0.62131631, -0.52897328, 0.19980529, -0.54243082, -2.01793170, -0.00215399, 0.79958653, 0.00000000, 0.00000000, 0.00000000, 0.00000000
5, 1.6200, 160, 0.30155247, 0.52537692, -0.19291766, 54.49445343, -12.30358982, 82.72805786, -35.57439423, 71.35340118, -110.52323914, 23.27368355, -33.26412582, -14.25224781, 0.93838120, -0.15699841, 0.30215165, 0.05913290, -0.62996840, -0.10021260, -0.17716768, 0.00000000, 0.00000000, 0.00000000, 0.00000000
4, 1.6200, 162, -0.20231317, 0.41311282, -0.34954676, 44.60937119, -28.50692177, 36.72336578, -42.88219833, 13.73867321, -84.94592285, 32.62154007, -12.62236881, -29.99401093, 1.00000000, 0.00000000, 0.00000000, 0.00000000, -0.03080865, -0.14981049, -0.42534870, 101.51800537, -16.05380058, 40.50000000, 0.00000000
2, 1.6100, 161, 1.04457712, 1.05334902, -0.21377437, 38.83292770, 31.13515663, 61.64284134, -17.91873741, 43.93452072, 39.52060699, 50.80754089, -54.63558960, 54.70515442, 0.62237793, -0.52900791, 0.19307685, -0.54361540, -1.84980035, -0.10212907, 0.66908276, 0.00000000, 0.00000000, 0.00000000, 0.00000000
2, 1.6200, 162, 0.93638444, 1.07916915, -0.18920234, 58.52925110, 48.44561768, 140.72041321, -17.59719276, 42.73604202, 39.66676331, 50.54141998, -53.27605057, 55.74777603, 0.62504959, -0.52686840, 0.18000466, -0.54710251, -1.73001432, -0.13456680, 0.68540156, 0.00000000, 0.00000000, 0.00000000, 0.00000000
2, 1.6300, 163, 0.82700175, 1.10069931, -0.16802755, 77.87487030, 61.74400330, 215.68220520, -16.36948204, 45.42531204, 38.73136520, 49.99348450, -51.27214432, 57.41071701, 0.62887913, -0.52248961, 0.16095394, -0.55281961, -1.60172582, -0.16882806, 0.68862492, 0.00000000, 0.00000000, 0.00000000, 0.00000000
5, 1.6300, 161, 0.27384773, 0.55312872, -0.13991351, 57.33844757, -0.44952163, 102.28816223, -35.57439423, 71.35340118, -110.52323914, 23.68142700, -32.21513367, -14.07643890, 0.94018978, -0.16237877, 0.29364726, 0.05871656, -0.57811451, -0.16037539, -0.16548881, 0.00000000, 0.00000000, 0.00000000, 0.00000000
5, 1.6400, 162, 0.25322056, 0.55925071, -0.08912270, 60.04876328, 10.50086403, 120.98715973, -34.66822433, 71.14878845, -110.75708771, 24.09008217, -30.95361519, -13.94008350, 0.94231296, -0.16795802, 0.28344977, 0.05910072, -0.53804314, -0.22058301, -0.17242098, 0.00000000, 0.00000000, 0.00000000, 0.00000000
5, 1.6500, 163, 0.22976205, 0.56576443, -0.03327285, 61.65666580, 20.22941589, 140.86285400, -33.29435730, 68.60566711, -111.22478485, 17.27735329, -24.54438019, -19.01288986, 0.95806944, -0.11004765, 0.23149914, 0.12806553, -0.47221187, -0.26382649, -0.20035701, 0.00000000, 0.00000000, 0.00000000, 0.00000000
5, 1.6600, 164, 0.20835397, 0.59533048, 0.02035390, 61.18257523, 24.94684410, 157.59605408, -32.59280777, 71.35340118, -111.92633820, 17.73263741, -22.89060020, -19.08881760, 0.96006894, -0.11646421, 0.21839544, 0.13041186, -0.35722673, -0.25803846, -0.24470909, 0.00000000, 0.00000000, 0.00000000, 0.00000000
4, 1.6300, 163, -0.19877951, 0.41176543, -0.30753192, 46.40250397, -33.57804108, 54.39079285, -42.88219833, 12.92019844, -85.06284332, 32.94858170, -12.32047749, -29.40827370, 1.00000000, 0.00000000, 0.00000000, 0.00000000, -0.03005039, -0.19713651, -0.42197669, 101.51800537, -16.05380058, 40.50000000, 0.00000000
2, 1.6400, 164, 0.65897667, 1.15280390, -0.14003439, 97.43828583, 72.14769745, 281.60659790, -15.58023930, 46.76995087, 38.32212830, 49.32973480, -48.69924927, 59.53118515, 0.63327438, -0.51604223, 0.13650627, -0.56038392, -1.40694523, -0.21008533, 0.71564353, 0.00000000, 0.00000000, 0.00000000, 0.00000000
5, 1.6700, 165, 0.19631064, 0.65186584, 0.06397475, 58.63968277, 25.94932747, 175.26605225, -31.48202324, 68.60566711, -111.92633820, 18.13070869, -21.06622314, -19.10230827, 0.96219003, -0.12280522, 0.20372117, 0.13269097, -0.29454365, -0.30793053, -0.20409958, 0.00000000, 0.00000000, 0.00000000, 0.00000000
5, 1.6800, 166, 0.20418656, 0.72988546, 0.09289030, 54.17940140, 21.32368279, 195.27995300, -31.48202324, 68.60566711, -112.48172760, 18.45630264, -19.06437111, -18.98720551, 0.96447730, -0.12902549, 0.18730476, 0.13436171, -0.23894343, -0.34088206, -0.13724262, 0.00000000, 0.00000000, 0.00000000, 0.00000000
4, 1.6400, 164, -0.20595771, 0.42765906, -0.26874635, 46.12966156, -39.92478561, 72.84706879, -42.88219833, 12.92019844, -85.06284332, 33.34293747, -13.64090157, -28.01939774, 1.00000000, 0.00000000, 0.00000000, 0.00000000, -0.02443240, -0.23946503, -0.40018752, 101.51800537, -16.05380058, 40.50000000, 0.00000000
5, 1.6900, 167, 0.24769475, 0.84351432, 0.11534695, 49.70739365, 15.15464783, 217.20259094, -29.05583191, 70.56416321, -112.48172760, 18.71863937, -16.87136269, -18.72737694, 0.96688980, -0.13517223, 0.16899046, 0.13525885, -0.19891585, -0.36407423, -0.02430603, 0.00000000, 0.00000000, 0.00000000, 0.00000000
4, 1.6500, 165, -0.21759750, 0.44026452, -0.22802576, 45.93016052, -46.44751358, 90.44353485, -42.44372940, 13.41712952, -85.64746857, 33.58216476, -13.09749031, -27.12854576, 1.00000000, 0.00000000, 0.00000000, 0.00000000, -0.02710393, -0.28239667, -0.37900281, 101.51800537, -16.05380058, 40.50000000, 0.00000000
2, 1.6500, 165, 0.47855261, 1.21880007, -0.07279214, 116.04569244, 86.89218140, 336.87872314, -15.58023930, 46.76995087, 38.32212830, 38.83724594, -36.98284912, 65.43226624, 0.69553912, -0.42695057, 0.08125395, -0.57213318, -1.16357720, -0.28623801, 0.71674728, 0.00000000, 0.00000000, 0.00000000, 0.00000000
5, 1.7000, 168, 0.29390073, 0.96026778, 0.12813720, 45.18250656, 7.04550314, 237.20440674, -28.41274452, 71.70417786, -112.65711975, 12.42848587, -13.51538563, -23.66612244, 0.96885043, -0.08122224, 0.13653626, 0.18997285, -0.15264484, -0.35034913, 0.08371723, 0.00000000, 0.00000000, 0.00000000, 0.00000000
5, 1.7100, 169, 0.31207252, 1.10088027, 0.10546987, 40.41318512, -4.31266689, 250.94515991, -26.71733475, 69.74568939, -113.09558105, 12.69200706, -11.00983524, -23.37808609, 0.97092080, -0.08842428, 0.11565663, 0.19004628, -0.06058057, -0.24644126, 0.18454358, 0.00000000, 0.00000000, 0.00000000, 0.00000000
2, 1.6600, 166, 0.26876560, 1.34900391, 0.00022930, 135.10423279, 105.95738983, 380.20724487, -14.03098488, 47.20841980, 37.09441757, 39.39461899, -33.18531418, 66.77746582, 0.70039809, -0.41765997, 0.04672202, -0.57690531, -0.81966639, -0.35213506, 0.70421046, 0.00000000, 0.00000000, 0.00000000, 0.00000000
5, 1.7200, 170, 0.30793875, 1.25559378, 0.10271560, 39.13272095, -19.77722359, 260.67034912, -24.96346092, 70.41800690, -113.24173737, 12.98503208, -8.43251610, -22.91660118, 0.97280020, -0.09600823, 0.09399551, 0.18869883, 0.04745715, -0.24001557, 0.31776872, 0.00000000, 0.00000000, 0.00000000, 0.00000000
4, 1.6600, 166, -0.22821182, 0.45539561, -0.20669958, 44.66277695, -52.02413177, 104.79970551, -41.33294296, 12.18941784, -85.93978119, 33.78892517, -12.46109009, -26.11467743, 1.00000000, 0.00000000, 0.00000000, 0.00000000, -0.00678053, -0.30716032, -0.36215958, 101.51800537, -16.05380058, 40.50000000, 0.00000000
4, 1.6700, 167, -0.23655505, 0.46819997, -0.17783788, 43.94660950, -57.42371368, 116.75667572, -41.33294296, 12.59865570, -86.99210358, 33.97573090, -11.75204849, -24.99196243, 1.00000000, 0.00000000, 0.00000000, 0.00000000, 0.01270443, -0.33934602, -0.34761268, 101.51800537, -16.05380058, 40.50000000, 0.00000000
2, 1.6700, 167, 0.06571077, 1.42713535, 0.06186353, 152.07820129, 128.44029236, 413.00723267, -10.72785759, 49.92692184, 35.16515732, 40.20835495, -29.00226974, 68.09963226, 0.70508850, -0.40738264, 0.00850051, -0.58035964, -0.55610502, -0.43587434, 0.76414984, 0.00000000, 0.00000000, 0.00000000, 0.00000000
2, 1.6800, 168, -0.04721597, 1.47842538, 0.08727485, 165.73568726, 149.05197144, 430.79013062, -8.71090317, 51.30078888, 33.82051849, 41.27078247, -24.57519913, 69.36074829, 0.70927405, -0.39649379, -0.03215125, -0.58197021, -0.37573972, -0.48949030, 0.79891902, 0.00000000, 0.00000000, 0.00000000, 0.00000000
5, 1.7300, 171, 0.27949861, 1.39213121, 0.10927944, 41.13282013, -34.46409607, 270.37234497, -23.26804924, 70.56416321, -113.50482178, 13.35304737, -5.78180695, -22.30003548, 0.97436446, -0.10423724, 0.07160111, 0.18606964, 0.17255682, -0.24475591, 0.42737406, 0.00000000, 0.00000000, 0.00000000, 0.00000000
4, 1.6800, 168, -0.24648991, 0.48488352, -0.13254793, 39.48140717, -61.54234695, 125.78132629, -40.98217010, 12.18941784, -86.93364716, 34.11492157, -10.98853302, -23.78848076, 1.00000000, 0.00000000, 0.00000000, 0.00000000, 0.03471712, -0.38728398, -0.32848740, 101.51800537, -16.05380058, 40.50000000, 0.00000000
2, 1.6900, 169, -0.15437290, 1.53689528, 0.16516282, 170.97846985, 159.25762939, 437.40792847, -4.73545742, 51.35925293, 32.62203979, 42.47385025, -20.05845642, 70.62207031, 0.71252555, -0.38489416, -0.07371140, -0.58200550, -0.19608748, -0.59445691, 0.85354078, 0.00000000, 0.00000000, 0.00000000, 0.00000000
5, 1.7400, 172, 0.21178961, 1.48366416, 0.08039549, 43.62130356, -48.64617538, 278.80072021, -23.26804924, 70.56416321, -113.50482178, 13.81436348, -3.07189775, -21.53272438, 0.97551888, -0.11313105, 0.04859848, 0.18221538, 0.31664324, -0.21815848, 0.48048490, 0.00000000, 0.00000000, 0.00000000, 0.00000000
5, 1.7500, 173, 0.12748244, 1.52948105, 0.02751669, 47.56018829, -59.43338013, 286.34518433, -21.25109673, 69.36568451, -113.82636261, 11.43567657, -4.11380577, -24.20392990, 0.97303402, -0.08986518, 0.05579380, 0.20497808, 0.44197765, -0.15919767, 0.48404565, 0.00000000, 0.00000000, 0.00000000, 0.00000000
2, 1.7000, 170, -0.24952801, 1.61821604, 0.19770677, 170.43817139, 165.25450134, 437.79904175, -4.73545742, 51.35925293, 32.62203979, 33.04866791, -17.25112534, 65.90624237, 0.77215773, -0.31417474, -0.03231243, -0.55138236, -0.03255714, -0.61328828, 0.90546745, 0.00000000, 0.00000000, 0.00000000, 0.00000000
2, 1.7100, 171, -0.31949821, 1.68504989, 0.18494235, 165.16043091, 162.96195984, 435.25973511, -2.01695418, 53.11312485, 30.45892906, 34.54541779, -12.61870956, 66.40208435, 0.77631146, -0.30440739, -0.07379271, -0.54702038, 0.09373962, -0.51563704, 0.88766408, 0.00000000, 0.00000000, 0.00000000, 0.00000000
2, 1.7200, 172, -0.40680018, 1.80289054, 0.15054342, 153.72587585, 149.70474243, 429.73883057, 2.25080395, 53.55159378, 29.17275620, 35.93184280, -8.11186695, 67.10118103, 0.77871895, -0.29360348, -0.11397336, -0.54259014, 0.26032984, -0.49637780, 0.99935186, 0.00000000, 0.00000000, 0.00000000, 0.00000000
5, 1.7600, 174, 0.06564774, 1.53602314, 0.02153253, 55.60424423, -66.84465027, 294.75906372, -19.81876564, 70.06723022, -114.14791107, 12.09472370, -1.23583889, -23.38136864, 0.97397995, -0.10098599, 0.03184775, 0.20037612, 0.50093329, -0.12587966, 0.45910680, 0.00000000, 0.00000000, 0.00000000, 0.00000000
2, 1.7300, 173, -0.44504580, 1.84337699, 0.11505896, 134.19389343, 135.15882874, 415.49877930, 6.16778708, 53.78544235, 27.97427559, 37.16191483, -3.81884933, 67.95539856, 0.77965987, -0.28174132, -0.15179165, -0.53824878, 0.37472814, -0.48014793, 1.03957725, 0.00000000, 0.00000000, 0.00000000, 0.00000000
2, 1.7400, 174, -0.45988509, 1.86305618, 0.06206484, 112.96421051, 113.55614471, 397.40130615, 9.12014008, 53.11312485, 27.09733963, 38.23921967, 0.18883978, 68.98772430, 0.77902687, -0.26907304, -0.18677545, -0.53463238, 0.46149856, -0.44335514, 1.06088734, 0.00000000, 0.00000000, 0.00000000, 0.00000000
5, 1.7700, 175, 0.02657666, 1.53572237, 0.06114043, 60.33794022, -62.99268341, 299.99588013, -17.94796753, 69.04413605, -115.20023346, 12.82225418, 1.69282746, -22.56964302, 0.97410464, -0.11236377, 0.00745235, 0.19605893, 0.58856803, -0.17765354, 0.44775400, 0.00000000, 0.00000000, 0.00000000, 0.00000000
4, 1.6900, 169, -0.25145921, 0.51113230, -0.10689146, 28.84707642, -63.36661530, 131.83944702, -40.98217010, 12.18941784, -86.93364716, 30.40971375, -12.86135864, -24.31857491, 1.00000000, 0.00000000, 0.00000000, 0.00000000, 0.04084175, -0.39910746, -0.30851641, 101.51800537, -16.05380058, 40.50000000, 0.00000000
4, 1.7000, 170, -0.27738237, 0.54596603, -0.10172900, 13.41311741, -63.47314835, 135.57162476, -40.48523712, 11.69248772, -87.60596466, 30.26526833, -11.94014454, -23.10845375, 1.00000000, 0.00000000, 0.00000000, 0.00000000, 0.04621426, -0.35834146, -0.29559848, 101.51800537, -16.05380058, 40.50000000, 0.00000000
4, 1.7100, 171, -0.30121961, 0.61345661, -0.12806800, -1.86964881, -62.29712677, 137.84077454, -39.40368271, 11.42940617, -87.95673370, 29.99039841, -10.98637772, -21.91093063, 1.00000000, 0.00000000, 0.00000000, 0.00000000, 0.08390486, -0.32619345, -0.23397680, 101.51800537, -16.05380058, 40.50000000, 0.00000000
4, 1.7200, 172, -0.30147600, 0.69479853, -0.17262472, -18.71952438, -62.74790192, 141.35276794, -38.76059723, 11.31248188, -87.34288025, 29.56612968, -9.99315262, -20.70837212, 1.00000000, 0.00000000, 0.00000000, 0.00000000, 0.09826811, -0.27287751, -0.16148031, 101.51800537, -16.05380058, 40.50000000, 0.00000000
2, 1.7500, 175, -0.48430821, 1.84634268, 0.04613046, 90.79812622, 87.09922791, 380.14807129, 9.12014008, 53.11312485, 27.09733963, 31.62925148, -1.93254483, 62.33992386, 0.82075298, -0.24154763, -0.12715025, -0.50184876, 0.52682412, -0.41619501, 1.03385961, 0.00000000, 0.00000000, 0.00000000, 0.00000000
