SensorId, TimeStamp (s), FrameNumber, AccX (g), AccY (g), AccZ (g), GyroX (deg/s), GyroY (deg/s), GyroZ (deg/s), MagX (uT), MagY (uT), MagZ (uT), EulerX (deg), EulerY (deg), EulerZ (deg), QuatW, QuatX, QuatY, QuatZ, LinAccX (g), LinAccY (g), LinAccZ (g), Pressure (kPa), Altitude (m), Temperature (degC), HeaveMotion (m)
4, 0.0000, 0, -0.02087908, 0.98099416, -0.36632574, -5.92145157, -34.88728714, 4.24127340, -24.87576675, 0.61385560, -89.47676086, 3.76733947, -3.78683925, -1.92807853, 1.00000000, 0.00000000, 0.00000000, 0.00000000, 0.14423415, 0.10344526, 0.02158717, 101.54500580, -18.29767227, 40.47999954, 0.00000000
4, 0.0100, 1, -0.08708474, 1.00826108, -0.36419794, -2.64615417, -34.02298355, 3.43638539, -24.90499878, 1.22771120, -89.79830170, 3.77254963, -3.84610009, -1.59065890, 1.00000000, 0.00000000, 0.00000000, 0.00000000, 0.18735230, 0.08138882, 0.03912023, 101.54500580, -18.29767227, 40.47999954, 0.00000000
4, 0.0200, 2, -0.07995134, 1.02102268, -0.34456402, 2.01765013, -31.70585823, 3.64028025, -24.02806091, 0.81847411, -90.52908325, 3.82191563, -3.89677930, -1.28210711, 1.00000000, 0.00000000, 0.00000000, 0.00000000, 0.18067110, 0.05899532, 0.04865184, 101.54500580, -18.29767227, 40.47999954, 0.00000000
4, 0.0300, 3, -0.01070330, 1.02343595, -0.30911809, 8.30286694, -28.53753090, 6.93091917, -24.02806091, 0.81847411, -90.52908325, 3.93146300, -3.90692163, -1.00481808, 1.00000000, 0.00000000, 0.00000000, 0.00000000, 0.11100579, 0.02232467, 0.05481076, 101.54500580, -18.29767227, 40.47999954, 0.00000000
4, 0.0400, 4, 0.08578422, 1.01129329, -0.25483710, 16.26992798, -25.72186852, 15.27426720, -25.46039200, 1.08155513, -91.02601624, 4.11932182, -3.82894468, -0.74409091, 1.00000000, 0.00000000, 0.00000000, 0.00000000, 0.01279102, -0.03098189, 0.04736626, 101.54500580, -18.29767227, 40.47999954, 0.00000000
5, -0.0000, 0, 1.21853864, 0.80406892, -0.28609785, 30.76168823, -46.01718521, 99.55989838, 4.23852682, 46.00993729, -114.32329559, 0.82512230, 0.42572117, -0.38165501, 0.99996150, -0.00721277, -0.00369101, 0.00335720, -0.32080430, 0.16014045, 0.44246322, 0.00000000, 0.00000000, 0.00000000, 0.00000000
4, 0.0500, 5, 0.19535288, 0.96443385, -0.19078378, 23.43338966, -24.98209190, 27.17411995, -25.37269783, 0.67231804, -90.93832397, 3.32718754, -2.37700200, -1.42293143, 1.00000000, 0.00000000, 0.00000000, 0.00000000, -0.09666876, -0.08348265, 0.00584840, 101.54500580, -18.29767227, 40.47999954, 0.00000000
4, 0.0600, 6, 0.25100234, 0.91585410, -0.18045315, 27.87472343, -21.03434944, 39.83665466, -25.16807938, -0.17538731, -90.99678040, 3.63791537, -2.04622293, -1.16139162, 1.00000000, 0.00000000, 0.00000000, 0.00000000, -0.13818473, -0.07495750, -0.03606372, 101.54500580, -18.29767227, 40.47999954, 0.00000000
4, 0.0700, 7, 0.27126652, 0.87684631, -0.20525703, 31.12550926, -12.13685417, 51.28897476, -25.16807938, -0.17538731, -90.99678040, 3.97432876, -1.58219969, -0.95690429, 1.00000000, 0.00000000, 0.00000000, 0.00000000, -0.15617844, -0.04828043, -0.06533222, 101.54500580, -18.29767227, 40.47999954, 0.00000000
5, 0.0100, 1, 1.13463545, 0.73728037, -0.26357424, 37.17265320, -53.16614914, 110.26170349, 4.53083897, 45.92224503, -114.84945679, 2.54817796, 3.60474491, -1.28231287, 0.99918777, -0.02257468, -0.03119370, 0.01188105, -0.28005782, 0.13073388, 0.33551645, 0.00000000, 0.00000000, 0.00000000, 0.00000000
4, 0.0800, 8, 0.27162385, 0.85331076, -0.23789708, 35.57016373, 0.79053795, 61.09663773, -24.67114830, 0.23384975, -91.20140076, 4.34192896, -0.98886704, -0.85223061, 1.00000000, 0.00000000, 0.00000000, 0.00000000, -0.14960544, -0.01768352, -0.08112684, 101.54500580, -18.29767227, 40.47999954, 0.00000000
2, 0.0000, 0, 1.07464349, 1.12518799, 0.31436926, 4.09492159, 2.67142320, 57.46980667, 44.86991882, 37.03595352, 52.38234329, -8.33509827, 3.65876913, 2.30586624, 0.99659908, 0.07326221, -0.03037097, -0.02237719, -0.46680409, 0.09688704, 0.50887656, 0.00000000, 0.00000000, 0.00000000, 0.00000000
2, 0.0100, 1, 1.23431897, 1.18115461, 0.37982905, 3.13783956, -10.50449657, 61.25731277, 45.13300323, 37.09441757, 52.11926270, -8.33080292, 4.26563311, 2.16846156, 0.99643809, 0.07327497, -0.03573763, -0.02156195, -0.57615519, 0.04608079, 0.63638973, 0.00000000, 0.00000000, 0.00000000, 0.00000000
5, 0.0200, 2, 1.09774184, 0.70127892, -0.29830489, 46.27977753, -54.22634506, 119.30416870, 4.79392004, 44.37298965, -114.61560822, 3.38550735, 4.69799042, -1.02434862, 0.99867296, -0.02988003, -0.04070284, 0.01013827, -0.22719938, 0.14344275, 0.29109377, 0.00000000, 0.00000000, 0.00000000, 0.00000000
5, 0.0300, 3, 1.18644941, 0.65678358, -0.33380011, 58.38538742, -46.40946579, 132.56858826, 4.53083897, 43.99298477, -115.34638977, 4.26736689, 5.93767118, -0.86557204, 0.99792248, -0.03757110, -0.05147453, 0.00946635, -0.29824501, 0.16988359, 0.32561299, 0.00000000, 0.00000000, 0.00000000, 0.00000000
5, 0.0400, 4, 1.30133224, 0.62076700, -0.33963037, 69.60122681, -40.29441833, 151.14923096, 5.14469433, 42.47296143, -115.49254608, 5.20412064, 7.37483931, -0.77264708, 0.99685854, -0.04573707, -0.06393994, 0.00964135, -0.38246900, 0.16514976, 0.38213950, 0.00000000, 0.00000000, 0.00000000, 0.00000000
4, 0.0900, 9, 0.25166756, 0.87540597, -0.28596732, 39.46685791, 15.92890167, 69.54302979, -24.34960556, -0.67231804, -91.84449005, 4.72989416, -0.27186820, -0.86930507, 1.00000000, 0.00000000, 0.00000000, 0.00000000, -0.11317095, 0.01810607, -0.05275937, 101.54500580, -18.29767227, 40.47999954, 0.00000000
4, 0.1000, 10, 0.24485479, 0.91605055, -0.33603793, 45.08617401, 28.61182404, 77.50624847, -23.88190651, -1.75387311, -91.34755707, 5.84628820, 1.29579294, -0.79874444, 1.00000000, 0.00000000, 0.00000000, 0.00000000, -0.08153804, 0.04854726, -0.00341508, 101.54500580, -18.29767227, 40.47999954, 0.00000000
5, 0.0500, 5, 1.37508023, 0.62304926, -0.34371611, 74.62443542, -47.13423538, 169.57000732, 5.14469433, 42.47296143, -115.49254608, 6.25516224, 8.97848320, -0.60249031, 0.99541104, -0.05480225, -0.07786825, 0.00950417, -0.40778986, 0.15194066, 0.43963495, 0.00000000, 0.00000000, 0.00000000, 0.00000000
5, 0.0600, 6, 1.44805598, 0.66564000, -0.36820152, 77.23933411, -59.33129501, 187.56074524, 4.94007587, 41.09909439, -115.93101501, 7.91377068, 12.59478092, -1.43704367, 0.99142373, -0.06995624, -0.10855880, 0.02000344, -0.39290774, 0.14943355, 0.53155965, 0.00000000, 0.00000000, 0.00000000, 0.00000000
5, 0.0700, 7, 1.48485935, 0.68600106, -0.39659187, 81.70939636, -75.21046448, 204.33599854, 4.41391420, 39.98830795, -116.16486359, 9.33157921, 14.46056175, -0.93984896, 0.98864365, -0.08172268, -0.12477438, 0.01834679, -0.34832484, 0.14797883, 0.58978617, 0.00000000, 0.00000000, 0.00000000, 0.00000000
5, 0.0800, 8, 1.46895373, 0.63388777, -0.40984213, 86.61563873, -95.66213989, 217.28115845, 4.26775789, 37.15287781, -116.60333252, 11.00628090, 16.38785744, -0.23752442, 0.98519897, -0.09521512, -0.14167005, 0.01571023, -0.33833778, 0.14362095, 0.55531865, 0.00000000, 0.00000000, 0.00000000, 0.00000000
4, 0.1100, 11, 0.26463738, 0.96497262, -0.38448030, 53.30050278, 38.46638489, 84.68156433, -23.61882401, -1.90002918, -91.46448517, 6.33514500, 2.22885966, -0.98321044, 1.00000000, 0.00000000, 0.00000000, 0.00000000, -0.06664006, 0.06876636, 0.05903815, 101.54500580, -18.29767227, 40.47999954, 0.00000000
4, 0.1200, 12, 0.31983855, 1.00391507, -0.39693946, 60.80328369, 43.59096146, 95.29313660, -23.61882401, -1.90002918, -91.46448517, 6.88965845, 3.28177524, -1.18547475, 1.00000000, 0.00000000, 0.00000000, 0.00000000, -0.09715685, 0.06377320, 0.10970021, 101.54500580, -18.29767227, 40.47999954, 0.00000000
2, 0.0200, 2, 1.42022073, 1.14051437, 0.49455488, 1.86331761, -21.56682205, 75.97914124, 45.33761978, 36.74364090, 52.00233841, -8.30691528, 5.04999352, 2.07899618, 0.99618351, 0.07314292, -0.04261960, -0.02126676, -0.73994660, -0.07536095, 0.69845438, 0.00000000, 0.00000000, 0.00000000, 0.00000000
2, 0.0300, 3, 1.44502223, 1.11733294, 0.52744883, 3.21705532, -35.33421326, 102.33324432, 45.68839645, 36.12978745, 51.41771317, -8.24102306, 6.12847662, 2.01011634, 0.99576855, 0.07267594, -0.05205059, -0.02131075, -0.75182819, -0.11370493, 0.69585651, 0.00000000, 0.00000000, 0.00000000, 0.00000000
2, 0.0400, 4, 1.46040177, 1.07143593, 0.46992421, 9.94159317, -46.21671677, 131.70452881, 45.68839645, 36.12978745, 51.41771317, -7.97488451, 11.44738007, 1.74174547, 0.99238575, 0.07069527, -0.09842658, -0.02202091, -0.74990737, -0.07143705, 0.65360785, 0.00000000, 0.00000000, 0.00000000, 0.00000000
2, 0.0500, 5, 1.48389101, 1.00043237, 0.42780292, 20.00784302, -46.72577286, 170.35522461, 46.47763824, 34.58053207, 51.18386459, -7.82366085, 13.19319057, 1.47277761, 0.99088269, 0.06923700, -0.11373001, -0.02057370, -0.72410220, -0.05289437, 0.60331309, 0.00000000, 0.00000000, 0.00000000, 0.00000000
4, 0.1300, 13, 0.35175890, 1.00233293, -0.39979765, 69.14991760, 45.06649017, 106.62263489, -22.88804436, -3.59543991, -91.52294922, 7.52554512, 4.45022345, -1.36692655, 1.00000000, 0.00000000, 0.00000000, 0.00000000, -0.10920241, 0.05659621, 0.11626324, 101.54500580, -18.29767227, 40.47999954, 0.00000000
5, 0.0900, 9, 1.41077781, 0.56639922, -0.40448692, 91.56303406, -116.34704590, 224.68199158, 3.47851491, 36.33440399, -117.30487823, 12.94810581, 18.31042671, 0.67161298, 0.98105359, -0.11038836, -0.15874453, 0.01219046, -0.30954218, 0.11945696, 0.48170501, 0.00000000, 0.00000000, 0.00000000, 0.00000000
5, 0.1000, 10, 1.28722584, 0.52755690, -0.35667694, 95.33683777, -129.06298828, 228.32679749, 3.47851491, 36.33440399, -117.30487823, 15.08779430, 20.20163918, 1.73980856, 0.97621655, -0.12659638, -0.17580502, 0.00820491, -0.21842484, 0.04662885, 0.38258177, 0.00000000, 0.00000000, 0.00000000, 0.00000000
5, 0.1100, 11, 1.15046406, 0.55305362, -0.31338096, 101.83693695, -130.35855103, 232.41943359, 3.24466538, 34.66822433, -117.62642670, 15.95708752, 21.40287209, 1.56509447, 0.97335792, -0.13386391, -0.18573929, 0.01248178, -0.07715894, -0.02666993, 0.32146758, 0.00000000, 0.00000000, 0.00000000, 0.00000000
2, 0.0600, 6, 1.63076174, 0.94386959, 0.43322694, 26.18283272, -41.78401947, 204.96992493, 46.74071884, 33.90821457, 50.95001221, -7.72071362, 15.24299145, 1.01562119, 0.98879910, 0.06790037, -0.13173068, -0.01769346, -0.84745753, -0.07428275, 0.61932838, 0.00000000, 0.00000000, 0.00000000, 0.00000000
4, 0.1400, 14, 0.36948773, 0.94283581, -0.38577259, 75.18828583, 44.64247894, 117.80996704, -22.30341911, -3.62467122, -90.99678040, 8.22563171, 5.72582865, -1.50263000, 1.00000000, 0.00000000, 0.00000000, 0.00000000, -0.11486982, 0.04374092, 0.06202190, 101.54500580, -18.29767227, 40.47999954, 0.00000000
5, 0.1200, 12, 1.06576943, 0.58090496, -0.28393871, 109.70203400, -126.71403503, 237.26092529, 2.22157264, 32.82666016, -118.12335205, 18.26838303, 23.35579681, 2.68471050, 0.96737015, -0.15073708, -0.20342985, 0.00947258, 0.02361347, -0.07640552, 0.29558793, 0.00000000, 0.00000000, 0.00000000, 0.00000000
5, 0.1300, 13, 1.04967868, 0.58326805, -0.28809109, 115.45034790, -124.35663605, 242.72959900, 1.34463608, 28.85121346, -118.50335693, 20.67650795, 25.33533287, 3.87691188, 0.96060109, -0.16769305, -0.22153459, 0.00686523, 0.06891136, -0.10413635, 0.31189254, 0.00000000, 0.00000000, 0.00000000, 0.00000000
4, 0.1500, 15, 0.37967518, 0.86534429, -0.37214413, 75.10388947, 40.66840744, 125.87068939, -21.16340256, -4.96930695, -91.72756195, 9.36072540, 8.32544041, -1.73387146, 1.00000000, 0.00000000, 0.00000000, 0.00000000, -0.10901353, 0.03292555, -0.00885850, 101.54500580, -18.29767227, 40.47999954, 0.00000000
2, 0.0700, 7, 1.70619643, 0.96215802, 0.52133054, 24.77485847, -45.22373199, 229.32572937, 47.26688004, 31.83279800, 50.21923447, -7.67047310, 17.53407669, 0.50689375, 0.98604822, 0.06677807, -0.15178202, -0.01455670, -0.86465949, -0.15839642, 0.69411719, 0.00000000, 0.00000000, 0.00000000, 0.00000000
2, 0.0800, 8, 1.73017311, 1.01225567, 0.57386339, 23.69665337, -52.19723511, 249.47671509, 48.17304993, 28.85121346, 49.57614517, -7.64521027, 20.03892517, -0.01180226, 0.98255908, 0.06563289, -0.17360230, -0.01149779, -0.82247961, -0.20027792, 0.77225947, 0.00000000, 0.00000000, 0.00000000, 0.00000000
2, 0.0900, 9, 1.78058445, 1.06527257, 0.61318654, 27.17397881, -62.54978180, 273.24401855, 48.17304993, 28.85121346, 49.57614517, -8.22005749, 24.65357208, -1.47314453, 0.97454971, 0.06727653, -0.21382058, -0.00277320, -0.79393911, -0.22708252, 0.86742616, 0.00000000, 0.00000000, 0.00000000, 0.00000000
2, 0.1000, 10, 1.82373345, 1.11342406, 0.59273815, 32.73798752, -79.86073303, 294.94931030, 49.04998398, 27.30195808, 49.10844803, -8.11054230, 27.67125320, -1.99768651, 0.96870244, 0.06449820, -0.23969924, -0.00002486, -0.74835181, -0.19426805, 0.95456398, 0.00000000, 0.00000000, 0.00000000, 0.00000000
4, 0.1600, 16, 0.38343152, 0.81361240, -0.36104923, 71.29489899, 35.04335403, 129.89807129, -20.92955208, -6.60625553, -91.43524933, 10.06025696, 9.68077755, -1.68902016, 1.00000000, 0.00000000, 0.00000000, 0.00000000, -0.08139054, 0.01625054, -0.05223565, 101.54500580, -18.29767227, 40.47999954, 0.00000000
4, 0.1700, 17, 0.37934726, 0.78457052, -0.36164925, 66.42344666, 33.94527817, 132.19874573, -20.92955208, -6.60625553, -91.43524933, 10.72289848, 11.05127048, -1.60086799, 1.00000000, 0.00000000, 0.00000000, 0.00000000, -0.05838553, 0.01211748, -0.07475068, 101.54500580, -18.29767227, 40.47999954, 0.00000000
5, 0.1400, 14, 1.04803085, 0.55230558, -0.29762846, 117.48295593, -128.12818909, 247.52116394, 0.05846244, 25.86962891, -119.26337433, 23.23352432, 27.29809380, 5.21964788, 0.95303059, -0.18495001, -0.23981068, 0.00412551, 0.08119214, -0.12170196, 0.31728020, 0.00000000, 0.00000000, 0.00000000, 0.00000000
2, 0.1100, 11, 1.79024839, 1.10407937, 0.57846820, 38.11014175, -98.74867249, 314.69808960, 49.57614517, 25.40192986, 48.43613052, -7.88441706, 30.93836403, -2.44443846, 0.96166617, 0.06056891, -0.26744166, 0.00217590, -0.67357785, -0.18899330, 0.95546335, 0.00000000, 0.00000000, 0.00000000, 0.00000000
2, 0.1200, 12, 1.68270922, 1.06528950, 0.55467635, 43.80935669, -112.84199524, 333.43374634, 49.10844803, 22.82958221, 47.38380432, -7.56831646, 34.42867661, -2.84777403, 0.95331287, 0.05568417, -0.29677710, 0.00415820, -0.54105037, -0.18318669, 0.90346491, 0.00000000, 0.00000000, 0.00000000, 0.00000000
2, 0.1300, 13, 1.53445685, 0.99212486, 0.52819544, 47.39290619, -115.70892334, 353.81005859, 49.37152863, 19.76030350, 46.24378967, -7.28710747, 38.11990356, -3.31735754, 0.94347250, 0.05060683, -0.32749927, 0.00655946, -0.38348579, -0.18329599, 0.80926675, 0.00000000, 0.00000000, 0.00000000, 0.00000000
5, 0.1500, 15, 0.98212254, 0.49559647, -0.25959584, 115.94541168, -132.57652283, 250.92237854, -1.60771704, 27.00964546, -119.73107147, 25.94069290, 29.20915604, 6.74764681, 0.94469601, -0.20235786, -0.25806955, 0.00099957, 0.11745296, -0.18276432, 0.25807980, 0.00000000, 0.00000000, 0.00000000, 0.00000000
4, 0.1800, 18, 0.38229984, 0.77390736, -0.35452795, 62.88171768, 37.42295456, 134.34500122, -20.19877243, -7.45396090, -91.84449005, 11.34749603, 12.45293713, -1.51474559, 1.00000000, 0.00000000, 0.00000000, 0.00000000, -0.03939136, -0.00246327, -0.07935827, 101.54500580, -18.29767227, 40.47999954, 0.00000000
2, 0.1400, 14, 1.46551692, 1.00000763, 0.49073988, 49.57987595, -109.96310425, 370.35296631, 49.37152863, 19.76030350, 46.24378967, -7.74989986, 39.63750076, -5.32136440, 0.93867099, 0.04780497, -0.34085718, 0.02068391, -0.27662158, -0.15009688, 0.81543511, 0.00000000, 0.00000000, 0.00000000, 0.00000000
4, 0.1900, 19, 0.40145674, 0.76810324, -0.33701852, 62.34375763, 40.15380478, 136.09902954, -19.76030350, -9.82168961, -91.63986969, 11.96497250, 13.88037968, -1.42995059, 1.00000000, 0.00000000, 0.00000000, 0.00000000, -0.03563218, -0.02761888, -0.07813302, 101.54500580, -18.29767227, 40.47999954, 0.00000000
2, 0.1500, 15, 1.47084928, 0.97678185, 0.44791538, 46.26541138, -103.17990112, 381.12997437, 49.34229660, 16.72025681, 45.89301300, -7.80343390, 43.53899384, -6.11898088, 0.92655736, 0.04335368, -0.37285921, 0.02425137, -0.26618248, -0.11136260, 0.81285280, 0.00000000, 0.00000000, 0.00000000, 0.00000000
2, 0.1600, 16, 1.52871144, 1.01164901, 0.34880805, 42.43352509, -111.27424622, 391.23031616, 48.61151505, 13.70944118, 44.54837799, -7.90356398, 47.56437302, -6.90828133, 0.91292554, 0.03871176, -0.40537068, 0.02726144, -0.26511705, -0.01221667, 0.89390147, 0.00000000, 0.00000000, 0.00000000, 0.00000000
2, 0.1700, 17, 1.39082932, 0.99216700, 0.37326866, 41.01017761, -122.80595398, 401.36907959, 48.72844315, 8.71090317, 44.16837311, -7.99541092, 51.72491074, -7.66506958, 0.89767969, 0.03350800, -0.43837073, 0.02965647, -0.09578589, -0.04687001, 0.88027477, 0.00000000, 0.00000000, 0.00000000, 0.00000000
2, 0.1800, 18, 1.25297868, 1.01872909, 0.32235420, 43.34017944, -125.03804779, 410.37106323, 47.17918777, 7.27857351, 43.43759155, -8.20459557, 55.97482681, -8.55092907, 0.88084012, 0.02809961, -0.47148210, 0.03218678, 0.08154030, 0.00231583, 0.89683169, 0.00000000, 0.00000000, 0.00000000, 0.00000000
5, 0.1600, 16, 0.86396134, 0.44067779, -0.16650160, 110.30982208, -134.46119690, 249.77491760, -1.60771704, 27.00964546, -119.73107147, 23.71159744, 29.19592667, 3.94243979, 0.94829524, -0.19021481, -0.25335121, 0.01917273, 0.17922434, -0.28270614, 0.14911810, 0.00000000, 0.00000000, 0.00000000, 0.00000000
4, 0.2000, 20, 0.41620365, 0.73840934, -0.31406340, 63.14262390, 37.53853989, 137.97102356, -19.17568016, -9.47091484, -91.23063660, 12.12180138, 16.00380516, -2.19841123, 1.00000000, 0.00000000, 0.00000000, 0.00000000, -0.02838416, -0.05093999, -0.10065226, 101.54500580, -18.29767227, 40.47999954, 0.00000000
2, 0.1900, 19, 1.11520505, 1.00730646, 0.30055666, 50.92103195, -122.38018799, 418.98953247, 47.17918777, 7.27857351, 43.43759155, -6.73710680, 53.57218552, -8.97314930, 0.89049363, 0.01710044, -0.45260674, 0.04331186, 0.22707708, 0.01395166, 0.86498845, 0.00000000, 0.00000000, 0.00000000, 0.00000000
2, 0.2000, 20, 1.03888881, 0.99259812, 0.30558228, 59.35023880, -118.85807800, 428.74505615, 46.71148682, 2.68927217, 42.23910904, -7.01778507, 57.97697449, -10.05346489, 0.87231839, 0.01094554, -0.48655564, 0.04695230, 0.28599778, -0.00301456, 0.81157219, 0.00000000, 0.00000000, 0.00000000, 0.00000000
2, 0.2100, 21, 0.97421682, 0.92714286, 0.35494393, 66.83144379, -113.11866760, 437.62814331, 44.25606537, 0.32154340, 42.15141678, -7.67962742, 62.43681717, -11.56598473, 0.85243285, 0.00487143, -0.52027690, 0.05144453, 0.36516029, -0.06985561, 0.80400282, 0.00000000, 0.00000000, 0.00000000, 0.00000000
2, 0.2200, 22, 0.94800693, 0.88676244, 0.35162228, 71.64884949, -106.98081207, 446.78930664, 42.29757309, -2.42619109, 41.47909927, -8.98612499, 66.94426727, -13.74417686, 0.83078623, -0.00091282, -0.55370492, 0.05660683, 0.40904811, -0.07742693, 0.82721317, 0.00000000, 0.00000000, 0.00000000, 0.00000000
4, 0.2100, 21, 0.42397392, 0.68614495, -0.28866717, 61.22124481, 29.21141052, 138.59309387, -19.17568016, -9.47091484, -91.23063660, 12.79073429, 17.40721703, -1.97624481, 1.00000000, 0.00000000, 0.00000000, 0.00000000, -0.01247474, -0.06778432, -0.14503510, 101.54500580, -18.29767227, 40.47999954, 0.00000000
4, 0.2200, 22, 0.42909700, 0.62921768, -0.26309091, 53.95241928, 15.44199848, 138.04406738, -18.35720444, -10.87401295, -91.99064636, 13.46313381, 18.74235916, -1.59630990, 1.00000000, 0.00000000, 0.00000000, 0.00000000, -0.00452760, -0.09030850, -0.19496591, 101.54500580, -18.29767227, 40.47999954, 0.00000000
4, 0.2300, 23, 0.43459472, 0.59850556, -0.24180484, 43.58317184, -1.08472705, 138.05221558, -17.71411896, -11.45863724, -91.75679779, 14.13057327, 19.99795532, -1.02437246, 1.00000000, 0.00000000, 0.00000000, 0.00000000, 0.00584406, -0.11377369, -0.21847266, 101.54500580, -18.29767227, 40.47999954, 0.00000000
2, 0.2300, 23, 0.83960140, 0.87402469, 0.30768579, 77.05185699, -104.60248566, 449.29333496, 42.29757309, -2.42619109, 41.47909927, -11.23531914, 71.43159485, -16.89980888, 0.80764914, -0.00675306, -0.58633369, 0.06221046, 0.52982974, -0.03720101, 0.83734441, 0.00000000, 0.00000000, 0.00000000, 0.00000000
5, 0.1700, 17, 0.82090598, 0.38317683, -0.07437439, 106.54240417, -132.32513428, 247.20985413, -2.48465347, 24.75884247, -120.31569672, 26.43312263, 31.03789711, 5.56053638, 0.93988365, -0.20740312, -0.27084920, 0.01560071, 0.17008060, -0.35034904, 0.06528200, 0.00000000, 0.00000000, 0.00000000, 0.00000000
2, 0.2400, 24, 0.65402526, 0.87268436, 0.14986156, 83.60037994, -99.33963013, 447.03015137, 39.54983902, -5.02776957, 41.30371094, -4.63812780, 65.99969482, -11.88668442, 0.83576286, -0.02259436, -0.54477936, 0.06484928, 0.69548690, 0.11014186, 0.76286709, 0.00000000, 0.00000000, 0.00000000, 0.00000000
2, 0.2500, 25, 0.56992549, 0.83236355, 0.02646178, 90.97971344, -94.30993652, 446.43307495, 37.38673019, -8.76936531, 42.00526047, -6.05201674, 70.49967957, -14.26161289, 0.81297910, -0.02876717, -0.57723176, 0.07100138, 0.73038566, 0.19947773, 0.61513197, 0.00000000, 0.00000000, 0.00000000, 0.00000000
2, 0.2600, 26, 0.43708664, 0.79943347, 0.00479548, 95.93283844, -86.57455444, 446.15625000, 33.90821457, -9.79245853, 41.77141190, -8.87918282, 74.93374634, -18.06743622, 0.78890181, -0.03454942, -0.60860157, 0.07774684, 0.86316955, 0.21691391, 0.60334432, 0.00000000, 0.00000000, 0.00000000, 0.00000000
4, 0.2400, 24, 0.40569282, 0.58864391, -0.23043254, 35.57065582, -17.17564011, 136.97074890, -17.68488693, -12.71557999, -91.75679779, 14.81802845, 21.16310883, -0.27243084, 1.00000000, 0.00000000, 0.00000000, 0.00000000, 0.05213865, -0.13185242, -0.22519037, 101.54500580, -18.29767227, 40.47999954, 0.00000000
2, 0.2700, 27, 0.39325652, 0.76035303, 0.06764835, 100.96484375, -78.82832336, 443.72894287, 31.83279800, -11.80941200, 42.20988083, -14.75911999, 79.21656036, -24.94519615, 0.76369327, -0.03993076, -0.63870436, 0.08505809, 0.91319668, 0.15339710, 0.64001107, 0.00000000, 0.00000000, 0.00000000, 0.00000000
4, 0.2500, 25, 0.34098816, 0.57937574, -0.23927684, 31.87616920, -27.18016815, 133.29022217, -17.21718788, -14.00175381, -91.81525421, 14.41383171, 21.61422920, -0.65392411, 1.00000000, 0.00000000, 0.00000000, 0.00000000, 0.13038775, -0.12643126, -0.23498669, 101.54500580, -18.29767227, 40.47999954, 0.00000000
2, 0.2800, 28, 0.38294306, 0.71050394, 0.16501163, 105.97731781, -71.91838837, 437.69165039, 31.83279800, -11.80941200, 42.20988083, -28.64545250, 83.10231781, -39.85178375, 0.73761570, -0.04497564, -0.66729176, 0.09285501, 0.92513490, 0.05617855, 0.68766880, 0.00000000, 0.00000000, 0.00000000, 0.00000000
5, 0.1800, 18, 0.82361275, 0.31376612, -0.04872578, 105.02839661, -129.37481689, 246.37055969, -3.91698337, 23.41420555, -120.37416077, 29.22939873, 32.81233215, 7.29757404, 0.93089926, -0.22416016, -0.28815567, 0.01204744, 0.14562748, -0.39551124, 0.04731248, 0.00000000, 0.00000000, 0.00000000, 0.00000000
2, 0.2900, 29, 0.36526048, 0.65365756, 0.24513422, 107.26171112, -62.05665207, 429.10766602, 27.82811928, -13.32943535, 42.99912262, -27.21134758, 74.69746399, -30.80344582, 0.78280365, 0.02368915, -0.61813027, 0.06761857, 0.92526209, -0.01071106, 0.67064035, 0.00000000, 0.00000000, 0.00000000, 0.00000000
2, 0.3000, 30, 0.31092849, 0.50769848, 0.21535029, 108.10536194, -49.44419479, 417.06533813, 23.91113663, -14.55714703, 43.26220322, -38.64221191, 77.74847412, -43.39480591, 0.75939631, 0.02037135, -0.64553297, 0.07867309, 0.90160906, 0.03483575, 0.43069813, 0.00000000, 0.00000000, 0.00000000, 0.00000000
2, 0.3100, 31, 0.33880648, 0.46260738, 0.06593441, 103.64446259, -36.81456757, 403.33264160, 21.01724625, -15.66793346, 43.81759644, -56.03829575, 79.80818939, -61.86349487, 0.73579651, 0.01802105, -0.67100757, 0.08959674, 0.85424048, 0.18328895, 0.43755460, 0.00000000, 0.00000000, 0.00000000, 0.00000000
4, 0.2600, 26, 0.31046256, 0.57449043, -0.24632363, 32.04174423, -31.61156464, 127.77893066, -17.21718788, -14.00175381, -91.81525421, 15.14705276, 22.62761307, 0.21129388, 1.00000000, 0.00000000, 0.00000000, 0.00000000, 0.16918446, -0.11580234, -0.23998940, 101.54500580, -18.29767227, 40.47999954, 0.00000000
4, 0.2700, 27, 0.29765812, 0.56116271, -0.24321713, 31.40846634, -33.79452133, 122.86679840, -17.39257431, -14.84945869, -91.52294922, 15.89636230, 23.57666588, 1.09421682, 1.00000000, 0.00000000, 0.00000000, 0.00000000, 0.19530216, -0.12591766, -0.24605104, 101.54500580, -18.29767227, 40.47999954, 0.00000000
4, 0.2800, 28, 0.28869149, 0.54713494, -0.22254814, 31.88516235, -35.12162399, 118.50482941, -17.53873062, -16.04793930, -92.34142303, 16.66778183, 24.47039223, 1.98637271, 1.00000000, 0.00000000, 0.00000000, 0.00000000, 0.21592838, -0.15315481, -0.25573844, 101.54500580, -18.29767227, 40.47999954, 0.00000000
5, 0.1900, 19, 0.85425174, 0.26914468, -0.08439650, 104.83193970, -125.95446014, 248.20716858, -4.96930695, 21.10494041, -120.60800934, 32.11973190, 34.54220581, 9.16454220, 0.92127210, -0.24053028, -0.30549896, 0.00855950, 0.12208451, -0.38198251, 0.07456992, 0.00000000, 0.00000000, 0.00000000, 0.00000000
4, 0.2900, 29, 0.28865632, 0.52284157, -0.19459459, 32.70537567, -37.37257767, 114.79915619, -17.30488205, -16.89564514, -92.54603577, 17.47027206, 25.30991745, 2.89843798, 1.00000000, 0.00000000, 0.00000000, 0.00000000, 0.22493151, -0.18567307, -0.27534348, 101.54500580, -18.29767227, 40.47999954, 0.00000000
2, 0.3200, 32, 0.34862798, 0.39194146, -0.07678006, 99.60765839, -31.56874657, 388.00527954, 18.29874229, -17.27565002, 44.31452560, -77.97867584, 80.46936035, -84.81898499, 0.71219283, 0.01604363, -0.69462222, 0.10012044, 0.80897295, 0.32087767, 0.41346315, 0.00000000, 0.00000000, 0.00000000, 0.00000000
4, 0.3000, 30, 0.28487241, 0.49560353, -0.16311477, 30.07093430, -44.67415619, 111.56404114, -17.48026848, -17.36334419, -92.83834839, 15.66799831, 24.94628334, 1.21912217, 1.00000000, 0.00000000, 0.00000000, 0.00000000, 0.23149112, -0.21205029, -0.30419025, 101.54500580, -18.29767227, 40.47999954, 0.00000000
2, 0.3300, 33, 0.31691206, 0.34324959, -0.19098561, 96.86545563, -24.41431427, 373.15835571, 18.29874229, -17.27565002, 44.31452560, -98.61795044, 79.61333466, -106.42160797, 0.68869704, 0.01456395, -0.71644658, 0.11040236, 0.80816871, 0.43676174, 0.39585674, 0.00000000, 0.00000000, 0.00000000, 0.00000000
5, 0.2000, 20, 0.79068363, 0.28304702, -0.11100439, 104.23434448, -128.15579224, 247.54891968, -7.07395506, 19.70184135, -120.78339386, 35.15660477, 36.17082214, 11.18944454, 0.91103029, -0.25686902, -0.32251742, 0.00496009, 0.20455384, -0.38464963, 0.08105262, 0.00000000, 0.00000000, 0.00000000, 0.00000000
2, 0.3400, 34, 0.24348417, 0.24835591, -0.22857252, 94.62062073, -16.30060196, 360.79925537, 15.31715870, -16.74948883, 45.33761978, 120.61669922, 83.26497650, 72.70830536, 0.64026910, -0.32784942, -0.64990711, 0.24533862, 0.83467048, 0.39440352, 0.32741016, 0.00000000, 0.00000000, 0.00000000, 0.00000000
4, 0.3100, 31, 0.26770028, 0.47138071, -0.14755930, 26.75095367, -54.78195953, 106.82662964, -17.48026848, -17.36334419, -92.83834839, 16.49466515, 25.64557076, 2.25446391, 1.00000000, 0.00000000, 0.00000000, 0.00000000, 0.24230652, -0.20525847, -0.33968163, 101.54500580, -18.29767227, 40.47999954, 0.00000000
5, 0.2100, 21, 0.59263676, 0.37474316, -0.12627338, 103.54163361, -134.19618225, 240.59611511, -7.07395506, 19.70184135, -120.78339386, 31.33122826, 32.95583725, 8.39685822, 0.92643833, -0.23824309, -0.29133317, 0.00878900, 0.41758153, -0.39535540, 0.02864682, 0.00000000, 0.00000000, 0.00000000, 0.00000000
4, 0.3200, 32, 0.24194850, 0.44842160, -0.12482759, 23.74273682, -63.63109970, 99.97666168, -17.71411896, -18.62028694, -93.24758911, 17.34419823, 26.22726059, 3.36007571, 1.00000000, 0.00000000, 0.00000000, 0.00000000, 0.27326751, -0.23408517, -0.36226806, 101.54500580, -18.29767227, 40.47999954, 0.00000000
4, 0.3300, 33, 0.21160562, 0.42646688, -0.11315849, 22.10770988, -66.64205933, 92.76757050, -18.32797432, -19.40952873, -93.07219696, 18.19189262, 26.71591949, 4.47210217, 1.00000000, 0.00000000, 0.00000000, 0.00000000, 0.30758524, -0.25243807, -0.38284320, 101.54500580, -18.29767227, 40.47999954, 0.00000000
5, 0.2200, 22, 0.34839594, 0.41592225, -0.13649805, 102.39542389, -144.67088318, 223.69371033, -8.36012840, 18.06489372, -121.10494232, 34.32150269, 34.33147430, 10.29213715, 0.91705000, -0.25548029, -0.30614671, 0.00484574, 0.59542483, -0.37792227, -0.14224918, 0.00000000, 0.00000000, 0.00000000, 0.00000000
5, 0.2300, 23, 0.29491830, 0.33007368, -0.08474733, 102.14259338, -151.22135925, 212.72720337, -10.43554497, 17.12949371, -120.78339386, 37.41775131, 35.50355911, 12.25639439, 0.90734833, -0.27291280, -0.31974491, 0.00094050, 0.58959341, -0.44632289, -0.21104008, 0.00000000, 0.00000000, 0.00000000, 0.00000000
5, 0.2400, 24, 0.38708493, 0.14920892, -0.01166742, 95.02397156, -147.31785583, 208.59944153, -11.95556831, 16.10640144, -120.63723755, 40.51597595, 36.54895401, 14.31161213, 0.89741421, -0.28957945, -0.33283770, -0.00324157, 0.40855369, -0.52128482, -0.25110346, 0.00000000, 0.00000000, 0.00000000, 0.00000000
4, 0.3400, 34, 0.17390263, 0.41644126, -0.09703851, 21.33436775, -62.30361938, 87.73323822, -17.91873741, -20.49108505, -93.86144257, 19.00620270, 27.16824150, 5.52798128, 1.00000000, 0.00000000, 0.00000000, 0.00000000, 0.34992725, -0.27726224, -0.39429516, 101.54500580, -18.29767227, 40.47999954, 0.00000000
2, 0.3500, 35, 0.19100215, 0.19571276, -0.25460374, 93.64695740, -11.76037025, 346.47921753, 12.21864891, -16.69102669, 45.68839645, 145.29016113, 81.64109802, 96.99153137, 0.61685604, -0.33262751, -0.67015743, 0.24441089, 0.86761767, 0.20314145, 0.29398453, 0.00000000, 0.00000000, 0.00000000, 0.00000000
5, 0.2500, 25, 0.53401554, 0.04188156, 0.00418955, 84.67638397, -134.41935730, 208.07467651, -13.56328583, 14.84945869, -120.95878601, 43.53004837, 37.52961731, 16.45009804, 0.88736796, -0.30474040, -0.34590670, -0.00774723, 0.24107713, -0.54740554, -0.19456083, 0.00000000, 0.00000000, 0.00000000, 0.00000000
2, 0.3600, 36, 0.12812388, 0.16316660, -0.23529391, 92.57978058, -9.15025234, 332.15490723, 10.05553913, -16.25255775, 46.00993729, 159.94802856, 79.18553925, 111.25839996, 0.59375441, -0.33680984, -0.68897539, 0.24357288, 0.90875673, 0.19518299, 0.30204600, 0.00000000, 0.00000000, 0.00000000, 0.00000000
5, 0.2600, 26, 0.62549406, 0.04636795, -0.08137165, 77.92719269, -114.86804199, 206.66366577, -13.56328583, 14.84945869, -120.95878601, 40.08860397, 39.79482269, 20.16670036, 0.89012641, -0.26133066, -0.37120965, -0.03980941, 0.20316133, -0.46727878, -0.09674872, 0.00000000, 0.00000000, 0.00000000, 0.00000000
5, 0.2700, 27, 0.51854104, 0.15339509, -0.17111225, 77.25353241, -101.98500824, 199.32043457, -15.55100822, 14.49868488, -120.28646088, 42.82802963, 40.89005661, 22.16703796, 0.88056958, -0.27320945, -0.38489524, -0.04253978, 0.38960731, -0.35901672, -0.08482764, 0.00000000, 0.00000000, 0.00000000, 0.00000000
5, 0.2800, 28, 0.34852403, 0.26418981, -0.21173039, 79.64356995, -104.76111603, 189.51437378, -16.63256264, 12.92019844, -120.31569672, 45.62085342, 41.84247971, 24.16641235, 0.87092370, -0.28519797, -0.39766908, -0.04487070, 0.60598767, -0.35297215, -0.08290119, 0.00000000, 0.00000000, 0.00000000, 0.00000000
5, 0.2900, 29, 0.30051285, 0.33958098, -0.21111181, 83.80208588, -111.34730530, 185.29098511, -18.44489861, 12.30634308, -119.96492004, 48.54333878, 42.67303467, 26.21902847, 0.86091810, -0.29768029, -0.40988338, -0.04692703, 0.70322645, -0.38281733, -0.02713972, 0.00000000, 0.00000000, 0.00000000, 0.00000000
4, 0.3500, 35, 0.16274649, 0.42762777, -0.08323736, 20.63111687, -51.42637634, 84.77115631, -17.91873741, -20.49108505, -93.86144257, 15.54561520, 24.48453522, 2.52503300, 1.00000000, 0.00000000, 0.00000000, 0.00000000, 0.35698333, -0.28937227, -0.39144379, 101.54500580, -18.29767227, 40.47999954, 0.00000000
4, 0.3600, 36, 0.14459117, 0.45760956, -0.08996570, 19.24834251, -35.59095383, 83.39742279, -18.24028015, -20.40339088, -93.71528625, 16.12648964, 25.06617355, 3.26119518, 1.00000000, 0.00000000, 0.00000000, 0.00000000, 0.35116380, -0.25585976, -0.38933799, 101.54500580, -18.29767227, 40.47999954, 0.00000000
4, 0.3700, 37, 0.11874920, 0.51394415, -0.13075818, 18.07446861, -17.03203201, 82.15617371, -18.32797432, -21.39725113, -93.86144257, 16.59946251, 25.71767998, 3.82403564, 1.00000000, 0.00000000, 0.00000000, 0.00000000, 0.39661402, -0.23414084, -0.32394356, 101.54500580, -18.29767227, 40.47999954, 0.00000000
5, 0.3000, 30, 0.28737372, 0.32933256, -0.19559890, 89.29698181, -111.77421570, 183.26544189, -19.84799767, 11.72171879, -119.99415588, 51.54766464, 43.43859482, 28.30055237, 0.85054106, -0.31022725, -0.42188606, -0.04849035, 0.71454132, -0.41476613, -0.01021984, 0.00000000, 0.00000000, 0.00000000, 0.00000000
5, 0.3100, 31, 0.28184226, 0.22476576, -0.19461405, 94.32111359, -106.18890381, 178.72528076, -19.84799767, 11.72171879, -119.99415588, 49.01481628, 36.72835541, 11.27935314, 0.87223208, -0.36360842, -0.32397223, 0.04519120, 0.63262486, -0.42271984, -0.08181469, 0.00000000, 0.00000000, 0.00000000, 0.00000000
5, 0.3200, 32, 0.28378060, 0.13451314, -0.18182860, 99.07929993, -94.23825073, 170.08134460, -21.80648994, 10.96170712, -119.26337433, 51.53135300, 37.57961655, 12.92326164, 0.86292517, -0.37626684, -0.33454359, 0.04317555, 0.50588435, -0.45380607, -0.19563180, 0.00000000, 0.00000000, 0.00000000, 0.00000000
5, 0.3300, 33, 0.26538959, 0.08849924, -0.14787158, 100.97496796, -77.90898132, 154.98843384, -23.06343079, 10.96170712, -118.82490540, 53.84689331, 38.41488647, 14.38955593, 0.85400689, -0.38748938, -0.34457421, 0.04234132, 0.49663895, -0.49444455, -0.21341662, 0.00000000, 0.00000000, 0.00000000, 0.00000000
2, 0.3700, 37, 0.17110929, 0.15072288, -0.17259027, 86.58461761, -4.86856890, 319.23175049, 7.01549244, -15.37562084, 46.94533539, 168.71122742, 76.43819427, 119.68311310, 0.57115388, -0.34017962, -0.70658112, 0.24249607, 0.86112672, 0.14980248, 0.37593377, 0.00000000, 0.00000000, 0.00000000, 0.00000000
2, 0.3800, 38, 0.18062155, 0.19596907, -0.07872841, 80.18001556, -2.71492696, 307.63363647, 7.01549244, -15.37562084, 46.94533539, 174.31671143, 73.60658264, 124.99851227, 0.54905385, -0.34293190, -0.72306293, 0.24107622, 0.86644417, 0.08701248, 0.49190763, 0.00000000, 0.00000000, 0.00000000, 0.00000000
2, 0.3900, 39, 0.12365042, 0.19095518, 0.00768416, 76.74226379, -2.35803986, 292.48690796, 4.20929527, -14.08944702, 47.88073730, -104.32590485, 64.34024811, -67.22512054, 0.66519868, 0.37593299, -0.64206523, -0.06274998, 0.89980870, 0.12686989, 0.47666574, 0.00000000, 0.00000000, 0.00000000, 0.00000000
5, 0.3400, 34, 0.29274788, 0.07537974, -0.16352963, 98.08246613, -60.44926071, 143.34840393, -23.85267448, 10.28938866, -118.03565979, 55.95035553, 39.24984360, 15.73002338, 0.84558392, -0.39709505, -0.35428715, 0.04223669, 0.48071152, -0.48714852, -0.17327890, 0.00000000, 0.00000000, 0.00000000, 0.00000000
5, 0.3500, 35, 0.33315077, 0.02620515, -0.18049140, 89.65952301, -50.11746216, 139.40798950, -25.37269783, 10.20169544, -117.36334229, 57.94108200, 40.05152512, 17.08204842, 0.83749139, -0.40553316, -0.36385632, 0.04194847, 0.43062755, -0.47114301, -0.15189674, 0.00000000, 0.00000000, 0.00000000, 0.00000000
2, 0.4000, 40, 0.05072925, 0.17983560, 0.05610503, 74.58864594, -3.06548285, 280.58215332, 2.07541656, -14.26483440, 47.73458099, -108.66944885, 62.73773575, -72.57065582, 0.65156972, 0.37955093, -0.65517628, -0.04628214, 0.92122728, 0.41525549, 0.32469186, 0.00000000, 0.00000000, 0.00000000, 0.00000000
4, 0.3800, 38, 0.09593354, 0.57522547, -0.20283692, 20.50045204, 1.97040117, 78.40278625, -17.59719276, -22.01110840, -93.89067078, 16.98454285, 26.42434692, 4.18843746, 1.00000000, 0.00000000, 0.00000000, 0.00000000, 0.44180834, -0.18110545, -0.24671125, 101.54500580, -18.29767227, 40.47999954, 0.00000000
2, 0.4100, 41, 0.00716208, 0.12960745, 0.04190166, 73.91159821, -3.79318213, 270.58370972, 0.00000000, -13.12481689, 48.84536743, -112.31211853, 61.03543854, -77.20838928, 0.63809001, 0.38268954, -0.66743946, -0.03024184, 0.92725688, 0.43173355, 0.29762760, 0.00000000, 0.00000000, 0.00000000, 0.00000000
5, 0.3600, 36, 0.29195920, -0.03578471, -0.19847058, 77.14894104, -49.64347839, 138.38676453, -26.62964058, 9.26629639, -116.74948883, 58.59428787, 40.38246155, 18.12610626, 0.83488655, -0.40611827, -0.36959353, 0.03785777, 0.42936581, -0.45007151, -0.20057242, 0.00000000, 0.00000000, 0.00000000, 0.00000000
5, 0.3700, 37, 0.20768237, -0.06730261, -0.22347976, 65.83304596, -57.30669785, 135.03573608, -26.62964058, 9.26629639, -116.74948883, 60.56856155, 40.92751312, 19.62451935, 0.82725084, -0.41410452, -0.37800568, 0.03585151, 0.47656527, -0.42429328, -0.26511449, 0.00000000, 0.00000000, 0.00000000, 0.00000000
4, 0.3900, 39, 0.10814317, 0.59875655, -0.29965872, 28.79318810, 19.45708466, 73.06484985, -18.44489861, -22.88804436, -94.59222412, 17.33461380, 27.17065239, 4.34830999, 1.00000000, 0.00000000, 0.00000000, 0.00000000, 0.44801036, -0.09495629, -0.19510946, 101.54500580, -18.29767227, 40.47999954, 0.00000000
5, 0.3800, 38, 0.14566498, -0.08415036, -0.25209886, 59.00552750, -63.66756821, 126.89151764, -27.59427071, 9.82168961, -116.39871216, 62.52611542, 41.31662369, 21.10627747, 0.81983483, -0.42215416, -0.38540137, 0.03350496, 0.51918864, -0.40181786, -0.29149568, 0.00000000, 0.00000000, 0.00000000, 0.00000000
5, 0.3900, 39, 0.16613972, -0.09859649, -0.29570374, 55.67475891, -67.27264404, 115.45602417, -28.50043869, 9.23706532, -115.84332275, 64.41608429, 41.58203125, 22.49305725, 0.81272888, -0.43014321, -0.39175242, 0.03128561, 0.50266808, -0.36496359, -0.25957280, 0.00000000, 0.00000000, 0.00000000, 0.00000000
5, 0.4000, 40, 0.21077205, -0.11416677, -0.31298593, 55.36990356, -66.07485962, 106.74292755, -29.52353096, 8.82782841, -116.10639954, 66.22801971, 41.79254150, 23.78414154, 0.80585462, -0.43785834, -0.39750791, 0.02942517, 0.46413302, -0.35358199, -0.21579498, 0.00000000, 0.00000000, 0.00000000, 0.00000000
5, 0.4100, 41, 0.19743979, -0.13407998, -0.35403627, 54.76867294, -61.22831726, 96.82365417, -30.66354752, 8.88629055, -115.37561798, 71.80975342, 38.29028702, 18.63754845, 0.78623700, -0.50367880, -0.35184944, 0.06588697, 0.45457965, -0.33134335, -0.20485921, 0.00000000, 0.00000000, 0.00000000, 0.00000000
5, 0.4200, 42, 0.12309023, -0.14171621, -0.37210542, 54.34908676, -53.95555115, 86.01348877, -30.66354752, 8.88629055, -115.37561798, 73.26540375, 38.41899872, 19.62302971, 0.78016782, -0.51022601, -0.35618961, 0.06431672, 0.47067505, -0.36032754, -0.21328476, 0.00000000, 0.00000000, 0.00000000, 0.00000000
4, 0.4000, 40, 0.14613929, 0.54661006, -0.39202476, 40.14472198, 31.68315697, 65.92491150, -18.44489861, -22.88804436, -94.59222412, 19.47901917, 23.53475571, -0.48742831, 1.00000000, 0.00000000, 0.00000000, 0.00000000, 0.39988789, -0.00653761, -0.21878047, 101.54500580, -18.29767227, 40.47999954, 0.00000000
4, 0.4100, 41, 0.22097626, 0.44577435, -0.40850359, 49.97531891, 40.99620819, 59.56712723, -18.67874908, -23.73575020, -93.62759399, 19.88084221, 24.28245735, -0.60498405, 1.00000000, 0.00000000, 0.00000000, 0.00000000, 0.27103123, -0.00137687, -0.31059209, 101.54500580, -18.29767227, 40.47999954, 0.00000000
4, 0.4200, 42, 0.29133973, 0.34611732, -0.39196980, 43.65052795, 43.29262924, 53.18386459, -18.26951218, -24.40806770, -93.71528625, 20.19525337, 24.98527145, -0.76580882, 1.00000000, 0.00000000, 0.00000000, 0.00000000, 0.19708754, -0.00037596, -0.39229086, 101.54500580, -18.29767227, 40.47999954, 0.00000000
5, 0.4300, 43, 0.07640312, -0.16833188, -0.41943532, 49.78154755, -45.78350067, 77.62604523, -31.16047859, 8.88629055, -114.96638489, 74.56680298, 38.54444885, 20.51306915, 0.77465963, -0.51591539, -0.36022729, 0.06300870, 0.49318320, -0.31369656, -0.24131456, 0.00000000, 0.00000000, 0.00000000, 0.00000000
2, 0.4200, 42, -0.03253601, 0.01625093, 0.03761297, 71.34809113, -6.21789265, 263.36456299, -1.81233561, -12.10172462, 49.13768005, -115.42940521, 59.27687073, -81.31005096, 0.62457675, 0.38535514, -0.67910904, -0.01470667, 0.90500635, 0.42356631, 0.21579824, 0.00000000, 0.00000000, 0.00000000, 0.00000000
2, 0.4300, 43, -0.01591855, -0.07944679, 0.00483305, 64.33061981, -5.41350460, 258.67828369, -1.81233561, -12.10172462, 49.13768005, -118.16964722, 57.46511841, -84.97129822, 0.61078119, 0.38796574, -0.69023830, 0.00013551, 0.83394438, 0.44646454, 0.16470177, 0.00000000, 0.00000000, 0.00000000, 0.00000000
2, 0.4400, 44, -0.09967421, -0.15039480, -0.05174425, 57.16515732, -7.18744850, 250.46772766, -4.20929527, -10.90324497, 50.27769470, -142.44406128, 55.19287109, -147.34371948, 0.50109780, 0.09278846, -0.84714222, 0.15047124, 0.86026984, 0.46283036, 0.13136108, 0.00000000, 0.00000000, 0.00000000, 0.00000000
5, 0.4400, 44, 0.07498831, -0.21259907, -0.48317957, 40.65236282, -38.80292511, 73.73743439, -32.09587860, 7.13241720, -114.29406738, 75.73424530, 38.64007187, 21.37473297, 0.76971889, -0.52078044, -0.36407465, 0.06140375, 0.47193027, -0.24762027, -0.25146925, 0.00000000, 0.00000000, 0.00000000, 0.00000000
4, 0.4300, 43, 0.34992462, 0.30612108, -0.37694830, 28.43034172, 40.05058670, 46.90794754, -17.94796753, -24.55422401, -92.77988434, 20.36944008, 25.61004639, -0.90614110, 1.00000000, 0.00000000, 0.00000000, 0.00000000, 0.14291385, -0.00847520, -0.41894457, 101.54500580, -18.29767227, 40.47999954, 0.00000000
4, 0.4400, 44, 0.40781450, 0.33876234, -0.37634239, 13.89350986, 33.12642670, 42.32997513, -17.62642479, -25.10961723, -93.39374542, 20.43494606, 26.15156746, -0.98480743, 1.00000000, 0.00000000, 0.00000000, 0.00000000, 0.09979192, -0.01583896, -0.37376657, 101.54500580, -18.29767227, 40.47999954, 0.00000000
5, 0.4500, 45, 0.14141750, -0.26808652, -0.49913725, 29.62671852, -33.46202850, 71.46381378, -33.17743301, 8.09704781, -113.91406250, 76.78036499, 38.68605042, 22.23111916, 0.76533806, -0.52491605, -0.36770830, 0.05925720, 0.38833919, -0.22692370, -0.23021895, 0.00000000, 0.00000000, 0.00000000, 0.00000000
4, 0.4500, 45, 0.45496649, 0.41803601, -0.40569320, 5.53341293, 25.53155518, 38.39232635, -17.62642479, -25.10961723, -93.39374542, 22.05155945, 27.12362289, -1.79762745, 1.00000000, 0.00000000, 0.00000000, 0.00000000, 0.07616111, -0.00815778, -0.27680176, 101.54500580, -18.29767227, 40.47999954, 0.00000000
5, 0.4600, 46, 0.13674586, -0.25684991, -0.52538466, 20.20957947, -36.24585342, 68.67810822, -32.70973206, 7.27857351, -113.97251892, 81.91053772, 35.04885483, 19.28619576, 0.74305660, -0.57812357, -0.32889539, 0.07394508, 0.38914952, -0.21754476, -0.19666477, 0.00000000, 0.00000000, 0.00000000, 0.00000000
5, 0.4700, 47, 0.11274961, -0.21646652, -0.48508155, 15.01124287, -40.42978668, 61.12586212, -32.70973206, 7.27857351, -113.97251892, 82.75535583, 34.87073898, 19.99055862, 0.73940468, -0.58205384, -0.33088019, 0.07079944, 0.39064407, -0.30191979, -0.13791075, 0.00000000, 0.00000000, 0.00000000, 0.00000000
4, 0.4600, 46, 0.46342003, 0.47090545, -0.46043810, 6.17574787, 19.07830429, 33.18287277, -17.56796265, -27.06810760, -92.69219208, 22.10427475, 27.50849152, -1.77505088, 1.00000000, 0.00000000, 0.00000000, 0.00000000, 0.09020132, 0.01884386, -0.20035851, 101.54500580, -18.29767227, 40.47999954, 0.00000000
4, 0.4700, 47, 0.46356001, 0.47040990, -0.51198989, 12.62491322, 12.20501709, 24.71755981, -17.39257431, -25.75270271, -92.04911041, 22.22862816, 27.78878593, -1.75248337, 1.00000000, 0.00000000, 0.00000000, 0.00000000, 0.09666137, 0.06895968, -0.18727665, 101.54500580, -18.29767227, 40.47999954, 0.00000000
4, 0.4800, 48, 0.46643981, 0.46066254, -0.55502951, 17.90187263, 3.52641058, 14.65655327, -17.10026360, -28.09120178, -92.07833862, 22.41916847, 27.94046211, -1.72165322, 1.00000000, 0.00000000, 0.00000000, 0.00000000, 0.09682788, 0.11132240, -0.18492410, 101.54500580, -18.29767227, 40.47999954, 0.00000000
2, 0.4500, 45, -0.20458107, -0.18527289, -0.08918764, 52.46159744, -9.03092575, 237.17883301, -5.61239386, -9.96784592, 50.21923447, -143.39067078, 52.95684052, -148.88543701, 0.48318964, 0.09301975, -0.85623205, 0.15729541, 0.91556275, 0.39936480, 0.20692576, 0.00000000, 0.00000000, 0.00000000, 0.00000000
2, 0.4600, 46, -0.26244467, -0.21016119, -0.09833466, 48.36011505, -10.60902691, 222.50582886, -7.30780458, -8.79859638, 50.71616364, -144.17582703, 50.85587311, -150.24342346, 0.46618611, 0.09302276, -0.86444795, 0.16354536, 0.93558562, 0.41319922, 0.18924813, 0.00000000, 0.00000000, 0.00000000, 0.00000000
2, 0.4700, 47, -0.24700098, -0.21926498, -0.06639902, 44.12372971, -12.19567013, 205.87669373, -7.30780458, -8.79859638, 50.71616364, -144.82778931, 48.91173935, -151.44351196, 0.45028430, 0.09279212, -0.87178195, 0.16920385, 0.89864826, 0.38952249, 0.22036739, 0.00000000, 0.00000000, 0.00000000, 0.00000000
5, 0.4800, 48, 0.11114675, -0.19439492, -0.45906508, 12.60388756, -40.63308716, 51.24942017, -34.20052719, 7.74627304, -113.56328583, 83.50287628, 34.66521835, 20.57282639, 0.73614299, -0.58575732, -0.33219633, 0.06802484, 0.40135822, -0.33415750, -0.11477046, 0.00000000, 0.00000000, 0.00000000, 0.00000000
4, 0.4900, 49, 0.45209453, 0.43113086, -0.56680858, 20.76682854, -5.02046394, 3.60277891, -17.68488693, -26.13270950, -92.54603577, 22.64947701, 27.95456505, -1.68687248, 1.00000000, 0.00000000, 0.00000000, 0.00000000, 0.10782041, 0.12607208, -0.21152361, 101.54500580, -18.29767227, 40.47999954, 0.00000000
5, 0.4900, 49, 0.16389610, -0.23912340, -0.47354966, 9.70459938, -36.49696732, 43.27033234, -34.52206802, 6.86933661, -113.21250916, 84.13787079, 34.46435547, 21.05986023, 0.73335129, -0.58898211, -0.33316037, 0.06557593, 0.33102587, -0.31663761, -0.10030692, 0.00000000, 0.00000000, 0.00000000, 0.00000000
4, 0.5000, 50, 0.44062540, 0.41115329, -0.54972786, 19.79202271, -12.64629459, -6.18259335, -17.68488693, -26.13270950, -92.54603577, 25.79664040, 27.53766441, -2.67041969, 1.00000000, 0.00000000, 0.00000000, 0.00000000, 0.11329333, 0.09944269, -0.23115879, 101.54500580, -18.29767227, 40.47999954, 0.00000000
4, 0.5100, 51, 0.41273960, 0.41067979, -0.50208813, 14.92877960, -17.73587608, -14.32003021, -17.21718788, -26.98041534, -92.34142303, 25.98194122, 27.32684326, -2.63755536, 1.00000000, 0.00000000, 0.00000000, 0.00000000, 0.13293675, 0.01789895, -0.23352100, 101.54500580, -18.29767227, 40.47999954, 0.00000000
2, 0.4800, 48, -0.22700134, -0.27151892, -0.00962731, 40.14272690, -8.05555344, 184.19140625, -9.32475853, -7.71704149, 51.09616852, -145.31523132, 47.15486908, -152.41220093, 0.43593201, 0.09280190, -0.87805247, 0.17428471, 0.84430623, 0.33090416, 0.21674673, 0.00000000, 0.00000000, 0.00000000, 0.00000000
5, 0.5000, 50, 0.24164158, -0.32022685, -0.47128135, 6.49444532, -27.40061188, 34.58971024, -34.66822433, 9.14937115, -112.97866058, 84.62310028, 34.30510330, 21.44892120, 0.73120606, -0.59140289, -0.33397484, 0.06356969, 0.21661907, -0.31004474, -0.09863615, 0.00000000, 0.00000000, 0.00000000, 0.00000000
5, 0.5100, 51, 0.32117775, -0.45139608, -0.47389814, 0.09038189, -17.33189964, 26.34095764, -35.31131363, 9.38322163, -112.77404022, 86.83541107, 36.73466873, 24.18080139, 0.71943063, -0.58988774, -0.36043230, 0.06738397, 0.07727966, -0.28489098, -0.12682143, 0.00000000, 0.00000000, 0.00000000, 0.00000000
4, 0.5200, 52, 0.41512933, 0.45268399, -0.46401709, 8.24869251, -19.83613014, -20.84575272, -17.56796265, -26.36655998, -92.66296387, 26.09466553, 27.04701614, -2.62136149, 1.00000000, 0.00000000, 0.00000000, 0.00000000, 0.13184628, -0.03095638, -0.20124966, 101.54500580, -18.29767227, 40.47999954, 0.00000000
4, 0.5300, 53, 0.47087508, 0.54767501, -0.44557244, 2.45780110, -15.84871197, -25.02840614, -17.94796753, -26.30809593, -92.54603577, 26.11785698, 26.75454140, -2.65984106, 1.00000000, 0.00000000, 0.00000000, 0.00000000, 0.08633310, -0.07047664, -0.10619046, 101.54500580, -18.29767227, 40.47999954, 0.00000000
4, 0.5400, 54, 0.50777292, 0.63077796, -0.42492297, 2.69457865, -9.53029728, -27.53554344, -17.94796753, -26.30809593, -92.54603577, 26.10053253, 26.48110580, -2.77069497, 1.00000000, 0.00000000, 0.00000000, 0.00000000, 0.05772088, -0.10885531, -0.02630928, 101.54500580, -18.29767227, 40.47999954, 0.00000000
5, 0.5200, 52, 0.48214123, -0.59602237, -0.47006410, -6.00050497, -8.02389908, 18.70103645, -35.07746124, 7.48319197, -112.80327606, 86.99757385, 36.62589645, 24.40519333, 0.71880740, -0.59053761, -0.36089763, 0.06583469, -0.11283255, -0.25183937, -0.09775451, 0.00000000, 0.00000000, 0.00000000, 0.00000000
4, 0.5500, 55, 0.56735027, 0.72979605, -0.41337577, 2.17315435, -1.73474956, -28.65580559, -17.74334908, -26.33732796, -92.22449493, 23.77769852, 25.98065567, -1.20877886, 1.00000000, 0.00000000, 0.00000000, 0.00000000, 0.00885623, -0.13310581, 0.07011918, 101.54500580, -18.29767227, 40.47999954, 0.00000000
2, 0.4900, 49, -0.20592293, -0.27979803, -0.01213870, 36.30097961, -3.98703456, 169.00534058, -9.85092068, -6.95702982, 50.89155197, -152.23474121, 36.39445496, -163.89500427, 0.33210668, 0.05499780, -0.92364025, 0.18321922, 0.77153844, 0.33451724, 0.27092683, 0.00000000, 0.00000000, 0.00000000, 0.00000000
2, 0.5000, 50, -0.24295452, -0.30985945, -0.00107137, 34.16765976, -1.76468587, 156.34837341, -11.40017509, -5.29085064, 51.27155685, -152.27989197, 34.83514023, -164.28010559, 0.31914479, 0.05565097, -0.92747021, 0.18667783, 0.68363219, 0.30920434, 0.34816656, 0.00000000, 0.00000000, 0.00000000, 0.00000000
5, 0.5300, 53, 0.52877349, -0.66998470, -0.50691527, -11.61350536, -3.62002397, 14.58355999, -35.07746124, 7.48319197, -112.80327606, 87.05879211, 36.51290512, 24.58617210, 0.71867704, -0.59070361, -0.36117738, 0.06421492, -0.19483334, -0.20614193, -0.11454801, 0.00000000, 0.00000000, 0.00000000, 0.00000000
4, 0.5600, 56, 0.58337444, 0.81678146, -0.41877216, 2.70050788, 8.01221657, -29.79785538, -17.68488693, -25.60654831, -92.31218719, 23.66515732, 25.78643990, -1.47691989, 1.00000000, 0.00000000, 0.00000000, 0.00000000, 0.00030228, -0.12177577, 0.14315769, 101.54500580, -18.29767227, 40.47999954, 0.00000000
5, 0.5400, 54, 0.43311754, -0.64923012, -0.54172540, -17.35192108, -1.64910495, 12.39014339, -35.57439423, 9.41245270, -113.09558105, 87.04895782, 36.37633133, 24.74471664, 0.71891278, -0.59056824, -0.36125296, 0.06237005, -0.10930021, -0.17594887, -0.16091147, 0.00000000, 0.00000000, 0.00000000, 0.00000000
4, 0.5700, 57, 0.58425522, 0.85666120, -0.42690793, 2.82853508, 17.27111053, -35.02344513, -16.89564514, -25.13884735, -91.99064636, 23.48862457, 25.60253334, -1.86033225, 1.00000000, 0.00000000, 0.00000000, 0.00000000, 0.00297825, -0.12049747, 0.18125916, 101.54500580, -18.29767227, 40.47999954, 0.00000000
5, 0.5500, 55, 0.25336003, -0.44931260, -0.65599328, -21.54276085, 3.10081816, 9.61232567, -35.63285446, 9.96784592, -112.92019653, 86.95774841, 36.24751663, 24.87673950, 0.71954358, -0.58998150, -0.36127698, 0.06048113, 0.16620521, -0.09224433, -0.12772381, 0.00000000, 0.00000000, 0.00000000, 0.00000000
4, 0.5800, 58, 0.55625725, 0.83583421, -0.47170821, 3.44184017, 26.47409439, -45.37318420, -16.69102669, -26.10347748, -92.13680267, 23.23815346, 25.38597107, -2.39137650, 1.00000000, 0.00000000, 0.00000000, 0.00000000, 0.02570485, -0.06972004, 0.16310339, 101.54500580, -18.29767227, 40.47999954, 0.00000000
2, 0.5100, 51, -0.29023129, -0.34126204, -0.02527476, 28.14225769, 0.56161082, 145.37744141, -11.19555664, -4.35545158, 51.15463257, -152.34649658, 33.38696671, -164.62145996, 0.30704874, 0.05641603, -0.93092132, 0.18953609, 0.69146001, 0.33174753, 0.30977166, 0.00000000, 0.00000000, 0.00000000, 0.00000000
5, 0.5600, 56, 0.23911636, -0.28864527, -0.72438449, -23.97502899, 3.77287388, 7.57370043, -35.31131363, 9.64630222, -112.80327606, 86.22007751, 33.81991577, 24.47801971, 0.72474217, -0.59397709, -0.34613058, 0.04619154, 0.28151667, -0.05396980, -0.01821979, 0.00000000, 0.00000000, 0.00000000, 0.00000000
4, 0.5900, 59, 0.51546955, 0.78454888, -0.52293032, 5.56656456, 35.81634521, -59.97563553, -16.69102669, -26.10347748, -92.13680267, 22.91606522, 25.10185623, -3.09926200, 1.00000000, 0.00000000, 0.00000000, 0.00000000, 0.05567218, -0.00544725, 0.11401849, 101.54500580, -18.29767227, 40.47999954, 0.00000000
4, 0.6000, 60, 0.57097691, 0.76849008, -0.54755151, 8.26415920, 42.32255936, -75.13077545, -16.92487526, -24.72961044, -91.84449005, 22.40043640, 24.55175591, -3.89708328, 1.00000000, 0.00000000, 0.00000000, 0.00000000, -0.00687940, 0.02658340, 0.10732962, 101.54500580, -18.29767227, 40.47999954, 0.00000000
5, 0.5700, 57, 0.45642564, -0.32320023, -0.71339303, -24.10871315, 0.85462433, 4.28104448, -35.86670685, 9.73399544, -113.47559357, 86.07830048, 33.66073608, 24.54344368, 0.72559756, -0.59335756, -0.34563506, 0.04439983, 0.07137629, -0.07810651, 0.09405815, 0.00000000, 0.00000000, 0.00000000, 0.00000000
4, 0.6100, 61, 0.62472683, 0.79096073, -0.56446868, 9.22945023, 45.28067780, -86.45714569, -16.95410728, -25.22654152, -91.75679779, 22.00131416, 24.09348488, -4.84807968, 1.00000000, 0.00000000, 0.00000000, 0.00000000, -0.06480744, 0.04423366, 0.13423410, 101.54500580, -18.29767227, 40.47999954, 0.00000000
5, 0.5800, 58, 0.62289238, -0.53393734, -0.73992306, -25.99276161, -2.96150494, 0.76142842, -35.86670685, 9.73399544, -113.47559357, 85.92022705, 33.46209335, 24.56416512, 0.72654063, -0.59288520, -0.34468889, 0.04260865, -0.19274980, -0.02383682, 0.05521354, 0.00000000, 0.00000000, 0.00000000, 0.00000000
2, 0.5200, 52, -0.31520566, -0.38830429, -0.02100468, 18.50515175, 2.37133956, 135.15594482, -11.19555664, -4.35545158, 51.15463257, -152.48173523, 32.05025482, -164.94305420, 0.29577652, 0.05722227, -0.93411493, 0.19149710, 0.67658621, 0.32151115, 0.27118480, 0.00000000, 0.00000000, 0.00000000, 0.00000000
2, 0.5300, 53, -0.37321073, -0.44853842, -0.01014827, 10.52189445, 5.54970980, 122.29361725, -12.51096153, -6.16778708, 51.68079376, -152.65946960, 30.84430885, -165.21580505, 0.28555968, 0.05818745, -0.93698555, 0.19268614, 0.68915939, 0.30030000, 0.20812364, 0.00000000, 0.00000000, 0.00000000, 0.00000000
2, 0.5400, 54, -0.31722850, -0.52539921, -0.00555240, 3.23944092, 9.97848225, 109.50839996, -14.11867905, -2.60157847, 51.50540543, -156.10409546, 23.60029602, -168.77726746, 0.21892467, 0.05150771, -0.95721126, 0.18211457, 0.56769997, 0.27398148, 0.18904044, 0.00000000, 0.00000000, 0.00000000, 0.00000000
2, 0.5500, 55, -0.23673326, -0.58029252, 0.09327476, -0.60411328, 10.89677525, 98.91683197, -14.23560333, -1.87079799, 51.38848114, -156.28405762, 22.61974525, -168.88668823, 0.21053900, 0.05281414, -0.95904779, 0.18196496, 0.39365169, 0.14725240, 0.24974367, 0.00000000, 0.00000000, 0.00000000, 0.00000000
4, 0.6200, 62, 0.68073344, 0.87997401, -0.59963042, 8.68280792, 45.69513702, -92.00424194, -16.51563835, -24.20344925, -90.87985992, 21.58985710, 23.58490753, -5.82834816, 1.00000000, 0.00000000, 0.00000000, 0.00000000, -0.11304507, 0.06486276, 0.23060049, 101.54500580, -18.29767227, 40.47999954, 0.00000000
5, 0.5900, 59, 0.76830328, -0.71947575, -0.75725859, -28.61702919, 1.14256918, -4.31259203, -35.83747482, 9.88015175, -113.62174988, 85.68073273, 33.27729416, 24.53104019, 0.72787464, -0.59201342, -0.34356624, 0.04100001, -0.42556244, 0.01772146, 0.01853764, 0.00000000, 0.00000000, 0.00000000, 0.00000000
2, 0.5600, 56, -0.20707516, -0.66950083, 0.26681775, -1.23756766, 14.12736320, 92.46007538, -14.90792179, -1.40309846, 51.06694031, -156.45690918, 21.69814491, -168.94905090, 0.20270054, 0.05435804, -0.96070099, 0.18169038, 0.33265948, -0.04214920, 0.22515652, 0.00000000, 0.00000000, 0.00000000, 0.00000000
2, 0.5700, 57, -0.11179523, -0.72619569, 0.34458327, -7.41065741, 13.38645458, 85.49191284, -14.90792179, -1.40309846, 51.06694031, -156.68107605, 20.85516167, -169.02436829, 0.19545351, 0.05570438, -0.96227455, 0.18089414, 0.21621418, -0.13163173, 0.23489311, 0.00000000, 0.00000000, 0.00000000, 0.00000000
2, 0.5800, 58, -0.13885792, -0.67379373, 0.21532421, -6.68877363, 8.95084858, 81.35958862, -15.25869656, -1.40309846, 51.41771317, -156.88676453, 20.05748940, -169.12779236, 0.18853359, 0.05666720, -0.96372342, 0.18022527, 0.23625252, 0.00483659, 0.24987237, 0.00000000, 0.00000000, 0.00000000, 0.00000000
4, 0.6300, 63, 0.75615764, 1.02718318, -0.69104272, 7.02890778, 45.99106216, -90.20090485, -16.54487038, -24.23267937, -90.79216766, 21.17748451, 23.08563995, -6.79009008, 1.00000000, 0.00000000, 0.00000000, 0.00000000, -0.16984794, 0.12858802, 0.39774132, 101.54500580, -18.29767227, 40.47999954, 0.00000000
2, 0.5900, 59, -0.10017598, -0.72961456, 0.13664031, -8.38283730, 0.59044111, 78.79753113, -15.46331501, -0.23384975, 51.21309662, -157.54367065, 18.16880035, -169.60340881, 0.17165089, 0.05713730, -0.96735829, 0.17745237, 0.15480895, 0.06633173, 0.20628566, 0.00000000, 0.00000000, 0.00000000, 0.00000000
2, 0.6000, 60, -0.16364796, -0.76911318, 0.02500003, -14.56254292, -6.39401531, 76.75444794, -15.84332085, 0.29231218, 51.03770828, -157.80126953, 17.44620705, -169.86141968, 0.16505414, 0.05662309, -0.96872985, 0.17639031, 0.16166142, 0.16054605, 0.13418521, 0.00000000, 0.00000000, 0.00000000, 0.00000000
4, 0.6400, 64, 0.80040175, 1.10941362, -0.78163224, 6.85858297, 44.26200485, -84.50538635, -16.54487038, -24.23267937, -90.79216766, 20.79736137, 22.61864281, -7.69532156, 1.00000000, 0.00000000, 0.00000000, 0.00000000, -0.20551075, 0.20489287, 0.49739587, 101.54500580, -18.29767227, 40.47999954, 0.00000000
5, 0.6000, 60, 0.77060539, -0.86140275, -0.82252377, -31.05948067, 10.40996456, -11.12362385, -35.80824280, 10.02630806, -113.70944214, 85.31658936, 33.14542389, 24.42891693, 0.72979456, -0.59039283, -0.34242362, 0.03977680, -0.51892060, 0.10121474, -0.08074988, 0.00000000, 0.00000000, 0.00000000, 0.00000000
5, 0.6100, 61, 0.58807570, -0.92175150, -0.95274931, -38.23810577, 13.78381443, -13.51063442, -35.04823303, 9.90938282, -114.08944702, 87.61026001, 34.24935532, 24.99759674, 0.71746826, -0.59985161, -0.35063463, 0.04972649, -0.41103417, 0.24019235, -0.23159631, 0.00000000, 0.00000000, 0.00000000, 0.00000000
2, 0.6100, 61, -0.16898507, -0.85540342, 0.01476091, -18.75220871, -9.55205059, 73.89608002, -16.66179466, -0.40923706, 51.38848114, -158.09046936, 16.76061440, -170.15600586, 0.15869035, 0.05574301, -0.97008908, 0.17503519, 0.12087998, 0.14774260, 0.05787643, 0.00000000, 0.00000000, 0.00000000, 0.00000000
2, 0.6200, 62, -0.17318292, -0.97264367, 0.05927054, -19.64551735, -9.26212502, 70.41361237, -16.66179466, -0.40923706, 51.38848114, -158.37971497, 16.10875702, -170.44055176, 0.15262185, 0.05485213, -0.97137213, 0.17359191, 0.07264028, 0.07421600, -0.03433455, 0.00000000, 0.00000000, 0.00000000, 0.00000000
2, 0.6300, 63, -0.19634023, -1.09889233, 0.21563667, -17.16283607, -7.62196970, 65.19786835, -16.77871895, 1.43232965, 51.91464615, -158.63439941, 15.50141716, -170.68722534, 0.14699943, 0.05412721, -0.97250676, 0.17231391, 0.04912668, -0.10999477, -0.11894959, 0.00000000, 0.00000000, 0.00000000, 0.00000000
4, 0.6500, 65, 0.88261479, 1.15800238, -0.89013696, 10.61543655, 39.60212708, -80.58795929, -16.25255775, -22.85881233, -90.38292694, 21.25130844, 22.46236610, -8.88488293, 1.00000000, 0.00000000, 0.00000000, 0.00000000, -0.28178656, 0.30218273, 0.57636023, 101.54500580, -18.29767227, 40.47999954, 0.00000000
5, 0.6200, 62, 0.53007954, -0.90905821, -1.07057953, -48.40604782, 15.95155048, -8.75521946, -35.10669327, 9.58784008, -114.08944702, 87.10282135, 34.04143143, 24.93146515, 0.72020864, -0.59750080, -0.34935880, 0.04733866, -0.33775258, 0.36080503, -0.22651517, 0.00000000, 0.00000000, 0.00000000, 0.00000000
4, 0.6600, 66, 0.98248231, 1.12384772, -0.92492896, 13.36213875, 35.72549057, -82.68953705, -15.31715870, -23.67728615, -90.35369873, 20.98846054, 21.96999359, -9.71064281, 1.00000000, 0.00000000, 0.00000000, 0.00000000, -0.38852566, 0.33829635, 0.56646764, 101.54500580, -18.29767227, 40.47999954, 0.00000000
2, 0.6400, 64, -0.21864370, -1.19072425, 0.36113769, -19.80428314, -8.93074226, 59.84531784, -17.12949371, -0.08769365, 52.29465103, -156.83438110, 13.76082230, -170.89282227, 0.13281320, 0.05323752, -0.97142011, 0.18939207, 0.03290083, -0.26724184, -0.17721012, 0.00000000, 0.00000000, 0.00000000, 0.00000000
2, 0.6500, 65, -0.27470282, -1.25141168, 0.45935053, -29.50904274, -7.19862223, 54.08040619, -17.71411896, 2.60157847, 52.06079865, -157.19267273, 13.28715897, -171.17414856, 0.12818384, 0.05211204, -0.97254968, 0.18708441, 0.04639710, -0.35511285, -0.23515767, 0.00000000, 0.00000000, 0.00000000, 0.00000000
2, 0.6600, 66, -0.31167889, -1.27876902, 0.37890553, -40.82836914, -1.09171808, 49.24084473, -17.62642479, 2.57234716, 51.18386459, -157.66555786, 12.86800385, -171.42747498, 0.12401344, 0.05122107, -0.97378230, 0.18369877, 0.05516310, -0.28925106, -0.28670835, 0.00000000, 0.00000000, 0.00000000, 0.00000000
2, 0.6700, 67, -0.39160383, -1.24989116, 0.12505881, -44.78525543, -1.72130370, 48.97895432, -17.62642479, 2.57234716, 51.18386459, -158.17390442, 12.45592213, -171.69686890, 0.11986805, 0.05018240, -0.97504598, 0.17999662, 0.10972053, -0.04287960, -0.34124139, 0.00000000, 0.00000000, 0.00000000, 0.00000000
4, 0.6700, 67, 1.05571496, 1.07976735, -0.86108637, 13.41691494, 23.51566696, -92.59818268, -15.49254608, -22.39111328, -89.71060944, 20.77009773, 21.32541847, -10.47973061, 1.00000000, 0.00000000, 0.00000000, 0.00000000, -0.47909981, 0.28724700, 0.51751739, 101.54500580, -18.29767227, 40.47999954, 0.00000000
5, 0.6300, 63, 0.48733759, -0.83542049, -1.15159523, -55.02027893, 16.32992363, -6.55887318, -35.10669327, 9.58784008, -114.08944702, 86.56476593, 33.78967667, 24.89760208, 0.72313756, -0.59497458, -0.34800243, 0.04440399, -0.25245127, 0.42875853, -0.20165440, 0.00000000, 0.00000000, 0.00000000, 0.00000000
5, 0.6400, 64, 0.43406361, -0.67067552, -1.22712719, -54.92153549, 16.73995590, -14.22678375, -35.57439423, 10.43554497, -114.76176453, 85.96860504, 33.54418182, 24.77552605, 0.72632074, -0.59231001, -0.34622431, 0.04190361, -0.09877947, 0.47843468, -0.11926132, 0.00000000, 0.00000000, 0.00000000, 0.00000000
2, 0.6800, 68, -0.50000715, -1.33154500, -0.09924148, -41.57357788, -6.10578299, 52.63287354, -18.15258598, 3.24466538, 51.50540543, -158.64378357, 12.00607967, -171.99732971, 0.11537853, 0.04886516, -0.97626483, 0.17665502, 0.15029731, 0.14964923, -0.49979132, 0.00000000, 0.00000000, 0.00000000, 0.00000000
4, 0.6800, 68, 1.13036680, 1.18888521, -0.77643549, 7.13120556, 3.66080403, -104.11560822, -15.49254608, -22.39111328, -89.71060944, 20.57117271, 20.47145081, -11.12222195, 1.00000000, 0.00000000, 0.00000000, 0.00000000, -0.55138069, 0.18312316, 0.61161584, 101.54500580, -18.29767227, 40.47999954, 0.00000000
4, 0.6900, 69, 1.22554016, 1.39009809, -0.76610106, 1.62642527, -8.95590401, -104.26269531, -15.75562668, -21.51417732, -89.76907349, 20.39012146, 19.54400253, -11.63833714, 1.00000000, 0.00000000, 0.00000000, 0.00000000, -0.62951374, 0.13220303, 0.81262112, 101.54500580, -18.29767227, 40.47999954, 0.00000000
2, 0.6900, 69, -0.63096082, -1.51563549, -0.13345885, -38.92708969, -16.43304062, 60.29512024, -18.41566849, 2.74773455, 50.77462769, -161.11544800, 9.19029808, -172.43876648, 0.08963952, 0.05171984, -0.98200738, 0.15796028, 0.17862648, 0.12654498, -0.71419144, 0.00000000, 0.00000000, 0.00000000, 0.00000000
5, 0.6500, 65, 0.62545711, -0.76398480, -1.27480114, -47.56098175, 16.85962296, -27.54982948, -35.48669815, 9.55860806, -114.46945190, 85.32505798, 33.35211945, 24.49366570, 0.72965097, -0.58964181, -0.34392208, 0.04061484, -0.30031645, 0.53737760, -0.06080718, 0.00000000, 0.00000000, 0.00000000, 0.00000000
2, 0.7000, 70, -0.79901290, -1.72985065, 0.14576215, -29.91473198, -25.24608421, 62.89052963, -18.70797920, 4.94007587, 51.12540054, -161.41540527, 8.62347507, -172.85890198, 0.08408003, 0.04917046, -0.98293000, 0.15608135, 0.23693514, -0.22238716, -0.89551318, 0.00000000, 0.00000000, 0.00000000, 0.00000000
2, 0.7100, 71, -0.79859036, -1.97411466, 0.39927256, -25.79491043, -27.34881401, 53.80292892, -18.53259277, 3.80005836, 51.33002090, -161.65602112, 8.14093304, -173.26986694, 0.07928772, 0.04650640, -0.98369032, 0.15460955, 0.15676042, -0.52898729, -1.05763173, 0.00000000, 0.00000000, 0.00000000, 0.00000000
2, 0.7200, 72, -0.69920498, -2.20228624, 0.57160181, -21.71070862, -25.71109772, 43.16933441, -18.53259277, 3.80005836, 51.33002090, -161.84664917, 7.75615358, -173.63667297, 0.07541948, 0.04402876, -0.98429048, 0.15344591, -0.01381050, -0.75222027, -1.18402588, 0.00000000, 0.00000000, 0.00000000, 0.00000000
4, 0.7000, 70, 1.22141337, 1.52127373, -0.78407955, -3.68128729, -16.67173576, -93.64537048, -15.78485775, -21.19263268, -90.09061432, 19.04592323, 20.02810287, -11.48858833, 1.00000000, 0.00000000, 0.00000000, 0.00000000, -0.61375761, 0.12856103, 0.93670928, 101.54500580, -18.29767227, 40.47999954, 0.00000000
5, 0.6600, 66, 1.05606616, -1.22030306, -1.24844515, -42.09790039, 13.23854446, -42.44512177, -34.69745636, 10.58170128, -115.52177429, 85.99155426, 36.41955566, 26.00458908, 0.72490788, -0.57975894, -0.36844814, 0.05132440, -0.91687626, 0.58215177, -0.10521331, 0.00000000, 0.00000000, 0.00000000, 0.00000000
5, 0.6700, 67, 1.12407660, -1.53792477, -1.26686561, -38.19657898, 12.61760139, -49.32724380, -34.52206802, 11.02016926, -115.40485382, 85.24103546, 36.26584244, 25.43317032, 0.72854680, -0.57731330, -0.36505204, 0.05163357, -1.14665818, 0.66716635, -0.28116229, 0.00000000, 0.00000000, 0.00000000, 0.00000000
5, 0.6800, 68, 0.99953514, -1.68939519, -1.38900280, -36.13114929, 23.55251694, -38.98033905, -34.52206802, 11.02016926, -115.40485382, 84.52514648, 36.19926071, 25.00133324, 0.73199821, -0.57433051, -0.36283380, 0.05171916, -1.14743102, 0.80919838, -0.47362006, 0.00000000, 0.00000000, 0.00000000, 0.00000000
4, 0.7100, 71, 1.19795024, 1.54482019, -0.82941937, -13.04889488, -22.61205673, -81.28563690, -15.81408882, -20.28646660, -90.47061920, 18.85220146, 19.20817184, -11.70625401, 1.00000000, 0.00000000, 0.00000000, 0.00000000, -0.58251739, 0.18490769, 0.96009767, 101.54500580, -18.29767227, 40.47999954, 0.00000000
4, 0.7200, 72, 1.25811636, 1.54510796, -0.89481324, -18.07013893, -22.49748230, -65.17446136, -16.36948204, -19.61414719, -90.76293182, 18.64832687, 18.52415276, -11.82635117, 1.00000000, 0.00000000, 0.00000000, 0.00000000, -0.65193486, 0.25063002, 0.97820699, 101.54500580, -18.29767227, 40.47999954, 0.00000000
4, 0.7300, 73, 1.34571433, 1.56146395, -0.96695435, -14.32746887, -16.10622025, -47.88052750, -16.36948204, -19.61414719, -90.76293182, 18.48840714, 18.02294540, -11.91464996, 1.00000000, 0.00000000, 0.00000000, 0.00000000, -0.74299443, 0.31962141, 1.01870012, 101.54500580, -18.29767227, 40.47999954, 0.00000000
2, 0.7300, 73, -0.55247432, -2.40077257, 0.69498515, -17.61525154, -15.32768059, 34.75345230, -18.73721123, 5.43700647, 51.44694519, -162.01354980, 7.44248486, -173.88134766, 0.07233822, 0.04247227, -0.98476106, 0.15234499, -0.21944574, -0.92044461, -1.27598023, 0.00000000, 0.00000000, 0.00000000, 0.00000000
2, 0.7400, 74, -0.57904577, -2.50213456, 0.59491497, -16.49568748, -3.43016267, 39.05870819, -18.97106171, 5.05700064, 51.35925293, -160.72677612, 7.13170671, -174.34889221, 0.06947961, 0.03810722, -0.98329747, 0.16384938, -0.24863517, -0.84296834, -1.39861345, 0.00000000, 0.00000000, 0.00000000, 0.00000000
2, 0.7500, 75, -0.65384239, -2.59934807, 0.38910377, -25.62965775, 0.92201054, 49.97461700, -19.35106659, 5.11546326, 51.12540054, -161.02882385, 6.67001963, -174.49673462, 0.06521062, 0.03769445, -0.98398161, 0.16157661, -0.24245575, -0.65068853, -1.56239247, 0.00000000, 0.00000000, 0.00000000, 0.00000000
2, 0.7600, 76, -0.81163001, -2.57789683, 0.08043700, -31.34925461, 0.19230923, 62.40177536, -19.35106659, 5.11546326, 51.12540054, -161.39500427, 6.09231138, -174.68411255, 0.05987069, 0.03711843, -0.98479241, 0.15881328, -0.12646082, -0.35077494, -1.66756654, 0.00000000, 0.00000000, 0.00000000, 0.00000000
2, 0.7700, 77, -1.02667797, -2.54758573, -0.09733838, -28.46695328, 2.78495574, 68.88542938, -19.38029861, 6.05086231, 51.12540054, -161.74537659, 5.44400692, -174.83981323, 0.05397406, 0.03687062, -0.98556352, 0.15617894, 0.05582167, -0.17630745, -1.75972176, 0.00000000, 0.00000000, 0.00000000, 0.00000000
4, 0.7400, 74, 1.34950507, 1.54380798, -1.09745002, -3.98440576, -5.04262686, -34.01078415, -16.39871407, -19.20491028, -90.26600647, 18.40626144, 17.70204544, -12.04335499, 1.00000000, 0.00000000, 0.00000000, 0.00000000, -0.75157309, 0.45208493, 1.02642059, 101.54500580, -18.29767227, 40.47999954, 0.00000000
5, 0.6900, 69, 1.04346430, -1.70573449, -1.54255164, -34.93841934, 34.42858887, -16.25030899, -34.34668350, 11.10786343, -115.75562286, 83.93756866, 36.21611404, 24.85905457, 0.73485792, -0.57096773, -0.36248040, 0.05086905, -1.17604375, 0.96428633, -0.44873628, 0.00000000, 0.00000000, 0.00000000, 0.00000000
5, 0.7000, 70, 1.17207229, -1.60059619, -1.76437891, -32.36344528, 28.62416458, 2.41910982, -34.05437088, 11.25401878, -115.93101501, 83.55789948, 36.20772171, 24.94029999, 0.73678726, -0.56829858, -0.36300257, 0.04909650, -1.17784762, 1.16994488, -0.26860702, 0.00000000, 0.00000000, 0.00000000, 0.00000000
5, 0.7100, 71, 1.16696477, -1.46244371, -1.89168394, -23.48549652, 10.35982227, 14.17407608, -34.28821945, 11.42940617, -116.19409180, 85.01750183, 36.38203430, 26.02276993, 0.72984344, -0.57363665, -0.36875421, 0.04785311, -1.06862605, 1.27641296, -0.15630215, 0.00000000, 0.00000000, 0.00000000, 0.00000000
5, 0.7200, 72, 0.98700494, -1.31248653, -2.00858068, -13.78753757, 1.62369716, 23.23637962, -34.60976410, 11.57556248, -115.90177917, 85.10486603, 36.29639816, 26.32147408, 0.72958672, -0.57350242, -0.36973965, 0.04572609, -0.82312876, 1.37042964, -0.14135498, 0.00000000, 0.00000000, 0.00000000, 0.00000000
2, 0.7800, 78, -1.16010845, -2.52656555, -0.15181167, -26.72805977, 4.27622461, 72.55453491, -19.78953552, 7.01549244, 50.71616364, -162.08508301, 4.75538063, -174.97485352, 0.04776119, 0.03681394, -0.98628807, 0.15362141, 0.16986604, -0.12374990, -1.80214703, 0.00000000, 0.00000000, 0.00000000, 0.00000000
5, 0.7300, 73, 0.89389861, -1.24109471, -2.12853456, -4.16585112, -1.04431903, 31.23498917, -34.37591171, 11.83864307, -116.28178406, 85.34057617, 36.25420761, 26.70896339, 0.72858578, -0.57388359, -0.37135470, 0.04377297, -0.69615829, 1.47833467, -0.13817731, 0.00000000, 0.00000000, 0.00000000, 0.00000000
2, 0.7900, 79, -1.20384407, -2.50647879, -0.08427705, -32.33236313, -2.72647452, 78.35246277, -20.05261612, 7.24934244, 51.35925293, -163.77070618, 2.68140435, -174.89843750, 0.02942073, 0.04074826, -0.98888290, 0.13994552, 0.20555818, -0.19585231, -1.78232014, 0.00000000, 0.00000000, 0.00000000, 0.00000000
2, 0.8000, 80, -1.16386425, -2.47065043, -0.00686390, -40.08071518, -13.01080704, 86.16221619, -20.66647148, 7.92166042, 50.83308792, -164.18008423, 1.87219775, -175.22747803, 0.02189694, 0.03898853, -0.98958814, 0.13680574, 0.15854581, -0.28551728, -1.70953870, 0.00000000, 0.00000000, 0.00000000, 0.00000000
2, 0.8100, 81, -1.10554314, -2.40798402, 0.14729613, -43.09176254, -18.79795074, 98.46562195, -20.66647148, 7.92166042, 50.83308792, -164.60281372, 0.94269341, -175.62258911, 0.01326239, 0.03674465, -0.99027205, 0.13354871, 0.12760529, -0.42806745, -1.59553540, 0.00000000, 0.00000000, 0.00000000, 0.00000000
5, 0.7400, 74, 0.93957931, -1.26096511, -2.21722126, 2.93623543, -4.36010885, 31.88927841, -34.37591171, 11.83864307, -116.28178406, 85.65081787, 36.23431396, 27.09597206, 0.72718865, -0.57466108, -0.37306848, 0.04220426, -0.73483640, 1.56837368, -0.10839031, 0.00000000, 0.00000000, 0.00000000, 0.00000000
5, 0.7500, 75, 0.97597104, -1.34753048, -2.22567701, 10.32898998, -20.42350578, 30.41330338, -34.78514862, 11.98479939, -115.93101501, 86.09789276, 36.14535141, 27.44233322, 0.72512150, -0.57665187, -0.37415996, 0.04093692, -0.81983531, 1.58793867, -0.14003980, 0.00000000, 0.00000000, 0.00000000, 0.00000000
5, 0.7600, 76, 0.90629756, -1.49375379, -2.15064836, 15.01117897, -42.33499146, 32.91602325, -34.55130005, 12.04326248, -116.19409180, 88.86218262, 35.34487915, 29.15714455, 0.71197927, -0.59097290, -0.37769324, 0.03441530, -0.87912267, 1.53017259, -0.28589219, 0.00000000, 0.00000000, 0.00000000, 0.00000000
4, 0.7500, 75, 1.16122305, 1.55128062, -1.22931790, 10.67462921, -0.56384903, -26.39151764, -16.51563835, -19.17568016, -90.73370361, 19.65261650, 18.20502090, -12.11973095, 1.00000000, 0.00000000, 0.00000000, 0.00000000, -0.56135559, 0.57470763, 1.03214729, 101.54500580, -18.29767227, 40.47999954, 0.00000000
5, 0.7700, 77, 0.87607199, -1.61142945, -2.08982468, 15.22595406, -58.39715195, 40.48728180, -35.07746124, 10.66939449, -115.55101013, 89.63424683, 34.98798752, 29.55280685, 0.70821643, -0.59562802, -0.37764028, 0.03232083, -0.95274025, 1.47778332, -0.36535385, 0.00000000, 0.00000000, 0.00000000, 0.00000000
5, 0.7800, 78, 0.80825448, -1.60301161, -2.02188444, 11.62444401, -72.92557526, 51.01796722, -35.95439911, 11.98479939, -115.72639465, 90.53874969, 34.48557281, 30.04165459, 0.70375633, -0.60124540, -0.37733138, 0.02918932, -0.91022265, 1.40489590, -0.40025300, 0.00000000, 0.00000000, 0.00000000, 0.00000000
5, 0.7900, 79, 0.69385546, -1.56448984, -2.02129126, 4.44672251, -89.87660980, 63.25398254, -35.95439911, 11.98479939, -115.72639465, 91.56854248, 33.79039383, 30.63023567, 0.69858283, -0.60789990, -0.37660584, 0.02465487, -0.80959666, 1.39288723, -0.43606156, 0.00000000, 0.00000000, 0.00000000, 0.00000000
5, 0.8000, 80, 0.65194964, -1.56708252, -2.01555490, -1.22439170, -102.10159302, 75.04016876, -36.71440887, 10.78631973, -115.37561798, 92.69446564, 32.94314957, 31.31064224, 0.69276041, -0.61528695, -0.37569582, 0.01891160, -0.79274815, 1.38038051, -0.45099238, 0.00000000, 0.00000000, 0.00000000, 0.00000000
5, 0.8100, 81, 0.74408895, -1.57656920, -2.04951763, -4.16114378, -111.43774414, 84.98509216, -37.18210983, 11.75094986, -115.31715393, 95.03768921, 32.00906754, 32.56389999, 0.68014431, -0.62827736, -0.37748861, 0.01317880, -0.87672764, 1.40790558, -0.36975580, 0.00000000, 0.00000000, 0.00000000, 0.00000000
2, 0.8200, 82, -1.06301177, -2.27633357, 0.24565737, -45.89295578, -20.11194038, 115.15392303, -20.43262100, 8.47705364, 50.92078400, -165.05453491, -0.15270877, -176.04180908, 0.00317097, 0.03441533, -0.99090850, 0.13002282, 0.12998320, -0.50088960, -1.43800569, 0.00000000, 0.00000000, 0.00000000, 0.00000000
2, 0.8300, 83, -1.08389819, -2.15454412, 0.27407020, -50.51808167, -19.37781715, 131.20437622, -20.90032196, 9.90938282, 51.09616852, -165.55747986, -1.40663981, -176.46968079, -0.00830003, 0.03209916, -0.99147511, 0.12600783, 0.17760795, -0.50877053, -1.32927549, 0.00000000, 0.00000000, 0.00000000, 0.00000000
2, 0.8400, 84, -1.08139372, -2.13698053, 0.18666101, -53.65634918, -13.75893021, 145.54861450, -21.19263268, 10.87401295, 50.71616364, -165.85539246, -3.05068898, -176.98439026, -0.02316879, 0.02938056, -0.99161017, 0.12373117, 0.14964324, -0.42784032, -1.32965469, 0.00000000, 0.00000000, 0.00000000, 0.00000000
2, 0.8500, 85, -1.10731816, -2.16452742, 0.13260756, -52.28967285, -9.63563061, 163.33964539, -20.92955208, 9.41245270, 50.65770340, -166.42454529, -4.62808847, -177.32048035, -0.03732146, 0.02796971, -0.99179816, 0.11900064, 0.12850624, -0.38823462, -1.37594104, 0.00000000, 0.00000000, 0.00000000, 0.00000000
5, 0.8200, 82, 0.79926062, -1.51142883, -2.05460572, -3.87297845, -123.18916321, 92.93858337, -38.61444092, 13.09558582, -114.76176453, 96.32295227, 30.92545128, 33.31772995, 0.67284954, -0.63694108, -0.37622300, 0.00599688, -0.88778144, 1.39698398, -0.25253701, 0.00000000, 0.00000000, 0.00000000, 0.00000000
2, 0.8600, 86, -1.18172562, -2.17383075, 0.03621244, -50.55238342, -6.97230673, 180.70751953, -20.92955208, 9.41245270, 50.65770340, -166.99789429, -6.38284492, -177.61335754, -0.05294768, 0.02696240, -0.99168241, 0.11417380, 0.15517956, -0.30683404, -1.43405867, 0.00000000, 0.00000000, 0.00000000, 0.00000000
5, 0.8300, 83, 0.75071394, -1.38890696, -2.00609517, 2.57382321, -135.51809692, 100.30918121, -39.81291962, 12.39403629, -114.23560333, 97.74203491, 29.76755333, 34.08955383, 0.66447711, -0.64646137, -0.37490827, -0.00135624, -0.79123604, 1.32401180, -0.18031290, 0.00000000, 0.00000000, 0.00000000, 0.00000000
5, 0.8400, 84, 0.49261013, -1.31905842, -1.78074014, 6.75324678, -145.49685669, 101.78826904, -39.81291962, 12.39403629, -114.23560333, 99.22240448, 28.54837227, 34.81130219, 0.65538925, -0.65655935, -0.37325615, -0.00864783, -0.59490025, 1.08396566, -0.30520496, 0.00000000, 0.00000000, 0.00000000, 0.00000000
5, 0.8500, 85, -0.04520057, -1.34076512, -1.53222036, -9.16002846, -145.69525146, 82.44451904, -41.15755463, 13.76790428, -114.20636749, 100.42774963, 27.25882912, 35.26013947, 0.64753652, -0.66605300, -0.36989298, -0.01578522, -0.25911531, 0.83394450, -0.69095951, 0.00000000, 0.00000000, 0.00000000, 0.00000000
5, 0.8600, 86, 0.40596586, -1.45758104, -1.85226607, -31.29814911, -131.37953186, 75.19834137, -41.56679153, 12.68634892, -113.35866547, 101.94593048, 26.16088676, 35.74819565, 0.63770700, -0.67642897, -0.36788023, -0.02092350, -0.65704060, 1.16065586, -0.41603288, 0.00000000, 0.00000000, 0.00000000, 0.00000000
4, 0.7600, 76, 1.00018263, 1.64053953, -1.31006241, 31.54231453, -0.26950669, -21.70413017, -16.57410049, -19.38029861, -90.93832397, 19.90554428, 18.03573990, -12.28635216, 1.00000000, 0.00000000, 0.00000000, 0.00000000, -0.37998581, 0.61901760, 1.11702991, 101.54500580, -18.29767227, 40.47999954, 0.00000000
4, 0.7700, 77, 0.90724468, 1.73987031, -1.33266056, 46.25526047, 4.37468004, -15.81050968, -16.63256264, -19.40952873, -90.64601135, 20.28901482, 17.94983292, -12.48486900, 1.00000000, 0.00000000, 0.00000000, 0.00000000, -0.27410263, 0.61494392, 1.20422280, 101.54500580, -18.29767227, 40.47999954, 0.00000000
4, 0.7800, 78, 0.94498128, 1.76934195, -1.34370530, 53.94637299, 17.55234528, -8.33643627, -16.63256264, -19.40952873, -90.64601135, 20.70407104, 18.00288963, -12.76920414, 1.00000000, 0.00000000, 0.00000000, 0.00000000, -0.30649525, 0.61323512, 1.24327672, 101.54500580, -18.29767227, 40.47999954, 0.00000000
5, 0.8700, 87, 0.09314202, -1.73882234, -2.14601636, -27.46950340, -150.51325989, 63.87993622, -43.05758667, 14.00175381, -112.92019653, 102.88050079, 24.75863838, 35.88412476, 0.63087124, -0.68546820, -0.36241817, -0.02806979, -0.60845232, 1.48648667, -0.77989304, 0.00000000, 0.00000000, 0.00000000, 0.00000000
4, 0.7900, 79, 1.09693754, 1.68174422, -1.37546253, 58.45758820, 35.38005829, 2.44921231, -16.31101990, -19.55568504, -90.87985992, 21.10756111, 18.24708176, -13.15439129, 1.00000000, 0.00000000, 0.00000000, 0.00000000, -0.46624535, 0.65650326, 1.19247150, 101.54500580, -18.29767227, 40.47999954, 0.00000000
4, 0.8000, 80, 1.23349440, 1.59775782, -1.43753433, 67.27060699, 46.94776154, 16.97175980, -15.87255192, -19.55568504, -90.67523956, 22.91786766, 19.48980522, -13.37842655, 1.00000000, 0.00000000, 0.00000000, 0.00000000, -0.60263848, 0.72399551, 1.15332174, 101.54500580, -18.29767227, 40.47999954, 0.00000000
4, 0.8100, 81, 1.31699169, 1.48314011, -1.49130559, 82.22903442, 48.57307434, 30.55258369, -15.93101406, -19.96492195, -90.26600647, 23.54408264, 20.06863022, -13.73499298, 1.00000000, 0.00000000, 0.00000000, 0.00000000, -0.68232191, 0.77896398, 1.08272004, 101.54500580, -18.29767227, 40.47999954, 0.00000000
4, 0.8200, 82, 1.42319989, 1.40063882, -1.50440264, 96.89968109, 42.09687042, 41.60105515, -15.93101406, -19.96492195, -90.26600647, 24.36281013, 20.71292877, -13.98374176, 1.00000000, 0.00000000, 0.00000000, 0.00000000, -0.78934824, 0.79919076, 1.03086877, 101.54500580, -18.29767227, 40.47999954, 0.00000000
2, 0.8700, 87, -1.30757070, -2.18110943, -0.08397047, -50.27198410, -11.44739723, 192.29180908, -21.66033363, 13.12481689, 50.62847137, -167.54943848, -8.25724602, -177.93144226, -0.06960715, 0.02570385, -0.99122095, 0.10943145, 0.22533366, -0.20184597, -1.51698852, 0.00000000, 0.00000000, 0.00000000, 0.00000000
2, 0.8800, 88, -1.60981417, -1.88741291, -0.06947583, -49.77481079, -15.83737087, 193.37075806, -22.74188805, 14.46945286, 50.51154709, -168.06658936, -10.14714813, -178.27265930, -0.08638496, 0.02412534, -0.99043453, 0.10485778, 0.58437312, -0.15846483, -1.37328804, 0.00000000, 0.00000000, 0.00000000, 0.00000000
4, 0.8300, 83, 1.51922405, 1.34615684, -1.50545847, 109.86034393, 34.28792191, 52.73170853, -15.08330917, -20.72493362, -89.56445312, 25.36826706, 21.41222763, -14.10527802, 1.00000000, 0.00000000, 0.00000000, 0.00000000, -0.88146037, 0.79943132, 1.00381732, 101.54500580, -18.29767227, 40.47999954, 0.00000000
2, 0.8900, 89, -2.03863573, -1.01854241, 0.08669894, -49.78287506, -2.02947736, 167.75418091, -23.35574341, 15.84332085, 50.42385101, -168.87489319, -17.36431503, -178.86622620, -0.14928664, 0.02436655, -0.98369294, 0.09730415, 1.27242649, -0.12346375, -0.74161446, 0.00000000, 0.00000000, 0.00000000, 0.00000000
4, 0.8400, 84, 1.50632119, 1.38125598, -1.45992851, 123.05458832, 21.73233414, 63.02033615, -15.46331501, -21.63110161, -89.15522003, 26.58729172, 22.12737083, -14.06008244, 1.00000000, 0.00000000, 0.00000000, 0.00000000, -0.85320526, 0.73290575, 1.03843141, 101.54500580, -18.29767227, 40.47999954, 0.00000000
4, 0.8500, 85, 1.41444194, 1.42237628, -1.39816654, 134.89257812, 6.05102158, 71.20452881, -14.99561501, -22.85881233, -89.56445312, 28.28026772, 23.60961342, -14.01973724, 1.00000000, 0.00000000, 0.00000000, 0.00000000, -0.74364179, 0.64622474, 1.06664109, 101.54500580, -18.29767227, 40.47999954, 0.00000000
4, 0.8600, 86, 1.29313123, 1.37100542, -1.32118058, 143.25984192, -7.60036087, 76.02785492, -15.11254025, -23.79421234, -89.12598419, 29.88960457, 24.24435043, -13.63036823, 1.00000000, 0.00000000, 0.00000000, 0.00000000, -0.61428404, 0.56110853, 1.00292349, 101.54500580, -18.29767227, 40.47999954, 0.00000000
5, 0.8800, 88, -0.10355322, -2.07423091, -2.36492515, -14.87920952, -195.53280640, 46.45250320, -43.61297989, 14.14791012, -112.10172272, 104.05383301, 23.19281197, 35.68264389, 0.62229550, -0.69717789, -0.35432631, -0.03382558, -0.69351786, 1.74365020, -1.11548746, 0.00000000, 0.00000000, 0.00000000, 0.00000000
2, 0.9000, 90, -1.94514287, -1.29277670, 0.16956624, -39.16456223, -2.22373796, 122.26572418, -23.56036186, 16.66179466, 51.00847626, -169.28976440, -18.55377007, -179.01791382, -0.15970668, 0.02346632, -0.98244828, 0.09348047, 0.99518496, -0.28299433, -0.95436835, 0.00000000, 0.00000000, 0.00000000, 0.00000000
4, 0.8700, 87, 1.20734143, 1.35117650, -1.35748136, 146.34335327, -12.13650322, 78.58348083, -15.11254025, -23.79421234, -89.12598419, 31.57111931, 24.85960770, -13.16846848, 1.00000000, 0.00000000, 0.00000000, 0.00000000, -0.52164239, 0.58008444, 0.99473524, 101.54500580, -18.29767227, 40.47999954, 0.00000000
2, 0.9100, 91, -1.88085818, -1.49896979, 0.19921638, -38.66747284, -28.58758354, 110.83396912, -23.56036186, 16.66179466, 51.00847626, -169.50318909, -19.64673996, -179.42181396, -0.16943906, 0.02055776, -0.98111612, 0.09098940, 0.84184986, -0.36502260, -1.11219192, 0.00000000, 0.00000000, 0.00000000, 0.00000000
4, 0.8800, 88, 1.18224561, 1.43747234, -1.57429159, 151.89784241, -3.39947343, 77.57675171, -15.20023346, -25.16807938, -89.24291229, 33.27193069, 25.52044296, -12.76837349, 1.00000000, 0.00000000, 0.00000000, 0.00000000, -0.46618736, 0.75403619, 1.13666558, 101.54500580, -18.29767227, 40.47999954, 0.00000000
4, 0.8900, 89, 1.34115815, 1.31916475, -1.86954224, 161.22201538, -21.02429581, 79.65464783, -15.75562668, -26.48348427, -89.68138123, 35.16703796, 26.06529808, -12.20756340, 1.00000000, 0.00000000, 0.00000000, 0.00000000, -0.62208742, 1.04625750, 1.12761569, 101.54500580, -18.29767227, 40.47999954, 0.00000000
4, 0.9000, 90, 1.79933989, 1.11307621, -1.95238328, 158.75831604, -80.27979279, 99.51259613, -15.40485191, -27.53580856, -90.14907837, 38.24342728, 28.39534569, -11.16122150, 1.00000000, 0.00000000, 0.00000000, 0.00000000, -1.09014857, 1.14475119, 1.04468369, 101.54500580, -18.29767227, 40.47999954, 0.00000000
5, 0.8900, 89, -0.01036106, -2.16175127, -2.52411604, 3.04117107, -277.54986572, 39.22195053, -43.61297989, 14.14791012, -112.10172272, 105.77306366, 21.23120689, 35.11724472, 0.60975516, -0.71374202, -0.34243399, -0.03885829, -0.83436668, 1.90773082, -1.07280982, 0.00000000, 0.00000000, 0.00000000, 0.00000000
4, 0.9100, 91, 2.20267415, 1.02233219, -1.55813503, 157.75376892, -114.72123718, 129.72113037, -15.98947620, -30.16661835, -90.17830658, 40.84617615, 28.47382355, -9.42881012, 1.00000000, 0.00000000, 0.00000000, 0.00000000, -1.48917437, 0.74854392, 0.98045975, 101.54500580, -18.29767227, 40.47999954, 0.00000000
2, 0.9200, 92, -2.01574659, -1.58785439, 0.29667556, -37.48358917, -54.79955673, 158.80282593, -23.41420555, 17.97719955, 50.42385101, -169.55711365, -21.23537254, 179.93659973, -0.18353961, 0.01622623, -0.97880912, 0.08934606, 0.91791379, -0.48343614, -1.23208654, 0.00000000, 0.00000000, 0.00000000, 0.00000000
2, 0.9300, 93, -2.41921902, -1.54464817, 0.33504426, -38.23467255, -81.06932831, 213.53817749, -23.67728615, 19.23414230, 50.89155197, -169.44944763, -23.38467216, 179.03907776, -0.20254584, 0.01045453, -0.97522426, 0.08833817, 1.27719712, -0.51256728, -1.35687482, 0.00000000, 0.00000000, 0.00000000, 0.00000000
2, 0.9400, 94, -3.13477254, -1.42762768, 0.33261317, -48.21123123, -116.35571289, 255.38574219, -24.23267937, 20.66647148, 51.65156174, -168.76622009, -29.50391006, 177.19102478, -0.25565609, 0.00132611, -0.96271586, 0.08841064, 1.92693019, -0.48258442, -1.55983591, 0.00000000, 0.00000000, 0.00000000, 0.00000000
4, 0.9200, 92, 1.95570874, 1.02310264, -1.30145085, 168.77101135, -121.27863312, 156.34179688, -15.98947620, -30.16661835, -90.17830658, 43.71183777, 28.59504509, -7.41870832, 1.00000000, 0.00000000, 0.00000000, 0.00000000, -1.25206244, 0.46603721, 0.91805291, 101.54500580, -18.29767227, 40.47999954, 0.00000000
2, 0.9500, 95, -3.57639575, -1.27230096, 0.47085369, -74.82825470, -158.62446594, 281.98513794, -24.05729294, 22.97573853, 52.73311996, -168.06773376, -32.32466125, 175.18516541, -0.28080106, -0.01121932, -0.95564675, 0.08811558, 2.32189059, -0.57777894, -1.61200929, 0.00000000, 0.00000000, 0.00000000, 0.00000000
5, 0.9000, 90, -0.11888065, -1.98128939, -2.53634310, 34.16578674, -387.75283813, 7.80673981, -45.86378098, 15.05407715, -111.16632080, 108.20999908, 18.89701271, 33.83899689, 0.59201646, -0.73650229, -0.32464284, -0.04108591, -0.66826451, 1.89111543, -0.97681254, 0.00000000, 0.00000000, 0.00000000, 0.00000000
5, 0.9100, 91, -0.35760090, -1.89430714, -2.43013978, 66.99625397, -460.88375854, -42.42835999, -47.00379944, 15.25869656, -109.64630127, 112.59127808, 16.11467934, 32.38899612, 0.56014973, -0.76932311, -0.30442071, -0.04125812, -0.48578662, 1.77770483, -1.03409100, 0.00000000, 0.00000000, 0.00000000, 0.00000000
5, 0.9200, 92, -0.43103433, -1.91829979, -2.22893810, 86.68354797, -502.45965576, -89.97389221, -48.26074219, 13.68021011, -106.86933899, 115.81201935, 14.07317638, 29.62611198, 0.53631687, -0.79621238, -0.27788708, -0.03448212, -0.50935531, 1.59754968, -1.05227733, 0.00000000, 0.00000000, 0.00000000, 0.00000000
4, 0.9300, 93, 1.60820603, 1.04950643, -1.29715574, 188.75468445, -121.89083862, 180.05160522, -16.74948883, -31.36509705, -90.67523956, 46.89010620, 28.76917648, -5.19588375, 1.00000000, 0.00000000, 0.00000000, 0.00000000, -0.90265942, 0.42355856, 0.92131329, 101.54500580, -18.29767227, 40.47999954, 0.00000000
4, 0.9400, 94, 1.39690030, 1.10045254, -1.27106047, 197.17669678, -106.66392517, 200.89631653, -17.80181122, -32.85588837, -91.20140076, 50.20361328, 29.07638741, -2.84720254, 1.00000000, 0.00000000, 0.00000000, 0.00000000, -0.68316042, 0.35505086, 0.96998549, 101.54500580, -18.29767227, 40.47999954, 0.00000000
4, 0.9500, 95, 1.23531544, 1.20257509, -1.25290668, 199.36926270, -93.34875488, 222.97413635, -18.85413551, -34.96053696, -90.93832397, 49.13282394, 29.07095528, -3.56973600, 1.00000000, 0.00000000, 0.00000000, 0.00000000, -0.50415003, 0.29596090, 1.06726980, 101.54500580, -18.29767227, 40.47999954, 0.00000000
4, 0.9600, 96, 1.08846402, 1.38937581, -1.26241565, 201.69480896, -98.43312836, 240.45538330, -18.85413551, -34.96053696, -90.93832397, 52.69029999, 29.55225182, -0.84513593, 1.00000000, 0.00000000, 0.00000000, 0.00000000, -0.32749400, 0.26620141, 1.22876501, 101.54500580, -18.29767227, 40.47999954, 0.00000000
4, 0.9700, 97, 0.93706006, 1.49550247, -1.11228621, 210.23495483, -104.69252777, 244.67709351, -20.34492874, -37.44519043, -90.58754730, 56.41070175, 29.85371590, 1.98344791, 1.00000000, 0.00000000, 0.00000000, 0.00000000, -0.16092560, 0.06651093, 1.32295728, 101.54500580, -18.29767227, 40.47999954, 0.00000000
4, 0.9800, 98, 0.97758979, 1.41485405, -0.88489509, 227.81863403, -95.63533783, 238.00849915, -21.54340744, -39.95907593, -90.76293182, 60.24971390, 30.07850456, 4.71322346, 1.00000000, 0.00000000, 0.00000000, 0.00000000, -0.21731648, -0.16875020, 1.25399828, 101.54500580, -18.29767227, 40.47999954, 0.00000000
4, 0.9900, 99, 0.87683117, 1.49502933, -0.85111398, 270.69793701, -38.24375153, 250.45512390, -22.12803268, -42.96989059, -89.97369385, 64.42002106, 30.77914429, 7.39769411, 1.00000000, 0.00000000, 0.00000000, 0.00000000, -0.09987991, -0.24464618, 1.36348259, 101.54500580, -18.29767227, 40.47999954, 0.00000000
5, 0.9300, 93, -0.45502722, -1.78291917, -1.85927117, 79.20995331, -520.01788330, -130.55468750, -49.10844803, 13.76790428, -103.30312347, 119.02387238, 12.26107788, 26.31909370, 0.51216197, -0.82197130, -0.24782354, -0.02523509, -0.46810710, 1.22962761, -0.95576501, 0.00000000, 0.00000000, 0.00000000, 0.00000000
2, 0.9600, 96, -3.83535671, -1.00593007, 0.51859409, -112.27848053, -202.14556885, 285.68612671, -24.05729294, 22.97573853, 52.73311996, -167.03717041, -35.13821793, 172.40847778, -0.30639282, -0.02871012, -0.94743794, 0.08752448, 2.62468433, -0.55588436, -1.49477088, 0.00000000, 0.00000000, 0.00000000, 0.00000000
5, 0.9400, 94, -0.73115444, -1.52844918, -1.39219713, 51.70275879, -505.47564697, -175.54843140, -49.04998398, 13.53405380, -100.52616119, 121.89277649, 10.80810547, 22.54668236, 0.49023575, -0.84454787, -0.21498430, -0.01377407, -0.16636877, 0.75154340, -0.95972574, 0.00000000, 0.00000000, 0.00000000, 0.00000000
4, 1.0000, 100, 0.04570768, 1.51399601, -0.32889265, 326.02056885, 7.54256725, 241.39572144, -23.85267448, -44.95761490, -87.89827728, 55.31235123, 29.95194626, 13.56644344, 1.00000000, 0.00000000, 0.00000000, 0.00000000, 0.71510965, -0.75859308, 1.15983558, 101.54500580, -18.29767227, 40.47999954, 0.00000000
4, 1.0100, 101, 0.00350029, 1.04449570, 0.81370306, 375.00119019, -121.10968781, 206.02690125, -23.85267448, -44.95761490, -87.89827728, 60.43871689, 30.04420662, 15.89226437, 1.00000000, 0.00000000, 0.00000000, 0.00000000, 0.63408369, -1.74972188, 0.39107782, 101.54500580, -18.29767227, 40.47999954, 0.00000000
5, 0.9500, 95, -0.99394494, -1.44820666, -0.96251369, 9.10550785, -453.36196899, -226.92065430, -49.04998398, 13.53405380, -100.52616119, 124.06504822, 9.87607574, 18.43376350, 0.47337478, -0.86210907, -0.18078804, 0.00020689, 0.01955478, 0.33424252, -1.08687103, 0.00000000, 0.00000000, 0.00000000, 0.00000000
5, 0.9600, 96, -0.84466618, -1.37570643, -0.51964176, -46.02701569, -378.62185669, -261.75042725, -48.17304993, 11.22478771, -98.21689606, 131.57254028, 9.84694481, 17.32834435, 0.41575688, -0.89298451, -0.17168117, 0.01582418, -0.09242512, -0.08379027, -0.93363911, 0.00000000, 0.00000000, 0.00000000, 0.00000000
5, 0.9700, 97, -0.66297770, -1.20706308, -0.20970784, -97.74707794, -274.47042847, -290.76995850, -47.58842468, 10.40631390, -96.75533295, 131.72351074, 10.26290226, 13.26232719, 0.41400158, -0.89859962, -0.14128917, 0.03404029, -0.13421182, -0.35711682, -0.64904189, 0.00000000, 0.00000000, 0.00000000, 0.00000000
5, 0.9800, 98, -0.50967336, -1.04333067, -0.04265260, -153.69845581, -142.50535583, -326.43359375, -46.06840134, 8.30166626, -96.98918152, 130.54244995, 11.21426582, 9.46489716, 0.42222464, -0.89749813, -0.11531237, 0.05409652, -0.13899532, -0.55136693, -0.45339417, 0.00000000, 0.00000000, 0.00000000, 0.00000000
5, 0.9900, 99, -0.13012721, -0.90276146, 0.19469617, -215.89978027, -22.33059120, -365.10284424, -43.17451096, 7.36626720, -98.18766022, 128.00354004, 12.55560875, 5.76847124, 0.44010872, -0.88987398, -0.09282693, 0.07623501, -0.32404259, -0.82524782, -0.14666760, 0.00000000, 0.00000000, 0.00000000, 0.00000000
5, 1.0000, 100, 0.74483395, -0.45214042, 0.10894696, -259.91259766, 73.20063019, -416.94702148, -43.17451096, 7.36626720, -98.18766022, 124.32052612, 14.27915001, 1.93453026, 0.46516860, -0.87629604, -0.07284525, 0.10206346, -0.62565005, -0.83274424, 0.73678297, 0.00000000, 0.00000000, 0.00000000, 0.00000000
5, 1.0100, 101, 2.16879559, 0.43542394, -0.23675722, -233.01972961, 146.32620239, -483.02175903, -40.66062546, 5.87547493, -100.58462524, 109.13626862, 23.29374504, -7.62350035, 0.55560696, -0.80404389, -0.06372568, 0.20187469, -0.97338355, -0.65531749, 2.27864766, 0.00000000, 0.00000000, 0.00000000, 0.00000000
4, 1.0200, 102, 0.64799869, 0.32552540, 1.09531188, 326.82397461, -253.84666443, 167.17344666, -24.99269104, -48.20227814, -86.43671417, 65.24936676, 28.52236366, 18.20869637, 1.00000000, 0.00000000, 0.00000000, 0.00000000, -0.13801262, -1.92005110, -0.19736034, 101.54500580, -18.29767227, 40.47999954, 0.00000000
5, 1.0200, 102, 4.17262650, 1.71884894, -0.79746836, -132.32234192, 198.09231567, -532.37072754, -36.74364090, 4.35545158, -102.48464966, 104.28270721, 25.76269341, -12.54377556, 0.57546145, -0.77999794, -0.05191594, 0.24031696, -1.39905167, -0.32409266, 4.42217445, 0.00000000, 0.00000000, 0.00000000, 0.00000000
5, 1.0300, 103, 5.30838442, 3.08960986, -0.76009727, -19.44747734, 212.23497009, -528.17761230, -32.65127182, 3.50774622, -104.03390503, 99.93212128, 28.70052338, -17.51143456, 0.58702230, -0.75739753, -0.04465455, 0.28241771, -1.26545930, -0.54993212, 6.11111355, 0.00000000, 0.00000000, 0.00000000, 0.00000000
5, 1.0400, 104, 5.64800596, 4.32369328, 0.01811379, 90.81362152, 201.36451721, -445.13665771, -28.26658821, 1.34463608, -103.71236420, 96.64829254, 31.80405617, -21.81657410, 0.58918869, -0.73983139, -0.04295478, 0.32196453, -0.70929778, -1.47784853, 7.09627914, 0.00000000, 0.00000000, 0.00000000, 0.00000000
5, 1.0500, 105, 1.93590033, 3.32417727, 1.37619662, 182.89837646, 179.04791260, -321.73953247, -28.26658821, 1.34463608, -102.74773407, 94.73391724, 34.95250702, -24.97658539, 0.58297616, -0.72912747, -0.04684210, 0.35541207, 1.24979889, -2.65709472, 3.66404271, 0.00000000, 0.00000000, 0.00000000, 0.00000000
2, 0.9700, 97, -3.92414117, -0.64677590, 0.41769236, -150.80494690, -241.94580078, 254.60980225, -24.08652496, 25.19731140, 54.04852295, -165.60354614, -37.56100082, 168.83663940, -0.32943031, -0.05121171, -0.93876719, 0.08700228, 2.79799080, -0.36345679, -1.25959980, 0.00000000, 0.00000000, 0.00000000, 0.00000000
2, 0.9800, 98, -3.88238049, -0.27787790, 0.32167250, -185.18704224, -271.98477173, 192.63360596, -23.67728615, 27.21426392, 56.73779678, -163.79914856, -39.24499893, 164.60055542, -0.34725600, -0.07804825, -0.93045992, 0.08698408, 2.86510873, -0.16832854, -0.95975345, 0.00000000, 0.00000000, 0.00000000, 0.00000000
2, 0.9900, 99, -3.90972328, 0.11209057, 0.24648882, -215.34301758, -292.97790527, 98.50730133, -23.09266281, 27.94504547, 58.60859299, -163.33535767, -45.42269516, 163.20709229, -0.39743853, -0.07792774, -0.91111112, 0.07646313, 3.00124311, 0.00694702, -0.67029160, 0.00000000, 0.00000000, 0.00000000, 0.00000000
4, 1.0300, 103, 1.44967127, 0.21255127, 0.96167845, 291.07015991, -309.97640991, 180.49206543, -27.18503380, -49.45922089, -86.34902191, 69.77477264, 26.26639557, 20.62301064, 1.00000000, 0.00000000, 0.00000000, 0.00000000, -0.97357154, -1.81014001, -0.09403522, 101.54500580, -18.29767227, 40.47999954, 0.00000000
4, 1.0400, 104, 2.50911427, 0.38471615, 1.14546216, 270.02041626, -359.16198730, 222.20405579, -28.85121346, -51.12540054, -85.91055298, 74.19783020, 23.37959671, 23.30855751, 1.00000000, 0.00000000, 0.00000000, 0.00000000, -2.04084039, -2.06809330, 0.26099598, 101.54500580, -18.29767227, 40.47999954, 0.00000000
4, 1.0500, 105, 3.58598876, 0.54016483, 1.54092693, 262.03775024, -378.12121582, 291.18182373, -32.73896408, -52.93773651, -84.41976166, 77.17581940, 33.34896851, 41.19084930, 1.00000000, 0.00000000, 0.00000000, 0.00000000, -3.09226584, -2.50005555, 0.56358063, 101.54500580, -18.29767227, 40.47999954, 0.00000000
5, 1.0600, 106, -5.51371384, 3.75316048, 3.13195801, 230.37409973, 153.94830322, -305.20574951, -25.57731628, -0.58462435, -102.74773407, 96.93698883, 32.40910339, -3.59088516, 0.62983286, -0.72429502, -0.16241720, 0.22875302, 6.84672451, -4.43999910, -1.29137611, 0.00000000, 0.00000000, 0.00000000, 0.00000000
5, 1.0700, 107, -7.09597349, 3.54333186, 3.72335172, 289.01486206, 410.55801392, -227.03244019, -22.91727448, -0.02923122, -100.52616119, 95.33191681, 37.74482727, -4.92308378, 0.62639046, -0.70820117, -0.18759269, 0.26626134, 7.80996132, -4.99250555, -2.56634879, 0.00000000, 0.00000000, 0.00000000, 0.00000000
5, 1.0800, 108, -2.18237209, 0.87822688, 3.34657192, 233.89598083, 595.24676514, 17.24992561, -20.72493362, 0.55539316, -98.50920868, 94.34473419, 43.53233719, -2.94415927, 0.62413436, -0.68736517, -0.23450041, 0.28808862, 2.53087807, -4.18374157, -1.13451314, 0.00000000, 0.00000000, 0.00000000, 0.00000000
2, 1.0000, 100, -3.57701302, 0.28976980, 0.31866193, -247.66877747, -272.04895020, -21.56261253, -22.24495697, 27.79888916, 60.62554932, -161.10957336, -44.75993729, 158.36357117, -0.39739162, -0.10983188, -0.90765989, 0.07855243, 2.71845913, -0.02421768, -0.41392845, 0.00000000, 0.00000000, 0.00000000, 0.00000000
2, 1.0100, 101, -2.92324042, 0.51548529, 0.41403919, -290.11178589, -248.22245789, -151.71368408, -22.24495697, 27.79888916, 60.62554932, -159.65040588, -42.66574860, 153.98118591, -0.38591582, -0.14377560, -0.90776765, 0.07972070, 2.23264670, -0.03838612, 0.07697004, 0.00000000, 0.00000000, 0.00000000, 0.00000000
2, 1.0200, 102, -2.79816628, 1.06319690, 0.65221709, -341.73287964, -214.74319458, -285.75933838, -21.36802101, 24.34960556, 62.81789017, -159.25204468, -39.15967178, 150.24543762, -0.36215174, -0.17962635, -0.91120046, 0.07933722, 2.38788033, -0.12237306, 0.69502950, 0.00000000, 0.00000000, 0.00000000, 0.00000000
2, 1.0300, 103, -2.26966643, 1.46456742, 0.65960884, -400.35449219, -162.98522949, -453.85751343, -20.87108994, 21.77725792, 64.68869019, -160.14743042, -33.97784424, 147.32701111, -0.32256395, -0.21664292, -0.91817832, 0.07724743, 2.11932683, -0.02565585, 1.31197798, 0.00000000, 0.00000000, 0.00000000, 0.00000000
5, 1.0900, 109, 2.30383968, -1.48793805, 2.43690562, 123.97630310, 397.47100830, 126.52272034, -20.69570351, 0.08769365, -96.75533295, 94.81931305, 46.97487259, 0.03395229, 0.62076849, -0.67513418, -0.26991814, 0.29323137, -2.20469499, -2.89657784, 0.29567507, 0.00000000, 0.00000000, 0.00000000, 0.00000000
4, 1.0600, 106, 3.68532419, 0.70458555, 1.34795380, 257.62689209, -302.36437988, 351.41259766, -32.73896408, -52.93773651, -84.41976166, 82.38774109, 30.66230011, 45.13286591, 1.00000000, 0.00000000, 0.00000000, 0.00000000, -3.05022430, -2.30454493, 0.84652060, 101.54500580, -18.29767227, 40.47999954, 0.00000000
5, 1.1000, 110, 3.37530756, -1.48646450, 1.52785826, -98.39189148, 59.52761459, 272.74130249, -22.77112007, 0.40923706, -97.19380188, 96.85138702, 46.17892075, 3.99539995, 0.62028927, -0.67867839, -0.28406996, 0.27192134, -2.89064121, -1.98450875, 1.13703454, 0.00000000, 0.00000000, 0.00000000, 0.00000000
2, 1.0400, 104, -1.24262655, 1.29650474, 0.19734424, -449.53320312, -160.36358643, -609.33599854, -20.02338409, 15.78485775, 65.18561554, -161.34812927, -39.38962555, 146.51727295, -0.36240846, -0.21531890, -0.90540975, 0.05031108, 1.11538267, 0.37840173, 1.50294101, 0.00000000, 0.00000000, 0.00000000, 0.00000000
5, 1.1100, 111, -1.39796042, 0.24576639, 0.85192317, -168.79930115, -213.65213013, 254.19198608, -22.77112007, 0.40923706, -97.19380188, 110.15088654, 37.64941406, -21.31485748, 0.48360056, -0.79682660, -0.03802359, 0.36021110, 1.78742898, -1.59182775, -0.71910632, 0.00000000, 0.00000000, 0.00000000, 0.00000000
5, 1.1200, 112, -2.71707392, 0.19577675, 0.73889333, -146.56396484, -294.08084106, 74.47007751, -24.78807259, 0.76001167, -98.53843689, 110.54634094, 34.53129578, -22.31719208, 0.48650336, -0.80272621, -0.01399449, 0.34460038, 2.63200665, -1.52098906, -1.50160217, 0.00000000, 0.00000000, 0.00000000, 0.00000000
5, 1.1300, 113, -2.33983350, -0.17798708, 1.69987857, -121.13819885, -75.48580170, 57.15117645, -25.95732307, 0.78924292, -99.59075928, 110.17284393, 33.03038406, -22.40341949, 0.49299079, -0.80281496, -0.00687215, 0.33526263, 1.98121309, -2.43989658, -1.60750818, 0.00000000, 0.00000000, 0.00000000, 0.00000000
4, 1.0700, 107, 2.25986195, 1.22074997, 0.90349185, 254.37921143, -202.90763855, 348.51739502, -36.56825638, -54.75007248, -83.42589569, 87.14212799, 28.67290115, 48.79731750, 1.00000000, 0.00000000, 0.00000000, 0.00000000, -1.58122110, -2.00539517, 1.28184867, 101.54500580, -18.29767227, 40.47999954, 0.00000000
2, 1.0500, 105, -0.24574323, 0.68918937, -0.70123786, -513.50170898, -212.85142517, -721.89025879, -20.02338409, 15.78485775, 65.18561554, -162.36303711, -31.48109055, 142.65792847, -0.30120432, -0.26508698, -0.91438073, 0.05397064, -0.13943423, 1.09540236, 1.15439582, 0.00000000, 0.00000000, 0.00000000, 0.00000000
4, 1.0800, 108, -0.26691547, 1.47694731, 1.69160950, 227.26770020, -163.00709534, 284.86358643, -39.98830795, -56.03624725, -80.97047424, 91.03804016, 26.91407204, 51.59834671, 1.00000000, 0.00000000, 0.00000000, 0.00000000, 0.89877802, -2.84795880, 1.03215122, 101.54500580, -18.29767227, 40.47999954, 0.00000000
4, 1.0900, 109, -2.79073739, 0.35337064, 2.63128209, 283.22015381, -42.84704971, 296.55279541, -42.03449249, -56.47471619, -79.15814209, 95.38198090, 26.18107796, 54.70824814, 1.00000000, 0.00000000, 0.00000000, 0.00000000, 3.16772723, -3.54134989, -0.58258730, 101.54500580, -18.29767227, 40.47999954, 0.00000000
5, 1.1400, 114, -2.86839080, -0.05543287, 1.66881561, -131.17286682, 158.75697327, 83.68318939, -26.19117165, -0.32154340, -100.46769714, 108.89740753, 32.83945084, -21.15802574, 0.50601703, -0.79732311, -0.01828349, 0.32846355, 2.44447374, -2.43681526, -1.88670921, 0.00000000, 0.00000000, 0.00000000, 0.00000000
2, 1.0600, 106, 0.14363959, -0.23544732, -1.82085109, -578.92230225, -316.43991089, -838.82366943, -17.39257431, 9.35398960, 65.15638733, -163.48617554, -22.35186195, 137.73002625, -0.22971039, -0.32409957, -0.91559684, 0.06225060, -0.82363439, 1.98019862, 0.32147694, 0.00000000, 0.00000000, 0.00000000, 0.00000000
2, 1.0700, 107, 1.67997026, 0.02804734, -2.17901969, -782.30090332, -459.23907471, -1052.76342773, -12.45249939, 0.73078048, 64.19175720, -165.98388672, -10.99979877, 130.79336548, -0.13705422, -0.40068889, -0.90313327, 0.07081672, -1.99664962, 2.37775111, 1.15691733, 0.00000000, 0.00000000, 0.00000000, 0.00000000
2, 1.0800, 108, -0.76827407, 2.98809481, -0.61081010, -1216.15112305, -665.07019043, -1449.73449707, -3.44928384, -7.74627304, 61.44402313, -172.64097595, 3.98474789, 119.61753845, -0.00226533, -0.50347650, -0.86092639, 0.07288472, 1.76271343, 1.46024227, 3.22012353, 0.00000000, 0.00000000, 0.00000000, 0.00000000
5, 1.1500, 115, -1.54110754, 0.54938531, 1.30823326, -135.14059448, 258.79016113, 63.47431946, -25.89885902, 1.69541073, -101.43232727, 107.01576996, 33.37849808, -19.70562363, 0.52175200, -0.78794086, -0.03649768, 0.32494944, 1.92002606, -2.16987181, -0.53119409, 0.00000000, 0.00000000, 0.00000000, 0.00000000
2, 1.0900, 109, -7.20662642, 7.92911720, 1.43935549, -1614.57702637, -239.70941162, -2066.84033203, 12.80327415, -15.22946453, 50.07307816, 168.62516785, 13.72042942, 111.42517090, 0.15363304, -0.54677796, -0.82293701, -0.01433501, 10.03175735, 0.37918192, 5.51704311, 0.00000000, 0.00000000, 0.00000000, 0.00000000
4, 1.1000, 110, -4.01800251, -0.02450562, 3.93258548, 216.34835815, 179.22325134, 318.62127686, -42.03449249, -56.47471619, -79.15814209, 98.04567719, 18.16539955, -20.73351860, 1.00000000, 0.00000000, 0.00000000, 0.00000000, 4.24663115, -4.74257278, -1.34465194, 101.54500580, -18.29767227, 40.47999954, 0.00000000
4, 1.1100, 111, -4.02578688, 1.42722845, 1.31770813, -162.54074097, 378.45721436, 208.42422485, -44.63607025, -56.97164536, -78.39812469, 97.04948425, 20.72557449, -17.34072495, 1.00000000, 0.00000000, 0.00000000, 0.00000000, 4.49429131, -2.51688051, 0.59499955, 101.54500580, -18.29767227, 40.47999954, 0.00000000
4, 1.1200, 112, -3.19523597, 2.87742949, -1.56167102, 22.62278366, 150.46749878, 111.84993744, -45.13300323, -56.35778809, -78.66120911, 97.68271637, 21.79993439, -15.67439461, 1.00000000, 0.00000000, 0.00000000, 0.00000000, 4.01642656, 0.00657210, 2.71054268, 101.54500580, -18.29767227, 40.47999954, 0.00000000
5, 1.1600, 116, 0.45248178, 0.92559171, 0.81402773, -136.98768616, 266.26287842, 45.22097397, -25.89885902, 1.69541073, -101.43232727, 94.79863739, 40.47655869, 19.83257484, 0.66945738, -0.64000338, -0.34958851, 0.14145823, 0.79411352, -1.72508955, 1.08295631, 0.00000000, 0.00000000, 0.00000000, 0.00000000
5, 1.1700, 117, 1.26036632, 0.76888216, 0.21555991, -150.98152161, 176.41236877, 51.88032913, -25.84039688, 1.87079799, -102.71850586, 93.21997070, 40.61938477, 20.85603523, 0.67926574, -0.62710160, -0.35785630, 0.13145545, 0.22736594, -1.07821369, 1.44334579, 0.00000000, 0.00000000, 0.00000000, 0.00000000
4, 1.1300, 113, 0.79477084, 1.27508914, -0.91719341, 158.59312439, 169.25927734, 132.46342468, -45.98070526, -56.47471619, -78.60274506, 99.80370331, 23.14755249, -13.64789295, 1.00000000, 0.00000000, 0.00000000, 0.00000000, -0.17224899, -0.27900660, 1.68955922, 101.54500580, -18.29767227, 40.47999954, 0.00000000
5, 1.1800, 118, 1.01477051, 0.33002901, -0.09580864, -168.22724915, -1.93504345, 45.16737366, -26.16194153, 1.95849168, -103.77082825, 92.37392426, 39.39214325, 21.36487770, 0.68558854, -0.62435919, -0.35521948, 0.11816560, 0.13154811, -0.71698397, 0.97560251, 0.00000000, 0.00000000, 0.00000000, 0.00000000
2, 1.1000, 110, -2.82615280, 8.02550697, 0.40471113, -1415.99414062, 359.62353516, -2016.80908203, 12.80327415, -15.22946453, 50.07307816, 150.53469849, 30.70913506, 97.10780334, 0.35427940, -0.56682783, -0.74363124, -0.01431353, 6.13223791, 1.10795259, 6.98313904, 0.00000000, 0.00000000, 0.00000000, 0.00000000
5, 1.1900, 119, 0.29167470, 0.04580505, -0.19697544, -180.76483154, -143.55485535, 23.47890472, -25.66501045, 0.96463019, -105.26161957, 91.99966431, 37.09632111, 21.29506683, 0.68951738, -0.62940246, -0.34317389, 0.10319941, 0.45210052, -0.59867513, 0.28130665, 0.00000000, 0.00000000, 0.00000000, 0.00000000
2, 1.1100, 111, 4.64656258, 7.98057652, 0.69908190, -1054.02136230, 475.13806152, -1520.48828125, 28.76351929, -14.32329750, 40.07600021, 131.28587341, 41.12831116, 81.75935364, 0.50138253, -0.55008817, -0.66775924, -0.01077852, -0.53121531, 0.63136244, 9.70723438, 0.00000000, 0.00000000, 0.00000000, 0.00000000
2, 1.1200, 112, 7.81644535, 5.38917828, 2.02445412, -631.53314209, 232.51036072, -1013.93902588, 39.19906235, -5.02776957, 36.39286804, 116.06724548, 44.77410889, 68.00789642, 0.58650964, -0.53751826, -0.60584307, -0.00590876, -4.23735905, -1.34707093, 8.70365715, 0.00000000, 0.00000000, 0.00000000, 0.00000000
2, 1.1300, 113, 7.87778568, 0.33211067, 2.94389105, -269.27743530, -108.91658783, -419.60827637, 43.46682358, 2.74773455, 35.13592529, 109.83542633, 43.56710434, 61.51381302, 0.61394376, -0.54393333, -0.57189721, -0.01197019, -6.14726734, -3.45583487, 4.28602839, 0.00000000, 0.00000000, 0.00000000, 0.00000000
4, 1.1400, 114, 1.48227942, -0.64455950, -0.21911699, 125.51210022, 87.67704773, 48.79873657, -45.98070526, -57.14703369, -77.46273041, 101.28063202, 23.95745468, -12.75223255, 1.00000000, 0.00000000, 0.00000000, 0.00000000, -1.15412605, -0.55113399, -0.17106186, 101.54500580, -18.29767227, 40.47999954, 0.00000000
2, 1.1400, 114, 3.51545310, -2.05989599, 4.22581100, 0.62376785, -175.56933594, 140.03323364, 42.91143036, 3.71236467, 33.70359421, 114.40426636, 61.89502335, 27.60982513, 0.55429167, -0.63362640, -0.44253579, 0.30893448, -2.91162539, -5.21251774, 0.67465699, 0.00000000, 0.00000000, 0.00000000, 0.00000000
2, 1.1500, 115, 0.05408092, -3.40241075, 4.06977320, 36.72424698, 42.69959641, 525.49853516, 42.91143036, 3.71236467, 33.70359421, 123.60723114, 60.87705994, 38.43371964, 0.53163546, -0.63873392, -0.47613898, 0.28753179, -0.10998413, -5.15721989, -1.92325258, 0.00000000, 0.00000000, 0.00000000, 0.00000000
2, 1.1600, 116, -3.32529569, -3.06554842, 3.79010892, -217.10719299, 117.76506042, 554.33935547, 41.85910416, 0.61385560, 34.05437088, 129.16842651, 58.89722824, 48.26000595, 0.52261126, -0.63153219, -0.51410311, 0.25247324, 3.08502817, -4.79172134, -2.94406724, 0.00000000, 0.00000000, 0.00000000, 0.00000000
2, 1.1700, 117, -3.67839479, -1.83406663, 2.70918798, -601.78332520, 181.06813049, 327.77661133, 39.40368271, -2.54311609, 32.91435242, 126.08422852, 57.11366653, 52.30583572, 0.54522455, -0.60723162, -0.53960037, 0.20695773, 3.76707458, -3.47858524, -2.19141817, 0.00000000, 0.00000000, 0.00000000, 0.00000000
4, 1.1500, 115, 3.20883584, -2.04646230, 0.75984615, 2.04985118, 36.62223434, -30.69229698, -45.98070526, -57.14703369, -77.46273041, 120.88004303, 32.51864243, 71.70812988, 1.00000000, 0.00000000, 0.00000000, 0.00000000, -3.06791139, -1.16971266, -1.38085639, 101.54500580, -18.29767227, 40.47999954, 0.00000000
4, 1.1600, 116, 3.83042240, -1.24255967, 1.21323967, -161.04672241, -16.28312111, -26.51545715, -46.06840134, -57.38088226, -77.63811493, 119.03206635, 32.35478210, 71.19761658, 1.00000000, 0.00000000, 0.00000000, 0.00000000, -3.47724152, -1.66069520, -0.42333356, 101.54500580, -18.29767227, 40.47999954, 0.00000000
4, 1.1700, 117, 2.02760792, 0.11417141, 0.69248641, -179.73281860, -114.01777649, -25.07207298, -45.89301300, -56.32855988, -79.50891113, 116.77435303, 31.39781380, 69.96281433, 1.00000000, 0.00000000, 0.00000000, 0.00000000, -1.48031771, -1.45418096, 0.68320572, 101.54500580, -18.29767227, 40.47999954, 0.00000000
5, 1.2000, 120, -0.46384305, 0.02584992, -0.30920362, -181.42594910, -202.96492004, 0.00590407, -27.00964546, 2.92312193, -106.69394684, 91.77307892, 34.40007401, 20.83502388, 0.69238025, -0.63732916, -0.32646030, 0.08857170, 0.96596330, -0.51199985, -0.23915486, 0.00000000, 0.00000000, 0.00000000, 0.00000000
5, 1.2100, 121, -1.05931199, -0.08254413, -0.52218044, -159.44261169, -191.67149353, -20.87833023, -27.00964546, 2.92312193, -106.69394684, 101.41590118, 23.92636681, -2.70317864, 0.61556339, -0.76000464, -0.11337188, 0.17499045, 1.28099442, -0.32315505, -0.66447151, 0.00000000, 0.00000000, 0.00000000, 0.00000000
2, 1.1800, 118, -0.84040546, 0.12716375, 0.27280349, -743.45031738, 208.68603516, 197.83094788, 39.81291962, -1.92926037, 29.84507370, 119.57829285, 55.78630829, 53.87232971, 0.57961702, -0.57428300, -0.55585378, 0.15896465, 1.67756414, -0.70726663, 0.13311863, 0.00000000, 0.00000000, 0.00000000, 0.00000000
2, 1.1900, 119, 0.15365371, 1.27612245, -1.19014072, -556.51336670, 143.80407715, 220.39384460, 38.64366913, 0.84770536, 29.23121834, 100.60326385, 43.83990860, 66.45630646, 0.65307671, -0.46642005, -0.59060347, -0.08444431, 1.02951312, 0.89316177, 1.18048775, 0.00000000, 0.00000000, 0.00000000, 0.00000000
2, 1.2200, 120, -0.33958611, 0.39588580, -0.50901705, 44.35666275, -173.24794006, 288.49789429, 35.95439911, -0.20461853, 26.98041534, 104.96823883, 40.84356689, 77.40599060, 0.61843449, -0.44722798, -0.63062072, -0.14086697, 1.07971680, -0.14216667, 0.28923354, 0.00000000, 0.00000000, 0.00000000, 0.00000000
2, 1.2300, 121, -0.98556244, -0.20362186, 0.05099856, 76.07055664, -200.47512817, 305.26034546, 33.87898254, -1.49079216, 26.62964058, 108.70451355, 39.03515625, 81.36830902, 0.59353387, -0.45387962, -0.64694804, -0.15221445, 1.47115541, -0.83046567, -0.33099377, 0.00000000, 0.00000000, 0.00000000, 0.00000000
4, 1.1800, 118, 0.50203055, 0.04005610, 0.70698971, -131.03437805, -209.21101379, -60.34731674, -46.06840134, -56.32855988, -80.73662567, 114.69510651, 29.94561958, 67.82889557, 1.00000000, 0.00000000, 0.00000000, 0.00000000, -0.00469979, -1.47756386, 0.34338528, 101.54500580, -18.29767227, 40.47999954, 0.00000000
4, 1.1900, 119, -0.87778157, -0.12812968, 0.96670866, -149.24223328, -194.31770325, -45.68978119, -46.09763336, -56.15317154, -80.94124603, 112.61800385, 28.43916893, 66.00629425, 1.00000000, 0.00000000, 0.00000000, 0.00000000, 1.29943275, -1.72188449, -0.11330661, 101.54500580, -18.29767227, 40.47999954, 0.00000000
4, 1.2000, 120, -1.94713593, 0.11449981, 0.61941028, -181.37333679, -95.93021393, -33.64070892, -46.09763336, -56.15317154, -80.94124603, 110.92016602, 20.64428329, 34.46592712, 1.00000000, 0.00000000, 0.00000000, 0.00000000, 2.35947466, -1.46451211, 0.00230078, 101.54500580, -18.29767227, 40.47999954, 0.00000000
4, 1.2100, 121, -2.06605506, 0.60432696, 0.06525169, -182.55755615, -44.77007675, -33.95484924, -46.44840622, -54.86699677, -82.19818878, 108.94434357, 20.17658234, 33.80224228, 1.00000000, 0.00000000, 0.00000000, 0.00000000, 2.47909474, -1.07211018, 0.55906260, 101.54500580, -18.29767227, 40.47999954, 0.00000000
2, 1.2400, 122, -1.46567905, -0.52871007, 0.36778575, 32.46613312, -141.14952087, 323.76712036, 31.48202324, -3.27389646, 26.60040855, 121.43862152, 29.19895172, 95.54660034, 0.48088792, -0.47598356, -0.70787936, -0.20271470, 1.76266623, -1.21841550, -0.65476263, 0.00000000, 0.00000000, 0.00000000, 0.00000000
2, 1.2500, 123, -1.47956216, -0.69672513, 0.50133532, -59.27374268, -39.13681793, 294.37609863, 31.48202324, -3.27389646, 26.60040855, 122.14610291, 27.66924095, 98.42187500, 0.46527445, -0.46761522, -0.71899396, -0.21886855, 1.61006486, -1.39529812, -0.63395298, 0.00000000, 0.00000000, 0.00000000, 0.00000000
2, 1.2600, 124, -1.10784090, -0.47029862, 0.35287786, -236.51847839, 69.12738037, 186.99945068, 29.28968048, -3.88775206, 25.69424057, 120.29061127, 26.86992073, 100.06369781, 0.46545422, -0.45322654, -0.72079855, -0.24163531, 1.32555461, -1.21314645, -0.32308066, 0.00000000, 0.00000000, 0.00000000, 0.00000000
4, 1.2200, 122, -1.71203077, 0.79379207, -0.34889144, -151.99801636, -33.76201630, -2.09356666, -46.47763824, -55.77316666, -83.63051605, 107.39996338, 19.67182541, 33.52468872, 1.00000000, 0.00000000, 0.00000000, 0.00000000, 2.16464353, -0.71834463, 0.85660666, 101.54500580, -18.29767227, 40.47999954, 0.00000000
2, 1.2700, 125, -0.96833682, 0.06418902, 0.16285519, -331.99209595, 105.08172607, 74.18402863, 29.11429405, -3.44928384, 25.02192307, 116.92950439, 26.44716072, 100.41962433, 0.47566122, -0.43906990, -0.71411878, -0.26645532, 1.37665284, -0.93123901, 0.13346651, 0.00000000, 0.00000000, 0.00000000, 0.00000000
2, 1.2800, 126, -0.59107494, 0.42002532, -0.20278889, -358.02008057, 126.63858032, -13.57795143, 29.20198822, -1.63694823, 23.99883080, 112.91054535, 26.34308052, 99.84487152, 0.49172950, -0.42613348, -0.70202804, -0.28942898, 1.13005149, -0.52185655, 0.47020996, 0.00000000, 0.00000000, 0.00000000, 0.00000000
2, 1.2900, 127, 0.04111060, 0.50303900, -0.65160751, -311.81115723, 117.69309998, -40.45021057, 29.20198822, -1.63694823, 23.09266281, 98.20886230, 21.78494453, 106.99706268, 0.49723864, -0.34209809, -0.67026949, -0.43181193, 0.52195621, -0.10743563, 0.60274959, 0.00000000, 0.00000000, 0.00000000, 0.00000000
4, 1.2300, 123, -0.99912107, 0.32325909, -0.60590392, -89.63916016, 18.86279488, 38.22054672, -46.62379456, -55.07161713, -84.71207428, 106.63426971, 19.51516342, 33.93146896, 1.00000000, 0.00000000, 0.00000000, 0.00000000, 1.39077604, -0.37623909, 0.55203700, 101.54500580, -18.29767227, 40.47999954, 0.00000000
5, 1.2200, 122, -1.27986932, -0.35507470, -0.65672529, -143.67965698, -141.26882935, -36.38719559, -27.71119499, 3.80005836, -107.51242065, 100.88789368, 22.10676956, -3.71304870, 0.61990219, -0.76025718, -0.09751713, 0.16799013, 1.14680278, -0.20477816, -0.88410276, 0.00000000, 0.00000000, 0.00000000, 0.00000000
2, 1.3000, 128, 0.17922804, 0.44234663, -0.80046314, -232.31475830, 84.71823120, -26.68245888, 29.11429405, 0.84770536, 23.09266281, 95.58320618, 21.62661171, 106.48397064, 0.50624192, -0.33441445, -0.65832210, -0.44553134, 0.30208895, -0.04257916, 0.40252334, 0.00000000, 0.00000000, 0.00000000, 0.00000000
5, 1.2300, 123, -1.10404551, -0.65063441, -0.34630582, -150.59329224, -49.93159866, -27.47973633, -27.59427071, 3.97544575, -108.59397888, 99.86589050, 20.83248138, -4.34077835, 0.62738204, -0.75654703, -0.08778819, 0.16223927, 0.76483643, -0.48258579, -1.02131963, 0.00000000, 0.00000000, 0.00000000, 0.00000000
4, 1.2400, 124, -0.60402989, -0.30645749, -0.58287710, -64.48829651, 69.89748383, 26.20572090, -46.91610718, -53.63928604, -84.79976654, 106.08782196, 19.90036583, 34.49559402, 1.00000000, 0.00000000, 0.00000000, 0.00000000, 0.90553868, -0.26972264, -0.00793854, 101.54500580, -18.29767227, 40.47999954, 0.00000000
4, 1.2500, 125, -0.23321271, -0.83758390, -0.52404743, -96.72992706, 111.26605225, 2.10744095, -46.91610718, -53.63928604, -84.79976654, 112.59314728, 16.30858612, 49.09394836, 1.00000000, 0.00000000, 0.00000000, 0.00000000, 0.44774166, -0.21240117, -0.45608270, 101.54500580, -18.29767227, 40.47999954, 0.00000000
4, 1.2600, 126, 0.14250980, -0.92675775, -0.40622759, -148.22586060, 161.99761963, -30.74185944, -45.89301300, -54.37006760, -86.05670929, 111.03580475, 17.58832932, 49.66902161, 1.00000000, 0.00000000, 0.00000000, 0.00000000, 0.02264971, -0.29871073, -0.43666103, 101.54500580, -18.29767227, 40.47999954, 0.00000000
4, 1.2700, 127, 0.37320769, -0.76995647, -0.52485001, -148.29928589, 184.08918762, -56.70313644, -45.48377609, -52.52849960, -87.51826477, 109.40406036, 19.20491028, 50.10218048, 1.00000000, 0.00000000, 0.00000000, 0.00000000, -0.15175232, -0.21731165, -0.25270364, 101.54500580, -18.29767227, 40.47999954, 0.00000000
4, 1.2800, 128, 0.37090725, -0.64125341, -0.57488453, -144.58682251, 174.44158936, -72.20995331, -43.72990417, -52.85004425, -87.95673370, 107.74957275, 20.83454704, 50.29919815, 1.00000000, 0.00000000, 0.00000000, 0.00000000, -0.10077670, -0.19488312, -0.14699614, 101.54500580, -18.29767227, 40.47999954, 0.00000000
2, 1.3100, 129, 0.02533322, 0.20474629, -0.74617982, -167.26025391, 66.47998810, -1.50462818, 30.48816109, 0.76001167, 22.30341911, 93.72404480, 21.57274246, 106.29836273, 0.51210535, -0.32750261, -0.65034032, -0.45557407, 0.35558578, -0.15388823, 0.10667431, 0.00000000, 0.00000000, 0.00000000, 0.00000000
4, 1.2900, 129, 0.45011044, -0.52150381, -0.61861730, -147.19267273, 149.04214478, -68.60441589, -43.72990417, -52.85004425, -87.95673370, 106.06121826, 22.22878265, 50.34902191, 1.00000000, 0.00000000, 0.00000000, 0.00000000, -0.13462511, -0.17634001, -0.03885969, 101.54500580, -18.29767227, 40.47999954, 0.00000000
2, 1.3200, 130, -0.35719803, 0.21909963, -0.47187412, -139.43360901, 82.80669403, 17.71796989, 30.86816597, 2.74773455, 22.18649483, 92.10604095, 21.80132103, 106.29082489, 0.51768136, -0.31903177, -0.64442134, -0.46362260, 0.73904461, -0.41860989, -0.00032055, 0.00000000, 0.00000000, 0.00000000, 0.00000000
5, 1.2400, 124, -0.83421963, -0.59957159, 0.04192299, -173.56120300, 105.26991272, 5.62277508, -27.59427071, 4.41391420, -109.44168091, 97.94017029, 20.38205338, -4.19892645, 0.64077324, -0.74622196, -0.08886892, 0.15705024, 0.55221486, -0.88308334, -0.86526829, 0.00000000, 0.00000000, 0.00000000, 0.00000000
4, 1.3000, 130, 0.61464214, -0.32421741, -0.61366880, -151.47865295, 127.19117737, -47.48333740, -42.85296631, -53.63928604, -89.35983276, 101.89901733, 28.76295471, 41.07487488, 1.00000000, 0.00000000, 0.00000000, 0.00000000, -0.22591382, -0.21391276, 0.13667139, 101.54500580, -18.29767227, 40.47999954, 0.00000000
4, 1.3100, 131, 0.75818580, -0.20958544, -0.58018267, -157.53770447, 108.76514435, -34.82937622, -41.71294785, -52.29465103, -90.23677063, 100.19432068, 29.64132309, 41.13776779, 1.00000000, 0.00000000, 0.00000000, 0.00000000, -0.27223086, -0.24519528, 0.20043075, 101.54500580, -18.29767227, 40.47999954, 0.00000000
2, 1.3300, 131, -0.41086799, 0.26270014, -0.35415697, -149.90359497, 146.23365784, 4.87581062, 32.38819122, 3.15697169, 22.53726959, 90.05026245, 22.53250313, 105.99343109, 0.52756822, -0.30728659, -0.63716555, -0.47039017, 0.82449776, -0.52056634, 0.01226414, 0.00000000, 0.00000000, 0.00000000, 0.00000000
5, 1.2500, 125, -0.42161232, -0.30154413, 0.23313719, -182.21911621, 213.58763123, 24.14085197, -27.33119011, 5.08623219, -110.64015961, 95.39994812, 20.59927177, -3.59440970, 0.65769517, -0.73112822, -0.09745029, 0.15294477, 0.43260622, -1.11938095, -0.42548898, 0.00000000, 0.00000000, 0.00000000, 0.00000000
5, 1.2600, 126, 0.01687304, -0.02482096, 0.07558625, -181.74174500, 264.99963379, 16.29920959, -26.60040855, 6.16778708, -112.13095093, 81.71945190, 25.42117691, -2.15189195, 0.73494637, -0.64118934, -0.15439615, 0.15777171, 0.33842525, -0.99375653, 0.00182419, 0.00000000, 0.00000000, 0.00000000, 0.00000000
2, 1.3400, 132, -0.18736158, 0.31626222, -0.23858638, -175.16950989, 211.11006165, -33.70897675, 32.38819122, 3.15697169, 22.53726959, 80.47760773, 13.33006382, 105.79399872, 0.51718038, -0.31638840, -0.56516385, -0.55947542, 0.62331051, -0.62499702, 0.10358194, 0.00000000, 0.00000000, 0.00000000, 0.00000000
4, 1.3200, 132, 0.72493941, -0.24642305, -0.56258178, -168.52896118, 92.27629089, -34.02195740, -41.21601868, -50.57000732, -91.46448517, 98.36059570, 30.34914589, 41.10663605, 1.00000000, 0.00000000, 0.00000000, 0.00000000, -0.23401596, -0.25286585, 0.12826827, 101.54500580, -18.29767227, 40.47999954, 0.00000000
4, 1.3300, 133, 0.55611861, -0.24017897, -0.64274997, -173.81698608, 79.71974945, -37.94168091, -40.60216141, -48.96229172, -92.07833862, 96.43121338, 30.94315529, 40.95537567, 1.00000000, 0.00000000, 0.00000000, 0.00000000, -0.05426747, -0.17427897, 0.09493376, 101.54500580, -18.29767227, 40.47999954, 0.00000000
4, 1.3400, 134, 0.43496126, -0.20551790, -0.75598866, -173.36930847, 71.68830872, -48.07910919, -40.60216141, -48.96229172, -92.07833862, 94.42823792, 31.48757553, 40.63845444, 1.00000000, 0.00000000, 0.00000000, 0.00000000, 0.08287324, -0.06884401, 0.10254408, 101.54500580, -18.29767227, 40.47999954, 0.00000000
4, 1.3500, 135, 0.36408335, -0.09050325, -0.85814816, -176.00469971, 78.34545135, -53.81633759, -39.75445557, -48.14381790, -93.27681732, 89.24008942, 29.96940804, 39.29728317, 1.00000000, 0.00000000, 0.00000000, 0.00000000, 0.17451698, 0.00523868, 0.18099882, 101.54500580, -18.29767227, 40.47999954, 0.00000000
5, 1.2700, 127, 0.34071046, 0.04069762, -0.25938162, -178.32650757, 245.53472900, -11.23345280, -26.60040855, 6.16778708, -112.13095093, 78.81165314, 26.02677917, -2.00261593, 0.75021219, -0.62145150, -0.16315356, 0.15607941, 0.23863208, -0.63492805, 0.13034034, 0.00000000, 0.00000000, 0.00000000, 0.00000000
5, 1.2800, 128, 0.56246436, 0.00093057, -0.60083604, -173.57760620, 175.11952209, -49.63686371, -25.54808426, 6.63548660, -113.44635773, 76.18127441, 26.10631943, -2.30019569, 0.76374865, -0.60441351, -0.16565774, 0.15469232, 0.08676916, -0.28052488, 0.24592227, 0.00000000, 0.00000000, 0.00000000, 0.00000000
5, 1.2900, 129, 0.57789415, -0.08602405, -0.68607408, -165.78153992, 103.76663971, -83.40443420, -24.58345413, 7.42472935, -114.17713928, 73.90642548, 25.64804077, -2.94441628, 0.77550834, -0.59053087, -0.16225356, 0.15340737, 0.02096381, -0.17658553, 0.16484842, 0.00000000, 0.00000000, 0.00000000, 0.00000000
2, 1.3500, 133, -0.00300466, 0.47516155, -0.01045270, -228.62440491, 278.84790039, -96.89665985, 32.73896408, 5.37854433, 23.35574341, 76.94311523, 14.37988377, 103.91614532, 0.53999287, -0.30319080, -0.54649335, -0.56376255, 0.42605785, -0.83083344, 0.22534081, 0.00000000, 0.00000000, 0.00000000, 0.00000000
2, 1.3600, 134, 0.35304669, 0.53952438, 0.03033838, -261.93218994, 311.83917236, -130.91168213, 34.25898743, 6.86933661, 23.41420555, 72.84603882, 15.28938866, 101.53007507, 0.56560159, -0.28929442, -0.52350539, -0.56775492, 0.14352037, -0.83602983, 0.36855614, 0.00000000, 0.00000000, 0.00000000, 0.00000000
5, 1.3000, 130, 0.38292444, -0.09068857, -0.74827439, -155.10633850, 68.35148621, -95.28568268, -23.53113174, 7.65857935, -115.31715393, 71.90044403, 24.95560837, -3.68953037, 0.78591329, -0.57854849, -0.15636422, 0.15222447, 0.15617010, -0.10991542, 0.00232767, 0.00000000, 0.00000000, 0.00000000, 0.00000000
4, 1.3600, 136, 0.35318410, 0.05582346, -0.96252340, -181.62893677, 98.71346283, -53.30615997, -38.99444580, -49.13768005, -94.24144745, 87.07643890, 30.73435211, 38.90137100, 1.00000000, 0.00000000, 0.00000000, 0.00000000, 0.19807570, 0.06839073, 0.27545846, 101.54500580, -18.29767227, 40.47999954, 0.00000000
2, 1.3700, 135, 0.70664430, 0.83359528, 0.07690448, -249.08995056, 323.82992554, -129.66792297, 36.80210495, 8.15550995, 23.91113663, 68.74584961, 16.17812920, 99.00074768, 0.59111369, -0.27469769, -0.50046557, -0.56978941, -0.04946617, -0.78880250, 0.71567827, 0.00000000, 0.00000000, 0.00000000, 0.00000000
2, 1.3800, 136, 1.07609129, 0.91434371, 0.07467081, -198.83082581, 310.16888428, -95.15341949, 38.26366425, 10.43554497, 25.48962212, 65.15308380, 17.18286514, 96.69408417, 0.61386961, -0.25977242, -0.48145381, -0.56910866, -0.34214437, -0.74020934, 0.87546831, 0.00000000, 0.00000000, 0.00000000, 0.00000000
4, 1.3700, 137, 0.29462710, 0.24200836, -0.93679172, -189.02638245, 116.18466949, -48.71015167, -38.17597198, -45.98070526, -94.59222412, 84.83259583, 31.63848877, 38.55065155, 1.00000000, 0.00000000, 0.00000000, 0.00000000, 0.29670873, 0.01409068, 0.40805602, 101.54500580, -18.29767227, 40.47999954, 0.00000000
2, 1.3900, 137, 1.21657789, 0.90641022, 0.16588315, -145.39315796, 279.40213013, -54.70514297, 38.26366425, 10.43554497, 25.48962212, 51.06701660, 21.97318077, 98.20165253, 0.64204878, -0.14705895, -0.43242601, -0.61575556, -0.43304515, -0.77364272, 0.86241573, 0.00000000, 0.00000000, 0.00000000, 0.00000000
5, 1.3100, 131, 0.30390731, -0.07923921, -0.70939547, -145.46691895, 80.87086487, -104.83696747, -22.68342590, 8.82782841, -115.98947906, 70.55770874, 22.77795219, -4.84864092, 0.79473579, -0.57249576, -0.13711002, 0.14779864, 0.20161755, -0.14793864, -0.07727542, 0.00000000, 0.00000000, 0.00000000, 0.00000000
5, 1.3200, 132, 0.22973779, 0.00468480, -0.46055576, -148.47688293, 106.09561920, -118.60385895, -22.68342590, 8.82782841, -115.98947906, 68.26100922, 22.30415344, -5.84205198, 0.80554616, -0.55792832, -0.13184009, 0.14976525, 0.26141310, -0.40809023, -0.12169287, 0.00000000, 0.00000000, 0.00000000, 0.00000000
5, 1.3300, 133, 0.35337725, 0.21477988, -0.23198137, -150.95291138, 132.72183228, -132.51940918, -20.95878410, 8.91552162, -117.36334229, 65.70188141, 21.92802048, -6.99023914, 0.81692696, -0.54130375, -0.12701415, 0.15325859, 0.28400427, -0.65155834, 0.05349879, 0.00000000, 0.00000000, 0.00000000, 0.00000000
5, 1.3400, 134, 0.52592111, 0.34447551, -0.24340694, -157.27021790, 164.33891296, -137.27619934, -19.87722778, 9.79245853, -117.86027527, 62.85887527, 21.67342186, -8.20707703, 0.82890254, -0.52231592, -0.12336612, 0.15775761, 0.24153844, -0.64164281, 0.22506627, 0.00000000, 0.00000000, 0.00000000, 0.00000000
2, 1.4000, 138, 1.07732511, 0.90024030, 0.35256523, -110.41199493, 252.02670288, -28.43693542, 40.10523224, 12.13095570, 26.24963379, 48.37434769, 22.76176262, 96.26594543, 0.65705174, -0.13402091, -0.41925365, -0.61200321, -0.23041084, -0.83768010, 0.70265156, 0.00000000, 0.00000000, 0.00000000, 0.00000000
2, 1.4100, 139, 0.70158303, 0.87708795, 0.70593113, -104.87112427, 257.74090576, -17.52333832, 41.53756332, 12.74481106, 27.56503868, 45.65673447, 23.59895134, 94.28395844, 0.67181522, -0.12015989, -0.40658399, -0.60738409, 0.15119609, -1.15421176, 0.58026743, 0.00000000, 0.00000000, 0.00000000, 0.00000000
5, 1.3500, 135, 0.68220371, 0.49105451, -0.36196530, -166.29190063, 194.45022583, -129.52084351, -17.68488693, 10.52323914, -118.67874908, 59.77735901, 21.54859161, -9.37081909, 0.84125566, -0.50113487, -0.12154773, 0.16241598, 0.23461029, -0.52329081, 0.40628660, 0.00000000, 0.00000000, 0.00000000, 0.00000000
4, 1.3800, 138, 0.22929488, 0.33727264, -0.82427126, -194.58113098, 125.28307343, -46.67975235, -37.29903412, -44.66530228, -95.87839508, 82.51029205, 32.60860443, 38.19009781, 1.00000000, 0.00000000, 0.00000000, 0.00000000, 0.38638741, -0.10381193, 0.43365920, 101.54500580, -18.29767227, 40.47999954, 0.00000000
2, 1.4200, 140, 0.54926950, 1.01264846, 0.92288446, -131.38639832, 292.96627808, -28.42754364, 43.11604691, 13.15404797, 29.61122513, 42.40378189, 24.33580589, 91.95631409, 0.68815267, -0.10437441, -0.39077598, -0.60236704, 0.37556800, -1.29613614, 0.65680468, 0.00000000, 0.00000000, 0.00000000, 0.00000000
4, 1.3900, 139, 0.15040554, 0.39755830, -0.74110800, -200.68066406, 129.74067688, -47.91567230, -37.29903412, -44.66530228, -95.87839508, 80.08161926, 33.60012817, 37.76812744, 1.00000000, 0.00000000, 0.00000000, 0.00000000, 0.48534507, -0.18371026, 0.42892587, 101.54500580, -18.29767227, 40.47999954, 0.00000000
5, 1.3600, 136, 0.76839083, 0.63121319, -0.63435048, -170.26689148, 191.37667847, -120.37735748, -16.63256264, 12.07249355, -118.97106171, 51.33684540, 18.08743477, -11.84235573, 0.87833846, -0.44011050, -0.09679057, 0.15954867, 0.27629402, -0.23966993, 0.53048539, 0.00000000, 0.00000000, 0.00000000, 0.00000000
2, 1.4300, 141, 0.52233046, 1.11819458, 0.97283328, -165.42315674, 333.93881226, -61.23961639, 43.99298477, 14.17714119, 30.95586014, 38.48664093, 24.72948265, 89.14184570, 0.70650744, -0.08746014, -0.36995399, -0.59693557, 0.45394385, -1.27464163, 0.71530682, 0.00000000, 0.00000000, 0.00000000, 0.00000000
5, 1.3700, 137, 0.91136700, 0.78178120, -0.81912082, -168.93243408, 172.98361206, -116.90690613, -16.63256264, 12.07249355, -118.97106171, 48.54943466, 17.66952705, -12.72788334, 0.88821983, -0.41924983, -0.09411493, 0.16259608, 0.24506336, -0.02352159, 0.65459144, 0.00000000, 0.00000000, 0.00000000, 0.00000000
5, 1.3800, 138, 0.91772783, 0.77892411, -0.79672229, -165.18309021, 156.21275330, -114.12955475, -14.82022762, 13.06635475, -119.64337921, 45.94127655, 17.14267731, -13.51626015, 0.89725131, -0.39936727, -0.09085695, 0.16489723, 0.22821903, -0.01763579, 0.61969113, 0.00000000, 0.00000000, 0.00000000, 0.00000000
5, 1.3900, 139, 0.84321994, 0.77726603, -0.66833496, -165.21711731, 146.77285767, -109.74477386, -13.32943535, 14.29406548, -120.16954041, 43.43832397, 16.55267525, -14.20072460, 0.90569896, -0.37992489, -0.08743739, 0.16649705, 0.25979930, -0.11702326, 0.52220798, 0.00000000, 0.00000000, 0.00000000, 0.00000000
2, 1.4400, 142, 0.56489420, 1.18851399, 0.92987460, -189.90057373, 356.54867554, -92.60586548, 43.99298477, 14.17714119, 30.95586014, 23.36972046, 21.63735962, 83.98111725, 0.74034780, -0.02488338, -0.26970389, -0.61524445, 0.42747778, -1.12791204, 0.72004354, 0.00000000, 0.00000000, 0.00000000, 0.00000000
5, 1.4000, 140, 0.79164082, 0.82451987, -0.39921695, -164.35156250, 149.04563904, -108.33458710, -11.95556831, 14.96638393, -120.52031708, 40.94162750, 15.96132565, -14.86001778, 0.91370809, -0.36025503, -0.08419178, 0.16812384, 0.29371247, -0.36174637, 0.46302477, 0.00000000, 0.00000000, 0.00000000, 0.00000000
5, 1.4100, 141, 0.69327688, 0.93212211, -0.24811585, -173.28213501, 162.23664856, -109.65909576, -10.75708866, 16.57410049, -121.33879089, 32.04917526, 10.99663258, -16.43807220, 0.94311321, -0.28512281, -0.05186557, 0.16294912, 0.39539355, -0.47622705, 0.40930173, 0.00000000, 0.00000000, 0.00000000, 0.00000000
5, 1.4200, 142, 0.62615889, 1.12810063, -0.26047587, -189.92401123, 177.10636902, -114.05269623, -10.75708866, 16.57410049, -121.13417053, 29.25345039, 10.29378033, -16.98814774, 0.94977349, -0.26156506, -0.04870121, 0.16474885, 0.51095515, -0.39686930, 0.42242765, 0.00000000, 0.00000000, 0.00000000, 0.00000000
4, 1.4000, 140, 0.08882535, 0.49934325, -0.79173535, -199.95153809, 130.77705383, -56.63718033, -36.62671661, -42.88219833, -96.84302521, 70.61413574, 28.75334740, 36.54709625, 1.00000000, 0.00000000, 0.00000000, 0.00000000, 0.55629158, -0.14520420, 0.46556512, 101.54500580, -18.29767227, 40.47999954, 0.00000000
2, 1.4500, 143, 0.55653065, 1.27731395, 0.93238217, -193.58032227, 356.31384277, -105.78199768, 45.24992752, 15.14177132, 33.41128159, 19.26391220, 20.71577835, 81.06335449, 0.75667149, -0.00990098, -0.24169019, -0.60740125, 0.42298791, -0.94536865, 0.68647462, 0.00000000, 0.00000000, 0.00000000, 0.00000000
5, 1.4300, 143, 0.80123162, 1.34648979, -0.35732421, -196.63491821, 197.24984741, -124.94921875, -8.68167210, 17.83104324, -121.13417053, 26.25215721, 9.54521847, -17.63792038, 0.95612586, -0.23605424, -0.04537389, 0.16746068, 0.52682531, -0.28869385, 0.68369073, 0.00000000, 0.00000000, 0.00000000, 0.00000000
4, 1.4100, 141, 0.16008610, 0.57493740, -0.88760275, -188.38533020, 132.53697205, -70.49899292, -34.87284470, -42.70681000, -97.28149414, 68.08641815, 29.66070366, 35.64734650, 1.00000000, 0.00000000, 0.00000000, 0.00000000, 0.44977486, -0.06520642, 0.45068222, 101.54500580, -18.29767227, 40.47999954, 0.00000000
5, 1.4400, 144, 1.12455344, 1.31644785, -0.49305212, -187.14494324, 206.97615051, -136.47552490, -7.45396090, 19.81876564, -121.07570648, 23.23067284, 8.73476791, -18.42279816, 0.96162802, -0.21010707, -0.04149361, 0.17147867, 0.26943949, -0.10404697, 0.87136948, 0.00000000, 0.00000000, 0.00000000, 0.00000000
5, 1.4500, 145, 1.38186276, 1.19198322, -0.64367479, -180.37637329, 184.75231934, -139.84298706, -5.75855017, 20.92955208, -120.87108612, 20.43498230, 7.78534842, -19.08253860, 0.96629226, -0.18560216, -0.03655172, 0.17462859, -0.00382901, 0.10765582, 0.95040083, 0.00000000, 0.00000000, 0.00000000, 0.00000000
5, 1.4600, 146, 1.60007834, 1.20954347, -0.58664149, -166.00268555, 146.83676147, -149.97317505, -4.70622635, 23.03420067, -120.87108612, 16.16577911, 7.32921982, -17.46975899, 0.97521687, -0.14830057, -0.04123792, 0.15892911, -0.17282948, 0.09723221, 1.08629215, 0.00000000, 0.00000000, 0.00000000, 0.00000000
2, 1.4600, 144, 0.67739111, 1.17228055, 0.91804755, -184.46514893, 347.71929932, -93.31030273, 47.47150040, 16.48640823, 35.39900589, 15.36253357, 19.73679924, 78.29789734, 0.77164000, 0.00510919, -0.21485576, -0.59865081, 0.25424534, -0.89578843, 0.61045825, 0.00000000, 0.00000000, 0.00000000, 0.00000000
4, 1.4200, 142, 0.32016137, 0.60228246, -0.93644315, -177.96353149, 142.05729675, -83.33947754, -33.99590683, -40.39754486, -97.98304749, 65.51545715, 30.61455154, 34.51945496, 1.00000000, 0.00000000, 0.00000000, 0.00000000, 0.31166115, -0.00103345, 0.47978920, 101.54500580, -18.29767227, 40.47999954, 0.00000000
5, 1.4700, 147, 1.50010073, 1.21717894, -0.34366184, -149.02049255, 118.41403198, -165.78150940, -3.18620276, 24.84653664, -121.33879089, 14.07122517, 5.90877819, -17.86899757, 0.97814465, -0.12878351, -0.03153474, 0.16016735, -0.13151500, -0.08525400, 0.97908193, 0.00000000, 0.00000000, 0.00000000, 0.00000000
5, 1.4800, 148, 1.17224598, 1.29402328, -0.24429031, -141.32739258, 109.49799347, -175.46842957, -3.18620276, 24.84653664, -121.33879089, 12.09689331, 4.36891651, -18.23956680, 0.98051262, -0.10996959, -0.02073662, 0.16146764, 0.12464064, -0.16133808, 0.79031354, 0.00000000, 0.00000000, 0.00000000, 0.00000000
5, 1.4900, 149, 0.88695484, 1.30967343, -0.51530409, -143.47848511, 124.23760986, -181.59188843, -2.54311609, 26.01578522, -120.87108612, 10.00872517, 2.79643273, -18.65933228, 0.98237270, -0.08999272, -0.00984918, 0.16354904, 0.34277493, 0.13900857, 0.62596428, 0.00000000, 0.00000000, 0.00000000, 0.00000000
5, 1.5000, 150, 0.98842204, 1.10952461, -0.64637941, -135.18745422, 150.31936646, -188.50683594, -1.11078632, 27.44811440, -119.93569183, 7.80361509, 1.21671951, -19.27390480, 0.98342675, -0.06885604, 0.00094711, 0.16771945, 0.11845627, 0.33399606, 0.55592740, 0.00000000, 0.00000000, 0.00000000, 0.00000000
4, 1.4300, 143, 0.49231344, 0.63255298, -0.92835081, -175.44090271, 161.35571289, -95.97135925, -33.99590683, -40.39754486, -97.98304749, 62.78370667, 31.68058395, 33.13125610, 1.00000000, 0.00000000, 0.00000000, 0.00000000, 0.16136777, 0.00978804, 0.50221926, 101.54500580, -18.29767227, 40.47999954, 0.00000000
4, 1.4400, 144, 0.64960712, 0.69501168, -0.83438641, -181.14942932, 187.82032776, -110.14526367, -32.53434753, -38.90675354, -98.68459320, 59.75438690, 32.88715363, 31.42100906, 1.00000000, 0.00000000, 0.00000000, 0.00000000, 0.02978719, -0.06566823, 0.53496408, 101.54500580, -18.29767227, 40.47999954, 0.00000000
4, 1.4500, 145, 0.73596185, 0.88246697, -0.72487175, -191.78617859, 202.96681213, -125.79851532, -31.68664169, -37.79596710, -98.85997772, 49.44928741, 32.58708572, 26.51242447, 1.00000000, 0.00000000, 0.00000000, 0.00000000, -0.01762766, -0.16508220, 0.65005040, 101.54500580, -18.29767227, 40.47999954, 0.00000000
4, 1.4600, 146, 0.67430651, 1.08351779, -0.77153754, -195.70353699, 187.82225037, -146.93040466, -28.96813774, -36.36363602, -98.59690094, 45.88958359, 33.21626282, 24.14369583, 1.00000000, 0.00000000, 0.00000000, 0.00000000, 0.07227311, -0.08553942, 0.74210227, 101.54500580, -18.29767227, 40.47999954, 0.00000000
2, 1.4700, 145, 0.76222694, 1.14732254, 0.85889417, -160.44476318, 328.34036255, -65.27420807, 47.55919266, 16.92487526, 38.35136032, 11.83452129, 18.89499664, 75.72054291, 0.78503752, 0.01991610, -0.19131598, -0.58882749, 0.14667684, -0.78694916, 0.58842969, 0.00000000, 0.00000000, 0.00000000, 0.00000000
2, 1.4800, 146, 0.80133229, 1.30522704, 0.79863995, -129.81257629, 308.95407104, -53.47622299, 48.14381790, 18.64951706, 40.13446426, 8.72718716, 18.06567192, 73.27116394, 0.79732662, 0.03311685, -0.17045827, -0.57802910, 0.15238008, -0.64008558, 0.71708095, 0.00000000, 0.00000000, 0.00000000, 0.00000000
2, 1.4900, 147, 0.73157948, 1.44803119, 0.77929884, -102.05325317, 288.69168091, -61.49459076, 48.14381790, 18.64951706, 40.13446426, 1.78528440, 13.87549973, 71.31188202, 0.80758178, 0.05783675, -0.10714925, -0.57704908, 0.24083041, -0.52500069, 0.79645842, 0.00000000, 0.00000000, 0.00000000, 0.00000000
4, 1.4700, 147, 0.67622513, 1.19757164, -0.89499229, -182.74740601, 148.98217773, -165.08827209, -27.53580856, -33.90821457, -98.33381653, 42.50258636, 33.31716919, 21.78037834, 1.00000000, 0.00000000, 0.00000000, 0.00000000, 0.09637713, 0.04908905, 0.84365600, 101.54500580, -18.29767227, 40.47999954, 0.00000000
4, 1.4800, 148, 0.91336560, 1.14737737, -0.83656800, -167.58245850, 114.29319763, -173.89973450, -27.53580856, -33.90821457, -98.33381653, 39.39682770, 32.99499893, 19.55711174, 1.00000000, 0.00000000, 0.00000000, 0.00000000, -0.14998493, 0.03598648, 0.78804457, 101.54500580, -18.29767227, 40.47999954, 0.00000000
5, 1.5100, 151, 1.37121868, 0.80960870, -0.60905385, -128.97825623, 155.21076965, -172.27516174, -0.20461853, 28.96813774, -119.58491516, 7.66700506, 2.85683918, -18.34684753, 0.98442972, -0.06994694, -0.01389886, 0.16066241, -0.38046926, 0.36824059, 0.59140706, 0.00000000, 0.00000000, 0.00000000, 0.00000000
5, 1.5200, 152, 1.86906481, 1.05984676, -0.72948015, -129.05439758, 122.49967957, -142.92652893, 1.72464192, 30.75124168, -119.38029480, 5.74707174, 1.64096820, -18.64625931, 0.98533237, -0.05178123, -0.00599213, 0.16249025, -0.54669213, 0.46116999, 1.12364745, 0.00000000, 0.00000000, 0.00000000, 0.00000000
4, 1.4900, 149, 1.10954499, 1.06431305, -0.69422072, -173.01930237, 79.88830566, -175.96423340, -27.03887749, -32.38819122, -98.36305237, 36.46000290, 32.29648972, 17.61826706, 1.00000000, 0.00000000, 0.00000000, 0.00000000, -0.36941427, -0.05531336, 0.67796820, 101.54500580, -18.29767227, 40.47999954, 0.00000000
4, 1.5000, 150, 1.17628813, 0.98095810, -0.58746934, -186.88450623, 49.87281418, -174.15553284, -24.93422890, -30.51739311, -98.36305237, 30.41447830, 32.85218430, 15.82249260, 1.00000000, 0.00000000, 0.00000000, 0.00000000, -0.45923820, -0.10111851, 0.55118150, 101.54500580, -18.29767227, 40.47999954, 0.00000000
4, 1.5100, 151, 1.11903775, 0.94953638, -0.50991696, -202.35704041, 33.71689606, -165.51562500, -24.96346092, -28.44197655, -98.30458832, 27.64461517, 31.66563225, 14.57689381, 1.00000000, 0.00000000, 0.00000000, 0.00000000, -0.40960130, -0.10475775, 0.45576000, 101.54500580, -18.29767227, 40.47999954, 0.00000000
2, 1.5000, 148, 0.53166986, 1.52259290, 0.86275393, -83.08348846, 286.62704468, -85.31808472, 48.69921112, 19.84799767, 42.35603714, -0.48603263, 12.40989017, 69.18473816, 0.81812191, 0.06483418, -0.08658230, -0.56478029, 0.39884317, -0.49613482, 0.77920020, 0.00000000, 0.00000000, 0.00000000, 0.00000000
2, 1.5100, 149, 0.44202104, 1.55039847, 0.93439913, -70.07401276, 298.84307861, -115.58547974, 49.51768494, 20.16954041, 44.84069061, -2.60023904, 10.54073524, 67.04014587, 0.82880330, 0.06954826, -0.06408281, -0.55149025, 0.46910256, -0.52231836, 0.77801615, 0.00000000, 0.00000000, 0.00000000, 0.00000000
2, 1.5200, 150, 0.37742156, 1.46262014, 1.22897184, -55.98254776, 319.55450439, -140.46875000, 49.72230148, 21.68956375, 47.06226349, -4.58026552, 8.29670143, 64.80610657, 0.83986598, 0.07238309, -0.03966993, -0.53648144, 0.48520771, -0.79419351, 0.73137981, 0.00000000, 0.00000000, 0.00000000, 0.00000000
2, 1.5300, 151, 0.58619082, 1.04116464, 1.37059581, -48.04433441, 337.98382568, -142.24220276, 49.89768982, 22.68342590, 49.57614517, -6.47838402, 5.90190840, 62.47490692, 0.85101908, 0.07490339, -0.01468377, -0.51955807, 0.10347742, -0.99507123, 0.46373707, 0.00000000, 0.00000000, 0.00000000, 0.00000000
4, 1.5200, 152, 0.93304235, 0.98787391, -0.47148973, -214.62059021, 28.52573395, -153.98741150, -24.72961044, -26.48348427, -98.47997284, 24.90842247, 30.47984505, 13.56550884, 1.00000000, 0.00000000, 0.00000000, 0.00000000, -0.23896706, -0.11883276, 0.42702562, 101.54500580, -18.29767227, 40.47999954, 0.00000000
4, 1.5300, 153, 0.68853164, 1.00253701, -0.53908175, -202.15893555, 14.72616386, -145.83459473, -24.72961044, -26.48348427, -98.47997284, 22.45587730, 29.25032616, 12.79174900, 1.00000000, 0.00000000, 0.00000000, 0.00000000, -0.01119913, -0.02482762, 0.39047453, 101.54500580, -18.29767227, 40.47999954, 0.00000000
4, 1.5400, 154, 0.46950635, 0.87897235, -0.64717621, -172.88340759, -2.59254360, -144.28428650, -24.84653664, -24.52499199, -98.50920868, 20.42480278, 27.93045235, 12.20565414, 1.00000000, 0.00000000, 0.00000000, 0.00000000, 0.16978064, 0.13321690, 0.23586296, 101.54500580, -18.29767227, 40.47999954, 0.00000000
4, 1.5500, 155, 0.28688392, 0.70785296, -0.72777283, -156.15235901, 0.56761438, -140.27586365, -25.13884735, -22.06957054, -98.62612915, 22.03286171, 22.96006203, 10.05908108, 1.00000000, 0.00000000, 0.00000000, 0.00000000, 0.29153496, 0.25614187, 0.03658462, 101.54500580, -18.29767227, 40.47999954, 0.00000000
2, 1.5400, 152, 1.08077931, 1.12808192, 1.38145423, -47.87598038, 327.10150146, -132.53237915, 49.89768982, 22.68342590, 49.57614517, -12.12036419, 6.07805300, 63.06077576, 0.84348071, 0.11742985, 0.01019535, -0.52406746, -0.34677425, -0.93718380, 0.74241531, 0.00000000, 0.00000000, 0.00000000, 0.00000000
5, 1.5300, 153, 1.92253113, 1.11142409, -0.73495269, -111.98005676, 83.60268402, -138.67297363, 1.72464192, 30.75124168, -119.38029480, 4.22860003, 0.38940081, -18.73997688, 0.98595989, -0.03695353, 0.00265597, 0.16282104, -0.57186645, 0.48844388, 1.19459331, 0.00000000, 0.00000000, 0.00000000, 0.00000000
2, 1.5500, 153, 1.60251093, 1.42377150, 1.15845799, -23.72644234, 258.50149536, -133.72337341, 48.99152374, 23.29728127, 52.03157043, -13.33812904, 3.80235815, 61.58608246, 0.85076755, 0.11657616, 0.03111510, -0.51150417, -0.74036872, -0.57732046, 1.17854285, 0.00000000, 0.00000000, 0.00000000, 0.00000000
4, 1.5600, 156, 0.29839832, 0.71957666, -0.76423848, -157.71981812, 14.37766457, -136.84912109, -24.99269104, -20.69570351, -99.00613403, 20.14924240, 21.79981804, 9.37810898, 1.00000000, 0.00000000, 0.00000000, 0.00000000, 0.22015381, 0.26861858, 0.03394075, 101.54500580, -18.29767227, 40.47999954, 0.00000000
4, 1.5700, 157, 0.41266191, 0.83743143, -0.77749389, -152.47651672, 32.37805557, -131.43304443, -24.99269104, -20.69570351, -99.00613403, 18.26916313, 20.76085472, 8.60223389, 1.00000000, 0.00000000, 0.00000000, 0.00000000, 0.10831926, 0.28357619, 0.15150648, 101.54500580, -18.29767227, 40.47999954, 0.00000000
2, 1.5600, 154, 1.48936522, 1.40513349, 1.13542569, 10.63964558, 170.44065857, -141.24859619, 48.99152374, 23.67728615, 54.16544724, -13.80800533, 1.78771019, 60.76793289, 0.85534751, 0.11151704, 0.04743203, -0.50368130, -0.68232304, -0.54631847, 1.11304641, 0.00000000, 0.00000000, 0.00000000, 0.00000000
2, 1.5700, 155, 1.11067617, 1.22078156, 1.22793508, 19.38757133, 118.87301636, -152.45454407, 48.75767136, 25.51885414, 55.21777344, -13.95430946, -0.11395799, 60.39548874, 0.85795462, 0.10449238, 0.06195258, -0.49915636, -0.43035606, -0.67452407, 0.81838942, 0.00000000, 0.00000000, 0.00000000, 0.00000000
2, 1.5800, 156, 0.80778259, 1.18975353, 1.36633122, 12.97261715, 116.26995850, -164.14349365, 48.75767136, 25.51885414, 55.21777344, -14.12744713, -2.10342860, 60.12494659, 0.85989684, 0.09728786, 0.07735741, -0.49510437, -0.18533060, -0.81395829, 0.70119768, 0.00000000, 0.00000000, 0.00000000, 0.00000000
4, 1.5800, 158, 0.46378362, 0.95471287, -0.72032952, -136.80480957, 54.27895355, -121.61536407, -24.93422890, -19.35106659, -98.50920868, 16.47841263, 19.89907646, 7.69206429, 1.00000000, 0.00000000, 0.00000000, 0.00000000, 0.05900245, 0.22980273, 0.24651615, 101.54500580, -18.29767227, 40.47999954, 0.00000000
5, 1.5400, 154, 1.54242289, 0.98428619, -0.60154265, -100.25144196, 34.98984146, -142.29441833, 2.04618526, 32.38819122, -119.29260254, 3.12092042, -0.98504019, -18.54374504, 0.98657024, -0.02549055, 0.01286794, 0.16082256, -0.41537976, 0.39601240, 0.82807446, 0.00000000, 0.00000000, 0.00000000, 0.00000000
5, 1.5500, 155, 1.19384718, 0.99868226, -0.41422477, -99.24389648, 4.24621677, -143.95138550, 2.45542240, 33.67436218, -119.23413849, 2.21496630, -2.42573619, -18.11262894, 0.98719287, -0.01575164, 0.02394083, 0.15693642, -0.19332048, 0.22529596, 0.58134747, 0.00000000, 0.00000000, 0.00000000, 0.00000000
5, 1.5600, 156, 0.94435811, 1.09868610, -0.22723931, -100.97610474, 11.35654259, -141.11341858, 1.92926037, 34.60976410, -118.85413361, 0.98451787, -4.42534781, -18.06426620, 0.98687983, -0.00241766, 0.03947644, 0.15653788, 0.01146970, 0.04342956, 0.46528751, 0.00000000, 0.00000000, 0.00000000, 0.00000000
4, 1.5900, 159, 0.49996224, 1.05382383, -0.60790807, -134.79335022, 69.93344116, -112.22914124, -24.49576187, -17.80181122, -98.83074951, 14.67511749, 19.16718483, 6.71284294, 1.00000000, 0.00000000, 0.00000000, 0.00000000, 0.02215675, 0.12621319, 0.31227404, 101.54500580, -18.29767227, 40.47999954, 0.00000000
4, 1.6000, 160, 0.51863110, 1.17301917, -0.49334720, -138.75878906, 83.78001404, -105.95828247, -24.40806770, -16.39871407, -98.07073975, 11.86979485, 17.39175415, 5.67086029, 1.00000000, 0.00000000, 0.00000000, 0.00000000, 0.00259294, 0.02130632, 0.39326635, 101.54500580, -18.29767227, 40.47999954, 0.00000000
4, 1.6100, 161, 0.46202081, 1.30402553, -0.45400569, -145.15359497, 93.78224945, -104.46916962, -24.32037354, -15.08330917, -97.36918640, 9.94058514, 16.74772072, 4.59269190, 1.00000000, 0.00000000, 0.00000000, 0.00000000, 0.05282321, -0.00358985, 0.48594356, 101.54500580, -18.29767227, 40.47999954, 0.00000000
4, 1.6200, 162, 0.37489739, 1.38320553, -0.61149198, -134.64672852, 98.33888245, -110.99813843, -24.32037354, -15.08330917, -97.36918640, 8.10164833, 16.02769661, 3.45640445, 1.00000000, 0.00000000, 0.00000000, 0.00000000, 0.14485216, 0.16464472, 0.57220119, 101.54500580, -18.29767227, 40.47999954, 0.00000000
4, 1.6300, 163, 0.39701855, 1.34119737, -0.72630930, -108.10978699, 99.26432800, -120.41553497, -23.58959389, -15.14177132, -96.57994843, 6.51978827, 15.19479084, 2.26297426, 1.00000000, 0.00000000, 0.00000000, 0.00000000, 0.10690288, 0.31308123, 0.55098629, 101.54500580, -18.29767227, 40.47999954, 0.00000000
2, 1.5900, 157, 0.57413459, 1.14854956, 1.53117144, 3.10453248, 147.50476074, -168.31811523, 48.34843445, 27.36042023, 55.89009094, -19.64529037, -3.92785621, 62.40004349, 0.84535861, 0.12834579, 0.11720682, -0.50513250, -0.00655452, -0.95800060, 0.61614192, 0.00000000, 0.00000000, 0.00000000, 0.00000000
2, 1.6000, 158, 0.45141935, 1.07106960, 1.62664115, -14.55398560, 193.06774902, -161.84075928, 47.44226837, 28.70505714, 57.58549881, -20.32263374, -6.27857304, 61.83829880, 0.84813440, 0.12342495, 0.13675788, -0.49672109, 0.04982553, -0.99624699, 0.54389471, 0.00000000, 0.00000000, 0.00000000, 0.00000000
2, 1.6100, 159, 0.38895804, 0.99134207, 1.66322124, -43.81716537, 247.96287537, -143.22616577, 47.06226349, 30.45892906, 58.69628525, -21.42410660, -8.73397446, 60.90027618, 0.85176146, 0.12185401, 0.15842293, -0.48430997, 0.03786850, -1.03640175, 0.46602124, 0.00000000, 0.00000000, 0.00000000, 0.00000000
2, 1.6200, 160, 0.49962568, 0.84109759, 1.56575978, -62.66545868, 275.32376099, -123.59763336, 46.79918289, 30.13738632, 60.91785812, -22.74753952, -11.16933060, 59.76124573, 0.85556406, 0.12265062, 0.18050452, -0.46945199, -0.17265314, -0.95840931, 0.36896080, 0.00000000, 0.00000000, 0.00000000, 0.00000000
5, 1.5700, 157, 0.61904341, 1.23432672, -0.17427613, -107.10301971, 51.04389191, -138.03892517, 2.39696002, 35.51593018, -118.64951324, -0.29387578, -5.72238541, -17.85444069, 0.98663175, 0.01027632, 0.04891416, 0.15511218, 0.30486047, -0.00476480, 0.33844352, 0.00000000, 0.00000000, 0.00000000, 0.00000000
4, 1.6400, 164, 0.52768624, 1.25286090, -0.61727667, -88.21621704, 114.43977356, -126.49850464, -23.20958710, -11.89710617, -95.58608246, 5.08252430, 14.32334709, 0.89826763, 1.00000000, 0.00000000, 0.00000000, 0.00000000, -0.05381567, 0.24902007, 0.45737255, 101.54500580, -18.29767227, 40.47999954, 0.00000000
2, 1.6300, 161, 0.61965120, 0.90200675, 1.36684573, -62.98159790, 271.09796143, -102.46124268, 46.79918289, 30.13738632, 60.91785812, -24.02195358, -13.43414116, 58.57801056, 0.85912186, 0.12428141, 0.20088702, -0.45399147, -0.31750920, -0.73321509, 0.44500220, 0.00000000, 0.00000000, 0.00000000, 0.00000000
4, 1.6500, 165, 0.75093228, 1.18913984, -0.46769527, -87.11700439, 131.48181152, -135.14506531, -22.85881233, -10.49400711, -95.49839020, 4.16572762, 15.61592197, -0.36186254, 1.00000000, 0.00000000, 0.00000000, 0.00000000, -0.29503924, 0.13795824, 0.39709765, 101.54500580, -18.29767227, 40.47999954, 0.00000000
4, 1.6600, 166, 0.93265712, 1.15302479, -0.37375665, -98.87757111, 131.16258240, -131.68759155, -22.15726280, -10.28938866, -93.71528625, 2.55375600, 14.68317032, -1.85148537, 1.00000000, 0.00000000, 0.00000000, 0.00000000, -0.47084880, 0.07290524, 0.37361658, 101.54500580, -18.29767227, 40.47999954, 0.00000000
4, 1.6700, 167, 1.01835966, 1.16029525, -0.38428679, -111.60473633, 112.05644989, -115.02903748, -22.15726280, -10.28938866, -93.71528625, 0.94335008, 13.82643700, -3.05696464, 1.00000000, 0.00000000, 0.00000000, 0.00000000, -0.56893903, 0.10899211, 0.39134628, 101.54500580, -18.29767227, 40.47999954, 0.00000000
5, 1.5800, 158, 0.50533611, 1.24062383, -0.29824543, -112.91667938, 120.51809692, -135.80070496, 2.39696002, 35.51593018, -118.64951324, -2.03843117, -6.90302038, -18.07633400, 0.98546839, 0.02699106, 0.05665763, 0.15784016, 0.38300109, 0.14443150, 0.28074160, 0.00000000, 0.00000000, 0.00000000, 0.00000000
5, 1.5900, 159, 0.82338369, 1.12470460, -0.33335996, -113.28725433, 166.37019348, -133.54637146, 3.01081562, 37.67903900, -118.03565979, -4.05033588, -8.02065849, -18.59364510, 0.98343420, 0.04607999, 0.06327964, 0.16349180, 0.05565201, 0.22874990, 0.42085183, 0.00000000, 0.00000000, 0.00000000, 0.00000000
2, 1.6400, 162, 0.66471338, 1.18058217, 1.10569835, -40.38157654, 239.74104309, -99.78855896, 45.22069550, 31.71587181, 63.28558731, -24.78506470, -12.09685421, 58.27656174, 0.85935783, 0.13629451, 0.19380483, -0.45317513, -0.29774281, -0.40111622, 0.66891348, 0.00000000, 0.00000000, 0.00000000, 0.00000000
4, 1.6800, 168, 1.03469646, 1.15432560, -0.40725595, -116.09910583, 75.35244751, -103.58004761, -22.24495697, -9.82168961, -93.24758911, -0.53515762, 12.97305012, -3.83755636, 1.00000000, 0.00000000, 0.00000000, 0.00000000, -0.59960067, 0.15864749, 0.38901317, 101.54500580, -18.29767227, 40.47999954, 0.00000000
4, 1.6900, 169, 0.95403755, 1.13772142, -0.42572781, -116.76874542, 38.67698669, -102.17634583, -22.18649483, -7.30780458, -92.16603088, -1.86613238, 12.04631901, -4.22532368, 1.00000000, 0.00000000, 0.00000000, 0.00000000, -0.53709912, 0.20381077, 0.36081564, 101.54500580, -18.29767227, 40.47999954, 0.00000000
4, 1.7000, 170, 0.75261378, 1.14642441, -0.47002560, -108.49073029, 21.90455246, -106.13287354, -22.47880745, -8.00935364, -92.25372314, -0.47625932, 12.80280972, -4.60458851, 1.00000000, 0.00000000, 0.00000000, 0.00000000, -0.34464389, 0.25553036, 0.34487578, 101.54500580, -18.29767227, 40.47999954, 0.00000000
5, 1.6000, 160, 1.37417614, 1.06603265, -0.39842066, -113.63336182, 173.59397888, -130.58312988, 3.85852075, 38.96521378, -116.72025299, -6.09964895, -9.11977768, -19.12220001, 0.98089302, 0.06548557, 0.06947645, 0.16951002, -0.39985847, 0.33657104, 0.76570439, 0.00000000, 0.00000000, 0.00000000, 0.00000000
5, 1.6100, 161, 1.78426421, 1.16079557, -0.47316092, -110.66477966, 143.09472656, -135.93969727, 4.09237051, 40.36831284, -116.16486359, -4.99242735, -5.92228746, -18.37379265, 0.98456001, 0.05117704, 0.04400341, 0.16151196, -0.62970817, 0.41783965, 1.12424469, 0.00000000, 0.00000000, 0.00000000, 0.00000000
5, 1.6200, 162, 1.84294069, 1.21516204, -0.46383408, -97.33912659, 88.38388062, -148.38471985, 4.64776373, 42.00526047, -115.17099762, -6.44458008, -7.27273750, -18.36773491, 0.98306721, 0.06548432, 0.05355877, 0.16254936, -0.60232365, 0.39114627, 1.19634569, 0.00000000, 0.00000000, 0.00000000, 0.00000000
2, 1.6500, 163, 0.66947901, 1.30653894, 0.88203371, -10.31017208, 187.44328308, -115.25278473, 44.95761490, 31.83279800, 64.80561066, -25.35594177, -14.09285069, 57.65807343, 0.86123013, 0.13310750, 0.20987853, -0.44330144, -0.26473841, -0.14462423, 0.73820299, 0.00000000, 0.00000000, 0.00000000, 0.00000000
2, 1.6600, 164, 0.53448415, 1.40759420, 0.82845080, 25.44192886, 136.68925476, -136.85971069, 43.37912750, 32.68050385, 65.68254852, -25.46281433, -16.02331352, 57.42352295, 0.86189061, 0.12608820, 0.22407113, -0.43707967, -0.13964054, -0.06856599, 0.77365863, 0.00000000, 0.00000000, 0.00000000, 0.00000000
2, 1.6700, 165, 0.47778311, 1.41751182, 0.89745140, 60.16180801, 102.09313202, -160.53723145, 42.94065857, 32.97281647, 66.55948639, -25.16805458, -17.99479103, 57.46083832, 0.86167395, 0.11532964, 0.23728183, -0.43349099, -0.11016959, -0.13984239, 0.78225470, 0.00000000, 0.00000000, 0.00000000, 0.00000000
5, 1.6300, 163, 1.52264929, 1.17442012, -0.37702137, -81.23634338, 28.50991440, -156.57162476, 4.44314528, 43.23297119, -115.66793060, -7.43409491, -8.74847317, -17.99570465, 0.98197222, 0.07574835, 0.06506403, 0.16049752, -0.42848110, 0.33069959, 0.94517624, 0.00000000, 0.00000000, 0.00000000, 0.00000000
2, 1.6800, 166, 0.50998479, 1.32265508, 1.04543138, 84.71775818, 76.59243011, -180.97434998, 42.94065857, 32.97281647, 66.55948639, -24.60205460, -20.02043343, 57.71226501, 0.86057234, 0.10179061, 0.24999976, -0.43191910, -0.19602928, -0.31742346, 0.74794233, 0.00000000, 0.00000000, 0.00000000, 0.00000000
2, 1.6900, 167, 0.53232944, 1.18306875, 1.16686034, 95.53811646, 53.79624939, -183.19474792, 42.12218475, 35.57439423, 66.76410675, -25.73647118, -18.22981453, 59.91984940, 0.85156953, 0.11338902, 0.24361521, -0.45013785, -0.27649698, -0.47328323, 0.66209179, 0.00000000, 0.00000000, 0.00000000, 0.00000000
2, 1.7000, 168, 0.34520590, 1.05794299, 1.34161770, 92.29291534, 49.63582230, -164.63015747, 41.21601868, 36.56825638, 67.31949615, -25.03994370, -19.97765541, 60.25790405, 0.85040665, 0.09965487, 0.25361711, -0.45006216, -0.12061098, -0.65972567, 0.51228791, 0.00000000, 0.00000000, 0.00000000, 0.00000000
4, 1.7100, 171, 0.61008179, 1.08751082, -0.50552160, -84.48377228, 32.31323624, -109.12816620, -22.47880745, -8.00935364, -92.25372314, -1.47991192, 11.79527378, -4.99824381, 1.00000000, 0.00000000, 0.00000000, 0.00000000, -0.20659323, 0.28788728, 0.27327317, 101.54500580, -18.29767227, 40.47999954, 0.00000000
2, 1.7100, 169, 0.10860386, 0.85453087, 1.48514283, 78.06181335, 80.91571808, -139.22015381, 40.19292450, 37.53288651, 66.96871948, -24.49649620, -21.68550301, 60.23074722, 0.85025913, 0.08799869, 0.26356122, -0.44704711, 0.00364654, -0.85954303, 0.27244493, 0.00000000, 0.00000000, 0.00000000, 0.00000000
4, 1.7200, 172, 0.51088423, 0.98148686, -0.47968262, -58.54460144, 44.37249756, -107.19657898, -22.62496376, -4.09237051, -91.81525421, -2.26652384, 10.82091522, -5.53252506, 1.00000000, 0.00000000, 0.00000000, 0.00000000, -0.14278141, 0.29944530, 0.14677875, 101.54500580, -18.29767227, 40.47999954, 0.00000000
2, 1.7200, 170, 0.10836577, 0.88704491, 1.55283105, 56.32828522, 127.31456757, -117.65837097, 39.57907104, 39.75445557, 66.99795532, -24.18489456, -23.45349121, 59.77358627, 0.85129476, 0.07881202, 0.27451253, -0.44014651, -0.00567920, -0.92853343, 0.32334188, 0.00000000, 0.00000000, 0.00000000, 0.00000000
2, 1.7300, 171, 0.41090202, 1.08319569, 1.45587730, 41.16055679, 149.79286194, -111.56726074, 39.57907104, 39.75445557, 66.99795532, -24.02140808, -25.27584267, 59.14506149, 0.85255140, 0.07098733, 0.28633365, -0.43142784, -0.24609116, -0.79736423, 0.60786319, 0.00000000, 0.00000000, 0.00000000, 0.00000000
2, 1.7400, 172, 0.69767511, 1.27070439, 1.34872150, 37.41654968, 133.74533081, -116.57476044, 37.82519531, 40.92370605, 67.81642914, -24.70617294, -21.42115974, 59.64727020, 0.85248399, 0.09208032, 0.26204479, -0.44286004, -0.45325100, -0.65042228, 0.86964530, 0.00000000, 0.00000000, 0.00000000, 0.00000000
4, 1.7300, 173, 0.40544504, 0.94335181, -0.38823339, -50.28245926, 41.81446838, -102.56974792, -22.91727448, -4.47237635, -91.28909302, -2.95149493, 9.88105583, -6.03292608, 1.00000000, 0.00000000, 0.00000000, 0.00000000, -0.06390934, 0.23028246, 0.07192635, 101.54500580, -18.29767227, 40.47999954, 0.00000000
2, 1.7500, 173, 0.84380621, 1.37951875, 1.26553738, 46.68727493, 92.01212311, -127.51315308, 36.48056030, 41.24525070, 68.31335449, -24.48872375, -23.04901123, 59.57613373, 0.85207772, 0.08335321, 0.27268115, -0.43893164, -0.51308769, -0.53053600, 0.99321043, 0.00000000, 0.00000000, 0.00000000, 0.00000000
4, 1.7400, 174, 0.27887887, 0.98378241, -0.26374328, -56.24204636, 25.91127396, -101.09191132, -23.09266281, -3.24466538, -91.02601624, -3.63252258, 8.92655849, -6.35145187, 1.00000000, 0.00000000, 0.00000000, 0.00000000, 0.04699544, 0.11185538, 0.06325707, 101.54500580, -18.29767227, 40.47999954, 0.00000000
2, 1.7600, 174, 0.78228652, 1.25149286, 1.27710783, 58.10552597, 52.80552292, -135.80580139, 35.66208649, 42.03449249, 68.51797485, -24.13038635, -24.53496742, 59.81263733, 0.85048115, 0.07345713, 0.28195086, -0.43793797, -0.52935344, -0.58009309, 0.86447048, 0.00000000, 0.00000000, 0.00000000, 0.00000000
2, 1.7700, 175, 0.65358055, 0.97542435, 1.31584275, 64.13365173, 31.09400368, -134.23905945, 34.75592041, 41.97602844, 68.28412628, -23.69538116, -25.89508247, 60.17977142, 0.84834152, 0.06318600, 0.29005182, -0.43839973, -0.53587556, -0.69134986, 0.58165926, 0.00000000, 0.00000000, 0.00000000, 0.00000000
4, 1.7500, 175, 0.18066154, 1.07564950, -0.12985647, -68.07353973, 5.84030819, -100.73319244, -24.52499199, -2.10464764, -90.35369873, -4.88462830, 6.22944975, -6.10215044, 1.00000000, 0.00000000, 0.00000000, 0.00000000, 0.12957534, -0.02346837, 0.10646764, 101.54500580, -18.29767227, 40.47999954, 0.00000000
2, 1.7800, 176, 0.61290044, 0.75110221, 1.33523154, 58.27172470, 25.01162338, -115.75628662, 34.75592041, 41.97602844, 68.28412628, -23.29040909, -27.06439018, 60.49251938, 0.84638959, 0.05409202, 0.29683027, -0.43885136, -0.60244024, -0.77165651, 0.37515515, 0.00000000, 0.00000000, 0.00000000, 0.00000000
2, 1.7900, 177, 0.55842996, 0.64809024, 1.32345879, 44.55923080, 32.45118332, -87.59170532, 34.08359909, 44.05144501, 67.87489319, -27.97344398, -22.42519379, 61.67261887, 0.84136558, 0.10685090, 0.28353745, -0.44754162, -0.58695930, -0.76982021, 0.26356426, 0.00000000, 0.00000000, 0.00000000, 0.00000000
5, 1.6400, 164, 1.12799764, 1.14759648, -0.27049211, -69.16918182, -2.10040569, -158.36618042, 4.44314528, 43.23297119, -115.66793060, -8.16731167, -10.26083279, -17.45425797, 0.98099661, 0.08364001, 0.07740153, 0.15703160, -0.19390218, 0.24196419, 0.65170157, 0.00000000, 0.00000000, 0.00000000, 0.00000000
5, 1.6500, 165, 0.84561169, 1.13368392, -0.19542232, -67.11057281, 2.54562044, -158.91258240, 4.61853266, 44.13914108, -115.31715393, -8.92612648, -11.77239132, -16.93940544, 0.97972023, 0.09162073, 0.08972596, 0.15395883, -0.02976734, 0.18139675, 0.44804382, 0.00000000, 0.00000000, 0.00000000, 0.00000000
5, 1.6600, 166, 0.68277353, 1.17482114, -0.19358477, -70.86940002, 21.18632507, -156.84307861, 3.74159598, 46.09763336, -115.05407715, -7.46065664, -13.56125927, -17.34149170, 0.97841865, 0.08162885, 0.10673188, 0.15697820, 0.09020299, 0.17715138, 0.37309998, 0.00000000, 0.00000000, 0.00000000, 0.00000000
4, 1.7600, 176, 0.14349508, 1.13262498, -0.06048419, -71.20998383, -8.42482185, -97.78541565, -24.52499199, -2.10464764, -90.35369873, -5.59862614, 5.25898409, -6.01902866, 1.00000000, 0.00000000, 0.00000000, 0.00000000, 0.13356514, -0.08338240, 0.13823396, 101.54500580, -18.29767227, 40.47999954, 0.00000000
2, 1.8000, 178, 0.46055830, 0.64711255, 1.27899981, 26.94483566, 48.00671768, -63.11700058, 34.40514374, 43.78836441, 68.34259033, -27.84567451, -23.25380516, 61.65440369, 0.84123600, 0.10213645, 0.28875250, -0.44554710, -0.44890177, -0.66563874, 0.21630323, 0.00000000, 0.00000000, 0.00000000, 0.00000000
2, 1.8100, 179, 0.40935978, 0.68467039, 1.20471323, 12.69083977, 63.31954193, -46.49384689, 33.23589706, 44.43145370, 68.45951080, -27.85145950, -24.02453423, 61.45882034, 0.84165025, 0.09912159, 0.29392335, -0.44205096, -0.40681610, -0.58787638, 0.21853255, 0.00000000, 0.00000000, 0.00000000, 0.00000000
2, 1.8200, 180, 0.38565373, 0.70989001, 1.15711343, -0.72145307, 73.04517365, -38.24743271, 33.38205338, 44.43145370, 68.57643890, -27.99009895, -24.76838684, 61.18345642, 0.84222388, 0.09742844, 0.29934716, -0.43767336, -0.39163816, -0.53702879, 0.22708941, 0.00000000, 0.00000000, 0.00000000, 0.00000000
5, 1.6700, 167, 0.70424479, 1.23979878, -0.31465095, -77.99311829, 45.70096970, -156.18562317, 3.85852075, 47.55919266, -114.23560333, -8.55164146, -15.02366734, -17.08845520, 0.97623777, 0.09246662, 0.11793797, 0.15652655, 0.10109147, 0.27417088, 0.45217773, 0.00000000, 0.00000000, 0.00000000, 0.00000000
5, 1.6800, 168, 0.93245792, 1.18245351, -0.37279004, -79.80510712, 63.75458527, -160.20137024, 3.68313360, 48.90382767, -113.70944214, -9.76324654, -16.51441765, -16.92622757, 0.97350776, 0.10435795, 0.12914379, 0.15720697, -0.12393539, 0.35834312, 0.58179080, 0.00000000, 0.00000000, 0.00000000, 0.00000000
5, 1.6900, 169, 1.12715614, 1.05418396, -0.36947227, -81.22253418, 62.80458832, -155.92961121, 3.68313360, 48.90382767, -113.70944214, -10.99336720, -17.95717430, -16.71570015, 0.97058982, 0.11619014, 0.13994509, 0.15770435, -0.37792420, 0.39207464, 0.63197309, 0.00000000, 0.00000000, 0.00000000, 0.00000000
2, 1.8300, 181, 0.36850628, 0.71088046, 1.09383214, -11.59451962, 75.86364746, -34.65394592, 33.38205338, 44.54837799, 68.57643890, -28.23798561, -25.48318863, 60.90434647, 0.84269154, 0.09670340, 0.30497292, -0.43302539, -0.39276522, -0.47474876, 0.21416026, 0.00000000, 0.00000000, 0.00000000, 0.00000000
4, 1.7700, 177, 0.17235459, 1.07813513, -0.06645195, -55.42009354, -8.00907898, -89.40959930, -24.26191139, -1.87079799, -90.32446289, -6.15654707, 4.37049913, -5.94545412, 1.00000000, 0.00000000, 0.00000000, 0.00000000, 0.08075830, -0.05528028, 0.09101471, 101.54500580, -18.29767227, 40.47999954, 0.00000000
4, 1.7800, 178, 0.21155398, 0.92697316, -0.09802316, -37.64366150, 5.68982315, -79.83927155, -24.70038033, -0.35077462, -89.94445801, -6.56815481, 3.58833337, -6.01841211, 1.00000000, 0.00000000, 0.00000000, 0.00000000, 0.00538641, 0.01501582, -0.04252565, 101.54500580, -18.29767227, 40.47999954, 0.00000000
5, 1.7000, 170, 1.24899900, 1.10753727, -0.33139786, -76.58048248, 50.40443420, -138.91592407, 3.33235884, 49.89768982, -113.41712952, -12.11954117, -19.23241425, -16.42583656, 0.96786529, 0.12674482, 0.14954214, 0.15751149, -0.45705158, 0.36458749, 0.76063663, 0.00000000, 0.00000000, 0.00000000, 0.00000000
2, 1.8400, 182, 0.34301299, 0.72218859, 1.02680147, -15.53443813, 69.65277100, -32.74465179, 32.73896408, 45.01607513, 69.13182831, -30.65267944, -21.75665283, 61.82294083, 0.83820605, 0.12919642, 0.28950229, -0.44374257, -0.36428654, -0.39431491, 0.20407164, 0.00000000, 0.00000000, 0.00000000, 0.00000000
2, 1.8500, 183, 0.30262628, 0.73036927, 0.96165711, -16.01393890, 56.94040298, -33.90296936, 32.12511063, 43.08681488, 70.00876617, -30.95305252, -22.34413910, 61.73035431, 0.83809984, 0.12891531, 0.29458678, -0.44066775, -0.28735569, -0.29339945, 0.18014193, 0.00000000, 0.00000000, 0.00000000, 0.00000000
2, 1.8600, 184, 0.20123000, 0.74593294, 0.93444610, -16.01106834, 40.74715424, -40.99744034, 31.33586693, 45.16223145, 70.33031464, -31.24903488, -22.87677002, 61.80677795, 0.83734810, 0.12841743, 0.29945165, -0.43896002, -0.19956255, -0.26115090, 0.15392144, 0.00000000, 0.00000000, 0.00000000, 0.00000000
2, 1.8700, 185, 0.15253505, 0.75223547, 0.95752275, -12.71000957, 25.04482651, -50.72583771, 31.33586693, 45.16223145, 70.33031464, -31.51437759, -23.38210297, 62.05690765, 0.83596551, 0.12735084, 0.30419040, -0.43864757, -0.15851599, -0.28011140, 0.15053214, 0.00000000, 0.00000000, 0.00000000, 0.00000000
4, 1.7900, 179, 0.27754363, 0.81412286, -0.11799306, -33.66175079, 21.27807999, -71.47373962, -24.70038033, -0.11692487, -90.29523468, -6.96925545, 2.90264297, -6.23833561, 1.00000000, 0.00000000, 0.00000000, 0.00000000, -0.08914083, 0.06488778, -0.13696536, 101.54500580, -18.29767227, 40.47999954, 0.00000000
5, 1.7100, 171, 1.26501644, 1.19672012, -0.27604574, -66.59997559, 35.45443344, -118.94634247, 3.24466538, 51.33002090, -113.53404999, -9.93413830, -16.24748611, -17.22375870, 0.97329581, 0.10582844, 0.12635863, 0.15977824, -0.41606611, 0.30065012, 0.83251095, 0.00000000, 0.00000000, 0.00000000, 0.00000000
5, 1.7200, 172, 1.19787860, 1.23870504, -0.24528803, -53.84533310, 22.35268593, -103.91040039, 3.06927800, 52.64542389, -113.56328583, -10.66118813, -17.21123314, -16.93672180, 0.97168529, 0.11279485, 0.13383372, 0.15872519, -0.30762431, 0.24156302, 0.79780525, 0.00000000, 0.00000000, 0.00000000, 0.00000000
5, 1.7300, 173, 1.06133747, 1.10696805, -0.20960166, -41.42877579, 15.18296432, -95.28351593, 2.83542824, 53.72697830, -113.09558105, -11.23705959, -18.10235977, -16.67635345, 0.97018147, 0.11836734, 0.14088497, 0.15776098, -0.31522819, 0.23411745, 0.61224234, 0.00000000, 0.00000000, 0.00000000, 0.00000000
5, 1.7400, 174, 0.84622478, 0.83937061, -0.13339902, -37.94452286, 15.75663185, -86.67383575, 2.83542824, 53.72697830, -113.09558105, -11.77796841, -18.91056252, -16.44357491, 0.96871316, 0.12353572, 0.14725804, 0.15699983, -0.35957551, 0.20420748, 0.27017719, 0.00000000, 0.00000000, 0.00000000, 0.00000000
2, 1.8800, 186, 0.15431283, 0.74337131, 0.97781086, -11.72563744, 14.81273460, -57.23632431, 30.95586014, 46.15609360, 69.80415344, -31.77574539, -23.86716843, 62.42748642, 0.83412731, 0.12600154, 0.30889180, -0.43925083, -0.16964498, -0.30012631, 0.15270385, 0.00000000, 0.00000000, 0.00000000, 0.00000000
2, 1.8900, 187, 0.17208315, 0.75139678, 0.96168137, -11.46868801, 7.59644699, -60.13800430, 30.25431061, 45.89301300, 70.06723022, -33.38858414, -21.58787155, 63.56247330, 0.82816416, 0.14539619, 0.30110702, -0.44982079, -0.18083397, -0.27367330, 0.16753820, 0.00000000, 0.00000000, 0.00000000, 0.00000000
2, 1.9000, 188, 0.19466238, 0.75232810, 0.94772732, -9.57248592, -0.83208227, -60.29271317, 30.34200478, 45.39608383, 69.62876129, -33.60528183, -21.98047066, 64.06494904, 0.82590032, 0.14376964, 0.30522972, -0.45172325, -0.17624149, -0.23702408, 0.17577277, 0.00000000, 0.00000000, 0.00000000, 0.00000000
5, 1.7500, 175, 0.74278319, 0.72978747, -0.08960758, -42.01020050, 24.75218964, -76.82089233, 2.04618526, 50.89155197, -112.62788391, -12.38853741, -19.61453056, -16.25395775, 0.96719694, 0.12919441, 0.15260868, 0.15668264, -0.37423033, 0.18477325, 0.12187330, 0.00000000, 0.00000000, 0.00000000, 0.00000000
4, 1.8000, 180, 0.32737663, 0.78106946, -0.13604195, -41.24257278, 34.92738724, -66.26305389, -24.99269104, 0.99386144, -89.82753754, -6.31606245, 4.32196760, -7.04869652, 1.00000000, 0.00000000, 0.00000000, 0.00000000, -0.14522664, 0.09230892, -0.15697637, 101.54500580, -18.29767227, 40.47999954, 0.00000000
5, 1.7600, 176, 0.75716019, 0.75370693, -0.07982641, -44.75946045, 34.91926575, -68.14855957, 2.07541656, 54.95469284, -112.01403046, -10.87700272, -16.13981819, -17.26561737, 0.97247690, 0.11375216, 0.12408070, 0.16110030, -0.36324686, 0.17366709, 0.14670572, 0.00000000, 0.00000000, 0.00000000, 0.00000000
5, 1.7700, 177, 0.81337941, 0.84042490, -0.07464977, -44.66463470, 43.52950287, -60.35573959, 2.39696002, 55.30546570, -112.18941498, -11.56488609, -16.68026733, -17.23174477, 0.97109163, 0.12018007, 0.12774874, 0.16191964, -0.30496606, 0.14377776, 0.23063858, 0.00000000, 0.00000000, 0.00000000, 0.00000000
5, 1.7800, 178, 0.82193732, 0.89845562, -0.08999106, -41.53242111, 50.87050247, -53.01741791, 2.39696002, 55.04238510, -111.40017700, -12.24946499, -17.15292358, -17.27741432, 0.96962976, 0.12657511, 0.13074920, 0.16340640, -0.27892888, 0.16157396, 0.28487158, 0.00000000, 0.00000000, 0.00000000, 0.00000000
5, 1.7900, 179, 0.81267226, 0.87987435, -0.10697292, -38.02162170, 53.48357391, -45.20070648, 2.10464764, 55.04238510, -110.90324402, -12.90376759, -17.55448341, -17.37148857, 0.96817803, 0.13267711, 0.13311724, 0.16525114, -0.29022771, 0.19139701, 0.27138311, 0.00000000, 0.00000000, 0.00000000, 0.00000000
4, 1.8100, 181, 0.32917511, 0.84974581, -0.15230696, -45.45230865, 41.10367584, -57.07333374, -24.99269104, 0.99386144, -89.82753754, -6.87448597, 3.80127215, -7.43449163, 1.00000000, 0.00000000, 0.00000000, 0.00000000, -0.11887190, 0.08846063, -0.08674268, 101.54500580, -18.29767227, 40.47999954, 0.00000000
5, 1.8000, 180, 0.83111310, 0.82262981, -0.11673253, -36.88210678, 47.72176743, -37.60601807, 2.10464764, 56.21163177, -110.90324402, -13.51254463, -17.88204002, -17.43445587, 0.96688569, 0.13826525, 0.13494194, 0.16674975, -0.34731221, 0.21885991, 0.24763533, 0.00000000, 0.00000000, 0.00000000, 0.00000000
2, 1.9100, 189, 0.25414258, 0.79088497, 0.91579121, -8.41334152, -10.61298656, -60.57776260, 29.81584358, 45.16223145, 70.24261475, -33.80137634, -22.30866051, 64.63343811, 0.82339656, 0.14209001, 0.30890602, -0.45431894, -0.22469813, -0.19560498, 0.23073772, 0.00000000, 0.00000000, 0.00000000, 0.00000000
2, 1.9200, 190, 0.27420801, 0.78858906, 0.90167493, -7.14183998, -21.90436172, -62.83929443, 29.81584358, 45.16223145, 70.24261475, -33.97766495, -22.57573700, 65.29241180, 0.82054871, 0.14028281, 0.31219333, -0.45777297, -0.24996623, -0.18102969, 0.23684242, 0.00000000, 0.00000000, 0.00000000, 0.00000000
5, 1.8100, 181, 0.86166459, 0.80372822, -0.11842249, -37.80122757, 36.79463959, -31.79074478, 1.81233561, 56.67933273, -110.66939545, -11.24005985, -14.13667965, -18.07920837, 0.97347015, 0.11522028, 0.10567096, 0.16707455, -0.37021253, 0.22164191, 0.25132936, 0.00000000, 0.00000000, 0.00000000, 0.00000000
5, 1.8200, 182, 0.86776668, 0.83913803, -0.12703557, -39.19705200, 23.64846611, -28.03779221, 1.54925454, 57.29319000, -109.79245758, -11.74239826, -14.36272526, -17.96136093, 0.97285581, 0.11965783, 0.10698751, 0.16669528, -0.30355775, 0.20202821, 0.26299796, 0.00000000, 0.00000000, 0.00000000, 0.00000000
5, 1.8300, 183, 0.84365875, 0.88843024, -0.11765774, -39.89550018, 9.69037342, -26.50383377, 1.72464192, 57.81935120, -109.67552948, -12.18249416, -14.56989956, -17.73194885, 0.97246873, 0.12343110, 0.10835920, 0.16531102, -0.25715780, 0.19328126, 0.28382835, 0.00000000, 0.00000000, 0.00000000, 0.00000000
4, 1.8200, 182, 0.32870713, 0.88674420, -0.13522772, -38.42227173, 44.04029083, -52.12776947, -25.25577354, 1.46156096, -89.50598907, -7.36505461, 3.32752323, -7.85118818, 1.00000000, 0.00000000, 0.00000000, 0.00000000, -0.12173644, 0.07304834, -0.05405241, 101.54500580, -18.29767227, 40.47999954, 0.00000000
4, 1.8300, 183, 0.36451212, 0.91278350, -0.13174030, -34.21971130, 43.78434753, -49.60526657, -24.70038033, -0.49693072, -88.74597931, -7.80946684, 2.87449670, -8.26603794, 1.00000000, 0.00000000, 0.00000000, 0.00000000, -0.16120157, 0.07224765, -0.02337004, 101.54500580, -18.29767227, 40.47999954, 0.00000000
5, 1.8400, 184, 0.79881728, 0.91924167, -0.08020902, -40.62519073, -1.70551848, -25.06614113, 1.60771704, 57.61473083, -109.32476044, -12.57374382, -14.75813961, -17.41052437, 0.97226954, 0.12667021, 0.10975353, 0.16309765, -0.21045709, 0.15843131, 0.27405515, 0.00000000, 0.00000000, 0.00000000, 0.00000000
5, 1.8500, 185, 0.79333556, 0.92872941, -0.06068579, -40.92465210, -8.45090580, -21.29726410, 1.60771704, 57.61473083, -109.32476044, -12.93189144, -14.90512753, -17.03863716, 0.97221023, 0.12952194, 0.11091632, 0.16040230, -0.20468242, 0.14369509, 0.27726117, 0.00000000, 0.00000000, 0.00000000, 0.00000000
5, 1.8600, 186, 0.77866250, 0.90711093, -0.05304700, -39.15430450, -16.85580063, -15.84168053, 1.28617358, 58.08243179, -109.12014008, -11.39149189, -12.66774845, -16.83591652, 0.97673130, 0.11364797, 0.09415435, 0.15561214, -0.20128909, 0.13726619, 0.24848911, 0.00000000, 0.00000000, 0.00000000, 0.00000000
5, 1.8700, 187, 0.72316056, 0.87859130, -0.04194772, -35.84231567, -20.32558441, -10.09530354, 1.49079216, 57.81935120, -109.35398865, -11.61630440, -12.71765518, -16.42682266, 0.97700274, 0.11528487, 0.09468774, 0.15234594, -0.15249452, 0.11313171, 0.17793265, 0.00000000, 0.00000000, 0.00000000, 0.00000000
4, 1.8400, 184, 0.38401803, 0.94448978, -0.14887251, -30.77944946, 43.41630173, -46.63220215, -25.10961723, 2.13387895, -88.97982788, -8.21498680, 2.44702530, -8.67710304, 1.00000000, 0.00000000, 0.00000000, 0.00000000, -0.18260217, 0.08973452, 0.01448226, 101.54500580, -18.29767227, 40.47999954, 0.00000000
4, 1.8500, 185, 0.41249880, 0.97427213, -0.18688390, -25.55546761, 41.89197922, -44.48633575, -25.10961723, 2.13387895, -88.13212585, -7.09683704, 4.28558540, -9.50746536, 1.00000000, 0.00000000, 0.00000000, 0.00000000, -0.20233987, 0.12076885, 0.05583810, 101.54500580, -18.29767227, 40.47999954, 0.00000000
4, 1.8600, 186, 0.43372720, 1.00473118, -0.21705453, -21.86186790, 36.49895477, -42.20375443, -25.22654152, 2.86465931, -88.13212585, -7.40876770, 3.90014148, -9.86702347, 1.00000000, 0.00000000, 0.00000000, 0.00000000, -0.19507462, 0.13041660, 0.09415627, 101.54500580, -18.29767227, 40.47999954, 0.00000000
2, 1.9300, 191, 0.27364981, 0.75480789, 0.88484007, -8.29732800, -30.66053963, -64.87003326, 29.14352417, 45.74685669, 69.86260986, -34.16255569, -22.79179001, 66.03149414, 0.81735361, 0.13853115, 0.31526065, -0.46190149, -0.26773942, -0.17086160, 0.20579919, 0.00000000, 0.00000000, 0.00000000, 0.00000000
4, 1.8700, 187, 0.44359180, 1.02176368, -0.22395800, -17.37359428, 27.18960953, -40.84733963, -25.46039200, 3.30312777, -88.10289001, -7.65346289, 3.51817679, -10.13868809, 1.00000000, 0.00000000, 0.00000000, 0.00000000, -0.20860857, 0.13840517, 0.11375391, 101.54500580, -18.29767227, 40.47999954, 0.00000000
5, 1.8800, 188, 0.68576008, 0.86245739, -0.04463448, -31.68633270, -21.11505508, -2.50812340, 1.02309263, 56.21163177, -109.09090424, -11.79160404, -12.69670677, -16.04778671, 0.97734690, 0.11644310, 0.09466109, 0.14924306, -0.13585646, 0.12129290, 0.14172435, 0.00000000, 0.00000000, 0.00000000, 0.00000000
5, 1.8900, 189, 0.68781042, 0.85117900, -0.05221487, -27.12787628, -21.50297546, 4.45256519, 1.75387311, 56.85472107, -108.94475555, -11.91608334, -12.61220551, -15.70442200, 0.97775340, 0.11712979, 0.09412731, 0.14635265, -0.14318414, 0.13283473, 0.13599762, 0.00000000, 0.00000000, 0.00000000, 0.00000000
4, 1.8800, 188, 0.43286803, 1.02095366, -0.21229704, -13.35659504, 14.69033813, -39.60884476, -25.66501045, 3.18620276, -87.98596954, -7.83001041, 3.13728595, -10.29095078, 1.00000000, 0.00000000, 0.00000000, 0.00000000, -0.20516631, 0.13066761, 0.10894892, 101.54500580, -18.29767227, 40.47999954, 0.00000000
2, 1.9400, 192, 0.26325333, 0.73470932, 0.85624999, -8.66843414, -39.31594086, -63.90188980, 29.05583191, 46.30224991, 69.54106903, -34.40349197, -19.69235611, 67.57108307, 0.81037611, 0.15133490, 0.29780078, -0.48135543, -0.25807649, -0.14275730, 0.17620394, 0.00000000, 0.00000000, 0.00000000, 0.00000000
