SensorId, TimeStamp (s), FrameNumber, AccX (g), AccY (g), AccZ (g), GyroX (deg/s), GyroY (deg/s), GyroZ (deg/s), MagX (uT), MagY (uT), MagZ (uT), EulerX (deg), EulerY (deg), EulerZ (deg), QuatW, QuatX, QuatY, QuatZ, LinAccX (g), LinAccY (g), LinAccZ (g), Pressure (kPa), Altitude (m), Temperature (degC), HeaveMotion (m)
4, 0.0000, 0, 0.23156944, 1.05534542, -0.52758622, 118.63011932, 67.75087738, 230.19760132, -34.46360779, 6.31394339, -91.05524445, 2.97568679, 32.28158951, 16.12388611, 1.00000000, 0.00000000, 0.00000000, 0.00000000, -0.16974384, 0.31624433, 0.08461758, 101.52100372, -16.30300331, 39.25999832, 0.00000000
4, 0.0100, 1, 0.22165489, 1.13049269, -0.54338038, 138.80696106, 93.04618073, 247.32675171, -34.46360779, 6.31394339, -91.05524445, 4.66458273, 34.87285233, 16.59387207, 1.00000000, 0.00000000, 0.00000000, 0.00000000, -0.15680401, 0.24230659, 0.18291613, 101.52100372, -16.30300331, 39.25999832, 0.00000000
4, 0.0200, 2, 0.24765253, 1.20600092, -0.50929892, 152.69561768, 117.48617554, 263.23175049, -32.68050385, 4.50160789, -91.96141052, 6.57422209, 37.66792297, 17.04639053, 1.00000000, 0.00000000, 0.00000000, 0.00000000, -0.16982815, 0.16982466, 0.26219574, 101.52100372, -16.30300331, 39.25999832, 0.00000000
4, 0.0300, 3, 0.34024748, 1.25181687, -0.53892642, 155.86009216, 134.51754761, 278.39413452, -30.57585526, 3.30312777, -92.34142303, 8.60932827, 40.64465332, 17.53240776, 1.00000000, 0.00000000, 0.00000000, 0.00000000, -0.23528051, 0.16600297, 0.30368632, 101.52100372, -16.30300331, 39.25999832, 0.00000000
4, 0.0400, 4, 0.42023662, 1.32587373, -0.60939926, 150.30676270, 141.35675049, 294.56976318, -28.23735809, 0.58462435, -92.37065125, 10.71914005, 43.78466034, 18.15373230, 1.00000000, 0.00000000, 0.00000000, 0.00000000, -0.30391198, 0.19819796, 0.38792023, 101.52100372, -16.30300331, 39.25999832, 0.00000000
4, 0.0500, 5, 0.49227086, 1.47762334, -0.72295910, 144.53279114, 140.77055359, 306.91519165, -25.84039688, -1.69541073, -92.98450470, 14.38219643, 45.56384277, 23.34755516, 1.00000000, 0.00000000, 0.00000000, 0.00000000, -0.40592501, 0.25367278, 0.55339706, 101.52100372, -16.30300331, 39.25999832, 0.00000000
2, 0.0000, 0, 1.54823434, 0.68017942, 0.15506019, 4.57178736, 27.30435371, 597.47906494, 15.75562668, -15.40485191, 51.56386948, -117.45515442, 42.76780319, 168.96884155, 0.26373655, -0.26489472, -0.77399182, 0.51108772, -0.84951991, 0.98610550, 0.90293592, 0.00000000, 0.00000000, 0.00000000, 0.00000000
2, 0.0100, 1, 1.07252288, 0.63982636, 0.14146264, 2.10358596, 25.21104050, 565.89910889, 11.31248188, -15.46331501, 50.83308792, -118.70172119, 37.32263565, 166.92987061, 0.21851730, -0.25482127, -0.79121512, 0.51117015, -0.44516024, 1.01726532, 0.91623777, 0.00000000, 0.00000000, 0.00000000, 0.00000000
2, 0.0200, 2, 0.80984271, 0.52041382, -0.06642282, 4.48232365, 39.27063370, 523.46374512, 7.19087982, -14.79099655, 50.65770340, -119.45036316, 32.21387863, 165.46377563, 0.17639129, -0.24371246, -0.80535454, 0.51077825, -0.25320750, 1.12824559, 0.72731280, 0.00000000, 0.00000000, 0.00000000, 0.00000000
2, 0.0300, 3, 0.74715471, 0.36781621, -0.25495327, 9.07818031, 54.29967117, 469.41088867, 7.19087982, -14.79099655, 50.65770340, -119.81015015, 27.56723976, 164.47933960, 0.13849105, -0.23183857, -0.81645250, 0.51036900, -0.25935712, 1.19545257, 0.51579750, 0.00000000, 0.00000000, 0.00000000, 0.00000000
5, -0.0000, 0, 2.03785229, 0.58963144, -0.29067689, 107.32475281, -220.10574341, 281.96499634, -13.79713535, 15.25869656, -121.13417053, 92.23664856, 64.72041321, 105.92736053, 0.66062784, -0.07055263, -0.70947528, -0.23502766, -0.52883804, -0.02194028, 1.53107274, 0.00000000, 0.00000000, 0.00000000, 0.00000000
5, 0.0100, 1, 2.04223609, 0.52378654, -0.29296717, 91.38556671, -219.50010681, 256.64682007, -16.34025192, 14.26483440, -121.16339874, 99.74476624, 63.51699829, 112.42387390, 0.63922489, -0.07962387, -0.72897130, -0.23163021, -0.57514697, -0.04519236, 1.53926146, 0.00000000, 0.00000000, 0.00000000, 0.00000000
5, 0.0200, 2, 1.94328630, 0.40234697, -0.26673797, 69.70000458, -215.08157349, 234.41950989, -18.79567337, 10.93247604, -121.01724243, 105.92663574, 61.92066574, 117.71414185, 0.61859709, -0.08880991, -0.74611890, -0.22968927, -0.56473982, -0.10759155, 1.44557583, 0.00000000, 0.00000000, 0.00000000, 0.00000000
5, 0.0300, 3, 1.61603045, 0.34105879, -0.32038990, 47.30625916, -210.61540222, 207.01464844, -21.25109673, 13.68021011, -121.60186768, 110.75164795, 60.06499100, 121.74909210, 0.59919870, -0.09833273, -0.76074702, -0.22925004, -0.34183925, -0.08062263, 1.25971937, 0.00000000, 0.00000000, 0.00000000, 0.00000000
2, 0.0400, 4, 0.71714401, 0.25529993, -0.32656634, 11.78645897, 62.25172424, 416.55340576, 3.12774038, -13.53405380, 51.09616852, -125.12208557, 34.69390106, 157.87487793, 0.17530006, -0.29738823, -0.80503154, 0.48244637, -0.25222439, 1.16794252, 0.40886962, 0.00000000, 0.00000000, 0.00000000, 0.00000000
4, 0.0600, 6, 0.60407299, 1.70286477, -0.78171116, 140.89332581, 140.01246643, 315.12841797, -25.84039688, -1.69541073, -92.98450470, 16.88121033, 48.82740784, 24.59453583, 1.00000000, 0.00000000, 0.00000000, 0.00000000, -0.57938153, 0.23152454, 0.75378507, 101.52100372, -16.30300331, 39.25999832, 0.00000000
4, 0.0700, 7, 0.74367458, 1.93203616, -0.76971650, 131.59925842, 137.18489075, 319.35958862, -24.11575508, -4.00467682, -91.99064636, 19.57708168, 52.08499146, 26.16532516, 1.00000000, 0.00000000, 0.00000000, 0.00000000, -0.76224971, 0.15702535, 0.94625086, 101.52100372, -16.30300331, 39.25999832, 0.00000000
4, 0.0800, 8, 0.74702483, 2.07262063, -0.74388772, 111.60448456, 123.77032471, 308.98706055, -22.12803268, -6.40163708, -91.75679779, 22.35832024, 55.16519928, 28.05837631, 1.00000000, 0.00000000, 0.00000000, 0.00000000, -0.78737152, 0.09034649, 1.11595953, 101.52100372, -16.30300331, 39.25999832, 0.00000000
4, 0.0900, 9, 0.61525244, 2.18858600, -0.72997695, 98.92268372, 99.09400177, 278.74319458, -19.90645981, -8.50628471, -91.28909302, 25.28945923, 57.82462692, 30.29434204, 1.00000000, 0.00000000, 0.00000000, 0.00000000, -0.68646568, 0.04257141, 1.32030129, 101.52100372, -16.30300331, 39.25999832, 0.00000000
5, 0.0400, 4, 1.44249117, 0.51718211, -0.34731051, 30.66063690, -190.94819641, 176.70916748, -21.25109673, 13.68021011, -121.60186768, 94.64382935, 60.55227661, 105.94402313, 0.64844894, -0.10949551, -0.71267956, -0.24415693, -0.11661045, -0.03606822, 1.30612898, 0.00000000, 0.00000000, 0.00000000, 0.00000000
4, 0.1000, 10, 0.47179517, 2.20838737, -0.77251905, 88.31354523, 66.46067810, 243.66798401, -19.90645981, -8.50628471, -91.28909302, 23.31681824, 55.60828018, 28.67685318, 1.00000000, 0.00000000, 0.00000000, 0.00000000, -0.55675459, 0.07341124, 1.42993832, 101.52100372, -16.30300331, 39.25999832, 0.00000000
4, 0.1100, 11, 0.37633780, 2.22424293, -0.87881416, 78.99751282, 32.52960968, 218.81906128, -19.14644814, -10.90324497, -91.14293671, 25.99182320, 57.42739105, 31.08916092, 1.00000000, 0.00000000, 0.00000000, 0.00000000, -0.49819076, 0.17346871, 1.48222423, 101.52100372, -16.30300331, 39.25999832, 0.00000000
2, 0.0500, 5, 0.75047493, 0.12218414, -0.26007038, 14.92518425, 61.55592346, 378.44528198, -0.05846244, -11.98479939, 51.00847626, -125.03832245, 30.86448097, 157.68963623, 0.14555578, -0.28592122, -0.81526566, 0.48208356, -0.21549290, 0.96480876, 0.38736507, 0.00000000, 0.00000000, 0.00000000, 0.00000000
2, 0.0600, 6, 0.74704939, -0.07904189, -0.02376080, 7.61112404, 53.35359573, 342.80822754, -2.60157847, -10.49400711, 50.27769470, -125.02387238, 27.40010071, 157.49749756, 0.11856887, -0.27537629, -0.82397443, 0.48080713, -0.26649857, 0.68147361, 0.42106843, 0.00000000, 0.00000000, 0.00000000, 0.00000000
2, 0.0700, 7, 0.67499220, -0.16119732, 0.22666602, -2.37391925, 38.48268127, 301.72085571, -2.60157847, -10.49400711, 50.27769470, -125.13065338, 24.36692429, 157.24455261, 0.09478143, -0.26647106, -0.83131510, 0.47846115, -0.24544638, 0.46325290, 0.54956561, 0.00000000, 0.00000000, 0.00000000, 0.00000000
5, 0.0500, 5, 1.32437313, 0.80404460, -0.27162528, 16.04453468, -149.83082581, 144.48808289, -23.23881912, 13.03712368, -120.31569672, 98.18492889, 59.45239258, 109.13708496, 0.63502347, -0.11590926, -0.72301078, -0.24610084, 0.14576855, -0.07532226, 1.39442348, 0.00000000, 0.00000000, 0.00000000, 0.00000000
5, 0.0600, 6, 1.26712334, 0.81939495, -0.20911063, 2.66515279, -108.45010376, 110.43481445, -24.67114830, 13.24174213, -120.60800934, 100.60032654, 58.54999924, 111.39495087, 0.62480897, -0.12019668, -0.73044014, -0.24824119, 0.20002678, -0.14449225, 1.41336489, 0.00000000, 0.00000000, 0.00000000, 0.00000000
5, 0.0700, 7, 1.35168672, 0.60575783, -0.16095310, -7.49859762, -84.22061920, 77.38646698, -26.07424736, 13.15404797, -120.25723267, 102.16516113, 57.77062225, 112.88253784, 0.61725831, -0.12371471, -0.73545015, -0.25059944, 0.01341539, -0.24223933, 1.30937719, 0.00000000, 0.00000000, 0.00000000, 0.00000000
2, 0.0800, 8, 0.51727611, -0.38137528, 0.41317058, -7.73551989, 31.76645660, 258.63482666, -5.08623219, -9.32475853, 50.21923447, -125.27066803, 21.76835251, 157.02612305, 0.07444485, -0.25873387, -0.83736974, 0.47573808, -0.13122737, 0.19129623, 0.53245825, 0.00000000, 0.00000000, 0.00000000, 0.00000000
2, 0.0900, 9, 0.56680775, -0.60625452, 0.47168738, -9.02577209, 28.62323952, 208.74827576, -6.66471767, -7.86319780, 50.27769470, -118.96414948, 22.62943077, 170.52529907, 0.12731710, -0.16905551, -0.83361268, 0.51019651, -0.20440049, 0.01511800, 0.39418563, 0.00000000, 0.00000000, 0.00000000, 0.00000000
2, 0.1000, 10, 0.37216216, -0.84864444, 0.31832200, -18.31125641, 21.15900803, 161.25643921, -8.21397209, -7.45396090, 49.60537720, -119.24629211, 21.02630806, 170.22023010, 0.11445779, -0.16423702, -0.83728307, 0.50880510, 0.00048060, -0.00203362, 0.05011429, 0.00000000, 0.00000000, 0.00000000, 0.00000000
2, 0.1100, 11, 0.27420723, -1.07734215, 0.13310091, -24.30676270, 19.84991837, 117.96131134, -9.12014008, -7.51242304, 49.31306458, -119.53759766, 19.83851624, 170.05068970, 0.10526440, -0.16020706, -0.84035826, 0.50700229, 0.07992221, -0.01943612, -0.23394489, 0.00000000, 0.00000000, 0.00000000, 0.00000000
2, 0.1200, 12, 0.07792528, -1.36997700, 0.05420221, -27.79639435, 14.92849731, 83.63251495, -9.12014008, -7.51242304, 49.31306458, -119.84274292, 18.99226761, 169.94519043, 0.09889650, -0.15716121, -0.84295088, 0.50492954, 0.26341182, -0.16047849, -0.49151134, 0.00000000, 0.00000000, 0.00000000, 0.00000000
4, 0.1200, 12, 0.32738951, 2.20003223, -0.92218399, 79.36645508, 0.22033577, 197.31655884, -18.03566170, -12.97866154, -90.58754730, 28.97418785, 58.81863785, 33.95168686, 1.00000000, 0.00000000, 0.00000000, 0.00000000, -0.43299127, 0.20695390, 1.52187908, 101.52100372, -16.30300331, 39.25999832, 0.00000000
4, 0.1300, 13, 0.31544665, 2.14535427, -0.88195378, 68.94091034, -30.11430168, 171.77191162, -18.15258598, -14.46945286, -91.34755707, 31.98403168, 59.76953125, 37.04090881, 1.00000000, 0.00000000, 0.00000000, 0.00000000, -0.38605592, 0.16318184, 1.49879074, 101.52100372, -16.30300331, 39.25999832, 0.00000000
4, 0.1400, 14, 0.29501978, 2.23741531, -0.84937489, 66.50683594, -59.42552185, 145.76025391, -18.09412384, -15.49254608, -91.05524445, 35.02448654, 60.26241684, 40.28193283, 1.00000000, 0.00000000, 0.00000000, 0.00000000, -0.39684173, 0.09538363, 1.60575318, 101.52100372, -16.30300331, 39.25999832, 0.00000000
5, 0.0800, 8, 1.57300246, 0.30332154, -0.11318261, -16.17664528, -69.01144409, 47.01353073, -26.57117844, 12.80327415, -119.96492004, 103.05602264, 57.07444763, 113.72676849, 0.61195648, -0.12709861, -0.73840415, -0.25320870, -0.33461475, -0.35626733, 1.19923317, 0.00000000, 0.00000000, 0.00000000, 0.00000000
5, 0.0900, 9, 1.50630617, -0.02984931, -0.14319058, -28.55057907, -61.83544540, 21.33337021, -26.57117844, 12.80327415, -119.96492004, 93.74690247, 62.48350143, 112.27367401, 0.64000237, -0.05329221, -0.71572036, -0.27441072, -0.45074451, -0.38102221, 0.86596882, 0.00000000, 0.00000000, 0.00000000, 0.00000000
5, 0.1000, 10, 1.29077411, -0.27481300, -0.23759963, -39.86884308, -51.00356674, 1.21257675, -26.60040855, 13.21251106, -120.63723755, 93.81060791, 61.84323883, 112.42178345, 0.63780999, -0.05661108, -0.71587396, -0.27842087, -0.37387908, -0.28779069, 0.46098477, 0.00000000, 0.00000000, 0.00000000, 0.00000000
5, 0.1100, 11, 1.26090717, -0.28528818, -0.38714421, -47.56069946, -30.05821419, -7.14609957, -27.06810760, 13.65097904, -120.49108124, 93.49418640, 61.32859039, 112.32818604, 0.63673586, -0.05856208, -0.71497637, -0.28274861, -0.37466002, -0.15196991, 0.41070259, 0.00000000, 0.00000000, 0.00000000, 0.00000000
5, 0.1200, 12, 1.16505265, -0.15201533, -0.55761933, -51.74730682, -7.22707701, -12.98069191, -27.15580177, 14.11867905, -120.40338898, 92.86853790, 60.97543335, 112.05219269, 0.63674402, -0.05895405, -0.71320730, -0.28708324, -0.24483664, 0.03466121, 0.43723693, 0.00000000, 0.00000000, 0.00000000, 0.00000000
4, 0.1500, 15, 0.14461681, 2.19454265, -0.67842424, 70.67819977, -84.29666138, 113.56299591, -18.09412384, -15.49254608, -91.05524445, 28.48077774, 55.17380142, 31.93315697, 1.00000000, 0.00000000, 0.00000000, 0.00000000, -0.23821004, -0.07456717, 1.58905613, 101.52100372, -16.30300331, 39.25999832, 0.00000000
4, 0.1600, 16, -0.05319951, 2.14043808, -0.49265951, 69.12452698, -101.75985718, 73.57974243, -18.85413551, -16.89564514, -92.04911041, 30.64456940, 54.96200943, 34.39629745, 1.00000000, 0.00000000, 0.00000000, 0.00000000, -0.05737977, -0.24126957, 1.51737118, 101.52100372, -16.30300331, 39.25999832, 0.00000000
4, 0.1700, 17, -0.28706464, 2.15766287, -0.31227145, 60.73072052, -102.00305176, 33.42966080, -18.73721123, -19.81876564, -92.72142792, 32.30680084, 54.42403030, 36.30853653, 1.00000000, 0.00000000, 0.00000000, 0.00000000, 0.15883884, -0.44060767, 1.60202730, 101.52100372, -16.30300331, 39.25999832, 0.00000000
4, 0.1800, 18, -0.43728551, 2.09748864, -0.16905986, 45.59868622, -84.96006012, -3.43322134, -18.21105003, -19.32183456, -93.01374054, 33.30851364, 53.74020767, 37.46331024, 1.00000000, 0.00000000, 0.00000000, 0.00000000, 0.32572737, -0.58416218, 1.58451056, 101.52100372, -16.30300331, 39.25999832, 0.00000000
5, 0.1300, 13, 1.05651724, -0.15203731, -0.74824792, -52.59289551, 11.71422005, -17.35565376, -27.09733963, 13.35866737, -121.19263458, 92.01905823, 60.76861572, 111.63681030, 0.63764977, -0.05807313, -0.71079528, -0.29120502, -0.17569232, 0.21731007, 0.34101611, 0.00000000, 0.00000000, 0.00000000, 0.00000000
4, 0.1900, 19, -0.33149770, 1.94936323, -0.16853446, 25.15863609, -61.70282364, -32.54787064, -18.21105003, -19.32183456, -93.94913483, 33.64612579, 53.04179001, 37.88142014, 1.00000000, 0.00000000, 0.00000000, 0.00000000, 0.28357226, -0.56477326, 1.40320790, 101.52100372, -16.30300331, 39.25999832, 0.00000000
4, 0.2000, 20, -0.07158408, 1.75662327, -0.25547093, 10.79046440, -33.62330627, -38.67145157, -19.81876564, -18.70797920, -93.94913483, 24.76556969, 48.44556427, 29.41786003, 1.00000000, 0.00000000, 0.00000000, 0.00000000, 0.10241716, -0.43063748, 1.10847425, 101.52100372, -16.30300331, 39.25999832, 0.00000000
4, 0.2100, 21, 0.08304011, 1.62759030, -0.37000045, 5.47012568, -18.01116753, -38.41169739, -19.78953552, -18.97106171, -94.59222412, 24.69421196, 48.02388382, 29.31072807, 1.00000000, 0.00000000, 0.00000000, 0.00000000, -0.03348102, -0.25017920, 0.87271488, 101.52100372, -16.30300331, 39.25999832, 0.00000000
2, 0.1300, 13, -0.10168186, -1.60521364, 0.12862645, -27.91571426, 7.72766829, 62.47103882, -9.88015175, -6.13855600, 49.57614517, -120.15116882, 18.36880684, 169.83619690, 0.09416737, -0.15509768, -0.84515661, 0.50277972, 0.43284658, -0.37522617, -0.60292876, 0.00000000, 0.00000000, 0.00000000, 0.00000000
2, 0.1400, 14, -0.26696658, -1.77337694, 0.30499607, -25.70542717, 1.62859809, 45.19491577, -9.76322746, -6.51856184, 49.54691696, -121.22911072, 12.88980103, 169.05177307, 0.05084600, -0.13742417, -0.85662878, 0.49468842, 0.56853455, -0.61565238, -0.59068674, 0.00000000, 0.00000000, 0.00000000, 0.00000000
2, 0.1500, 15, -0.28522739, -1.91649985, 0.47569311, -30.90849304, -0.12080100, 28.53933144, -10.46477604, -5.72931862, 49.54691696, -121.55276489, 12.61176109, 168.97544861, 0.04879869, -0.13670224, -0.85827804, 0.49222979, 0.51737529, -0.82939637, -0.55459744, 0.00000000, 0.00000000, 0.00000000, 0.00000000
2, 0.1600, 16, -0.19789477, -2.10106421, 0.48588973, -41.67441177, -2.32120562, 16.06309509, -10.46477604, -4.94007587, 49.31306458, -121.98201752, 12.45840645, 168.91273499, 0.04787804, -0.13635936, -0.86023051, 0.48899621, 0.42818218, -0.96638459, -0.67673242, 0.00000000, 0.00000000, 0.00000000, 0.00000000
2, 0.1700, 17, -0.12439552, -2.26149607, 0.37027824, -52.36109161, -2.42513752, 15.14589024, -10.46477604, -4.94007587, 49.31306458, -122.51731110, 12.31264591, 168.85348511, 0.04715376, -0.13598672, -0.86261362, 0.48495555, 0.35464090, -0.99653929, -0.86618459, 0.00000000, 0.00000000, 0.00000000, 0.00000000
4, 0.2400, 22, 0.43364668, 1.25088644, -0.53095239, -7.66745234, 19.37420845, -67.84397125, -19.46799088, -18.12335587, -94.21221924, 23.57927704, 46.82483673, 27.58870697, 1.00000000, 0.00000000, 0.00000000, 0.00000000, -0.22386149, -0.01163550, 0.40200639, 101.52100372, -16.30300331, 39.25999832, 0.00000000
2, 0.1800, 18, -0.07752633, -2.27261448, 0.19979750, -60.27383423, -2.90624452, 21.76211548, -10.55247021, -6.40163708, 49.04998398, -123.13506317, 12.10238171, 168.77537537, 0.04595290, -0.13547257, -0.86537844, 0.48026642, 0.30606836, -0.88508385, -0.98302281, 0.00000000, 0.00000000, 0.00000000, 0.00000000
2, 0.1900, 19, -0.12816656, -2.22186780, 0.10576667, -62.13203049, -5.40606117, 30.61380386, -10.37708282, -4.76468849, 48.52382278, -126.03556824, 8.66697121, 165.66947937, 0.01037957, -0.14485255, -0.87738383, 0.45728293, 0.33909056, -0.79059494, -0.99115360, 0.00000000, 0.00000000, 0.00000000, 0.00000000
5, 0.1400, 14, 1.05085599, -0.46279153, -0.93091142, -47.97598267, 26.06407166, -21.48896599, -27.09733963, 13.35866737, -121.19263458, 91.44570160, 59.82030487, 110.17771912, 0.63909268, -0.06970906, -0.70815408, -0.29192305, -0.35730627, 0.33055234, 0.04429503, 0.00000000, 0.00000000, 0.00000000, 0.00000000
5, 0.1500, 15, 1.15617514, -0.86705136, -1.13869381, -38.49266815, 32.22386551, -31.71562767, -26.54194641, 14.17714119, -121.71879578, 90.34158325, 59.83264923, 109.43406677, 0.64169204, -0.06804806, -0.70488816, -0.29450557, -0.68741381, 0.44519979, -0.27333352, 0.00000000, 0.00000000, 0.00000000, 0.00000000
5, 0.1600, 16, 1.14307952, -1.09013152, -1.34529221, -33.07976913, 31.91411972, -37.22500229, -26.68810272, 14.14791012, -121.89418030, 89.19766998, 59.85512161, 108.58322906, 0.64461672, -0.06671064, -0.70145106, -0.29662362, -0.81584972, 0.60463703, -0.50860894, 0.00000000, 0.00000000, 0.00000000, 0.00000000
5, 0.1700, 17, 1.10929382, -1.15130854, -1.46909952, -33.20990372, 30.82522011, -31.04506683, -26.01578522, 12.18941784, -122.12802887, 88.15875244, 59.87140274, 107.85607910, 0.64714378, -0.06519575, -0.69834495, -0.29877904, -0.83259946, 0.71455193, -0.60721481, 0.00000000, 0.00000000, 0.00000000, 0.00000000
5, 0.1800, 18, 1.15179706, -1.06514871, -1.57007313, -32.48775101, 26.27566910, -21.12024689, -25.37269783, 14.29406548, -122.12802887, 87.32308960, 59.86849976, 107.34123993, 0.64895386, -0.06361975, -0.69586641, -0.30096743, -0.83337724, 0.83079410, -0.53777319, 0.00000000, 0.00000000, 0.00000000, 0.00000000
5, 0.1900, 19, 1.22837329, -0.97867668, -1.61745322, -25.81400108, 7.29345560, -12.19356251, -26.04501534, 14.84945869, -122.74188995, 91.11774445, 58.07478333, 108.92019653, 0.63782293, -0.08630314, -0.70548528, -0.29668894, -0.86147422, 0.88698345, -0.42880100, 0.00000000, 0.00000000, 0.00000000, 0.00000000
5, 0.2000, 20, 1.17916954, -0.89199162, -1.59722900, -17.91551781, -13.04543114, -3.63027477, -26.04501534, 14.84945869, -122.74188995, 91.01715088, 57.86471176, 108.89373016, 0.63739836, -0.08718880, -0.70506680, -0.29833242, -0.78506571, 0.86209607, -0.35407841, 0.00000000, 0.00000000, 0.00000000, 0.00000000
5, 0.2100, 21, 0.98071623, -0.83658385, -1.62979889, -10.98995972, -24.80847359, 5.74569464, -26.24963379, 15.55100822, -122.82958221, 91.20775604, 57.60798645, 109.08065796, 0.63606405, -0.08866426, -0.70553833, -0.29962799, -0.59432501, 0.90123588, -0.41963512, 0.00000000, 0.00000000, 0.00000000, 0.00000000
2, 0.2000, 20, -0.28123531, -2.17542434, 0.11294052, -64.28870392, -7.51932859, 44.08733749, -10.61093235, -5.34931278, 48.23151016, -126.69759369, 8.24056911, 165.51980591, 0.00731983, -0.14431907, -0.88027400, 0.45192486, 0.44482309, -0.78019315, -0.91285276, 0.00000000, 0.00000000, 0.00000000, 0.00000000
4, 0.2500, 23, 0.69328666, 1.34513795, -0.58009958, -14.15242100, 27.92374992, -70.48010254, -20.11107826, -17.62642479, -93.77375031, 21.80758858, 47.44029236, 27.48084450, 1.00000000, 0.00000000, 0.00000000, 0.00000000, -0.50450456, 0.02597759, 0.37922975, 101.52100372, -16.30300331, 39.25999832, 0.00000000
4, 0.2600, 24, 0.87407500, 1.50330245, -0.71589148, -13.46986675, 37.12041092, -64.07987213, -19.78953552, -17.15872574, -93.65682220, 21.16633415, 47.11237717, 26.49037361, 1.00000000, 0.00000000, 0.00000000, 0.00000000, -0.74054575, 0.14505909, 0.46666536, 101.52100372, -16.30300331, 39.25999832, 0.00000000
4, 0.2700, 25, 0.91526997, 1.55260777, -0.88191777, 0.96873671, 47.14556122, -57.10491943, -19.49722290, -16.80795097, -93.91990662, 20.72081375, 46.86638641, 25.53562164, 1.00000000, 0.00000000, 0.00000000, 0.00000000, -0.81583202, 0.30205333, 0.51837409, 101.52100372, -16.30300331, 39.25999832, 0.00000000
4, 0.2800, 26, 0.93066680, 1.41857684, -0.98340535, 15.51106834, 51.04198456, -51.93672562, -19.64337921, -15.90178299, -94.00759888, 20.48381042, 46.65864563, 24.66666603, 1.00000000, 0.00000000, 0.00000000, 0.00000000, -0.78586966, 0.43131572, 0.40785864, 101.52100372, -16.30300331, 39.25999832, 0.00000000
2, 0.2100, 21, -0.45372078, -2.17293096, 0.24949585, -63.69053650, -11.40477085, 61.80976868, -11.40017509, -5.61239386, 47.73458099, -127.35995483, 7.64424706, 165.30674744, 0.00268769, -0.14367397, -0.88321650, 0.44640708, 0.60702741, -0.88355285, -0.80534315, 0.00000000, 0.00000000, 0.00000000, 0.00000000
5, 0.2200, 22, 0.91911715, -1.07601511, -1.68767226, -6.37672424, -33.76933289, 7.78682756, -26.13270950, 14.79099655, -122.62496185, 91.53598785, 57.30413055, 109.33162689, 0.63430917, -0.09078985, -0.70639706, -0.30068648, -0.67774391, 0.90723765, -0.65739399, 0.00000000, 0.00000000, 0.00000000, 0.00000000
5, 0.2300, 23, 1.01467705, -1.34429467, -1.74535954, -3.48517609, -49.66394043, 6.37217617, -25.95732307, 14.73253441, -122.50803375, 91.98877716, 56.88085175, 109.60113525, 0.63204283, -0.09420511, -0.70753521, -0.30173042, -0.90966129, 0.90614200, -0.83306563, 0.00000000, 0.00000000, 0.00000000, 0.00000000
2, 0.2200, 22, -0.54469502, -2.18050313, 0.37407160, -66.58500671, -18.28632355, 80.07635498, -11.40017509, -5.61239386, 47.73458099, -128.05915833, 6.87543917, 165.00421143, -0.00359237, -0.14313622, -0.88630277, 0.44041640, 0.68485433, -0.98518682, -0.71394634, 0.00000000, 0.00000000, 0.00000000, 0.00000000
2, 0.2300, 23, -0.57972836, -2.21570086, 0.43592161, -73.03130341, -21.64925957, 95.01456451, -11.69248772, -4.96930695, 47.06226349, -128.82252502, 5.95928764, 164.65763855, -0.01111365, -0.14248268, -0.88964015, 0.43372303, 0.70475364, -1.06086993, -0.68547249, 0.00000000, 0.00000000, 0.00000000, 0.00000000
5, 0.2400, 24, 0.94676399, -1.44243920, -1.75066316, -0.41823843, -72.98173523, 10.29907703, -26.54194641, 15.31715870, -122.56649780, 99.90904236, 54.84906006, 115.04276276, 0.60410815, -0.11489671, -0.73234963, -0.29243147, -0.91352880, 0.88150185, -0.92730910, 0.00000000, 0.00000000, 0.00000000, 0.00000000
2, 0.2400, 24, -0.56809461, -2.26272798, 0.42501932, -79.83114624, -23.28782463, 110.09923553, -12.30634308, -3.12774038, 46.91610718, -129.03897095, 1.25735581, 164.31010437, -0.04890414, -0.12788548, -0.89358467, 0.42750439, 0.66023296, -1.09025931, -0.71684504, 0.00000000, 0.00000000, 0.00000000, 0.00000000
4, 0.2900, 27, 0.97498780, 1.30096591, -1.00583708, 22.72173691, 44.32677078, -45.23438263, -19.64337921, -15.90178299, -94.00759888, 20.40422058, 46.46209717, 23.96772003, 1.00000000, 0.00000000, 0.00000000, 0.00000000, -0.78188896, 0.47801661, 0.28598422, 101.52100372, -16.30300331, 39.25999832, 0.00000000
5, 0.2500, 25, 0.95292538, -1.41407657, -1.72254312, 0.75318068, -88.56635284, 18.64069366, -26.54194641, 15.31715870, -122.56649780, 100.67945099, 54.09970093, 115.43038940, 0.59958231, -0.12083874, -0.73466307, -0.29354608, -0.91833377, 0.84100300, -0.83250177, 0.00000000, 0.00000000, 0.00000000, 0.00000000
2, 0.2500, 25, -0.55649245, -2.23002625, 0.32811141, -84.66646576, -27.76498413, 125.63614655, -12.71557999, -3.44928384, 46.62379456, -129.88278198, 0.03793147, 163.88406372, -0.05907377, -0.12712021, -0.89691114, 0.41940567, 0.58137596, -0.99897987, -0.75243390, 0.00000000, 0.00000000, 0.00000000, 0.00000000
5, 0.2600, 26, 1.00984323, -1.36327851, -1.76382196, 1.99212372, -105.42801666, 26.51285934, -27.44811440, 15.22946453, -122.80034637, 101.63191986, 53.20837784, 115.93460846, 0.59390205, -0.12773468, -0.73760462, -0.29479438, -0.95223439, 0.88164729, -0.75556254, 0.00000000, 0.00000000, 0.00000000, 0.00000000
2, 0.2600, 26, -0.58185083, -2.15512514, 0.19525591, -85.37153625, -35.60910034, 141.99768066, -13.88482857, -2.33849740, 46.15609360, -130.72242737, -1.34172940, 163.38023376, -0.07077958, -0.12652972, -0.90005463, 0.41095302, 0.58417594, -0.86053467, -0.77761185, 0.00000000, 0.00000000, 0.00000000, 0.00000000
5, 0.2700, 27, 1.00735879, -1.32136858, -1.79317462, 3.52593160, -130.94720459, 32.36972809, -28.17889404, 13.09558582, -122.44957733, 102.77396393, 52.10051727, 116.50569153, 0.58680999, -0.13631634, -0.74116653, -0.29621643, -0.94187719, 0.90686548, -0.71310574, 0.00000000, 0.00000000, 0.00000000, 0.00000000
5, 0.2800, 28, 0.80169648, -1.36777747, -1.89978206, 1.44954658, -154.54232788, 40.22875595, -28.85121346, 15.31715870, -122.50803375, 104.05982208, 50.76902771, 117.14363098, 0.57820731, -0.14631428, -0.74526095, -0.29808488, -0.81781811, 0.98869216, -0.86298978, 0.00000000, 0.00000000, 0.00000000, 0.00000000
5, 0.2900, 29, 0.72074652, -1.49331248, -2.09335184, -4.12600517, -172.50125122, 48.56461334, -30.89739799, 15.81408882, -122.18649292, 109.63031006, 47.05585480, 119.96199799, 0.54680514, -0.17572354, -0.76391089, -0.29422009, -0.85890055, 1.13557160, -1.00913322, 0.00000000, 0.00000000, 0.00000000, 0.00000000
5, 0.3000, 30, 0.69421560, -1.73370910, -2.43862867, -6.34536791, -195.30506897, 53.13189316, -30.89739799, 15.81408882, -122.18649292, 110.87277222, 45.27988434, 120.40405273, 0.53528541, -0.18818720, -0.76807392, -0.29684609, -1.03873551, 1.40236473, -1.21620464, 0.00000000, 0.00000000, 0.00000000, 0.00000000
2, 0.2700, 27, -0.73616081, -2.13792253, 0.15480652, -73.81410980, -39.02886200, 161.33773804, -13.88482857, -2.33849740, 46.15609360, -131.43113708, -2.91626787, 162.84140015, -0.08426771, -0.12558635, -0.90258461, 0.40307325, 0.71248579, -0.82860565, -0.78144026, 0.00000000, 0.00000000, 0.00000000, 0.00000000
4, 0.3000, 28, 0.94009417, 1.25567770, -1.00671029, 29.40011406, 32.85290146, -36.53102493, -18.97106171, -16.63256264, -93.59836578, 23.74617386, 47.35911942, 24.59294891, 1.00000000, 0.00000000, 0.00000000, 0.00000000, -0.73068678, 0.47927672, 0.26537734, 101.52100372, -16.30300331, 39.25999832, 0.00000000
4, 0.3100, 29, 0.88908088, 1.23301697, -1.01520002, 42.64443970, 18.76144600, -28.36546326, -19.17568016, -16.39871407, -93.10143280, 24.09074974, 47.15634155, 24.39689827, 1.00000000, 0.00000000, 0.00000000, 0.00000000, -0.66842359, 0.46555829, 0.28772202, 101.52100372, -16.30300331, 39.25999832, 0.00000000
4, 0.3200, 30, 0.96755195, 1.22906339, -1.03558373, 53.25848007, 16.39151573, -18.98708725, -18.62028694, -16.42794418, -92.77988434, 24.63308525, 46.99953461, 24.36327744, 1.00000000, 0.00000000, 0.00000000, 0.00000000, -0.74189574, 0.48023188, 0.25508288, 101.52100372, -16.30300331, 39.25999832, 0.00000000
4, 0.3300, 31, 1.11817718, 1.28676581, -1.07405925, 60.73967743, 20.93559074, -1.12663627, -19.17568016, -15.96024513, -92.86758423, 25.35200691, 46.99958038, 24.47374153, 1.00000000, 0.00000000, 0.00000000, 0.00000000, -0.90639418, 0.49869919, 0.25244325, 101.52100372, -16.30300331, 39.25999832, 0.00000000
5, 0.3100, 31, 0.62655705, -1.92404950, -2.63583350, 3.46308017, -235.90995789, 52.61756134, -32.03741455, 13.47559166, -121.89418030, 112.31773376, 43.20645905, 120.72445679, 0.52184075, -0.20367499, -0.77260065, -0.29880917, -1.12739635, 1.54207492, -1.41795290, 0.00000000, 0.00000000, 0.00000000, 0.00000000
5, 0.3200, 32, 0.44225574, -1.84469378, -2.74093223, 28.73501015, -310.58932495, 54.38910294, -33.38205338, 16.10640144, -121.13417053, 114.26110077, 40.62398911, 120.89801025, 0.50465953, -0.22459231, -0.77813411, -0.29897222, -0.97173846, 1.64323640, -1.43749499, 0.00000000, 0.00000000, 0.00000000, 0.00000000
2, 0.2800, 28, -1.02708220, -2.31773925, 0.29508144, -59.71539688, -40.91788864, 183.76197815, -14.52791595, -0.73078048, 46.53609848, -131.97996521, -4.71712112, 162.27966309, -0.09976240, -0.12403256, -0.90438837, 0.39591059, 0.97395372, -1.06224620, -0.80572498, 0.00000000, 0.00000000, 0.00000000, 0.00000000
4, 0.3400, 32, 1.20070779, 1.29546762, -1.10650325, 70.29026794, 30.09319878, 20.82191658, -19.17568016, -15.96024513, -92.86758423, 26.28588867, 47.20891953, 24.73352623, 1.00000000, 0.00000000, 0.00000000, 0.00000000, -0.98607534, 0.52026314, 0.23727047, 101.52100372, -16.30300331, 39.25999832, 0.00000000
2, 0.2900, 29, -1.32618320, -2.52964497, 0.25456661, -55.67295456, -46.48497009, 214.88517761, -15.55100822, -0.73078048, 46.09763336, -132.34141541, -11.01414013, 161.22760010, -0.15219817, -0.11024399, -0.90466356, 0.38244733, 1.22250795, -1.18813264, -0.98201507, 0.00000000, 0.00000000, 0.00000000, 0.00000000
2, 0.3000, 30, -1.64710510, -2.60058093, 0.12435295, -60.01373291, -75.53301239, 250.38371277, -16.80795097, 1.98772287, 46.27301788, -132.72595215, -13.46287251, 160.27839661, -0.17398539, -0.10950404, -0.90439636, 0.37390548, 1.45098090, -1.15746856, -1.12550569, 0.00000000, 0.00000000, 0.00000000, 0.00000000
2, 0.3100, 31, -2.02417397, -2.60471964, 0.00017955, -70.84835815, -112.79747009, 278.70709229, -16.80795097, 1.98772287, 46.27301788, -133.07623291, -16.17677689, 158.93197632, -0.19895647, -0.11096239, -0.90313452, 0.36393926, 1.78470290, -1.08221102, -1.21237683, 0.00000000, 0.00000000, 0.00000000, 0.00000000
5, 0.3300, 33, 0.33019030, -1.67747402, -2.71325660, 52.28783417, -366.80557251, 48.87608337, -35.66208649, 15.93101406, -120.22800446, 116.53821564, 37.70215988, 120.81520081, 0.48475459, -0.24971737, -0.78383231, -0.29708779, -0.82340103, 1.63198972, -1.31589377, 0.00000000, 0.00000000, 0.00000000, 0.00000000
4, 0.3500, 33, 1.21225786, 1.26832783, -1.10300708, 79.41992950, 34.72230530, 38.96260834, -19.14644814, -16.92487526, -92.60449982, 30.24695015, 49.33952332, 26.66731262, 1.00000000, 0.00000000, 0.00000000, 0.00000000, -0.97624511, 0.50849259, 0.22587116, 101.52100372, -16.30300331, 39.25999832, 0.00000000
4, 0.3600, 34, 1.22066700, 1.29066014, -1.08836985, 87.57024384, 31.50146294, 52.75819397, -18.64951706, -17.24641991, -93.07219696, 31.66443253, 49.74111176, 27.37555885, 1.00000000, 0.00000000, 0.00000000, 0.00000000, -0.97194278, 0.46597424, 0.27828965, 101.52100372, -16.30300331, 39.25999832, 0.00000000
2, 0.3200, 32, -2.31207585, -2.39933372, -0.11529642, -84.21970367, -160.72102356, 305.09710693, -18.26951218, 3.09850907, 46.41917419, -133.33993530, -19.13376236, 157.06407166, -0.22720662, -0.11552039, -0.90047759, 0.35238099, 2.02382827, -0.87113607, -1.14510405, 0.00000000, 0.00000000, 0.00000000, 0.00000000
5, 0.3400, 34, -0.01483464, -1.55970657, -2.47208667, 76.66036987, -412.62625122, 24.74233246, -38.64366913, 15.84332085, -118.56182098, 121.75289154, 31.74787331, 120.90502930, 0.43872446, -0.29856095, -0.79662925, -0.28942031, -0.49787289, 1.40403593, -1.30852187, 0.00000000, 0.00000000, 0.00000000, 0.00000000
5, 0.3500, 35, -0.37773994, -1.72004569, -2.29632187, 92.57216644, -452.01693726, -15.00909996, -40.36831284, 14.93715286, -116.25255585, 124.26673126, 28.61621666, 119.56453705, 0.41673800, -0.33130524, -0.79835516, -0.28141671, -0.33583778, 1.19187617, -1.52496433, 0.00000000, 0.00000000, 0.00000000, 0.00000000
5, 0.3600, 36, -0.37787208, -1.86946785, -2.18744659, 101.35131836, -481.52233887, -63.61778259, -40.36831284, 14.93715286, -116.25255585, 126.81686401, 25.55813217, 117.54576874, 0.39545417, -0.36744240, -0.79705459, -0.27075079, -0.45086366, 1.05705118, -1.58399677, 0.00000000, 0.00000000, 0.00000000, 0.00000000
2, 0.3300, 33, -2.82103062, -1.94834328, -0.06653745, -87.18415833, -192.59393311, 326.98492432, -19.26337242, 6.25548077, 47.41303635, -133.40672302, -22.29690361, 154.81781006, -0.25790393, -0.12181088, -0.89613533, 0.33998430, 2.47772980, -0.61178255, -0.78850162, 0.00000000, 0.00000000, 0.00000000, 0.00000000
4, 0.3700, 35, 1.25070512, 1.28431010, -1.11611986, 97.99509430, 28.17760277, 63.53662872, -18.12335587, -18.21105003, -93.13066101, 33.33081436, 50.16333771, 28.31125259, 1.00000000, 0.00000000, 0.00000000, 0.00000000, -0.99427116, 0.48229897, 0.27924120, 101.52100372, -16.30300331, 39.25999832, 0.00000000
4, 0.3800, 36, 1.34070659, 1.19705009, -1.20978475, 106.40150452, 31.74416733, 70.26143646, -18.12335587, -18.21105003, -93.13066101, 35.17483902, 50.61831284, 29.36112213, 1.00000000, 0.00000000, 0.00000000, 0.00000000, -1.04306424, 0.57855421, 0.19716810, 101.52100372, -16.30300331, 39.25999832, 0.00000000
4, 0.3900, 37, 1.47649670, 1.16972220, -1.32802415, 118.96410370, 36.87903976, 76.48939514, -17.94796753, -18.85413551, -93.30605316, 37.25139999, 51.09653854, 30.53643036, 1.00000000, 0.00000000, 0.00000000, 0.00000000, -1.15990031, 0.68577087, 0.15555413, 101.52100372, -16.30300331, 39.25999832, 0.00000000
5, 0.3700, 37, -0.28917995, -1.68390322, -1.85943675, 101.97688293, -510.37860107, -132.17457581, -41.56679153, 14.84945869, -114.70330048, 129.33856201, 22.68985748, 114.66326141, 0.37610179, -0.40749615, -0.79143381, -0.25715169, -0.43932664, 0.77825904, -1.28393340, 0.00000000, 0.00000000, 0.00000000, 0.00000000
4, 0.4000, 38, 1.62406170, 1.17841017, -1.53014159, 136.75877380, 29.80951118, 89.44918823, -17.91873741, -19.70184135, -92.60449982, 44.08120728, 52.52782440, 34.65579605, 1.00000000, 0.00000000, 0.00000000, 0.00000000, -1.30706024, 0.85918838, 0.16933882, 101.52100372, -16.30300331, 39.25999832, 0.00000000
4, 0.4100, 39, 1.72028780, 1.09233069, -1.79687405, 158.29203796, -1.02280831, 114.54567719, -17.50950050, -21.36802101, -93.04296875, 47.27332687, 52.67284393, 36.99594498, 1.00000000, 0.00000000, 0.00000000, 0.00000000, -1.37090182, 1.09845436, 0.15700495, 101.52100372, -16.30300331, 39.25999832, 0.00000000
4, 0.4200, 40, 1.89169228, 0.85239422, -1.75543761, 174.72598267, -38.86584473, 149.32560730, -17.62642479, -23.15112495, -92.83834839, 51.09950638, 52.54666519, 40.18077469, 1.00000000, 0.00000000, 0.00000000, 0.00000000, -1.42411625, 1.08112621, -0.10790680, 101.52100372, -16.30300331, 39.25999832, 0.00000000
4, 0.4300, 41, 2.01525545, 0.82087308, -1.62931478, 183.03681946, -60.54817963, 180.96305847, -17.62642479, -23.15112495, -92.83834839, 55.34407806, 52.21450424, 43.95595932, 1.00000000, 0.00000000, 0.00000000, 0.00000000, -1.51501226, 0.93438733, -0.17945725, 101.52100372, -16.30300331, 39.25999832, 0.00000000
4, 0.4400, 42, 2.11913371, 0.80583131, -1.51985967, 196.91598511, -75.13855743, 210.91783142, -17.74334908, -24.75884247, -93.45220947, 59.98914337, 51.63978958, 48.21225357, 1.00000000, 0.00000000, 0.00000000, 0.00000000, -1.59869266, 0.79790002, -0.22061098, 101.52100372, -16.30300331, 39.25999832, 0.00000000
5, 0.3800, 38, -0.25858894, -1.18068504, -1.37247193, 89.13183594, -532.52239990, -200.04939270, -43.67144012, 13.73867321, -111.72171783, 131.76452637, 20.06645012, 110.94649506, 0.35905972, -0.45075405, -0.78079391, -0.24136630, -0.19204661, 0.41015109, -0.72943407, 0.00000000, 0.00000000, 0.00000000, 0.00000000
4, 0.4500, 43, 2.06862116, 0.81031930, -1.09290516, 208.46067810, -79.60140228, 242.57339478, -18.18181801, -27.44811440, -93.65682220, 66.41130829, 54.87031937, 52.19579697, 1.00000000, 0.00000000, 0.00000000, 0.00000000, -1.51503897, 0.35592285, -0.22417088, 101.52100372, -16.30300331, 39.25999832, 0.00000000
2, 0.3400, 34, -3.38528085, -1.38274813, 0.25881672, -75.37671661, -214.62113953, 328.67791748, -20.92955208, 8.36012840, 48.66997910, -131.75535583, -33.65365601, 150.46739197, -0.35518044, -0.10826127, -0.87489957, 0.31092960, 2.95227003, -0.48336917, -0.17966244, 0.00000000, 0.00000000, 0.00000000, 0.00000000
2, 0.3500, 35, -3.72073746, -0.97848523, 0.37301940, -80.29161072, -244.38404846, 291.57250977, -22.01110840, 10.99093819, 50.04384613, -130.65814209, -36.33250046, 147.16679382, -0.38385344, -0.11918976, -0.86500478, 0.30036160, 3.14676833, -0.32869658, 0.12353958, 0.00000000, 0.00000000, 0.00000000, 0.00000000
2, 0.3600, 36, -3.80579758, -0.74217111, 0.22944297, -122.65063477, -294.13491821, 220.43154907, -22.01110840, 10.99093819, 50.04384613, -129.47645569, -38.19585800, 143.18637085, -0.40809217, -0.13736416, -0.85495830, 0.28920263, 3.20024014, -0.06852075, 0.17038658, 0.00000000, 0.00000000, 0.00000000, 0.00000000
2, 0.3700, 37, -3.65960240, -0.64329535, 0.02714364, -183.59538269, -356.79522705, 119.41734314, -22.65419388, 12.97866154, 51.47617722, -128.38700867, -38.91626740, 138.47225952, -0.42593610, -0.16533433, -0.84512842, 0.27749079, 3.03859615, 0.14640495, 0.08167083, 0.00000000, 0.00000000, 0.00000000, 0.00000000
2, 0.3800, 38, -3.47073221, -0.35252666, 0.07651295, -245.83253479, -420.39855957, -3.80803657, -22.47880745, 13.85559750, 53.78544235, -127.57125854, -38.26522446, 133.17944336, -0.43565130, -0.20389691, -0.83534318, 0.26614982, 2.84870267, 0.31936881, 0.31543711, 0.00000000, 0.00000000, 0.00000000, 0.00000000
2, 0.3900, 39, -3.26105976, 0.53713441, 0.10889336, -300.56616211, -418.12347412, -153.55055237, -21.80648994, 13.30020428, 56.38702011, -127.77672577, -47.15689850, 132.82011414, -0.49059051, -0.16800545, -0.82465214, 0.22592916, 2.61712599, 0.89690548, 0.96991134, 0.00000000, 0.00000000, 0.00000000, 0.00000000
2, 0.4000, 40, -2.66807199, 1.23743522, 0.19892395, -336.66616821, -389.57571411, -312.90191650, -20.22800255, 10.75708866, 58.34551239, -127.80359650, -43.49083710, 128.05746460, -0.47804737, -0.21876439, -0.82127172, 0.22164302, 1.94914031, 1.26471543, 1.49908662, 0.00000000, 0.00000000, 0.00000000, 0.00000000
2, 0.4100, 41, -2.08570552, 1.43919194, 0.13412407, -387.41567993, -361.76953125, -481.90896606, -20.22800255, 10.75708866, 58.34551239, -129.24688721, -38.23848343, 124.25386047, -0.45090777, -0.27501893, -0.82025868, 0.21959604, 1.42552924, 1.48631310, 1.63769937, 0.00000000, 0.00000000, 0.00000000, 0.00000000
4, 0.4600, 44, 1.50983524, 1.04706907, -0.88244551, 220.31669617, -85.84611511, 262.62075806, -19.29260445, -31.04355431, -94.29991150, 72.01855469, 53.68244934, 57.35447693, 1.00000000, 0.00000000, 0.00000000, 0.00000000, -1.06659245, 0.09961434, 0.25617069, 101.52100372, -16.30300331, 39.25999832, 0.00000000
4, 0.4700, 45, 0.97026455, 1.21280837, -0.87710273, 245.72837830, -103.42290497, 278.90692139, -20.34492874, -32.88512039, -93.62759399, 77.63908386, 51.95486450, 62.44697189, 1.00000000, 0.00000000, 0.00000000, 0.00000000, -0.66106814, 0.02278042, 0.67908478, 101.52100372, -16.30300331, 39.25999832, 0.00000000
4, 0.4800, 46, 0.75188082, 1.27687311, -0.65978777, 277.53775024, -102.91455078, 298.66650391, -20.34492874, -32.88512039, -93.62759399, 83.30278015, 49.80162430, 67.38034821, 1.00000000, 0.00000000, 0.00000000, 0.00000000, -0.49244529, -0.24222663, 0.84206402, 101.52100372, -16.30300331, 39.25999832, 0.00000000
4, 0.4900, 47, 0.55749553, 1.30046904, -0.45408586, 300.36407471, -93.43608093, 310.70361328, -21.45571518, -36.50979233, -93.04296875, 88.80471039, 47.33046722, 71.95489502, 1.00000000, 0.00000000, 0.00000000, 0.00000000, -0.33486685, -0.48603851, 0.96643990, 101.52100372, -16.30300331, 39.25999832, 0.00000000
5, 0.3900, 39, -0.16789384, -0.84026361, -0.78997380, 68.10243988, -507.81484985, -263.65371704, -44.28529739, 12.30634308, -109.35398865, 137.68754578, 19.24087143, 105.60675812, 0.33927184, -0.50783080, -0.76889330, -0.18922399, -0.05971553, -0.06762350, -0.25722301, 0.00000000, 0.00000000, 0.00000000, 0.00000000
5, 0.4000, 40, -0.06383843, -0.71513247, -0.18693769, 36.51181412, -433.93130493, -323.46276855, -44.54837799, 11.02016926, -106.66471863, 139.11222839, 18.38315964, 100.88251495, 0.33499113, -0.54607749, -0.74866962, -0.17051181, -0.02460869, -0.58233798, 0.05528256, 0.00000000, 0.00000000, 0.00000000, 0.00000000
5, 0.4100, 41, -0.13751552, -0.70244980, 0.33500168, -6.08396626, -313.47738647, -384.30017090, -44.54837799, 11.02016926, -106.66471863, 139.61465454, 18.66782188, 96.11373138, 0.34088215, -0.57736468, -0.72626811, -0.15160504, 0.09636427, -1.08134079, 0.12202213, 0.00000000, 0.00000000, 0.00000000, 0.00000000
4, 0.5000, 48, 0.40906560, 1.39861393, -0.28829023, 303.47680664, -106.72502136, 317.04238892, -22.85881233, -39.46214676, -92.48757935, 79.19725800, 49.43262482, 57.60093307, 1.00000000, 0.00000000, 0.00000000, 0.00000000, -0.24393728, -0.68525559, 1.10462976, 101.52100372, -16.30300331, 39.25999832, 0.00000000
2, 0.4200, 42, -0.89688164, 1.10816669, -0.37257332, -448.69155884, -345.47164917, -636.25701904, -17.21718788, 6.16778708, 59.95322800, -131.90278625, -31.58325958, 120.92477417, -0.40953752, -0.33672494, -0.81919980, 0.21864882, 0.32917476, 1.65729976, 1.10081887, 0.00000000, 0.00000000, 0.00000000, 0.00000000
2, 0.4300, 43, 0.11595674, 0.52281290, -1.26820433, -518.15191650, -350.86654663, -746.65911865, -13.38789845, -0.58462435, 60.30400467, -135.55218506, -23.99217224, 117.44305420, -0.35652587, -0.40294585, -0.81470186, 0.21629812, -0.56214345, 1.92039418, 0.12861307, 0.00000000, 0.00000000, 0.00000000, 0.00000000
2, 0.4400, 44, 1.52516115, 1.95012450, -2.07418895, -729.76696777, -488.56909180, -934.93286133, -7.57088566, -6.22624969, 57.58549881, -150.24430847, -12.47007179, 114.19881439, -0.22677362, -0.49845463, -0.82181346, 0.15728779, -1.83102667, 3.43908834, 0.71346039, 0.00000000, 0.00000000, 0.00000000, 0.00000000
5, 0.4200, 42, -0.16911337, -0.71943474, 0.44289774, -73.46871948, -167.45111084, -448.47125244, -42.94065857, 9.38322163, -106.05085754, 138.75241089, 20.11493111, 91.27770233, 0.35934150, -0.60033727, -0.70185363, -0.13367984, 0.14230134, -1.19056189, 0.10086419, 0.00000000, 0.00000000, 0.00000000, 0.00000000
2, 0.4500, 45, 1.07912910, 2.07656384, -2.38724208, -1149.81286621, -807.90393066, -1405.51989746, 3.56620860, -13.85559750, 52.85004425, -160.48507690, -1.77102768, 102.13230133, -0.11833913, -0.61722082, -0.76817352, 0.12224524, -1.18074381, 3.56349134, 0.76446998, 0.00000000, 0.00000000, 0.00000000, 0.00000000
5, 0.4300, 43, 0.27514136, -0.46062860, -0.00259947, -147.22056580, -53.49863815, -511.57318115, -40.57293320, 7.86319780, -106.46009827, 136.45640564, 22.35363007, 86.08291626, 0.38880485, -0.61678255, -0.67436606, -0.11679292, -0.10999466, -0.71665764, 0.45289910, 0.00000000, 0.00000000, 0.00000000, 0.00000000
4, 0.5100, 49, 0.44784656, 1.61511469, 0.15371050, 291.47521973, -167.92852783, 300.79199219, -24.81730461, -42.32680511, -91.96141052, 84.27196503, 46.56020355, 62.14563751, 1.00000000, 0.00000000, 0.00000000, 0.00000000, -0.31949246, -1.14816320, 1.12857521, 101.52100372, -16.30300331, 39.25999832, 0.00000000
4, 0.5200, 50, 0.76948750, 1.76612508, 0.69194925, 272.42391968, -229.04464722, 260.71893311, -24.81730461, -42.32680511, -91.96141052, 87.88778687, 43.04458237, 65.42427063, 1.00000000, 0.00000000, 0.00000000, 0.00000000, -0.66727358, -1.75224555, 1.07312179, 101.52100372, -16.30300331, 39.25999832, 0.00000000
4, 0.5300, 51, 1.33224928, 1.62973869, 0.76808441, 259.11618042, -252.68089294, 227.89006042, -27.68196487, -44.72376633, -91.66909790, 90.54349518, 39.30978775, 67.76721954, 1.00000000, 0.00000000, 0.00000000, 0.00000000, -1.16180742, -1.84322846, 0.73715943, 101.52100372, -16.30300331, 39.25999832, 0.00000000
2, 0.4600, 46, -4.93537235, 7.09679937, 0.39999253, -1720.04431152, -623.78125000, -1895.29626465, 3.56620860, -13.85559750, 52.85004425, -179.06466675, 10.82689381, 86.69387817, 0.05884591, -0.72447181, -0.68276989, 0.07418223, 4.97548628, 4.72876549, 6.46744919, 0.00000000, 0.00000000, 0.00000000, 0.00000000
2, 0.4700, 47, -4.66027641, 8.03958797, 0.11706613, -1679.50329590, -136.26901245, -2011.28308105, 18.06489372, -16.19409561, 39.87138367, 158.94427490, 21.78729248, 69.22686768, 0.25320858, -0.77495331, -0.57682914, 0.05100026, 4.90092754, 5.22862196, 6.89931202, 0.00000000, 0.00000000, 0.00000000, 0.00000000
2, 0.4800, 48, -0.24674138, 8.01092529, 0.44086987, -1318.18615723, 266.61657715, -1809.28112793, 33.17743301, -10.02630806, 29.52353096, 137.63439941, 29.13547897, 50.69834137, 0.41646472, -0.77665120, -0.46850747, 0.06221756, 0.62314487, 4.67735720, 6.86201477, 0.00000000, 0.00000000, 0.00000000, 0.00000000
4, 0.5400, 52, 1.77686417, 1.38778186, 0.83674067, 282.51046753, -271.71954346, 234.94459534, -29.96199989, -47.00379944, -91.23063660, 93.01383209, 35.21870804, 69.79850769, 1.00000000, 0.00000000, 0.00000000, 0.00000000, -1.51250684, -1.90306997, 0.35678470, 101.52100372, -16.30300331, 39.25999832, 0.00000000
4, 0.5500, 53, 2.51245260, 1.04913950, 1.22922063, 315.55731201, -348.38528442, 279.25073242, -32.65127182, -49.19614029, -89.94445801, 104.95684052, 41.26006699, 107.39181519, 1.00000000, 0.00000000, 0.00000000, 0.00000000, -2.03451157, -2.22856545, -0.26163906, 101.52100372, -16.30300331, 39.25999832, 0.00000000
4, 0.5600, 54, 2.91190648, 0.94980055, 1.31093824, 324.59802246, -332.68569946, 313.89334106, -36.45132828, -51.41771317, -88.83367157, 107.01327515, 35.88693619, 108.60934448, 1.00000000, 0.00000000, 0.00000000, 0.00000000, -2.30570912, -2.23547649, -0.40743336, 101.52100372, -16.30300331, 39.25999832, 0.00000000
4, 0.5700, 55, 2.12272596, 0.99967867, 1.27404857, 309.32736206, -284.24499512, 289.68188477, -36.45132828, -51.41771317, -88.83367157, 108.92655945, 31.04108238, 109.56130219, 1.00000000, 0.00000000, 0.00000000, 0.00000000, -1.68522954, -2.24921513, 0.01980425, 101.52100372, -16.30300331, 39.25999832, 0.00000000
2, 0.4900, 49, 6.04735136, 6.58709383, -0.12389085, -782.00555420, 510.58901978, -1261.01416016, 41.53756332, 5.26161957, 27.74042702, 114.24820709, 41.99695206, 19.08398438, 0.54965037, -0.74098068, -0.32180119, 0.21278191, -5.53876925, 3.94858837, 5.10951996, 0.00000000, 0.00000000, 0.00000000, 0.00000000
4, 0.5800, 56, 0.33154714, 0.92938828, 2.19561553, 270.36038208, -358.96078491, 233.50773621, -39.02367783, -53.05466080, -86.67056274, 109.63948059, 26.03764153, 109.43400574, 1.00000000, 0.00000000, 0.00000000, 0.00000000, -0.02647871, -3.17242432, 0.57139665, 101.52100372, -16.30300331, 39.25999832, 0.00000000
5, 0.4400, 44, 1.52897727, 0.23997566, -0.75066894, -177.54765320, 34.33281708, -561.32147217, -37.21134186, 5.87547493, -107.89242554, 122.33796692, 32.17224503, 70.07953644, 0.51873314, -0.61246687, -0.59268272, -0.06728707, -0.80525899, 0.11759994, 1.49678874, 0.00000000, 0.00000000, 0.00000000, 0.00000000
5, 0.4500, 45, 3.57216787, 1.29897690, -0.93756604, -153.77191162, 96.23801422, -587.41912842, -32.82666016, 4.88161373, -109.17860413, 117.44667053, 34.27521896, 63.31830597, 0.55447412, -0.61488724, -0.55888587, -0.04603036, -1.86880195, 0.44591424, 3.25301600, 0.00000000, 0.00000000, 0.00000000, 0.00000000
5, 0.4600, 46, 4.98860598, 3.88331485, -0.86858398, -154.66842651, 144.08929443, -540.62921143, -32.82666016, 4.88161373, -109.17860413, 112.21742249, 36.14322281, 56.84264755, 0.58877581, -0.61170483, -0.52772391, -0.02584298, -1.65986133, 0.86620522, 6.08796883, 0.00000000, 0.00000000, 0.00000000, 0.00000000
2, 0.5000, 50, 7.99610090, -0.04728951, 2.24705672, -261.15246582, 157.99839783, -506.61251831, 44.60683823, 11.51710033, 28.58813095, 106.89284515, 41.52177048, 12.02068710, 0.58365631, -0.72490603, -0.28860229, 0.22486728, -7.34685993, -2.37205219, 1.65600395, 0.00000000, 0.00000000, 0.00000000, 0.00000000
4, 0.5900, 57, -1.93045306, 0.02699308, 3.49102831, 308.03454590, -332.20703125, 217.32556152, -43.34989548, -54.19467926, -84.79976654, 110.76696777, 21.17221832, 109.17349243, 1.00000000, 0.00000000, 0.00000000, 0.00000000, 2.43121815, -4.28617001, 0.50721371, 101.52100372, -16.30300331, 39.25999832, 0.00000000
5, 0.4700, 47, 5.42746115, 7.73371363, -0.72945291, 31.14220810, 179.78451538, -412.55578613, -28.79274940, 4.20929527, -110.43554688, 109.08809662, 38.59699249, 52.08798218, 0.61008656, -0.60655379, -0.50978887, 0.00149013, 0.05094215, 1.47892880, 9.46555042, 0.00000000, 0.00000000, 0.00000000, 0.00000000
5, 0.4800, 48, -0.10979823, 3.65336585, 2.19343686, 267.37240601, 86.45027924, -334.52111816, -25.10961723, 3.71236467, -109.06167603, 108.93351746, 41.23100281, 48.50507355, 0.61364537, -0.61039251, -0.49943092, 0.03780303, 2.90154362, -2.16067934, 3.56503773, 0.00000000, 0.00000000, 0.00000000, 0.00000000
4, 0.6000, 58, -3.88621926, -0.09599737, 3.97815681, 182.47612000, -48.90666199, 202.73788452, -45.36685181, -55.74393463, -82.46126556, 106.33339691, 13.46553612, 32.55546951, 1.00000000, 0.00000000, 0.00000000, 0.00000000, 4.21502161, -4.76449299, 1.14381433, 101.52100372, -16.30300331, 39.25999832, 0.00000000
4, 0.6100, 59, -4.02338123, 1.35486305, 2.20382547, -65.61923981, 159.77052307, 144.12010193, -46.74071884, -55.97778320, -83.13358307, 106.79159546, 14.33688068, 34.69137955, 1.00000000, 0.00000000, 0.00000000, 0.00000000, 3.52536392, -3.36326146, 2.76707411, 101.52100372, -16.30300331, 39.25999832, 0.00000000
4, 0.6200, 60, -4.02210474, 2.55727768, -1.15527070, 147.03579712, 18.56726456, 113.38274384, -46.74071884, -55.97778320, -83.13358307, 108.32382965, 13.35726166, 35.61461639, 1.00000000, 0.00000000, 0.00000000, 0.00000000, 2.73018217, -0.31905541, 4.47283459, 101.52100372, -16.30300331, 39.25999832, 0.00000000
2, 0.5100, 51, 5.74920368, -3.28152394, 5.31682205, -8.05922031, 77.21405792, 257.25131226, 44.60683823, 11.51710033, 28.58813095, 108.65415192, 43.33351517, 14.70865345, 0.57588983, -0.72119242, -0.31017408, 0.22808865, -5.09060192, -6.82402802, 1.42124605, 0.00000000, 0.00000000, 0.00000000, 0.00000000
4, 0.6300, 61, -1.56931722, 1.61537099, -1.09159338, 180.96127319, 215.07897949, 154.26525879, -47.41303635, -55.51008606, -82.08126068, 111.22346497, 13.50401306, 37.80640030, 1.00000000, 0.00000000, 0.00000000, 0.00000000, 0.89290130, -0.17622957, 2.63214636, 101.52100372, -16.30300331, 39.25999832, 0.00000000
2, 0.5200, 52, -0.42187822, -5.88311291, 6.20674372, -166.77799988, 283.30657959, 839.49530029, 44.57761002, 10.99093819, 28.93890572, 114.13874817, 49.09660339, 24.48320770, 0.55718064, -0.69821519, -0.38259897, 0.23593089, 1.15005493, -9.18646049, 0.24699980, 0.00000000, 0.00000000, 0.00000000, 0.00000000
2, 0.5300, 53, -3.97017789, -3.35843182, 5.65855217, -717.84576416, 420.63729858, 787.00079346, 42.94065857, 6.46009922, 30.02046204, 115.05322266, 55.60168076, 34.61934662, 0.57049811, -0.63795805, -0.46111262, 0.23434320, 4.75338936, -6.96019459, 1.74805307, 0.00000000, 0.00000000, 0.00000000, 0.00000000
5, 0.4900, 49, -5.61790562, 3.02596068, 4.27408361, 325.21588135, 29.95855331, -267.86663818, -23.18035698, 2.39696002, -107.01548767, 111.86281586, 38.33883667, 67.17139435, 0.59126031, -0.55006093, -0.58606672, -0.06610657, 7.44100237, -4.30694580, 0.43057477, 0.00000000, 0.00000000, 0.00000000, 0.00000000
4, 0.6400, 62, 0.36886480, -0.02071131, -0.56487936, 126.46318817, 308.61804199, 154.94515991, -47.12072372, -57.14703369, -81.58432770, 114.18672943, 14.44226265, 40.61399460, 1.00000000, 0.00000000, 0.00000000, 0.00000000, -0.13161892, -0.33486855, 0.31186420, 101.52100372, -16.30300331, 39.25999832, 0.00000000
4, 0.6500, 63, 2.58556342, -0.83132243, 0.64748347, 46.47035217, 317.96704102, 78.55513763, -46.91610718, -56.59164047, -80.76585388, 134.65284729, 17.12554169, 108.52848816, 1.00000000, 0.00000000, 0.00000000, 0.00000000, -1.67610919, -1.28720808, -1.46922374, 101.52100372, -16.30300331, 39.25999832, 0.00000000
4, 0.6600, 64, 2.57418656, -1.03388369, 1.14607489, -95.17429352, 216.59877014, -7.46682882, -46.91610718, -56.59164047, -81.64279175, 135.30444336, 18.51482010, 110.54122925, 1.00000000, 0.00000000, 0.00000000, 0.00000000, -1.49973881, -1.58062553, -1.54124022, 101.52100372, -16.30300331, 39.25999832, 0.00000000
2, 0.5400, 54, -2.86811948, 0.10221169, 3.84546494, -1221.77343750, 456.08123779, 362.37847900, 42.99912262, 5.32008171, 29.64045525, 85.92545319, 65.39859009, 30.37237549, 0.69076246, -0.44992420, -0.53176880, 0.19400364, 3.70419168, -3.19244862, 2.88257790, 0.00000000, 0.00000000, 0.00000000, 0.00000000
4, 0.6700, 65, 1.76311791, -0.55721200, 1.19482160, -116.49369812, 70.41432953, -20.49718285, -46.21455765, -56.91318130, -81.64279175, 134.82238770, 19.36765099, 111.36437225, 1.00000000, 0.00000000, 0.00000000, 0.00000000, -0.93879628, -1.72239232, -0.79022938, 101.52100372, -16.30300331, 39.25999832, 0.00000000
4, 0.6800, 66, 1.20186186, -0.13656585, 0.94513571, -134.67855835, -78.15526581, -43.72425461, -46.18532562, -56.03624725, -82.43203735, 133.15481567, 19.74261284, 110.88365173, 1.00000000, 0.00000000, 0.00000000, 0.00000000, -0.61586046, -1.57640541, -0.15097888, 101.52100372, -16.30300331, 39.25999832, 0.00000000
2, 0.5500, 55, 0.77613348, 1.91938567, 0.74980372, -1305.04589844, 298.85510254, 171.12797546, 43.23297119, 10.23092651, 27.85735130, 69.32091522, 68.65779877, 26.46723557, 0.73464459, -0.35099003, -0.55905879, 0.15670587, 0.12604566, 0.40435296, 1.80611897, 0.00000000, 0.00000000, 0.00000000, 0.00000000
2, 0.5600, 56, 1.46759784, 2.57277894, -1.62631750, -1002.76037598, 177.91877747, 259.77462769, 43.23297119, 10.23092651, 27.85735130, 56.88672256, 71.81337738, 23.86729240, 0.75456703, -0.27081400, -0.58430016, 0.12602338, -0.53326333, 2.65755987, 0.57723927, 0.00000000, 0.00000000, 0.00000000, 0.00000000
5, 0.5000, 50, -5.57391357, 3.87707162, 3.82681298, 341.50683594, 231.27116394, -104.12119293, -21.51417732, 1.81233561, -104.47237396, 113.67315674, 42.20395660, 67.22428894, 0.59185535, -0.54137820, -0.59634185, -0.03151650, 7.79725122, -3.69671011, 1.12238896, 0.00000000, 0.00000000, 0.00000000, 0.00000000
5, 0.5100, 51, -1.28674054, 1.67238653, 2.75133657, 359.48944092, 454.88052368, 41.80187225, -21.51417732, 1.81233561, -104.47237396, 116.26446533, 47.62791061, 70.06123352, 0.59234524, -0.51384813, -0.62054408, 0.00353317, 2.97092891, -3.00549674, 1.43809783, 0.00000000, 0.00000000, 0.00000000, 0.00000000
5, 0.5200, 52, -0.16103005, -0.56771851, 1.61056221, 225.49792480, 378.81381226, 119.52783203, -19.96492195, 0.58462435, -102.19233704, 118.96704865, 51.45185852, 73.89972687, 0.59036249, -0.48773050, -0.64266783, 0.02385609, 0.77396774, -2.25458860, 0.00799543, 0.00000000, 0.00000000, 0.00000000, 0.00000000
5, 0.5300, 53, -0.10059651, -1.15604460, 1.31551373, 45.45492554, 78.95731354, 199.28849792, -20.92955208, -0.52616191, -100.70154572, 121.46610260, 51.60247040, 77.39305115, 0.58089882, -0.47993696, -0.65709162, 0.02116182, 0.39723036, -2.04838085, -0.47818205, 0.00000000, 0.00000000, 0.00000000, 0.00000000
5, 0.5400, 54, -2.76054454, -0.87425184, 1.66469824, -92.67804718, 41.26896286, 166.93663025, -22.01110840, -1.02309263, -100.38000488, 136.72204590, 46.64605331, 50.20374680, 0.46276537, -0.71102029, -0.49431753, 0.18960109, 2.80372190, -2.32015324, -1.56314611, 0.00000000, 0.00000000, 0.00000000, 0.00000000
5, 0.5500, 55, -3.55125022, 0.03272371, 1.49027085, -96.18289185, 172.58599854, 63.41239166, -22.94650650, -1.05232382, -101.37386322, 135.91830444, 47.13835907, 51.55643082, 0.47091672, -0.69978714, -0.50459796, 0.18416385, 3.89411831, -1.92875147, -1.14832330, 0.00000000, 0.00000000, 0.00000000, 0.00000000
5, 0.5600, 56, -2.37413073, 0.52791941, 2.70018482, -59.36233902, 381.32775879, 26.64518356, -23.23881912, 0.78924292, -102.22157288, 135.29870605, 49.49483490, 54.13373184, 0.48370016, -0.67550629, -0.52395046, 0.18762028, 3.31125355, -3.00988770, 0.07262598, 0.00000000, 0.00000000, 0.00000000, 0.00000000
4, 0.6900, 67, 0.04760482, 0.12399054, 0.62459093, -138.44644165, -96.46878815, -34.62480164, -45.89301300, -55.59777832, -83.80590057, 131.33740234, 19.94976234, 110.31181335, 1.00000000, 0.00000000, 0.00000000, 0.00000000, 0.29922593, -1.33574069, 0.60325778, 101.52100372, -16.30300331, 39.25999832, 0.00000000
5, 0.5700, 57, -0.91452038, 0.59784186, 2.45358920, -72.48295593, 546.57574463, 43.68521881, -23.23881912, 0.78924292, -102.22157288, 134.89224243, 52.90953064, 58.16058350, 0.50006557, -0.63953727, -0.55118960, 0.19265662, 2.12780690, -2.72889423, 0.84321702, 0.00000000, 0.00000000, 0.00000000, 0.00000000
2, 0.5700, 57, 0.20933360, 1.62833941, -2.45030403, -639.48712158, 160.74494934, 368.24679565, 44.08067703, 11.89710617, 27.47734642, 46.69165039, 75.74369812, 19.86909103, 0.75586194, -0.21088679, -0.60915422, 0.11458981, 0.75863808, 2.68931270, -0.67275172, 0.00000000, 0.00000000, 0.00000000, 0.00000000
5, 0.5800, 58, 1.14347899, 0.78976691, 1.12688351, -97.43944550, 519.97131348, 67.23931885, -22.24495697, 0.49693072, -102.89389038, 134.72894287, 55.91249084, 62.43383026, 0.51498687, -0.60371447, -0.57683724, 0.19384596, 0.39070794, -1.35959113, 1.85915494, 0.00000000, 0.00000000, 0.00000000, 0.00000000
5, 0.5900, 59, 1.90683484, 0.17305917, -0.21527179, -113.88687897, 343.36120605, 54.42348480, -20.98801422, 0.87693655, -103.36158752, 122.90509033, 64.23271179, 67.19829559, 0.59556359, -0.47910333, -0.62332958, 0.16499825, -0.68387318, -0.13842224, 1.48189187, 0.00000000, 0.00000000, 0.00000000, 0.00000000
4, 0.7000, 68, -0.95361066, 0.36969587, -0.27575573, -139.37713623, -49.36517715, -42.32982635, -45.95147705, -55.07161713, -84.18591309, 118.80436707, 15.07053375, 90.72947693, 1.00000000, 0.00000000, 0.00000000, 0.00000000, 1.01214516, -0.55225205, 1.35524213, 101.52100372, -16.30300331, 39.25999832, 0.00000000
2, 0.5800, 58, -0.38151032, 1.06973755, -2.11649704, -407.54843140, 167.50485229, 371.75125122, 43.93452072, 14.11867905, 28.17889404, 33.97484589, 79.40428925, 10.98262787, 0.75029016, -0.16528825, -0.62963176, 0.11536239, 1.36761713, 2.14278603, -0.83044422, 0.00000000, 0.00000000, 0.00000000, 0.00000000
5, 0.6000, 60, 0.68424767, -0.55240786, -0.54683226, -115.69787598, 76.12860107, 11.34224129, -21.36802101, 1.54925454, -104.15083313, 121.48229218, 64.27148438, 67.16075134, 0.60147953, -0.47166860, -0.62520540, 0.15770020, -0.02432693, 0.06186333, 0.05228740, 0.00000000, 0.00000000, 0.00000000, 0.00000000
4, 0.7100, 69, -0.88578147, 0.27521542, -0.97655201, -102.18247986, -38.29602814, -58.17739868, -45.95147705, -55.07161713, -84.18591309, 117.63917542, 15.55152321, 90.23495483, 1.00000000, 0.00000000, 0.00000000, 0.00000000, 0.87071449, 0.04849980, 1.25224018, 101.52100372, -16.30300331, 39.25999832, 0.00000000
2, 0.5900, 59, -0.46168283, 0.38505545, -1.68390226, -280.75469971, 132.18356323, 318.95132446, 44.13914108, 13.24174213, 28.20812607, 88.17414856, 77.88902283, 70.25939178, 0.70854199, -0.18275879, -0.68062973, 0.03620502, 1.45658004, 1.38322783, -0.97944969, 0.00000000, 0.00000000, 0.00000000, 0.00000000
4, 0.7200, 70, -0.93978143, -0.24205394, -1.08660066, -64.92475128, -23.48114777, -46.96346283, -45.42531204, -55.10084534, -84.91668701, 116.88677216, 15.91992664, 89.83847046, 1.00000000, 0.00000000, 0.00000000, 0.00000000, 1.13025880, 0.25684378, 0.82211721, 101.52100372, -16.30300331, 39.25999832, 0.00000000
2, 0.6000, 60, -1.25791681, -0.07626221, -1.48181260, -242.49685669, 146.02296448, 277.47247314, 44.13914108, 13.24174213, 28.20812607, 91.08699036, 80.89055634, 75.65747070, 0.70497471, -0.15040021, -0.69201261, 0.03884609, 2.25412512, 0.84700185, -1.05815589, 0.00000000, 0.00000000, 0.00000000, 0.00000000
5, 0.6100, 61, -0.19582829, -0.56141996, -0.38343501, -116.13670349, -49.57836533, -15.97466755, -21.30955887, 1.37386727, -105.11546326, 119.58226776, 63.38645935, 65.82254791, 0.60610169, -0.47368467, -0.62144846, 0.14854440, 0.72470301, -0.11504410, -0.40897828, 0.00000000, 0.00000000, 0.00000000, 0.00000000
5, 0.6200, 62, -0.70498246, -0.47714365, -0.32814920, -113.20246124, -76.24951935, -62.84651566, -21.30955887, 1.37386727, -105.11546326, 117.04822540, 62.42517090, 63.51926422, 0.61232531, -0.47776806, -0.61399418, 0.14073631, 1.19620204, -0.17497355, -0.61300606, 0.00000000, 0.00000000, 0.00000000, 0.00000000
2, 0.6100, 61, -1.06852221, 0.44686583, -1.32992983, -240.57766724, 239.12409973, 210.05432129, 43.75913239, 12.86173630, 28.90967560, 87.54129791, 84.09152985, 74.47904205, 0.70727879, -0.11631689, -0.69588965, 0.04432612, 2.06737542, 1.14968121, -0.57558751, 0.00000000, 0.00000000, 0.00000000, 0.00000000
2, 0.6200, 62, -0.24929582, 1.07075644, -1.21604097, -219.87304688, 297.70202637, 124.16481781, 44.72376633, 10.81555080, 30.19584846, 61.17932892, 86.77059937, 50.21595764, 0.71482253, -0.08398078, -0.69236463, 0.05106167, 1.24726748, 1.55049610, -0.07188231, 0.00000000, 0.00000000, 0.00000000, 0.00000000
2, 0.6300, 63, 0.27195165, 0.82669520, -1.15999854, -181.39884949, 257.60501099, 65.88137054, 45.39608383, 12.39403629, 31.86202812, 8.17689228, 87.07466888, -1.06233466, 0.72259510, -0.05805176, -0.68656498, 0.05581191, 0.72910714, 1.38893151, -0.24069592, 0.00000000, 0.00000000, 0.00000000, 0.00000000
4, 0.7300, 71, -1.02913892, -0.71889865, -0.84557980, -75.36106110, 30.82590866, -12.95992088, -45.48377609, -53.99005890, -85.06284332, 116.40554810, 16.49887657, 90.06613922, 1.00000000, 0.00000000, 0.00000000, 0.00000000, 1.43663883, 0.11622487, 0.38208818, 101.52100372, -16.30300331, 39.25999832, 0.00000000
5, 0.6300, 63, -1.10867929, -0.37820309, -0.49355084, -104.07338715, -45.22246933, -99.37850189, -21.33878899, -0.46769950, -106.10932159, 114.10725403, 61.81781769, 60.79418945, 0.62059170, -0.47967637, -0.60527706, 0.13570641, 1.56496823, -0.01426234, -0.79118174, 0.00000000, 0.00000000, 0.00000000, 0.00000000
4, 0.7400, 72, -0.68463379, -1.04670405, -0.54601061, -111.00715637, 71.36929321, -16.95061684, -45.51300812, -53.72697830, -86.11517334, 115.85501862, 17.52443504, 90.56949615, 1.00000000, 0.00000000, 0.00000000, 0.00000000, 1.29968834, -0.10953694, -0.11881629, 101.52100372, -16.30300331, 39.25999832, 0.00000000
4, 0.7500, 73, -0.38650778, -0.95818597, -0.39051050, -154.52456665, 87.40441132, -25.25066948, -44.84069061, -53.02542877, -87.43057251, 117.53295135, 9.05210876, 101.15131378, 1.00000000, 0.00000000, 0.00000000, 0.00000000, 0.98536611, -0.28384411, -0.19472678, 101.52100372, -16.30300331, 39.25999832, 0.00000000
4, 0.7600, 74, -0.24456462, -0.46877524, -0.49790892, -161.51321411, 118.34153748, -21.39471054, -44.84069061, -53.02542877, -87.43057251, 116.71984863, 10.61368656, 101.99967194, 1.00000000, 0.00000000, 0.00000000, 0.00000000, 0.54598790, -0.29404065, 0.22653340, 101.52100372, -16.30300331, 39.25999832, 0.00000000
2, 0.6400, 64, 0.23537053, 0.61920643, -0.92239028, -134.34057617, 210.42446899, 27.83568954, 46.38994217, 11.54633141, 33.11896896, 78.10723877, 79.01197052, 72.16326904, 0.72027946, -0.10192759, -0.68554419, -0.02894077, 0.76070607, 1.05610669, -0.24171305, 0.00000000, 0.00000000, 0.00000000, 0.00000000
2, 0.6500, 65, 0.25209498, 0.48122302, -0.58809710, -89.87031555, 189.81602478, 12.53722572, 46.38994217, 11.54633141, 33.11896896, 68.62817383, 80.08190918, 63.42183304, 0.72857034, -0.08784645, -0.67889559, -0.02385593, 0.73243678, 0.58791727, -0.11113410, 0.00000000, 0.00000000, 0.00000000, 0.00000000
2, 0.6600, 66, 0.12308648, 0.36630991, -0.24095871, -68.97679138, 187.82110596, 30.48262596, 47.03303146, 12.80327415, 34.43437576, 57.93384933, 81.01860809, 53.26167679, 0.73563117, -0.07441485, -0.67306918, -0.01694689, 0.86250818, 0.28340420, 0.02390825, 0.00000000, 0.00000000, 0.00000000, 0.00000000
4, 0.7700, 75, -0.08348985, -0.10498872, -0.62207305, -137.69660950, 149.44381714, -31.79051590, -44.28529739, -52.44080734, -89.09675598, 116.29218292, 12.37570667, 102.88916779, 1.00000000, 0.00000000, 0.00000000, 0.00000000, 0.26815253, -0.24652885, 0.49319994, 101.52100372, -16.30300331, 39.25999832, 0.00000000
5, 0.6400, 64, -1.15161848, -0.33522952, -0.62747556, -96.81128693, 26.91345406, -103.25475311, -20.78339577, 0.29231218, -107.51242065, 118.58991241, 50.47554398, 86.69181824, 0.58752388, -0.41614705, -0.69216609, -0.05043323, 1.58019209, 0.08249934, -0.78813070, 0.00000000, 0.00000000, 0.00000000, 0.00000000
5, 0.6500, 65, -0.66800588, -0.34104609, -0.55823392, -96.35055542, 117.66330719, -92.61492157, -19.46799088, 2.25080395, -108.30166626, 116.18195343, 51.26711273, 85.30882263, 0.59931356, -0.40793329, -0.68674958, -0.05280930, 1.09983706, -0.08015544, -0.44620532, 0.00000000, 0.00000000, 0.00000000, 0.00000000
2, 0.6700, 67, 0.15267666, 0.38402289, -0.11619347, -65.74063873, 216.69056702, 57.72081757, 47.26688004, 12.89096737, 35.28208160, 43.42631149, 81.87882996, 39.23449326, 0.74245912, -0.05886272, -0.66726065, -0.00727147, 0.83424771, 0.23734602, 0.10246885, 0.00000000, 0.00000000, 0.00000000, 0.00000000
4, 0.7800, 76, 0.13767765, -0.00487129, -0.67453372, -119.49435425, 172.36483765, -39.24872589, -43.20374298, -52.03157043, -89.47676086, 116.16728210, 14.27922916, 103.81678772, 1.00000000, 0.00000000, 0.00000000, 0.00000000, 0.05325304, -0.21099520, 0.49215350, 101.52100372, -16.30300331, 39.25999832, 0.00000000
4, 0.7900, 77, 0.47210222, 0.06416256, -0.73257530, -122.43199921, 181.44523621, -45.56340027, -41.97602844, -51.47617722, -90.11985016, 116.09252930, 16.29709625, 104.75721741, 1.00000000, 0.00000000, 0.00000000, 0.00000000, -0.25001407, -0.16110104, 0.41824716, 101.52100372, -16.30300331, 39.25999832, 0.00000000
4, 0.8000, 78, 0.70146829, 0.00263867, -0.73735154, -130.65768433, 173.21467590, -54.00007248, -41.01139832, -50.30692673, -91.31832886, 114.40443420, 23.06968880, 102.37870789, 1.00000000, 0.00000000, 0.00000000, 0.00000000, -0.37962306, -0.13166305, 0.25281081, 101.52100372, -16.30300331, 39.25999832, 0.00000000
4, 0.8100, 79, 0.68353057, -0.09334343, -0.78099775, -141.33546448, 152.01936340, -62.01011658, -41.01139832, -50.30692673, -91.31832886, 114.06039429, 25.06936455, 103.01020050, 1.00000000, 0.00000000, 0.00000000, 0.00000000, -0.23685679, -0.04747044, 0.14778683, 101.52100372, -16.30300331, 39.25999832, 0.00000000
4, 0.8200, 80, 0.54026872, -0.09578224, -0.87040669, -147.22340393, 126.98536682, -75.35816956, -39.75445557, -50.13153839, -91.31832886, 113.47182465, 26.98904037, 103.37079620, 1.00000000, 0.00000000, 0.00000000, 0.00000000, -0.08292929, 0.05060855, 0.20950253, 101.52100372, -16.30300331, 39.25999832, 0.00000000
4, 0.8300, 81, 0.43387559, 0.05884795, -0.94624346, -151.27891541, 112.74780273, -90.60746765, -38.87752151, -48.99152374, -91.69833374, 112.69856262, 28.90800667, 103.48969269, 1.00000000, 0.00000000, 0.00000000, 0.00000000, -0.02713325, 0.10280764, 0.38951838, 101.52100372, -16.30300331, 39.25999832, 0.00000000
4, 0.8400, 82, 0.37343097, 0.23443276, -0.98333120, -154.76611328, 113.61730957, -102.38240051, -37.53288651, -48.61151505, -93.07219696, 111.84582520, 30.91238785, 103.47739410, 1.00000000, 0.00000000, 0.00000000, 0.00000000, -0.01797376, 0.11373678, 0.55961168, 101.52100372, -16.30300331, 39.25999832, 0.00000000
5, 0.6600, 66, -0.23284401, -0.24872971, -0.52333695, -104.21196747, 195.90896606, -85.00642395, -18.88336754, 0.40923706, -108.38935852, 113.43984222, 52.60989380, 84.14286804, 0.61338663, -0.39337111, -0.68266720, -0.05460306, 0.79860085, -0.09421666, -0.16222572, 0.00000000, 0.00000000, 0.00000000, 0.00000000
2, 0.6800, 68, 0.22657226, 0.52453369, -0.05061233, -74.96576691, 239.45910645, 67.77111053, 47.76381302, 12.16018677, 37.24057388, 24.92984200, 82.17413330, 21.29193878, 0.74948394, -0.04133223, -0.66072214, 0.00345220, 0.76003247, 0.32441533, 0.22847408, 0.00000000, 0.00000000, 0.00000000, 0.00000000
5, 0.6700, 67, 0.03015342, -0.06266832, -0.45503530, -107.06910706, 199.50503540, -92.96386719, -18.88336754, 0.40923706, -108.38935852, 110.42269135, 53.94708252, 82.69864655, 0.62781322, -0.37848178, -0.67781532, -0.05628976, 0.69703799, -0.11951691, 0.10876064, 0.00000000, 0.00000000, 0.00000000, 0.00000000
5, 0.6800, 68, 0.27361399, 0.14273037, -0.44460261, -107.33409882, 171.42634583, -112.62804413, -17.42180634, 2.57234716, -108.18473816, 107.11521912, 55.02705002, 80.71527100, 0.64210320, -0.36598244, -0.67111844, -0.05796994, 0.61388785, -0.08508375, 0.37482101, 0.00000000, 0.00000000, 0.00000000, 0.00000000
5, 0.6900, 69, 0.39800516, 0.28398800, -0.47969592, -99.90796661, 129.86732483, -136.81256104, -15.66793346, 2.98158431, -109.26629639, 90.07840729, 51.40794373, 72.46994781, 0.69496876, -0.33310726, -0.62407231, -0.12880932, 0.57742703, -0.04043055, 0.48348629, 0.00000000, 0.00000000, 0.00000000, 0.00000000
4, 0.8500, 83, 0.27107441, 0.34449679, -0.95318371, -159.96592712, 120.16807556, -113.70272064, -37.53288651, -48.61151505, -93.07219696, 102.02581787, 32.99592209, 99.16666412, 1.00000000, 0.00000000, 0.00000000, 0.00000000, 0.06298038, 0.06496524, 0.64443588, 101.52100372, -16.30300331, 39.25999832, 0.00000000
4, 0.8600, 84, 0.16231714, 0.40751249, -0.89465642, -163.02168274, 120.52725983, -126.96197510, -36.10055542, -47.41303635, -94.35837555, 100.75969696, 35.14591217, 98.46321869, 1.00000000, 0.00000000, 0.00000000, 0.00000000, 0.17148142, -0.01760273, 0.62050736, 101.52100372, -16.30300331, 39.25999832, 0.00000000
4, 0.8700, 85, 0.12600017, 0.35123482, -0.86532807, -161.16654968, 125.96907806, -142.53724670, -34.98976898, -46.41917419, -94.76760864, 99.38346100, 37.37494278, 97.52159882, 1.00000000, 0.00000000, 0.00000000, 0.00000000, 0.26136786, -0.01643300, 0.55768466, 101.52100372, -16.30300331, 39.25999832, 0.00000000
5, 0.7000, 70, 0.41577977, 0.22528163, -0.57805026, -85.95233917, 99.22818756, -157.17446899, -14.11867905, 2.98158431, -109.29552460, 86.81604767, 51.45847702, 69.68373871, 0.70756525, -0.32790127, -0.61251700, -0.12905522, 0.49027607, -0.01179888, 0.29391032, 0.00000000, 0.00000000, 0.00000000, 0.00000000
4, 0.8800, 86, 0.21315193, 0.24564667, -0.85276085, -160.60810852, 136.07417297, -157.58071899, -33.17743301, -44.84069061, -95.05992126, 97.88890839, 39.71734238, 96.34190369, 1.00000000, 0.00000000, 0.00000000, 0.00000000, 0.25869551, 0.01389118, 0.40124625, 101.52100372, -16.30300331, 39.25999832, 0.00000000
4, 0.8900, 87, 0.40326416, 0.24474609, -0.80739480, -165.25634766, 151.77523804, -171.57261658, -31.59894753, -44.78222656, -95.11838531, 96.23669434, 42.22998810, 94.92745972, 1.00000000, 0.00000000, 0.00000000, 0.00000000, 0.12316779, -0.00599543, 0.28724203, 101.52100372, -16.30300331, 39.25999832, 0.00000000
5, 0.7100, 71, 0.40699789, 0.09283370, -0.53004253, -71.54505157, 95.77992249, -171.70629883, -13.32943535, 4.18006420, -109.38321686, 83.53546906, 51.42395782, 66.67583466, 0.72024250, -0.32356378, -0.60017002, -0.12788010, 0.43247873, -0.08275558, 0.15231110, 0.00000000, 0.00000000, 0.00000000, 0.00000000
5, 0.7200, 72, 0.49039733, 0.14827996, -0.44320294, -65.08572388, 108.73655701, -184.67684937, -13.32943535, 4.18006420, -109.38321686, 80.05371857, 51.37675476, 63.40961838, 0.73359656, -0.31864434, -0.58699101, -0.12547249, 0.40026617, -0.15315428, 0.22051962, 0.00000000, 0.00000000, 0.00000000, 0.00000000
5, 0.7300, 73, 0.70671052, 0.25966012, -0.37361413, -66.52043152, 118.61004639, -190.97799683, -12.24788094, 4.91084480, -109.50014496, 76.41542053, 51.24889755, 60.01310349, 0.74730217, -0.31298938, -0.57317287, -0.12267884, 0.28329068, -0.19381160, 0.40184242, 0.00000000, 0.00000000, 0.00000000, 0.00000000
5, 0.7400, 74, 0.73418444, 0.33391988, -0.31452531, -75.89931488, 112.18536377, -189.32923889, -10.11400127, 5.78778124, -110.17246246, 63.18843079, 48.51717377, 54.46973801, 0.78898191, -0.26453304, -0.52974790, -0.16400357, 0.29611173, -0.22821084, 0.42031705, 0.00000000, 0.00000000, 0.00000000, 0.00000000
4, 0.9000, 88, 0.64712894, 0.35435775, -0.73664081, -172.31443787, 164.99302673, -185.88961792, -31.59894753, -44.78222656, -95.11838531, 90.81462097, 46.87678909, 91.57277679, 1.00000000, 0.00000000, 0.00000000, 0.00000000, -0.09740108, -0.06360700, 0.23143087, 101.52100372, -16.30300331, 39.25999832, 0.00000000
4, 0.9100, 89, 0.76871675, 0.50630713, -0.71207744, -181.32934570, 171.29484558, -193.93927002, -29.52353096, -41.77141190, -95.41069794, 88.29068756, 49.51012039, 89.22105408, 1.00000000, 0.00000000, 0.00000000, 0.00000000, -0.21832687, -0.06893086, 0.24937722, 101.52100372, -16.30300331, 39.25999832, 0.00000000
4, 0.9200, 90, 0.81186581, 0.73200917, -0.66364837, -198.26995850, 173.94352722, -194.46934509, -27.36042023, -39.90061188, -95.70301056, 85.29350281, 52.16104507, 86.53318787, 1.00000000, 0.00000000, 0.00000000, 0.00000000, -0.31657207, -0.12607296, 0.39223588, 101.52100372, -16.30300331, 39.25999832, 0.00000000
5, 0.7500, 75, 0.72029942, 0.42960253, -0.49294022, -92.97504425, 102.43020630, -188.10003662, -8.82782841, 6.16778708, -109.96784210, 60.04066086, 47.57703400, 51.75336456, 0.80092275, -0.25947502, -0.51403338, -0.16421090, 0.31112769, -0.01972217, 0.33964938, 0.00000000, 0.00000000, 0.00000000, 0.00000000
2, 0.6900, 69, 0.08534528, 0.64727253, 0.06939182, -93.19537354, 273.23428345, 54.12139511, 48.20227814, 11.10786343, 38.93598175, 21.00562477, 68.97912598, 29.53550720, 0.80996048, -0.00335937, -0.57667458, -0.10676774, 0.88457656, 0.33485949, 0.33158061, 0.00000000, 0.00000000, 0.00000000, 0.00000000
4, 0.9300, 91, 0.91540629, 1.02805841, -0.52401650, -209.48901367, 167.35263062, -187.00251770, -25.34346581, -38.78982544, -96.02455139, 81.84275055, 54.69402313, 83.54251099, 1.00000000, 0.00000000, 0.00000000, 0.00000000, -0.49297038, -0.28450537, 0.55390006, 101.52100372, -16.30300331, 39.25999832, 0.00000000
2, 0.7000, 70, 0.33258638, 0.68331999, 0.06885464, -102.64927673, 314.27633667, 28.19347382, 48.20227814, 11.10786343, 38.93598175, 12.55513763, 67.82482147, 21.52325821, 0.82179868, 0.01440427, -0.56176984, -0.09409759, 0.59031785, 0.31976187, 0.18442455, 0.00000000, 0.00000000, 0.00000000, 0.00000000
2, 0.7100, 71, 0.41186482, 0.64003783, 0.16059160, -72.31147003, 312.80627441, 27.15003204, 48.81613541, 11.98479939, 40.68985748, 5.38069153, 66.27841949, 14.48830986, 0.83298111, 0.02986884, -0.54666972, -0.08001584, 0.50116408, 0.26863274, 0.18203510, 0.00000000, 0.00000000, 0.00000000, 0.00000000
2, 0.7200, 72, 0.30429554, 0.52442455, 0.39777434, -26.68387985, 298.90029907, 40.52881241, 49.02075195, 11.75094986, 43.58374786, -0.39401373, 64.62531281, 8.40302372, 0.84273303, 0.04206063, -0.53288639, -0.06375169, 0.59628648, 0.05896939, 0.23246875, 0.00000000, 0.00000000, 0.00000000, 0.00000000
4, 0.9400, 92, 0.94976646, 1.25687814, -0.36169717, -209.45774841, 148.92852783, -180.25512695, -24.87576675, -35.98363113, -96.11224365, 77.94116974, 56.93905258, 80.19333649, 1.00000000, 0.00000000, 0.00000000, 0.00000000, -0.58082473, -0.45129001, 0.68063486, 101.52100372, -16.30300331, 39.25999832, 0.00000000
2, 0.7300, 73, 0.03544463, 0.29264599, 0.72020477, 6.31122589, 279.83480835, 52.40998459, 49.04998398, 11.54633141, 45.22069550, -5.01481628, 62.97142792, 3.15288973, 0.85100299, 0.05164803, -0.52056193, -0.04627843, 0.85205674, -0.29643118, 0.26300311, 0.00000000, 0.00000000, 0.00000000, 0.00000000
2, 0.7400, 74, -0.07701035, 0.19736083, 1.01883984, 10.50546837, 272.73379517, 49.64199066, 49.34229660, 10.96170712, 47.76381302, -17.48035240, 50.87628937, -2.53262544, 0.89378744, 0.12780605, -0.42747715, -0.04552854, 0.92405987, -0.51476765, 0.34518737, 0.00000000, 0.00000000, 0.00000000, 0.00000000
5, 0.7600, 76, 0.64671046, 0.38776249, -0.52116561, -101.51258850, 95.74804688, -185.57429504, -7.16164875, 7.45396090, -110.61093140, 57.07034683, 46.47808075, 49.28838348, 0.81231290, -0.25441825, -0.49809432, -0.16529092, 0.33567795, 0.00636796, 0.22294432, 0.00000000, 0.00000000, 0.00000000, 0.00000000
5, 0.7700, 77, 0.57819885, 0.36409849, -0.50063306, -106.70957947, 85.19603729, -175.12130737, -5.87547493, 8.15550995, -111.28324890, 54.39176941, 45.28603363, 47.18062973, 0.82270551, -0.24951881, -0.48261535, -0.16726767, 0.36896876, -0.01232743, 0.13371715, 0.00000000, 0.00000000, 0.00000000, 0.00000000
5, 0.7800, 78, 0.50364333, 0.45965636, -0.41016999, -108.96592712, 95.06055450, -169.65222168, -5.87547493, 8.15550995, -111.28324890, 51.73478317, 44.11014938, 45.16892242, 0.83292514, -0.24359545, -0.46725857, -0.16901594, 0.47723389, -0.07517092, 0.15240091, 0.00000000, 0.00000000, 0.00000000, 0.00000000
4, 0.9500, 93, 0.84644431, 1.33550668, -0.26111278, -205.03784180, 126.63170624, -184.36924744, -24.87576675, -35.98363113, -96.11224365, 60.34169006, 61.63248444, 66.35838318, 1.00000000, 0.00000000, 0.00000000, 0.00000000, -0.48562098, -0.50722909, 0.72050309, 101.52100372, -16.30300331, 39.25999832, 0.00000000
5, 0.7900, 79, 0.54450166, 0.70993555, -0.19285835, -111.14771271, 115.25389862, -175.89065552, -4.53083897, 8.97398376, -111.16632080, 41.36480331, 36.72214508, 37.61171722, 0.87638789, -0.22231102, -0.38702872, -0.18091701, 0.56238031, -0.22352153, 0.35084862, 0.00000000, 0.00000000, 0.00000000, 0.00000000
5, 0.8000, 80, 0.68443418, 1.06934726, -0.03002406, -107.59664154, 135.51878357, -192.55830383, -3.33235884, 10.69862556, -111.04940033, 38.81437302, 35.21843338, 35.68775940, 0.88654226, -0.21404079, -0.36865550, -0.17978442, 0.57059407, -0.28093660, 0.62407362, 0.00000000, 0.00000000, 0.00000000, 0.00000000
5, 0.8100, 81, 0.76670235, 1.38986921, 0.13466014, -107.43557739, 151.29702759, -207.08148193, -1.60771704, 11.42940617, -110.78631592, 36.17815018, 33.57394409, 33.65388870, 0.89705998, -0.20506145, -0.34883693, -0.17761196, 0.66529083, -0.36072317, 0.92460585, 0.00000000, 0.00000000, 0.00000000, 0.00000000
5, 0.8200, 82, 1.05112827, 1.75105321, 0.06433443, -103.77886963, 171.66560364, -223.67788696, 0.11692487, 13.06635475, -110.81555176, 33.44734573, 31.77743530, 31.46014595, 0.90797627, -0.19531637, -0.32740310, -0.17389081, 0.58400601, -0.19916807, 1.32827044, 0.00000000, 0.00000000, 0.00000000, 0.00000000
5, 0.8300, 83, 1.35150290, 1.53125751, -0.13800848, -84.42489624, 181.92588806, -248.19868469, 0.11692487, 13.06635475, -110.81555176, 30.82894707, 29.75547981, 29.10363388, 0.91896886, -0.18645704, -0.30412570, -0.16804051, 0.16474420, -0.01967448, 1.23874319, 0.00000000, 0.00000000, 0.00000000, 0.00000000
4, 0.9600, 94, 0.70305216, 1.32617450, -0.30836982, -187.61376953, 112.41946411, -200.74247742, -22.62496376, -33.64513397, -95.46916199, 54.31802750, 62.51572418, 60.74790192, 1.00000000, 0.00000000, 0.00000000, 0.00000000, -0.32649291, -0.35876146, 0.68182254, 101.52100372, -16.30300331, 39.25999832, 0.00000000
5, 0.8400, 84, 1.58245862, 1.15504253, -0.29778185, -74.51892090, 164.12127686, -248.78424072, 2.10464764, 14.41099072, -110.75708771, 26.00174522, 27.44836998, 29.00350952, 0.92975563, -0.15369371, -0.27852693, -0.18535231, -0.27819055, 0.09441780, 0.98725653, 0.00000000, 0.00000000, 0.00000000, 0.00000000
2, 0.7500, 75, 0.11326382, 0.39919668, 1.09070563, 2.29608083, 256.06918335, 24.69852257, 49.34229660, 10.96170712, 47.76381302, -19.13103676, 48.73942566, -4.75215292, 0.90030754, 0.13437040, -0.41281161, -0.03126925, 0.63559628, -0.31219801, 0.42268395, 0.00000000, 0.00000000, 0.00000000, 0.00000000
2, 0.7600, 76, 0.00360018, 0.50774074, 1.13367188, -17.72414589, 234.56594849, -13.05559540, 48.72844315, 10.75708866, 48.99152374, -20.33096123, 46.58821106, -6.15896797, 0.90651280, 0.14096065, -0.39738953, -0.02112530, 0.71928155, -0.24508506, 0.51108682, 0.00000000, 0.00000000, 0.00000000, 0.00000000
2, 0.7700, 77, -0.34854892, 0.62787676, 1.18172038, -46.97835922, 252.79936218, -42.46444702, 49.40076065, 10.99093819, 51.15463257, -21.51246643, 44.12462997, -7.18307257, 0.91309583, 0.14950906, -0.37912551, -0.01292756, 1.04208088, -0.17418602, 0.61305636, 0.00000000, 0.00000000, 0.00000000, 0.00000000
4, 0.9700, 95, 0.58356833, 1.22813749, -0.39941284, -158.71003723, 106.95718384, -219.29641724, -22.77112007, -32.15433884, -96.25839996, 48.13624954, 62.88725281, 54.70368195, 1.00000000, 0.00000000, 0.00000000, 0.00000000, -0.18101865, -0.21308599, 0.62732941, 101.52100372, -16.30300331, 39.25999832, 0.00000000
4, 0.9800, 96, 0.51677555, 1.06459677, -0.50670320, -129.39262390, 111.36291504, -233.57839966, -21.10494041, -29.28968048, -95.81993103, 42.06750488, 62.82722855, 48.46133423, 1.00000000, 0.00000000, 0.00000000, 0.00000000, -0.06151044, -0.04050326, 0.49529880, 101.52100372, -16.30300331, 39.25999832, 0.00000000
2, 0.7800, 78, -0.41429994, 0.74292403, 1.15047193, -74.69137573, 297.93206787, -64.59940338, 49.48845291, 11.22478771, 52.93773651, -22.84148407, 41.14204025, -8.07140350, 0.92032057, 0.16068773, -0.35660392, -0.00481673, 1.07193041, -0.04521881, 0.65070808, 0.00000000, 0.00000000, 0.00000000, 0.00000000
2, 0.7900, 79, -0.40673822, 0.83667201, 1.19925988, -84.52278137, 346.34347534, -57.70096588, 50.10231018, 12.01403046, 55.77316666, -21.19129562, 29.11029053, -10.41229916, 0.95167106, 0.15482607, -0.26215687, 0.04031006, 0.98844492, 0.01341936, 0.70204395, 0.00000000, 0.00000000, 0.00000000, 0.00000000
2, 0.8000, 80, -0.41032636, 0.68165648, 1.20607126, -75.94664764, 364.51412964, -31.59019279, 50.10231018, 12.01403046, 55.77316666, -22.56750488, 25.66397858, -11.81627464, 0.95557266, 0.16734894, -0.23628077, 0.05519744, 0.84832424, -0.07396685, 0.50240016, 0.00000000, 0.00000000, 0.00000000, 0.00000000
2, 0.8100, 81, -0.45093966, 0.66552156, 1.21166956, -58.66013336, 380.40710449, -5.19816494, 48.90382767, 11.34171295, 58.49166870, -23.77432442, 22.15021896, -13.42559814, 0.95837265, 0.17878981, -0.21031716, 0.07295800, 0.83405483, -0.06038088, 0.47894990, 0.00000000, 0.00000000, 0.00000000, 0.00000000
5, 0.8500, 85, 1.70059931, 1.05383337, -0.43837321, -63.83581924, 135.60098267, -233.54609680, 3.68313360, 14.35252857, -109.47091675, 24.27756310, 25.30190277, 27.39619446, 0.93768018, -0.14863591, -0.25661072, -0.18114680, -0.48131758, 0.25765947, 0.90070575, 0.00000000, 0.00000000, 0.00000000, 0.00000000
5, 0.8600, 86, 1.60092747, 1.03451943, -0.50385064, -55.59117508, 91.55982208, -222.71295166, 4.94007587, 17.33411217, -109.17860413, 23.09360123, 23.17449379, 26.26485825, 0.94382787, -0.14624836, -0.23619990, -0.17891328, -0.44811177, 0.33163890, 0.79694539, 0.00000000, 0.00000000, 0.00000000, 0.00000000
5, 0.8700, 87, 1.33175719, 1.02434492, -0.36047176, -51.31989288, 51.37202835, -217.15292358, 5.43700647, 18.73721123, -108.68167114, 22.34575081, 21.03686142, 25.54374123, 0.94851649, -0.14620835, -0.21677756, -0.17873752, -0.24605671, 0.19656998, 0.64799958, 0.00000000, 0.00000000, 0.00000000, 0.00000000
2, 0.8200, 82, -0.03103297, 0.89966154, 1.16531861, -14.30882835, 369.57513428, 9.31420135, 47.14995575, 11.51710033, 61.41479111, -24.44530869, 18.77003860, -15.02663994, 0.96048617, 0.18624519, -0.18531539, 0.09185525, 0.35637110, 0.15657412, 0.59787858, 0.00000000, 0.00000000, 0.00000000, 0.00000000
4, 0.9900, 97, 0.50757015, 0.97377801, -0.68374234, -117.43158722, 120.38441467, -239.77789307, -21.10494041, -29.28968048, -95.81993103, 36.12920761, 62.46335220, 42.18341827, 1.00000000, 0.00000000, 0.00000000, 0.00000000, -0.03305136, 0.18458703, 0.41689062, 101.52100372, -16.30300331, 39.25999832, 0.00000000
4, 1.0000, 98, 0.62047243, 1.05991983, -0.76326698, -119.18067932, 131.05578613, -241.84875488, -20.11107826, -27.68196487, -95.61531830, 30.97857666, 59.08582306, 33.75690842, 1.00000000, 0.00000000, 0.00000000, 0.00000000, -0.18796733, 0.27242130, 0.41812903, 101.52100372, -16.30300331, 39.25999832, 0.00000000
2, 0.8300, 83, 0.18138145, 1.02411544, 1.26136065, 52.32056427, 308.41601562, 9.13371563, 46.59456253, 11.45863724, 63.13943100, -24.28498840, 15.95159435, -16.33050728, 0.96250123, 0.18693095, -0.16386114, 0.10861766, 0.09174556, 0.18151698, 0.73750269, 0.00000000, 0.00000000, 0.00000000, 0.00000000
4, 1.0100, 99, 0.79803127, 1.15524650, -0.70194340, -110.69757843, 155.09968567, -241.90597534, -19.29260445, -26.04501534, -94.32913971, 25.89421082, 58.37306976, 27.99126244, 1.00000000, 0.00000000, 0.00000000, 0.00000000, -0.40677437, 0.20824486, 0.35934454, 101.52100372, -16.30300331, 39.25999832, 0.00000000
5, 0.8800, 88, 1.07680571, 1.10087907, -0.13128917, -53.62393951, 35.72632217, -211.88816833, 5.43700647, 18.73721123, -108.68167114, 21.74971008, 18.91778374, 25.02299500, 0.95240253, -0.14671743, -0.19787173, -0.17958371, -0.00145344, -0.00876151, 0.59534907, 0.00000000, 0.00000000, 0.00000000, 0.00000000
5, 0.8900, 89, 0.91012222, 1.21556497, 0.06039144, -60.24015808, 47.20021820, -213.40576172, 6.51856184, 19.67260933, -109.12014008, 17.61814690, 14.46477795, 26.11710167, 0.95934594, -0.11988526, -0.15551840, -0.20272374, 0.17486612, -0.15618563, 0.60944116, 0.00000000, 0.00000000, 0.00000000, 0.00000000
5, 0.9000, 90, 1.03251553, 1.26402676, 0.05566259, -70.13289642, 79.83475494, -227.06617737, 7.74627304, 21.28032684, -108.27243042, 16.69893456, 12.16101360, 25.48394394, 0.96299845, -0.11772211, -0.13406958, -0.20199253, 0.03011616, -0.09402648, 0.67870057, 0.00000000, 0.00000000, 0.00000000, 0.00000000
4, 1.0200, 100, 0.94050449, 1.05430961, -0.71003425, -91.06769562, 151.11886597, -241.87673950, -18.53259277, -23.58959389, -93.86144257, 21.41242409, 57.35907364, 22.69336700, 1.00000000, 0.00000000, 0.00000000, 0.00000000, -0.50325763, 0.27049494, 0.18053140, 101.52100372, -16.30300331, 39.25999832, 0.00000000
2, 0.8400, 84, 0.01625225, 0.96287555, 1.57436442, 104.65868378, 244.99662781, -7.22590780, 46.59456253, 11.45863724, 63.13943100, -22.83846855, 10.51468849, -15.53357315, 0.96957862, 0.18320706, -0.11563502, 0.11393387, 0.20006032, -0.09388860, 0.89130348, 0.00000000, 0.00000000, 0.00000000, 0.00000000
2, 0.8500, 85, -0.22920412, 0.75489944, 1.92242348, 122.68682861, 211.83714294, -31.07357788, 45.16223145, 11.45863724, 65.59485626, -21.69364166, 8.46173191, -16.11924934, 0.97172952, 0.17565860, -0.09805380, 0.12357714, 0.36801469, -0.50739980, 0.95707345, 0.00000000, 0.00000000, 0.00000000, 0.00000000
2, 0.8600, 86, -0.45448202, 0.52843046, 2.16431642, 107.06819916, 209.91746521, -55.32648849, 44.72376633, 12.74481106, 67.05641174, -20.66122246, 6.33299494, -16.51480293, 0.97352654, 0.16939305, -0.07949466, 0.13127358, 0.55735338, -0.85451704, 0.94934815, 0.00000000, 0.00000000, 0.00000000, 0.00000000
4, 1.0300, 101, 0.97469687, 0.85010612, -0.66572291, -81.39702606, 122.58534241, -234.89282227, -17.21718788, -21.77725792, -92.54603577, 17.65755653, 56.05305481, 18.23850632, 1.00000000, 0.00000000, 0.00000000, 0.00000000, -0.45760274, 0.29800040, -0.05346298, 101.52100372, -16.30300331, 39.25999832, 0.00000000
2, 0.8700, 87, -0.63640201, 0.31950018, 2.19689918, 60.78395081, 235.95046997, -65.47925568, 43.64220810, 13.41712952, 68.57643890, -20.07899666, 3.93045497, -16.96966171, 0.97421962, 0.16733520, -0.05910465, 0.13929003, 0.70113695, -1.03303683, 0.81321478, 0.00000000, 0.00000000, 0.00000000, 0.00000000
2, 0.8800, 88, -0.75724626, 0.09972484, 2.05586028, -3.52680731, 287.11508179, -55.32202911, 42.82373428, 13.38789845, 70.24261475, -20.12825394, 1.11494434, -17.75997925, 0.97302747, 0.17116868, -0.03643912, 0.15030298, 0.77850026, -1.08314764, 0.55434358, 0.00000000, 0.00000000, 0.00000000, 0.00000000
2, 0.8900, 89, -0.51028538, 0.14659329, 1.74960458, -34.37564850, 330.49456787, -30.46419525, 42.82373428, 13.38789845, 70.24261475, -24.32317543, -3.93341422, -13.75024223, 0.96909100, 0.21304731, 0.00810385, 0.12412819, 0.47256339, -0.80849004, 0.38308042, 0.00000000, 0.00000000, 0.00000000, 0.00000000
2, 0.9000, 90, 0.12313749, 0.57267511, 1.48851383, -0.85579824, 322.55914307, -3.95116949, 41.01139832, 13.47559166, 72.17187500, -24.19096565, -6.93233395, -14.94396019, 0.96607596, 0.21506968, 0.03141574, 0.13948284, -0.24161988, -0.27954203, 0.53036052, 0.00000000, 0.00000000, 0.00000000, 0.00000000
4, 1.0400, 102, 0.87368107, 0.85099924, -0.60620755, -96.72255707, 99.45301056, -228.98342896, -17.21718788, -21.77725792, -92.54603577, 14.19524860, 54.56451416, 14.35609055, 1.00000000, 0.00000000, 0.00000000, 0.00000000, -0.37520704, 0.26657021, -0.05109665, 101.52100372, -16.30300331, 39.25999832, 0.00000000
4, 1.0500, 103, 0.78524590, 1.04887235, -0.61862743, -108.47490692, 92.41744232, -232.71589661, -17.77258110, -19.46799088, -92.66296387, 13.70621586, 53.19851685, 11.59282303, 1.00000000, 0.00000000, 0.00000000, 0.00000000, -0.39320153, 0.25905326, 0.13653994, 101.52100372, -16.30300331, 39.25999832, 0.00000000
4, 1.0600, 104, 0.78529859, 1.34408772, -0.57234192, -112.22628021, 98.62974548, -236.63995361, -17.27565002, -17.53873062, -91.78602600, 10.45900536, 51.50470734, 8.00567818, 1.00000000, 0.00000000, 0.00000000, 0.00000000, -0.52645212, 0.16095600, 0.36750066, 101.52100372, -16.30300331, 39.25999832, 0.00000000
5, 0.9100, 91, 1.46644950, 1.15780628, -0.07604621, -73.51590729, 109.12952423, -242.20349121, 8.09704781, 23.67728615, -108.56474304, 15.59840679, 9.70465469, 24.64556694, 0.96690440, -0.11421449, -0.11073209, -0.19947255, -0.44652978, 0.02924482, 0.78985810, 0.00000000, 0.00000000, 0.00000000, 0.00000000
5, 0.9200, 92, 1.86046946, 1.05928040, -0.23371336, -74.01802826, 101.63633728, -231.24659729, 9.38322163, 24.70038033, -107.33703613, 14.57508087, 7.33944225, 23.93711662, 0.97005332, -0.11067115, -0.08835908, -0.19733547, -0.88877141, 0.18052241, 0.88339394, 0.00000000, 0.00000000, 0.00000000, 0.00000000
2, 0.9100, 91, 0.22349486, 0.80435699, 1.60040784, 77.24993896, 253.38607788, 11.58972740, 39.60830307, 13.47559166, 73.60420990, -23.24248314, -9.21891022, -16.03664398, 0.96452940, 0.20980652, 0.04993836, 0.15221857, -0.38925633, -0.21415040, 0.77500767, 0.00000000, 0.00000000, 0.00000000, 0.00000000
2, 0.9200, 92, -0.19717859, 0.66872633, 2.04064775, 130.90361023, 194.21885681, 6.22445059, 37.91289139, 14.49868488, 74.83191681, -21.76833725, -10.96098042, -16.88526154, 0.96428126, 0.19969401, 0.06517612, 0.16135736, -0.00391747, -0.65036565, 0.97966027, 0.00000000, 0.00000000, 0.00000000, 0.00000000
5, 0.9300, 93, 1.98788559, 1.14233291, -0.39619985, -70.71877289, 72.26902771, -201.40556335, 9.38322163, 24.70038033, -107.33703613, 13.76358509, 5.25954771, 23.52828026, 0.97203934, -0.10789376, -0.06899856, -0.19681907, -1.00717294, 0.36989239, 0.98552513, 0.00000000, 0.00000000, 0.00000000, 0.00000000
4, 1.0700, 105, 0.86064738, 1.68047786, -0.32957137, -117.72156525, 112.46180725, -241.62637329, -17.07103157, -15.60947037, -90.87985992, 7.32469225, 49.69499588, 4.46133661, 1.00000000, 0.00000000, 0.00000000, 0.00000000, -0.73184311, -0.11560941, 0.55956161, 101.52100372, -16.30300331, 39.25999832, 0.00000000
2, 0.9300, 93, -0.70730567, 0.52172655, 2.50578046, 128.67570496, 180.58860779, -18.92251015, 36.88979721, 14.49868488, 75.88424683, -20.34405518, -12.66644859, -17.49426270, 0.96393430, 0.18999654, 0.08062095, 0.16802479, 0.47504672, -1.11515999, 1.19395661, 0.00000000, 0.00000000, 0.00000000, 0.00000000
4, 1.0800, 106, 0.99420333, 1.90837467, -0.18126315, -111.30213928, 125.50511169, -253.06019592, -17.30488205, -14.70330334, -89.53522491, 4.46718550, 47.69647217, 1.02247012, 1.00000000, 0.00000000, 0.00000000, 0.00000000, -0.95601094, -0.27695253, 0.64858836, 101.52100372, -16.30300331, 39.25999832, 0.00000000
5, 0.9400, 94, 1.72778571, 1.20268226, -0.36261982, -63.97844315, 13.01739883, -190.12713623, 10.08477020, 27.82811928, -106.98625946, 13.77021599, 6.73922968, 24.28376770, 0.97038370, -0.10472085, -0.08221862, -0.20156690, -0.77222562, 0.35601735, 0.89710903, 0.00000000, 0.00000000, 0.00000000, 0.00000000
2, 0.9400, 94, -0.77888721, 0.33737081, 2.70919824, 81.84819031, 205.16854858, -47.92733002, 36.88979721, 14.49868488, 75.88424683, -23.86904526, -14.96078300, -13.25858593, 0.96046412, 0.21836740, 0.10285105, 0.13873012, 0.51305515, -1.39314282, 1.20788205, 0.00000000, 0.00000000, 0.00000000, 0.00000000
2, 0.9500, 95, -0.65904689, 0.17985635, 2.62032032, 22.49039841, 237.43202209, -48.60264587, 35.95439911, 13.76790428, 77.25811005, -23.48906708, -17.33519745, -13.75555706, 0.95724487, 0.21744455, 0.12238815, 0.14636007, 0.35396749, -1.39729881, 1.05868089, 0.00000000, 0.00000000, 0.00000000, 0.00000000
4, 1.0900, 107, 1.00355554, 1.71921289, -0.23815951, -96.60575104, 114.06811523, -260.94836426, -17.30488205, -14.70330334, -89.53522491, 2.13428092, 45.48880386, -1.93835628, 1.00000000, 0.00000000, 0.00000000, 0.00000000, -0.91659784, -0.15461731, 0.45774540, 101.52100372, -16.30300331, 39.25999832, 0.00000000
4, 1.1000, 108, 0.90943009, 1.27913702, -0.30943844, -90.46691132, 84.93058777, -247.84460449, -17.36334419, -11.25401878, -88.89213562, 1.02809167, 46.57439423, -3.95834112, 1.00000000, 0.00000000, 0.00000000, 0.00000000, -0.67307466, 0.02681876, 0.10176992, 101.52100372, -16.30300331, 39.25999832, 0.00000000
4, 1.1100, 109, 0.83649182, 1.11207271, -0.30679712, -104.08000946, 70.22267151, -231.29611206, -17.24641991, -10.20169544, -87.66442108, -0.94720072, 44.45536804, -6.08973598, 1.00000000, 0.00000000, 0.00000000, 0.00000000, -0.53371596, 0.07515596, -0.01245773, 101.52100372, -16.30300331, 39.25999832, 0.00000000
5, 0.9500, 95, 1.40768564, 1.29164481, -0.08887460, -64.95925903, -7.47602224, -190.70829773, 9.70476437, 28.85121346, -107.04472351, 13.48994541, 4.76471996, 24.55238724, 0.97057050, -0.10588823, -0.06528761, -0.20619968, -0.41616070, 0.10500774, 0.84381747, 0.00000000, 0.00000000, 0.00000000, 0.00000000
2, 0.9600, 96, -0.53868383, 0.01218793, 2.43166351, -38.59265137, 292.41378784, -9.59728622, 33.93744659, 16.22332573, 78.77813721, -23.48876762, -20.06331444, -14.88088036, 0.95138818, 0.22083108, 0.14315432, 0.16000375, 0.19335108, -1.38268411, 0.81772602, 0.00000000, 0.00000000, 0.00000000, 0.00000000
2, 0.9700, 97, -0.42995706, -0.05801871, 2.24438834, -61.65584946, 317.66607666, 23.38719749, 31.71587181, 16.01870728, 79.77199554, -23.49739075, -22.89534760, -16.46065521, 0.94390512, 0.22532997, 0.16374475, 0.17736229, 0.04084709, -1.30133653, 0.65261793, 0.00000000, 0.00000000, 0.00000000, 0.00000000
4, 1.1200, 110, 0.78750378, 1.17420101, -0.34716874, -106.91276550, 75.29887390, -224.35470581, -17.65565681, -7.01549244, -87.95673370, -2.80074883, 42.36391068, -8.11007595, 1.00000000, 0.00000000, 0.00000000, 0.00000000, -0.54470456, 0.12639134, 0.04575652, 101.52100372, -16.30300331, 39.25999832, 0.00000000
5, 0.9600, 96, 1.19156551, 1.51140952, 0.23194866, -64.42259216, 14.12770271, -191.56721497, 9.93861389, 30.60508537, -107.10318756, 13.08097553, 2.78381062, 24.64456177, 0.97090834, -0.10609815, -0.04787826, -0.20925562, -0.11859779, -0.16157076, 0.95751196, 0.00000000, 0.00000000, 0.00000000, 0.00000000
5, 0.9700, 97, 1.13154376, 1.69112384, 0.39358473, -58.78481293, 66.38958740, -194.47686768, 10.17246437, 32.27126694, -107.62934875, 12.42941952, 0.77744436, 24.27962112, 0.97202408, -0.10441289, -0.02935891, -0.20833914, 0.00913620, -0.27596354, 1.09649348, 0.00000000, 0.00000000, 0.00000000, 0.00000000
5, 0.9800, 98, 1.19467497, 1.59160137, 0.30368826, -50.76548767, 131.66645813, -192.35705566, 10.75708866, 33.29435730, -105.58316040, 11.51297760, -1.21637678, 23.34702110, 0.97410768, -0.10035750, -0.00995044, -0.20234546, -0.14103991, -0.19328442, 1.03018928, 0.00000000, 0.00000000, 0.00000000, 0.00000000
2, 0.9800, 98, -0.20245433, 0.10723107, 1.99922836, -57.09058380, 311.96459961, 37.21788406, 29.66968727, 13.79713535, 80.41508484, -23.32802391, -25.61874580, -18.19040489, 0.93588477, 0.22898489, 0.18323666, 0.19521791, -0.23081490, -1.01848984, 0.61886066, 0.00000000, 0.00000000, 0.00000000, 0.00000000
4, 1.1300, 111, 0.79982144, 1.32176495, -0.52784824, -83.83567047, 84.48812103, -212.53762817, -17.65565681, -7.01549244, -87.95673370, -4.24229908, 40.36766434, -9.94542694, 1.00000000, 0.00000000, 0.00000000, 0.00000000, -0.65865505, 0.29507083, 0.18239407, 101.52100372, -16.30300331, 39.25999832, 0.00000000
5, 0.9900, 99, 1.62012804, 1.19013381, 0.09587742, -41.87282181, 176.67939758, -188.08494568, 10.75708866, 33.29435730, -105.58316040, 9.50505257, 2.51559305, 23.33576012, 0.97610193, -0.07669649, -0.03817526, -0.19971327, -0.74317300, -0.04618374, 0.89027190, 0.00000000, 0.00000000, 0.00000000, 0.00000000
2, 0.9900, 99, -0.12097947, 0.26093039, 1.81785107, -21.82877922, 266.86529541, 40.79809952, 29.66968727, 13.79713535, 80.41508484, -25.95704651, -23.79680061, -18.88144302, 0.93300825, 0.24973865, 0.16214207, 0.20207995, -0.33478427, -0.77957916, 0.61794984, 0.00000000, 0.00000000, 0.00000000, 0.00000000
2, 1.0000, 100, -0.37899446, 0.19285016, 1.84618306, 19.06950378, 217.12710571, 35.50664520, 27.30195808, 15.08330917, 81.52587128, -25.23482323, -25.69554710, -20.10114861, 0.92834222, 0.24757150, 0.17649445, 0.21386635, -0.06001895, -0.81915915, 0.59448385, 0.00000000, 0.00000000, 0.00000000, 0.00000000
4, 1.1400, 112, 0.76952815, 1.48468709, -0.60936111, -58.83410263, 79.86483765, -206.12681580, -18.26951218, -4.91084480, -86.40748596, -5.23903894, 38.40889359, -11.47399521, 1.00000000, 0.00000000, 0.00000000, 0.00000000, -0.73169863, 0.35859865, 0.33399367, 101.52100372, -16.30300331, 39.25999832, 0.00000000
4, 1.1500, 113, 0.67933667, 1.47573376, -0.53761286, -38.16405487, 66.78449249, -199.89956665, -18.76644325, -4.64776373, -85.88131714, -3.33315969, 38.76643372, -12.19047070, 1.00000000, 0.00000000, 0.00000000, 0.00000000, -0.65878677, 0.29320726, 0.33616912, 101.52100372, -16.30300331, 39.25999832, 0.00000000
4, 1.1600, 114, 0.52693814, 1.26641917, -0.36367226, -30.77630615, 54.44130707, -185.22467041, -19.96492195, -2.42619109, -85.12130737, -3.88774753, 37.00808334, -13.26497364, 1.00000000, 0.00000000, 0.00000000, 0.00000000, -0.42076221, 0.14745457, 0.17955293, 101.52100372, -16.30300331, 39.25999832, 0.00000000
4, 1.1700, 115, 0.38867205, 1.14205480, -0.23468499, -38.68531799, 57.32381821, -175.43983459, -20.54954720, -1.11078632, -85.41362000, -4.49242878, 35.33966446, -14.35292339, 1.00000000, 0.00000000, 0.00000000, 0.00000000, -0.25663742, 0.05589806, 0.08633950, 101.52100372, -16.30300331, 39.25999832, 0.00000000
4, 1.1800, 116, 0.33699426, 1.15053499, -0.19704497, -42.32106400, 74.55783081, -170.64973450, -20.54954720, -1.11078632, -85.41362000, -5.12679672, 33.73021317, -15.59788513, 1.00000000, 0.00000000, 0.00000000, 0.00000000, -0.23330989, 0.02765781, 0.09303437, 101.52100372, -16.30300331, 39.25999832, 0.00000000
5, 1.0000, 100, 2.08809996, 1.02831495, -0.01207793, -35.92834854, 170.67687988, -180.34681702, 11.51710033, 34.81438065, -104.35545349, 8.45551205, 0.58334833, 22.09886360, 0.97885078, -0.07138073, -0.01911161, -0.19076343, -1.19363940, 0.05890177, 0.98527730, 0.00000000, 0.00000000, 0.00000000, 0.00000000
5, 1.0100, 101, 2.25367951, 1.09852743, -0.08388598, -32.05081177, 124.19499969, -170.98846436, 12.18941784, 36.77287292, -103.33235931, 7.71238756, -1.23623860, 21.26296234, 0.98041815, -0.06807995, -0.00182796, -0.18477599, -1.33603787, 0.15792519, 1.11832094, 0.00000000, 0.00000000, 0.00000000, 0.00000000
5, 1.0200, 102, 2.05927324, 1.16408360, -0.07532541, -28.07604027, 69.90407562, -167.16290283, 11.54633141, 38.23443222, -102.57234955, 7.29506636, -2.97697687, 20.88115692, 0.98082066, -0.06724177, 0.01396950, -0.18241273, -1.16752088, 0.17165673, 1.06860030, 0.00000000, 0.00000000, 0.00000000, 0.00000000
5, 1.0300, 103, 1.76590967, 1.13548851, 0.01115306, -27.66791534, 31.37075043, -168.84017944, 11.45863724, 39.92984390, -101.81233215, 7.07636642, -4.70150566, 20.83247948, 0.98036188, -0.06804721, 0.02911570, -0.18279098, -0.95657420, 0.08630294, 0.90208626, 0.00000000, 0.00000000, 0.00000000, 0.00000000
2, 1.0100, 101, -0.73925769, 0.01833191, 2.01923585, 42.17572021, 190.59773254, 22.67573929, 26.71733475, 14.41099072, 82.16895294, -24.33880043, -27.37850761, -21.12373734, 0.92452502, 0.24374804, 0.18987653, 0.22313079, 0.27298740, -1.08246446, 0.59695125, 0.00000000, 0.00000000, 0.00000000, 0.00000000
2, 1.0200, 102, -0.92267060, -0.08937502, 2.11633921, 42.64797211, 189.40655518, -0.79825330, 24.26191139, 15.98947620, 82.05203247, -23.51053429, -29.12687111, -21.94056892, 0.92050576, 0.24043000, 0.20415482, 0.23061500, 0.43009418, -1.24500751, 0.59449762, 0.00000000, 0.00000000, 0.00000000, 0.00000000
2, 1.0300, 103, -0.80412847, -0.11203633, 2.04624343, 30.70193672, 191.29450989, -25.72751427, 23.50189972, 15.58023930, 82.54895782, -22.88822365, -30.98296547, -22.54318237, 0.91593486, 0.23868409, 0.21936280, 0.23658668, 0.28460172, -1.22556174, 0.53860676, 0.00000000, 0.00000000, 0.00000000, 0.00000000
5, 1.0400, 104, 1.52083743, 1.06497633, 0.08552565, -32.32151031, 20.72792053, -168.26345825, 11.45863724, 39.92984390, -101.81233215, 6.20106745, -1.24710274, 21.53062057, 0.98079443, -0.05516281, 0.00057330, -0.18708029, -0.78699774, 0.00607305, 0.72423846, 0.00000000, 0.00000000, 0.00000000, 0.00000000
2, 1.0400, 104, -0.59140515, -0.05168527, 1.95896411, 30.25069237, 182.71296692, -41.04671097, 23.50189972, 15.58023930, 82.54895782, -27.78542900, -29.93385696, -20.24682617, 0.91231483, 0.27241418, 0.20603219, 0.22588304, 0.05511162, -1.11377585, 0.53497690, 0.00000000, 0.00000000, 0.00000000, 0.00000000
4, 1.1900, 117, 0.32789871, 1.16428351, -0.20736434, -36.95094299, 85.17792511, -163.15507507, -21.48494530, 0.55539316, -84.59514618, -5.66708803, 32.19958878, -16.87971687, 1.00000000, 0.00000000, 0.00000000, 0.00000000, -0.25435382, 0.04472964, 0.09673783, 101.52100372, -16.30300331, 39.25999832, 0.00000000
2, 1.0500, 105, -0.49507985, -0.12049253, 1.94540691, 41.05000305, 158.55656433, -50.58851624, 21.92341423, 15.20023346, 82.87050629, -27.34486771, -31.59555817, -20.28800583, 0.90901321, 0.27047667, 0.22033547, 0.22801234, -0.03411686, -1.10100400, 0.49354661, 0.00000000, 0.00000000, 0.00000000, 0.00000000
2, 1.0600, 106, -0.44945928, -0.14815968, 1.90685034, 37.78681183, 144.12408447, -60.37101746, 20.16954041, 16.66179466, 83.51358795, -27.01903152, -33.15365601, -20.17785454, 0.90583384, 0.26903066, 0.23389564, 0.22886786, -0.10275315, -1.10372710, 0.45678329, 0.00000000, 0.00000000, 0.00000000, 0.00000000
2, 1.0700, 107, -0.22590239, -0.16882029, 1.75448215, 29.04316521, 133.97717285, -65.77941895, 18.76644325, 17.07103157, 83.54282379, -26.83715057, -34.63523102, -19.97242165, 0.90255988, 0.26839697, 0.24673736, 0.22906215, -0.34705335, -1.01665068, 0.34606230, 0.00000000, 0.00000000, 0.00000000, 0.00000000
2, 1.0800, 108, -0.15522385, -0.15658697, 1.63266170, 30.77935219, 123.10908508, -50.17892075, 17.62642479, 17.10026360, 83.33820343, -26.56197739, -35.96195984, -19.90457153, 0.89953393, 0.26714391, 0.25815988, 0.22984014, -0.43670493, -0.92877841, 0.28133649, 0.00000000, 0.00000000, 0.00000000, 0.00000000
4, 1.2000, 118, 0.29068220, 1.13463628, -0.25549191, -27.59494591, 84.48604584, -150.97944641, -21.83572006, 1.72464192, -84.47821808, -4.37830257, 32.28886795, -17.81316566, 1.00000000, 0.00000000, 0.00000000, 0.00000000, -0.22856712, 0.09932967, 0.08508161, 101.52100372, -16.30300331, 39.25999832, 0.00000000
5, 1.0500, 105, 1.41590476, 1.05582821, 0.12280644, -38.01905823, 30.00716782, -162.13357544, 10.78631973, 41.06986237, -102.54311371, 5.89114141, -2.91023922, 21.57865906, 0.98046368, -0.05520996, 0.01529552, -0.18817256, -0.66147733, -0.01936865, 0.66199052, 0.00000000, 0.00000000, 0.00000000, 0.00000000
5, 1.0600, 106, 1.43424213, 1.09781003, 0.06999918, -41.19895935, 44.78162766, -147.43963623, 10.75708866, 42.41449738, -101.87079620, 5.46629000, -4.44550467, 21.52037239, 0.98021609, -0.05404340, 0.02916343, -0.18816285, -0.68791759, 0.04749431, 0.69867694, 0.00000000, 0.00000000, 0.00000000, 0.00000000
5, 1.0700, 107, 1.48147416, 1.03419471, 0.01318316, -38.02655029, 50.04029846, -134.56063843, 10.78631973, 43.64220810, -101.11078644, 5.03347826, -5.85807705, 21.40276337, 0.97996145, -0.05257063, 0.04201872, -0.18747360, -0.79261613, 0.09861654, 0.66356051, 0.00000000, 0.00000000, 0.00000000, 0.00000000
5, 1.0800, 108, 1.47732544, 0.82134306, -0.00602249, -35.69403839, 45.17304993, -128.99282837, 10.78631973, 44.51914597, -100.90616608, 4.63895702, -7.20908880, 21.31913185, 0.97952527, -0.05131406, 0.05426280, -0.18695642, -0.92744201, 0.08320178, 0.48421335, 0.00000000, 0.00000000, 0.00000000, 0.00000000
5, 1.0900, 109, 1.48460436, 0.74306118, 0.00181898, -37.56477737, 35.75857162, -126.33665466, 10.78631973, 44.51914597, -100.90616608, 4.57807922, -1.43861103, 20.26120567, 0.98345816, -0.04152122, 0.00532363, -0.17623189, -0.96635610, 0.06552277, 0.42461938, 0.00000000, 0.00000000, 0.00000000, 0.00000000
5, 1.1000, 110, 1.47125590, 0.75950241, -0.06408551, -38.12674713, 23.01251984, -121.53323364, 10.43554497, 43.96375275, -100.93539429, 4.25848866, -2.68830991, 20.38047028, 0.98312145, -0.04070484, 0.01650048, -0.17760396, -0.88323200, 0.13477130, 0.41367689, 0.00000000, 0.00000000, 0.00000000, 0.00000000
5, 1.1100, 111, 1.34103072, 0.70750153, -0.09900744, -35.52104568, 8.81042004, -115.87593079, 10.23092651, 46.85764313, -100.11692047, 4.02152109, -3.86126351, 20.60580826, 0.98250055, -0.04052356, 0.02685402, -0.17980343, -0.82558399, 0.16357352, 0.29546764, 0.00000000, 0.00000000, 0.00000000, 0.00000000
4, 1.2100, 119, 0.34192532, 1.10352230, -0.33366039, -12.96102333, 80.27119446, -138.96406555, -22.39111328, 2.83542824, -83.39666748, -4.61710072, 31.01615906, -18.90347099, 1.00000000, 0.00000000, 0.00000000, 0.00000000, -0.27183315, 0.16814075, 0.04730275, 101.52100372, -16.30300331, 39.25999832, 0.00000000
4, 1.2200, 120, 0.43657538, 1.06377959, -0.31539953, -2.99583220, 69.79870605, -126.64859772, -22.82958221, 3.39082146, -82.72434998, -4.70259428, 29.85255814, -19.80274010, 1.00000000, 0.00000000, 0.00000000, 0.00000000, -0.35777527, 0.16125189, -0.04188024, 101.52100372, -16.30300331, 39.25999832, 0.00000000
4, 1.2300, 121, 0.45603040, 0.97160679, -0.26181763, 2.37982321, 62.93526840, -111.90022278, -22.82958221, 3.39082146, -82.72434998, -4.70389080, 28.82734489, -20.57652092, 1.00000000, 0.00000000, 0.00000000, 0.00000000, -0.34914467, 0.12893653, -0.15113476, 101.52100372, -16.30300331, 39.25999832, 0.00000000
5, 1.1200, 112, 1.30849802, 0.67776012, -0.09991435, -34.41251373, 2.00447750, -111.25011444, 9.99707699, 47.82227325, -100.40923309, 3.81657362, -4.97777462, 20.88262939, 0.98170644, -0.04058300, 0.03665368, -0.18237902, -0.83387631, 0.16248852, 0.25433457, 0.00000000, 0.00000000, 0.00000000, 0.00000000
4, 1.2400, 122, 0.41218141, 0.90465379, -0.21631929, 5.35398054, 59.51413727, -99.16625977, -23.00496864, 4.15083313, -82.81204224, -4.65815544, 27.92510986, -21.27922630, 1.00000000, 0.00000000, 0.00000000, 0.00000000, -0.29225779, 0.09825870, -0.20845787, 101.52100372, -16.30300331, 39.25999832, 0.00000000
2, 1.0900, 109, -0.23348176, -0.11151674, 1.57411456, 34.97576141, 120.10405731, -39.72060394, 17.62642479, 17.10026360, 83.33820343, -31.62174797, -32.29070282, -18.12238884, 0.90075207, 0.30058753, 0.22299792, 0.22037391, -0.35871384, -0.84260583, 0.28303716, 0.00000000, 0.00000000, 0.00000000, 0.00000000
2, 1.1000, 110, -0.20757706, -0.09506387, 1.54311013, 38.62306213, 113.46151733, -41.11404800, 16.92487526, 17.59719276, 83.45513153, -31.29652214, -33.49105072, -17.99879074, 0.89859378, 0.29851171, 0.23362392, 0.22099733, -0.34916732, -0.75010151, 0.27754205, 0.00000000, 0.00000000, 0.00000000, 0.00000000
2, 1.1100, 111, -0.17765954, -0.03092774, 1.53975534, 46.71368790, 101.07887268, -46.13601303, 16.42794418, 16.92487526, 83.27973938, -30.94576454, -34.58565140, -17.78266335, 0.89687842, 0.29594103, 0.24366899, 0.22057529, -0.39612460, -0.71355373, 0.32834083, 0.00000000, 0.00000000, 0.00000000, 0.00000000
5, 1.1300, 113, 1.27122426, 0.70662761, -0.10347202, -33.06846619, -3.68485761, -100.04592896, 9.50014591, 48.58228683, -99.88307190, 3.63297510, -5.97401142, 21.19298553, 0.98081416, -0.04069312, 0.04537394, -0.18517262, -0.80577159, 0.17504516, 0.25889602, 0.00000000, 0.00000000, 0.00000000, 0.00000000
2, 1.1200, 112, -0.11830844, -0.04305480, 1.60404015, 56.67778778, 81.90731812, -52.98845291, 15.58023930, 18.32797432, 83.51358795, -30.58116150, -35.51512909, -17.42647552, 0.89585656, 0.29281843, 0.25275174, 0.21866640, -0.47017303, -0.77815843, 0.36879277, 0.00000000, 0.00000000, 0.00000000, 0.00000000
4, 1.2500, 123, 0.35874146, 0.87572575, -0.22312468, 6.09656048, 58.57175064, -90.75382996, -22.80035019, 4.99853849, -82.63665771, -3.29723358, 30.67282677, -22.54610825, 1.00000000, 0.00000000, 0.00000000, 0.00000000, -0.23189713, 0.10511333, -0.21013708, 101.52100372, -16.30300331, 39.25999832, 0.00000000
4, 1.2600, 124, 0.32966042, 0.90645319, -0.23580089, 12.42179203, 60.74652481, -84.62046814, -23.88190651, 5.20315695, -82.37357330, -3.21324039, 29.93345833, -23.24439621, 1.00000000, 0.00000000, 0.00000000, 0.00000000, -0.19016254, 0.09417139, -0.15339570, 101.52100372, -16.30300331, 39.25999832, 0.00000000
4, 1.2700, 125, 0.32593319, 0.92487025, -0.23135263, 18.47482491, 58.88411331, -76.26908112, -23.88190651, 5.20315695, -82.37357330, -3.05024290, 29.27636337, -23.87852478, 1.00000000, 0.00000000, 0.00000000, 0.00000000, -0.20440128, 0.08432934, -0.14238350, 101.52100372, -16.30300331, 39.25999832, 0.00000000
4, 1.2800, 126, 0.37254405, 0.92830575, -0.24825269, 21.02871513, 46.19028473, -66.19071198, -24.23267937, 5.29085064, -81.64279175, -2.84206223, 28.70093346, -24.35331154, 1.00000000, 0.00000000, 0.00000000, 0.00000000, -0.25878841, 0.09747955, -0.16115816, 101.52100372, -16.30300331, 39.25999832, 0.00000000
5, 1.1400, 114, 1.22512722, 0.74347889, -0.10186131, -30.79198265, -8.13739681, -87.05398560, 9.41245270, 49.22537231, -100.55538940, 4.81495953, -0.79214174, 21.20735741, 0.98197913, -0.04255868, -0.00094089, -0.18413299, -0.73681784, 0.17773533, 0.26491877, 0.00000000, 0.00000000, 0.00000000, 0.00000000
5, 1.1500, 115, 1.20205915, 0.73445272, -0.08841758, -27.34400177, -9.46252918, -74.05500031, 9.41245270, 49.22537231, -100.55538940, 4.70668316, -1.52640414, 21.49462700, 0.98144156, -0.04281995, 0.00541883, -0.18684146, -0.65541428, 0.14718363, 0.24386998, 0.00000000, 0.00000000, 0.00000000, 0.00000000
5, 1.1600, 116, 1.16999722, 0.67575443, -0.09548811, -24.49303246, -8.69699669, -62.03262711, 9.29552746, 50.33615875, -100.00000000, 4.60333061, -2.14072824, 21.75151634, 0.98093361, -0.04295434, 0.01075375, -0.18923151, -0.67168075, 0.14457551, 0.17709658, 0.00000000, 0.00000000, 0.00000000, 0.00000000
2, 1.1300, 113, -0.11475129, -0.12579222, 1.67646492, 59.16091919, 62.21429062, -56.35826492, 15.58023930, 18.32797432, 83.51358795, -30.25928497, -36.26649857, -16.96544456, 0.89537615, 0.28964603, 0.26056451, 0.21566896, -0.48525870, -0.89603943, 0.36304551, 0.00000000, 0.00000000, 0.00000000, 0.00000000
2, 1.1400, 114, -0.10103862, -0.15343189, 1.67846882, 53.38266373, 50.47655487, -54.80887985, 14.70330334, 19.17568016, 84.18591309, -34.95843124, -31.03131866, -15.32505131, 0.90014619, 0.32085073, 0.21428184, 0.20217566, -0.48690188, -0.90056759, 0.34571111, 0.00000000, 0.00000000, 0.00000000, 0.00000000
2, 1.1500, 115, -0.03260561, -0.12811188, 1.58832872, 43.03901672, 44.64894867, -52.68622208, 14.67407131, 18.91259766, 83.54282379, -34.78926849, -31.57301140, -14.82314777, 0.90011197, 0.31876093, 0.22033407, 0.19910499, -0.49950334, -0.75479764, 0.29715955, 0.00000000, 0.00000000, 0.00000000, 0.00000000
4, 1.2900, 127, 0.42521143, 0.92773241, -0.28298154, 22.24693298, 24.71321487, -52.75411987, -24.14498711, 4.96930695, -81.75971985, -2.60202932, 28.22501183, -24.58217812, 1.00000000, 0.00000000, 0.00000000, 0.00000000, -0.31721127, 0.12832895, -0.18189691, 101.52100372, -16.30300331, 39.25999832, 0.00000000
4, 1.3000, 128, 0.43907228, 0.88220865, -0.29506716, 23.82290840, 2.45215631, -36.59996033, -24.90499878, 4.53083897, -81.84741211, -0.56381547, 32.16951370, -24.60012436, 1.00000000, 0.00000000, 0.00000000, 0.00000000, -0.30195802, 0.13869604, -0.22016764, 101.52100372, -16.30300331, 39.25999832, 0.00000000
4, 1.3100, 129, 0.42460895, 0.84089065, -0.29577756, 23.36257362, -15.52970505, -21.89437866, -24.46652985, 5.43700647, -81.75971985, -0.27359465, 31.92476845, -24.36719322, 1.00000000, 0.00000000, 0.00000000, 0.00000000, -0.22742732, 0.12295086, -0.22557275, 101.52100372, -16.30300331, 39.25999832, 0.00000000
4, 1.3200, 130, 0.39352795, 0.82652718, -0.29352516, 23.00568581, -28.33840179, -9.27774525, -24.46652985, 5.43700647, -81.75971985, 0.03207070, 31.77658081, -23.97683334, 1.00000000, 0.00000000, 0.00000000, 0.00000000, -0.19584981, 0.11924911, -0.22735858, 101.52100372, -16.30300331, 39.25999832, 0.00000000
2, 1.1600, 116, 0.01440187, -0.11293566, 1.46658134, 35.25078964, 40.04623413, -44.47702026, 14.41099072, 20.02338409, 83.98129272, -34.65767670, -32.05430222, -14.40435791, 0.89995718, 0.31706211, 0.22559072, 0.19661544, -0.55314612, -0.66019183, 0.22665611, 0.00000000, 0.00000000, 0.00000000, 0.00000000
2, 1.1700, 117, 0.04745512, -0.08088576, 1.32538295, 31.33569145, 36.90996933, -31.57333946, 13.88482857, 19.49722290, 83.04589081, -34.49184036, -32.47911835, -14.12685585, 0.89978158, 0.31532663, 0.23005190, 0.19503452, -0.59196597, -0.53970629, 0.15478650, 0.00000000, 0.00000000, 0.00000000, 0.00000000
5, 1.1700, 117, 1.13498187, 0.62246799, -0.09654935, -20.88513374, -9.65802479, -54.02192688, 8.74013424, 50.42385101, -100.00000000, 4.52518272, -2.67248392, 21.99126244, 0.98043406, -0.04318848, 0.01534572, -0.19143730, -0.68024272, 0.13675357, 0.11427918, 0.00000000, 0.00000000, 0.00000000, 0.00000000
5, 1.1800, 118, 1.12332535, 0.60322607, -0.09768165, -18.31323624, -10.70127869, -48.05056000, 8.56474686, 51.21309662, -100.26307678, 4.46632528, -3.14236093, 22.22148323, 0.97993690, -0.04350119, 0.01937828, -0.19353552, -0.68929869, 0.13531235, 0.09222782, 0.00000000, 0.00000000, 0.00000000, 0.00000000
5, 1.1900, 119, 1.09197593, 0.58841729, -0.11202539, -15.83471680, -16.19526863, -43.90163803, 8.74013424, 48.34843445, -99.91230774, 5.75459099, 2.57573533, 21.79082870, 0.98070151, -0.04503693, -0.03152837, -0.18762293, -0.65309155, 0.14144412, 0.06139200, 0.00000000, 0.00000000, 0.00000000, 0.00000000
5, 1.2000, 120, 1.08562839, 0.56572139, -0.13833177, -12.91880989, -25.89366341, -41.48843765, 8.74013424, 48.34843445, -99.91230774, 5.83927155, 2.18563342, 22.10502243, 0.98018599, -0.04632981, -0.02845697, -0.19047143, -0.58917648, 0.14499666, 0.03578747, 0.00000000, 0.00000000, 0.00000000, 0.00000000
5, 1.2100, 121, 1.05806196, 0.53321648, -0.14823946, -11.24637794, -40.63358307, -41.37033081, 8.68167210, 50.97924423, -99.88307190, 6.01772642, 1.81291080, 22.53336334, 0.97941619, -0.04838583, -0.02574778, -0.19426768, -0.59077924, 0.14588891, -0.00754374, 0.00000000, 0.00000000, 0.00000000, 0.00000000
5, 1.2200, 122, 1.02421451, 0.54688108, -0.14020324, -11.37867832, -57.49126053, -40.73641205, 7.98012257, 51.71002579, -100.29231262, 6.28483200, 1.46250391, 23.10255814, 0.97833312, -0.05115157, -0.02346123, -0.19924198, -0.56048560, 0.13659599, -0.01294391, 0.00000000, 0.00000000, 0.00000000, 0.00000000
4, 1.3300, 131, 0.35725978, 0.83306849, -0.29060563, 23.82305145, -36.89474106, 1.80341244, -25.19731140, 6.37240553, -82.08126068, 0.36100665, 31.71715546, -23.46993446, 1.00000000, 0.00000000, 0.00000000, 0.00000000, -0.16676596, 0.11032283, -0.20764482, 101.52100372, -16.30300331, 39.25999832, 0.00000000
2, 1.1800, 118, 0.01267931, -0.04839685, 1.19226456, 32.46263504, 32.73290634, -18.98096466, 13.88482857, 19.49722290, 83.04589081, -34.24230194, -32.83714294, -13.98540974, 0.89976484, 0.31317389, 0.23373833, 0.19419536, -0.56206280, -0.42528009, 0.08857423, 0.00000000, 0.00000000, 0.00000000, 0.00000000
2, 1.1900, 119, -0.08581989, 0.00368430, 1.08291042, 37.39360428, 27.36812210, -14.58812523, 13.85559750, 20.19877243, 83.98129272, -36.36799240, -28.18493652, -12.67117405, 0.90745354, 0.32635620, 0.19651376, 0.17720622, -0.44922841, -0.30145991, 0.04881399, 0.00000000, 0.00000000, 0.00000000, 0.00000000
5, 1.2300, 123, 0.99866754, 0.57694066, -0.10830019, -12.67578983, -72.27294922, -40.66912842, 8.15550995, 52.64542389, -100.73078156, 6.61863518, 1.12389123, 23.80130005, 0.97694480, -0.05446380, -0.02148432, -0.20530745, -0.52566314, 0.10571885, 0.00381316, 0.00000000, 0.00000000, 0.00000000, 0.00000000
5, 1.2400, 124, 0.97474939, 0.60459161, -0.08398276, -14.63673401, -86.65141296, -40.95183563, 7.89242887, 52.96696854, -101.19847870, 7.40322399, 5.50665617, 23.52289009, 0.97646683, -0.05336082, -0.06007411, -0.20014109, -0.47367761, 0.07931620, 0.01972775, 0.00000000, 0.00000000, 0.00000000, 0.00000000
4, 1.3400, 132, 0.32742295, 0.84935862, -0.30078879, 25.69080925, -43.55233002, 11.83226109, -25.19731140, 5.72931862, -82.08126068, 0.72375196, 31.73886108, -22.86202812, 1.00000000, 0.00000000, 0.00000000, 0.00000000, -0.14742723, 0.11176991, -0.17875543, 101.52100372, -16.30300331, 39.25999832, 0.00000000
5, 1.2500, 125, 0.94318068, 0.60320389, -0.04144455, -15.63696575, -103.74811554, -40.10225296, 7.89242887, 52.96696854, -101.19847870, 7.95312977, 5.18276167, 24.49983978, 0.97454715, -0.05813019, -0.05877593, -0.20838495, -0.38740987, 0.02415380, 0.01328999, 0.00000000, 0.00000000, 0.00000000, 0.00000000
2, 1.2000, 120, -0.16547944, 0.05380498, 0.97078794, 47.02177811, 21.31815147, -18.90537834, 13.38789845, 19.93569183, 84.03975677, -35.97924805, -28.42573738, -12.49890614, 0.90826565, 0.32303244, 0.19954331, 0.17574488, -0.31735954, -0.14981183, -0.00326994, 0.00000000, 0.00000000, 0.00000000, 0.00000000
2, 1.2100, 121, -0.23426548, 0.09012514, 0.88266259, 62.53582382, 11.11004353, -28.89293098, 13.59251690, 21.36802101, 83.77667236, -35.50128174, -28.58528137, -12.19314098, 0.90970027, 0.31873825, 0.20241475, 0.17285773, -0.25114882, -0.06722726, -0.03925355, 0.00000000, 0.00000000, 0.00000000, 0.00000000
2, 1.2200, 122, -0.25842446, 0.08712065, 0.83626121, 85.55649567, -2.01232624, -42.96313858, 13.76790428, 20.11107826, 83.80590057, -34.88579559, -28.64517021, -11.69958496, 0.91199237, 0.31297958, 0.20517468, 0.16797943, -0.22810161, -0.04305870, -0.07734647, 0.00000000, 0.00000000, 0.00000000, 0.00000000
4, 1.3500, 133, 0.30375054, 0.86739010, -0.28718355, 28.36748123, -49.17388535, 20.79823685, -24.67114830, 5.05700064, -82.69511414, 2.15161610, 34.07619095, -22.09766579, 1.00000000, 0.00000000, 0.00000000, 0.00000000, -0.12301508, 0.08541956, -0.14917615, 101.52100372, -16.30300331, 39.25999832, 0.00000000
2, 1.2300, 123, -0.28907427, 0.06772653, 0.82188457, 105.86230469, -13.36423016, -53.17312241, 13.76790428, 20.11107826, 83.80590057, -34.13728714, -28.61925316, -11.06377792, 0.91498721, 0.30586281, 0.20775773, 0.16150287, -0.19723481, -0.05474765, -0.10705014, 0.00000000, 0.00000000, 0.00000000, 0.00000000
2, 1.2400, 124, -0.29174092, 0.09334441, 0.85897648, 123.77729034, -23.18358421, -59.02231979, 13.44636059, 22.30341911, 84.18591309, -34.64023590, -26.64890289, -10.01450157, 0.91942388, 0.30779353, 0.19388999, 0.14943095, -0.18671319, -0.06780542, -0.07072093, 0.00000000, 0.00000000, 0.00000000, 0.00000000
5, 1.2600, 126, 0.88029093, 0.64035988, 0.00943198, -17.01852798, -118.62899780, -38.82695389, 7.39549828, 52.14849472, -102.28003693, 8.57469749, 4.87159967, 25.60634804, 0.97223383, -0.06344222, -0.05787897, -0.21768445, -0.31494656, -0.02882018, 0.01939677, 0.00000000, 0.00000000, 0.00000000, 0.00000000
4, 1.3600, 134, 0.29655960, 0.87418151, -0.25504503, 30.95920181, -57.40579987, 29.03783226, -25.13884735, 5.23238802, -83.60128784, 2.64543390, 34.21360397, -21.25145912, 1.00000000, 0.00000000, 0.00000000, 0.00000000, -0.09009303, 0.03510457, -0.12840115, 101.52100372, -16.30300331, 39.25999832, 0.00000000
4, 1.3700, 135, 0.27394167, 0.88535935, -0.21728148, 29.84193802, -65.02130890, 34.92541122, -25.13884735, 5.23238802, -83.60128784, 3.14790821, 34.38316727, -20.31047630, 1.00000000, 0.00000000, 0.00000000, 0.00000000, -0.06863069, -0.01130696, -0.11405347, 101.52100372, -16.30300331, 39.25999832, 0.00000000
2, 1.2500, 125, -0.26892421, 0.09183576, 0.88324231, 138.19897461, -33.83007431, -61.75008011, 13.56328583, 23.76498032, 83.65974426, -33.61054993, -26.44344521, -9.24385262, 0.92355824, 0.29818389, 0.19556013, 0.14100663, -0.18548508, -0.07867187, -0.06539834, 0.00000000, 0.00000000, 0.00000000, 0.00000000
5, 1.2700, 127, 0.78161532, 0.69652343, 0.06037769, -17.23344231, -129.77716064, -36.63629150, 7.71704149, 52.87927628, -103.33235931, 9.25284290, 4.57675934, 26.80433273, 0.96957088, -0.06917460, -0.05739569, -0.22771226, -0.20200983, -0.07924700, 0.02226087, 0.00000000, 0.00000000, 0.00000000, 0.00000000
2, 1.2600, 126, -0.28808346, 0.07624026, 0.92023760, 146.62777710, -43.23323822, -61.13029861, 13.53405380, 25.16807938, 83.89360046, -32.50377274, -26.15742111, -8.45195293, 0.92792809, 0.28786880, 0.19656824, 0.13206783, -0.16244391, -0.12925471, -0.06209537, 0.00000000, 0.00000000, 0.00000000, 0.00000000
2, 1.2700, 127, -0.31627494, 0.08293124, 0.92960203, 150.07336426, -49.13936615, -56.57052231, 14.99561501, 26.04501534, 83.68898010, -31.34644318, -25.81655121, -7.68812943, 0.93232942, 0.27715054, 0.19694729, 0.12313065, -0.12932150, -0.14522317, -0.06212616, 0.00000000, 0.00000000, 0.00000000, 0.00000000
4, 1.3800, 136, 0.27195916, 0.89263880, -0.18494864, 26.92602539, -73.85359955, 40.09651184, -24.58345413, 5.20315695, -83.86436462, 3.64085913, 34.57391357, -19.27167320, 1.00000000, 0.00000000, 0.00000000, 0.00000000, -0.06441969, -0.05150655, -0.11056545, 101.52100372, -16.30300331, 39.25999832, 0.00000000
2, 1.2800, 128, -0.31809711, 0.10571447, 0.91595817, 152.51033020, -51.01390457, -51.42804718, 14.99561501, 26.04501534, 83.68898010, -30.14147377, -25.45763206, -6.96782970, 0.93665266, 0.26608148, 0.19695303, 0.11442029, -0.12203949, -0.13423541, -0.06686223, 0.00000000, 0.00000000, 0.00000000, 0.00000000
2, 1.2900, 129, -0.28895235, 0.15006602, 0.87973815, 155.46934509, -55.30831909, -44.62438965, 14.17714119, 27.94504547, 83.25051117, -30.25455284, -23.61021423, -6.33163214, 0.94054013, 0.26596135, 0.18308561, 0.10549191, -0.13946727, -0.08688917, -0.07163339, 0.00000000, 0.00000000, 0.00000000, 0.00000000
4, 1.3900, 137, 0.25557590, 0.90126067, -0.15569203, 22.71569443, -82.79977417, 45.76446152, -25.10961723, 4.44314528, -84.62437439, 4.11099863, 34.78963852, -18.13778496, 1.00000000, 0.00000000, 0.00000000, 0.00000000, -0.04762151, -0.08864366, -0.09895155, 101.52100372, -16.30300331, 39.25999832, 0.00000000
4, 1.4000, 138, 0.23988745, 0.90934896, -0.13177934, 17.85267639, -92.06042480, 50.51587296, -24.96346092, 3.24466538, -84.59514618, 2.61808372, 35.89961624, -19.82712364, 1.00000000, 0.00000000, 0.00000000, 0.00000000, -0.02830381, -0.11300863, -0.08509389, 101.52100372, -16.30300331, 39.25999832, 0.00000000
4, 1.4100, 139, 0.22286728, 0.91124690, -0.11160949, 12.30375671, -101.91041565, 54.27661896, -24.96346092, 3.24466538, -84.59514618, 3.04219174, 36.16945648, -18.50159073, 1.00000000, 0.00000000, 0.00000000, 0.00000000, 0.00108772, -0.11809555, -0.07165134, 101.52100372, -16.30300331, 39.25999832, 0.00000000
5, 1.2800, 128, 0.70846254, 0.71831882, 0.08650318, -17.03867912, -135.57629395, -36.58420563, 7.22011089, 53.81467438, -104.20929718, 9.96039104, 4.27134752, 28.04637146, 0.96664762, -0.07516972, -0.05703983, -0.23809329, -0.13136657, -0.11267617, 0.00668604, 0.00000000, 0.00000000, 0.00000000, 0.00000000
5, 1.2900, 129, 0.66493225, 0.72150731, 0.10845699, -16.25102425, -136.88600159, -33.96148682, 7.16164875, 52.41157532, -105.32008362, 8.45131207, 5.00626707, 26.10566711, 0.97131383, -0.06187547, -0.05905569, -0.22188553, -0.09144501, -0.13627619, -0.01001480, 0.00000000, 0.00000000, 0.00000000, 0.00000000
4, 1.4200, 140, 0.20480226, 0.91383654, -0.10174057, 6.35129118, -112.31282806, 58.01849747, -25.13884735, 4.29698896, -85.53054810, 3.43044305, 36.44280243, -17.07612419, 1.00000000, 0.00000000, 0.00000000, 0.00000000, 0.02109046, -0.13377300, -0.06046373, 101.52100372, -16.30300331, 39.25999832, 0.00000000
2, 1.3000, 130, -0.29880911, 0.18821375, 0.86017936, 160.42799377, -62.43033218, -33.87325287, 15.34638977, 28.70505714, 83.89360046, -28.88433647, -23.10354805, -5.76171970, 0.94507492, 0.25378847, 0.18139929, 0.09756579, -0.10514696, -0.04516035, -0.06921908, 0.00000000, 0.00000000, 0.00000000, 0.00000000
2, 1.3100, 131, -0.34400713, 0.24177259, 0.85487688, 164.41085815, -67.84817505, -25.78305435, 14.82022762, 29.61122513, 83.19204712, -27.44843864, -22.53267670, -5.24511814, 0.94961005, 0.24111734, 0.17894672, 0.08989606, -0.05149916, -0.02266262, -0.04762299, 0.00000000, 0.00000000, 0.00000000, 0.00000000
2, 1.3200, 132, -0.27393574, 0.24265273, 0.80466974, 164.23336792, -72.95958710, -19.70675468, 15.69716454, 31.21894073, 82.75357819, -25.99816895, -21.90499687, -4.75821257, 0.95402694, 0.22833271, 0.17579931, 0.08241054, -0.11152273, -0.00424353, -0.09638073, 0.00000000, 0.00000000, 0.00000000, 0.00000000
4, 1.4300, 141, 0.18660992, 0.90913045, -0.09489594, 1.60324323, -122.44776917, 61.35550308, -25.37269783, 4.18006420, -86.17362976, 3.79768467, 36.71565247, -15.54782295, 1.00000000, 0.00000000, 0.00000000, 0.00000000, 0.04394888, -0.14458825, -0.05510084, 101.52100372, -16.30300331, 39.25999832, 0.00000000
2, 1.3300, 133, -0.25773284, 0.24049614, 0.79948288, 173.16371155, -81.67457581, -4.75267553, 15.69716454, 31.21894073, 82.75357819, -24.41639709, -21.15324402, -4.37032127, 0.95860171, 0.21456106, 0.17134297, 0.07541973, -0.11621697, -0.02245601, -0.11667988, 0.00000000, 0.00000000, 0.00000000, 0.00000000
4, 1.4400, 142, 0.17117986, 0.91040570, -0.09105043, -2.94084835, -131.46144104, 64.70861053, -25.16807938, 3.80005836, -87.10903168, 4.14489555, 36.99055099, -13.92712212, 1.00000000, 0.00000000, 0.00000000, 0.00000000, 0.06157721, -0.15336049, -0.04499538, 101.52100372, -16.30300331, 39.25999832, 0.00000000
4, 1.4500, 143, 0.15273169, 0.92111015, -0.08449096, -6.55506039, -139.19755554, 68.09996033, -25.22654152, 2.89389062, -87.51826477, 1.91463161, 36.68706512, -14.98625278, 1.00000000, 0.00000000, 0.00000000, 0.00000000, 0.07629945, -0.15764454, -0.02770267, 101.52100372, -16.30300331, 39.25999832, 0.00000000
4, 1.4600, 144, 0.13793452, 0.93353242, -0.07214092, -9.30249214, -144.37693787, 71.34489441, -25.22654152, 2.89389062, -87.51826477, 2.21415854, 37.03987885, -13.25086689, 1.00000000, 0.00000000, 0.00000000, 0.00000000, 0.08408693, -0.14991903, -0.01519116, 101.52100372, -16.30300331, 39.25999832, 0.00000000
2, 1.3400, 134, -0.27379319, 0.25093257, 0.80328262, 176.98454285, -89.02693176, 14.83417606, 16.39871407, 32.50511551, 82.87050629, -24.06519890, -20.01203346, -4.66535139, 0.96088046, 0.21204367, 0.16143733, 0.07539351, -0.08564322, -0.03519924, -0.12022516, 0.00000000, 0.00000000, 0.00000000, 0.00000000
2, 1.3500, 135, -0.34869203, 0.27899492, 0.78204948, 180.24893188, -94.52189636, 33.27791595, 17.33411217, 34.40514374, 81.58432770, -22.30014610, -19.00405884, -4.56982279, 0.96562070, 0.19703194, 0.15423362, 0.07047758, 0.00818054, -0.00888276, -0.12466863, 0.00000000, 0.00000000, 0.00000000, 0.00000000
2, 1.3600, 136, -0.43907636, 0.36937344, 0.72201073, 188.24716187, -94.77316284, 40.68660355, 18.09412384, 35.13592529, 80.91201019, -20.44130516, -17.96548653, -4.51042604, 0.97021866, 0.18117405, 0.14664356, 0.06593472, 0.11541516, 0.07115822, -0.11586949, 0.00000000, 0.00000000, 0.00000000, 0.00000000
2, 1.3700, 137, -0.47341132, 0.49993250, 0.68949324, 201.14372253, -91.17139435, 31.08224869, 18.09412384, 35.13592529, 79.91815186, -18.48573685, -17.00513268, -4.34140348, 0.97456843, 0.16426785, 0.13981239, 0.06070531, 0.16539784, 0.15627766, -0.05890802, 0.00000000, 0.00000000, 0.00000000, 0.00000000
4, 1.4700, 145, 0.13723251, 0.95127779, -0.05437011, -10.82175636, -147.99876404, 75.49928284, -25.78193474, 2.98158431, -88.36597443, 2.52312708, 37.41716385, -11.46105194, 1.00000000, 0.00000000, 0.00000000, 0.00000000, 0.08406072, -0.17503846, 0.00159282, 101.52100372, -16.30300331, 39.25999832, 0.00000000
2, 1.3800, 138, -0.43615443, 0.62413657, 0.74968100, 207.62870789, -93.93711853, 15.68690109, 18.53259277, 36.91902924, 79.91815186, -16.51786423, -16.10155106, -3.98371172, 0.97858435, 0.14696251, 0.13357081, 0.05416363, 0.14200540, 0.16807729, 0.05755894, 0.00000000, 0.00000000, 0.00000000, 0.00000000
2, 1.3900, 139, -0.35218892, 0.70437396, 0.74225378, 217.61395264, -107.15522766, 6.98186064, 18.97106171, 37.09441757, 80.15200043, -11.94071198, -15.35317802, -2.31450391, 0.98518068, 0.10574389, 0.13074766, 0.03379837, 0.07203604, 0.18722370, 0.09399126, 0.00000000, 0.00000000, 0.00000000, 0.00000000
4, 1.4800, 146, 0.14131442, 0.97790521, -0.02052619, -12.93814373, -150.19827271, 80.16359711, -26.16194153, 2.77696586, -88.36597443, 2.83314300, 37.82692719, -9.63257122, 1.00000000, 0.00000000, 0.00000000, 0.00000000, 0.07779077, -0.21772638, 0.02162168, 101.52100372, -16.30300331, 39.25999832, 0.00000000
5, 1.3000, 130, 0.63786525, 0.73651981, 0.12633845, -15.73619080, -134.82870483, -31.67566681, 7.16164875, 52.41157532, -105.32008362, 9.16998291, 4.76747894, 27.33874321, 0.96851379, -0.06780887, -0.05915914, -0.23212801, -0.04989801, -0.13450888, -0.01136233, 0.00000000, 0.00000000, 0.00000000, 0.00000000
5, 1.3100, 131, 0.61914712, 0.76392174, 0.11382161, -15.09921360, -131.25666809, -30.05633545, 6.72318029, 53.93159866, -105.32008362, 9.86528111, 4.52825499, 28.53460121, 0.96565068, -0.07356729, -0.05931986, -0.24204934, -0.02512611, -0.12899286, 0.00075067, 0.00000000, 0.00000000, 0.00000000, 0.00000000
2, 1.4000, 140, -0.27528808, 0.75376457, 0.73364401, 238.84791565, -127.51068878, 11.00484943, 19.87722778, 40.13446426, 78.80736542, -9.74291801, -14.24931240, -1.60739088, 0.98844934, 0.08599000, 0.12238632, 0.02439962, 0.00977593, 0.16195674, 0.10400392, 0.00000000, 0.00000000, 0.00000000, 0.00000000
2, 1.4100, 141, -0.22030617, 0.77271432, 0.74410361, 266.57226562, -149.13438416, 25.49937057, 20.57877731, 41.53756332, 77.78427124, -7.26944542, -12.91400337, -0.83487290, 0.99157959, 0.06380917, 0.11176939, 0.01435389, -0.02440348, 0.12869321, 0.11260917, 0.00000000, 0.00000000, 0.00000000, 0.00000000
4, 1.4900, 147, 0.14996265, 1.01237118, 0.01693279, -15.38093662, -151.40597534, 84.24230194, -26.19117165, 1.75387311, -89.27214050, 3.13919497, 38.26588821, -7.77813005, 1.00000000, 0.00000000, 0.00000000, 0.00000000, 0.06485527, -0.26545492, 0.04640277, 101.52100372, -16.30300331, 39.25999832, 0.00000000
4, 1.5000, 148, 0.15582763, 1.05559909, 0.05258313, -17.84358788, -152.31756592, 88.13489532, -26.36655998, 1.66617942, -89.94445801, -0.92758155, 37.83147430, -10.10861397, 1.00000000, 0.00000000, 0.00000000, 0.00000000, 0.04794974, -0.29817256, 0.07808471, 101.52100372, -16.30300331, 39.25999832, 0.00000000
2, 1.4200, 142, -0.17749484, 0.83663982, 0.83267635, 296.03799438, -171.67059326, 48.82548523, 20.57877731, 41.53756332, 77.78427124, -4.48845959, -11.29096699, -0.03181640, 0.99438524, 0.03899653, 0.09828660, 0.00412829, -0.04268627, 0.06387359, 0.20824280, 0.00000000, 0.00000000, 0.00000000, 0.00000000
4, 1.5100, 149, 0.14981005, 1.09586632, 0.09251445, -20.17595291, -153.94697571, 91.62769318, -26.36655998, 1.66617942, -89.94445801, -0.69177949, 38.43346405, -8.27379417, 1.00000000, 0.00000000, 0.00000000, 0.00000000, 0.03854170, -0.30430150, 0.10667204, 101.52100372, -16.30300331, 39.25999832, 0.00000000
4, 1.5200, 150, 0.10955726, 1.13090014, 0.09791024, -21.77548599, -153.80720520, 93.49680328, -26.54194641, 1.60771704, -90.20754242, -0.44827044, 39.04800415, -6.42625332, 1.00000000, 0.00000000, 0.00000000, 0.00000000, 0.06941739, -0.32010102, 0.16034573, 101.52100372, -16.30300331, 39.25999832, 0.00000000
2, 1.4300, 143, -0.09348209, 0.97747302, 0.97092271, 319.05746460, -195.89007568, 75.48703003, 21.86495209, 43.52528381, 76.58579254, -1.46233463, -9.35082722, 0.82588363, 0.99657297, 0.01213072, 0.08159371, -0.00614244, -0.09778455, 0.01015411, 0.39496106, 0.00000000, 0.00000000, 0.00000000, 0.00000000
2, 1.4400, 144, 0.00580832, 1.12676215, 1.13270891, 319.89764404, -221.84646606, 97.19383240, 23.32651329, 44.78222656, 74.74422455, 0.69876707, -5.50113297, 1.46892917, 0.99874365, -0.00670545, 0.04790508, -0.01309606, -0.15594290, -0.05368122, 0.60577172, 0.00000000, 0.00000000, 0.00000000, 0.00000000
5, 1.3200, 132, 0.61742342, 0.78206539, 0.10938764, -12.27874756, -131.77558899, -28.45715714, 5.55393171, 54.83776474, -106.48932648, 10.57938671, 4.29324389, 29.71664047, 0.96265674, -0.07948215, -0.05967424, -0.25182068, -0.01865615, -0.13324469, 0.01588478, 0.00000000, 0.00000000, 0.00000000, 0.00000000
2, 1.4500, 145, -0.03844786, 1.10364330, 1.24819839, 295.19998169, -243.27532959, 115.96095276, 25.66501045, 45.62993240, 71.90879822, 3.55734015, -3.02747416, 2.57276201, 0.99889916, -0.03161276, 0.02570067, -0.02325077, -0.04986829, -0.19326907, 0.66327560, 0.00000000, 0.00000000, 0.00000000, 0.00000000
4, 1.5300, 151, 0.04292282, 1.14617014, 0.08700848, -20.76269531, -149.21603394, 91.23809814, -26.83425903, 0.93539900, -90.47061920, -0.18049771, 39.64316940, -4.61180353, 1.00000000, 0.00000000, 0.00000000, 0.00000000, 0.13078803, -0.31612432, 0.21063849, 101.52100372, -16.30300331, 39.25999832, 0.00000000
2, 1.4600, 146, -0.22152181, 1.11000764, 1.42656827, 247.66429138, -236.58418274, 135.96977234, 27.00964546, 46.85764313, 70.15492249, 5.99228764, -0.49110684, 3.60431218, 0.99812299, -0.05237699, 0.00263397, -0.03162898, 0.17590232, -0.36407727, 0.79340506, 0.00000000, 0.00000000, 0.00000000, 0.00000000
2, 1.4700, 147, -0.43596315, 1.12306046, 1.53797853, 173.83258057, -178.39611816, 157.27079773, 27.00964546, 46.85764313, 70.15492249, 7.73137617, 1.83350813, 4.12473965, 0.99698979, -0.06679102, -0.01837883, -0.03482292, 0.43172434, -0.47143620, 0.88544744, 0.00000000, 0.00000000, 0.00000000, 0.00000000
4, 1.5400, 152, -0.03839610, 1.13875175, 0.08875670, -20.25728989, -140.75097656, 87.17648315, -26.48348427, 0.73078048, -92.07833862, 0.08909472, 40.20927048, -2.88348675, 1.00000000, 0.00000000, 0.00000000, 0.00000000, 0.21547964, -0.31995124, 0.24441755, 101.52100372, -16.30300331, 39.25999832, 0.00000000
4, 1.5500, 153, -0.11764744, 1.12121010, 0.08945844, -17.15640259, -128.47795105, 82.58773041, -26.48348427, 0.73078048, -92.07833862, -3.61651850, 36.38734436, -4.15159559, 1.00000000, 0.00000000, 0.00000000, 0.00000000, 0.28709972, -0.30681035, 0.25687215, 101.52100372, -16.30300331, 39.25999832, 0.00000000
4, 1.5600, 154, -0.21313068, 1.09765041, 0.10382139, -13.72483063, -112.82145691, 75.68052673, -27.79888916, 0.08769365, -92.07833862, -3.48944926, 36.96324539, -2.84183216, 1.00000000, 0.00000000, 0.00000000, 0.00000000, 0.34779257, -0.27701747, 0.24514633, 101.52100372, -16.30300331, 39.25999832, 0.00000000
2, 1.4800, 148, -0.45512569, 1.09020114, 1.48484802, 69.70516968, -57.41782379, 191.27832031, 28.50043869, 47.76381302, 68.31335449, 8.40409088, 3.72764564, 3.49779701, 0.99639273, -0.07221095, -0.03465664, -0.02803909, 0.48746651, -0.47403365, 0.82904887, 0.00000000, 0.00000000, 0.00000000, 0.00000000
2, 1.4900, 149, -0.26985404, 1.17508245, 1.42163885, -16.77120972, 64.56240845, 244.80456543, 29.69891739, 47.29611206, 68.22566223, 5.28240204, 3.42040610, -1.35789049, 0.99840641, -0.04641082, -0.02926464, 0.01320685, 0.32331499, -0.35816452, 0.84525633, 0.00000000, 0.00000000, 0.00000000, 0.00000000
2, 1.5000, 150, 0.01245346, 1.31895697, 1.50644696, -100.38509369, 173.05799866, 314.84960938, 31.04355431, 45.95147705, 69.19029236, 4.07554150, 4.79979229, -4.69466448, 0.99759227, -0.03721125, -0.04035715, 0.04238311, 0.03950876, -0.26960161, 0.99908030, 0.00000000, 0.00000000, 0.00000000, 0.00000000
4, 1.5700, 155, -0.29347119, 1.08680463, 0.14813417, -15.31787109, -95.59448242, 62.64551544, -27.82811928, -0.26308095, -92.37065125, -3.41366720, 37.43395615, -1.74505329, 1.00000000, 0.00000000, 0.00000000, 0.00000000, 0.43611306, -0.31992576, 0.26645121, 101.52100372, -16.30300331, 39.25999832, 0.00000000
4, 1.5800, 156, -0.41027847, 1.11534357, 0.25475603, -23.11705971, -80.32946014, 46.39254761, -27.74042702, -0.11692487, -92.45834351, -3.46846890, 37.76498795, -0.88266844, 1.00000000, 0.00000000, 0.00000000, 0.00000000, 0.54485250, -0.43032879, 0.32532713, 101.52100372, -16.30300331, 39.25999832, 0.00000000
4, 1.5900, 157, -0.49886990, 1.16380298, 0.31442174, -30.19068336, -67.23278809, 31.00922585, -28.61736298, -0.78924292, -92.39987946, -3.64524245, 37.96304703, -0.22916554, 1.00000000, 0.00000000, 0.00000000, 0.00000000, 0.61369443, -0.49700561, 0.39729252, 101.52100372, -16.30300331, 39.25999832, 0.00000000
2, 1.5100, 151, 0.25285751, 1.48169971, 1.74837792, -199.93101501, 289.06280518, 387.44442749, 31.71587181, 44.34375763, 71.20724487, 1.68392169, 5.87412930, -9.44938183, 0.99512339, -0.01884528, -0.04985060, 0.08300126, -0.18311384, -0.30007696, 1.28044140, 0.00000000, 0.00000000, 0.00000000, 0.00000000
2, 1.5200, 152, 0.55997396, 1.74128544, 1.82386386, -300.34686279, 408.76934814, 459.86502075, 31.71587181, 44.34375763, 71.20724487, -1.91787899, 6.40112591, -15.64662647, 0.98913598, 0.00895562, -0.05757841, 0.13496162, -0.47996455, -0.12193814, 1.51780105, 0.00000000, 0.00000000, 0.00000000, 0.00000000
4, 1.6000, 158, -0.62716061, 1.14835584, 0.28927186, -21.63729668, -47.91444778, 17.86429977, -28.61736298, -0.78924292, -92.39987946, -7.78647041, 30.39868927, -1.37815201, 1.00000000, 0.00000000, 0.00000000, 0.00000000, 0.70845449, -0.45077330, 0.42666972, 101.52100372, -16.30300331, 39.25999832, 0.00000000
5, 1.3300, 133, 0.58956641, 0.79075027, 0.11244581, -9.44630337, -133.50726318, -27.85096931, 5.32008171, 53.40543747, -107.16164398, 11.32074738, 4.05281591, 30.89505386, 0.95950413, -0.08563653, -0.06017115, -0.26152954, 0.00558764, -0.14710550, 0.01059887, 0.00000000, 0.00000000, 0.00000000, 0.00000000
5, 1.3400, 134, 0.54957736, 0.80148709, 0.12317788, -7.35859442, -135.62420654, -28.15584373, 5.05700064, 54.60391617, -107.57088470, 9.73087978, 3.30026007, 29.29513168, 0.96423119, -0.07476978, -0.04919865, -0.24949388, 0.03956366, -0.15848669, -0.00008435, 0.00000000, 0.00000000, 0.00000000, 0.00000000
5, 1.3500, 135, 0.54665583, 0.81067586, 0.14359798, -6.23282576, -136.24072266, -28.92096329, 4.20929527, 53.52236176, -108.79859924, 10.49506187, 3.07066655, 30.48162079, 0.96108502, -0.08119652, -0.04977641, -0.25931635, 0.03836905, -0.15972841, 0.00529503, 0.00000000, 0.00000000, 0.00000000, 0.00000000
4, 1.6100, 159, -0.72892314, 1.09182692, 0.20727128, -13.89006615, -17.10497475, 9.81495285, -28.35428238, 0.23384975, -92.95527649, -7.93151188, 30.47431755, -1.25973094, 1.00000000, 0.00000000, 0.00000000, 0.00000000, 0.73523432, -0.30841911, 0.38386428, 101.52100372, -16.30300331, 39.25999832, 0.00000000
2, 1.5300, 153, 0.86968952, 1.97224081, 1.85032737, -399.27267456, 505.37869263, 517.63079834, 32.30049515, 40.83601379, 74.04267883, -6.63553238, 6.15508413, -22.96261978, 0.97755468, 0.04596523, -0.06402794, 0.19538312, -0.79074740, 0.09207000, 1.70394909, 0.00000000, 0.00000000, 0.00000000, 0.00000000
2, 1.5400, 154, 1.24612451, 2.13802552, 1.85982299, -489.94851685, 572.00433350, 555.69421387, 31.24817276, 35.07746124, 77.78427124, -9.05136681, 9.30926704, -27.13912392, 0.96736127, 0.05747003, -0.09709045, 0.22689830, -1.16426146, 0.27628636, 1.83694375, 0.00000000, 0.00000000, 0.00000000, 0.00000000
2, 1.5500, 155, 1.58480346, 2.47564554, 1.73220038, -552.38171387, 586.63525391, 566.55426025, 27.91581345, 30.69277954, 80.85355377, -15.68981075, 7.64027691, -35.27138901, 0.94474059, 0.10979222, -0.10415936, 0.29079497, -1.47412705, 0.66640031, 2.00795007, 0.00000000, 0.00000000, 0.00000000, 0.00000000
5, 1.3600, 136, 0.55032074, 0.82402039, 0.14627998, -5.21681499, -137.96684265, -29.20287704, 4.20929527, 53.52236176, -108.79859924, 11.27260017, 2.82401323, 31.67387199, 0.95776099, -0.08776454, -0.05038605, -0.26917031, 0.03842896, -0.17302001, 0.02098977, 0.00000000, 0.00000000, 0.00000000, 0.00000000
5, 1.3700, 137, 0.57622808, 0.84367168, 0.17628859, -2.08984208, -139.24070740, -29.43078423, 3.65390229, 55.21777344, -109.61707306, 12.07769203, 2.56245923, 32.85654831, 0.95427871, -0.09459392, -0.05107337, -0.27891874, 0.02567421, -0.21221763, 0.05863135, 0.00000000, 0.00000000, 0.00000000, 0.00000000
4, 1.6200, 160, -0.87676394, 1.12126112, 0.04852410, -14.24659252, 28.65178299, 5.54546165, -28.32505035, 0.23384975, -93.21835327, -8.13407612, 30.54354668, -1.62754643, 1.00000000, 0.00000000, 0.00000000, 0.00000000, 0.84455013, -0.15641952, 0.50280643, 101.52100372, -16.30300331, 39.25999832, 0.00000000
4, 1.6300, 161, -0.93350416, 1.18169248, -0.16014686, -2.29923129, 82.57295227, -4.12639284, -28.85121346, 0.64308679, -93.24758911, -8.26006031, 30.56377602, -2.51126838, 1.00000000, 0.00000000, 0.00000000, 0.00000000, 0.85370874, 0.03789496, 0.61985445, 101.52100372, -16.30300331, 39.25999832, 0.00000000
4, 1.6400, 162, -0.88323563, 1.22117245, -0.26553771, 14.84054279, 134.68142700, -13.05293465, -27.30195808, -0.32154340, -91.99064636, -8.24714851, 30.54405594, -3.86575127, 1.00000000, 0.00000000, 0.00000000, 0.00000000, 0.78257179, 0.13351238, 0.65326637, 101.52100372, -16.30300331, 39.25999832, 0.00000000
2, 1.5600, 156, 1.67908895, 2.64991689, 1.67460382, -573.92028809, 555.97503662, 536.78320312, 25.02192307, 24.14498711, 82.84127045, -22.17938423, 5.19475746, -42.71542740, 0.91617018, 0.16275610, -0.11139520, 0.34890392, -1.60732746, 0.93859112, 2.12173700, 0.00000000, 0.00000000, 0.00000000, 0.00000000
4, 1.6500, 163, -0.81030315, 1.22540677, -0.29252887, 31.63304901, 178.20587158, -15.82948494, -27.30195808, -0.32154340, -91.99064636, -5.58413506, 23.80556297, -7.82926941, 1.00000000, 0.00000000, 0.00000000, 0.00000000, 0.68606663, 0.14959913, 0.61652893, 101.52100372, -16.30300331, 39.25999832, 0.00000000
4, 1.6600, 164, -0.60834783, 1.13931656, -0.27294904, 48.18244934, 209.74931335, -17.94712448, -26.48348427, -0.32154340, -91.40602112, -5.02172613, 23.90188217, -9.69706821, 1.00000000, 0.00000000, 0.00000000, 0.00000000, 0.46267188, 0.11736540, 0.40769070, 101.52100372, -16.30300331, 39.25999832, 0.00000000
4, 1.6700, 165, -0.30892372, 1.06800520, -0.26461300, 53.50082397, 225.88026428, -18.63925171, -25.54808426, 0.05846244, -90.73370361, -4.40252542, 24.03220558, -11.70074940, 1.00000000, 0.00000000, 0.00000000, 0.00000000, 0.22315782, 0.11406969, 0.21664429, 101.52100372, -16.30300331, 39.25999832, 0.00000000
4, 1.6800, 166, -0.02327034, 1.05576611, -0.31150979, 53.79719543, 226.47894287, -18.28569221, -24.67114830, -0.11692487, -89.59368134, -3.78488111, 24.18648148, -13.70906830, 1.00000000, 0.00000000, 0.00000000, 0.00000000, -0.03256802, 0.15263000, 0.09439106, 101.52100372, -16.30300331, 39.25999832, 0.00000000
4, 1.6900, 167, 0.22077602, 1.08895266, -0.37327975, 59.92148972, 216.40760803, -15.44276619, -23.64805603, -0.90616781, -88.80444336, -3.10733318, 24.37571907, -15.58657551, 1.00000000, 0.00000000, 0.00000000, 0.00000000, -0.27012229, 0.19586030, 0.03304543, 101.52100372, -16.30300331, 39.25999832, 0.00000000
2, 1.5700, 157, 1.63875115, 2.71101427, 1.54571140, -558.87359619, 488.47048950, 485.24554443, 25.02192307, 24.14498711, 82.84127045, -28.11630249, 2.40112257, -49.09000015, 0.88431209, 0.21246479, -0.11937111, 0.39824811, -1.61312103, 1.17441750, 2.11603665, 0.00000000, 0.00000000, 0.00000000, 0.00000000
5, 1.3800, 138, 0.58105522, 0.85626781, 0.16795690, 3.74386454, -137.57887268, -28.36128998, 3.50774622, 54.31160355, -110.61093140, 12.91458035, 2.30121708, 33.99082184, 0.95072979, -0.10169718, -0.05194737, -0.28822243, 0.02283636, -0.21571803, 0.07311661, 0.00000000, 0.00000000, 0.00000000, 0.00000000
5, 1.3900, 139, 0.50743020, 0.93067670, 0.11621652, 11.94355679, -136.86465454, -31.25282097, 2.54311609, 54.37006760, -111.07862854, 11.84301853, 0.43196806, 33.16548538, 0.95339888, -0.09780429, -0.03303686, -0.28350201, 0.10702826, -0.15695366, 0.08759037, 0.00000000, 0.00000000, 0.00000000, 0.00000000
5, 1.4000, 140, 0.45134771, 1.00643635, 0.10830379, 20.50465012, -137.40524292, -37.63149643, 1.92926037, 55.71470261, -112.36480713, 12.78671455, 0.10158975, 34.20526123, 0.94986415, -0.10617045, -0.03358940, -0.29216069, 0.16736773, -0.12518109, 0.11595805, 0.00000000, 0.00000000, 0.00000000, 0.00000000
4, 1.7000, 168, 0.41814372, 1.13621390, -0.40529186, 70.54232788, 204.63244629, -9.01076317, -23.64805603, -0.90616781, -88.80444336, -0.11226887, 28.66885185, -18.39152908, 1.00000000, 0.00000000, 0.00000000, 0.00000000, -0.45204151, 0.19696997, 0.00648547, 101.52100372, -16.30300331, 39.25999832, 0.00000000
2, 1.5800, 158, 1.45968151, 2.58612657, 1.44153547, -517.79449463, 408.85009766, 434.90997314, 21.39725113, 18.82490540, 83.33820343, -33.32203674, -0.36796716, -54.44551086, 0.85147727, 0.25635731, -0.12841894, 0.43906260, -1.48121405, 1.24907362, 1.99999940, 0.00000000, 0.00000000, 0.00000000, 0.00000000
4, 1.7100, 169, 0.48539659, 1.14274883, -0.44680658, 92.39524841, 199.93699646, 5.92937469, -22.65419388, -0.93539900, -87.37211609, 0.78868634, 29.14380646, -19.95776939, 1.00000000, 0.00000000, 0.00000000, 0.00000000, -0.46615794, 0.19674876, 0.01771360, 101.52100372, -16.30300331, 39.25999832, 0.00000000
5, 1.4100, 141, 0.45317245, 1.05613780, 0.13929062, 28.37867737, -136.24011230, -40.56071472, 1.92926037, 55.71470261, -112.36480713, 13.78731251, -0.26575086, 35.18619919, 0.94624931, -0.11510848, -0.03408397, -0.30033442, 0.18911274, -0.16260114, 0.16691940, 0.00000000, 0.00000000, 0.00000000, 0.00000000
5, 1.4200, 142, 0.44425437, 1.10623395, 0.16199845, 33.10826111, -132.62312317, -37.88827133, 1.90002918, 55.51008606, -112.80327606, 14.80006027, -0.61700106, 36.10739899, 0.94261909, -0.12410796, -0.03483777, -0.30798179, 0.21920934, -0.19222248, 0.21150151, 0.00000000, 0.00000000, 0.00000000, 0.00000000
5, 1.4300, 143, 0.39721304, 1.12907326, 0.15713868, 35.40412521, -128.69996643, -32.86410141, 0.08769365, 55.89009094, -113.94329071, 15.80141735, -0.93025798, 36.98218536, 0.93898594, -0.13290620, -0.03596820, -0.31519449, 0.26466411, -0.19995654, 0.20879865, 0.00000000, 0.00000000, 0.00000000, 0.00000000
5, 1.4400, 144, 0.27184886, 1.12263322, 0.13270085, 40.33065796, -122.54205322, -24.92835045, -0.90616781, 55.56854630, -114.76176453, 14.20719051, -5.11555290, 35.87932968, 0.94143844, -0.13117436, 0.00407884, -0.31059685, 0.34233680, -0.18284997, 0.13463591, 0.00000000, 0.00000000, 0.00000000, 0.00000000
5, 1.4500, 145, 0.11155389, 1.13617718, 0.19697739, 53.26127243, -100.94003296, -13.20362473, -1.81233561, 55.97778320, -115.46331024, 15.15213966, -5.19410467, 36.44874954, 0.93871236, -0.13914739, 0.00147312, -0.31536487, 0.43726793, -0.22605616, 0.06820665, 0.00000000, 0.00000000, 0.00000000, 0.00000000
5, 1.4600, 146, -0.10382503, 1.19307399, 0.12889546, 64.85605621, -64.50637054, -1.66921258, -1.81233561, 55.97778320, -115.46331024, 16.02225113, -5.13829374, 36.65835953, 0.93709219, -0.14612055, -0.00164738, -0.31702399, 0.64166468, -0.16338629, -0.00793643, 0.00000000, 0.00000000, 0.00000000, 0.00000000
2, 1.5900, 159, 1.20816386, 2.39549255, 1.45774543, -467.98120117, 323.63757324, 394.69113159, 17.74334908, 14.32329750, 83.30897522, -29.61884880, 1.95298147, -55.68917847, 0.85675579, 0.21828188, -0.13393757, 0.44764191, -1.25246000, 1.14545894, 1.90197074, 0.00000000, 0.00000000, 0.00000000, 0.00000000
4, 1.7200, 170, 0.46668348, 1.14876759, -0.54047185, 114.60868073, 211.93199158, 24.53432083, -21.80648994, -1.19848001, -87.45980835, 1.92589378, 29.84945297, -21.49248505, 1.00000000, 0.00000000, 0.00000000, 0.00000000, -0.45034176, 0.27123827, 0.05388947, 101.52100372, -16.30300331, 39.25999832, 0.00000000
4, 1.7300, 171, 0.41441393, 1.18749118, -0.61430871, 137.51089478, 228.98612976, 41.78599930, -20.16954041, -2.42619109, -86.81671906, 3.30195212, 30.78889084, -23.03735924, 1.00000000, 0.00000000, 0.00000000, 0.00000000, -0.41240063, 0.31644690, 0.13217086, 101.52100372, -16.30300331, 39.25999832, 0.00000000
2, 1.6000, 160, 0.94326431, 2.19702983, 1.53924441, -423.51049805, 252.90196228, 364.34805298, 14.76176548, 9.64630222, 82.72434998, -33.89049149, 0.41873035, -59.90311050, 0.82935619, 0.25078598, -0.14854294, 0.47666514, -0.95673907, 0.92422831, 1.79840815, 0.00000000, 0.00000000, 0.00000000, 0.00000000
5, 1.4800, 147, -0.47702831, 1.44164026, -0.07179240, 91.43476868, 30.56021881, 25.81144714, -1.40309846, 54.25314331, -116.01870728, 17.40992737, -4.49861622, 35.76053238, 0.93818891, -0.15583681, -0.00951008, -0.30891129, 1.07500637, 0.05708814, -0.03018434, 0.00000000, 0.00000000, 0.00000000, 0.00000000
4, 1.7400, 172, 0.31402472, 1.23554611, -0.62197334, 157.99842834, 249.55216980, 52.62753677, -20.16954041, -2.42619109, -86.81671906, 4.88157225, 31.91588593, -24.64673805, 1.00000000, 0.00000000, 0.00000000, 0.00000000, -0.32593119, 0.29216301, 0.22948295, 101.52100372, -16.30300331, 39.25999832, 0.00000000
2, 1.6100, 161, 0.63260037, 1.93209267, 1.59228861, -394.54238892, 196.20372009, 344.71917725, 12.30634308, 7.10318613, 81.32125092, -37.77612686, -0.88886738, -63.69439697, 0.80236834, 0.27885106, -0.16457339, 0.50136077, -0.66846639, 0.76160538, 1.68514466, 0.00000000, 0.00000000, 0.00000000, 0.00000000
2, 1.6200, 162, 0.30498627, 1.71378934, 1.62987375, -393.71856689, 171.45198059, 333.54760742, 12.30634308, 7.10318613, 81.32125092, -41.57721710, -2.21473026, -67.24848938, 0.77453250, 0.30548787, -0.18145381, 0.52330792, -0.36191416, 0.63636404, 1.59753513, 0.00000000, 0.00000000, 0.00000000, 0.00000000
4, 1.7500, 173, 0.23839904, 1.25481236, -0.55996573, 173.98773193, 265.99780273, 55.16699219, -19.35106659, -3.06927800, -85.55977631, 7.92824030, 33.45358276, -26.50094986, 1.00000000, 0.00000000, 0.00000000, 0.00000000, -0.24110729, 0.19917396, 0.28155333, 101.52100372, -16.30300331, 39.25999832, 0.00000000
4, 1.7600, 174, 0.24002348, 1.18552399, -0.47376856, 185.78666687, 272.58444214, 52.39899826, -17.88950539, -4.38468266, -84.59514618, 9.77416706, 34.74864197, -28.13864136, 1.00000000, 0.00000000, 0.00000000, 0.00000000, -0.18466026, 0.09055637, 0.22305262, 101.52100372, -16.30300331, 39.25999832, 0.00000000
2, 1.6300, 163, 0.29798374, 1.57159913, 1.52751768, -402.41268921, 167.49952698, 324.68118286, 9.79245853, 5.08623219, 79.59661102, -45.38749313, -3.73944831, -70.61991119, 0.74518341, 0.33206224, -0.19831286, 0.54323888, -0.37818301, 0.66164201, 1.46918631, 0.00000000, 0.00000000, 0.00000000, 0.00000000
5, 1.4900, 148, -0.56849146, 1.48000300, -0.15073386, 103.16271210, 92.31221008, 41.97864151, -1.11078632, 54.57468414, -116.04793549, 19.22859001, -12.22905540, 34.52258682, 0.93091327, -0.18974781, 0.05101385, -0.30788612, 1.13757312, 0.12912425, -0.05202604, 0.00000000, 0.00000000, 0.00000000, 0.00000000
5, 1.5000, 149, -0.60457438, 1.47019517, -0.24885345, 109.12850189, 173.85145569, 61.07437134, 0.40923706, 53.40543747, -115.60946655, 19.56301498, -11.27653313, 32.56452179, 0.93668187, -0.18943363, 0.04553418, -0.29097891, 1.05816889, 0.20427020, -0.07554933, 0.00000000, 0.00000000, 0.00000000, 0.00000000
5, 1.5100, 150, -0.59409422, 1.39968562, -0.26881185, 108.37640381, 261.22116089, 88.14111328, 0.40923706, 53.40543747, -115.60946655, 19.49043083, -9.97532463, 29.91767311, 0.94476676, -0.18502958, 0.03925625, -0.26765451, 1.03005290, 0.20749500, -0.13466732, 0.00000000, 0.00000000, 0.00000000, 0.00000000
5, 1.5200, 151, -0.61688542, 1.29815996, -0.24092080, 98.05606079, 346.61642456, 125.90340424, 1.60771704, 52.55773163, -115.02484894, 18.86783028, -8.26273537, 26.66218948, 0.95467663, -0.17546566, 0.03145831, -0.23835869, 1.02524972, 0.16534567, -0.23283108, 0.00000000, 0.00000000, 0.00000000, 0.00000000
4, 1.7700, 175, 0.33213913, 1.06893158, -0.38182765, 189.00224304, 267.58987427, 51.24410629, -16.77871895, -5.05700064, -83.65974426, 11.65083694, 36.05548096, -29.68725967, 1.00000000, 0.00000000, 0.00000000, 0.00000000, -0.19351973, 0.00033963, 0.08112741, 101.52100372, -16.30300331, 39.25999832, 0.00000000
4, 1.7800, 176, 0.39638874, 0.97763669, -0.27570167, 183.61793518, 256.92721558, 56.24284744, -15.96024513, -6.05086231, -82.69511414, 13.48128891, 37.41143799, -31.10213852, 1.00000000, 0.00000000, 0.00000000, 0.00000000, -0.18619701, -0.10751410, -0.02788419, 101.52100372, -16.30300331, 39.25999832, 0.00000000
4, 1.7900, 177, 0.43525612, 0.88370055, -0.22352801, 179.96647644, 255.79307556, 62.05890274, -15.96024513, -6.05086231, -82.69511414, 15.27398014, 38.85407257, -32.46445847, 1.00000000, 0.00000000, 0.00000000, 0.00000000, -0.15872341, -0.16002235, -0.11686471, 101.52100372, -16.30300331, 39.25999832, 0.00000000
2, 1.6400, 164, 0.26941881, 1.53518689, 1.38760209, -414.90661621, 158.37495422, 309.41552734, 7.30780458, 2.45542240, 77.52119446, -40.27893448, -3.30714512, -72.22259521, 0.75230694, 0.29400703, -0.18094750, 0.56111687, -0.36719900, 0.75633621, 1.36842060, 0.00000000, 0.00000000, 0.00000000, 0.00000000
5, 1.5300, 152, -0.57607234, 1.28598511, -0.22756784, 85.22702789, 426.91821289, 166.74845886, 4.09237051, 51.79771805, -113.21250916, 17.63350868, -6.16404724, 22.83854103, 0.96558952, -0.16054240, 0.02177594, -0.20344225, 1.01974308, 0.16495675, -0.22875172, 0.00000000, 0.00000000, 0.00000000, 0.00000000
5, 1.5400, 153, -0.14822920, 1.37185705, -0.21294206, 85.69912720, 490.96487427, 200.21910095, 5.84624386, 50.54077530, -110.72785950, 17.06313896, -8.07913303, 18.41101837, 0.97210062, -0.15722464, 0.04509439, -0.16812903, 0.72725421, 0.18746996, 0.06667390, 0.00000000, 0.00000000, 0.00000000, 0.00000000
5, 1.5500, 154, 0.58706063, 1.26947749, -0.27965894, 87.20721436, 531.70605469, 229.79109192, 8.33089733, 48.40689850, -107.42472839, 15.30191898, -5.44817400, 13.68553162, 0.98217201, -0.13765228, 0.03092295, -0.12423342, 0.03503755, 0.24814658, 0.36413378, 0.00000000, 0.00000000, 0.00000000, 0.00000000
5, 1.5600, 155, 1.31591892, 1.18703949, -0.50165212, 87.83350372, 522.91534424, 264.17010498, 10.46477604, 45.57146835, -103.24466705, 13.33138847, -2.63201499, 8.99705696, 0.98971033, -0.11747709, 0.01363927, -0.08054040, -0.59793258, 0.48086807, 0.63975370, 0.00000000, 0.00000000, 0.00000000, 0.00000000
4, 1.8000, 178, 0.55077338, 0.86036783, -0.18892740, 174.03427124, 255.80778503, 69.11404419, -14.55714703, -7.95089149, -82.05203247, 14.83128452, 44.01941299, -35.34716415, 1.00000000, 0.00000000, 0.00000000, 0.00000000, -0.21874547, -0.19798142, -0.16208175, 101.52100372, -16.30300331, 39.25999832, 0.00000000
4, 1.8100, 179, 0.67625636, 0.89290994, -0.21921775, 169.02770996, 253.80780029, 71.71523285, -13.27097321, -9.50014591, -80.70739746, 16.32933426, 45.57422638, -36.79475021, 1.00000000, 0.00000000, 0.00000000, 0.00000000, -0.29356948, -0.16048202, -0.13231508, 101.52100372, -16.30300331, 39.25999832, 0.00000000
5, 1.5700, 156, 1.82590592, 1.09736121, -0.71164680, 91.91417694, 463.86425781, 292.38235474, 10.46477604, 45.57146835, -103.24466705, 11.43527699, 0.31695783, 4.71982861, 0.99418861, -0.09942784, -0.00685213, -0.04069628, -1.04650426, 0.70183980, 0.79650450, 0.00000000, 0.00000000, 0.00000000, 0.00000000
5, 1.6200, 157, 1.31510043, 1.23050213, -0.66182697, 142.62423706, 137.11938477, 372.80596924, 12.62788677, 35.95439911, -94.35837555, 10.23295116, 22.51661491, -9.99452209, 0.97161943, -0.10407068, -0.18609655, 0.10243624, -0.16675623, 0.71959907, 0.69946128, 0.00000000, 0.00000000, 0.00000000, 0.00000000
5, 1.6300, 158, 1.21472073, 1.11154568, -0.51793921, 141.47998047, 129.91941833, 371.22933960, 12.74481106, 31.86202812, -92.34142303, 9.51825809, 26.27393150, -12.00159359, 0.96318299, -0.10403135, -0.21680830, 0.12020871, -0.06941342, 0.57031888, 0.59411466, 0.00000000, 0.00000000, 0.00000000, 0.00000000
5, 1.6400, 159, 1.16712427, 1.01474190, -0.41886058, 137.10247803, 126.53811646, 368.29513550, 12.04326248, 28.09120178, -91.43524933, 11.46989059, 27.71344566, -11.17803383, 0.95911491, -0.11976542, -0.22771430, 0.11790259, -0.02069640, 0.46012664, 0.52871501, 0.00000000, 0.00000000, 0.00000000, 0.00000000
5, 1.6500, 160, 1.13731015, 0.96712756, -0.32512337, 136.44773865, 120.69959259, 363.11679077, 12.01403046, 27.03887749, -90.20754242, 10.66435051, 31.42494011, -13.07179832, 0.94937330, -0.11956751, -0.25770301, 0.13410090, 0.01974792, 0.34264430, 0.50892979, 0.00000000, 0.00000000, 0.00000000, 0.00000000
5, 1.6600, 161, 1.09817219, 0.92065680, -0.24475761, 141.12445068, 114.74266052, 356.06256104, 11.37094402, 23.53113174, -88.54135895, 9.77223682, 35.04856873, -15.07734680, 0.93854696, -0.11988108, -0.28676650, 0.15007736, 0.09081382, 0.27349329, 0.49343354, 0.00000000, 0.00000000, 0.00000000, 0.00000000
5, 1.6700, 162, 1.04644990, 0.86140156, -0.16405684, 150.46708679, 103.46640015, 347.34994507, 11.37094402, 23.53113174, -88.54135895, 8.86330605, 38.57328033, -17.18652916, 0.92667824, -0.12131922, -0.31471229, 0.16584697, 0.16213623, 0.20160329, 0.46322685, 0.00000000, 0.00000000, 0.00000000, 0.00000000
2, 1.6500, 165, 0.20248169, 1.49475718, 1.33004391, -423.64611816, 134.88349915, 281.44360352, 4.82315111, -0.20461853, 74.97807312, -44.28179550, -4.46874571, -75.17472839, 0.72447008, 0.32045355, -0.20109780, 0.57620507, -0.29587922, 0.73683631, 1.26544261, 0.00000000, 0.00000000, 0.00000000, 0.00000000
4, 1.8200, 180, 0.70975125, 0.90761489, -0.25223809, 168.04525757, 245.15667725, 75.48705292, -12.18941784, -9.73399544, -78.89505768, 17.85153961, 47.15018082, -38.10491943, 1.00000000, 0.00000000, 0.00000000, 0.00000000, -0.31377512, -0.14314130, -0.10324438, 101.52100372, -16.30300331, 39.25999832, 0.00000000
4, 1.8300, 181, 0.64611357, 0.87290615, -0.27071920, 173.52366638, 238.16014099, 79.04563141, -11.25401878, -11.54633141, -77.40426636, 19.48955154, 48.74047089, -39.24980164, 1.00000000, 0.00000000, 0.00000000, 0.00000000, -0.22460191, -0.12951560, -0.07862240, 101.52100372, -16.30300331, 39.25999832, 0.00000000
5, 1.6800, 163, 1.03871512, 0.79510951, -0.05521126, 159.05892944, 91.66410065, 341.43856812, 9.79245853, 21.92341423, -87.60596466, 7.92631435, 42.02717590, -19.40184402, 0.91377062, -0.12387559, -0.34174472, 0.18135215, 0.19218469, 0.09999992, 0.45800164, 0.00000000, 0.00000000, 0.00000000, 0.00000000
5, 1.6900, 164, 1.04099214, 0.74247181, 0.01948936, 162.97789001, 76.95861053, 337.27008057, 9.00321579, 19.58491707, -86.37825012, 6.30242729, 40.91614914, -18.98110580, 0.91953903, -0.10834296, -0.33572429, 0.17320246, 0.19998649, 0.03469838, 0.45262831, 0.00000000, 0.00000000, 0.00000000, 0.00000000
5, 1.7000, 165, 1.00049686, 0.69097626, 0.10583467, 164.92201233, 52.56496048, 328.93487549, 7.51242304, 17.97719955, -84.79976654, 5.66461134, 44.21685028, -21.05625153, 0.90636581, -0.11369291, -0.36120766, 0.18736066, 0.21550062, -0.04415352, 0.39996982, 0.00000000, 0.00000000, 0.00000000, 0.00000000
4, 1.8400, 182, 0.57236385, 0.81611049, -0.26058656, 175.38652039, 228.70281982, 81.79934692, -11.25401878, -11.54633141, -77.40426636, 21.21893120, 50.32614899, -40.21479034, 1.00000000, 0.00000000, 0.00000000, 0.00000000, -0.11518820, -0.13909802, -0.07356043, 101.52100372, -16.30300331, 39.25999832, 0.00000000
5, 1.7100, 166, 0.87037212, 0.63228667, 0.20126277, 166.22338867, 26.80084801, 313.56472778, 6.81087399, 12.68634892, -84.39052582, 5.21665335, 47.38095474, -22.97695351, 0.89281106, -0.12078122, -0.38503736, 0.20011622, 0.34414035, -0.13890886, 0.33565307, 0.00000000, 0.00000000, 0.00000000, 0.00000000
5, 1.7200, 167, 0.70719850, 0.60365283, 0.29113817, 167.12428284, 7.48104095, 290.72946167, 6.81087399, 12.68634892, -84.39052582, 4.92343664, 50.33389282, -24.77710724, 0.87926364, -0.12911989, -0.40663159, 0.21183549, 0.51152647, -0.22506000, 0.27745205, 0.00000000, 0.00000000, 0.00000000, 0.00000000
5, 1.7300, 168, 0.60642749, 0.58860767, 0.38429642, 167.34902954, -10.31428719, 267.99179077, 5.20315695, 14.73253441, -83.30897522, 4.80339527, 53.07947159, -26.43649101, 0.86587632, -0.13857630, -0.42602584, 0.22261390, 0.62942559, -0.31409070, 0.26370370, 0.00000000, 0.00000000, 0.00000000, 0.00000000
2, 1.6600, 166, 0.11251877, 1.45812571, 1.20332813, -424.83602905, 103.43501282, 245.72879028, 4.82315111, -0.20461853, 74.97807312, -48.28337097, -5.52126026, -77.68267822, 0.69758290, 0.34575471, -0.22197685, 0.58699065, -0.22379394, 0.85220575, 1.20303988, 0.00000000, 0.00000000, 0.00000000, 0.00000000
2, 1.6700, 167, -0.05021993, 1.40587831, 1.01909888, -418.91049194, 68.57797241, 213.88198853, 3.27389646, -2.33849740, 72.87342834, -52.22793198, -6.37646675, -79.81751251, 0.67199373, 0.36914745, -0.24364692, 0.59396201, -0.07539085, 0.99450564, 1.09332645, 0.00000000, 0.00000000, 0.00000000, 0.00000000
4, 1.8500, 183, 0.50997806, 0.74015701, -0.23425619, 169.00462341, 215.13050842, 79.80400848, -10.28938866, -11.37094402, -75.91347504, 20.66732025, 53.24590302, -42.83254242, 1.00000000, 0.00000000, 0.00000000, 0.00000000, -0.00406351, -0.15216275, -0.09083927, 101.52100372, -16.30300331, 39.25999832, 0.00000000
5, 1.7400, 169, 0.54877788, 0.54603112, 0.44426811, 166.41944885, -16.23311043, 252.93026733, 4.23852682, 11.98479939, -82.75357819, -4.18268871, 47.95447540, -29.40556908, 0.88696331, -0.07081903, -0.40126798, 0.21740472, 0.66857970, -0.35317719, 0.21774073, 0.00000000, 0.00000000, 0.00000000, 0.00000000
5, 1.7500, 170, 0.50836909, 0.48807260, 0.50934547, 162.61265564, -19.33962631, 238.67347717, 2.71850324, 12.24788094, -81.73048401, -4.44470978, 50.24308777, -31.36753464, 0.87549418, -0.08087601, -0.41791710, 0.22872332, 0.64257342, -0.35514313, 0.11195871, 0.00000000, 0.00000000, 0.00000000, 0.00000000
2, 1.6800, 168, -0.19622783, 1.33855093, 0.80874324, -404.15145874, 34.49586487, 187.85653687, 1.11078632, -4.23852682, 71.20724487, -56.03448105, -7.00048161, -81.67620850, 0.64789683, 0.38996658, -0.26582232, 0.59790832, 0.06048857, 1.14068890, 0.95571369, 0.00000000, 0.00000000, 0.00000000, 0.00000000
4, 1.8600, 184, 0.48947081, 0.67427391, -0.21833776, 154.16976929, 194.16970825, 76.07543182, -10.17246437, -12.24788094, -73.98421478, 22.18194771, 54.64971924, -43.59810257, 1.00000000, 0.00000000, 0.00000000, 0.00000000, 0.06947196, -0.14025569, -0.11191667, 101.52100372, -16.30300331, 39.25999832, 0.00000000
4, 1.8700, 185, 0.46529582, 0.64315295, -0.19540714, 136.05165100, 168.93766785, 72.63600922, -9.70476437, -12.97866154, -74.18883514, 23.59142303, 55.93101120, -44.15603256, 1.00000000, 0.00000000, 0.00000000, 0.00000000, 0.11957926, -0.16260687, -0.11055730, 101.52100372, -16.30300331, 39.25999832, 0.00000000
2, 1.6900, 169, -0.38041568, 1.23694217, 0.63995188, -391.29434204, 4.21267462, 166.42300415, -0.55539316, -6.86933661, 68.07950592, -48.45283508, -10.75193119, -83.81484222, 0.65001804, 0.36111206, -0.20928843, 0.63503778, 0.22406256, 1.19813728, 0.78455156, 0.00000000, 0.00000000, 0.00000000, 0.00000000
2, 1.7000, 170, -0.50167674, 1.19938791, 0.49108577, -381.59097290, -20.53914833, 141.69799805, -0.43846828, -8.03858471, 66.12101746, -51.98313904, -10.66806221, -85.29684448, 0.63066912, 0.37755120, -0.23415981, 0.63630247, 0.30183953, 1.22644699, 0.59210014, 0.00000000, 0.00000000, 0.00000000, 0.00000000
2, 1.7100, 171, -0.58611149, 1.16762209, 0.35569423, -364.14584351, -43.48623276, 111.42285919, -0.43846828, -8.03858471, 66.12101746, -55.39831161, -10.40615940, -86.50223541, 0.61334771, 0.39218357, -0.25870460, 0.63487691, 0.39095530, 1.33982503, 0.52370995, 0.00000000, 0.00000000, 0.00000000, 0.00000000
4, 1.8800, 186, 0.44441485, 0.63679528, -0.16860910, 118.97819519, 143.95166016, 69.03905487, -9.70476437, -12.97866154, -74.18883514, 24.91444588, 57.08198547, -44.50411606, 1.00000000, 0.00000000, 0.00000000, 0.00000000, 0.15515092, -0.19262265, -0.09115687, 101.52100372, -16.30300331, 39.25999832, 0.00000000
5, 1.7600, 171, 0.47628883, 0.43446228, 0.56439763, 156.88145447, -20.63770676, 224.57196045, 2.16311026, 8.82782841, -80.70739746, -4.77543736, 52.39492798, -33.32106018, 0.86413717, -0.09064601, -0.43328360, 0.23940669, 0.67150235, -0.41856721, 0.08925748, 0.00000000, 0.00000000, 0.00000000, 0.00000000
2, 1.7200, 172, -0.67218369, 1.08114362, 0.23437086, -342.63253784, -60.19355011, 83.46696472, -0.90616781, -8.36012840, 63.81174850, -58.65122223, -9.99700451, -87.46933746, 0.59805799, 0.40505403, -0.28241360, 0.63126904, 0.48484576, 1.40157235, 0.42495665, 0.00000000, 0.00000000, 0.00000000, 0.00000000
2, 1.7300, 173, -0.75572491, 0.97281778, 0.13379720, -319.96295166, -71.12336731, 58.95731735, -1.66617942, -9.12014008, 62.40865326, -61.72141647, -9.47523785, -88.23937225, 0.58464760, 0.41634107, -0.30497909, 0.62596744, 0.57833135, 1.42938232, 0.32372773, 0.00000000, 0.00000000, 0.00000000, 0.00000000
2, 1.7400, 174, -0.81794709, 0.87316895, 0.06905265, -286.52899170, -79.33236694, 42.75293350, -2.19234133, -9.85092068, 60.36246490, -55.64777756, -17.74130630, -90.04679871, 0.56670839, 0.42243689, -0.22983804, 0.66900164, 0.61431020, 1.40641487, 0.22257876, 0.00000000, 0.00000000, 0.00000000, 0.00000000
5, 1.7700, 172, 0.40973064, 0.36410695, 0.60586768, 150.31080627, -20.21336174, 210.24172974, 1.16924870, 8.97398376, -80.50277710, -5.19564915, 54.40272141, -35.27911377, 0.85299456, -0.09996048, -0.44739407, 0.24949287, 0.71657902, -0.47130570, 0.03091637, 0.00000000, 0.00000000, 0.00000000, 0.00000000
4, 1.8900, 187, 0.44829950, 0.62244087, -0.14790200, 105.31501770, 120.61347961, 65.27680206, -9.32475853, -13.35866737, -72.81496429, 26.19454002, 58.09914780, -44.64188385, 1.00000000, 0.00000000, 0.00000000, 0.00000000, 0.16943383, -0.21437404, -0.09002928, 101.52100372, -16.30300331, 39.25999832, 0.00000000
2, 1.7500, 175, -0.86709452, 0.76346451, 0.02659721, -259.15875244, -76.39208984, 36.74243164, -1.92926037, -10.75708866, 58.63782501, -58.08165359, -17.07986450, -90.58499908, 0.55699003, 0.42997971, -0.24984251, 0.66517544, 0.56270909, 1.30719852, 0.06594336, 0.00000000, 0.00000000, 0.00000000, 0.00000000
2, 1.7600, 176, -0.86050814, 0.65255398, -0.02560313, -236.58468628, -68.77457428, 35.83733368, -1.92926037, -10.75708866, 58.63782501, -60.29544830, -16.51002693, -91.12099457, 0.54768944, 0.43664402, -0.26794273, 0.66150206, 0.56757003, 1.29172528, -0.01964507, 0.00000000, 0.00000000, 0.00000000, 0.00000000
5, 1.7800, 173, 0.33261231, 0.30207869, 0.62560809, 141.48416138, -17.95421219, 191.91792297, 1.16924870, 8.97398376, -80.50277710, -5.71108055, 56.22332764, -37.22510147, 0.84235370, -0.10855906, -0.46001723, 0.25891942, 0.76994932, -0.50043893, -0.03140536, 0.00000000, 0.00000000, 0.00000000, 0.00000000
4, 1.9000, 188, 0.45621982, 0.60772264, -0.11624634, 95.07602692, 99.69639587, 59.35637665, -8.97398376, -13.97252274, -71.93802643, 22.25917625, 60.05197144, -48.82135773, 1.00000000, 0.00000000, 0.00000000, 0.00000000, 0.18198168, -0.23454367, -0.09596729, 101.52100372, -16.30300331, 39.25999832, 0.00000000
4, 1.9100, 189, 0.46100786, 0.58481723, -0.09366855, 84.78011322, 79.30254364, 53.06283188, -8.85705948, -14.76176548, -71.20724487, 23.37237167, 60.77647781, -48.74898911, 1.00000000, 0.00000000, 0.00000000, 0.00000000, 0.20308068, -0.22004774, -0.11101189, 101.52100372, -16.30300331, 39.25999832, 0.00000000
4, 1.9200, 190, 0.47032377, 0.58268148, -0.09072951, 74.29051971, 61.26808167, 44.79239273, -8.53551579, -14.70330334, -71.23648071, 24.42942047, 61.35175323, -48.55562592, 1.00000000, 0.00000000, 0.00000000, 0.00000000, 0.20115316, -0.22709933, -0.10485931, 101.52100372, -16.30300331, 39.25999832, 0.00000000
2, 1.7700, 177, -0.80565071, 0.57494330, -0.11444868, -216.07739258, -63.62921906, 37.75672913, -2.45542240, -11.02016926, 57.17626190, -62.30141449, -16.01211739, -91.68180084, 0.53870457, 0.44237155, -0.28445363, 0.65817237, 0.52276218, 1.32241893, -0.10861456, 0.00000000, 0.00000000, 0.00000000, 0.00000000
2, 1.7800, 178, -0.73868316, 0.51109254, -0.20736879, -196.90615845, -67.39646912, 41.00119781, -1.90002918, -12.42326832, 56.67933273, -64.10463715, -15.50365925, -92.30077362, 0.53017795, 0.44673187, -0.30001929, 0.65523314, 0.46542585, 1.36281538, -0.19271985, 0.00000000, 0.00000000, 0.00000000, 0.00000000
2, 1.7900, 179, -0.67797822, 0.47519970, -0.30170912, -176.50315857, -79.36656189, 43.50654221, -2.45542240, -11.63402462, 55.21777344, -60.19461441, -25.53104019, -95.85322571, 0.48315912, 0.46962363, -0.23493402, 0.70058328, 0.37172341, 1.39684474, -0.27281746, 0.00000000, 0.00000000, 0.00000000, 0.00000000
4, 1.9300, 191, 0.47289923, 0.57589132, -0.09709965, 65.03167725, 44.48275757, 37.30355453, -8.53551579, -14.70330334, -71.23648071, 25.43950653, 61.78709412, -48.24974442, 1.00000000, 0.00000000, 0.00000000, 0.00000000, 0.20511425, -0.22416480, -0.10049657, 101.52100372, -16.30300331, 39.25999832, 0.00000000
5, 1.7900, 174, 0.29071572, 0.27431431, 0.61693501, 130.31588745, -14.26489639, 175.58587646, -0.11692487, 10.49400711, -80.06430817, -19.44501495, 50.31981659, -45.60743713, 0.85022134, -0.02150244, -0.44552922, 0.27958012, 0.78687394, -0.45572972, -0.07139333, 0.00000000, 0.00000000, 0.00000000, 0.00000000
4, 1.9400, 192, 0.46248874, 0.55518788, -0.11074124, 54.76152802, 24.01788902, 24.60417938, -8.59397793, -15.25869656, -71.06109619, 26.35776901, 62.02030563, -47.86003494, 1.00000000, 0.00000000, 0.00000000, 0.00000000, 0.22450636, -0.21163695, -0.10418929, 101.52100372, -16.30300331, 39.25999832, 0.00000000
4, 1.9500, 193, 0.43101236, 0.54300117, -0.12913969, 45.33805847, 8.31564522, 14.05008888, -8.41859055, -15.84332085, -70.82723999, 22.82565498, 62.33781815, -51.21240616, 1.00000000, 0.00000000, 0.00000000, 0.00000000, 0.25806761, -0.18808049, -0.09626983, 101.52100372, -16.30300331, 39.25999832, 0.00000000
2, 1.8000, 180, -0.62174290, 0.45044199, -0.38124692, -155.88430786, -99.93871307, 42.62241745, -3.04004669, -11.78018093, 54.34083557, -61.44531250, -24.68255043, -96.59059143, 0.47718081, 0.46920672, -0.25036421, 0.69961518, 0.19802257, 1.37893796, -0.36658430, 0.00000000, 0.00000000, 0.00000000, 0.00000000
2, 1.8100, 181, -0.55271846, 0.43404239, -0.45961034, -135.12004089, -128.82974243, 34.82245636, -3.04004669, -11.78018093, 54.34083557, -62.49755859, -23.54620171, -97.34094238, 0.47322339, 0.46636093, -0.26615536, 0.69837558, 0.14598377, 1.43966019, -0.42090741, 0.00000000, 0.00000000, 0.00000000, 0.00000000
2, 1.8200, 182, -0.50042158, 0.41645887, -0.51276791, -109.54766083, -166.80905151, 22.58158112, -2.68927217, -11.75094986, 53.93159866, -63.31407166, -22.01985931, -98.09114075, 0.47196215, 0.46044698, -0.28252196, 0.69672209, 0.11604996, 1.48132801, -0.46206310, 0.00000000, 0.00000000, 0.00000000, 0.00000000
4, 1.9600, 194, 0.39466667, 0.53794676, -0.14613721, 35.89068222, -4.34995461, 3.42981720, -8.71090317, -15.90178299, -71.06109619, 23.49242210, 62.28329468, -50.80340576, 1.00000000, 0.00000000, 0.00000000, 0.00000000, 0.29307425, -0.15058531, -0.08857457, 101.52100372, -16.30300331, 39.25999832, 0.00000000
5, 1.8000, 175, 0.27964216, 0.26117823, 0.58299720, 121.87387085, -13.83871841, 159.77229309, -0.96463019, 8.27243519, -79.42121887, -20.11120605, 51.54747772, -47.66542816, 0.84175396, -0.02917065, -0.45516422, 0.28883365, 0.74202561, -0.30751276, -0.12838507, 0.00000000, 0.00000000, 0.00000000, 0.00000000
4, 1.9700, 195, 0.36096179, 0.53889424, -0.16543217, 27.11347580, -14.19236183, -7.85127544, -8.65244102, -16.28178787, -71.29494476, 23.99719238, 62.09546280, -50.45220947, 1.00000000, 0.00000000, 0.00000000, 0.00000000, 0.32046044, -0.13696934, -0.07005996, 101.52100372, -16.30300331, 39.25999832, 0.00000000
4, 1.9800, 196, 0.33570150, 0.54142308, -0.18417995, 19.63766289, -22.53894234, -19.76118469, -8.65244102, -16.28178787, -71.29494476, 24.33644295, 61.77609253, -50.18355942, 1.00000000, 0.00000000, 0.00000000, 0.00000000, 0.33849353, -0.12382734, -0.05615862, 101.52100372, -16.30300331, 39.25999832, 0.00000000
4, 1.9900, 197, 0.31285664, 0.54862911, -0.19761781, 13.21222973, -29.10294342, -31.92284393, -9.03244686, -16.19409561, -71.20724487, 24.50787544, 61.33200455, -50.01971436, 1.00000000, 0.00000000, 0.00000000, 0.00000000, 0.35178328, -0.11644141, -0.04241168, 101.52100372, -16.30300331, 39.25999832, 0.00000000
2, 1.8300, 183, -0.50547624, 0.38925409, -0.52990794, -76.52080536, -212.89392090, 8.76664066, -2.77696586, -13.53405380, 54.04852295, -63.82352448, -20.01705170, -98.85088348, 0.47394910, 0.45065308, -0.29944497, 0.69470626, 0.15132016, 1.49021411, -0.48992234, 0.00000000, 0.00000000, 0.00000000, 0.00000000
2, 1.8400, 184, -0.54620069, 0.36301622, -0.51519001, -45.56246948, -245.67982483, -1.98550427, -2.57234716, -12.24788094, 54.92546082, -60.63718414, -28.39483070, -101.80640411, 0.43166757, 0.47293615, -0.24628857, 0.72755522, 0.18567854, 1.45311594, -0.50285751, 0.00000000, 0.00000000, 0.00000000, 0.00000000
2, 1.8500, 185, -0.59097648, 0.32290503, -0.49582285, -13.23935318, -271.42770386, -11.07897186, -0.70154923, -13.06635475, 55.91932297, -60.51258850, -25.73552895, -102.42234039, 0.44006270, 0.45766357, -0.26237473, 0.72666943, 0.14206618, 1.35992837, -0.53750026, 0.00000000, 0.00000000, 0.00000000, 0.00000000
2, 1.8600, 186, -0.66238326, 0.28833181, -0.43382812, 18.72104454, -288.17312622, -17.70298386, -0.70154923, -13.06635475, 55.91932297, -60.12022781, -22.89219475, -102.98175049, 0.45039332, 0.44008225, -0.27722818, 0.72568458, 0.25718868, 1.30691087, -0.53356802, 0.00000000, 0.00000000, 0.00000000, 0.00000000
4, 2.0000, 198, 0.29878873, 0.56431270, -0.21154584, 7.76557875, -33.89446259, -43.70671463, -8.97398376, -16.57410049, -71.35340118, 21.78094101, 58.88525391, -52.89036560, 1.00000000, 0.00000000, 0.00000000, 0.00000000, 0.34839466, -0.10711035, -0.03582253, 101.52100372, -16.30300331, 39.25999832, 0.00000000
4, 2.0100, 199, 0.29815772, 0.58698606, -0.22387473, 2.92604756, -36.97947311, -55.35031509, -9.17860222, -15.22946453, -71.73341370, 21.68991470, 58.22358704, -52.90542221, 1.00000000, 0.00000000, 0.00000000, 0.00000000, 0.32059187, -0.09470017, -0.04869139, 101.52100372, -16.30300331, 39.25999832, 0.00000000
2, 1.8700, 187, -0.72173393, 0.26638183, -0.38635409, 47.61716080, -290.48031616, -24.10635376, -1.14001751, -12.68634892, 56.85472107, -59.50251770, -20.00456810, -103.43935394, 0.46201795, 0.42112118, -0.29020080, 0.72455502, 0.36275703, 1.26968300, -0.53333759, 0.00000000, 0.00000000, 0.00000000, 0.00000000
2, 1.8800, 188, -0.73595703, 0.24441306, -0.35923833, 73.95798492, -286.53164673, -32.47082138, -0.49693072, -12.13095570, 58.25782013, -58.68885803, -17.12978172, -103.75373077, 0.47472394, 0.40129310, -0.30107746, 0.72315514, 0.42429209, 1.24321556, -0.54962826, 0.00000000, 0.00000000, 0.00000000, 0.00000000
2, 1.8900, 189, -0.74401122, 0.23111330, -0.32443124, 96.85683441, -280.95544434, -42.85883331, 0.81847411, -12.71557999, 59.80707169, -55.79461670, -26.81994438, -101.31663513, 0.46107602, 0.44704384, -0.22205245, 0.73365766, 0.42883390, 1.19275367, -0.55192852, 0.00000000, 0.00000000, 0.00000000, 0.00000000
2, 1.9000, 190, -0.74895078, 0.23096029, -0.27287811, 115.59207153, -273.02301025, -56.77457428, 0.81847411, -12.71557999, 59.80707169, -54.74048615, -24.02494049, -101.14135742, 0.47776937, 0.42835900, -0.22994219, 0.73169088, 0.32545495, 1.10010815, -0.52858496, 0.00000000, 0.00000000, 0.00000000, 0.00000000
5, 1.8100, 176, 0.28213614, 0.25295460, 0.54303741, 114.86068726, -18.39207649, 143.68157959, -2.33849740, 9.44168377, -77.98889160, -20.69151878, 52.65672302, -49.55871201, 0.83389986, -0.03672683, -0.46359470, 0.29722410, 0.74385554, -0.26906067, -0.12326964, 0.00000000, 0.00000000, 0.00000000, 0.00000000
2, 1.9100, 191, -0.72866160, 0.23504786, -0.23232682, 136.14689636, -256.29714966, -75.51751709, 2.07541656, -12.30634308, 61.91172028, -53.58179092, -21.37289238, -100.68479156, 0.49546522, 0.41010606, -0.23534986, 0.72865480, 0.34811649, 1.07859957, -0.52357346, 0.00000000, 0.00000000, 0.00000000, 0.00000000
2, 1.9200, 192, -0.69468719, 0.24575008, -0.20609294, 149.15660095, -244.82209778, -94.53810120, 3.91698337, -12.27711201, 63.19789505, -52.36560822, -18.82202721, -99.96208191, 0.51403868, 0.39229050, -0.23900647, 0.72439516, 0.35597062, 1.06832945, -0.52344710, 0.00000000, 0.00000000, 0.00000000, 0.00000000
2, 1.9300, 193, -0.66349620, 0.27030271, -0.17162925, 162.63909912, -235.11601257, -114.89543915, 4.67699480, -11.42940617, 65.15638733, -51.06732178, -16.36407280, -98.96879578, 0.53360158, 0.37480530, -0.24092647, 0.71884960, 0.36554909, 1.05822968, -0.50730014, 0.00000000, 0.00000000, 0.00000000, 0.00000000
2, 1.9400, 194, -0.64704835, 0.31117645, -0.11733277, 177.60847473, -225.72743225, -134.76571655, 6.72318029, -11.80941200, 66.55948639, -41.45754623, -23.23095703, -107.05682373, 0.48725280, 0.35751343, -0.16686073, 0.77905482, 0.35042664, 1.00855231, -0.48075211, 0.00000000, 0.00000000, 0.00000000, 0.00000000
4, 2.0200, 200, 0.30703250, 0.61493659, -0.22990324, -2.06801009, -38.51821899, -66.63082123, -9.17860222, -15.22946453, -71.73341370, 21.45204926, 57.46672440, -53.04456711, 1.00000000, 0.00000000, 0.00000000, 0.00000000, 0.29383621, -0.09691238, -0.03706548, 101.52100372, -16.30300331, 39.25999832, 0.00000000
4, 2.0300, 201, 0.32628822, 0.64407152, -0.23737048, -8.13624001, -38.89767456, -77.18655396, -8.76936531, -14.32329750, -72.43495941, 21.05833054, 56.62758255, -53.31409073, 1.00000000, 0.00000000, 0.00000000, 0.00000000, 0.25608930, -0.09695858, -0.03016129, 101.52100372, -16.30300331, 39.25999832, 0.00000000
5, 1.8200, 177, 0.28280911, 0.25198838, 0.49885356, 109.97857666, -27.46924210, 125.98377228, -3.74159598, 9.35398960, -78.31043243, -21.08022690, 53.65675735, -51.21804428, 0.82680666, -0.04458236, -0.47067127, 0.30474874, 0.74912035, -0.22638106, -0.11568654, 0.00000000, 0.00000000, 0.00000000, 0.00000000
5, 1.8300, 178, 0.27715588, 0.25388885, 0.44909799, 107.01597595, -41.46437454, 105.60301208, -3.74159598, 9.35398960, -78.31043243, -21.15221786, 54.55108643, -52.55339813, 0.82066679, -0.05315579, -0.47615531, 0.31137878, 0.75932240, -0.17998771, -0.11228085, 0.00000000, 0.00000000, 0.00000000, 0.00000000
5, 1.8400, 179, 0.27578303, 0.24297260, 0.42786816, 104.14321899, -61.82455444, 83.40440369, -3.65390229, 7.83396673, -77.52119446, -26.86315536, 47.29288864, -57.68437576, 0.82540148, -0.00180798, -0.44437230, 0.34819889, 0.73893201, -0.14116164, -0.13353147, 0.00000000, 0.00000000, 0.00000000, 0.00000000
2, 1.9500, 195, -0.65261054, 0.34870464, -0.05597347, 194.45391846, -213.63966370, -152.68437195, 6.72318029, -11.80941200, 66.55948639, -40.25751114, -21.24442482, -105.16648102, 0.51033884, 0.34297517, -0.16347671, 0.77149069, 0.27593464, 0.88506305, -0.48026133, 0.00000000, 0.00000000, 0.00000000, 0.00000000
5, 1.8500, 180, 0.27054402, 0.21535744, 0.41415668, 99.50224304, -84.13658905, 62.81170273, -3.36159015, 9.03244686, -77.02426147, -25.97239494, 48.01575089, -58.12601471, 0.82246047, -0.01315807, -0.44625401, 0.35248119, 0.66970098, -0.06591720, -0.21084033, 0.00000000, 0.00000000, 0.00000000, 0.00000000
2, 1.9600, 196, -0.64755034, 0.38844877, -0.00826123, 211.51298523, -196.86036682, -169.16935730, 8.44782257, -10.64016342, 68.48874664, -38.89083099, -19.48305511, -103.09899139, 0.53379953, 0.32898304, -0.15774091, 0.76285398, 0.30024880, 0.86888438, -0.44119260, 0.00000000, 0.00000000, 0.00000000, 0.00000000
5, 1.8600, 181, 0.25338504, 0.18361983, 0.40963623, 92.70608521, -103.03933716, 43.08133316, -3.53697753, 8.56474686, -76.73194885, -24.70669365, 48.69887924, -58.14593124, 0.82068360, -0.02535634, -0.44671905, 0.35535562, 0.67505097, -0.08342741, -0.24456421, 0.00000000, 0.00000000, 0.00000000, 0.00000000
5, 1.8700, 182, 0.23302019, 0.15091226, 0.41592005, 83.59303284, -118.58379364, 23.37286949, -3.68313360, 8.94475269, -76.67348480, -23.09864807, 49.31818008, -57.74674225, 0.82005394, -0.03805066, -0.44581681, 0.35680693, 0.68299961, -0.11502148, -0.28088248, 0.00000000, 0.00000000, 0.00000000, 0.00000000
5, 1.8800, 183, 0.20786287, 0.11021879, 0.42600995, 71.61441040, -129.52038574, 3.67050219, -3.68313360, 8.94475269, -76.67348480, -21.20501328, 49.84059143, -56.94645309, 0.82054764, -0.05077175, -0.44361788, 0.35682911, 0.69011509, -0.15449178, -0.32743981, 0.00000000, 0.00000000, 0.00000000, 0.00000000
5, 1.8900, 184, 0.16707872, 0.07384235, 0.42196158, 57.55375671, -135.00161743, -18.41661263, -3.39082146, 9.17860222, -77.08272552, -32.10180283, 44.73965073, -58.92407608, 0.82552814, 0.04272833, -0.44420654, 0.34548253, 0.69353080, -0.13907164, -0.38219258, 0.00000000, 0.00000000, 0.00000000, 0.00000000
2, 1.9700, 197, -0.64899790, 0.43978572, 0.06160478, 228.49967957, -178.36296082, -182.92430115, 10.20169544, -12.07249355, 70.09646606, -37.34386063, -17.97350883, -100.88946533, 0.55734134, 0.31547287, -0.14956816, 0.75331074, 0.32716471, 0.84014404, -0.37833866, 0.00000000, 0.00000000, 0.00000000, 0.00000000
2, 1.9800, 198, -0.68078679, 0.50324142, 0.13431898, 243.70846558, -159.36799622, -190.95649719, 12.30634308, -8.79859638, 71.64571381, -35.61615372, -16.72441673, -98.60356903, 0.58051097, 0.30227935, -0.13911304, 0.74315661, 0.38023260, 0.81318444, -0.30432594, 0.00000000, 0.00000000, 0.00000000, 0.00000000
2, 1.9900, 199, -0.69285452, 0.57398587, 0.21622911, 254.24385071, -138.52232361, -193.18388367, 14.35252857, -7.30780458, 73.04881287, -23.94322968, -20.40271568, -106.35085297, 0.54765522, 0.26104650, -0.05957115, 0.79270416, 0.38985312, 0.74197990, -0.23260491, 0.00000000, 0.00000000, 0.00000000, 0.00000000
4, 2.0400, 202, 0.34850106, 0.66984588, -0.24606878, -15.16864777, -38.68151474, -86.26238251, -9.14937115, -14.82022762, -72.78573608, 20.51282501, 55.72183228, -53.70278549, 1.00000000, 0.00000000, 0.00000000, 0.00000000, 0.21606389, -0.09392135, -0.02870419, 101.52100372, -16.30300331, 39.25999832, 0.00000000
4, 2.0500, 203, 0.37831968, 0.69247001, -0.25772953, -23.80551338, -37.55034637, -94.50182343, -9.64630222, -13.50482273, -73.39958954, 18.41045952, 54.25187683, -55.39741898, 1.00000000, 0.00000000, 0.00000000, 0.00000000, 0.16811138, -0.08317555, -0.03680063, 101.52100372, -16.30300331, 39.25999832, 0.00000000
2, 2.0000, 200, -0.68341637, 0.73221308, 0.39504075, 271.42056274, -111.10647583, -197.57267761, 14.35252857, -7.30780458, 73.04881287, -22.09684181, -20.16313934, -103.91716766, 0.56905127, 0.25157821, -0.04272549, 0.78170562, 0.32835734, 0.57929832, -0.05356293, 0.00000000, 0.00000000, 0.00000000, 0.00000000
5, 1.9000, 185, 0.13835526, 0.06003656, 0.41242799, 37.96768188, -133.58067322, -40.53176117, -2.51388478, 10.08477020, -77.60888672, -30.13786507, 45.12083054, -57.65679550, 0.82930303, 0.03169804, -0.44031876, 0.34259474, 0.66554171, -0.02983651, -0.41503203, 0.00000000, 0.00000000, 0.00000000, 0.00000000
5, 1.9100, 186, 0.12523821, 0.05805286, 0.40836197, 21.83344650, -127.22052002, -59.64626694, -2.57234716, 10.11400127, -77.72580719, -28.14530182, 45.32829666, -56.14522934, 0.83387136, 0.02208857, -0.43538049, 0.33854765, 0.67850518, -0.04916182, -0.43365821, 0.00000000, 0.00000000, 0.00000000, 0.00000000
5, 1.9200, 187, 0.12120075, 0.06148257, 0.40066770, 5.86897707, -117.23790741, -78.69412231, -1.11078632, 10.34785175, -78.07658386, -26.18273544, 45.33129883, -54.44348907, 0.83916658, 0.01416933, -0.42937541, 0.33351994, 0.68390977, -0.06286311, -0.44472986, 0.00000000, 0.00000000, 0.00000000, 0.00000000
5, 1.9300, 188, 0.12699015, 0.07378303, 0.38995785, -8.83804607, -105.31538391, -97.57153320, -0.26308095, 10.40631390, -79.47968292, -24.29208755, 45.11056900, -52.60454941, 0.84512627, 0.00803343, -0.42226544, 0.32770279, 0.68275255, -0.07045360, -0.44504559, 0.00000000, 0.00000000, 0.00000000, 0.00000000
5, 1.9400, 189, 0.14593422, 0.09318210, 0.38049939, -22.10248947, -92.10766602, -116.50677490, -0.26308095, 10.40631390, -79.47968292, -30.26947212, 38.40455627, -56.54770660, 0.84352422, 0.06675356, -0.39641038, 0.35618776, 0.65110350, -0.04541763, -0.43861401, 0.00000000, 0.00000000, 0.00000000, 0.00000000
2, 2.0100, 201, -0.70763212, 0.88092232, 0.53732830, 289.39004517, -82.28674316, -205.06446838, 15.78485775, -6.46009922, 74.42268372, -20.04830742, -20.29299164, -101.53593445, 0.58931547, 0.24273993, -0.02300191, 0.77023089, 0.35048527, 0.54797065, 0.14039934, 0.00000000, 0.00000000, 0.00000000, 0.00000000
5, 1.9500, 190, 0.18188953, 0.11819652, 0.38476393, -35.56011581, -78.29152679, -138.38696289, 1.28617358, 10.05553913, -79.80122375, -28.81464195, 37.88154221, -54.61383057, 0.85106987, 0.06489044, -0.38731283, 0.34850857, 0.56674862, 0.03132722, -0.42706484, 0.00000000, 0.00000000, 0.00000000, 0.00000000
2, 2.0200, 202, -0.65013236, 0.98116791, 0.62222952, 302.20205688, -55.48644638, -219.84756470, 17.33411217, -5.37854433, 76.73194885, -17.88591003, -20.81100464, -99.14772797, 0.60867637, 0.23496637, -0.00069151, 0.75782806, 0.28529805, 0.52155864, 0.26130638, 0.00000000, 0.00000000, 0.00000000, 0.00000000
4, 2.0600, 204, 0.41002455, 0.71290666, -0.26746535, -35.43077469, -35.65042114, -100.46440125, -10.11400127, -12.51096153, -73.34112549, 17.55856514, 53.25313187, -55.98062515, 1.00000000, 0.00000000, 0.00000000, 0.00000000, 0.11618823, -0.06639411, -0.05464273, 101.52100372, -16.30300331, 39.25999832, 0.00000000
2, 2.0300, 203, -0.57394093, 1.08385563, 0.69600379, 308.72952271, -40.54374695, -237.72624207, 18.59105492, -3.04004669, 78.25197601, -15.71216202, -21.63205719, -96.68387604, 0.62758452, 0.22812502, 0.02325457, 0.74401337, 0.19603354, 0.50328773, 0.37924773, 0.00000000, 0.00000000, 0.00000000, 0.00000000
2, 2.0400, 204, -0.51764441, 1.22427964, 0.75722277, 312.27026367, -34.26025772, -258.94305420, 19.49722290, 0.99386144, 79.18737030, -5.63562918, -19.75938797, -105.13299561, 0.59140450, 0.16551833, 0.06570981, 0.78646469, 0.13417307, 0.48894429, 0.50960457, 0.00000000, 0.00000000, 0.00000000, 0.00000000
5, 1.9600, 191, 0.22543059, 0.14417782, 0.39005530, -45.98936844, -64.20898438, -157.19725037, 2.30926633, 11.63402462, -80.00584412, -27.48288918, 37.12112045, -52.61963654, 0.85897589, 0.06481558, -0.37697446, 0.34036690, 0.53503442, 0.01805836, -0.39668256, 0.00000000, 0.00000000, 0.00000000, 0.00000000
5, 1.9700, 192, 0.27210015, 0.16824587, 0.38557908, -55.40717697, -55.65653610, -175.25837708, 3.04004669, 12.71557999, -80.61969757, -26.23550987, 36.15679932, -50.54980469, 0.86726701, 0.06605878, -0.36540535, 0.33160698, 0.49559331, 0.01559309, -0.36884183, 0.00000000, 0.00000000, 0.00000000, 0.00000000
5, 1.9800, 193, 0.32655632, 0.19343583, 0.38577685, -64.85215759, -49.54761887, -194.56918335, 4.29698896, 13.53405380, -80.97047424, -25.05882072, 34.98999405, -48.39059830, 0.87597144, 0.06845454, -0.35248336, 0.32209256, 0.44765359, 0.00998717, -0.33615801, 0.00000000, 0.00000000, 0.00000000, 0.00000000
4, 2.0700, 205, 0.44193813, 0.72629660, -0.26972979, -46.40654373, -35.28211975, -105.47428131, -10.11400127, -12.51096153, -73.34112549, 16.55876541, 52.22006226, -56.63967133, 1.00000000, 0.00000000, 0.00000000, 0.00000000, 0.07084006, -0.06170835, -0.07234887, 101.52100372, -16.30300331, 39.25999832, 0.00000000
5, 1.9900, 194, 0.39567593, 0.22206201, 0.39832577, -75.08145142, -44.84683609, -214.27162170, 4.29698896, 13.53405380, -80.97047424, -26.05607224, 30.42310715, -48.65393066, 0.88101703, 0.09291007, -0.32254216, 0.33338141, 0.37554765, 0.00412442, -0.29511312, 0.00000000, 0.00000000, 0.00000000, 0.00000000
5, 2.0000, 195, 0.46768799, 0.26529589, 0.40884608, -85.97445679, -39.49190140, -233.16134644, 5.26161957, 14.99561501, -81.93510437, -25.17896271, 28.93708611, -46.33735275, 0.89021623, 0.09809341, -0.30721143, 0.32173586, 0.28181958, 0.02537803, -0.24708547, 0.00000000, 0.00000000, 0.00000000, 0.00000000
5, 2.0100, 196, 0.53192657, 0.33668616, 0.41053393, -101.45497131, -33.40776062, -261.64968872, 6.46009922, 15.81408882, -82.54895782, -24.41610718, 27.19144440, -43.86021423, 0.89982152, 0.10485677, -0.28989157, 0.30868942, 0.24046196, 0.03230236, -0.17090286, 0.00000000, 0.00000000, 0.00000000, 0.00000000
5, 2.0200, 197, 0.57764012, 0.41518554, 0.39699414, -113.62178802, -31.01173782, -284.72985840, 7.33703566, 17.33411217, -83.19204712, -23.75985909, 25.24207306, -41.25768661, 0.90955448, 0.11267463, -0.27088672, 0.29433894, 0.21288612, 0.05711360, -0.10158503, 0.00000000, 0.00000000, 0.00000000, 0.00000000
5, 2.0300, 198, 0.62241650, 0.50453120, 0.37213042, -124.42920685, -27.53416061, -306.66238403, 8.53551579, 18.79567337, -83.48435974, -23.23431778, 23.09128189, -38.55797195, 0.91918463, 0.12150371, -0.25019541, 0.27881673, 0.18695328, 0.09670167, -0.02537624, 0.00000000, 0.00000000, 0.00000000, 0.00000000
5, 2.0400, 199, 0.68508816, 0.58654892, 0.33667499, -133.87582397, -24.02476883, -325.05364990, 8.53551579, 18.79567337, -83.48435974, -19.75261497, 18.56041145, -39.32562256, 0.92489821, 0.10594785, -0.20656785, 0.30111143, 0.12832093, 0.13640511, 0.04590403, 0.00000000, 0.00000000, 0.00000000, 0.00000000
5, 2.0500, 200, 0.73826808, 0.67259967, 0.28644791, -143.09347534, -26.57079315, -338.47454834, 9.64630222, 20.22800255, -84.36129761, -19.66598511, 16.00512505, -36.64677811, 0.93371761, 0.11741509, -0.18338317, 0.28417543, 0.05571020, 0.17242311, 0.10017193, 0.00000000, 0.00000000, 0.00000000, 0.00000000
2, 2.0500, 205, -0.45102838, 1.35443342, 0.81375647, 311.61044312, -40.76079559, -288.40979004, 19.49722290, 0.99386144, 79.18737030, -3.46494246, -21.38866234, -102.51793671, 0.61027527, 0.16326572, 0.09290513, 0.76959550, 0.07877829, 0.40797132, 0.61609828, 0.00000000, 0.00000000, 0.00000000, 0.00000000
2, 2.0600, 206, -0.35835338, 1.47568130, 0.88848662, 302.70693970, -63.55022430, -328.15148926, 21.13417053, 3.06927800, 81.14586639, -1.63181448, -23.21652603, -99.45618439, 0.63094401, 0.16252820, 0.11941556, 0.74915570, -0.04396862, 0.40427676, 0.76391947, 0.00000000, 0.00000000, 0.00000000, 0.00000000
5, 2.0600, 201, 0.80086529, 0.75444615, 0.21612105, -152.22056580, -34.62179947, -349.60922241, 10.58170128, 22.21572685, -85.12130737, -19.68575668, 13.40546703, -33.84078217, 0.94199187, 0.12895884, -0.15943444, 0.26570970, -0.00457065, 0.26116741, 0.17839873, 0.00000000, 0.00000000, 0.00000000, 0.00000000
5, 2.0700, 202, 0.86943024, 0.80990958, 0.15096216, -160.86735535, -47.17132568, -361.08511353, 11.54633141, 25.28500366, -85.99824524, -19.78952026, 10.78305531, -30.86886215, 0.94969308, 0.14027447, -0.13475525, 0.24545284, -0.08427240, 0.34055793, 0.24118996, 0.00000000, 0.00000000, 0.00000000, 0.00000000
2, 2.0700, 207, -0.19994688, 1.61330831, 0.92642480, 286.57943726, -99.93988037, -379.37094116, 22.27418900, 5.32008171, 82.11049652, -0.33423150, -25.23420143, -95.73036957, 0.65420175, 0.16389285, 0.14443144, 0.72408485, -0.23488730, 0.44664505, 0.90102971, 0.00000000, 0.00000000, 0.00000000, 0.00000000
4, 2.0800, 206, 0.46477354, 0.73436004, -0.26822978, -58.63082504, -36.43395996, -109.40322113, -10.28938866, -11.25401878, -73.57497406, 15.41732216, 51.15388489, -57.34562683, 1.00000000, 0.00000000, 0.00000000, 0.00000000, 0.03562872, -0.05773061, -0.09230884, 101.52100372, -16.30300331, 39.25999832, 0.00000000
2, 2.0800, 208, -0.09348784, 1.76327956, 0.91642451, 274.33819580, -150.30133057, -431.21643066, 24.55422401, 9.09090900, 82.13972473, 0.34147006, -27.34235382, -91.17488861, 0.68049300, 0.16680177, 0.16746953, 0.69358522, -0.37557137, 0.54228377, 1.01763701, 0.00000000, 0.00000000, 0.00000000, 0.00000000
5, 2.0800, 203, 0.92712241, 0.83351541, 0.11831493, -165.25662231, -60.57916260, -373.73974609, 11.86787510, 27.00964546, -86.93364716, -19.95399094, 8.12814522, -27.73486710, 0.95670968, 0.15105048, -0.10918583, 0.22353721, -0.16916719, 0.38232803, 0.27939692, 0.00000000, 0.00000000, 0.00000000, 0.00000000
4, 2.0900, 207, 0.48684517, 0.74719429, -0.27478075, -72.99719238, -38.14800644, -112.94743347, -10.40631390, -10.49400711, -73.01958466, 14.11737823, 50.05492401, -58.09373093, 1.00000000, 0.00000000, 0.00000000, 0.00000000, -0.00217079, -0.04467721, -0.10678983, 101.52100372, -16.30300331, 39.25999832, 0.00000000
4, 2.1000, 208, 0.50735694, 0.77363718, -0.28563732, -87.70631409, -41.30380249, -116.98176575, -11.04940033, -9.50014591, -73.31189728, 12.65140629, 50.30796814, -58.20583344, 1.00000000, 0.00000000, 0.00000000, 0.00000000, -0.04132746, -0.02680294, -0.10378805, 101.52100372, -16.30300331, 39.25999832, 0.00000000
4, 2.1100, 209, 0.52917230, 0.81539422, -0.28982484, -102.96426392, -46.78396606, -121.34338379, -11.13709450, -8.36012840, -73.77959442, 11.03675747, 49.10192108, -58.98281479, 1.00000000, 0.00000000, 0.00000000, 0.00000000, -0.08020441, -0.01429924, -0.08070210, 101.52100372, -16.30300331, 39.25999832, 0.00000000
5, 2.0900, 204, 0.98643678, 0.83239794, 0.11032170, -171.13256836, -77.45503235, -386.10760498, 11.86787510, 27.00964546, -86.93364716, -16.06597519, 7.87468672, -24.14629745, 0.96800786, 0.12210853, -0.09564759, 0.19723581, -0.25616813, 0.37808067, 0.30002546, 0.00000000, 0.00000000, 0.00000000, 0.00000000
2, 2.0900, 209, 0.01631725, 1.89343536, 0.93029493, 272.04272461, -217.88394165, -483.56430054, 26.92195320, 12.33557415, 82.46126556, 6.41573048, -22.10033035, -95.92930603, 0.66411126, 0.10536051, 0.16892953, 0.72063738, -0.49003303, 0.59331727, 1.12493563, 0.00000000, 0.00000000, 0.00000000, 0.00000000
4, 2.1200, 210, 0.55864376, 0.85747069, -0.31208768, -115.74108124, -54.29833984, -125.46390533, -11.13709450, -8.36012840, -73.77959442, 9.33836460, 47.82617569, -59.69475937, 1.00000000, 0.00000000, 0.00000000, 0.00000000, -0.14052632, 0.01465335, -0.07137451, 101.52100372, -16.30300331, 39.25999832, 0.00000000
5, 2.1000, 205, 1.07237840, 0.83597529, 0.12790780, -180.33787537, -96.05795288, -394.44326782, 12.83250523, 30.69277954, -87.48903656, -16.28602028, 5.01086044, -20.78199577, 0.97386885, 0.13138318, -0.06808681, 0.17228507, -0.34187087, 0.31482917, 0.33485281, 0.00000000, 0.00000000, 0.00000000, 0.00000000
5, 2.1100, 206, 1.17113197, 0.86845446, 0.16941124, -193.90081787, -117.11369324, -400.81900024, 12.94942951, 33.67436218, -88.54135895, -16.65236282, 2.21652746, -17.16418839, 0.97861582, 0.14030424, -0.04052865, 0.14485632, -0.45264110, 0.28675568, 0.41939670, 0.00000000, 0.00000000, 0.00000000, 0.00000000
2, 2.1000, 210, 0.07064466, 1.97203386, 0.92901534, 274.58920288, -279.81936646, -521.56622314, 26.92195320, 12.33557415, 82.46126556, 6.76413536, -24.61038780, -90.05326843, 0.69823259, 0.10976751, 0.19114102, 0.68109292, -0.49599344, 0.57234824, 1.16101575, 0.00000000, 0.00000000, 0.00000000, 0.00000000
4, 2.1300, 211, 0.56702173, 0.88093519, -0.34349093, -124.97088623, -66.29216766, -129.46319580, -11.89710617, -8.12627888, -73.48728180, 7.62931442, 46.46515656, -60.25920868, 1.00000000, 0.00000000, 0.00000000, 0.00000000, -0.17613643, 0.05768482, -0.06833906, 101.52100372, -16.30300331, 39.25999832, 0.00000000
4, 2.1400, 212, 0.58624637, 0.88223165, -0.35684559, -134.43809509, -82.15934753, -131.78318787, -12.33557415, -6.05086231, -73.98421478, 5.92421293, 45.02713776, -60.62288666, 1.00000000, 0.00000000, 0.00000000, 0.00000000, -0.21228136, 0.08861742, -0.09311232, 101.52100372, -16.30300331, 39.25999832, 0.00000000
4, 2.1500, 213, 0.60229075, 0.87553287, -0.36256152, -143.38626099, -98.95898438, -131.79307556, -13.03712368, -5.08623219, -74.10114288, 6.12334204, 46.10613632, -58.33023834, 1.00000000, 0.00000000, 0.00000000, 0.00000000, -0.23484138, 0.10958726, -0.11648604, 101.52100372, -16.30300331, 39.25999832, 0.00000000
2, 2.1100, 211, 0.07772619, 2.08442903, 0.99210191, 274.84112549, -338.26062012, -551.04309082, 30.22508049, 14.84945869, 81.46740723, 6.51701212, -27.01293564, -83.34732819, 0.73393875, 0.11375379, 0.21091811, 0.63553727, -0.54327559, 0.60596544, 1.30379200, 0.00000000, 0.00000000, 0.00000000, 0.00000000
4, 2.1600, 214, 0.58529806, 0.88261920, -0.35412684, -150.23043823, -113.22587585, -128.10261536, -13.03712368, -5.08623219, -74.10114288, 4.40098286, 44.61461639, -58.33475876, 1.00000000, 0.00000000, 0.00000000, 0.00000000, -0.21623570, 0.10390404, -0.09968001, 101.52100372, -16.30300331, 39.25999832, 0.00000000
2, 2.1200, 212, 0.05116261, 2.18536019, 1.00917542, 261.64410400, -391.39138794, -577.83056641, 32.06664658, 18.82490540, 79.85968781, 5.49799490, -29.24102020, -75.81143188, 0.77003247, 0.11827992, 0.22744372, 0.58423400, -0.55333716, 0.67582405, 1.40624499, 0.00000000, 0.00000000, 0.00000000, 0.00000000
4, 2.1700, 215, 0.55155951, 0.90957153, -0.33446589, -152.39331055, -121.15955353, -120.76753998, -14.03098488, -3.33235884, -74.24729156, 2.73775864, 43.17446136, -58.16950989, 1.00000000, 0.00000000, 0.00000000, 0.00000000, -0.21332660, 0.09881955, -0.08459461, 101.52100372, -16.30300331, 39.25999832, 0.00000000
5, 2.1200, 207, 1.23533225, 0.89936709, 0.16604541, -216.61189270, -156.51858521, -406.42901611, 13.44636059, 36.91902924, -89.47676086, -17.16054344, -0.39622241, -13.10078430, 0.98228812, 0.14861003, -0.01362293, 0.11331205, -0.53765064, 0.30414653, 0.47976583, 0.00000000, 0.00000000, 0.00000000, 0.00000000
2, 2.1300, 213, 0.08715917, 2.33194065, 1.07123268, 234.75999451, -437.90600586, -607.24139404, 34.52206802, 23.99883080, 77.81350708, 3.53292942, -31.23336983, -67.42515564, 0.80534977, 0.12464711, 0.24030057, 0.52738088, -0.62274879, 0.75721544, 1.57066071, 0.00000000, 0.00000000, 0.00000000, 0.00000000
4, 2.1800, 216, 0.48289531, 0.95069629, -0.31535211, -147.26620483, -120.56707001, -110.71119690, -14.44022179, -2.68927217, -74.48114777, 1.18192327, 41.83637238, -57.90082550, 1.00000000, 0.00000000, 0.00000000, 0.00000000, -0.18394634, 0.09129792, -0.03999533, 101.52100372, -16.30300331, 39.25999832, 0.00000000
4, 2.1900, 217, 0.41936371, 0.97159636, -0.31720975, -141.32412720, -113.29925537, -99.48603058, -15.60947037, -2.25080395, -74.80268860, -0.29218018, 40.62885666, -57.61399841, 1.00000000, 0.00000000, 0.00000000, 0.00000000, -0.15150800, 0.10816146, -0.00927495, 101.52100372, -16.30300331, 39.25999832, 0.00000000
4, 2.2000, 218, 0.38893715, 0.98714888, -0.32911116, -133.44822693, -106.11517334, -88.18177795, -15.69716454, -0.55539316, -74.80268860, 0.31106690, 40.66621017, -55.43222046, 1.00000000, 0.00000000, 0.00000000, 0.00000000, -0.14255828, 0.12884143, 0.01001588, 101.52100372, -16.30300331, 39.25999832, 0.00000000
2, 2.1400, 214, 0.04903583, 2.57428408, 1.07570004, 200.41397095, -468.37448120, -636.31286621, 36.10055542, 28.52966881, 74.91961670, 6.27032375, -26.65328026, -64.94400024, 0.82647550, 0.07867015, 0.22274551, 0.51101238, -0.58992779, 0.93729615, 1.75249898, 0.00000000, 0.00000000, 0.00000000, 0.00000000
4, 2.2100, 219, 0.39690912, 0.97998923, -0.34579024, -126.79075623, -101.49974060, -79.28884888, -15.69716454, -0.55539316, -74.80268860, -0.99903589, 39.68363953, -55.13766098, 1.00000000, 0.00000000, 0.00000000, 0.00000000, -0.15067813, 0.14461070, 0.00131710, 101.52100372, -16.30300331, 39.25999832, 0.00000000
4, 2.2200, 220, 0.44554335, 0.96068126, -0.37137568, -121.16766357, -100.68399811, -70.19880676, -16.16486359, 0.08769365, -75.44577789, -2.22607183, 38.79793167, -54.77935028, 1.00000000, 0.00000000, 0.00000000, 0.00000000, -0.20143710, 0.19076724, -0.04149118, 101.52100372, -16.30300331, 39.25999832, 0.00000000
4, 2.2300, 221, 0.51245761, 0.95887661, -0.39140642, -114.51263428, -105.01522827, -59.44504547, -16.89564514, 0.96463019, -76.29347992, -3.34748030, 38.01865768, -54.29788971, 1.00000000, 0.00000000, 0.00000000, 0.00000000, -0.27425462, 0.22690876, -0.07585973, 101.52100372, -16.30300331, 39.25999832, 0.00000000
4, 2.2400, 222, 0.58294737, 0.94309533, -0.40249851, -108.80982208, -114.73358154, -47.35580826, -17.71411896, 1.34463608, -76.23501587, -4.36707544, 37.35372162, -53.64393234, 1.00000000, 0.00000000, 0.00000000, 0.00000000, -0.34239256, 0.25596720, -0.12424473, 101.52100372, -16.30300331, 39.25999832, 0.00000000
4, 2.2500, 223, 0.66955161, 0.92842555, -0.40303835, -105.56827545, -127.33316040, -34.42875290, -17.91873741, 1.92926037, -76.35194397, -2.23656821, 41.26129150, -49.76264954, 1.00000000, 0.00000000, 0.00000000, 0.00000000, -0.40801063, 0.26222619, -0.16730827, 101.52100372, -16.30300331, 39.25999832, 0.00000000
2, 2.1500, 215, 0.07480757, 2.83303213, 1.04223061, 162.64236450, -489.20553589, -671.08880615, 36.10055542, 28.52966881, 74.91961670, 3.57562113, -28.87908363, -55.87952423, 0.85876262, 0.09008710, 0.23434186, 0.44664866, -0.57710242, 1.11586285, 1.89474821, 0.00000000, 0.00000000, 0.00000000, 0.00000000
4, 2.2600, 224, 0.77068323, 0.92367083, -0.37381834, -105.77796936, -142.90162659, -22.87775230, -17.91873741, 1.92926037, -76.35194397, -3.06725621, 40.78155899, -48.69839859, 1.00000000, 0.00000000, 0.00000000, 0.00000000, -0.45675051, 0.21307345, -0.18986553, 101.52100372, -16.30300331, 39.25999832, 0.00000000
5, 2.1300, 208, 1.26820064, 0.93457770, 0.14257881, -240.55590820, -203.80288696, -409.98532104, 13.09558582, 39.84215164, -91.20140076, -17.80740738, -2.75521994, -8.52590847, 0.98465532, 0.15606695, 0.01218444, 0.07712770, -0.59206748, 0.34381390, 0.52626282, 0.00000000, 0.00000000, 0.00000000, 0.00000000
4, 2.2700, 225, 0.88923520, 0.94263679, -0.31343383, -104.72758484, -160.29116821, -14.89442730, -18.53259277, 2.22157264, -76.05963135, -3.82595229, 40.36595154, -47.40764999, 1.00000000, 0.00000000, 0.00000000, 0.00000000, -0.57260400, 0.16075929, -0.23857164, 101.52100372, -16.30300331, 39.25999832, 0.00000000
4, 2.2800, 226, 1.01058924, 0.91631269, -0.21716526, -104.37387085, -183.34309387, -9.94851494, -18.64951706, 2.48465347, -77.69657898, -4.50725079, 39.97951126, -45.83708572, 1.00000000, 0.00000000, 0.00000000, 0.00000000, -0.66882026, 0.08163160, -0.33484334, 101.52100372, -16.30300331, 39.25999832, 0.00000000
4, 2.2900, 227, 1.03890955, 0.84878391, -0.11615803, -104.44614410, -222.57752991, -1.53731275, -19.11721611, 2.60157847, -77.75504303, -5.06607151, 39.63859940, -43.79806519, 1.00000000, 0.00000000, 0.00000000, 0.00000000, -0.66269225, 0.00504163, -0.42881292, 101.52100372, -16.30300331, 39.25999832, 0.00000000
2, 2.1600, 216, 0.28826323, 3.20732379, 0.93134856, 120.31415558, -506.12234497, -706.29376221, 37.41595840, 33.23589706, 71.90879822, -0.19600214, -30.79968643, -46.09238434, 0.88697219, 0.10547426, 0.24371357, 0.37783504, -0.82408977, 1.50560486, 2.10299134, 0.00000000, 0.00000000, 0.00000000, 0.00000000
2, 2.1700, 217, 0.62170047, 3.39137506, 0.80838323, 82.06553650, -562.70391846, -742.88403320, 37.41595840, 38.14673996, 68.51797485, -5.14183283, -31.91381454, -35.24348068, 0.91169727, 0.12424523, 0.24869433, 0.30252674, -1.18007421, 1.78877831, 2.16282701, 0.00000000, 0.00000000, 0.00000000, 0.00000000
2, 2.1800, 218, 0.89769363, 3.38546324, 0.78683382, 57.22568893, -636.56561279, -763.46343994, 36.33440399, 41.85910416, 65.27330780, -10.87582779, -31.70792389, -23.53753090, 0.93222088, 0.14471482, 0.24764626, 0.22066566, -1.46073508, 1.88084066, 2.15205526, 0.00000000, 0.00000000, 0.00000000, 0.00000000
2, 2.1900, 219, 1.13763392, 3.48734212, 0.91079736, 42.14813232, -727.07946777, -767.56585693, 36.33440399, 41.85910416, 65.27330780, -9.51468086, -21.44929695, -10.71773243, 0.97342700, 0.09845071, 0.17702726, 0.10681210, -1.65067136, 1.92519355, 2.29327130, 0.00000000, 0.00000000, 0.00000000, 0.00000000
4, 2.3000, 228, 0.98249686, 0.80978847, 0.05432100, -108.69834137, -261.53918457, 0.02371837, -19.11721611, 2.60157847, -77.75504303, -9.54968166, 45.52041245, -47.60525894, 1.00000000, 0.00000000, 0.00000000, 0.00000000, -0.56527680, -0.13635862, -0.45465976, 101.52100372, -16.30300331, 39.25999832, 0.00000000
5, 2.1400, 209, 1.28757739, 0.99820471, 0.14152730, -262.03897095, -256.28408813, -414.55557251, 12.59865570, 42.88219833, -93.04296875, -14.81959629, 0.13037166, 0.39461783, 0.99164218, 0.12896819, -0.00068408, -0.00356165, -0.59129071, 0.35318068, 0.58928627, 0.00000000, 0.00000000, 0.00000000, 0.00000000
4, 2.3100, 229, 0.71418035, 0.88759482, 0.25981459, -130.82504272, -304.56417847, -4.35251522, -19.40952873, 2.68927217, -78.69043732, -9.73377132, 45.22187424, -44.43731689, 1.00000000, 0.00000000, 0.00000000, 0.00000000, -0.28002676, -0.31831962, -0.25430501, 101.52100372, -16.30300331, 39.25999832, 0.00000000
2, 2.2000, 220, 4.67947197, 3.98494506, -3.76712990, 240.19752502, -885.46643066, -629.05511475, 34.84361267, 45.83454895, 60.68400955, -11.02134609, -17.95365524, 0.25439572, 0.98321742, 0.09450988, 0.15552399, 0.01280148, -5.01992798, 5.65392399, -0.66778475, 0.00000000, 0.00000000, 0.00000000, 0.00000000
2, 2.2100, 221, 6.81495428, 7.22272635, -3.06366110, 616.03277588, -861.02441406, 180.70901489, 32.47588348, 49.48845291, 53.61005402, -6.02670860, -10.02111721, 4.43102694, 0.99423516, 0.04895694, 0.08917780, -0.03386950, -7.07645321, 7.31381559, 2.10355616, 0.00000000, 0.00000000, 0.00000000, 0.00000000
2, 2.2200, 222, 0.94359291, -0.51990855, -4.37522554, 236.10482788, 20.59181786, 266.71081543, 34.72668839, 49.31306458, 49.22537231, -3.30966878, -8.38988113, 2.30101871, 0.99674642, 0.02732696, 0.07368315, -0.01790465, -1.05673361, 2.89656639, -4.37852859, 0.00000000, 0.00000000, 0.00000000, 0.00000000
2, 2.2300, 223, 1.71036541, 1.90976679, -2.63538170, 119.63536072, -131.47348022, 79.32199860, 35.57439423, 48.11458588, 47.88073730, -2.16053677, -6.89686871, 2.66068888, 0.99776930, 0.01741766, 0.06056020, -0.02203692, -1.83619225, 3.27051783, -1.43140483, 0.00000000, 0.00000000, 0.00000000, 0.00000000
4, 2.3200, 230, 0.18703383, 1.24392927, 0.51421374, -158.35934448, -337.03826904, -21.07086563, -20.34492874, 2.60157847, -79.83045959, -10.13713932, 44.73228455, -41.03596878, 1.00000000, 0.00000000, 0.00000000, 0.00000000, 0.06790542, -0.63556182, 0.23255828, 101.52100372, -16.30300331, 39.25999832, 0.00000000
4, 2.3300, 231, -0.66375822, 1.52754915, 0.62699211, -180.99768066, -354.51126099, -33.62448120, -21.07570839, 3.80005836, -80.76585388, -10.78693104, 44.11537933, -37.57158661, 1.00000000, 0.00000000, 0.00000000, 0.00000000, 0.72489464, -0.79594028, 0.81609607, 101.52100372, -16.30300331, 39.25999832, 0.00000000
4, 2.3400, 232, -1.58452845, 1.55849409, 0.19423422, -182.42153931, -336.09423828, -32.47235870, -22.33265114, 4.09237051, -81.70125580, -11.58317184, 43.54504776, -34.37154770, 1.00000000, 0.00000000, 0.00000000, 0.00000000, 1.50237286, -0.36815241, 1.30676103, 101.52100372, -16.30300331, 39.25999832, 0.00000000
2, 2.2400, 224, 0.86080813, 1.47542834, -1.22069991, 5.02838707, -341.07983398, -28.97992516, 35.57439423, 48.11458588, 47.88073730, 8.86491966, -0.77980977, 9.42975807, 0.99356914, -0.07757825, 0.00040938, -0.08247370, -0.94311297, 1.88998127, -0.76812202, 0.00000000, 0.00000000, 0.00000000, 0.00000000
4, 2.3500, 233, -1.58636880, 1.52009153, -0.35299015, -164.64964294, -243.08958435, -23.96644211, -22.33265114, 4.09237051, -81.70125580, -8.17121983, 33.24402237, -20.20467758, 1.00000000, 0.00000000, 0.00000000, 0.00000000, 1.43244028, 0.17810330, 1.34270966, 101.52100372, -16.30300331, 39.25999832, 0.00000000
5, 2.1500, 210, 1.28544390, 1.07327104, 0.18724404, -283.66702271, -311.45178223, -418.99530029, 12.59865570, 42.88219833, -93.04296875, -15.21623707, -2.01150393, 5.92901087, 0.98983800, 0.13129945, 0.02422112, -0.04893328, -0.51701063, 0.28536654, 0.64493090, 0.00000000, 0.00000000, 0.00000000, 0.00000000
4, 2.3600, 234, -0.91212183, 1.69987094, -0.85114408, -111.01506805, -120.91716766, 15.03057098, -23.35574341, 5.20315695, -81.70125580, -9.27078247, 33.24008942, -19.43944359, 1.00000000, 0.00000000, 0.00000000, 0.00000000, 0.59992552, 0.61452818, 1.22465432, 101.52100372, -16.30300331, 39.25999832, 0.00000000
4, 2.3700, 235, -0.47603193, 1.84622550, -1.15939426, -7.58554649, -17.10145378, 48.50487518, -23.20958710, 5.43700647, -81.70125580, -9.36298847, 33.70820999, -19.27770042, 1.00000000, 0.00000000, 0.00000000, 0.00000000, 0.12202241, 0.89330828, 1.23218274, 101.52100372, -16.30300331, 39.25999832, 0.00000000
4, 2.3800, 236, -0.35899323, 1.60282242, -1.06226921, 111.73578644, 43.42159271, 55.63270569, -22.74188805, 4.53083897, -82.25665283, -8.15823269, 34.36306381, -19.16991043, 1.00000000, 0.00000000, 0.00000000, 0.00000000, 0.13345937, 0.83664185, 0.95291150, 101.52100372, -16.30300331, 39.25999832, 0.00000000
4, 2.3900, 237, -0.20237485, 1.20852578, -0.64641631, 166.67182922, 60.92897797, 52.57394791, -22.71265602, 4.38468266, -82.43203735, -6.31856298, 35.02993011, -18.95525169, 1.00000000, 0.00000000, 0.00000000, 0.00000000, 0.19962463, 0.48557818, 0.46294254, 101.52100372, -16.30300331, 39.25999832, 0.00000000
5, 2.1600, 211, 1.26611042, 1.17648149, 0.26479840, -303.10559082, -363.51840210, -415.37951660, 11.66325665, 44.02221680, -95.05992126, -15.72249985, -3.83677125, 11.96041584, 0.98513621, 0.13249910, 0.04722267, -0.09859420, -0.47204587, 0.23688735, 0.73589247, 0.00000000, 0.00000000, 0.00000000, 0.00000000
2, 2.2500, 225, 0.20270593, 1.20027459, -0.62399048, -65.59873962, -340.83160400, -48.17505264, 35.77901077, 48.20227814, 46.62379456, 8.17646408, 0.77180153, 12.49538517, 0.99156111, -0.07013642, -0.01443651, -0.10807012, -0.20386323, 1.13088667, -0.54739362, 0.00000000, 0.00000000, 0.00000000, 0.00000000
2, 2.2600, 226, -0.00583807, 1.15023839, -0.41123933, -33.13218307, -244.93945312, -17.85803795, 35.69131851, 48.26074219, 45.39608383, 7.87358618, 2.04525232, 14.59220600, 0.98956060, -0.06582797, -0.02637867, -0.12546185, 0.02687326, 0.95084703, -0.43621832, 0.00000000, 0.00000000, 0.00000000, 0.00000000
2, 2.2700, 227, -0.25010198, 1.05780149, -0.02106209, 26.37105560, -185.42851257, 27.99296570, 35.92516708, 47.85150528, 43.90528870, 8.18637943, 3.34687185, 15.94650078, 0.98767471, -0.06661828, -0.03874352, -0.13623358, 0.29126748, 0.60211790, -0.23158798, 0.00000000, 0.00000000, 0.00000000, 0.00000000
2, 2.2800, 228, -0.28094566, 1.25427461, 0.20772879, 57.84369278, -133.80767822, 56.87272263, 35.66208649, 49.16690826, 43.11604691, 8.81149006, 4.57798433, 16.72724724, 0.98610055, -0.07014908, -0.05056306, -0.14187384, 0.34069452, 0.56173486, 0.07134928, 0.00000000, 0.00000000, 0.00000000, 0.00000000
2, 2.2900, 229, -0.17518128, 1.27032876, 0.35977298, 61.22776794, -113.38045502, 59.61118698, 35.66208649, 49.16690826, 43.11604691, 12.85332203, 3.36412597, 17.78441048, 0.98185724, -0.10602954, -0.04611270, -0.15029231, 0.24375397, 0.43647879, 0.19169562, 0.00000000, 0.00000000, 0.00000000, 0.00000000
2, 2.3000, 230, -0.09860571, 1.23042405, 0.19267403, 48.75551224, -118.11109924, 46.87884903, 35.86670685, 48.14381790, 41.91756821, 13.38838100, 4.36250544, 18.57594681, 0.98016745, -0.10885736, -0.05610614, -0.15580158, 0.15640466, 0.47712326, 0.05662280, 0.00000000, 0.00000000, 0.00000000, 0.00000000
2, 2.3100, 231, 0.03364235, 1.11957920, -0.05067927, 41.04074860, -133.47413635, 30.98127747, 36.21747971, 48.08535385, 40.68985748, 13.87566662, 5.29236174, 19.58936119, 0.97811395, -0.11110816, -0.06568907, -0.16319679, 0.04369435, 0.56981641, -0.18929249, 0.00000000, 0.00000000, 0.00000000, 0.00000000
4, 2.4000, 238, -0.06316969, 1.01483619, -0.29335904, 150.71911621, 51.47707367, 47.33459091, -22.71265602, 4.38468266, -82.43203735, -3.87604022, 33.37663269, -17.01301765, 1.00000000, 0.00000000, 0.00000000, 0.00000000, 0.18464449, 0.15131772, 0.16455580, 101.52100372, -16.30300331, 39.25999832, 0.00000000
4, 2.4100, 239, 0.07886726, 0.96784621, -0.07278064, 119.77401733, 29.21396446, 42.16580963, -22.33265114, 3.62467122, -83.33820343, -2.50810862, 33.86613846, -16.65629578, 1.00000000, 0.00000000, 0.00000000, 0.00000000, 0.07762253, -0.08336744, 0.00846612, 101.52100372, -16.30300331, 39.25999832, 0.00000000
4, 2.4200, 240, 0.26869279, 0.96027178, 0.09468115, 107.76407623, 9.31915760, 42.26983261, -21.80648994, 0.96463019, -83.74744415, -1.23393977, 34.31315994, -16.13020897, 1.00000000, 0.00000000, 0.00000000, 0.00000000, -0.07030473, -0.26468819, -0.10568422, 101.52100372, -16.30300331, 39.25999832, 0.00000000
2, 2.3200, 232, 0.07934690, 0.99344778, -0.10611191, 42.53393936, -138.01213074, 20.02319717, 36.07132339, 47.64688492, 40.07600021, 14.40236568, 6.13987923, 20.70616531, 0.97576541, -0.11358720, -0.07476285, -0.17143618, 0.01472664, 0.51524901, -0.31603697, 0.00000000, 0.00000000, 0.00000000, 0.00000000
4, 2.4300, 241, 0.38201872, 0.93830222, 0.15141036, 101.52723694, -7.25809336, 42.71178818, -21.71879578, 0.61385560, -84.27360535, 0.01023222, 34.72223282, -15.44165802, 1.00000000, 0.00000000, 0.00000000, 0.00000000, -0.15298855, -0.33382094, -0.17963976, 101.52100372, -16.30300331, 39.25999832, 0.00000000
5, 2.1700, 212, 1.22094500, 1.39937222, 0.34104165, -320.12933350, -410.95550537, -399.06533813, 10.11400127, 49.13768005, -97.69073486, -16.33958435, -5.23419142, 18.39101982, 0.97714829, 0.13291170, 0.06730235, -0.15161163, -0.33537203, 0.21469873, 0.91272867, 0.00000000, 0.00000000, 0.00000000, 0.00000000
5, 2.1800, 213, 1.19463670, 1.62571228, 0.44073904, -333.48333740, -487.93841553, -367.93893433, 8.50628471, 52.03157043, -99.56153107, -16.86613846, -5.94078875, 25.34785652, 0.96545655, 0.13164192, 0.08214363, -0.20932397, -0.20017374, 0.17032850, 1.10624576, 0.00000000, 0.00000000, 0.00000000, 0.00000000
5, 2.1900, 214, 1.13966608, 1.67652655, 0.55959195, -335.63455200, -553.99713135, -321.25430298, 6.69394922, 54.89622879, -102.10464478, -15.07300282, -4.72910357, 33.99749374, 0.94882488, 0.11336336, 0.07742557, -0.28440362, -0.11371382, 0.06157415, 1.13755965, 0.00000000, 0.00000000, 0.00000000, 0.00000000
5, 2.2000, 215, 1.04691637, 1.63788736, 0.65170979, -335.10742188, -621.50469971, -263.96490479, 6.69394922, 54.89622879, -102.10464478, -14.92074966, -4.14779186, 41.49926376, 0.92827892, 0.10862668, 0.07952505, -0.34666187, -0.02454419, -0.06172904, 1.06142449, 0.00000000, 0.00000000, 0.00000000, 0.00000000
2, 2.3300, 233, -0.04087456, 0.91565317, -0.06279977, 42.26929474, -121.44487000, 21.04271126, 36.39286804, 46.62379456, 39.46214676, 14.92711067, 6.90660191, 21.68130302, 0.97353637, -0.11611283, -0.08304493, -0.17846145, 0.14904316, 0.42176390, -0.33769828, 0.00000000, 0.00000000, 0.00000000, 0.00000000
4, 2.4400, 242, 0.39907256, 0.89930093, 0.14770974, 100.08454895, -17.73231697, 42.83069992, -21.25109673, 1.90002918, -84.30283356, 1.27045906, 35.09768677, -14.63316250, 1.00000000, 0.00000000, 0.00000000, 0.00000000, -0.14715005, -0.34015673, -0.21686402, 101.52100372, -16.30300331, 39.25999832, 0.00000000
5, 2.2100, 216, 0.95607597, 1.64484751, 0.60901743, -345.26736450, -695.24169922, -201.27236938, 4.06313944, 57.70242691, -104.99853516, -14.42057610, -2.73314500, 49.34630585, 0.90251124, 0.10414342, 0.07387894, -0.41130239, 0.07031600, -0.02439841, 1.00831640, 0.00000000, 0.00000000, 0.00000000, 0.00000000
4, 2.4500, 243, 0.36640251, 0.87013930, 0.11731340, 97.69128418, -17.85574913, 42.70534897, -21.25109673, 1.90002918, -84.30283356, -2.02356458, 37.89462280, -17.73082733, 1.00000000, 0.00000000, 0.00000000, 0.00000000, -0.09437290, -0.30635393, -0.21294057, 101.52100372, -16.30300331, 39.25999832, 0.00000000
2, 2.3400, 234, -0.08653446, 0.93545359, -0.06498926, 40.36044693, -95.57992554, 33.04306030, 36.39286804, 46.62379456, 39.46214676, 21.26890564, 5.14646006, 23.22853279, 0.96339869, -0.17169823, -0.08033658, -0.18954884, 0.19666827, 0.40454799, -0.31368077, 0.00000000, 0.00000000, 0.00000000, 0.00000000
4, 2.4600, 244, 0.34730351, 0.85295010, 0.09364497, 90.25138855, -16.74458313, 42.41428375, -21.66033363, 0.87693655, -84.97515106, -0.84198934, 38.29053116, -16.97087479, 1.00000000, 0.00000000, 0.00000000, 0.00000000, -0.04109577, -0.24884444, -0.19292761, 101.52100372, -16.30300331, 39.25999832, 0.00000000
2, 2.3500, 235, -0.11104855, 0.99121267, -0.04783977, 42.84409714, -74.22317505, 45.10023880, 35.63285446, 47.35457230, 38.73136520, 21.74502373, 5.83975697, 23.75640106, 0.96175110, -0.17404895, -0.08772832, -0.19247189, 0.20034061, 0.34964249, -0.23664591, 0.00000000, 0.00000000, 0.00000000, 0.00000000
4, 2.4700, 245, 0.34752628, 0.83401811, 0.06927003, 77.77563477, -19.93596458, 39.81455994, -20.98801422, -0.11692487, -85.76439667, 0.20500036, 38.64249039, -16.23418808, 1.00000000, 0.00000000, 0.00000000, 0.00000000, -0.03051722, -0.23621373, -0.20148127, 101.52100372, -16.30300331, 39.25999832, 0.00000000
2, 2.3600, 236, -0.09360227, 1.03435981, -0.00321264, 51.73313522, -56.87567520, 51.55318451, 35.51593018, 47.00379944, 37.85442734, 22.29914665, 6.52489185, 24.10590553, 0.96023989, -0.17714223, -0.09491803, -0.19378021, 0.19419008, 0.33891526, -0.17032804, 0.00000000, 0.00000000, 0.00000000, 0.00000000
2, 2.3700, 237, -0.03264498, 1.00040019, 0.02931837, 65.85854340, -41.50802994, 53.95895004, 36.88979721, 46.38994217, 37.38673019, 22.98290634, 7.17369366, 24.31144905, 0.95873076, -0.18146400, -0.10180055, -0.19376005, 0.14474887, 0.28232378, -0.16797309, 0.00000000, 0.00000000, 0.00000000, 0.00000000
5, 2.2200, 217, 0.75621688, 2.69106269, -1.86864316, -344.47552490, -731.08007812, -128.08892822, 1.69541073, 59.63168716, -107.39550018, -13.55774403, -0.60469276, 57.17448044, 0.87223691, 0.10113895, 0.06108104, -0.47459751, 0.56440663, 2.59771204, 1.35353827, 0.00000000, 0.00000000, 0.00000000, 0.00000000
5, 2.2300, 218, -0.06217855, 7.13853979, -5.52238894, 162.98249817, -633.35668945, 23.67514420, -1.60771704, 60.71324158, -111.10786438, -8.83511353, 1.70606983, 61.11928558, 0.85786408, 0.07386544, 0.02637588, -0.50785565, 3.25970793, 6.99662447, 3.97517562, 0.00000000, 0.00000000, 0.00000000, 0.00000000
5, 2.2400, 219, -1.63706028, 2.16699433, -2.78979397, 231.66572571, -581.92022705, 70.12046814, -3.50774622, 58.95936966, -114.44022369, 6.96157122, -1.72600365, 63.04896545, 0.85026979, -0.05960824, -0.01892625, -0.52261841, 2.26200604, 3.20999360, -0.54293334, 0.00000000, 0.00000000, 0.00000000, 0.00000000
4, 2.4800, 246, 0.33103496, 0.82912982, 0.07834036, 61.51885605, -29.34997559, 36.50186920, -20.90032196, -0.55539316, -85.67670441, 1.08527148, 38.93286133, -15.47605610, 1.00000000, 0.00000000, 0.00000000, 0.00000000, -0.00847266, -0.25696522, -0.19705823, 101.52100372, -16.30300331, 39.25999832, 0.00000000
4, 2.4900, 247, 0.29767156, 0.84370756, 0.08588252, 43.03902435, -42.33960724, 32.15954971, -20.90032196, -0.55539316, -85.67670441, 1.77802646, 39.14522552, -14.67461681, 1.00000000, 0.00000000, 0.00000000, 0.00000000, 0.01971748, -0.27762926, -0.16858864, 101.52100372, -16.30300331, 39.25999832, 0.00000000
5, 2.2500, 220, -1.48486221, 0.04484940, -1.92307079, 206.54302979, -451.75628662, 16.67061234, -3.50774622, 58.95936966, -114.44022369, 11.00737476, -1.10170460, 65.76960754, 0.83535349, -0.08573376, -0.04403567, -0.54119802, 1.04991519, 1.72853899, -2.06481504, 0.00000000, 0.00000000, 0.00000000, 0.00000000
5, 2.2600, 221, -1.59231782, -0.37398604, -1.12703466, 91.16744995, -353.19134521, -7.00979137, -5.34931278, 57.55627060, -117.94796753, 13.60473824, -1.02021229, 68.28285217, 0.82120425, -0.10298916, -0.05915646, -0.55813730, 1.00716436, 0.81182587, -2.32750750, 0.00000000, 0.00000000, 0.00000000, 0.00000000
5, 2.2700, 222, -1.72558200, 0.07522523, -0.56904012, -21.17683792, -255.15327454, -3.83878708, -6.84010506, 57.55627060, -119.05875397, 14.73691559, -1.12345529, 70.55615234, 0.80885220, -0.11030805, -0.06612901, -0.57377464, 1.41440988, 0.32380471, -1.92980576, 0.00000000, 0.00000000, 0.00000000, 0.00000000
5, 2.2800, 223, -1.57002795, 0.86175525, 0.10141291, -62.20537186, -48.98847198, 36.47444534, -7.68781042, 57.70242691, -119.32183075, 14.41846275, -0.85875171, 71.32868195, 0.80545294, -0.10628823, -0.06712453, -0.57917410, 1.77060366, -0.18448743, -1.08506179, 0.00000000, 0.00000000, 0.00000000, 0.00000000
5, 2.2900, 224, -1.04479527, 1.23852956, 0.22164865, -11.75927830, 263.66833496, 136.45329285, -6.63548660, 57.81935120, -118.32797241, 12.01841450, -10.22509003, 71.41062927, 0.79891008, -0.13639338, 0.01110954, -0.58567578, 1.50967038, -0.20543276, -0.47274810, 0.00000000, 0.00000000, 0.00000000, 0.00000000
5, 2.3000, 225, -0.30227265, 1.04060340, 0.16777718, 24.86038589, 447.91723633, 165.61634827, -6.63548660, 57.81935120, -118.32797241, 10.32859325, -8.69208336, 67.47645569, 0.82203829, -0.11655455, 0.01291280, -0.55722642, 0.66188663, -0.14986292, -0.24460250, 0.00000000, 0.00000000, 0.00000000, 0.00000000
4, 2.5000, 248, 0.26544461, 0.86794901, 0.07092190, 28.03744125, -57.90095520, 28.35865784, -21.13417053, -0.81847411, -86.20286560, -1.86513746, 39.73683929, -16.92756271, 1.00000000, 0.00000000, 0.00000000, 0.00000000, 0.04138800, -0.26187170, -0.12745301, 101.52100372, -16.30300331, 39.25999832, 0.00000000
2, 2.3800, 238, -0.00301797, 0.95998609, 0.02415187, 82.54101562, -32.93444443, 55.27835846, 36.27594376, 45.71762466, 37.06518555, 23.82684326, 7.80200481, 24.44194984, 0.95704460, -0.18719667, -0.10865591, -0.19291720, 0.12648615, 0.24642144, -0.19463682, 0.00000000, 0.00000000, 0.00000000, 0.00000000
5, 2.3100, 226, 0.34816554, 1.00782251, 0.22172014, 7.39646864, 480.57925415, 121.03182220, -3.97544575, 57.49780655, -116.72025299, 8.31297302, -7.76204300, 63.32398224, 0.84439903, -0.09698597, 0.01950063, -0.52650148, 0.12285548, -0.17727572, 0.07898947, 0.00000000, 0.00000000, 0.00000000, 0.00000000
2, 2.3900, 239, -0.00421474, 0.93655753, 0.01972851, 99.47779846, -30.32172966, 56.26261139, 36.27594376, 45.71762466, 37.06518555, 28.10652924, 6.81419134, 25.01921654, 0.94849259, -0.22415258, -0.10878605, -0.19566061, 0.13174716, 0.20608808, -0.20118462, 0.00000000, 0.00000000, 0.00000000, 0.00000000
4, 2.5100, 249, 0.23471956, 0.90031934, 0.04304620, 19.92071724, -72.04502869, 27.40221214, -21.16340256, -1.63694823, -87.31365204, -1.36303329, 39.87917328, -15.92434216, 1.00000000, 0.00000000, 0.00000000, 0.00000000, 0.05993462, -0.20577097, -0.07547161, 101.52100372, -16.30300331, 39.25999832, 0.00000000
4, 2.5200, 250, 0.19763069, 0.91496539, 0.01727954, 17.26272011, -79.26135254, 28.58388901, -21.07570839, -2.45542240, -87.45980835, -0.86555845, 40.01268005, -14.84568596, 1.00000000, 0.00000000, 0.00000000, 0.00000000, 0.08710150, -0.19024152, -0.04070138, 101.52100372, -16.30300331, 39.25999832, 0.00000000
2, 2.4000, 240, -0.02283642, 0.91251582, 0.02209041, 114.28184509, -31.29243469, 58.04909134, 36.48056030, 45.27915955, 36.71440887, 29.27218246, 7.44870186, 25.18760300, 0.94585586, -0.23237531, -0.11631359, -0.19449858, 0.14052176, 0.13224830, -0.19040953, 0.00000000, 0.00000000, 0.00000000, 0.00000000
2, 2.4100, 241, -0.06520571, 0.89166200, 0.05908978, 126.81560516, -31.74616241, 60.04089737, 36.94826126, 45.33761978, 35.45746994, 30.56714249, 8.09925079, 25.37099266, 0.94282484, -0.24156024, -0.12420096, -0.19314286, 0.19392903, 0.07294375, -0.16776550, 0.00000000, 0.00000000, 0.00000000, 0.00000000
4, 2.5300, 251, 0.15229812, 0.91366583, -0.02910954, 16.76571274, -77.29710388, 30.82906914, -21.36802101, -1.34463608, -88.42443848, -0.37519607, 40.16492844, -13.78376389, 1.00000000, 0.00000000, 0.00000000, 0.00000000, 0.12666652, -0.15120506, -0.01260930, 101.52100372, -16.30300331, 39.25999832, 0.00000000
5, 2.3200, 227, 0.98528278, 1.25909233, 0.16603571, -18.63399506, 432.62918091, 59.89546967, -1.78310430, 56.18240356, -114.64483643, 6.28381157, -7.56066179, 59.71821594, 0.86226553, -0.08020571, 0.02986480, -0.49917266, -0.27881145, -0.03866770, 0.61479378, 0.00000000, 0.00000000, 0.00000000, 0.00000000
5, 2.3300, 228, 1.53047502, 1.43728518, -0.08560574, -26.23181152, 297.56460571, 26.55788040, 1.05232382, 55.68547058, -112.07249451, 4.77952862, -7.65137196, 57.31685638, 0.87344342, -0.06847826, 0.03854372, -0.48054323, -0.67078722, 0.27311444, 1.01135337, 0.00000000, 0.00000000, 0.00000000, 0.00000000
5, 2.3400, 229, 1.63092613, 1.20710015, -0.27321979, 3.24120116, 125.71635437, 42.43440628, 1.92926037, 55.62701035, -112.04325867, 6.25441551, -1.38346863, 51.77536011, 0.89795905, -0.05433830, -0.01297144, -0.43651879, -0.86903435, 0.41863248, 0.84180731, 0.00000000, 0.00000000, 0.00000000, 0.00000000
4, 2.5400, 252, 0.11413592, 0.90211338, -0.05833344, 14.39563179, -67.17154694, 32.65278625, -21.36802101, -1.34463608, -88.42443848, 0.05715216, 40.34893799, -12.84421062, 1.00000000, 0.00000000, 0.00000000, 0.00000000, 0.16579548, -0.12637666, 0.00053827, 101.52100372, -16.30300331, 39.25999832, 0.00000000
2, 2.4200, 242, -0.09917367, 0.91266382, 0.08852553, 136.20262146, -27.58700180, 60.56547928, 36.71440887, 43.87606049, 34.20052719, 31.95459747, 8.74127388, 25.52870178, 0.93952054, -0.25148618, -0.13209233, -0.19133082, 0.23867130, 0.04669018, -0.11855543, 0.00000000, 0.00000000, 0.00000000, 0.00000000
2, 2.4300, 243, -0.13334964, 0.93955278, 0.12144929, 145.60769653, -19.00926781, 59.25436020, 37.32826614, 43.14527893, 34.28821945, 33.42807388, 9.34994411, 25.62077332, 0.93600309, -0.26219580, -0.13967174, -0.18879481, 0.28314498, 0.02104428, -0.06135197, 0.00000000, 0.00000000, 0.00000000, 0.00000000
5, 2.3500, 230, 1.40320599, 0.94654226, -0.16512664, 39.79323959, -45.92720032, 66.16502380, 2.25080395, 55.45162201, -111.89710236, 6.76100969, -0.65642071, 51.91433716, 0.89739448, -0.05552027, -0.02066775, -0.43723390, -0.71536177, 0.23317638, 0.51782572, 0.00000000, 0.00000000, 0.00000000, 0.00000000
5, 2.3600, 231, 1.03270102, 0.82539153, 0.01538784, 68.16020966, -133.72926331, 68.67101288, 2.25080395, 55.45162201, -111.89710236, 7.96764135, 0.18979022, 52.65274048, 0.89416665, -0.06153618, -0.03229174, -0.44230834, -0.43396521, 0.01585043, 0.24958667, 0.00000000, 0.00000000, 0.00000000, 0.00000000
5, 2.3700, 232, 0.61359066, 0.85762918, 0.12444305, 80.02872467, -199.32060242, 47.46751404, 2.36772871, 54.69160843, -112.77404022, 9.65803242, 0.85925752, 53.90651321, 0.88847375, -0.07164950, -0.04481589, -0.45107901, -0.03929036, -0.11113240, 0.07208063, 0.00000000, 0.00000000, 0.00000000, 0.00000000
5, 2.3800, 233, 0.26371354, 0.95447266, 0.18971862, 83.61984253, -247.01910400, 17.89261246, 1.87079799, 53.46389771, -114.44022369, 11.68037796, 1.21590889, 55.56100082, 0.88060123, -0.08510103, -0.05676232, -0.46268493, 0.32179275, -0.18905428, -0.01991224, 0.00000000, 0.00000000, 0.00000000, 0.00000000
5, 2.3900, 234, 0.03369325, 1.01174057, 0.21827874, 88.27605438, -266.82086182, -6.01845026, 1.28617358, 53.31774139, -115.98947906, 11.27250004, -5.37569666, 60.46500778, 0.85654753, -0.10825896, -0.00907604, -0.50450379, 0.52273846, -0.23122104, -0.08552895, 0.00000000, 0.00000000, 0.00000000, 0.00000000
5, 2.4000, 235, -0.08126158, 0.97710955, 0.21748605, 94.42942810, -247.76263428, -19.34792328, -0.73078048, 53.72697830, -117.56796265, 13.24773026, -5.42141771, 62.06769180, 0.84737849, -0.12294825, -0.01914870, -0.51620430, 0.51395482, -0.23860842, -0.17275125, 0.00000000, 0.00000000, 0.00000000, 0.00000000
2, 2.4400, 244, -0.15193897, 0.96079308, 0.17563018, 151.49778748, -4.23846865, 53.70219040, 37.32826614, 43.14527893, 34.28821945, 34.29811478, 6.24063301, 27.27715683, 0.93100488, -0.27385494, -0.11996969, -0.20938168, 0.29505792, -0.02339915, 0.00375267, 0.00000000, 0.00000000, 0.00000000, 0.00000000
4, 2.5500, 253, 0.07575371, 0.88845795, -0.08959828, 9.06554222, -52.75185013, 34.14734650, -21.63110161, -2.16311026, -88.21981812, -1.04093957, 38.36725235, -13.55276203, 1.00000000, 0.00000000, 0.00000000, 0.00000000, 0.19887854, -0.09301510, 0.00667555, 101.52100372, -16.30300331, 39.25999832, 0.00000000
4, 2.5600, 254, 0.03821975, 0.87604499, -0.10300331, 1.66284120, -36.30759430, 34.97306061, -21.89418221, -2.10464764, -89.09675598, -0.89591652, 38.64178467, -13.05483437, 1.00000000, 0.00000000, 0.00000000, 0.00000000, 0.21806338, -0.06580579, -0.00149116, 101.52100372, -16.30300331, 39.25999832, 0.00000000
5, 2.4100, 236, -0.09339923, 0.89653563, 0.22364527, 95.46494293, -190.51455688, -24.86679840, -0.73078048, 53.72697830, -117.56796265, 14.97979546, -5.56515408, 63.17058182, 0.84028316, -0.13612023, -0.02719158, -0.52407658, 0.48020571, -0.29131287, -0.23726311, 0.00000000, 0.00000000, 0.00000000, 0.00000000
4, 2.5700, 255, 0.02076146, 0.86724907, -0.11063849, -7.90403557, -19.75767708, 35.39348984, -22.12803268, -3.88775206, -89.65214539, -0.91659486, 38.95095444, -12.79444313, 1.00000000, 0.00000000, 0.00000000, 0.00000000, 0.24090031, -0.05716544, 0.00269940, 101.52100372, -16.30300331, 39.25999832, 0.00000000
4, 2.5800, 256, 0.00020856, 0.91284156, -0.12335490, -15.93868542, -4.35513210, 37.66206741, -21.92341423, -2.30926633, -89.30137634, -1.08308494, 39.31130219, -12.74914837, 1.00000000, 0.00000000, 0.00000000, 0.00000000, 0.24424468, -0.05252555, 0.05795448, 101.52100372, -16.30300331, 39.25999832, 0.00000000
4, 2.5900, 257, 0.01045701, 0.92667395, -0.12566413, -18.42688751, 9.43764877, 39.88682938, -21.92341423, -2.30926633, -89.30137634, -1.32490587, 39.71907425, -12.87354851, 1.00000000, 0.00000000, 0.00000000, 0.00000000, 0.23430428, -0.05027168, 0.07071352, 101.52100372, -16.30300331, 39.25999832, 0.00000000
2, 2.4500, 245, -0.15757239, 0.98054421, 0.20900363, 155.10923767, 14.44397354, 45.23202133, 37.79596710, 41.85910416, 33.73282623, 35.83184814, 6.65745878, 27.08203125, 0.92768103, -0.28562924, -0.12561846, -0.20504633, 0.26109689, -0.05211882, 0.04680831, 0.00000000, 0.00000000, 0.00000000, 0.00000000
2, 2.4600, 246, -0.15747514, 0.97736013, 0.25661033, 156.01852417, 37.66026688, 34.76456833, 37.91289139, 41.15755463, 32.97281647, 37.34982681, 6.94803333, 26.67835617, 0.92457503, -0.29774275, -0.12959558, -0.19928719, 0.26651394, -0.10991303, 0.09329580, 0.00000000, 0.00000000, 0.00000000, 0.00000000
5, 2.4200, 237, -0.06251634, 0.82403421, 0.21925265, 91.62792969, -120.32190704, -25.02017212, -2.28003502, 52.79158020, -118.73721313, 16.36292458, -5.72083426, 63.69116592, 0.83603299, -0.14679915, -0.03303320, -0.52764344, 0.41268054, -0.32654727, -0.27410650, 0.00000000, 0.00000000, 0.00000000, 0.00000000
5, 2.4300, 238, -0.02486160, 0.76646304, 0.20146546, 86.73222351, -47.32388306, -22.69212914, -3.04004669, 52.67465591, -119.11721802, 17.37520599, -5.83330441, 63.61534500, 0.83493280, -0.15470800, -0.03676353, -0.52687877, 0.34637260, -0.33941370, -0.29842585, 0.00000000, 0.00000000, 0.00000000, 0.00000000
5, 2.4400, 239, 0.00625061, 0.74935126, 0.17435643, 81.44738770, 15.12539768, -20.73324966, -2.71850324, 51.68079376, -120.19876862, 14.65848255, -10.78768158, 65.58209991, 0.82359630, -0.15726061, 0.00959319, -0.54485422, 0.28578341, -0.31449050, -0.29709780, 0.00000000, 0.00000000, 0.00000000, 0.00000000
5, 2.4500, 240, 0.03615823, 0.79019666, 0.14542252, 73.77108002, 61.71142578, -20.48907089, -3.27389646, 51.53463745, -120.49108124, 15.15248966, -10.87290859, 64.63819885, 0.82726014, -0.16112913, 0.00919378, -0.53813905, 0.21454014, -0.24251723, -0.25259271, 0.00000000, 0.00000000, 0.00000000, 0.00000000
5, 2.4600, 241, 0.08630763, 0.85875261, 0.13033476, 65.55464935, 98.27302551, -21.47593498, -3.27389646, 51.53463745, -120.49108124, 15.43838596, -10.96228695, 63.42008972, 0.83241200, -0.16349584, 0.01024519, -0.52939063, 0.20545122, -0.22031799, -0.16948670, 0.00000000, 0.00000000, 0.00000000, 0.00000000
5, 2.4700, 242, 0.16870473, 0.92309844, 0.11499653, 60.27953339, 125.62657166, -21.61557961, -1.95849168, 51.15463257, -119.73107147, 15.57713413, -11.04752636, 61.99273682, 0.83863074, -0.16474073, 0.01228628, -0.51904547, 0.16695474, -0.19565658, -0.07332150, 0.00000000, 0.00000000, 0.00000000, 0.00000000
5, 2.4800, 243, 0.25778717, 0.94906509, 0.09620344, 58.59371567, 141.84230042, -20.08594131, -1.57848585, 50.54077530, -119.20491028, 15.64120388, -11.11210155, 60.43527603, 0.84543043, -0.16530456, 0.01472420, -0.50764656, 0.10241191, -0.17355850, -0.00629009, 0.00000000, 0.00000000, 0.00000000, 0.00000000
2, 2.4700, 247, -0.15056318, 0.98358804, 0.28081340, 153.51551819, 65.07931519, 23.57945442, 38.32212830, 39.87138367, 32.76819611, 38.81111526, 7.11253548, 26.01731873, 0.92185402, -0.30993289, -0.13164887, -0.19182141, 0.26301771, -0.14337620, 0.13039364, 0.00000000, 0.00000000, 0.00000000, 0.00000000
4, 2.6000, 258, 0.04049142, 0.94109124, -0.12745927, -20.57400703, 20.49123764, 41.94954300, -21.39725113, -3.12774038, -89.24291229, -2.23292708, 37.86771011, -14.10830116, 1.00000000, 0.00000000, 0.00000000, 0.00000000, 0.19899096, -0.04553545, 0.06987823, 101.52100372, -16.30300331, 39.25999832, 0.00000000
4, 2.6100, 259, 0.07294207, 0.96012986, -0.13516930, -22.84309578, 29.10404968, 43.46427155, -21.04647827, -2.48465347, -89.12598419, -2.58817291, 38.34078979, -14.48199368, 1.00000000, 0.00000000, 0.00000000, 0.00000000, 0.14398748, -0.03072826, 0.06104859, 101.52100372, -16.30300331, 39.25999832, 0.00000000
2, 2.4800, 248, -0.13290723, 0.98616278, 0.29527909, 147.42102051, 92.78915405, 13.27540588, 38.32212830, 39.87138367, 32.76819611, 40.17837906, 7.17212725, 25.08831024, 0.91961163, -0.32186827, -0.13179556, -0.18260714, 0.24690416, -0.17092341, 0.15746722, 0.00000000, 0.00000000, 0.00000000, 0.00000000
5, 2.4900, 244, 0.32911113, 0.94408011, 0.06543569, 57.82284164, 150.32139587, -17.33274078, 0.43846828, 49.72230148, -118.97106171, 14.02846909, -11.32203102, 60.03469849, 0.84917635, -0.15419915, 0.02398088, -0.50452667, 0.03493565, -0.13811268, 0.02165448, 0.00000000, 0.00000000, 0.00000000, 0.00000000
4, 2.6200, 260, 0.10420255, 0.98890108, -0.15955782, -23.92118073, 35.46051788, 42.74847031, -20.52031517, -4.32622051, -87.86904144, -2.98264313, 38.81491470, -14.94203091, 1.00000000, 0.00000000, 0.00000000, 0.00000000, 0.10817801, -0.00776961, 0.08333918, 101.52100372, -16.30300331, 39.25999832, 0.00000000
2, 2.4900, 249, -0.11098126, 0.98853123, 0.29675043, 137.53675842, 117.68362427, 4.86660719, 38.23443222, 40.16369629, 32.62203979, 38.40182114, 4.74026299, 25.58643341, 0.92315167, -0.31179500, -0.11084770, -0.19567285, 0.21464328, -0.17803091, 0.16516569, 0.00000000, 0.00000000, 0.00000000, 0.00000000
4, 2.6300, 261, 0.13640822, 1.01526690, -0.18824719, -23.12879753, 38.91140366, 39.49650574, -20.52031517, -4.32622051, -87.86904144, -3.38618279, 39.25995636, -15.45036983, 1.00000000, 0.00000000, 0.00000000, 0.00000000, 0.07184865, 0.02009456, 0.10379916, 101.52100372, -16.30300331, 39.25999832, 0.00000000
4, 2.6400, 262, 0.15718716, 1.02935541, -0.21701746, -21.61939621, 39.50300980, 33.90848541, -20.19877243, -3.33235884, -88.07366180, -3.78093314, 39.64828110, -15.97336102, 1.00000000, 0.00000000, 0.00000000, 0.00000000, 0.05027346, 0.05046755, 0.11775811, 101.52100372, -16.30300331, 39.25999832, 0.00000000
2, 2.5000, 250, -0.09021623, 0.98744982, 0.30029440, 125.92311859, 139.40061951, -0.93936026, 39.92984390, 38.90675354, 32.73896408, 39.55976105, 4.61567402, 24.20383835, 0.92219788, -0.32267410, -0.10794047, -0.18379748, 0.16091031, -0.16930825, 0.15195517, 0.00000000, 0.00000000, 0.00000000, 0.00000000
2, 2.5100, 251, -0.06116642, 0.96826607, 0.31286263, 110.62656403, 158.32072449, -4.95587492, 40.25138855, 38.99444580, 33.35282135, 40.55429077, 4.46740484, 22.63094330, 0.92174512, -0.33239311, -0.10379693, -0.17066644, 0.12944941, -0.20600855, 0.15797588, 0.00000000, 0.00000000, 0.00000000, 0.00000000
5, 2.5000, 245, 0.35985696, 0.92680025, 0.03759558, 56.18865585, 150.76556396, -14.63738728, 0.26308095, 48.69921112, -118.12335205, 14.03816414, -11.37684441, 58.41816330, 0.85612655, -0.15414345, 0.02652718, -0.49252766, -0.00607210, -0.09394175, 0.01464467, 0.00000000, 0.00000000, 0.00000000, 0.00000000
5, 2.5100, 246, 0.34094155, 0.91650403, -0.00148424, 52.40396500, 145.05996704, -12.63959885, 1.57848585, 51.21309662, -117.91873932, 14.03132629, -11.41736603, 56.87255478, 0.86264968, -0.15388268, 0.02894164, -0.48095524, -0.00046070, -0.05758897, -0.01032352, 0.00000000, 0.00000000, 0.00000000, 0.00000000
2, 2.5200, 252, -0.02722140, 0.95889980, 0.30871010, 90.56243134, 173.55464172, -5.43397093, 40.51446915, 37.47442245, 33.00204468, 41.34137344, 4.33347416, 20.90207291, 0.92186612, -0.34047517, -0.09877295, -0.15647191, 0.09316143, -0.22089773, 0.15751508, 0.00000000, 0.00000000, 0.00000000, 0.00000000
5, 2.5200, 247, 0.28482804, 0.92667973, -0.02904094, 44.48472977, 134.11889648, -10.95933533, 1.57848585, 51.21309662, -117.91873932, 13.98747635, -11.45341110, 55.46507645, 0.86850530, -0.15332446, 0.03128619, -0.47033113, 0.04864914, -0.02806021, -0.03668774, 0.00000000, 0.00000000, 0.00000000, 0.00000000
2, 2.5300, 253, 0.00157101, 0.95687187, 0.30687392, 72.07478333, 178.90864563, -4.97934675, 40.51446915, 37.47442245, 33.00204468, 41.94349289, 4.22474957, 19.11658096, 0.92235881, -0.34698373, -0.09333050, -0.14193667, 0.06234227, -0.22982855, 0.16205886, 0.00000000, 0.00000000, 0.00000000, 0.00000000
2, 2.5400, 254, 0.01931111, 0.94948280, 0.30760229, 53.06063080, 179.77713013, -4.16991854, 41.62525558, 39.02367783, 34.72668839, 39.03132248, 3.76720023, 18.43577957, 0.93163466, -0.32460946, -0.08406534, -0.14006633, 0.04142104, -0.23088756, 0.15301679, 0.00000000, 0.00000000, 0.00000000, 0.00000000
2, 2.5500, 255, 0.04286297, 0.94646597, 0.29552329, 33.39054489, 175.95367432, -3.77573442, 42.12218475, 37.00672150, 35.36977386, 39.26706314, 3.59805727, 16.68318748, 0.93296778, -0.32799456, -0.07797717, -0.12613581, 0.01072722, -0.19556461, 0.11698361, 0.00000000, 0.00000000, 0.00000000, 0.00000000
5, 2.5300, 248, 0.23343508, 0.95115006, -0.04764344, 37.21422958, 125.31845093, -9.70951176, 2.22157264, 50.27769470, -117.18795776, 13.90542603, -11.48887157, 54.17348099, 0.87381625, -0.15247226, 0.03361590, -0.46050775, 0.10230857, -0.00389519, -0.04738980, 0.00000000, 0.00000000, 0.00000000, 0.00000000
5, 2.5400, 249, 0.19964553, 0.96919703, -0.06193596, 30.27904892, 118.24085236, -8.28268242, 2.33849740, 48.93305969, -116.57409668, 14.15668488, -13.19944477, 52.76190948, 0.87684751, -0.16034143, 0.04778726, -0.45071650, 0.13107540, 0.01428433, -0.05146309, 0.00000000, 0.00000000, 0.00000000, 0.00000000
2, 2.5600, 256, 0.06328008, 0.94087487, 0.28062677, 13.77686596, 167.30694580, -4.41773558, 42.32680511, 38.55597687, 36.86056519, 39.31614685, 3.43443370, 15.01559162, 0.93454170, -0.32968512, -0.07191356, -0.11299597, -0.01238018, -0.19029507, 0.10363036, 0.00000000, 0.00000000, 0.00000000, 0.00000000
5, 2.5500, 250, 0.19492044, 0.96980679, -0.06895487, 23.56914711, 113.08499146, -7.02322960, 2.83542824, 49.78076553, -115.72639465, 14.02025318, -13.22450256, 51.64373016, 0.88135946, -0.15890938, 0.05007133, -0.44209290, 0.11271803, 0.01996175, -0.04937907, 0.00000000, 0.00000000, 0.00000000, 0.00000000
4, 2.6500, 263, 0.16642739, 1.03904068, -0.25152951, -20.68346596, 36.60169220, 26.62873840, -20.25723457, -3.50774622, -87.19672394, -2.71572566, 38.86878204, -16.27271652, 1.00000000, 0.00000000, 0.00000000, 0.00000000, 0.03581655, 0.08252573, 0.12969536, 101.52100372, -16.30300331, 39.25999832, 0.00000000
5, 2.5600, 251, 0.21527210, 0.95553517, -0.08036040, 16.11775017, 108.90309906, -5.97648621, 3.01081562, 50.86231995, -115.84332275, 13.82485199, -13.25237942, 50.60285568, 0.88557005, -0.15703759, 0.05247111, -0.43399501, 0.08638186, 0.03123659, -0.05267722, 0.00000000, 0.00000000, 0.00000000, 0.00000000
5, 2.5700, 252, 0.24919166, 0.93238091, -0.09787895, 7.18309736, 102.50062561, -4.36790514, 3.01081562, 50.86231995, -115.84332275, 13.56273937, -13.28008556, 49.66707993, 0.88940334, -0.15466698, 0.05494555, -0.42663890, 0.04325769, 0.04781069, -0.05724119, 0.00000000, 0.00000000, 0.00000000, 0.00000000
5, 2.5800, 253, 0.28413388, 0.91370201, -0.10668629, -3.15205383, 91.31468201, -2.78540564, 3.50774622, 49.89768982, -114.79099274, 13.23603535, -13.30992699, 48.88571548, 0.89268845, -0.15184730, 0.05743305, -0.42041790, 0.00252908, 0.05788641, -0.05638229, 0.00000000, 0.00000000, 0.00000000, 0.00000000
2, 2.5700, 257, 0.08704750, 0.93213356, 0.26651746, -5.35133362, 154.32164001, -6.37447596, 42.41449738, 38.49751663, 38.00058365, 39.18518066, 3.26079869, 13.47785187, 0.93633294, -0.32973272, -0.06595293, -0.10103160, -0.03890841, -0.18528587, 0.08647095, 0.00000000, 0.00000000, 0.00000000, 0.00000000
2, 2.5800, 258, 0.10476212, 0.92747283, 0.24746184, -23.66720581, 137.54786682, -8.90893745, 42.41449738, 38.49751663, 38.00058365, 38.88364029, 3.07009339, 12.10884666, 0.93832415, -0.32820970, -0.06021407, -0.09055651, -0.05963173, -0.17152080, 0.06703088, 0.00000000, 0.00000000, 0.00000000, 0.00000000
2, 2.5900, 259, 0.11764929, 0.92921549, 0.21021314, -39.95339203, 118.32833099, -12.45536423, 43.17451096, 38.55597687, 38.26366425, 37.01225281, 3.80320597, 11.16071224, 0.94430012, -0.31266782, -0.06216618, -0.08167987, -0.07171296, -0.13290063, 0.03446779, 0.00000000, 0.00000000, 0.00000000, 0.00000000
4, 2.6600, 264, 0.18017656, 1.03406644, -0.27396944, -18.57371330, 31.04654694, 19.34511948, -19.96492195, -3.30312777, -86.78749084, -3.04007721, 39.10544205, -16.69754791, 1.00000000, 0.00000000, 0.00000000, 0.00000000, 0.01601022, 0.09596238, 0.11692753, 101.52100372, -16.30300331, 39.25999832, 0.00000000
2, 2.6000, 260, 0.13244039, 0.93085063, 0.17550226, -59.78236771, 87.12002563, -18.20217323, 42.96989059, 38.90675354, 39.22829437, 36.36577988, 3.52561140, 10.30931568, 0.94663775, -0.30801624, -0.05713040, -0.07575721, -0.07827143, -0.08368145, -0.00537193, 0.00000000, 0.00000000, 0.00000000, 0.00000000
2, 2.6100, 261, 0.13856125, 0.93699247, 0.13701339, -73.96325684, 57.58068848, -22.24244881, 43.08681488, 39.14060211, 39.72522736, 35.59667206, 3.23638272, 9.75899982, 0.94904351, -0.30215126, -0.05277983, -0.07235651, -0.08912557, -0.04145364, -0.03513592, 0.00000000, 0.00000000, 0.00000000, 0.00000000
4, 2.6700, 265, 0.18082370, 1.02539372, -0.28732020, -16.69674110, 23.54378891, 11.94368839, -20.11107826, -3.36159015, -86.99210358, -3.32145500, 39.25607681, -17.04061699, 1.00000000, 0.00000000, 0.00000000, 0.00000000, 0.02033336, 0.11472106, 0.11366884, 101.52100372, -16.30300331, 39.25999832, 0.00000000
4, 2.6800, 266, 0.17445590, 1.01292157, -0.29715908, -14.79320240, 14.93892479, 4.43431091, -20.11107826, -3.36159015, -86.99210358, -3.55392838, 39.31875229, -17.28715706, 1.00000000, 0.00000000, 0.00000000, 0.00000000, 0.03169040, 0.13023418, 0.10835703, 101.52100372, -16.30300331, 39.25999832, 0.00000000
4, 2.6900, 267, 0.16326167, 0.99859267, -0.30290931, -13.24573326, 6.42868757, -2.55965424, -19.99415398, -3.44928384, -86.55363464, -3.74082160, 39.29941559, -17.43791008, 1.00000000, 0.00000000, 0.00000000, 0.00000000, 0.04740302, 0.14153257, 0.10171498, 101.52100372, -16.30300331, 39.25999832, 0.00000000
5, 2.5900, 254, 0.31475362, 0.89745378, -0.12223481, -11.91546059, 76.45147705, -1.99408126, 3.68313360, 50.65770340, -114.17713928, 14.01265717, -12.89034081, 47.31960297, 0.89786416, -0.15573083, 0.05340773, -0.40833256, -0.03211465, 0.07098152, -0.05639348, 0.00000000, 0.00000000, 0.00000000, 0.00000000
5, 2.6000, 255, 0.34316626, 0.88887262, -0.13416170, -20.65602684, 56.62199402, -1.81215250, 4.15083313, 51.03770828, -113.94329071, 13.62687111, -12.93025589, 46.93610001, 0.89969236, -0.15265562, 0.05561000, -0.40516374, -0.05667381, 0.07286155, -0.04942768, 0.00000000, 0.00000000, 0.00000000, 0.00000000
4, 2.7000, 268, 0.15470985, 0.98803169, -0.29930487, -12.31148338, -0.90478849, -8.78607941, -19.96492195, -2.95235300, -86.61209869, -1.86630523, 38.12039185, -17.09025192, 1.00000000, 0.00000000, 0.00000000, 0.00000000, 0.05524036, 0.13567942, 0.09139507, 101.52100372, -16.30300331, 39.25999832, 0.00000000
5, 2.6100, 256, 0.36891198, 0.88801861, -0.13772604, -28.31057358, 32.24296570, -1.80506659, 4.29698896, 50.57000732, -113.62174988, 13.24892044, -12.98275375, 46.80632782, 0.90058100, -0.14979692, 0.05753282, -0.40398622, -0.07999887, 0.08256659, -0.03818795, 0.00000000, 0.00000000, 0.00000000, 0.00000000
5, 2.6200, 257, 0.38390437, 0.88761902, -0.12988639, -35.21901703, 4.87015676, -2.33451509, 4.29698896, 50.57000732, -113.62174988, 12.89610291, -13.04885006, 46.95224762, 0.90043771, -0.14731824, 0.05911436, -0.40498734, -0.09305020, 0.08087151, -0.03032824, 0.00000000, 0.00000000, 0.00000000, 0.00000000
5, 2.6300, 258, 0.37972021, 0.88971126, -0.11306522, -41.78573990, -22.87670135, -3.12259459, 4.09237051, 50.83308792, -113.56328583, 12.57255077, -13.12750912, 47.37538528, 0.89924794, -0.14526126, 0.06034679, -0.40817964, -0.08790680, 0.07038467, -0.02907367, 0.00000000, 0.00000000, 0.00000000, 0.00000000
5, 2.6400, 259, 0.36037210, 0.89449322, -0.08617839, -47.85108185, -45.05981445, -4.06485891, 3.91698337, 50.51154709, -113.38789368, 12.89466000, -12.64023209, 47.47177124, 0.89911723, -0.14619711, 0.05520976, -0.40886003, -0.06526528, 0.04746372, -0.03192246, 0.00000000, 0.00000000, 0.00000000, 0.00000000
5, 2.6500, 260, 0.33417556, 0.90002501, -0.06551100, -52.90545273, -61.13838196, -5.01469755, 3.50774622, 51.71002579, -113.65097809, 12.59864235, -12.74806118, 48.28594589, 0.89642900, -0.14463994, 0.05609504, -0.41514793, -0.03246483, 0.02511837, -0.03870856, 0.00000000, 0.00000000, 0.00000000, 0.00000000
2, 2.6200, 262, 0.14154066, 0.94917274, 0.10111629, -83.57637787, 27.48831940, -25.01018143, 43.23297119, 38.43905258, 40.86524200, 34.74798584, 2.95556617, 9.51430511, 0.95141065, -0.29543871, -0.04928397, -0.07144819, -0.09690047, 0.00449026, -0.05949076, 0.00000000, 0.00000000, 0.00000000, 0.00000000
2, 2.6300, 263, 0.14897953, 0.95828897, 0.06812581, -90.48455048, -3.80923843, -26.63279533, 43.23297119, 38.43905258, 40.86524200, 33.84418106, 2.70483732, 9.58531094, 0.95366490, -0.28808591, -0.04681331, -0.07306439, -0.10874855, 0.04729687, -0.08456294, 0.00000000, 0.00000000, 0.00000000, 0.00000000
2, 2.6400, 264, 0.15235470, 0.96846402, 0.03971434, -94.76049805, -35.50604630, -27.67677689, 43.02835464, 39.78368759, 40.74831772, 34.57257843, 3.85482693, 9.48200226, 0.95185274, -0.29330778, -0.05655006, -0.06891397, -0.10996895, 0.08240730, -0.10152176, 0.00000000, 0.00000000, 0.00000000, 0.00000000
5, 2.6600, 261, 0.30752170, 0.90482235, -0.05220694, -57.34107208, -73.87778473, -5.54230022, 3.33235884, 50.65770340, -114.29406738, 12.30164051, -12.86061668, 49.23558044, 0.89318842, -0.14317854, 0.05687667, -0.42246842, -0.00797023, 0.01802568, -0.04760871, 0.00000000, 0.00000000, 0.00000000, 0.00000000
5, 2.6700, 262, 0.29573509, 0.90567160, -0.04000201, -61.33217621, -83.63842773, -5.93445587, 3.33235884, 50.65770340, -114.29406738, 11.99719048, -12.97511101, 50.29260635, 0.88948685, -0.14174293, 0.05759640, -0.43058667, 0.00174583, 0.01132038, -0.05191029, 0.00000000, 0.00000000, 0.00000000, 0.00000000
5, 2.6800, 263, 0.29206589, 0.91125274, -0.03131418, -64.70788574, -91.29202271, -6.09143829, 3.47851491, 51.82695007, -114.41098785, 11.68349743, -13.08771515, 51.43560410, 0.88539088, -0.14029798, 0.05826244, -0.43932325, 0.00677481, 0.00913766, -0.04850861, 0.00000000, 0.00000000, 0.00000000, 0.00000000
4, 2.7100, 269, 0.14835393, 0.97849363, -0.29254344, -11.85044765, -6.83868170, -14.13920593, -19.73107338, -4.23852682, -87.07980347, -1.99789357, 37.96756363, -17.10341263, 1.00000000, 0.00000000, 0.00000000, 0.00000000, 0.05262116, 0.11272463, 0.07310337, 101.52100372, -16.30300331, 39.25999832, 0.00000000
5, 2.6900, 264, 0.29864797, 0.91676509, -0.02527360, -68.49557495, -98.76811981, -6.53688717, 2.95235300, 52.44080734, -114.38175964, 11.57365131, -13.29755783, 52.54054642, 0.88097942, -0.14079057, 0.05896850, -0.44785711, 0.00245523, 0.00885672, -0.03980513, 0.00000000, 0.00000000, 0.00000000, 0.00000000
5, 2.7000, 265, 0.30651963, 0.92102587, -0.01968728, -71.26838684, -103.49154663, -7.38532352, 2.04618526, 52.35311127, -114.90792084, 11.23099422, -13.41812897, 53.82749176, 0.87615842, -0.13928427, 0.05968488, -0.45758516, -0.00456651, 0.00724769, -0.03096172, 0.00000000, 0.00000000, 0.00000000, 0.00000000
5, 2.7100, 266, 0.31497133, 0.92563522, -0.01810522, -73.63230133, -106.74712372, -8.29160881, 1.84156680, 52.00233841, -115.11254120, 10.87402153, -13.54143620, 55.15683365, 0.87106472, -0.13773581, 0.06047032, -0.46756652, -0.01116075, 0.01254923, -0.02300938, 0.00000000, 0.00000000, 0.00000000, 0.00000000
2, 2.6500, 265, 0.14832088, 0.97789007, 0.01950399, -96.74459076, -66.97055817, -28.49803925, 42.79450226, 40.33908081, 41.04063034, 33.64321518, 3.68799186, 10.18102551, 0.95376760, -0.28536904, -0.05634418, -0.07561325, -0.09130675, 0.09945474, -0.10481784, 0.00000000, 0.00000000, 0.00000000, 0.00000000
2, 2.6600, 266, 0.13504551, 0.98522258, 0.00808692, -96.50421143, -96.35888672, -29.02169609, 43.23297119, 39.81291962, 41.12832642, 32.73065186, 3.57915664, 11.17332172, 0.95531815, -0.27736866, -0.05723773, -0.08460411, -0.08028259, 0.12606797, -0.11614989, 0.00000000, 0.00000000, 0.00000000, 0.00000000
2, 2.6700, 267, 0.11662136, 0.98943996, 0.00688718, -94.39567566, -122.36930847, -29.49073601, 42.70681000, 40.01753998, 40.01753998, 31.85162544, 3.53103304, 12.42396450, 0.95643252, -0.26944593, -0.05912985, -0.09560043, -0.06312717, 0.14289132, -0.12214626, 0.00000000, 0.00000000, 0.00000000, 0.00000000
2, 2.6800, 268, 0.08367190, 0.99509460, 0.00485429, -90.79267883, -143.44145203, -30.14489937, 42.70681000, 40.01753998, 40.01753998, 31.01926613, 3.53854251, 13.88343716, 0.95706391, -0.26171798, -0.06183482, -0.10820769, -0.03043468, 0.16086155, -0.12687364, 0.00000000, 0.00000000, 0.00000000, 0.00000000
2, 2.6900, 269, 0.05676298, 0.99719942, 0.00486572, -84.97287750, -163.16917419, -31.75090599, 41.33294296, 39.66676331, 39.92984390, 32.71726608, 3.58517480, 15.20731258, 0.95178103, -0.27506399, -0.06700058, -0.11816794, -0.00290024, 0.16495687, -0.12645309, 0.00000000, 0.00000000, 0.00000000, 0.00000000
2, 2.7000, 270, 0.03831240, 0.99519300, 0.00241699, -79.85163116, -173.50022888, -33.85036850, 41.18678665, 41.36217499, 39.31599045, 32.01192856, 3.58923674, 16.97061920, 0.95151907, -0.26814345, -0.07043998, -0.13322522, 0.01590510, 0.14873259, -0.11922543, 0.00000000, 0.00000000, 0.00000000, 0.00000000
5, 2.7200, 267, 0.31919855, 0.92756069, -0.01795954, -75.58929443, -108.39308929, -9.35749340, 0.76001167, 53.23004913, -115.20023346, 10.50141907, -13.66845798, 56.51245499, 0.86575532, -0.13613495, 0.06136125, -0.47767127, -0.01581465, 0.01898175, -0.01977935, 0.00000000, 0.00000000, 0.00000000, 0.00000000
5, 2.7300, 268, 0.31502029, 0.92545438, -0.02059956, -77.55902100, -109.08795929, -10.87375355, 0.76001167, 53.23004913, -115.20023346, 10.11013508, -13.80336189, 57.88626862, 0.86025631, -0.13447616, 0.06241567, -0.48783153, -0.01591727, 0.02766823, -0.02485309, 0.00000000, 0.00000000, 0.00000000, 0.00000000
5, 2.7400, 269, 0.30468258, 0.92453611, -0.02477514, -79.50579071, -108.86373901, -12.94675732, 0.00000000, 53.63928604, -115.72639465, 10.29151440, -13.94388199, 58.88832855, 0.85556060, -0.13695589, 0.06151558, -0.49545425, -0.01052711, 0.03596053, -0.03205064, 0.00000000, 0.00000000, 0.00000000, 0.00000000
5, 2.7500, 270, 0.28828174, 0.92525578, -0.03387948, -80.68479156, -107.39890289, -14.91233444, -0.20461853, 53.81467438, -115.98947906, 9.86136341, -14.11735725, 60.26637268, 0.84982747, -0.13523354, 0.06306469, -0.50549787, 0.00002568, 0.04478148, -0.04107256, 0.00000000, 0.00000000, 0.00000000, 0.00000000
2, 2.7100, 271, 0.01594643, 0.99267954, -0.00160156, -74.76227570, -179.86376953, -36.82905197, 40.95293808, 42.18064880, 38.73136520, 31.36123085, 3.59749651, 18.80276871, 0.95076919, -0.26157644, -0.07394234, -0.14882323, 0.03846165, 0.15985054, -0.12973022, 0.00000000, 0.00000000, 0.00000000, 0.00000000
2, 2.7200, 272, 0.00194678, 0.98411256, -0.00053123, -70.05876160, -181.68168640, -40.15200043, 40.95293808, 42.18064880, 37.73750305, 30.75887871, 3.59680581, 20.66008377, 0.94958752, -0.25535682, -0.07730214, -0.16462345, 0.05258070, 0.16241285, -0.14066388, 0.00000000, 0.00000000, 0.00000000, 0.00000000
2, 2.7300, 273, 0.00300560, 0.98607397, -0.02275651, -65.74467468, -181.40922546, -43.49854660, 39.95907593, 40.80678177, 37.73750305, 30.19951439, 3.58143663, 22.52254868, 0.94801271, -0.24946842, -0.08043556, -0.18046518, 0.05151858, 0.18853371, -0.15963852, 0.00000000, 0.00000000, 0.00000000, 0.00000000
4, 2.7200, 270, 0.14501032, 0.97248042, -0.27643016, -11.31491756, -11.15282249, -18.29523468, -20.25723457, -3.80005836, -86.78749084, -2.11164427, 37.76640701, -17.07231522, 1.00000000, 0.00000000, 0.00000000, 0.00000000, 0.05698678, 0.09991808, 0.06426364, 101.52100372, -16.30300331, 39.25999832, 0.00000000
4, 2.7300, 271, 0.13973995, 0.97073042, -0.25391844, -10.17397404, -13.67052746, -21.45428467, -20.25723457, -3.80005836, -86.78749084, -2.20510578, 37.53004456, -17.01226616, 1.00000000, 0.00000000, 0.00000000, 0.00000000, 0.06133903, 0.07972358, 0.05841054, 101.52100372, -16.30300331, 39.25999832, 0.00000000
4, 2.7400, 272, 0.13281938, 0.96511102, -0.22697574, -8.62364101, -14.19373417, -24.16691399, -19.93569183, -3.82928967, -86.49517822, -2.27887177, 37.26639557, -16.94287872, 1.00000000, 0.00000000, 0.00000000, 0.00000000, 0.06874496, 0.05572531, 0.04868479, 101.52100372, -16.30300331, 39.25999832, 0.00000000
5, 2.7600, 271, 0.27383193, 0.92908812, -0.04511548, -81.69975281, -104.79995728, -16.90554619, -1.28617358, 54.77930450, -115.90177917, 9.41047859, -14.30270576, 61.62963104, 0.84404355, -0.13345858, 0.06486182, -0.51533711, 0.00998456, 0.06406531, -0.04805797, 0.00000000, 0.00000000, 0.00000000, 0.00000000
5, 2.7700, 272, 0.26161128, 0.93577611, -0.05290049, -82.27429962, -100.33836365, -18.70223045, -1.60771704, 55.15930939, -116.48640442, 8.93687916, -14.49848843, 62.95981598, 0.83830118, -0.13160618, 0.06692784, -0.52483487, 0.01974799, 0.08089640, -0.05085739, 0.00000000, 0.00000000, 0.00000000, 0.00000000
5, 2.7800, 273, 0.25094661, 0.94234598, -0.06506670, -82.65081787, -94.58820343, -20.41814613, -1.60771704, 55.15930939, -116.48640442, 8.43834305, -14.70461655, 64.24493408, 0.83266771, -0.12965791, 0.06928711, -0.53390318, 0.02750743, 0.10240969, -0.05357582, 0.00000000, 0.00000000, 0.00000000, 0.00000000
2, 2.7400, 274, -0.01105224, 0.98262733, -0.02457706, -62.02004242, -179.56944275, -47.30965042, 39.92984390, 43.55451584, 36.77287292, 32.58087158, 2.85355163, 24.06991005, 0.93992049, -0.26927269, -0.08184418, -0.19324420, 0.06210818, 0.18462220, -0.16154519, 0.00000000, 0.00000000, 0.00000000, 0.00000000
4, 2.7500, 273, 0.12881340, 0.95795333, -0.20526612, -7.50991344, -13.35795593, -26.70575333, -20.60800934, -2.01695418, -86.75825500, -1.87344956, 36.12106323, -16.75268173, 1.00000000, 0.00000000, 0.00000000, 0.00000000, 0.07032866, 0.03542487, 0.03479915, 101.52100372, -16.30300331, 39.25999832, 0.00000000
4, 2.7600, 274, 0.13371751, 0.94452745, -0.18341729, -7.02631855, -11.27495098, -29.66197395, -20.28646660, -1.90002918, -87.75212097, -1.93934476, 35.80833054, -16.72081757, 1.00000000, 0.00000000, 0.00000000, 0.00000000, 0.06001669, 0.01311604, 0.00678148, 101.52100372, -16.30300331, 39.25999832, 0.00000000
4, 2.7700, 275, 0.14687343, 0.93664080, -0.16316535, -7.51920891, -9.15129375, -32.03809738, -20.28646660, -1.90002918, -87.75212097, -2.01653981, 35.47584915, -16.71895790, 1.00000000, 0.00000000, 0.00000000, 0.00000000, 0.04848289, -0.00395972, -0.01280548, 101.52100372, -16.30300331, 39.25999832, 0.00000000
4, 2.7800, 276, 0.16825373, 0.92929637, -0.14427112, -8.86083317, -7.41500902, -34.01917267, -20.11107826, -2.10464764, -87.25518799, -2.11379147, 35.12666321, -16.74609756, 1.00000000, 0.00000000, 0.00000000, 0.00000000, 0.02887304, -0.01955421, -0.03527093, 101.52100372, -16.30300331, 39.25999832, 0.00000000
4, 2.7900, 277, 0.18576851, 0.92845529, -0.12901582, -10.30825329, -5.82409000, -35.54694366, -20.46185303, -1.84156680, -86.96287537, -2.23141813, 34.76487350, -16.79989052, 1.00000000, 0.00000000, 0.00000000, 0.00000000, 0.00954882, -0.03261076, -0.04975694, 101.52100372, -16.30300331, 39.25999832, 0.00000000
5, 2.7900, 274, 0.24302740, 0.94579077, -0.08240653, -82.52469635, -89.29642487, -22.44933128, -2.04618526, 55.18854141, -116.45717621, 9.59499168, -15.32722473, 64.44662476, 0.82953572, -0.14098006, 0.06822425, -0.53604162, 0.02887650, 0.12186668, -0.05663868, 0.00000000, 0.00000000, 0.00000000, 0.00000000
4, 2.8000, 278, 0.20268001, 0.93013555, -0.11988890, -11.98368549, -4.63912201, -36.51884460, -20.81262779, -2.39696002, -87.95673370, -3.01076031, 34.96003342, -16.99669266, 1.00000000, 0.00000000, 0.00000000, 0.00000000, -0.00893321, -0.03762499, -0.05915234, 101.52100372, -16.30300331, 39.25999832, 0.00000000
2, 2.7500, 275, -0.00940296, 0.98125046, -0.03600347, -59.59936905, -175.39555359, -51.65594482, 39.22829437, 43.64220810, 36.21747971, 32.05401993, 2.68649077, 25.88661385, 0.93790370, -0.26395503, -0.08378190, -0.20891397, 0.04948249, 0.16697347, -0.15607482, 0.00000000, 0.00000000, 0.00000000, 0.00000000
2, 2.7600, 276, -0.00501418, 0.98198020, -0.05031753, -57.83797073, -170.91432190, -55.57205200, 39.14060211, 43.81759644, 35.16515732, 31.53753090, 2.48844719, 27.66858673, 0.93564004, -0.25881335, -0.08525612, -0.22433183, 0.04195593, 0.18547612, -0.17034575, 0.00000000, 0.00000000, 0.00000000, 0.00000000
2, 2.7700, 277, 0.00130067, 0.98562586, -0.05956079, -56.98714066, -165.42381287, -59.51888275, 39.14060211, 43.81759644, 35.16515732, 31.02124023, 2.25630999, 29.40662193, 0.93318242, -0.25379443, -0.08621136, -0.23943001, 0.03188220, 0.20229900, -0.17895833, 0.00000000, 0.00000000, 0.00000000, 0.00000000
4, 2.8100, 279, 0.21345972, 0.92798138, -0.11121470, -13.42407894, -4.11989212, -36.80997467, -20.95878410, -1.43232965, -87.43057251, -3.16518474, 34.58707047, -17.07994461, 1.00000000, 0.00000000, 0.00000000, 0.00000000, -0.01633050, -0.03668704, -0.06628256, 101.52100372, -16.30300331, 39.25999832, 0.00000000
4, 2.8200, 280, 0.21702872, 0.93044305, -0.11288697, -14.93662167, -3.56125093, -36.33105087, -20.95878410, -1.43232965, -87.43057251, -3.33743787, 34.21914291, -17.17458916, 1.00000000, 0.00000000, 0.00000000, 0.00000000, -0.02604949, -0.03296374, -0.06881621, 101.52100372, -16.30300331, 39.25999832, 0.00000000
4, 2.8300, 281, 0.21629375, 0.92962891, -0.11131237, -16.19857216, -3.33434582, -35.56692505, -21.22186470, -0.93539900, -86.90441132, -3.52365494, 33.85855103, -17.27511978, 1.00000000, 0.00000000, 0.00000000, 0.00000000, -0.03016124, -0.03151975, -0.07292676, 101.52100372, -16.30300331, 39.25999832, 0.00000000
5, 2.8000, 275, 0.23945399, 0.95728552, -0.09650321, -82.95125580, -83.74611664, -23.83637619, -2.86465931, 56.21163177, -116.45717621, 9.04582405, -15.58762932, 65.64099121, 0.82422096, -0.13892984, 0.07126014, -0.54431629, 0.02723006, 0.12635693, -0.04708661, 0.00000000, 0.00000000, 0.00000000, 0.00000000
4, 2.8400, 282, 0.21099477, 0.93022394, -0.11057745, -17.65632629, -3.08003187, -34.37930679, -21.60187149, -0.58462435, -86.81671906, -3.72613788, 33.50941849, -17.38212395, 1.00000000, 0.00000000, 0.00000000, 0.00000000, -0.03066681, -0.02930997, -0.07355480, 101.52100372, -16.30300331, 39.25999832, 0.00000000
4, 2.8500, 283, 0.20485555, 0.93441308, -0.11214446, -18.88415337, -2.81567979, -32.70784760, -21.86495209, -0.08769365, -86.87518311, -4.36313677, 33.89726257, -17.59069061, 1.00000000, 0.00000000, 0.00000000, 0.00000000, -0.02928277, -0.02395228, -0.06817271, 101.52100372, -16.30300331, 39.25999832, 0.00000000
4, 2.8600, 284, 0.19372627, 0.93916309, -0.11270221, -20.11571121, -2.18303680, -30.33160782, -21.68956375, 0.23384975, -87.10903168, -4.59374285, 33.58732605, -17.70836067, 1.00000000, 0.00000000, 0.00000000, 0.00000000, -0.01797715, -0.01667694, -0.05646320, 101.52100372, -16.30300331, 39.25999832, 0.00000000
4, 2.8700, 285, 0.19313058, 0.93754601, -0.11684161, -20.84829330, -1.84182727, -28.00630188, -21.68956375, 0.23384975, -87.10903168, -4.83248949, 33.30022049, -17.82857132, 1.00000000, 0.00000000, 0.00000000, 0.00000000, -0.02142399, -0.00865352, -0.05944335, 101.52100372, -16.30300331, 39.25999832, 0.00000000
5, 2.8100, 276, 0.23540525, 0.97518754, -0.10445759, -81.84003448, -80.29661560, -24.94255066, -3.27389646, 53.96083069, -116.77871704, 8.49246025, -15.84934807, 66.80307770, 0.81897134, -0.13691321, 0.07441184, -0.55227143, 0.03488315, 0.14700487, -0.03602287, 0.00000000, 0.00000000, 0.00000000, 0.00000000
5, 2.8200, 277, 0.23486626, 0.99312186, -0.11467049, -80.93684387, -75.74248505, -25.70427513, -3.44928384, 55.39315796, -116.72025299, 7.92955446, -16.11045647, 67.92439270, 0.81384510, -0.13487625, 0.07769910, -0.55984592, 0.03934965, 0.16998927, -0.02331244, 0.00000000, 0.00000000, 0.00000000, 0.00000000
4, 2.8800, 286, 0.19035570, 0.93387723, -0.11808203, -21.86042213, -2.07441998, -25.42373085, -22.15726280, -0.46769950, -87.28441620, -5.08180189, 33.03761673, -17.94640160, 1.00000000, 0.00000000, 0.00000000, 0.00000000, -0.02145966, -0.00290115, -0.06358436, 101.52100372, -16.30300331, 39.25999832, 0.00000000
5, 2.8300, 278, 0.23411006, 1.00962663, -0.12369608, -79.47728729, -71.49182892, -25.95453262, -3.44928384, 55.39315796, -116.72025299, 7.36339998, -16.36589622, 69.00435638, 0.80885363, -0.13283700, 0.08105367, -0.56704533, 0.04343827, 0.19162762, -0.01162432, 0.00000000, 0.00000000, 0.00000000, 0.00000000
4, 2.8900, 287, 0.18412389, 0.93460613, -0.12042674, -23.15697098, -2.08556104, -23.79072952, -22.53726959, 0.90616781, -87.28441620, -5.34539509, 32.79026413, -18.06699371, 1.00000000, 0.00000000, 0.00000000, 0.00000000, -0.02001029, 0.00322302, -0.06193167, 101.52100372, -16.30300331, 39.25999832, 0.00000000
2, 2.7800, 278, 0.00632738, 0.99319035, -0.07280049, -57.04506302, -158.67117310, -63.23131943, 37.24057388, 44.54837799, 34.46360779, 30.49491692, 1.98899150, 31.08853531, 0.93059355, -0.24884358, -0.08659862, -0.25411296, 0.02243028, 0.22482595, -0.18743259, 0.00000000, 0.00000000, 0.00000000, 0.00000000
5, 2.8400, 279, 0.23139086, 1.02203333, -0.13498320, -77.67276764, -67.73549652, -25.80034256, -3.91698337, 57.52703857, -117.07102966, 9.24858856, -16.97662735, 68.45439911, 0.80840123, -0.14868428, 0.07679582, -0.56434292, 0.04539623, 0.20458895, -0.00279151, 0.00000000, 0.00000000, 0.00000000, 0.00000000
5, 2.8500, 280, 0.22669223, 1.03259337, -0.14617886, -75.42946625, -64.79515076, -24.86498260, -4.88161373, 56.56240845, -116.42794037, 8.68877506, -17.24594688, 69.45089722, 0.80379629, -0.14671788, 0.08021002, -0.57092178, 0.04482270, 0.19690756, 0.00717479, 0.00000000, 0.00000000, 0.00000000, 0.00000000
2, 2.7900, 279, 0.00798803, 1.00580978, -0.07873364, -57.67172241, -152.76501465, -65.81155396, 36.36363602, 42.67757797, 34.20052719, 33.41587830, 1.60864353, 31.97789383, 0.92175174, -0.27264076, -0.09210756, -0.25991741, 0.01540225, 0.23291606, -0.17930338, 0.00000000, 0.00000000, 0.00000000, 0.00000000
2, 2.8000, 280, 0.00981282, 1.01879346, -0.08884533, -59.24190521, -145.53114319, -67.98148346, 35.45746994, 45.62993240, 33.82051849, 32.84399796, 1.20197558, 33.52553558, 0.91925085, -0.26777992, -0.09116528, -0.27378947, 0.00602745, 0.21880025, -0.15839636, 0.00000000, 0.00000000, 0.00000000, 0.00000000
4, 2.9000, 288, 0.18624945, 0.93813378, -0.12001228, -24.46490860, -2.77291536, -23.02486038, -22.06957054, 1.25694239, -87.19672394, -5.64560175, 33.21794128, -18.18499374, 1.00000000, 0.00000000, 0.00000000, 0.00000000, -0.02446407, 0.00620796, -0.06009325, 101.52100372, -16.30300331, 39.25999832, 0.00000000
4, 2.9100, 289, 0.18638174, 0.94400686, -0.11542073, -26.40879059, -3.75127149, -22.47749329, -22.06957054, 1.25694239, -87.19672394, -5.94384623, 32.97931290, -18.29977989, 1.00000000, 0.00000000, 0.00000000, 0.00000000, -0.02277082, 0.00474788, -0.05287764, 101.52100372, -16.30300331, 39.25999832, 0.00000000
4, 2.9200, 290, 0.18372802, 0.95228070, -0.11497866, -27.92579269, -4.86465645, -22.06390762, -22.62496376, 1.69541073, -86.37825012, -6.25681543, 32.74240494, -18.40794182, 1.00000000, 0.00000000, 0.00000000, 0.00000000, -0.02722113, 0.00734822, -0.04627063, 101.52100372, -16.30300331, 39.25999832, 0.00000000
4, 2.9300, 291, 0.17581210, 0.96118861, -0.12310369, -28.79071808, -5.47981262, -21.44582939, -21.98187637, 1.19848001, -86.61209869, -6.57777071, 32.51008987, -18.51137543, 1.00000000, 0.00000000, 0.00000000, 0.00000000, -0.02785527, 0.01836705, -0.03519945, 101.52100372, -16.30300331, 39.25999832, 0.00000000
4, 2.9400, 292, 0.17042211, 0.96624821, -0.13243610, -28.48361778, -6.26360273, -20.92580414, -22.62496376, 1.95849168, -86.81671906, -6.89277601, 32.28182602, -18.60267639, 1.00000000, 0.00000000, 0.00000000, 0.00000000, -0.02924676, 0.03136747, -0.02830513, 101.52100372, -16.30300331, 39.25999832, 0.00000000
4, 2.9500, 293, 0.14977795, 0.97223574, -0.14137395, -27.91391373, -6.59681559, -20.50788307, -22.36188316, 0.43846828, -86.23209381, -6.61426640, 32.25195312, -18.48353195, 1.00000000, 0.00000000, 0.00000000, 0.00000000, -0.01637143, 0.04148033, -0.01397112, 101.52100372, -16.30300331, 39.25999832, 0.00000000
4, 2.9600, 294, 0.13261019, 0.98101979, -0.15197973, -27.27308464, -6.84984636, -20.78801155, -22.36188316, 0.43846828, -86.23209381, -6.91367245, 32.02503967, -18.56204605, 1.00000000, 0.00000000, 0.00000000, 0.00000000, -0.00652084, 0.04814893, 0.00205073, 101.52100372, -16.30300331, 39.25999832, 0.00000000
5, 2.8600, 281, 0.21982989, 1.04127586, -0.16839965, -72.96699524, -62.16629791, -23.20374298, -5.08623219, 57.93627548, -116.89564514, 8.13973045, -17.48946190, 70.41406250, 0.79931879, -0.14474654, 0.08346607, -0.57720989, 0.04863391, 0.22971228, 0.00691440, 0.00000000, 0.00000000, 0.00000000, 0.00000000
2, 2.8100, 281, 0.01677772, 1.03541672, -0.09867678, -60.93472672, -137.95964050, -69.76158142, 34.90207672, 45.86378098, 33.32358932, 32.24328232, 0.77956820, 35.00581741, 0.91674381, -0.26284981, -0.08974356, -0.28711855, -0.00826931, 0.24593832, -0.15883559, 0.00000000, 0.00000000, 0.00000000, 0.00000000
5, 2.8700, 282, 0.21276665, 1.06585848, -0.19953832, -69.64051056, -60.35327530, -21.34510803, -5.64162540, 59.19321823, -116.98333740, 7.61307383, -17.70483398, 71.34552765, 0.79495561, -0.14283200, 0.08648511, -0.58323669, 0.06054311, 0.27404392, 0.01822334, 0.00000000, 0.00000000, 0.00000000, 0.00000000
4, 2.9700, 295, 0.11939462, 0.99219567, -0.15925629, -26.43793678, -6.94034004, -21.50558281, -22.77112007, 2.36772871, -85.88131714, -7.20178556, 31.79101372, -18.63445663, 1.00000000, 0.00000000, 0.00000000, 0.00000000, -0.00319576, 0.05753282, 0.01729373, 101.52100372, -16.30300331, 39.25999832, 0.00000000
5, 2.8800, 283, 0.19373706, 1.10248661, -0.22395991, -64.38712311, -55.94667053, -18.73061371, -5.64162540, 59.19321823, -116.98333740, 7.12187338, -17.88657379, 72.21042633, 0.79088348, -0.14099996, 0.08920202, -0.58878285, 0.09013053, 0.31361443, 0.03413276, 0.00000000, 0.00000000, 0.00000000, 0.00000000
4, 2.9800, 296, 0.09445390, 1.00242794, -0.16060863, -25.21820068, -6.30381203, -22.34028244, -23.15112495, 2.77696586, -86.02747345, -7.47512817, 31.54959106, -18.70669365, 1.00000000, 0.00000000, 0.00000000, 0.00000000, 0.01154101, 0.06116515, 0.03548719, 101.52100372, -16.30300331, 39.25999832, 0.00000000
2, 2.8200, 282, 0.03012973, 1.05379832, -0.11414329, -62.93141174, -130.69975281, -71.34984589, 34.90207672, 45.86378098, 33.32358932, 31.61135674, 0.34326100, 36.42220306, 0.91424727, -0.25783074, -0.08786000, -0.29992649, -0.02918068, 0.27891687, -0.16208851, 0.00000000, 0.00000000, 0.00000000, 0.00000000
2, 2.8300, 283, 0.04156796, 1.06935108, -0.13219337, -64.28285217, -124.39044952, -72.30957794, 33.46974564, 46.41917419, 32.24203491, 30.95538139, -0.09960898, 37.78353119, 0.91174459, -0.25275883, -0.08561264, -0.31225860, -0.04829936, 0.31232435, -0.16924606, 0.00000000, 0.00000000, 0.00000000, 0.00000000
2, 2.8400, 284, 0.05509761, 1.08051884, -0.14389263, -65.61598206, -119.33591461, -72.65511322, 33.38205338, 46.82841110, 31.77433395, 34.26056671, 0.36301082, 37.76145172, 0.90451622, -0.27771613, -0.09817856, -0.30835894, -0.06561567, 0.32386225, -0.16603351, 0.00000000, 0.00000000, 0.00000000, 0.00000000
2, 2.8500, 285, 0.03682011, 1.05103278, -0.16768868, -67.07888031, -114.35617065, -70.25614166, 31.45279121, 48.02689362, 32.21280289, 33.57708359, -0.13804170, 38.99827957, 0.90235168, -0.27265903, -0.09532551, -0.31989324, -0.04350673, 0.28681624, -0.18218437, 0.00000000, 0.00000000, 0.00000000, 0.00000000
4, 2.9900, 297, 0.07114040, 1.00103521, -0.16665719, -22.74148178, -5.35153866, -23.35325813, -23.06343079, 2.36772871, -85.79362488, -7.71946955, 31.30003166, -18.77611923, 1.00000000, 0.00000000, 0.00000000, 0.00000000, 0.02906822, 0.07142862, 0.04346634, 101.52100372, -16.30300331, 39.25999832, 0.00000000
5, 2.8900, 284, 0.13569990, 1.12189245, -0.26918688, -56.83696365, -48.80464935, -16.06262970, -6.02163124, 58.31628036, -116.22332764, 10.65767765, -19.27948761, 70.52758789, 0.79251617, -0.17101882, 0.08327296, -0.57942754, 0.13670067, 0.35345188, 0.01556173, 0.00000000, 0.00000000, 0.00000000, 0.00000000
2, 2.8600, 286, -0.05932260, 1.06364977, -0.19193356, -66.58437347, -67.83435059, -58.56262207, 31.21894073, 48.40689850, 32.15433884, 32.89656067, -0.59165275, 39.76263428, 0.90140486, -0.26795408, -0.09163351, -0.32752606, 0.04458244, 0.32309419, -0.19513240, 0.00000000, 0.00000000, 0.00000000, 0.00000000
4, 3.0000, 298, 0.05226270, 0.99940330, -0.16193821, -21.31215286, -4.26151800, -24.48082161, -23.03420067, 2.66004086, -86.17362976, -6.99510145, 30.36754417, -18.48051834, 1.00000000, 0.00000000, 0.00000000, 0.00000000, 0.04092829, 0.06754319, 0.04531850, 101.52100372, -16.30300331, 39.25999832, 0.00000000
4, 3.0100, 299, 0.03268255, 1.00563109, -0.15321225, -20.30206871, -1.72156322, -25.72994804, -23.03420067, 2.66004086, -86.17362976, -7.21399641, 30.09953308, -18.57958031, 1.00000000, 0.00000000, 0.00000000, 0.00000000, 0.04531533, 0.05130647, 0.04972295, 101.52100372, -16.30300331, 39.25999832, 0.00000000
2, 2.8700, 287, -0.07691467, 1.14082909, -0.27263880, -67.61675262, 10.41163731, -46.96819687, 31.21894073, 48.40689850, 32.15433884, 32.21838379, -1.06902957, 39.74187851, 0.90261412, -0.26398346, -0.08587922, -0.32897627, 0.05402441, 0.44472980, -0.20055848, 0.00000000, 0.00000000, 0.00000000, 0.00000000
2, 2.8800, 288, 0.01551276, 1.18416691, -0.34803522, -71.19141388, 80.69364166, -35.94705582, 30.48816109, 49.40076065, 32.32972717, 31.52761459, -1.57837689, 39.01564789, 0.90580916, -0.26047939, -0.07821786, -0.32487270, -0.04682644, 0.53953069, -0.22811109, 0.00000000, 0.00000000, 0.00000000, 0.00000000
2, 2.8900, 289, 0.15004335, 1.18391514, -0.43384761, -74.88430786, 137.25306702, -24.96400070, 30.57585526, 49.45922089, 33.70359421, 37.03417587, 0.40480918, 35.56161880, 0.90327078, -0.30139196, -0.10017276, -0.28849652, -0.17886847, 0.58973134, -0.27992472, 0.00000000, 0.00000000, 0.00000000, 0.00000000
2, 2.9000, 290, 0.30273491, 1.19735599, -0.54722267, -73.54141998, 173.51237488, -11.05855370, 30.98509216, 49.57614517, 34.84361267, 36.30526733, 0.09720819, 33.84441757, 0.90916246, -0.29782483, -0.09145474, -0.27633330, -0.30484197, 0.62415993, -0.31192994, 0.00000000, 0.00000000, 0.00000000, 0.00000000
4, 3.0200, 300, 0.02590454, 1.01353121, -0.13932835, -19.12047958, 1.59913814, -27.24769402, -23.61882401, 3.36159015, -85.61824036, -7.42104149, 29.81971741, -18.70728874, 1.00000000, 0.00000000, 0.00000000, 0.00000000, 0.04524585, 0.03956736, 0.05502893, 101.52100372, -16.30300331, 39.25999832, 0.00000000
4, 3.0300, 301, 0.02285253, 1.03404844, -0.12393270, -18.69462395, 6.10605764, -27.52352905, -23.64805603, 1.72464192, -85.79362488, -7.62648106, 29.54092407, -18.87866592, 1.00000000, 0.00000000, 0.00000000, 0.00000000, 0.03662131, 0.02370816, 0.06965582, 101.52100372, -16.30300331, 39.25999832, 0.00000000
5, 2.9000, 285, 0.05141402, 1.12886631, -0.33419451, -47.82340240, -36.15213394, -13.15924740, -6.05086231, 59.60245514, -116.42794037, 10.26385593, -19.44210052, 71.11883545, 0.78983450, -0.16952473, 0.08554019, -0.58318597, 0.18651536, 0.37749082, -0.02240309, 0.00000000, 0.00000000, 0.00000000, 0.00000000
2, 2.9100, 291, 0.55196685, 1.29749978, -0.69731665, -59.71442032, 178.22593689, 11.53379631, 32.41742325, 49.25460434, 35.48669815, 35.72325897, -0.01292528, 32.05641174, 0.91479015, -0.29482540, -0.08458518, -0.26283517, -0.55712342, 0.81117541, -0.35177183, 0.00000000, 0.00000000, 0.00000000, 0.00000000
4, 3.0400, 302, 0.03469925, 1.04823804, -0.12776075, -14.43404388, 12.06960583, -25.63902855, -23.94036865, 3.09850907, -85.64746857, -7.78878260, 29.28780937, -19.08905792, 1.00000000, 0.00000000, 0.00000000, 0.00000000, 0.01567591, 0.02760817, 0.07608414, 101.52100372, -16.30300331, 39.25999832, 0.00000000
5, 2.9100, 286, -0.02129714, 1.13897789, -0.38593549, -34.94498444, -13.44266033, -9.18904686, -6.57702398, 60.21630859, -116.22332764, 9.94462013, -19.56033897, 71.43539429, 0.78849751, -0.16814299, 0.08753332, -0.58509630, 0.24541220, 0.43603545, -0.06198604, 0.00000000, 0.00000000, 0.00000000, 0.00000000
2, 2.9200, 292, 0.63988495, 1.28102756, -0.92029810, -28.04626274, 141.19482422, 30.41832733, 32.41742325, 49.25460434, 35.48669815, 35.45644760, 0.09848969, 30.61358070, 0.91879117, -0.29348412, -0.08117431, -0.25119844, -0.64258802, 0.96766567, -0.52196789, 0.00000000, 0.00000000, 0.00000000, 0.00000000
2, 2.9300, 293, 0.51838529, 1.25390768, -0.69568926, 7.10108805, 88.76747131, 42.91436386, 33.00204468, 49.10844803, 36.07132339, 35.53454208, 0.40117705, 29.67612648, 0.92081594, -0.29411998, -0.08136785, -0.24283937, -0.51851010, 0.78624117, -0.38638809, 0.00000000, 0.00000000, 0.00000000, 0.00000000
2, 2.9400, 294, 0.34009627, 1.21199691, -0.42890054, 22.30405426, 62.19356918, 42.07032776, 32.97281647, 49.66384125, 36.83133698, 39.99475098, 3.65164876, 27.67632484, 0.91457635, -0.32472149, -0.11082385, -0.21406592, -0.32339078, 0.54672307, -0.21803772, 0.00000000, 0.00000000, 0.00000000, 0.00000000
4, 3.0500, 303, 0.06357720, 1.05069792, -0.11501341, -8.23256874, 16.91721535, -22.75216293, -23.94036865, 3.09850907, -85.64746857, -7.55846405, 28.94721603, -19.20975113, 1.00000000, 0.00000000, 0.00000000, 0.00000000, -0.01442142, 0.01549554, 0.06159199, 101.52100372, -16.30300331, 39.25999832, 0.00000000
4, 3.0600, 304, 0.06734361, 1.05277944, -0.13517363, -3.90480018, 18.68768120, -19.65440941, -23.61882401, 3.85852075, -85.50131226, -7.60813427, 28.76556969, -19.43420601, 1.00000000, 0.00000000, 0.00000000, 0.00000000, -0.02480001, 0.03243837, 0.06283594, 101.52100372, -16.30300331, 39.25999832, 0.00000000
4, 3.0700, 305, 0.04791681, 1.05992961, -0.17270425, 1.27105641, 19.01889801, -19.23602867, -24.20344925, 3.88775206, -85.44285583, -7.59873915, 28.59118080, -19.63671494, 1.00000000, 0.00000000, 0.00000000, 0.00000000, -0.01604730, 0.06812993, 0.08291715, 101.52100372, -16.30300331, 39.25999832, 0.00000000
4, 3.0800, 306, 0.04267821, 1.06927288, -0.20525175, 8.72556973, 18.74926949, -21.98358154, -23.70651817, 4.03390837, -85.17977142, -7.50245667, 28.39353371, -19.80257607, 1.00000000, 0.00000000, 0.00000000, 0.00000000, -0.02082371, 0.09731320, 0.09779045, 101.52100372, -16.30300331, 39.25999832, 0.00000000
5, 2.9200, 287, -0.05633209, 1.13637125, -0.41108122, -21.76522064, 15.27341652, -5.02693415, -6.89856768, 60.80093384, -116.22332764, 9.69088936, -19.63825798, 71.42044067, 0.78881752, -0.16676684, 0.08939818, -0.58477676, 0.26941994, 0.46470973, -0.08741149, 0.00000000, 0.00000000, 0.00000000, 0.00000000
5, 2.9300, 288, -0.04502204, 1.12654889, -0.39983198, -12.42529869, 42.09057999, -2.22823811, -6.40163708, 59.31014252, -116.13563538, 9.46990108, -19.69470787, 71.11194611, 0.79061711, -0.16527663, 0.09136787, -0.58246046, 0.25483128, 0.45557287, -0.08785040, 0.00000000, 0.00000000, 0.00000000, 0.00000000
5, 2.9400, 289, 0.02967264, 1.10813713, -0.39254588, -5.71013355, 65.44573212, 0.92445272, -6.40163708, 59.31014252, -116.13563538, 13.91059971, -20.69639778, 67.69557190, 0.79888320, -0.19825131, 0.08173694, -0.56196201, 0.17828581, 0.42996410, -0.05667320, 0.00000000, 0.00000000, 0.00000000, 0.00000000
4, 3.0900, 307, 0.04531296, 1.10999644, -0.22572733, 15.20218086, 18.86585808, -25.27891350, -24.02806091, 4.15083313, -85.67670441, -7.33067131, 28.16707420, -19.94125557, 1.00000000, 0.00000000, 0.00000000, 0.00000000, -0.04510583, 0.10705158, 0.13456282, 101.52100372, -16.30300331, 39.25999832, 0.00000000
2, 2.9500, 295, 0.37604606, 1.29955506, -0.24789433, 28.59185410, 49.84422302, 30.65392685, 33.67436218, 49.42998886, 37.12364578, 40.25324631, 3.92727995, 27.16269112, 0.91491234, -0.32672271, -0.11202827, -0.20889552, -0.31807664, 0.42920053, 0.00750953, 0.00000000, 0.00000000, 0.00000000, 0.00000000
2, 2.9600, 296, 0.49766332, 1.39577734, -0.12830916, 35.39865112, 35.35823441, 16.53269386, 33.44051361, 49.42998886, 37.03595352, 40.58638382, 4.07140541, 26.80325127, 0.91466945, -0.32944480, -0.11274469, -0.20526750, -0.43807948, 0.40449205, 0.16173266, 0.00000000, 0.00000000, 0.00000000, 0.00000000
2, 2.9700, 297, 0.56153286, 1.43917954, -0.06341737, 44.23784637, 8.70576286, 6.05629301, 33.44051361, 49.42998886, 37.03595352, 41.02381134, 4.12447309, 26.71715736, 0.91358119, -0.33291331, -0.11369766, -0.20398796, -0.50134796, 0.38193408, 0.24169776, 0.00000000, 0.00000000, 0.00000000, 0.00000000
4, 3.1000, 308, 0.07217877, 1.16154075, -0.25235137, 23.40960503, 19.53153038, -26.00140953, -24.02806091, 4.15083313, -85.67670441, -5.59863806, 28.16959381, -19.68537712, 1.00000000, 0.00000000, 0.00000000, 0.00000000, -0.09569211, 0.11368616, 0.17146140, 101.52100372, -16.30300331, 39.25999832, 0.00000000
4, 3.1100, 309, 0.10824051, 1.18104863, -0.26947641, 39.90628815, 20.97127342, -22.29855728, -23.53113174, 4.00467682, -85.15054321, -5.15372276, 27.98945427, -19.73365974, 1.00000000, 0.00000000, 0.00000000, 0.00000000, -0.13835134, 0.10390978, 0.17406595, 101.52100372, -16.30300331, 39.25999832, 0.00000000
4, 3.1200, 310, 0.14314811, 1.14489174, -0.23408268, 53.44973755, 21.20369530, -17.87379456, -23.82344246, 3.80005836, -85.67670441, -4.55816841, 27.85870934, -19.71665764, 1.00000000, 0.00000000, 0.00000000, 0.00000000, -0.15433277, 0.06839370, 0.11872920, 101.52100372, -16.30300331, 39.25999832, 0.00000000
5, 2.9500, 290, 0.18781586, 1.10405755, -0.38579789, -0.30449909, 82.55388641, 4.83874321, -6.02163124, 60.65477753, -115.55101013, 13.72891617, -20.64225006, 66.95221710, 0.80292511, -0.19619817, 0.08351333, -0.55663556, 0.03204567, 0.37054801, 0.04129774, 0.00000000, 0.00000000, 0.00000000, 0.00000000
5, 2.9600, 291, 0.42101517, 1.12802088, -0.36003220, 4.45523119, 90.73151398, 12.73712921, -5.67085648, 60.94709015, -115.25869751, 13.56785393, -20.50534058, 66.11442566, 0.80750060, -0.19383229, 0.08472742, -0.55062968, -0.14731137, 0.35248446, 0.18976349, 0.00000000, 0.00000000, 0.00000000, 0.00000000
5, 2.9700, 292, 0.61643249, 1.16511011, -0.30369115, 6.97700357, 83.33557129, 24.35885811, -5.55393171, 60.12861633, -115.14176941, 13.43066692, -20.25217819, 65.33874512, 0.81190407, -0.19115584, 0.08484759, -0.54504317, -0.28296000, 0.30646077, 0.33320403, 0.00000000, 0.00000000, 0.00000000, 0.00000000
2, 2.9800, 298, 0.51617998, 1.40892518, -0.03122223, 51.76483536, -23.45812607, -3.31738663, 33.49897766, 47.96842957, 36.62671661, 41.55646133, 4.09570217, 26.95782089, 0.91158199, -0.33697253, -0.11512506, -0.20546076, -0.45597070, 0.33120918, 0.24804780, 0.00000000, 0.00000000, 0.00000000, 0.00000000
2, 2.9900, 299, 0.48187491, 1.31347990, 0.03277756, 53.50648880, -52.27011490, -8.06252480, 32.94358444, 48.81613541, 36.50979233, 41.92567444, 7.50217724, 25.08079147, 0.91466415, -0.33521426, -0.13714822, -0.17947519, -0.40734056, 0.21345255, 0.22999416, 0.00000000, 0.00000000, 0.00000000, 0.00000000
4, 3.1300, 311, 0.16981505, 1.08679414, -0.18477261, 56.24477005, 19.33995056, -14.19875240, -24.02806091, 3.77082729, -85.64746857, -3.93166924, 27.76248360, -19.66433907, 1.00000000, 0.00000000, 0.00000000, 0.00000000, -0.15194227, 0.02250687, 0.04514268, 101.52100372, -16.30300331, 39.25999832, 0.00000000
4, 3.1400, 312, 0.17134307, 1.03795671, -0.13045330, 52.27140808, 14.58924580, -12.03643036, -23.56036186, 2.95235300, -85.88131714, -3.34825516, 27.67905045, -19.58086967, 1.00000000, 0.00000000, 0.00000000, 0.00000000, -0.12983084, -0.02990770, -0.01027128, 101.52100372, -16.30300331, 39.25999832, 0.00000000
4, 3.1500, 313, 0.15835872, 1.00151217, -0.07253768, 45.04238510, 8.98383236, -10.76206970, -23.56036186, 2.95235300, -85.88131714, -4.24391317, 28.73290825, -20.22941017, 1.00000000, 0.00000000, 0.00000000, 0.00000000, -0.09492616, -0.08212394, -0.04638050, 101.52100372, -16.30300331, 39.25999832, 0.00000000
5, 2.9800, 293, 0.67554265, 1.18308055, -0.26027891, 6.53960180, 67.47387695, 34.97521591, -4.76468849, 61.09324646, -114.44022369, 13.30568981, -19.89611816, 64.71730804, 0.81569958, -0.18823054, 0.08387186, -0.54052669, -0.31345963, 0.26903158, 0.38467550, 0.00000000, 0.00000000, 0.00000000, 0.00000000
4, 3.1600, 314, 0.16225556, 0.97538632, -0.02660947, 37.81271744, 3.38792634, -8.99893665, -23.79421234, 3.85852075, -86.08593750, -3.81468034, 28.65984917, -20.09488869, 1.00000000, 0.00000000, 0.00000000, 0.00000000, -0.07179967, -0.11299124, -0.07282451, 101.52100372, -16.30300331, 39.25999832, 0.00000000
2, 3.0000, 300, 0.43284687, 1.22561979, 0.05080935, 49.23300171, -75.40021515, -4.96827555, 33.17743301, 47.41303635, 35.57439423, 42.51089478, 7.46364069, 25.84635925, 0.91171831, -0.33902881, -0.14002755, -0.18499076, -0.31340879, 0.13743529, 0.18742728, 0.00000000, 0.00000000, 0.00000000, 0.00000000
2, 3.0100, 301, 0.39326283, 1.16803157, 0.04490423, 37.23760986, -91.51415253, 3.98956490, 33.17743301, 47.41303635, 35.57439423, 42.99642563, 7.51019764, 26.77209473, 0.90876466, -0.34164324, -0.14394024, -0.19159314, -0.27310106, 0.09544612, 0.14818674, 0.00000000, 0.00000000, 0.00000000, 0.00000000
2, 3.0200, 302, 0.38039881, 1.08802009, 0.02630251, 21.21463776, -102.91969299, 17.87010193, 32.85588837, 49.13768005, 35.01900101, 43.33859634, 7.69061995, 27.81163406, 0.90601426, -0.34264186, -0.14903753, -0.19880283, -0.25729811, 0.04921691, 0.08227316, 0.00000000, 0.00000000, 0.00000000, 0.00000000
4, 3.1700, 315, 0.17089206, 0.95902097, 0.00746516, 33.02110672, -1.22714221, -5.69979143, -23.67728615, 3.12774038, -86.02747345, -3.43737292, 28.61046600, -19.93209839, 1.00000000, 0.00000000, 0.00000000, 0.00000000, -0.07085378, -0.14899829, -0.09821736, 101.52100372, -16.30300331, 39.25999832, 0.00000000
2, 3.0300, 303, 0.33917114, 1.01449132, 0.04477144, 7.12127304, -109.33798218, 36.33276749, 32.30049515, 48.72844315, 34.63899231, 43.55452347, 8.05163383, 28.91659164, 0.90350741, -0.34208542, -0.15553154, -0.20606311, -0.21056576, -0.01757596, 0.04563938, 0.00000000, 0.00000000, 0.00000000, 0.00000000
2, 3.0400, 304, 0.27380785, 0.96695489, 0.07786264, -6.34500456, -105.55290985, 57.91503906, 32.00818253, 48.02689362, 34.17129517, 42.58864212, 10.02235699, 28.71066856, 0.90705067, -0.33029652, -0.16854079, -0.19939305, -0.13046600, -0.07107094, 0.03462266, 0.00000000, 0.00000000, 0.00000000, 0.00000000
4, 3.1800, 316, 0.16815747, 0.95714527, 0.02168151, 29.68538666, -3.86365724, -1.90719557, -24.02806091, 2.48465347, -86.34902191, -3.09680581, 28.59281921, -19.75312042, 1.00000000, 0.00000000, 0.00000000, 0.00000000, -0.06682792, -0.16791250, -0.10193901, 101.52100372, -16.30300331, 39.25999832, 0.00000000
2, 3.0500, 305, 0.21021184, 0.95766741, 0.09705286, -14.97721386, -91.73546600, 75.87566376, 32.76819611, 48.55305481, 33.55743790, 42.60318756, 10.79446411, 29.63162804, 0.90544981, -0.32723290, -0.17720315, -0.20415244, -0.03687304, -0.07855806, 0.03663399, 0.00000000, 0.00000000, 0.00000000, 0.00000000
5, 2.9900, 294, 0.61881828, 1.15986669, -0.23813620, 7.44614267, 47.74880219, 45.21949005, -4.76468849, 61.09324646, -114.44022369, 14.58030605, -16.20733833, 61.23638153, 0.83598965, -0.17932709, 0.05634705, -0.51554650, -0.25536749, 0.23733667, 0.33293977, 0.00000000, 0.00000000, 0.00000000, 0.00000000
5, 3.0000, 295, 0.56616211, 1.14208043, -0.19287665, 8.06651974, 23.65941048, 61.63771057, -4.06313944, 59.48553085, -114.44022369, 14.51244640, -15.58138657, 61.03972244, 0.83797157, -0.17609128, 0.05228760, -0.51386917, -0.16608509, 0.17043763, 0.28570810, 0.00000000, 0.00000000, 0.00000000, 0.00000000
5, 3.0100, 296, 0.57996511, 1.15562212, -0.13731422, 11.28872013, -1.27103674, 76.28522491, -4.26775789, 59.69014740, -114.64483643, 14.52938175, -14.81064320, 61.05841446, 0.83904982, -0.17296104, 0.04642919, -0.51373553, -0.15255187, 0.11804119, 0.31012684, 0.00000000, 0.00000000, 0.00000000, 0.00000000
4, 3.1900, 317, 0.15812869, 0.96500927, 0.01842079, 28.33144951, -5.79402781, 1.10540318, -23.94036865, 2.92312193, -86.29055786, -2.77059150, 28.60060310, -19.55640411, 1.00000000, 0.00000000, 0.00000000, 0.00000000, -0.06126770, -0.17137598, -0.09040067, 101.52100372, -16.30300331, 39.25999832, 0.00000000
2, 3.0600, 306, 0.14543553, 0.96698385, 0.09931818, -19.69928932, -66.16543579, 90.80413055, 32.76819611, 48.55305481, 33.55743790, 42.53612900, 11.71306324, 30.29158783, 0.90449888, -0.32346010, -0.18606384, -0.20648389, 0.04264065, -0.07139219, 0.04738136, 0.00000000, 0.00000000, 0.00000000, 0.00000000
2, 3.0700, 307, 0.10391921, 0.98257542, 0.08595201, -20.69192505, -31.04301071, 103.27071381, 33.38205338, 47.79304123, 33.70359421, 42.39759827, 12.75200558, 30.59075165, 0.90433770, -0.31932613, -0.19467002, -0.20568843, 0.10114101, -0.04714134, 0.05135524, 0.00000000, 0.00000000, 0.00000000, 0.00000000
2, 3.0800, 308, 0.08077721, 0.99336052, 0.07650501, -19.60170937, 7.55117655, 112.12043762, 33.46974564, 47.32534409, 33.76205826, 42.18724442, 13.87296772, 30.48982811, 0.90500236, -0.31505919, -0.20265122, -0.20159647, 0.14286812, -0.02769940, 0.05403103, 0.00000000, 0.00000000, 0.00000000, 0.00000000
2, 3.0900, 309, 0.09777163, 1.01765442, 0.06560397, -17.67321396, 46.14058685, 116.80139923, 34.11283112, 45.54224014, 33.11896896, 41.56804276, 13.35867882, 30.78787041, 0.90622109, -0.31092709, -0.19839814, -0.20670268, 0.13812424, 0.00328296, 0.06239042, 0.00000000, 0.00000000, 0.00000000, 0.00000000
4, 3.2000, 318, 0.13100497, 0.97002202, 0.01788215, 27.77731514, -7.81303930, 3.27907801, -23.94036865, 2.92312193, -86.29055786, -4.74210358, 29.17277336, -20.42841530, 1.00000000, 0.00000000, 0.00000000, 0.00000000, -0.03640734, -0.16816716, -0.07279851, 101.52100372, -16.30300331, 39.25999832, 0.00000000
4, 3.2100, 319, 0.09315566, 0.98283553, 0.01856484, 27.30041313, -8.28647804, 4.79878521, -23.79421234, 2.45542240, -86.69979095, -4.42417526, 29.21845627, -20.20559311, 1.00000000, 0.00000000, 0.00000000, 0.00000000, -0.00046453, -0.15033366, -0.04050517, 101.52100372, -16.30300331, 39.25999832, 0.00000000
4, 3.2200, 320, 0.05848467, 0.98469067, 0.03005566, 26.62642479, -6.35546494, 6.94246864, -23.99883080, 2.95235300, -87.31365204, -4.11584759, 29.28678131, -20.00279236, 1.00000000, 0.00000000, 0.00000000, 0.00000000, 0.03209357, -0.16675916, -0.02624880, 101.52100372, -16.30300331, 39.25999832, 0.00000000
2, 3.1000, 310, 0.13610867, 1.03416431, 0.05601810, -13.41595268, 79.19818878, 117.11008453, 35.19438553, 46.21455765, 33.84975052, 41.24269867, 14.50284100, 29.92985916, 0.90843320, -0.30701807, -0.20434737, -0.19680262, 0.09801191, 0.02837706, 0.06071134, 0.00000000, 0.00000000, 0.00000000, 0.00000000
2, 3.1100, 311, 0.16566129, 1.03426969, 0.04584516, -8.38728905, 104.14928436, 113.99420166, 35.19438553, 46.21455765, 33.84975052, 40.88385773, 15.60050583, 28.80405426, 0.91097236, -0.30352107, -0.20924173, -0.18499307, 0.08740871, 0.04350388, 0.05330518, 0.00000000, 0.00000000, 0.00000000, 0.00000000
2, 3.1200, 312, 0.19863486, 1.03231251, 0.05036092, -0.09818573, 128.06913757, 108.48901367, 35.69131851, 45.48377609, 34.75592041, 40.51769638, 16.62449646, 27.41990662, 0.91369820, -0.30071837, -0.21296452, -0.17137733, 0.07210318, 0.04677375, 0.05435516, 0.00000000, 0.00000000, 0.00000000, 0.00000000
2, 3.1300, 313, 0.22688587, 1.02025461, 0.05698003, 6.35433578, 137.79846191, 103.01119995, 36.71440887, 44.78222656, 35.54516220, 40.16073990, 17.57974434, 25.92383957, 0.91629899, -0.29846731, -0.21597235, -0.15706521, 0.06029293, 0.04148413, 0.04962885, 0.00000000, 0.00000000, 0.00000000, 0.00000000
4, 3.2300, 321, 0.02961739, 0.98605156, 0.03364581, 24.86976433, 0.00656253, 10.15004444, -24.34960556, 1.16924870, -87.45980835, -3.83362937, 29.39450073, -19.86923981, 1.00000000, 0.00000000, 0.00000000, 0.00000000, 0.05943160, -0.17504640, -0.01306788, 101.52100372, -16.30300331, 39.25999832, 0.00000000
2, 3.1400, 314, 0.25786012, 1.00930083, 0.05802812, 13.15118217, 139.92811584, 97.99940491, 37.88365936, 43.26220322, 36.07132339, 39.90511703, 17.88423157, 24.71552086, 0.91838849, -0.29801503, -0.21486458, -0.14691152, 0.04219707, 0.03989480, 0.04168821, 0.00000000, 0.00000000, 0.00000000, 0.00000000
2, 3.1500, 315, 0.28688049, 0.99181098, 0.06334700, 20.67381096, 134.23812866, 94.70531464, 38.93598175, 43.11604691, 36.77287292, 39.66817474, 18.74387741, 23.24390411, 0.92022550, -0.29704612, -0.21748239, -0.13285394, 0.02037434, 0.02833088, 0.03173660, 0.00000000, 0.00000000, 0.00000000, 0.00000000
4, 3.2400, 322, 0.01292486, 0.97806066, 0.03596502, 22.53376579, 7.79180002, 13.81484032, -24.34960556, 1.16924870, -87.45980835, -3.58559227, 29.54872322, -19.82146263, 1.00000000, 0.00000000, 0.00000000, 0.00000000, 0.08012947, -0.17973591, -0.01265993, 101.52100372, -16.30300331, 39.25999832, 0.00000000
4, 3.2500, 323, 0.01980420, 0.96574241, 0.02449350, 19.44353104, 16.72809982, 17.67390060, -23.53113174, 3.04004669, -86.99210358, -5.57033920, 29.07129669, -21.07550621, 1.00000000, 0.00000000, 0.00000000, 0.00000000, 0.07820904, -0.16100693, -0.02378039, 101.52100372, -16.30300331, 39.25999832, 0.00000000
5, 3.0200, 297, 0.62804556, 1.15446937, -0.10201984, 17.36463165, -25.01822281, 79.58522797, -3.44928384, 59.54399109, -114.84945679, 14.67524529, -14.00363636, 61.25639343, 0.83914834, -0.17067440, 0.03945411, -0.51492107, -0.17639989, 0.08081236, 0.33783573, 0.00000000, 0.00000000, 0.00000000, 0.00000000
5, 3.0300, 298, 0.60312581, 1.12077379, -0.08723614, 24.48732948, -45.82637024, 75.40573120, -3.47851491, 58.55013275, -115.20023346, 14.96455669, -13.23365593, 61.59647751, 0.83830595, -0.16960700, 0.03190563, -0.51716405, -0.15836284, 0.05494725, 0.29684606, 0.00000000, 0.00000000, 0.00000000, 0.00000000
5, 3.0400, 299, 0.49843359, 1.07204068, -0.07868328, 30.63608742, -56.64989471, 71.38899994, -3.47851491, 58.55013275, -115.20023346, 15.12982368, -11.65862274, 61.48848343, 0.84073645, -0.16403084, 0.01957929, -0.51562852, -0.07878455, 0.03118478, 0.19926876, 0.00000000, 0.00000000, 0.00000000, 0.00000000
5, 3.0500, 300, 0.38169789, 1.01758337, -0.06504063, 36.43518829, -60.11113739, 69.63780212, -3.12774038, 58.52090073, -116.07717133, 15.60315228, -10.93620396, 61.88739395, 0.83921659, -0.16443807, 0.01149184, -0.51821190, 0.01532942, 0.00135058, 0.09010074, 0.00000000, 0.00000000, 0.00000000, 0.00000000
5, 3.0600, 301, 0.30600271, 0.95703387, -0.04794846, 40.70314407, -55.77992249, 69.21350098, -2.98158431, 57.76088715, -115.72639465, 16.10496712, -10.21339512, 62.23127365, 0.83787680, -0.16499445, 0.00335162, -0.52031535, 0.06124965, -0.03601964, 0.00208859, 0.00000000, 0.00000000, 0.00000000, 0.00000000
4, 3.2600, 324, 0.03113224, 0.95333940, 0.01711203, 16.20345879, 24.36392784, 21.94866753, -23.85267448, 1.49079216, -86.84594727, -5.41564846, 29.32458687, -21.22674370, 1.00000000, 0.00000000, 0.00000000, 0.00000000, 0.06821334, -0.12883131, -0.03882734, 101.52100372, -16.30300331, 39.25999832, 0.00000000
4, 3.2700, 325, 0.03873882, 0.95329118, 0.00354586, 12.34767723, 31.32172394, 26.48602104, -23.15112495, 2.45542240, -86.37825012, -5.31390238, 29.63005066, -21.46362114, 1.00000000, 0.00000000, 0.00000000, 0.00000000, 0.06451487, -0.11761325, -0.03729280, 101.52100372, -16.30300331, 39.25999832, 0.00000000
4, 3.2800, 326, 0.04828605, 0.96549320, -0.01934265, 9.22802925, 37.20014572, 30.65631676, -23.29728127, 2.10464764, -87.10903168, -5.25676632, 29.98313713, -21.77249146, 1.00000000, 0.00000000, 0.00000000, 0.00000000, 0.05393931, -0.09907440, -0.02344665, 101.52100372, -16.30300331, 39.25999832, 0.00000000
2, 3.1600, 316, 0.30690157, 0.98693711, 0.06707712, 28.29729652, 121.65074921, 93.00670624, 38.93598175, 43.11604691, 36.77287292, 39.52652359, 19.58963585, 21.89671135, 0.92142540, -0.29673401, -0.22046959, -0.11965516, 0.01439651, 0.02761660, 0.03231475, 0.00000000, 0.00000000, 0.00000000, 0.00000000
2, 3.1700, 317, 0.32734427, 0.99542814, 0.07319690, 36.52278137, 103.41336060, 92.40602875, 39.69599533, 42.82373428, 37.09441757, 39.51066589, 20.43925095, 20.73600769, 0.92188281, -0.29715917, -0.22411861, -0.10770025, 0.00775524, 0.03299842, 0.04561299, 0.00000000, 0.00000000, 0.00000000, 0.00000000
4, 3.2900, 327, 0.06445088, 0.97422087, -0.04602233, 7.59497356, 41.38956451, 33.83901215, -23.29728127, 2.10464764, -87.10903168, -5.22625923, 30.37250328, -22.13037109, 1.00000000, 0.00000000, 0.00000000, 0.00000000, 0.03906521, -0.07563929, -0.01433597, 101.52100372, -16.30300331, 39.25999832, 0.00000000
5, 3.0700, 302, 0.28241324, 0.89986813, -0.02488646, 43.54356003, -45.40918732, 67.70697021, -2.77696586, 55.94855118, -116.16486359, 16.59884644, -9.49937630, 62.47481155, 0.83696783, -0.16548648, -0.00454168, -0.52161145, 0.06567496, -0.07863852, -0.05379631, 0.00000000, 0.00000000, 0.00000000, 0.00000000
4, 3.3000, 328, 0.08298574, 0.97258240, -0.07594743, 6.43666077, 44.04809189, 35.72718811, -22.59573174, 1.02309263, -86.67056274, -5.69198799, 30.62263489, -22.78874779, 1.00000000, 0.00000000, 0.00000000, 0.00000000, 0.02584128, -0.04479396, -0.01469002, 101.52100372, -16.30300331, 39.25999832, 0.00000000
4, 3.3100, 329, 0.10121815, 0.96335423, -0.10530182, 4.81032419, 45.49896622, 36.48659134, -22.68342590, -0.20461853, -86.78749084, -5.70640516, 31.03938103, -23.20676804, 1.00000000, 0.00000000, 0.00000000, 0.00000000, 0.01497542, -0.00903668, -0.02199567, 101.52100372, -16.30300331, 39.25999832, 0.00000000
2, 3.1800, 318, 0.33208930, 1.00732005, 0.08718888, 45.11674118, 81.70709991, 91.79545593, 40.10523224, 42.15141678, 37.76673508, 39.64376068, 21.29759026, 19.80280685, 0.92155385, -0.29840115, -0.22855520, -0.09725146, 0.01677575, 0.03337299, 0.06863844, 0.00000000, 0.00000000, 0.00000000, 0.00000000
2, 3.1900, 319, 0.31818160, 1.01905954, 0.10615890, 53.00972748, 59.76033020, 90.64780426, 40.66062546, 41.59602356, 37.79596710, 39.35379791, 21.22622681, 19.18319702, 0.92289376, -0.29743260, -0.22614235, -0.09306232, 0.04065226, 0.02912758, 0.09430695, 0.00000000, 0.00000000, 0.00000000, 0.00000000
5, 3.0800, 303, 0.31657594, 0.86964118, 0.00526137, 44.52500534, -30.17765808, 64.72757721, -2.83542824, 57.00087738, -115.78485870, 17.04782486, -8.80719757, 62.58420563, 0.83668554, -0.16572636, -0.01187198, -0.52187270, 0.03615237, -0.12243397, -0.05499717, 0.00000000, 0.00000000, 0.00000000, 0.00000000
5, 3.0900, 304, 0.38075605, 0.87084174, 0.03587183, 43.73275757, -13.89554787, 61.60301208, -2.63080978, 54.54545212, -117.33411407, 15.56227684, -8.08333015, 62.94289780, 0.83796394, -0.15164438, -0.01094691, -0.52411884, -0.00213967, -0.15170276, -0.01636543, 0.00000000, 0.00000000, 0.00000000, 0.00000000
5, 3.1000, 305, 0.43804529, 0.90227818, 0.05750586, 44.87880707, -0.46166065, 58.84156036, -2.63080978, 54.54545212, -117.33411407, 15.90331078, -7.43614244, 62.77593613, 0.83900070, -0.15129417, -0.01707359, -0.52239478, -0.01945520, -0.14994858, 0.03726041, 0.00000000, 0.00000000, 0.00000000, 0.00000000
4, 3.3200, 330, 0.11523776, 0.95053220, -0.14349154, 2.31920552, 46.47222900, 36.80216217, -22.15726280, 1.37386727, -86.40748596, -5.75489426, 31.45913506, -23.64909363, 1.00000000, 0.00000000, 0.00000000, 0.00000000, 0.01054411, 0.03112990, -0.02836409, 101.52100372, -16.30300331, 39.25999832, 0.00000000
5, 3.1100, 306, 0.47843638, 0.92529893, 0.06809465, 46.90471268, 11.11774921, 57.47937012, -2.74773455, 56.00701523, -116.92487335, 16.21304131, -6.79370594, 62.50186539, 0.84053946, -0.15077321, -0.02287945, -0.51984370, -0.02907845, -0.16158156, 0.07993598, 0.00000000, 0.00000000, 0.00000000, 0.00000000
5, 3.1200, 307, 0.49915510, 0.93021560, 0.06988533, 50.19909668, 21.19705772, 58.13336182, -2.39696002, 54.72084045, -116.92487335, 16.50456429, -6.13379812, 62.12920380, 0.84254020, -0.15009277, -0.02860253, -0.51650774, -0.03243656, -0.16769652, 0.09562482, 0.00000000, 0.00000000, 0.00000000, 0.00000000
5, 3.1300, 308, 0.49983174, 0.91097200, 0.06919830, 54.20627213, 29.80681610, 59.32160187, -1.72464192, 54.39929962, -117.07102966, 16.78770828, -5.44986534, 61.66765976, 0.84494203, -0.14930856, -0.03435157, -0.51244503, -0.03153436, -0.17587471, 0.08019966, 0.00000000, 0.00000000, 0.00000000, 0.00000000
4, 3.3300, 331, 0.11638888, 0.92882746, -0.17854674, -0.11270751, 44.83135223, 34.46873474, -21.74802589, 1.14001751, -86.43671417, -5.83254623, 31.85239983, -24.09079170, 1.00000000, 0.00000000, 0.00000000, 0.00000000, 0.02147127, 0.07050699, -0.03781823, 101.52100372, -16.30300331, 39.25999832, 0.00000000
4, 3.3400, 332, 0.11482590, 0.90946037, -0.20238008, -3.10813332, 40.81576920, 29.53896141, -21.74802589, 1.14001751, -86.43671417, -5.94117975, 32.19031525, -24.51191521, 1.00000000, 0.00000000, 0.00000000, 0.00000000, 0.03417672, 0.09887702, -0.04646378, 101.52100372, -16.30300331, 39.25999832, 0.00000000
4, 3.3500, 333, 0.10703363, 0.91281998, -0.22305270, -7.38880634, 35.91787338, 22.43948555, -20.72493362, 0.84770536, -85.93978119, -4.41155577, 32.26465607, -24.19306946, 1.00000000, 0.00000000, 0.00000000, 0.00000000, 0.04165126, 0.11400408, -0.03447781, 101.52100372, -16.30300331, 39.25999832, 0.00000000
5, 3.1400, 309, 0.49488559, 0.88533807, 0.06888922, 58.08963013, 41.27468109, 60.38676834, -0.17538731, 54.04852295, -116.80795288, 14.93605804, -4.44629812, 61.26881790, 0.84992647, -0.13134810, -0.03308439, -0.50919378, -0.02751760, -0.17659150, 0.05394392, 0.00000000, 0.00000000, 0.00000000, 0.00000000
4, 3.3600, 334, 0.11080744, 0.94076914, -0.24662359, -9.42526150, 32.00024796, 15.79829979, -20.78339577, 0.90616781, -85.88131714, -4.57560539, 32.46108627, -24.56095886, 1.00000000, 0.00000000, 0.00000000, 0.00000000, 0.02585111, 0.11517765, -0.00762238, 101.52100372, -16.30300331, 39.25999832, 0.00000000
4, 3.3700, 335, 0.15183009, 0.96183258, -0.26369303, -6.99837255, 28.75209236, 9.91106319, -20.90032196, 0.87693655, -85.64746857, -4.70635843, 32.59493256, -24.89074135, 1.00000000, 0.00000000, 0.00000000, 0.00000000, -0.01921010, 0.12959081, -0.00141321, 101.52100372, -16.30300331, 39.25999832, 0.00000000
4, 3.3800, 336, 0.22622578, 0.99527878, -0.26757523, -4.43311119, 25.60518837, 6.36094379, -20.90032196, 0.87693655, -85.64746857, -4.80199766, 32.68982697, -25.17915535, 1.00000000, 0.00000000, 0.00000000, 0.00000000, -0.09923813, 0.12803522, -0.00122919, 101.52100372, -16.30300331, 39.25999832, 0.00000000
2, 3.2000, 320, 0.30811769, 1.03387547, 0.13540946, 59.82952118, 40.20590210, 88.56116486, 41.50833130, 40.74831772, 38.35136032, 39.78220367, 22.07859993, 18.69408417, 0.92126793, -0.30025998, -0.23190401, -0.08561485, 0.05290314, 0.01938846, 0.12546396, 0.00000000, 0.00000000, 0.00000000, 0.00000000
5, 3.1500, 310, 0.49106547, 0.86634409, 0.06846495, 60.46055984, 49.84132004, 61.33191681, -0.17538731, 54.04852295, -116.80795288, 15.16582584, -3.74147606, 60.58848572, 0.85326630, -0.13020362, -0.03859042, -0.50348246, -0.01824872, -0.15779370, 0.02845836, 0.00000000, 0.00000000, 0.00000000, 0.00000000
5, 3.1600, 311, 0.49118951, 0.85618114, 0.06656239, 62.34662628, 57.30829239, 62.20446396, 0.38000584, 53.81467438, -117.50949860, 15.36674976, -3.02060294, 59.83892441, 0.85688996, -0.12886816, -0.04402433, -0.49718651, -0.01146873, -0.16168129, 0.02001788, 0.00000000, 0.00000000, 0.00000000, 0.00000000
5, 3.1700, 312, 0.49826980, 0.85289395, 0.06489454, 63.74953079, 63.41047668, 62.43721008, 0.96463019, 52.52849960, -116.57409668, 15.54010296, -2.29101658, 59.03337097, 0.86071867, -0.12738608, -0.04935826, -0.49040788, -0.00666961, -0.16393371, 0.02106599, 0.00000000, 0.00000000, 0.00000000, 0.00000000
4, 3.3900, 337, 0.31147864, 1.02916896, -0.26784247, 0.31544101, 21.87120628, 5.30084848, -21.16340256, 0.87693655, -84.91668701, -4.83587837, 32.77077484, -25.40553665, 1.00000000, 0.00000000, 0.00000000, 0.00000000, -0.18930124, 0.12220209, -0.00615153, 101.52100372, -16.30300331, 39.25999832, 0.00000000
5, 3.1800, 313, 0.51716685, 0.85508895, 0.06044123, 64.70922089, 66.25595856, 61.77424240, 1.37386727, 52.41157532, -117.24641418, 15.69788074, -1.56329560, 58.20048523, 0.86459786, -0.12588492, -0.05460089, -0.48336565, -0.00918190, -0.16200241, 0.03262509, 0.00000000, 0.00000000, 0.00000000, 0.00000000
4, 3.4000, 338, 0.40448928, 0.98673385, -0.26395372, 8.77803230, 15.08533859, 3.54687428, -20.52031517, 0.49693072, -84.53668213, -3.20270848, 35.93818283, -24.29379654, 1.00000000, 0.00000000, 0.00000000, 0.00000000, -0.24359801, 0.12040648, -0.07588050, 101.52100372, -16.30300331, 39.25999832, 0.00000000
5, 3.1900, 314, 0.54498816, 0.86304510, 0.05789495, 65.41888428, 66.11743164, 60.53507996, 1.43232965, 51.68079376, -116.48640442, 14.04079437, -0.61499280, 57.36767197, 0.87037712, -0.10977877, -0.05399019, -0.47694597, -0.01506470, -0.15300268, 0.05214339, 0.00000000, 0.00000000, 0.00000000, 0.00000000
4, 3.4100, 339, 0.52303934, 0.90014666, -0.26080602, 12.91006184, 4.39911985, 0.31401795, -20.08184814, 0.55539316, -84.74130249, -3.05668449, 35.95108414, -24.27495766, 1.00000000, 0.00000000, 0.00000000, 0.00000000, -0.28109097, 0.11487513, -0.18134916, 101.52100372, -16.30300331, 39.25999832, 0.00000000
4, 3.4200, 340, 0.62042981, 0.81457490, -0.25293708, 10.40970039, -8.95446873, -0.85331035, -20.81262779, 0.87693655, -84.74130249, -2.90932560, 35.93074799, -24.12303925, 1.00000000, 0.00000000, 0.00000000, 0.00000000, -0.33357558, 0.12259462, -0.30003071, 101.52100372, -16.30300331, 39.25999832, 0.00000000
4, 3.4300, 341, 0.67481768, 0.71815950, -0.20560069, 5.16366577, -23.38266754, 2.32874370, -20.81262779, 0.87693655, -84.74130249, -2.79102445, 35.91726303, -23.83336067, 1.00000000, 0.00000000, 0.00000000, 0.00000000, -0.33929771, 0.09413032, -0.41761035, 101.52100372, -16.30300331, 39.25999832, 0.00000000
2, 3.2100, 321, 0.31755167, 1.06444144, 0.15980089, 65.68878937, 21.93204498, 83.45888519, 41.50833130, 40.74831772, 38.35136032, 40.33941269, 22.89413452, 18.41122818, 0.91910207, -0.30378813, -0.23795596, -0.07963137, 0.05646939, 0.01976980, 0.17386638, 0.00000000, 0.00000000, 0.00000000, 0.00000000
4, 3.4400, 342, 0.66975474, 0.63635802, -0.12198418, -8.57320499, -36.24897385, 6.03576183, -20.60800934, 0.64308679, -85.44285583, -2.80824399, 35.91653824, -23.46637154, 1.00000000, 0.00000000, 0.00000000, 0.00000000, -0.29380116, 0.02843378, -0.50368845, 101.52100372, -16.30300331, 39.25999832, 0.00000000
4, 3.4500, 343, 0.64126951, 0.64918274, -0.09991199, -25.88968658, -49.15326691, 7.34112740, -21.33878899, 0.58462435, -85.99824524, -3.38888121, 41.83731461, -23.48897552, 1.00000000, 0.00000000, 0.00000000, 0.00000000, -0.25128686, 0.00643303, -0.46807793, 101.52100372, -16.30300331, 39.25999832, 0.00000000
4, 3.4600, 344, 0.60861993, 0.72551697, -0.07767778, -37.73416901, -69.77024078, 7.32370853, -21.19263268, 0.67231804, -84.88745880, -3.59816194, 41.79515839, -22.84849167, 1.00000000, 0.00000000, 0.00000000, 0.00000000, -0.19121781, -0.02678789, -0.34201103, 101.52100372, -16.30300331, 39.25999832, 0.00000000
5, 3.2000, 315, 0.56780100, 0.87008774, 0.04836129, 65.77478790, 62.86046219, 59.20857239, 1.43232965, 51.68079376, -116.48640442, 14.20421314, 0.06623664, 56.53770447, 0.87401122, -0.10862057, -0.05906124, -0.46991253, -0.01642170, -0.12210797, 0.06312007, 0.00000000, 0.00000000, 0.00000000, 0.00000000
5, 3.2100, 316, 0.57567620, 0.87402987, 0.03243714, 65.46958923, 57.13650894, 58.84817886, 2.25080395, 50.77462769, -116.31101990, 14.38625526, 0.74510187, 55.75963211, 0.87733591, -0.10766168, -0.06425346, -0.46320856, -0.01080313, -0.10865551, 0.06878314, 0.00000000, 0.00000000, 0.00000000, 0.00000000
5, 3.2200, 317, 0.57259440, 0.88280511, 0.01300006, 64.87928772, 49.00672531, 60.67741776, 2.68927217, 50.07307816, -116.42794037, 14.59653950, 1.44248760, 55.05744171, 0.88026434, -0.10687192, -0.06978198, -0.45699418, 0.00640592, -0.09120369, 0.07221453, 0.00000000, 0.00000000, 0.00000000, 0.00000000
5, 3.2300, 318, 0.55687284, 0.89214540, 0.00461090, 64.80824280, 41.08921814, 64.74844360, 3.74159598, 47.67611694, -116.31101990, 14.83735657, 2.18117404, 54.42905426, 0.88282049, -0.10617319, -0.07582289, -0.45122749, 0.03629683, -0.08494660, 0.07141864, 0.00000000, 0.00000000, 0.00000000, 0.00000000
5, 3.2400, 319, 0.52258891, 0.88916790, -0.01750736, 63.27418900, 35.40132904, 70.46858978, 3.56620860, 48.93305969, -116.04793549, 14.34707165, 1.99334788, 53.98032379, 0.88496161, -0.10342488, -0.07204286, -0.44828129, 0.07045439, -0.06482944, 0.04748398, 0.00000000, 0.00000000, 0.00000000, 0.00000000
5, 3.2500, 320, 0.48892695, 0.87377954, -0.03398107, 58.72782135, 36.33903122, 76.98088837, 3.56620860, 48.93305969, -116.04793549, 14.54554844, 2.84138250, 53.43095398, 0.88720232, -0.10198830, -0.07886213, -0.44300270, 0.09052743, -0.04608168, 0.01251543, 0.00000000, 0.00000000, 0.00000000, 0.00000000
5, 3.2600, 321, 0.45534703, 0.85414672, -0.04592239, 51.93025208, 43.98385620, 83.33119202, 4.15083313, 46.71148682, -116.04793549, 14.62997150, 3.74594426, 52.85942078, 0.88957071, -0.09952623, -0.08567099, -0.43751457, 0.12260383, -0.04018129, -0.02242616, 0.00000000, 0.00000000, 0.00000000, 0.00000000
4, 3.4700, 345, 0.56994963, 0.78044182, -0.06411884, -39.36749649, -89.66605377, 6.59412766, -21.63110161, -0.23384975, -85.61824036, -3.75174308, 41.71756744, -21.97907639, 1.00000000, 0.00000000, 0.00000000, 0.00000000, -0.17847034, -0.04894470, -0.28007561, 101.52100372, -16.30300331, 39.25999832, 0.00000000
2, 3.2200, 322, 0.32352161, 1.08911300, 0.19126779, 67.69770050, 13.34010506, 77.20135498, 41.85910416, 40.54370117, 37.67903900, 40.95306778, 23.65378189, 18.23267365, 0.91670609, -0.30765113, -0.24382938, -0.07448513, 0.06260000, 0.01000188, 0.22359733, 0.00000000, 0.00000000, 0.00000000, 0.00000000
4, 3.4800, 346, 0.50499290, 0.82783276, -0.07480928, -39.55052948, -106.60594940, 4.54376125, -21.63110161, -0.23384975, -85.61824036, -3.84431052, 41.59630585, -20.91124535, 1.00000000, 0.00000000, 0.00000000, 0.00000000, -0.14139107, -0.04665565, -0.20975573, 101.52100372, -16.30300331, 39.25999832, 0.00000000
5, 3.2700, 322, 0.42910877, 0.82528913, -0.03808510, 43.62715149, 52.05624008, 87.27472687, 4.20929527, 47.12072372, -116.57409668, 14.58685780, 4.68006706, 52.26585770, 0.89205128, -0.09603994, -0.09222899, -0.43187356, 0.14639640, -0.05328728, -0.05804970, 0.00000000, 0.00000000, 0.00000000, 0.00000000
5, 3.2800, 323, 0.40910932, 0.80245090, -0.06204093, 35.30058289, 56.39616394, 85.59134674, 4.47237635, 46.33148193, -116.60333252, 14.44315720, 5.58606768, 51.67513275, 0.89450264, -0.09193756, -0.09822983, -0.42633724, 0.16469344, -0.03207080, -0.09080723, 0.00000000, 0.00000000, 0.00000000, 0.00000000
4, 3.4900, 347, 0.43096301, 0.89939815, -0.13148895, -40.88174057, -115.14729309, 2.42712688, -21.45571518, 0.40923706, -85.99824524, -3.92482233, 41.44258499, -19.75368118, 1.00000000, 0.00000000, 0.00000000, 0.00000000, -0.11055927, -0.00463786, -0.10610047, 101.52100372, -16.30300331, 39.25999832, 0.00000000
4, 3.5000, 348, 0.35112792, 0.97558260, -0.20302776, -37.72655106, -114.78192902, 1.52845907, -22.56650162, -1.19848001, -86.29055786, -2.91068363, 41.50502777, -17.20431328, 1.00000000, 0.00000000, 0.00000000, 0.00000000, -0.07710525, 0.04722608, 0.00712598, 101.52100372, -16.30300331, 39.25999832, 0.00000000
2, 3.2300, 323, 0.31812149, 1.08769763, 0.22412831, 67.92214203, 11.43396950, 72.71971130, 42.58988571, 39.16983414, 37.64981079, 41.57876968, 24.37111282, 18.08483315, 0.91424549, -0.31161073, -0.24940942, -0.06963449, 0.07941695, -0.01901078, 0.25560695, 0.00000000, 0.00000000, 0.00000000, 0.00000000
2, 3.2400, 324, 0.28051510, 1.04765666, 0.27463478, 66.45141602, 17.14407539, 73.22230530, 42.73604202, 38.90675354, 37.18210983, 39.24227905, 23.11124802, 17.06713486, 0.92260641, -0.29735130, -0.23541719, -0.07041703, 0.12043822, -0.08047201, 0.26162446, 0.00000000, 0.00000000, 0.00000000, 0.00000000
2, 3.2500, 325, 0.21806824, 0.98346090, 0.31630754, 61.12389755, 34.79967880, 81.19536591, 42.73604202, 36.97749329, 37.38673019, 39.69006348, 23.89338684, 16.63445282, 0.92072755, -0.30046585, -0.24070367, -0.06358307, 0.17142770, -0.13798890, 0.22281621, 0.00000000, 0.00000000, 0.00000000, 0.00000000
2, 3.2600, 326, 0.14336187, 0.87684709, 0.35057342, 48.98393250, 66.73137665, 98.60328674, 42.73604202, 36.97749329, 37.38673019, 39.86551285, 24.83248711, 15.84076595, 0.91944844, -0.30191419, -0.24608184, -0.05391011, 0.26066950, -0.23570399, 0.17743538, 0.00000000, 0.00000000, 0.00000000, 0.00000000
5, 3.3400, 324, 0.65497339, 0.30748868, -0.15235221, 9.78022289, 94.33374786, 44.74032593, 6.81087399, 43.05758667, -113.73867035, 13.66775894, 12.89321041, 47.56986618, 0.90820783, -0.06323598, -0.14969729, -0.38568196, -0.24639621, -0.01296582, -0.37913048, 0.00000000, 0.00000000, 0.00000000, 0.00000000
5, 3.3500, 325, 0.71247399, 0.32553020, -0.12478802, 8.06270218, 99.10755920, 36.00776672, 7.33703566, 43.49605179, -113.70944214, 12.97400188, 13.26113033, 46.68737793, 0.91133344, -0.05757573, -0.14980415, -0.37909785, -0.21390294, -0.03712868, -0.31547460, 0.00000000, 0.00000000, 0.00000000, 0.00000000
5, 3.3600, 326, 0.79932499, 0.37465715, -0.04391661, 4.37845850, 103.87076569, 23.35663033, 7.33703566, 43.49605179, -113.70944214, 12.22489929, 13.48780251, 45.77052689, 0.91457236, -0.05201182, -0.14869520, -0.37248069, -0.24781127, -0.09461658, -0.21643835, 0.00000000, 0.00000000, 0.00000000, 0.00000000
5, 3.3700, 327, 0.85583842, 0.43581393, 0.03887247, -2.40537214, 105.50364685, 14.50854683, 7.65857935, 43.23297119, -112.65711975, 11.42027283, 13.60665035, 44.86880112, 0.91775256, -0.04633447, -0.14665549, -0.36616349, -0.25173491, -0.15067109, -0.12404691, 0.00000000, 0.00000000, 0.00000000, 0.00000000
5, 3.3800, 328, 0.86969942, 0.49331805, 0.07902530, -12.51884460, 95.60685730, 11.77248001, 8.27243519, 43.37912750, -111.57556152, 10.61700058, 13.67893887, 44.10574341, 0.92043203, -0.04061802, -0.14439169, -0.36097938, -0.22735204, -0.16534674, -0.06482406, 0.00000000, 0.00000000, 0.00000000, 0.00000000
5, 3.3900, 329, 0.87342465, 0.56235766, 0.08341748, -22.27472687, 77.71839905, 13.45073795, 8.18474102, 43.20374298, -110.81555176, 8.62370682, 15.54336452, 42.71213531, 0.92387152, -0.02027446, -0.15271223, -0.35032767, -0.18474874, -0.13775009, -0.00605956, 0.00000000, 0.00000000, 0.00000000, 0.00000000
5, 3.4000, 330, 0.86574954, 0.64057982, 0.01640935, -26.11533737, 57.60058975, 15.80676174, 8.97398376, 42.96989059, -110.93247223, 7.98465633, 15.63784122, 42.34761429, 0.92499912, -0.01529985, -0.15146434, -0.34813955, -0.11986545, -0.02878428, 0.04528957, 0.00000000, 0.00000000, 0.00000000, 0.00000000
4, 3.5100, 349, 0.30216965, 1.01320410, -0.27193499, -29.80124664, -109.74309540, 0.17645146, -22.18649483, 1.57848585, -86.78749084, -2.87605023, 41.32521057, -16.05884552, 1.00000000, 0.00000000, 0.00000000, 0.00000000, -0.05424929, 0.09654434, 0.07326418, 101.52100372, -16.30300331, 39.25999832, 0.00000000
2, 3.2700, 327, 0.11047761, 0.76570255, 0.40346992, 31.79856873, 111.57573700, 121.51342773, 43.52528381, 37.50365448, 37.32826614, 39.63825226, 25.97299194, 14.52682877, 0.91898263, -0.30099994, -0.25148442, -0.04031941, 0.31092730, -0.34460950, 0.13869485, 0.00000000, 0.00000000, 0.00000000, 0.00000000
4, 3.5200, 350, 0.32105953, 1.02251232, -0.30513155, -21.56374741, -105.60359955, -4.25235510, -22.18649483, 1.57848585, -86.78749084, -2.75866747, 41.10891342, -14.92844772, 1.00000000, 0.00000000, 0.00000000, 0.00000000, -0.08069173, 0.12610978, 0.07738820, 101.52100372, -16.30300331, 39.25999832, 0.00000000
2, 3.2800, 328, 0.13894810, 0.60633659, 0.45447701, 9.89355946, 163.33737183, 142.31881714, 44.54837799, 36.39286804, 38.81905746, 38.89445496, 27.27574158, 12.59223843, 0.91944450, -0.29721725, -0.25647449, -0.02246650, 0.30288282, -0.47852510, 0.05958242, 0.00000000, 0.00000000, 0.00000000, 0.00000000
2, 3.2900, 329, 0.18464412, 0.48580894, 0.44406015, -24.10789680, 220.80375671, 153.25477600, 45.57146835, 35.66208649, 40.68985748, 30.10647011, 27.85507965, 6.41596842, 0.93932426, -0.23867869, -0.24617745, 0.00996274, 0.27611896, -0.51047915, -0.05538394, 0.00000000, 0.00000000, 0.00000000, 0.00000000
2, 3.3000, 330, 0.26293051, 0.41268268, 0.40109599, -61.18022919, 270.83267212, 150.53865051, 45.57146835, 35.66208649, 40.68985748, 27.91425896, 28.64644432, 3.00739765, 0.94155180, -0.22731757, -0.24613769, 0.03497415, 0.20565285, -0.43182272, -0.19876051, 0.00000000, 0.00000000, 0.00000000, 0.00000000
5, 3.4100, 331, 0.84971315, 0.66721404, -0.08184439, -22.45272827, 41.69297028, 16.67790222, 8.97398376, 42.96989059, -110.93247223, 7.49087429, 15.75314331, 42.10097122, 0.92570049, -0.01127095, -0.15086313, -0.34668714, -0.10076874, 0.08192386, 0.04175350, 0.00000000, 0.00000000, 0.00000000, 0.00000000
5, 3.4200, 332, 0.75780487, 0.62254596, -0.16576962, -9.10606003, 31.27665710, 12.78955841, 8.41859055, 42.61911774, -110.43554688, 7.17303658, 15.84640598, 41.87214279, 0.92633325, -0.00870863, -0.15063223, -0.34516796, -0.05401867, 0.16199020, -0.05881729, 0.00000000, 0.00000000, 0.00000000, 0.00000000
5, 3.4300, 333, 0.61072195, 0.51960146, -0.17564541, 2.18090487, 31.66225815, 5.80236912, 8.88629055, 42.09295654, -109.76322937, 6.93795443, 15.87631702, 41.57972717, 0.92719960, -0.00709718, -0.15014642, -0.34308386, 0.01534360, 0.15600036, -0.22505009, 0.00000000, 0.00000000, 0.00000000, 0.00000000
4, 3.5300, 351, 0.39439425, 0.91300535, -0.27432868, -13.74324799, -106.93754578, -9.45269012, -23.38497543, 1.25694239, -87.40134430, -2.54569411, 40.83820343, -13.75329685, 1.00000000, 0.00000000, 0.00000000, 0.00000000, -0.10267062, 0.11620790, -0.05943172, 101.52100372, -16.30300331, 39.25999832, 0.00000000
2, 3.3100, 331, 0.30531105, 0.38078988, 0.37697667, -90.03182983, 302.52368164, 139.04122925, 46.41917419, 35.04823303, 42.03449249, 25.22472000, 29.10891342, -0.76882750, 0.94416398, -0.21298718, -0.24381259, 0.06120829, 0.17281781, -0.39974883, -0.25236058, 0.00000000, 0.00000000, 0.00000000, 0.00000000
2, 3.3200, 332, 0.33183861, 0.39831880, 0.36047781, -116.39546204, 324.99224854, 120.73188019, 47.23764801, 33.73282623, 44.46068192, 22.15669823, 29.15773582, -4.75094509, 0.94694662, -0.19604295, -0.23910168, 0.08769113, 0.14948349, -0.33430365, -0.26840305, 0.00000000, 0.00000000, 0.00000000, 0.00000000
2, 3.3300, 333, 0.36247617, 0.49924222, 0.30427736, -132.37194824, 333.71545410, 95.61200714, 47.44226837, 33.03127670, 47.61765671, 18.95169449, 28.75088501, -8.70574760, 0.94961369, -0.17760375, -0.23207644, 0.11327527, 0.11485119, -0.17985509, -0.25378597, 0.00000000, 0.00000000, 0.00000000, 0.00000000
2, 3.3400, 334, 0.43447348, 0.59443957, 0.24759157, -134.68910217, 329.25439453, 66.64160156, 47.64688492, 32.32972717, 50.54077530, 17.25681686, 29.55667686, -11.51707172, 0.94731247, -0.16963474, -0.23636544, 0.13399450, 0.03833671, -0.03348116, -0.24029195, 0.00000000, 0.00000000, 0.00000000, 0.00000000
4, 3.5400, 352, 0.48857331, 0.71642101, -0.23410083, -11.20463562, -116.21174622, -9.46717262, -23.58959389, 1.49079216, -87.69365692, -2.27605796, 40.54842758, -12.46112728, 1.00000000, 0.00000000, 0.00000000, 0.00000000, -0.10727867, 0.11387071, -0.28448808, 101.52100372, -16.30300331, 39.25999832, 0.00000000
5, 3.4400, 334, 0.42013213, 0.38062868, -0.16549823, 11.24097443, 39.37999344, -2.71679354, 8.85705948, 43.08681488, -109.67552948, 10.55419254, 15.83647537, 43.56402206, 0.92055207, -0.03368891, -0.16118526, -0.35421491, 0.10314693, 0.10668625, -0.43904370, 0.00000000, 0.00000000, 0.00000000, 0.00000000
2, 3.3500, 335, 0.52702981, 0.66409516, 0.20631664, -121.76403809, 311.12258911, 42.95610428, 47.64688492, 32.32972717, 50.54077530, 14.41879749, 28.50263596, -14.91423512, 0.94942057, -0.15230218, -0.22637755, 0.15542826, -0.05069871, 0.07296900, -0.22531764, 0.00000000, 0.00000000, 0.00000000, 0.00000000
2, 3.3600, 336, 0.60549355, 0.70612937, 0.18509611, -91.44126892, 282.20260620, 32.30879593, 47.85150528, 31.62817764, 53.08389282, 12.14434624, 27.36865997, -17.87235260, 0.95054805, -0.13807245, -0.21642464, 0.17479913, -0.14658582, 0.15214972, -0.22868642, 0.00000000, 0.00000000, 0.00000000, 0.00000000
5, 3.4500, 335, 0.23168200, 0.21487451, -0.14064115, 18.47488785, 58.30781937, -11.64655399, 9.67553329, 42.38526535, -109.32476044, 10.24590588, 15.71379089, 42.94671631, 0.92263800, -0.03247379, -0.15908314, -0.34982437, 0.17540166, 0.00656082, -0.66734672, 0.00000000, 0.00000000, 0.00000000, 0.00000000
2, 3.3700, 337, 0.66103441, 0.68921107, 0.22191475, -49.64780426, 247.12886047, 39.08269882, 47.55919266, 30.16661835, 55.10084534, 10.50285339, 26.38821411, -20.45891762, 0.95039493, -0.12805893, -0.20785454, 0.19273591, -0.21870270, 0.14057042, -0.23072639, 0.00000000, 0.00000000, 0.00000000, 0.00000000
2, 3.3800, 338, 0.58158207, 0.67165875, 0.32519215, -6.38042307, 213.03753662, 61.31991959, 47.32534409, 30.57585526, 57.03010941, 9.42771721, 25.72628784, -22.81472397, 0.94879526, -0.12241672, -0.20164123, 0.21010123, -0.15217006, 0.07183945, -0.18123181, 0.00000000, 0.00000000, 0.00000000, 0.00000000
2, 3.3900, 339, 0.46700865, 0.65468395, 0.40987355, 11.13592148, 196.10946655, 71.97744751, 47.06226349, 30.19584846, 58.22858810, 8.52010345, 26.05812073, -25.02613068, 0.94485790, -0.11936248, -0.20380196, 0.22685026, -0.04335342, 0.01238063, -0.13892077, 0.00000000, 0.00000000, 0.00000000, 0.00000000
4, 3.5500, 353, 0.58236933, 0.56433010, -0.23580435, -14.81066608, -127.05058289, -7.28431702, -23.58959389, 1.28617358, -88.48290253, 0.23290990, 46.30662918, -9.82458591, 1.00000000, 0.00000000, 0.00000000, 0.00000000, -0.11438091, 0.13592665, -0.44415051, 101.52100372, -16.30300331, 39.25999832, 0.00000000
5, 3.4600, 336, 0.10324948, 0.00019405, -0.05820931, 23.46611023, 89.76146698, -17.88318443, 9.67553329, 42.38526535, -109.32476044, 9.73993874, 15.51430893, 42.02598572, 0.92572653, -0.03029949, -0.15570675, -0.34331894, 0.17586082, -0.10927670, -0.90243900, 0.00000000, 0.00000000, 0.00000000, 0.00000000
5, 3.4700, 337, 0.13378955, -0.38737470, 0.07136223, 18.70893478, 127.31543732, -24.18331528, 9.03244686, 42.76527405, -109.32476044, 8.92631721, 15.21609020, 40.80541229, 0.92978936, -0.02627885, -0.15060328, -0.33484304, -0.04547721, -0.30080327, -1.18795967, 0.00000000, 0.00000000, 0.00000000, 0.00000000
4, 3.5600, 354, 0.70202184, 0.38694733, -0.18483821, -15.88681030, -134.65711975, -6.31823730, -24.93422890, 1.87079799, -88.36597443, 0.69751114, 45.95992279, -8.21736717, 1.00000000, 0.00000000, 0.00000000, 0.00000000, -0.09177841, 0.09533450, -0.61157757, 101.52100372, -16.30300331, 39.25999832, 0.00000000
2, 3.4000, 340, 0.29951128, 0.49601460, 0.52601004, 0.48957679, 195.04635620, 57.87042999, 47.06226349, 30.19584846, 58.22858810, 7.61673832, 25.40391731, -27.16448021, 0.94272172, -0.11450474, -0.19804205, 0.24278350, 0.12540272, -0.16676851, -0.17428619, 0.00000000, 0.00000000, 0.00000000, 0.00000000
2, 3.4100, 341, 0.07213609, 0.33378488, 0.61848480, -33.51290131, 220.87040710, 31.15393066, 46.38994217, 29.72814941, 59.51476288, 6.38913155, 24.34653854, -29.33302498, 0.94121826, -0.10600617, -0.18988842, 0.25848284, 0.33939940, -0.32920200, -0.23483928, 0.00000000, 0.00000000, 0.00000000, 0.00000000
2, 3.4200, 342, -0.09588215, 0.22333412, 0.65716004, -74.97592163, 276.72335815, -0.84346843, 45.89301300, 29.08506203, 61.64863968, 4.70911646, 22.64459610, -31.72042084, 0.94020998, -0.09235946, -0.17768517, 0.27550498, 0.48497838, -0.41032836, -0.29939783, 0.00000000, 0.00000000, 0.00000000, 0.00000000
2, 3.4300, 343, -0.06864918, 0.09334772, 0.60882980, -114.21260834, 345.56222534, -33.14878845, 45.16223145, 29.64045525, 63.89944458, 2.62673640, 20.18343163, -34.36277390, 0.93915987, -0.07330620, -0.16069490, 0.29458803, 0.42412043, -0.43431824, -0.44404575, 0.00000000, 0.00000000, 0.00000000, 0.00000000
5, 3.4800, 338, 0.33913743, -0.75435400, 0.11936519, 7.87885237, 181.66758728, -37.43680954, 10.34785175, 42.47296143, -107.39550018, 7.65147352, 14.71596527, 39.18012619, 0.93514061, -0.01949820, -0.14257316, -0.32373574, -0.41440463, -0.40120855, -1.37723541, 0.00000000, 0.00000000, 0.00000000, 0.00000000
5, 3.4900, 339, 0.49061117, -1.07594275, 0.10302100, 11.07562160, 211.89659119, -61.62650299, 9.93861389, 40.77754974, -106.46009827, 3.25433397, 25.37127686, 33.68811798, 0.93516427, 0.03709386, -0.21812253, -0.27661222, -0.67827821, -0.41139558, -1.55425274, 0.00000000, 0.00000000, 0.00000000, 0.00000000
4, 3.5700, 355, 0.84781224, 0.20497438, -0.13311528, -20.30969810, -150.24795532, -1.49993610, -24.93422890, 1.87079799, -88.36597443, 1.16912758, 45.61716080, -6.43944216, 1.00000000, 0.00000000, 0.00000000, 0.00000000, -0.14862280, 0.07622788, -0.84838188, 101.52100372, -16.30300331, 39.25999832, 0.00000000
2, 3.4400, 344, 0.09969066, -0.02337160, 0.39908355, -148.01460266, 405.86193848, -62.79942703, 43.61297989, 29.93276787, 66.50102234, -9.25890732, 21.15666962, -39.83328247, 0.92624283, 0.01226142, -0.19906369, 0.31983984, 0.22751269, -0.28691632, -0.68450260, 0.00000000, 0.00000000, 0.00000000, 0.00000000
2, 3.4500, 345, 0.33509377, -0.31737569, 0.14272860, -169.04585266, 432.96716309, -79.36384583, 43.61297989, 29.93276787, 66.50102234, -11.59401989, 17.19095039, -41.88298035, 0.92412895, 0.04012812, -0.17456603, 0.33749390, -0.01311571, -0.14539543, -1.06701577, 0.00000000, 0.00000000, 0.00000000, 0.00000000
5, 3.5000, 340, 0.50374544, -1.36741698, 0.08760784, 22.12342453, 213.63360596, -85.21070099, 10.34785175, 44.05144501, -105.02777100, 1.57141554, 24.19312668, 31.71117973, 0.94129074, 0.04435108, -0.20523119, -0.26435769, -0.72098255, -0.38716048, -1.75186086, 0.00000000, 0.00000000, 0.00000000, 0.00000000
2, 3.4600, 346, 0.46118400, -0.67258298, 0.04146699, -166.63764954, 436.47293091, -67.81333160, 42.06372452, 28.47120667, 69.54106903, -13.74257469, 13.18660164, -43.84452057, 0.92006540, 0.06769399, -0.15012504, 0.35547125, -0.20239459, -0.27497986, -1.40817964, 0.00000000, 0.00000000, 0.00000000, 0.00000000
4, 3.5800, 356, 1.02157390, 0.02631792, -0.07333159, -24.90761566, -172.08482361, -2.00935078, -25.37269783, 2.04618526, -89.85676575, 1.66493046, 45.20998001, -4.43200350, 1.00000000, 0.00000000, 0.00000000, 0.00000000, -0.23192073, 0.04825621, -1.09584379, 101.52100372, -16.30300331, 39.25999832, 0.00000000
5, 3.5100, 341, 0.49521312, -1.38481343, 0.02059216, 30.02519226, 198.82362366, -90.13344574, 10.90324497, 44.66530228, -103.53697968, 0.13710436, 22.94587517, 29.88387680, 0.94694275, 0.05015272, -0.19248176, -0.25245792, -0.74981260, -0.30069116, -1.79126024, 0.00000000, 0.00000000, 0.00000000, 0.00000000
5, 3.5200, 342, 0.49842626, -0.96004450, -0.08964420, 43.59872055, 186.14642334, -79.46179962, 10.90324497, 44.66530228, -103.53697968, -1.06797743, 21.78971291, 28.11829948, 0.95209181, 0.05478989, -0.18111448, -0.24024324, -0.55874503, -0.08902088, -1.46482527, 0.00000000, 0.00000000, 0.00000000, 0.00000000
4, 3.5900, 357, 1.16507900, -0.17966670, -0.03995283, -32.55557251, -182.03356934, -7.52338600, -26.04501534, 1.31540489, -90.64601135, 2.07274771, 44.71569824, -2.38379335, 1.00000000, 0.00000000, 0.00000000, 0.00000000, -0.27994859, 0.05203162, -1.35096753, 101.52100372, -16.30300331, 39.25999832, 0.00000000
4, 3.6000, 358, 1.22240591, -0.39223564, -0.01244443, -40.71887589, -177.31024170, -5.09807158, -27.09733963, 1.90002918, -90.64601135, 1.98508263, 56.52487946, -7.25756073, 1.00000000, 0.00000000, 0.00000000, 0.00000000, -0.21383573, 0.06705257, -1.53363681, 101.52100372, -16.30300331, 39.25999832, 0.00000000
5, 3.5300, 343, 0.57706082, -0.45600778, -0.13593024, 67.84902954, 167.67799377, -66.01457214, 10.52323914, 45.27915955, -102.80619812, -1.94293404, 20.77173615, 26.38410759, 0.95682383, 0.05737264, -0.17168801, -0.22742027, -0.38072947, 0.07120170, -1.02024269, 0.00000000, 0.00000000, 0.00000000, 0.00000000
2, 3.4700, 347, 0.57105863, -0.85635728, 0.01745643, -134.09896851, 454.66702271, -37.22414780, 39.49137497, 28.76351929, 72.46418762, -15.46294403, 9.12848568, -45.99239349, 0.91345233, 0.09264105, -0.12497734, 0.37603611, -0.37904269, -0.34870064, -1.56672239, 0.00000000, 0.00000000, 0.00000000, 0.00000000
2, 3.4800, 348, 0.75173932, -0.97942150, -0.00841646, -85.26731110, 473.35571289, -4.68999624, 37.24057388, 28.14966393, 75.29962158, -16.56969452, 5.02603722, -48.38729858, 0.90436745, 0.11352994, -0.09857402, 0.39939180, -0.62922114, -0.38932201, -1.68019009, 0.00000000, 0.00000000, 0.00000000, 0.00000000
2, 3.4900, 349, 0.83510405, -0.90956318, 0.06906334, -47.47977066, 473.04644775, 34.99252701, 33.96667480, 28.20812607, 77.90119934, -24.88841057, 10.69683933, -46.50561523, 0.90121037, 0.16118851, -0.16833070, 0.36538076, -0.74186271, -0.35358590, -1.56270099, 0.00000000, 0.00000000, 0.00000000, 0.00000000
4, 3.6100, 359, 1.16395628, -0.56184071, 0.03751323, -46.98729324, -177.34254456, 1.61444116, -28.23735809, 2.28003502, -91.75679779, 2.87153363, 56.11916733, -4.79944468, 1.00000000, 0.00000000, 0.00000000, 0.00000000, 0.01116401, 0.05373444, -1.55093527, 101.52100372, -16.30300331, 39.25999832, 0.00000000
2, 3.5000, 350, 0.86994469, -0.63550341, 0.27293080, -18.56883049, 463.86965942, 63.53304672, 33.96667480, 28.20812607, 77.90119934, -25.37839699, 6.61191845, -48.82330322, 0.89211625, 0.17644008, -0.14186276, 0.39098936, -0.72538579, -0.21302801, -1.17996168, 0.00000000, 0.00000000, 0.00000000, 0.00000000
2, 3.5100, 351, 0.87720919, -0.50205749, 0.44815046, -15.95397377, 426.90460205, 61.51379395, 30.63431740, 28.03273773, 79.27506256, -25.67255974, 2.85020399, -50.94345474, 0.88233984, 0.19008027, -0.11740790, 0.41419980, -0.80278099, -0.24025127, -0.96682596, 0.00000000, 0.00000000, 0.00000000, 0.00000000
2, 3.5200, 352, 0.80354989, -0.38531026, 0.61085910, -40.70199203, 362.54843140, 51.91642761, 27.97427559, 27.74042702, 80.91201019, -26.08373451, -0.35715213, -52.71973801, 0.87259406, 0.20354636, -0.09747493, 0.43318272, -0.79125744, -0.27179116, -0.76918781, 0.00000000, 0.00000000, 0.00000000, 0.00000000
5, 3.5400, 344, 0.73895174, -0.08177210, -0.12552994, 82.06529999, 127.19123077, -60.39548492, 10.49400711, 45.89301300, -101.08155060, 0.27909213, 26.25284195, 29.46928787, 0.94198269, 0.05546724, -0.22023457, -0.24716140, -0.30787134, 0.13316019, -0.61686862, 0.00000000, 0.00000000, 0.00000000, 0.00000000
4, 3.6200, 360, 1.01203895, -0.68972021, 0.17766558, -56.41498566, -192.62612915, 7.10422325, -28.23735809, 2.28003502, -91.75679779, 3.72241259, 55.70906067, -2.18732119, 1.00000000, 0.00000000, 0.00000000, 0.00000000, 0.20977797, -0.06598553, -1.63195407, 101.52100372, -16.30300331, 39.25999832, 0.00000000
4, 3.6300, 361, 0.76877719, -0.76214451, 0.23660119, -71.65241241, -212.71342468, 23.32762718, -28.93890572, 2.25080395, -92.07833862, 4.52130365, 55.38471985, 0.65844214, 1.00000000, 0.00000000, 0.00000000, 0.00000000, 0.46178013, -0.11726607, -1.60933065, 101.52100372, -16.30300331, 39.25999832, 0.00000000
4, 3.6400, 362, 0.41911939, -0.63519740, 0.14705850, -93.16658020, -233.48199463, 42.58747482, -29.08506203, 1.78310430, -92.63372803, 5.19715834, 55.17441177, 3.72558093, 1.00000000, 0.00000000, 0.00000000, 0.00000000, 0.71623564, -0.06296639, -1.33574069, 101.52100372, -16.30300331, 39.25999832, 0.00000000
5, 3.5500, 345, 0.91421419, 0.26257342, -0.03381905, 82.01545715, 68.34799957, -59.20354843, 10.64016342, 46.06840134, -101.34463501, 0.22747670, 25.54228592, 28.45514488, 0.94545287, 0.05245337, -0.21475224, -0.23926774, -0.19956687, 0.08115892, -0.19616039, 0.00000000, 0.00000000, 0.00000000, 0.00000000
2, 3.5300, 353, 0.58300769, -0.14816493, 0.64642036, -75.18128967, 284.60742188, 44.90299606, 26.04501534, 26.48348427, 81.20432281, -26.76816177, -2.87589884, -54.13396454, 0.86337423, 0.21716869, -0.08355749, 0.44770634, -0.62149864, -0.12589717, -0.56495094, 0.00000000, 0.00000000, 0.00000000, 0.00000000
2, 3.5400, 354, 0.10450475, 0.17041375, 0.69585055, -94.85314941, 216.61596680, 39.38521576, 26.04501534, 26.48348427, 81.20432281, -27.86679649, -3.93805075, -54.65134811, 0.85796434, 0.22910613, -0.08084358, 0.45262790, -0.17923601, 0.06965718, -0.28560132, 0.00000000, 0.00000000, 0.00000000, 0.00000000
2, 3.5500, 355, -0.26644516, 0.40928695, 0.82712853, -81.62454987, 186.94676208, 49.48440552, 24.99269104, 26.39579010, 82.05203247, -28.57426071, -5.56062078, -55.72250366, 0.85013574, 0.23988558, -0.07363561, 0.46292770, 0.17001802, 0.15264040, -0.00831707, 0.00000000, 0.00000000, 0.00000000, 0.00000000
4, 3.6500, 363, 0.06951544, -0.41739261, -0.08814549, -88.41203308, -254.46052551, 62.01220703, -31.36509705, 3.04004669, -92.83834839, 24.87729836, 47.87659454, 56.42990112, 1.00000000, 0.00000000, 0.00000000, 0.00000000, 0.90213448, 0.05915540, -0.96249110, 101.52100372, -16.30300331, 39.25999832, 0.00000000
4, 3.6600, 364, -0.37450406, -0.12563564, -0.14281633, -62.12997055, -252.59207153, 82.33409882, -31.36509705, 3.04004669, -92.83834839, 25.44515419, 47.23153305, 59.47212982, 1.00000000, 0.00000000, 0.00000000, 0.00000000, 1.11591458, -0.12244996, -0.53885895, 101.52100372, -16.30300331, 39.25999832, 0.00000000
2, 3.5600, 356, -0.24539800, 0.57933831, 0.82345790, -37.77308273, 177.14064026, 71.05770111, 23.09266281, 25.40192986, 81.93510437, -28.79578018, -7.02979755, -56.95460892, 0.84252834, 0.24647157, -0.06614026, 0.47436622, 0.12088148, 0.27712724, 0.11831501, 0.00000000, 0.00000000, 0.00000000, 0.00000000
2, 3.5700, 357, -0.04547118, 0.60425991, 0.66333938, 0.09517224, 143.13359070, 86.90489197, 22.15726280, 25.25577354, 83.13358307, -28.60664558, -8.12448406, -58.23273087, 0.83590931, 0.24869457, -0.05994145, 0.48560664, -0.09977603, 0.40851414, 0.02611692, 0.00000000, 0.00000000, 0.00000000, 0.00000000
2, 3.5800, 358, 0.04853532, 0.56911188, 0.55112189, 7.25186968, 70.12236786, 85.00617981, 21.01724625, 25.25577354, 83.19204712, -28.37053871, -8.52552700, -59.26899338, 0.83135629, 0.24804786, -0.05819950, 0.49389470, -0.20443387, 0.46126533, -0.07821660, 0.00000000, 0.00000000, 0.00000000, 0.00000000
2, 3.5900, 359, -0.15325198, 0.48373720, 0.56915307, -18.15403366, -21.56193733, 73.27622223, 21.01724625, 25.25577354, 83.19204712, -24.34037971, -11.02575684, -61.74987030, 0.82472640, 0.22829598, -0.02708093, 0.51669538, -0.01248812, 0.37220949, -0.13219438, 0.00000000, 0.00000000, 0.00000000, 0.00000000
2, 3.6000, 360, -0.66630924, 0.51702940, 0.49433124, -31.70780563, -84.16862488, 61.60383606, 21.39725113, 24.84653664, 83.13358307, -24.61144829, -10.01528358, -62.01084518, 0.82464623, 0.22590958, -0.03626951, 0.51730835, 0.47718352, 0.40361500, -0.17197412, 0.00000000, 0.00000000, 0.00000000, 0.00000000
4, 3.6700, 365, -0.66829789, 0.21903571, -0.14415948, -44.26206970, -234.01873779, 102.14712524, -32.32972717, 3.77082729, -93.15989685, 26.24142075, 46.79374313, 62.55047607, 1.00000000, 0.00000000, 0.00000000, 0.00000000, 1.23389792, -0.20224890, -0.11116938, 101.52100372, -16.30300331, 39.25999832, 0.00000000
4, 3.6800, 366, -0.75356901, 0.61871034, -0.04933190, -26.42084503, -219.35058594, 125.67595673, -32.76819611, 3.36159015, -93.68605804, 27.31924629, 46.55939865, 65.75510406, 1.00000000, 0.00000000, 0.00000000, 0.00000000, 1.15084898, -0.38899839, 0.26353127, 101.52100372, -16.30300331, 39.25999832, 0.00000000
4, 3.6900, 367, -0.79870784, 0.98022437, 0.13287078, -4.29113674, -202.64158630, 138.48828125, -33.46974564, 2.92312193, -94.09529114, 28.68555832, 46.43389511, 69.01016235, 1.00000000, 0.00000000, 0.00000000, 0.00000000, 1.05645716, -0.65571964, 0.57479036, 101.52100372, -16.30300331, 39.25999832, 0.00000000
4, 3.7000, 368, -0.71734565, 1.24578917, 0.37398160, 25.98498154, -187.00962830, 153.88049316, -34.20052719, 2.54311609, -94.73838043, 17.65933037, 41.29803467, 57.67977905, 1.00000000, 0.00000000, 0.00000000, 0.00000000, 0.87706232, -0.93303406, 0.70969200, 101.52100372, -16.30300331, 39.25999832, 0.00000000
4, 3.7100, 369, -0.74988681, 1.42925656, 0.70144039, 73.60771942, -134.87947083, 164.78544617, -34.20052719, 2.54311609, -94.73838043, 19.53350830, 41.98920441, 60.54925919, 1.00000000, 0.00000000, 0.00000000, 0.00000000, 0.81624758, -1.21981359, 0.74763978, 101.52100372, -16.30300331, 39.25999832, 0.00000000
2, 3.6100, 361, -1.25358927, 0.57287645, 0.42826146, -26.84523010, -104.27355194, 40.20165253, 22.94650650, 24.29114342, 82.78281403, -24.88716316, -8.89905739, -61.99801636, 0.82590777, 0.22316337, -0.04570343, 0.51573819, 1.08356953, 0.49578848, -0.17097813, 0.00000000, 0.00000000, 0.00000000, 0.00000000
2, 3.6200, 362, -1.84863770, 0.95047134, 0.29181314, -2.60107994, -88.44078827, 4.38529921, 22.82958221, 24.43729782, 82.66588593, -24.96225548, -8.06111240, -61.70925903, 0.82831967, 0.22026853, -0.05164982, 0.51254338, 1.69319069, 0.85810173, 0.01557074, 0.00000000, 0.00000000, 0.00000000, 0.00000000
2, 3.6300, 363, -1.61468685, 1.06394553, 0.00149945, 51.85006714, -83.25521088, -58.76258469, 23.18035698, 24.61268616, 82.72434998, -24.57254982, -7.50461245, -60.84087372, 0.83372527, 0.21548559, -0.05237514, 0.50569260, 1.47129798, 1.14451790, -0.10682192, 0.00000000, 0.00000000, 0.00000000, 0.00000000
4, 3.7200, 370, -0.80954814, 1.42999732, 0.88686663, 112.35112762, -3.29491878, 164.14018250, -33.67436218, 1.49079216, -95.26454163, 21.60565186, 43.20627594, 62.33928680, 1.00000000, 0.00000000, 0.00000000, 0.00000000, 0.89887321, -1.42230284, 0.75888795, 101.52100372, -16.30300331, 39.25999832, 0.00000000
4, 3.7300, 371, -0.67585695, 1.21799040, 0.63677931, 119.53430939, 133.38076782, 165.94081116, -32.62203979, 0.46769950, -95.58608246, 23.46695328, 45.10330963, 62.87442017, 1.00000000, 0.00000000, 0.00000000, 0.00000000, 0.86433244, -1.14978123, 0.58841896, 101.52100372, -16.30300331, 39.25999832, 0.00000000
2, 3.6400, 364, -1.13380432, 0.87799931, -0.17610823, 99.76016235, -159.20785522, -107.85274506, 23.18035698, 24.61268616, 82.72434998, -14.79728699, -14.42986870, -65.11692810, 0.82050395, 0.17470098, 0.03622159, 0.54308456, 0.97310323, 1.09801269, -0.38253415, 0.00000000, 0.00000000, 0.00000000, 0.00000000
5, 3.5600, 346, 1.09415889, 0.52802742, 0.09907946, 77.21821594, 15.22126007, -51.85604477, 10.37708282, 46.47763824, -101.54925537, 0.63429099, 25.00703430, 27.94582939, 0.94766945, 0.04703181, -0.21139489, -0.23456974, -0.20632753, -0.00139375, 0.13744245, 0.00000000, 0.00000000, 0.00000000, 0.00000000
5, 3.5700, 347, 1.03547871, 0.61827457, 0.17025001, 67.96342468, -22.43958855, -38.82534027, 10.37708282, 46.47763824, -101.54925537, 1.30926406, 24.67168427, 27.81062126, 0.94880772, 0.04050418, -0.21004933, -0.23238482, -0.10821679, -0.06294034, 0.18914123, 0.00000000, 0.00000000, 0.00000000, 0.00000000
5, 3.5800, 348, 0.70988011, 0.74343681, 0.13808346, 53.00976181, -49.20533752, -19.50352478, 10.31861973, 46.50687027, -101.54925537, 2.10513663, 24.57165527, 27.97573280, 0.94890916, 0.03400901, -0.21078253, -0.23234779, 0.22579625, -0.01908037, 0.11065044, 0.00000000, 0.00000000, 0.00000000, 0.00000000
4, 3.7400, 372, -0.66486037, 0.91613871, 0.59529662, 99.79466248, 234.83280945, 162.44158936, -30.66354752, -2.33849740, -95.67378235, 24.78392410, 47.55173874, 62.30142212, 1.00000000, 0.00000000, 0.00000000, 0.00000000, 1.00282693, -1.05349731, 0.35678953, 101.52100372, -16.30300331, 39.25999832, 0.00000000
4, 3.7500, 373, -0.49002486, 0.66486937, 0.51129192, 63.31652451, 293.12094116, 158.56594849, -28.55890083, -3.27389646, -95.41069794, 11.00345802, 44.83714294, 40.20894241, 1.00000000, 0.00000000, 0.00000000, 0.00000000, 0.95601398, -0.87979060, 0.08178498, 101.52100372, -16.30300331, 39.34999847, 0.00000000
4, 3.7600, 374, -0.17029296, 0.53163660, 0.21782407, 31.94754219, 294.46221924, 144.04811096, -28.55890083, -3.27389646, -95.41069794, 10.52083302, 47.22902298, 37.62210464, 1.00000000, 0.00000000, 0.00000000, 0.00000000, 0.67748582, -0.45076275, -0.17485070, 101.52100372, -16.30300331, 39.34999847, 0.00000000
5, 3.5900, 349, 0.26801309, 0.96320212, 0.07950148, 39.24629974, -62.25865936, 1.46196353, 10.23092651, 46.76995087, -102.01695251, 3.71678495, 15.99404621, 29.80978775, 0.95761383, 0.00473188, -0.14263023, -0.25022012, 0.67320853, 0.06429140, 0.03226289, 0.00000000, 0.00000000, 0.00000000, 0.00000000
4, 3.7700, 375, 0.33395112, 0.54361957, 0.06100821, -10.52125645, 237.16857910, 128.73283386, -25.66501045, -3.91698337, -94.00759888, 9.52781677, 49.28237152, 35.25620651, 1.00000000, 0.00000000, 0.00000000, 0.00000000, 0.22754711, -0.28535086, -0.32167074, 101.52100372, -16.30300331, 39.34999847, 0.00000000
2, 3.6500, 365, -0.63630694, 0.93647897, -0.32728845, 136.67349243, -296.24743652, -107.89044189, 24.37883568, 24.90499878, 82.13972473, -14.06756020, -12.49357796, -62.53803253, 0.83635408, 0.16009934, 0.02912181, 0.52348065, 0.40047026, 1.12240982, -0.47923738, 0.00000000, 0.00000000, 0.00000000, 0.00000000
2, 3.6600, 366, 0.04983233, 0.51202297, 0.03661284, 169.66484070, -420.44812012, -70.50743103, 26.48348427, 26.68810272, 80.91201019, -12.97581577, -9.34981823, -59.57913971, 0.85485411, 0.13796803, 0.01432886, 0.49998415, -0.23807868, 0.55331194, -0.55918849, 0.00000000, 0.00000000, 0.00000000, 0.00000000
2, 3.6700, 367, -3.54687119, 4.67979813, -4.43642902, 418.24688721, -505.73864746, -179.89614868, 29.75738144, 28.93890572, 78.36889648, -9.43536949, -6.23708057, -55.12734985, 0.88011509, 0.09789129, 0.01006205, 0.46444982, 3.41528130, 6.63212109, -0.57603663, 0.00000000, 0.00000000, 0.00000000, 0.00000000
5, 3.6000, 350, -0.05566078, 1.03514290, 0.25111079, 35.47897720, -32.47012711, 10.77267647, 9.96784592, 46.56533051, -102.28003693, 4.19629717, 16.15875816, 29.88352966, 0.95728379, 0.00119097, -0.14504786, -0.25013518, 0.89785886, -0.11227997, -0.09201653, 0.00000000, 0.00000000, 0.00000000, 0.00000000
2, 3.6800, 368, -0.78124022, 0.06910980, -2.75610185, 495.80804443, -692.69696045, -181.51950073, 32.73896408, 33.26512527, 74.86115265, -4.97446346, -2.05589676, -49.23652267, 0.90777659, 0.04691206, -0.00178083, 0.41681880, 0.73707485, 2.16491556, -2.82409024, 0.00000000, 0.00000000, 0.00000000, 0.00000000
2, 3.6900, 369, 0.63977420, 1.90219462, 2.03677392, 192.48809814, -861.52691650, -99.89505005, 32.73896408, 33.26512527, 74.86115265, -1.18175101, 2.43938732, -43.02537155, 0.93015671, 0.00178662, -0.02358296, 0.36640030, -0.65165806, -0.11874162, 1.77610409, 0.00000000, 0.00000000, 0.00000000, 0.00000000
5, 3.6100, 351, -0.20081474, 0.86868441, 0.50725412, 33.56879807, 26.59289551, 15.72752953, 10.17246437, 46.03916931, -102.48464966, 4.20022154, 16.29240036, 29.44843292, 0.95807832, 0.00090650, -0.14617416, -0.24641092, 0.96145654, -0.39912960, -0.26477709, 0.00000000, 0.00000000, 0.00000000, 0.00000000
5, 3.6200, 352, -0.13496701, 0.65063345, 0.57591820, 23.49382210, 79.45458221, 25.09013557, 10.17246437, 46.03916931, -102.48464966, 3.71200466, 16.44052124, 28.59805679, 0.95970464, 0.00423289, -0.14639369, -0.23982941, 0.80026686, -0.50371927, -0.39782393, 0.00000000, 0.00000000, 0.00000000, 0.00000000
4, 3.7800, 376, 0.87905544, 0.78675890, 0.27385861, -58.97379684, 143.32952881, 123.38331604, -24.52499199, -5.55393171, -92.22449493, 8.23017406, 50.96605682, 33.62946701, 1.00000000, 0.00000000, 0.00000000, 0.00000000, -0.32799673, -0.52587271, -0.35351795, 101.52100372, -16.30300331, 39.34999847, 0.00000000
4, 3.7900, 377, 1.64717269, 1.23265505, 0.15405490, -64.52261353, 44.94521332, 118.46027374, -23.58959389, -5.02776957, -92.45834351, 7.38169861, 52.26803970, 33.18556595, 1.00000000, 0.00000000, 0.00000000, 0.00000000, -1.20298171, -0.48553431, -0.24145886, 101.52100372, -16.30300331, 39.34999847, 0.00000000
4, 3.8000, 378, 1.78168094, 1.48411119, 0.36379695, -63.05954361, -58.60678864, 112.89091492, -23.58959389, -5.02776957, -92.45834351, -2.71128201, 56.54132080, 25.93918610, 1.00000000, 0.00000000, 0.00000000, 0.00000000, -1.39063144, -0.71071577, -0.08873913, 101.52100372, -16.30300331, 39.34999847, 0.00000000
4, 3.8100, 379, 0.61607391, 1.40859258, 0.82431597, -118.54042816, -174.37426758, 47.14330673, -23.44343758, -4.96930695, -92.10756683, -2.82613683, 56.70013428, 27.99706078, 1.00000000, 0.00000000, 0.00000000, 0.00000000, -0.23258570, -1.06884909, 0.28947812, 101.52100372, -16.30300331, 39.34999847, 0.00000000
4, 3.8200, 380, 0.01266587, 1.39941216, 0.69580793, -178.06117249, -260.34606934, -41.42563629, -24.34960556, -4.76468849, -92.34142303, -3.18063664, 55.84054565, 30.75876427, 1.00000000, 0.00000000, 0.00000000, 0.00000000, 0.30262759, -0.93815470, 0.55261678, 101.52100372, -16.30300331, 39.34999847, 0.00000000
5, 3.6300, 353, 0.17775157, 0.54360867, 0.62859333, 1.35677421, 102.54448700, 31.14506721, 10.08477020, 46.18532562, -101.95848846, 2.88223004, 16.59835052, 27.66144180, 0.96140164, 0.01032997, -0.14606170, -0.23295094, 0.48843664, -0.56431937, -0.30898008, 0.00000000, 0.00000000, 0.00000000, 0.00000000
5, 3.6400, 354, 0.39034322, 0.66239703, 0.66985112, -30.34241295, 107.57342529, 37.41701508, 10.23092651, 45.24992752, -100.99385834, -4.25435781, 12.00211239, 21.57448006, 0.97554630, 0.05581576, -0.09571956, -0.18982053, 0.35918146, -0.53924841, -0.09403385, 0.00000000, 0.00000000, 0.00000000, 0.00000000
5, 3.6500, 355, 0.14806220, 0.78073657, 0.67159635, -69.59439850, 91.64744568, 44.02173233, 11.19555664, 43.90528870, -100.02922821, -5.47289896, 12.21649551, 21.08955002, 0.97548640, 0.06611986, -0.09580355, -0.18675160, 0.56876987, -0.42121160, -0.13885827, 0.00000000, 0.00000000, 0.00000000, 0.00000000
5, 3.6600, 356, 0.00617917, 0.85056210, 0.81510705, -110.90164948, 67.85353851, 44.59383774, 10.58170128, 44.16837311, -99.29844666, -6.82744598, 12.51671124, 21.01940346, 0.97444630, 0.07804628, -0.09619636, -0.18737546, 0.74488032, -0.52614927, -0.13087913, 0.00000000, 0.00000000, 0.00000000, 0.00000000
2, 3.7000, 370, -1.02324033, 1.75687349, 4.70951796, -19.87919235, -823.59210205, -162.87445068, 37.18210983, 35.48669815, 69.71645355, -0.86714423, 7.01378775, -35.96299362, 0.94949090, -0.01169871, -0.06051094, 0.30768257, 1.06537175, -2.20338821, 3.52734756, 0.00000000, 0.00000000, 0.00000000, 0.00000000
2, 3.7100, 371, -3.20642924, 1.30676544, 5.72084904, -205.70178223, -593.80633545, -243.20953369, 39.92984390, 36.24671173, 65.65332031, -2.12369084, 9.46360016, -29.99015427, 0.96288615, -0.00350030, -0.08444740, 0.25633323, 3.30234885, -3.23469496, 3.92702436, 0.00000000, 0.00000000, 0.00000000, 0.00000000
2, 3.7200, 372, -5.03824902, 0.70876485, 6.59202671, -515.40698242, -122.52657318, -264.55407715, 40.71908569, 37.03595352, 65.47792816, -6.84657764, 8.55195904, -27.19732285, 0.96857834, 0.04037724, -0.08634152, 0.22971913, 5.14164543, -4.22350168, 4.11641312, 0.00000000, 0.00000000, 0.00000000, 0.00000000
2, 3.7300, 373, -3.54481649, 3.19853973, 5.44390726, -684.42077637, 379.02215576, -374.69085693, 38.76059723, 36.83133698, 68.86875153, -13.60536003, 3.25413680, -26.47949982, 0.96694803, 0.10879835, -0.05456190, 0.22404829, 3.56974030, -1.57022893, 5.12777042, 0.00000000, 0.00000000, 0.00000000, 0.00000000
2, 3.7400, 374, 6.06131649, 3.23096681, -0.86877209, -469.07931519, 606.76116943, -23.88634491, 38.76059723, 36.83133698, 68.86875153, -13.12334156, 8.26926804, -27.57366562, 0.96427971, 0.09362173, -0.09672581, 0.22813126, -6.04086828, 3.11884212, 0.72243184, 0.00000000, 0.00000000, 0.00000000, 0.00000000
2, 3.7500, 375, 7.33954048, 6.53769827, -6.01264095, 0.64550185, -101.19439697, 83.98501587, 36.21747971, 35.42823792, 72.66880798, -13.12278938, 9.57379341, -27.72551346, 0.96343380, 0.09068910, -0.10777128, 0.22793946, -7.19852686, 9.09441757, -0.42139745, 0.00000000, 0.00000000, 0.00000000, 0.00000000
2, 3.7600, 376, -1.44526720, 1.90630496, -2.02728724, 285.27532959, -990.42639160, -126.16606903, 38.49751663, 32.47588348, 69.45337677, -8.74178791, 16.88611984, -20.70176697, 0.97224504, 0.04785524, -0.15756200, 0.16620378, 1.68826628, 2.95915532, -0.94251800, 0.00000000, 0.00000000, 0.00000000, 0.00000000
4, 3.8300, 381, -0.16918801, 1.70584154, 0.66731620, -190.21879578, -323.81509399, -121.59687042, -25.92809105, -3.82928967, -93.56912994, -3.35138392, 54.09587479, 34.15859604, 1.00000000, 0.00000000, 0.00000000, 0.00000000, 0.32455993, -0.96938878, 0.88621652, 101.52100372, -16.30300331, 39.34999847, 0.00000000
4, 3.8400, 382, -0.62575054, 1.68503773, 1.10182571, -200.86682129, -368.83111572, -176.37107849, -28.52966881, -2.13387895, -93.91990662, -3.56860495, 51.74566650, 37.88518143, 1.00000000, 0.00000000, 0.00000000, 0.00000000, 0.76229632, -1.38662267, 0.94918019, 101.52100372, -16.30300331, 39.34999847, 0.00000000
4, 3.8500, 383, -0.55760473, 1.24497330, 0.97903025, -153.51226807, -348.68136597, -159.88467407, -28.52966881, -2.13387895, -93.91990662, -13.55459785, 42.14377975, 28.54785538, 1.00000000, 0.00000000, 0.00000000, 0.00000000, 0.82410127, -1.14038539, 0.50318062, 101.52100372, -16.30300331, 39.34999847, 0.00000000
2, 3.7700, 377, -5.72484779, 1.12029207, -0.71286213, 182.95863342, -553.01782227, -148.88682556, 41.68371964, 36.24671173, 64.77638245, -5.37852621, 20.20939827, -15.76556206, 0.97524112, 0.02171944, -0.17993316, 0.12671673, 6.05292892, 1.39490199, -0.54611969, 0.00000000, 0.00000000, 0.00000000, 0.00000000
2, 3.7800, 378, 0.02203931, 2.12138653, -1.89622986, 181.05885315, -297.92657471, -144.77693176, 42.64834976, 37.79596710, 61.82402802, -2.42672420, 21.41890526, -12.44139862, 0.97700405, 0.00055263, -0.18694766, 0.10253538, 0.33218065, 2.89274597, -0.69241989, 0.00000000, 0.00000000, 0.00000000, 0.00000000
5, 3.6700, 357, 0.17477714, 1.13375032, 0.91668463, -127.94867706, 25.88882637, 37.36099243, 10.72785759, 44.16837311, -98.65536499, -7.99765587, 12.88454628, 21.39868355, 0.97258037, 0.08887117, -0.09711792, -0.19172230, 0.76910853, -0.54920399, 0.21453778, 0.00000000, 0.00000000, 0.00000000, 0.00000000
5, 3.6800, 358, 0.27690542, 1.30548334, 0.36993492, -160.42604065, -65.74211884, 27.28298569, 10.72785759, 45.24992752, -98.65536499, -8.72757816, 13.47644329, 22.72385788, 0.96904898, 0.09713072, -0.09981386, -0.20383069, 0.72450149, 0.03537399, 0.32564023, 0.00000000, 0.00000000, 0.00000000, 0.00000000
5, 3.6900, 359, 0.10376871, 2.14211988, 1.35779750, -182.55526733, -209.89157104, -21.07097054, 10.34785175, 45.16223145, -100.00000000, -10.74405193, 4.50226450, 22.21067619, 0.97550255, 0.09933073, -0.02035577, -0.19522792, 1.38741183, -0.75574070, 1.08422303, 0.00000000, 0.00000000, 0.00000000, 0.00000000
5, 3.7000, 360, -1.70414674, 2.19074416, 0.62859970, -127.42440033, -428.61935425, -176.60650635, 10.23092651, 45.95147705, -101.78310394, -9.00409126, 4.40361357, 26.82858849, 0.96830124, 0.08518222, -0.01905927, -0.23403738, 2.73786592, -0.01846849, 0.01225720, 0.00000000, 0.00000000, 0.00000000, 0.00000000
4, 3.8600, 384, -0.03294504, 0.97331601, 1.16125739, -129.17858887, -327.79855347, -118.46108246, -31.77433395, -0.26308095, -94.79684448, -13.75244236, 40.87001801, 31.90569305, 1.00000000, 0.00000000, 0.00000000, 0.00000000, 0.38868165, -1.15863848, -0.06780814, 101.52100372, -16.30300331, 39.34999847, 0.00000000
4, 3.8700, 385, 0.94216061, 1.46944511, 0.98905456, -176.81416321, -269.26638794, -0.76591778, -34.14206314, 0.73078048, -94.67991638, -14.98191452, 40.72880173, 34.18300629, 1.00000000, 0.00000000, 0.00000000, 0.00000000, -0.72389972, -1.08063698, -0.01151901, 101.52100372, -16.30300331, 39.34999847, 0.00000000
4, 3.8800, 386, 0.63398778, 3.31619716, -1.85901177, -171.02830505, 73.72072601, 182.27670288, -34.69745636, 2.25080395, -93.86144257, -17.76349258, 42.27866745, 32.11474609, 1.00000000, 0.00000000, 0.00000000, 0.00000000, -1.43927526, 1.35481215, 2.30556631, 101.52100372, -16.30300331, 39.34999847, 0.00000000
4, 3.8900, 387, -1.81520259, 3.97758794, -1.75314105, -6.92940187, 392.72256470, 162.20750427, -32.12511063, 1.40309846, -93.13066101, -19.90208626, 43.49748230, 26.90155220, 1.00000000, 0.00000000, 0.00000000, 0.00000000, 0.53766096, 1.14105976, 3.93213034, 101.52100372, -16.30300331, 39.34999847, 0.00000000
4, 3.9000, 388, -1.69690382, 2.60005975, 0.24314357, 103.67131042, 484.02120972, 62.24639130, -32.12511063, 1.40309846, -93.13066101, -20.01550865, 34.09691620, 15.02943325, 1.00000000, 0.00000000, 0.00000000, 0.00000000, 1.14529037, -0.51023698, 2.27506900, 101.52100372, -16.30300331, 39.34999847, 0.00000000
5, 3.7100, 361, -0.91584480, 1.66438949, 0.05003009, -90.18508911, -738.14160156, -193.02841187, 8.15550995, 46.85764313, -106.10932159, -5.11181021, 4.80535078, 33.76066589, 0.95457816, 0.05479624, -0.02713852, -0.29161870, 1.73622000, 0.39117885, -0.10040158, 0.00000000, 0.00000000, 0.00000000, 0.00000000
2, 3.7900, 379, 1.24314046, 2.00723886, -1.03465569, 167.94273376, -310.58206177, -63.37425995, 42.64834976, 37.79596710, 61.82402802, 6.47669744, 27.65653419, -6.35212898, 0.96722883, -0.06798942, -0.23522520, 0.06719367, -0.85160685, 2.11772060, -0.17964962, 0.00000000, 0.00000000, 0.00000000, 0.00000000
2, 3.8000, 380, 3.03501010, 2.62468624, -0.04173574, 92.46557617, -210.75794983, 31.21162033, 42.67757797, 38.73136520, 58.90090561, 8.21220684, 29.14842033, -4.61098814, 0.96383208, -0.07934018, -0.24799685, 0.05683655, -2.57754040, 1.71608329, 0.97429723, 0.00000000, 0.00000000, 0.00000000, 0.00000000
2, 3.8100, 381, 6.66742039, 4.19543695, 0.17876875, 343.91482544, -465.24804688, 113.95631409, 42.64834976, 37.26980209, 56.35778809, 13.62440205, 32.59758759, -0.68749952, 0.95281839, -0.11551818, -0.27797708, 0.03900614, -6.18942356, 2.58303022, 2.25519705, 0.00000000, 0.00000000, 0.00000000, 0.00000000
2, 3.8200, 382, -2.50094509, 2.48086548, 2.59514093, 342.52777100, -423.69180298, 348.57266235, 43.58374786, 38.58520889, 51.27155685, 18.57384109, 37.64158249, 2.00893188, 0.93489486, -0.14714517, -0.32100931, 0.03567862, 3.04593062, -0.41938615, 2.83987594, 0.00000000, 0.00000000, 0.00000000, 0.00000000
2, 3.8300, 383, -0.31965002, 1.44678414, 0.93506390, 298.25137329, -11.64716721, 335.83337402, 43.58374786, 38.58520889, 51.27155685, 20.58024025, 40.75742340, 0.43772203, 0.92256486, -0.16614217, -0.34325996, 0.05868045, 0.93811172, 0.05098217, 0.97373891, 0.00000000, 0.00000000, 0.00000000, 0.00000000
2, 3.8400, 384, 0.95259774, 2.08897328, -0.22213770, 281.44116211, 64.84534454, 352.50588989, 44.66530228, 36.10055542, 50.65770340, 29.43147278, 41.95185852, 6.23734760, 0.90671253, -0.21800180, -0.35862470, 0.04166694, -0.29726270, 1.30457175, 0.67486531, 0.00000000, 0.00000000, 0.00000000, 0.00000000
2, 3.8500, 385, 2.02470350, 1.14117599, -1.14904714, 234.95513916, -129.30928040, 372.67098999, 46.36071396, 32.35895920, 50.04384613, 32.28264236, 45.84560394, 6.90992117, 0.88963997, -0.23304100, -0.38888705, 0.05476759, -1.32649410, 1.25055373, -0.59578806, 0.00000000, 0.00000000, 0.00000000, 0.00000000
2, 3.8600, 386, 2.22217131, 0.66800356, -0.88583261, 146.49343872, -422.81576538, 391.36630249, 46.79918289, 30.80970383, 47.55919266, 37.81068802, 50.31473923, 12.35548019, 0.86616534, -0.24828935, -0.43139794, 0.04478601, -1.47049797, 0.71900356, -0.68608677, 0.00000000, 0.00000000, 0.00000000, 0.00000000
5, 3.7200, 362, 0.41489264, 1.04331923, 1.78568852, -152.25378418, -749.70562744, -35.70796585, 5.93393755, 48.37766647, -110.81555176, -1.72294867, 6.32399178, 40.79567719, 0.93547344, 0.03329360, -0.04646235, -0.34874395, 0.48871988, -1.49859083, 0.38507542, 0.00000000, 0.00000000, 0.00000000, 0.00000000
5, 3.7300, 363, -0.32704762, 1.17382824, 2.53297710, -260.20117188, -506.80245972, 129.90927124, 5.93393755, 48.37766647, -110.81555176, -0.67875844, 8.68367290, 46.17649841, 0.91707003, 0.03512095, -0.06732550, -0.39142856, 1.29735613, -2.24024940, 0.21874228, 0.00000000, 0.00000000, 0.00000000, 0.00000000
5, 3.7400, 364, -1.23786223, 1.87658036, 2.83995986, -293.06552124, -227.60528564, 181.67395020, 3.94621444, 48.81613541, -112.94943237, -9.93368721, 3.60156775, 48.67218018, 0.90615308, 0.09174817, 0.00713600, -0.41281700, 2.47762394, -2.36434937, 0.36484349, 0.00000000, 0.00000000, 0.00000000, 0.00000000
4, 3.9100, 389, 0.18968938, 1.77235150, -0.19386800, 8.82330799, 448.55969238, -51.91513824, -28.64659500, 1.34463608, -91.20140076, -20.66544342, 33.08288574, 10.30232430, 1.00000000, 0.00000000, 0.00000000, 0.00000000, -0.36670664, 0.11649545, 0.74822938, 101.52100372, -16.30300331, 39.34999847, 0.00000000
5, 3.7500, 365, 0.58249301, 2.16660094, 3.55608010, -298.42941284, 55.37276077, 206.76683044, 4.09237051, 49.42998886, -113.03712463, -12.92865562, 5.63606787, 49.09207535, 0.90045214, 0.12258031, 0.00227706, -0.41731867, 1.11374283, -2.86321354, 1.71235943, 0.00000000, 0.00000000, 0.00000000, 0.00000000
5, 3.7600, 366, 0.83260065, 3.97860956, -3.47473717, -173.99871826, 314.40051270, 213.09201050, 5.14469433, 49.04998398, -110.55246735, -16.53362656, 6.54642439, 46.76598740, 0.90359509, 0.15418418, 0.00510740, -0.39964616, 1.14722633, 4.44479465, 2.20604849, 0.00000000, 0.00000000, 0.00000000, 0.00000000
5, 3.7700, 367, 2.57923794, 3.28875828, -3.39659929, -121.81261444, 247.69190979, 128.37739563, 6.48933077, 48.72844315, -108.62320709, -19.20942688, 6.79405594, 44.99138641, 0.90557402, 0.17623690, 0.00974848, -0.38572201, -0.67419863, 4.28483820, 2.60661936, 0.00000000, 0.00000000, 0.00000000, 0.00000000
5, 3.7800, 368, 1.41189623, 0.48846075, -1.28770411, -121.02719116, 120.86745453, 88.46958923, 6.48933077, 48.72844315, -108.62320709, -21.04291153, 7.22316313, 44.30650711, 0.90446049, 0.19214179, 0.01135925, -0.38066226, -0.94371355, 1.70428956, 0.02300921, 0.00000000, 0.00000000, 0.00000000, 0.00000000
2, 3.8700, 387, 1.25175238, 0.78119141, -1.09831631, 80.88233948, -613.36254883, 421.34030151, 47.61765671, 27.18503380, 43.17451096, 46.51190948, 54.65931320, 22.29969215, 0.83584726, -0.26257929, -0.48167488, 0.02001983, -0.45016193, 0.92675745, -0.64035398, 0.00000000, 0.00000000, 0.00000000, 0.00000000
2, 3.8800, 388, -0.27574411, 1.05511785, -0.75441343, 70.07176971, -715.35015869, 409.29666138, 47.61765671, 27.18503380, 43.17451096, 58.72475052, 57.56262589, 36.16992950, 0.79941785, -0.27826628, -0.53229469, -0.01270998, 1.10790718, 0.82937640, -0.07131927, 0.00000000, 0.00000000, 0.00000000, 0.00000000
2, 3.8900, 389, -1.09288299, 0.87049192, -0.43066782, 78.37747955, -630.55218506, 352.40811157, 46.38994217, 24.14498711, 38.08827972, 68.15560913, 45.89413452, 53.87017441, 0.77894813, -0.31372383, -0.52162576, -0.15074407, 1.90595901, 0.39142835, 0.11855842, 0.00000000, 0.00000000, 0.00000000, 0.00000000
2, 3.9000, 390, -1.39241481, 1.21071339, -0.17674932, 93.68617249, -406.85763550, 256.39294434, 44.66530228, 21.01724625, 34.14206314, 74.06380463, 46.26366043, 60.78869247, 0.75293070, -0.31905130, -0.55072361, -0.16734740, 2.10485983, 0.30118516, 0.56130302, 0.00000000, 0.00000000, 0.00000000, 0.00000000
2, 3.9100, 391, -0.82546371, 1.59869778, -0.02116072, 87.63497925, -155.27555847, 98.59428406, 43.49605179, 19.17568016, 32.44665146, 76.86053467, 46.26769638, 63.45248032, 0.74114430, -0.32432669, -0.56235158, -0.17110829, 1.53510892, 0.44257197, 0.99084109, 0.00000000, 0.00000000, 0.00000000, 0.00000000
5, 3.7900, 369, -0.58741313, 0.23898327, -0.91628969, -233.39198303, -174.43142700, -24.11788559, 7.30780458, 48.14381790, -108.36013031, -12.70744228, -1.86883986, 36.83045197, 0.94340903, 0.09986517, 0.05033275, -0.31220663, 0.61738765, 1.27285838, -1.20484829, 0.00000000, 0.00000000, 0.00000000, 0.00000000
5, 3.8000, 370, -0.39853421, 2.44531894, -0.25883433, -256.15792847, -323.66851807, -133.26034546, 6.37240553, 48.78690338, -108.41858673, -13.13973904, -1.56782377, 41.14869308, 0.93053210, 0.10233060, 0.05292878, -0.34761643, 1.57274914, 0.95598269, 0.78888589, 0.00000000, 0.00000000, 0.00000000, 0.00000000
2, 3.9200, 392, 0.68544412, 1.66951549, 0.06097972, 69.74877930, 71.52219391, -86.63381958, 42.82373428, 18.29874229, 32.85588837, 76.44410706, 45.93093491, 61.90673065, 0.74450082, -0.33088222, -0.55588078, -0.16502184, 0.02043396, 0.42667854, 1.08944595, 0.00000000, 0.00000000, 0.00000000, 0.00000000
2, 3.9300, 393, 2.28352189, 1.59717917, -0.19946063, 56.78714371, 203.86198425, -187.58033752, 42.82373428, 18.29874229, 32.85588837, 74.22838593, 45.41279602, 58.01252365, 0.75630122, -0.33755559, -0.53912330, -0.15300649, -1.58046699, 0.56585109, 0.81801754, 0.00000000, 0.00000000, 0.00000000, 0.00000000
2, 3.9400, 394, 3.46209812, 1.31873214, -0.50030303, 75.60700226, 188.34255981, -178.05632019, 43.61297989, 19.73107338, 34.25898743, 72.67087555, 50.14542007, 51.56309509, 0.76623225, -0.33478144, -0.54081488, -0.09126288, -2.74571466, 0.60954762, 0.37460193, 0.00000000, 0.00000000, 0.00000000, 0.00000000
2, 3.9500, 395, 3.58093095, 0.78603005, -0.49250096, 87.60536957, 78.34927368, -104.10105896, 43.84682846, 20.57877731, 35.60362244, 72.13571167, 49.60404968, 49.72105026, 0.76959634, -0.34236258, -0.53234035, -0.08439925, -2.81957841, 0.28325534, -0.00538643, 0.00000000, 0.00000000, 0.00000000, 0.00000000
2, 3.9600, 396, 2.97609186, 0.61739367, -0.37695837, 71.95809937, -19.45709038, -28.32350159, 43.58374786, 20.54954720, 35.95439911, 72.89137268, 49.25315475, 49.77431107, 0.76752311, -0.34881407, -0.53133696, -0.08317601, -2.21927071, 0.07665379, -0.03959022, 0.00000000, 0.00000000, 0.00000000, 0.00000000
2, 3.9700, 397, 2.47445941, 0.49836633, -0.28261000, 45.55426025, -66.31636047, 36.19821548, 44.92838287, 19.17568016, 35.86670685, 74.22196960, 49.22698212, 50.93365860, 0.76261771, -0.35242227, -0.53573382, -0.08486620, -1.71912766, -0.07934068, -0.04366355, 0.00000000, 0.00000000, 0.00000000, 0.00000000
2, 3.9800, 398, 2.23887873, 0.45346743, -0.28807485, 33.66804123, -69.66225433, 94.57453156, 44.92838287, 19.17568016, 35.86670685, 75.83390808, 49.66245651, 52.61129379, 0.75618786, -0.35313377, -0.54414123, -0.08594723, -1.48052740, -0.10787096, -0.05993297, 0.00000000, 0.00000000, 0.00000000, 0.00000000
4, 3.9200, 390, 0.49704403, 0.90781832, -0.17288843, -84.88187408, 175.19027710, -157.88198853, -27.27272606, 1.05232382, -89.68138123, -21.60621452, 31.18214989, 8.37532139, 1.00000000, 0.00000000, 0.00000000, 0.00000000, -0.31179500, 0.29153317, -0.16259003, 101.52100372, -16.30300331, 39.34999847, 0.00000000
4, 3.9300, 391, 0.19996463, 0.87909621, 0.04139224, -85.91683960, 4.28242970, -165.77935791, -27.74042702, 2.36772871, -88.77520752, -22.26011658, 29.42169189, 8.31066513, 1.00000000, 0.00000000, 0.00000000, 0.00000000, -0.03942440, 0.10385092, -0.11395834, 101.52100372, -16.30300331, 39.34999847, 0.00000000
4, 3.9400, 392, 0.64701051, 1.35381901, -0.01973892, -94.46472931, -121.65518188, -165.10363770, -29.46506882, 3.09850907, -88.59982300, -22.89876175, 27.84436607, 9.51990604, 1.00000000, 0.00000000, 0.00000000, 0.00000000, -0.67095387, 0.08092673, 0.12115334, 101.52100372, -16.30300331, 39.34999847, 0.00000000
4, 3.9500, 393, 0.72168660, 1.69466829, 0.12204245, -97.00330353, -179.13468933, -169.18731689, -29.46506882, 3.09850907, -88.59982300, -23.82371712, 29.40214348, 12.42282486, 1.00000000, 0.00000000, 0.00000000, 0.00000000, -0.87876773, -0.11536790, 0.36450052, 101.52100372, -16.30300331, 39.34999847, 0.00000000
4, 3.9600, 394, 0.71535480, 2.18190718, 0.46011657, -87.20965576, -168.04689026, -171.07971191, -31.51125336, 3.80005836, -89.12598419, -24.30735016, 27.88835335, 14.20089149, 1.00000000, 0.00000000, 0.00000000, 0.00000000, -1.03266621, -0.53747666, 0.74755341, 101.52100372, -16.30300331, 39.34999847, 0.00000000
5, 3.8700, 371, 0.57253867, 2.47685146, -0.41145509, -69.62705231, -101.34910583, -22.14717293, 1.31540489, 49.34229660, -113.59251404, -16.47197342, 1.55056238, 56.19480896, 0.87205744, 0.13266352, 0.05564771, -0.46778157, 0.80997252, 1.17059159, 1.32875133, 0.00000000, 0.00000000, 0.00000000, 0.00000000
5, 3.8800, 372, 1.03172398, 2.30849886, -0.54162246, 5.95946312, -87.31424713, -62.69927979, 0.52616191, 52.73311996, -112.97866058, -15.87149715, 1.34494483, 57.07973480, 0.86923808, 0.12683116, 0.05574589, -0.47458547, 0.31984630, 1.25943077, 1.41405368, 0.00000000, 0.00000000, 0.00000000, 0.00000000
5, 3.8900, 373, 1.16258502, 1.47930884, -0.57117009, 49.55327606, -145.11108398, -95.49526978, 0.52616191, 52.73311996, -112.97866058, -7.15234947, 2.96473479, 54.27186203, 0.88716096, 0.06726714, 0.00546316, -0.45649847, -0.22874011, 1.07744360, 0.78394300, 0.00000000, 0.00000000, 0.00000000, 0.00000000
5, 3.9000, 374, 1.02850401, 0.96004641, -0.26986873, 55.61048508, -227.55851746, -151.06224060, 0.20461853, 52.03157043, -114.64483643, -5.23566771, 2.12902808, 56.20229721, 0.88064522, 0.04902455, 0.00513899, -0.47120517, -0.34368247, 0.55598521, 0.30963707, 0.00000000, 0.00000000, 0.00000000, 0.00000000
4, 3.9700, 395, 1.06345189, 2.58818603, 0.53731656, -15.97842789, -107.85791779, -185.83645630, -32.68050385, 5.11546326, -88.97982788, -24.05358696, 26.25210762, 15.69988823, 1.00000000, 0.00000000, 0.00000000, 0.00000000, -1.53342950, -0.69032657, 0.93590856, 101.52100372, -16.30300331, 39.34999847, 0.00000000
2, 3.9900, 399, 2.04157877, 0.40027553, -0.32327825, 34.37442780, -35.79004669, 150.96412659, 43.29143524, 19.08798599, 35.45746994, 79.23056030, 55.71412277, 52.66640854, 0.74256259, -0.34556580, -0.57267243, -0.03509196, -1.25999105, -0.09626067, -0.09148336, 0.00000000, 0.00000000, 0.00000000, 0.00000000
5, 3.9100, 375, 0.69950575, 0.70427787, -0.07946094, 32.51974106, -251.10331726, -232.54539490, -2.48465347, 52.41157532, -116.01870728, -3.33142424, 0.51162159, 58.60821915, 0.87159359, 0.02753240, 0.01033532, -0.48934639, -0.20434105, 0.28529739, -0.05141829, 0.00000000, 0.00000000, 0.00000000, 0.00000000
5, 3.9200, 376, 0.20143797, 0.84958708, 0.04904192, 5.59019375, -182.98892212, -297.79156494, -4.03390837, 54.01929092, -117.12949371, -2.02513862, -1.95882463, 60.69196320, 0.86288226, 0.00661387, 0.02367572, -0.50480682, 0.26757231, 0.15999696, -0.18036954, 0.00000000, 0.00000000, 0.00000000, 0.00000000
5, 3.9300, 377, -0.01817337, 1.78974807, 0.17626898, -33.50010300, 4.25955200, -250.10223389, -5.75855017, 54.98392105, -116.36948395, -2.09738350, -4.39987898, 61.33253098, 0.85973328, -0.00384436, 0.04234079, -0.50897086, 0.91815305, 0.21035796, 0.50024468, 0.00000000, 0.00000000, 0.00000000, 0.00000000
2, 4.0000, 400, 1.85744119, 0.34889972, -0.43987036, 34.30583572, -12.35922813, 188.85263062, 43.64220810, 17.18795586, 35.22361755, 81.44881439, 57.14485931, 54.90048599, 0.73446578, -0.34136990, -0.58577490, -0.02990686, -1.02205443, 0.01615506, -0.15986627, 0.00000000, 0.00000000, 0.00000000, 0.00000000
5, 3.9400, 378, -0.06547670, 2.60111475, 0.23489299, -24.29531860, 202.93702698, -114.26602173, -5.75855017, 54.98392105, -116.36948395, -1.19046199, -10.89863491, 58.36638260, 0.86955369, -0.03727395, 0.08794892, -0.48451221, 1.33927393, 0.31523424, 1.16053200, 0.00000000, 0.00000000, 0.00000000, 0.00000000
5, 3.9500, 379, 0.31809288, 2.18059826, 0.26557553, 13.69319057, 336.08200073, -83.67448425, -5.23238802, 55.65623856, -116.07717133, -2.21262193, -12.45560360, 55.64273071, 0.88000137, -0.03364577, 0.10488208, -0.46202308, 0.70772427, 0.19593267, 1.03830194, 0.00000000, 0.00000000, 0.00000000, 0.00000000
5, 3.9600, 380, 0.92682761, 1.92376089, 0.22853433, 24.58016396, 383.15173340, -88.98303223, -3.62467122, 55.83162689, -114.20636749, -3.20901489, -14.22332191, 52.48613358, 0.89120996, -0.02980095, 0.12328489, -0.43549696, 0.02595505, 0.19918600, 1.15551126, 0.00000000, 0.00000000, 0.00000000, 0.00000000
5, 3.9700, 381, 1.81766927, 2.05063224, -0.18095569, 40.78639221, 346.07986450, -62.24151230, -2.25080395, 55.94855118, -112.30634308, -3.85642481, -15.69133663, 49.49337006, 0.90107965, -0.02683834, 0.13785250, -0.41028255, -0.72756624, 0.63885432, 1.68100810, 0.00000000, 0.00000000, 0.00000000, 0.00000000
4, 3.9800, 396, 1.14648736, 2.47605515, 0.48421830, -28.29974747, -78.54331970, -221.78527832, -34.31745148, 5.55393171, -89.12598419, -23.92412949, 24.18799400, 16.91333199, 1.00000000, 0.00000000, 0.00000000, 0.00000000, -1.59686875, -0.61388433, 0.79605770, 101.52100372, -16.30300331, 39.34999847, 0.00000000
4, 3.9900, 397, 0.81059045, 2.04726744, 0.59726787, -98.50461578, -65.55605316, -198.83918762, -34.31745148, 5.55393171, -89.12598419, -24.62859154, 22.20716858, 17.64126778, 1.00000000, 0.00000000, 0.00000000, 0.00000000, -1.13869166, -0.62464011, 0.52532732, 101.52100372, -16.30300331, 39.34999847, 0.00000000
4, 4.0000, 398, 0.21048968, 1.86666846, 0.64465600, -117.84284210, -25.58390808, -145.11842346, -36.27594376, 5.87547493, -88.92136383, -27.21589851, 20.95862961, 18.87537003, 1.00000000, 0.00000000, 0.00000000, 0.00000000, -0.54239106, -0.61008680, 0.60852849, 101.52100372, -16.30300331, 39.34999847, 0.00000000
4, 4.0100, 399, -0.13191614, 1.77750874, 0.53711367, -103.95075989, 36.98196411, -101.38326263, -37.26980209, 7.86319780, -88.10289001, -28.07289314, 19.70284843, 18.42773247, 1.00000000, 0.00000000, 0.00000000, 0.00000000, -0.22270544, -0.45232275, 0.70302278, 101.52100372, -16.30300331, 39.34999847, 0.00000000
4, 4.0200, 400, -0.06600217, 1.58695889, 0.29953778, -68.64585876, 98.86337280, -72.77807617, -36.53902435, 6.89856768, -87.19672394, -28.53821182, 18.63584709, 17.47080231, 1.00000000, 0.00000000, 0.00000000, 0.00000000, -0.24295717, -0.16869766, 0.54916227, 101.52100372, -16.30300331, 39.34999847, 0.00000000
4, 4.0300, 401, -0.10599755, 1.44923902, 0.10004433, -47.06318283, 149.22296143, -62.20123672, -37.12364578, 9.03244686, -86.37825012, -28.71806526, 17.58417130, 16.11107254, 1.00000000, 0.00000000, 0.00000000, 0.00000000, -0.18425068, 0.06155072, 0.47797629, 101.52100372, -16.30300331, 39.34999847, 0.00000000
4, 4.0400, 402, -0.43806919, 1.46808362, 0.01873155, -34.07229233, 190.92614746, -77.87696838, -37.12364578, 9.03244686, -86.37825012, -28.64834404, 16.30619049, 14.47904682, 1.00000000, 0.00000000, 0.00000000, 0.00000000, 0.08246807, 0.14060374, 0.64457893, 101.52100372, -16.30300331, 39.34999847, 0.00000000
4, 4.0500, 403, -0.77209681, 1.51538944, 0.12259290, -23.27404213, 206.84739685, -107.13337708, -36.62671661, 8.79859638, -85.79362488, -25.51844788, 10.78826523, 9.53394794, 1.00000000, 0.00000000, 0.00000000, 0.00000000, 0.33352008, 0.02038121, 0.79125357, 101.52100372, -16.30300331, 39.34999847, 0.00000000
5, 3.9800, 382, 2.27365375, 1.76730049, -0.51227242, 64.90660095, 205.33541870, -45.31010437, -2.01695418, 55.13007736, -111.86787415, -3.79506874, -16.66869164, 47.50544739, 0.90706271, -0.02836489, 0.14579463, -0.39392471, -1.31597149, 0.91229635, 1.64414477, 0.00000000, 0.00000000, 0.00000000, 0.00000000
5, 3.9900, 383, 1.85492241, 1.28666246, -0.48657393, 76.78006744, 3.37921333, -36.70976639, -2.01695418, 55.13007736, -111.86787415, 1.16299903, -9.92620850, 44.39511871, 0.92203605, -0.04204499, 0.07627833, -0.37717828, -1.19460452, 0.76634091, 1.02049041, 0.00000000, 0.00000000, 0.00000000, 0.00000000
5, 4.0000, 384, 1.30529535, 1.07929814, -0.33524078, 79.37184143, -107.21997070, -13.58053303, -1.69541073, 54.57468414, -112.27710724, 2.32823896, -9.86575031, 44.88529205, 0.91998190, -0.05152813, 0.07173239, -0.38188052, -0.73623782, 0.50713503, 0.55566996, 0.00000000, 0.00000000, 0.00000000, 0.00000000
5, 4.0100, 385, 0.89711970, 1.17166007, -0.19247104, 84.77238464, -156.23510742, 8.35191345, -2.28003502, 54.83776474, -113.62174988, 3.71593666, -9.52304363, 45.73697281, 0.91669083, -0.06201208, 0.06388758, -0.38955212, -0.32428393, 0.36249921, 0.43564561, 0.00000000, 0.00000000, 0.00000000, 0.00000000
5, 4.0200, 386, 0.64424706, 1.27282012, 0.00038011, 100.23444366, -153.80017090, 22.11131859, -2.01695418, 54.19467926, -114.11867523, 5.22997761, -9.06113148, 46.47900009, 0.91361660, -0.07292692, 0.05456029, -0.39624432, -0.03020705, 0.16767931, 0.41509306, 0.00000000, 0.00000000, 0.00000000, 0.00000000
4, 4.0600, 404, -1.04050624, 1.51266968, 0.25355023, -28.93224335, 208.00817871, -145.20520020, -36.71440887, 9.41245270, -85.38439178, -25.07643127, 8.93229866, 7.91119814, 1.00000000, 0.00000000, 0.00000000, 0.00000000, 0.50927997, -0.13772383, 0.84242833, 101.52100372, -16.30300331, 39.34999847, 0.00000000
5, 4.0300, 387, 0.49236193, 1.05289388, 0.24054328, 121.04870605, -96.50087738, 24.50904274, -2.42619109, 53.99005890, -115.46331024, 6.71052361, -8.64430332, 46.62897491, 0.91241926, -0.08337144, 0.04599407, -0.39802620, 0.01455795, -0.13692679, 0.19220158, 0.00000000, 0.00000000, 0.00000000, 0.00000000
4, 4.0700, 405, -1.05248868, 1.53926384, 0.18032296, -49.27440262, 192.36604309, -192.49926758, -37.35749817, 9.55860806, -85.23823547, -24.76111031, 6.62339973, 6.46379042, 1.00000000, 0.00000000, 0.00000000, 0.00000000, 0.46590722, -0.07484885, 0.87698078, 101.52100372, -16.30300331, 39.34999847, 0.00000000
4, 4.0800, 406, -0.59321165, 1.47216332, 0.06329352, -41.11187363, 161.69441223, -216.25062561, -38.14673996, 10.66939449, -83.80590057, -24.38388062, 4.16314840, 5.37403727, 1.00000000, 0.00000000, 0.00000000, 0.00000000, 0.02463859, 0.05026250, 0.63898534, 101.52100372, -16.30300331, 39.34999847, 0.00000000
4, 4.0900, 407, -0.18327963, 1.30546701, 0.05034515, -5.33415890, 136.49461365, -216.15301514, -38.14673996, 10.66939449, -83.80590057, -23.72223282, 1.81940401, 4.62860441, 1.00000000, 0.00000000, 0.00000000, 0.00000000, -0.32106677, 0.08939030, 0.31408691, 101.52100372, -16.30300331, 39.34999847, 0.00000000
4, 4.1000, 408, 0.01339000, 1.13805199, 0.05866136, 7.23797274, 113.67382812, -211.22097778, -39.40368271, 11.42940617, -83.63051605, -21.88452530, 4.73027658, 3.19658065, 1.00000000, 0.00000000, 0.00000000, 0.00000000, -0.44691750, 0.09966568, 0.07395928, 101.52100372, -16.30300331, 39.34999847, 0.00000000
4, 4.1100, 409, 0.11436541, 1.07702088, 0.07542757, 4.23507738, 85.77243042, -199.97482300, -40.33908081, 12.21864891, -83.25051117, -21.34472656, 2.66312957, 2.81522393, 1.00000000, 0.00000000, 0.00000000, 0.00000000, -0.48171645, 0.07198731, -0.03469819, 101.52100372, -16.30300331, 39.34999847, 0.00000000
2, 4.0100, 401, 1.57793117, 0.39164522, -0.62824756, 43.20687866, -11.12441444, 211.80662537, 43.67144012, 15.55100822, 35.16515732, 84.18244171, 58.70527649, 57.59720230, 0.72509748, -0.33676347, -0.60022056, -0.02365198, -0.72699434, 0.20142549, -0.22836079, 0.00000000, 0.00000000, 0.00000000, 0.00000000
4, 4.1200, 410, 0.13443314, 1.01936829, 0.15786064, 2.41685534, 60.87157822, -190.72343445, -40.80678177, 12.30634308, -83.13358307, -20.91324997, 0.71926224, 2.61801744, 1.00000000, 0.00000000, 0.00000000, 0.00000000, -0.50366437, -0.00394783, -0.11398141, 101.52100372, -16.30300331, 39.34999847, 0.00000000
5, 4.0400, 388, 0.49880153, 0.81123865, 0.39264402, 119.71612549, -23.88843918, 7.76672649, -2.42619109, 53.99005890, -115.46331024, 3.44345951, -6.68694067, 49.03617859, 0.90714449, -0.05148094, 0.04059165, -0.41568130, -0.09019367, -0.33661911, 0.02004723, 0.00000000, 0.00000000, 0.00000000, 0.00000000
5, 4.0500, 389, 0.58136982, 0.64434969, 0.41263643, 126.88932800, 23.31641006, -8.93584251, -2.66004086, 53.46389771, -115.63870239, 4.50067234, -6.75961208, 48.16087723, 0.90973824, -0.05982216, 0.03778915, -0.40910831, -0.22268119, -0.35010752, -0.07711216, 0.00000000, 0.00000000, 0.00000000, 0.00000000
5, 4.0600, 390, 0.61605585, 0.46396494, 0.45147231, 144.60876465, 45.56039810, -18.76129150, -2.42619109, 52.55773163, -115.87255096, 5.63486004, -6.93172741, 47.00773621, 0.91306442, -0.06907354, 0.03580402, -0.40032521, -0.34556711, -0.44240332, -0.19921696, 0.00000000, 0.00000000, 0.00000000, 0.00000000
5, 4.0700, 391, 0.59026176, 0.20648576, 0.54881591, 154.44259644, 73.76631927, -30.93811417, -1.92926037, 52.00233841, -116.42794037, 6.75577211, -7.22557259, 45.56518936, 0.91711229, -0.07857470, 0.03522506, -0.38921759, -0.45395115, -0.60764617, -0.40734354, 0.00000000, 0.00000000, 0.00000000, 0.00000000
2, 4.0200, 402, 1.30101752, 0.53593612, -0.82820755, 74.99893188, -46.70624924, 222.54490662, 43.40835953, 14.03098488, 34.63899231, 88.07728577, 60.01466751, 61.23390961, 0.71278697, -0.33494821, -0.61597520, -0.01786101, -0.43671396, 0.46453899, -0.22511087, 0.00000000, 0.00000000, 0.00000000, 0.00000000
5, 4.0800, 392, 0.48361602, -0.01547379, 0.54665536, 149.70239258, 104.55915833, -48.03795242, -1.25694239, 50.97924423, -116.01870728, 7.73198700, -7.69385386, 43.88638306, 0.92166865, -0.08741174, 0.03695069, -0.37619236, -0.48865587, -0.66655010, -0.64551777, 0.00000000, 0.00000000, 0.00000000, 0.00000000
4, 4.1300, 411, 0.10454059, 0.94674337, 0.30461898, 1.00662816, 45.65526581, -186.31198120, -40.80678177, 12.30634308, -83.13358307, -20.55476761, -1.16328549, 2.53169370, 1.00000000, 0.00000000, 0.00000000, 0.00000000, -0.46709794, -0.13888924, -0.19576506, 101.52100372, -16.30300331, 39.34999847, 0.00000000
4, 4.1400, 412, 0.06202594, 0.86454046, 0.48893771, -3.58331037, 42.37787628, -182.50415039, -42.18064880, 12.86173630, -83.13358307, -20.25138664, -3.01075506, 2.43962932, 1.00000000, 0.00000000, 0.00000000, 0.00000000, -0.41118586, -0.30799547, -0.28627872, 101.52100372, -16.30300331, 39.34999847, 0.00000000
4, 4.1500, 413, 0.07534672, 0.84242541, 0.61416709, -12.14090252, 47.57895660, -179.79989624, -43.75913239, 12.94942951, -83.39666748, -26.20899582, 0.05444080, 7.67589998, 1.00000000, 0.00000000, 0.00000000, 0.00000000, -0.41395950, -0.40595096, -0.32495597, 101.52100372, -16.30300331, 39.34999847, 0.00000000
4, 4.1600, 414, 0.11511939, 0.82001048, 0.73167008, -23.65622330, 54.94438171, -180.16842651, -44.63607025, 12.94942951, -82.95819855, -26.03946495, -1.83381057, 7.57485819, 1.00000000, 0.00000000, 0.00000000, 0.00000000, -0.39914140, -0.44427931, -0.35437948, 101.52100372, -16.30300331, 39.34999847, 0.00000000
4, 4.1700, 415, 0.09946579, 0.73549151, 0.76098096, -32.50086594, 69.06254578, -174.22406006, -45.45454407, 13.30020428, -82.87050629, -25.88464737, -3.70977497, 7.29385471, 1.00000000, 0.00000000, 0.00000000, 0.00000000, -0.38040417, -0.45864707, -0.42838788, 101.52100372, -16.30300331, 39.34999847, 0.00000000
4, 4.1800, 416, 0.11585797, 0.65487558, 0.63933599, -43.87737656, 90.29666138, -159.40550232, -45.45454407, 13.30020428, -82.87050629, -25.72685814, -5.50617456, 6.73612022, 1.00000000, 0.00000000, 0.00000000, 0.00000000, -0.40445963, -0.32646328, -0.48347193, 101.52100372, -16.30300331, 39.34999847, 0.00000000
4, 4.1900, 417, 0.21213196, 0.62997919, 0.49556330, -51.17543793, 108.27957916, -137.00372314, -46.50687027, 13.50482273, -82.08126068, -25.53596497, -7.13439703, 5.92501020, 1.00000000, 0.00000000, 0.00000000, 0.00000000, -0.52335250, -0.18462619, -0.51811147, 101.52100372, -16.30300331, 39.34999847, 0.00000000
4, 4.2000, 418, 0.31963888, 0.60033900, 0.42579308, -51.93546295, 126.75585175, -112.27298737, -46.30224991, 14.08944702, -82.08126068, -29.97565079, 0.33689225, 9.88363934, 1.00000000, 0.00000000, 0.00000000, 0.00000000, -0.60195589, -0.09612434, -0.56858790, 101.52100372, -16.30300331, 39.34999847, 0.00000000
4, 4.2100, 419, 0.37473035, 0.51195109, 0.38048473, -51.31797028, 146.20797729, -89.08956909, -47.47150040, 13.76790428, -81.61356354, -29.75350189, -0.99601567, 8.71240520, 1.00000000, 0.00000000, 0.00000000, 0.00000000, -0.52705133, 0.02033510, -0.64151919, 101.52100372, -16.30300331, 39.34999847, 0.00000000
2, 4.0300, 403, 0.85834074, 0.63877118, -0.73352754, 130.11221313, -101.94811249, 217.61212158, 43.40835953, 14.03098488, 34.63899231, 93.41639709, 60.72495651, 65.86672974, 0.69660902, -0.33867833, -0.63235056, -0.01287355, 0.01260617, 0.47991383, -0.03793474, 0.00000000, 0.00000000, 0.00000000, 0.00000000
5, 4.0900, 393, 0.35173285, -0.13166907, 0.45488492, 135.40223694, 127.31426239, -65.29531097, -0.73078048, 50.83308792, -116.42794037, -0.86731970, -0.11158863, 53.98249817, 0.89105332, 0.00630235, 0.00430279, -0.45383444, -0.42293322, -0.57324916, -0.82964087, 0.00000000, 0.00000000, 0.00000000, 0.00000000
5, 4.1000, 394, 0.32475066, -0.11938536, 0.34235069, 131.70983887, 155.35671997, -75.49865723, -0.73078048, 50.83308792, -116.42794037, -0.47909552, -1.17665052, 52.12520599, 0.89827830, -0.00075570, 0.01106063, -0.43928725, -0.31406343, -0.34822023, -0.86717880, 0.00000000, 0.00000000, 0.00000000, 0.00000000
5, 4.1100, 395, 0.29686072, -0.05767149, 0.17479038, 144.08100891, 183.04608154, -85.54685974, 0.52616191, 50.57000732, -115.31715393, -0.07675419, -2.38301492, 49.98166275, 0.90618515, -0.00817803, 0.01913028, -0.42236900, -0.29562154, -0.17861888, -0.85832441, 0.00000000, 0.00000000, 0.00000000, 0.00000000
5, 4.1200, 396, 0.27121118, -0.03283267, 0.09092963, 164.19306946, 218.50016785, -98.52301025, 1.19848001, 50.30692673, -115.17099762, 0.39071643, -3.76834464, 47.44580841, 0.91495645, -0.01634746, 0.02872968, -0.40219641, -0.29265130, -0.09926878, -0.86436605, 0.00000000, 0.00000000, 0.00000000, 0.00000000
5, 4.1300, 397, 0.21664254, -0.10734575, -0.00148526, 179.48670959, 256.86703491, -111.22819519, 1.95849168, 46.36071396, -113.97251892, 0.89409351, -5.32734394, 44.51198196, 0.92433560, -0.02481421, 0.04005766, -0.37866014, -0.32185164, -0.03168393, -0.96862590, 0.00000000, 0.00000000, 0.00000000, 0.00000000
5, 4.1400, 398, 0.17249313, -0.20508145, -0.15313594, 193.44529724, 285.60211182, -121.46446228, 3.27389646, 48.64074707, -113.21250916, 7.81804895, 2.77586746, 46.56172562, 0.91682529, -0.05305228, -0.04913418, -0.39268661, -0.33816239, 0.06091224, -1.09446824, 0.00000000, 0.00000000, 0.00000000, 0.00000000
5, 4.1500, 399, 0.25327981, -0.27075848, -0.24242042, 209.41194153, 303.25347900, -129.22137451, 3.27389646, 48.64074707, -113.21250916, 7.98156881, 1.40473998, 42.91466141, 0.92867595, -0.06029412, -0.03683794, -0.36409968, -0.34842384, 0.04737762, -1.11685109, 0.00000000, 0.00000000, 0.00000000, 0.00000000
5, 4.1600, 400, 0.40463758, -0.30869809, -0.22611517, 215.54872131, 313.88241577, -133.79571533, 3.36159015, 50.54077530, -111.92633820, 8.23182774, -0.00215621, 39.14327621, 0.93979293, -0.06763386, -0.02402569, -0.33412242, -0.51856595, 0.02013761, -1.06390572, 0.00000000, 0.00000000, 0.00000000, 0.00000000
2, 4.0400, 404, 0.21608338, 0.68825799, -0.46353060, 188.43267822, -132.89744568, 188.79452515, 42.53142166, 10.90324497, 35.16515732, 88.67096710, 51.24607849, 66.84249878, 0.70473886, -0.35556883, -0.60523653, -0.10296993, 0.63158923, 0.28978959, 0.21677092, 0.00000000, 0.00000000, 0.00000000, 0.00000000
5, 4.1700, 401, 0.54571086, -0.30398551, -0.13494253, 207.91809082, 310.68572998, -141.99449158, 3.91698337, 49.02075195, -110.46477509, 8.53679180, -1.47578883, 35.43432236, 0.94955784, -0.07480089, -0.01041463, -0.30436212, -0.65052825, -0.07332870, -0.96818233, 0.00000000, 0.00000000, 0.00000000, 0.00000000
4, 4.2200, 420, 0.42210546, 0.40560570, 0.30388331, -52.79605484, 164.06809998, -68.01905823, -46.65302658, 13.47559166, -81.40894318, -29.45718765, -2.17447090, 7.30536604, 1.00000000, 0.00000000, 0.00000000, 0.00000000, -0.55431014, 0.11276008, -0.74364197, 101.52100372, -16.30300331, 39.34999847, 0.00000000
4, 4.2300, 421, 0.43339401, 0.36175904, 0.18284011, -58.10272980, 175.30841064, -49.81404495, -46.65302658, 13.47559166, -81.40894318, -29.14266586, -3.21311331, 5.71527433, 1.00000000, 0.00000000, 0.00000000, 0.00000000, -0.57591987, 0.23511826, -0.76684302, 101.52100372, -16.30300331, 39.34999847, 0.00000000
4, 4.2400, 422, 0.43769875, 0.36284676, 0.02935078, -60.19272614, 176.99052429, -33.21372223, -47.38380432, 13.97252274, -80.79508972, -28.82274628, -4.09441471, 4.04366159, 1.00000000, 0.00000000, 0.00000000, 0.00000000, -0.60997224, 0.37983644, -0.74104583, 101.52100372, -16.30300331, 39.34999847, 0.00000000
4, 4.2500, 423, 0.46294343, 0.38371536, -0.13758354, -57.95959854, 167.67434692, -14.27219296, -46.94533539, 13.53405380, -80.44431305, -23.65526390, 6.63680983, 8.15563202, 1.00000000, 0.00000000, 0.00000000, 0.00000000, -0.61932456, 0.51440156, -0.71250826, 101.52100372, -16.30300331, 39.34999847, 0.00000000
4, 4.2600, 424, 0.52885866, 0.45008352, -0.34453732, -53.66438675, 150.20126343, 10.28679180, -46.56533051, 12.10172462, -80.23969269, -23.71037483, 6.39214039, 6.57085371, 1.00000000, 0.00000000, 0.00000000, 0.00000000, -0.58248150, 0.64423943, -0.66933155, 101.52100372, -16.30300331, 39.34999847, 0.00000000
4, 4.2700, 425, 0.54442292, 0.53315109, -0.51148456, -39.96655273, 124.97814178, 39.63249207, -46.56533051, 12.10172462, -80.23969269, -23.74453735, 6.49692678, 5.20078039, 1.00000000, 0.00000000, 0.00000000, 0.00000000, -0.64581686, 0.79145896, -0.57085425, 101.52100372, -16.30300331, 39.34999847, 0.00000000
5, 4.1800, 402, 0.62484574, -0.25027752, -0.01161487, 189.41850281, 303.96545410, -153.88949585, 4.88161373, 50.48231506, -109.61707306, 8.82676506, -3.05856419, 31.87228203, 0.95781183, -0.08127397, 0.00446526, -0.27562883, -0.70265675, -0.18889281, -0.85933471, 0.00000000, 0.00000000, 0.00000000, 0.00000000
5, 4.1900, 403, 0.61112142, -0.15888374, 0.10620470, 165.17076111, 303.07061768, -167.48281860, 5.20315695, 50.83308792, -107.57088470, 4.23428631, 5.53997612, 25.35808754, 0.97420162, -0.02539981, -0.05521498, -0.21734142, -0.61453092, -0.26983130, -0.77168381, 0.00000000, 0.00000000, 0.00000000, 0.00000000
5, 4.2000, 404, 0.42595607, -0.10511741, 0.21691941, 138.17610168, 320.68203735, -173.72985840, 5.20315695, 50.83308792, -107.57088470, 3.62899208, 3.43012166, 22.08644485, 0.98073298, -0.02533339, -0.03542249, -0.19043748, -0.31781819, -0.30053619, -0.81654680, 0.00000000, 0.00000000, 0.00000000, 0.00000000
5, 4.2100, 405, 0.20148303, -0.06727278, 0.34257424, 88.02673340, 349.98001099, -180.31495667, 5.78778124, 51.27155685, -105.67085266, 2.58006001, 1.15062773, 18.88521767, 0.98618776, -0.02056030, -0.01359573, -0.16378671, -0.13396263, -0.40137219, -0.88863617, 0.00000000, 0.00000000, 0.00000000, 0.00000000
