SensorId, TimeStamp (s), FrameNumber, AccX (g), AccY (g), AccZ (g), GyroX (deg/s), GyroY (deg/s), GyroZ (deg/s), MagX (uT), MagY (uT), MagZ (uT), EulerX (deg), EulerY (deg), EulerZ (deg), QuatW, QuatX, QuatY, QuatZ, LinAccX (g), LinAccY (g), LinAccZ (g), Pressure (kPa), Altitude (m), Temperature (degC), HeaveMotion (m)
4, 0.0000, 0, -0.13554339, 0.93322623, -0.06154093, 30.68024254, 32.71033478, 22.74990463, -30.16661835, 5.46623802, -88.59982300, -9.48719692, -4.64740276, 18.40099907, 1.00000000, 0.00000000, 0.00000000, 0.00000000, -0.01026348, -0.09178070, -0.07639703, 101.51400757, -15.72152328, 39.71999741, 0.00000000
4, 0.0100, 1, -0.10222888, 0.91048509, -0.07754777, 25.54740143, 33.53793716, 23.22423935, -30.07892418, 5.64162540, -88.48290253, -9.19462585, -4.35516310, 18.13063240, 1.00000000, 0.00000000, 0.00000000, 0.00000000, -0.03733531, -0.07426637, -0.09594069, 101.51400757, -15.72152328, 39.71999741, 0.00000000
4, 0.0200, 2, -0.08192811, 0.87361205, -0.11129055, 22.93882561, 31.46279144, 23.24236870, -29.93276787, 5.32008171, -87.86904144, -8.93227196, -4.06562042, 17.88041496, 1.00000000, 0.00000000, 0.00000000, 0.00000000, -0.05089926, -0.03464815, -0.12169626, 101.51400757, -15.72152328, 39.71999741, 0.00000000
2, -0.0000, 0, 0.95826787, 1.42917788, 0.52842027, 57.52679062, -62.89903259, 202.18106079, 43.49605179, 41.01139832, 49.86845779, 23.71916389, 12.22935200, 26.23544693, 0.95266271, -0.17535369, -0.14790133, -0.19952455, -0.37075737, 0.22416005, 0.69747508, 0.00000000, 0.00000000, 0.00000000, 0.00000000
4, 0.0300, 3, -0.07032639, 0.84127063, -0.14726922, 22.37570572, 26.50435638, 22.60552979, -29.93276787, 5.32008171, -87.86904144, -8.68318748, -3.79075789, 17.67864799, 1.00000000, 0.00000000, 0.00000000, 0.00000000, -0.05629872, 0.00585958, -0.14172772, 101.51400757, -15.72152328, 39.71999741, 0.00000000
4, 0.0400, 4, -0.06590273, 0.81798911, -0.18045114, 22.76120758, 20.51959419, 21.54568481, -30.04969215, 4.76468849, -88.95059967, -8.06280327, -2.97654080, 17.48500824, 1.00000000, 0.00000000, 0.00000000, 0.00000000, -0.05297428, 0.03917415, -0.15399040, 101.51400757, -15.72152328, 39.71999741, 0.00000000
4, 0.0500, 5, -0.06262667, 0.82383001, -0.21035285, 22.71445465, 15.30314827, 20.92794609, -29.52353096, 3.74159598, -89.03829193, -7.82656527, -2.73809838, 17.39393997, 1.00000000, 0.00000000, 0.00000000, 0.00000000, -0.04575792, 0.05643456, -0.14057648, 101.51400757, -15.72152328, 39.71999741, 0.00000000
4, 0.0600, 6, -0.04046549, 0.84041393, -0.21722029, 22.97069359, 9.78128719, 21.11824799, -28.99736977, 4.44314528, -89.06752014, -7.59434128, -2.50899243, 17.35837364, 1.00000000, 0.00000000, 0.00000000, 0.00000000, -0.06506117, 0.05326395, -0.12497663, 101.51400757, -15.72152328, 39.71999741, 0.00000000
2, 0.0100, 1, 0.98664892, 1.43656290, 0.53613043, 56.09191895, -67.07305908, 221.39013672, 44.84069061, 39.16983414, 48.81613541, 23.91209602, 14.58240414, 25.97408485, 0.95148283, -0.17232759, -0.16716227, -0.19245894, -0.33900386, 0.23079172, 0.72524053, 0.00000000, 0.00000000, 0.00000000, 0.00000000
5, -0.0001, 0, 1.38724840, 0.66704464, -0.20541637, 49.79753113, -58.98628998, 142.71852112, 8.33089733, 40.63139343, -113.24173737, 3.94567394, 3.06752563, -10.10309505, 0.99508774, -0.03663509, -0.02361608, 0.08888608, -0.28585321, 0.19464855, 0.49841067, 0.00000000, 0.00000000, 0.00000000, 0.00000000
2, 0.0200, 2, 0.95266747, 1.43824780, 0.52530837, 55.39229965, -76.01132965, 242.94702148, 45.86378098, 37.18210983, 48.43613052, 24.06888390, 17.16736794, 25.73056984, 0.94971961, -0.16848633, -0.18821339, -0.18498856, -0.26587972, 0.24168105, 0.72141171, 0.00000000, 0.00000000, 0.00000000, 0.00000000
4, 0.0700, 7, -0.00573948, 0.85188156, -0.21688442, 21.76469803, 2.86061263, 22.32648659, -28.17889404, 3.88775206, -88.59982300, -7.38205051, -2.28281689, 17.39295769, 1.00000000, 0.00000000, 0.00000000, 0.00000000, -0.09650864, 0.04527321, -0.11741988, 101.51400757, -15.72152328, 39.71999741, 0.00000000
4, 0.0800, 8, 0.00787933, 0.84750223, -0.21875949, 20.87018394, -0.87298512, 23.81307602, -28.17889404, 3.88775206, -88.59982300, -7.18284369, -2.05043316, 17.46732903, 1.00000000, 0.00000000, 0.00000000, 0.00000000, -0.10583669, 0.04502455, -0.12245575, 101.51400757, -15.72152328, 39.71999741, 0.00000000
4, 0.0900, 9, -0.01600400, 0.82922828, -0.21087891, 17.79834747, -2.63357615, 23.51535797, -28.93890572, 4.38468266, -88.95059967, -6.76031733, -1.12030470, 17.54070663, 1.00000000, 0.00000000, 0.00000000, 0.00000000, -0.07354566, 0.03955649, -0.14135838, 101.51400757, -15.72152328, 39.71999741, 0.00000000
5, 0.0099, 1, 1.33590555, 0.72320366, -0.17327590, 54.28194046, -83.43141174, 152.80474854, 7.86319780, 39.81291962, -114.67407227, 4.84655285, 4.65309191, -9.98094845, 0.99434853, -0.04561471, -0.03672962, 0.08855056, -0.18121973, 0.15287912, 0.49586999, 0.00000000, 0.00000000, 0.00000000, 0.00000000
2, 0.0300, 3, 0.94481814, 1.39357460, 0.45946127, 56.86869049, -83.26115417, 266.02090454, 46.38994217, 34.46360779, 47.64688492, 24.19644356, 19.99443436, 25.47751617, 0.94726402, -0.16389556, -0.21108015, -0.17684577, -0.23370172, 0.26113752, 0.65825438, 0.00000000, 0.00000000, 0.00000000, 0.00000000
4, 0.1300, 10, -0.19235377, 0.91192573, -0.23261468, 5.20456696, 1.38054359, 12.44712162, -28.38351250, 3.71236467, -89.27214050, -6.48444510, -0.51581281, 17.80473137, 1.00000000, 0.00000000, 0.00000000, 0.00000000, 0.11683337, 0.02330503, -0.04558083, 101.51400757, -15.72152328, 39.71999741, 0.00000000
5, 0.0199, 2, 1.27780604, 0.74086130, -0.11593698, 58.36098862, -100.40155029, 164.79187012, 7.22011089, 36.88979721, -115.08330536, 5.91235971, 6.36285448, -9.75384045, 0.99327683, -0.05601816, -0.05084565, 0.08762335, -0.09933319, 0.07992160, 0.46727651, 0.00000000, 0.00000000, 0.00000000, 0.00000000
5, 0.0299, 3, 1.22098529, 0.72120404, -0.10247099, 61.87978745, -113.55897522, 177.36769104, 7.22011089, 36.88979721, -115.08330536, 7.11476469, 8.19770145, -9.43054295, 0.99178648, -0.06754439, -0.06601068, 0.08625591, -0.04843513, 0.04544271, 0.41661656, 0.00000000, 0.00000000, 0.00000000, 0.00000000
5, 0.0399, 4, 1.15270579, 0.68641877, -0.09910767, 65.44258118, -125.09920502, 187.14231873, 7.13241720, 36.91902924, -115.58023834, 8.04364872, 9.50902939, -9.05552101, 0.99054354, -0.07620408, -0.07690689, 0.08427194, -0.00409515, 0.01955709, 0.34844518, 0.00000000, 0.00000000, 0.00000000, 0.00000000
2, 0.0400, 4, 0.91355580, 1.30645859, 0.45270091, 55.11164093, -93.46073151, 291.38449097, 46.38994217, 34.46360779, 47.64688492, 24.27335358, 23.09165573, 25.24209785, 0.94391549, -0.15825664, -0.23595890, -0.16823143, -0.17254357, 0.21099494, 0.60269022, 0.00000000, 0.00000000, 0.00000000, 0.00000000
2, 0.0500, 5, 0.83679724, 1.25750160, 0.46519732, 54.83474731, -101.79982758, 318.58914185, 47.17918777, 32.53434753, 46.97456741, 23.61027908, 24.82227325, 24.57376480, 0.94343388, -0.15045609, -0.24807972, -0.16047457, -0.05980013, 0.17769255, 0.57405436, 0.00000000, 0.00000000, 0.00000000, 0.00000000
2, 0.0600, 6, 0.82202381, 1.21532571, 0.48054051, 56.74296570, -106.60247803, 344.74572754, 48.23151016, 31.04355431, 45.80532074, 23.55539513, 28.45985222, 24.21989822, 0.93831974, -0.14296611, -0.27679059, -0.15001251, -0.01455902, 0.15211935, 0.56420076, 0.00000000, 0.00000000, 0.00000000, 0.00000000
2, 0.0700, 7, 0.82147586, 1.17403793, 0.47092497, 57.66864777, -111.16757965, 367.49014282, 48.90382767, 27.44811440, 44.51914597, 23.42368889, 32.32477188, 23.80373955, 0.93191546, -0.13456267, -0.30691499, -0.13867137, 0.03408342, 0.14427787, 0.55791122, 0.00000000, 0.00000000, 0.00000000, 0.00000000
4, 0.1400, 11, -0.15423247, 0.97562462, -0.26562563, 9.27793217, 11.03934097, 12.95480919, -28.64659500, 3.91698337, -89.03829193, -6.01407671, -0.88642502, 17.73331070, 1.00000000, 0.00000000, 0.00000000, 0.00000000, 0.07400751, 0.02983630, 0.02238420, 101.51400757, -15.72152328, 39.71999741, 0.00000000
4, 0.1500, 12, -0.07871754, 1.04275763, -0.30502266, 16.04002762, 21.11657143, 16.78015900, -28.32505035, 4.29698896, -88.51213074, -5.84209061, -0.67171574, 17.57995033, 1.00000000, 0.00000000, 0.00000000, 0.00000000, -0.01020294, 0.03684371, 0.09269518, 101.51400757, -15.72152328, 39.71999741, 0.00000000
4, 0.1600, 13, -0.01553681, 1.08503366, -0.36379084, 25.38420296, 29.48242378, 23.34563065, -27.76965714, 3.44928384, -88.65828705, -5.57313538, -0.37172034, 17.36887169, 1.00000000, 0.00000000, 0.00000000, 0.00000000, -0.07272450, 0.07381213, 0.14737660, 101.51400757, -15.72152328, 39.71999741, 0.00000000
4, 0.1700, 14, 0.03548232, 1.09043860, -0.37977633, 34.40365219, 36.10197067, 31.22980499, -27.76965714, 3.44928384, -88.65828705, -5.21286726, 0.02285542, 17.12130356, 1.00000000, 0.00000000, 0.00000000, 0.00000000, -0.11810942, 0.08132200, 0.15371548, 101.51400757, -15.72152328, 39.71999741, 0.00000000
4, 0.1800, 15, 0.06935436, 1.07918012, -0.38080823, 40.85245895, 40.27827072, 39.50846100, -27.65273285, 3.42005253, -89.06752014, -4.78945208, 0.51021510, 16.86169434, 1.00000000, 0.00000000, 0.00000000, 0.00000000, -0.14327544, 0.07916247, 0.14052689, 101.51400757, -15.72152328, 39.71999741, 0.00000000
4, 0.1900, 16, 0.09234555, 1.03327572, -0.37831122, 46.93790436, 43.45215607, 46.78198242, -27.06810760, 3.04004669, -89.00906372, -3.37972164, 2.60266256, 16.43207741, 1.00000000, 0.00000000, 0.00000000, 0.00000000, -0.14705569, 0.08024705, 0.09437107, 101.51400757, -15.72152328, 39.71999741, 0.00000000
5, 0.0499, 5, 1.04954433, 0.61837494, -0.05868603, 68.91815186, -133.34884644, 192.54483032, 6.43086815, 34.25898743, -116.36948395, 9.48252964, 11.48656368, -8.57346439, 0.98818332, -0.08946578, -0.09330258, 0.08236647, 0.03319523, -0.04422136, 0.23457578, 0.00000000, 0.00000000, 0.00000000, 0.00000000
4, 0.2000, 17, 0.09610555, 0.98567271, -0.38808510, 50.34471130, 44.73821640, 52.03696823, -26.89272118, 2.10464764, -89.12598419, -2.87283731, 3.23142648, 16.18806648, 1.00000000, 0.00000000, 0.00000000, 0.00000000, -0.11739730, 0.08471484, 0.05239780, 101.51400757, -15.72152328, 39.71999741, 0.00000000
2, 0.0800, 8, 0.83895844, 1.15110230, 0.42884815, 56.74327469, -118.01068115, 382.29287720, 49.34229660, 24.49576187, 43.78836441, 23.23627281, 36.34963226, 23.37358284, 0.92407465, -0.12548606, -0.33795109, -0.12699831, 0.06310861, 0.17539300, 0.55192411, 0.00000000, 0.00000000, 0.00000000, 0.00000000
2, 0.0900, 9, 0.80430263, 1.11083317, 0.40797627, 59.38251114, -121.82534790, 396.62100220, 49.34229660, 24.49576187, 43.78836441, 22.98637390, 40.52213669, 22.87372017, 0.91474152, -0.11592116, -0.36968052, -0.11465845, 0.14229006, 0.18197662, 0.53922868, 0.00000000, 0.00000000, 0.00000000, 0.00000000
2, 0.1000, 10, 0.69789433, 1.04779959, 0.45795500, 66.44252014, -125.43544006, 414.74890137, 48.84536743, 21.30955887, 42.38526535, 21.60614967, 39.47200394, 21.74901772, 0.91991496, -0.11067738, -0.35902932, -0.11227190, 0.28102463, 0.12203367, 0.52896065, 0.00000000, 0.00000000, 0.00000000, 0.00000000
5, 0.0599, 6, 0.97564596, 0.52324939, -0.00923854, 70.76194763, -140.48118591, 197.97724915, 5.61239386, 34.17129517, -116.74948883, 11.02219677, 13.50539112, -7.99829960, 0.98527825, -0.10330269, -0.11010417, 0.08020281, 0.04029133, -0.12531418, 0.13200709, 0.00000000, 0.00000000, 0.00000000, 0.00000000
5, 0.0699, 7, 0.94802946, 0.43989176, -0.00776087, 70.25683594, -139.73515320, 205.22219849, 4.99853849, 32.41742325, -117.39257050, 12.58640671, 15.57919884, -7.35068607, 0.98182428, -0.11701737, -0.12747999, 0.07795497, 0.02602043, -0.15775144, 0.07310844, 0.00000000, 0.00000000, 0.00000000, 0.00000000
5, 0.0799, 8, 0.92742181, 0.38020849, -0.02169224, 71.34725952, -139.55056763, 214.67680359, 4.99853849, 32.41742325, -117.39257050, 14.19402313, 17.72979736, -6.62873268, 0.97774363, -0.13071086, -0.14561096, 0.07569384, 0.02605345, -0.17239977, 0.03563362, 0.00000000, 0.00000000, 0.00000000, 0.00000000
4, 0.2100, 18, 0.08952112, 0.93797845, -0.39402673, 53.67660522, 44.43680191, 56.23504639, -26.22040367, 1.63694823, -89.09675598, -2.33523822, 3.90168977, 15.96723080, 1.00000000, 0.00000000, 0.00000000, 0.00000000, -0.09640878, 0.09726791, 0.01031221, 101.51400757, -15.72152328, 39.71999741, 0.00000000
4, 0.2200, 19, 0.08427575, 0.89595020, -0.39357892, 54.86530304, 41.64266586, 59.64841080, -26.22040367, 1.63694823, -89.09675598, -1.78774405, 4.59802485, 15.79045200, 1.00000000, 0.00000000, 0.00000000, 0.00000000, -0.07644646, 0.10154837, -0.02846339, 101.51400757, -15.72152328, 39.71999741, 0.00000000
4, 0.2300, 20, 0.07234323, 0.88381112, -0.37529731, 54.86096573, 37.18936157, 63.12688446, -26.01578522, -0.08769365, -89.06752014, -1.24103487, 5.31505823, 15.67345524, 1.00000000, 0.00000000, 0.00000000, 0.00000000, -0.05098129, 0.07892309, -0.04447686, 101.51400757, -15.72152328, 39.71999741, 0.00000000
2, 0.1100, 11, 0.60255837, 1.01897097, 0.45197779, 72.76907349, -124.63731384, 431.04910278, 48.75767136, 17.62642479, 41.74217987, 21.15485191, 43.96872711, 20.87535286, 0.90889537, -0.10073208, -0.39274040, -0.09755728, 0.37145191, 0.12191111, 0.47803557, 0.00000000, 0.00000000, 0.00000000, 0.00000000
2, 0.1200, 12, 0.50012583, 0.96685791, 0.40776873, 77.48443604, -123.02816772, 443.19909668, 48.26074219, 13.44636059, 41.12832642, 20.50224876, 48.56709290, 19.76527596, 0.89622253, -0.09035309, -0.42652413, -0.08184598, 0.50859803, 0.14364481, 0.43450701, 0.00000000, 0.00000000, 0.00000000, 0.00000000
2, 0.1300, 13, 0.45102099, 0.93557584, 0.37144762, 81.13516235, -120.67371368, 453.21960449, 48.23151016, 10.28938866, 40.28062057, 19.55538559, 53.23820877, 18.33752441, 0.88188684, -0.07952759, -0.46009931, -0.06526467, 0.59610593, 0.17779410, 0.42954743, 0.00000000, 0.00000000, 0.00000000, 0.00000000
2, 0.1400, 14, 0.45771465, 0.82642108, 0.26440233, 82.96494293, -119.06809235, 464.38696289, 48.23151016, 10.28938866, 40.28062057, 18.16148186, 57.98450089, 16.46121025, 0.86577767, -0.06810872, -0.49344933, -0.04793949, 0.59726644, 0.21145576, 0.34262216, 0.00000000, 0.00000000, 0.00000000, 0.00000000
5, 0.0899, 9, 0.92506921, 0.32689536, -0.01502546, 75.48075867, -143.90681458, 224.29991150, 3.82928967, 30.80970383, -118.44490051, 13.25436592, 19.92562485, -7.46932745, 0.97496104, -0.12462049, -0.16408406, 0.08364939, 0.02212521, -0.19669403, 0.01738323, 0.00000000, 0.00000000, 0.00000000, 0.00000000
4, 0.2400, 21, 0.06571561, 0.88652962, -0.35233146, 54.84370041, 32.11362457, 66.69897461, -24.96346092, 0.49693072, -89.82753754, -0.27128735, 6.50929022, 15.64564991, 1.00000000, 0.00000000, 0.00000000, 0.00000000, -0.02935618, 0.04504076, -0.04801527, 101.51400757, -15.72152328, 39.71999741, 0.00000000
4, 0.2500, 22, 0.07973137, 0.88218123, -0.33248961, 56.30944061, 27.76781845, 71.19481659, -24.64191818, -0.02923122, -89.53522491, 0.29424450, 7.27315187, 15.66505814, 1.00000000, 0.00000000, 0.00000000, 0.00000000, -0.02355798, 0.01267158, -0.05775106, 101.51400757, -15.72152328, 39.71999741, 0.00000000
4, 0.2600, 23, 0.10950398, 0.85346866, -0.30276707, 59.37808609, 24.78347206, 75.96028900, -24.64191818, -0.02923122, -89.53522491, 0.89487910, 8.07104397, 15.73934650, 1.00000000, 0.00000000, 0.00000000, 0.00000000, -0.03711173, -0.01569868, -0.09499267, 101.51400757, -15.72152328, 39.71999741, 0.00000000
4, 0.2700, 24, 0.13549657, 0.79250723, -0.26423144, 63.82550430, 24.55261230, 81.28737640, -24.23267937, -1.49079216, -89.56445312, 1.54446805, 8.91693401, 15.84717655, 1.00000000, 0.00000000, 0.00000000, 0.00000000, -0.04384458, -0.04217498, -0.16479783, 101.51400757, -15.72152328, 39.71999741, 0.00000000
4, 0.2800, 25, 0.16324244, 0.71184003, -0.24257648, 66.03988647, 24.14999390, 86.29283905, -23.15112495, -2.39696002, -89.79830170, 2.22188616, 9.80649662, 15.98925114, 1.00000000, 0.00000000, 0.00000000, 0.00000000, -0.05066047, -0.04670674, -0.24703678, 101.51400757, -15.72152328, 39.71999741, 0.00000000
2, 0.1500, 15, 0.48547801, 0.73380733, 0.18676147, 85.02075195, -116.99234009, 477.65469360, 46.62379456, 6.98626137, 39.63753128, 19.95372772, 55.38579941, 17.01957321, 0.87437499, -0.08398563, -0.47536591, -0.04941753, 0.56521404, 0.22262485, 0.27321914, 0.00000000, 0.00000000, 0.00000000, 0.00000000
4, 0.2900, 26, 0.18930303, 0.61699212, -0.24331410, 64.82322693, 22.57498550, 90.84452820, -23.53113174, -2.83542824, -89.91522980, 2.89388227, 12.83304787, 15.62428665, 1.00000000, 0.00000000, 0.00000000, 0.00000000, -0.04581890, -0.02530261, -0.33255005, 101.51400757, -15.72152328, 39.71999741, 0.00000000
5, 0.0999, 10, 0.89912945, 0.24491782, -0.01455867, 76.67694092, -153.09410095, 230.95346069, 3.30312777, 27.36042023, -119.35106659, 15.09060669, 22.22651291, -6.61845684, 0.96966881, -0.13966294, -0.18332368, 0.08141959, 0.01000140, -0.19710864, -0.04061981, 0.00000000, 0.00000000, 0.00000000, 0.00000000
5, 0.1099, 11, 0.86230838, 0.16748309, -0.01566693, 70.94503021, -165.44969177, 232.85260010, 2.28003502, 27.00964546, -119.55568695, 17.11204720, 24.49383926, -5.53616619, 0.96371502, -0.15535116, -0.20249814, 0.07819146, 0.00793319, -0.22844823, -0.09382153, 0.00000000, 0.00000000, 0.00000000, 0.00000000
5, 0.1199, 12, 0.83646154, 0.15020597, -0.01877890, 61.27737045, -175.10075378, 231.65898132, 1.05232382, 23.67728615, -120.63723755, 19.29894066, 26.67691994, -4.20110989, 0.95719564, -0.17132507, -0.22130786, 0.07380444, 0.04491747, -0.25414801, -0.09940235, 0.00000000, 0.00000000, 0.00000000, 0.00000000
5, 0.1299, 13, 0.78952461, 0.18882723, -0.03255990, 54.16895294, -180.84733582, 227.59904480, -1.57848585, 23.96959877, -121.39724731, 21.63052559, 28.74478531, -2.66048527, 0.95015848, -0.18738142, -0.23952851, 0.06865376, 0.13604492, -0.26500767, -0.08630506, 0.00000000, 0.00000000, 0.00000000, 0.00000000
2, 0.1600, 16, 0.48164687, 0.67392457, 0.07858360, 86.27536011, -118.05780029, 485.79064941, 44.46068192, 3.74159598, 38.76059723, 18.28031349, 60.32711411, 14.87292957, 0.85676742, -0.07197843, -0.50969297, -0.03133474, 0.53161228, 0.24600023, 0.15109536, 0.00000000, 0.00000000, 0.00000000, 0.00000000
2, 0.1700, 17, 0.48410118, 0.57742780, -0.01757729, 87.42227936, -120.65166473, 487.25076294, 42.82373428, 0.26308095, 38.38058853, 15.90303230, 65.25146484, 12.02348614, 0.83733708, -0.05994309, -0.54323083, -0.01318551, 0.53460377, 0.28693846, 0.08671314, 0.00000000, 0.00000000, 0.00000000, 0.00000000
2, 0.1800, 18, 0.40677968, 0.49202946, -0.07167543, 86.52764893, -120.06900024, 487.00512695, 39.78368759, 0.26308095, 38.05904770, 12.24631023, 70.09632874, 7.91250610, 0.81628573, -0.04772082, -0.57565278, 0.00494680, 0.61745602, 0.30747834, 0.03982171, 0.00000000, 0.00000000, 0.00000000, 0.00000000
5, 0.1399, 14, 0.68637180, 0.23407334, -0.03606196, 49.17842102, -187.33010864, 220.84812927, -1.57848585, 23.96959877, -121.39724731, 20.05658340, 28.20854187, -3.94143844, 0.95301223, -0.17703708, -0.23401450, 0.07525173, 0.25521791, -0.27375790, -0.12220040, 0.00000000, 0.00000000, 0.00000000, 0.00000000
4, 0.3000, 27, 0.22261535, 0.56838644, -0.25395823, 61.70775604, 21.07630348, 95.78739166, -22.53726959, -3.82928967, -89.71060944, 3.55355477, 13.79461956, 15.85372639, 1.00000000, 0.00000000, 0.00000000, 0.00000000, -0.03303146, -0.00967830, -0.36721343, 101.51400757, -15.72152328, 39.71999741, 0.00000000
4, 0.3100, 28, 0.24745996, 0.57622594, -0.27332148, 59.16495895, 21.20309067, 100.53824615, -22.53726959, -3.82928967, -89.71060944, 4.19773340, 14.79776573, 16.11200905, 1.00000000, 0.00000000, 0.00000000, 0.00000000, -0.04205990, -0.00481271, -0.35020775, 101.51400757, -15.72152328, 39.71999741, 0.00000000
4, 0.3200, 29, 0.25964737, 0.62811214, -0.30334017, 61.17419052, 24.28005028, 105.80360413, -21.83572006, -3.97544575, -90.38292694, 4.86930609, 15.85855007, 16.37825203, 1.00000000, 0.00000000, 0.00000000, 0.00000000, -0.04081941, -0.00482464, -0.28672764, 101.51400757, -15.72152328, 39.71999741, 0.00000000
2, 0.1900, 19, 0.31806830, 0.41479775, -0.07588568, 87.12052155, -114.35232544, 488.70895386, 39.78368759, -3.80005836, 38.05904770, 5.96158314, 74.77326965, 1.17874646, 0.79376429, -0.03507836, -0.60676169, 0.02341091, 0.71483415, 0.30039358, 0.03106743, 0.00000000, 0.00000000, 0.00000000, 0.00000000
2, 0.2000, 20, 0.22463463, 0.33241168, -0.06863873, 90.32214355, -107.30496979, 489.12451172, 37.29903412, -6.31394339, 38.23443222, 24.98708344, 71.97832489, 15.36455727, 0.79987174, -0.09677294, -0.59196711, 0.02037855, 0.80256534, 0.24616899, 0.00343018, 0.00000000, 0.00000000, 0.00000000, 0.00000000
2, 0.2100, 21, 0.13571273, 0.23876962, -0.05473268, 94.30001068, -99.00752258, 490.40286255, 33.84975052, -8.94475269, 37.91289139, 21.60575867, 76.97183228, 11.67451859, 0.77676511, -0.08378221, -0.62304479, 0.03783893, 0.87071580, 0.10520776, -0.07263107, 0.00000000, 0.00000000, 0.00000000, 0.00000000
2, 0.2200, 22, 0.10491773, 0.18126029, -0.04799709, 98.98212433, -94.72050476, 491.04959106, 30.92663002, -11.66325665, 38.87752151, 13.63170815, 81.84297943, 3.35284257, 0.75222093, -0.07060896, -0.65274000, 0.05575515, 0.90918541, 0.10909197, -0.04447587, 0.00000000, 0.00000000, 0.00000000, 0.00000000
4, 0.3300, 30, 0.24845861, 0.67418939, -0.31759700, 67.96157837, 26.47134018, 110.95017242, -21.89418221, -5.34931278, -90.52908325, 5.61993313, 16.97152328, 16.66651535, 1.00000000, 0.00000000, 0.00000000, 0.00000000, -0.01462757, -0.01857730, -0.23158166, 101.51400757, -15.72152328, 39.71999741, 0.00000000
4, 0.3400, 31, 0.24112095, 0.66170353, -0.29824820, 74.36695099, 25.84885216, 112.93007660, -20.87108994, -6.46009922, -90.70446777, 5.94801998, 19.03793716, 16.36458778, 1.00000000, 0.00000000, 0.00000000, 0.00000000, 0.01659656, -0.04307348, -0.24117471, 101.51400757, -15.72152328, 39.71999741, 0.00000000
4, 0.3500, 32, 0.23751128, 0.59864759, -0.25510114, 75.71665192, 21.16296387, 112.74572754, -20.46185303, -7.62934828, -90.58754730, 6.81865835, 20.13720894, 16.74613380, 1.00000000, 0.00000000, 0.00000000, 0.00000000, 0.05538561, -0.06914847, -0.30369398, 101.51400757, -15.72152328, 39.71999741, 0.00000000
4, 0.3600, 33, 0.22051536, 0.51576787, -0.19725212, 68.61295319, 13.50761318, 111.69406891, -20.46185303, -7.62934828, -90.58754730, 7.64950180, 21.18747902, 17.21014977, 1.00000000, 0.00000000, 0.00000000, 0.00000000, 0.09665577, -0.10856175, -0.39175069, 101.51400757, -15.72152328, 39.71999741, 0.00000000
2, 0.2300, 23, 0.13531898, 0.15109383, -0.06410227, 104.46273804, -90.33336639, 486.67282104, 30.92663002, -11.66325665, 38.87752151, -14.45186520, 86.05680847, -25.13070107, 0.72651225, -0.05752417, -0.68073142, 0.07399841, 0.88181895, 0.14971465, 0.00366778, 0.00000000, 0.00000000, 0.00000000, 0.00000000
4, 0.3700, 34, 0.20639203, 0.41844437, -0.15148583, 57.87546158, 5.72226763, 109.68854523, -20.28646660, -7.98012257, -90.49985504, 8.40392017, 22.17861557, 17.74887466, 1.00000000, 0.00000000, 0.00000000, 0.00000000, 0.13468572, -0.13044277, -0.48949394, 101.51400757, -15.72152328, 39.71999741, 0.00000000
5, 0.1499, 15, 0.56949675, 0.24183726, -0.01924284, 49.46384430, -191.58451843, 215.31001282, -3.33235884, 21.92341423, -121.77725983, 22.54674339, 30.11105728, -2.27670145, 0.94584680, -0.19380367, -0.25094247, 0.06958413, 0.33452642, -0.28195122, -0.21223450, 0.00000000, 0.00000000, 0.00000000, 0.00000000
5, 0.1599, 16, 0.46071145, 0.17904083, -0.02626302, 53.89592743, -192.71438599, 211.70390320, -5.08623219, 22.06957054, -122.39111328, 25.16502380, 31.92565346, -0.52785826, 0.93806380, -0.21067943, -0.26744100, 0.06423220, 0.37839830, -0.30938357, -0.30694664, 0.00000000, 0.00000000, 0.00000000, 0.00000000
5, 0.1699, 17, 0.38802564, 0.11327809, -0.07968882, 59.51650238, -187.13766479, 210.66114807, -6.48933077, 20.78339577, -122.24495697, 27.84278107, 33.69048691, 1.26271307, 0.92969000, -0.22715348, -0.28379577, 0.05947941, 0.39347631, -0.28985536, -0.37528071, 0.00000000, 0.00000000, 0.00000000, 0.00000000
5, 0.1799, 18, 0.33483431, 0.09459019, -0.16280204, 70.10807037, -177.59838867, 211.03408813, -8.33089733, 17.21718788, -122.53726959, 30.54510117, 35.44873428, 3.03574514, 0.92069405, -0.24303985, -0.30022964, 0.05582383, 0.43122530, -0.23473755, -0.39942807, 0.00000000, 0.00000000, 0.00000000, 0.00000000
5, 0.1899, 19, 0.25042763, 0.05806911, -0.21166162, 79.55837250, -175.51934814, 209.78910828, -8.33089733, 17.21718788, -122.53726959, 36.71464539, 34.34765625, 5.65067530, 0.91027480, -0.28672042, -0.29473659, 0.04818325, 0.46523345, -0.22736993, -0.45472538, 0.00000000, 0.00000000, 0.00000000, 0.00000000
5, 0.1999, 20, 0.21050632, 0.02914030, -0.20681792, 88.05702209, -175.13810730, 204.16929626, -10.43554497, 18.47413063, -122.36187744, 39.59637070, 35.89682770, 7.54714823, 0.90003133, -0.30244368, -0.31052375, 0.04524016, 0.45991588, -0.29941642, -0.46380949, 0.00000000, 0.00000000, 0.00000000, 0.00000000
5, 0.2099, 21, 0.19726217, -0.05591285, -0.19205707, 93.21975708, -171.71043396, 195.21189880, -11.92633724, 17.15872574, -122.74188995, 42.52962875, 37.33342361, 9.44591045, 0.88945210, -0.31787509, -0.32554930, 0.04299039, 0.42252001, -0.34273505, -0.48712534, 0.00000000, 0.00000000, 0.00000000, 0.00000000
2, 0.2400, 24, 0.14999421, 0.13188900, -0.08337349, 111.01293182, -85.87779999, 477.82858276, 26.77579689, -13.15404797, 39.05290985, -92.56744385, 86.09387207, -103.71542358, 0.69994175, -0.04478644, -0.70676726, 0.09249788, 0.86330104, 0.20080067, 0.05167543, 0.00000000, 0.00000000, 0.00000000, 0.00000000
5, 0.2199, 22, 0.16980939, -0.15536276, -0.18865098, 97.44931793, -170.50497437, 186.35365295, -13.73867321, 15.84332085, -122.68342590, 45.52999878, 38.65060425, 11.35933971, 0.87854546, -0.33315700, -0.33979100, 0.04131064, 0.37966001, -0.37449026, -0.53038442, 0.00000000, 0.00000000, 0.00000000, 0.00000000
2, 0.2500, 25, 0.15014327, 0.13855173, -0.05701645, 115.41979980, -78.34773254, 472.08471680, 23.23881912, -14.00175381, 40.04676819, -1.68814015, 86.61005402, -9.18034744, 0.72610891, -0.04419799, -0.68446559, 0.04815955, 0.86674857, 0.20853896, 0.10998000, 0.00000000, 0.00000000, 0.00000000, 0.00000000
2, 0.2600, 26, 0.17103232, 0.14236249, -0.00580050, 115.46221161, -72.13938141, 467.17633057, 19.35106659, -14.90792179, 40.77754974, -98.17846680, 86.91411591, -106.13533020, 0.70113754, -0.03042939, -0.70915657, 0.06765455, 0.86032987, 0.13773873, 0.12250602, 0.00000000, 0.00000000, 0.00000000, 0.00000000
2, 0.2700, 27, 0.12135471, 0.13212527, 0.01459653, 116.14260864, -67.31092072, 465.23342896, 15.20023346, -15.31715870, 41.85910416, -124.70185089, 82.62924957, -133.12409973, 0.67518979, -0.01645115, -0.73228914, 0.08718248, 0.90590394, 0.16803499, 0.18181366, 0.00000000, 0.00000000, 0.00000000, 0.00000000
5, 0.2299, 23, 0.18736951, -0.21337357, -0.19483885, 103.96158600, -162.70700073, 169.89447021, -15.66793346, 14.44022179, -122.21572876, 48.47456741, 39.83804703, 13.15138531, 0.86767805, -0.34784266, -0.35281524, 0.04076492, 0.33947718, -0.39150777, -0.51348931, 0.00000000, 0.00000000, 0.00000000, 0.00000000
4, 0.3800, 35, 0.20493625, 0.33568290, -0.12521905, 46.43641663, -0.76538837, 107.33791351, -19.78953552, -9.26629639, -90.38292694, 9.07114220, 23.11309433, 18.34550476, 1.00000000, 0.00000000, 0.00000000, 0.00000000, 0.15758491, -0.13737106, -0.56803942, 101.51400757, -15.72152328, 39.71999741, 0.00000000
4, 0.3900, 36, 0.20987938, 0.27676550, -0.10973421, 37.44255066, -2.66537046, 106.39704895, -19.26337242, -10.26015759, -90.41216278, 8.40499306, 27.25541496, 17.26407051, 1.00000000, 0.00000000, 0.00000000, 0.00000000, 0.18429688, -0.13494524, -0.61586177, 101.51400757, -15.72152328, 39.71999741, 0.00000000
4, 0.4000, 37, 0.22637759, 0.24739276, -0.11178345, 31.71068001, 2.12590837, 107.00897980, -18.88336754, -11.31248188, -90.35369873, 8.96691990, 28.20290375, 17.84329224, 1.00000000, 0.00000000, 0.00000000, 0.00000000, 0.22238967, -0.11327247, -0.61968172, 101.51400757, -15.72152328, 39.71999741, 0.00000000
4, 0.4100, 38, 0.27641648, 0.24903153, -0.12632498, 29.03947449, 9.60895920, 111.19895172, -18.88336754, -11.31248188, -90.35369873, 9.49669361, 29.21871185, 18.38475227, 1.00000000, 0.00000000, 0.00000000, 0.00000000, 0.18719700, -0.10705925, -0.60732716, 101.51400757, -15.72152328, 39.71999741, 0.00000000
2, 0.2800, 28, 0.13945466, 0.07401282, 0.01053065, 116.33004761, -70.06398010, 460.86450195, 15.20023346, -15.31715870, 41.85910416, -131.18481445, 77.97824097, -140.09162903, 0.64815712, -0.00283125, -0.75403476, 0.10637619, 0.86547273, 0.18195188, 0.20857465, 0.00000000, 0.00000000, 0.00000000, 0.00000000
2, 0.2900, 29, 0.07696249, 0.00443066, -0.01675837, 117.23751831, -71.49416351, 453.18273926, 11.60479355, -15.66793346, 43.11604691, -133.91265869, 73.32854462, -143.33430481, 0.62035030, 0.01030181, -0.77419597, 0.12521967, 0.88953578, 0.20310779, 0.18838800, 0.00000000, 0.00000000, 0.00000000, 0.00000000
4, 0.4200, 39, 0.33780113, 0.27306786, -0.14595938, 25.65709877, 16.73566437, 119.28893280, -17.83104324, -12.01403046, -90.20754242, 9.99847507, 30.33608055, 18.91437721, 1.00000000, 0.00000000, 0.00000000, 0.00000000, 0.14032856, -0.10285285, -0.57200915, 101.51400757, -15.72152328, 39.71999741, 0.00000000
4, 0.4300, 40, 0.37361881, 0.30370268, -0.19447528, 22.52258110, 19.44956207, 127.24064636, -18.32797432, -13.73867321, -90.09061432, 10.49570370, 31.53221512, 19.47813606, 1.00000000, 0.00000000, 0.00000000, 0.00000000, 0.11901095, -0.07312978, -0.51786453, 101.51400757, -15.72152328, 39.71999741, 0.00000000
2, 0.3000, 30, -0.03778949, -0.09346610, -0.14173074, 118.95620728, -68.65213013, 441.29547119, 8.94475269, -14.70330334, 43.64220810, -158.76847839, 55.95901108, 165.54588318, 0.43699560, -0.19493875, -0.85023177, 0.21940774, 0.90832555, 0.25968674, 0.13172264, 0.00000000, 0.00000000, 0.00000000, 0.00000000
5, 0.2399, 24, 0.21250945, -0.22670968, -0.22725983, 107.46844482, -148.30700684, 156.68045044, -15.66793346, 14.44022179, -122.21572876, 55.93169785, 44.39069748, 17.85795593, 0.83536679, -0.37714875, -0.39700115, 0.04807660, 0.33777303, -0.37657341, -0.44801813, 0.00000000, 0.00000000, 0.00000000, 0.00000000
5, 0.2499, 25, 0.20660821, -0.21001999, -0.27544606, 110.77998352, -132.93478394, 147.90864563, -17.04179955, 14.44022179, -121.83571625, 58.81083298, 45.36613464, 19.62705040, 0.82429504, -0.38912049, -0.40824729, 0.04957134, 0.39765435, -0.34023067, -0.35433742, 0.00000000, 0.00000000, 0.00000000, 0.00000000
5, 0.2599, 26, 0.17012770, -0.19973288, -0.37523180, 110.06295013, -124.44374084, 144.33453369, -18.24028015, 12.97866154, -121.51417542, 61.65095520, 46.29484177, 21.40919304, 0.81327587, -0.40027198, -0.41920984, 0.05126303, 0.43323255, -0.24763280, -0.34600976, 0.00000000, 0.00000000, 0.00000000, 0.00000000
2, 0.3100, 31, -0.11871120, -0.19096602, -0.21273872, 119.46733093, -68.83100891, 425.27844238, 4.50160789, -16.42794418, 44.13914108, -156.66868591, 51.67385864, 167.54450989, 0.40454799, -0.18322168, -0.86668569, 0.22721507, 0.83926874, 0.24789086, 0.24528798, 0.00000000, 0.00000000, 0.00000000, 0.00000000
2, 0.3200, 32, -0.17484339, -0.23286031, -0.20566554, 114.82843018, -71.15782166, 407.15933228, 2.01695418, -14.49868488, 45.77608871, -155.07269287, 47.51790237, 169.00981140, 0.37267116, -0.17213191, -0.88124532, 0.23429370, 0.84066421, 0.25404584, 0.25094593, 0.00000000, 0.00000000, 0.00000000, 0.00000000
2, 0.3300, 33, -0.09959802, -0.22500783, -0.14967707, 109.57753754, -73.61955261, 388.36358643, 2.01695418, -14.49868488, 45.77608871, -153.83508301, 43.51339340, 170.08695984, 0.34153131, -0.16175067, -0.89402831, 0.24063788, 0.73189896, 0.25614166, 0.35441828, 0.00000000, 0.00000000, 0.00000000, 0.00000000
4, 0.4400, 41, 0.38475540, 0.32347158, -0.25535738, 21.45257568, 21.56141663, 133.16523743, -17.18795586, -13.50482273, -89.76907349, 12.97868919, 35.16799164, 22.83519936, 1.00000000, 0.00000000, 0.00000000, 0.00000000, 0.13211080, -0.03362070, -0.45985198, 101.51400757, -15.72152328, 39.71999741, 0.00000000
4, 0.4500, 42, 0.37999097, 0.34353790, -0.32738295, 22.82562637, 24.82705116, 135.14973450, -17.18795586, -13.50482273, -89.76907349, 13.58345604, 36.43246078, 23.50651741, 1.00000000, 0.00000000, 0.00000000, 0.00000000, 0.17787567, 0.00472796, -0.38094535, 101.51400757, -15.72152328, 39.71999741, 0.00000000
4, 0.4600, 43, 0.36237547, 0.36111623, -0.41153130, 26.17952728, 29.28717995, 133.83299255, -17.07103157, -14.82022762, -89.88599396, 14.22199345, 37.70418549, 24.15323448, 1.00000000, 0.00000000, 0.00000000, 0.00000000, 0.21011680, 0.07259201, -0.31988254, 101.51400757, -15.72152328, 39.71999741, 0.00000000
4, 0.4700, 44, 0.35850927, 0.35249045, -0.47627854, 36.07752991, 34.08199310, 130.70664978, -16.86641312, -15.90178299, -89.91522980, 14.95349884, 38.96920776, 24.76606941, 1.00000000, 0.00000000, 0.00000000, 0.00000000, 0.23048276, 0.13054933, -0.29031327, 101.51400757, -15.72152328, 39.71999741, 0.00000000
4, 0.4800, 45, 0.35723850, 0.34391475, -0.49231386, 46.31931305, 37.95680237, 127.99239349, -16.25255775, -17.01256943, -89.88599396, 15.78880692, 40.22570419, 25.36002541, 1.00000000, 0.00000000, 0.00000000, 0.00000000, 0.24898984, 0.14171502, -0.27665037, 101.51400757, -15.72152328, 39.71999741, 0.00000000
4, 0.4900, 46, 0.36970100, 0.35297891, -0.46278062, 51.21086502, 41.08174896, 125.13499451, -15.69716454, -20.43262100, -89.12598419, 20.12992668, 40.54240036, 31.60247231, 1.00000000, 0.00000000, 0.00000000, 0.00000000, 0.25021762, 0.09194770, -0.26115280, 101.51400757, -15.72152328, 39.71999741, 0.00000000
4, 0.5000, 47, 0.38812587, 0.37665573, -0.41322413, 48.52375793, 40.43695068, 121.95278931, -15.69716454, -20.43262100, -89.12598419, 21.06063652, 41.72136688, 32.28477478, 1.00000000, 0.00000000, 0.00000000, 0.00000000, 0.23818566, -0.00452797, -0.23672991, 101.51400757, -15.72152328, 39.71999741, 0.00000000
4, 0.5100, 48, 0.40651360, 0.40998966, -0.36402842, 39.39817810, 33.16434860, 118.26430511, -15.84332085, -19.40952873, -89.53522491, 21.95388031, 42.81863022, 33.03738785, 1.00000000, 0.00000000, 0.00000000, 0.00000000, 0.23351669, -0.06836789, -0.20680712, 101.51400757, -15.72152328, 39.71999741, 0.00000000
4, 0.5200, 49, 0.41491026, 0.48772374, -0.33103207, 27.94577599, 23.94109726, 115.48011017, -15.11254025, -21.89418221, -88.74597931, 22.80189133, 43.82785797, 33.88365936, 1.00000000, 0.00000000, 0.00000000, 0.00000000, 0.23412064, -0.13135040, -0.12996441, 101.51400757, -15.72152328, 39.71999741, 0.00000000
5, 0.2699, 27, 0.15347697, -0.20735645, -0.41572407, 104.24626160, -123.04609680, 143.51300049, -19.81876564, 12.89096737, -121.45571136, 64.54212952, 47.12205124, 23.29839134, 0.80217397, -0.41108903, -0.42984098, 0.05253150, 0.44521946, -0.21438357, -0.33018228, 0.00000000, 0.00000000, 0.00000000, 0.00000000
5, 0.2799, 28, 0.17251961, -0.23579441, -0.44471848, 93.17434692, -128.44833374, 141.84266663, -22.04033852, 10.84478188, -121.13417053, 67.53140259, 47.76568604, 25.32997894, 0.79097778, -0.42204881, -0.43980891, 0.05288962, 0.41786584, -0.19421114, -0.29814130, 0.00000000, 0.00000000, 0.00000000, 0.00000000
5, 0.2899, 29, 0.26216990, -0.23042920, -0.44375369, 81.29453278, -136.58197021, 138.29481506, -22.04033852, 10.84478188, -121.13417053, 72.05336761, 47.05945969, 29.00980759, 0.77667528, -0.44120282, -0.44764328, 0.04160666, 0.37014765, -0.20702019, -0.18527590, 0.00000000, 0.00000000, 0.00000000, 0.00000000
5, 0.2999, 30, 0.38033652, -0.19546798, -0.43282044, 80.07760620, -142.16554260, 130.25541687, -22.82958221, 10.75708866, -120.95878601, 75.09416199, 47.30326843, 31.07138062, 0.76520157, -0.45263588, -0.45596501, 0.04102960, 0.32024437, -0.23699649, -0.02565522, 0.00000000, 0.00000000, 0.00000000, 0.00000000
5, 0.3099, 31, 0.40138236, -0.12171188, -0.43720013, 86.87730408, -147.48265076, 115.39032745, -24.40806770, 11.10786343, -120.40338898, 78.09439850, 47.45378876, 32.94515610, 0.75367665, -0.46443075, -0.46320149, 0.04147431, 0.36766040, -0.23338620, 0.07072350, 0.00000000, 0.00000000, 0.00000000, 0.00000000
2, 0.3400, 34, -0.00898617, -0.17424333, -0.08780128, 105.84913635, -75.37203217, 369.59478760, -2.19234133, -12.21864891, 46.47763824, -152.83262634, 39.67042542, 170.88703918, 0.31123081, -0.15208073, -0.90513885, 0.24643560, 0.61613029, 0.28042388, 0.49098760, 0.00000000, 0.00000000, 0.00000000, 0.00000000
4, 0.5300, 50, 0.41075060, 0.55491310, -0.32838157, 18.50929642, 19.57834053, 115.34134674, -15.78485775, -21.74802589, -88.80444336, 23.61170959, 44.79995728, 34.79905319, 1.00000000, 0.00000000, 0.00000000, 0.00000000, 0.24627225, -0.16150309, -0.05252440, 101.51400757, -15.72152328, 39.71999741, 0.00000000
2, 0.3500, 35, 0.05112261, -0.17570727, -0.05081914, 107.02197266, -70.24902344, 351.27359009, -4.85238218, -11.25401878, 47.00379944, -152.36935425, 35.58531570, 170.62190247, 0.27715263, -0.14831123, -0.91556299, 0.25086820, 0.51296473, 0.28226641, 0.56351089, 0.00000000, 0.00000000, 0.00000000, 0.00000000
5, 0.3199, 32, 0.30367583, -0.07766846, -0.43643099, 96.61472321, -150.74237061, 97.83784485, -25.43115997, 9.76322746, -119.35106659, 81.00901794, 47.55541229, 34.56857300, 0.74219859, -0.47644976, -0.46931964, 0.04331359, 0.46335787, -0.23612700, 0.05435174, 0.00000000, 0.00000000, 0.00000000, 0.00000000
5, 0.3299, 33, 0.18807808, -0.08641407, -0.41508332, 103.43981171, -143.57624817, 82.42870331, -27.53580856, 10.78631973, -118.82490540, 83.74079132, 47.67086411, 35.94889832, 0.73113573, -0.48786125, -0.47463948, 0.04636246, 0.52938920, -0.26175535, -0.00873644, 0.00000000, 0.00000000, 0.00000000, 0.00000000
5, 0.3399, 34, 0.10551611, -0.14688520, -0.40902275, 102.53628540, -124.31600952, 71.22689819, -28.47120667, 9.79245853, -117.48027039, 89.02477264, 44.37646103, 40.45079422, 0.71110934, -0.51602024, -0.47711670, 0.02015936, 0.52339488, -0.28520998, -0.07235716, 0.00000000, 0.00000000, 0.00000000, 0.00000000
4, 0.5400, 51, 0.37353942, 0.57465458, -0.35273916, 16.03467941, 21.03530884, 113.43185425, -15.40485191, -22.36188316, -88.68751526, 22.06171036, 43.22081757, 34.41328812, 1.00000000, 0.00000000, 0.00000000, 0.00000000, 0.28553349, -0.14589755, -0.01833976, 101.51400757, -15.72152328, 39.71999741, 0.00000000
4, 0.5500, 52, 0.36504480, 0.53003013, -0.40402645, 18.07958794, 25.87421799, 106.54882050, -15.40485191, -22.36188316, -88.68751526, 22.74541092, 44.17931366, 35.15375519, 1.00000000, 0.00000000, 0.00000000, 0.00000000, 0.28402847, -0.07533478, -0.05800933, 101.51400757, -15.72152328, 39.71999741, 0.00000000
4, 0.5600, 53, 0.37867737, 0.47895342, -0.45659822, 20.94596100, 28.34589005, 95.67877960, -15.34638977, -22.74188805, -88.16135406, 23.40081024, 45.06777573, 35.79504395, 1.00000000, 0.00000000, 0.00000000, 0.00000000, 0.28401339, -0.01192178, -0.07558542, 101.51400757, -15.72152328, 39.71999741, 0.00000000
2, 0.3600, 36, 0.05043142, -0.19660363, -0.07866946, 107.72756958, -65.69572449, 336.41128540, -7.80473518, -10.69862556, 47.99766159, -151.49266052, 32.06933212, 171.23942566, 0.24885999, -0.13895595, -0.92359233, 0.25639260, 0.44914731, 0.31282440, 0.56114346, 0.00000000, 0.00000000, 0.00000000, 0.00000000
2, 0.3700, 37, 0.03061379, -0.21990874, -0.07168360, 107.99430847, -66.61241913, 321.94369507, -9.03244686, -7.16164875, 49.04998398, -150.68334961, 28.68088913, 171.72363281, 0.22130452, -0.13015251, -0.93034071, 0.26182240, 0.41409871, 0.31742710, 0.56622916, 0.00000000, 0.00000000, 0.00000000, 0.00000000
5, 0.3499, 35, 0.10202897, -0.21490224, -0.45464215, 93.48538971, -100.18953705, 67.74597931, -28.47120667, 9.79245853, -117.48027039, 91.08489990, 44.54307175, 41.51046753, 0.70193380, -0.52358872, -0.48228839, 0.02327794, 0.43947929, -0.27763119, -0.06758332, 0.00000000, 0.00000000, 0.00000000, 0.00000000
4, 0.5700, 54, 0.38666993, 0.45631263, -0.49187294, 21.55719566, 26.98419762, 82.62342072, -15.55100822, -24.90499878, -87.98596954, 24.00693321, 45.84687805, 36.34628296, 1.00000000, 0.00000000, 0.00000000, 0.00000000, 0.28681436, 0.02592354, -0.07307593, 101.51400757, -15.72152328, 39.71999741, 0.00000000
4, 0.5800, 55, 0.38547844, 0.46785280, -0.52020925, 21.71625710, 22.26019096, 69.44657898, -15.58023930, -24.37883568, -88.13212585, 24.57280731, 46.49440002, 36.83282852, 1.00000000, 0.00000000, 0.00000000, 0.00000000, 0.29505485, 0.04582353, -0.04173267, 101.51400757, -15.72152328, 39.71999741, 0.00000000
4, 0.5900, 56, 0.38881692, 0.46539208, -0.54000270, 22.93897057, 15.19204712, 57.39065170, -15.58023930, -24.37883568, -88.13212585, 26.51807213, 44.24885559, 39.86510086, 1.00000000, 0.00000000, 0.00000000, 0.00000000, 0.28974706, 0.05460325, -0.03422761, 101.51400757, -15.72152328, 39.71999741, 0.00000000
2, 0.3800, 38, -0.00107569, -0.22716323, -0.04415223, 109.25797272, -68.09062195, 306.68969727, -9.03244686, -7.16164875, 49.04998398, -149.90968323, 25.42694664, 172.08796692, 0.19455557, -0.12198399, -0.93585879, 0.26727599, 0.39758182, 0.31662881, 0.58925825, 0.00000000, 0.00000000, 0.00000000, 0.00000000
4, 0.6000, 57, 0.39720398, 0.44448578, -0.54258835, 21.77033806, 7.46921730, 47.17144394, -15.08330917, -24.72961044, -87.92750549, 27.02763367, 44.62065506, 40.29157639, 1.00000000, 0.00000000, 0.00000000, 0.00000000, 0.26264602, 0.03789873, -0.06363938, 101.51400757, -15.72152328, 39.71999741, 0.00000000
5, 0.3599, 36, 0.15329421, -0.23024264, -0.49065149, 87.16272736, -87.49454498, 68.44451141, -29.23121834, 9.29552746, -117.30487823, 93.01298523, 44.71064758, 42.57730103, 0.69328749, -0.53010231, -0.48751262, 0.02598911, 0.39597946, -0.24032216, -0.01356103, 0.00000000, 0.00000000, 0.00000000, 0.00000000
5, 0.3699, 37, 0.26679119, -0.20575957, -0.50287241, 82.20484924, -86.43041992, 68.04225922, -30.25431061, 10.23092651, -116.57409668, 94.90439606, 44.82028198, 43.64379501, 0.68474448, -0.53644520, -0.49249116, 0.02835703, 0.34717828, -0.22318402, 0.11417750, 0.00000000, 0.00000000, 0.00000000, 0.00000000
4, 0.6100, 58, 0.41353878, 0.43238524, -0.55609179, 17.06795502, 2.32152796, 38.36639786, -15.02484608, -25.37269783, -87.89827728, 27.46338654, 44.89377213, 40.67930222, 1.00000000, 0.00000000, 0.00000000, 0.00000000, 0.25062686, 0.05125006, -0.06559228, 101.51400757, -15.72152328, 39.71999741, 0.00000000
2, 0.3900, 39, -0.07877365, -0.30706131, -0.01558240, 104.99592590, -66.30229187, 287.05953979, -11.89710617, -5.87547493, 50.65770340, -149.20059204, 22.36728668, 172.35681152, 0.16921179, -0.11442761, -0.94025320, 0.27239269, 0.41296041, 0.26204953, 0.54697019, 0.00000000, 0.00000000, 0.00000000, 0.00000000
2, 0.4000, 40, -0.12747149, -0.34403175, -0.05223630, 88.45423889, -60.24217606, 268.18881226, -13.76790428, -3.94621444, 51.24232483, -148.88217163, 13.27750492, 167.66261292, 0.08209781, -0.13365504, -0.94802272, 0.27685609, 0.37244821, 0.28379714, 0.50225353, 0.00000000, 0.00000000, 0.00000000, 0.00000000
2, 0.4100, 41, -0.17706098, -0.36832678, -0.05461398, 72.08632660, -59.93733215, 243.44584656, -15.11254025, -2.04618526, 52.20695496, -148.50904846, 10.69452858, 167.76004028, 0.06037918, -0.12730920, -0.95013046, 0.27820659, 0.29172930, 0.29068333, 0.49872088, 0.00000000, 0.00000000, 0.00000000, 0.00000000
4, 0.6200, 59, 0.43803489, 0.44767046, -0.60055041, 14.41201782, 2.63541627, 32.37417984, -14.79099655, -25.72347260, -87.95673370, 27.83068466, 45.12757874, 41.00371933, 1.00000000, 0.00000000, 0.00000000, 0.00000000, 0.22716139, 0.08502299, -0.03303470, 101.51400757, -15.72152328, 39.71999741, 0.00000000
4, 0.6300, 60, 0.46967730, 0.49638391, -0.65090597, 17.88655663, 5.66994381, 28.51606750, -14.41099072, -26.54194641, -87.78134918, 28.19173241, 45.35533142, 41.26515198, 1.00000000, 0.00000000, 0.00000000, 0.00000000, 0.19403495, 0.11333767, 0.03206092, 101.51400757, -15.72152328, 39.71999741, 0.00000000
5, 0.3799, 38, 0.38405392, -0.15426461, -0.49482831, 78.59922791, -93.24642181, 65.54216003, -30.83893585, 9.09090900, -115.90177917, 96.80773163, 44.83602142, 44.67836761, 0.67604643, -0.54321206, -0.49694043, 0.03053173, 0.31774426, -0.22428399, 0.26221257, 0.00000000, 0.00000000, 0.00000000, 0.00000000
2, 0.4200, 42, -0.18815964, -0.44249141, 0.02303131, 61.68207169, -56.25913620, 221.99909973, -16.16486359, -0.11692487, 52.29465103, -148.21546936, 8.34050751, 167.80949402, 0.04054664, -0.12165369, -0.95169455, 0.27898735, 0.26103550, 0.19199736, 0.50085616, 0.00000000, 0.00000000, 0.00000000, 0.00000000
2, 0.4300, 43, -0.22321892, -0.48706582, 0.08588719, 52.73652267, -45.88546371, 206.88996887, -16.16486359, -0.11692487, 52.29465103, -147.99670410, 6.16835546, 167.89735413, 0.02241168, -0.11593741, -0.95294923, 0.27918446, 0.25944081, 0.12248709, 0.50563270, 0.00000000, 0.00000000, 0.00000000, 0.00000000
4, 0.6400, 61, 0.52327579, 0.58804041, -0.66404456, 24.60954475, 8.23145771, 25.52183723, -14.41099072, -26.54194641, -87.78134918, 28.40247726, 43.39660645, 42.47806931, 1.00000000, 0.00000000, 0.00000000, 0.00000000, 0.13023447, 0.08917660, 0.11735795, 101.51400757, -15.72152328, 39.71999741, 0.00000000
2, 0.4400, 44, -0.25349286, -0.49028501, 0.11311246, 44.15418625, -38.14866257, 193.98295593, -16.92487526, 1.87079799, 52.58696365, -147.85231018, 4.15013456, 168.00770569, 0.00569878, -0.11028290, -0.95397437, 0.27881563, 0.25709766, 0.10526071, 0.51531917, 0.00000000, 0.00000000, 0.00000000, 0.00000000
2, 0.4500, 45, -0.36546677, -0.48219845, 0.11238089, 38.07897186, -35.65596390, 180.09577942, -17.18795586, 3.06927800, 53.17158508, -144.83810425, -3.86801553, 165.77293396, -0.06930827, -0.10786952, -0.94667673, 0.29557353, 0.30603331, 0.12476577, 0.48391992, 0.00000000, 0.00000000, 0.00000000, 0.00000000
4, 0.6500, 62, 0.55438584, 0.66108024, -0.63172948, 29.34359169, 9.32045269, 19.41995811, -14.49868488, -26.89272118, -87.13825989, 28.79280281, 43.58546829, 42.61767960, 1.00000000, 0.00000000, 0.00000000, 0.00000000, 0.07736127, 0.02281952, 0.15898818, 101.51400757, -15.72152328, 39.71999741, 0.00000000
2, 0.4600, 46, -0.48868716, -0.50001842, 0.11322718, 29.56989098, -35.23458862, 163.36160278, -17.71411896, 4.23852682, 53.37620544, -144.78828430, -5.56388855, 165.72624207, -0.08343770, -0.10371517, -0.94648403, 0.29402295, 0.31036651, 0.14319876, 0.41581818, 0.00000000, 0.00000000, 0.00000000, 0.00000000
5, 0.3899, 39, 0.40980023, -0.10655675, -0.48109028, 75.81463623, -100.88227844, 60.47076035, -32.27126694, 8.91552162, -116.25255585, 91.08610535, 43.49436188, 44.20345306, 0.70222843, -0.51662242, -0.48987395, 0.00026733, 0.33619055, -0.23763339, 0.31226188, 0.00000000, 0.00000000, 0.00000000, 0.00000000
5, 0.3999, 40, 0.31024712, -0.05869687, -0.47568351, 74.69601440, -100.55907440, 56.00602722, -32.27126694, 8.91552162, -116.25255585, 92.90663147, 43.48253632, 45.08467484, 0.69397157, -0.52398181, -0.49380112, 0.00263879, 0.42254338, -0.25555852, 0.21550594, 0.00000000, 0.00000000, 0.00000000, 0.00000000
5, 0.4099, 41, 0.18013737, -0.05869708, -0.49712309, 73.21140289, -96.17453766, 52.72937012, -32.82666016, 9.23706532, -114.96638489, 94.65118408, 43.46638870, 45.91614532, 0.68596506, -0.53095937, -0.49750221, 0.00507620, 0.50016725, -0.23312929, 0.13361864, 0.00000000, 0.00000000, 0.00000000, 0.00000000
5, 0.4199, 42, 0.12215284, -0.16083708, -0.52829492, 68.56456757, -90.28291321, 50.84334183, -33.70359421, 8.65244102, -114.26483154, 96.29843903, 43.43246078, 46.71364212, 0.67831647, -0.53743809, -0.50099307, 0.00728938, 0.45233586, -0.20879556, 0.04546954, 0.00000000, 0.00000000, 0.00000000, 0.00000000
5, 0.4299, 43, 0.13823968, -0.31305161, -0.59684664, 57.96203613, -82.13912964, 53.15287018, -34.93130493, 9.03244686, -112.89096832, 97.82455444, 43.34709167, 47.52547836, 0.67113650, -0.54323512, -0.50437748, 0.00865555, 0.31693730, -0.15127289, -0.01759198, 0.00000000, 0.00000000, 0.00000000, 0.00000000
4, 0.6600, 63, 0.57560724, 0.73003656, -0.57574815, 27.28858566, 10.56994820, 8.87758446, -14.32329750, -27.15580177, -87.34288025, 29.08298302, 43.71423340, 42.63671875, 1.00000000, 0.00000000, 0.00000000, 0.00000000, 0.05491170, -0.05604177, 0.20696206, 101.51400757, -15.72152328, 39.71999741, 0.00000000
4, 0.6700, 64, 0.62664813, 0.82423240, -0.54206824, 20.05381584, 14.52081013, -4.06930542, -14.58637810, -26.65887070, -86.69979095, 29.18477249, 43.79006195, 42.47952271, 1.00000000, 0.00000000, 0.00000000, 0.00000000, -0.00020260, -0.12104024, 0.28251410, 101.51400757, -15.72152328, 39.71999741, 0.00000000
4, 0.6800, 65, 0.72479236, 0.94507194, -0.53227168, 14.49856853, 23.34049606, -14.93920517, -14.38175964, -26.86348915, -87.51826477, 29.10195732, 43.86274719, 42.12390900, 1.00000000, 0.00000000, 0.00000000, 0.00000000, -0.10491657, -0.17060101, 0.38643092, 101.51400757, -15.72152328, 39.71999741, 0.00000000
4, 0.6900, 66, 0.79527575, 1.04601622, -0.54466218, 9.01243305, 34.37432098, -24.02520180, -14.38175964, -26.86348915, -87.51826477, 24.52289391, 43.11244965, 39.80681610, 1.00000000, 0.00000000, 0.00000000, 0.00000000, -0.18371662, -0.17938045, 0.47176465, 101.51400757, -15.72152328, 39.71999741, 0.00000000
2, 0.4700, 47, -0.55895132, -0.56334865, 0.16591686, 17.84534645, -34.17032623, 143.78585815, -17.71411896, 4.23852682, 53.37620544, -144.81066895, -7.04946280, 165.63592529, -0.09586401, -0.10051028, -0.94627404, 0.29201567, 0.34862182, 0.05974943, 0.38672879, 0.00000000, 0.00000000, 0.00000000, 0.00000000
2, 0.4800, 48, -0.52061677, -0.71385103, 0.24400689, 1.85018730, -32.46430206, 125.10260773, -19.08798599, 5.58316278, 54.19467926, -144.94744873, -8.32587719, 165.50195312, -0.10656873, -0.09832141, -0.94621962, 0.28921366, 0.27415633, -0.10436647, 0.34468231, 0.00000000, 0.00000000, 0.00000000, 0.00000000
2, 0.4900, 49, -0.43863878, -0.89130718, 0.31599694, -9.31914234, -28.24989128, 107.93492889, -18.76644325, 6.22624969, 53.81467438, -145.16423035, -9.41116619, 165.36293030, -0.11563941, -0.09677889, -0.94631195, 0.28592864, 0.15490495, -0.28441429, 0.29265743, 0.00000000, 0.00000000, 0.00000000, 0.00000000
4, 0.7000, 67, 0.86548930, 1.16507423, -0.58511841, 3.70060706, 43.33259583, -31.63473511, -14.49868488, -26.77579689, -86.40748596, 24.10087204, 43.18538284, 39.08335495, 1.00000000, 0.00000000, 0.00000000, 0.00000000, -0.26947695, -0.14391482, 0.56601983, 101.51400757, -15.72152328, 39.71999741, 0.00000000
2, 0.5000, 50, -0.38472894, -1.08340621, 0.37415999, -16.25105476, -23.44439316, 93.50747681, -20.14031029, 7.07395506, 54.37006760, -140.50939941, -10.03984547, 164.11404419, -0.12807350, -0.10028607, -0.93268329, 0.32193443, 0.06143681, -0.44865006, 0.20183814, 0.00000000, 0.00000000, 0.00000000, 0.00000000
5, 0.4399, 44, 0.28120270, -0.41898027, -0.57043982, 49.33337021, -73.06597900, 52.98824310, -35.07746124, 5.49546909, -112.51096344, 97.48068237, 44.54102707, 48.14462662, 0.67340779, -0.53321081, -0.51194060, 0.01118717, 0.15062262, -0.18171735, 0.04533863, 0.00000000, 0.00000000, 0.00000000, 0.00000000
5, 0.4499, 45, 0.40748408, -0.41234291, -0.56586504, 38.42304611, -61.35611343, 42.94316483, -35.07746124, 5.49546909, -112.51096344, 98.63035583, 44.42850113, 48.79830170, 0.66804254, -0.53751314, -0.51445103, 0.01178399, 0.09020390, -0.17551987, 0.14760569, 0.00000000, 0.00000000, 0.00000000, 0.00000000
5, 0.4599, 46, 0.33655480, -0.35425311, -0.56612098, 31.57588196, -53.91558075, 30.08063316, -35.16515732, 9.14937115, -112.83250427, 99.55181885, 44.31350708, 49.25888062, 0.66368413, -0.54130912, -0.51609254, 0.01250574, 0.17791525, -0.17003301, 0.13902825, 0.00000000, 0.00000000, 0.00000000, 0.00000000
2, 0.5100, 51, -0.28400099, -1.23969960, 0.39644980, -21.71936798, -17.72370148, 81.59181213, -19.90645981, 7.98012257, 53.96083069, -140.80812073, -10.82112408, 163.94998169, -0.13457373, -0.09961966, -0.93311411, 0.31821993, -0.07182142, -0.52848351, 0.09970394, 0.00000000, 0.00000000, 0.00000000, 0.00000000
5, 0.4699, 47, 0.22327474, -0.35404411, -0.58633626, 26.57128525, -51.85083389, 16.90877533, -36.36363602, 8.82782841, -111.95556641, 100.29866791, 44.18347168, 49.52519226, 0.66008782, -0.54500252, -0.51679248, 0.01348731, 0.24414675, -0.14967458, 0.05853387, 0.00000000, 0.00000000, 0.00000000, 0.00000000
5, 0.4799, 48, 0.28061363, -0.45407882, -0.60642642, 21.22328758, -45.93605423, 5.76092720, -36.59748459, 9.09090900, -111.63402557, 100.85843658, 44.06068802, 49.62710571, 0.65734315, -0.54830778, -0.51676381, 0.01462454, 0.12724872, -0.13782573, 0.05043452, 0.00000000, 0.00000000, 0.00000000, 0.00000000
5, 0.4899, 49, 0.40939450, -0.62830305, -0.64844978, 14.31858158, -35.36185837, -1.22504365, -36.36363602, 9.23706532, -111.40017700, 100.74028778, 46.14427948, 50.07290268, 0.65940142, -0.53621656, -0.52633643, 0.02513221, -0.08626875, -0.10393779, 0.04781777, 0.00000000, 0.00000000, 0.00000000, 0.00000000
5, 0.4999, 50, 0.58826703, -0.82333910, -0.69991940, 8.61778164, -24.29456329, -8.00427341, -36.36363602, 9.23706532, -111.40017700, 100.91238403, 46.07422256, 49.96516800, 0.65852559, -0.53801942, -0.52554613, 0.02608430, -0.33346844, -0.04976931, 0.06383292, 0.00000000, 0.00000000, 0.00000000, 0.00000000
2, 0.5200, 52, -0.28954047, -1.35534668, 0.38951272, -26.38469315, -11.88815784, 72.81478882, -19.90645981, 7.98012257, 53.96083069, -141.15327454, -11.50296974, 163.83139038, -0.14010184, -0.09896459, -0.93370104, 0.31429297, -0.10219492, -0.61036742, 0.01570679, 0.00000000, 0.00000000, 0.00000000, 0.00000000
2, 0.5300, 53, -0.33225271, -1.41739106, 0.35814488, -33.56533813, -6.40984392, 65.72103119, -20.25723457, 8.24320412, 53.81467438, -141.57112122, -12.09770298, 163.75047302, -0.14476073, -0.09838182, -0.93451178, 0.30992460, -0.08947770, -0.63800538, -0.05709350, 0.00000000, 0.00000000, 0.00000000, 0.00000000
2, 0.5400, 54, -0.45826104, -1.47425890, 0.33899021, -41.55569458, -4.00097942, 59.00183105, -20.11107826, 7.89242887, 54.31160355, -142.05834961, -12.61106205, 163.67483521, -0.14869007, -0.09811617, -0.93550974, 0.30509990, 0.00817790, -0.67157173, -0.13955595, 0.00000000, 0.00000000, 0.00000000, 0.00000000
5, 0.5099, 51, 0.71729469, -0.90404415, -0.75807256, 0.81976873, -3.77911615, -11.51711845, -35.98363113, 8.65244102, -111.34171295, 100.83639526, 46.07366943, 49.80098724, 0.65884435, -0.53833765, -0.52479064, 0.02667615, -0.47987330, 0.00138149, 0.11471439, 0.00000000, 0.00000000, 0.00000000, 0.00000000
4, 0.7100, 68, 0.90579587, 1.26979387, -0.63375187, -1.67777371, 47.54533768, -41.28384399, -14.32329750, -26.65887070, -86.37825012, 23.53446579, 43.21438599, 38.22078705, 1.00000000, 0.00000000, 0.00000000, 0.00000000, -0.31703231, -0.12737204, 0.67583108, 101.51400757, -15.72152328, 39.71999741, 0.00000000
4, 0.7200, 69, 0.90072560, 1.31266916, -0.68864107, -5.76542234, 43.98840714, -55.70923996, -14.35252857, -26.54194641, -85.96901703, 22.85855484, 43.10791779, 37.25565720, 1.00000000, 0.00000000, 0.00000000, 0.00000000, -0.31671685, -0.08305164, 0.73119938, 101.51400757, -15.72152328, 39.71999741, 0.00000000
4, 0.7300, 70, 0.94589734, 1.33415484, -0.77911514, -9.78904438, 36.49935150, -67.97427368, -14.35252857, -26.54194641, -85.96901703, 22.11819649, 42.85269928, 36.25456619, 1.00000000, 0.00000000, 0.00000000, 0.00000000, -0.36788654, 0.00236342, 0.77301657, 101.51400757, -15.72152328, 39.71999741, 0.00000000
4, 0.7400, 71, 1.05482996, 1.38474298, -0.86386997, -8.95372868, 28.27481461, -74.58128357, -14.03098488, -25.84039688, -85.38439178, 19.72115707, 41.57452393, 34.63800812, 1.00000000, 0.00000000, 0.00000000, 0.00000000, -0.48903710, 0.07636006, 0.83001423, 101.51400757, -15.72152328, 39.71999741, 0.00000000
4, 0.7500, 72, 1.19017565, 1.40907717, -0.91850704, -7.50259495, 19.70562172, -74.59443665, -13.18327999, -27.21426392, -85.41362000, 19.12384033, 41.12261963, 33.80111694, 1.00000000, 0.00000000, 0.00000000, 0.00000000, -0.64131105, 0.13812685, 0.84115165, 101.51400757, -15.72152328, 39.71999741, 0.00000000
4, 0.7600, 73, 1.31054473, 1.45761490, -0.95630789, -12.80084991, 15.92211056, -68.32025146, -13.38789845, -24.58345413, -85.00438690, 18.53878021, 40.69093704, 33.06214142, 1.00000000, 0.00000000, 0.00000000, 0.00000000, -0.77131629, 0.16282672, 0.88377655, 101.51400757, -15.72152328, 39.71999741, 0.00000000
5, 0.5199, 52, 0.77125472, -0.89066780, -0.84072185, -4.85173702, 11.08451080, -10.23186207, -36.62671661, 8.74013424, -111.19555664, 100.61711884, 46.11762619, 49.65019226, 0.65986598, -0.53756654, -0.52428961, 0.02682701, -0.50707650, 0.08480175, 0.15952200, 0.00000000, 0.00000000, 0.00000000, 0.00000000
4, 0.7700, 74, 1.36159289, 1.52136731, -1.01858640, -21.52204132, 13.96935272, -59.35658646, -13.79713535, -26.68810272, -84.53668213, 17.92932892, 40.31395340, 32.41875458, 1.00000000, 0.00000000, 0.00000000, 0.00000000, -0.83311170, 0.20600981, 0.95430952, 101.51400757, -15.72152328, 39.71999741, 0.00000000
2, 0.5500, 55, -0.60348970, -1.62208402, 0.28156310, -49.47060776, -0.18307945, 52.47318649, -20.57877731, 7.36626720, 54.10698700, -140.23548889, -12.90092659, 162.61897278, -0.15549602, -0.10342336, -0.92948467, 0.31809282, 0.10186083, -0.73439825, -0.32084745, 0.00000000, 0.00000000, 0.00000000, 0.00000000
2, 0.5600, 56, -0.76706338, -1.78637409, 0.26602590, -49.31542206, 2.49467874, 46.52574539, -20.49108505, 9.44168377, 53.99005890, -140.79185486, -13.27030754, 162.57131958, -0.15808576, -0.10344984, -0.93079543, 0.31293276, 0.22027832, -0.82279545, -0.50192839, 0.00000000, 0.00000000, 0.00000000, 0.00000000
2, 0.5700, 57, -0.88065928, -1.95869827, 0.25411892, -44.32444382, 4.71431541, 38.10887527, -20.49108505, 9.44168377, 53.99005890, -141.29525757, -13.56357956, 162.55346680, -0.16003327, -0.10341321, -0.93199390, 0.30835456, 0.28911054, -0.94269902, -0.65427041, 0.00000000, 0.00000000, 0.00000000, 0.00000000
2, 0.5800, 58, -0.94652015, -2.10742927, 0.30345929, -37.75859070, 9.83216095, 24.90286255, -20.05261612, 9.17860222, 54.13621521, -141.73368835, -13.73252678, 162.59208679, -0.16089210, -0.10321089, -0.93311083, 0.30457425, 0.32969117, -1.08874154, -0.73670667, 0.00000000, 0.00000000, 0.00000000, 0.00000000
2, 0.5900, 59, -0.94063127, -2.19548559, 0.33147037, -37.94641876, 16.26741600, 16.74879456, -20.98801422, 9.88015175, 53.81467438, -142.18476868, -13.81288147, 162.68846130, -0.16087846, -0.10282259, -0.93434483, 0.30090767, 0.31054884, -1.17660451, -0.77249312, 0.00000000, 0.00000000, 0.00000000, 0.00000000
4, 0.7800, 75, 1.29848993, 1.55290413, -1.08853245, -24.49070930, 5.39506960, -56.32594299, -13.79713535, -26.68810272, -84.53668213, 17.36400986, 39.90455627, 31.89451218, 1.00000000, 0.00000000, 0.00000000, 0.00000000, -0.77909553, 0.26722693, 1.00533068, 101.51400757, -15.72152328, 39.71999741, 0.00000000
4, 0.7900, 76, 1.32381797, 1.50844288, -1.14545918, -18.41943550, -2.48956990, -53.24999237, -13.65097904, -24.37883568, -84.88745880, 17.35778046, 39.51353455, 31.58395004, 1.00000000, 0.00000000, 0.00000000, 0.00000000, -0.80843318, 0.33935338, 0.97503650, 101.51400757, -15.72152328, 39.71999741, 0.00000000
5, 0.5299, 53, 0.81027812, -0.83897054, -0.98251957, -9.50299358, 19.60839081, -8.56739521, -36.53902435, 8.97398376, -111.10786438, 100.31352997, 46.17464828, 49.51686096, 0.66129148, -0.53616732, -0.52393866, 0.02657881, -0.49830669, 0.23039910, 0.21143666, 0.00000000, 0.00000000, 0.00000000, 0.00000000
5, 0.5399, 54, 0.84781194, -0.85881114, -1.11521983, -14.67881870, 16.67786789, -8.78167152, -36.04209137, 8.68167210, -110.93247223, 97.30358887, 47.05130005, 47.81829453, 0.67519069, -0.52237272, -0.52003372, 0.02844712, -0.54240233, 0.36223191, 0.21048945, 0.00000000, 0.00000000, 0.00000000, 0.00000000
5, 0.5499, 55, 0.87899876, -0.94634211, -1.19742334, -20.13374519, 12.34811783, -13.23200989, -36.62671661, 8.76936531, -111.16632080, 96.92871857, 46.97817612, 47.59525681, 0.67682028, -0.52150339, -0.51883245, 0.02759432, -0.62855822, 0.44051737, 0.14887233, 0.00000000, 0.00000000, 0.00000000, 0.00000000
2, 0.6000, 60, -1.01110494, -2.22874713, 0.24444871, -40.04567337, 23.99442673, 15.93616390, -20.81262779, 10.11400127, 53.43466949, -141.22738647, -13.93998718, 162.21025085, -0.16403803, -0.10498199, -0.93129838, 0.30782101, 0.35447881, -1.13957345, -0.87202764, 0.00000000, 0.00000000, 0.00000000, 0.00000000
2, 0.6100, 61, -1.12528706, -2.20806384, 0.08112489, -38.13644409, 27.85287285, 24.12306023, -21.28032684, 10.28938866, 53.58082199, -141.74609375, -14.07908249, 162.42843628, -0.16410027, -0.10353585, -0.93280387, 0.30369142, 0.43521279, -1.00121164, -1.00510991, 0.00000000, 0.00000000, 0.00000000, 0.00000000
4, 0.8000, 77, 1.41393352, 1.39738321, -1.15513504, -5.77311516, -5.91463232, -45.60968781, -13.65097904, -23.53113174, -85.29669952, 17.11783028, 39.11491013, 31.28532600, 1.00000000, 0.00000000, 0.00000000, 0.00000000, -0.89642125, 0.38473105, 0.86377752, 101.51400757, -15.72152328, 39.71999741, 0.00000000
5, 0.5599, 56, 0.88526618, -1.20050669, -1.28661060, -23.62824249, 13.06788349, -19.84780884, -36.62671661, 8.76936531, -111.16632080, 96.45819092, 46.88525772, 47.27203369, 0.67885607, -0.52060086, -0.51711881, 0.02678427, -0.84022164, 0.50714791, -0.00957374, 0.00000000, 0.00000000, 0.00000000, 0.00000000
5, 0.5699, 57, 0.88836414, -1.40435040, -1.36707604, -25.48773193, 26.02241135, -24.77318954, -36.48056030, 9.20783424, -111.42940521, 95.82228851, 46.85767365, 46.87348175, 0.68164098, -0.51874572, -0.51535124, 0.02610922, -1.00918174, 0.56943202, -0.14140864, 0.00000000, 0.00000000, 0.00000000, 0.00000000
5, 0.5799, 58, 0.87933058, -1.48498344, -1.47756100, -27.06744385, 44.55714417, -26.23916626, -36.48056030, 8.76936531, -111.22478485, 95.00982666, 46.92815781, 46.44593048, 0.68522531, -0.51550359, -0.51388156, 0.02545902, -1.07412851, 0.67260933, -0.21179338, 0.00000000, 0.00000000, 0.00000000, 0.00000000
5, 0.5899, 59, 0.86086881, -1.50463390, -1.62969398, -30.68393326, 53.84991837, -19.92512894, -35.95439911, 6.92779875, -111.69248962, 95.52346039, 47.43835068, 47.29679871, 0.68320960, -0.51243204, -0.51958185, 0.02593824, -1.08581936, 0.82465869, -0.25217491, 0.00000000, 0.00000000, 0.00000000, 0.00000000
5, 0.5999, 60, 0.87592787, -1.54192054, -1.78180075, -34.91501236, 45.95213699, -8.68508339, -35.92516708, 8.91552162, -112.54019165, 94.81884003, 47.44689560, 47.11455154, 0.68631208, -0.50900859, -0.51895618, 0.02388865, -1.12993872, 0.97810757, -0.26767644, 0.00000000, 0.00000000, 0.00000000, 0.00000000
5, 0.6099, 61, 0.83316249, -1.55420220, -1.91791368, -36.01219177, 25.36200523, -0.13595474, -35.92516708, 8.91552162, -112.54019165, 94.36418152, 47.31705093, 47.06700516, 0.68829685, -0.50708461, -0.51832348, 0.02129364, -1.12325025, 1.11125636, -0.32219025, 0.00000000, 0.00000000, 0.00000000, 0.00000000
5, 0.6199, 62, 0.71667504, -1.53485584, -1.96616864, -30.62663651, -2.36632061, 6.26769114, -35.42823792, 4.99853849, -113.12481689, 94.24138641, 47.05865860, 47.13362122, 0.68880928, -0.50721365, -0.51761585, 0.01870430, -1.04266298, 1.15797663, -0.40814131, 0.00000000, 0.00000000, 0.00000000, 0.00000000
5, 0.6299, 63, 0.64377505, -1.43974066, -1.93816686, -21.29220390, -12.14450264, 14.34584999, -35.19438553, 8.59397793, -112.36480713, 94.34282684, 46.81229782, 47.33094025, 0.68834454, -0.50804448, -0.51749694, 0.01641890, -0.92448997, 1.13434005, -0.40611804, 0.00000000, 0.00000000, 0.00000000, 0.00000000
2, 0.6200, 62, -1.23276603, -2.25134826, -0.07891673, -36.73227310, 27.54076004, 33.24500275, -21.28032684, 10.28938866, 53.58082199, -142.27090454, -14.30820751, 162.65667725, -0.16487174, -0.10175593, -0.93425643, 0.29937932, 0.49712288, -0.92472762, -1.16689265, 0.00000000, 0.00000000, 0.00000000, 0.00000000
5, 0.6399, 64, 0.69028622, -1.46580768, -2.00207329, -10.23045444, -9.27371311, 20.65295982, -35.19438553, 9.17860222, -112.86173248, 96.35935974, 45.86227798, 48.64175034, 0.67918819, -0.51843727, -0.51941299, 0.01167872, -0.98206782, 1.19180250, -0.38037163, 0.00000000, 0.00000000, 0.00000000, 0.00000000
5, 0.6499, 65, 0.73573446, -1.54517794, -2.02475238, -0.22835828, -15.28339863, 29.42585754, -35.63285446, 8.36012840, -112.68634796, 96.76290894, 45.74782944, 49.06422043, 0.67735273, -0.51942557, -0.52085006, 0.01027769, -1.08271694, 1.20086193, -0.37246132, 0.00000000, 0.00000000, 0.00000000, 0.00000000
4, 0.8100, 78, 1.51502490, 1.30219340, -1.17124057, 5.73493052, -9.35173225, -35.17068100, -12.94942951, -22.91727448, -85.00438690, 17.07017326, 38.77626038, 31.11509705, 1.00000000, 0.00000000, 0.00000000, 0.00000000, -0.99633569, 0.43249443, 0.76853561, 101.51400757, -15.72152328, 39.71999741, 0.00000000
5, 0.6599, 66, 0.76052409, -1.52559316, -1.97779298, 6.90771389, -25.85721397, 36.47899628, -35.63285446, 8.36012840, -112.68634796, 97.36630249, 45.61714935, 49.59555054, 0.67459565, -0.52115756, -0.52271760, 0.00905281, -1.08074701, 1.15493596, -0.33202842, 0.00000000, 0.00000000, 0.00000000, 0.00000000
4, 0.8200, 79, 1.50202680, 1.24089181, -1.19292259, 16.72346306, -12.40491390, -22.89875221, -13.27097321, -26.04501534, -85.23823547, 17.21236801, 38.51525497, 31.08005905, 1.00000000, 0.00000000, 0.00000000, 0.00000000, -0.98378634, 0.47181353, 0.71650064, 101.51400757, -15.72152328, 39.71999741, 0.00000000
2, 0.6300, 63, -1.29690576, -2.34809995, -0.23940752, -34.69066238, 23.35449219, 42.64649582, -20.60800934, 9.85092068, 52.73311996, -142.78045654, -14.63625717, 162.85969543, -0.16653866, -0.09988328, -0.93555570, 0.29499811, 0.50547099, -0.88568056, -1.35450983, 0.00000000, 0.00000000, 0.00000000, 0.00000000
5, 0.6699, 67, 0.70929295, -1.54145801, -1.83761454, 7.81056595, -41.60272980, 43.43563461, -35.25284958, 7.95089149, -113.00788879, 98.16227722, 45.38667679, 50.22243118, 0.67088521, -0.52401161, -0.52466029, 0.00752759, -1.05547476, 1.01274896, -0.36630264, 0.00000000, 0.00000000, 0.00000000, 0.00000000
5, 0.6799, 68, 0.58740234, -1.51751924, -1.72496557, 3.09984398, -61.89473724, 52.05539703, -35.80824280, 8.79859638, -112.59865570, 99.15406036, 44.97954941, 50.95067596, 0.66611296, -0.52830684, -0.52645850, 0.00519827, -0.95933580, 0.89986372, -0.43121228, 0.00000000, 0.00000000, 0.00000000, 0.00000000
5, 0.6899, 69, 0.52864176, -1.41366541, -1.66822588, 1.16452169, -72.44770050, 58.61109161, -36.80210495, 6.86933661, -112.74481201, 101.76854706, 44.25480270, 52.68704987, 0.65341538, -0.53863770, -0.53189409, 0.00255719, -0.84429795, 0.84834123, -0.39340988, 0.00000000, 0.00000000, 0.00000000, 0.00000000
5, 0.6999, 70, 0.48347491, -1.33543038, -1.60936558, 0.71546346, -83.99893951, 64.47561646, -37.67903900, 9.61707115, -112.89096832, 102.96754456, 43.64151382, 53.51042175, 0.64715087, -0.54440004, -0.53368920, -0.00056112, -0.76038927, 0.79274303, -0.34901714, 0.00000000, 0.00000000, 0.00000000, 0.00000000
4, 0.8300, 80, 1.37815702, 1.20599687, -1.17065287, 25.75171280, -15.91361332, -14.78093338, -13.27097321, -26.04501534, -85.23823547, 17.50546455, 38.29604721, 31.14954948, 1.00000000, 0.00000000, 0.00000000, 0.00000000, -0.86062086, 0.45872948, 0.68339765, 101.51400757, -15.72152328, 39.71999741, 0.00000000
4, 0.8400, 81, 1.32959187, 1.26074350, -1.19266868, 32.55249786, -13.96253204, -4.26458263, -13.79713535, -22.94650650, -85.12130737, 19.12809944, 38.62282181, 31.57229042, 1.00000000, 0.00000000, 0.00000000, 0.00000000, -0.81700182, 0.45213336, 0.74785787, 101.51400757, -15.72152328, 39.71999741, 0.00000000
4, 0.8500, 82, 1.29269636, 1.33876729, -1.20213640, 43.16723633, -8.01119518, 8.98248768, -13.38789845, -23.18035698, -85.17977142, 19.66883469, 38.63192368, 31.76051331, 1.00000000, 0.00000000, 0.00000000, 0.00000000, -0.78148264, 0.41742551, 0.83603877, 101.51400757, -15.72152328, 39.71999741, 0.00000000
5, 0.7099, 71, 0.38398209, -1.31888378, -1.49541807, 1.29976165, -87.43621826, 67.87393951, -38.26366425, 9.79245853, -112.01403046, 104.20056152, 42.99298477, 54.35134888, 0.64052230, -0.55034262, -0.53557426, -0.00380295, -0.68760151, 0.67651093, -0.39543113, 0.00000000, 0.00000000, 0.00000000, 0.00000000
4, 0.8600, 83, 1.26821256, 1.39605546, -1.19573116, 53.74065018, 1.17485559, 20.54455948, -13.38789845, -24.84653664, -85.70593262, 20.32710838, 38.78457642, 31.96244431, 1.00000000, 0.00000000, 0.00000000, 0.00000000, -0.75930274, 0.38445991, 0.89321399, 101.51400757, -15.72152328, 39.71999741, 0.00000000
2, 0.6400, 64, -1.32362914, -2.41262770, -0.24419536, -29.67106819, 18.49678040, 53.91303253, -21.30955887, 9.61707115, 53.08389282, -143.24928284, -15.08774948, 163.04107666, -0.16931103, -0.09779147, -0.93661606, 0.29072508, 0.51115549, -0.93505561, -1.40576315, 0.00000000, 0.00000000, 0.00000000, 0.00000000
5, 0.7199, 72, 0.30305067, -1.45027614, -1.34661674, -2.27618861, -81.45664215, 67.79909515, -38.26366425, 9.79245853, -112.01403046, 105.33593750, 42.34089279, 55.16028976, 0.63419431, -0.55581439, -0.53741485, -0.00729634, -0.74106544, 0.51386386, -0.51549697, 0.00000000, 0.00000000, 0.00000000, 0.00000000
4, 0.8700, 84, 1.29921079, 1.32648587, -1.17712951, 63.77096558, 10.05638027, 28.39598083, -13.38789845, -24.84653664, -85.70593262, 21.08386040, 39.05013275, 32.15460205, 1.00000000, 0.00000000, 0.00000000, 0.00000000, -0.78212267, 0.38220015, 0.82524288, 101.51400757, -15.72152328, 39.71999741, 0.00000000
5, 0.7299, 73, 0.38349968, -1.46114457, -1.38870835, -10.22323132, -68.83608246, 72.49496460, -39.19906235, 10.23092651, -111.60478973, 106.33219910, 41.68297195, 55.99761581, 0.62837774, -0.56032771, -0.53948122, -0.01158942, -0.80980039, 0.55108261, -0.44528401, 0.00000000, 0.00000000, 0.00000000, 0.00000000
4, 0.8800, 85, 1.32735038, 1.19644976, -1.15673470, 74.87976837, 12.87735844, 34.61290359, -13.38789845, -24.02806091, -84.85823059, 21.97828293, 39.37592316, 32.38734818, 1.00000000, 0.00000000, 0.00000000, 0.00000000, -0.79702598, 0.39768386, 0.70161289, 101.51400757, -15.72152328, 39.71999741, 0.00000000
2, 0.6500, 65, -1.29120994, -2.36447525, -0.14831167, -26.40481567, 12.97653294, 65.48777771, -21.51417732, 10.93247604, 52.73311996, -143.23422241, -15.89935207, 162.98605347, -0.17600547, -0.09589598, -0.93596220, 0.28948376, 0.49719083, -0.97589707, -1.29805350, 0.00000000, 0.00000000, 0.00000000, 0.00000000
2, 0.6600, 66, -1.21311259, -2.18659616, 0.01636378, -29.21830559, 5.93150282, 78.47334290, -21.86495209, 11.72171879, 52.85004425, -143.69946289, -16.60902405, 163.07644653, -0.18111153, -0.09385910, -0.93666387, 0.28469285, 0.47279805, -0.97271419, -1.04579151, 0.00000000, 0.00000000, 0.00000000, 0.00000000
2, 0.6700, 67, -1.14405441, -1.99224353, 0.08001366, -31.34886932, -0.56750894, 88.20714569, -21.86495209, 11.72171879, 52.85004425, -144.17723083, -17.41987991, 163.11550903, -0.18716249, -0.09201857, -0.93720561, 0.27955064, 0.44242489, -0.89073241, -0.84911937, 0.00000000, 0.00000000, 0.00000000, 0.00000000
5, 0.7399, 74, 0.45144266, -1.44135129, -1.51835501, -8.59018326, -65.98146820, 77.53715515, -40.04676819, 10.84478188, -111.51709747, 108.35781097, 41.64141846, 57.50668716, 0.61822855, -0.56437904, -0.54695541, -0.01047200, -0.85028958, 0.68102056, -0.36853939, 0.00000000, 0.00000000, 0.00000000, 0.00000000
4, 0.8900, 86, 1.37350881, 1.10821140, -1.11969876, 82.72949219, 10.69453049, 40.54670715, -13.35866737, -25.34346581, -85.20899963, 23.88133621, 40.80163193, 32.89670181, 1.00000000, 0.00000000, 0.00000000, 0.00000000, -0.82827145, 0.38048333, 0.61544019, 101.51400757, -15.72152328, 39.71999741, 0.00000000
4, 0.9000, 87, 1.37062192, 1.01424682, -1.08928037, 89.43671417, 6.96629000, 48.08217621, -13.27097321, -24.67114830, -84.50745392, 25.06410599, 41.16876602, 33.35000229, 1.00000000, 0.00000000, 0.00000000, 0.00000000, -0.80295104, 0.36725187, 0.53878105, 101.51400757, -15.72152328, 39.71999741, 0.00000000
4, 0.9100, 88, 1.34737182, 0.96724707, -1.06954718, 90.81212616, 2.49871755, 54.81128311, -13.30020428, -25.60654831, -85.15054321, 26.33731079, 41.54344940, 33.92292023, 1.00000000, 0.00000000, 0.00000000, 0.00000000, -0.77134299, 0.35165659, 0.50043660, 101.51400757, -15.72152328, 39.71999741, 0.00000000
4, 0.9200, 89, 1.31828249, 0.97695845, -1.06651819, 90.50241852, 0.13104145, 62.69678497, -13.30020428, -25.60654831, -85.15054321, 27.68227005, 41.94506836, 34.60902023, 1.00000000, 0.00000000, 0.00000000, 0.00000000, -0.73779434, 0.33214876, 0.52227896, 101.51400757, -15.72152328, 39.71999741, 0.00000000
2, 0.6800, 68, -1.15477991, -1.84086871, 0.11970341, -29.03936768, -5.38052511, 97.77315521, -21.22186470, 12.24788094, 52.49926758, -144.63500977, -18.33522034, 163.13145447, -0.19413649, -0.09009071, -0.93750966, 0.27435482, 0.47449830, -0.82199216, -0.72036147, 0.00000000, 0.00000000, 0.00000000, 0.00000000
2, 0.6900, 69, -1.13846076, -1.73541987, 0.09078982, -28.78934669, -9.85276318, 106.82355499, -21.95264435, 12.94942951, 52.38234329, -145.09133911, -19.34672356, 163.12362671, -0.20194812, -0.08814132, -0.93760842, 0.26895836, 0.45735204, -0.73679209, -0.66302216, 0.00000000, 0.00000000, 0.00000000, 0.00000000
5, 0.7499, 75, 0.38742566, -1.42884648, -1.58447421, -2.55142808, -81.70557404, 76.68239594, -40.83601379, 10.69862556, -111.45863342, 109.49311066, 40.92007828, 58.34559250, 0.61132687, -0.56969583, -0.54910833, -0.01436190, -0.80871367, 0.75288844, -0.39117843, 0.00000000, 0.00000000, 0.00000000, 0.00000000
5, 0.7599, 76, 0.38875046, -1.38188457, -1.60511339, 3.08367038, -108.61859131, 73.81346893, -41.59602356, 11.16632557, -111.22478485, 110.80830383, 40.07529068, 59.09127045, 0.60313576, -0.57685196, -0.55059719, -0.01766151, -0.78419858, 0.77427518, -0.34406602, 0.00000000, 0.00000000, 0.00000000, 0.00000000
2, 0.7000, 70, -1.21030343, -1.67490089, 0.01051105, -30.66286850, -12.91158867, 112.80251312, -22.44957542, 13.85559750, 52.41157532, -144.84861755, -21.54374313, 162.89372253, -0.22031184, -0.08347650, -0.93449855, 0.26684639, 0.50117642, -0.64552051, -0.69856846, 0.00000000, 0.00000000, 0.00000000, 0.00000000
4, 0.9300, 90, 1.29505336, 0.97891945, -1.04028368, 88.74644470, -3.43015313, 71.70832825, -12.42326832, -26.57117844, -85.15054321, 29.10180664, 42.36835861, 35.43344116, 1.00000000, 0.00000000, 0.00000000, 0.00000000, -0.70872605, 0.29312998, 0.52960861, 101.51400757, -15.72152328, 39.71999741, 0.00000000
4, 0.9400, 91, 1.31673574, 0.96912754, -1.03575671, 86.92517090, -10.03648090, 81.31130981, -12.86173630, -27.38965225, -85.26746368, 30.37648773, 43.54917145, 36.16412354, 1.00000000, 0.00000000, 0.00000000, 0.00000000, -0.72173512, 0.27982783, 0.53261441, 101.51400757, -15.72152328, 39.71999741, 0.00000000
5, 0.7699, 77, 0.38375139, -1.29647005, -1.62266207, 4.47243214, -136.72999573, 67.07923889, -41.59602356, 11.16632557, -111.22478485, 112.24271393, 39.08209991, 59.66928482, 0.59385645, -0.58594573, -0.55098408, -0.02046071, -0.72727031, 0.79555178, -0.27587497, 0.00000000, 0.00000000, 0.00000000, 0.00000000
4, 0.9500, 92, 1.38423240, 0.99176794, -1.07498491, 88.04870605, -16.51132393, 89.50983429, -12.92019844, -28.52966881, -85.12130737, 32.03771973, 43.95285797, 37.34224319, 1.00000000, 0.00000000, 0.00000000, 0.00000000, -0.77899349, 0.29951859, 0.58174384, 101.51400757, -15.72152328, 39.71999741, 0.00000000
5, 0.7799, 78, 0.20558839, -1.24970078, -1.65358686, 3.81034064, -158.34365845, 54.42691803, -42.56065369, 10.52323914, -111.04940033, 113.69470215, 37.98922348, 60.00762939, 0.58406347, -0.59653687, -0.55000275, -0.02259706, -0.59826922, 0.82691449, -0.36773807, 0.00000000, 0.00000000, 0.00000000, 0.00000000
4, 0.9600, 93, 1.40192616, 1.08806360, -1.13415098, 93.08200836, -21.06066513, 93.14010620, -13.56328583, -29.08506203, -85.23823547, 33.82514954, 44.31485367, 38.62687302, 1.00000000, 0.00000000, 0.00000000, 0.00000000, -0.79958260, 0.30654204, 0.70645493, 101.51400757, -15.72152328, 39.71999741, 0.00000000
5, 0.7899, 79, 0.01463659, -1.37223089, -1.82911766, 4.28096724, -178.44116211, 46.52835464, -43.11604691, 11.98479939, -109.79245758, 115.93324280, 35.78585434, 60.65596771, 0.56720036, -0.61404508, -0.54802257, -0.03006290, -0.60956740, 0.98776150, -0.57527781, 0.00000000, 0.00000000, 0.00000000, 0.00000000
4, 0.9700, 94, 1.36958218, 1.10768294, -1.21691370, 104.64418030, -22.72499847, 90.75001526, -13.56328583, -29.08506203, -85.23823547, 35.74559021, 44.61495209, 39.92988968, 1.00000000, 0.00000000, 0.00000000, 0.00000000, -0.76649714, 0.36067128, 0.77144086, 101.51400757, -15.72152328, 39.71999741, 0.00000000
2, 0.7100, 71, -1.39225554, -1.51543689, 0.10231774, -29.43074417, -5.71801329, 112.89147186, -22.74188805, 14.00175381, 52.20695496, -145.35102844, -22.60561943, 162.94120789, -0.22834302, -0.08112419, -0.93442118, 0.26102766, 0.69294000, -0.60558987, -0.58603728, 0.00000000, 0.00000000, 0.00000000, 0.00000000
2, 0.7200, 72, -1.46442819, -1.44831109, 0.13885985, -21.00324631, 9.67012501, 99.13973236, -22.74188805, 14.00175381, 52.20695496, -145.84281921, -23.51724434, 163.15750122, -0.23480964, -0.07785039, -0.93451762, 0.25589174, 0.76641798, -0.59504575, -0.53536963, 0.00000000, 0.00000000, 0.00000000, 0.00000000
2, 0.7300, 73, -1.38984883, -1.59485865, 0.17437401, -13.02604198, 21.53503036, 82.64231873, -23.35574341, 15.90178299, 52.64542389, -146.30255127, -24.25595474, 163.49833679, -0.23966262, -0.07401650, -0.93476582, 0.25158778, 0.66049612, -0.73236322, -0.59259868, 0.00000000, 0.00000000, 0.00000000, 0.00000000
2, 0.7400, 74, -1.30859554, -1.63078809, 0.12652223, -14.76333332, 21.01960945, 82.51515198, -23.53113174, 15.52177715, 52.23618698, -146.78111267, -24.98942375, 163.83786011, -0.24449472, -0.07029012, -0.93498284, 0.24716122, 0.55489719, -0.73244309, -0.62804604, 0.00000000, 0.00000000, 0.00000000, 0.00000000
5, 0.7999, 80, -0.04604835, -1.56564724, -2.07834482, 9.50138474, -209.79766846, 47.99289703, -44.37298965, 12.21864891, -109.00321198, 117.65472412, 34.44667816, 60.71632004, 0.55465704, -0.62772506, -0.54528821, -0.03126919, -0.77043176, 1.21505737, -0.71615708, 0.00000000, 0.00000000, 0.00000000, 0.00000000
2, 0.7500, 75, -1.29556012, -1.54007113, 0.08484019, -18.54070473, 11.96374130, 100.45103455, -23.56036186, 16.89564514, 52.06079865, -146.08265686, -26.74390602, 163.49256897, -0.25966141, -0.06683294, -0.93062854, 0.24907817, 0.53534931, -0.64612418, -0.59511828, 0.00000000, 0.00000000, 0.00000000, 0.00000000
2, 0.7600, 76, -1.33868706, -1.36186969, 0.04460997, -21.93039513, -7.74393702, 118.04749298, -23.56036186, 16.89564514, 52.06079865, -146.53758240, -27.86996841, 163.57395935, -0.26817527, -0.06416334, -0.92985213, 0.24359861, 0.57720011, -0.49423361, -0.52583396, 0.00000000, 0.00000000, 0.00000000, 0.00000000
2, 0.7700, 77, -1.41644907, -1.23641324, 0.00889989, -24.46571732, -34.24287415, 130.34642029, -23.20958710, 17.88950539, 52.38234329, -146.86572266, -29.16584396, 163.39340210, -0.27865010, -0.06291924, -0.92825198, 0.23820940, 0.65040135, -0.39134032, -0.48970830, 0.00000000, 0.00000000, 0.00000000, 0.00000000
2, 0.7800, 78, -1.50562513, -1.25450301, 0.01998370, -26.00416946, -60.29381561, 141.41644287, -23.53113174, 18.73721123, 52.23618698, -147.04379272, -30.62235069, 162.94758606, -0.29097888, -0.06305357, -0.92577505, 0.23301560, 0.71370816, -0.42141950, -0.52662086, 0.00000000, 0.00000000, 0.00000000, 0.00000000
4, 0.9800, 95, 1.33877361, 0.98598957, -1.30806398, 116.06531525, -26.75387573, 88.44190979, -13.73867321, -31.71587181, -84.68283844, 37.80507278, 44.83134842, 41.26557922, 1.00000000, 0.00000000, 0.00000000, 0.00000000, -0.72684455, 0.46928376, 0.70729506, 101.51400757, -15.72152328, 39.71999741, 0.00000000
4, 0.9900, 96, 1.35745347, 0.84100473, -1.44034564, 125.11665344, -37.44771576, 95.01460266, -13.82636642, -31.39432907, -85.00438690, 41.06547928, 44.39038086, 43.47247314, 1.00000000, 0.00000000, 0.00000000, 0.00000000, -0.73885876, 0.61943710, 0.63346642, 101.51400757, -15.72152328, 39.71999741, 0.00000000
5, 0.8099, 81, -0.08069485, -1.75341582, -2.11475182, 22.65900803, -257.70956421, 49.82057571, -45.10377121, 12.42326832, -108.06781769, 119.77642059, 32.91694641, 60.67485809, 0.53903967, -0.64420909, -0.54170036, -0.03149087, -0.92121577, 1.23688030, -0.82761490, 0.00000000, 0.00000000, 0.00000000, 0.00000000
5, 0.8199, 82, -0.27087605, -1.88123596, -1.98526156, 35.54361343, -307.25781250, 48.59823227, -45.10377121, 12.42326832, -108.06781769, 122.28282928, 31.20538902, 60.46841049, 0.52024519, -0.66342986, -0.53690994, -0.03055510, -0.92255366, 1.10160089, -1.01174617, 0.00000000, 0.00000000, 0.00000000, 0.00000000
4, 1.0000, 97, 1.46958232, 0.71951175, -1.72567761, 140.56140137, -66.16676331, 110.07246399, -14.14791012, -34.08359909, -85.00438690, 43.71959305, 44.25382614, 45.36260986, 1.00000000, 0.00000000, 0.00000000, 0.00000000, -0.85500717, 0.89512932, 0.63029981, 101.51400757, -15.72152328, 39.71999741, 0.00000000
2, 0.7900, 79, -1.65544808, -1.40599597, 0.03745760, -25.44445419, -76.99011993, 156.75119019, -23.64805603, 20.40339088, 52.58696365, -147.12118530, -32.26438522, 162.34454346, -0.30505922, -0.06369314, -0.92250562, 0.22774006, 0.80889410, -0.54904813, -0.66998649, 0.00000000, 0.00000000, 0.00000000, 0.00000000
2, 0.8000, 80, -1.88258886, -1.57002032, 0.04059257, -23.92799568, -89.74844360, 179.39270020, -23.99883080, 21.68956375, 53.37620544, -146.61410522, -35.03784180, 161.45365906, -0.32870680, -0.06185605, -0.91542590, 0.22387733, 0.96743631, -0.67535484, -0.85820723, 0.00000000, 0.00000000, 0.00000000, 0.00000000
2, 0.8100, 81, -2.20432520, -1.62087107, 0.06942981, -27.40262032, -106.60465240, 203.96226501, -23.99883080, 21.68956375, 53.37620544, -146.51834106, -37.18990707, 160.54034424, -0.34710744, -0.06286275, -0.91009372, 0.21747254, 1.23421049, -0.74114782, -0.98605454, 0.00000000, 0.00000000, 0.00000000, 0.00000000
2, 0.8200, 82, -2.74838161, -1.38842273, 0.17663345, -37.20816040, -117.94173431, 215.94146729, -24.02806091, 22.94650650, 54.04852295, -146.38177490, -39.46492004, 159.45292664, -0.36656794, -0.06463124, -0.90402883, 0.21019673, 1.79184866, -0.66654056, -0.92039281, 0.00000000, 0.00000000, 0.00000000, 0.00000000
2, 0.8300, 83, -3.35246348, -0.79701364, 0.55249894, -43.87660980, -127.33271027, 213.77043152, -23.99883080, 25.02192307, 55.07161713, -146.13119507, -41.72510910, 158.17671204, -0.38604805, -0.06735858, -0.89739311, 0.20276907, 2.52684236, -0.53245866, -0.44439450, 0.00000000, 0.00000000, 0.00000000, 0.00000000
4, 1.0100, 98, 1.83132744, 0.65970385, -2.15069270, 159.34968567, -111.08917999, 135.82563782, -14.14791012, -34.08359909, -85.00438690, 46.91855621, 43.74064636, 47.82956314, 1.00000000, 0.00000000, 0.00000000, 0.00000000, -1.22664309, 1.28528893, 0.71545523, 101.51400757, -15.72152328, 39.71999741, 0.00000000
4, 1.0200, 99, 2.64001012, 0.48069924, -1.53067517, 166.99723816, -123.89409637, 189.50370789, -14.96638393, -34.05437088, -85.50131226, 50.62918854, 43.19386292, 50.98665237, 1.00000000, 0.00000000, 0.00000000, 0.00000000, -2.01442432, 0.72711229, 0.30984911, 101.51400757, -15.72152328, 39.71999741, 0.00000000
4, 1.0300, 100, 2.32803559, 0.58352345, -0.68112415, 141.81301880, -100.08261871, 240.28042603, -15.84332085, -35.95439911, -85.29669952, 54.39781570, 42.89413071, 54.61399460, 1.00000000, 0.00000000, 0.00000000, 0.00000000, -1.69450009, -0.14057526, 0.17573741, 101.51400757, -15.72152328, 39.71999741, 0.00000000
5, 0.8299, 83, -0.68385214, -1.98780560, -1.75146925, 43.07287598, -330.18414307, 34.05773926, -46.15609360, 12.07249355, -106.72318268, 124.89891815, 29.50179291, 60.00006866, 0.50023407, -0.68363053, -0.53068179, -0.02814357, -0.76648062, 0.86788672, -1.35148370, 0.00000000, 0.00000000, 0.00000000, 0.00000000
5, 0.8399, 84, -1.00117433, -2.28722811, -1.78891218, 45.33385086, -322.56985474, 3.31194496, -47.12072372, 12.97866154, -104.53083801, 130.83123779, 27.85911751, 60.32383347, 0.45911664, -0.71279013, -0.53005362, -0.01361824, -0.83710015, 0.90037787, -1.73707998, 0.00000000, 0.00000000, 0.00000000, 0.00000000
5, 0.8499, 85, -0.84507501, -2.36208439, -1.64438939, 37.34278870, -334.97183228, -41.15284348, -47.96842957, 12.33557415, -103.30312347, 133.07771301, 26.64918327, 58.88740540, 0.44129637, -0.73223817, -0.51869529, -0.00633012, -1.00405979, 0.78953654, -1.58538711, 0.00000000, 0.00000000, 0.00000000, 0.00000000
5, 0.8599, 86, -0.71489710, -1.96698987, -1.28691435, 19.53133583, -373.62588501, -92.56795502, -48.75767136, 12.13095570, -101.40309906, 135.25906372, 25.53772545, 56.71929169, 0.42371777, -0.75367665, -0.50241631, 0.00354247, -0.76584905, 0.48218346, -1.19373441, 0.00000000, 0.00000000, 0.00000000, 0.00000000
4, 1.0400, 101, 1.48686993, 0.89153260, -0.89387995, 137.43171692, -136.20172119, 242.03572083, -17.01256943, -38.14673996, -85.55977631, 53.34007263, 43.71189880, 55.15450287, 1.00000000, 0.00000000, 0.00000000, 0.00000000, -0.88267308, -0.06513511, 0.62057835, 101.51400757, -15.72152328, 39.71999741, 0.00000000
5, 0.8699, 87, -0.85371518, -1.52665579, -0.71152174, 2.31421208, -391.08813477, -151.65267944, -48.75767136, 12.13095570, -101.40309906, 137.25590515, 24.72595406, 53.87032318, 0.40767220, -0.77561760, -0.48161024, 0.01650312, -0.31118792, -0.03734311, -0.98045886, 0.00000000, 0.00000000, 0.00000000, 0.00000000
2, 0.8400, 84, -3.66857457, -0.32992265, 0.88921976, -45.68152237, -131.04747009, 186.76077271, -23.91113663, 26.13270950, 55.77316666, -145.68598938, -43.72214127, 156.72615051, -0.40369794, -0.07128959, -0.89071798, 0.19638538, 2.95632601, -0.45546401, -0.00374014, 0.00000000, 0.00000000, 0.00000000, 0.00000000
2, 0.8500, 85, -3.79512882, -0.04482468, 0.94197524, -65.00524139, -139.01493835, 143.02401733, -23.26804924, 27.21426392, 56.85472107, -144.60173035, -51.76169968, 157.97244263, -0.46043649, -0.03348802, -0.86668271, 0.18904477, 3.10216522, -0.31055725, 0.15476431, 0.00000000, 0.00000000, 0.00000000, 0.00000000
2, 0.8600, 86, -3.97966933, 0.32649127, 0.75812835, -100.11214447, -164.81430054, 84.67100525, -23.26804924, 27.21426392, 56.85472107, -143.20373535, -52.69412231, 155.18415833, -0.47205868, -0.04590646, -0.86055458, 0.18573962, 3.24660063, 0.04815378, 0.16265127, 0.00000000, 0.00000000, 0.00000000, 0.00000000
4, 1.0500, 102, 1.33562148, 0.89196569, -1.01915717, 168.67800903, -180.34899902, 241.06452942, -18.38643646, -39.95907593, -86.58287048, 57.52080536, 42.49184418, 59.06352234, 1.00000000, 0.00000000, 0.00000000, 0.00000000, -0.73299509, 0.05100787, 0.67892808, 101.51400757, -15.72152328, 39.71999741, 0.00000000
4, 1.0600, 103, 1.41069221, 0.89436847, -0.69581437, 206.44952393, -190.60916138, 240.13577271, -18.38643646, -39.95907593, -86.58287048, 61.87685776, 40.93733978, 62.78545761, 1.00000000, 0.00000000, 0.00000000, 0.00000000, -0.81914914, -0.29794592, 0.60510391, 101.51400757, -15.72152328, 39.71999741, 0.00000000
4, 1.0700, 104, 1.22950196, 0.85361534, -0.46685296, 215.57093811, -198.74549866, 230.07189941, -20.02338409, -42.50219345, -86.78749084, 65.99909210, 39.08356857, 66.13618469, 1.00000000, 0.00000000, 0.00000000, 0.00000000, -0.65328419, -0.54299772, 0.54257095, 101.51400757, -15.72152328, 39.71999741, 0.00000000
2, 0.8700, 87, -4.13456106, 0.81742078, 0.65473753, -133.26618958, -184.42150879, -8.44535828, -23.23881912, 27.68196487, 58.28704834, -141.38177490, -52.63971710, 151.74533081, -0.47812656, -0.06429221, -0.85611302, 0.18528955, 3.46656322, 0.47709808, 0.37440991, 0.00000000, 0.00000000, 0.00000000, 0.00000000
2, 0.8800, 88, -4.05005503, 1.02465272, 0.73629618, -185.85058594, -197.58436584, -125.83228302, -22.53726959, 27.68196487, 60.04092407, -139.49093628, -51.28963089, 147.85546875, -0.47656047, -0.09017340, -0.85417181, 0.18748219, 3.44917655, 0.58734310, 0.59093297, 0.00000000, 0.00000000, 0.00000000, 0.00000000
2, 0.8900, 89, -3.69588804, 1.34077716, 0.93636054, -250.10218811, -178.47779846, -249.82658386, -22.01110840, 25.81116676, 61.23940277, -138.29229736, -48.52948380, 144.20524597, -0.46518290, -0.12259690, -0.85566646, 0.19081359, 3.23039460, 0.69815803, 1.05002737, 0.00000000, 0.00000000, 0.00000000, 0.00000000
2, 0.9000, 90, -3.05391860, 1.91157126, 1.10852826, -299.46377563, -124.62325287, -402.35748291, -22.27418900, 22.21572685, 61.67787170, -137.71028137, -55.84070206, 150.36531067, -0.50370860, -0.04746490, -0.83989930, 0.19645372, 2.76476860, 0.98677301, 1.73306203, 0.00000000, 0.00000000, 0.00000000, 0.00000000
2, 0.9100, 91, -2.28116989, 2.23540258, 1.06572282, -329.71597290, -89.69622040, -579.55865479, -22.27418900, 22.21572685, 61.67787170, -137.47471619, -49.60058975, 147.66662598, -0.46710530, -0.08945092, -0.85488069, 0.20734094, 2.03630614, 1.21976900, 2.09848118, 0.00000000, 0.00000000, 0.00000000, 0.00000000
2, 0.9200, 92, -0.97516251, 1.55997038, 0.48925155, -368.72229004, -72.58674622, -764.67047119, -20.02338409, 16.77871895, 62.58403778, -137.84037781, -41.46513748, 145.41082764, -0.41538239, -0.13785945, -0.87105471, 0.22297117, 0.62719166, 1.22213590, 1.66720438, 0.00000000, 0.00000000, 0.00000000, 0.00000000
4, 1.0800, 105, 1.04363787, 0.77424443, -0.31133083, 212.14300537, -212.52955627, 221.11671448, -22.39111328, -45.71762466, -86.43671417, 69.76000214, 36.91851807, 69.11585236, 1.00000000, 0.00000000, 0.00000000, 0.00000000, -0.48699537, -0.70424378, 0.46808070, 101.51400757, -15.72152328, 39.71999741, 0.00000000
4, 1.0900, 106, 1.01019609, 0.71487767, -0.23305710, 217.45907593, -199.79663086, 214.98811340, -24.26191139, -46.47763824, -86.69979095, 65.34864044, 41.55167389, 66.22190857, 1.00000000, 0.00000000, 0.00000000, 0.00000000, -0.45552403, -0.76976013, 0.40867400, 101.51400757, -15.72152328, 39.71999741, 0.00000000
4, 1.1000, 107, 0.68638295, 0.85920262, -0.20775743, 234.30769348, -127.95291138, 215.60667419, -25.89885902, -48.61151505, -85.23823547, 69.52294922, 40.23167038, 69.23602295, 1.00000000, 0.00000000, 0.00000000, 0.00000000, -0.09409817, -0.79840839, 0.54455674, 101.51400757, -15.72152328, 39.71999741, 0.00000000
4, 1.1100, 108, 0.45588160, 0.92971468, 0.47024575, 238.38085938, -120.67407990, 217.18766785, -25.89885902, -48.61151505, -85.23823547, 73.58183289, 38.82075119, 72.07763672, 1.00000000, 0.00000000, 0.00000000, 0.00000000, 0.13032763, -1.49222517, 0.44426686, 101.51400757, -15.72152328, 39.71999741, 0.00000000
4, 1.1200, 109, 0.86032391, 0.45701462, 1.20033252, 230.66822815, -262.39389038, 201.64328003, -27.88658333, -50.39462280, -84.39052582, 77.04844666, 35.87921906, 74.35330200, 1.00000000, 0.00000000, 0.00000000, 0.00000000, -0.25716272, -2.05756974, -0.23194264, 101.51400757, -15.72152328, 39.71999741, 0.00000000
4, 1.1300, 110, 1.65162182, 0.13049853, 0.89954031, 228.56907654, -321.47933960, 227.15014648, -29.78661156, -52.41157532, -84.79976654, 80.28244781, 32.21700668, 76.52867126, 1.00000000, 0.00000000, 0.00000000, 0.00000000, -1.08125746, -1.70788550, -0.45427215, 101.51400757, -15.72152328, 39.71999741, 0.00000000
5, 0.8799, 88, -1.12660968, -1.36034906, -0.11657191, -23.58636284, -350.17312622, -207.95602417, -47.96842957, 11.63402462, -98.91844177, 138.65031433, 24.44348907, 50.58336639, 0.39660379, -0.79481280, -0.45823121, 0.03165711, 0.01672487, -0.60010445, -1.04657459, 0.00000000, 0.00000000, 0.00000000, 0.00000000
5, 0.8899, 89, -1.21083283, -1.27495706, 0.27988252, -57.48765182, -282.54949951, -262.43426514, -47.32534409, 10.20169544, -97.39842224, 149.78045654, 23.53669739, 50.26374435, 0.31465793, -0.83308244, -0.44953358, 0.06988366, 0.15734407, -0.94466412, -1.00729978, 0.00000000, 0.00000000, 0.00000000, 0.00000000
5, 0.8999, 90, -0.94799298, -1.37881470, 0.63760930, -100.64509583, -194.73777771, -321.83422852, -46.00993729, 7.48319197, -96.66764069, 149.38806152, 25.09338570, 46.55083466, 0.31949583, -0.84221387, -0.42471096, 0.09065870, -0.05897146, -1.20633280, -0.77159828, 0.00000000, 0.00000000, 0.00000000, 0.00000000
5, 0.9099, 91, -0.48161837, -1.50293803, 0.79629171, -178.34605408, -62.70705414, -363.72164917, -43.05758667, 7.57088566, -97.42765045, 147.29243469, 27.10812950, 42.59484482, 0.33671141, -0.84514529, -0.40029031, 0.11010328, -0.40142518, -1.38690972, -0.49277741, 0.00000000, 0.00000000, 0.00000000, 0.00000000
5, 0.9199, 92, 0.08741993, -1.30129540, 0.34900805, -256.69436646, 65.97634888, -403.50726318, -40.86524200, 5.52470016, -99.47383881, 143.41142273, 29.42489815, 38.25402451, 0.36585554, -0.84150851, -0.37622097, 0.12833922, -0.58252609, -0.95648336, 0.01684442, 0.00000000, 0.00000000, 0.00000000, 0.00000000
5, 0.9299, 93, 1.06464767, -0.55655980, -0.17646293, -292.53588867, 171.84417725, -445.46453857, -40.86524200, 5.52470016, -99.47383881, 138.14823914, 32.03071594, 33.53624725, 0.40304673, -0.83118868, -0.35336068, 0.14769928, -0.58394772, -0.41717517, 1.15691805, 0.00000000, 0.00000000, 0.00000000, 0.00000000
2, 0.9300, 93, -0.10534129, 0.50370574, -0.44369215, -427.05761719, -85.08699036, -912.87048340, -18.32797432, 9.73399544, 61.88248825, -138.64022827, -31.79725266, 142.99073792, -0.35083026, -0.19383582, -0.88396341, 0.24073784, -0.46609545, 1.20974565, 0.62592137, 0.00000000, 0.00000000, 0.00000000, 0.00000000
2, 0.9400, 94, 0.90995330, 0.09994616, -0.75140077, -556.94018555, -155.40878296, -1100.81201172, -14.38175964, 1.60771704, 60.36246490, -140.12380981, -20.15844154, 139.47694397, -0.27060914, -0.26453853, -0.88894868, 0.25799274, -1.41566634, 1.19542408, 0.49486732, 0.00000000, 0.00000000, 0.00000000, 0.00000000
2, 0.9500, 95, 2.54644871, 2.02990079, -1.46859562, -758.52264404, -365.30526733, -1401.20190430, -4.88161373, -7.62934828, 58.14089203, -146.96534729, 1.12411988, 131.39387512, -0.10843279, -0.39710256, -0.87258202, 0.26296902, -2.50887632, 3.06241512, 1.86452937, 0.00000000, 0.00000000, 0.00000000, 0.00000000
5, 0.9399, 94, 2.74584651, 0.38914344, -0.64396387, -243.68743896, 260.57839966, -477.46365356, -37.67903900, 4.56007004, -102.77696228, 117.31104279, 41.68378067, 2.44106817, 0.49250710, -0.79404742, -0.20203549, 0.29344028, -0.82358962, 0.06736809, 2.91312575, 0.00000000, 0.00000000, 0.00000000, 0.00000000
4, 1.1400, 111, 2.58896208, 0.27733290, 0.82289284, 230.15327454, -324.53915405, 288.79678345, -32.68050385, -53.61005402, -83.92282867, 86.06257629, 40.30408478, 89.89662933, 1.00000000, 0.00000000, 0.00000000, 0.00000000, -2.04193544, -1.69976246, -0.30184337, 101.51400757, -15.72152328, 39.71999741, 0.00000000
4, 1.1500, 112, 2.95751858, 0.56040865, 0.95399886, 204.26869202, -241.06439209, 353.48599243, -36.80210495, -53.61005402, -82.78281403, 89.95276642, 36.79086304, 93.26490021, 1.00000000, 0.00000000, 0.00000000, 0.00000000, -2.34830904, -1.87438273, -0.02279273, 101.51400757, -15.72152328, 39.71999741, 0.00000000
4, 1.1600, 113, 1.90092289, 0.65161687, 0.67925966, 209.47694397, -167.12556458, 390.28656006, -36.80210495, -54.80853653, -82.78281403, 93.96023560, 33.65222549, 96.93856049, 1.00000000, 0.00000000, 0.00000000, 0.00000000, -1.35177755, -1.67955327, 0.28522900, 101.51400757, -15.72152328, 39.71999741, 0.00000000
4, 1.1700, 114, -0.06701405, 1.06789422, 1.34818792, 192.48527527, -141.07836914, 396.72839355, -39.78368759, -56.00701523, -81.40894318, 97.54812622, 30.53793716, 100.42801666, 1.00000000, 0.00000000, 0.00000000, 0.00000000, 0.55397558, -2.47576618, 0.64444351, 101.51400757, -15.72152328, 39.71999741, 0.00000000
5, 0.9499, 95, 4.46006060, 1.38943088, -0.47587740, -150.48977661, 325.17001343, -467.71658325, -33.67436218, 1.16924870, -105.02777100, 110.13472748, 44.17249298, -3.42039299, 0.52115834, -0.76575321, -0.19253609, 0.32395366, -0.96047509, -0.08499876, 4.64128494, 0.00000000, 0.00000000, 0.00000000, 0.00000000
5, 0.9599, 96, 6.42893314, 3.06110024, -0.42399594, -17.88507652, 378.91348267, -395.60061646, -29.49429893, 2.68927217, -106.57702637, 103.69964600, 47.29154587, -8.43581295, 0.54113173, -0.73664206, -0.19410348, 0.35617247, -0.79746199, 0.00285807, 7.12913704, 0.00000000, 0.00000000, 0.00000000, 0.00000000
2, 0.9600, 96, -1.82649016, 5.07145882, 1.44884431, -1196.03613281, -597.79150391, -2043.63964844, -4.88161373, -7.62934828, 58.14089203, -156.11892700, 20.45086670, 117.67700195, 0.04326158, -0.52964449, -0.80489415, 0.26410353, 3.22032118, 2.97545958, 4.83089161, 0.00000000, 0.00000000, 0.00000000, 0.00000000
4, 1.1800, 115, -2.61801767, 1.08894360, 2.58263588, 162.93661499, -72.94238281, 391.57507324, -43.52528381, -56.03624725, -79.62583923, 100.73941803, 27.89649010, 103.93287659, 1.00000000, 0.00000000, 0.00000000, 0.00000000, 3.08322167, -3.66269374, 0.47686779, 101.51400757, -15.72152328, 39.71999741, 0.00000000
4, 1.1900, 116, -4.01772213, 1.81426680, 3.96852779, 9.23261166, 235.77615356, 340.06832886, -46.85764313, -57.05933762, -79.62583923, 97.87706757, 24.64538956, 66.72714996, 1.00000000, 0.00000000, 0.00000000, 0.00000000, 4.43203163, -5.22435760, 0.81369781, 101.51400757, -15.72152328, 39.71999741, 0.00000000
2, 0.9700, 97, -7.66113806, 8.04168320, 1.12399507, -1452.64465332, -214.30976868, -2276.47875977, 11.66325665, -15.78485775, 48.66997910, -175.18153381, 40.07834625, 98.73583221, 0.23410162, -0.62216592, -0.70295089, 0.25291523, 9.67094517, 5.01743603, 5.04703903, 0.00000000, 0.00000000, 0.00000000, 0.00000000
2, 0.9800, 98, -2.01273274, 8.02367210, 0.22116221, -1275.79455566, 167.86103821, -2224.07104492, 32.62203979, -13.15404797, 38.84828949, 154.28927612, 54.07935715, 69.15174866, 0.41469082, -0.65759170, -0.57607657, 0.25246871, 4.27425814, 5.32335949, 5.75129986, 0.00000000, 0.00000000, 0.00000000, 0.00000000
4, 1.2000, 117, -4.02699757, 3.20421362, 1.23245049, -278.90014648, 478.44894409, 117.43968964, -46.85764313, -57.05933762, -79.62583923, 97.00309753, 28.53062057, 70.37899017, 1.00000000, 0.00000000, 0.00000000, 0.00000000, 4.29512739, -3.12566853, 2.98698568, 101.51400757, -15.72152328, 39.71999741, 0.00000000
2, 0.9900, 99, 6.44767046, 7.96648598, 1.00012767, -913.83428955, -69.44018555, -1675.59472656, 42.99912262, 0.35077462, 33.96667480, 123.38123322, 53.29932404, 38.17275620, 0.52967846, -0.67405969, -0.45831752, 0.23458357, -3.68499517, 4.45359802, 8.27313900, 0.00000000, 0.00000000, 0.00000000, 0.00000000
4, 1.2100, 118, -3.53009486, 2.80276585, -2.54485965, 39.73328781, 40.32565308, 55.98828125, -46.18532562, -55.83162689, -81.99356842, 97.78335571, 28.60803413, 71.15024567, 1.00000000, 0.00000000, 0.00000000, 0.00000000, 3.75868988, 0.57522750, 3.84575748, 101.51400757, -15.72152328, 39.71999741, 0.00000000
2, 1.0000, 100, 7.32494020, 4.07425356, 4.46063566, -653.61645508, -538.69531250, -888.50842285, 44.89915085, 0.35077462, 28.47120667, 98.82846832, 54.64545441, 10.21576786, 0.60674268, -0.64544094, -0.35750428, 0.29573637, -4.67543840, -0.91884375, 8.00909996, 0.00000000, 0.00000000, 0.00000000, 0.00000000
4, 1.2200, 119, 0.89179474, 0.22395068, -0.46179983, 182.86430359, 45.43565369, 127.86626434, -46.59456253, -56.70856476, -80.41508484, 100.32114410, 28.26233101, 72.65181732, 1.00000000, 0.00000000, 0.00000000, 0.00000000, -0.44026399, -0.50956774, 0.44734916, 101.51400757, -15.72152328, 39.71999741, 0.00000000
4, 1.2300, 120, 2.68806863, -2.01164556, 0.40507305, 34.66637802, 60.80955124, 49.24704361, -47.55919266, -56.44548416, -79.91815186, 101.08808136, 28.51054001, 73.48077393, 1.00000000, 0.00000000, 0.00000000, 0.00000000, -2.06544065, -0.56386358, -2.04484653, 101.51400757, -15.72152328, 39.71999741, 0.00000000
4, 1.2400, 121, 3.96503830, -2.80337048, 1.83796883, -195.86657715, 154.91452026, -42.44664001, -46.82841110, -55.59777832, -80.61969757, 118.92072296, 31.78137970, 133.64276123, 1.00000000, 0.00000000, 0.00000000, 0.00000000, -3.23059392, -1.60954809, -3.30687690, 101.51400757, -15.72152328, 39.71999741, 0.00000000
5, 0.9699, 97, 4.41243839, 4.17627907, -0.00782388, 86.34428406, 272.78948975, -240.02207947, -25.92809105, 1.34463608, -106.37240601, 99.82138062, 49.99446487, -11.63624763, 0.54787982, -0.71739292, -0.20043965, 0.38078755, 1.37337875, -0.29892284, 6.15852022, 0.00000000, 0.00000000, 0.00000000, 0.00000000
4, 1.2500, 122, 2.18726897, -0.95199823, 1.06981194, -261.49484253, 139.56991577, 35.12907791, -46.82841110, -55.59777832, -80.61969757, 117.25253296, 32.61168289, 135.24925232, 1.00000000, 0.00000000, 0.00000000, 0.00000000, -1.55867171, -1.43016672, -1.01177156, 101.51400757, -15.72152328, 39.71999741, 0.00000000
2, 1.0100, 101, 6.60286903, -1.76774228, 3.99457169, -335.88543701, -159.97622681, 53.34555054, 44.89915085, 11.19555664, 28.47120667, 97.39030457, 52.84055710, 12.24013138, 0.62339085, -0.63760179, -0.36374676, 0.26932546, -5.15835285, -4.69480991, 3.32423878, 0.00000000, 0.00000000, 0.00000000, 0.00000000
4, 1.2600, 123, 0.76758289, 0.02436034, 0.42554295, -261.35394287, -7.05703688, 40.71956635, -46.50687027, -55.51008606, -82.95819855, 114.83316803, 32.43157196, 135.62411499, 1.00000000, 0.00000000, 0.00000000, 0.00000000, -0.21905825, -1.16749978, 0.19218549, 101.51400757, -15.72152328, 39.71999741, 0.00000000
4, 1.2700, 124, -0.56535554, 0.29614326, 0.45326224, -276.06210327, -54.57244492, 47.44422150, -47.44226837, -54.63314819, -84.85823059, 112.06269073, 31.88686562, 135.68112183, 1.00000000, 0.00000000, 0.00000000, 0.00000000, 1.08642149, -1.30593789, 0.49681377, 101.51400757, -15.72152328, 39.71999741, 0.00000000
5, 0.9799, 98, -1.21025598, 2.56443000, 3.14725876, 182.64923096, 48.95883179, -193.63679504, -25.92809105, 1.34463608, -106.37240601, 98.59233856, 51.93939972, -14.30697632, 0.54039663, -0.71179980, -0.19847946, 0.40239114, 3.74591303, -3.54853439, 0.84800613, 0.00000000, 0.00000000, 0.00000000, 0.00000000
4, 1.2800, 125, -1.68005276, 0.85003579, -0.15651815, -269.72912598, -28.06311989, 18.86094284, -47.90996552, -53.11312485, -86.87518311, 109.36507416, 31.72690964, 135.71133423, 1.00000000, 0.00000000, 0.00000000, 0.00000000, 2.14267492, -0.93793291, 1.26339006, 101.51400757, -15.72152328, 39.71999741, 0.00000000
2, 1.0200, 102, 1.07553935, -5.73676777, 5.89570093, -269.85751343, 222.09674072, 908.97399902, 44.48991394, 12.16018677, 28.32505035, 101.55648041, 58.87087631, 22.97854233, 0.61549634, -0.59928155, -0.43891314, 0.26340333, -0.19402784, -8.77043533, 0.41608548, 0.00000000, 0.00000000, 0.00000000, 0.00000000
2, 1.0300, 103, -5.56221581, -3.52170610, 5.74976969, -826.64215088, 317.03176880, 887.06414795, 42.82373428, 8.09704781, 28.64659500, 100.98969269, 63.81659698, 33.99271011, 0.63564682, -0.52808499, -0.51301473, 0.23215379, 6.64909506, -7.02569342, 0.06719539, 0.00000000, 0.00000000, 0.00000000, 0.00000000
2, 1.0400, 104, -5.30354834, 1.01941824, 4.20865297, -1464.19030762, 356.91836548, 304.92379761, 42.70681000, 8.15550995, 26.30809593, 85.29114532, 64.34407043, 33.61708832, 0.70032752, -0.43568230, -0.54074872, 0.16526692, 6.99736023, -2.71685147, 2.13681793, 0.00000000, 0.00000000, 0.00000000, 0.00000000
4, 1.2900, 126, -1.89353573, 0.97834074, -0.47973120, -222.58573914, 20.96585274, -9.73386002, -47.76381302, -52.17772675, -88.24904633, 97.44690704, 26.89507866, 89.79233551, 1.00000000, 0.00000000, 0.00000000, 0.00000000, 2.32257080, -0.70609415, 1.44016516, 101.51400757, -15.72152328, 39.71999741, 0.00000000
2, 1.0500, 105, 0.25717065, 2.90190554, 0.57691377, -1591.68884277, 71.20755768, -27.09698296, 42.70681000, 8.15550995, 26.30809593, 63.67356491, 51.49415970, 27.87126732, 0.79787409, -0.37226859, -0.47261021, 0.03811461, 1.27592564, 1.14507627, 2.30501914, 0.00000000, 0.00000000, 0.00000000, 0.00000000
4, 1.3000, 127, -1.41174698, 0.68516606, -0.51108515, -159.85978699, 87.90827942, 14.16950226, -47.76381302, -52.17772675, -88.24904633, 96.18135071, 27.72778130, 90.39086914, 1.00000000, 0.00000000, 0.00000000, 0.00000000, 1.81143928, -0.63321251, 1.01567590, 101.51400757, -15.72152328, 39.71999741, 0.00000000
2, 1.0600, 106, 0.37315321, 2.66308403, -1.58404350, -1207.39257812, -106.24993134, 90.83004761, 42.29757309, 16.13563347, 25.37269783, 55.51187515, 49.31970978, 32.34770203, 0.82652754, -0.30363467, -0.47250301, -0.03740528, 0.61673546, 2.44780922, 0.52362216, 0.00000000, 0.00000000, 0.00000000, 0.00000000
5, 0.9899, 99, -7.55785608, 5.36783838, 3.83614779, 153.97280884, 45.11528015, -351.81674194, -24.81730461, 0.73078048, -104.73545837, 101.69622040, 49.20214081, 38.96298599, 0.64886558, -0.57705891, -0.48294050, 0.11289333, 9.87691689, -4.00035429, -2.46537066, 0.00000000, 0.00000000, 0.00000000, 0.00000000
2, 1.0700, 107, -0.94490826, 2.08345270, -2.52610993, -811.86334229, 44.13561630, 258.20285034, 41.62525558, 21.89418221, 25.08038521, 48.60781860, 50.14315796, 34.30236435, 0.84022564, -0.24233238, -0.47895682, -0.07678665, 1.59727144, 2.75836945, -0.93031001, 0.00000000, 0.00000000, 0.00000000, 0.00000000
2, 1.0800, 108, -0.99740183, 1.93131125, -1.93045652, -555.14422607, 109.20191956, 276.82577515, 41.80064392, 24.70038033, 25.89885902, 42.61603546, 51.79721832, 34.41215897, 0.84751821, -0.19188614, -0.48540685, -0.09629559, 1.74714649, 2.28937101, -0.68663681, 0.00000000, 0.00000000, 0.00000000, 0.00000000
2, 1.0900, 109, -1.22895455, 1.30665410, -1.15003371, -428.98049927, 87.30122375, 203.07795715, 42.64834976, 25.66501045, 27.24349594, 37.82753372, 52.96749496, 34.27636719, 0.85173249, -0.15293226, -0.48862848, -0.11138146, 2.01238847, 1.34894085, -0.67466569, 0.00000000, 0.00000000, 0.00000000, 0.00000000
4, 1.3100, 128, -0.74765062, 0.11464652, -0.41876882, -97.79920197, 127.92258453, 15.36468887, -47.14995575, -51.50540543, -89.97369385, 95.66194916, 28.87876320, 91.18508911, 1.00000000, 0.00000000, 0.00000000, 0.00000000, 1.20444632, -0.51968652, 0.39049494, 101.51400757, -15.72152328, 39.71999741, 0.00000000
4, 1.3200, 129, -0.20413782, -0.51814002, -0.29102877, -96.93611145, 126.03585815, -12.43308830, -46.50687027, -49.95615387, -90.82139587, 95.02313995, 30.13624001, 91.67873383, 1.00000000, 0.00000000, 0.00000000, 0.00000000, 0.72568643, -0.41584790, -0.29345185, 101.51400757, -15.72152328, 39.71999741, 0.00000000
4, 1.3300, 130, -0.05833265, -0.62773114, -0.39192072, -165.29339600, 120.09445190, -16.01175308, -46.30224991, -49.45922089, -91.46448517, 93.66806030, 31.40938377, 92.09162140, 1.00000000, 0.00000000, 0.00000000, 0.00000000, 0.60394132, -0.27411807, -0.38936859, 101.51400757, -15.72152328, 39.71999741, 0.00000000
4, 1.3400, 131, 0.30411127, 0.05728798, -0.38923687, -196.26416016, 141.44622803, -20.85466194, -46.30224991, -49.45922089, -91.46448517, 84.73934937, 38.12020111, 85.60144806, 1.00000000, 0.00000000, 0.00000000, 0.00000000, 0.23678121, -0.48345202, 0.17704496, 101.51400757, -15.72152328, 39.71999741, 0.00000000
4, 1.3500, 132, 0.39859855, 0.27216503, -0.55229992, -150.92599487, 176.11302185, -46.74143219, -45.42531204, -48.23151016, -92.63372803, 83.32326508, 40.04145050, 85.54448700, 1.00000000, 0.00000000, 0.00000000, 0.00000000, 0.20492664, -0.34183395, 0.33166966, 101.51400757, -15.72152328, 39.71999741, 0.00000000
4, 1.3600, 133, 0.02277146, 0.32904422, -0.76216811, -149.22781372, 169.34193420, -73.14568329, -43.90528870, -48.26074219, -92.89681244, 81.64251709, 41.94980240, 85.05738831, 1.00000000, 0.00000000, 0.00000000, 0.00000000, 0.59696984, -0.13939455, 0.46387205, 101.51400757, -15.72152328, 39.71999741, 0.00000000
4, 1.3700, 134, -0.06700145, 0.43161517, -0.56819940, -129.04795837, 173.90708923, -85.55334473, -41.80064392, -47.64688492, -94.03682709, 79.99147797, 43.90053177, 84.32671356, 1.00000000, 0.00000000, 0.00000000, 0.00000000, 0.70913625, -0.33120945, 0.48270676, 101.51400757, -15.72152328, 39.71999741, 0.00000000
5, 0.9999, 100, -5.96019650, 5.38121271, 3.52929640, 162.28526306, 184.49954224, -61.76825714, -22.21572685, 0.67231804, -104.06314087, 100.94580078, 51.68601990, 38.52750015, 0.65164953, -0.56378853, -0.49092007, 0.12842524, 8.88269806, -3.70578003, -1.17391098, 0.00000000, 0.00000000, 0.00000000, 0.00000000
5, 1.0099, 101, 1.09564853, -0.50163150, 2.92792392, 147.28759766, 270.71716309, 130.51310730, -21.63110161, 0.64308679, -101.66617584, 101.79135895, 54.29279327, 41.23951721, 0.64998800, -0.54493499, -0.51252222, 0.13372555, -0.07271832, -3.54260540, 0.82615131, 0.00000000, 0.00000000, 0.00000000, 0.00000000
5, 1.0199, 102, 1.22096312, -1.77209496, 1.22302377, -100.16147614, 154.33665466, 384.08853149, -23.91113663, 0.58462435, -101.95848846, 104.80825043, 53.76021957, 47.51710892, 0.64237976, -0.53570169, -0.53718728, 0.10863650, -1.25566435, -1.93086302, 0.09215209, 0.00000000, 0.00000000, 0.00000000, 0.00000000
5, 1.0299, 103, -3.46043921, -0.59654105, 1.07937968, -231.65011597, 102.63853455, 385.12597656, -23.91113663, 0.58462435, -101.95848846, 106.73528290, 51.74403381, 53.02979279, 0.63673228, -0.52986634, -0.55532652, 0.07366365, 2.49623489, -1.70814753, -2.88514924, 0.00000000, 0.00000000, 0.00000000, 0.00000000
5, 1.0399, 104, -4.01930285, 0.30517972, 0.91222376, -173.99757385, 108.08780670, 145.90422058, -26.71733475, 1.22771120, -104.47237396, 116.41732025, 53.39360809, -21.17186928, 0.39250284, -0.78992003, -0.09315660, 0.46183300, 3.52885771, -1.47024024, -2.75813770, 0.00000000, 0.00000000, 0.00000000, 0.00000000
5, 1.0499, 105, -2.21098495, 0.17998025, 2.77367067, -106.68534088, 324.81973267, 10.70557594, -28.00350761, 2.25080395, -105.23238373, 113.64956665, 54.48266220, -20.60581779, 0.41014168, -0.77696538, -0.11334124, 0.46396390, 2.47351694, -3.28420329, -1.26210856, 0.00000000, 0.00000000, 0.00000000, 0.00000000
5, 1.0599, 106, -1.71791649, -0.07888980, 2.43014145, -171.37045288, 546.52392578, 59.83996964, -26.98041534, 2.36772871, -107.04472351, 109.52148438, 56.27154922, -19.05711746, 0.43803364, -0.75534081, -0.14910662, 0.46406272, 1.96370292, -2.95509529, -1.08844733, 0.00000000, 0.00000000, 0.00000000, 0.00000000
5, 1.0699, 107, 1.19075668, 1.22633767, 1.09163570, -239.71307373, 496.41094971, 112.16386414, -26.10347748, 2.45542240, -108.62320709, 105.66028595, 57.16239166, -17.15072441, 0.46778068, -0.73502034, -0.18147175, 0.45606413, 1.15364122, -1.51040828, 1.90225506, 0.00000000, 0.00000000, 0.00000000, 0.00000000
4, 1.3800, 135, 0.12180518, 0.34484676, -0.49868134, -118.17069244, 178.45198059, -90.20593262, -40.86524200, -46.33148193, -94.56299591, 78.32501984, 45.87967300, 83.44068909, 1.00000000, 0.00000000, 0.00000000, 0.00000000, 0.55305839, -0.33974904, 0.34868506, 101.51400757, -15.72152328, 39.71999741, 0.00000000
2, 1.1000, 110, -0.62322778, 1.56703091, -1.42227685, -369.93023682, 136.09423828, 136.16476440, 42.64834976, 25.66501045, 27.24349594, 47.53349304, 45.16165161, 54.14763260, 0.82286936, -0.17139679, -0.48227859, -0.24681266, 1.41152239, 1.72309422, -0.53390157, 0.00000000, 0.00000000, 0.00000000, 0.00000000
2, 1.1100, 111, -0.14678277, 2.10917687, -1.67351687, -305.91943359, 171.62229919, 115.63694763, 43.99298477, 25.63577843, 28.03273773, 42.95264816, 45.70349503, 52.62027740, 0.83171666, -0.14225487, -0.47348532, -0.25263149, 0.94393599, 2.17929173, -0.21670656, 0.00000000, 0.00000000, 0.00000000, 0.00000000
2, 1.1200, 112, -0.16069017, 2.55346751, -1.46778309, -222.05413818, 197.51564026, 94.27473450, 44.31452560, 27.00964546, 30.07892418, 38.68668365, 46.07810211, 50.43194962, 0.84077662, -0.11844403, -0.46393654, -0.25264314, 1.08648229, 2.38697505, 0.19210786, 0.00000000, 0.00000000, 0.00000000, 0.00000000
5, 1.0799, 108, 1.37359560, 1.03449559, -0.20003873, -254.55444336, 318.57138062, 63.08938217, -25.37269783, 2.48465347, -110.84477997, 102.09449005, 57.01367188, -16.50421715, 0.49346760, -0.71937025, -0.19885422, 0.44660181, 0.80956423, -0.24516083, 1.83363819, 0.00000000, 0.00000000, 0.00000000, 0.00000000
4, 1.3900, 136, 0.44082257, 0.16958570, -0.60674375, -114.65032959, 148.73115540, -93.96519470, -40.86524200, -46.33148193, -94.56299591, 73.85076904, 46.46384811, 78.56251526, 1.00000000, 0.00000000, 0.00000000, 0.00000000, 0.26239541, -0.15344930, 0.17377181, 101.51400757, -15.72152328, 39.71999741, 0.00000000
2, 1.1300, 113, -0.02415142, 2.22122574, -1.01309359, -171.64575195, 206.56182861, 58.72556686, 45.16223145, 26.10347748, 31.27740479, 34.76070023, 46.06507874, 47.97887802, 0.84991795, -0.09934649, -0.45290279, -0.25029740, 0.97819012, 1.86930096, 0.27779323, 0.00000000, 0.00000000, 0.00000000, 0.00000000
5, 1.0899, 109, 0.24596201, 0.38999230, -0.96014905, -232.91812134, 172.54823303, 6.12421417, -25.37269783, 2.48465347, -110.84477997, 91.76854706, 45.61714935, 4.27326393, 0.65160793, -0.65127552, -0.29433534, 0.25419307, 0.90287256, 0.40873554, 0.46473870, 0.00000000, 0.00000000, 0.00000000, 0.00000000
5, 1.0999, 110, 0.13963424, -0.02142210, -0.76080102, -221.52880859, 62.60948944, -28.88921738, -24.90499878, 4.50160789, -112.74481201, 89.59204865, 44.22798538, 3.77476549, 0.66579705, -0.64360100, -0.28849024, 0.24344522, 0.55376691, 0.04684332, 0.06511998, 0.00000000, 0.00000000, 0.00000000, 0.00000000
5, 1.1099, 111, -0.16932732, 0.00299075, -1.00799358, -215.95291138, 32.02728271, -50.28229141, -24.40806770, 5.52470016, -113.62174988, 87.59425354, 42.67079544, 3.10147452, 0.67889631, -0.63733155, -0.27995840, 0.23352002, 0.72596812, 0.27687573, -0.20323640, 0.00000000, 0.00000000, 0.00000000, 0.00000000
4, 1.4000, 137, 0.53518045, 0.01101776, -0.67639512, -113.42132568, 109.69609833, -92.54065704, -39.75445557, -45.16223145, -95.23531342, 71.84978485, 47.67479706, 77.24765778, 1.00000000, 0.00000000, 0.00000000, 0.00000000, 0.18375142, -0.01504882, -0.00126347, 101.51400757, -15.72152328, 39.71999741, 0.00000000
4, 1.4100, 138, 0.35607105, -0.04959407, -0.65332603, -118.13011169, 94.18816376, -86.45834351, -38.61444092, -44.08067703, -95.87839508, 69.76909637, 48.70105743, 75.92688751, 1.00000000, 0.00000000, 0.00000000, 0.00000000, 0.37942284, 0.00439762, -0.07189284, 101.51400757, -15.72152328, 39.71999741, 0.00000000
4, 1.4200, 139, 0.18665031, 0.09429427, -0.57189023, -140.95507812, 125.06426239, -83.97345734, -37.91289139, -43.52528381, -96.25839996, 67.40506744, 50.01569366, 74.53002167, 1.00000000, 0.00000000, 0.00000000, 0.00000000, 0.55432463, -0.09756282, 0.02885067, 101.51400757, -15.72152328, 39.71999741, 0.00000000
4, 1.4300, 140, 0.20613691, 0.43489340, -0.68227839, -150.20449829, 180.58876038, -102.75805664, -35.77901077, -42.38526535, -96.78456116, 64.57225800, 51.83167267, 72.62804413, 1.00000000, 0.00000000, 0.00000000, 0.00000000, 0.52826101, -0.07720195, 0.36592275, 101.51400757, -15.72152328, 39.71999741, 0.00000000
4, 1.4400, 141, 0.24595542, 0.61129260, -0.78343469, -138.57360840, 201.67662048, -120.52600098, -35.77901077, -42.38526535, -96.78456116, 53.12874222, 48.41690063, 62.07907104, 1.00000000, 0.00000000, 0.00000000, 0.00000000, 0.48052344, -0.00665508, 0.51602131, 101.51400757, -15.72152328, 39.71999741, 0.00000000
5, 1.1199, 112, -0.45676404, 0.29913551, -1.06569386, -184.68014526, 30.98909950, -64.84869385, -24.05729294, 6.37240553, -114.99561310, 85.73250580, 41.32395172, 2.30202460, 0.69048333, -0.63120836, -0.27135634, 0.22621819, 1.11288786, 0.34241360, -0.28000230, 0.00000000, 0.00000000, 0.00000000, 0.00000000
5, 1.1299, 113, -0.51761246, 0.62894559, -1.09462011, -144.15344238, 48.74870300, -78.50646973, -23.94036865, 7.42472935, -116.04793549, 83.88191223, 40.36588669, 1.32486761, 0.70077908, -0.62431490, -0.26387230, 0.22251105, 1.39418769, 0.38681093, -0.15455878, 0.00000000, 0.00000000, 0.00000000, 0.00000000
5, 1.1399, 114, -0.75961941, 0.59403813, -0.99628675, -116.47827148, 97.82032776, -87.94188690, -23.94036865, 7.42472935, -116.04793549, 84.11257172, 27.61819839, 19.59600067, 0.73771858, -0.61085165, -0.28533620, 0.03485441, 1.46712816, 0.25126901, -0.38575760, 0.00000000, 0.00000000, 0.00000000, 0.00000000
5, 1.1499, 115, -0.87317818, 0.51220989, -0.90434808, -114.92092133, 152.44277954, -89.79692841, -22.59573174, 7.48319197, -116.86640930, 81.74015045, 27.46191978, 18.46022987, 0.74998575, -0.59862435, -0.27912626, 0.03547919, 1.34035861, 0.06303898, -0.53987783, 0.00000000, 0.00000000, 0.00000000, 0.00000000
5, 1.1599, 116, -0.54593909, 0.57102692, -0.94490165, -126.71809387, 195.60458374, -89.86231995, -21.16340256, 8.21397209, -116.89564514, 78.92821503, 27.41996002, 17.26403618, 0.76414001, -0.58302832, -0.27357945, 0.03636435, 1.18409944, 0.11387652, -0.28732416, 0.00000000, 0.00000000, 0.00000000, 0.00000000
4, 1.4500, 142, 0.43831229, 0.66221452, -0.54453063, -127.45057678, 204.63771057, -127.51612854, -33.93744659, -41.47909927, -97.16457367, 49.79895401, 50.01023865, 59.14476013, 1.00000000, 0.00000000, 0.00000000, 0.00000000, 0.26604590, -0.21790123, 0.36641136, 101.51400757, -15.72152328, 39.71999741, 0.00000000
4, 1.4600, 143, 0.61429232, 0.70433921, -0.43916577, -125.89220428, 199.07673645, -133.40948486, -32.00818253, -40.51446915, -96.98918152, 46.20802689, 51.41071320, 55.91995621, 1.00000000, 0.00000000, 0.00000000, 0.00000000, 0.10681956, -0.29077280, 0.34145045, 101.51400757, -15.72152328, 39.71999741, 0.00000000
4, 1.4700, 144, 0.73099399, 0.77003628, -0.51965779, -122.62565613, 187.74790955, -135.37913513, -29.69891739, -39.34521866, -96.43379211, 42.45915604, 52.56563187, 52.51869583, 1.00000000, 0.00000000, 0.00000000, 0.00000000, -0.00232461, -0.19711956, 0.40524969, 101.51400757, -15.72152328, 39.71999741, 0.00000000
2, 1.1400, 114, -0.06262812, 1.45939481, -0.42488074, -150.38865662, 203.48689270, 52.88486099, 46.50687027, 26.39579010, 33.32358932, 31.05769730, 45.92045212, 45.52376175, 0.85847896, -0.08189713, -0.44195741, -0.24694221, 0.97864866, 0.95267445, 0.11373904, 0.00000000, 0.00000000, 0.00000000, 0.00000000
5, 1.1699, 117, 0.02069656, 0.68058884, -0.96100199, -123.72492218, 210.64598083, -92.90692139, -19.43876076, 8.50628471, -118.29874420, 75.98537445, 27.42557335, 15.99743080, 0.77848250, -0.56620073, -0.26821721, 0.03796452, 0.92478263, 0.14765486, 0.18364437, 0.00000000, 0.00000000, 0.00000000, 0.00000000
4, 1.4800, 145, 0.76069814, 0.86191982, -0.61754519, -119.67376709, 186.51866150, -133.63278198, -29.69891739, -39.34521866, -96.43379211, 38.56573105, 53.57495117, 48.94987106, 1.00000000, 0.00000000, 0.00000000, 0.00000000, -0.02910671, -0.09619053, 0.50627798, 101.51400757, -15.72152328, 39.71999741, 0.00000000
4, 1.4900, 146, 0.73096639, 0.89235228, -0.62006932, -113.61326599, 199.36172485, -140.08944702, -28.70505714, -37.76673508, -96.57994843, 29.90132904, 51.57125092, 40.97346878, 1.00000000, 0.00000000, 0.00000000, 0.00000000, 0.00069328, -0.05828304, 0.50763309, 101.51400757, -15.72152328, 39.71999741, 0.00000000
4, 1.5000, 147, 0.68651003, 0.82476330, -0.59440506, -108.65957642, 217.92971802, -164.02438354, -27.09733963, -37.38673019, -95.61531830, 25.50662613, 52.10209656, 36.53401184, 1.00000000, 0.00000000, 0.00000000, 0.00000000, 0.03437348, -0.00187588, 0.37888294, 101.51400757, -15.72152328, 39.71999741, 0.00000000
2, 1.1500, 115, -0.09907080, 0.94271743, 0.15265755, -153.35319519, 218.37452698, 65.88580322, 46.50687027, 26.39579010, 33.32358932, 25.89162254, 35.02470398, 47.50625229, 0.87783539, -0.07742276, -0.35447633, -0.31266177, 0.98566914, 0.20755491, 0.08414301, 0.00000000, 0.00000000, 0.00000000, 0.00000000
2, 1.1600, 116, 0.12820521, 0.83027536, 0.36536437, -169.37792969, 233.63143921, 89.92039490, 46.59456253, 27.59427071, 34.49283981, 22.23883820, 34.83454514, 45.05110931, 0.88692641, -0.05745503, -0.34179592, -0.30534574, 0.67590392, -0.00793231, 0.10066045, 0.00000000, 0.00000000, 0.00000000, 0.00000000
4, 1.5100, 148, 0.64136016, 0.79471707, -0.60140049, -121.72408295, 218.27911377, -202.96400452, -24.93422890, -35.51593018, -95.05992126, 20.55722618, 52.12855148, 31.56322289, 1.00000000, 0.00000000, 0.00000000, 0.00000000, 0.08378705, 0.06257381, 0.33778921, 101.51400757, -15.72152328, 39.71999741, 0.00000000
4, 1.5200, 149, 0.64802915, 0.84618270, -0.66687107, -134.11193848, 195.36247253, -238.64372253, -22.39111328, -33.87898254, -94.67991638, 15.47532558, 51.46765518, 26.56827354, 1.00000000, 0.00000000, 0.00000000, 0.00000000, 0.06790769, 0.15628320, 0.38397527, 101.51400757, -15.72152328, 39.71999741, 0.00000000
5, 1.1799, 118, 0.58436954, 0.57608497, -0.96146762, -99.48405457, 200.34053040, -112.12642670, -17.62642479, 9.32475853, -118.53259277, 73.17585754, 27.44095039, 14.49672794, 0.79163468, -0.55039060, -0.26198301, 0.04182881, 0.49926642, 0.15078998, 0.52445143, 0.00000000, 0.00000000, 0.00000000, 0.00000000
5, 1.1899, 119, 0.82171565, 0.35675797, -0.99854600, -50.45194626, 183.86579895, -132.45703125, -17.62642479, 9.32475853, -118.53259277, 66.32528687, 25.36675644, 15.98644924, 0.82546079, -0.50292575, -0.25622511, 0.00537178, 0.17182416, 0.18492958, 0.52203786, 0.00000000, 0.00000000, 0.00000000, 0.00000000
5, 1.1999, 120, 0.58912015, 0.10138525, -0.84908748, -12.00894642, 172.73745728, -138.32926941, -15.96024513, 9.61707115, -118.79566956, 64.14210510, 25.53303337, 14.04915810, 0.83458763, -0.49105668, -0.24917929, 0.01538256, 0.09732282, 0.03661777, 0.10504353, 0.00000000, 0.00000000, 0.00000000, 0.00000000
4, 1.5300, 150, 0.87107182, 0.88916636, -0.59442192, -134.71824646, 162.84222412, -258.92514038, -22.39111328, -33.87898254, -94.67991638, 10.78584766, 50.19905853, 22.04026222, 1.00000000, 0.00000000, 0.00000000, 0.00000000, -0.16722560, 0.12120553, 0.35676596, 101.51400757, -15.72152328, 39.71999741, 0.00000000
4, 1.5400, 151, 1.23578215, 0.97371703, -0.46758252, -140.92807007, 134.88781738, -265.42700195, -21.22186470, -32.21280289, -94.82607269, 5.98796654, 49.74941254, 18.80828285, 1.00000000, 0.00000000, 0.00000000, 0.00000000, -0.54741257, 0.02011739, 0.34266162, 101.51400757, -15.72152328, 39.71999741, 0.00000000
5, 1.2099, 121, 0.23181239, 0.05897674, -0.61007726, 12.70601082, 175.48468018, -147.48164368, -15.08330917, 10.05553913, -117.86027527, 61.99784088, 25.77690697, 11.90609455, 0.84298986, -0.47950935, -0.24223433, 0.02759695, 0.29996830, -0.18870415, -0.22200948, 0.00000000, 0.00000000, 0.00000000, 0.00000000
5, 1.2199, 122, 0.07136031, 0.25473946, -0.29756689, 20.58683395, 182.04064941, -163.21672058, -12.92019844, 9.58784008, -117.15872192, 59.75593185, 25.95090294, 9.54218960, 0.85132414, -0.46755904, -0.23439184, 0.04118603, 0.57578290, -0.46660647, -0.24495254, 0.00000000, 0.00000000, 0.00000000, 0.00000000
5, 1.2299, 123, 0.00864363, 0.45213926, -0.08788595, 7.24436617, 200.13497925, -169.45077515, -11.31248188, 10.69862556, -117.18795776, 57.25400543, 25.99822044, 7.09679127, 0.86029398, -0.45371297, -0.22595333, 0.05462778, 0.78496552, -0.63999760, -0.19660968, 0.00000000, 0.00000000, 0.00000000, 0.00000000
5, 1.2399, 124, 0.17833710, 0.65134883, -0.07514574, -12.76633644, 233.72140503, -171.90071106, -11.31248188, 10.69862556, -117.18795776, 44.90257263, 18.44915962, 9.35043621, 0.91420704, -0.36362892, -0.17838626, -0.01333907, 0.80949044, -0.59791291, -0.01363157, 0.00000000, 0.00000000, 0.00000000, 0.00000000
5, 1.2499, 125, 0.77692300, 0.72299349, -0.10498050, -14.55112839, 255.77629089, -180.83392334, -8.36012840, 10.72785759, -116.13563538, 42.13099670, 17.91961670, 6.86671448, 0.92348146, -0.34570804, -0.16633551, 0.00067514, 0.40364641, -0.48718053, 0.35681736, 0.00000000, 0.00000000, 0.00000000, 0.00000000
5, 1.2599, 126, 1.27802992, 0.81715870, -0.16563587, -8.82928562, 248.42855835, -182.50151062, -7.01549244, 11.37094402, -115.25869751, 39.48685455, 17.27091026, 4.41286659, 0.93180776, -0.32829067, -0.15407410, 0.01485741, 0.15923426, -0.38774014, 0.77617258, 0.00000000, 0.00000000, 0.00000000, 0.00000000
2, 1.1700, 117, 0.48102114, 1.35314548, -0.00667829, -195.90119934, 242.78373718, 99.29759216, 48.37766647, 27.00964546, 37.47442245, 18.28476334, 34.53321838, 42.56286621, 0.89562935, -0.03501997, -0.32813403, -0.29824460, 0.36258852, 0.67420191, 0.28095222, 0.00000000, 0.00000000, 0.00000000, 0.00000000
2, 1.1800, 118, 0.88194346, 1.92176867, -0.34411061, -190.77825928, 254.06323242, 99.30537415, 47.64688492, 26.04501534, 38.81905746, 14.32228851, 34.03903961, 39.98531723, 0.90404660, -0.01272490, -0.31366751, -0.29008713, 0.01570182, 1.36671662, 0.53016472, 0.00000000, 0.00000000, 0.00000000, 0.00000000
5, 1.2999, 127, 0.39515299, 0.69684601, 0.10011078, 13.05634689, 124.06118774, -227.99987793, -0.96463019, 13.21251106, -112.36480713, 26.90976715, 8.21661663, -0.33667496, 0.97000134, -0.23228538, -0.06899357, 0.01951963, 0.47165164, -0.49677432, -0.13676317, 0.00000000, 0.00000000, 0.00000000, 0.00000000
4, 1.5500, 152, 1.45327818, 1.14517629, -0.36825237, -160.16369629, 112.45344543, -257.23974609, -20.84185982, -30.51739311, -93.94913483, 2.03864551, 47.85819244, 15.50645256, 1.00000000, 0.00000000, 0.00000000, 0.00000000, -0.78365409, -0.08158375, 0.43786597, 101.51400757, -15.72152328, 39.71999741, 0.00000000
2, 1.1900, 119, 1.10040998, 1.74613667, -0.53537768, -142.08856201, 273.18499756, 95.59774017, 48.61151505, 24.26191139, 41.24525070, 10.68052101, 33.29884720, 37.15173721, 0.91271561, 0.00635311, -0.29881480, -0.27860320, -0.27369082, 1.43190432, 0.31944042, 0.00000000, 0.00000000, 0.00000000, 0.00000000
4, 1.5600, 153, 1.49453211, 1.37362325, -0.24417885, -189.39410400, 93.89434052, -236.86647034, -19.76030350, -27.15580177, -93.80297852, -1.67983949, 45.95396805, 12.84205055, 1.00000000, 0.00000000, 0.00000000, 0.00000000, -0.85932183, -0.23169789, 0.58164412, 101.51400757, -15.72152328, 39.71999741, 0.00000000
5, 1.3099, 128, 0.26426521, 0.87253571, 0.20236959, -9.59171772, 140.43629456, -223.92117310, 0.55539316, 13.47559166, -111.95556641, 25.67365074, 6.40969610, -1.98653626, 0.97312033, -0.22273922, -0.05065514, 0.02929428, 0.66575080, -0.56884933, -0.14183900, 0.00000000, 0.00000000, 0.00000000, 0.00000000
5, 1.3199, 129, 0.46590400, 1.06822288, 0.15254839, -26.19268799, 176.19631958, -224.99566650, 2.13387895, 15.60947037, -111.13709259, 24.10293579, 4.56244469, -3.67912149, 0.97641510, -0.20976682, -0.03220994, 0.03967496, 0.66296768, -0.48219007, 0.12053756, 0.00000000, 0.00000000, 0.00000000, 0.00000000
5, 1.3299, 130, 1.01751459, 1.15694642, 0.22295196, -25.28729439, 198.09219360, -232.86279297, 3.65390229, 13.18327999, -109.52937317, 22.41829681, 2.63312960, -5.47655344, 0.97933215, -0.19519444, -0.01322801, 0.05131134, 0.36896986, -0.51968420, 0.60154027, 0.00000000, 0.00000000, 0.00000000, 0.00000000
5, 1.3399, 131, 1.56764221, 1.32723868, 0.29764855, -14.48462296, 191.94407654, -237.72113037, 5.64162540, 17.80181122, -108.06781769, 14.98610306, 0.50620061, -1.36312079, 0.99137414, -0.13044751, -0.00282820, 0.01236951, 0.13883626, -0.53068334, 1.12526536, 0.00000000, 0.00000000, 0.00000000, 0.00000000
4, 1.5700, 154, 1.24666500, 1.61538327, -0.25217295, -187.49140930, 90.35974884, -217.09681702, -18.85413551, -24.49576187, -93.21835327, -5.04919434, 44.11923981, 10.56778526, 1.00000000, 0.00000000, 0.00000000, 0.00000000, -0.65076309, -0.26252776, 0.80679482, 101.51400757, -15.72152328, 39.71999741, 0.00000000
5, 1.3499, 132, 1.78513682, 1.68816054, 0.27060741, 7.10423708, 171.07499695, -258.96389771, 5.64162540, 17.80181122, -108.06781769, 13.86058807, -1.88754046, -2.97489285, 0.99227625, -0.12018025, 0.01947700, 0.02377800, 0.24967608, -0.37958086, 1.48472428, 0.00000000, 0.00000000, 0.00000000, 0.00000000
2, 1.2000, 120, 0.83193380, 1.34487569, -0.19722083, -103.06182861, 268.32250977, 87.32477570, 48.61151505, 24.26191139, 41.24525070, 14.53538895, 30.27191353, 34.77014160, 0.92368054, -0.03914731, -0.28366783, -0.25458655, -0.04851591, 0.92937863, 0.18342012, 0.00000000, 0.00000000, 0.00000000, 0.00000000
2, 1.2100, 121, 0.33697557, 0.79601860, 0.37060344, -98.79766846, 277.70449829, 91.77621460, 48.96229172, 25.63577843, 43.58374786, 11.44496059, 29.52374458, 31.89014626, 0.93213463, -0.02306001, -0.27026576, -0.23989545, 0.39411440, 0.10345666, 0.04114024, 0.00000000, 0.00000000, 0.00000000, 0.00000000
2, 1.2200, 122, -0.07732239, 0.13025650, 0.81006902, -122.33660126, 311.17620850, 122.78286743, 49.57614517, 24.78807259, 46.00993729, 7.87005663, 28.68253899, 28.65955162, 0.94068861, -0.00325703, -0.25588018, -0.22275504, 0.73621786, -0.62766778, -0.24747604, 0.00000000, 0.00000000, 0.00000000, 0.00000000
4, 1.5800, 155, 0.80296272, 1.71141195, -0.36709860, -143.04650879, 109.81254578, -225.58331299, -18.85413551, -24.49576187, -93.21835327, -7.92690516, 42.16444016, 8.26417160, 1.00000000, 0.00000000, 0.00000000, 0.00000000, -0.24074514, -0.14644340, 0.94764650, 101.51400757, -15.72152328, 39.71999741, 0.00000000
2, 1.2300, 123, -0.39013442, -0.32405129, 1.05255258, -167.76251221, 356.77474976, 162.33033752, 49.60537720, 23.82344246, 48.78690338, 3.54324698, 27.65803719, 25.00914574, 0.94912654, 0.02242090, -0.23974340, -0.20292652, 0.98183143, -1.05846238, -0.49552387, 0.00000000, 0.00000000, 0.00000000, 0.00000000
2, 1.2400, 124, -0.41324583, -0.10276899, 0.95701742, -211.16020203, 395.08926392, 177.21417236, 49.54691696, 22.50803757, 52.20695496, -1.29658711, 26.22261620, 21.22264862, 0.95674211, 0.05260074, -0.22092070, -0.18185638, 1.00884748, -0.76328981, -0.42775831, 0.00000000, 0.00000000, 0.00000000, 0.00000000
5, 1.3599, 133, 1.60495472, 1.84486175, 0.23724949, 25.27207756, 133.87869263, -283.28628540, 6.48933077, 20.22800255, -107.62934875, 13.22207928, -4.53380919, -4.51152515, 0.99198335, -0.11340274, 0.04378910, 0.03451764, 0.43643618, -0.31953883, 1.43345070, 0.00000000, 0.00000000, 0.00000000, 0.00000000
5, 1.3699, 134, 1.42987835, 1.72886097, 0.21979642, 30.80886650, 112.92576599, -289.27169800, 7.45396090, 21.48494530, -106.54779053, 12.84942722, -7.25417757, -5.95658302, 0.99075758, -0.10825625, 0.06858241, 0.04445851, 0.40305743, -0.30284500, 1.22540009, 0.00000000, 0.00000000, 0.00000000, 0.00000000
5, 1.3799, 135, 1.22088826, 1.60848439, 0.17794856, 23.58076859, 100.21548462, -283.26089478, 9.35398960, 21.42648315, -106.37240601, 12.57425117, -9.94281006, -7.24995041, 0.98886514, -0.10343460, 0.09286283, 0.05313778, 0.38551918, -0.26439840, 0.98941100, 0.00000000, 0.00000000, 0.00000000, 0.00000000
4, 1.5900, 156, 0.43275449, 1.59933531, -0.51586950, -110.60365295, 121.29994965, -260.81234741, -18.79567337, -22.47880745, -92.48757935, -7.89611292, 35.29225922, 5.57017040, 1.00000000, 0.00000000, 0.00000000, 0.00000000, 0.08810285, 0.06233735, 0.88475168, 101.51400757, -15.72152328, 39.71999741, 0.00000000
2, 1.2500, 125, -0.08885537, 0.70237321, 0.52303064, -208.42465210, 395.54275513, 162.08943176, 49.54691696, 22.50803757, 52.20695496, -0.07753355, 17.35599136, 22.96434212, 0.96874726, 0.03069031, -0.14772832, -0.19688404, 0.71346200, 0.16225806, -0.10280818, 0.00000000, 0.00000000, 0.00000000, 0.00000000
2, 1.2600, 126, 0.00304120, 1.08284557, 0.08328244, -137.57505798, 356.06072998, 141.35554504, 49.45922089, 20.34492874, 54.25314331, -3.23814225, 15.78025055, 19.84691620, 0.97465575, 0.05121543, -0.13034299, -0.17445332, 0.50142336, 0.73496467, -0.15701252, 0.00000000, 0.00000000, 0.00000000, 0.00000000
2, 1.2700, 127, -0.33158782, 0.96232939, 0.09319440, -41.82451248, 306.29318237, 116.56176758, 48.81613541, 19.70184135, 57.26395798, -5.16327238, 14.26174450, 17.07788086, 0.97944003, 0.06261218, -0.11599921, -0.15271296, 0.77670974, 0.68452483, -0.32771772, 0.00000000, 0.00000000, 0.00000000, 0.00000000
4, 1.6000, 157, 0.20780279, 1.42528594, -0.47634265, -87.79226685, 121.83560181, -282.02252197, -17.68488693, -22.06957054, -91.93218231, -9.83191586, 32.74504852, 3.41579461, 1.00000000, 0.00000000, 0.00000000, 0.00000000, 0.24314603, 0.09753998, 0.66312551, 101.51400757, -15.72152328, 39.71999741, 0.00000000
4, 1.6100, 158, 0.29304683, 1.34004331, -0.26220760, -87.15626526, 114.39636230, -290.32098389, -17.97719955, -19.17568016, -91.43524933, -11.56205559, 30.04916763, 1.48993647, 1.00000000, 0.00000000, 0.00000000, 0.00000000, 0.12970039, -0.04492542, 0.48501894, 101.51400757, -15.72152328, 39.71999741, 0.00000000
5, 1.3899, 136, 1.10053992, 1.62809849, 0.18845323, 7.90619087, 96.34082794, -270.30712891, 9.44168377, 25.13884735, -104.76468658, 9.37298965, -13.71794319, -5.75678253, 0.98876536, -0.07503942, 0.12294993, 0.03994497, 0.42467940, -0.25435305, 0.91205668, 0.00000000, 0.00000000, 0.00000000, 0.00000000
5, 1.3999, 137, 1.20663023, 1.63110960, 0.19089659, -6.31510305, 104.19518280, -259.35308838, 9.44168377, 25.13884735, -104.76468658, 8.91032696, -16.28077507, -6.66086245, 0.98590517, -0.06856512, 0.14539997, 0.04635444, 0.30405715, -0.21113344, 1.00389051, 0.00000000, 0.00000000, 0.00000000, 0.00000000
2, 1.2800, 128, -0.77679288, 0.52199125, 0.64009297, 24.15249062, 271.92065430, 74.35584259, 47.64688492, 18.47413063, 60.01169205, -6.13847637, 12.65367126, 14.72483921, 0.98354512, 0.06687914, -0.10231505, -0.13303368, 1.19777572, 0.00721880, -0.38533384, 0.00000000, 0.00000000, 0.00000000, 0.00000000
2, 1.2900, 129, -0.89409161, 0.12457125, 1.06354296, 29.74710274, 272.20724487, 51.28099060, 47.64688492, 18.47413063, 60.01169205, -6.90768194, 10.86216927, 12.57188034, 0.98710400, 0.06995761, -0.08734190, -0.11446860, 1.28486323, -0.55890322, -0.40919459, 0.00000000, 0.00000000, 0.00000000, 0.00000000
2, 1.3000, 130, -0.95461673, -0.13476790, 1.29454994, 4.60792875, 285.75573730, 52.83018494, 47.96842957, 17.94796753, 61.09324646, -17.26360703, -1.15929186, 22.63045502, 0.96970433, 0.14519688, 0.03925356, -0.19248556, 1.26088262, -0.84956914, -0.44603628, 0.00000000, 0.00000000, 0.00000000, 0.00000000
2, 1.3100, 131, -1.04183114, -0.30300084, 1.33353984, -33.61698532, 310.13775635, 70.32543945, 47.47150040, 17.80181122, 63.95790482, -18.23497963, -3.51665711, 20.73945236, 0.97165650, 0.15034458, 0.05831045, -0.17285876, 1.15031493, -0.85802281, -0.53823882, 0.00000000, 0.00000000, 0.00000000, 0.00000000
5, 1.4099, 138, 1.65978634, 1.46162128, 0.35461664, -11.22009182, 115.41497803, -253.97570801, 9.88015175, 27.53580856, -104.06314087, 8.36847210, -18.80239296, -7.57899237, 0.98257560, -0.06105945, 0.16731243, 0.05313715, -0.13770829, -0.37755835, 1.27994299, 0.00000000, 0.00000000, 0.00000000, 0.00000000
2, 1.3200, 132, -0.89543790, -0.10234220, 1.25494027, -67.47869110, 341.87594604, 80.55473328, 45.33761978, 17.01256943, 66.15024567, -19.52313614, -6.11630344, 18.75311089, 0.97244322, 0.15847887, 0.07945845, -0.15141028, 0.98920757, -0.64264286, -0.40471387, 0.00000000, 0.00000000, 0.00000000, 0.00000000
2, 1.3300, 133, -0.65037000, 0.43799654, 1.04321408, -59.78644562, 346.68136597, 85.45711517, 44.37298965, 15.40485191, 68.45951080, -20.65973091, -8.78701782, 16.73160172, 0.97246200, 0.16592069, 0.10057478, -0.12912323, 0.77048051, -0.09470631, -0.09831032, 0.00000000, 0.00000000, 0.00000000, 0.00000000
4, 1.6200, 159, 0.78073245, 1.39917982, -0.11265268, -118.31399536, 112.89260101, -284.16522217, -17.97719955, -19.17568016, -91.43524933, -13.45421219, 27.35752678, -0.28560385, 1.00000000, 0.00000000, 0.00000000, 0.00000000, -0.39818075, -0.17402527, 0.43875641, 101.51400757, -15.72152328, 39.71999741, 0.00000000
5, 1.4199, 139, 2.22184372, 1.53576469, 0.56186193, -10.06415272, 109.25451660, -255.22392273, 10.78631973, 29.49429893, -103.68313599, 7.90730429, -21.34336281, -8.45680618, 0.97863877, -0.05395117, 0.18923321, 0.05955151, -0.44931692, -0.56764030, 1.79414880, 0.00000000, 0.00000000, 0.00000000, 0.00000000
4, 1.6300, 160, 1.08873379, 1.53192186, -0.04671939, -142.45187378, 109.06732941, -259.06045532, -17.83104324, -15.49254608, -90.29523468, -15.43876362, 24.85663795, -1.86671400, 1.00000000, 0.00000000, 0.00000000, 0.00000000, -0.75275767, -0.24633399, 0.50695390, 101.51400757, -15.72152328, 39.71999741, 0.00000000
5, 1.4299, 140, 2.43977523, 1.64441824, 0.59986418, 2.17125487, 82.40401459, -270.02297974, 10.96170712, 27.88658333, -102.77696228, 7.75682545, -24.02343178, -9.27550983, 0.97380811, -0.04915333, 0.21230444, 0.06487381, -0.53614593, -0.59000194, 2.05104208, 0.00000000, 0.00000000, 0.00000000, 0.00000000
2, 1.3800, 134, -1.81036198, 0.04547083, 2.28677726, 91.07999420, 313.80407715, 80.22761536, 37.47442245, 14.64484024, 76.41040802, -17.55594254, -28.65354538, 6.11957073, 0.95820224, 0.13459527, 0.25209713, -0.01340339, 1.71648955, -1.32638884, 0.24816975, 0.00000000, 0.00000000, 0.00000000, 0.00000000
2, 1.3900, 135, -1.80076230, -0.08977556, 2.34435463, 51.24168015, 302.05334473, 50.66692352, 37.47442245, 14.64484024, 76.41040802, -16.62806892, -31.08070183, 3.89534831, 0.95408261, 0.13022189, 0.26968279, 0.00631785, 1.65497959, -1.48420906, 0.21123426, 0.00000000, 0.00000000, 0.00000000, 0.00000000
4, 1.6400, 161, 1.25222182, 1.65018451, 0.02416539, -142.54139709, 95.15866852, -224.86712646, -18.26951218, -14.29406548, -89.59368134, -17.90312576, 26.31419563, -1.94328344, 1.00000000, 0.00000000, 0.00000000, 0.00000000, -0.94419903, -0.31912205, 0.58156520, 101.51400757, -15.72152328, 39.71999741, 0.00000000
4, 1.6500, 162, 1.34182298, 1.63689363, -0.14636180, -116.24179840, 79.45610809, -191.76187134, -18.09412384, -11.40017509, -88.62905121, -19.39480400, 24.38783646, -2.94537497, 1.00000000, 0.00000000, 0.00000000, 0.00000000, -1.02523398, -0.12364265, 0.63558543, 101.51400757, -15.72152328, 39.71999741, 0.00000000
4, 1.6600, 163, 1.13541496, 1.35428333, -0.32879543, -77.03305054, 66.96679688, -178.08711243, -17.88950539, -9.26629639, -88.24904633, -20.38788414, 22.58845901, -3.72349858, 1.00000000, 0.00000000, 0.00000000, 0.00000000, -0.83416963, 0.16555011, 0.44019166, 101.51400757, -15.72152328, 39.71999741, 0.00000000
2, 1.4000, 136, -1.61354089, -0.09662661, 2.22895837, 14.25714302, 294.20422363, 13.99061966, 35.57439423, 15.28792763, 77.66735077, -24.23685455, -36.68977737, 12.93181896, 0.92956501, 0.16334324, 0.32820457, -0.03885383, 1.40391684, -1.39792895, 0.21470222, 0.00000000, 0.00000000, 0.00000000, 0.00000000
2, 1.4100, 137, -1.23787487, 0.04228448, 1.93293750, 4.24325371, 283.01739502, -16.35679817, 33.35282135, 15.02484608, 78.69043732, -24.06061745, -39.36091232, 11.88291264, 0.92322487, 0.16110492, 0.34792286, -0.02550859, 0.94265842, -1.02945960, 0.28656352, 0.00000000, 0.00000000, 0.00000000, 0.00000000
2, 1.4200, 138, -0.91095835, 0.15726499, 1.68189502, 29.89598083, 267.31246948, -18.07675552, 31.83279800, 15.02484608, 80.15200043, -23.53218651, -41.91747665, 10.78312206, 0.91702569, 0.15667927, 0.36652303, -0.01328396, 0.56754494, -0.78577155, 0.30840677, 0.00000000, 0.00000000, 0.00000000, 0.00000000
4, 1.6700, 164, 0.84698242, 1.13496006, -0.40121949, -70.59194946, 67.43067932, -183.71359253, -17.88950539, -9.26629639, -88.24904633, -21.27626038, 20.72306824, -4.45966578, 1.00000000, 0.00000000, 0.00000000, 0.00000000, -0.56329918, 0.32569224, 0.27254713, 101.51400757, -15.72152328, 39.71999741, 0.00000000
4, 1.6800, 165, 0.60250008, 1.09795618, -0.43429497, -85.42607880, 80.07079315, -202.81237793, -18.38643646, -8.47705364, -87.63519287, -22.30774498, 18.64745903, -5.28973818, 1.00000000, 0.00000000, 0.00000000, 0.00000000, -0.35030878, 0.38866720, 0.26057851, 101.51400757, -15.72152328, 39.71999741, 0.00000000
2, 1.4300, 139, -0.76933402, -0.00566448, 1.78535831, 88.47763062, 251.04785156, 14.39485359, 29.99123001, 15.11254025, 80.82431793, -22.00863457, -44.24251938, 9.06220627, 0.91219187, 0.14707719, 0.38245836, -0.00018358, 0.38803962, -0.99804908, 0.32455772, 0.00000000, 0.00000000, 0.00000000, 0.00000000
2, 1.4400, 140, -1.02467847, -0.34890723, 2.19991875, 141.94596863, 239.18064880, 60.34371185, 29.99123001, 15.11254025, 80.82431793, -19.35876083, -46.26698685, 6.45633268, 0.90878218, 0.13256115, 0.39537388, 0.01490382, 0.61962497, -1.57003248, 0.31388783, 0.00000000, 0.00000000, 0.00000000, 0.00000000
2, 1.4500, 141, -1.41518772, -0.62112552, 2.68514895, 140.85214233, 230.39715576, 70.82592773, 28.03273773, 16.34025192, 81.58432770, -28.11279678, -47.35644531, 16.45946693, 0.89320666, 0.16437505, 0.41740200, -0.03063207, 1.01435828, -2.11529827, 0.37153342, 0.00000000, 0.00000000, 0.00000000, 0.00000000
2, 1.4600, 142, -1.62042248, -0.68965006, 2.86267519, 88.70517731, 224.64584351, 49.92774582, 26.57117844, 17.15872574, 82.19818878, -26.28468323, -49.40706635, 14.45676422, 0.88961291, 0.15371312, 0.42973304, -0.01704719, 1.21576476, -2.22720742, 0.43458712, 0.00000000, 0.00000000, 0.00000000, 0.00000000
5, 1.4399, 141, 2.16784739, 1.49290764, 0.55857927, 11.32468224, 56.17098236, -270.92248535, 11.37094402, 32.06664658, -102.42619324, 3.77040052, -21.11439323, -4.32353640, 0.98206860, -0.02540974, 0.18420734, 0.03103942, -0.51376486, -0.54359168, 1.74913073, 0.00000000, 0.00000000, 0.00000000, 0.00000000
5, 1.4499, 142, 1.78667104, 1.23039818, 0.49790084, 10.21451283, 39.28862381, -257.18475342, 11.37094402, 32.06664658, -102.42619324, 3.83632302, -23.69101524, -4.71798229, 0.97761017, -0.02428699, 0.20633289, 0.03339633, -0.46841228, -0.45834267, 1.26834071, 0.00000000, 0.00000000, 0.00000000, 0.00000000
5, 1.4599, 143, 1.44662941, 1.11367977, 0.44847837, -4.34623623, 30.81642532, -240.91960144, 11.75094986, 35.54516220, -102.07541656, 3.81082821, -26.10945511, -4.93437958, 0.97303694, -0.02264203, 0.22694172, 0.03440800, -0.39653119, -0.41771916, 0.94282722, 0.00000000, 0.00000000, 0.00000000, 0.00000000
4, 1.6900, 166, 0.52728963, 1.11618268, -0.41323197, -86.46844482, 91.41735077, -222.38801575, -18.38643646, -6.75241137, -86.55363464, -19.71345520, 18.79538727, -6.16814852, 1.00000000, 0.00000000, 0.00000000, 0.00000000, -0.30258867, 0.36812195, 0.26862118, 101.51400757, -15.72152328, 39.71999741, 0.00000000
4, 1.7000, 167, 0.53376621, 1.17879057, -0.28298846, -82.91004181, 82.80187225, -234.47001648, -19.11721611, -4.23852682, -85.70593262, -20.70559120, 16.42641068, -7.07207441, 1.00000000, 0.00000000, 0.00000000, 0.00000000, -0.31851166, 0.19882715, 0.26987791, 101.51400757, -15.72152328, 39.71999741, 0.00000000
4, 1.7100, 168, 0.54477078, 1.25774264, -0.21944293, -92.63720703, 55.64360809, -241.57983398, -20.14031029, -2.33849740, -84.82899475, -21.68837166, 13.97615242, -7.64713192, 1.00000000, 0.00000000, 0.00000000, 0.00000000, -0.37400123, 0.13176696, 0.31653824, 101.51400757, -15.72152328, 39.71999741, 0.00000000
5, 1.4699, 144, 1.21735501, 1.29292822, 0.43346670, -27.86071777, 41.96791458, -218.93759155, 11.19555664, 37.09441757, -102.01695251, 3.48437214, -28.32571602, -5.01086950, 0.96855474, -0.01875893, 0.24562052, 0.03493416, -0.15206730, -0.38392627, 0.88635814, 0.00000000, 0.00000000, 0.00000000, 0.00000000
2, 1.4700, 143, -1.72609580, -0.63087720, 2.75454354, 24.30256653, 227.55050659, 18.28776741, 24.46652985, 18.09412384, 83.07512665, -25.38047981, -51.48740005, 12.97761440, 0.88389647, 0.14872226, 0.44338319, -0.00450002, 1.28533685, -2.13372970, 0.39191133, 0.00000000, 0.00000000, 0.00000000, 0.00000000
2, 1.4800, 144, -1.48613429, -0.57532042, 2.43377638, -27.24897766, 235.40457153, -18.23873901, 22.77112007, 17.77258110, 82.66588593, -25.37491608, -53.70394897, 12.11530876, 0.87600088, 0.14835466, 0.45887583, 0.00679951, 0.98119354, -1.88188124, 0.30319965, 0.00000000, 0.00000000, 0.00000000, 0.00000000
5, 1.4799, 145, 1.25198627, 1.42632723, 0.31881475, -43.02964020, 68.00223541, -200.91333008, 11.31248188, 38.99444580, -100.90616608, 2.86251497, -30.38153458, -5.11099768, 0.96409011, -0.01240117, 0.26276609, 0.03647727, -0.10732247, -0.25003958, 1.00624013, 0.00000000, 0.00000000, 0.00000000, 0.00000000
2, 1.4900, 145, -1.00684953, -0.24722722, 2.05640697, -40.30448914, 224.39370728, -45.00334930, 22.77112007, 17.77258110, 82.66588593, -25.82190132, -55.89970016, 11.76478481, 0.86722463, 0.14951402, 0.47467178, 0.01592907, 0.48851633, -1.39320707, 0.43225431, 0.00000000, 0.00000000, 0.00000000, 0.00000000
5, 1.4899, 146, 1.53951335, 1.33332229, 0.26815689, -49.81968307, 88.00511169, -189.13342285, 11.02016926, 41.15755463, -100.49693298, 0.54118901, -26.15294075, -2.70041180, 0.97381294, 0.00073218, 0.22629434, 0.02188385, -0.36545554, -0.18949133, 1.17937076, 0.00000000, 0.00000000, 0.00000000, 0.00000000
5, 1.4999, 147, 1.89544237, 1.15896106, 0.22106883, -54.95709229, 76.80606079, -172.70269775, 11.51710033, 42.35603714, -99.91230774, -0.31721196, -27.93611145, -2.64233947, 0.97015345, 0.00825105, 0.24125379, 0.02304286, -0.68073303, -0.12693864, 1.32922888, 0.00000000, 0.00000000, 0.00000000, 0.00000000
5, 1.5099, 148, 1.98388982, 1.18793249, 0.16163738, -61.52595139, 42.87601852, -155.93679810, 11.51710033, 42.35603714, -99.91230774, -1.10973096, -29.52070999, -2.27173615, 0.96671569, 0.01441295, 0.25452897, 0.02163505, -0.74092233, -0.05277679, 1.42777014, 0.00000000, 0.00000000, 0.00000000, 0.00000000
5, 1.5199, 149, 1.73478031, 1.27626312, 0.20642659, -63.64441681, 5.87622070, -144.68118286, 10.81555080, 43.70067215, -100.14615631, -1.78808284, -30.95306587, -1.60345399, 0.96346998, 0.01876938, 0.26657456, 0.01764655, -0.53922886, -0.07960176, 1.29894710, 0.00000000, 0.00000000, 0.00000000, 0.00000000
4, 1.7200, 169, 0.56378025, 1.33902681, -0.16982830, -102.89739227, 23.59949684, -229.93936157, -20.14031029, -2.33849740, -84.82899475, -22.69269753, 11.64324665, -7.85663700, 1.00000000, 0.00000000, 0.00000000, 0.00000000, -0.43766424, 0.07700759, 0.37188125, 101.51400757, -15.72152328, 39.71999741, 0.00000000
4, 1.7300, 170, 0.53419727, 1.52551627, -0.15355125, -106.83266449, -4.72853756, -207.11190796, -21.39725113, -0.38000584, -84.47821808, -23.69421577, 9.55023384, -7.75221109, 1.00000000, 0.00000000, 0.00000000, 0.00000000, -0.45743337, 0.01730654, 0.54317230, 101.51400757, -15.72152328, 39.71999741, 0.00000000
4, 1.7400, 171, 0.46926934, 1.72271907, -0.21475846, -88.67359161, -19.76676559, -178.84513855, -22.04033852, 0.05846244, -84.12744904, -22.23861504, 9.77080059, -7.82437992, 1.00000000, 0.00000000, 0.00000000, 0.00000000, -0.43112046, 0.01502360, 0.75212967, 101.51400757, -15.72152328, 39.71999741, 0.00000000
2, 1.5000, 146, -0.69512039, -0.03980752, 1.78254950, -7.18288851, 188.02809143, -54.59756851, 20.95878410, 18.09412384, 83.63051605, -33.30835342, -53.27779388, 19.68754005, 0.86571586, 0.17896274, 0.46702954, -0.01979703, 0.16778265, -1.03859174, 0.49635938, 0.00000000, 0.00000000, 0.00000000, 0.00000000
2, 1.5100, 147, -0.70699871, -0.02490751, 1.81520343, 39.70385742, 154.91645813, -49.90031815, 19.55568504, 18.00643158, 84.06898499, -33.25804901, -54.94067764, 19.84803009, 0.86017323, 0.17393380, 0.47914243, -0.01648168, 0.20447059, -0.99266541, 0.53136855, 0.00000000, 0.00000000, 0.00000000, 0.00000000
2, 1.5200, 148, -0.80470276, -0.25137284, 2.07250834, 69.35488892, 136.40545654, -41.50703430, 18.21105003, 18.59105492, 83.65974426, -32.73491669, -56.44980240, 19.80264473, 0.85571533, 0.16656601, 0.48970279, -0.01408049, 0.28799814, -1.35024440, 0.53980660, 0.00000000, 0.00000000, 0.00000000, 0.00000000
4, 1.7500, 172, 0.42872861, 1.65400743, -0.23482519, -52.55940628, -11.63510895, -160.71397400, -23.64805603, 1.46156096, -83.98129272, -22.70728302, 8.15724182, -7.66331005, 1.00000000, 0.00000000, 0.00000000, 0.00000000, -0.38940772, 0.03987786, 0.68925512, 101.51400757, -15.72152328, 39.71999741, 0.00000000
5, 1.5299, 150, 1.51242721, 1.26484871, 0.24805893, -66.33901215, -16.26210785, -135.32489014, 10.72785759, 44.84069061, -100.11692047, -2.43224454, -32.26239395, -0.73429787, 0.96035421, 0.02216766, 0.27763873, 0.01205087, -0.43042618, -0.11282274, 1.13004792, 0.00000000, 0.00000000, 0.00000000, 0.00000000
2, 1.5300, 149, -0.93822175, -0.46304563, 2.28427887, 57.66080856, 129.98368835, -33.59175110, 17.77258110, 19.14644814, 84.30283356, -32.24745178, -57.86122894, 19.66299057, 0.85137117, 0.16013448, 0.49939853, -0.01119358, 0.40200347, -1.66550994, 0.51629198, 0.00000000, 0.00000000, 0.00000000, 0.00000000
2, 1.5400, 150, -1.11861908, -0.52233589, 2.36630106, 17.91183281, 132.54202271, -36.55874634, 17.77258110, 19.14644814, 84.30283356, -32.31198120, -59.24733353, 19.72390938, 0.84618002, 0.15699099, 0.50919265, -0.00749933, 0.56707025, -1.77791595, 0.49902716, 0.00000000, 0.00000000, 0.00000000, 0.00000000
2, 1.5500, 151, -1.13968742, -0.39536652, 2.18907094, -30.64611053, 141.14312744, -57.76343536, 15.90178299, 18.82490540, 84.21514130, -41.49190521, -56.55231094, 28.51842880, 0.83953047, 0.19322959, 0.50619501, -0.04021909, 0.57519537, -1.54512084, 0.48119444, 0.00000000, 0.00000000, 0.00000000, 0.00000000
2, 1.5600, 152, -0.91387498, -0.19663426, 1.86179805, -60.51887131, 146.09040833, -79.99906921, 15.28792763, 19.05875397, 84.03975677, -43.53198624, -57.93201828, 30.09680557, 0.83129346, 0.19653010, 0.51857305, -0.03753711, 0.34950617, -1.10119557, 0.48093367, 0.00000000, 0.00000000, 0.00000000, 0.00000000
4, 1.7600, 173, 0.35218674, 1.33598852, -0.12419254, -32.94834518, 14.20813560, -148.84986877, -23.64805603, 1.46156096, -83.98129272, -23.00155640, 6.65485048, -7.74610233, 1.00000000, 0.00000000, 0.00000000, 0.00000000, -0.31625405, 0.05029915, 0.35750270, 101.51400757, -15.72152328, 39.71999741, 0.00000000
4, 1.7700, 174, 0.21729673, 1.10730278, 0.00107465, -41.25276947, 46.61880493, -136.91195679, -24.20344925, 3.62467122, -84.01052094, -23.39227295, 5.24998426, -8.15720844, 1.00000000, 0.00000000, 0.00000000, 0.00000000, -0.18875036, 0.01640552, 0.10960398, 101.51400757, -15.72152328, 39.71999741, 0.00000000
4, 1.7800, 175, 0.07543024, 1.06861567, -0.00026843, -57.12134171, 64.83192444, -127.93258667, -23.38497543, 4.70622635, -83.42589569, -23.93697166, 3.91490912, -8.75395870, 1.00000000, 0.00000000, 0.00000000, 0.00000000, -0.06831784, 0.03948379, 0.08511383, 101.51400757, -15.72152328, 39.71999741, 0.00000000
2, 1.5700, 153, -0.56916058, 0.01386423, 1.60411537, -46.70487213, 137.64793396, -87.15109253, 14.41099072, 18.29874229, 84.15667725, -45.63309860, -59.22526169, 31.91468430, 0.82315814, 0.19892323, 0.53060228, -0.03607820, -0.00304304, -0.76928276, 0.57201874, 0.00000000, 0.00000000, 0.00000000, 0.00000000
5, 1.5399, 151, 1.35083735, 1.19183230, 0.24574871, -73.25096130, -18.09454536, -128.16499329, 10.23092651, 46.15609360, -99.91230774, -3.48664165, -28.08586311, 1.46439219, 0.96968037, 0.02641105, 0.24289384, -0.00500998, -0.38832778, -0.10474966, 0.95766556, 0.00000000, 0.00000000, 0.00000000, 0.00000000
5, 1.5499, 152, 1.26380193, 1.14601862, 0.24707235, -80.77630615, -11.14278793, -117.84352112, 10.81555080, 46.91610718, -100.32154083, -4.27524567, -29.19711876, 2.42528749, 0.96702451, 0.03075727, 0.25257704, -0.01106641, -0.32816586, -0.09322189, 0.83579612, 0.00000000, 0.00000000, 0.00000000, 0.00000000
5, 1.5599, 153, 1.25895989, 1.11651266, 0.22396719, -87.25819397, 5.38481426, -112.86286163, 10.81555080, 46.91610718, -100.32154083, -5.23677874, -30.26353073, 3.35356188, 0.96425629, 0.03645043, 0.26194581, -0.01629701, -0.36641818, -0.05969695, 0.82315063, 0.00000000, 0.00000000, 0.00000000, 0.00000000
4, 1.7900, 176, -0.02654501, 1.07381344, -0.05681159, -58.68003845, 68.55181885, -124.49832153, -25.22654152, 5.46623802, -82.34434509, -22.83489609, 2.24488497, -9.19682789, 1.00000000, 0.00000000, 0.00000000, 0.00000000, 0.00722083, 0.09387919, 0.11583694, 101.51400757, -15.72152328, 39.71999741, 0.00000000
4, 1.8000, 177, -0.05691659, 1.10745168, -0.12517457, -48.79833603, 72.17009735, -120.85791779, -25.57731628, 6.28471184, -82.02279663, -23.26502991, 0.98487991, -9.87766647, 1.00000000, 0.00000000, 0.00000000, 0.00000000, 0.00667257, 0.13514200, 0.16632353, 101.51400757, -15.72152328, 39.71999741, 0.00000000
2, 1.5800, 154, -0.29054895, 0.15465151, 1.51960456, -4.52500105, 107.34376526, -87.49093628, 14.41099072, 18.29874229, 84.15667725, -47.26950836, -60.27126312, 33.71066666, 0.81661993, 0.19846174, 0.54071075, -0.03710429, -0.27069890, -0.61137700, 0.71014655, 0.00000000, 0.00000000, 0.00000000, 0.00000000
5, 1.5699, 154, 1.38351822, 1.12669826, 0.15809153, -90.22646332, 21.26055527, -107.03109741, 10.08477020, 46.18532562, -99.44460297, -6.32929897, -31.27768135, 4.22102118, 0.96140736, 0.04321327, 0.27093673, -0.02053782, -0.45409492, 0.02166805, 0.93561459, 0.00000000, 0.00000000, 0.00000000, 0.00000000
5, 1.5799, 155, 1.47165835, 1.09312952, 0.09098353, -86.08020020, 22.15426064, -88.95812988, 9.85092068, 48.66997910, -98.80152130, -7.40133047, -32.10495377, 5.03919172, 0.95886254, 0.04983661, 0.27840099, -0.02432862, -0.55208057, 0.10115011, 0.99192441, 0.00000000, 0.00000000, 0.00000000, 0.00000000
5, 1.5899, 156, 1.42785966, 0.99688399, 0.00454186, -76.09998322, 14.54064941, -69.16422272, 10.28938866, 48.81613541, -99.09383392, -5.91547251, -26.25186157, 4.65610266, 0.97224933, 0.04099730, 0.22864361, -0.02779886, -0.59272540, 0.18583038, 0.88789475, 0.00000000, 0.00000000, 0.00000000, 0.00000000
5, 1.5999, 157, 1.34151542, 0.86141837, 0.00366266, -69.09451294, 2.94463873, -55.80686951, 9.55860806, 50.10231018, -98.88921356, -6.63047075, -26.74608994, 5.34392023, 0.97082424, 0.04543610, 0.23327480, -0.03191679, -0.58190465, 0.16502418, 0.69836938, 0.00000000, 0.00000000, 0.00000000, 0.00000000
2, 1.5900, 155, -0.28496411, 0.04746541, 1.63675058, 33.98048401, 70.11686707, -89.83024597, 12.89096737, 18.18181801, 84.21514130, -48.44042969, -61.00619888, 35.46902847, 0.81184852, 0.19566615, 0.54857552, -0.04100940, -0.28190693, -0.77171361, 0.73411584, 0.00000000, 0.00000000, 0.00000000, 0.00000000
2, 1.6000, 156, -0.32840982, -0.19008715, 1.78763592, 44.24427414, 48.50848007, -89.30415344, 13.15404797, 18.03566170, 84.36129761, -51.90317917, -53.94442749, 39.56529617, 0.82124245, 0.22896492, 0.51575524, -0.08445377, -0.24452838, -1.02148545, 0.66032141, 0.00000000, 0.00000000, 0.00000000, 0.00000000
2, 1.6100, 157, -0.38323587, -0.38981667, 1.86906302, 26.56322098, 44.87902451, -81.13414001, 12.18941784, 18.82490540, 84.30283356, -52.70096588, -54.35840988, 40.94720840, 0.81771278, 0.22674122, 0.52156830, -0.08888625, -0.16582128, -1.14377117, 0.53359604, 0.00000000, 0.00000000, 0.00000000, 0.00000000
4, 1.8100, 178, 0.03797480, 1.20383561, -0.14989404, -32.85720062, 83.47446442, -118.23680878, -25.57731628, 6.28471184, -82.02279663, -23.51484299, -0.25579149, -10.65455055, 1.00000000, 0.00000000, 0.00000000, 0.00000000, -0.11662740, 0.13115850, 0.26051527, 101.51400757, -15.72152328, 39.71999741, 0.00000000
4, 1.8200, 179, 0.27012545, 1.29990137, -0.17558819, -4.52527285, 104.40456390, -114.17048645, -25.95732307, 6.72318029, -81.43817139, -23.44978523, -1.46260250, -11.62245560, 1.00000000, 0.00000000, 0.00000000, 0.00000000, -0.37651259, 0.12363707, 0.34373146, 101.51400757, -15.72152328, 39.71999741, 0.00000000
4, 1.8300, 180, 0.45650536, 1.22885203, -0.18065183, 20.32253647, 111.23428345, -99.08419037, -26.19117165, 7.83396673, -80.79508972, -23.11473846, -2.51258183, -12.65673351, 1.00000000, 0.00000000, 0.00000000, 0.00000000, -0.57738668, 0.14830807, 0.26456293, 101.51400757, -15.72152328, 39.71999741, 0.00000000
5, 1.6099, 158, 1.21911335, 0.76471138, 0.02250121, -69.80020905, -7.09935951, -46.04741287, 9.55860806, 50.10231018, -98.88921356, -7.31004333, -27.12075043, 6.09541607, 0.96956861, 0.04944332, 0.23695680, -0.03665414, -0.58921361, 0.14867774, 0.54800767, 0.00000000, 0.00000000, 0.00000000, 0.00000000
5, 1.6199, 159, 1.11615920, 0.72802460, 0.06572997, -73.65765381, -7.36269474, -40.04571152, 8.97398376, 50.68693161, -98.62612915, -8.03289986, -27.42392159, 6.87787390, 0.96836448, 0.05374017, 0.24011467, -0.04155889, -0.55788732, 0.11310019, 0.45015371, 0.00000000, 0.00000000, 0.00000000, 0.00000000
4, 1.8400, 181, 0.54697657, 1.09098887, -0.18964350, 25.82097816, 92.75427246, -80.50227356, -27.12657166, 6.22624969, -80.35662079, -20.67784691, 2.94258094, -14.61280060, 1.00000000, 0.00000000, 0.00000000, 0.00000000, -0.64745378, 0.18878525, 0.12656513, 101.51400757, -15.72152328, 39.71999741, 0.00000000
4, 1.8500, 182, 0.50219184, 1.00836551, -0.18622932, 25.04446602, 58.23630142, -62.86370468, -27.24349594, 8.65244102, -79.85968781, -20.40077209, 2.31307459, -15.16945457, 1.00000000, 0.00000000, 0.00000000, 0.00000000, -0.52715254, 0.18364003, 0.03870685, 101.51400757, -15.72152328, 39.71999741, 0.00000000
4, 1.8600, 183, 0.38900110, 0.95447177, -0.11567410, 23.93708038, 23.65612602, -50.05269241, -27.24349594, 8.65244102, -79.85968781, -20.14261818, 1.81661725, -15.38546085, 1.00000000, 0.00000000, 0.00000000, 0.00000000, -0.41850698, 0.13126670, -0.02981295, 101.51400757, -15.72152328, 39.71999741, 0.00000000
2, 1.6200, 158, -0.35355732, -0.35916939, 1.75041032, -12.45682526, 53.98343658, -69.66529846, 12.51096153, 17.27565002, 84.15667725, -53.89055634, -54.77606201, 42.29361343, 0.81341851, 0.22731498, 0.52761060, -0.09113444, -0.21503456, -1.03603590, 0.49442834, 0.00000000, 0.00000000, 0.00000000, 0.00000000
2, 1.6300, 159, -0.30584693, -0.20229350, 1.52628040, -41.51211929, 61.66037369, -65.15442657, 12.51096153, 17.27565002, 84.15667725, -55.43504333, -55.19155884, 43.69640350, 0.80837315, 0.22998422, 0.53402108, -0.09198775, -0.27723575, -0.76256222, 0.47896689, 0.00000000, 0.00000000, 0.00000000, 0.00000000
2, 1.6400, 160, -0.21095479, -0.04592378, 1.32834256, -46.63032913, 63.60051346, -62.52467728, 11.86787510, 19.23414230, 84.09821320, -57.05126953, -55.59610748, 45.10896683, 0.80318815, 0.23296903, 0.54043555, -0.09243252, -0.38000321, -0.50756830, 0.49493581, 0.00000000, 0.00000000, 0.00000000, 0.00000000
2, 1.6500, 161, -0.12017724, 0.12947245, 1.17546296, -27.82617569, 52.13452530, -57.89885330, 11.04940033, 18.24028015, 83.63051605, -52.13550949, -49.37307739, 42.54788208, 0.82715118, 0.23594321, 0.49446929, -0.12510735, -0.44886807, -0.26297212, 0.52512330, 0.00000000, 0.00000000, 0.00000000, 0.00000000
4, 1.8700, 184, 0.22015615, 0.94591385, -0.06949187, 23.46401596, 3.70200849, -41.50764465, -27.91581345, 8.76936531, -79.88892365, -19.89695358, 1.40709805, -15.40510273, 1.00000000, 0.00000000, 0.00000000, 0.00000000, -0.25605735, 0.08674846, -0.04339928, 101.51400757, -15.72152328, 39.71999741, 0.00000000
4, 1.8800, 185, 0.11624234, 0.94729245, -0.07954382, 27.60984039, -2.96638989, -38.14130020, -27.82811928, 8.94475269, -80.29815674, -19.61347198, 1.03224051, -15.35734558, 1.00000000, 0.00000000, 0.00000000, 0.00000000, -0.15945646, 0.09142487, -0.03320371, 101.51400757, -15.72152328, 39.71999741, 0.00000000
2, 1.6600, 162, -0.10739948, 0.24538706, 1.13914680, 7.40484619, 27.16197968, -61.80622101, 10.99093819, 17.94796753, 83.65974426, -52.73628616, -49.59079361, 43.51596832, 0.82446074, 0.23518406, 0.49843556, -0.12851031, -0.39668626, -0.12589630, 0.51398486, 0.00000000, 0.00000000, 0.00000000, 0.00000000
5, 1.6299, 160, 1.05322492, 0.71032596, 0.06619447, -76.38231659, 3.94610238, -36.88472366, 9.09090900, 51.44694519, -98.15843201, -8.84359932, -27.70276260, 7.60908794, 0.96712148, 0.05885345, 0.24313252, -0.04581472, -0.53798473, 0.12281134, 0.39347929, 0.00000000, 0.00000000, 0.00000000, 0.00000000
5, 1.6399, 161, 1.12655246, 0.72195721, 0.02062337, -75.93727112, 22.40759277, -33.08534622, 9.17860222, 51.85618210, -98.07073975, -7.13937426, -21.96757126, 6.84029007, 0.97873920, 0.04966851, 0.19346914, -0.04660904, -0.55680418, 0.17353946, 0.44833872, 0.00000000, 0.00000000, 0.00000000, 0.00000000
5, 1.6499, 162, 1.23010111, 0.76997280, -0.06259698, -73.00276947, 22.11450005, -27.76670074, 8.82782841, 50.21923447, -97.28149414, -7.94099569, -22.19933891, 7.37289715, 0.97777009, 0.05545856, 0.19602558, -0.04963931, -0.51989752, 0.24778847, 0.52193278, 0.00000000, 0.00000000, 0.00000000, 0.00000000
5, 1.6599, 163, 1.29873192, 0.79251802, -0.09681994, -63.10032654, 7.95833254, -19.94033241, 8.27243519, 50.71616364, -97.51534271, -8.57456398, -22.33583641, 7.89906454, 0.97699249, 0.05986430, 0.19773595, -0.05293939, -0.54886925, 0.29485923, 0.59113270, 0.00000000, 0.00000000, 0.00000000, 0.00000000
5, 1.6699, 164, 1.26158452, 0.77989054, -0.11091912, -51.31295395, -16.09717178, -10.41099358, 8.27243519, 50.71616364, -97.51534271, -8.96565819, -22.34761620, 8.45890617, 0.97649622, 0.06222172, 0.19832201, -0.05702635, -0.53805864, 0.31553262, 0.55482829, 0.00000000, 0.00000000, 0.00000000, 0.00000000
2, 1.6700, 163, -0.16648416, 0.11342945, 1.20266902, 35.62071991, -0.54845762, -68.43168640, 10.52323914, 18.38643646, 84.01052094, -52.98025894, -49.58804703, 44.45684433, 0.82288873, 0.23284768, 0.50062037, -0.13422209, -0.35395074, -0.26198095, 0.45421037, 0.00000000, 0.00000000, 0.00000000, 0.00000000
4, 1.8900, 186, 0.05534128, 0.95081788, -0.13857187, 33.89281845, 0.41918764, -34.41040802, -28.00350761, 9.29552746, -80.73662567, -17.56699181, 1.77665687, -14.89295769, 1.00000000, 0.00000000, 0.00000000, 0.00000000, -0.10175578, 0.13346508, -0.00993215, 101.51400757, -15.72152328, 39.71999741, 0.00000000
4, 1.9000, 187, 0.02086875, 0.97301155, -0.16396214, 42.03621292, 8.22513962, -28.57970238, -27.85735130, 9.29552746, -80.97047424, -17.13737488, 1.50353062, -14.95894051, 1.00000000, 0.00000000, 0.00000000, 0.00000000, -0.06048988, 0.12206296, 0.01286790, 101.51400757, -15.72152328, 39.71999741, 0.00000000
4, 1.9100, 188, -0.00966158, 0.99950546, -0.12011756, 50.44531631, 16.08453560, -22.82352638, -27.85735130, 8.68167210, -80.97047424, -16.62157059, 1.29416358, -15.09702873, 1.00000000, 0.00000000, 0.00000000, 0.00000000, -0.03479765, 0.06383279, 0.02248140, 101.51400757, -15.72152328, 39.71999741, 0.00000000
4, 1.9200, 189, -0.04521539, 0.92727077, -0.02755824, 58.69114304, 22.18725967, -17.25296783, -28.55890083, 6.78164291, -81.05816650, -16.02154732, 1.14708376, -15.28910065, 1.00000000, 0.00000000, 0.00000000, 0.00000000, 0.00461928, -0.00835874, -0.07702561, 101.51400757, -15.72152328, 39.71999741, 0.00000000
4, 1.9300, 190, -0.07874826, 0.82291448, 0.06500669, 54.13067627, 28.71362114, -13.87747860, -28.12043190, 8.62320995, -81.05816650, -15.46439362, 1.03947091, -15.54837132, 1.00000000, 0.00000000, 0.00000000, 0.00000000, 0.04501132, -0.06992984, -0.20676786, 101.51400757, -15.72152328, 39.71999741, 0.00000000
5, 1.6799, 165, 1.12324655, 0.72778654, -0.06654256, -44.37977600, -42.73101807, -5.52573156, 8.68167210, 49.86845779, -97.95381165, -9.14432049, -22.27115822, 9.11785507, 0.97617984, 0.06266426, 0.19812427, -0.06239303, -0.49154031, 0.27121207, 0.41596842, 0.00000000, 0.00000000, 0.00000000, 0.00000000
5, 1.6899, 166, 0.92550141, 0.66930282, 0.01611290, -43.71294785, -61.69785309, -1.60477972, 8.38935947, 52.41157532, -97.04764557, -7.21114111, -18.10144615, 9.34450626, 0.98312545, 0.04910983, 0.16153443, -0.07042255, -0.39375383, 0.17855711, 0.21994247, 0.00000000, 0.00000000, 0.00000000, 0.00000000
5, 1.6999, 167, 0.75864959, 0.66012096, 0.09204953, -48.15862274, -66.80247498, 1.97556841, 8.79859638, 51.73925781, -97.89534760, -7.22775459, -17.92971802, 10.15514374, 0.98282063, 0.04825381, 0.16041893, -0.07746568, -0.24248911, 0.08095615, 0.06337462, 0.00000000, 0.00000000, 0.00000000, 0.00000000
5, 1.7099, 168, 0.67440575, 0.69758320, 0.14840896, -51.66841507, -56.59615707, 5.80379009, 8.53551579, 52.29465103, -98.01227570, -7.33341551, -17.73205566, 10.92334080, 0.98249054, 0.04826191, 0.15912500, -0.08403813, -0.15486522, 0.02908404, 0.02114825, 0.00000000, 0.00000000, 0.00000000, 0.00000000
5, 1.7199, 169, 0.62392384, 0.76631463, 0.16901079, -49.50207138, -41.61684036, 12.37254047, 8.53551579, 52.29465103, -98.01227570, -7.50823307, -17.49400330, 11.56709290, 0.98223174, 0.04909243, 0.15749408, -0.08947866, -0.06480089, 0.01677102, 0.02294721, 0.00000000, 0.00000000, 0.00000000, 0.00000000
2, 1.6800, 164, -0.28716430, -0.09322347, 1.31436658, 42.69303894, -15.09469032, -68.59193420, 10.52323914, 18.38643646, 84.01052094, -53.08966446, -49.45741272, 45.34840775, 0.82181633, 0.23028407, 0.50177860, -0.14073212, -0.25516486, -0.48450905, 0.35567951, 0.00000000, 0.00000000, 0.00000000, 0.00000000
2, 1.6900, 165, -0.39649296, -0.22605225, 1.33780193, 28.54905510, -12.67785549, -64.12900543, 11.13709450, 18.62028694, 84.85823059, -53.32445908, -49.32335663, 46.21040344, 0.82048321, 0.22875871, 0.50300902, -0.14648813, -0.16922259, -0.59161854, 0.25131264, 0.00000000, 0.00000000, 0.00000000, 0.00000000
2, 1.7000, 166, -0.41231513, -0.23757318, 1.24145806, 5.62694693, -4.07611132, -57.19152451, 11.22478771, 18.94182968, 83.98129272, -55.82207108, -45.09521866, 47.25643539, 0.81964982, 0.26026610, 0.48371273, -0.16265884, -0.16074808, -0.51298344, 0.17395866, 0.00000000, 0.00000000, 0.00000000, 0.00000000
4, 1.9400, 191, -0.12162609, 0.77390152, 0.09707824, 41.27245712, 33.08022690, -13.46924686, -28.44197655, 8.62320995, -81.61356354, -17.25806999, -0.22756101, -16.15142059, 1.00000000, 0.00000000, 0.00000000, 0.00000000, 0.08488660, -0.08219438, -0.26020199, 101.51400757, -15.72152328, 39.71999741, 0.00000000
4, 1.9500, 192, -0.10806061, 0.77867568, 0.06558602, 31.88071251, 34.23173523, -13.28141975, -28.44197655, 8.62320995, -81.61356354, -16.91286659, -0.33722281, -16.47759247, 1.00000000, 0.00000000, 0.00000000, 0.00000000, 0.05316534, -0.03246565, -0.23986420, 101.51400757, -15.72152328, 39.71999741, 0.00000000
4, 1.9600, 193, -0.04607862, 0.79667705, 0.00295883, 25.56103897, 30.22841835, -11.77048874, -28.29582024, 8.59397793, -81.55509949, -16.63334846, -0.43345648, -16.76787376, 1.00000000, 0.00000000, 0.00000000, 0.00000000, -0.01311264, 0.01531490, -0.20764478, 101.51400757, -15.72152328, 39.71999741, 0.00000000
5, 1.7299, 170, 0.59585178, 0.81676447, 0.15692048, -40.25000381, -27.74560165, 23.41651726, 8.76936531, 51.38848114, -98.21689606, -7.68556738, -17.17753792, 12.02616024, 0.98218304, 0.05029359, 0.15512776, -0.09339419, -0.00384738, 0.03607758, 0.02959055, 0.00000000, 0.00000000, 0.00000000, 0.00000000
2, 1.7100, 167, -0.37262696, -0.09456868, 1.10972655, -11.74026108, 0.07873151, -50.34885025, 11.48786926, 17.07103157, 84.12744904, -56.34717941, -44.98848343, 47.97185516, 0.81755310, 0.26145190, 0.48546731, -0.16604619, -0.15840264, -0.27134317, 0.19041380, 0.00000000, 0.00000000, 0.00000000, 0.00000000
2, 1.7200, 168, -0.25606045, 0.07207052, 0.99487352, -10.37059116, -6.72829485, -45.48019791, 10.96170712, 17.56796265, 84.21514130, -56.78902054, -44.82337189, 48.59511566, 0.81581461, 0.26267502, 0.48657593, -0.16938815, -0.25872883, -0.06791826, 0.26280200, 0.00000000, 0.00000000, 0.00000000, 0.00000000
2, 1.7300, 169, -0.21766253, 0.12533508, 0.93499058, -1.22262645, -23.68724060, -40.97231293, 10.96170712, 17.56796265, 84.21514130, -57.02250290, -44.52152252, 49.08399582, 0.81486899, 0.26358089, 0.48629427, -0.17329639, -0.29369453, 0.01682189, 0.27088645, 0.00000000, 0.00000000, 0.00000000, 0.00000000
2, 1.7400, 170, -0.28923300, 0.10729994, 0.91387486, 3.21177912, -36.52214432, -36.15530014, 11.16632557, 18.73721123, 84.39052582, -57.11414719, -44.11435318, 49.45632935, 0.81450301, 0.26444161, 0.48493129, -0.17747478, -0.22750628, 0.02398744, 0.22399637, 0.00000000, 0.00000000, 0.00000000, 0.00000000
4, 1.9700, 194, -0.01508625, 0.82926291, -0.06334799, 21.36316299, 24.56454659, -8.60794449, -27.85735130, 7.60011673, -82.08126068, -16.40019417, -0.50094283, -17.00317955, 1.00000000, 0.00000000, 0.00000000, 0.00000000, -0.04910074, 0.06249834, -0.15804687, 101.51400757, -15.72152328, 39.71999741, 0.00000000
4, 1.9800, 195, -0.00415036, 0.86977053, -0.10275935, 18.10709572, 18.73675919, -5.86996031, -28.23735809, 8.53551579, -82.34434509, -16.20428467, -0.54444957, -17.18122482, 1.00000000, 0.00000000, 0.00000000, 0.00000000, -0.06449353, 0.08235173, -0.10849492, 101.51400757, -15.72152328, 39.71999741, 0.00000000
2, 1.7500, 171, -0.35039455, 0.04553166, 0.87876004, -1.97845185, -41.39982986, -30.73878479, 11.72171879, 18.67874908, 84.27360535, -55.46534348, -41.75327301, 49.42200851, 0.82061154, 0.26312214, 0.46830094, -0.19508433, -0.17531958, 0.01242118, 0.13159813, 0.00000000, 0.00000000, 0.00000000, 0.00000000
2, 1.7600, 172, -0.37517703, -0.00426953, 0.84878993, -15.43427372, -39.94781876, -24.19732857, 12.86173630, 18.03566170, 83.86436462, -55.65428162, -41.29743576, 49.66625595, 0.82016301, 0.26545423, 0.46647573, -0.19815919, -0.14233963, 0.00929902, 0.04578180, 0.00000000, 0.00000000, 0.00000000, 0.00000000
5, 1.7399, 171, 0.56150502, 0.80245483, 0.11866250, -26.93143463, -17.85524559, 34.15610504, 9.64630222, 51.73925781, -98.50920868, -6.77896261, -17.00253868, 12.71118927, 0.98218226, 0.04177801, 0.15313862, -0.10060434, 0.00848382, 0.07147159, -0.01002651, 0.00000000, 0.00000000, 0.00000000, 0.00000000
5, 1.7499, 172, 0.51103908, 0.73023403, 0.11223533, -15.01834393, -13.46448421, 39.84014130, 8.76936531, 51.71002579, -97.98304749, -6.82912445, -16.57597160, 12.84871101, 0.98255706, 0.04246757, 0.14958383, -0.10199459, -0.01411945, 0.06067093, -0.09693861, 0.00000000, 0.00000000, 0.00000000, 0.00000000
5, 1.7599, 173, 0.44220483, 0.67863476, 0.13901930, -7.86406088, -10.61686230, 41.32419205, 9.12014008, 51.44694519, -98.21689606, -6.83585548, -16.14582825, 12.90680218, 0.98300767, 0.04289794, 0.14592955, -0.10276392, -0.00410297, 0.03037951, -0.18363827, 0.00000000, 0.00000000, 0.00000000, 0.00000000
5, 1.7699, 174, 0.39191610, 0.66775715, 0.17875846, -4.85981369, -5.04380035, 39.49091721, 9.12014008, 51.44694519, -98.21689606, -6.85143042, -15.74503899, 12.90894318, 0.98345780, 0.04344631, 0.14251193, -0.10302255, 0.02736019, -0.00971718, -0.23016146, 0.00000000, 0.00000000, 0.00000000, 0.00000000
5, 1.7799, 175, 0.39199147, 0.68005192, 0.21004298, -2.72921991, 2.28732085, 38.11376190, 8.82782841, 50.77462769, -98.62612915, -6.89493895, -15.37101173, 12.85075951, 0.98390985, 0.04427974, 0.13932391, -0.10271168, 0.04546729, -0.03913943, -0.22283727, 0.00000000, 0.00000000, 0.00000000, 0.00000000
5, 1.7899, 176, 0.40703043, 0.71304512, 0.22923507, -0.69540101, 7.47689581, 37.40536880, 9.38322163, 50.95001221, -98.59690094, -8.03703403, -16.52266884, 12.56113911, 0.98236656, 0.05325494, 0.15006170, -0.09798673, 0.06344881, -0.05023625, -0.18914771, 0.00000000, 0.00000000, 0.00000000, 0.00000000
5, 1.7999, 177, 0.43507740, 0.75316477, 0.22392319, 0.57935005, 11.84438038, 35.10969543, 9.41245270, 50.54077530, -98.47997284, -8.10844040, -16.19880676, 12.41469097, 0.98283488, 0.05438888, 0.14728270, -0.09687769, 0.06440492, -0.02753646, -0.13715649, 0.00000000, 0.00000000, 0.00000000, 0.00000000
4, 1.9900, 196, -0.01418146, 0.90723604, -0.12383864, 16.30754280, 15.07088566, -4.41504335, -28.09120178, 7.74627304, -81.75971985, -15.28033543, -0.08500113, -17.18474197, 1.00000000, 0.00000000, 0.00000000, 0.00000000, -0.05590347, 0.08331385, -0.06727885, 101.51400757, -15.72152328, 39.71999741, 0.00000000
2, 1.7700, 173, -0.39991373, -0.05384898, 0.79020482, -31.34543037, -33.94873428, -13.13652706, 12.89096737, 18.59105492, 84.47821808, -55.96202850, -40.88069916, 49.81112289, 0.81954706, 0.26887488, 0.46486869, -0.19986531, -0.13327220, 0.02246307, -0.03442750, 0.00000000, 0.00000000, 0.00000000, 0.00000000
2, 1.7800, 174, -0.43286958, -0.06161385, 0.70744330, -44.17015839, -26.78256035, -0.76695114, 12.89096737, 18.59105492, 84.47821808, -56.35233307, -40.52381134, 49.83769226, 0.81886542, 0.27310511, 0.46349081, -0.20012328, -0.11350936, 0.08237525, -0.10288121, 0.00000000, 0.00000000, 0.00000000, 0.00000000
2, 1.7900, 175, -0.47945884, -0.05043488, 0.65764791, -54.75249100, -17.09699249, 15.34833527, 13.30020428, 17.50950050, 83.86436462, -56.78853989, -40.26351929, 49.70269012, 0.81825298, 0.27789351, 0.46237862, -0.19860369, -0.07188670, 0.13166243, -0.13844299, 0.00000000, 0.00000000, 0.00000000, 0.00000000
5, 1.8099, 178, 0.47810993, 0.77582669, 0.19610457, 3.84440374, 13.70541859, 34.20112991, 9.52937698, 50.45308304, -98.30458832, -8.16479874, -15.89074421, 12.23178291, 0.98331326, 0.05541680, 0.14460525, -0.09546471, 0.05961533, 0.00330482, -0.09198026, 0.00000000, 0.00000000, 0.00000000, 0.00000000
2, 1.8000, 176, -0.58269906, 0.00973017, 0.61010015, -54.63524246, -14.23611927, 23.40297508, 13.35866737, 16.80795097, 84.36129761, -57.18063736, -43.22032928, 49.06026459, 0.81583589, 0.27049235, 0.47890699, -0.17858827, 0.02289017, 0.20519778, -0.14863272, 0.00000000, 0.00000000, 0.00000000, 0.00000000
2, 1.8100, 177, -0.64657944, 0.06018383, 0.56771171, -48.50742340, -15.42749500, 18.37673950, 13.30020428, 16.42794418, 83.77667236, -57.52089691, -42.99698639, 48.86702728, 0.81553745, 0.27469268, 0.47766995, -0.17684460, 0.05786791, 0.25222361, -0.14214382, 0.00000000, 0.00000000, 0.00000000, 0.00000000
4, 2.0000, 197, -0.03332195, 0.92509836, -0.13271011, 16.34451675, 12.67806244, -4.70382738, -28.09120178, 7.74627304, -81.75971985, -15.10765076, -0.11865330, -17.30359268, 1.00000000, 0.00000000, 0.00000000, 0.00000000, -0.03232127, 0.07328844, -0.04966610, 101.51400757, -15.72152328, 39.71999741, 0.00000000
4, 2.0100, 198, -0.06444013, 0.92816418, -0.12922159, 17.40602112, 10.88103294, -5.45742226, -28.14966393, 8.59397793, -82.19818878, -14.92536545, -0.16076007, -17.40458488, 1.00000000, 0.00000000, 0.00000000, 0.00000000, -0.00207259, 0.06595582, -0.04661090, 101.51400757, -15.72152328, 39.71999741, 0.00000000
5, 1.8199, 179, 0.50745696, 0.78620231, 0.18977417, 7.10136271, 10.65755749, 34.64785767, 9.52937698, 50.45308304, -98.30458832, -8.17609119, -15.57703590, 12.04012585, 0.98381746, 0.05606575, 0.14183436, -0.09403718, 0.05477369, 0.01115418, -0.06410277, 0.00000000, 0.00000000, 0.00000000, 0.00000000
5, 1.8299, 180, 0.53827006, 0.82600200, 0.21087141, 8.94014549, 5.24885750, 32.79549789, 9.73399544, 50.19000244, -98.24612427, -8.13908291, -15.27453136, 11.87053394, 0.98430598, 0.05625264, 0.13912854, -0.09284803, 0.07404816, -0.00676677, -0.01595032, 0.00000000, 0.00000000, 0.00000000, 0.00000000
5, 1.8399, 181, 0.54898942, 0.83568525, 0.21716318, 11.30772781, -3.01409698, 29.58897400, 9.82168961, 47.70534897, -98.36305237, -8.29837418, -15.89064503, 11.75776196, 0.98363388, 0.05716122, 0.14448036, -0.09122803, 0.07669201, -0.01243360, -0.00157579, 0.00000000, 0.00000000, 0.00000000, 0.00000000
2, 1.8200, 178, -0.64830059, 0.07226484, 0.51903719, -37.92386627, -23.76167107, 9.19847012, 13.30020428, 16.42794418, 83.77667236, -57.77681732, -42.70139694, 48.74751282, 0.81537759, 0.27829409, 0.47604796, -0.17632441, 0.05609585, 0.30010357, -0.16566932, 0.00000000, 0.00000000, 0.00000000, 0.00000000
4, 2.0200, 199, -0.08631624, 0.92924005, -0.11580764, 17.61777115, 8.95156479, -6.66632414, -28.06196976, 8.65244102, -81.87664032, -14.74191189, -0.21622495, -17.48743439, 1.00000000, 0.00000000, 0.00000000, 0.00000000, 0.01912158, 0.04985715, -0.04943606, 101.51400757, -15.72152328, 39.71999741, 0.00000000
5, 1.8499, 182, 0.50846618, 0.81509662, 0.25315458, 11.88639069, -12.15147686, 25.15755463, 9.99707699, 48.31920624, -97.69073486, -8.12629223, -15.63749504, 11.68514061, 0.98406112, 0.05601905, 0.14213860, -0.09100646, 0.08049524, -0.04940787, -0.04246450, 0.00000000, 0.00000000, 0.00000000, 0.00000000
4, 2.0300, 200, -0.09406332, 0.94751263, -0.11645856, 15.79089165, 6.89809608, -7.92095613, -28.00350761, 7.60011673, -82.63665771, -14.57772350, -0.28610444, -17.55238533, 1.00000000, 0.00000000, 0.00000000, 0.00000000, 0.02450136, 0.04136430, -0.03228774, 101.51400757, -15.72152328, 39.71999741, 0.00000000
2, 1.8300, 179, -0.67672569, 0.05184995, 0.51106334, -24.04362679, -33.36454391, 1.45530891, 13.56328583, 15.87255192, 84.41976166, -57.89653397, -42.33107758, 48.67219162, 0.81553519, 0.28106150, 0.47388065, -0.17704195, 0.08252329, 0.29612505, -0.19301890, 0.00000000, 0.00000000, 0.00000000, 0.00000000
5, 1.8599, 183, 0.45785043, 0.80153334, 0.29320610, 10.13885880, -16.14119148, 18.74025917, 9.52937698, 48.81613541, -98.47997284, -7.94340277, -15.43850517, 11.66460228, 0.98438656, 0.05466446, 0.14027753, -0.09119916, 0.10682574, -0.09332085, -0.09035107, 0.00000000, 0.00000000, 0.00000000, 0.00000000
4, 2.0400, 201, -0.10621023, 0.97927427, -0.13474795, 13.78225708, 5.26037073, -8.22181702, -28.00350761, 7.60011673, -82.63665771, -13.84820175, -0.72390556, -17.23460579, 1.00000000, 0.00000000, 0.00000000, 0.00000000, 0.03124625, 0.04278689, 0.00328456, 101.51400757, -15.72152328, 39.71999741, 0.00000000
2, 1.8400, 180, -0.67160469, -0.01187650, 0.51520401, -11.77452469, -37.08543777, -1.67449236, 13.70944118, 16.28178787, 83.89360046, -57.88925552, -41.94709015, 48.60254669, 0.81599855, 0.28295511, 0.47144461, -0.17838940, 0.07113792, 0.25261503, -0.23464249, 0.00000000, 0.00000000, 0.00000000, 0.00000000
2, 1.8500, 181, -0.67294002, -0.06886333, 0.54281712, -3.75489545, -36.17753983, 2.32202864, 13.76790428, 15.90178299, 84.30283356, -60.18758774, -44.79574966, 48.70294189, 0.80754679, 0.28641042, 0.49149784, -0.15577935, 0.06132259, 0.19184056, -0.24722537, 0.00000000, 0.00000000, 0.00000000, 0.00000000
2, 1.8600, 182, -0.69048429, -0.10810072, 0.57640594, -0.62345284, -28.63139153, 10.06731224, 13.68021011, 14.87869072, 83.92282867, -59.98878479, -44.54669189, 48.46252823, 0.80860913, 0.28713012, 0.48920953, -0.15614626, 0.05015727, 0.12958518, -0.22533087, 0.00000000, 0.00000000, 0.00000000, 0.00000000
5, 1.8699, 184, 0.42271647, 0.81731558, 0.32564774, 8.04083729, -14.35163975, 13.77963066, 9.93861389, 47.76381302, -98.39228058, -7.78864908, -15.28873158, 11.66036510, 0.98462731, 0.05348327, 0.13886786, -0.09145735, 0.14558846, -0.12705623, -0.10822994, 0.00000000, 0.00000000, 0.00000000, 0.00000000
4, 2.0500, 202, -0.09819914, 1.01022220, -0.16352142, 12.54969311, 1.78037798, -7.54346275, -28.06196976, 8.74013424, -82.05203247, -13.71984863, -0.79495817, -17.25163078, 1.00000000, 0.00000000, 0.00000000, 0.00000000, 0.01451481, 0.04966849, 0.03911354, 101.51400757, -15.72152328, 39.71999741, 0.00000000
5, 1.8799, 185, 0.40286911, 0.84627044, 0.32112312, 7.03102016, -9.71613979, 9.64413452, 9.93861389, 47.76381302, -98.39228058, -7.67094946, -15.18592834, 11.64422989, 0.98480660, 0.05258936, 0.13788462, -0.09153249, 0.18230127, -0.12233558, -0.10749137, 0.00000000, 0.00000000, 0.00000000, 0.00000000
2, 1.8700, 183, -0.69037306, -0.11325043, 0.60294271, -1.27564502, -21.71786499, 20.03062057, 13.68021011, 14.87869072, 83.92282867, -59.75536346, -44.38335037, 48.11730576, 0.80982113, 0.28766567, 0.48709306, -0.15549476, 0.05645932, 0.10770817, -0.21452542, 0.00000000, 0.00000000, 0.00000000, 0.00000000
2, 1.8800, 184, -0.67840743, -0.10441921, 0.62286264, -5.10102749, -15.35606575, 28.97297859, 14.11867905, 13.97252274, 84.41976166, -59.52685928, -44.29026031, 47.68420792, 0.81107122, 0.28829110, 0.48516166, -0.15385093, 0.05181761, 0.09945975, -0.19501804, 0.00000000, 0.00000000, 0.00000000, 0.00000000
4, 2.0600, 203, -0.10475256, 1.03880990, -0.17666240, 12.14521980, -1.08607888, -6.29585409, -28.32505035, 7.39549828, -82.63665771, -13.59810638, -0.85671991, -17.23931885, 1.00000000, 0.00000000, 0.00000000, 0.00000000, 0.01772486, 0.05025824, 0.07034862, 101.51400757, -15.72152328, 39.71999741, 0.00000000
4, 2.0700, 204, -0.12017593, 1.04645598, -0.16898142, 13.08292389, -3.24525309, -4.88965940, -28.67582512, 8.03858471, -82.66588593, -13.46911430, -0.90674496, -17.20356178, 1.00000000, 0.00000000, 0.00000000, 0.00000000, 0.03184896, 0.03830049, 0.07550121, 101.51400757, -15.72152328, 39.71999741, 0.00000000
4, 2.0800, 205, -0.14597452, 1.02308536, -0.14079563, 13.04968357, -3.57846975, -4.54603863, -28.70505714, 7.98012257, -82.57819366, -13.34085369, -0.95380646, -17.16426659, 1.00000000, 0.00000000, 0.00000000, 0.00000000, 0.05895354, 0.01749247, 0.04532479, 101.51400757, -15.72152328, 39.71999741, 0.00000000
5, 1.8899, 186, 0.40422034, 0.86402178, 0.31175083, 7.51668596, -4.89310026, 6.94873714, 9.99707699, 48.81613541, -98.42151642, -8.98870754, -17.32076645, 11.40901661, 0.98185056, 0.06216269, 0.15707092, -0.08622164, 0.18703911, -0.10773055, -0.09319381, 0.00000000, 0.00000000, 0.00000000, 0.00000000
2, 1.8900, 185, -0.67384803, -0.07132558, 0.62190682, -7.46776772, -11.14548683, 37.08777618, 13.94329166, 15.81408882, 84.68283844, -59.28324127, -44.24805450, 47.16296387, 0.81242132, 0.28895009, 0.48328063, -0.15139116, 0.05432859, 0.12246808, -0.17459172, 0.00000000, 0.00000000, 0.00000000, 0.00000000
4, 2.0900, 206, -0.17524229, 0.97930211, -0.11187554, 11.54411411, -1.46392238, -5.38246822, -28.70505714, 7.98012257, -82.57819366, -13.26910019, -2.16005874, -16.68711472, 1.00000000, 0.00000000, 0.00000000, 0.00000000, 0.08578436, 0.00320425, -0.00379820, 101.51400757, -15.72152328, 39.71999741, 0.00000000
5, 1.8999, 187, 0.43391454, 0.85962677, 0.27858070, 8.91687107, -1.90139437, 5.42487383, 9.85092068, 48.66997910, -99.06459808, -8.90116024, -17.27545547, 11.33592415, 0.98200858, 0.06155575, 0.15657844, -0.08575132, 0.13656810, -0.06004882, -0.06386844, 0.00000000, 0.00000000, 0.00000000, 0.00000000
2, 1.9000, 186, -0.75581461, 0.00358726, 0.60931289, -5.22972393, -7.16276979, 39.33022690, 14.26483440, 16.69102669, 84.15667725, -59.48891830, -47.66692352, 46.07482147, 0.80932099, 0.28033632, 0.50045693, -0.12630951, 0.13506833, 0.17392391, -0.14971188, 0.00000000, 0.00000000, 0.00000000, 0.00000000
2, 1.9100, 187, -0.78363824, 0.04709217, 0.58135527, -1.94975328, -4.70376730, 28.54019928, 14.11867905, 16.01870728, 83.80590057, -59.24193192, -47.67974854, 45.65511322, 0.81036788, 0.28036627, 0.49923316, -0.12435868, 0.13367517, 0.19714695, -0.12858458, 0.00000000, 0.00000000, 0.00000000, 0.00000000
4, 2.1000, 207, -0.19117630, 0.93530846, -0.08684987, 8.68454933, 1.42510676, -6.28037214, -27.88658333, 7.89242887, -83.25051117, -13.17946720, -2.21940684, -16.70250511, 1.00000000, 0.00000000, 0.00000000, 0.00000000, 0.08906352, -0.00669646, -0.05227243, 101.51400757, -15.72152328, 39.71999741, 0.00000000
5, 1.9099, 188, 0.45061126, 0.81729674, 0.24257611, 11.63259888, -1.69717371, 4.41370964, 9.93861389, 49.07921600, -98.33381653, -8.79176426, -17.24358177, 11.24150467, 0.98217672, 0.06077722, 0.15617394, -0.08511659, 0.09123390, -0.02920582, -0.07850352, 0.00000000, 0.00000000, 0.00000000, 0.00000000
5, 1.9199, 189, 0.45929044, 0.78628230, 0.22237304, 13.94064426, -0.27926719, 2.75314689, 9.73399544, 48.69921112, -98.50920868, -8.67137051, -17.23296928, 11.12297344, 0.98234081, 0.05991659, 0.15593177, -0.08427279, 0.06044154, -0.01350015, -0.09181254, 0.00000000, 0.00000000, 0.00000000, 0.00000000
4, 2.1100, 208, -0.19360311, 0.91160637, -0.07731288, 5.28682423, 2.77081847, -6.72376347, -28.20812607, 7.95089149, -82.89973450, -13.12208939, -2.28211832, -16.73413849, 1.00000000, 0.00000000, 0.00000000, 0.00000000, 0.09218821, -0.00882878, -0.07780778, 101.51400757, -15.72152328, 39.71999741, 0.00000000
2, 1.9200, 188, -0.75436592, 0.04767697, 0.56336927, 4.07448244, -10.36417389, 11.64760113, 14.11867905, 16.01870728, 83.80590057, -59.04776382, -47.61557770, 45.44278336, 0.81115639, 0.28019196, 0.49813581, -0.12401063, 0.10257605, 0.20949444, -0.13477683, 0.00000000, 0.00000000, 0.00000000, 0.00000000
5, 1.9299, 190, 0.50669539, 0.80351031, 0.22444102, 14.08130264, 1.16683578, 2.04972887, 9.73399544, 48.69921112, -98.50920868, -8.55857849, -17.23165703, 10.99586582, 0.98249394, 0.05912369, 0.15577203, -0.08333749, 0.04541470, -0.01606554, -0.04394837, 0.00000000, 0.00000000, 0.00000000, 0.00000000
4, 2.1200, 209, -0.20673075, 0.91296947, -0.08831769, 3.04460263, 3.73431468, -6.84996033, -28.79274940, 8.06781673, -82.89973450, -13.08592987, -2.34528613, -16.77704811, 1.00000000, 0.00000000, 0.00000000, 0.00000000, 0.10384184, 0.00033917, -0.07202043, 101.51400757, -15.72152328, 39.71999741, 0.00000000
4, 2.1300, 210, -0.20834430, 0.92490631, -0.10152100, 3.22058129, 3.90687251, -6.83313894, -28.79274940, 7.83396673, -82.72434998, -13.04778957, -2.40802741, -16.82156754, 1.00000000, 0.00000000, 0.00000000, 0.00000000, 0.10325184, 0.00808829, -0.05634306, 101.51400757, -15.72152328, 39.71999741, 0.00000000
4, 2.1400, 211, -0.21636485, 0.95295322, -0.12177702, 4.87131834, 5.99789286, -6.88275480, -28.79274940, 7.83396673, -82.72434998, -12.83264256, -3.67524290, -16.41160774, 1.00000000, 0.00000000, 0.00000000, 0.00000000, 0.10261397, 0.01608495, -0.02264022, 101.51400757, -15.72152328, 39.71999741, 0.00000000
4, 2.1500, 212, -0.22022049, 0.96909922, -0.13126691, 7.74292040, 8.41408634, -6.62111092, -28.73428726, 8.06781673, -82.22741699, -12.74275684, -3.72944260, -16.49787903, 1.00000000, 0.00000000, 0.00000000, 0.00000000, 0.08840948, 0.01601691, -0.00389276, 101.51400757, -15.72152328, 39.71999741, 0.00000000
2, 1.9300, 189, -0.69187003, 0.01563501, 0.55930275, 14.10648060, -18.36733818, -0.66677856, 14.82022762, 15.63870239, 83.63051605, -58.81195068, -47.47196198, 45.35667038, 0.81201392, 0.27951023, 0.49684384, -0.12511471, 0.03685572, 0.18997306, -0.14572231, 0.00000000, 0.00000000, 0.00000000, 0.00000000
2, 1.9400, 190, -0.65970081, -0.00562488, 0.57467669, 27.73781776, -24.32133865, -2.36946321, 14.11867905, 16.66179466, 84.27360535, -58.41308212, -47.29903030, 45.24700165, 0.81333214, 0.27789420, 0.49514064, -0.12689130, 0.00665234, 0.16389672, -0.14583889, 0.00000000, 0.00000000, 0.00000000, 0.00000000
2, 1.9500, 191, -0.64997596, -0.02525933, 0.60489291, 39.04272461, -25.98911476, 1.29913163, 15.40485191, 16.89564514, 83.95205688, -59.04428101, -48.59281158, 45.53708649, 0.80975884, 0.27555543, 0.50394797, -0.11998443, -0.00311533, 0.12506816, -0.13706715, 0.00000000, 0.00000000, 0.00000000, 0.00000000
5, 1.9399, 191, 0.55796045, 0.84014189, 0.23495975, 13.70930767, -4.90709305, 1.73442852, 9.50014591, 48.81613541, -98.53843689, -8.73716736, -17.56547546, 10.91189575, 0.98204476, 0.06046263, 0.15871225, -0.08211460, 0.04253566, -0.02445385, 0.01976328, 0.00000000, 0.00000000, 0.00000000, 0.00000000
5, 1.9499, 192, 0.54391503, 0.85306537, 0.25196716, 14.41486454, -16.26585960, 1.40212762, 9.93861389, 48.31920624, -98.91844177, -8.51526260, -17.54116821, 10.89058208, 0.98220599, 0.05861251, 0.15833418, -0.08225768, 0.05842209, -0.03970235, 0.01864482, 0.00000000, 0.00000000, 0.00000000, 0.00000000
5, 1.9599, 193, 0.46219686, 0.84586859, 0.27438796, 15.31382275, -23.18291855, 0.38456059, 9.32475853, 47.14995575, -98.80152130, -8.24380684, -17.51613617, 10.90672493, 0.98236197, 0.05628617, 0.15793267, -0.08278950, 0.10432670, -0.06684019, -0.05023962, 0.00000000, 0.00000000, 0.00000000, 0.00000000
5, 1.9699, 194, 0.35168353, 0.82830095, 0.29335731, 15.59504128, -21.98972130, -2.07928419, 9.50014591, 48.96229172, -99.09383392, -7.97709846, -17.51759338, 10.91817570, 0.98248017, 0.05398253, 0.15775742, -0.08325397, 0.15906107, -0.09166199, -0.14837176, 0.00000000, 0.00000000, 0.00000000, 0.00000000
2, 1.9600, 192, -0.65518826, -0.05802029, 0.64738929, 43.56203461, -27.37385750, 7.61340380, 14.73253441, 17.21718788, 83.86436462, -58.36058426, -48.44762802, 45.23547745, 0.81191236, 0.27266496, 0.50167555, -0.12154762, -0.00737791, 0.06300770, -0.12342900, 0.00000000, 0.00000000, 0.00000000, 0.00000000
5, 1.9799, 195, 0.31849954, 0.81907821, 0.30057365, 13.88006783, -13.04942703, -4.40316629, 9.50014591, 48.96229172, -99.09383392, -7.77901268, -17.55458832, 10.89299107, 0.98254353, 0.05228521, 0.15791833, -0.08328440, 0.17201018, -0.10335030, -0.18034080, 0.00000000, 0.00000000, 0.00000000, 0.00000000
2, 1.9700, 193, -0.66089994, -0.09383490, 0.68965805, 37.85169983, -24.44674683, 16.74533844, 14.73253441, 17.21718788, 83.86436462, -57.67535400, -48.33279037, 44.82720184, 0.81413138, 0.27007654, 0.49931765, -0.12219088, 0.00070358, 0.00496157, -0.12878743, 0.00000000, 0.00000000, 0.00000000, 0.00000000
4, 2.1600, 213, -0.20984587, 0.96758473, -0.13566926, 10.96361542, 11.46023369, -5.79707384, -28.70505714, 7.89242887, -82.81204224, -12.61708927, -3.77102399, -16.61127090, 1.00000000, 0.00000000, 0.00000000, 0.00000000, 0.07723352, 0.01877516, -0.00492230, 101.51400757, -15.72152328, 39.71999741, 0.00000000
4, 2.1700, 214, -0.21163592, 0.96119130, -0.13798170, 12.84862041, 15.27029133, -5.45388937, -28.55890083, 7.83396673, -82.66588593, -12.46774578, -3.80381346, -16.76084900, 1.00000000, 0.00000000, 0.00000000, 0.00000000, 0.07878652, 0.02066693, -0.01052429, 101.51400757, -15.72152328, 39.71999741, 0.00000000
4, 2.1800, 215, -0.19723228, 0.94207335, -0.13751873, 12.24973297, 17.11020279, -6.26245689, -28.41274452, 7.71704149, -83.25051117, -12.32156277, -3.84194207, -16.93021011, 1.00000000, 0.00000000, 0.00000000, 0.00000000, 0.06506294, 0.02415845, -0.03014819, 101.51400757, -15.72152328, 39.71999741, 0.00000000
4, 2.1900, 216, -0.17482114, 0.93198538, -0.11399316, 8.36543465, 17.23579216, -7.04922104, -28.41274452, 7.71704149, -83.25051117, -12.34206963, -4.38874960, -16.93422890, 1.00000000, 0.00000000, 0.00000000, 0.00000000, 0.04098400, 0.00381347, -0.04926737, 101.51400757, -15.72152328, 39.71999741, 0.00000000
2, 1.9800, 194, -0.63626540, -0.09482893, 0.68554938, 28.63758850, -16.82882881, 28.17248535, 14.61560917, 17.39257431, 84.01052094, -57.02709198, -48.28782654, 44.30084991, 0.81627816, 0.26794374, 0.49713138, -0.12147729, -0.02314152, 0.00389381, -0.13263805, 0.00000000, 0.00000000, 0.00000000, 0.00000000
2, 1.9900, 195, -0.62510228, -0.05829428, 0.65946037, 19.55385017, -9.14763737, 40.61267471, 15.11254025, 17.24641991, 83.86436462, -56.40298462, -48.31379700, 43.63864517, 0.81838971, 0.26625016, 0.49508426, -0.11933438, -0.03180857, 0.04408824, -0.12830250, 0.00000000, 0.00000000, 0.00000000, 0.00000000
2, 2.0000, 196, -0.65471083, 0.03853381, 0.61748624, 13.75751781, -1.89360440, 44.99019241, 14.93715286, 17.53873062, 84.44898987, -55.39699936, -50.21849442, 42.23038864, 0.81896120, 0.25728378, 0.50211591, -0.10482007, 0.00141929, 0.13168146, -0.10084705, 0.00000000, 0.00000000, 0.00000000, 0.00000000
4, 2.2000, 217, -0.15605147, 0.93762672, -0.10063380, 2.74262309, 17.27461052, -6.92775583, -28.41274452, 8.12627888, -83.10435486, -12.28802109, -4.43442822, -17.11275864, 1.00000000, 0.00000000, 0.00000000, 0.00000000, 0.01485257, -0.01040022, -0.04918920, 101.51400757, -15.72152328, 39.71999741, 0.00000000
4, 2.2100, 218, -0.14408654, 0.94286782, -0.08512050, -2.06851912, 17.67641258, -5.66542292, -28.26658821, 7.57088566, -82.95819855, -12.28145981, -4.46768618, -17.29692841, 1.00000000, 0.00000000, 0.00000000, 0.00000000, 0.00227341, -0.02718845, -0.05038213, 101.51400757, -15.72152328, 39.71999741, 0.00000000
4, 2.2200, 219, -0.14297254, 0.95013112, -0.08191273, -5.65570068, 17.98679924, -3.92500830, -28.20812607, 8.12627888, -82.60742188, -12.31054306, -4.48385954, -17.48436928, 1.00000000, 0.00000000, 0.00000000, 0.00000000, 0.00036232, -0.03238630, -0.04463286, 101.51400757, -15.72152328, 39.71999741, 0.00000000
5, 1.9899, 196, 0.34158972, 0.82259202, 0.28884307, 12.99391842, -3.33851171, -5.87797928, 9.88015175, 48.55305481, -98.77228546, -8.90397835, -19.72214127, 10.75721931, 0.97917461, 0.06013528, 0.17715989, -0.07883781, 0.15038663, -0.08924955, -0.15686965, 0.00000000, 0.00000000, 0.00000000, 0.00000000
5, 1.9999, 197, 0.38974389, 0.80986059, 0.25660115, 14.46471119, 4.04897261, -7.66601419, 9.35398960, 48.72844315, -98.77228546, -8.79933262, -19.82171822, 10.62787724, 0.97917557, 0.05935046, 0.17786963, -0.07781506, 0.08146404, -0.04587638, -0.11677900, 0.00000000, 0.00000000, 0.00000000, 0.00000000
5, 2.0099, 198, 0.41830021, 0.79444933, 0.21124966, 17.71988678, 7.68825579, -10.84550953, 9.70476437, 48.96229172, -99.00613403, -8.68660927, -19.96234894, 10.45513058, 0.97914785, 0.05852938, 0.17890364, -0.07640329, 0.04695743, -0.00377523, -0.10523088, 0.00000000, 0.00000000, 0.00000000, 0.00000000
2, 2.0100, 197, -0.64524180, 0.12768485, 0.58403897, 12.15242004, 2.30074596, 40.65257645, 14.96638393, 17.33411217, 84.91668701, -54.86803055, -50.32662201, 41.58997726, 0.82053322, 0.25585824, 0.50084537, -0.10205741, -0.01361694, 0.19640186, -0.05674697, 0.00000000, 0.00000000, 0.00000000, 0.00000000
2, 2.0200, 198, -0.63376516, 0.19446853, 0.53913969, 17.61298561, 2.26962018, 34.07422256, 14.96638393, 17.33411217, 84.91668701, -54.33798599, -50.43363571, 41.03356552, 0.82200903, 0.25405324, 0.49977863, -0.09989652, -0.02153839, 0.27068219, -0.04196517, 0.00000000, 0.00000000, 0.00000000, 0.00000000
2, 2.0300, 199, -0.58237576, 0.19071530, 0.50354201, 30.93044472, -0.57657462, 29.09081078, 14.52791595, 17.83104324, 84.21514130, -53.68976593, -50.53199387, 40.51032639, 0.82370847, 0.25128123, 0.49865428, -0.09851910, -0.07959896, 0.28847736, -0.05933642, 0.00000000, 0.00000000, 0.00000000, 0.00000000
5, 2.0199, 199, 0.44244984, 0.81158268, 0.18259414, 22.02350426, 8.25734520, -14.90020370, 9.47091484, 48.87459564, -98.77228546, -8.53834724, -20.14836693, 10.25088596, 0.97908765, 0.05741771, 0.18028808, -0.07474554, 0.04120828, 0.02386501, -0.07641087, 0.00000000, 0.00000000, 0.00000000, 0.00000000
5, 2.0299, 200, 0.48175961, 0.84502470, 0.17686987, 27.29789734, 8.02687740, -18.67084312, 9.47091484, 48.87459564, -98.77228546, -8.34070587, -20.37647057, 10.01091862, 0.97900480, 0.05591021, 0.18198648, -0.07283327, 0.03987721, 0.02917556, -0.02437558, 0.00000000, 0.00000000, 0.00000000, 0.00000000
5, 2.0399, 201, 0.51074404, 0.87377989, 0.18171746, 30.99260712, 4.80072832, -21.54636955, 9.64630222, 48.61151505, -98.97690582, -7.84978628, -20.96026421, 9.67639160, 0.97856647, 0.05176166, 0.18649811, -0.07033452, 0.03995659, 0.02168455, 0.01760192, 0.00000000, 0.00000000, 0.00000000, 0.00000000
5, 2.0499, 202, 0.50852841, 0.87293708, 0.18535285, 33.88434601, -1.24320447, -24.86441040, 9.26629639, 48.43613052, -98.91844177, -7.53537464, -21.23825645, 9.44717026, 0.97841573, 0.04922403, 0.18857516, -0.06869539, 0.03243917, 0.00995196, 0.01763327, 0.00000000, 0.00000000, 0.00000000, 0.00000000
4, 2.2300, 220, -0.14917888, 0.96437716, -0.09499837, -6.92078829, 18.53302765, -2.63149667, -28.20812607, 8.12627888, -82.60742188, -12.35181522, -4.48680782, -17.67641258, 1.00000000, 0.00000000, 0.00000000, 0.00000000, 0.00519080, -0.02423898, -0.02625427, 101.51400757, -15.72152328, 39.71999741, 0.00000000
4, 2.2400, 221, -0.16005346, 0.97347546, -0.11468323, -6.69372845, 18.90516472, -2.14099050, -28.29582024, 8.56474686, -82.22741699, -12.38215733, -4.63289928, -17.82808876, 1.00000000, 0.00000000, 0.00000000, 0.00000000, 0.01434574, -0.00816928, -0.01011707, 101.51400757, -15.72152328, 39.71999741, 0.00000000
5, 2.0599, 203, 0.47913995, 0.84556437, 0.19815037, 34.52801514, -7.92318439, -27.15248108, 9.58784008, 49.25460434, -99.26921844, -7.17594433, -21.52758598, 9.25703239, 0.97822559, 0.04623831, 0.19074765, -0.06747028, 0.02483576, -0.01081632, -0.02059739, 0.00000000, 0.00000000, 0.00000000, 0.00000000
4, 2.2500, 222, -0.16223624, 0.98628658, -0.14468117, -5.93858910, 19.83580780, -2.00061655, -27.76965714, 6.10932446, -82.60742188, -12.41149712, -4.62798452, -18.03161812, 1.00000000, 0.00000000, 0.00000000, 0.00000000, 0.01310503, 0.01615083, 0.01244289, 101.51400757, -15.72152328, 39.71999741, 0.00000000
2, 2.0400, 200, -0.56458527, 0.16976452, 0.51127386, 46.83531952, -7.47093391, 31.65200996, 14.26483440, 18.50336075, 84.53668213, -52.80329514, -50.59598541, 39.88846588, 0.82604688, 0.24734595, 0.49692976, -0.09760781, -0.10014500, 0.26220819, -0.07024336, 0.00000000, 0.00000000, 0.00000000, 0.00000000
5, 2.0699, 204, 0.42101774, 0.82655442, 0.21928750, 31.81801987, -11.03760433, -30.45206833, 8.94475269, 45.68839645, -99.79537964, -6.82249928, -21.84082031, 9.11338997, 0.97794914, 0.04321628, 0.19315337, -0.06663182, 0.04162063, -0.03946980, -0.07602222, 0.00000000, 0.00000000, 0.00000000, 0.00000000
4, 2.2600, 223, -0.14603999, 1.00254965, -0.18111309, -3.87123752, 20.80395508, -1.88773942, -28.41274452, 8.68167210, -82.69511414, -12.41897774, -4.62045145, -18.24319649, 1.00000000, 0.00000000, 0.00000000, 0.00000000, -0.00486152, 0.04520398, 0.03894188, 101.51400757, -15.72152328, 39.71999741, 0.00000000
4, 2.2700, 224, -0.12998429, 1.01361132, -0.21355717, -1.61851728, 20.71573067, -1.48404229, -27.41888237, 7.33703566, -82.22741699, -12.40440273, -4.60868311, -18.45184517, 1.00000000, 0.00000000, 0.00000000, 0.00000000, -0.02218983, 0.07186992, 0.05912851, 101.51400757, -15.72152328, 39.71999741, 0.00000000
2, 2.0500, 201, -0.59518600, 0.13274749, 0.54433948, 66.68133545, -12.58807850, 38.05421448, 15.02484608, 18.18181801, 84.53668213, -51.19803619, -52.14779663, 38.50370026, 0.82737482, 0.23569779, 0.50218308, -0.08780535, -0.07622510, 0.20012471, -0.08832215, 0.00000000, 0.00000000, 0.00000000, 0.00000000
2, 2.0600, 202, -0.64203668, 0.05088323, 0.60477787, 74.77133942, -12.32828331, 45.71262741, 15.02484608, 19.26337242, 84.21514130, -49.78221130, -52.21228409, 37.54465485, 0.83083725, 0.22939691, 0.49955595, -0.08677791, -0.04826718, 0.07584935, -0.12022217, 0.00000000, 0.00000000, 0.00000000, 0.00000000
2, 2.0700, 203, -0.70599651, -0.02259734, 0.69336182, 72.41519928, -5.25861549, 54.76982880, 15.02484608, 19.26337242, 84.21514130, -48.31281662, -52.33005524, 36.45172119, 0.83428693, 0.22302891, 0.49703515, -0.08473278, 0.01492542, -0.04993292, -0.13912660, 0.00000000, 0.00000000, 0.00000000, 0.00000000
5, 2.0799, 205, 0.38211480, 0.83005142, 0.23321366, 27.33595848, -7.95241165, -36.56076431, 9.99707699, 49.66384125, -99.82460785, -6.52611542, -22.21391106, 8.99668121, 0.97752064, 0.04059771, 0.19611692, -0.06590497, 0.06329861, -0.05846739, -0.10244808, 0.00000000, 0.00000000, 0.00000000, 0.00000000
2, 2.0800, 204, -0.76067030, -0.03782418, 0.75686961, 62.96367264, 7.15005922, 63.19742203, 15.34638977, 19.99415398, 83.98129272, -46.88857269, -52.53527832, 35.25335312, 0.83740103, 0.21707106, 0.49500230, -0.08131679, 0.07478724, -0.11796777, -0.13129075, 0.00000000, 0.00000000, 0.00000000, 0.00000000
4, 2.2800, 225, -0.10950732, 1.01326692, -0.23144631, 0.59822929, 18.51316452, -1.53697157, -27.41888237, 7.33703566, -82.22741699, -12.37108040, -4.59987259, -18.63718414, 1.00000000, 0.00000000, 0.00000000, 0.00000000, -0.04283469, 0.08837073, 0.06331057, 101.51400757, -15.72152328, 39.71999741, 0.00000000
5, 2.0899, 206, 0.41220585, 0.84050739, 0.21904615, 22.00447273, 2.56858420, -40.74632645, 9.99707699, 49.66384125, -99.82460785, -6.86481094, -23.15051079, 8.98175526, 0.97584301, 0.04279005, 0.20427249, -0.06459376, 0.04369916, -0.04550860, -0.06955362, 0.00000000, 0.00000000, 0.00000000, 0.00000000
2, 2.0900, 205, -0.81366086, 0.01540986, 0.75589579, 53.77978134, 20.20365524, 63.93960190, 14.79099655, 20.31569672, 83.71820831, -45.58229065, -52.83342743, 34.06294250, 0.83992589, 0.21157499, 0.49378523, -0.07704995, 0.13302159, -0.09252258, -0.11748992, 0.00000000, 0.00000000, 0.00000000, 0.00000000
4, 2.2900, 226, -0.08572865, 1.00496018, -0.22631815, 1.50282001, 16.23530579, -1.35370135, -28.38351250, 8.56474686, -82.40280151, -11.40577984, -3.80163169, -19.03563881, 1.00000000, 0.00000000, 0.00000000, 0.00000000, -0.06231561, 0.08181751, 0.05089615, 101.51400757, -15.72152328, 39.71999741, 0.00000000
5, 2.0999, 207, 0.47686526, 0.85023355, 0.18288155, 20.35027313, 8.39706421, -41.09460831, 9.32475853, 46.33148193, -99.76615143, -6.71988678, -23.58669281, 8.82741165, 0.97523230, 0.04149944, 0.20784108, -0.06326052, -0.00340486, -0.00550268, -0.00814545, 0.00000000, 0.00000000, 0.00000000, 0.00000000
5, 2.1099, 208, 0.49519393, 0.87924182, 0.14099471, 20.67027092, 8.16428757, -42.17331696, 8.91552162, 50.04384613, -99.41537476, -6.56898880, -24.03308868, 8.67202568, 0.97458792, 0.04016324, 0.21149398, -0.06193319, -0.00134266, 0.03592129, 0.02473228, 0.00000000, 0.00000000, 0.00000000, 0.00000000
5, 2.1199, 209, 0.52365267, 0.93792629, 0.14461431, 23.08300018, 6.98653936, -43.03830338, 9.09090900, 47.55919266, -99.79537964, -6.38679981, -24.48800278, 8.50300980, 0.97392672, 0.03859182, 0.21519916, -0.06055439, 0.02075941, 0.03398971, 0.08599024, 0.00000000, 0.00000000, 0.00000000, 0.00000000
4, 2.3000, 227, -0.07385120, 0.99425715, -0.20070596, -0.32602569, 14.20980930, -1.10711884, -28.23735809, 7.65857935, -82.05203247, -11.39002609, -3.79180098, -19.17803383, 1.00000000, 0.00000000, 0.00000000, 0.00000000, -0.06237714, 0.04921918, 0.02803585, 101.51400757, -15.72152328, 39.71999741, 0.00000000
2, 2.1000, 206, -0.82081592, 0.09355455, 0.77575535, 46.03966522, 27.02215576, 51.67683792, 15.11254025, 20.14031029, 83.89360046, -45.33194351, -53.86129379, 33.70822906, 0.83796346, 0.20763703, 0.49959281, -0.07149338, 0.15333207, -0.06408138, -0.05466679, 0.00000000, 0.00000000, 0.00000000, 0.00000000
5, 2.1299, 210, 0.56691355, 0.98906016, 0.13795172, 26.35618401, 6.17048502, -39.76946640, 8.62320995, 50.21923447, -99.76615143, -6.16616249, -24.91180420, 8.30291080, 0.97333050, 0.03678845, 0.21861272, -0.05901676, 0.02750019, 0.04117094, 0.15380284, 0.00000000, 0.00000000, 0.00000000, 0.00000000
4, 2.3100, 228, -0.09068434, 0.98429435, -0.17065765, -3.19654441, 11.67485046, -1.49310219, -28.14966393, 8.38935947, -81.78894806, -11.40600681, -3.78990078, -19.29788208, 1.00000000, 0.00000000, 0.00000000, 0.00000000, -0.04412291, 0.02438521, 0.00971032, 101.51400757, -15.72152328, 39.71999741, 0.00000000
4, 2.3200, 229, -0.13141628, 0.97812867, -0.14549203, -6.18970346, 9.10472870, -2.94151640, -28.12043190, 8.30166626, -82.46126556, -11.45456696, -3.80655718, -19.39645004, 1.00000000, 0.00000000, 0.00000000, 0.00000000, -0.00264694, 0.00343002, -0.00160517, 101.51400757, -15.72152328, 39.71999741, 0.00000000
2, 2.1100, 207, -0.75784147, 0.18446842, 0.78730786, 39.17512131, 25.20782280, 35.56272507, 15.11254025, 20.14031029, 83.89360046, -44.48884583, -54.17254639, 32.99080276, 0.83908796, 0.20350298, 0.49979720, -0.06870744, 0.10342687, -0.01921723, 0.03874400, 0.00000000, 0.00000000, 0.00000000, 0.00000000
2, 2.1200, 208, -0.65828949, 0.24069372, 0.77562833, 43.53570938, 16.89059258, 23.49802971, 14.38175964, 20.87108994, 83.68898010, -43.70706177, -54.40945435, 32.45057297, 0.84013820, 0.19931130, 0.49992022, -0.06725048, 0.01336306, 0.02013377, 0.09322886, 0.00000000, 0.00000000, 0.00000000, 0.00000000
2, 2.1300, 209, -0.55600774, 0.23478217, 0.76478845, 57.81217575, 5.19320726, 20.79440689, 14.41099072, 19.67260933, 83.83513641, -42.75384140, -54.55445480, 31.90375710, 0.84169233, 0.19420554, 0.49936941, -0.06684653, -0.09020348, 0.01551547, 0.10500543, 0.00000000, 0.00000000, 0.00000000, 0.00000000
2, 2.1400, 210, -0.55985600, 0.21986024, 0.77427113, 71.94495392, -6.55293417, 25.25754929, 14.52791595, 22.04033852, 83.98129272, -41.55064392, -54.60021210, 31.23515511, 0.84396029, 0.18811166, 0.49785206, -0.06699501, -0.08834502, -0.01075665, 0.09328100, 0.00000000, 0.00000000, 0.00000000, 0.00000000
5, 2.1399, 211, 0.59382981, 0.96914780, 0.11414210, 30.64548302, 1.14088142, -34.72117615, 8.62320995, 50.21923447, -99.76615143, -5.07577562, -24.39044189, 7.84834862, 0.97482568, 0.02873678, 0.21350321, -0.05749431, -0.00879978, 0.05588251, 0.16240785, 0.00000000, 0.00000000, 0.00000000, 0.00000000
4, 2.3300, 230, -0.15930773, 0.97008353, -0.12463981, -8.30643463, 8.00159836, -5.42893648, -28.12043190, 8.30166626, -82.46126556, -11.52472782, -3.84982371, -19.48911285, 1.00000000, 0.00000000, 0.00000000, 0.00000000, 0.02561842, -0.01240718, -0.01400616, 101.51400757, -15.72152328, 39.71999741, 0.00000000
5, 2.1499, 212, 0.57596433, 0.90309429, 0.10827626, 34.14041901, -8.06569004, -33.00465775, 8.41859055, 50.36539078, -100.29231262, -4.70198154, -24.72928429, 7.65311527, 0.97439289, 0.02570178, 0.21614940, -0.05636918, -0.04546707, 0.04171810, 0.10412197, 0.00000000, 0.00000000, 0.00000000, 0.00000000
5, 2.1599, 213, 0.52683550, 0.86234164, 0.10064545, 34.45413971, -12.12010002, -33.77128601, 8.50628471, 50.80385971, -100.26307678, -4.30193710, -25.06952477, 7.47988129, 0.97393066, 0.02241346, 0.21880688, -0.05549987, -0.05366945, 0.03962145, 0.04200865, 0.00000000, 0.00000000, 0.00000000, 0.00000000
5, 2.1699, 214, 0.46974927, 0.84721851, 0.11007137, 32.92937088, -12.79861736, -35.08250427, 9.03244686, 50.74539566, -100.26307678, -3.91105080, -25.41993141, 7.32313490, 0.97341752, 0.01917695, 0.22156467, -0.05476930, -0.03575847, 0.02256699, -0.00991544, 0.00000000, 0.00000000, 0.00000000, 0.00000000
2, 2.1500, 211, -0.58270246, 0.21893708, 0.78343630, 79.28379822, -7.30519056, 29.78364944, 14.61560917, 22.68342590, 84.09821320, -39.76319885, -53.50701523, 30.20478058, 0.85061252, 0.18288988, 0.48782223, -0.07098744, -0.06226385, -0.02645162, 0.08063161, 0.00000000, 0.00000000, 0.00000000, 0.00000000
2, 2.1600, 212, -0.55791235, 0.18773939, 0.76885170, 82.33956909, -3.95946360, 34.84114456, 14.61560917, 22.68342590, 84.09821320, -38.34185028, -53.56217575, 29.35203171, 0.85320276, 0.17577226, 0.48598295, -0.07049579, -0.08666901, -0.04424120, 0.03599974, 0.00000000, 0.00000000, 0.00000000, 0.00000000
2, 2.1700, 213, -0.53225833, 0.15960735, 0.77941328, 80.27518463, -2.00563288, 43.53780746, 15.49254608, 23.00496864, 84.09821320, -36.84596634, -53.60664749, 28.35759354, 0.85592502, 0.16868855, 0.48387963, -0.06926060, -0.11530073, -0.08390827, 0.02178820, 0.00000000, 0.00000000, 0.00000000, 0.00000000
4, 2.3400, 231, -0.17581674, 0.97850370, -0.13097973, -9.32120132, 8.75302315, -7.26052284, -28.35428238, 8.27243519, -82.11049652, -11.59919643, -4.28817081, -19.47147942, 1.00000000, 0.00000000, 0.00000000, 0.00000000, 0.03878124, -0.00802218, -0.00236551, 101.51400757, -15.72152328, 39.71999741, 0.00000000
4, 2.3500, 232, -0.16019119, 0.97846723, -0.15368839, -6.91198206, 9.13928032, -7.39245796, -28.09120178, 7.83396673, -82.37357330, -11.65243530, -4.34927607, -19.57719612, 1.00000000, 0.00000000, 0.00000000, 0.00000000, 0.01663346, 0.01431393, 0.00482347, 101.51400757, -15.72152328, 39.71999741, 0.00000000
4, 2.3600, 233, -0.14604244, 0.98379076, -0.17437574, -3.47805190, 9.73753548, -5.53583050, -28.06196976, 8.53551579, -82.16895294, -11.67132473, -4.39073992, -19.68384933, 1.00000000, 0.00000000, 0.00000000, 0.00000000, 0.00081887, 0.03251216, 0.01600237, 101.51400757, -15.72152328, 39.71999741, 0.00000000
5, 2.1799, 215, 0.43037555, 0.83959556, 0.11138666, 31.36364937, -8.91762829, -37.72166061, 8.15550995, 51.65156174, -100.35077667, -3.55269027, -25.79940796, 7.15459251, 0.97282732, 0.01623422, 0.22458823, -0.05388441, -0.02352757, 0.01461207, -0.04336929, 0.00000000, 0.00000000, 0.00000000, 0.00000000
5, 2.1899, 216, 0.45150435, 0.82354450, 0.09362573, 31.50576210, -1.89594805, -39.25613785, 8.15550995, 51.65156174, -100.35077667, -2.73673725, -25.50422478, 6.78276300, 0.97366029, 0.01019642, 0.22166176, -0.05241867, -0.05371314, 0.02368105, -0.03594259, 0.00000000, 0.00000000, 0.00000000, 0.00000000
4, 2.3700, 234, -0.12115204, 0.97414631, -0.18021375, -0.34090623, 9.57626247, -2.58737683, -28.06196976, 8.53551579, -82.16895294, -11.66028214, -4.40281153, -19.78258896, 1.00000000, 0.00000000, 0.00000000, 0.00000000, -0.02393857, 0.04124939, 0.00721805, 101.51400757, -15.72152328, 39.71999741, 0.00000000
2, 2.1800, 214, -0.58314896, 0.17668577, 0.84607875, 72.89116669, 1.60605586, 50.42377090, 14.76176548, 23.18035698, 84.21514130, -35.36285400, -53.64685440, 27.26656151, 0.85859257, 0.16207072, 0.48169896, -0.06721660, -0.05090307, -0.13234536, 0.05603284, 0.00000000, 0.00000000, 0.00000000, 0.00000000
2, 2.1900, 215, -0.62216562, 0.21307649, 0.76742387, 66.09389496, 7.45605135, 48.34632492, 14.41099072, 23.91113663, 83.60128784, -33.98382568, -53.72152710, 26.21514702, 0.86087888, 0.15592238, 0.47996497, -0.06488106, -0.02172041, -0.06310597, 0.00980788, 0.00000000, 0.00000000, 0.00000000, 0.00000000
2, 2.2000, 216, -0.67004287, 0.19169684, 0.85227412, 60.52991104, 15.09250736, 37.99227524, 14.14791012, 24.34960556, 83.77667236, -34.93667603, -53.05648041, 27.21646309, 0.86103863, 0.16079485, 0.47727150, -0.07049418, 0.03711050, -0.14435694, 0.03430961, 0.00000000, 0.00000000, 0.00000000, 0.00000000
5, 2.1999, 217, 0.48076299, 0.80742514, 0.05263159, 31.39224434, 3.44567633, -37.62012863, 7.80473518, 52.29465103, -100.32154083, -2.43615127, -25.89293289, 6.52276182, 0.97305256, 0.00794087, 0.22480573, -0.05067748, -0.08487346, 0.05267800, -0.02603584, 0.00000000, 0.00000000, 0.00000000, 0.00000000
5, 2.2099, 218, 0.49971902, 0.79698360, 0.05041844, 30.66534233, 4.83867455, -37.13952255, 7.60011673, 52.29465103, -100.38000488, -2.14691615, -26.27689552, 6.25630188, 0.97243440, 0.00581499, 0.22792180, -0.04887959, -0.11084665, 0.04934324, -0.01469025, 0.00000000, 0.00000000, 0.00000000, 0.00000000
2, 2.2100, 217, -0.59857666, 0.16764694, 0.85508978, 51.06652832, 17.25398636, 26.56709671, 14.14791012, 24.34960556, 83.77667236, -33.99734879, -53.24582672, 26.55398941, 0.86215466, 0.15594973, 0.47710672, -0.06883476, -0.03136282, -0.15485278, 0.03714362, 0.00000000, 0.00000000, 0.00000000, 0.00000000
4, 2.3800, 235, -0.10145749, 0.95714730, -0.18295097, 1.69040215, 10.09112263, 1.09515440, -27.79888916, 8.56474686, -81.87664032, -11.62962532, -4.37738228, -19.87984657, 1.00000000, 0.00000000, 0.00000000, 0.00000000, -0.04233339, 0.04918679, -0.00928125, 101.51400757, -15.72152328, 39.71999741, 0.00000000
5, 2.2199, 219, 0.53511131, 0.81146336, 0.06996650, 29.13556862, 4.93979788, -36.81969070, 8.03858471, 52.49926758, -100.61385345, -1.87066865, -26.65616417, 5.99941730, 0.97180021, 0.00380045, 0.23101133, -0.04715665, -0.12564678, 0.02651582, 0.02592723, 0.00000000, 0.00000000, 0.00000000, 0.00000000
5, 2.2299, 220, 0.59597456, 0.84609878, 0.08667091, 28.39600563, 3.27017260, -34.99230957, 7.39549828, 52.26541901, -101.14001465, -1.59144342, -27.01433182, 5.75591660, 0.97118360, 0.00176040, 0.23392779, -0.04557570, -0.13995069, 0.00827065, 0.09879972, 0.00000000, 0.00000000, 0.00000000, 0.00000000
2, 2.2200, 218, -0.54143596, 0.19077665, 0.85475349, 46.60526276, 12.24235153, 20.21178246, 14.00175381, 25.34346581, 84.03975677, -33.17996597, -53.38818359, 26.01827049, 0.86312431, 0.15162800, 0.47689900, -0.06777056, -0.08377360, -0.14705426, 0.06507702, 0.00000000, 0.00000000, 0.00000000, 0.00000000
4, 2.3900, 236, -0.08829801, 0.92927462, -0.17705348, 3.70065355, 8.75789833, 4.93633509, -27.94504547, 8.97398376, -82.05203247, -11.07033443, -3.81043029, -20.10424614, 1.00000000, 0.00000000, 0.00000000, 0.00000000, -0.05047061, 0.05022649, -0.03915016, 101.51400757, -15.72152328, 39.71999741, 0.00000000
4, 2.4000, 237, -0.08557697, 0.90403014, -0.17887811, 4.76252794, 6.17409611, 9.21128464, -28.03273773, 9.09090900, -81.78894806, -11.01807976, -3.70935154, -20.14802742, 1.00000000, 0.00000000, 0.00000000, 0.00000000, -0.04346024, 0.05316620, -0.06446892, 101.51400757, -15.72152328, 39.71999741, 0.00000000
4, 2.4100, 238, -0.09509020, 0.90139389, -0.17590217, 4.75423574, 4.52077103, 12.32218933, -27.62350082, 8.50628471, -82.02279663, -10.96915531, -3.58002877, -20.17063522, 1.00000000, 0.00000000, 0.00000000, 0.00000000, -0.03165523, 0.05042363, -0.06758528, 101.51400757, -15.72152328, 39.71999741, 0.00000000
5, 2.2399, 221, 0.65850896, 0.86150563, 0.08531188, 28.78218269, -2.71408772, -30.75833702, 7.60011673, 52.26541901, -101.34463501, -1.17642534, -24.94233131, 5.46078491, 0.97535062, -0.00027397, 0.21616918, -0.04429543, -0.16169712, 0.00586675, 0.15561120, 0.00000000, 0.00000000, 0.00000000, 0.00000000
2, 2.2300, 219, -0.47620630, 0.22407104, 0.81628686, 52.45390320, 4.49776602, 19.39333344, 14.06021595, 24.08652496, 83.98129272, -32.29903030, -53.46175766, 25.49467087, 0.86434662, 0.14696343, 0.47621608, -0.06726822, -0.14850616, -0.10438466, 0.07586357, 0.00000000, 0.00000000, 0.00000000, 0.00000000
2, 2.2400, 220, -0.43884444, 0.25114337, 0.78716397, 67.20161438, -6.31725359, 21.16927719, 14.11867905, 25.60654831, 83.42589569, -31.22005844, -53.44271851, 24.92319679, 0.86610079, 0.14123890, 0.47472817, -0.06748553, -0.18493663, -0.07355221, 0.07946299, 0.00000000, 0.00000000, 0.00000000, 0.00000000
5, 2.2499, 222, 0.67464256, 0.85095942, 0.08857312, 30.15280724, -12.03046417, -25.93280411, 7.60011673, 51.68079376, -101.34463501, -0.81139189, -25.19376564, 5.29603100, 0.97493345, -0.00317269, 0.21817100, -0.04354432, -0.15593432, -0.00460491, 0.15039499, 0.00000000, 0.00000000, 0.00000000, 0.00000000
5, 2.2599, 223, 0.65591407, 0.83067822, 0.10184041, 31.37932396, -21.72691536, -23.48052025, 7.24934244, 52.55773163, -100.46769714, -0.38466597, -25.41139030, 5.18160343, 0.97454345, -0.00667065, 0.21986502, -0.04335791, -0.16332984, -0.02588854, 0.12549369, 0.00000000, 0.00000000, 0.00000000, 0.00000000
4, 2.4200, 239, -0.09703980, 0.91807204, -0.17547071, 4.72996712, 4.98154688, 14.80896282, -27.62350082, 8.50628471, -82.02279663, -10.92078686, -3.42541599, -20.19388580, 1.00000000, 0.00000000, 0.00000000, 0.00000000, -0.02825582, 0.04358594, -0.05225320, 101.51400757, -15.72152328, 39.71999741, 0.00000000
2, 2.2500, 221, -0.42651090, 0.28689805, 0.76384753, 83.63803864, -15.43825245, 23.61112785, 14.35252857, 25.98655319, 84.12744904, -29.58104324, -51.03904724, 24.29914093, 0.87614065, 0.13755195, 0.45570037, -0.07611956, -0.18750753, -0.03904694, 0.07697564, 0.00000000, 0.00000000, 0.00000000, 0.00000000
4, 2.4300, 240, -0.09311756, 0.93348396, -0.16913344, 5.67611933, 6.15952158, 16.78195190, -27.03887749, 6.72318029, -82.19818878, -10.86227703, -3.24933624, -20.22493553, 1.00000000, 0.00000000, 0.00000000, 0.00000000, -0.03010062, 0.03150887, -0.04055096, 101.51400757, -15.72152328, 39.71999741, 0.00000000
4, 2.4400, 241, -0.07977008, 0.95187318, -0.16402918, 6.85638571, 6.87026501, 18.88097954, -27.91581345, 8.33089733, -81.73048401, -10.70171356, -2.54177904, -20.40551949, 1.00000000, 0.00000000, 0.00000000, 0.00000000, -0.03897722, 0.01901416, -0.02652378, 101.51400757, -15.72152328, 39.71999741, 0.00000000
2, 2.2600, 222, -0.40980691, 0.32919171, 0.74376976, 105.44480133, -22.96835136, 25.89149094, 14.35252857, 25.98655319, 84.12744904, -28.04113579, -50.88037491, 23.61856461, 0.87888658, 0.12885347, 0.45272386, -0.07743554, -0.17928308, 0.00174346, 0.06561473, 0.00000000, 0.00000000, 0.00000000, 0.00000000
2, 2.2700, 223, -0.38004166, 0.32993653, 0.70134979, 131.16647339, -29.22390747, 30.53910065, 13.65097904, 27.12657166, 84.27360535, -26.15440369, -50.66640854, 22.81257820, 0.88215303, 0.11804046, 0.44899717, -0.07920925, -0.21367565, 0.01664895, 0.03420034, 0.00000000, 0.00000000, 0.00000000, 0.00000000
5, 2.2699, 224, 0.63296086, 0.82467163, 0.08910119, 31.42031860, -24.82303810, -22.17027855, 7.65857935, 51.62233353, -101.22770691, 0.05874980, -25.61260986, 5.08482218, 0.97415996, -0.01033184, 0.22141534, -0.04336896, -0.15820530, -0.02059950, 0.10452777, 0.00000000, 0.00000000, 0.00000000, 0.00000000
4, 2.4500, 242, -0.06078186, 0.96986574, -0.15858941, 7.58701515, 5.99677992, 21.85066223, -27.76965714, 6.31394339, -81.40894318, -10.62643528, -2.31555581, -20.42490578, 1.00000000, 0.00000000, 0.00000000, 0.00000000, -0.04856045, 0.00546581, -0.01374871, 101.51400757, -15.72152328, 39.71999741, 0.00000000
2, 2.2800, 224, -0.37640622, 0.24495004, 0.67769802, 149.87150574, -40.30771637, 43.92673874, 14.14791012, 26.71733475, 83.42589569, -23.94820023, -50.30446243, 21.81775856, 0.88617295, 0.10571922, 0.44380370, -0.08098996, -0.23455602, -0.04513724, -0.05295029, 0.00000000, 0.00000000, 0.00000000, 0.00000000
5, 2.2799, 225, 0.63929957, 0.83506727, 0.10647732, 30.11303902, -29.49828148, -20.12689018, 7.01549244, 52.49926758, -101.31540680, 0.51276547, -25.78920555, 5.02814674, 0.97379047, -0.01414635, 0.22274989, -0.04375577, -0.15565008, -0.04412980, 0.11813220, 0.00000000, 0.00000000, 0.00000000, 0.00000000
4, 2.4600, 243, -0.03330308, 0.99064517, -0.15822907, 7.72762108, 3.31044173, 25.95157814, -27.27272606, 7.95089149, -81.20432281, -10.55382061, -2.05312610, -20.41089439, 1.00000000, 0.00000000, 0.00000000, 0.00000000, -0.07299325, -0.00315257, 0.00331259, 101.51400757, -15.72152328, 39.71999741, 0.00000000
4, 2.4700, 244, -0.00207600, 1.01475644, -0.14992177, 7.47270012, -1.04290032, 30.71108246, -27.27272606, 7.95089149, -81.20432281, -10.48932648, -1.75081801, -20.34622002, 1.00000000, 0.00000000, 0.00000000, 0.00000000, -0.10051958, -0.02024937, 0.02057716, 101.51400757, -15.72152328, 39.71999741, 0.00000000
4, 2.4800, 245, 0.03680021, 1.03058183, -0.14095405, 8.27533245, -6.84774780, 35.77035522, -27.53580856, 7.98012257, -81.61356354, -10.42326260, -1.40801287, -20.21532249, 1.00000000, 0.00000000, 0.00000000, 0.00000000, -0.13440506, -0.03514157, 0.02931975, 101.51400757, -15.72152328, 39.71999741, 0.00000000
5, 2.2899, 226, 0.60261333, 0.85616434, 0.13471633, 30.19943810, -36.98487854, -21.65594101, 7.30780458, 53.17158508, -101.46156311, -0.02066640, -24.75613213, 5.21026850, 0.97574675, -0.00956728, 0.21414782, -0.04435730, -0.11282404, -0.07404473, 0.10231383, 0.00000000, 0.00000000, 0.00000000, 0.00000000
4, 2.4900, 246, 0.07263426, 1.02264798, -0.13361377, 8.63473797, -12.65085030, 40.66468430, -27.27272606, 7.95089149, -80.97047424, -10.77233315, 0.78992260, -20.54769897, 1.00000000, 0.00000000, 0.00000000, 0.00000000, -0.15513279, -0.03867591, 0.01685869, 101.51400757, -15.72152328, 39.71999741, 0.00000000
2, 2.2900, 225, -0.37030086, 0.23406661, 0.77403176, 153.28129578, -52.69528198, 62.11292648, 14.90792179, 28.55890083, 83.22128296, -21.59868622, -49.73601532, 20.65853119, 0.89089549, 0.09317442, 0.43686795, -0.08228067, -0.21899045, -0.14259583, -0.01016130, 0.00000000, 0.00000000, 0.00000000, 0.00000000
2, 2.3000, 226, -0.46280205, 0.27723771, 0.87654644, 143.81527710, -60.16263962, 76.00414276, 14.90792179, 28.55890083, 83.22128296, -22.15623283, -47.60233688, 21.54326820, 0.89657378, 0.09868896, 0.42192268, -0.09163611, -0.09062061, -0.19726689, 0.04464655, 0.00000000, 0.00000000, 0.00000000, 0.00000000
2, 2.3100, 227, -0.51956850, 0.31984538, 0.89712715, 125.40109253, -46.17087173, 87.71042633, 14.96638393, 30.78047371, 83.42589569, -20.03827286, -46.93575668, 20.20071602, 0.90144604, 0.08833855, 0.41407093, -0.09020341, -0.00351647, -0.17468964, 0.05098113, 0.00000000, 0.00000000, 0.00000000, 0.00000000
2, 2.3200, 228, -0.49126762, 0.39370435, 0.84305972, 113.56475067, -28.76730347, 96.62455750, 15.90178299, 31.62817764, 83.33820343, -18.00382423, -46.34004593, 18.73359108, 0.90593088, 0.07868033, 0.40684485, -0.08704074, -0.01940793, -0.10483284, 0.05709862, 0.00000000, 0.00000000, 0.00000000, 0.00000000
4, 2.5000, 247, 0.08085651, 0.99535215, -0.13000078, 8.04422760, -17.17684174, 45.39334869, -26.98041534, 7.62934828, -81.32125092, -10.70973778, 1.21205366, -20.30182457, 1.00000000, 0.00000000, 0.00000000, 0.00000000, -0.13059063, -0.02860510, -0.00979257, 101.51400757, -15.72152328, 39.71999741, 0.00000000
4, 2.5100, 248, 0.06639307, 0.96699846, -0.12806982, 5.64499044, -21.50804329, 48.48925018, -26.98041534, 7.62934828, -81.32125092, -10.67161751, 1.65733504, -20.00960350, 1.00000000, 0.00000000, 0.00000000, 0.00000000, -0.10659498, -0.02171629, -0.03604798, 101.51400757, -15.72152328, 39.71999741, 0.00000000
4, 2.5200, 249, 0.03719024, 0.94765657, -0.11593823, -0.66354418, -26.81020355, 49.24334717, -26.80502701, 7.13241720, -81.70125580, -10.69616699, 2.10078835, -19.66811752, 1.00000000, 0.00000000, 0.00000000, 0.00000000, -0.06813393, -0.02661891, -0.05603926, 101.51400757, -15.72152328, 39.71999741, 0.00000000
4, 2.5300, 250, 0.01091622, 0.94106191, -0.10073842, -7.77154922, -31.74807549, 48.67764282, -26.42502213, 7.24934244, -81.26278687, -10.79040241, 2.53029299, -19.28405380, 1.00000000, 0.00000000, 0.00000000, 0.00000000, -0.03354927, -0.03758475, -0.06503672, 101.51400757, -15.72152328, 39.71999741, 0.00000000
2, 2.3300, 229, -0.43843210, 0.46662775, 0.78943235, 106.06966400, -16.54331017, 106.37464905, 16.07716942, 33.00204468, 82.95819855, -16.00330925, -45.76262283, 17.14118767, 0.91022056, 0.06943472, 0.39985064, -0.08244396, -0.05945051, -0.03632838, 0.07085977, 0.00000000, 0.00000000, 0.00000000, 0.00000000
4, 2.5400, 251, -0.01276157, 0.95141017, -0.09074198, -14.86542988, -36.29650879, 48.57244110, -26.27886581, 6.78164291, -82.40280151, -11.63677883, 2.90759349, -19.06788635, 1.00000000, 0.00000000, 0.00000000, 0.00000000, -0.00317679, -0.04526217, -0.05569834, 101.51400757, -15.72152328, 39.71999741, 0.00000000
2, 2.3400, 230, -0.36307105, 0.54694855, 0.71898109, 105.93955231, -11.94548416, 117.96540833, 16.60333252, 33.41128159, 82.28588104, -13.95917988, -45.12620926, 15.42661953, 0.91457874, 0.06008206, 0.39247224, -0.07682082, -0.12250393, 0.04857294, 0.08474129, 0.00000000, 0.00000000, 0.00000000, 0.00000000
2, 2.3500, 231, -0.30335748, 0.61698121, 0.65079200, 117.97144318, -14.99235821, 131.76438904, 16.60333252, 33.41128159, 82.28588104, -9.28696728, -42.36504364, 12.47184944, 0.92705214, 0.03591803, 0.36622241, -0.07187170, -0.16430277, 0.11612319, 0.08077933, 0.00000000, 0.00000000, 0.00000000, 0.00000000
2, 2.3600, 232, -0.28807259, 0.65085453, 0.60797244, 139.25575256, -23.61608505, 148.29916382, 16.42794418, 33.32358932, 82.60742188, -6.94932365, -41.32459641, 10.63013649, 0.93192178, 0.02383871, 0.35594913, -0.06522082, -0.14968763, 0.12379611, 0.04150962, 0.00000000, 0.00000000, 0.00000000, 0.00000000
2, 2.3700, 233, -0.31475312, 0.65183085, 0.60547954, 162.26968384, -32.60449982, 167.41514587, 17.04179955, 34.90207672, 82.16895294, -4.37028027, -40.04038239, 8.68660641, 0.93718112, 0.00981352, 0.34383285, -0.05808835, -0.10859553, 0.09524651, 0.01601631, 0.00000000, 0.00000000, 0.00000000, 0.00000000
2, 2.3800, 234, -0.37992594, 0.65944743, 0.60262668, 179.96745300, -36.35714340, 187.52403259, 17.77258110, 35.51593018, 80.91201019, -1.62696314, -38.52761078, 6.64711857, 0.94259840, -0.00574492, 0.33010694, -0.05004686, -0.02570198, 0.06782559, -0.01656853, 0.00000000, 0.00000000, 0.00000000, 0.00000000
2, 2.3900, 235, -0.41063815, 0.69642949, 0.61289740, 194.58821106, -34.84590149, 205.52593994, 18.21105003, 36.36363602, 80.21046448, 1.22207916, -36.82216263, 4.53177023, 0.94788611, -0.02259698, 0.31516749, -0.04087656, 0.03525265, 0.04827399, -0.01091103, 0.00000000, 0.00000000, 0.00000000, 0.00000000
2, 2.4000, 236, -0.38685858, 0.74716175, 0.58619481, 209.21755981, -30.39723969, 224.03425598, 18.21105003, 36.36363602, 80.21046448, 4.93161201, -35.28331375, 1.95170116, 0.95172817, -0.04615051, 0.30203995, -0.02925181, 0.04137751, 0.05884663, -0.00439552, 0.00000000, 0.00000000, 0.00000000, 0.00000000
4, 2.5500, 252, -0.02894798, 0.97426713, -0.08868681, -18.97121620, -39.78226852, 49.26004791, -25.78193474, 6.69394922, -82.05203247, -11.83922386, 3.33660102, -18.61847878, 1.00000000, 0.00000000, 0.00000000, 0.00000000, 0.01835458, -0.04299384, -0.03105505, 101.51400757, -15.72152328, 39.71999741, 0.00000000
4, 2.5600, 253, -0.04168186, 0.99236441, -0.09879974, -19.43825531, -41.55471420, 51.12226105, -25.78193474, 6.69394922, -82.05203247, -12.04338455, 3.78316188, -18.15065002, 1.00000000, 0.00000000, 0.00000000, 0.00000000, 0.03728720, -0.03618426, -0.00858208, 101.51400757, -15.72152328, 39.71999741, 0.00000000
4, 2.5700, 254, -0.04588847, 1.00064886, -0.11440211, -17.77911568, -40.86231995, 53.35026169, -25.69424057, 6.40163708, -82.31510925, -12.22761726, 4.25454473, -17.68687248, 1.00000000, 0.00000000, 0.00000000, 0.00000000, 0.04860342, -0.02115454, 0.00598449, 101.51400757, -15.72152328, 39.71999741, 0.00000000
4, 2.5800, 255, -0.04146572, 1.00043607, -0.13160293, -15.42497540, -38.47536469, 56.48421097, -25.69424057, 6.16778708, -82.57819366, -12.38509750, 4.76185703, -17.24223137, 1.00000000, 0.00000000, 0.00000000, 0.00000000, 0.05238065, -0.00215987, 0.01254670, 101.51400757, -15.72152328, 39.71999741, 0.00000000
2, 2.4100, 237, -0.34260035, 0.78717721, 0.56082553, 217.11280823, -29.84029961, 235.61325073, 19.73107338, 37.79596710, 79.42121887, 7.82576466, -33.18571854, -0.15743022, 0.95615011, -0.06500649, 0.28499272, -0.01817352, 0.02672058, 0.05364178, 0.00476832, 0.00000000, 0.00000000, 0.00000000, 0.00000000
2, 2.4200, 238, -0.31146896, 0.86496425, 0.49619830, 228.41891479, -35.95898438, 245.03190613, 20.54954720, 37.91289139, 79.21660614, 10.68153667, -30.88671684, -2.12727594, 0.96000445, -0.08478131, 0.26674926, -0.00696632, 0.03205960, 0.10964462, 0.00813712, 0.00000000, 0.00000000, 0.00000000, 0.00000000
4, 2.5900, 256, -0.02922270, 0.99774778, -0.15209264, -11.80247211, -35.15452957, 60.70729828, -25.48962212, 4.18006420, -82.43203735, -12.15729809, 4.81002331, -16.63242912, 1.00000000, 0.00000000, 0.00000000, 0.00000000, 0.04698730, 0.01869586, 0.01685094, 101.51400757, -15.72152328, 39.71999741, 0.00000000
4, 2.6000, 257, -0.00823252, 0.98494202, -0.16502148, -8.17278385, -32.74838638, 64.96587372, -24.99269104, 5.40777540, -82.92897034, -12.23954487, 5.40921879, -16.22716141, 1.00000000, 0.00000000, 0.00000000, 0.00000000, 0.03010615, 0.03233443, 0.00743388, 101.51400757, -15.72152328, 39.71999741, 0.00000000
4, 2.6100, 258, 0.01680389, 0.97177827, -0.16306716, -6.89164400, -31.61947060, 68.98980713, -24.99269104, 5.40777540, -82.92897034, -12.30537891, 6.05048084, -15.82730198, 1.00000000, 0.00000000, 0.00000000, 0.00000000, 0.01691960, 0.03591643, -0.00604460, 101.51400757, -15.72152328, 39.71999741, 0.00000000
4, 2.6200, 259, 0.05194687, 0.96107966, -0.14966390, -7.75812340, -32.49014664, 72.67437744, -24.70038033, 4.94007587, -82.81204224, -12.37529373, 6.72746801, -15.41485119, 1.00000000, 0.00000000, 0.00000000, 0.00000000, -0.00561883, 0.02780021, -0.02160446, 101.51400757, -15.72152328, 39.71999741, 0.00000000
5, 2.2999, 227, 0.49500746, 0.86437142, 0.13760279, 30.69569206, -44.06586838, -27.63217545, 7.30780458, 53.17158508, -101.46156311, 0.51558429, -24.99617195, 5.25009727, 0.97522438, -0.01429935, 0.21597648, -0.04568660, -0.02968941, -0.07236291, 0.01677250, 0.00000000, 0.00000000, 0.00000000, 0.00000000
5, 2.3099, 228, 0.42829266, 0.87186944, 0.13019575, 34.12158203, -44.68099594, -32.73796463, 6.84010506, 53.87313461, -102.13388062, 1.09192061, -25.28660202, 5.26350880, 0.97458249, -0.01933760, 0.21821296, -0.04688462, 0.01203029, -0.07323705, -0.02987440, 0.00000000, 0.00000000, 0.00000000, 0.00000000
5, 2.3199, 229, 0.40760863, 0.88110435, 0.11410611, 37.78831863, -40.79099274, -33.86617279, 6.78164291, 53.93159866, -102.25080109, 1.68678212, -25.59025955, 5.21558142, 0.97390449, -0.02441437, 0.22055915, -0.04762065, 0.02612774, -0.06572837, -0.03903457, 0.00000000, 0.00000000, 0.00000000, 0.00000000
5, 2.3299, 230, 0.38932070, 0.89404404, 0.11144609, 39.92632294, -35.23424530, -33.86609650, 6.81087399, 53.84390640, -102.66004181, 2.27699471, -25.89616966, 5.10764217, 0.97321504, -0.02932679, 0.22293849, -0.04786393, 0.04253305, -0.07130212, -0.04324883, 0.00000000, 0.00000000, 0.00000000, 0.00000000
2, 2.4300, 239, -0.24328049, 0.97496587, 0.43696851, 241.20977783, -50.58080673, 250.71652222, 21.83572006, 39.46214676, 78.19351196, 13.48489952, -28.37452888, -3.84954000, 0.96321803, -0.10558634, 0.24708249, 0.00357849, 0.01278364, 0.18319452, 0.04905789, 0.00000000, 0.00000000, 0.00000000, 0.00000000
2, 2.4400, 240, -0.14576280, 1.06646752, 0.35921228, 257.73379517, -77.46737671, 249.40016174, 22.82958221, 39.40368271, 77.11195374, 16.25357056, -25.65867043, -5.17748976, 0.96567690, -0.12776585, 0.22581901, 0.01223942, -0.03760714, 0.25608957, 0.07485479, 0.00000000, 0.00000000, 0.00000000, 0.00000000
2, 2.4500, 241, -0.09786031, 1.24242055, 0.33898151, 283.40020752, -119.73084259, 247.15739441, 22.82958221, 39.40368271, 77.11195374, 21.39486313, -21.62093735, -6.52270842, 0.96560013, -0.17154798, 0.19437541, 0.02015073, -0.00424661, 0.33597434, 0.18875781, 0.00000000, 0.00000000, 0.00000000, 0.00000000
4, 2.6300, 260, 0.08449323, 0.97416216, -0.13430266, -10.76949406, -35.80198288, 76.67451477, -24.17421722, 5.29085064, -82.46126556, -12.46893692, 7.43997478, -14.96664715, 1.00000000, 0.00000000, 0.00000000, 0.00000000, -0.02643325, 0.01000461, -0.01505324, 101.51400757, -15.72152328, 39.71999741, 0.00000000
4, 2.6400, 261, 0.11619083, 1.00599325, -0.10975859, -14.77782154, -40.39052200, 77.30500031, -24.14498711, 2.63080978, -83.13358307, -12.89825344, 8.64663696, -14.65050602, 1.00000000, 0.00000000, 0.00000000, 0.00000000, -0.04504575, -0.02107019, 0.00694944, 101.51400757, -15.72152328, 39.71999741, 0.00000000
4, 2.6500, 262, 0.12642688, 1.02813900, -0.10344870, -16.11636925, -45.81613922, 75.57695770, -24.14498711, 2.63080978, -83.13358307, -13.02254486, 9.33962727, -14.11156845, 1.00000000, 0.00000000, 0.00000000, 0.00000000, -0.03804963, -0.02913410, 0.02894267, 101.51400757, -15.72152328, 39.71999741, 0.00000000
2, 2.4600, 242, -0.05874038, 1.35252476, 0.32685095, 309.50039673, -169.36817932, 238.02424622, 24.96346092, 42.26834106, 75.91347504, 24.27579117, -18.47117424, -6.57826424, 0.96531761, -0.19819513, 0.16855530, 0.02167411, 0.03993877, 0.34333608, 0.26950583, 0.00000000, 0.00000000, 0.00000000, 0.00000000
2, 2.4700, 243, -0.00875304, 1.42122364, 0.34356207, 332.99801636, -225.41734314, 222.69154358, 27.15580177, 42.73604202, 74.07190704, 27.31355667, -15.25386333, -5.93376303, 0.96346194, -0.22702736, 0.14090939, 0.01855600, 0.06120009, 0.32743365, 0.34629384, 0.00000000, 0.00000000, 0.00000000, 0.00000000
2, 2.4800, 244, 0.02359794, 1.47783613, 0.35633022, 350.09042358, -289.94113159, 200.12731934, 29.05583191, 44.05144501, 70.91493988, 30.52627754, -12.08768177, -4.47951603, 0.95971507, -0.25761941, 0.11172894, 0.00979661, 0.09701254, 0.30452359, 0.41450357, 0.00000000, 0.00000000, 0.00000000, 0.00000000
4, 2.6600, 263, 0.13104565, 1.03183591, -0.10412771, -15.23502922, -51.42507553, 72.62877655, -24.08652496, 3.77082729, -82.92897034, -13.12580872, 9.99794579, -13.51947498, 1.00000000, 0.00000000, 0.00000000, 0.00000000, -0.03135209, -0.02830900, 0.03462151, 101.51400757, -15.72152328, 39.71999741, 0.00000000
4, 2.6700, 264, 0.12702800, 1.02044690, -0.11074756, -13.97819328, -55.22816086, 70.05450439, -23.73575020, 3.56620860, -83.51358795, -13.20542526, 10.62742519, -12.89112377, 1.00000000, 0.00000000, 0.00000000, 0.00000000, -0.01578056, -0.01716505, 0.02869620, 101.51400757, -15.72152328, 39.71999741, 0.00000000
5, 2.3399, 231, 0.37894842, 0.91849995, 0.09629206, 42.11724854, -25.45582008, -34.87021255, 6.57702398, 54.39929962, -102.95235443, 2.12915111, -27.02815628, 4.99485207, 0.97103226, -0.02822861, 0.23263477, -0.04669827, 0.05912326, -0.06030947, -0.03316238, 0.00000000, 0.00000000, 0.00000000, 0.00000000
4, 2.6800, 265, 0.11809745, 1.01552796, -0.12085526, -10.87986755, -56.58087921, 68.72434235, -23.35574341, 3.59543991, -83.42589569, -13.24519062, 11.24327755, -12.24790764, 1.00000000, 0.00000000, 0.00000000, 0.00000000, 0.00386237, -0.00553529, 0.03028966, 101.51400757, -15.72152328, 39.71999741, 0.00000000
2, 2.4900, 245, 0.07209696, 1.49130905, 0.39304274, 361.99468994, -353.24414062, 173.56106567, 31.59894753, 44.81145859, 68.54721069, 33.95157242, -9.10375786, -2.21850014, 0.95368147, -0.28952259, 0.08152388, -0.00470974, 0.11215321, 0.23310389, 0.48165122, 0.00000000, 0.00000000, 0.00000000, 0.00000000
2, 2.5000, 246, 0.10928035, 1.44088781, 0.41752303, 362.26678467, -406.41537476, 145.96374512, 31.59894753, 44.81145859, 68.54721069, 35.70019531, -7.03402519, 0.66136932, 0.94994479, -0.30628225, 0.05662510, -0.02428692, 0.11685122, 0.13248104, 0.49718386, 0.00000000, 0.00000000, 0.00000000, 0.00000000
2, 2.5100, 247, 0.14174002, 1.39569652, 0.44610417, 353.63668823, -452.96176147, 117.26459503, 34.08359909, 45.19146347, 63.89944458, 39.39443588, -4.69643736, 4.21237707, 0.93955338, -0.33795661, 0.02617245, -0.04837262, 0.11736095, 0.04648270, 0.51465708, 0.00000000, 0.00000000, 0.00000000, 0.00000000
4, 2.6900, 266, 0.09323264, 1.02638197, -0.15135755, -9.11649132, -57.25506973, 66.85940552, -23.20958710, 3.27389646, -83.63051605, -12.77310658, 11.18221855, -11.31618881, 1.00000000, 0.00000000, 0.00000000, 0.00000000, 0.03477238, 0.01749291, 0.05359136, 101.51400757, -15.72152328, 39.71999741, 0.00000000
4, 2.7000, 267, 0.06542500, 1.05162215, -0.19609962, -7.41495228, -56.76611328, 64.51100159, -23.20958710, 3.27389646, -83.63051605, -12.77054024, 11.75155067, -10.66777897, 1.00000000, 0.00000000, 0.00000000, 0.00000000, 0.06127162, 0.04498118, 0.09323841, 101.51400757, -15.72152328, 39.71999741, 0.00000000
2, 2.5200, 248, 0.17353250, 1.33720791, 0.47193378, 336.36099243, -492.52975464, 88.54859924, 36.24671173, 46.09763336, 59.13475418, 43.14273834, -2.87663460, 8.33070564, 0.92654145, -0.36826861, -0.00341555, -0.07673061, 0.11553705, -0.06453265, 0.53984010, 0.00000000, 0.00000000, 0.00000000, 0.00000000
5, 2.3499, 232, 0.38292176, 0.93780732, 0.08165700, 44.62378693, -13.68746853, -35.21750259, 6.57702398, 54.39929962, -102.95235443, 2.66915727, -27.35713768, 4.69366693, 0.97033381, -0.03229177, 0.23528552, -0.04527935, 0.05644147, -0.04405981, -0.01168430, 0.00000000, 0.00000000, 0.00000000, 0.00000000
5, 2.3599, 233, 0.40852955, 0.93772936, 0.06632371, 45.81693649, -3.17777538, -33.65020370, 6.63548660, 54.25314331, -103.39082336, 3.17402959, -27.67278481, 4.30535746, 0.96967649, -0.03585210, 0.23787963, -0.04307714, 0.03481627, -0.03668606, 0.01080928, 0.00000000, 0.00000000, 0.00000000, 0.00000000
5, 2.3699, 234, 0.42969614, 0.93612146, 0.05686716, 45.40156555, 2.39386415, -30.81309700, 6.34317446, 54.57468414, -103.42005157, 3.65024352, -27.95986176, 3.87856865, 0.96907234, -0.03905902, 0.24027523, -0.04051116, 0.01545617, -0.03476515, 0.02900563, 0.00000000, 0.00000000, 0.00000000, 0.00000000
4, 2.7100, 268, 0.04057439, 1.08165944, -0.22885016, -5.35067177, -57.10107803, 60.86595154, -22.27418900, 2.54311609, -83.80590057, -12.74024487, 12.28442001, -10.01761627, 1.00000000, 0.00000000, 0.00000000, 0.00000000, 0.09270310, 0.06484488, 0.13606218, 101.51400757, -15.72152328, 39.71999741, 0.00000000
2, 2.5300, 249, 0.19093372, 1.29464042, 0.48957676, 312.90042114, -524.12298584, 61.32154846, 37.70827103, 45.68839645, 54.83776474, 46.86849594, -1.63750052, 12.90056038, 0.91097754, -0.39661127, -0.03164524, -0.10871108, 0.11941911, -0.15500435, 0.57117224, 0.00000000, 0.00000000, 0.00000000, 0.00000000
5, 2.3799, 235, 0.43437707, 0.92368042, 0.06055387, 42.97661209, 3.27546835, -29.21891594, 6.46009922, 54.86699677, -104.20929718, 4.09972095, -28.22965240, 3.46406317, 0.96848202, -0.04203955, 0.24255005, -0.03801265, -0.00122394, -0.04635258, 0.02805472, 0.00000000, 0.00000000, 0.00000000, 0.00000000
5, 2.3899, 236, 0.42926130, 0.91500461, 0.06999683, 40.06877899, 2.45932245, -29.63950729, 6.54779291, 54.22391129, -104.26775360, 3.68865132, -28.34621239, 3.32917190, 0.96842039, -0.03830004, 0.24371572, -0.03602660, -0.00792929, -0.05978559, 0.02135656, 0.00000000, 0.00000000, 0.00000000, 0.00000000
5, 2.3999, 237, 0.41582546, 0.91191030, 0.07137702, 38.62282181, 2.63316298, -30.87883377, 6.54779291, 54.22391129, -104.26775360, 4.10041475, -28.63452530, 2.95634961, 0.96777064, -0.04102763, 0.24615616, -0.03382289, -0.00464251, -0.05807064, 0.01001338, 0.00000000, 0.00000000, 0.00000000, 0.00000000
5, 2.4099, 238, 0.40175462, 0.91348279, 0.06811351, 38.23651886, 3.23598957, -32.92762756, 6.54779291, 54.48699188, -103.74159241, 4.51036263, -28.94137955, 2.57878709, 0.96705943, -0.04371077, 0.24877048, -0.03160202, 0.00036836, -0.06076979, 0.00259592, 0.00000000, 0.00000000, 0.00000000, 0.00000000
5, 2.4199, 239, 0.40220186, 0.91450846, 0.06369788, 38.38024902, 4.10671806, -35.06441116, 6.10932446, 54.48699188, -104.29698944, 4.92327213, -29.26731873, 2.18935275, 0.96628439, -0.04637164, 0.25156462, -0.02931666, -0.00424539, -0.06233118, 0.00654534, 0.00000000, 0.00000000, 0.00000000, 0.00000000
4, 2.7200, 269, 0.02196215, 1.10800958, -0.24587487, -4.04193687, -57.96701813, 54.71468735, -22.82958221, 1.78310430, -84.50745392, -12.68963909, 12.75493717, -9.36383915, 1.00000000, 0.00000000, 0.00000000, 0.00000000, 0.11758822, 0.07081342, 0.16948104, 101.51400757, -15.72152328, 39.71999741, 0.00000000
5, 2.4299, 240, 0.42882830, 0.91656685, 0.05089414, 39.62084579, 4.08738613, -36.72811890, 5.96316862, 54.51622391, -104.64776611, 5.35470200, -29.60644531, 1.78404021, 0.96545088, -0.04912899, 0.25448719, -0.02696827, -0.02473494, -0.05557822, 0.03170725, 0.00000000, 0.00000000, 0.00000000, 0.00000000
2, 2.5400, 250, 0.19500032, 1.21743822, 0.49939239, 283.44311523, -546.89587402, 37.07694626, 38.67290115, 46.79918289, 50.86231995, 50.46652603, -1.00149739, 17.79176521, 0.89308834, -0.42238283, -0.05811035, -0.14355919, 0.11760852, -0.25964397, 0.57234412, 0.00000000, 0.00000000, 0.00000000, 0.00000000
4, 2.7300, 270, 0.00734255, 1.12419307, -0.25857678, -1.28869939, -59.71468353, 47.78341675, -22.80035019, 1.34463608, -84.53668213, -12.60342312, 13.15418816, -8.69750309, 1.00000000, 0.00000000, 0.00000000, 0.00000000, 0.13807018, 0.07574431, 0.19132327, 101.51400757, -15.72152328, 39.71999741, 0.00000000
2, 2.5500, 251, 0.16387399, 1.17935646, 0.51279861, 251.02333069, -558.15649414, 16.79255676, 38.67290115, 46.79918289, 50.86231995, 47.72248840, -2.39922452, 21.83817673, 0.89616990, -0.40073901, -0.05780935, -0.18150981, 0.14121930, -0.31709993, 0.57311845, 0.00000000, 0.00000000, 0.00000000, 0.00000000
4, 2.7400, 271, -0.02500971, 1.12644553, -0.25577113, 2.50325871, -60.53408432, 41.17833710, -22.65419388, 1.28617358, -84.77053070, -11.44674587, 11.35988235, -7.29532337, 1.00000000, 0.00000000, 0.00000000, 0.00000000, 0.16723570, 0.06630274, 0.19284585, 101.51400757, -15.72152328, 39.71999741, 0.00000000
2, 2.5600, 252, 0.11056575, 1.12132466, 0.50893837, 217.54684448, -556.46643066, 1.70569491, 38.73136520, 46.53609848, 45.92224503, 50.67430115, -2.29389405, 26.91254044, 0.87682450, -0.42032233, -0.08196938, -0.21860701, 0.16316137, -0.33865523, 0.49658328, 0.00000000, 0.00000000, 0.00000000, 0.00000000
5, 2.4399, 241, 0.45934781, 0.92795312, 0.02878588, 40.73114014, 1.57946551, -38.51958466, 5.75855017, 54.37006760, -105.17392731, 5.38018370, -29.16245461, 1.61770654, 0.96646214, -0.04896750, 0.25080854, -0.02546144, -0.03794913, -0.03762238, 0.06350267, 0.00000000, 0.00000000, 0.00000000, 0.00000000
5, 2.4499, 242, 0.48170102, 0.95768452, -0.00866544, 41.93976212, -6.05462742, -40.03139114, 5.43700647, 54.66238022, -104.96930695, 5.88524628, -29.52761459, 1.25773013, 0.96550786, -0.05243126, 0.25393873, -0.02368057, -0.02685536, -0.00053103, 0.09565160, 0.00000000, 0.00000000, 0.00000000, 0.00000000
5, 2.4599, 243, 0.49544001, 1.02029312, -0.04221775, 42.08323669, -19.22056007, -39.27794266, 5.43700647, 54.66238022, -104.96930695, 6.45379400, -29.88023376, 0.98452759, 0.96450359, -0.05659680, 0.25692374, -0.02279952, 0.00671144, 0.03007779, 0.14681150, 0.00000000, 0.00000000, 0.00000000, 0.00000000
2, 2.5700, 253, 0.05902850, 1.07192588, 0.48677409, 177.67320251, -540.65985107, -10.36694145, 38.26366425, 45.77608871, 42.20988083, 53.22861481, -2.61624885, 31.88083458, 0.85663188, -0.43624949, -0.10337530, -0.25530738, 0.19624627, -0.38712749, 0.47061396, 0.00000000, 0.00000000, 0.00000000, 0.00000000
5, 2.4699, 244, 0.48721972, 1.08924580, -0.06646009, 42.93271255, -35.91072845, -36.54939651, 5.23238802, 55.51008606, -105.72931671, 7.10557938, -30.20094109, 0.81845140, 0.96347511, -0.06168395, 0.25957772, -0.02302545, 0.05965675, 0.05082442, 0.18486901, 0.00000000, 0.00000000, 0.00000000, 0.00000000
5, 2.4799, 245, 0.45307535, 1.11501026, -0.09311233, 44.04239655, -54.65569305, -32.27827835, 5.78778124, 54.63314819, -105.58316040, 7.84885502, -30.47610283, 0.77417475, 0.96243632, -0.06780437, 0.26176155, -0.02449092, 0.09468925, 0.06922864, 0.17597884, 0.00000000, 0.00000000, 0.00000000, 0.00000000
5, 2.4899, 246, 0.41084370, 1.09497976, -0.13200431, 44.41461563, -77.18021393, -28.26311302, 4.85238218, 55.74393463, -106.78163910, 9.57267570, -30.86119843, 0.57964283, 0.96046746, -0.08177263, 0.26473284, -0.02705970, 0.09774446, 0.09142908, 0.13313384, 0.00000000, 0.00000000, 0.00000000, 0.00000000
5, 2.4999, 247, 0.37733132, 1.05959249, -0.15816869, 42.40704727, -97.59321594, -26.74366379, 5.11546326, 54.28237152, -106.98625946, 10.48068714, -31.09308052, 0.84983742, 0.95917845, -0.08996910, 0.26624084, -0.03159365, 0.08333430, 0.09227759, 0.09054947, 0.00000000, 0.00000000, 0.00000000, 0.00000000
5, 2.5099, 248, 0.34653285, 1.03958011, -0.17322475, 38.55416107, -117.42459869, -27.64050865, 5.11546326, 54.28237152, -106.98625946, 11.43282795, -31.35053444, 1.29150069, 0.95765638, -0.09892413, 0.26774326, -0.03770709, 0.08161048, 0.09231451, 0.05798780, 0.00000000, 0.00000000, 0.00000000, 0.00000000
5, 2.5199, 249, 0.30645829, 1.03677964, -0.18778791, 34.90117264, -135.00648499, -30.04610634, 3.82928967, 55.51008606, -108.12627411, 12.42278671, -31.65217590, 1.88387549, 0.95583165, -0.10853857, 0.26936933, -0.04522648, 0.09860823, 0.09288526, 0.02921860, 0.00000000, 0.00000000, 0.00000000, 0.00000000
2, 2.5800, 254, -0.01982601, 1.02951670, 0.45257252, 142.81811523, -512.02001953, -15.22909737, 36.91902924, 46.21455765, 38.32212830, 55.37295914, -3.22098708, 36.60152435, 0.83628333, -0.44877282, -0.12221138, -0.29034054, 0.24878255, -0.41590464, 0.42961925, 0.00000000, 0.00000000, 0.00000000, 0.00000000
2, 2.5900, 255, -0.09561071, 1.00538325, 0.39705974, 111.42390442, -471.89367676, -16.14814568, 35.83747482, 46.21455765, 35.45746994, 57.10566711, -3.99009466, 40.95956421, 0.81653917, -0.45818663, -0.13848250, -0.32272521, 0.29431745, -0.41120046, 0.38277689, 0.00000000, 0.00000000, 0.00000000, 0.00000000
4, 2.7500, 272, -0.04903380, 1.11687589, -0.24109644, 7.73001051, -58.82719803, 34.23958588, -22.65419388, 1.28617358, -84.77053070, -11.28699684, 11.61311722, -6.64654875, 1.00000000, 0.00000000, 0.00000000, 0.00000000, 0.16983542, 0.04140645, 0.17250757, 101.51400757, -15.72152328, 39.71999741, 0.00000000
4, 2.7600, 273, -0.06069719, 1.11039662, -0.22472253, 11.04720497, -55.75824356, 28.18683624, -23.47266769, 1.57848585, -85.00438690, -11.09563923, 11.80961990, -6.03427029, 1.00000000, 0.00000000, 0.00000000, 0.00000000, 0.18599692, 0.02503149, 0.16185577, 101.51400757, -15.72152328, 39.71999741, 0.00000000
4, 2.7700, 274, -0.07842566, 1.10284960, -0.20632482, 14.40692425, -51.32532501, 22.05339432, -23.03420067, 1.46156096, -85.64746857, -10.87512016, 11.95061779, -5.47276545, 1.00000000, 0.00000000, 0.00000000, 0.00000000, 0.20736793, 0.00665139, 0.14966919, 101.51400757, -15.72152328, 39.71999741, 0.00000000
5, 2.5299, 250, 0.25160262, 1.05150282, -0.19715632, 31.88734627, -151.04835510, -32.52829361, 3.65390229, 55.48085403, -109.00321198, 13.44988632, -32.00156403, 2.60929441, 0.95366192, -0.11877001, 0.27111995, -0.05400687, 0.13811329, 0.08937153, 0.00039349, 0.00000000, 0.00000000, 0.00000000, 0.00000000
5, 2.5399, 251, 0.19390500, 1.06650591, -0.18221138, 28.59727669, -164.56155396, -33.78996658, 3.27389646, 55.48085403, -110.31861877, 15.19933605, -34.20689774, 3.02432060, 0.94602382, -0.13405065, 0.28807732, -0.06388157, 0.17386770, 0.06017880, -0.02370722, 0.00000000, 0.00000000, 0.00000000, 0.00000000
5, 2.5499, 252, 0.12459428, 1.07992506, -0.16227831, 23.56132126, -172.69696045, -31.86921692, 2.30926633, 55.68547058, -111.25402069, 16.18445778, -34.61569977, 3.98806262, 0.94318426, -0.14456037, 0.28968865, -0.07474265, 0.20218220, 0.02408047, -0.04741865, 0.00000000, 0.00000000, 0.00000000, 0.00000000
2, 2.6000, 256, -0.15956415, 0.97274303, 0.33276051, 81.38943481, -422.74984741, -13.63738632, 35.83747482, 46.09763336, 35.45746994, 53.37027359, -8.79242611, 43.21704102, 0.81557417, -0.44151944, -0.10122007, -0.36007488, 0.30626220, -0.38724875, 0.30495918, 0.00000000, 0.00000000, 0.00000000, 0.00000000
5, 2.5599, 253, 0.05397167, 1.10101116, -0.16290355, 21.01912880, -170.41020203, -27.89155388, 2.30926633, 55.68547058, -111.25402069, 17.11968422, -35.00264740, 4.96634197, 0.94026172, -0.15470321, 0.29094848, -0.08557906, 0.25604016, 0.01435876, -0.08304466, 0.00000000, 0.00000000, 0.00000000, 0.00000000
2, 2.6100, 257, -0.21848394, 0.95222330, 0.26620638, 53.54367447, -366.50997925, -9.31884956, 34.31745148, 45.45454407, 32.73896408, 54.05409241, -9.28015327, 46.71990585, 0.80051994, -0.44436941, -0.11343135, -0.38579392, 0.28425285, -0.32006693, 0.19310682, 0.00000000, 0.00000000, 0.00000000, 0.00000000
4, 2.7800, 275, -0.08731131, 1.08912468, -0.18989129, 18.23519516, -45.61867142, 16.14253807, -22.94650650, 1.31540489, -86.58287048, -10.62335587, 12.04049301, -4.97469378, 1.00000000, 0.00000000, 0.00000000, 0.00000000, 0.21937856, -0.00825240, 0.13147110, 101.51400757, -15.72152328, 39.71999741, 0.00000000
5, 2.5699, 254, 0.00098672, 1.09612525, -0.14539142, 21.69028854, -161.75895691, -23.80310059, 1.69541073, 55.62701035, -112.16018677, 18.01780510, -35.35220718, 5.88391542, 0.93735421, -0.16439007, 0.29183739, -0.09578091, 0.28042248, -0.01484222, -0.11992498, 0.00000000, 0.00000000, 0.00000000, 0.00000000
5, 2.5799, 255, -0.03903468, 1.06047904, -0.14177386, 16.89211845, -155.32385254, -20.04837036, 0.96463019, 54.75007248, -112.97866058, 18.82509422, -35.68146896, 6.80816507, 0.93446374, -0.17334951, 0.29247013, -0.10577741, 0.27197856, -0.03170270, -0.16612506, 0.00000000, 0.00000000, 0.00000000, 0.00000000
5, 2.5899, 256, -0.04366893, 1.04203749, -0.14522181, 10.52540112, -147.83364868, -12.90103531, -0.29231218, 55.59777832, -114.11867523, 19.65820312, -39.20937347, 7.51938677, 0.92244893, -0.18214610, 0.31934708, -0.11801881, 0.24448285, -0.03617299, -0.16656899, 0.00000000, 0.00000000, 0.00000000, 0.00000000
4, 2.7900, 276, -0.08302275, 1.07150471, -0.16861683, 21.44239616, -39.95676804, 10.80259132, -23.38497543, 1.31540489, -86.58287048, -10.54909515, 9.74056053, -3.95017648, 1.00000000, 0.00000000, 0.00000000, 0.00000000, 0.20775223, -0.02565204, 0.10507377, 101.51400757, -15.72152328, 39.71999741, 0.00000000
4, 2.8000, 277, -0.07763055, 1.05376399, -0.14953895, 23.34987259, -33.75518417, 6.07624817, -23.38497543, 1.02309263, -86.58287048, -10.27818203, 9.74829865, -3.58682609, 1.00000000, 0.00000000, 0.00000000, 0.00000000, 0.17421223, -0.03860194, 0.07558063, 101.51400757, -15.72152328, 39.71999741, 0.00000000
2, 2.6200, 258, -0.26084417, 0.94168770, 0.19689691, 28.36502457, -304.42822266, -3.61445642, 32.91435242, 45.19146347, 30.80970383, 54.43058395, -9.70708561, 49.66264725, 0.78793371, -0.44516325, -0.12308240, -0.40723571, 0.30223837, -0.28189272, 0.13532771, 0.00000000, 0.00000000, 0.00000000, 0.00000000
4, 2.8100, 278, -0.07776648, 1.03765965, -0.13453168, 24.98077774, -26.26543236, 1.65856004, -23.53113174, 0.49693072, -86.78749084, -9.99881172, 9.72356892, -3.30453801, 1.00000000, 0.00000000, 0.00000000, 0.00000000, 0.17553017, -0.05196131, 0.05451653, 101.51400757, -15.72152328, 39.71999741, 0.00000000
2, 2.6300, 259, -0.29478240, 0.95317459, 0.13778268, 6.81015015, -239.53402710, 2.81807303, 32.06664658, 44.95761490, 29.08506203, 54.54542542, -10.03196812, 52.01459122, 0.77820373, -0.44432473, -0.13031137, -0.42425629, 0.31975052, -0.23286340, 0.09778711, 0.00000000, 0.00000000, 0.00000000, 0.00000000
4, 2.8200, 279, -0.08221446, 1.01388919, -0.12020893, 25.76983452, -17.76303482, -2.54806066, -23.20958710, 1.14001751, -87.25518799, -9.72064972, 9.67085838, -3.11395383, 1.00000000, 0.00000000, 0.00000000, 0.00000000, 0.18113245, -0.06208134, 0.02672423, 101.51400757, -15.72152328, 39.71999741, 0.00000000
4, 2.8300, 280, -0.07659017, 0.98553753, -0.10874321, 26.00416946, -8.71814728, -6.22682476, -23.26804924, 0.78924292, -87.45980835, -9.44978809, 9.59714603, -3.02017283, 1.00000000, 0.00000000, 0.00000000, 0.00000000, 0.17650309, -0.06789508, -0.00514052, 101.51400757, -15.72152328, 39.71999741, 0.00000000
5, 2.5999, 257, -0.04341232, 1.02993083, -0.11764067, 7.20846176, -130.82025146, -5.96863651, -0.81847411, 55.89009094, -115.25869751, 20.15874481, -39.41781616, 8.43787384, 0.92003483, -0.18874043, 0.31901592, -0.12705061, 0.19960576, -0.06390679, -0.14243354, 0.00000000, 0.00000000, 0.00000000, 0.00000000
5, 2.6099, 258, -0.03078774, 1.01394463, -0.09254621, 3.07912731, -111.85961151, -1.38055623, -0.81847411, 55.89009094, -115.25869751, 20.53534698, -39.57384872, 9.26774025, 0.91798818, -0.19408543, 0.31846315, -0.13494438, 0.17851385, -0.09494576, -0.13705976, 0.00000000, 0.00000000, 0.00000000, 0.00000000
5, 2.6199, 259, -0.00119356, 1.01788676, -0.09177604, -2.19916344, -94.58464050, 4.82942295, -1.02309263, 55.42238998, -115.58023834, 20.77460289, -39.66515732, 10.03991508, 0.91636980, -0.19815728, 0.31759149, -0.14190038, 0.16210443, -0.09856625, -0.10857079, 0.00000000, 0.00000000, 0.00000000, 0.00000000
5, 2.6299, 260, 0.02402891, 1.02645254, -0.09059615, -3.41777349, -80.70130920, 10.85430527, -2.07541656, 55.65623856, -116.22332764, 20.93770409, -39.68526840, 10.74079990, 0.91513801, -0.20140332, 0.31632590, -0.14797708, 0.15298526, -0.10120940, -0.08192942, 0.00000000, 0.00000000, 0.00000000, 0.00000000
2, 2.6400, 260, -0.30324578, 0.94121426, 0.08687855, -11.51713943, -172.78678894, 9.86683846, 32.06664658, 44.95761490, 29.08506203, 54.44016266, -10.22685814, 53.75350952, 0.77161288, -0.44220689, -0.13526329, -0.43677270, 0.31186026, -0.20405093, 0.05302393, 0.00000000, 0.00000000, 0.00000000, 0.00000000
4, 2.8400, 281, -0.06629510, 0.96353471, -0.08947293, 25.06106567, 1.10865188, -9.32508659, -23.26804924, 0.78924292, -87.45980835, -10.32641983, 7.75328350, -2.47695470, 1.00000000, 0.00000000, 0.00000000, 0.00000000, 0.15913421, -0.07794213, -0.03429429, 101.51400757, -15.72152328, 39.71999741, 0.00000000
5, 2.6399, 261, 0.02546447, 1.01764882, -0.08299971, -3.18922067, -70.63713837, 15.42022419, -2.36772871, 52.87927628, -115.84332275, 20.04005432, -41.71474457, 12.05659103, 0.90862173, -0.19851260, 0.33159801, -0.15824686, 0.13902405, -0.10605374, -0.08095634, 0.00000000, 0.00000000, 0.00000000, 0.00000000
2, 2.6500, 261, -0.28572285, 0.93174750, 0.03136946, -27.89539337, -108.83641052, 17.84037971, 31.39432907, 45.07453918, 28.70505714, 53.13349915, -13.75854778, 53.24479675, 0.76982617, -0.44495100, -0.10319645, -0.44579890, 0.26611400, -0.16345188, 0.00920093, 0.00000000, 0.00000000, 0.00000000, 0.00000000
2, 2.6600, 262, -0.26099750, 0.93187857, -0.03056490, -48.30415726, -35.54497147, 24.55175400, 31.30663490, 45.16223145, 28.32505035, 52.57668304, -13.66873074, 53.72215271, 0.77034390, -0.44050214, -0.10350727, -0.44923753, 0.18681298, -0.09926757, -0.03711060, 0.00000000, 0.00000000, 0.00000000, 0.00000000
2, 2.6700, 263, -0.23900710, 0.93725538, -0.05572492, -60.74276352, 17.13152313, 30.68962288, 31.33586693, 43.96375275, 29.40660667, 51.90610123, -13.48021793, 53.70046234, 0.77347255, -0.43541828, -0.10214297, -0.44913042, 0.16450761, -0.07151736, -0.05337465, 0.00000000, 0.00000000, 0.00000000, 0.00000000
2, 2.6800, 264, -0.19974816, 0.93390310, -0.06313811, -68.44857025, 64.09460449, 37.46068192, 31.62817764, 45.86378098, 29.46506882, 51.16273117, -13.19398212, 53.22808456, 0.77884221, -0.42990643, -0.09950905, -0.44573921, 0.12889192, -0.06181695, -0.06039472, 0.00000000, 0.00000000, 0.00000000, 0.00000000
4, 2.8500, 282, -0.05656336, 0.93922943, -0.06236447, 23.90486717, 10.87301636, -11.77427959, -23.29728127, 0.52616191, -86.72902679, -10.09293842, 7.65834379, -2.58806348, 1.00000000, 0.00000000, 0.00000000, 0.00000000, 0.12731884, -0.08430287, -0.06881530, 101.51400757, -15.72152328, 39.71999741, 0.00000000
4, 2.8600, 283, -0.05415450, 0.92371154, -0.05213563, 21.42325211, 22.07983017, -12.89484978, -23.41420555, 0.40923706, -87.22595978, -9.89168072, 7.57162762, -2.81430197, 1.00000000, 0.00000000, 0.00000000, 0.00000000, 0.12459263, -0.09228705, -0.08786232, 101.51400757, -15.72152328, 39.71999741, 0.00000000
4, 2.8700, 284, -0.04544327, 0.90863252, -0.03597812, 18.49830818, 35.50941849, -13.93040848, -23.64805603, 0.02923122, -87.16749573, -9.72823143, 7.49841642, -3.17770863, 1.00000000, 0.00000000, 0.00000000, 0.00000000, 0.11592595, -0.10538661, -0.10878561, 101.51400757, -15.72152328, 39.71999741, 0.00000000
4, 2.8800, 285, -0.03283416, 0.90991259, -0.02240743, 13.93155193, 47.95045853, -14.82661343, -23.61882401, -0.17538731, -86.84594727, -9.61824131, 7.43863249, -3.66921949, 1.00000000, 0.00000000, 0.00000000, 0.00000000, 0.10245620, -0.12078982, -0.11357453, 101.51400757, -15.72152328, 39.71999741, 0.00000000
5, 2.6499, 262, 0.01185416, 1.00373507, -0.08414155, -2.82918930, -61.27291489, 19.44200325, -2.39696002, 56.06547546, -116.48640442, 20.09929848, -41.61827087, 12.65184593, 0.90799201, -0.20066828, 0.32970223, -0.16303149, 0.11667933, -0.09168023, -0.08770668, 0.00000000, 0.00000000, 0.00000000, 0.00000000
5, 2.6599, 263, -0.00997771, 0.99604964, -0.05311970, -0.04449249, -47.97194290, 23.57933044, -2.54311609, 54.42852783, -116.54486847, 20.14718246, -41.45748901, 13.12862492, 0.90773422, -0.20235625, 0.32750160, -0.16677339, 0.12763727, -0.12438546, -0.10941603, 0.00000000, 0.00000000, 0.00000000, 0.00000000
5, 2.6699, 264, -0.04440708, 0.98592293, -0.03200629, 2.80139732, -29.38184357, 27.96462822, -2.54311609, 54.42852783, -116.54486847, 20.16946411, -41.22260666, 13.44538116, 0.90797698, -0.20334193, 0.32501802, -0.16909537, 0.14464071, -0.14749154, -0.14393857, 0.00000000, 0.00000000, 0.00000000, 0.00000000
5, 2.6799, 265, -0.07997375, 0.96901274, -0.03447147, 4.84462309, -3.72820926, 30.18001366, -2.42619109, 54.31160355, -116.69102478, 20.14280128, -40.92683411, 13.54620457, 0.90881038, -0.20329317, 0.32249662, -0.16950402, 0.15634552, -0.14740729, -0.18552297, 0.00000000, 0.00000000, 0.00000000, 0.00000000
2, 2.6900, 265, -0.17312434, 0.93149328, -0.05878775, -71.90994263, 103.49272156, 44.58622360, 31.62817764, 45.86378098, 29.46506882, 50.38097382, -12.81629372, 52.37245941, 0.78598648, -0.42412639, -0.09602223, -0.43945634, 0.10943888, -0.05944812, -0.06301810, 0.00000000, 0.00000000, 0.00000000, 0.00000000
4, 2.8900, 286, 0.00062089, 0.91983950, -0.02517356, 10.47927856, 60.63971329, -14.92209148, -23.61882401, -0.17538731, -86.84594727, -11.20799541, 6.94022417, -3.70523834, 1.00000000, 0.00000000, 0.00000000, 0.00000000, 0.06555768, -0.11581813, -0.10494582, 101.51400757, -15.72152328, 39.71999741, 0.00000000
5, 2.6899, 266, -0.08558183, 0.94127774, -0.03858624, 5.25237894, 26.06245041, 31.41068077, -2.74773455, 55.48085403, -116.25255585, 19.02633095, -43.68148422, 13.95820045, 0.90120232, -0.19685680, 0.34555250, -0.17226562, 0.13186277, -0.13979565, -0.20340097, 0.00000000, 0.00000000, 0.00000000, 0.00000000
2, 2.7000, 266, -0.15705432, 0.93098021, -0.05467178, -72.30766296, 137.19833374, 51.29706955, 32.00818253, 45.22069550, 29.99123001, 49.82706070, -13.72906113, 50.38932037, 0.79334801, -0.42458794, -0.07995085, -0.42887294, 0.09610266, -0.05503239, -0.06606087, 0.00000000, 0.00000000, 0.00000000, 0.00000000
2, 2.7100, 267, -0.13835780, 0.93378311, -0.05239343, -70.91731262, 165.52482605, 56.40470505, 33.17743301, 45.86378098, 31.30663490, 49.06628799, -13.21159077, 48.90949631, 0.80283737, -0.41878352, -0.07548536, -0.41758171, 0.07003520, -0.04658524, -0.06393327, 0.00000000, 0.00000000, 0.00000000, 0.00000000
2, 2.7200, 268, -0.11853658, 0.93655992, -0.05733487, -69.71038818, 188.59211731, 59.19775391, 34.02513885, 46.27301788, 32.65127182, 48.30715942, -12.67097187, 47.19444275, 0.81297320, -0.41298497, -0.07052819, -0.40440571, 0.05962395, -0.03423950, -0.07118067, 0.00000000, 0.00000000, 0.00000000, 0.00000000
4, 2.9000, 287, 0.04704601, 0.92959404, -0.04107552, 9.20085812, 71.86345673, -13.69505405, -23.50189972, 0.52616191, -86.55363464, -11.15370464, 6.91407204, -4.43359089, 1.00000000, 0.00000000, 0.00000000, 0.00000000, 0.01171642, -0.08382611, -0.09076037, 101.51400757, -15.72152328, 39.71999741, 0.00000000
4, 2.9100, 288, 0.09153950, 0.93763524, -0.06517591, 9.29006004, 80.51065063, -11.88135529, -23.06343079, 0.93539900, -85.99824524, -11.10316563, 6.91958523, -5.24506140, 1.00000000, 0.00000000, 0.00000000, 0.00000000, -0.03386765, -0.06474836, -0.07835282, 101.51400757, -15.72152328, 39.71999741, 0.00000000
4, 2.9200, 289, 0.12598172, 0.93934906, -0.09235804, 8.90600872, 86.22765350, -10.25059700, -22.47880745, 0.64308679, -85.29669952, -11.05998039, 6.95051670, -6.11114788, 1.00000000, 0.00000000, 0.00000000, 0.00000000, -0.06859895, -0.04054853, -0.07006706, 101.51400757, -15.72152328, 39.71999741, 0.00000000
4, 2.9300, 290, 0.15624432, 0.94066530, -0.11527925, 7.96103668, 88.93302917, -9.11647701, -22.39111328, 0.73078048, -85.29669952, -11.02844238, 6.99722004, -7.00308275, 1.00000000, 0.00000000, 0.00000000, 0.00000000, -0.09869241, -0.02005908, -0.06322755, 101.51400757, -15.72152328, 39.71999741, 0.00000000
4, 2.9400, 291, 0.18610364, 0.94077146, -0.12790771, 6.18606234, 89.02441406, -8.57065010, -22.39111328, 0.73078048, -85.29669952, -11.21109486, 8.65203381, -7.77884293, 1.00000000, 0.00000000, 0.00000000, 0.00000000, -0.12097430, -0.00793933, -0.05980171, 101.51400757, -15.72152328, 39.71999741, 0.00000000
4, 2.9500, 292, 0.21029794, 0.93717188, -0.13927875, 3.64874697, 86.93493652, -8.72881126, -22.36188316, 0.43846828, -84.65361023, -11.24813557, 8.69614697, -8.65703106, 1.00000000, 0.00000000, 0.00000000, 0.00000000, -0.12353580, 0.00619988, -0.05754735, 101.51400757, -15.72152328, 39.71999741, 0.00000000
4, 2.9600, 293, 0.22865523, 0.92880613, -0.15629958, 1.12523508, 83.12340546, -9.05830956, -21.92341423, 0.11692487, -84.33206940, -11.30795860, 8.73026085, -9.49953079, 1.00000000, 0.00000000, 0.00000000, 0.00000000, -0.14104941, 0.02590082, -0.06065522, 101.51400757, -15.72152328, 39.71999741, 0.00000000
5, 2.6999, 267, -0.05209214, 0.91089487, -0.04172818, 4.30995989, 54.10015869, 31.89817810, -2.28003502, 55.36392975, -116.54486847, 18.85872269, -43.29932404, 13.58829784, 0.90330929, -0.19426063, 0.34337512, -0.16848934, 0.06191100, -0.12044534, -0.17775998, 0.00000000, 0.00000000, 0.00000000, 0.00000000
5, 2.7099, 268, 0.02450276, 0.89222181, -0.04271501, 1.47377014, 87.21284485, 32.14517593, -2.30926633, 55.27623367, -116.22332764, 18.57499123, -42.88394928, 12.97671032, 0.90603626, -0.19002333, 0.34148088, -0.16242047, 0.00560212, -0.11964343, -0.13389182, 0.00000000, 0.00000000, 0.00000000, 0.00000000
5, 2.7199, 269, 0.10224760, 0.89411438, -0.03916762, -0.88940889, 106.06408691, 31.73075485, -2.30926633, 55.27623367, -116.22332764, 18.21316910, -42.45932007, 12.23470688, 0.90903920, -0.18479215, 0.33978531, -0.15506612, -0.03457298, -0.12057587, -0.07697431, 0.00000000, 0.00000000, 0.00000000, 0.00000000
4, 2.9700, 294, 0.24344781, 0.92575884, -0.16843458, -1.31943619, 78.29225922, -9.25107765, -21.77725792, 0.40923706, -83.83513641, -11.38871384, 8.75400448, -10.29587364, 1.00000000, 0.00000000, 0.00000000, 0.00000000, -0.15541089, 0.03955892, -0.06012794, 101.51400757, -15.72152328, 39.71999741, 0.00000000
4, 2.9800, 295, 0.25767860, 0.93334377, -0.18100950, -4.56709337, 71.89704895, -9.89139843, -21.77725792, 0.40923706, -83.83513641, -11.49687862, 8.76034737, -11.03159046, 1.00000000, 0.00000000, 0.00000000, 0.00000000, -0.17016077, 0.05046975, -0.04938058, 101.51400757, -15.72152328, 39.71999741, 0.00000000
5, 2.7299, 270, 0.17397837, 0.90715730, -0.04175796, -3.10553837, 119.93650818, 30.54732704, -1.49079216, 54.66238022, -115.37561798, 17.78756332, -42.03993607, 11.39942169, 0.91216540, -0.17879684, 0.33829588, -0.14677213, -0.06261858, -0.11354800, -0.01861346, 0.00000000, 0.00000000, 0.00000000, 0.00000000
5, 2.7399, 271, 0.23829222, 0.92266345, -0.06110176, -4.20788336, 128.23568726, 28.30551720, 0.32154340, 54.51622391, -114.61560822, 15.97608280, -40.64043427, 11.90641785, 0.91865396, -0.16528291, 0.32852623, -0.14431599, -0.08214721, -0.08548357, 0.03054920, 0.00000000, 0.00000000, 0.00000000, 0.00000000
5, 2.7499, 272, 0.28919846, 0.93589902, -0.08287615, -4.03703308, 131.17271423, 25.70938683, 0.96463019, 54.80853653, -114.35252380, 15.49971771, -40.28512192, 10.97831345, 0.92155582, -0.15865982, 0.32753679, -0.13520962, -0.08928560, -0.04764433, 0.05999340, 0.00000000, 0.00000000, 0.00000000, 0.00000000
5, 2.7599, 273, 0.33583060, 0.94339609, -0.10055859, -2.11586738, 129.12179565, 23.30507278, 1.34463608, 54.77930450, -113.12481689, 15.05427170, -39.95663452, 10.04140759, 0.92423177, -0.15228362, 0.32664633, -0.12612526, -0.10834818, -0.02452110, 0.09536496, 0.00000000, 0.00000000, 0.00000000, 0.00000000
2, 2.7300, 269, -0.07728432, 0.93548268, -0.07060128, -68.77735901, 206.14479065, 59.56929779, 34.90207672, 46.15609360, 34.05437088, 47.54600906, -12.13978195, 45.29817963, 0.82342446, -0.40720496, -0.06505676, -0.38977426, 0.02633988, -0.01842866, -0.08084179, 0.00000000, 0.00000000, 0.00000000, 0.00000000
2, 2.7400, 270, -0.03852212, 0.94154996, -0.08617228, -68.20967102, 217.54844666, 57.39051437, 34.90207672, 46.15609360, 34.05437088, 46.78084946, -11.65035915, 43.28168488, 0.83386272, -0.40145984, -0.05906353, -0.37418503, -0.00410573, 0.00438987, -0.08766317, 0.00000000, 0.00000000, 0.00000000, 0.00000000
2, 2.7500, 271, 0.00831390, 0.95165664, -0.11353348, -68.49437714, 221.18959045, 52.54277420, 35.95439911, 45.80532074, 35.60362244, 47.27398682, -10.62501907, 40.88454819, 0.84175938, -0.40370190, -0.05995370, -0.35337174, -0.04220997, 0.03479004, -0.09367966, 0.00000000, 0.00000000, 0.00000000, 0.00000000
2, 2.7600, 272, 0.04521618, 0.96776760, -0.14191617, -68.46321106, 216.68608093, 46.24989319, 36.42210007, 45.54224014, 37.06518555, 46.47691345, -10.25526047, 38.87800980, 0.85128838, -0.39790934, -0.05334247, -0.33783257, -0.06552222, 0.06241724, -0.09180441, 0.00000000, 0.00000000, 0.00000000, 0.00000000
5, 2.7699, 274, 0.35398364, 0.93493807, -0.12186488, 1.10411465, 122.57504272, 20.74201775, 1.34463608, 54.77930450, -113.12481689, 14.66905689, -39.65687180, 9.11833572, 0.92662102, -0.14645579, 0.32581869, -0.11733064, -0.12329084, 0.00039660, 0.09882455, 0.00000000, 0.00000000, 0.00000000, 0.00000000
4, 2.9900, 296, 0.28153634, 0.94467747, -0.19990064, -6.43061209, 65.43852234, -10.71964550, -21.48494530, 0.93539900, -83.42589569, -10.90831947, 10.99252892, -11.72353745, 1.00000000, 0.00000000, 0.00000000, 0.00000000, -0.18560743, 0.06309284, -0.03257835, 101.51400757, -15.72152328, 39.71999741, 0.00000000
4, 3.0000, 297, 0.29916623, 0.95702314, -0.21960773, -7.19319344, 58.75090408, -11.10458565, -21.42648315, 0.55539316, -82.98742676, -11.05564785, 10.97215557, -12.33584499, 1.00000000, 0.00000000, 0.00000000, 0.00000000, -0.17582706, 0.06982628, -0.01200364, 101.51400757, -15.72152328, 39.71999741, 0.00000000
4, 3.0100, 298, 0.30993384, 0.97229612, -0.24648067, -7.50996780, 51.61777878, -10.53005886, -21.22186470, 0.55539316, -83.04589081, -11.19690323, 10.94511318, -12.87572861, 1.00000000, 0.00000000, 0.00000000, 0.00000000, -0.18863688, 0.09238242, 0.01105415, 101.51400757, -15.72152328, 39.71999741, 0.00000000
4, 3.0200, 299, 0.31770286, 0.98059320, -0.26673827, -5.89261818, 44.28975677, -9.38989544, -20.90032196, -1.02309263, -82.16895294, -11.31232834, 10.91744518, -13.33902550, 1.00000000, 0.00000000, 0.00000000, 0.00000000, -0.19787993, 0.11078125, 0.02547796, 101.51400757, -15.72152328, 39.71999741, 0.00000000
5, 2.7799, 275, 0.36629635, 0.91910398, -0.16200778, 2.82876801, 113.38441467, 18.95870399, 2.07541656, 54.63314819, -112.86173248, 14.33164024, -39.38234711, 8.24712086, 0.92872792, -0.14118275, 0.32500756, -0.10909659, -0.14206588, 0.04296605, 0.09276100, 0.00000000, 0.00000000, 0.00000000, 0.00000000
4, 3.0300, 300, 0.31496879, 0.98216403, -0.27468064, -3.99150562, 36.96211243, -8.23836899, -20.90032196, -1.02309263, -82.16895294, -11.39909649, 10.88983631, -13.72554398, 1.00000000, 0.00000000, 0.00000000, 0.00000000, -0.19591813, 0.11936717, 0.03006195, 101.51400757, -15.72152328, 39.71999741, 0.00000000
4, 3.0400, 301, 0.31024823, 0.97441757, -0.27835563, -2.62329292, 29.75614929, -7.21277237, -20.60800934, 0.78924292, -81.87664032, -10.09963894, 12.78181839, -13.89504910, 1.00000000, 0.00000000, 0.00000000, 0.00000000, -0.18306324, 0.12063961, 0.02511319, 101.51400757, -15.72152328, 39.71999741, 0.00000000
2, 2.7700, 273, 0.07045364, 0.97198242, -0.15109952, -66.19197083, 207.07432556, 39.19104004, 37.24057388, 45.60070038, 39.25752640, 45.70721817, -9.97834587, 36.95679474, 0.85997409, -0.39235905, -0.04662003, -0.32299498, -0.08540311, 0.08048762, -0.09873588, 0.00000000, 0.00000000, 0.00000000, 0.00000000
2, 2.7800, 274, 0.08191879, 0.96650916, -0.14928722, -61.85242462, 193.36845398, 32.39373398, 37.70827103, 45.42531204, 40.39754486, 44.98929214, -9.78409958, 35.15940094, 0.86770344, -0.38719738, -0.04002504, -0.30913910, -0.09331013, 0.08376969, -0.10776837, 0.00000000, 0.00000000, 0.00000000, 0.00000000
4, 3.0500, 302, 0.29947934, 0.96594024, -0.27362782, -1.82842636, 23.33033180, -6.50960875, -20.90032196, 1.40309846, -82.28588104, -10.15584564, 12.75671196, -14.14277744, 1.00000000, 0.00000000, 0.00000000, 0.00000000, -0.14749493, 0.10194866, 0.01819261, 101.51400757, -15.72152328, 39.71999741, 0.00000000
5, 2.7899, 276, 0.37556964, 0.90583110, -0.16448806, 3.33946085, 98.33512115, 15.56148148, 3.39082146, 53.58082199, -111.48786926, 14.42748737, -37.08212662, 7.41714668, 0.93603921, -0.13920915, 0.30710599, -0.10068500, -0.14790699, 0.04498915, 0.08319680, 0.00000000, 0.00000000, 0.00000000, 0.00000000
5, 2.7999, 277, 0.39519894, 0.90087450, -0.17437033, 1.47054577, 87.44216156, 12.29362011, 2.92312193, 54.19467926, -111.22478485, 14.12722206, -36.89655685, 6.76835251, 0.93747127, -0.13498661, 0.30661291, -0.09441823, -0.14030680, 0.04993528, 0.07693702, 0.00000000, 0.00000000, 0.00000000, 0.00000000
5, 2.8099, 278, 0.40973714, 0.90800560, -0.18612255, 0.44212049, 76.20395660, 9.19961834, 3.18620276, 54.28237152, -110.99093628, 13.85733891, -36.75352859, 6.20756960, 0.93863249, -0.13125902, 0.30630413, -0.08898398, -0.14203054, 0.06563707, 0.08963768, 0.00000000, 0.00000000, 0.00000000, 0.00000000
5, 2.8199, 279, 0.42413419, 0.91515851, -0.20127569, -1.39478171, 62.23897552, 4.03541183, 3.62467122, 53.52236176, -110.72785950, 13.62250328, -36.67571640, 5.75829220, 0.93945456, -0.12812574, 0.30635014, -0.08460861, -0.14465679, 0.08442432, 0.10278098, 0.00000000, 0.00000000, 0.00000000, 0.00000000
5, 2.8299, 280, 0.43318385, 0.92353082, -0.21395718, -3.08839917, 49.68350220, -1.02691710, 3.62467122, 53.52236176, -110.72785950, 13.42007256, -36.66000748, 5.40876007, 0.93997502, -0.12552941, 0.30675417, -0.08118749, -0.14381126, 0.10056782, 0.11331910, 0.00000000, 0.00000000, 0.00000000, 0.00000000
4, 3.0600, 303, 0.28446254, 0.95931679, -0.26668349, -1.05829966, 17.82192230, -6.01600266, -20.63723946, 0.23384975, -81.75971985, -10.19538784, 12.72712898, -14.33352280, 1.00000000, 0.00000000, 0.00000000, 0.00000000, -0.13239279, 0.09843895, 0.01070537, 101.51400757, -15.72152328, 39.71999741, 0.00000000
2, 2.7900, 275, 0.08456089, 0.96829599, -0.14684388, -55.63772964, 176.94619751, 26.01609039, 37.70827103, 45.42531204, 40.39754486, 44.34457397, -9.65944195, 33.51075363, 0.87442845, -0.38256457, -0.03375219, -0.29644579, -0.09247714, 0.09116238, -0.11267505, 0.00000000, 0.00000000, 0.00000000, 0.00000000
4, 3.0700, 304, 0.27348495, 0.95623720, -0.25822470, -0.15591832, 13.55834961, -5.69445086, -20.98801422, 0.40923706, -81.70125580, -10.21897602, 12.69361019, -14.48004341, 1.00000000, 0.00000000, 0.00000000, 0.00000000, -0.12158900, 0.09204051, 0.00568847, 101.51400757, -15.72152328, 39.71999741, 0.00000000
5, 2.8399, 281, 0.43238723, 0.92778671, -0.22662696, -4.33721733, 37.17712021, -5.79579496, 4.32622051, 53.93159866, -109.93861389, 14.43802643, -34.67339706, 4.47904396, 0.94481683, -0.13141410, 0.29071093, -0.07442319, -0.13387148, 0.11072917, 0.11026303, 0.00000000, 0.00000000, 0.00000000, 0.00000000
5, 2.8499, 282, 0.42521805, 0.92889094, -0.23502518, -5.20361853, 24.03582191, -10.09394264, 3.94621444, 54.01929092, -109.96784210, 14.31009102, -34.76493073, 4.32554960, 0.94482142, -0.12996842, 0.29172519, -0.07291871, -0.10865006, 0.10541290, 0.09302939, 0.00000000, 0.00000000, 0.00000000, 0.00000000
5, 2.8599, 283, 0.41795516, 0.92832816, -0.24242342, -5.64509487, 11.13322926, -14.02376366, 3.85852075, 54.89622879, -109.79245758, 14.23283863, -34.90519333, 4.26220417, 0.94458020, -0.12916787, 0.29300550, -0.07233074, -0.10690548, 0.11438616, 0.08740081, 0.00000000, 0.00000000, 0.00000000, 0.00000000
5, 2.8699, 284, 0.41037464, 0.92452431, -0.24915583, -6.10530853, -0.20379935, -17.88097763, 3.88775206, 54.19467926, -109.96784210, 14.19965839, -35.09215164, 4.27803087, 0.94411385, -0.12893187, 0.29455394, -0.07255038, -0.10816119, 0.12187302, 0.08022276, 0.00000000, 0.00000000, 0.00000000, 0.00000000
4, 3.0800, 305, 0.26310420, 0.95328093, -0.24549372, 0.68858212, 9.89980507, -5.46530485, -20.98801422, 0.40923706, -81.70125580, -10.22815228, 12.65631199, -14.58865356, 1.00000000, 0.00000000, 0.00000000, 0.00000000, -0.11134957, 0.08132940, -0.00075651, 101.51400757, -15.72152328, 39.71999741, 0.00000000
5, 2.8799, 285, 0.40327576, 0.91899860, -0.24997079, -6.77316427, -14.95639706, -21.72932625, 3.88775206, 54.19467926, -109.96784210, 14.21994686, -35.32849121, 4.40064240, 0.94338495, -0.12941183, 0.29635504, -0.07383203, -0.11137918, 0.12277831, 0.07332224, 0.00000000, 0.00000000, 0.00000000, 0.00000000
4, 3.0900, 306, 0.25268200, 0.95268786, -0.23626965, 0.99724865, 6.78201866, -5.68591404, -21.36802101, -0.05846244, -81.96434021, -9.47952080, 13.69707394, -14.56092644, 1.00000000, 0.00000000, 0.00000000, 0.00000000, -0.09679016, 0.06961595, -0.00333261, 101.51400757, -15.72152328, 39.71999741, 0.00000000
5, 2.8899, 286, 0.39608186, 0.92056620, -0.24025738, -7.24636030, -23.48303795, -24.39772034, 3.71236467, 51.56386948, -110.28939056, 15.44018364, -34.09865570, 3.91981530, 0.94548607, -0.13829136, 0.28597510, -0.07176369, -0.10344122, 0.10831046, 0.06916429, 0.00000000, 0.00000000, 0.00000000, 0.00000000
5, 2.8999, 287, 0.37736386, 0.92899919, -0.23292136, -7.23162985, -29.56524277, -26.41817093, 3.06927800, 55.48085403, -110.05553436, 15.52669525, -34.39609146, 4.13354254, 0.94447660, -0.13952361, 0.28812104, -0.07405025, -0.07293621, 0.08638380, 0.05520077, 0.00000000, 0.00000000, 0.00000000, 0.00000000
4, 3.1000, 307, 0.23807934, 0.95000136, -0.22344753, 1.56053138, 2.92999768, -6.34418869, -20.57877731, 1.37386727, -82.37357330, -9.47003365, 13.64010620, -14.60106468, 1.00000000, 0.00000000, 0.00000000, 0.00000000, -0.06879853, 0.04844135, -0.00784170, 101.51400757, -15.72152328, 39.71999741, 0.00000000
5, 2.9099, 288, 0.34569451, 0.94126415, -0.21896692, -6.54875135, -33.39371490, -27.76247025, 2.86465931, 54.39929962, -109.76322937, 15.63713264, -34.70872116, 4.36566496, 0.94337362, -0.14100514, 0.29034764, -0.07656419, -0.04749779, 0.07286397, 0.04150707, 0.00000000, 0.00000000, 0.00000000, 0.00000000
5, 2.9199, 289, 0.30309623, 0.95267379, -0.21689960, -5.65758419, -35.25968170, -28.79975319, 2.74773455, 55.33469772, -110.43554688, 15.76577759, -35.03152847, 4.60053778, 0.94220495, -0.14264993, 0.29263443, -0.07915794, -0.01700171, 0.07089061, 0.01825501, 0.00000000, 0.00000000, 0.00000000, 0.00000000
2, 2.8000, 276, 0.08906175, 0.96776146, -0.14971863, -48.31601715, 157.89634705, 20.27717972, 38.55597687, 45.51300812, 41.62525558, 45.56558228, -8.56324196, 31.57122803, 0.87686741, -0.39031991, -0.03881190, -0.27793446, -0.09150278, 0.09399641, -0.11618452, 0.00000000, 0.00000000, 0.00000000, 0.00000000
2, 2.8100, 277, 0.09795244, 0.96814322, -0.15417181, -40.27928162, 136.80705261, 15.25806713, 39.11137009, 45.42531204, 42.29757309, 45.07662582, -8.49498653, 30.29517174, 0.88166618, -0.38684288, -0.03385258, -0.26808843, -0.08637679, 0.08576602, -0.10827434, 0.00000000, 0.00000000, 0.00000000, 0.00000000
2, 2.8200, 278, 0.11170310, 0.96936876, -0.16390483, -32.33965302, 113.19448090, 9.75585175, 38.96521378, 45.13300323, 43.58374786, 44.68655396, -8.47282887, 29.23643684, 0.88544947, -0.38408762, -0.02956605, -0.25996518, -0.10053382, 0.09872920, -0.11562867, 0.00000000, 0.00000000, 0.00000000, 0.00000000
4, 3.1100, 308, 0.21647805, 0.94450259, -0.21234646, 1.59696937, 0.62559694, -6.77094269, -21.04647827, 1.08155513, -82.13972473, -9.45623970, 13.57481098, -14.61869335, 1.00000000, 0.00000000, 0.00000000, 0.00000000, -0.04768861, 0.03968411, -0.01553973, 101.51400757, -15.72152328, 39.71999741, 0.00000000
2, 2.8300, 279, 0.12374009, 0.97179180, -0.17543179, -22.89546776, 82.03569031, 4.13102102, 38.93598175, 44.86991882, 44.28529739, 44.41478729, -8.48899937, 28.46744728, 0.88806051, -0.38220048, -0.02625813, -0.25412986, -0.11386041, 0.11255350, -0.12236804, 0.00000000, 0.00000000, 0.00000000, 0.00000000
2, 2.8400, 280, 0.13019718, 0.97926950, -0.18310000, -14.79193306, 52.65867996, -1.98268867, 38.93598175, 44.86991882, 44.28529739, 44.24848938, -8.54693413, 27.97327042, 0.88962233, -0.38111860, -0.02378977, -0.25050902, -0.12082651, 0.12584327, -0.12304471, 0.00000000, 0.00000000, 0.00000000, 0.00000000
2, 2.8500, 281, 0.13367118, 0.98235434, -0.18621764, -7.67153645, 24.59172058, -8.45487022, 39.31599045, 45.19146347, 44.37298965, 46.16191864, -7.26732397, 27.29430199, 0.88631976, -0.39395356, -0.03565306, -0.24076302, -0.11967395, 0.12506215, -0.11772637, 0.00000000, 0.00000000, 0.00000000, 0.00000000
2, 2.8600, 282, 0.13076814, 0.98093218, -0.17974144, -0.94399786, -2.39616823, -15.22469902, 39.22829437, 45.01607513, 44.72376633, 46.18358231, -7.41878605, 27.31250381, 0.88600922, -0.39436966, -0.03457427, -0.24138136, -0.10029724, 0.09991696, -0.09857060, 0.00000000, 0.00000000, 0.00000000, 0.00000000
4, 3.1200, 309, 0.20000012, 0.94865215, -0.19638598, 0.78950155, -0.34971780, -7.36469603, -21.04647827, 1.08155513, -82.13972473, -9.44905663, 13.50183010, -14.62814808, 1.00000000, 0.00000000, 0.00000000, 0.00000000, -0.03233021, 0.02313578, -0.01620075, 101.51400757, -15.72152328, 39.71999741, 0.00000000
4, 3.1300, 310, 0.19297025, 0.95412076, -0.18500486, 0.10135124, -0.68345416, -8.15869141, -21.10494041, 1.66617942, -82.08126068, -9.44842148, 13.42036057, -14.63617325, 1.00000000, 0.00000000, 0.00000000, 0.00000000, -0.02673465, 0.01058120, -0.01474555, 101.51400757, -15.72152328, 39.71999741, 0.00000000
5, 2.9299, 290, 0.26690084, 0.96059716, -0.21856724, -4.86266422, -35.02202225, -29.71556282, 2.74773455, 55.33469772, -110.43554688, 15.90362930, -35.36175537, 4.82371330, 0.94099790, -0.14434683, 0.29498157, -0.08168781, 0.00650320, 0.07223301, -0.00206189, 0.00000000, 0.00000000, 0.00000000, 0.00000000
2, 2.8700, 283, 0.11142693, 0.97700334, -0.17572922, 4.39406443, -25.77880096, -22.26914215, 39.14060211, 45.54224014, 43.99298477, 46.28599167, -7.63189459, 27.54859161, 0.88487464, -0.39544851, -0.03393534, -0.24385622, -0.08494458, 0.09373333, -0.10252970, 0.00000000, 0.00000000, 0.00000000, 0.00000000
2, 2.8800, 284, 0.11010011, 0.97510988, -0.17114581, 8.64962387, -45.32778549, -29.11692238, 39.14060211, 45.54224014, 43.99298477, 46.45403290, -7.90729809, 27.96649742, 0.88302505, -0.39708811, -0.03358586, -0.24791095, -0.08752761, 0.08783028, -0.09887594, 0.00000000, 0.00000000, 0.00000000, 0.00000000
2, 2.8900, 285, 0.11023769, 0.97938818, -0.17083706, 12.10589886, -62.38948441, -35.82191467, 39.22829437, 45.80532074, 43.78836441, 46.67610550, -8.24619770, 28.54278374, 0.88052285, -0.39921004, -0.03342588, -0.25336462, -0.09223257, 0.08874692, -0.09262288, 0.00000000, 0.00000000, 0.00000000, 0.00000000
2, 2.9000, 286, 0.11876775, 0.99198920, -0.18243475, 14.10202789, -76.87576294, -42.18370056, 38.46828461, 45.86378098, 43.87606049, 48.38901901, -7.44083023, 28.94335365, 0.87471080, -0.41078681, -0.04489247, -0.25321901, -0.10153688, 0.09885478, -0.08160428, 0.00000000, 0.00000000, 0.00000000, 0.00000000
4, 3.1400, 311, 0.19350782, 0.95647830, -0.17939174, -0.12326788, -1.36623299, -8.63747311, -20.72493362, 0.76001167, -82.16895294, -9.43289852, 13.68484497, -14.70797920, 1.00000000, 0.00000000, 0.00000000, 0.00000000, -0.02725209, 0.00443949, -0.01446415, 101.51400757, -15.72152328, 39.71999741, 0.00000000
4, 3.1500, 312, 0.19236301, 0.96060008, -0.18025351, -0.64807254, -2.26131177, -8.81704140, -21.54340744, 1.66617942, -82.16895294, -9.43730354, 13.59397602, -14.70183849, 1.00000000, 0.00000000, 0.00000000, 0.00000000, -0.02344597, 0.00358000, -0.00955159, 101.51400757, -15.72152328, 39.71999741, 0.00000000
4, 3.1600, 313, 0.19019274, 0.96464390, -0.18428926, -0.90347099, -3.62630296, -8.69688797, -21.48494530, 1.43232965, -82.08126068, -9.44198036, 13.50179672, -14.68188572, 1.00000000, 0.00000000, 0.00000000, 0.00000000, -0.02319941, 0.00615290, -0.00459896, 101.51400757, -15.72152328, 39.71999741, 0.00000000
2, 2.9100, 287, 0.11339030, 1.00328338, -0.19145469, 15.65351582, -89.43824768, -48.81513977, 37.64981079, 45.45454407, 43.11604691, 48.69350433, -7.93315840, 29.75660324, 0.87109071, -0.41366389, -0.04469078, -0.26093304, -0.08816899, 0.09637676, -0.06450633, 0.00000000, 0.00000000, 0.00000000, 0.00000000
5, 2.9399, 291, 0.25079143, 0.95799685, -0.21619649, -3.82258916, -33.02080154, -30.73266602, 2.42619109, 53.23004913, -110.40631104, 16.93578339, -35.72819901, 4.55730247, 0.93887061, -0.15210831, 0.29760364, -0.08256628, 0.00954219, 0.06564322, -0.01153723, 0.00000000, 0.00000000, 0.00000000, 0.00000000
5, 2.9499, 292, 0.24763872, 0.95608187, -0.20893449, -3.27491426, -30.06034851, -31.98353004, 2.74773455, 55.86085892, -110.75708771, 17.08146858, -36.07538605, 4.71532774, 0.93762088, -0.15369061, 0.30014038, -0.08462867, 0.00523394, 0.04829265, -0.00800362, 0.00000000, 0.00000000, 0.00000000, 0.00000000
4, 3.1700, 314, 0.18349180, 0.96856570, -0.18854435, -0.48377806, -5.16604042, -8.35012817, -21.48494530, 1.43232965, -82.08126068, -9.43975163, 13.41030884, -14.64546204, 1.00000000, 0.00000000, 0.00000000, 0.00000000, -0.01843135, 0.00890380, 0.00061962, 101.51400757, -15.72152328, 39.71999741, 0.00000000
5, 2.9599, 293, 0.24642895, 0.95748556, -0.20477195, -3.28170681, -26.82717705, -33.18578720, 1.87079799, 56.06547546, -110.87401581, 17.21814728, -36.43123245, 4.84519815, 0.93636692, -0.15512764, 0.30278504, -0.08644997, 0.00237796, 0.04342407, -0.00385825, 0.00000000, 0.00000000, 0.00000000, 0.00000000
5, 2.9699, 294, 0.25115916, 0.96367574, -0.20235662, -3.53728104, -23.59747314, -34.33237839, 1.25694239, 56.41625214, -110.75708771, 17.34321022, -36.79566574, 4.94924879, 0.93511164, -0.15640265, 0.30553713, -0.08804258, -0.00052800, 0.04090150, 0.00789064, 0.00000000, 0.00000000, 0.00000000, 0.00000000
2, 2.9200, 288, 0.10584354, 0.99689722, -0.18267402, 17.63437271, -99.21216583, -53.00645447, 37.97135162, 46.15609360, 42.96989059, 49.02389526, -8.47250271, 30.65737534, 0.86700720, -0.41679814, -0.04455642, -0.26943043, -0.08951975, 0.08291711, -0.05996244, 0.00000000, 0.00000000, 0.00000000, 0.00000000
2, 2.9300, 289, 0.08478038, 0.99357700, -0.16912670, 18.74276161, -103.40282440, -55.06022263, 37.97135162, 46.15609360, 42.96989059, 49.36283875, -9.03749847, 31.59375381, 0.86265320, -0.42004102, -0.04443732, -0.27824518, -0.07692613, 0.06820381, -0.05340434, 0.00000000, 0.00000000, 0.00000000, 0.00000000
2, 2.9400, 290, 0.06501143, 0.99818301, -0.15837088, 19.20317841, -103.45579529, -56.00959778, 37.29903412, 46.36071396, 41.56679153, 49.69940186, -9.61629963, 32.52692413, 0.85817224, -0.42330402, -0.04426032, -0.28704566, -0.06488497, 0.06117266, -0.04281939, 0.00000000, 0.00000000, 0.00000000, 0.00000000
4, 3.1800, 315, 0.17508781, 0.96832961, -0.18513924, -0.04730516, -6.58503723, -8.00152493, -21.30955887, 1.54925454, -81.90587616, -9.43070412, 13.31973553, -14.59378719, 1.00000000, 0.00000000, 0.00000000, 0.00000000, -0.01149693, 0.00573036, -0.00054878, 101.51400757, -15.72152328, 39.71999741, 0.00000000
4, 3.1900, 316, 0.16703005, 0.96781290, -0.17908399, 0.45644310, -7.53804445, -7.66330528, -21.45571518, 0.32154340, -82.16895294, -9.45060825, 13.26386642, -14.55540657, 1.00000000, 0.00000000, 0.00000000, 0.00000000, -0.00465959, 0.00018680, -0.00285261, 101.51400757, -15.72152328, 39.71999741, 0.00000000
2, 2.9500, 291, 0.04186162, 1.00294054, -0.15269326, 20.14250183, -99.79769135, -55.74940872, 37.12364578, 46.97456741, 40.66062546, 50.70955658, -9.64564037, 33.25337982, 0.85252321, -0.43060434, -0.04929583, -0.29215419, -0.04820514, 0.05584377, -0.03443056, 0.00000000, 0.00000000, 0.00000000, 0.00000000
2, 2.9600, 292, 0.02907120, 1.00410593, -0.14795893, 20.87558365, -92.99073792, -55.10034943, 36.48056030, 47.06226349, 40.66062546, 51.05111313, -10.22401619, 34.06864166, 0.84812510, -0.43392476, -0.04885307, -0.30001080, -0.03766163, 0.04442010, -0.02234383, 0.00000000, 0.00000000, 0.00000000, 0.00000000
2, 2.9700, 293, 0.01913919, 1.00460589, -0.14488269, 21.54620361, -83.30004883, -53.82239151, 35.80824280, 47.06226349, 40.04676819, 51.38809967, -10.78386497, 34.78616714, 0.84393609, -0.43722260, -0.04822528, -0.30705500, -0.03715597, 0.04028910, -0.01693698, 0.00000000, 0.00000000, 0.00000000, 0.00000000
2, 2.9800, 294, 0.01079307, 1.00874567, -0.14448397, 21.75586700, -72.19691467, -52.27813339, 35.80824280, 47.06226349, 40.04676819, 51.71745300, -11.32090473, 35.39308548, 0.84003317, -0.44046852, -0.04737651, -0.31318870, -0.03761038, 0.04076258, -0.01049368, 0.00000000, 0.00000000, 0.00000000, 0.00000000
4, 3.2000, 317, 0.15595521, 0.96624595, -0.17209987, 0.83006346, -7.73210716, -7.34333134, -21.42648315, 0.20461853, -82.40280151, -9.43078136, 13.17780399, -14.49036407, 1.00000000, 0.00000000, 0.00000000, 0.00000000, 0.00559341, -0.00567615, -0.00613590, 101.51400757, -15.72152328, 39.71999741, 0.00000000
2, 2.9900, 295, 0.00921729, 1.00785661, -0.14158165, 21.96725082, -60.49234009, -50.63943100, 35.60362244, 47.50072861, 39.49137497, 52.04133987, -11.83226585, 35.88349533, 0.83645278, -0.44367173, -0.04629980, -0.31836876, -0.04462023, 0.03601847, -0.00407314, 0.00000000, 0.00000000, 0.00000000, 0.00000000
4, 3.2100, 318, 0.14984046, 0.96566200, -0.16549470, 1.18370938, -7.68978405, -6.70452070, -21.45571518, 1.37386727, -82.40280151, -9.40741062, 13.09811974, -14.42437553, 1.00000000, 0.00000000, 0.00000000, 0.00000000, 0.01048837, -0.01201426, -0.00887504, 101.51400757, -15.72152328, 39.71999741, 0.00000000
2, 3.0000, 296, 0.01247702, 1.01147175, -0.13886955, 21.22563934, -44.85223770, -47.98280716, 35.19438553, 48.23151016, 38.99444580, 52.47461319, -11.60493660, 36.12654877, 0.83453572, -0.44626570, -0.05016153, -0.31918818, -0.05191762, 0.03387081, 0.00647099, 0.00000000, 0.00000000, 0.00000000, 0.00000000
2, 3.0100, 297, 0.01628239, 1.01521850, -0.13700627, 20.62141418, -32.18085480, -45.24030685, 35.39900589, 48.20227814, 38.87752151, 52.77602005, -12.03867149, 36.33972168, 0.83191049, -0.44925064, -0.04857658, -0.32208586, -0.05320817, 0.03080476, 0.01653431, 0.00000000, 0.00000000, 0.00000000, 0.00000000
2, 3.0200, 298, 0.02322264, 1.01826441, -0.13007246, 19.45830154, -21.33002472, -42.58314514, 34.60976410, 48.34843445, 38.61444092, 53.06097412, -12.43652439, 36.44922638, 0.82968599, -0.45207950, -0.04682323, -0.32411888, -0.06503733, 0.02618268, 0.03003469, 0.00000000, 0.00000000, 0.00000000, 0.00000000
5, 2.9799, 295, 0.24982651, 0.97270894, -0.20199110, -3.16380239, -20.80901337, -35.00676727, 1.25694239, 56.41625214, -110.75708771, 17.46472931, -37.16299820, 5.02613401, 0.93386179, -0.15757671, 0.30834666, -0.08941087, 0.00233586, 0.04078113, 0.01649669, 0.00000000, 0.00000000, 0.00000000, 0.00000000
4, 3.2200, 319, 0.14430211, 0.96497452, -0.16233687, 1.23469138, -7.51103973, -6.00436878, -21.45571518, 1.37386727, -82.40280151, -9.38380241, 13.02562237, -14.35891533, 1.00000000, 0.00000000, 0.00000000, 0.00000000, 0.01485557, -0.01508977, -0.01055857, 101.51400757, -15.72152328, 39.71999741, 0.00000000
4, 3.2300, 320, 0.14119621, 0.96275157, -0.16029504, 1.37514663, -7.41664934, -5.41237736, -20.81262779, 1.81233561, -82.66588593, -9.35892773, 12.95910549, -14.29326725, 1.00000000, 0.00000000, 0.00000000, 0.00000000, 0.01697474, -0.01663134, -0.01345531, 101.51400757, -15.72152328, 39.71999741, 0.00000000
4, 3.2400, 321, 0.13789023, 0.96415985, -0.16317707, 1.35795987, -7.56291866, -4.89119244, -21.07570839, 2.01695418, -82.49050140, -9.51049137, 12.71821976, -14.27355289, 1.00000000, 0.00000000, 0.00000000, 0.00000000, 0.01827410, -0.01400050, -0.01128995, 101.51400757, -15.72152328, 39.71999741, 0.00000000
4, 3.2500, 322, 0.13508281, 0.96717942, -0.16368890, 1.67766213, -7.69061661, -4.41180325, -21.22186470, 1.54925454, -82.16895294, -9.48226357, 12.66122913, -14.20303535, 1.00000000, 0.00000000, 0.00000000, 0.00000000, 0.01757995, -0.01264650, -0.00852944, 101.51400757, -15.72152328, 39.71999741, 0.00000000
2, 3.0300, 299, 0.03500154, 1.01875746, -0.13053292, 17.73551178, -12.22666168, -40.20270538, 34.60976410, 48.34843445, 38.61444092, 53.32542419, -12.80362988, 36.47309494, 0.82782692, -0.45472354, -0.04491356, -0.32544118, -0.08281469, 0.02520383, 0.03778880, 0.00000000, 0.00000000, 0.00000000, 0.00000000
2, 3.0400, 300, 0.05387836, 1.01915801, -0.12720133, 15.46947861, -6.39567327, -37.75010300, 34.11283112, 47.41303635, 39.08213806, 53.56378937, -13.14410782, 36.44519424, 0.82625788, -0.45713609, -0.04292862, -0.32631555, -0.10626334, 0.02167067, 0.04957380, 0.00000000, 0.00000000, 0.00000000, 0.00000000
2, 3.0500, 301, 0.06308161, 1.02563739, -0.12161690, 13.03621387, -2.90220523, -35.56792068, 34.08359909, 48.31920624, 38.49751663, 53.29624557, -12.08057022, 36.34668350, 0.82975936, -0.45310462, -0.04975165, -0.32205662, -0.11251119, 0.02117907, 0.06162367, 0.00000000, 0.00000000, 0.00000000, 0.00000000
2, 3.0600, 302, 0.06912073, 1.03680158, -0.11722094, 11.27731419, -1.06110871, -33.81447220, 33.64513397, 47.58842468, 38.29289627, 53.48451233, -12.38485622, 36.27982712, 0.82859153, -0.45510969, -0.04773524, -0.32254109, -0.10299081, 0.02523542, 0.06998498, 0.00000000, 0.00000000, 0.00000000, 0.00000000
5, 2.9899, 296, 0.24785338, 0.97505116, -0.20169522, -2.17806172, -18.64298248, -35.65120316, 1.75387311, 55.07161713, -111.10786438, 18.00432014, -37.32366943, 4.82814503, 0.93281436, -0.16142534, 0.30951580, -0.08943858, 0.00100876, 0.03866329, 0.02050520, 0.00000000, 0.00000000, 0.00000000, 0.00000000
4, 3.2600, 323, 0.13036196, 0.96757060, -0.16576214, 1.87322688, -7.77969694, -4.20823526, -21.22186470, 1.54925454, -82.16895294, -9.45195675, 12.60607243, -14.13116264, 1.00000000, 0.00000000, 0.00000000, 0.00000000, 0.02126651, -0.01129141, -0.00742641, 101.51400757, -15.72152328, 39.71999741, 0.00000000
4, 3.2700, 324, 0.12542404, 0.97118682, -0.16767108, 2.35219026, -7.83529663, -3.90544462, -21.66033363, 2.28003502, -82.57819366, -9.41672993, 12.55380630, -14.05787754, 1.00000000, 0.00000000, 0.00000000, 0.00000000, 0.02499730, -0.01124599, -0.00333788, 101.51400757, -15.72152328, 39.71999741, 0.00000000
4, 3.2800, 325, 0.12034290, 0.97286379, -0.16591521, 2.75563717, -7.30370378, -3.66010809, -21.77725792, 1.81233561, -82.81204224, -9.37828636, 12.50491142, -13.98925972, 1.00000000, 0.00000000, 0.00000000, 0.00000000, 0.02914380, -0.01406190, -0.00229479, 101.51400757, -15.72152328, 39.71999741, 0.00000000
2, 3.0700, 303, 0.07401963, 1.04043376, -0.11633361, 10.17687511, -0.42855868, -32.27461243, 33.44051361, 48.69921112, 37.73750305, 53.65902710, -12.67555332, 36.21015930, 0.82750487, -0.45698079, -0.04577128, -0.32296962, -0.11189508, 0.02622630, 0.07750466, 0.00000000, 0.00000000, 0.00000000, 0.00000000
4, 3.2900, 326, 0.11701361, 0.97505260, -0.16582845, 3.23118567, -6.92823744, -3.34937286, -21.54340744, 1.90002918, -83.16281891, -9.51325226, 12.10611343, -13.94433117, 1.00000000, 0.00000000, 0.00000000, 0.00000000, 0.03001988, -0.01474855, -0.00052635, 101.51400757, -15.72152328, 39.71999741, 0.00000000
2, 3.0800, 304, 0.07888094, 1.04399657, -0.11053604, 10.08198261, -0.08214274, -29.89255714, 33.44051361, 48.69921112, 37.73750305, 53.82781982, -12.94274998, 36.14051819, 0.82648098, -0.45875615, -0.04396770, -0.32332450, -0.11952329, 0.02371713, 0.08814142, 0.00000000, 0.00000000, 0.00000000, 0.00000000
2, 3.0900, 305, 0.07896143, 1.04857254, -0.10961611, 10.66832829, 0.13024637, -27.18735504, 32.76819611, 49.19614029, 38.08827972, 53.99684525, -13.18204212, 36.07193375, 0.82550400, -0.46047109, -0.04237811, -0.32359496, -0.12280930, 0.02537393, 0.09481215, 0.00000000, 0.00000000, 0.00000000, 0.00000000
2, 3.1000, 306, 0.08115806, 1.04553449, -0.10767079, 11.91746521, -0.04978386, -24.16184998, 32.68050385, 49.25460434, 38.67290115, 53.38256454, -11.88310337, 36.01000214, 0.83075112, -0.45347804, -0.05014211, -0.31889835, -0.12245372, 0.02166317, 0.09395654, 0.00000000, 0.00000000, 0.00000000, 0.00000000
4, 3.3000, 327, 0.11775566, 0.97728699, -0.16445631, 3.26034164, -6.21280193, -2.77854896, -20.84185982, 1.37386727, -83.19204712, -9.47167301, 12.06801605, -13.88472939, 1.00000000, 0.00000000, 0.00000000, 0.00000000, 0.02394529, -0.01507730, 0.00018923, 101.51400757, -15.72152328, 39.71999741, 0.00000000
5, 2.9999, 297, 0.24627282, 0.97659194, -0.19831847, -1.18300438, -17.22784042, -36.20849991, 1.95849168, 55.51008606, -111.78018188, 18.14316368, -37.69439316, 4.85017872, 0.93155414, -0.16257909, 0.31240523, -0.09043196, 0.00044385, 0.03026354, 0.02439305, 0.00000000, 0.00000000, 0.00000000, 0.00000000
2, 3.1100, 307, 0.08095992, 1.03996205, -0.09435730, 12.93463326, -1.06556594, -20.65431786, 32.62203979, 47.41303635, 38.46828461, 53.55764389, -12.05646992, 35.96326447, 0.82984406, -0.45511451, -0.04914416, -0.31908408, -0.10477532, 0.00953636, 0.09119980, 0.00000000, 0.00000000, 0.00000000, 0.00000000
2, 3.1200, 308, 0.07588594, 1.03754711, -0.08176469, 13.11350632, -1.82407916, -16.71525764, 32.62203979, 47.41303635, 37.97135162, 53.72576141, -12.19229031, 35.93022919, 0.82899684, -0.45661619, -0.04846306, -0.31924474, -0.10054171, -0.00244607, 0.09936478, 0.00000000, 0.00000000, 0.00000000, 0.00000000
2, 3.1300, 309, 0.07167734, 1.04170620, -0.07137676, 13.02632427, -1.98133218, -12.55651474, 33.20666504, 49.54691696, 37.97135162, 53.88374329, -12.28825569, 35.90605545, 0.82824188, -0.45795929, -0.04808795, -0.31933725, -0.09563283, -0.00824795, 0.11057264, 0.00000000, 0.00000000, 0.00000000, 0.00000000
2, 3.1400, 310, 0.06938834, 1.04496562, -0.06731571, 12.75665760, -2.03425074, -9.16358852, 33.08974075, 49.60537720, 38.26366425, 54.03137589, -12.35204601, 35.88881683, 0.82757109, -0.45915943, -0.04795283, -0.31937331, -0.09333208, -0.01015149, 0.11718459, 0.00000000, 0.00000000, 0.00000000, 0.00000000
2, 3.1500, 311, 0.06712878, 1.03583741, -0.06138651, 12.61138058, -1.84099591, -6.04874229, 32.73896408, 49.57614517, 38.46828461, 53.01088333, -11.34200764, 35.88791275, 0.83360970, -0.44974083, -0.05269234, -0.31630966, -0.08809617, -0.01988979, 0.11183878, 0.00000000, 0.00000000, 0.00000000, 0.00000000
2, 3.1600, 312, 0.06360398, 1.03266072, -0.05608736, 11.96301174, -1.63376534, -3.36524653, 32.91435242, 49.54691696, 38.05904770, 53.13737488, -11.35108948, 35.87884521, 0.83312023, -0.45068327, -0.05293757, -0.31621671, -0.07124658, -0.02062162, 0.10050245, 0.00000000, 0.00000000, 0.00000000, 0.00000000
2, 3.1700, 313, 0.06177442, 1.02889752, -0.05322894, 10.77825832, -1.21438825, -0.69094777, 32.91435242, 49.54691696, 38.05904770, 53.24615860, -11.33626556, 35.87208557, 0.83273923, -0.45144710, -0.05332237, -0.31606582, -0.06957585, -0.02650924, 0.10093963, 0.00000000, 0.00000000, 0.00000000, 0.00000000
4, 3.3100, 328, 0.12000871, 0.98054975, -0.16252020, 3.62575006, -5.41120863, -2.16102409, -20.84185982, 1.37386727, -83.19204712, -9.42750549, 12.03743839, -13.83183002, 1.00000000, 0.00000000, 0.00000000, 0.00000000, 0.02095932, -0.01871004, 0.00219949, 101.51400757, -15.72152328, 39.71999741, 0.00000000
4, 3.3200, 329, 0.12503454, 0.98193645, -0.16127725, 3.56668091, -4.76632881, -1.50234592, -21.39725113, 1.75387311, -83.33820343, -9.38476753, 12.01445675, -13.78425598, 1.00000000, 0.00000000, 0.00000000, 0.00000000, 0.01544034, -0.02106227, 0.00251694, 101.51400757, -15.72152328, 39.71999741, 0.00000000
4, 3.3300, 330, 0.12755901, 0.98219454, -0.16218652, 3.61505938, -4.27942705, -0.65691507, -21.83572006, 1.95849168, -83.16281891, -9.34214973, 12.00063896, -13.74000263, 1.00000000, 0.00000000, 0.00000000, 0.00000000, 0.01258883, -0.02100777, 0.00270915, 101.51400757, -15.72152328, 39.71999741, 0.00000000
4, 3.3400, 331, 0.13257527, 0.98080766, -0.16509765, 3.50686240, -4.19085455, 0.27185225, -21.48494530, 1.84156680, -83.77667236, -9.49419975, 11.92695236, -13.75433922, 1.00000000, 0.00000000, 0.00000000, 0.00000000, 0.00717851, -0.01766729, 0.00197226, 101.51400757, -15.72152328, 39.71999741, 0.00000000
4, 3.3500, 332, 0.13540383, 0.97890145, -0.16798717, 3.38378811, -4.44524193, 1.07252932, -21.16340256, 1.69541073, -83.01666260, -9.45350456, 11.92990494, -13.70541096, 1.00000000, 0.00000000, 0.00000000, 0.00000000, 0.00353221, -0.01252763, 0.00106667, 101.51400757, -15.72152328, 39.71999741, 0.00000000
2, 3.1800, 314, 0.05830426, 1.02957022, -0.05187166, 8.78801537, -0.68157446, 1.87102807, 32.88512039, 49.69307327, 37.70827103, 53.32948303, -11.30019379, 35.86771774, 0.83249247, -0.45198160, -0.05380558, -0.31587005, -0.06535249, -0.02803542, 0.10260047, 0.00000000, 0.00000000, 0.00000000, 0.00000000
4, 3.3600, 333, 0.13536511, 0.97778910, -0.17117389, 3.05105591, -5.09614754, 1.83556890, -21.16340256, 1.69541073, -83.01666260, -9.41512203, 11.93912315, -13.64878654, 1.00000000, 0.00000000, 0.00000000, 0.00000000, 0.00368845, -0.00980949, 0.00101821, 101.51400757, -15.72152328, 39.71999741, 0.00000000
5, 3.0099, 298, 0.24797843, 0.98091912, -0.19805616, -0.28453249, -16.63374138, -36.69650650, 0.90616781, 56.70856476, -111.45863342, 18.29268646, -38.06694412, 4.85638762, 0.93027461, -0.16377243, 0.31531850, -0.09133422, -0.00228780, 0.02968761, 0.03278328, 0.00000000, 0.00000000, 0.00000000, 0.00000000
5, 3.0199, 299, 0.24933706, 0.98430860, -0.19690008, 0.68381357, -15.82442665, -36.68954468, 0.99386144, 56.67933273, -111.16632080, 18.45199203, -38.43611145, 4.84589481, 0.92899293, -0.16499461, 0.31821513, -0.09213083, -0.00545432, 0.02803105, 0.04044122, 0.00000000, 0.00000000, 0.00000000, 0.00000000
5, 3.0299, 300, 0.24767040, 0.98704493, -0.19520026, 1.74060249, -14.82173729, -35.99557877, 1.16924870, 56.62086868, -111.31247711, 18.61995506, -38.79473877, 4.81851721, 0.92773187, -0.16623539, 0.32103866, -0.09280974, -0.00712736, 0.02567416, 0.04531334, 0.00000000, 0.00000000, 0.00000000, 0.00000000
5, 3.0399, 301, 0.24535592, 0.98432672, -0.19196616, 2.82631087, -13.18352127, -34.91878891, 1.16924870, 56.62086868, -111.31247711, 18.84741020, -38.67381668, 4.69267464, 0.92785370, -0.16774110, 0.32005456, -0.09227955, -0.01083949, 0.02065197, 0.04521604, 0.00000000, 0.00000000, 0.00000000, 0.00000000
2, 3.1900, 315, 0.05738885, 1.02549720, -0.04908210, 6.49015999, -0.63534129, 3.94121456, 32.65127182, 49.37152863, 38.38058853, 53.38534546, -11.24898243, 35.87026978, 0.83236390, -0.45228261, -0.05435377, -0.31568435, -0.06394777, -0.03367777, 0.10224909, 0.00000000, 0.00000000, 0.00000000, 0.00000000
5, 3.0499, 302, 0.24597998, 0.98056662, -0.18712224, 3.97038174, -10.30990505, -33.04214096, 0.58462435, 57.38088226, -111.86787415, 19.02215958, -38.99280167, 4.61629581, 0.92672902, -0.16889408, 0.32261947, -0.09254592, -0.01361577, 0.01269026, 0.04440393, 0.00000000, 0.00000000, 0.00000000, 0.00000000
4, 3.3700, 334, 0.13443278, 0.97731322, -0.17420055, 2.89809752, -5.99976158, 2.24114227, -20.98801422, 1.37386727, -83.04589081, -9.37693596, 11.95063400, -13.58246136, 1.00000000, 0.00000000, 0.00000000, 0.00000000, 0.00476517, -0.00745723, 0.00159028, 101.51400757, -15.72152328, 39.71999741, 0.00000000
4, 3.3800, 335, 0.13313864, 0.97266614, -0.17508648, 2.42455482, -6.69250154, 2.36080885, -20.69570351, 0.78924292, -83.13358307, -9.34252834, 11.96197605, -13.50927734, 1.00000000, 0.00000000, 0.00000000, 0.00000000, 0.00653467, -0.00565433, -0.00244000, 101.51400757, -15.72152328, 39.71999741, 0.00000000
2, 3.2000, 316, 0.05736571, 1.02025223, -0.05031583, 4.99959183, -0.34506771, 6.33764791, 32.62203979, 49.25460434, 38.00058365, 52.32734299, -10.46637535, 35.87007523, 0.83797961, -0.44297042, -0.05732954, -0.31349766, -0.06102095, -0.03472147, 0.09417947, 0.00000000, 0.00000000, 0.00000000, 0.00000000
4, 3.3900, 336, 0.13196534, 0.96757668, -0.17698465, 2.05545497, -7.16388035, 2.67421937, -21.83572006, 1.69541073, -83.60128784, -9.36271286, 11.87364006, -13.43918419, 1.00000000, 0.00000000, 0.00000000, 0.00000000, 0.00777103, -0.00247636, -0.00659610, 101.51400757, -15.72152328, 39.71999741, 0.00000000
5, 3.0599, 303, 0.24689163, 0.97842729, -0.18133597, 4.47051668, -8.57635403, -31.06179237, 0.87693655, 57.38088226, -111.78018188, 19.19327736, -39.28920746, 4.52725077, 0.92567813, -0.16997771, 0.32502005, -0.09267987, -0.01962406, 0.00562766, 0.04804424, 0.00000000, 0.00000000, 0.00000000, 0.00000000
5, 3.0699, 304, 0.24293560, 0.98175228, -0.17493948, 4.94226122, -7.40381384, -28.93671799, 0.64308679, 57.70242691, -112.13095093, 19.36167908, -39.56239700, 4.43081331, 0.92469877, -0.17101482, 0.32724351, -0.09272504, -0.01798573, -0.00161200, 0.05093269, 0.00000000, 0.00000000, 0.00000000, 0.00000000
5, 3.0799, 305, 0.24265285, 0.98338711, -0.16743439, 5.36118841, -6.20444775, -26.49486160, 0.20461853, 57.61473083, -112.51096344, 19.52558708, -39.80938721, 4.32862949, 0.92380238, -0.17199703, 0.32926539, -0.09268495, -0.01950109, -0.01011705, 0.05550853, 0.00000000, 0.00000000, 0.00000000, 0.00000000
4, 3.4000, 337, 0.12765278, 0.96653146, -0.17648393, 1.68543684, -7.55263758, 3.21600318, -21.83572006, 1.69541073, -83.60128784, -9.33455086, 11.89172840, -13.35633469, 1.00000000, 0.00000000, 0.00000000, 0.00000000, 0.01112858, -0.00239910, -0.00763366, 101.51400757, -15.72152328, 39.71999741, 0.00000000
4, 3.4100, 338, 0.12842208, 0.96243930, -0.17775716, 1.47641933, -8.09400177, 3.61194587, -21.80648994, 1.63694823, -82.92897034, -9.30764961, 11.91266155, -13.26746464, 1.00000000, 0.00000000, 0.00000000, 0.00000000, 0.01093996, -0.00028522, -0.01110246, 101.51400757, -15.72152328, 39.71999741, 0.00000000
4, 3.4200, 339, 0.13440970, 0.96194106, -0.17449462, 1.07442403, -8.89334869, 3.93752384, -21.66033363, 1.81233561, -82.92897034, -9.28360081, 11.93525124, -13.17024231, 1.00000000, 0.00000000, 0.00000000, 0.00000000, 0.00545718, -0.00362672, -0.01308005, 101.51400757, -15.72152328, 39.71999741, 0.00000000
2, 3.2100, 317, 0.05576733, 1.01201558, -0.04710362, 3.66968226, -0.62884820, 8.90036201, 32.68050385, 48.93305969, 37.82519531, 52.34467697, -10.37296104, 35.88400650, 0.83804804, -0.44289681, -0.05813403, -0.31327066, -0.04984638, -0.03615693, 0.07814866, 0.00000000, 0.00000000, 0.00000000, 0.00000000
5, 3.0899, 306, 0.24176414, 0.98569930, -0.15809152, 5.74403191, -4.87533712, -23.66388130, 0.20461853, 57.61473083, -112.51096344, 19.08186722, -39.51638031, 4.51047754, 0.92518574, -0.16899182, 0.32697830, -0.09251150, -0.01788664, -0.01897438, 0.05777564, 0.00000000, 0.00000000, 0.00000000, 0.00000000
5, 3.0999, 307, 0.24284519, 0.98453391, -0.15228651, 6.27132845, -3.68836451, -20.66286850, -0.61385560, 57.99473953, -112.16018677, 19.23103142, -39.70246506, 4.40287018, 0.92449993, -0.16985498, 0.32852605, -0.09230258, -0.01662058, -0.02176875, 0.05493820, 0.00000000, 0.00000000, 0.00000000, 0.00000000
5, 3.1099, 308, 0.24981041, 0.98709989, -0.14982882, 6.34180069, -3.00565052, -17.86084175, -1.02309263, 57.99473953, -112.36480713, 19.37150192, -39.86048889, 4.29866886, 0.92390466, -0.17065851, 0.32984835, -0.09206539, -0.02091793, -0.02521608, 0.06453966, 0.00000000, 0.00000000, 0.00000000, 0.00000000
5, 3.1199, 309, 0.25355616, 0.98992169, -0.14680874, 6.43512774, -2.85105491, -15.54490185, -0.67231804, 57.99473953, -112.30634308, 19.50630569, -39.99573135, 4.20027590, 0.92337847, -0.17143393, 0.33098218, -0.09183343, -0.02269846, -0.02919129, 0.07149786, 0.00000000, 0.00000000, 0.00000000, 0.00000000
5, 3.1299, 310, 0.25179026, 0.99078405, -0.14557092, 6.55283070, -3.25240779, -13.27757454, 0.46769950, 57.61473083, -111.98480225, 19.63733482, -40.10932541, 4.11178970, 0.92291284, -0.17220914, 0.33192927, -0.09164566, -0.02248724, -0.03156558, 0.07255571, 0.00000000, 0.00000000, 0.00000000, 0.00000000
2, 3.2200, 318, 0.04855163, 1.01024246, -0.04874157, 2.27041674, -0.12131563, 11.57801247, 32.68050385, 48.93305969, 37.82519531, 52.34232712, -10.25595188, 35.89941788, 0.83823150, -0.44262898, -0.05906793, -0.31298324, -0.04168659, -0.03655083, 0.07375355, 0.00000000, 0.00000000, 0.00000000, 0.00000000
4, 3.4300, 340, 0.14135744, 0.96490961, -0.16871502, 0.65784228, -10.06986618, 4.11693048, -21.33878899, 1.31540489, -82.69511414, -9.26202202, 11.95736790, -13.06116390, 1.00000000, 0.00000000, 0.00000000, 0.00000000, -0.00115120, -0.01046647, -0.01271322, 101.51400757, -15.72152328, 39.71999741, 0.00000000
4, 3.4400, 341, 0.14179191, 0.96959990, -0.16660929, -0.14764099, -11.49806690, 4.89337921, -21.39725113, 2.01695418, -83.51358795, -9.40550804, 12.00866890, -12.98722363, 1.00000000, 0.00000000, 0.00000000, 0.00000000, -0.00131467, -0.01369025, -0.00888204, 101.51400757, -15.72152328, 39.71999741, 0.00000000
2, 3.2300, 319, 0.04715244, 1.01073086, -0.04812244, 1.15656936, -0.41306898, 14.41794491, 33.32358932, 49.16690826, 38.26366425, 52.32287216, -10.11408138, 35.92395020, 0.83850110, -0.44217879, -0.06017735, -0.31268591, -0.03785564, -0.03684268, 0.07370970, 0.00000000, 0.00000000, 0.00000000, 0.00000000
5, 3.1399, 311, 0.24805520, 0.98935497, -0.14346078, 6.47844267, -3.99817038, -11.24385166, 0.46769950, 57.61473083, -111.98480225, 18.98837471, -39.64793777, 4.42839813, 0.92499912, -0.16797967, 0.32824120, -0.09174510, -0.02070669, -0.03308728, 0.06815392, 0.00000000, 0.00000000, 0.00000000, 0.00000000
2, 3.2400, 320, 0.04304982, 1.00986624, -0.05030345, -0.69222534, -0.58753985, 16.93510246, 33.11896896, 48.81613541, 38.20520401, 52.27979279, -9.95188332, 35.95707321, 0.83887434, -0.44150737, -0.06140834, -0.31239435, -0.03180230, -0.03591125, 0.06979168, 0.00000000, 0.00000000, 0.00000000, 0.00000000
4, 3.4500, 342, 0.13715491, 0.96607983, -0.16116995, -0.20758986, -13.01187515, 5.72205019, -21.39725113, 2.01695418, -83.51358795, -9.38809776, 12.04138374, -12.84630394, 1.00000000, 0.00000000, 0.00000000, 0.00000000, 0.00449955, -0.01590008, -0.01324056, 101.51400757, -15.72152328, 39.71999741, 0.00000000
4, 3.4600, 343, 0.13116401, 0.96549302, -0.15435119, -0.93014687, -13.71595764, 6.52739000, -21.13417053, 1.05232382, -83.19204712, -9.37678337, 12.08061981, -12.69732189, 1.00000000, 0.00000000, 0.00000000, 0.00000000, 0.01130208, -0.02238104, -0.01558615, 101.51400757, -15.72152328, 39.71999741, 0.00000000
4, 3.4700, 344, 0.12544318, 0.96357834, -0.15053871, -1.85047185, -14.05535316, 7.15169144, -21.42648315, 0.26308095, -83.25051117, -9.37410259, 12.12526035, -12.54440022, 1.00000000, 0.00000000, 0.00000000, 0.00000000, 0.01795077, -0.02544056, -0.01813542, 101.51400757, -15.72152328, 39.71999741, 0.00000000
4, 3.4800, 345, 0.11959989, 0.96147710, -0.14645429, -2.66674590, -14.12138271, 7.95324659, -21.25109673, 0.70154923, -83.77667236, -9.37932968, 12.17757320, -12.38988495, 1.00000000, 0.00000000, 0.00000000, 0.00000000, 0.02485672, -0.02857008, -0.02089697, 101.51400757, -15.72152328, 39.71999741, 0.00000000
2, 3.2500, 321, 0.04150335, 1.01129532, -0.05555040, -2.88438654, -0.95260596, 18.84200668, 32.85588837, 49.31306458, 37.73750305, 51.44912338, -9.47712517, 35.96627045, 0.84288138, -0.43440670, -0.06276152, -0.31129220, -0.02681005, -0.02908689, 0.06298052, 0.00000000, 0.00000000, 0.00000000, 0.00000000
2, 3.2600, 322, 0.04159047, 1.01448774, -0.06495951, -5.93593502, -1.42895055, 20.68695068, 32.85588837, 48.87459564, 37.88365936, 51.34726334, -9.28976727, 36.01913452, 0.84345639, -0.43322945, -0.06409945, -0.31110269, -0.02102891, -0.01404293, 0.04918578, 0.00000000, 0.00000000, 0.00000000, 0.00000000
2, 3.2700, 323, 0.03528734, 1.01759934, -0.07052636, -7.89677286, -1.58180261, 22.24431229, 32.85588837, 48.87459564, 37.88365936, 51.22299576, -9.09140015, 36.07855988, 0.84411412, -0.43185654, -0.06548429, -0.31093916, -0.01206514, -0.00706210, 0.04397471, 0.00000000, 0.00000000, 0.00000000, 0.00000000
5, 3.1499, 312, 0.24722962, 0.98752046, -0.14337289, 5.96402168, -5.08274460, -9.03734016, -0.20461853, 58.57936096, -112.48172760, 19.10340691, -39.72527313, 4.37709761, 0.92464137, -0.16874717, 0.32885152, -0.09175717, -0.01719752, -0.02872935, 0.06082152, 0.00000000, 0.00000000, 0.00000000, 0.00000000
5, 3.1599, 313, 0.25018018, 0.98591244, -0.14098462, 5.64928389, -6.40267897, -6.38330269, 0.35077462, 56.82548904, -111.89710236, 19.21070480, -39.77954865, 4.34862900, 0.92434436, -0.16952102, 0.32924750, -0.09190362, -0.02095917, -0.03240033, 0.06345250, 0.00000000, 0.00000000, 0.00000000, 0.00000000
5, 3.1699, 314, 0.25468954, 0.98110867, -0.13896850, 5.31111097, -7.26858711, -3.78824949, -0.58462435, 57.99473953, -112.59865570, 19.30873489, -39.81091690, 4.33957815, 0.92411292, -0.17027971, 0.32943636, -0.09215191, -0.02790574, -0.03594100, 0.06508476, 0.00000000, 0.00000000, 0.00000000, 0.00000000
2, 3.2800, 324, 0.03115113, 1.01745248, -0.08015379, -9.32048798, -0.95828187, 23.54286575, 33.38205338, 48.78690338, 37.56211472, 51.08196259, -8.88262081, 36.13549423, 0.84485573, -0.43033519, -0.06689271, -0.31073454, -0.00638336, 0.00072640, 0.03410151, 0.00000000, 0.00000000, 0.00000000, 0.00000000
4, 3.4900, 346, 0.11325469, 0.95993787, -0.14556545, -3.37860513, -13.94715405, 8.84419250, -21.60187149, 1.28617358, -83.19204712, -9.75831413, 11.89841747, -12.32852840, 1.00000000, 0.00000000, 0.00000000, 0.00000000, 0.03084251, -0.02715324, -0.02200755, 101.51400757, -15.72152328, 39.71999741, 0.00000000
5, 3.1799, 315, 0.25268736, 0.97720885, -0.13697375, 4.93825245, -6.70957708, -1.07116044, -0.84770536, 57.99473953, -112.24787903, 19.39237785, -39.81655502, 4.33981752, 0.92397141, -0.17095378, 0.32941437, -0.09240144, -0.02985304, -0.03931736, 0.06178889, 0.00000000, 0.00000000, 0.00000000, 0.00000000
5, 3.1899, 316, 0.24303040, 0.97785473, -0.13528897, 4.61947060, -6.21887493, 1.60855973, -0.84770536, 57.99473953, -112.24787903, 18.67956352, -39.39558411, 4.75171471, 0.92593646, -0.16644844, 0.32597077, -0.09316537, -0.02186988, -0.03981017, 0.05290964, 0.00000000, 0.00000000, 0.00000000, 0.00000000
5, 3.1999, 317, 0.23199764, 0.97604322, -0.13559219, 4.04693317, -5.34582567, 4.23051882, -1.05232382, 57.96550751, -112.16018677, 18.73290062, -39.35099792, 4.76882505, 0.92597663, -0.16693436, 0.32554036, -0.09340113, -0.01208647, -0.03417781, 0.03718941, 0.00000000, 0.00000000, 0.00000000, 0.00000000
5, 3.2099, 318, 0.22105610, 0.97123408, -0.13753447, 3.45232105, -4.13974810, 6.75554037, -1.19848001, 57.81935120, -112.54019165, 18.76807404, -39.28227234, 4.79132605, 0.92610967, -0.16729203, 0.32492071, -0.09359917, -0.00855837, -0.03337783, 0.02505624, 0.00000000, 0.00000000, 0.00000000, 0.00000000
2, 3.2900, 325, 0.02570307, 1.01734471, -0.08340938, -10.20547581, 0.22576156, 24.99951553, 33.32358932, 49.25460434, 38.05904770, 50.92896271, -8.66024590, 36.18356323, 0.84568477, -0.42869702, -0.06833818, -0.31042904, 0.00198190, 0.00413116, 0.02801177, 0.00000000, 0.00000000, 0.00000000, 0.00000000
5, 3.2199, 319, 0.22163960, 0.96342599, -0.13860223, 2.55904317, -3.09102798, 9.92907906, -1.02309263, 58.05319977, -112.68634796, 18.78005981, -39.18414688, 4.82561636, 0.92635304, -0.16749947, 0.32406372, -0.09379072, -0.01396934, -0.03351372, 0.01989911, 0.00000000, 0.00000000, 0.00000000, 0.00000000
5, 3.2299, 320, 0.23257516, 0.95822072, -0.13971329, 1.53622150, -3.35660720, 11.93374348, -1.46156096, 57.67319489, -112.62788391, 18.77468681, -39.06970596, 4.87891817, 0.92665339, -0.16762176, 0.32306039, -0.09406713, -0.02334078, -0.03322667, 0.02423727, 0.00000000, 0.00000000, 0.00000000, 0.00000000
2, 3.3000, 326, 0.01905569, 1.01557386, -0.08110832, -10.35426331, 2.52236056, 26.51377296, 33.32358932, 48.28997421, 38.52674484, 50.58866501, -8.56767082, 36.16582108, 0.84716111, -0.42599270, -0.06805044, -0.31018928, 0.01185463, 0.00305943, 0.02352823, 0.00000000, 0.00000000, 0.00000000, 0.00000000
2, 3.3100, 327, 0.01702528, 1.01044321, -0.08099891, -9.71236038, 5.66646338, 28.36156845, 33.38205338, 48.84536743, 38.67290115, 50.43169785, -8.30646896, 36.16139603, 0.84820068, -0.42426413, -0.06958632, -0.30937594, 0.01531726, 0.00232409, 0.01536924, 0.00000000, 0.00000000, 0.00000000, 0.00000000
4, 3.5000, 347, 0.10874950, 0.96045095, -0.14763691, -3.82895589, -13.18440342, 9.63557339, -21.60187149, 1.28617358, -83.19204712, -9.77707386, 11.96982288, -12.18174744, 1.00000000, 0.00000000, 0.00000000, 0.00000000, 0.03205077, -0.02036672, -0.02036220, 101.51400757, -15.72152328, 39.71999741, 0.00000000
2, 3.3200, 328, 0.01630312, 1.01227033, -0.08011889, -8.96421909, 8.17068195, 30.25310707, 33.38205338, 48.84536743, 38.67290115, 50.27707672, -8.02323723, 36.13250732, 0.84932661, -0.42251560, -0.07120714, -0.30830923, 0.02127503, 0.00415577, 0.01451697, 0.00000000, 0.00000000, 0.00000000, 0.00000000
2, 3.3300, 329, 0.01886867, 1.01379466, -0.08071096, -7.91338205, 9.66935635, 32.26935959, 33.44051361, 48.72844315, 37.97135162, 50.12785339, -7.71704483, 36.08861923, 0.85050184, -0.42076224, -0.07296424, -0.30705389, 0.02413204, 0.00675996, 0.01338352, 0.00000000, 0.00000000, 0.00000000, 0.00000000
5, 3.2599, 321, 0.25450170, 0.98465514, -0.14236017, -0.26142085, -7.92282104, 17.26335335, -0.78924292, 58.08243179, -112.74481201, 18.13976097, -38.25850296, 5.47491693, 0.92943728, -0.16421956, 0.31612056, -0.09615746, -0.00511045, -0.02307932, 0.04659159, 0.00000000, 0.00000000, 0.00000000, 0.00000000
5, 3.2699, 322, 0.24418694, 0.98120940, -0.13771693, 0.19267154, -9.78902054, 19.00075150, -0.26308095, 57.46857452, -112.68634796, 18.12171364, -38.08611298, 5.61163330, 0.92984390, -0.16445886, 0.31453368, -0.09701668, 0.00101948, -0.02826505, 0.03474291, 0.00000000, 0.00000000, 0.00000000, 0.00000000
5, 3.2799, 323, 0.23222438, 0.97806621, -0.13373050, 0.76228106, -10.96908569, 20.49014473, -0.17538731, 57.79011917, -112.59865570, 18.11080551, -37.89926147, 5.75653124, 0.93027186, -0.16477492, 0.31281000, -0.09794641, 0.00856040, -0.03293762, 0.02163032, 0.00000000, 0.00000000, 0.00000000, 0.00000000
4, 3.5100, 348, 0.11197214, 0.96301180, -0.15205319, -4.10231686, -12.36896896, 10.38921547, -21.77725792, 1.16924870, -83.36743927, -9.79948711, 12.05008793, -12.04200649, 1.00000000, 0.00000000, 0.00000000, 0.00000000, 0.02987789, -0.01676729, -0.01635420, 101.51400757, -15.72152328, 39.71999741, 0.00000000
5, 3.2899, 324, 0.22428331, 0.97456694, -0.12836719, 1.33491409, -10.88264084, 22.18494797, -0.96463019, 58.43320465, -113.12481689, 17.51740646, -37.88385391, 6.16453266, 0.93080783, -0.16106983, 0.31261566, -0.09962283, 0.01303549, -0.03702364, 0.01128250, 0.00000000, 0.00000000, 0.00000000, 0.00000000
2, 3.3400, 330, 0.02112873, 1.01006973, -0.07780648, -7.06302404, 9.65484428, 34.18254852, 33.67436218, 47.38380432, 38.14673996, 49.98302460, -7.39056540, 36.04484558, 0.85168350, -0.41899279, -0.07489058, -0.30573124, 0.02729606, 0.00313637, 0.01096343, 0.00000000, 0.00000000, 0.00000000, 0.00000000
4, 3.5200, 349, 0.11580160, 0.96401387, -0.16036300, -4.14255714, -11.86198902, 11.04497147, -21.39725113, 0.73078048, -83.27973938, -9.82276058, 12.13774204, -11.90621948, 1.00000000, 0.00000000, 0.00000000, 0.00000000, 0.02724791, -0.00895475, -0.01250032, 101.51400757, -15.72152328, 39.71999741, 0.00000000
2, 3.3500, 331, 0.02303017, 1.00607693, -0.07314652, -6.69808817, 8.26317120, 36.20709229, 33.76205826, 47.93919754, 38.46828461, 49.74931717, -7.42555475, 35.94581985, 0.85274380, -0.41739643, -0.07364079, -0.30526292, 0.02980447, -0.00155651, 0.00931933, 0.00000000, 0.00000000, 0.00000000, 0.00000000
2, 3.3600, 332, 0.01875960, 1.00510645, -0.07211506, -7.07307386, 5.67090273, 37.45644760, 34.43437576, 48.17304993, 39.22829437, 49.60047913, -7.07025671, 35.94276810, 0.85386294, -0.41550186, -0.07593043, -0.30415583, 0.03508145, -0.00069131, 0.00528062, 0.00000000, 0.00000000, 0.00000000, 0.00000000
5, 3.2999, 325, 0.21802144, 0.97533095, -0.12754171, 1.49227965, -8.81390953, 23.86217880, -0.96463019, 58.43320465, -113.12481689, 17.50171661, -37.65925598, 6.29386139, 0.93135846, -0.16129088, 0.31061202, -0.10038322, 0.01854560, -0.03211016, 0.00414540, 0.00000000, 0.00000000, 0.00000000, 0.00000000
5, 3.3099, 326, 0.21264674, 0.97227490, -0.12916391, 1.68379366, -6.65491676, 25.41844368, -0.43846828, 53.90236664, -112.92019653, 17.47792625, -37.41687012, 6.40939713, 0.93197906, -0.16140322, 0.30848810, -0.10099155, 0.02254669, -0.03121723, -0.00453074, 0.00000000, 0.00000000, 0.00000000, 0.00000000
5, 3.3199, 327, 0.21225327, 0.96857774, -0.13221239, 1.39802158, -3.27923107, 26.90462875, -0.20461853, 57.05933762, -113.15404510, 17.43648148, -37.15721130, 6.50623083, 0.93268508, -0.16131596, 0.30626333, -0.10138324, 0.02318554, -0.02883587, -0.00994056, 0.00000000, 0.00000000, 0.00000000, 0.00000000
5, 3.3299, 328, 0.21868496, 0.96815383, -0.13442886, 0.92492169, -0.63210237, 28.20057487, 0.20461853, 57.55627060, -112.62788391, 17.37799072, -36.88332367, 6.59104538, 0.93346071, -0.16105223, 0.30395260, -0.10161856, 0.02253022, -0.02681495, -0.00811672, 0.00000000, 0.00000000, 0.00000000, 0.00000000
5, 3.3399, 329, 0.22383407, 0.96676898, -0.14012264, 0.21627931, 0.85171831, 29.26147652, -0.14615609, 56.15317154, -112.92019653, 17.09286308, -36.87464523, 6.75164986, 0.93374050, -0.15915462, 0.30391055, -0.10216141, 0.02089917, -0.02029243, -0.00777546, 0.00000000, 0.00000000, 0.00000000, 0.00000000
2, 3.3700, 333, 0.01631427, 1.00853002, -0.07526609, -8.14806175, 2.76428342, 38.39505005, 34.43437576, 48.17304993, 39.22829437, 49.44142151, -6.70997953, 35.97029877, 0.85493422, -0.41349304, -0.07834353, -0.30327088, 0.04371344, 0.00511223, 0.00231513, 0.00000000, 0.00000000, 0.00000000, 0.00000000
4, 3.5300, 350, 0.12046474, 0.96397591, -0.16828921, -4.33733416, -11.99280453, 11.65750027, -21.10494041, 1.02309263, -83.36743927, -9.84750080, 12.23123837, -11.76816082, 1.00000000, 0.00000000, 0.00000000, 0.00000000, 0.02397068, -0.00113086, -0.00978079, 101.51400757, -15.72152328, 39.71999741, 0.00000000
4, 3.5400, 351, 0.12216987, 0.96551204, -0.17570944, -4.58316183, -12.38072205, 12.16173267, -21.10494041, 1.02309263, -83.36743927, -9.78948116, 12.07748795, -11.60155201, 1.00000000, 0.00000000, 0.00000000, 0.00000000, 0.02256597, 0.00538635, -0.00581395, 101.51400757, -15.72152328, 39.71999741, 0.00000000
5, 3.3499, 330, 0.23299874, 0.96915269, -0.14654475, -0.44024575, -0.48715475, 30.39464378, -0.14615609, 56.15317154, -112.92019653, 17.01425552, -36.58214569, 6.85253096, 0.93457472, -0.15875719, 0.30144221, -0.10246480, 0.01795496, -0.01080459, -0.00117115, 0.00000000, 0.00000000, 0.00000000, 0.00000000
4, 3.5500, 352, 0.12661940, 0.96925783, -0.18206102, -4.47377396, -12.79899693, 12.44838810, -21.28032684, 1.22771120, -83.68898010, -9.81444645, 12.17726898, -11.45407009, 1.00000000, 0.00000000, 0.00000000, 0.00000000, 0.01620473, 0.00951860, -0.00089746, 101.51400757, -15.72152328, 39.71999741, 0.00000000
2, 3.3800, 334, 0.01635265, 1.01075959, -0.08147655, -9.96010208, -0.36379269, 38.72727585, 34.58053207, 48.08535385, 38.70213318, 49.26662064, -6.35209751, 36.03111267, 0.85595864, -0.41134107, -0.08081782, -0.30265814, 0.04916878, 0.01245480, -0.00302598, 0.00000000, 0.00000000, 0.00000000, 0.00000000
4, 3.5600, 353, 0.13231704, 0.97343999, -0.18254961, -4.46597815, -13.80100632, 12.55207062, -21.45571518, -0.08769365, -84.01052094, -9.83759689, 12.27640438, -11.29630375, 1.00000000, 0.00000000, 0.00000000, 0.00000000, 0.01193395, 0.00890150, 0.00322753, 101.51400757, -15.72152328, 39.71999741, 0.00000000
4, 3.5700, 354, 0.13422570, 0.97657901, -0.18265897, -4.98684835, -15.21584892, 12.51996899, -21.16340256, 0.08769365, -83.95205688, -9.86364555, 12.37276840, -11.12471962, 1.00000000, 0.00000000, 0.00000000, 0.00000000, 0.01148666, 0.00829035, 0.00650650, 101.51400757, -15.72152328, 39.71999741, 0.00000000
4, 3.5800, 355, 0.13210185, 0.97887158, -0.18122773, -5.07815838, -17.13085938, 12.53930950, -20.92955208, 0.38000584, -84.27360535, -9.88743019, 12.46608257, -10.93387032, 1.00000000, 0.00000000, 0.00000000, 0.00000000, 0.01509788, 0.00653528, 0.00874525, 101.51400757, -15.72152328, 39.71999741, 0.00000000
2, 3.3900, 335, 0.00961170, 1.01359606, -0.08904692, -12.24007797, -3.12747598, 38.35225677, 35.28208160, 48.20227814, 38.73136520, 49.07301712, -6.00404024, 36.12161255, 0.85694504, -0.40904000, -0.08327425, -0.30231944, 0.06089193, 0.02144121, -0.01087548, 0.00000000, 0.00000000, 0.00000000, 0.00000000
4, 3.5900, 356, 0.12700273, 0.97929722, -0.17491330, -5.22632122, -18.56043434, 12.39423847, -20.92955208, 0.38000584, -84.27360535, -9.92680645, 12.27179241, -10.72801590, 1.00000000, 0.00000000, 0.00000000, 0.00000000, 0.02064846, 0.00088660, 0.00752087, 101.51400757, -15.72152328, 39.71999741, 0.00000000
5, 3.3599, 331, 0.23687717, 0.97114515, -0.15417212, -1.39246154, -2.41629910, 31.34224319, 1.25694239, 55.62701035, -112.92019653, 16.92983818, -36.28450012, 6.97884035, 0.93540186, -0.15837167, 0.29890004, -0.10295926, 0.02083672, -0.00283028, -0.00054275, 0.00000000, 0.00000000, 0.00000000, 0.00000000
5, 3.3699, 332, 0.24441893, 0.97338450, -0.15791890, -1.97591615, -5.51701927, 31.88917542, 0.55539316, 56.94241333, -113.32943726, 16.84927559, -35.98582077, 7.13446379, 0.93619323, -0.15808557, 0.29630408, -0.10370691, 0.02197829, 0.00129427, 0.00333548, 0.00000000, 0.00000000, 0.00000000, 0.00000000
5, 3.3799, 333, 0.24583749, 0.97967160, -0.16083640, -2.31660819, -8.12569714, 32.33958817, 1.05232382, 56.47471619, -113.18328094, 16.77426529, -35.68594360, 7.31294537, 0.93695223, -0.15789427, 0.29366043, -0.10465949, 0.03013475, 0.00487537, 0.00487323, 0.00000000, 0.00000000, 0.00000000, 0.00000000
5, 3.3899, 334, 0.24488997, 0.98435116, -0.15630613, -2.09864378, -11.32371616, 32.87400818, 0.76001167, 55.62701035, -112.74481201, 16.68095016, -35.74037933, 7.49828053, 0.93676227, -0.15761426, 0.29393888, -0.10599180, 0.03770497, 0.00111397, 0.00481649, 0.00000000, 0.00000000, 0.00000000, 0.00000000
5, 3.3999, 335, 0.23461708, 0.98860872, -0.15837480, -2.08644247, -12.19196415, 33.50162125, 0.96463019, 53.69775009, -112.48172760, 16.62198448, -35.43225479, 7.70664835, 0.93748534, -0.15761478, 0.29117146, -0.10722925, 0.04773308, 0.00455071, -0.00157023, 0.00000000, 0.00000000, 0.00000000, 0.00000000
2, 3.4000, 336, 0.00009128, 1.02112234, -0.09398727, -14.03457642, -4.68824339, 37.95122528, 35.04823303, 47.58842468, 38.05904770, 49.23059464, -6.50435734, 36.13479996, 0.85557789, -0.41134322, -0.07993836, -0.30396238, 0.07288208, 0.03133828, -0.01320524, 0.00000000, 0.00000000, 0.00000000, 0.00000000
2, 3.4100, 337, -0.00937768, 1.02317750, -0.09719419, -15.43305492, -4.64506960, 37.35509872, 35.04823303, 47.58842468, 38.05904770, 49.00858688, -6.17336321, 36.24462128, 0.85659158, -0.40885535, -0.08225664, -0.30384564, 0.07666178, 0.03482057, -0.01538443, 0.00000000, 0.00000000, 0.00000000, 0.00000000
2, 3.4200, 338, -0.01523001, 1.02634048, -0.09791136, -15.93419075, -3.59574127, 36.88349533, 35.48669815, 46.71148682, 38.58520889, 48.78244781, -5.84697151, 36.34316635, 0.85763055, -0.40634441, -0.08448750, -0.30367091, 0.08845936, 0.03965247, -0.01861126, 0.00000000, 0.00000000, 0.00000000, 0.00000000
4, 3.6000, 357, 0.12008595, 0.98193491, -0.16793092, -5.71501589, -19.52301979, 12.12541294, -21.13417053, 0.58462435, -84.24436951, -9.95391560, 12.35705471, -10.51444721, 1.00000000, 0.00000000, 0.00000000, 0.00000000, 0.02539266, -0.00586352, 0.00776331, 101.51400757, -15.72152328, 39.71999741, 0.00000000
4, 3.6100, 358, 0.11735325, 0.98355019, -0.16382514, -6.03153992, -19.82997704, 11.86486149, -21.04647827, 1.08155513, -85.15054321, -9.98351002, 12.43929291, -10.29845142, 1.00000000, 0.00000000, 0.00000000, 0.00000000, 0.02952602, -0.00983944, 0.00847400, 101.51400757, -15.72152328, 39.71999741, 0.00000000
4, 3.6200, 359, 0.11433182, 0.98525500, -0.16395800, -6.06613827, -19.93268585, 11.81138039, -21.13417053, 1.14001751, -84.56591797, -10.01298428, 12.52093410, -10.08150864, 1.00000000, 0.00000000, 0.00000000, 0.00000000, 0.03382092, -0.00985186, 0.01071980, 101.51400757, -15.72152328, 39.71999741, 0.00000000
4, 3.6300, 360, 0.11318683, 0.98622018, -0.16553235, -6.21017790, -19.65657806, 11.78461647, -21.42648315, 1.02309263, -85.03361511, -10.04403973, 12.60287094, -9.86746883, 1.00000000, 0.00000000, 0.00000000, 0.00000000, 0.03625108, -0.00824436, 0.01263072, 101.51400757, -15.72152328, 39.71999741, 0.00000000
5, 3.4099, 336, 0.21745938, 0.99391782, -0.16167562, -1.82503879, -13.06007957, 34.21369553, 0.96463019, 53.69775009, -112.48172760, 16.56913185, -35.11729431, 7.91990519, 0.93820512, -0.15766476, 0.28833377, -0.10851996, 0.06660625, 0.00811172, -0.01537799, 0.00000000, 0.00000000, 0.00000000, 0.00000000
5, 3.4199, 337, 0.20883687, 0.99502623, -0.15858793, -1.72289860, -12.56649399, 34.73241806, 1.14001751, 55.74393463, -112.62788391, 16.51608467, -34.79644775, 8.12888718, 0.93893611, -0.15768926, 0.28545192, -0.10977380, 0.07748142, 0.00494077, -0.02467935, 0.00000000, 0.00000000, 0.00000000, 0.00000000
5, 3.4299, 338, 0.20860405, 0.99595892, -0.15462020, -1.57919681, -11.22326088, 34.69250488, 1.34463608, 55.68547058, -112.97866058, 16.46135902, -34.47423553, 8.32538986, 0.93967611, -0.15765688, 0.28257585, -0.11092439, 0.08323390, 0.00088424, -0.02739432, 0.00000000, 0.00000000, 0.00000000, 0.00000000
2, 3.4300, 339, -0.01682719, 1.02823353, -0.10133193, -15.48482609, -1.90385520, 36.58398819, 35.69131851, 46.76995087, 38.93598175, 48.56040573, -5.52131033, 36.42262650, 0.85869211, -0.40386999, -0.08665540, -0.30336067, 0.09536955, 0.04555745, -0.02335533, 0.00000000, 0.00000000, 0.00000000, 0.00000000
4, 3.6400, 361, 0.10903774, 0.98680532, -0.17272654, -5.73607826, -19.05198288, 11.78547573, -21.42648315, 1.02309263, -85.03361511, -10.02442169, 12.20206642, -9.64361382, 1.00000000, 0.00000000, 0.00000000, 0.00000000, 0.03953127, -0.00135641, 0.01581416, 101.51400757, -15.72152328, 39.71999741, 0.00000000
5, 3.4399, 339, 0.21229233, 0.99265552, -0.15463702, -1.56106591, -9.84090710, 34.42727280, 1.19848001, 55.74393463, -113.18328094, 16.55206299, -35.04906464, 8.36417484, 0.93798405, -0.15862654, 0.28717485, -0.11204512, 0.07978683, 0.00064104, -0.02746755, 0.00000000, 0.00000000, 0.00000000, 0.00000000
5, 3.4499, 340, 0.21590011, 0.98544741, -0.15655330, -2.07004023, -8.90717030, 34.52611160, 1.25694239, 54.83776474, -113.32943726, 16.48238564, -34.72745514, 8.54849052, 0.93875819, -0.15844078, 0.28433689, -0.11305855, 0.06672072, 0.00230566, -0.02554743, 0.00000000, 0.00000000, 0.00000000, 0.00000000
5, 3.4599, 341, 0.21622363, 0.98404753, -0.15633911, -2.68517494, -7.91560936, 35.08336258, 1.25694239, 54.83776474, -113.32943726, 16.40234375, -34.40069580, 8.73156166, 0.93955272, -0.15815453, 0.28146702, -0.11403625, 0.07009132, 0.00211867, -0.02953410, 0.00000000, 0.00000000, 0.00000000, 0.00000000
5, 3.4699, 342, 0.20882542, 0.98624110, -0.15973380, -2.92360616, -7.27745724, 35.25934219, 1.63694823, 55.51008606, -113.09558105, 16.31839180, -34.07193375, 8.91136456, 0.94035220, -0.15781637, 0.27858782, -0.11498125, 0.08084317, 0.00591416, -0.03768330, 0.00000000, 0.00000000, 0.00000000, 0.00000000
5, 3.4799, 343, 0.20300436, 0.98673570, -0.16748033, -2.88173008, -6.44604683, 34.73532104, 1.52002335, 54.39929962, -112.68634796, 16.23443413, -33.74716949, 9.08198738, 0.94114149, -0.15744597, 0.27575317, -0.11586051, 0.08900577, 0.01394580, -0.04578725, 0.00000000, 0.00000000, 0.00000000, 0.00000000
5, 3.4899, 344, 0.20467898, 0.98373711, -0.16839567, -2.49546838, -6.23026276, 33.85923767, 1.16924870, 52.26541901, -113.59251404, 16.51234818, -34.49343872, 8.98125267, 0.93890399, -0.15969470, 0.28177556, -0.11644515, 0.08635338, 0.01436464, -0.04677415, 0.00000000, 0.00000000, 0.00000000, 0.00000000
5, 3.4999, 345, 0.20837861, 0.97912276, -0.16947119, -2.44455481, -4.76254225, 32.94716644, 2.01695418, 54.45775986, -113.27097321, 16.42867470, -34.18394089, 9.13262081, 0.93968195, -0.15929146, 0.27909526, -0.11717494, 0.07335354, 0.01380996, -0.04139922, 0.00000000, 0.00000000, 0.00000000, 0.00000000
2, 3.4400, 340, -0.01877728, 1.02440453, -0.09811029, -14.15601063, 0.02878824, 36.73225784, 35.54516220, 45.27915955, 38.93598175, 48.34974670, -5.19027662, 36.47954559, 0.85976905, -0.40147644, -0.08881499, -0.30286247, 0.10283406, 0.04263498, -0.02749406, 0.00000000, 0.00000000, 0.00000000, 0.00000000
5, 3.5099, 346, 0.20934145, 0.97466743, -0.17077751, -2.53985310, -4.36625767, 32.36193466, 2.01695418, 54.45775986, -113.27097321, 16.34498215, -33.87977982, 9.27924156, 0.94044316, -0.15886906, 0.27646452, -0.11787602, 0.07357951, 0.01505978, -0.04661669, 0.00000000, 0.00000000, 0.00000000, 0.00000000
4, 3.6500, 362, 0.10638250, 0.98670781, -0.17459081, -5.30022955, -18.08399963, 11.70654488, -21.54340744, 0.61385560, -84.03975677, -10.04980946, 12.28605175, -9.44517040, 1.00000000, 0.00000000, 0.00000000, 0.00000000, 0.03738507, 0.00046026, 0.01547499, 101.51400757, -15.72152328, 39.71999741, 0.00000000
4, 3.6600, 363, 0.10448971, 0.98492217, -0.17980114, -5.09690332, -16.83706284, 11.41085625, -21.36802101, 0.84770536, -84.15667725, -10.07477474, 12.36934376, -9.25961494, 1.00000000, 0.00000000, 0.00000000, 0.00000000, 0.04069264, 0.00633173, 0.01607128, 101.51400757, -15.72152328, 39.71999741, 0.00000000
4, 3.6700, 364, 0.09977228, 0.98435426, -0.18078901, -5.08936977, -15.44656086, 10.73810482, -20.87108994, 0.78924292, -84.59514618, -10.10158825, 12.44844246, -9.08919525, 1.00000000, 0.00000000, 0.00000000, 0.00000000, 0.04679325, 0.00783382, 0.01657566, 101.51400757, -15.72152328, 39.71999741, 0.00000000
4, 3.6800, 365, 0.10122651, 0.98450708, -0.17858964, -5.68971682, -13.39697456, 9.75890160, -20.54954720, 0.78924292, -84.85823059, -10.13751316, 12.52135372, -8.94151402, 1.00000000, 0.00000000, 0.00000000, 0.00000000, 0.04667300, 0.00619741, 0.01625043, 101.51400757, -15.72152328, 39.71999741, 0.00000000
4, 3.6900, 366, 0.10212142, 0.98392463, -0.17826097, -5.80742407, -11.81073570, 8.69107533, -20.54954720, 0.46769950, -84.85823059, -10.06110096, 12.06667519, -8.78652763, 1.00000000, 0.00000000, 0.00000000, 0.00000000, 0.04476584, 0.00630168, 0.01533816, 101.51400757, -15.72152328, 39.71999741, 0.00000000
4, 3.7000, 367, 0.10640611, 0.98194879, -0.17828302, -5.77990532, -10.67579365, 7.82128143, -21.33878899, 0.20461853, -84.39052582, -10.10313416, 12.12499428, -8.66977501, 1.00000000, 0.00000000, 0.00000000, 0.00000000, 0.03501192, 0.00643141, 0.01184675, 101.51400757, -15.72152328, 39.71999741, 0.00000000
5, 3.5199, 347, 0.21000609, 0.97480357, -0.17108074, -3.02880406, -3.81222939, 31.59269524, 2.22157264, 54.16544724, -113.53404999, 16.25661659, -33.58348465, 9.42308521, 0.94118589, -0.15839532, 0.27390659, -0.11855569, 0.07761104, 0.01575724, -0.04917206, 0.00000000, 0.00000000, 0.00000000, 0.00000000
4, 3.7100, 368, 0.10635036, 0.98313224, -0.17582746, -5.50321674, -9.62373447, 6.77012873, -21.25109673, 0.55539316, -84.62437439, -10.14392757, 12.17483807, -8.56523037, 1.00000000, 0.00000000, 0.00000000, 0.00000000, 0.03595158, 0.00438599, 0.01244774, 101.51400757, -15.72152328, 39.71999741, 0.00000000
5, 3.5299, 348, 0.21614420, 0.97473717, -0.17067707, -3.62387156, -3.40536475, 30.38314056, 1.84156680, 54.22391129, -113.15404510, 16.16383743, -33.29967499, 9.56501675, 0.94189733, -0.15787655, 0.27145845, -0.11922622, 0.07804511, 0.01584311, -0.04736296, 0.00000000, 0.00000000, 0.00000000, 0.00000000
4, 3.7200, 369, 0.11174525, 0.98470521, -0.17482573, -4.98081446, -8.24349308, 5.71969223, -21.42648315, 0.55539316, -84.68283844, -10.18153763, 12.21677971, -8.47602177, 1.00000000, 0.00000000, 0.00000000, 0.00000000, 0.03125677, 0.00353146, 0.01348936, 101.51400757, -15.72152328, 39.71999741, 0.00000000
4, 3.7300, 370, 0.11877351, 0.98512548, -0.17405115, -4.26370382, -6.81079912, 4.64858150, -21.42648315, 0.55539316, -84.68283844, -10.21405411, 12.25069809, -8.40255451, 1.00000000, 0.00000000, 0.00000000, 0.00000000, 0.02486650, 0.00322169, 0.01337229, 101.51400757, -15.72152328, 39.71999741, 0.00000000
5, 3.5399, 349, 0.21941160, 0.97551167, -0.17109773, -4.12355566, -2.04197598, 29.26527596, 1.98772287, 54.13621521, -113.91406250, 16.46178627, -33.98789978, 9.42025566, 0.93985248, -0.16020158, 0.27704072, -0.11942115, 0.07719204, 0.01621595, -0.04463967, 0.00000000, 0.00000000, 0.00000000, 0.00000000
4, 3.7400, 371, 0.12472215, 0.98400182, -0.17396893, -3.49327564, -5.41495514, 3.73269916, -20.98801422, -3.18620276, -84.33206940, -10.16455555, 12.07192421, -8.33154774, 1.00000000, 0.00000000, 0.00000000, 0.00000000, 0.01863576, 0.00369953, 0.01182649, 101.51400757, -15.72152328, 39.71999741, 0.00000000
2, 3.4500, 341, -0.01660368, 1.01964319, -0.09976906, -13.61714268, 0.93667972, 36.77209473, 35.83747482, 46.47763824, 39.02367783, 48.74957657, -6.00886822, 36.41618729, 0.85730815, -0.40641746, -0.08342893, -0.30477402, 0.10029733, 0.04110471, -0.03206233, 0.00000000, 0.00000000, 0.00000000, 0.00000000
2, 3.4600, 342, -0.01516548, 1.01625395, -0.10298012, -13.83142662, 1.37182879, 36.67467499, 35.83747482, 46.47763824, 39.02367783, 48.54041290, -5.67720795, 36.46039200, 0.85843033, -0.40405321, -0.08555040, -0.30417034, 0.08842894, 0.03882079, -0.03238723, 0.00000000, 0.00000000, 0.00000000, 0.00000000
2, 3.4700, 343, -0.01275523, 1.00935113, -0.10473381, -14.43990612, 1.37816107, 36.64635849, 35.80824280, 47.14995575, 38.84828949, 48.32571030, -5.34688616, 36.50434113, 0.85955834, -0.40164265, -0.08764730, -0.30357993, 0.09019756, 0.03726226, -0.04081681, 0.00000000, 0.00000000, 0.00000000, 0.00000000
5, 3.5499, 350, 0.22407393, 0.97146189, -0.17246896, -4.32210207, -2.24067140, 27.30014420, 2.45542240, 53.84390640, -113.59251404, 16.36161804, -33.73487854, 9.55328941, 0.94051242, -0.15961868, 0.27486864, -0.12002361, 0.06437148, 0.01572271, -0.03840886, 0.00000000, 0.00000000, 0.00000000, 0.00000000
5, 3.5599, 351, 0.22833432, 0.96564615, -0.17387386, -4.87162209, -2.92026520, 24.92491722, 2.45542240, 53.84390640, -113.59251404, 16.26412773, -33.50659561, 9.68875980, 0.94109666, -0.15906519, 0.27289462, -0.12068102, 0.06053620, 0.01738184, -0.04123423, 0.00000000, 0.00000000, 0.00000000, 0.00000000
5, 3.5699, 352, 0.23264506, 0.96090782, -0.17458937, -5.23934984, -3.92895985, 22.53953552, 2.25080395, 53.99005890, -113.30020142, 16.17252541, -33.30300140, 9.82749748, 0.94160116, -0.15857048, 0.27111438, -0.12140711, 0.05721734, 0.01844423, -0.04306967, 0.00000000, 0.00000000, 0.00000000, 0.00000000
4, 3.7500, 372, 0.13239725, 0.98096317, -0.17403233, -2.79457402, -3.95389366, 3.04639220, -20.40339088, -1.87079799, -84.27360535, -10.18674469, 12.09498978, -8.28854942, 1.00000000, 0.00000000, 0.00000000, 0.00000000, 0.00895887, 0.00431693, 0.00789019, 101.51400757, -15.72152328, 39.71999741, 0.00000000
5, 3.5799, 353, 0.23771665, 0.95830703, -0.17538655, -5.41603327, -4.49048710, 20.46031952, 2.22157264, 53.84390640, -113.30020142, 16.08637238, -33.12032318, 9.96552563, 0.94204146, -0.15812124, 0.26950282, -0.12216374, 0.05480350, 0.01977059, -0.04277639, 0.00000000, 0.00000000, 0.00000000, 0.00000000
4, 3.7600, 373, 0.13976704, 0.97836471, -0.17293122, -2.32287407, -2.94139504, 2.33931994, -21.83572006, -0.08769365, -84.18591309, -10.20569801, 12.11284733, -8.25661087, 1.00000000, 0.00000000, 0.00000000, 0.00000000, 0.00214415, 0.00447628, 0.00469712, 101.51400757, -15.72152328, 39.71999741, 0.00000000
5, 3.5899, 354, 0.24380551, 0.95715857, -0.17549011, -5.21690178, -5.30391693, 18.12495232, 2.33849740, 52.35311127, -113.76790619, 16.37768173, -33.65209579, 9.85216141, 0.94038862, -0.16043776, 0.27374974, -0.12243432, 0.05012673, 0.01961781, -0.03854401, 0.00000000, 0.00000000, 0.00000000, 0.00000000
5, 3.5999, 355, 0.24278224, 0.95335472, -0.17203879, -4.80863523, -5.79841423, 15.63678741, 2.01695418, 53.34697342, -113.35866547, 16.31245422, -33.51650620, 9.98201752, 0.94069171, -0.16016339, 0.27251676, -0.12321350, 0.04250270, 0.01400599, -0.03722110, 0.00000000, 0.00000000, 0.00000000, 0.00000000
5, 3.6099, 356, 0.24079622, 0.94869900, -0.16896562, -4.33468437, -5.80829096, 13.29955006, 2.25080395, 53.31774139, -113.27097321, 16.25806808, -33.40245819, 10.10074139, 0.94093400, -0.15995654, 0.27146614, -0.12394950, 0.04200736, 0.01103724, -0.04283693, 0.00000000, 0.00000000, 0.00000000, 0.00000000
2, 3.4800, 344, -0.01375608, 1.00541246, -0.10709555, -14.67156887, 1.28923285, 36.87501144, 36.33440399, 46.82841110, 39.40368271, 48.10874176, -5.01465225, 36.54850006, 0.86068392, -0.39920217, -0.08975464, -0.30299336, 0.09573411, 0.03828478, -0.04854404, 0.00000000, 0.00000000, 0.00000000, 0.00000000
2, 3.4900, 345, -0.01847968, 1.00433576, -0.11133906, -15.01259422, 1.10574555, 36.73670197, 36.62671661, 45.74685669, 39.31599045, 47.88925552, -4.68437481, 36.59367371, 0.86180007, -0.39673853, -0.09184515, -0.30242965, 0.10504095, 0.04272798, -0.05657844, 0.00000000, 0.00000000, 0.00000000, 0.00000000
2, 3.5000, 346, -0.02373433, 1.00660610, -0.11407321, -15.46081448, 1.35754752, 36.44738007, 36.91902924, 45.95147705, 39.25752640, 48.52444077, -5.65909290, 36.51679993, 0.85836387, -0.40384936, -0.08584455, -0.30454543, 0.11007775, 0.04639114, -0.05833324, 0.00000000, 0.00000000, 0.00000000, 0.00000000
2, 3.5100, 347, -0.02812926, 0.99927914, -0.10919937, -15.44468403, 1.66091859, 35.96141434, 36.91902924, 45.95147705, 39.25752640, 48.30096436, -5.33732557, 36.55905533, 0.85951400, -0.40139276, -0.08784610, -0.30397797, 0.10248202, 0.03362867, -0.05517031, 0.00000000, 0.00000000, 0.00000000, 0.00000000
5, 3.6199, 357, 0.23169531, 0.94440734, -0.16646928, -3.60155177, -5.23644114, 10.76256466, 2.25080395, 53.31774139, -113.27097321, 16.21536446, -33.31080627, 10.20135307, 0.94112039, -0.15980899, 0.27061367, -0.12458703, 0.04575902, 0.00859964, -0.05365031, 0.00000000, 0.00000000, 0.00000000, 0.00000000
2, 3.5200, 348, -0.03618495, 1.00024807, -0.10970004, -15.26696587, 2.95208073, 35.17074203, 37.15287781, 45.54224014, 38.84828949, 48.07979584, -5.02219105, 36.58633804, 0.86067379, -0.39897290, -0.08975249, -0.30332485, 0.11585592, 0.03685358, -0.06022285, 0.00000000, 0.00000000, 0.00000000, 0.00000000
4, 3.7700, 374, 0.14584346, 0.97703552, -0.17120458, -2.45035720, -2.39334702, 1.47958815, -21.66033363, 0.49693072, -84.91668701, -10.22684002, 12.12313938, -8.23173904, 1.00000000, 0.00000000, 0.00000000, 0.00000000, -0.00356615, 0.00363262, 0.00255141, 101.51400757, -15.72152328, 39.71999741, 0.00000000
4, 3.7800, 375, 0.15095931, 0.97333431, -0.17191961, -2.39516020, -2.49818039, 0.48186398, -21.66033363, 0.49693072, -84.91668701, -10.24737835, 12.12343311, -8.20746136, 1.00000000, 0.00000000, 0.00000000, 0.00000000, -0.00837112, 0.00591366, -0.00095716, 101.51400757, -15.72152328, 39.71999741, 0.00000000
4, 3.7900, 376, 0.15476364, 0.96552330, -0.16838948, -2.35361958, -3.12061000, -0.50756925, -21.51417732, 0.23384975, -84.97515106, -10.25005817, 12.26932240, -8.18198586, 1.00000000, 0.00000000, 0.00000000, 0.00000000, -0.01100664, 0.00547012, -0.00958016, 101.51400757, -15.72152328, 39.71999741, 0.00000000
5, 3.6299, 358, 0.22603732, 0.93670487, -0.16465926, -3.16652894, -3.50436616, 8.39723682, 2.45542240, 53.63928604, -113.62174988, 16.17597008, -33.23950958, 10.27876854, 0.94127411, -0.15964036, 0.26995859, -0.12506208, 0.04437750, 0.00650913, -0.06360929, 0.00000000, 0.00000000, 0.00000000, 0.00000000
4, 3.8000, 377, 0.15543431, 0.96118069, -0.16048552, -2.57760644, -3.75509334, -1.85796058, -21.57263947, 0.61385560, -84.91668701, -10.27080822, 12.24444675, -8.14911938, 1.00000000, 0.00000000, 0.00000000, 0.00000000, -0.00953883, -0.00042489, -0.01599485, 101.51400757, -15.72152328, 39.71999741, 0.00000000
4, 3.8100, 378, 0.15692922, 0.95703149, -0.15547577, -2.46868396, -3.87124681, -3.22348642, -20.95878410, -0.38000584, -84.59514618, -10.29047394, 12.20593643, -8.11729908, 1.00000000, 0.00000000, 0.00000000, 0.00000000, -0.01121293, -0.00337431, -0.02174721, 101.51400757, -15.72152328, 39.71999741, 0.00000000
5, 3.6399, 359, 0.22365585, 0.92420268, -0.16398779, -2.93479633, -1.17769539, 5.85588312, 2.51388478, 53.17158508, -113.82636261, 16.51571083, -33.95652771, 10.07617283, 0.93915945, -0.16221532, 0.27580133, -0.12489825, 0.03403367, 0.00444719, -0.07158045, 0.00000000, 0.00000000, 0.00000000, 0.00000000
2, 3.5300, 349, -0.03979380, 0.99596608, -0.10841954, -14.66098595, 3.79188895, 34.33518600, 37.03595352, 45.71762466, 39.19906235, 47.86553955, -4.71358299, 36.60239410, 0.86181766, -0.39662224, -0.09159039, -0.30260932, 0.12416198, 0.03510846, -0.06638739, 0.00000000, 0.00000000, 0.00000000, 0.00000000
2, 3.5400, 350, -0.04077192, 0.99165112, -0.10581541, -14.37802124, 4.86511135, 33.20874023, 37.64981079, 44.16837311, 39.84215164, 47.65517807, -4.41497755, 36.60538864, 0.86295682, -0.39432892, -0.09331953, -0.30183062, 0.13003913, 0.03238222, -0.07088152, 0.00000000, 0.00000000, 0.00000000, 0.00000000
4, 3.8200, 379, 0.15538014, 0.95044541, -0.14836594, -2.46576762, -4.07800007, -4.32664633, -20.57877731, 0.46769950, -84.74130249, -10.30997562, 12.15622330, -8.08524132, 1.00000000, 0.00000000, 0.00000000, 0.00000000, -0.00984463, -0.00747813, -0.03032931, 101.51400757, -15.72152328, 39.71999741, 0.00000000
4, 3.8300, 380, 0.15274452, 0.94159275, -0.14470300, -2.44606066, -4.18319082, -5.30616474, -20.57877731, 0.46769950, -84.74130249, -10.32924271, 12.09668064, -8.05373955, 1.00000000, 0.00000000, 0.00000000, 0.00000000, -0.00750534, -0.00756214, -0.03983556, 101.51400757, -15.72152328, 39.71999741, 0.00000000
2, 3.5500, 351, -0.03575737, 0.98399025, -0.11122850, -14.09833527, 5.29157782, 31.69020653, 38.00058365, 44.48991394, 39.66676331, 48.40427017, -5.58788586, 36.48122787, 0.85898745, -0.40281019, -0.08594160, -0.30413574, 0.12143900, 0.03064273, -0.07794274, 0.00000000, 0.00000000, 0.00000000, 0.00000000
5, 3.6499, 360, 0.22737922, 0.90996945, -0.16197357, -2.50202751, 0.65099365, 3.08978677, 3.15697169, 51.15463257, -113.76790619, 16.47828865, -33.93158340, 10.10318375, 0.93924809, -0.16196455, 0.27559784, -0.12500538, 0.01278287, -0.00068759, -0.07114641, 0.00000000, 0.00000000, 0.00000000, 0.00000000
5, 3.6599, 361, 0.23638420, 0.90030336, -0.16049378, -2.41400456, 1.47706854, -0.11644456, 2.71850324, 53.75621033, -113.30020142, 16.44581795, -33.93674850, 10.11422729, 0.93926841, -0.16172686, 0.27566040, -0.12502280, -0.00015089, -0.00247771, -0.06999449, 0.00000000, 0.00000000, 0.00000000, 0.00000000
4, 3.8400, 381, 0.15595774, 0.93569267, -0.14285626, -2.54774904, -4.65242004, -6.18502760, -21.68956375, -0.11692487, -84.77053070, -10.52946949, 12.26902390, -8.04672432, 1.00000000, 0.00000000, 0.00000000, 0.00000000, -0.01036641, -0.00621665, -0.04603948, 101.51400757, -15.72152328, 39.71999741, 0.00000000
2, 3.5600, 352, -0.03499178, 0.98005241, -0.11432437, -14.16334915, 4.66334248, 29.65610886, 38.00058365, 44.48991394, 39.66676331, 48.20286179, -5.32374525, 36.48568344, 0.86007172, -0.40068108, -0.08743264, -0.30345815, 0.10508931, 0.02500973, -0.07511617, 0.00000000, 0.00000000, 0.00000000, 0.00000000
2, 3.5700, 353, -0.03177610, 0.97681665, -0.11608448, -13.98033333, 3.45199847, 27.36778069, 37.56211472, 44.81145859, 39.25752640, 48.00904846, -5.08216381, 36.49897003, 0.86106437, -0.39865026, -0.08880483, -0.30291912, 0.10539752, 0.02597396, -0.08048035, 0.00000000, 0.00000000, 0.00000000, 0.00000000
2, 3.5800, 354, -0.02966747, 0.97663957, -0.12167321, -13.85523415, 1.66821659, 24.46162033, 37.94212341, 45.27915955, 39.95907593, 47.82410812, -4.86948013, 36.52651596, 0.86193925, -0.39673865, -0.09003130, -0.30257854, 0.10617377, 0.03178338, -0.08648257, 0.00000000, 0.00000000, 0.00000000, 0.00000000
2, 3.5900, 355, -0.02873471, 0.97083271, -0.12679970, -13.23108006, -0.28578100, 21.23347473, 38.20520401, 45.07453918, 39.19906235, 47.65381622, -4.68783569, 36.56909180, 0.86267340, -0.39499480, -0.09111249, -0.30244389, 0.10657202, 0.03321183, -0.09613746, 0.00000000, 0.00000000, 0.00000000, 0.00000000
5, 3.6699, 362, 0.24712034, 0.90317440, -0.15646309, -2.39606762, 2.04238939, -4.09914684, 2.71850324, 53.75621033, -113.30020142, 16.42021561, -33.97997284, 10.10972023, 0.93919635, -0.16152194, 0.27605167, -0.12496597, -0.00457357, -0.00579369, -0.05937973, 0.00000000, 0.00000000, 0.00000000, 0.00000000
4, 3.8500, 382, 0.16277257, 0.93136460, -0.14220545, -2.78862286, -5.44792747, -7.17155695, -21.68956375, 0.64308679, -84.82899475, -10.55043983, 12.18911266, -8.00553131, 1.00000000, 0.00000000, 0.00000000, 0.00000000, -0.01507304, -0.00281934, -0.04993541, 101.51400757, -15.72152328, 39.71999741, 0.00000000
4, 3.8600, 383, 0.16925122, 0.93242556, -0.13937943, -3.15392447, -6.20923519, -8.15478706, -21.89418221, 0.84770536, -85.00438690, -10.57416058, 12.09824085, -7.95850992, 1.00000000, 0.00000000, 0.00000000, 0.00000000, -0.02301844, -0.00540229, -0.05058895, 101.51400757, -15.72152328, 39.71999741, 0.00000000
2, 3.6000, 356, -0.03004828, 0.96926624, -0.13233678, -12.68290997, -2.41109729, 17.18268776, 38.17597198, 44.69453430, 39.25752640, 48.65476608, -5.80578423, 36.44370651, 0.85787797, -0.40521947, -0.08481778, -0.30438235, 0.10374977, 0.03480393, -0.09945629, 0.00000000, 0.00000000, 0.00000000, 0.00000000
5, 3.6799, 363, 0.25534829, 0.91185975, -0.15267345, -2.26180816, 1.90247416, -7.67951393, 2.48465347, 53.84390640, -113.65097809, 16.40460968, -34.05774307, 10.09489250, 0.93903053, -0.16138659, 0.27673194, -0.12488179, -0.00340455, -0.00841998, -0.04687015, 0.00000000, 0.00000000, 0.00000000, 0.00000000
2, 3.6100, 357, -0.02959764, 0.96467948, -0.13701804, -11.66866398, -4.04005480, 13.09777069, 38.17597198, 44.69453430, 39.25752640, 48.51825714, -5.70320177, 36.51597214, 0.85832185, -0.40390602, -0.08548988, -0.30468842, 0.08718143, 0.02749448, -0.09542799, 0.00000000, 0.00000000, 0.00000000, 0.00000000
2, 3.6200, 358, -0.03438022, 0.95680034, -0.13621370, -10.45204067, -4.47735167, 9.63642693, 37.94212341, 44.69453430, 40.28062057, 48.40100861, -5.63211060, 36.58712387, 0.85865158, -0.40280917, -0.08596888, -0.30507651, 0.09186548, 0.02272520, -0.10329586, 0.00000000, 0.00000000, 0.00000000, 0.00000000
2, 3.6300, 359, -0.03342994, 0.94470096, -0.13343498, -9.12425613, -3.57526612, 6.38191986, 37.56211472, 44.89915085, 39.43291473, 48.30238342, -5.58964157, 36.64410019, 0.85890943, -0.40192819, -0.08622914, -0.30543888, 0.09007969, 0.01342296, -0.11092468, 0.00000000, 0.00000000, 0.00000000, 0.00000000
4, 3.8700, 384, 0.16944636, 0.94314986, -0.13332088, -3.48601770, -6.75376511, -8.66363621, -21.89418221, 0.84770536, -85.00438690, -10.60056496, 12.00144958, -7.90703678, 1.00000000, 0.00000000, 0.00000000, 0.00000000, -0.02539379, -0.01423773, -0.04284372, 101.51400757, -15.72152328, 39.71999741, 0.00000000
5, 3.6899, 364, 0.26084664, 0.92442966, -0.14983059, -2.06123877, 2.14775825, -11.32164764, 2.51388478, 53.84390640, -113.44635773, 16.38669205, -34.41167831, 10.08447170, 0.93813384, -0.16134232, 0.27968791, -0.12509307, 0.00106624, -0.00961683, -0.03329452, 0.00000000, 0.00000000, 0.00000000, 0.00000000
