SensorId, TimeStamp (s), FrameNumber, AccX (g), AccY (g), AccZ (g), GyroX (deg/s), GyroY (deg/s), GyroZ (deg/s), MagX (uT), MagY (uT), MagZ (uT), EulerX (deg), EulerY (deg), EulerZ (deg), QuatW, QuatX, QuatY, QuatZ, LinAccX (g), LinAccY (g), LinAccZ (g), Pressure (kPa), Altitude (m), Temperature (degC), HeaveMotion (m)
2, 0.0001, 0, 0.97853237, 0.55775517, 0.62752748, 7.55280209, -3.65315032, 128.20385742, 18.79567337, 59.74861145, 67.96258545, 3.07321000, 1.27794158, -11.15579987, 0.99481612, -0.02777053, -0.00848883, 0.09745561, -0.08841348, -0.10566923, 0.28601238, 0.00000000, 0.00000000, 0.00000000, 0.00000000
2, 0.0101, 1, 0.94808954, 0.51640773, 0.60771453, 1.97376740, -6.29531574, 137.28623962, 18.79567337, 59.74861145, 67.96258545, 1.34550178, 2.58078575, -12.31051254, 0.99388599, -0.01408526, -0.02112969, 0.10745123, -0.07842303, -0.10530160, 0.23364972, 0.00000000, 0.00000000, 0.00000000, 0.00000000
2, 0.0201, 2, 0.87370861, 0.46052104, 0.61172682, -3.41071200, -7.93763876, 145.48693848, 19.58491707, 59.83630371, 67.81642914, 0.59977365, 3.67556500, -12.96041393, 0.99306738, -0.00881722, -0.03127411, 0.11296713, -0.02923092, -0.12132074, 0.15546519, 0.00000000, 0.00000000, 0.00000000, 0.00000000
5, 0.0000, 0, 1.33689523, -0.04214714, -0.06524186, -9.59382343, -13.81798553, 64.66723633, 5.72931862, 62.02864456, -76.76117706, -9.78548527, -0.86603475, 9.39628506, 0.99303281, 0.08438494, 0.01449030, -0.08096296, -0.17280020, 0.24894446, 0.34333581, 0.00000000, 0.00000000, 0.00000000, 0.00000000
5, 0.0100, 1, 1.40027809, 0.09757622, -0.08661798, -11.01565933, -29.63709831, 73.14144135, 5.72931862, 62.02864456, -76.76117706, -7.71036053, -0.32283765, 9.95808315, 0.99398476, 0.06673687, 0.00863568, -0.08640587, -0.06430596, 0.14414245, 0.41775805, 0.00000000, 0.00000000, 0.00000000, 0.00000000
5, 0.0200, 2, 1.34111440, 0.20817979, -0.07439176, -10.34893322, -50.86936951, 80.04040527, 5.72931862, 61.76556396, -77.34580231, -6.79996777, -0.12359492, 10.15852261, 0.99432504, 0.05897783, 0.00632303, -0.08831414, 0.01641181, 0.02271547, 0.36305302, 0.00000000, 0.00000000, 0.00000000, 0.00000000
5, 0.0300, 3, 1.17296135, 0.22334874, -0.04231335, -8.14827442, -63.56390381, 87.33365631, 6.22624969, 61.18093872, -78.04735565, -5.74745846, 0.02871983, 10.36366177, 0.99465960, 0.04995271, 0.00427874, -0.09021568, 0.02811805, -0.02766025, 0.19258262, 0.00000000, 0.00000000, 0.00000000, 0.00000000
5, 0.0400, 4, 1.00323737, 0.12557150, -0.03737232, -5.10158396, -65.25306702, 95.00115204, 7.36626720, 60.27477264, -78.16427612, -4.62334728, 0.21484675, 10.54685497, 0.99494839, 0.04033674, 0.00184173, -0.09190910, -0.01641797, 0.02144259, 0.01328611, 0.00000000, 0.00000000, 0.00000000, 0.00000000
5, 0.0500, 5, 0.94008118, -0.03377505, -0.04329610, -4.68313217, -56.93585587, 102.78285980, 7.92166042, 58.81321335, -78.45658875, -3.49763966, 0.51058489, 10.72169113, 0.99513972, 0.03080022, -0.00158292, -0.09351886, -0.10711671, 0.12247935, -0.06442891, 0.00000000, 0.00000000, 0.00000000, 0.00000000
2, 0.0301, 3, 0.81641835, 0.48331538, 0.56251615, -8.98841000, -6.13146162, 152.96138000, 21.22186470, 59.69014740, 68.28412628, -0.24617621, 4.80118752, -13.63351727, 0.99206793, -0.00284039, -0.04184457, 0.11850059, 0.01766287, -0.05633235, 0.10298482, 0.00000000, 0.00000000, 0.00000000, 0.00000000
2, 0.0401, 4, 0.79052222, 0.46414506, 0.49598181, -13.83018684, -4.69895506, 157.43478394, 22.56650162, 59.33937454, 68.43028259, -1.17048097, 5.93782806, -14.32096291, 0.99088347, 0.00366519, -0.05265898, 0.12395017, 0.01304850, -0.00734120, 0.04349994, 0.00000000, 0.00000000, 0.00000000, 0.00000000
2, 0.0501, 5, 0.73858851, 0.46209237, 0.39743364, -15.39711094, -2.15133977, 161.53648376, 23.53113174, 59.01782990, 67.99181366, -2.15761757, 7.07305479, -15.05161285, 0.98947477, 0.01055232, -0.06360386, 0.12954874, 0.01948204, 0.07746664, -0.04116151, 0.00000000, 0.00000000, 0.00000000, 0.00000000
2, 0.0601, 6, 0.73898602, 0.42697784, 0.28865629, -16.93320656, 2.22724843, 163.85922241, 23.53113174, 59.01782990, 67.99181366, -1.29445171, 9.25347900, -13.69809055, 0.98967391, 0.00155993, -0.08142603, 0.11795300, -0.02851441, 0.13881746, -0.10961627, 0.00000000, 0.00000000, 0.00000000, 0.00000000
5, 0.0600, 6, 0.95306587, -0.12379991, -0.07427982, -9.13477039, -45.29444122, 106.70985413, 7.92166042, 58.81321335, -78.45658875, -0.25980741, 2.42308831, 10.69205856, 0.99542058, 0.00422686, -0.02084063, -0.09319711, -0.13400333, 0.18107072, -0.05766829, 0.00000000, 0.00000000, 0.00000000, 0.00000000
5, 0.0700, 7, 0.98374361, -0.08891989, -0.10989499, -14.47130775, -42.19309616, 106.92182159, 8.50628471, 54.54545212, -78.80736542, 0.79576963, 2.84052873, 10.97726059, 0.99510193, -0.00453973, -0.02533552, -0.09544519, -0.06156540, 0.13297844, -0.02090752, 0.00000000, 0.00000000, 0.00000000, 0.00000000
5, 0.0800, 8, 0.99620634, 0.00655272, -0.13094679, -18.07760811, -45.55677414, 106.44939423, 9.23706532, 57.79011917, -79.07044983, 1.87030554, 3.22391152, 11.30793667, 0.99465412, -0.01346391, -0.02959693, -0.09801129, 0.02347757, 0.05881865, 0.00258141, 0.00000000, 0.00000000, 0.00000000, 0.00000000
5, 0.0900, 9, 0.96489280, 0.09342369, -0.14740786, -17.79415512, -51.46362305, 105.93695068, 10.43554497, 56.27009583, -79.50891113, 2.98384690, 3.55416894, 11.64592648, 0.99410653, -0.02274407, -0.03348074, -0.10056859, 0.10427453, -0.01271237, -0.01816441, 0.00000000, 0.00000000, 0.00000000, 0.00000000
5, 0.1000, 10, 0.90546572, 0.15269123, -0.17313105, -15.82973671, -56.66007996, 105.45507812, 10.52323914, 56.38702011, -79.53814697, 4.13258314, 3.83738780, 11.97265720, 0.99346888, -0.03234952, -0.03703522, -0.10296427, 0.17590088, -0.05838360, -0.06796227, 0.00000000, 0.00000000, 0.00000000, 0.00000000
2, 0.0701, 7, 0.69839656, 0.39040917, 0.21190083, -20.56879997, 4.00763178, 166.05166626, 25.22654152, 57.05933762, 68.51797485, -2.41772723, 10.37406349, -14.45565796, 0.98801124, 0.00947168, -0.09231224, 0.12337978, -0.02307473, 0.16102567, -0.19021651, 0.00000000, 0.00000000, 0.00000000, 0.00000000
5, 0.1100, 11, 0.81386292, 0.19999011, -0.18094352, -10.62429810, -60.02471161, 101.62814331, 11.34171295, 54.75007248, -80.32739258, 3.92890382, 0.95613939, 14.73426151, 0.99116421, -0.03292599, -0.01266543, -0.12786315, 0.21626130, -0.10185719, -0.15311792, 0.00000000, 0.00000000, 0.00000000, 0.00000000
2, 0.0801, 8, 0.67307335, 0.37860215, 0.20847586, -27.12573242, 4.18400240, 167.94207764, 25.69424057, 57.00087738, 68.81028748, -3.61035347, 11.49342918, -15.20310497, 0.98615825, 0.01782823, -0.10334789, 0.12842655, 0.00650685, 0.17490816, -0.21123528, 0.00000000, 0.00000000, 0.00000000, 0.00000000
2, 0.0901, 9, 0.62186188, 0.38835871, 0.22628014, -33.52417755, 4.02203226, 169.45977783, 27.44811440, 55.89009094, 68.95644379, -4.86729050, 12.61139965, -15.93975830, 0.98410845, 0.02658289, -0.11452608, 0.13307059, 0.07573668, 0.19007947, -0.22813863, 0.00000000, 0.00000000, 0.00000000, 0.00000000
2, 0.1001, 10, 0.58406514, 0.40944347, 0.22111052, -35.84890366, 4.17752123, 169.66146851, 28.29582024, 55.36392975, 69.10260010, -6.15961599, 13.71473217, -16.69008255, 0.98184645, 0.03547408, -0.12570508, 0.13754067, 0.12937737, 0.22997318, -0.24061921, 0.00000000, 0.00000000, 0.00000000, 0.00000000
5, 0.1200, 12, 0.73931485, 0.20622949, -0.18014893, -6.79848433, -59.85591125, 96.65863037, 11.34171295, 54.75007248, -80.32739258, 5.03026295, 1.15846872, 14.96358871, 0.99053836, -0.04219230, -0.01572744, -0.12963918, 0.19259444, -0.10895951, -0.22805208, 0.00000000, 0.00000000, 0.00000000, 0.00000000
5, 0.1300, 13, 0.71126842, 0.17173901, -0.16160439, -4.39898729, -59.07136536, 93.10652924, 11.89710617, 51.62233353, -80.23969269, 6.10386133, 1.34076631, 15.16717815, 0.98986197, -0.05122984, -0.01860720, -0.13115875, 0.16281441, -0.11512688, -0.25892326, 0.00000000, 0.00000000, 0.00000000, 0.00000000
5, 0.1400, 14, 0.72569114, 0.13801345, -0.12872717, -3.90032291, -56.69677353, 90.84333801, 12.27711201, 52.55773163, -80.59046936, 7.14615297, 1.52225602, 15.36523342, 0.98912090, -0.05998426, -0.02146971, -0.13259339, 0.11741610, -0.13109893, -0.24868354, 0.00000000, 0.00000000, 0.00000000, 0.00000000
5, 0.1500, 15, 0.71214622, 0.14103569, -0.12157610, -5.05036211, -53.13304520, 89.24288177, 13.59251690, 51.62233353, -81.05816650, 8.15225315, 1.71436286, 15.57517815, 0.98830456, -0.06839638, -0.02441518, -0.13408946, 0.11933701, -0.15581739, -0.26018888, 0.00000000, 0.00000000, 0.00000000, 0.00000000
2, 0.1101, 11, 0.51780522, 0.38901630, 0.16380119, -35.13861847, 5.44729137, 168.02587891, 28.29582024, 55.36392975, 69.10260010, -2.83798552, 13.56323242, -14.05339718, 0.98560077, 0.00996445, -0.12017065, 0.11853640, 0.15088330, 0.25803113, -0.32245982, 0.00000000, 0.00000000, 0.00000000, 0.00000000
2, 0.1201, 12, 0.43970680, 0.36363468, 0.08499477, -33.20329285, 13.29800034, 165.30108643, 29.99123001, 54.42852783, 69.68722534, -4.14691687, 14.59380722, -14.80360317, 0.98358399, 0.01923701, -0.13049343, 0.12314269, 0.15664534, 0.25920033, -0.43269041, 0.00000000, 0.00000000, 0.00000000, 0.00000000
5, 0.1600, 16, 0.62356764, 0.20717378, -0.13042265, -4.70292759, -50.67267990, 84.05679321, 13.00789261, 51.71002579, -81.17509460, 5.97583818, -1.59416676, 17.88400459, 0.98629522, -0.05364623, 0.00562222, -0.15592456, 0.16995265, -0.20153357, -0.34058946, 0.00000000, 0.00000000, 0.00000000, 0.00000000
2, 0.1301, 13, 0.45157889, 0.33248535, 0.01152452, -34.38333511, 14.25381660, 161.44506836, 31.39432907, 53.11312485, 70.33031464, -5.46263647, 15.57553291, -15.55513096, 0.98142117, 0.02846201, -0.14049415, 0.12752943, 0.11285783, 0.31090540, -0.47080943, 0.00000000, 0.00000000, 0.00000000, 0.00000000
5, 0.1700, 17, 0.54441321, 0.27267915, -0.13913055, -1.98660123, -50.56797409, 76.26065826, 13.00789261, 51.71002579, -81.17509460, 6.86432886, -1.46165621, 18.03714943, 0.98566628, -0.06111764, 0.00319111, -0.15721487, 0.18783586, -0.21876848, -0.41590604, 0.00000000, 0.00000000, 0.00000000, 0.00000000
5, 0.1800, 18, 0.51875579, 0.29982206, -0.14415784, 1.11571658, -51.03211975, 70.54917145, 13.73867321, 50.89155197, -81.81818390, 7.71977091, -1.36890042, 18.15142059, 0.98504376, -0.06834927, 0.00115157, -0.15816444, 0.21498933, -0.25025967, -0.43666708, 0.00000000, 0.00000000, 0.00000000, 0.00000000
5, 0.1900, 19, 0.50648457, 0.28548801, -0.13510706, 3.63252544, -51.14956284, 66.88644409, 14.23560333, 50.01461411, -81.81818390, 8.55355930, -1.29937983, 18.23531342, 0.98441839, -0.07541938, -0.00065196, -0.15884580, 0.20170927, -0.26045877, -0.44900587, 0.00000000, 0.00000000, 0.00000000, 0.00000000
2, 0.1401, 14, 0.44513911, 0.33520424, -0.00944847, -34.73483658, 2.84200740, 156.66537476, 31.92049026, 52.55773163, 70.73954773, -6.69748545, 16.59658051, -16.25169945, 0.97911423, 0.03685597, -0.15080377, 0.13128316, 0.12510924, 0.34846264, -0.47773829, 0.00000000, 0.00000000, 0.00000000, 0.00000000
2, 0.1501, 15, 0.38763890, 0.31805429, 0.00086548, -37.86507797, -15.67951584, 150.17144775, 33.23589706, 51.94387436, 70.53492737, -7.80809546, 17.70701981, -16.83198929, 0.97671050, 0.04407641, -0.16174422, 0.13391356, 0.18052232, 0.34762442, -0.51397741, 0.00000000, 0.00000000, 0.00000000, 0.00000000
2, 0.1601, 16, 0.25625584, 0.31097883, -0.01494603, -40.37450790, -30.16386032, 140.86959839, 33.23589706, 51.94387436, 70.53492737, -0.24388890, 17.22574425, -13.63797760, 0.98176444, -0.01569167, -0.14894760, 0.11707729, 0.27465761, 0.33469245, -0.61456597, 0.00000000, 0.00000000, 0.00000000, 0.00000000
2, 0.1701, 17, 0.21216795, 0.29601538, -0.03453933, -40.02755356, -39.48795319, 124.44943237, 34.93130493, 50.95001221, 70.50569916, -1.00300813, 18.38254547, -13.80434036, 0.98013699, -0.01061703, -0.15960547, 0.11723894, 0.28761667, 0.24609178, -0.67075634, 0.00000000, 0.00000000, 0.00000000, 0.00000000
5, 0.2000, 20, 0.48383576, 0.26036090, -0.13893175, 3.51968884, -52.97465897, 63.04120255, 14.64484024, 45.98070526, -83.19204712, 9.37179565, -1.27000368, 18.31308365, 0.98375285, -0.08240493, -0.00209438, -0.15948455, 0.19129351, -0.25366265, -0.47118163, 0.00000000, 0.00000000, 0.00000000, 0.00000000
5, 0.2100, 21, 0.44362047, 0.24422626, -0.14525400, 2.61992431, -56.07687759, 58.42193604, 15.28792763, 49.89768982, -83.19204712, 6.54656363, -5.69184113, 19.21056175, 0.98268497, -0.06449964, 0.03935864, -0.16917710, 0.17099263, -0.23569193, -0.51069397, 0.00000000, 0.00000000, 0.00000000, 0.00000000
5, 0.2200, 22, 0.36778241, 0.22958678, -0.09955196, 2.34521580, -55.51239395, 51.44598007, 15.28792763, 49.89768982, -83.19204712, 7.29116392, -5.75686646, 19.27860069, 0.98211056, -0.07099923, 0.03877436, -0.17004326, 0.07952327, -0.22199920, -0.59302253, 0.00000000, 0.00000000, 0.00000000, 0.00000000
2, 0.1801, 18, 0.15284431, 0.26616916, -0.06461567, -37.82524872, -46.30900574, 109.48941040, 34.60976410, 49.89768982, 70.56416321, -1.61365402, 19.48213577, -13.88579655, 0.97854638, -0.00667384, -0.16961610, 0.11676043, 0.31846443, 0.25707880, -0.73619825, 0.00000000, 0.00000000, 0.00000000, 0.00000000
5, 0.2300, 23, 0.30503431, 0.19650492, -0.05948245, 0.40423012, -51.38418198, 42.68335724, 15.11254025, 48.40689850, -83.63051605, 7.94136906, -5.85285902, 19.34916306, 0.98153538, -0.07673128, 0.03858497, -0.17091496, 0.03475426, -0.23682898, -0.66032016, 0.00000000, 0.00000000, 0.00000000, 0.00000000
2, 0.1901, 19, 0.07496616, 0.25423804, -0.05632743, -30.68782043, -44.74167252, 97.58116150, 35.34054184, 49.54691696, 70.59339142, -2.12586188, 20.48578644, -13.97406101, 0.97698808, -0.00350793, -0.17869110, 0.11641116, 0.38907364, 0.25158739, -0.78651160, 0.00000000, 0.00000000, 0.00000000, 0.00000000
2, 0.2001, 20, 0.06440943, 0.21058455, -0.08946794, -21.91335297, -44.93366623, 88.20374298, 35.34054184, 49.54691696, 70.59339142, -2.53704667, 21.42336655, -14.08346272, 0.97542894, -0.00119199, -0.18708639, 0.11634280, 0.37398791, 0.25121635, -0.82633126, 0.00000000, 0.00000000, 0.00000000, 0.00000000
5, 0.2400, 24, 0.28048387, 0.17896292, -0.04887530, -3.85565472, -46.44709396, 34.95099640, 15.75562668, 48.66997910, -84.47821808, 8.49364185, -5.97025776, 19.44666862, 0.98094350, -0.08166144, 0.03869780, -0.17199953, 0.01652160, -0.24130473, -0.68561554, 0.00000000, 0.00000000, 0.00000000, 0.00000000
2, 0.2101, 21, 0.08502282, 0.22211705, -0.15120919, -11.57912159, -48.39032745, 80.83338928, 37.00672150, 47.26688004, 70.00876617, 9.56748772, 23.71350670, -18.77390862, 0.95940125, -0.11391785, -0.18869637, 0.17597073, 0.35470265, 0.25880221, -0.82570529, 0.00000000, 0.00000000, 0.00000000, 0.00000000
2, 0.2201, 22, 0.05680706, 0.22937009, -0.15990424, -1.98189437, -54.28687286, 70.17393494, 38.11750793, 47.06226349, 70.15492249, 9.50929832, 24.59231949, -18.68633842, 0.95791447, -0.11436844, -0.19626835, 0.17549542, 0.40502053, 0.12456535, -0.82445681, 0.00000000, 0.00000000, 0.00000000, 0.00000000
5, 0.2500, 25, 0.30867904, 0.21537435, -0.06884018, -7.77089882, -42.28508377, 26.24936104, 15.69716454, 48.20227814, -84.85823059, 8.94707775, -6.12097549, 19.56543732, 0.98034823, -0.08579887, 0.03921953, -0.17325678, 0.04953951, -0.26276058, -0.65101457, 0.00000000, 0.00000000, 0.00000000, 0.00000000
2, 0.2301, 23, 0.01170686, 0.21737795, -0.13833892, 5.95649719, -52.07345581, 53.51078415, 38.00058365, 47.90996552, 69.86260986, 9.57832241, 25.33684731, -18.60424232, 0.95650434, -0.11571095, -0.20250222, 0.17522378, 0.45457149, 0.10141296, -0.84555519, 0.00000000, 0.00000000, 0.00000000, 0.00000000
5, 0.2600, 26, 0.38829744, 0.29468697, -0.07858794, -7.94332838, -39.24526978, 15.56299019, 16.69102669, 48.11458588, -84.82899475, 3.65664935, -9.51659393, 23.73731041, 0.97420812, -0.04816724, 0.07459857, -0.20744562, 0.08285303, -0.29645669, -0.56355834, 0.00000000, 0.00000000, 0.00000000, 0.00000000
2, 0.2401, 24, 0.04537669, 0.20465830, -0.10871010, 13.60424900, -45.78414536, 34.24219513, 39.49137497, 47.61765671, 70.15492249, 9.75915909, 25.90127373, -18.54099464, 0.95527756, -0.11778788, -0.20702811, 0.17524321, 0.44904876, 0.07013118, -0.80831778, 0.00000000, 0.00000000, 0.00000000, 0.00000000
2, 0.2501, 25, 0.00929766, 0.22041580, -0.04521249, 19.88467407, -35.22987747, 15.28329182, 39.49137497, 47.61765671, 70.15492249, 10.00983143, 26.26028824, -18.51695442, 0.95431656, -0.12026227, -0.20968027, 0.17564483, 0.52104133, 0.03339732, -0.78999478, 0.00000000, 0.00000000, 0.00000000, 0.00000000
5, 0.2700, 27, 0.44625357, 0.32464111, -0.06063024, -5.00189066, -36.87149811, 2.52518797, 16.69102669, 48.11458588, -84.82899475, 3.90584755, -9.77452183, 23.80607605, 0.97377551, -0.05078620, 0.07631178, -0.20822763, 0.03698254, -0.26219672, -0.50655401, 0.00000000, 0.00000000, 0.00000000, 0.00000000
5, 0.2800, 28, 0.40767017, 0.26083046, -0.04074844, -1.38243937, -30.05613518, -9.55659866, 16.89564514, 47.41303635, -84.65361023, 4.03552532, -10.06121349, 23.81762314, 0.97346681, -0.05240238, 0.07850976, -0.20845327, -0.02032246, -0.23193836, -0.55133069, 0.00000000, 0.00000000, 0.00000000, 0.00000000
2, 0.2601, 26, 0.06217466, 0.24720199, -0.00830854, 27.31010246, -24.42492676, -3.80734181, 38.96521378, 47.50072861, 69.39491272, 13.00233555, 13.09323978, 13.50134182, 0.98176491, -0.09838954, -0.12571560, -0.10321225, 0.46422261, 0.00755579, -0.73524332, 0.00000000, 0.00000000, 0.00000000, 0.00000000
5, 0.2900, 29, 0.34405717, 0.19346878, -0.00846221, -2.22584605, -21.29951096, -19.20433426, 15.60947037, 47.88073730, -84.82899475, 4.03649378, -10.34884834, 23.81999588, 0.97322553, -0.05292019, 0.08095334, -0.20851418, -0.08591527, -0.20542654, -0.62251341, 0.00000000, 0.00000000, 0.00000000, 0.00000000
5, 0.3000, 30, 0.39325383, 0.17702325, 0.01650255, -5.37926197, -8.46826267, -29.65442657, 16.77871895, 47.82227325, -85.79362488, 3.86864662, -10.61436653, 23.83442688, 0.97305274, -0.05197405, 0.08351005, -0.20855048, -0.12628195, -0.20854804, -0.57683885, 0.00000000, 0.00000000, 0.00000000, 0.00000000
5, 0.3100, 31, 0.52846730, 0.20954432, 0.01791561, -7.57018089, 5.94287395, -38.81723404, 15.87255192, 48.55305481, -85.32592773, -0.72311246, -8.94793987, 33.21672440, 0.95548266, -0.01626729, 0.07654849, -0.28447983, -0.11898879, -0.21035400, -0.44142812, 0.00000000, 0.00000000, 0.00000000, 0.00000000
5, 0.3200, 32, 0.64011133, 0.22760157, 0.00666699, -7.85575581, 20.49089432, -46.45873642, 15.87255192, 48.55305481, -85.32592773, -1.21193922, -9.11385727, 33.23504639, 0.95539302, -0.01261760, 0.07914208, -0.28425622, -0.09203612, -0.15371969, -0.33316812, 0.00000000, 0.00000000, 0.00000000, 0.00000000
2, 0.2701, 27, 0.06806089, 0.29326203, 0.01658026, 35.35130310, -17.89490509, -23.21715164, 39.08213806, 47.20841980, 69.39491272, 13.44643402, 13.06674004, 13.44993114, 0.98144501, -0.10227995, -0.12584254, -0.10231374, 0.33231878, -0.02759982, -0.74473131, 0.00000000, 0.00000000, 0.00000000, 0.00000000
2, 0.2801, 28, 0.10040097, 0.32748252, 0.05494967, 43.56875992, -15.11277294, -48.84259415, 39.05290985, 47.50072861, 69.62876129, 14.06461811, 12.83222961, 13.40611553, 0.98111624, -0.10788496, -0.12435049, -0.10153231, 0.34287629, -0.03968712, -0.68391514, 0.00000000, 0.00000000, 0.00000000, 0.00000000
5, 0.3300, 33, 0.67313337, 0.22647068, 0.00021810, -8.11889076, 32.81428909, -55.74843216, 15.90178299, 49.31306458, -85.47208405, -1.84916615, -9.25304127, 33.23689270, 0.95535624, -0.00765365, 0.08188096, -0.28378060, -0.09492611, -0.13856988, -0.29928124, 0.00000000, 0.00000000, 0.00000000, 0.00000000
2, 0.2901, 29, 0.14068840, 0.32936347, 0.10533595, 49.03802872, -14.90266991, -75.53485870, 39.25752640, 48.14381790, 68.92721558, 14.86321926, 12.39066696, 13.40464783, 0.98070085, -0.11521901, -0.12128805, -0.10119167, 0.33411923, -0.08637759, -0.62757200, 0.00000000, 0.00000000, 0.00000000, 0.00000000
2, 0.3001, 30, 0.17354690, 0.33042681, 0.14718793, 52.35150909, -13.62533283, -97.17524719, 39.25752640, 48.14381790, 68.92721558, 15.79266453, 11.77222824, 13.43058681, 0.98018378, -0.12384101, -0.11686224, -0.10122439, 0.32273570, -0.13029180, -0.58093905, 0.00000000, 0.00000000, 0.00000000, 0.00000000
2, 0.3101, 31, 0.17020607, 0.34629446, 0.19031467, 52.30117416, -8.74960613, -113.07424164, 38.84828949, 48.66997910, 68.81028748, 14.96124077, 4.07395887, 21.18700218, 0.97482520, -0.12141211, -0.05856045, -0.17761126, 0.31232962, -0.15969607, -0.55748665, 0.00000000, 0.00000000, 0.00000000, 0.00000000
2, 0.3201, 32, 0.15593873, 0.39971840, 0.16967662, 51.07247162, 1.85904968, -127.25009155, 37.35749817, 49.60537720, 68.51797485, 15.95036030, 3.12317300, 21.20471954, 0.97375536, -0.13135920, -0.05204542, -0.17842814, 0.23363987, -0.10480338, -0.56597292, 0.00000000, 0.00000000, 0.00000000, 0.00000000
2, 0.3301, 33, 0.15389545, 0.46057039, 0.17287678, 54.50447464, 6.85305834, -144.56597900, 36.56825638, 51.65156174, 68.13796997, 17.02383041, 2.01025987, 21.19693947, 0.97244132, -0.14227669, -0.04427221, -0.17931895, 0.24864213, -0.08153616, -0.53121471, 0.00000000, 0.00000000, 0.00000000, 0.00000000
5, 0.3400, 34, 0.65528882, 0.21980011, -0.01297632, -8.87073994, 39.14246368, -68.69754028, 15.84332085, 49.13768005, -84.88745880, -2.62298846, -9.43433857, 33.23160934, 0.95528603, -0.00165188, 0.08530525, -0.28310573, -0.09025778, -0.11212493, -0.31542549, 0.00000000, 0.00000000, 0.00000000, 0.00000000
5, 0.3500, 35, 0.65323132, 0.21928757, -0.01279745, -10.48907757, 36.29635620, -81.39861298, 15.87255192, 49.83922958, -84.47821808, -3.47441578, -9.72248363, 33.24127197, 0.95506889, 0.00471611, 0.08980500, -0.28241187, -0.09468988, -0.09775262, -0.31614438, 0.00000000, 0.00000000, 0.00000000, 0.00000000
5, 0.3600, 36, 0.69973320, 0.23330984, 0.01527013, -13.15025234, 34.39831924, -94.06381226, 15.72639561, 51.03770828, -84.03975677, -6.49839449, -8.33422661, 38.22743988, 0.94220638, 0.02965682, 0.08705939, -0.32216191, -0.11010467, -0.10262464, -0.26983097, 0.00000000, 0.00000000, 0.00000000, 0.00000000
2, 0.3401, 34, 0.14744227, 0.47899601, 0.23964082, 58.15311050, 5.08604479, -165.89630127, 35.69131851, 52.64542389, 67.31949615, 18.23899078, 0.73865563, 21.21129036, 0.97066104, -0.15461186, -0.03542566, -0.18071380, 0.27452835, -0.13515916, -0.48762283, 0.00000000, 0.00000000, 0.00000000, 0.00000000
2, 0.3501, 35, 0.18417442, 0.49807021, 0.31310612, 59.41508865, 2.66722155, -184.72676086, 35.69131851, 52.64542389, 67.31949615, 19.56879044, -0.67419922, 21.25256157, 0.96835345, -0.16809297, -0.02563849, -0.18269938, 0.27074134, -0.19496530, -0.40835595, 0.00000000, 0.00000000, 0.00000000, 0.00000000
2, 0.3601, 36, 0.27078283, 0.55034095, 0.41703826, 62.48195648, 1.54575312, -197.30444336, 34.55130005, 54.10698700, 67.55334473, 16.89688683, -6.05496645, 28.74027824, 0.95493758, -0.15508965, 0.01419503, -0.25266594, 0.24450973, -0.23676729, -0.26498327, 0.00000000, 0.00000000, 0.00000000, 0.00000000
2, 0.3701, 37, 0.41326562, 0.61179215, 0.50799161, 65.46345520, -3.22922635, -207.51234436, 34.20052719, 55.04238510, 67.69950104, 18.39662933, -7.61089277, 28.87409592, 0.95121646, -0.17079702, 0.02368064, -0.25584161, 0.14195347, -0.22934788, -0.09168924, 0.00000000, 0.00000000, 0.00000000, 0.00000000
5, 0.3700, 37, 0.73169154, 0.23643011, 0.04535665, -17.83901405, 38.81325150, -104.88776398, 15.17100239, 51.00847626, -83.95205688, -7.55958700, -8.75551033, 38.32301331, 0.94144422, 0.03708797, 0.09352062, -0.32180932, -0.11820076, -0.08097716, -0.23895989, 0.00000000, 0.00000000, 0.00000000, 0.00000000
2, 0.3801, 38, 0.50724339, 0.70830417, 0.56596047, 68.07839966, -5.17906046, -213.41848755, 31.94972229, 56.47471619, 66.96871948, 19.95515633, -9.20286179, 28.97715950, 0.94700325, -0.18697923, 0.03328938, -0.25906658, 0.12485604, -0.22592986, 0.06404431, 0.00000000, 0.00000000, 0.00000000, 0.00000000
5, 0.3800, 38, 0.72781944, 0.21021032, 0.09375087, -24.34156799, 47.77694321, -115.03688049, 15.17100239, 51.00847626, -83.95205688, -8.77287865, -9.17159271, 38.47451782, 0.94039798, 0.04571582, 0.10038536, -0.32169032, -0.17776437, -0.07517015, -0.24595946, 0.00000000, 0.00000000, 0.00000000, 0.00000000
5, 0.3900, 39, 0.75306714, 0.15243776, 0.14755963, -30.64094162, 60.16018295, -126.82463074, 14.52791595, 53.40543747, -83.45513153, -10.17246723, -9.56723118, 38.67412567, 0.93904579, 0.05585756, 0.10763216, -0.32169592, -0.26613367, -0.04712250, -0.22650483, 0.00000000, 0.00000000, 0.00000000, 0.00000000
5, 0.4000, 40, 0.84241641, 0.07333512, 0.18694523, -36.88880539, 72.79453278, -138.16893005, 14.03098488, 53.63928604, -82.63665771, -11.75720406, -9.93494606, 38.92121506, 0.93734431, 0.06751052, 0.11520826, -0.32179978, -0.36625767, 0.00957092, -0.14288723, 0.00000000, 0.00000000, 0.00000000, 0.00000000
5, 0.4100, 41, 0.97522980, 0.03396217, 0.19672264, -44.30899811, 81.93057251, -144.91972351, 13.50482273, 55.04238510, -82.11049652, -12.44352913, -4.91191959, 47.13596344, 0.91220754, 0.08221293, 0.08233900, -0.39285988, -0.40002382, 0.05600361, -0.01264481, 0.00000000, 0.00000000, 0.00000000, 0.00000000
5, 0.4200, 42, 1.07362890, 0.07645855, 0.19924432, -51.88026428, 87.97227478, -149.04331970, 12.62788677, 56.09470749, -80.82431793, -14.22027302, -5.20425987, 47.50881958, 0.90956932, 0.09502656, 0.09104236, -0.39416382, -0.32186878, 0.04166736, 0.08393983, 0.00000000, 0.00000000, 0.00000000, 0.00000000
2, 0.3901, 39, 0.56839776, 0.77273774, 0.55982655, 72.22511292, 3.89173532, -214.50981140, 30.04969215, 57.49780655, 66.29640198, 21.52437973, -10.83958244, 28.94477081, 0.94257671, -0.20318896, 0.04338799, -0.26149753, 0.08254389, -0.19974890, 0.14998046, 0.00000000, 0.00000000, 0.00000000, 0.00000000
2, 0.4001, 40, 0.65175378, 0.88725483, 0.49133420, 80.99337769, 18.15885925, -213.10792542, 30.04969215, 57.49780655, 66.29640198, 23.12223244, -12.50573158, 28.69821739, 0.93809187, -0.21945089, 0.05400519, -0.26250422, 0.01776119, -0.09346420, 0.24686933, 0.00000000, 0.00000000, 0.00000000, 0.00000000
2, 0.4101, 41, 0.71777058, 1.02396822, 0.48248988, 88.69180298, 32.73296738, -211.07917786, 28.38351250, 58.84244156, 65.91639709, 22.80420303, -13.51235390, 31.07852173, 0.93164349, -0.22003907, 0.05851327, -0.28319502, 0.00882380, -0.00586681, 0.37028518, 0.00000000, 0.00000000, 0.00000000, 0.00000000
2, 0.4201, 42, 0.77707309, 1.15240502, 0.55503076, 91.19637299, 42.81111908, -211.79138184, 26.89272118, 60.21630859, 65.01023102, 24.43111420, -15.24337196, 30.53095245, 0.92715490, -0.23645119, 0.06983700, -0.28213033, 0.04637708, 0.03329552, 0.51870209, 0.00000000, 0.00000000, 0.00000000, 0.00000000
2, 0.4301, 43, 0.84846419, 1.24269450, 0.62899327, 87.92634583, 46.16382217, -212.32833862, 24.87576675, 61.91172028, 64.16252136, 26.05306244, -16.98758507, 29.92425346, 0.92231601, -0.25252432, 0.08146635, -0.28094113, 0.04815892, 0.02353139, 0.67019105, 0.00000000, 0.00000000, 0.00000000, 0.00000000
2, 0.4401, 44, 0.89991796, 1.29181564, 0.72257805, 79.02989197, 40.71451187, -210.79359436, 22.97573853, 62.64250183, 64.22098541, 27.63516235, -18.70802307, 29.36152458, 0.91703027, -0.26796159, 0.09295478, -0.28037751, 0.05390390, -0.02772507, 0.79788136, 0.00000000, 0.00000000, 0.00000000, 0.00000000
2, 0.4501, 45, 0.96183759, 1.30602932, 0.73208916, 67.13621521, 31.15796661, -209.37979126, 22.97573853, 62.64250183, 64.22098541, 29.15550613, -20.40426636, 28.89933968, 0.91125059, -0.28265226, 0.10418488, -0.28084809, -0.00640184, -0.04242635, 0.87382865, 0.00000000, 0.00000000, 0.00000000, 0.00000000
5, 0.4300, 43, 1.08677232, 0.18447435, 0.17758822, -58.40847397, 91.61619568, -153.02706909, 12.62788677, 56.09470749, -80.82431793, -16.06690979, -5.47011137, 47.94697952, 0.90644580, 0.10835192, 0.09989147, -0.39577490, -0.23972671, 0.00784552, 0.11695601, 0.00000000, 0.00000000, 0.00000000, 0.00000000
5, 0.4400, 44, 1.10810435, 0.33691105, 0.17215355, -62.80079651, 98.09518433, -156.81266785, 11.89710617, 56.47471619, -79.97661591, -17.99578476, -5.69081068, 48.42020035, 0.90289760, 0.12236011, 0.10877528, -0.39745694, -0.13988040, -0.06867260, 0.16177917, 0.00000000, 0.00000000, 0.00000000, 0.00000000
5, 0.4500, 45, 1.18902063, 0.49576494, 0.18104632, -68.54527283, 113.33460999, -161.09082031, 11.04940033, 58.72551727, -78.98274994, -20.06924438, -5.80409002, 48.91129303, 0.89885974, 0.13776800, 0.11742345, -0.39910263, -0.05235956, -0.15785715, 0.26651245, 0.00000000, 0.00000000, 0.00000000, 0.00000000
5, 0.4600, 46, 1.26507628, 0.58043766, 0.14474888, -73.32496643, 123.02199554, -162.25373840, 9.82168961, 60.36246490, -77.60888672, -22.17247391, -5.74949312, 49.55937576, 0.89390397, 0.15373370, 0.12517674, -0.40203530, 0.02064160, -0.16073677, 0.36572754, 0.00000000, 0.00000000, 0.00000000, 0.00000000
5, 0.4700, 47, 1.36406207, 0.59426820, 0.15149993, -76.43221283, 126.87731171, -162.91098022, 8.88629055, 60.94709015, -76.96579742, -24.36391830, -5.72111368, 50.08275223, 0.88895535, 0.17029572, 0.13340265, -0.40368488, 0.01337722, -0.14105533, 0.47855619, 0.00000000, 0.00000000, 0.00000000, 0.00000000
5, 0.4800, 48, 1.48682404, 0.54924190, 0.16435735, -79.96263885, 127.96212769, -161.47314453, 8.88629055, 60.94709015, -76.96579742, -26.55862808, -5.64143085, 50.62902451, 0.88357121, 0.18691051, 0.14139286, -0.40543145, -0.04132636, -0.08212888, 0.61085033, 0.00000000, 0.00000000, 0.00000000, 0.00000000
5, 0.4900, 49, 1.54813886, 0.49691343, 0.15364251, -86.56404877, 123.07627869, -158.35084534, 7.24934244, 60.45016098, -75.62116241, -28.71193314, -5.52016068, 51.24340439, 0.87766302, 0.20313242, 0.14915694, -0.40767273, -0.07497253, -0.00273293, 0.68488783, 0.00000000, 0.00000000, 0.00000000, 0.00000000
5, 0.5000, 50, 1.52499998, 0.48827544, 0.13416973, -93.61849213, 114.60265350, -154.65986633, 6.13855600, 62.78865814, -74.10114288, -30.79693413, -5.36814833, 51.94179153, 0.87123865, 0.21868339, 0.15674053, -0.41055244, -0.06120589, 0.04902421, 0.68057519, 0.00000000, 0.00000000, 0.00000000, 0.00000000
5, 0.5100, 51, 1.38401651, 0.51138711, 0.13448483, -100.67645264, 110.02864838, -154.55636597, 5.08623219, 63.34405136, -73.28266144, -30.29852104, -4.75241566, 53.70645905, 0.86531621, 0.21487609, 0.15364936, -0.42596728, -0.02258984, 0.05341350, 0.55514318, 0.00000000, 0.00000000, 0.00000000, 0.00000000
2, 0.4601, 46, 0.97673357, 1.26623392, 0.65871537, 56.73591232, 22.17719460, -206.52467346, 21.33878899, 62.55480957, 63.46097565, 27.14915466, -19.46199608, 31.89281082, 0.91031241, -0.26757157, 0.09442236, -0.30136564, -0.09012638, -0.02440478, 0.83795834, 0.00000000, 0.00000000, 0.00000000, 0.00000000
2, 0.4701, 47, 0.97992289, 1.22121584, 0.59136671, 51.90635300, 17.09236336, -200.45033264, 19.29260445, 64.39637756, 63.43174362, 28.51563263, -21.08040619, 31.65256500, 0.90443784, -0.28130242, 0.10453616, -0.30320513, -0.14321697, 0.00731310, 0.77252471, 0.00000000, 0.00000000, 0.00000000, 0.00000000
2, 0.4801, 48, 1.02801704, 1.22277975, 0.51433128, 50.18794250, 18.52929688, -190.31285095, 17.65565681, 64.95176697, 62.17480087, 29.83872986, -22.61693954, 31.35790825, 0.89862931, -0.29427364, 0.11420356, -0.30467364, -0.24053004, 0.04849462, 0.78760856, 0.00000000, 0.00000000, 0.00000000, 0.00000000
2, 0.4901, 49, 1.06013584, 1.23752785, 0.55803651, 52.41250229, 22.89264297, -180.07853699, 17.65565681, 64.95176697, 62.17480087, 31.15268135, -24.06585884, 30.96083832, 0.89298892, -0.30669445, 0.12343577, -0.30540609, -0.25799370, 0.01473898, 0.85883158, 0.00000000, 0.00000000, 0.00000000, 0.00000000
5, 0.5200, 52, 1.28356385, 0.55972540, 0.16438477, -102.09794617, 113.04538727, -153.76531982, 3.44928384, 64.04560089, -71.29494476, -32.37376404, -4.54147863, 54.47612381, 0.85825092, 0.23024891, 0.16132161, -0.42937899, 0.01046035, 0.00025867, 0.45762289, 0.00000000, 0.00000000, 0.00000000, 0.00000000
5, 0.5300, 53, 1.35161245, 0.58386087, 0.18110053, -100.13177490, 122.14151764, -148.87652588, 3.44928384, 64.04560089, -71.29494476, -34.46253967, -4.23215008, 55.16289139, 0.85105848, 0.24605602, 0.16832213, -0.43223113, 0.01044577, 0.00194716, 0.54489100, 0.00000000, 0.00000000, 0.00000000, 0.00000000
5, 0.5400, 54, 1.47946024, 0.50349051, 0.20472230, -95.86189270, 130.69145203, -142.89093018, 1.78310430, 64.19175720, -70.68108368, -36.54814911, -3.83955812, 55.74143982, 0.84386164, 0.26216459, 0.17462221, -0.43436682, -0.07125662, 0.07488129, 0.68258929, 0.00000000, 0.00000000, 0.00000000, 0.00000000
5, 0.5500, 55, 1.60191464, 0.30616948, 0.21401818, -92.33080292, 133.14300537, -134.86799622, 0.08769365, 65.15638733, -69.57029724, -38.57799149, -3.38684750, 56.23724747, 0.83670092, 0.27807209, 0.18021800, -0.43603787, -0.21972013, 0.24206465, 0.80666196, 0.00000000, 0.00000000, 0.00000000, 0.00000000
5, 0.5600, 56, 1.68818307, 0.16852185, 0.18379363, -91.16039276, 132.18780518, -120.67447662, -2.01695418, 65.85793304, -67.96258545, -34.48744202, -0.77846771, 55.48798752, 0.84617430, 0.25933105, 0.14373668, -0.44280499, -0.28404906, 0.36984226, 0.88773644, 0.00000000, 0.00000000, 0.00000000, 0.00000000
5, 0.5700, 57, 1.71423030, 0.14393112, 0.10303579, -88.07016754, 122.80279541, -105.04135132, -3.12774038, 65.03945923, -67.02718353, -36.19783783, -0.24388811, 55.92277527, 0.83986950, 0.27344418, 0.14744690, -0.44509208, -0.20885569, 0.40611911, 0.88921642, 0.00000000, 0.00000000, 0.00000000, 0.00000000
5, 0.5800, 58, 1.65026021, 0.23856704, 0.03386550, -83.63218689, 105.76233673, -92.16665649, -4.09237051, 66.20870972, -65.53639221, -37.68994904, 0.26304865, 56.35163498, 0.83389860, 0.28575802, 0.15060228, -0.44752043, -0.07729506, 0.40606523, 0.85707164, 0.00000000, 0.00000000, 0.00000000, 0.00000000
2, 0.5001, 50, 1.12537622, 1.21813011, 0.68403083, 55.93031693, 34.16416931, -171.75172424, 15.96024513, 66.32563782, 62.43788147, 32.47358322, -25.45892525, 30.39534950, 0.88761216, -0.31865707, 0.13266271, -0.30496380, -0.27362061, -0.10060186, 0.97793502, 0.00000000, 0.00000000, 0.00000000, 0.00000000
5, 0.5900, 59, 1.56638622, 0.38338062, 0.02115501, -74.84499359, 83.12082672, -80.93549347, -4.09237051, 66.20870972, -65.53639221, -38.93273544, 0.67499733, 56.77960587, 0.82849765, 0.29580963, 0.15356262, -0.45000762, 0.04850406, 0.32707220, 0.80232096, 0.00000000, 0.00000000, 0.00000000, 0.00000000
5, 0.6000, 60, 1.82078028, 0.46904299, -0.04492982, -58.68409348, 63.07639313, -60.55261993, -5.32008171, 65.85793304, -64.77638245, -39.87000275, 1.01046133, 57.10949707, 0.82426035, 0.30343115, 0.15568781, -0.45197988, 0.12731194, 0.32365596, 1.08016241, 0.00000000, 0.00000000, 0.00000000, 0.00000000
5, 0.6100, 61, 3.08731985, 0.17893082, -0.21862295, -33.80935287, 53.88573837, 21.28429985, -5.99239969, 64.33791351, -64.57176208, -32.39218140, 2.32491612, 53.88345718, 0.85334796, 0.25742900, 0.10898293, -0.44005728, -0.09598215, 0.63457417, 2.31327629, 0.00000000, 0.00000000, 0.00000000, 0.00000000
2, 0.5101, 51, 1.25483680, 1.18555450, 0.83431906, 61.28995132, 40.84716415, -161.71609497, 14.23560333, 66.73487091, 61.44402313, 28.13484001, -22.89375877, 32.49088669, 0.89926124, -0.28257117, 0.11817607, -0.31227738, -0.31253150, -0.22638662, 1.13052225, 0.00000000, 0.00000000, 0.00000000, 0.00000000
2, 0.5201, 52, 1.35141635, 1.14730036, 0.97912323, 65.20307922, 41.93786621, -152.37747192, 12.42326832, 67.11487579, 61.15171051, 29.39992142, -24.14363670, 31.86264801, 0.89498127, -0.29414088, 0.12641007, -0.31066102, -0.30210224, -0.32187042, 1.21756399, 0.00000000, 0.00000000, 0.00000000, 0.00000000
2, 0.5301, 53, 1.43275726, 1.08120084, 0.95729661, 64.56532288, 43.22057343, -144.36824036, 10.78631973, 67.23180389, 61.44402313, 30.64726448, -25.31833649, 31.18426704, 0.89080745, -0.30516857, 0.13427565, -0.30871388, -0.42274052, -0.36639392, 1.24811447, 0.00000000, 0.00000000, 0.00000000, 0.00000000
2, 0.5401, 54, 1.47275507, 1.00548172, 0.84864843, 63.22808075, 45.79581451, -133.60974121, 10.78631973, 67.23180389, 61.44402313, 31.85495758, -26.40035057, 30.45033646, 0.88688630, -0.31545883, 0.14171778, -0.30632436, -0.56061095, -0.35557932, 1.20079947, 0.00000000, 0.00000000, 0.00000000, 0.00000000
5, 0.6200, 62, 3.10018158, -0.33494297, -0.47000378, 0.02567999, 24.02797508, 101.72586823, -5.37854433, 65.03945923, -64.65945435, -31.83457375, 3.10049295, 53.48464966, 0.85514605, 0.25653252, 0.10012756, -0.43919337, -0.23949733, 1.09573483, 2.24260640, 0.00000000, 0.00000000, 0.00000000, 0.00000000
2, 0.5501, 55, 1.72019351, 0.87967074, 0.79659510, 59.54932022, 49.65251541, -115.64513397, 9.44168377, 67.46565247, 59.42706680, 32.96226120, -27.33969116, 29.66605568, 0.88353717, -0.32449165, 0.14849442, -0.30334246, -0.84043968, -0.41910356, 1.30202353, 0.00000000, 0.00000000, 0.00000000, 0.00000000
5, 0.6300, 63, 1.60562944, -0.46605450, -0.25141537, 10.80867004, -17.62742805, 88.64294434, -4.94007587, 61.76556396, -64.54253387, -31.07241249, 3.50135517, 53.23042297, 0.85730076, 0.25253946, 0.09362347, -0.43874151, -0.28229603, 1.03204834, 0.72216582, 0.00000000, 0.00000000, 0.00000000, 0.00000000
2, 0.5601, 56, 3.62758303, 0.87898195, 1.16894066, 38.47401047, 34.79676819, -25.42633820, 9.17860222, 67.64103699, 59.95322800, 26.48149300, -20.31085777, 24.67133522, 0.92741674, -0.25691673, 0.11950349, -0.24415338, -1.98882544, -0.67266941, 2.81761479, 0.00000000, 0.00000000, 0.00000000, 0.00000000
2, 0.5701, 57, 3.88883901, 1.48374057, 1.94076133, 4.85594606, 6.53117228, 88.60900879, 8.38935947, 66.93949127, 59.51476288, 26.11505508, -19.56431961, 24.45604134, 0.93007064, -0.25264847, 0.11459787, -0.24084154, -1.39500713, -0.73629177, 3.61520338, 0.00000000, 0.00000000, 0.00000000, 0.00000000
5, 0.6400, 64, 0.88979304, -0.05348805, -0.18445180, 12.22947884, -43.20826340, 78.77887726, -4.94007587, 61.76556396, -64.54253387, -30.20017624, 3.68639302, 53.11133575, 0.85942256, 0.24678519, 0.08862576, -0.43890244, 0.04514394, 0.67198312, 0.03559431, 0.00000000, 0.00000000, 0.00000000, 0.00000000
2, 0.5801, 58, 2.70828176, 1.25555027, 1.29015303, 28.31885147, 27.68360710, 109.84055328, 9.17860222, 67.14411163, 59.33937454, 25.81934738, -18.65393829, 23.87721825, 0.93354231, -0.24837095, 0.10894946, -0.23439419, -0.97982723, -0.43490174, 2.33462620, 0.00000000, 0.00000000, 0.00000000, 0.00000000
5, 0.6500, 65, 1.50717330, 0.47617105, -0.48726246, 29.65062904, -75.98721313, 107.06190491, -4.06313944, 61.50248337, -65.01023102, -28.88378716, 3.77528596, 52.91757965, 0.86283541, 0.23736629, 0.08250242, -0.43859535, 0.54421914, 0.47310203, 0.71394420, 0.00000000, 0.00000000, 0.00000000, 0.00000000
2, 0.5901, 59, 1.81210339, 0.16776970, 0.74767864, 42.85494614, 42.55646515, 86.87614441, 9.17860222, 67.14411163, 59.33937454, 25.71743584, -17.95899010, 23.11726952, 0.93648463, -0.24585202, 0.10503529, -0.22698259, -1.14280045, -0.82197374, 0.88079262, 0.00000000, 0.00000000, 0.00000000, 0.00000000
2, 0.6001, 60, 1.99461353, 0.17025951, 0.83853382, 4.31250525, 41.70924759, 130.46864319, 9.93861389, 66.99795532, 58.72551727, 25.06040382, -17.00907326, 22.55114937, 0.94053948, -0.23865443, 0.09962457, -0.22023767, -1.21185327, -0.88019645, 1.04930592, 0.00000000, 0.00000000, 0.00000000, 0.00000000
2, 0.6101, 61, 2.15338469, 0.40612617, 0.79675621, -23.92785454, 40.56529236, 162.46383667, 11.48786926, 68.10874176, 58.60859299, 18.39057350, -9.56882381, 20.82205200, 0.96510625, -0.17150006, 0.05220282, -0.19087353, -1.18328929, -0.65168178, 1.23256660, 0.00000000, 0.00000000, 0.00000000, 0.00000000
5, 0.6600, 66, 2.14864159, 0.52581906, -0.34418309, 69.05667877, -104.12561035, 137.83964539, -3.36159015, 63.75328827, -65.44869995, -22.57203293, 2.36287498, 54.52150726, 0.86970794, 0.18319435, 0.07164858, -0.45267475, 0.38435110, 0.29667974, 1.31856871, 0.00000000, 0.00000000, 0.00000000, 0.00000000
2, 0.6201, 62, 2.23134255, 0.64455712, 0.76489824, -41.50465775, 32.83297348, 182.62641907, 13.24174213, 68.37181854, 59.86553574, 17.08988190, -8.32100677, 20.38599396, 0.96881962, -0.15855098, 0.04438802, -0.18514866, -1.03510857, -0.38237762, 1.33720660, 0.00000000, 0.00000000, 0.00000000, 0.00000000
5, 0.6700, 67, 2.11882305, 0.15562074, -0.08522587, 80.74345398, -94.34529114, 149.68402100, -1.05232382, 63.22712708, -65.88716888, -20.77006721, 2.45578122, 53.86743927, 0.87497556, 0.17021994, 0.06284095, -0.44888079, -0.06751626, 0.30922621, 1.19274068, 0.00000000, 0.00000000, 0.00000000, 0.00000000
2, 0.6301, 63, 2.38123107, 1.01026905, 1.00748146, -51.39520645, 31.21970177, 213.17738342, 14.41099072, 67.90412140, 60.01169205, 15.56901646, -6.84517574, 19.91191483, 0.97272563, -0.14339644, 0.03488307, -0.17895669, -0.81452155, -0.27199250, 1.73756313, 0.00000000, 0.00000000, 0.00000000, 0.00000000
2, 0.6401, 64, 2.60649824, 1.33220661, 1.34350622, -58.97527313, 41.13556671, 250.21858215, 14.41099072, 67.90412140, 60.01169205, 13.76512909, -5.15226746, 19.26752472, 0.97690260, -0.12549298, 0.02395964, -0.17128605, -0.61897689, -0.25383523, 2.21567154, 0.00000000, 0.00000000, 0.00000000, 0.00000000
5, 0.6800, 68, 2.19698048, 0.00000958, -0.05618739, 62.26042557, -75.68327332, 178.42337036, 0.20461853, 61.76556396, -66.29640198, -18.90936661, 2.94742513, 53.28605270, 0.87949002, 0.15815279, 0.05096293, -0.44596857, -0.19774316, 0.37372220, 1.24281931, 0.00000000, 0.00000000, 0.00000000, 0.00000000
2, 0.6501, 65, 2.73658395, 1.47165525, 1.54443550, -70.32383728, 42.80096436, 295.76718140, 17.56796265, 66.03332520, 60.94709015, 11.63470173, -3.14550853, 18.48154640, 0.98112249, -0.10438918, 0.01068035, -0.16244219, -0.50891888, -0.26371458, 2.46738911, 0.00000000, 0.00000000, 0.00000000, 0.00000000
5, 0.6900, 69, 2.63419366, 0.07799670, -0.21754812, 48.81471252, -97.16629028, 213.39755249, 0.20461853, 61.76556396, -66.29640198, -16.66348457, 3.59295011, 52.87383652, 0.88351661, 0.14349696, 0.03670681, -0.44436428, -0.07424122, 0.39186940, 1.68762279, 0.00000000, 0.00000000, 0.00000000, 0.00000000
2, 0.6601, 66, 2.87720251, 1.45229697, 1.56956208, -85.14646912, 44.72081757, 340.62222290, 20.19877243, 66.23793793, 62.02864456, 7.26990652, 1.25534642, 17.84402275, 0.98596156, -0.06093292, -0.02063243, -0.15408245, -0.55851519, -0.24719404, 2.55838084, 0.00000000, 0.00000000, 0.00000000, 0.00000000
5, 0.7000, 70, 3.02873397, 0.10051271, -0.20406714, 46.05426025, -137.61869812, 241.40408325, 2.25080395, 62.20403290, -67.67027283, -13.93962479, 4.17783785, 52.60445786, 0.88729334, 0.12474301, 0.02129834, -0.44350439, -0.10952793, 0.32338724, 2.06775689, 0.00000000, 0.00000000, 0.00000000, 0.00000000
2, 0.6701, 67, 2.95677114, 1.36047184, 1.45087540, -104.28732300, 36.91293716, 381.09219360, 23.20958710, 63.57789993, 62.49634552, 4.39628649, 3.81145859, 16.73070335, 0.98827124, -0.03309179, -0.03845412, -0.14403529, -0.64937246, -0.15682711, 2.49975991, 0.00000000, 0.00000000, 0.00000000, 0.00000000
5, 0.7100, 71, 2.93381619, 0.05768178, -0.17192087, 46.96239471, -168.37295532, 262.07632446, 4.09237051, 60.97632217, -69.45337677, -8.39148426, 4.52431965, 52.98466492, 0.89061171, 0.08299072, -0.00262098, -0.44712043, -0.14074327, 0.27210218, 1.95359874, 0.00000000, 0.00000000, 0.00000000, 0.00000000
2, 0.6801, 68, 2.88946509, 1.25665915, 1.25875747, -121.44193268, 31.02535439, 424.41220093, 27.50657654, 61.56094742, 63.72405624, 1.14398015, 6.65454483, 15.42772579, 0.98930883, -0.00208595, -0.05884884, -0.13341881, -0.70150352, -0.04066764, 2.30356121, 0.00000000, 0.00000000, 0.00000000, 0.00000000
5, 0.7200, 72, 2.47287583, 0.07801292, -0.25795880, 49.02288818, -195.87890625, 282.79382324, 6.46009922, 58.22858810, -70.33031464, -4.96000528, 5.00629568, 52.88508606, 0.89284778, 0.05813673, -0.01981844, -0.44615060, 0.00183256, 0.22730063, 1.49298537, 0.00000000, 0.00000000, 0.00000000, 0.00000000
2, 0.6901, 69, 2.69343758, 1.22196603, 1.04473102, -139.13090515, 30.38634491, 473.27032471, 27.50657654, 61.56094742, 63.72405624, -2.58550572, 9.76104641, 13.82109356, 0.98865312, 0.03254973, -0.08173396, -0.12175827, -0.63409448, 0.14740440, 2.04638577, 0.00000000, 0.00000000, 0.00000000, 0.00000000
5, 0.7300, 73, 2.26851583, 0.17668681, -0.34177274, 55.47181702, -225.64660645, 304.99645996, 8.71090317, 56.62086868, -71.41186523, -1.15713215, 5.42604256, 52.80356598, 0.89443588, 0.03008071, -0.03790926, -0.44456995, 0.16361794, 0.14839658, 1.30289471, 0.00000000, 0.00000000, 0.00000000, 0.00000000
2, 0.7001, 70, 2.49983597, 1.22843075, 0.90057921, -150.30816650, 29.43929291, 511.11367798, 30.31277466, 60.24554062, 64.98100281, -6.73764515, 13.01532078, 11.85384846, 0.98585010, 0.06975526, -0.10650657, -0.10904166, -0.51026314, 0.32169592, 1.85449433, 0.00000000, 0.00000000, 0.00000000, 0.00000000
5, 0.7400, 74, 2.25094128, 0.22638841, -0.36824858, 57.16444397, -229.62426758, 314.65972900, 8.71090317, 56.62086868, -71.41186523, 2.74685884, 5.88678646, 52.74733734, 0.89502382, 0.00135851, -0.05662479, -0.44240719, 0.22636050, 0.06261808, 1.29237711, 0.00000000, 0.00000000, 0.00000000, 0.00000000
2, 0.7101, 71, 2.41324401, 1.27916622, 0.89453745, -159.98085022, 31.39440536, 540.79547119, 34.11283112, 57.03010941, 66.12101746, -8.07396984, 15.63890839, 10.59996796, 0.98313385, 0.08198355, -0.12869170, -0.10082150, -0.37369603, 0.42119718, 1.83562493, 0.00000000, 0.00000000, 0.00000000, 0.00000000
5, 0.7500, 75, 2.24493289, 0.19538251, -0.34351161, 51.47763824, -226.58436584, 316.59222412, 11.22478771, 54.34083557, -73.60420990, 6.64613962, 6.38069010, 52.78105545, 0.89432704, -0.02714905, -0.07549471, -0.44016206, 0.19668040, 0.00092244, 1.28600311, 0.00000000, 0.00000000, 0.00000000, 0.00000000
2, 0.7201, 72, 2.39796352, 1.27798247, 0.96666706, -168.91549683, 29.78243637, 569.25634766, 37.82519531, 52.87927628, 67.26103210, -13.03884411, 19.04923248, 7.99392319, 0.97614443, 0.12316178, -0.15619637, -0.08704004, -0.27945778, 0.40620661, 1.88149047, 0.00000000, 0.00000000, 0.00000000, 0.00000000
5, 0.7600, 76, 2.39762759, 0.09688023, -0.37232956, 41.13294983, -229.44738770, 318.98663330, 13.03712368, 51.79771805, -75.79654694, 9.55961514, 5.45100927, 54.40092850, 0.88712823, -0.05236768, -0.08019138, -0.45147595, 0.13352972, 0.02970243, 1.43936908, 0.00000000, 0.00000000, 0.00000000, 0.00000000
2, 0.7301, 73, 2.38613725, 1.22956896, 1.01512837, -173.65020752, 24.75924873, 590.92028809, 41.71294785, 52.87927628, 68.31335449, -18.43539238, 22.38869476, 4.90996408, 0.96608615, 0.16520253, -0.18472379, -0.07254642, -0.21539310, 0.41654071, 1.91277838, 0.00000000, 0.00000000, 0.00000000, 0.00000000
5, 0.7700, 77, 2.58827019, -0.03545004, -0.40807793, 30.87957001, -241.06355286, 322.57330322, 14.82022762, 48.23151016, -77.63811493, 13.59896660, 5.82859135, 54.69926071, 0.88359725, -0.08183120, -0.09916389, -0.45025110, 0.03437966, 0.09567128, 1.62915170, 0.00000000, 0.00000000, 0.00000000, 0.00000000
2, 0.7401, 74, 2.42941070, 1.15747988, 0.91246653, -171.07359314, 23.94191360, 609.42663574, 41.71294785, 48.75767136, 68.31335449, -24.29866791, 25.51677895, 1.24656093, 0.95290339, 0.20760044, -0.21364820, -0.05684721, -0.28145021, 0.51717782, 1.90608466, 0.00000000, 0.00000000, 0.00000000, 0.00000000
5, 0.7800, 78, 2.59086013, -0.04943108, -0.43393743, 19.35560226, -256.16751099, 327.35494995, 16.57410049, 45.98070526, -79.80122375, 17.77540398, 6.07297945, 55.13116455, 0.87839544, -0.11254849, -0.11779059, -0.44931012, 0.04846308, 0.05423466, 1.65094519, 0.00000000, 0.00000000, 0.00000000, 0.00000000
2, 0.7501, 75, 2.48157573, 0.99965286, 0.72488344, -161.43579102, 14.39495373, 626.68780518, 44.48991394, 43.55451584, 69.13182831, -30.59958839, 28.39116478, -3.06484318, 0.93650103, 0.24939486, -0.24329761, -0.03967911, -0.44381601, 0.61540163, 1.83075905, 0.00000000, 0.00000000, 0.00000000, 0.00000000
5, 0.7900, 79, 2.53691387, 0.10396436, -0.51534134, 12.99920750, -266.55993652, 330.69335938, 16.57410049, 45.98070526, -79.80122375, 22.04686356, 6.20976114, 55.63322067, 0.87168556, -0.14405812, -0.13611709, -0.44820067, 0.22123037, -0.07247669, 1.64229500, 0.00000000, 0.00000000, 0.00000000, 0.00000000
2, 0.7601, 76, 2.48396111, 0.79855663, 0.64758486, -153.73490906, 4.74695921, 643.07720947, 46.44840622, 37.79596710, 69.48260498, -30.05036926, 30.56114578, -5.53395367, 0.93387955, 0.23749945, -0.26631135, -0.02326754, -0.54451776, 0.57943028, 1.74855828, 0.00000000, 0.00000000, 0.00000000, 0.00000000
5, 0.8000, 80, 2.55574656, 0.24027288, -0.62417352, 14.48213577, -275.93637085, 324.19418335, 17.94796753, 42.91143036, -82.81204224, 26.33160210, 6.21150160, 56.08587646, 0.86393601, -0.17593139, -0.15348600, -0.44621167, 0.39078441, -0.16679694, 1.71208286, 0.00000000, 0.00000000, 0.00000000, 0.00000000
2, 0.7701, 77, 2.36474085, 0.60826147, 0.50693923, -170.97032166, 4.55681467, 653.08331299, 48.43613052, 30.72201157, 69.68722534, -37.21287918, 33.21266174, -10.58029747, 0.91274261, 0.27948269, -0.29789343, -0.00706294, -0.58983129, 0.55097413, 1.52840781, 0.00000000, 0.00000000, 0.00000000, 0.00000000
5, 0.8100, 81, 2.52635717, 0.26240328, -0.75248098, 17.53720665, -287.05746460, 312.55084229, 19.20491028, 38.26366425, -85.23823547, 26.39329529, 3.10388494, 57.74775314, 0.85523295, -0.18710747, -0.13328882, -0.46454445, 0.48821294, -0.14630708, 1.72086966, 0.00000000, 0.00000000, 0.00000000, 0.00000000
2, 0.7801, 78, 2.19198012, 0.40584025, 0.42214525, -181.14270020, 2.91049218, 662.76861572, 48.43613052, 30.72201157, 69.68722534, -44.97463608, 35.36510086, -16.17377281, 0.88789976, 0.32130456, -0.32911971, 0.00881740, -0.57579815, 0.53969193, 1.34835672, 0.00000000, 0.00000000, 0.00000000, 0.00000000
5, 0.8200, 82, 2.41770959, 0.18424886, -0.91009182, 17.42710495, -297.18328857, 298.92092896, 19.23414230, 37.32826614, -87.54750061, 30.60627937, 2.80012465, 58.01010132, 0.84644216, -0.21932727, -0.14854696, -0.46191454, 0.52128255, 0.00007331, 1.62728024, 0.00000000, 0.00000000, 0.00000000, 0.00000000
2, 0.7901, 79, 1.92893028, 0.14781235, 0.37089413, -184.58215332, 1.02944601, 662.74853516, 50.16077042, 24.93422890, 70.35954285, -53.15027618, 36.88913727, -22.19474983, 0.85978580, 0.36199081, -0.35935450, 0.02440292, -0.51784104, 0.45950690, 1.10248029, 0.00000000, 0.00000000, 0.00000000, 0.00000000
5, 0.8300, 83, 2.32727718, -0.02184217, -1.05778241, 13.81959820, -305.77914429, 281.21838379, 19.70184135, 34.55130005, -90.29523468, 34.73779297, 2.30936027, 58.17245483, 0.83679718, -0.25147322, -0.16189717, -0.45860785, 0.49393070, 0.18918741, 1.57067907, 0.00000000, 0.00000000, 0.00000000, 0.00000000
2, 0.8001, 80, 1.67649651, -0.15137869, 0.44804704, -184.65121460, -0.95503771, 653.20068359, 50.04384613, 18.70797920, 69.33644867, -61.49437332, 37.71869278, -28.42456627, 0.82897413, 0.40079027, -0.38808611, 0.03947416, -0.43371660, 0.25161040, 0.91403866, 0.00000000, 0.00000000, 0.00000000, 0.00000000
5, 0.8400, 84, 2.22269344, -0.30907020, -1.31989956, 2.94432235, -310.54348755, 263.08621216, 19.55568504, 31.97895241, -92.92604065, 38.75199127, 1.62403369, 58.28035736, 0.82616830, -0.28323540, -0.17321354, -0.45521525, 0.49343017, 0.52001584, 1.50697744, 0.00000000, 0.00000000, 0.00000000, 0.00000000
2, 0.8101, 81, 1.48236978, -0.59057510, 0.48532915, -187.00448608, -6.55493116, 642.79583740, 49.10844803, 10.75708866, 69.59953308, -65.78267670, 39.47194672, -32.43592834, 0.81014132, 0.41161266, -0.41503167, 0.04466379, -0.48467195, -0.04565293, 0.66895658, 0.00000000, 0.00000000, 0.00000000, 0.00000000
5, 0.8500, 85, 2.15093184, -0.49792603, -1.61571348, -6.77045774, -316.40499878, 248.29568481, 19.55568504, 31.97895241, -92.92604065, 42.68282700, 0.76775187, 58.31356049, 0.81457675, -0.31476408, -0.18275003, -0.45165330, 0.57620835, 0.80605012, 1.49067259, 0.00000000, 0.00000000, 0.00000000, 0.00000000
2, 0.8201, 82, 1.31536806, -1.10613716, 0.35227728, -194.00656128, -28.61080933, 643.62518311, 48.28997421, 6.54779291, 68.66413116, -74.39107513, 39.46464539, -38.98023224, 0.77493727, 0.44670022, -0.44339091, 0.05775520, -0.67199200, -0.30243808, 0.30016163, 0.00000000, 0.00000000, 0.00000000, 0.00000000
5, 0.8600, 86, 2.17676592, -0.73607814, -1.93341827, -6.35378647, -338.43441772, 231.55366516, 19.58491707, 27.36042023, -95.90763092, 45.45933533, -2.52055407, 59.28121185, 0.79724866, -0.34577462, -0.17341124, -0.46342543, 0.61610347, 1.15036583, 1.56877887, 0.00000000, 0.00000000, 0.00000000, 0.00000000
2, 0.8301, 83, 0.93629563, -1.54857194, 0.11068169, -196.07205200, -70.27116394, 648.74938965, 48.28997421, 6.54779291, 68.66413116, -82.98107147, 38.95845413, -45.79563904, 0.73650032, 0.47817075, -0.47311962, 0.07126001, -0.74775386, -0.41259646, -0.19864607, 0.00000000, 0.00000000, 0.00000000, 0.00000000
5, 0.8700, 87, 2.26083779, -0.90110373, -2.15759373, 1.72971666, -383.61865234, 210.63938904, 19.38029861, 27.50657654, -98.88921356, 49.61816406, -3.83326602, 58.61791992, 0.78420508, -0.38054103, -0.17881253, -0.45633003, 0.60612941, 1.38671160, 1.70022845, 0.00000000, 0.00000000, 0.00000000, 0.00000000
2, 0.8401, 84, 0.30675775, -1.97939074, -0.04673733, -191.44505310, -120.41896820, 657.58135986, 45.16223145, 0.99386144, 66.82256317, -91.43109894, 37.86886978, -52.88584900, 0.69478631, 0.50541222, -0.50439680, 0.08610755, -0.60529536, -0.58517253, -0.82296646, 0.00000000, 0.00000000, 0.00000000, 0.00000000
5, 0.8800, 88, 1.97346759, -1.06941235, -2.25128055, 23.94540405, -444.90319824, 181.27471924, 17.42180634, 23.99883080, -102.28003693, 54.08147812, -5.33991957, 57.22465134, 0.77092308, -0.41854089, -0.18105054, -0.44465950, 0.57291949, 1.52682447, 1.46852112, 0.00000000, 0.00000000, 0.00000000, 0.00000000
2, 0.8501, 85, -0.38236788, -2.12442708, -0.03546781, -175.83834839, -157.50650024, 659.59783936, 43.70067215, -4.64776373, 65.24407959, -99.42299652, 36.03616714, -59.92362595, 0.65058267, 0.52855504, -0.53556132, 0.10269333, -0.20399018, -0.68413121, -1.26163745, 0.00000000, 0.00000000, 0.00000000, 0.00000000
5, 0.8900, 89, 1.52471423, -1.34229469, -2.16001534, 49.34135818, -501.99990845, 143.22386169, 16.04793930, 23.12189484, -106.75241089, 58.81201935, -6.90670633, 55.01152420, 0.75762796, -0.45893937, -0.17980458, -0.42783749, 0.35382640, 1.62011993, 1.05806887, 0.00000000, 0.00000000, 0.00000000, 0.00000000
2, 0.8601, 86, -1.13198864, -2.10188603, 0.08735340, -147.00422668, -203.82246399, 659.21313477, 40.48523712, -9.52937698, 62.64250183, -113.86455536, 27.50224876, -73.58869934, 0.54372329, 0.57416588, -0.59140617, 0.15791543, 0.34548074, -0.74785459, -1.57731855, 0.00000000, 0.00000000, 0.00000000, 0.00000000
5, 0.9000, 90, 0.93722367, -1.61610532, -2.00726104, 71.81647491, -555.57623291, 93.06089783, 16.04793930, 23.12189484, -106.75241089, 63.74766541, -8.43974686, 51.90784836, 0.74449152, -0.50085545, -0.17428736, -0.40558624, 0.10779211, 1.67684627, 0.51086015, 0.00000000, 0.00000000, 0.00000000, 0.00000000
2, 0.8701, 87, -1.97359085, -1.87305570, 0.30959302, -112.78059387, -227.47445679, 660.90747070, 37.09441757, -13.44636059, 60.01169205, -119.21588135, 23.45117569, -79.11807251, 0.49354765, 0.58566797, -0.61715877, 0.18033008, 1.04683185, -0.74010909, -1.75798988, 0.00000000, 0.00000000, 0.00000000, 0.00000000
5, 0.9100, 91, 0.47672835, -1.90626276, -1.99174571, 83.00325012, -587.36761475, 43.31552124, 14.23560333, 22.91727448, -110.90324402, 71.35980225, -8.10312939, 45.20642090, 0.73218262, -0.55916810, -0.17062920, -0.34946445, -0.05678895, 1.84013009, 0.11632580, 0.00000000, 0.00000000, 0.00000000, 0.00000000
2, 0.8801, 88, -2.78263712, -1.76467717, 0.90969247, -95.24328613, -234.00184631, 649.64819336, 37.09441757, -13.44636059, 60.01169205, -123.74964142, 18.97532272, -84.03276062, 0.44274077, 0.59425259, -0.63996178, 0.20320785, 1.90406275, -1.09969974, -1.88999379, 0.00000000, 0.00000000, 0.00000000, 0.00000000
5, 0.9200, 92, 0.45477030, -2.13725019, -2.22647572, 103.62683105, -628.35186768, -17.02187157, 11.83864307, 22.24495697, -114.84945679, 76.31574249, -8.94420052, 40.48870468, 0.71882182, -0.59911454, -0.15560946, -0.31645316, -0.03553703, 2.12919164, 0.20867972, 0.00000000, 0.00000000, 0.00000000, 0.00000000
2, 0.8901, 89, -3.12115955, -1.71601331, 0.69343263, -118.74096680, -211.75491333, 592.13812256, 32.30049515, -15.37562084, 58.46243668, -127.70316315, 14.78262138, -88.19449615, 0.39422128, 0.59985149, -0.66018331, 0.22119161, 1.98894310, -0.93138528, -2.14217472, 0.00000000, 0.00000000, 0.00000000, 0.00000000
5, 0.9300, 93, 0.89804250, -2.15651035, -2.11514854, 135.89135742, -693.89495850, -71.60816956, 8.38935947, 22.47880745, -118.91259766, 81.55951691, -9.22495556, 34.79948044, 0.70453000, -0.63945651, -0.13657723, -0.27582532, -0.19581982, 2.04896021, 0.72239262, 0.00000000, 0.00000000, 0.00000000, 0.00000000
2, 0.9001, 90, -3.28544211, -1.64002562, 0.31718713, -150.26800537, -177.39039612, 465.08709717, 27.62350082, -17.83104324, 56.82548904, -130.96711731, 11.60083866, -91.55094147, 0.35383135, 0.60128808, -0.67791516, 0.23170511, 1.89417648, -0.63579035, -2.35233974, 0.00000000, 0.00000000, 0.00000000, 0.00000000
5, 0.9400, 94, 0.92406482, -1.64405322, -1.59822011, 132.61575317, -704.99090576, -102.67687225, 4.82315111, 20.81262779, -123.06343079, 86.69811249, -9.03773022, 28.81159210, 0.68867677, -0.67704505, -0.11475570, -0.23273486, -0.22817178, 1.30931532, 0.83363974, 0.00000000, 0.00000000, 0.00000000, 0.00000000
2, 0.9101, 91, -2.74204421, -1.69803190, -0.47504175, -217.35093689, -261.49783325, 282.19625854, 24.93422890, -19.58491707, 54.72084045, -139.45870972, 5.77820301, -96.04273987, 0.26658213, 0.61365020, -0.70814651, 0.22560135, 1.02915847, -0.15999325, -2.33636284, 0.00000000, 0.00000000, 0.00000000, 0.00000000
5, 0.9500, 95, 0.74934584, -0.64636338, -0.92966455, 102.67882538, -610.19122314, -147.97006226, 4.82315111, 20.81262779, -123.06343079, 90.72692871, -8.53438568, 23.25874138, 0.67560333, -0.70557719, -0.09183606, -0.19309890, -0.01079717, 0.11820628, 0.76358944, 0.00000000, 0.00000000, 0.00000000, 0.00000000
2, 0.9201, 92, -3.04525304, -1.02100742, -1.17396283, -230.11244202, -347.70147705, 107.29415131, 24.46652985, -20.19877243, 51.97310638, -140.29547119, 5.12955475, -100.29606628, 0.24970984, 0.59045398, -0.73109359, 0.23347668, 1.16055775, 0.74508554, -2.48314500, 0.00000000, 0.00000000, 0.00000000, 0.00000000
5, 0.9600, 96, 0.08753669, 0.07536331, -0.43517843, 81.48321533, -420.35488892, -218.46751404, 1.43232965, 21.80648994, -125.16807556, 96.87435150, -17.62787056, 17.21366119, 0.63106608, -0.74627942, -0.01014077, -0.21147066, 0.17327297, -0.73744661, 0.18854456, 0.00000000, 0.00000000, 0.00000000, 0.00000000
2, 0.9301, 93, -3.40040493, -0.18195568, -0.80740589, -219.53889465, -339.45480347, -63.35592651, 24.46652985, -20.19877243, 51.97310638, -140.22618103, 5.90100288, -104.30731964, 0.24665272, 0.56236655, -0.75232661, 0.23856047, 2.01626348, 1.07696521, -2.12602401, 0.00000000, 0.00000000, 0.00000000, 0.00000000
5, 0.9700, 97, -0.45516217, 0.02828128, -0.16545860, 59.33892059, -300.04254150, -312.74542236, -1.52002335, 22.68342590, -126.42501831, 97.99464417, -16.44449425, 12.81259823, 0.63325310, -0.75272655, 0.00990418, -0.17970838, -0.09182993, -0.85635895, -0.30502141, 0.00000000, 0.00000000, 0.00000000, 0.00000000
2, 0.9401, 94, -3.57582974, 0.19920792, -0.41161239, -255.70518494, -363.97634888, -271.81457520, 24.81730461, -19.08798599, 49.72230148, -139.40490723, 8.61600876, -108.57862091, 0.25911504, 0.52474254, -0.77461213, 0.23975161, 2.56150007, 1.07212770, -1.86864877, 0.00000000, 0.00000000, 0.00000000, 0.00000000
5, 0.9800, 98, -0.38138437, -0.30547190, 0.14138223, 21.81565094, -212.24044800, -399.66320801, -2.54311609, 24.02806091, -127.21426392, 97.74493408, -15.44546223, 8.46887016, 0.64251876, -0.75090396, 0.03303155, -0.14906976, -0.53139210, -0.82546878, -0.28569785, 0.00000000, 0.00000000, 0.00000000, 0.00000000
2, 0.9501, 95, -3.42699337, 0.85962772, -0.38494676, -297.27313232, -416.68399048, -500.62884521, 27.79888916, -19.17568016, 46.24378967, -137.84060669, 13.47767925, -113.30643463, 0.28780925, 0.47411996, -0.79727232, 0.23818682, 2.86757493, 1.52970004, -1.44268334, 0.00000000, 0.00000000, 0.00000000, 0.00000000
5, 0.9900, 99, 0.43624976, -0.70204747, 0.44215706, -21.87683868, -112.44459534, -478.32980347, -2.68927217, 25.57731628, -128.29582214, 96.08897400, -14.80670261, 4.29357672, 0.65892547, -0.74017394, 0.05845981, -0.12059157, -1.11088109, -0.74574244, 0.44278425, 0.00000000, 0.00000000, 0.00000000, 0.00000000
2, 0.9601, 96, -1.28269207, 1.94931340, -0.15065920, -391.35958862, -435.14138794, -722.84564209, 32.27126694, -17.39257431, 41.71294785, -141.62466431, 20.62703323, -126.44725037, 0.29663122, 0.36607549, -0.85606098, 0.21250489, 2.11029935, 2.12089205, 0.70654416, 0.00000000, 0.00000000, 0.00000000, 0.00000000
5, 1.0000, 100, 2.58353972, -0.82236302, 1.16590023, -78.14015198, 28.57855988, -575.55310059, -2.68927217, 25.57731628, -128.29582214, 92.58742523, -14.71134090, 0.45865244, 0.68489981, -0.71729046, 0.08559240, -0.09529256, -1.99199796, -1.15606070, 2.44607544, 0.00000000, 0.00000000, 0.00000000, 0.00000000
2, 0.9701, 97, 0.42265582, 4.63127327, -1.13716602, -405.57641602, -564.41180420, -1054.97814941, 38.11750793, -12.89096737, 36.77287292, -139.41896057, 30.27103043, -133.41519165, 0.35730946, 0.27485496, -0.86742163, 0.21062919, 1.87877178, 4.65340948, 2.73702979, 0.00000000, 0.00000000, 0.00000000, 0.00000000
5, 1.0100, 101, 4.69020891, 0.76275158, 0.83971584, -161.19201660, 260.38211060, -591.42169189, -1.46156096, 28.55890083, -127.88658142, 74.75018311, -16.99646568, -5.11598444, 0.78917402, -0.59452587, 0.14411433, -0.05453932, -0.97363293, -2.08526516, 4.57494259, 0.00000000, 0.00000000, 0.00000000, 0.00000000
2, 0.9801, 98, -0.13298874, 5.76134539, -0.19629420, -675.17437744, -727.27807617, -1742.88623047, 38.11750793, -12.89096737, 36.77287292, -138.33045959, 46.97182083, -143.81784058, 0.45534837, 0.13144341, -0.85882509, 0.19442257, 3.50235653, 4.72330236, 3.26744032, 0.00000000, 0.00000000, 0.00000000, 0.00000000
5, 1.0200, 102, 6.40765953, 6.81591940, 0.93387491, -146.91954041, 506.53173828, -309.63018799, 1.11078632, 32.85588837, -126.48348236, 68.35430908, -17.13650131, -3.31083965, 0.82014775, -0.55169123, 0.13925360, -0.06002638, 2.79002476, -6.52902365, 6.55290604, 0.00000000, 0.00000000, 0.00000000, 0.00000000
2, 0.9901, 99, -6.25066328, 8.02671814, 1.63705194, -993.77532959, -421.73944092, -2275.54052734, 45.30838776, -1.40309846, 28.20812607, -144.59434509, 70.18144226, -158.56405640, 0.58436906, -0.02679091, -0.79840732, 0.14262168, 10.11693192, 4.83124065, 0.81169069, 0.00000000, 0.00000000, 0.00000000, 0.00000000
5, 1.0300, 103, 4.11280346, 6.77004528, 0.45930246, 176.82810974, 395.67370605, -308.73486328, 4.44314528, 35.60362244, -123.23881531, 63.73181534, -14.64851570, -3.58096814, 0.84404802, -0.51998675, 0.12457849, -0.04095119, 3.42937756, -6.14589882, 4.23210526, 0.00000000, 0.00000000, 0.00000000, 0.00000000
2, 1.0001, 100, -7.19281816, 8.02966881, 1.79150748, -1144.11096191, 135.82478333, -2275.44238281, 46.97456741, 23.96959877, 26.57117844, 81.40486908, 83.09396362, 63.85298157, 0.71027505, -0.14833456, -0.68484437, 0.06704143, 10.98065376, 4.41844797, -0.04338074, 0.00000000, 0.00000000, 0.00000000, 0.00000000
5, 1.0400, 104, -1.97449541, 2.54375768, 3.31575298, 256.16241455, 189.02804565, -298.96685791, 6.25548077, 36.53902435, -121.95264435, 61.08174133, -12.30590439, -5.59864712, 0.85794377, -0.50011420, 0.11687717, -0.01258010, -0.65960950, -4.97987747, -2.50711966, 0.00000000, 0.00000000, 0.00000000, 0.00000000
2, 1.0101, 101, 4.54261112, 8.00127125, -0.72105980, -917.63995361, 175.47781372, -2081.03881836, 37.15287781, 48.37766647, 32.68050385, 47.68295288, 52.75381851, 25.47502899, 0.83887053, -0.26361713, -0.47620583, -0.00551507, 1.30451846, 5.86634254, 6.62266254, 0.00000000, 0.00000000, 0.00000000, 0.00000000
5, 1.0500, 105, -7.88354540, 5.78527641, 5.04789829, 246.84071350, -175.84123230, -333.72900391, 4.73545742, 37.53288651, -123.03420258, 61.09249115, -11.75530052, -10.07480049, 0.85795283, -0.49586517, 0.13224344, 0.02337828, 1.06052625, -8.52943802, -8.26043987, 0.00000000, 0.00000000, 0.00000000, 0.00000000
2, 1.0201, 102, 8.01925850, 5.71828604, 3.12821436, -582.06811523, -361.61889648, -1093.10424805, 37.15287781, 48.37766647, 32.68050385, 54.06597519, 40.60819244, 30.13715172, 0.84767467, -0.33124962, -0.40928039, -0.06489155, -0.59475911, 1.27623534, 9.64316845, 0.00000000, 0.00000000, 0.00000000, 0.00000000
5, 1.0600, 106, -1.90773344, 4.06903219, 4.29185915, 246.63330078, -75.51119232, -21.61384583, 4.73545742, 37.53288651, -123.03420258, 55.03826904, -7.96294451, -12.61928082, 0.88288295, -0.45137003, 0.11186174, 0.06534445, -0.30043590, -6.75292873, -2.43166041, 0.00000000, 0.00000000, 0.00000000, 0.00000000
2, 1.0301, 103, 6.71137476, 0.33204553, 5.66398716, -255.46606445, -220.69474792, 133.55004883, 26.24963379, 57.87781143, 34.69745636, 55.44652939, 40.19139862, 34.48362732, 0.84133327, -0.32709700, -0.41997257, -0.09375018, -1.13995111, -4.40287542, 7.30507278, 0.00000000, 0.00000000, 0.00000000, 0.00000000
5, 1.0700, 107, 1.48175514, -1.60666466, 1.99892080, 174.45568848, 123.21050262, 244.46179199, 4.99853849, 36.18824768, -123.06343079, 56.08356476, -5.18955326, -11.40906143, 0.87944925, -0.46333575, 0.08644012, 0.06646198, -2.83739281, -1.00406945, 0.57405365, 0.00000000, 0.00000000, 0.00000000, 0.00000000
2, 1.0401, 104, -0.63673669, -4.88838339, 5.91886663, -174.09176636, 390.69876099, 941.99151611, 26.68810272, 59.71937943, 36.62671661, 47.22206879, 46.87246323, 34.00447845, 0.85053205, -0.24485859, -0.45595983, -0.09348911, 1.67037189, -8.19616508, -0.37390268, 0.00000000, 0.00000000, 0.00000000, 0.00000000
5, 1.0800, 108, -1.40350425, -2.94928598, 1.64069712, -65.11287689, 106.74938202, 485.42129517, 5.96316862, 32.09587860, -121.77725983, 58.50477600, -3.83728790, -7.41951227, 0.87121809, -0.48547021, 0.06074911, 0.04009330, -3.07202983, 0.20181908, -2.34490371, 0.00000000, 0.00000000, 0.00000000, 0.00000000
2, 1.0501, 105, -6.94685555, -4.65804100, 4.20137405, -534.94158936, 491.83776855, 919.47601318, 36.10055542, 54.13621521, 40.89447403, 35.95400620, 51.32868958, 33.42736435, 0.85956597, -0.14796130, -0.47455469, -0.11854041, 5.47806311, -6.67953491, -5.60256433, 0.00000000, 0.00000000, 0.00000000, 0.00000000
5, 1.0900, 109, -3.77363014, -0.69581306, 1.00700915, -195.99472046, 121.43471527, 376.63751221, 6.57702398, 30.98509216, -121.74802399, 59.88837433, -3.96553373, -3.32098413, 0.86613017, -0.49777895, 0.04442315, 0.00783089, -0.77700436, -1.03604078, -4.40475464, 0.00000000, 0.00000000, 0.00000000, 0.00000000
2, 1.0601, 106, -6.58105516, 0.92890841, 4.05312634, -1041.55151367, 678.12005615, 202.79248047, 40.51446915, 51.62233353, 51.12540054, 21.80412483, 39.90437698, 34.81481171, 0.90004802, -0.06939369, -0.37291613, -0.21454984, 7.88984728, -2.51712084, -2.72704983, 0.00000000, 0.00000000, 0.00000000, 0.00000000
5, 1.1000, 110, -2.65662599, 0.87893963, 0.11232210, -100.91022491, 237.73251343, 145.31239319, 6.98626137, 28.47120667, -120.16954041, 59.02089310, -3.38425660, -0.49157465, 0.86994088, -0.49225256, 0.02780991, -0.01081365, 0.79328358, -1.57993555, -3.07343674, 0.00000000, 0.00000000, 0.00000000, 0.00000000
2, 1.0701, 107, 1.21158552, 1.86264038, -0.41798395, -1311.53747559, 467.70999146, -184.41105652, 40.51446915, 51.62233353, 51.12540054, 15.42961979, 33.11404037, 42.19939423, 0.89994907, -0.01839109, -0.30977958, -0.30625182, 0.43828860, 1.37118268, 0.80071509, 0.00000000, 0.00000000, 0.00000000, 0.00000000
5, 1.1100, 111, -2.68547249, 0.30402893, 2.22392941, -58.79486465, 439.66098022, 128.87348938, 6.98626137, 28.47120667, -120.16954041, 62.66342926, 5.61209583, 7.11043406, 0.85308373, -0.51577580, -0.07394188, -0.02749669, -1.06909442, -2.59335136, -3.35872436, 0.00000000, 0.00000000, 0.00000000, 0.00000000
2, 1.0801, 108, 2.68702793, 1.84185445, -3.13288236, -1102.79931641, 80.38331604, -136.55535889, 38.99444580, 49.89768982, 61.88248825, 12.38448238, 29.69806862, 50.89310074, 0.87961566, 0.01532242, -0.27485925, -0.38793552, -2.04347301, 3.31690979, 0.40472063, 0.00000000, 0.00000000, 0.00000000, 0.00000000
5, 1.1200, 112, -1.09418690, -0.75921249, 1.68055582, -99.44111633, 628.88470459, 123.08753967, 8.88629055, 29.49429893, -116.80795288, 59.77280807, 7.75507784, 12.17976665, 0.86372352, -0.48811567, -0.11104123, -0.05826401, -1.46972775, -1.45513892, -1.79549575, 0.00000000, 0.00000000, 0.00000000, 0.00000000
2, 1.0901, 109, 0.83931071, 1.55997944, -3.81034923, -763.36981201, -29.77867126, 30.81639099, 38.23443222, 48.75767136, 67.67027283, 9.95409107, 29.07184219, 57.01997757, 0.85779244, 0.04555160, -0.25980356, -0.44115704, -1.23316467, 3.63075852, -1.39989710, 0.00000000, 0.00000000, 0.00000000, 0.00000000
5, 1.1300, 113, 1.10369980, 0.01003984, -0.01939847, -128.12486267, 526.77117920, 94.57188416, 12.33557415, 27.12657166, -112.56941986, 57.38936615, 9.34075451, 16.53889656, 0.87081093, -0.46329927, -0.13950986, -0.08705791, 0.03093160, -0.83380246, 0.57633257, 0.00000000, 0.00000000, 0.00000000, 0.00000000
2, 1.1001, 110, -0.75136048, 1.02772617, -3.19793987, -525.29559326, -5.50009108, 106.41615295, 39.43291473, 43.61297989, 70.65185547, 7.55331850, 29.36029816, 60.77302933, 0.84110415, 0.07294606, -0.25036618, -0.47385615, -0.06163833, 2.85744190, -2.48440361, 0.00000000, 0.00000000, 0.00000000, 0.00000000
5, 1.1400, 114, 1.61344016, 0.01895127, -0.50225568, -138.83845520, 244.30209351, 25.51249695, 14.76176548, 29.49429893, -110.40631104, 56.12756348, 9.42628479, 18.86376381, 0.87388635, -0.45064276, -0.14836094, -0.10598494, 0.33219889, -0.49465045, 1.10529840, 0.00000000, 0.00000000, 0.00000000, 0.00000000
2, 1.1101, 111, -0.29313347, 1.00005352, -2.05649185, -339.64660645, 92.33528137, 114.76100159, 38.93598175, 42.58988571, 72.81496429, 19.19489479, 32.58632278, 69.57589722, 0.80394000, 0.02639914, -0.31848687, -0.50154734, 0.18223327, 2.02002215, -1.58758819, 0.00000000, 0.00000000, 0.00000000, 0.00000000
5, 1.1500, 115, 0.52093244, -0.05137585, -0.38881949, -127.00197601, 51.68818283, -3.46780443, 14.55714703, 28.67582512, -110.20169067, 55.74443054, 8.62339211, 19.84936905, 0.87435722, -0.44774699, -0.14581336, -0.11730614, 0.33588108, -0.51483309, -0.00580442, 0.00000000, 0.00000000, 0.00000000, 0.00000000
2, 1.1201, 112, 0.10227354, 0.52960956, -1.41435242, -206.36241150, 82.25686646, 162.87675476, 38.93598175, 42.58988571, 72.81496429, 16.75556564, 33.05623627, 70.03275299, 0.80055356, 0.04710339, -0.31065357, -0.51028395, 0.02751543, 1.11885130, -1.17411518, 0.00000000, 0.00000000, 0.00000000, 0.00000000
5, 1.1600, 116, -0.58347261, 0.22188242, -0.47647440, -127.43554688, -62.36598587, -9.65098190, 14.55714703, 28.67582512, -110.20169067, 64.39849854, -0.48888361, 17.27230263, 0.83625698, -0.52736068, -0.07644461, -0.12931111, 0.67382264, -0.67806983, -1.03857160, 0.00000000, 0.00000000, 0.00000000, 0.00000000
2, 1.1301, 113, -0.67302418, 0.25076014, -0.95647681, -180.47645569, 80.94429779, 166.09524536, 39.84215164, 40.10523224, 74.04267883, 14.36998367, 33.62593842, 70.26257324, 0.79754740, 0.06722449, -0.30359721, -0.51694095, 0.67666346, 0.63314444, -1.63395596, 0.00000000, 0.00000000, 0.00000000, 0.00000000
5, 1.1700, 117, -0.92483175, 0.32861361, -0.34287390, -124.02900696, -91.86512756, -26.11837578, 14.23560333, 29.66968727, -110.81555176, 64.67209625, -2.01588440, 17.05691528, 0.83405805, -0.53109175, -0.06461258, -0.13458866, 0.56605941, -0.91017509, -1.28412151, 0.00000000, 0.00000000, 0.00000000, 0.00000000
2, 1.1401, 114, -0.77867430, 0.52455264, -0.82648754, -226.38687134, 127.34104156, 117.90256500, 39.57907104, 38.20520401, 75.12422943, 11.76863384, 33.47698212, 70.67264557, 0.79416740, 0.08560698, -0.29049000, -0.52686357, 0.95486546, 0.77102530, -1.51320386, 0.00000000, 0.00000000, 0.00000000, 0.00000000
5, 1.1800, 118, -1.27007401, 0.31617075, -0.30504817, -108.91356659, -16.74712181, -39.01439285, 14.32329750, 30.04969215, -111.04940033, 64.35460663, -3.13743877, 17.16047287, 0.83444256, -0.52984023, -0.05651051, -0.14064693, 0.55255467, -0.92562097, -1.63173532, 0.00000000, 0.00000000, 0.00000000, 0.00000000
2, 1.1501, 115, -0.53063673, 0.87842321, -0.67558312, -284.82394409, 183.61682129, 61.55464172, 39.08213806, 35.42823792, 77.17041779, 8.92328835, 32.48724365, 71.40106964, 0.78999627, 0.10208564, -0.27005091, -0.54088533, 1.02003884, 0.95330298, -1.09962773, 0.00000000, 0.00000000, 0.00000000, 0.00000000
5, 1.1900, 119, -1.26541674, 0.49385560, -0.47090527, -91.93985748, 62.37604523, -57.06138611, 14.03098488, 32.09587860, -111.10786438, 63.37371445, -3.82710361, 17.57465172, 0.83779526, -0.52316195, -0.05211981, -0.14725587, 0.77740073, -0.93658733, -1.60657001, 0.00000000, 0.00000000, 0.00000000, 0.00000000
2, 1.1601, 116, -0.15272222, 1.08962727, -0.70655370, -312.62429810, 214.01344299, 20.68583298, 37.67903900, 34.05437088, 79.47968292, 19.52334785, 27.24172592, 81.34436035, 0.75247002, 0.02627878, -0.28341928, -0.59394598, 0.80723304, 1.11323631, -0.75820929, 0.00000000, 0.00000000, 0.00000000, 0.00000000
5, 1.2300, 120, 0.46423537, 0.18079616, -0.78107196, -92.18292236, 166.46859741, -62.83198929, 15.93101406, 34.14206314, -107.48319244, 50.75679779, -15.78209114, 32.18889999, 0.84355330, -0.44228357, 0.00148869, -0.30463246, 0.35734850, -0.35372466, -0.04844280, 0.00000000, 0.00000000, 0.00000000, 0.00000000
2, 1.1701, 117, 0.16581169, 0.87992734, -0.66547227, -286.88491821, 213.72692871, 15.51129341, 37.67903900, 34.05437088, 79.47968292, 16.54237938, 25.63630486, 81.78356934, 0.75033474, 0.03768490, -0.25779557, -0.60755175, 0.42976671, 0.82107633, -0.63146663, 0.00000000, 0.00000000, 0.00000000, 0.00000000
5, 1.2400, 121, 0.49204487, 0.07123592, -0.87840110, -72.90174866, 132.48539734, -75.41960907, 15.87255192, 34.72668839, -106.63548279, 49.02325058, -15.89628506, 32.90942001, 0.84797972, -0.42970172, 0.00427374, -0.31027183, 0.34873793, -0.18738270, -0.04466817, 0.00000000, 0.00000000, 0.00000000, 0.00000000
2, 1.1801, 118, 0.12429295, 0.83751601, -0.43757904, -224.36172485, 210.78273010, 36.14273071, 36.91902924, 31.01432228, 81.11663055, 13.72525311, 24.35049629, 81.79105377, 0.75010681, 0.04879390, -0.23474783, -0.61632180, 0.52969408, 0.67069465, -0.59021133, 0.00000000, 0.00000000, 0.00000000, 0.00000000
5, 1.2500, 122, 0.35284811, -0.19617450, -0.90000349, -52.89913177, 108.73573303, -97.67472839, 16.83718109, 35.72055054, -105.46623993, 47.41913986, -16.05896187, 33.24349213, 0.85266894, -0.41810513, 0.00865458, -0.31315976, 0.19964653, 0.04187117, -0.22465152, 0.00000000, 0.00000000, 0.00000000, 0.00000000
2, 1.1901, 119, 0.36862898, 0.76666749, -0.20864367, -160.55967712, 202.90074158, 46.05837250, 35.74977875, 29.37737465, 82.16895294, 11.19036674, 23.28984070, 81.40326691, 0.75180787, 0.05860622, -0.21456593, -0.62073493, 0.41702056, 0.49815816, -0.35637259, 0.00000000, 0.00000000, 0.00000000, 0.00000000
5, 1.2600, 123, 0.24925195, -0.41055936, -0.79675090, -33.39832306, 106.77945709, -115.96887970, 16.83718109, 35.72055054, -105.46623993, 52.04452133, -15.19246483, 22.59940147, 0.86210775, -0.44971633, 0.03127861, -0.23140275, -0.00471704, 0.12927423, -0.35652900, 0.00000000, 0.00000000, 0.00000000, 0.00000000
2, 1.2001, 120, 0.60364586, 0.78525162, -0.30211419, -127.92382812, 168.90058899, 27.67111015, 35.16515732, 27.03887749, 83.27973938, 9.19466972, 22.32058525, 81.12162781, 0.75303972, 0.06571302, -0.19770730, -0.62411928, 0.19702262, 0.61095619, -0.24196649, 0.00000000, 0.00000000, 0.00000000, 0.00000000
5, 1.2700, 124, 0.18445240, -0.47773457, -0.65213746, -18.47231674, 118.64060974, -133.26206970, 16.07716942, 36.68518066, -104.85237885, 50.26836395, -15.17831135, 22.53639412, 0.86912596, -0.43626612, 0.03499126, -0.23036417, -0.13486391, 0.04449523, -0.40527523, 0.00000000, 0.00000000, 0.00000000, 0.00000000
2, 1.2101, 121, 0.96702081, 0.83849508, -0.67121416, -106.38964844, 141.37600708, -9.64062309, 33.17743301, 27.36042023, 83.57205200, 16.39679146, 24.17933846, 79.06443787, 0.76546419, 0.02440578, -0.24863918, -0.59299874, -0.22339195, 0.90097696, -0.14362611, 0.00000000, 0.00000000, 0.00000000, 0.00000000
5, 1.2800, 125, 0.21515000, -0.23613082, -0.41528231, -14.35664463, 121.19241333, -151.88388062, 16.13563347, 38.05904770, -103.65390015, 48.37815857, -15.19027042, 22.34719849, 0.87656128, -0.42181921, 0.03957635, -0.22834787, -0.14769079, -0.27372000, -0.39991203, 0.00000000, 0.00000000, 0.00000000, 0.00000000
2, 1.2201, 122, 0.99954653, 0.76456738, -0.77386475, -83.17490387, 158.30282593, -18.81468582, 33.17743301, 27.36042023, 83.57205200, 14.91810799, 23.00200272, 78.57678986, 0.76840061, 0.02672967, -0.23356497, -0.59522569, -0.31714839, 0.84298515, -0.18576454, 0.00000000, 0.00000000, 0.00000000, 0.00000000
5, 1.2900, 126, 0.23335315, 0.10335234, -0.45976797, -22.96835518, 130.79107666, -163.13020325, 16.36948204, 39.63753128, -102.60157776, 46.31927490, -15.26071262, 22.20023918, 0.88416976, -0.40602273, 0.04474902, -0.22668684, 0.11059587, -0.46963796, -0.37220490, 0.00000000, 0.00000000, 0.00000000, 0.00000000
2, 1.2301, 123, 1.09811354, 0.63840950, -0.71392941, -62.30944443, 191.08175659, -17.62217903, 32.88512039, 26.13270950, 84.27360535, 13.29449463, 21.67337418, 77.73614502, 0.77322507, 0.02866896, -0.21674441, -0.59525043, -0.44070527, 0.73347354, -0.16426826, 0.00000000, 0.00000000, 0.00000000, 0.00000000
5, 1.3000, 127, 0.39380154, 0.36979866, -0.59151739, -33.13431931, 138.59255981, -171.87582397, 16.22332573, 41.56679153, -101.14001465, 44.11446762, -15.39922523, 22.11673737, 0.89174914, -0.38905442, 0.05048673, -0.22554690, 0.36328712, -0.54939210, -0.20280695, 0.00000000, 0.00000000, 0.00000000, 0.00000000
2, 1.2401, 124, 0.87713605, 0.47719526, -0.35880476, -36.43247986, 215.99252319, 16.24642372, 29.99123001, 25.92809105, 85.38439178, 11.42292213, 20.48509598, 76.46050262, 0.78012526, 0.03256088, -0.19958916, -0.59203762, -0.20734458, 0.39467034, -0.23652655, 0.00000000, 0.00000000, 0.00000000, 0.00000000
5, 1.3100, 128, 0.59066033, 0.46832678, -0.66183519, -37.42637634, 130.94352722, -168.90139771, 16.48640823, 42.38526535, -101.11078644, 35.54038620, -21.31048203, 33.92736435, 0.87868416, -0.33826032, 0.08090456, -0.32702982, 0.42851856, -0.52102274, -0.02746427, 0.00000000, 0.00000000, 0.00000000, 0.00000000
2, 1.2501, 125, 0.17529692, 0.25129589, 0.28534007, -27.05804634, 251.76649475, 58.93247986, 28.70505714, 25.78193474, 86.96287537, 9.10853004, 19.38416100, 74.76931000, 0.78887963, 0.03970350, -0.18086974, -0.58598524, 0.48162562, -0.18717487, -0.53358394, 0.00000000, 0.00000000, 0.00000000, 0.00000000
5, 1.3400, 129, 1.07957530, 0.09261475, -0.14901696, -1.71967375, 105.79806519, -190.49586487, 16.54487038, 46.47763824, -98.27536011, 29.68382072, -21.95760345, 33.03371048, 0.89591873, -0.29342502, 0.10500472, -0.31655264, -0.34168777, -0.43610120, 0.29211009, 0.00000000, 0.00000000, 0.00000000, 0.00000000
2, 1.2601, 126, -0.27616253, 0.22338723, 0.73574209, -45.44509888, 298.47070312, 76.84396362, 25.92809105, 25.43115997, 86.96287537, -0.70311141, 4.23094320, 90.66758728, 0.70232213, 0.03056329, -0.02158796, -0.71087521, 0.93358618, -0.45404050, -0.66566461, 0.00000000, 0.00000000, 0.00000000, 0.00000000
5, 1.3500, 130, 1.11392224, 0.20203258, 0.19692069, -4.64492273, 90.54608154, -202.70486450, 15.72639561, 47.90996552, -97.77842712, 27.81674004, -22.47622299, 32.44570160, 0.90107298, -0.27922341, 0.11577509, -0.31096303, -0.53091764, -0.72390193, 0.29054332, 0.00000000, 0.00000000, 0.00000000, 0.00000000
2, 1.2701, 127, 0.04185961, 0.58100456, 0.67738605, -53.85636520, 307.39724731, 65.46967316, 25.92809105, 25.43115997, 86.96287537, -3.02528596, 2.46899390, 89.23191071, 0.71101809, 0.03391264, 0.00320543, -0.70234823, 0.65167731, -0.02882811, -0.33646253, 0.00000000, 0.00000000, 0.00000000, 0.00000000
5, 1.3600, 131, 0.95055079, 0.45564359, 0.28035820, -10.84183407, 97.01495361, -209.63996887, 15.22946453, 49.51768494, -96.87226105, 14.53458118, -20.04306602, 45.22198868, 0.89328575, -0.18136121, 0.11145904, -0.39588585, -0.39568481, -0.89581442, 0.11164119, 0.00000000, 0.00000000, 0.00000000, 0.00000000
2, 1.2801, 128, 0.08977431, 0.80437434, 0.45041215, -41.06569672, 257.60690308, 17.01392937, 23.32651329, 25.16807938, 88.04443359, -4.71141768, 0.69594800, 88.26367950, 0.71694607, 0.03372622, 0.02426484, -0.69588953, 0.58491051, 0.32379174, -0.30418974, 0.00000000, 0.00000000, 0.00000000, 0.00000000
5, 1.3700, 132, 0.77447450, 0.65837741, 0.17913361, -19.87509918, 110.67626190, -220.50366211, 15.22946453, 49.51768494, -96.87226105, 12.25998688, -20.68834114, 44.93513489, 0.89655107, -0.16530390, 0.12483692, -0.39151829, -0.13602155, -0.81713259, -0.10322146, 0.00000000, 0.00000000, 0.00000000, 0.00000000
2, 1.2901, 129, 0.10839832, 0.71811086, 0.32112455, -31.34576035, 211.24465942, -53.28516769, 21.30955887, 24.67114830, 88.45366669, -5.71836948, -1.21987200, 87.86790466, 0.71957147, 0.02854287, 0.04226371, -0.69254315, 0.43177980, 0.37575299, -0.39775276, 0.00000000, 0.00000000, 0.00000000, 0.00000000
5, 1.3800, 133, 0.70302904, 0.89090455, 0.01430974, -31.39476013, 140.70687866, -229.26307678, 14.35252857, 51.56386948, -96.17070770, 9.65549183, -21.20217896, 44.79201126, 0.89966869, -0.14632922, 0.13797188, -0.38748926, 0.14049751, -0.83496433, -0.14250904, 0.00000000, 0.00000000, 0.00000000, 0.00000000
2, 1.3001, 130, 0.41335014, 0.49743471, 0.28702277, -9.50390625, 206.64175415, -81.41657257, 19.02952385, 24.84653664, 88.89213562, -6.39325476, -3.30597043, 87.52658844, 0.72189248, 0.02033409, 0.05935422, -0.68915522, 0.05316503, 0.25661206, -0.30847308, 0.00000000, 0.00000000, 0.00000000, 0.00000000
5, 1.3900, 134, 0.91533798, 1.10814047, -0.19190584, -34.94815445, 176.52049255, -225.68270874, 13.88482857, 53.58082199, -95.00145721, 6.80348635, -21.43927956, 44.72612762, 0.90285289, -0.12456127, 0.14952913, -0.38338262, 0.40357614, -0.80878603, 0.10184530, 0.00000000, 0.00000000, 0.00000000, 0.00000000
2, 1.3101, 131, 0.71698517, 0.31721172, 0.38258177, 29.43097115, 206.62513733, -41.41088867, 19.02952385, 24.84653664, 88.89213562, -8.22188663, -3.48640180, 86.25677490, 0.72910011, 0.03155275, 0.07112975, -0.67996925, -0.23163983, 0.07708864, -0.13348813, 0.00000000, 0.00000000, 0.00000000, 0.00000000
5, 1.4000, 135, 1.19559491, 1.08898103, -0.30200583, -29.01964569, 202.86215210, -210.74139404, 12.56942368, 55.77316666, -93.24758911, 3.90105104, -21.37994194, 44.63005447, 0.90613121, -0.10133229, 0.15880415, -0.37873369, 0.43325382, -0.67308736, 0.38357782, 0.00000000, 0.00000000, 0.00000000, 0.00000000
2, 1.3201, 132, 0.18623476, 0.10882939, 0.89067048, 60.19381714, 219.24237061, 30.55348969, 17.33411217, 24.70038033, 88.86290741, -8.92665482, -5.05810976, 84.79325867, 0.73785383, 0.02775233, 0.08490837, -0.66902333, 0.28803283, -0.40213165, -0.35217097, 0.00000000, 0.00000000, 0.00000000, 0.00000000
5, 1.4100, 136, 1.45985854, 0.90534830, -0.13654581, -21.62956429, 212.09640503, -205.30494690, 11.63402462, 57.55627060, -90.79216766, -3.30300331, -19.39999199, 49.29108429, 0.89756364, -0.04441110, 0.16492338, -0.40645730, 0.16461635, -0.58648890, 0.60721940, 0.00000000, 0.00000000, 0.00000000, 0.00000000
2, 1.3301, 133, -0.49493691, -0.17083049, 1.50334144, 52.08750916, 271.35186768, 91.83206940, 15.49254608, 25.28500366, 88.71675110, -10.16401768, -6.67498541, 82.83439636, 0.74910939, 0.02795424, 0.10198678, -0.65395141, 0.91069293, -1.01593542, -0.65885949, 0.00000000, 0.00000000, 0.00000000, 0.00000000
5, 1.4200, 137, 1.88456786, 0.86252773, 0.13784388, -13.11023426, 187.52467346, -216.21679688, 11.63402462, 57.55627060, -90.79216766, -6.07413626, -19.51799011, 49.04478073, 0.89910197, -0.02274821, 0.17567006, -0.40029758, -0.09635680, -0.64268661, 0.99260944, 0.00000000, 0.00000000, 0.00000000, 0.00000000
2, 1.3401, 134, -0.86580479, -0.09775115, 1.87807763, 4.98077154, 331.63803101, 121.76581573, 12.74481106, 25.63577843, 88.65828705, -12.12168598, -8.57958317, 80.83775330, 0.76006913, 0.03193118, 0.12489564, -0.63692737, 1.36627698, -1.20061827, -0.68597609, 0.00000000, 0.00000000, 0.00000000, 0.00000000
5, 1.4500, 138, 1.27436602, 1.20622218, 0.27987847, -24.39742661, 95.36663818, -271.05828857, 8.06781673, 62.75942612, -87.60596466, -14.01079082, -22.34129715, 49.07288361, 0.89561236, 0.02899650, 0.22460976, -0.38286850, 0.07155801, -0.86567700, 0.43988323, 0.00000000, 0.00000000, 0.00000000, 0.00000000
2, 1.3501, 135, -0.90489751, 0.31987926, 1.80288398, -35.30387497, 360.65200806, 111.47864532, 9.93861389, 25.75270271, 88.48290253, -14.44114876, -10.78446102, 79.15762329, 0.76877856, 0.03704711, 0.15158266, -0.62018526, 1.52804041, -0.81553084, -0.52813286, 0.00000000, 0.00000000, 0.00000000, 0.00000000
5, 1.4600, 139, 1.30883110, 1.16436136, 0.05812347, -26.46912766, 113.92892456, -270.20391846, 6.69394922, 64.10406494, -87.28441620, -18.99894524, -22.02988815, 51.89995193, 0.88430667, 0.06320395, 0.24033332, -0.39528084, 0.18790697, -0.63329327, 0.51015341, 0.00000000, 0.00000000, 0.00000000, 0.00000000
2, 1.3601, 136, -0.83501828, 0.65613294, 1.42176521, -46.28660202, 346.57278442, 56.41181183, 9.93861389, 25.75270271, 88.48290253, -18.44320869, -23.12163353, 81.97214508, 0.75106090, -0.01122767, 0.25230044, -0.61002135, 1.37424195, -0.27000839, -0.46942618, 0.00000000, 0.00000000, 0.00000000, 0.00000000
5, 1.4700, 140, 1.66448498, 1.00575244, -0.07545806, -29.97783470, 118.77629089, -250.51966858, 6.69394922, 64.10406494, -87.28441620, -21.76094818, -22.82899666, 52.16641235, 0.88099021, 0.08073350, 0.25590655, -0.38967961, 0.13336256, -0.35828859, 0.88306606, 0.00000000, 0.00000000, 0.00000000, 0.00000000
2, 1.3701, 137, -0.39372629, 0.70071858, 1.00318980, -23.42824936, 294.30380249, -10.34082222, 7.27857351, 25.19731140, 88.27828217, -19.80579376, -25.57178116, 81.44635773, 0.75289738, -0.01512557, 0.27464181, -0.59790361, 0.71099263, 0.08909267, -0.27905756, 0.00000000, 0.00000000, 0.00000000, 0.00000000
5, 1.4800, 141, 1.88392341, 1.05023479, -0.07177752, -37.22725296, 100.16143799, -226.22940063, 4.61853266, 66.82256317, -86.23209381, -24.28914833, -23.54562950, 52.57421112, 0.87709200, 0.09631815, 0.27004835, -0.38536525, 0.12030351, -0.35624886, 1.12463331, 0.00000000, 0.00000000, 0.00000000, 0.00000000
2, 1.3801, 138, -0.32052422, 0.64730614, 0.89240164, 33.01367950, 234.74232483, -52.44364929, 3.85852075, 25.05115509, 87.81057739, -20.28696060, -27.87438774, 81.02425385, 0.75390869, -0.02406598, 0.29129165, -0.58838058, 0.54028589, 0.13546358, -0.28884512, 0.00000000, 0.00000000, 0.00000000, 0.00000000
5, 1.4900, 142, 1.88103509, 1.04528391, -0.05716546, -36.36312866, 79.23146820, -217.32775879, 2.68927217, 68.54721069, -84.88745880, -26.65466881, -24.32149124, 53.07950211, 0.87269425, 0.11000618, 0.28406850, -0.38158685, 0.09477858, -0.32960987, 1.14074659, 0.00000000, 0.00000000, 0.00000000, 0.00000000
2, 1.3901, 139, -0.46899480, 0.41803521, 1.10383165, 84.52866364, 227.88510132, -45.52943802, 1.84156680, 24.90499878, 87.16749573, -20.17707634, -30.21218491, 80.17066193, 0.75662363, -0.03582853, 0.30520299, -0.57713789, 0.60158235, -0.18169942, -0.38381636, 0.00000000, 0.00000000, 0.00000000, 0.00000000
5, 1.5000, 143, 1.89029408, 1.09570634, 0.19353010, -35.56772232, 60.64233780, -210.20970154, 1.46156096, 69.92107391, -84.62437439, -28.88903618, -25.14856148, 53.68174362, 0.86785394, 0.12204032, 0.29803541, -0.37829983, -0.06737889, -0.50746512, 1.15214252, 0.00000000, 0.00000000, 0.00000000, 0.00000000
2, 1.4401, 140, -0.64479613, 0.37050232, 2.18080926, 49.95318604, 260.97589111, 22.59163475, -7.74627304, 27.88658333, 84.18591309, -30.06721687, -46.71091461, 83.56995392, 0.72964388, -0.07755398, 0.44416052, -0.51412702, 1.01214147, -0.92979628, 0.22434184, 0.00000000, 0.00000000, 0.00000000, 0.00000000
5, 1.5100, 144, 1.77646637, 1.41257429, 0.43156248, -33.49198151, 51.55419159, -206.66711426, -0.14615609, 71.29494476, -84.03975677, -32.68107605, -22.89152336, 57.88994217, 0.85005760, 0.14914556, 0.30009237, -0.40632790, -0.01251250, -0.86620069, 1.06555343, 0.00000000, 0.00000000, 0.00000000, 0.00000000
2, 1.4501, 141, -0.63367838, 0.37460965, 2.16737175, 55.47554779, 223.90202332, -2.98502088, -9.52937698, 28.99736977, 83.07512665, -30.23499680, -48.85255814, 82.84423065, 0.73046315, -0.08606066, 0.45645225, -0.50066823, 0.97325730, -0.92915320, 0.25323215, 0.00000000, 0.00000000, 0.00000000, 0.00000000
5, 1.5200, 145, 1.45948386, 1.48946321, 0.44536835, -27.50290680, 73.85621643, -207.08805847, -2.10464764, 72.40573120, -83.04589081, -34.93013000, -23.60875702, 58.42383194, 0.84494025, 0.16117831, 0.31369755, -0.40210879, 0.09523457, -0.87985301, 0.77631009, 0.00000000, 0.00000000, 0.00000000, 0.00000000
2, 1.4601, 142, -0.73288423, 0.43389136, 2.18491411, 61.17591858, 211.86740112, -24.80799866, -9.52937698, 28.99736977, 83.07512665, -35.82040024, -51.40668488, 89.09774780, 0.70458531, -0.09203805, 0.48849538, -0.50641966, 1.05655563, -0.90068263, 0.25612453, 0.00000000, 0.00000000, 0.00000000, 0.00000000
5, 1.5300, 146, 1.30733383, 1.25369167, 0.22773911, -28.50053787, 107.71614075, -200.99295044, -2.10464764, 72.40573120, -83.04589081, -37.30283737, -24.08015251, 58.79201508, 0.84007710, 0.17549364, 0.32571718, -0.39671242, 0.10495434, -0.53088969, 0.65001005, 0.00000000, 0.00000000, 0.00000000, 0.00000000
2, 1.4701, 143, -0.71966660, 0.36019000, 2.24210405, 62.58017349, 215.61820984, -28.27444649, -11.28325081, 29.37737465, 82.28588104, -36.17499924, -53.61420822, 88.93090057, 0.70357716, -0.10253569, 0.50005764, -0.49437642, 1.01187110, -0.97234184, 0.31168973, 0.00000000, 0.00000000, 0.00000000, 0.00000000
5, 1.6200, 147, 1.09143162, 1.06680012, 0.10757070, -37.67359924, 38.19662476, -162.17060852, -14.06021595, 77.81350708, -80.29815674, -46.81195068, -25.29714394, 63.49838638, 0.80721909, 0.22386067, 0.37483895, -0.39721489, 0.07485517, -0.20205551, 0.53915918, 0.00000000, 0.00000000, 0.00000000, 0.00000000
2, 1.4801, 144, -0.79687709, 0.06132224, 2.43193293, 54.51749039, 226.62484741, -9.74137497, -12.97866154, 30.10815430, 80.85355377, -36.59400940, -55.83409500, 88.59764862, 0.70309889, -0.11191119, 0.51188934, -0.48072577, 0.98995912, -1.33323956, 0.23044646, 0.00000000, 0.00000000, 0.00000000, 0.00000000
5, 1.6300, 148, 1.14792609, 1.03842282, 0.08483234, -37.50722122, 49.30645370, -156.19441223, -14.06021595, 77.81350708, -80.29815674, -48.63274384, -25.63720512, 64.20706177, 0.80125409, 0.23266667, 0.38465047, -0.39484456, 0.05893936, -0.14829446, 0.61771584, 0.00000000, 0.00000000, 0.00000000, 0.00000000
2, 1.4901, 145, -0.88721830, -0.28061023, 2.54807734, 28.75069237, 248.47488403, 13.42725945, -14.93715286, 30.04969215, 79.56737518, -37.36921692, -58.07523346, 88.21150208, 0.70293403, -0.11889488, 0.52510220, -0.46477470, 0.92020577, -1.67203510, 0.08329227, 0.00000000, 0.00000000, 0.00000000, 0.00000000
5, 1.6400, 149, 1.23864043, 0.99945498, 0.06262188, -37.34831238, 54.19585419, -154.48500061, -14.90792179, 78.28120422, -79.74276733, -50.46459579, -25.92902946, 64.88621521, 0.79524904, 0.24171498, 0.39412594, -0.39219582, 0.03210666, -0.08744389, 0.72952914, 0.00000000, 0.00000000, 0.00000000, 0.00000000
2, 1.5001, 146, -0.69980574, -0.13380852, 2.36789703, 0.52588928, 254.37144470, 20.19776344, -16.48640823, 30.37123680, 77.69657898, -38.61916351, -60.23173523, 88.08045959, 0.70217413, -0.12355964, 0.53923553, -0.44822952, 0.75015193, -1.45285058, 0.23031233, 0.00000000, 0.00000000, 0.00000000, 0.00000000
5, 1.6500, 150, 1.32166207, 0.99570644, 0.04095196, -35.87088013, 47.66514969, -150.31301880, -16.89564514, 78.86582947, -79.18737030, -52.23429489, -26.21724892, 65.59059906, 0.78918940, 0.25010106, 0.40340337, -0.38973749, 0.03003050, -0.05371917, 0.83681375, 0.00000000, 0.00000000, 0.00000000, 0.00000000
2, 1.5101, 147, -0.60132170, 0.15161973, 2.01716518, -1.03043938, 226.97335815, 6.43398905, -16.48640823, 30.37123680, 77.69657898, -45.65564346, -59.56995392, 95.38193512, 0.68096882, -0.11193259, 0.55719113, -0.46183413, 0.63532120, -0.99788487, 0.29855502, 0.00000000, 0.00000000, 0.00000000, 0.00000000
5, 1.6600, 151, 1.30400741, 0.96578515, 0.03895975, -28.24112511, 32.98993301, -143.45155334, -18.50336075, 78.71967316, -78.98274994, -48.75536346, -24.95373917, 64.43491364, 0.79994458, 0.23603986, 0.38133910, -0.39869106, 0.01486354, -0.02650800, 0.82167584, 0.00000000, 0.00000000, 0.00000000, 0.00000000
2, 1.5201, 148, -0.54397202, 0.29086336, 1.67770576, 12.70807457, 187.61462402, -24.74610329, -18.47413063, 30.37123680, 76.46886444, -47.19604492, -61.26179123, 96.32536316, 0.67791349, -0.11809793, 0.56806695, -0.45142692, 0.49598804, -0.62236452, 0.26929337, 0.00000000, 0.00000000, 0.00000000, 0.00000000
5, 1.6700, 152, 1.17669022, 0.88491106, 0.04221254, -18.58954811, 22.52940750, -139.51232910, -19.64337921, 78.71967316, -78.63198090, -50.23513031, -25.43972969, 65.11686707, 0.79471219, 0.24169797, 0.39086214, -0.39653713, -0.01332427, 0.01268264, 0.65598464, 0.00000000, 0.00000000, 0.00000000, 0.00000000
2, 1.5501, 149, -0.38270161, 0.42692247, 1.47544539, 95.07586670, 132.93447876, -79.93434143, -21.54340744, 30.34200478, 73.63343811, -50.35147858, -66.17592621, 100.05387878, 0.66509002, -0.14965816, 0.59053653, -0.43188474, 0.30960453, -0.42208606, 0.42033947, 0.00000000, 0.00000000, 0.00000000, 0.00000000
5, 1.6800, 153, 1.02588451, 0.80012202, 0.06095552, -10.95411205, 17.70819855, -139.07597351, -19.64337921, 78.71967316, -78.63198090, -51.67243576, -25.98543549, 65.79338074, 0.78959060, 0.24664819, 0.40054157, -0.39405325, -0.07281048, 0.07354031, 0.51728517, 0.00000000, 0.00000000, 0.00000000, 0.00000000
2, 1.5601, 150, -0.34845012, 0.23635517, 1.67055166, 102.59757996, 130.31892395, -73.82423401, -21.54340744, 30.16661835, 73.63343811, -53.41628265, -62.99114609, 104.79556274, 0.65080291, -0.13590480, 0.58838785, -0.46020126, 0.28482231, -0.69454551, 0.45970458, 0.00000000, 0.00000000, 0.00000000, 0.00000000
5, 1.6900, 154, 0.96386683, 0.80093706, 0.06281631, -6.44312811, 20.12149620, -137.13049316, -20.31569672, 79.33352661, -78.66120911, -53.09413910, -26.53267097, 66.42995453, 0.78462321, 0.25148463, 0.41003278, -0.39114606, -0.07414541, 0.08216934, 0.47586542, 0.00000000, 0.00000000, 0.00000000, 0.00000000
2, 1.5701, 151, -0.40501329, 0.04534638, 1.85404360, 90.96341705, 135.39538574, -51.35514069, -22.82958221, 30.37123680, 71.90879822, -54.07669449, -64.62849426, 105.78638458, 0.64794087, -0.14794479, 0.59364599, -0.45372844, 0.33582097, -0.92348313, 0.41080183, 0.00000000, 0.00000000, 0.00000000, 0.00000000
5, 1.7000, 155, 0.92700672, 0.80311334, 0.03764980, 0.13094051, 29.67914772, -136.05746460, -21.80648994, 79.12890625, -78.60274506, -54.52435684, -27.07858467, 66.96665955, 0.77995926, 0.25661707, 0.41925839, -0.38734168, -0.05810883, 0.10759419, 0.46229535, 0.00000000, 0.00000000, 0.00000000, 0.00000000
2, 1.5801, 152, -0.53201306, -0.00785348, 1.93050587, 68.38526154, 146.61138916, -26.56347466, -23.23881912, 30.57585526, 71.52879333, -54.99521255, -66.22200012, 106.67411041, 0.64596146, -0.15776597, 0.59955370, -0.44539768, 0.42570266, -1.03227496, 0.35282582, 0.00000000, 0.00000000, 0.00000000, 0.00000000
5, 1.7200, 156, 0.97161007, 0.76787221, 0.01208116, 11.62216091, 46.60226822, -131.68176270, -24.23267937, 79.71353149, -78.63198090, -52.18193436, -26.82097816, 65.35462189, 0.79040909, 0.24763644, 0.40629974, -0.38581121, -0.06503309, 0.13061562, 0.47577015, 0.00000000, 0.00000000, 0.00000000, 0.00000000
2, 1.5901, 153, -0.63481301, 0.05954419, 1.83013761, 43.62118530, 158.89727783, -13.72523117, -24.20344925, 30.95586014, 70.33031464, -56.41095352, -67.76558685, 107.76409149, 0.64409328, -0.16558908, 0.60655534, -0.43567741, 0.47120598, -0.92943478, 0.28496891, 0.00000000, 0.00000000, 0.00000000, 0.00000000
5, 1.7300, 157, 1.03752148, 0.82387590, 0.00501508, 15.52774143, 46.12123871, -123.24276733, -24.23267937, 79.71353149, -78.57351685, -53.47576523, -27.37284660, 65.59117889, 0.78706813, 0.25300509, 0.41439855, -0.38050783, -0.03935887, 0.10362459, 0.56589520, 0.00000000, 0.00000000, 0.00000000, 0.00000000
2, 1.6001, 154, -0.56259996, 0.16619845, 1.59537160, 28.37162399, 163.02203369, -12.84810257, -24.20344925, 30.95586014, 70.33031464, -58.31412125, -69.23921204, 109.22330475, 0.64184487, -0.17228152, 0.61418635, -0.42559299, 0.34608051, -0.70211989, 0.29413888, 0.00000000, 0.00000000, 0.00000000, 0.00000000
5, 1.7400, 158, 1.07674789, 0.83482122, 0.00692486, 19.44516754, 39.01453781, -113.75257874, -25.43115997, 79.97661591, -78.57351685, -54.64389801, -27.93162346, 65.81530762, 0.78402221, 0.25746197, 0.42200667, -0.37541038, -0.04702953, 0.10190646, 0.62337261, 0.00000000, 0.00000000, 0.00000000, 0.00000000
2, 1.6101, 155, -0.40243706, 0.28935906, 1.34944117, 39.61180878, 155.34837341, -8.88255024, -24.87576675, 30.63431740, 69.21952820, -56.41630936, -66.93058014, 107.81309509, 0.64369595, -0.16037542, 0.60490000, -0.44048995, 0.16796261, -0.44558403, 0.35438561, 0.00000000, 0.00000000, 0.00000000, 0.00000000
5, 1.7500, 159, 1.07815576, 0.80268073, 0.01928344, 21.79448128, 30.36237335, -105.75144958, -26.95118332, 80.21046448, -78.80736542, -55.70222855, -28.49810028, 66.05594635, 0.78115678, 0.26101547, 0.42925781, -0.37067887, -0.08661912, 0.12298195, 0.63720393, 0.00000000, 0.00000000, 0.00000000, 0.00000000
2, 1.6201, 156, -0.27118587, 0.41131344, 1.24723613, 71.70867920, 134.60244751, -4.28215551, -26.13270950, 30.86816597, 67.78719330, -57.01076508, -68.43846893, 108.30587769, 0.64308918, -0.16947676, 0.60928565, -0.43183920, 0.09276124, -0.27409661, 0.43619055, 0.00000000, 0.00000000, 0.00000000, 0.00000000
5, 1.7600, 160, 1.05315495, 0.79048693, 0.02726440, 22.22217751, 24.86633682, -97.14237213, -27.74042702, 80.21046448, -79.01198578, -51.08359146, -27.10915756, 63.07442856, 0.80044365, 0.24664229, 0.39947563, -0.37266186, -0.09843889, 0.12179232, 0.60613489, 0.00000000, 0.00000000, 0.00000000, 0.00000000
2, 1.6301, 157, -0.24878110, 0.30762318, 1.33145118, 96.04744720, 107.73903656, -2.86860824, -26.48348427, 31.01432228, 66.55948639, -56.85231781, -69.87313080, 108.30823517, 0.64316362, -0.17970727, 0.61125147, -0.42475575, 0.05792616, -0.42661971, 0.45595822, 0.00000000, 0.00000000, 0.00000000, 0.00000000
5, 1.7700, 161, 1.04426026, 0.78778541, 0.02699725, 22.72477150, 19.15207291, -88.11882782, -29.02659988, 80.03507996, -79.42121887, -51.90425873, -27.65073013, 63.25066757, 0.79828441, 0.24916789, 0.40578085, -0.36878088, -0.08493922, 0.10007437, 0.55151731, 0.00000000, 0.00000000, 0.00000000, 0.00000000
2, 1.6801, 158, -0.27737549, 0.30327296, 1.25218272, 54.67124557, 118.75482941, 8.94526100, -28.47120667, 32.65127182, 62.58403778, -56.92685318, -71.58831024, 108.22013092, 0.64385462, -0.18993227, 0.61461085, -0.41428325, 0.02609380, -0.39875919, 0.40852678, 0.00000000, 0.00000000, 0.00000000, 0.00000000
5, 1.7800, 162, 1.04906297, 0.76547778, 0.02909100, 22.43559456, 11.30218220, -78.92578888, -29.78661156, 80.23969269, -79.77199554, -52.61515427, -28.17230606, 63.44429016, 0.79629570, 0.25092971, 0.41160208, -0.36541951, -0.11030740, 0.11877639, 0.56590402, 0.00000000, 0.00000000, 0.00000000, 0.00000000
2, 1.6901, 159, -0.21795204, 0.29387492, 1.26636744, 61.09270096, 106.00159454, 6.66341543, -28.03273773, 33.11896896, 61.61940765, -57.20821762, -72.80602264, 108.38270569, 0.64385045, -0.19709107, 0.61733806, -0.40682375, -0.02049483, -0.43151462, 0.46586585, 0.00000000, 0.00000000, 0.00000000, 0.00000000
5, 1.7900, 163, 1.01857853, 0.71965683, 0.03041026, 20.98865700, 2.24582744, -69.22099304, -29.78661156, 80.23969269, -79.77199554, -53.21192169, -28.66682243, 63.66749191, 0.79445255, 0.25189131, 0.41692314, -0.36272746, -0.14602101, 0.15406433, 0.54183209, 0.00000000, 0.00000000, 0.00000000, 0.00000000
2, 1.7001, 160, -0.28037938, 0.20559460, 1.35374463, 68.42968750, 93.00884247, 8.72079086, -28.03273773, 33.11896896, 61.61940765, -57.10672379, -73.96325684, 108.25576782, 0.64415705, -0.20443144, 0.61902690, -0.40009406, 0.01746261, -0.57212472, 0.43240207, 0.00000000, 0.00000000, 0.00000000, 0.00000000
5, 1.8000, 164, 0.95508564, 0.71702003, 0.05322575, 19.31828880, -6.07143164, -59.91635513, -29.52353096, 79.39199066, -79.91815186, -53.70158005, -29.13165474, 63.91716385, 0.79275352, 0.25212848, 0.42175591, -0.36068708, -0.16335160, 0.14211884, 0.48533100, 0.00000000, 0.00000000, 0.00000000, 0.00000000
2, 1.7101, 161, -0.34211627, 0.14957297, 1.43580198, 71.98820496, 85.46782684, 11.47736835, -29.05583191, 33.52820587, 60.62554932, -57.80673981, -69.32229614, 108.52490234, 0.64369756, -0.17192698, 0.61349517, -0.42393190, 0.07661029, -0.66555929, 0.39954218, 0.00000000, 0.00000000, 0.00000000, 0.00000000
5, 1.8900, 165, 0.80912381, 0.74934316, 0.06479549, 35.06076431, 9.08549309, -10.59479618, -32.06664658, 79.77199554, -82.11049652, -49.07661057, -28.20614433, 58.56079865, 0.81903696, 0.24291250, 0.39033496, -0.34323546, -0.11771233, 0.07371175, 0.28488246, 0.00000000, 0.00000000, 0.00000000, 0.00000000
2, 1.7201, 162, -0.32060370, 0.13490677, 1.43907070, 69.97966766, 76.13755035, 10.86475182, -29.31891251, 33.76205826, 59.86553574, -57.45191193, -70.35461426, 108.21511078, 0.64453590, -0.17896448, 0.61443728, -0.41834435, 0.07282223, -0.63156390, 0.38177237, 0.00000000, 0.00000000, 0.00000000, 0.00000000
5, 1.9000, 166, 0.78557843, 0.73980033, 0.05715162, 36.41978836, 0.01864527, -8.93539047, -32.30049515, 80.47354126, -82.51972961, -48.98807526, -28.52506828, 58.33748627, 0.81989574, 0.24159572, 0.39160308, -0.34066057, -0.12022134, 0.08329878, 0.26226050, 0.00000000, 0.00000000, 0.00000000, 0.00000000
2, 1.7301, 163, -0.28005975, 0.10791747, 1.39781511, 69.88768005, 57.79363632, 10.84184456, -29.52353096, 34.22975540, 58.81321335, -56.79619980, -71.23768616, 107.68466949, 0.64554250, -0.18552873, 0.61441857, -0.41393709, 0.00456622, -0.63618064, 0.38178903, 0.00000000, 0.00000000, 0.00000000, 0.00000000
5, 1.9100, 167, 0.74164772, 0.77252162, 0.06693489, 36.06462860, -8.62859917, -7.96273279, -32.76819611, 79.07044983, -82.49050140, -46.82450485, -27.30278778, 56.86252213, 0.82883942, 0.23643287, 0.37429318, -0.34209552, -0.09862706, 0.04655856, 0.21325143, 0.00000000, 0.00000000, 0.00000000, 0.00000000
2, 1.7401, 164, -0.30984062, 0.09600940, 1.36869717, 73.59763336, 39.94958878, 12.37430096, -29.55276108, 34.72668839, 57.64396286, -55.71854019, -71.99559021, 106.82534790, 0.64687181, -0.19189334, 0.61329275, -0.41061652, 0.00077183, -0.63797361, 0.34321433, 0.00000000, 0.00000000, 0.00000000, 0.00000000
5, 1.9200, 168, 0.75508195, 0.81251943, 0.08730368, 35.26656342, -17.02521133, -5.24337959, -32.94358444, 81.14586639, -82.66588593, -46.64143753, -27.65998650, 56.73189545, 0.82957745, 0.23395541, 0.37578541, -0.34036979, -0.07553082, -0.00905226, 0.20437571, 0.00000000, 0.00000000, 0.00000000, 0.00000000
2, 1.7501, 165, -0.36420685, 0.08755706, 1.39017022, 72.70179749, 28.48024178, 9.71456718, -29.55276108, 34.72668839, 57.64396286, -54.47175598, -72.64884186, 105.85894775, 0.64811957, -0.19797194, 0.61168337, -0.40815657, 0.04215633, -0.67229754, 0.31255603, 0.00000000, 0.00000000, 0.00000000, 0.00000000
5, 1.9300, 169, 0.76255167, 0.82531965, 0.10624235, 33.05363083, -26.12483597, -2.76813698, -32.41742325, 79.77199554, -83.63051605, -46.41114426, -28.02755356, 56.66543961, 0.83020157, 0.23087952, 0.37734026, -0.33922642, -0.08723164, -0.03573788, 0.21072909, 0.00000000, 0.00000000, 0.00000000, 0.00000000
2, 1.7601, 166, -0.36816415, 0.12801592, 1.35207212, 60.77748108, 27.11419678, 1.45526159, -30.04969215, 35.07746124, 58.11166382, -55.46945572, -68.04644775, 106.56206512, 0.64733183, -0.16636479, 0.60527986, -0.43234318, 0.05046044, -0.60908175, 0.30219477, 0.00000000, 0.00000000, 0.00000000, 0.00000000
5, 1.9400, 170, 0.73691201, 0.83451295, 0.12655519, 29.88434982, -36.08215332, -2.64966011, -32.41742325, 79.77199554, -83.63051605, -46.15852356, -28.41555023, 56.68780136, 0.83058488, 0.22725625, 0.37914130, -0.33872610, -0.09828165, -0.06117086, 0.18359390, 0.00000000, 0.00000000, 0.00000000, 0.00000000
2, 1.8201, 167, -0.27593565, 0.15218210, 1.09672487, 19.09622002, 13.90807056, 26.95156288, -29.61122513, 35.83747482, 57.23472595, -52.84253311, -65.31993866, 104.46630096, 0.65157992, -0.15260848, 0.59212196, -0.44893855, -0.08952030, -0.33193636, 0.18142286, 0.00000000, 0.00000000, 0.00000000, 0.00000000
5, 1.9500, 171, 0.70027339, 0.85631680, 0.14344850, 26.72385216, -45.33813095, -2.72489166, -32.27126694, 80.35662079, -83.63051605, -45.88905334, -28.82263565, 56.79546738, 0.83072442, 0.22313817, 0.38118094, -0.33883247, -0.09720530, -0.09383505, 0.14699884, 0.00000000, 0.00000000, 0.00000000, 0.00000000
2, 1.8301, 168, -0.25254753, 0.16484703, 1.02741194, 18.41324425, 16.79811478, 39.62924194, -29.66968727, 36.12978745, 57.26395798, -52.16358185, -65.54974365, 103.55437469, 0.65422463, -0.15325613, 0.59124148, -0.44602281, -0.13603789, -0.27956092, 0.16804934, 0.00000000, 0.00000000, 0.00000000, 0.00000000
5, 1.9600, 172, 0.65748215, 0.88684881, 0.15622197, 24.56239319, -51.52656174, -1.07474577, -32.12511063, 78.89505768, -84.06898499, -46.19893265, -27.60469627, 55.59185028, 0.83384216, 0.23470514, 0.37179393, -0.33375138, -0.08032671, -0.12637196, 0.10466038, 0.00000000, 0.00000000, 0.00000000, 0.00000000
2, 1.8401, 169, -0.28116080, 0.19467688, 0.97159570, 24.00252342, 12.78278828, 49.95578003, -29.66968727, 36.12978745, 57.26395798, -51.18734741, -65.76711273, 102.32673645, 0.65764451, -0.15392020, 0.58964348, -0.44286889, -0.13034287, -0.22564338, 0.13210173, 0.00000000, 0.00000000, 0.00000000, 0.00000000
5, 1.9700, 173, 0.60942155, 0.90770674, 0.15977004, 23.08555794, -55.37198257, 1.16584063, -32.18357086, 80.61969757, -83.42589569, -45.87219620, -28.00934792, 55.77525330, 0.83390522, 0.22996402, 0.37384760, -0.33459914, -0.05006648, -0.13772446, 0.05531430, 0.00000000, 0.00000000, 0.00000000, 0.00000000
2, 1.8501, 170, -0.36141819, 0.20734258, 0.95074862, 31.32445526, 5.12782812, 53.96378326, -29.69891739, 36.74364090, 56.97164536, -49.93196869, -65.94792938, 100.87191010, 0.66150576, -0.15483494, 0.58724040, -0.43998298, -0.07888053, -0.20961803, 0.06697921, 0.00000000, 0.00000000, 0.00000000, 0.00000000
5, 1.9800, 174, 0.58022261, 0.91766572, 0.16480176, 22.39258385, -56.51524353, 2.84744287, -31.89126015, 80.67816162, -84.24436951, -45.52897644, -28.40598106, 55.96166229, 0.83396572, 0.22511798, 0.37579381, -0.33556262, -0.04935979, -0.15442011, 0.02533415, 0.00000000, 0.00000000, 0.00000000, 0.00000000
2, 1.8601, 171, -0.46772051, 0.23543485, 0.94812536, 36.03184128, -4.71048832, 47.55763245, -30.04969215, 36.07132339, 56.56240845, -52.31339645, -64.96300507, 101.78698730, 0.66130155, -0.13948378, 0.59260708, -0.43822536, 0.01023047, -0.18807332, 0.00148865, 0.00000000, 0.00000000, 0.00000000, 0.00000000
5, 1.9900, 175, 0.56092232, 0.92867315, 0.16119562, 21.82627296, -56.17965317, 5.36888170, -32.38819122, 81.52587128, -83.86436462, -45.16591644, -28.78433609, 56.13626862, 0.83407444, 0.22023705, 0.37752667, -0.33658454, -0.04271398, -0.16613910, 0.00587828, 0.00000000, 0.00000000, 0.00000000, 0.00000000
2, 1.8701, 172, -0.53188604, 0.24573940, 0.96246958, 36.01425934, -13.71492863, 33.27742767, -29.02659988, 37.91289139, 56.82548904, -51.12863159, -65.03383636, 100.65399170, 0.66416687, -0.14094579, 0.58965248, -0.43740910, 0.07339576, -0.17473476, -0.03021780, 0.00000000, 0.00000000, 0.00000000, 0.00000000
5, 2.0300, 176, 0.35911015, 0.83913136, 0.12904663, 13.22668362, -51.24078369, 10.60853481, -31.77433395, 81.52587128, -84.39052582, -45.98780060, -29.41938972, 56.21677017, 0.83209538, 0.22314043, 0.38418919, -0.33200079, -0.06383988, -0.07413016, -0.18624173, 0.00000000, 0.00000000, 0.00000000, 0.00000000
2, 1.8801, 173, -0.56888306, 0.23361275, 0.95586950, 35.38108444, -19.08896637, 19.62340355, -29.64045525, 38.38058853, 56.70856476, -50.08196259, -65.05505371, 99.77333832, 0.66622740, -0.14263660, 0.58680403, -0.43755803, 0.09007186, -0.18422411, -0.07164209, 0.00000000, 0.00000000, 0.00000000, 0.00000000
5, 2.0400, 177, 0.28569257, 0.83977056, 0.12328751, 10.83049202, -48.51090240, 4.81533909, -31.30663490, 81.14586639, -84.53668213, -45.71891022, -29.68694878, 56.43497467, 0.83191234, 0.21926926, 0.38555327, -0.33345395, -0.05367364, -0.07548379, -0.26013482, 0.00000000, 0.00000000, 0.00000000, 0.00000000
2, 1.8901, 174, -0.54062313, 0.20704411, 0.89829546, 39.14442062, -22.55998230, 7.76206827, -29.64045525, 38.38058853, 56.70856476, -49.09815979, -65.06956482, 99.07587433, 0.66765326, -0.14489186, 0.58395946, -0.43844822, 0.02796622, -0.16723368, -0.09937826, 0.00000000, 0.00000000, 0.00000000, 0.00000000
5, 2.0500, 178, 0.26801300, 0.86342061, 0.13511294, 10.00160217, -44.73285675, -2.00686502, -31.30663490, 81.14586639, -84.53668213, -45.53379059, -29.96955490, 56.66669846, 0.83151078, 0.21588695, 0.38727161, -0.33466914, -0.04820486, -0.10485357, -0.27734783, 0.00000000, 0.00000000, 0.00000000, 0.00000000
2, 1.9001, 175, -0.52925003, 0.19887409, 0.87023509, 47.00035477, -29.85951424, 3.79874778, -29.11429405, 38.35136032, 57.14703369, -47.96541214, -65.06199646, 98.33752441, 0.66904080, -0.14769891, 0.58053863, -0.43993688, 0.00183069, -0.15840209, -0.11551692, 0.00000000, 0.00000000, 0.00000000, 0.00000000
5, 2.0600, 179, 0.30138463, 0.88660622, 0.15077007, 9.50064278, -37.69351959, -4.51419449, -30.89739799, 81.26278687, -84.44898987, -49.06919098, -29.83858299, 56.43085480, 0.82513726, 0.24283430, 0.39608595, -0.32139695, -0.05092481, -0.12574382, -0.23404936, 0.00000000, 0.00000000, 0.00000000, 0.00000000
2, 1.9201, 176, -0.50826746, 0.27769953, 0.81396830, 67.97576141, -38.70254517, 4.95403957, -28.96813774, 38.26366425, 57.35165024, -49.34158707, -65.14381409, 98.94252014, 0.66843528, -0.14326423, 0.58526802, -0.43604016, -0.00238333, -0.05610454, -0.08017139, 0.00000000, 0.00000000, 0.00000000, 0.00000000
5, 2.0700, 180, 0.35201627, 0.91105926, 0.14962943, 8.96790409, -31.28241730, -1.86589611, -30.92663002, 81.26278687, -84.59514618, -48.94128799, -30.04474640, 56.59388733, 0.82491791, 0.24043049, 0.39737231, -0.32217845, -0.03916300, -0.11550839, -0.15287486, 0.00000000, 0.00000000, 0.00000000, 0.00000000
2, 1.9301, 177, -0.46982980, 0.31120202, 0.78839773, 82.57929993, -45.71009827, 8.54163551, -29.55276108, 38.99444580, 57.05933762, -47.38290405, -65.18415070, 97.63374329, 0.67091453, -0.14831446, 0.57958013, -0.43813646, -0.02606443, -0.02353882, -0.05876807, 0.00000000, 0.00000000, 0.00000000, 0.00000000
5, 2.0800, 181, 0.39824203, 0.93100464, 0.13225558, 8.12119484, -27.18878937, 5.83125257, -30.37123680, 81.17509460, -84.06898499, -48.75506592, -30.18794441, 56.69403076, 0.82500136, 0.23810288, 0.39796075, -0.32296619, -0.02162010, -0.12099226, -0.10450130, 0.00000000, 0.00000000, 0.00000000, 0.00000000
2, 1.9401, 178, -0.45193794, 0.36112887, 0.76898026, 100.92029572, -52.82234192, 15.37348938, -29.55276108, 38.99444580, 57.05933762, -44.94218826, -65.22728729, 95.93927765, 0.67415464, -0.15439145, 0.57259744, -0.44023970, -0.02392030, 0.01377253, -0.04254336, 0.00000000, 0.00000000, 0.00000000, 0.00000000
5, 2.0900, 182, 0.42142883, 0.92914271, 0.11428286, 8.42784595, -29.45549393, 10.43526268, -30.66354752, 81.55509949, -84.82899475, -48.51454163, -30.31921005, 56.78348541, 0.82522249, 0.23547310, 0.39829487, -0.32391581, -0.01484963, -0.11045914, -0.08168624, 0.00000000, 0.00000000, 0.00000000, 0.00000000
2, 1.9501, 179, -0.39923885, 0.40721381, 0.71796638, 120.11690521, -58.37152100, 24.52157021, -28.90967560, 39.78368759, 57.93627548, -41.98112488, -65.26692200, 93.80265045, 0.67826247, -0.16151245, 0.56427360, -0.44211891, -0.06417181, 0.06759160, -0.02156842, 0.00000000, 0.00000000, 0.00000000, 0.00000000
5, 2.1000, 183, 0.43419325, 0.91212904, 0.09744164, 9.03406811, -34.82999420, 13.27887630, -30.66354752, 81.55509949, -84.82899475, -48.22552872, -30.46302986, 56.89080048, 0.82548082, 0.23237397, 0.39860311, -0.32511443, -0.01784023, -0.09015517, -0.07119263, 0.00000000, 0.00000000, 0.00000000, 0.00000000
2, 1.9601, 180, -0.34234586, 0.46995676, 0.67732227, 145.55827332, -67.06941223, 38.66868591, -29.14352417, 40.01753998, 57.55627060, -34.30930710, -65.42095947, 88.33605194, 0.68775171, -0.18176001, 0.54330021, -0.44585401, -0.09403033, 0.11568619, 0.00949149, 0.00000000, 0.00000000, 0.00000000, 0.00000000
5, 2.1100, 184, 0.43197837, 0.88557446, 0.08392341, 9.60458088, -43.60323334, 14.02643490, -30.54662323, 81.52587128, -84.21514130, -49.24530029, -30.33568001, 56.94639587, 0.82324392, 0.24008745, 0.40079764, -0.32247290, -0.02699035, -0.06187980, -0.07364756, 0.00000000, 0.00000000, 0.00000000, 0.00000000
2, 1.9701, 181, -0.30486259, 0.48535708, 0.66863173, 175.30026245, -76.83679962, 58.19235229, -28.61736298, 40.86524200, 57.87781143, -29.76355934, -65.21665955, 84.80427551, 0.69449854, -0.19144835, 0.53047401, -0.44678491, -0.11729933, 0.09001619, 0.00872691, 0.00000000, 0.00000000, 0.00000000, 0.00000000
5, 2.1200, 185, 0.41782448, 0.86192834, 0.09267451, 7.82159090, -52.40985870, 12.40208340, -30.42969894, 81.52587128, -84.09821320, -48.91688538, -30.54638481, 57.19426346, 0.82319248, 0.23591310, 0.40170741, -0.32454634, -0.04699992, -0.04356005, -0.08316012, 0.00000000, 0.00000000, 0.00000000, 0.00000000
2, 1.9801, 182, -0.35227248, 0.42996588, 0.69638008, 199.41557312, -85.07870483, 79.00060272, -28.09120178, 42.06372452, 57.52703857, -24.55598831, -64.81150055, 80.65345764, 0.70267612, -0.20200534, 0.51540405, -0.44698870, -0.09496916, 0.00167396, -0.06071439, 0.00000000, 0.00000000, 0.00000000, 0.00000000
5, 2.1300, 186, 0.38335255, 0.87224638, 0.10058577, 4.24166918, -59.11566162, 6.74957466, -29.58199310, 81.87664032, -84.09821320, -48.64255142, -30.78883743, 57.54561996, 0.82271063, 0.23161426, 0.40316361, -0.32704934, -0.04473877, -0.06098180, -0.11920835, 0.00000000, 0.00000000, 0.00000000, 0.00000000
2, 1.9901, 183, -0.41458094, 0.38606191, 0.76559263, 203.65498352, -88.51638794, 98.36690521, -28.09120178, 42.06372452, 57.52703857, -19.24213028, -64.13845825, 76.31188202, 0.71179360, -0.21203837, 0.49912420, -0.44639087, -0.03378156, -0.11107285, -0.11618695, 0.00000000, 0.00000000, 0.00000000, 0.00000000
5, 2.1600, 187, 0.28701180, 0.99237823, 0.07041870, -1.22655070, -78.46495056, -10.57222080, -30.07892418, 81.32125092, -84.21514130, -51.42498779, -32.52314377, 59.55223465, 0.81107497, 0.23621607, 0.42582390, -0.32408875, 0.05388908, -0.13383937, -0.19132785, 0.00000000, 0.00000000, 0.00000000, 0.00000000
2, 2.0001, 184, -0.44580477, 0.40533432, 0.82100236, 186.53413391, -85.87718964, 112.26747131, -27.56503868, 43.11604691, 57.38088226, -14.42953300, -63.21593475, 72.27262878, 0.72117966, -0.22024022, 0.48299810, -0.44509232, 0.03196631, -0.16883951, -0.12535548, 0.00000000, 0.00000000, 0.00000000, 0.00000000
5, 2.1700, 188, 0.26323190, 1.04399002, 0.05742604, -1.71747124, -82.69561768, -13.73387814, -29.37737465, 80.82431793, -83.68898010, -51.35068893, -32.89913559, 60.25891495, 0.80917674, 0.23129046, 0.42931220, -0.32776359, 0.08757950, -0.14678155, -0.17680103, 0.00000000, 0.00000000, 0.00000000, 0.00000000
2, 2.0801, 185, -0.38166404, 0.91652060, 0.43456954, 279.06951904, -172.08482361, 180.19935608, -21.13417053, 54.89622879, 54.89622879, 20.40445137, -49.72251892, 43.21674347, 0.80280316, -0.30179137, 0.32551327, -0.39808315, 0.16795240, 0.13463238, -0.18692225, 0.00000000, 0.00000000, 0.00000000, 0.00000000
5, 2.1800, 189, 0.23824638, 1.08679748, 0.03618377, -2.02812147, -85.40180206, -15.75734806, -29.93276787, 81.40894318, -83.86436462, -51.29715729, -33.29400253, 61.00211334, 0.80710393, 0.22624682, 0.43299758, -0.33152494, 0.12946787, -0.16711545, -0.19414359, 0.00000000, 0.00000000, 0.00000000, 0.00000000
2, 2.0901, 186, -0.49524450, 0.94812238, 0.50230050, 285.99084473, -182.37554932, 173.01246643, -21.13417053, 54.89622879, 54.89622879, 23.47316933, -46.65574646, 41.88384628, 0.81087720, -0.31302291, 0.29534140, -0.39657077, 0.33284330, 0.06126582, -0.24211761, 0.00000000, 0.00000000, 0.00000000, 0.00000000
5, 2.1900, 190, 0.21300949, 1.10781538, 0.01602950, -2.93445396, -87.34994507, -17.65001106, -29.28968048, 81.29202271, -83.95205688, -51.26918411, -33.69937897, 61.78049088, 0.80485159, 0.22115752, 0.43683654, -0.33537614, 0.15572311, -0.17215386, -0.21340966, 0.00000000, 0.00000000, 0.00000000, 0.00000000
2, 2.1001, 187, -0.53162742, 0.94335127, 0.54207504, 284.31896973, -180.09780884, 163.19998169, -19.58491707, 56.35778809, 54.13621521, 26.29789543, -43.64558411, 40.86258698, 0.81760979, -0.32426137, 0.26549852, -0.39481550, 0.41272092, -0.01779026, -0.27096689, 0.00000000, 0.00000000, 0.00000000, 0.00000000
5, 2.2000, 191, 0.19578996, 1.10368443, 0.00118241, -4.57065344, -89.07758331, -18.82708359, -29.28968048, 81.29202271, -83.95205688, -51.26461411, -34.10486221, 62.59438705, 0.80242378, 0.21605067, 0.44075847, -0.33936730, 0.16005570, -0.16220582, -0.22709596, 0.00000000, 0.00000000, 0.00000000, 0.00000000
2, 2.1101, 188, -0.51940304, 0.95392072, 0.53855664, 276.53631592, -172.13627625, 156.35171509, -18.64951706, 58.46243668, 53.69775009, 30.11976433, -45.24847412, 37.40116882, 0.81224167, -0.34627521, 0.27496621, -0.38046089, 0.43075958, -0.05077757, -0.26173395, 0.00000000, 0.00000000, 0.00000000, 0.00000000
5, 2.2100, 192, 0.18058576, 1.09964395, -0.01154342, -8.03738022, -90.59300232, -18.60875893, -29.49429893, 80.79508972, -84.03975677, -54.77952957, -35.95114136, 64.30179596, 0.79059613, 0.22466427, 0.46485651, -0.32922995, 0.15765733, -0.14895785, -0.22663954, 0.00000000, 0.00000000, 0.00000000, 0.00000000
2, 2.1201, 189, -0.44167134, 1.02053189, 0.45011753, 258.36831665, -159.66618347, 135.16212463, -16.95410728, 59.33937454, 52.79158020, 32.43032837, -42.58473969, 36.88781738, 0.81663799, -0.35713375, 0.24845539, -0.37924659, 0.35639960, 0.02531626, -0.19036676, 0.00000000, 0.00000000, 0.00000000, 0.00000000
5, 2.2200, 193, 0.17397888, 1.09423351, -0.02171264, -11.31813622, -91.14870453, -17.66888809, -29.34814262, 80.32739258, -83.74744415, -54.85117722, -36.26115036, 65.22458649, 0.78779268, 0.21985051, 0.46857533, -0.33389491, 0.14180306, -0.12669379, -0.19353527, 0.00000000, 0.00000000, 0.00000000, 0.00000000
2, 2.1301, 190, -0.39317927, 1.07175112, 0.38385940, 246.45909119, -159.06251526, 121.87487793, -16.95410728, 59.33937454, 52.79158020, 34.53784180, -40.07225418, 36.62434769, 0.81973982, -0.36756113, 0.22297446, -0.37842834, 0.34746063, 0.06846707, -0.17398280, 0.00000000, 0.00000000, 0.00000000, 0.00000000
5, 2.2300, 194, 0.16598716, 1.08278298, -0.04384241, -14.04607773, -91.41301727, -14.87133884, -29.02659988, 81.14586639, -83.33820343, -54.91278839, -36.53591537, 66.15529633, 0.78495485, 0.21506706, 0.47203356, -0.33878657, 0.14713460, -0.10513593, -0.19788420, 0.00000000, 0.00000000, 0.00000000, 0.00000000
2, 2.1401, 191, -0.33481967, 1.11122680, 0.29616028, 239.55986023, -169.62477112, 113.31321716, -16.07716942, 60.77170181, 52.00233841, 36.50354004, -37.62678528, 36.64686966, 0.82161915, -0.37771186, 0.19753256, -0.37849247, 0.31497678, 0.12050150, -0.16439711, 0.00000000, 0.00000000, 0.00000000, 0.00000000
5, 2.2400, 195, 0.15274407, 1.05556774, -0.06486989, -16.63991547, -92.35095215, -11.53071880, -29.61122513, 79.39199066, -82.66588593, -54.95568848, -36.77655792, 67.09456635, 0.78209251, 0.21025229, 0.47521535, -0.34394136, 0.14219797, -0.07264456, -0.20932660, 0.00000000, 0.00000000, 0.00000000, 0.00000000
2, 2.1501, 192, -0.28410047, 1.16198313, 0.26171851, 235.61924744, -187.29797363, 105.40489197, -14.64484024, 62.02864456, 51.00847626, 38.38711548, -35.22335434, 36.97668076, 0.82214630, -0.38779169, 0.17163050, -0.37978449, 0.32069308, 0.14414831, -0.12524883, 0.00000000, 0.00000000, 0.00000000, 0.00000000
5, 2.2700, 196, 0.11690523, 0.97041738, -0.06078851, -23.63896751, -96.26004028, 0.15510619, -28.67582512, 80.21046448, -82.63665771, -57.90045547, -38.90983200, 70.88114166, 0.76569122, 0.20285013, 0.50209987, -0.34708014, 0.05629756, -0.00992788, -0.20588192, 0.00000000, 0.00000000, 0.00000000, 0.00000000
2, 2.1601, 193, -0.23931094, 1.17857003, 0.24853261, 227.31723022, -212.23025513, 90.57189941, -13.50482273, 62.08710861, 50.16077042, 41.88821793, -35.56025314, 35.69455719, 0.81307006, -0.41140798, 0.16714428, -0.37646171, 0.31445882, 0.12973258, -0.08496182, 0.00000000, 0.00000000, 0.00000000, 0.00000000
5, 2.2800, 197, 0.10715684, 0.94283354, -0.05559246, -30.46182060, -100.53280640, 3.04944682, -28.29582024, 81.26278687, -82.51972961, -57.89849472, -38.95624924, 71.92978668, 0.76249933, 0.19798470, 0.50416118, -0.35386214, 0.03422515, 0.00607526, -0.21810535, 0.00000000, 0.00000000, 0.00000000, 0.00000000
2, 2.1701, 194, -0.24570425, 1.18696749, 0.25863099, 217.03016663, -232.07647705, 77.42816162, -13.24174213, 62.87635040, 50.04384613, 43.55818558, -33.44015503, 36.82396317, 0.81011987, -0.42153448, 0.14125076, -0.38218161, 0.33136117, 0.09461850, -0.05333952, 0.00000000, 0.00000000, 0.00000000, 0.00000000
5, 2.2900, 198, 0.09858189, 0.94150567, -0.04981959, -36.24843979, -99.34273529, 5.83296633, -27.97427559, 77.81350708, -82.08126068, -57.89861679, -38.93801117, 72.98880768, 0.75919044, 0.19341658, 0.50587946, -0.36097911, 0.03018515, 0.00306479, -0.22725648, 0.00000000, 0.00000000, 0.00000000, 0.00000000
2, 2.1801, 195, -0.21240297, 1.18932402, 0.25223839, 203.41528320, -250.81332397, 63.86147308, -13.24174213, 62.87635040, 50.04384613, 45.16749191, -31.50153351, 38.24792099, 0.80545461, -0.43132749, 0.11571564, -0.38962716, 0.33498919, 0.07035203, -0.02932543, 0.00000000, 0.00000000, 0.00000000, 0.00000000
5, 2.3000, 199, 0.09550559, 0.94540834, -0.03691471, -40.50677109, -96.71538544, 8.05292988, -27.71119499, 80.67816162, -81.90587616, -57.89939880, -38.86593628, 74.03845978, 0.75582433, 0.18917321, 0.50727916, -0.36825413, 0.02453402, -0.00810382, -0.23147640, 0.00000000, 0.00000000, 0.00000000, 0.00000000
2, 2.1901, 196, -0.19595738, 1.17155123, 0.29531264, 191.27616882, -265.75650024, 50.42844391, -12.10172462, 62.14557266, 49.10844803, 46.75474167, -29.75327110, 39.89972687, 0.79914999, -0.44088084, 0.09067725, -0.39844847, 0.36309674, -0.00109805, 0.00031493, 0.00000000, 0.00000000, 0.00000000, 0.00000000
5, 2.3100, 200, 0.11178869, 0.95015121, -0.02508973, -44.31583023, -91.65077209, 9.74690437, -27.71119499, 80.67816162, -81.90587616, -60.68197632, -39.52311707, 76.25338745, 0.74436980, 0.19381262, 0.52305233, -0.36710566, 0.01585677, -0.01564509, -0.20745070, 0.00000000, 0.00000000, 0.00000000, 0.00000000
2, 2.2001, 197, -0.18462947, 1.12120020, 0.31182593, 174.78852844, -274.55764771, 37.91862869, -11.69248772, 63.81174850, 48.72844315, 48.28622055, -28.22653961, 41.72881699, 0.79142964, -0.44990849, 0.06664184, -0.40838778, 0.36274227, -0.07469975, -0.00089571, 0.00000000, 0.00000000, 0.00000000, 0.00000000
5, 2.3200, 201, 0.13821033, 0.95271969, -0.01929436, -47.12239075, -87.32348633, 10.58681679, -26.54194641, 78.95352173, -81.46740723, -60.70722198, -39.31713867, 77.24561310, 0.74099642, 0.19059052, 0.52384359, -0.37441620, 0.00435818, -0.01084386, -0.15480587, 0.00000000, 0.00000000, 0.00000000, 0.00000000
2, 2.2101, 198, -0.15993534, 1.07997811, 0.30945426, 155.07212830, -282.83154297, 27.16262817, -11.16632557, 62.90558243, 48.99152374, 48.53707123, -30.30698776, 43.82290649, 0.77627206, -0.45699286, 0.07304423, -0.42804652, 0.33188102, -0.11748099, 0.00528508, 0.00000000, 0.00000000, 0.00000000, 0.00000000
5, 2.3300, 202, 0.16869687, 0.95425689, -0.01675236, -49.84810638, -83.92290497, 10.87783051, -26.42502213, 80.26892853, -80.99971008, -60.74228668, -39.07641983, 78.21958923, 0.73757094, 0.18771045, 0.52446097, -0.38169977, 0.00266927, -0.01128486, -0.12555042, 0.00000000, 0.00000000, 0.00000000, 0.00000000
2, 2.2201, 199, -0.12569232, 1.03818440, 0.30055052, 133.59651184, -289.54162598, 18.22672653, -11.45863724, 63.81174850, 49.19614029, 49.73699188, -29.19876480, 46.03601456, 0.76663005, -0.46397853, 0.05135016, -0.44086903, 0.26152217, -0.13625430, 0.01594860, 0.00000000, 0.00000000, 0.00000000, 0.00000000
5, 2.3400, 203, 0.19989386, 0.95806074, -0.01216320, -51.65533447, -82.99906921, 10.92285728, -25.81116676, 79.62583923, -80.21046448, -60.78179932, -38.81680679, 79.19273376, 0.73405296, 0.18497179, 0.52499372, -0.38901603, 0.00126859, -0.01451774, -0.09563293, 0.00000000, 0.00000000, 0.00000000, 0.00000000
2, 2.2301, 200, -0.11711483, 0.99978054, 0.29549354, 112.37299347, -295.69561768, 12.99990177, -11.45863724, 63.81174850, 49.19614029, 50.80033112, -28.28328323, 48.40841675, 0.75598681, -0.46985915, 0.03076985, -0.45471919, 0.24885300, -0.17723927, 0.00778330, 0.00000000, 0.00000000, 0.00000000, 0.00000000
5, 2.3500, 204, 0.22561876, 0.97135317, -0.00773257, -52.74267578, -82.95597839, 10.18410301, -26.24963379, 80.21046448, -80.59046936, -60.82968521, -38.55015182, 80.17357635, 0.73041356, 0.18229464, 0.52552539, -0.39634320, 0.00728209, -0.02444305, -0.07026096, 0.00000000, 0.00000000, 0.00000000, 0.00000000
2, 2.2401, 201, -0.10695006, 0.96865785, 0.28557235, 88.43301392, -297.87985229, 10.38338089, -10.99093819, 64.25022125, 49.54691696, 51.68553162, -27.55595779, 50.91372299, 0.74460775, -0.47438696, 0.01155852, -0.46944958, 0.23353715, -0.20675436, 0.00167605, 0.00000000, 0.00000000, 0.00000000, 0.00000000
5, 2.3700, 205, 0.23450203, 0.99381423, 0.00458918, -52.76865768, -83.11137390, 6.46519852, -25.57731628, 79.71353149, -79.94738007, -61.90189743, -38.10293198, 82.61256409, 0.71975452, 0.18039683, 0.53117597, -0.40897766, 0.01846213, -0.03806329, -0.05023980, 0.00000000, 0.00000000, 0.00000000, 0.00000000
2, 2.2501, 202, -0.09708615, 0.94888836, 0.25618464, 65.40867615, -296.66766357, 10.59341621, -11.07863140, 64.83484650, 50.19000244, 52.38023376, -26.98534775, 53.51657486, 0.73276532, -0.47747421, -0.00627723, -0.48480314, 0.21165457, -0.21118379, -0.00995994, 0.00000000, 0.00000000, 0.00000000, 0.00000000
5, 2.3800, 206, 0.22300528, 1.00028014, 0.00609155, -52.55852509, -80.40822601, 4.19598389, -25.37269783, 79.83045959, -79.24583435, -62.00213623, -37.84009171, 83.59577179, 0.71579713, 0.17798482, 0.53193730, -0.41593099, 0.02684816, -0.04073818, -0.06144196, 0.00000000, 0.00000000, 0.00000000, 0.00000000
2, 2.2601, 203, -0.11402580, 0.94085401, 0.22944410, 47.62614059, -291.94396973, 12.79824352, -10.64016342, 64.68869019, 50.89155197, 51.84591675, -29.71154404, 55.92388916, 0.71528137, -0.48134091, 0.00554341, -0.50660902, 0.20187612, -0.19906524, -0.03371029, 0.00000000, 0.00000000, 0.00000000, 0.00000000
5, 2.3900, 207, 0.20909284, 1.00476801, 0.00543660, -52.37086487, -74.47300720, 1.49583685, -24.40806770, 79.68430328, -78.19351196, -62.13499832, -37.57247543, 84.54099274, 0.71185142, 0.17597832, 0.53273720, -0.42248118, 0.03582953, -0.04029072, -0.07464170, 0.00000000, 0.00000000, 0.00000000, 0.00000000
2, 2.2701, 204, -0.13745283, 0.93748474, 0.20849982, 31.80381775, -282.70635986, 15.10504055, -10.02630806, 64.71791840, 51.47617722, 52.07347870, -29.29255104, 58.62275696, 0.70368445, -0.48153436, -0.00980321, -0.52235693, 0.17622991, -0.16961467, -0.05822973, 0.00000000, 0.00000000, 0.00000000, 0.00000000
5, 2.4000, 208, 0.19692247, 1.00519598, 0.00256939, -51.71814728, -65.80126190, -1.12747824, -24.49576187, 79.50891113, -78.48582458, -62.30157089, -37.29639435, 85.42124939, 0.70802003, 0.17452922, 0.53353113, -0.42847624, 0.04355326, -0.03510027, -0.08586745, 0.00000000, 0.00000000, 0.00000000, 0.00000000
2, 2.2801, 205, -0.17030841, 0.93925929, 0.17796963, 17.67276192, -269.01940918, 17.42855644, -10.02630806, 64.71791840, 51.47617722, 52.16982269, -28.94474602, 61.25365448, 0.69235021, -0.48070815, -0.02374911, -0.53759354, 0.19089949, -0.15066426, -0.09605572, 0.00000000, 0.00000000, 0.00000000, 0.00000000
5, 2.4100, 209, 0.18497963, 1.00141728, -0.00214352, -51.06110382, -54.53554535, -3.70654583, -24.49576187, 79.50891113, -78.48582458, -63.85225677, -37.65300369, 86.63628387, 0.70153958, 0.17626515, 0.54265910, -0.42695895, 0.04769507, -0.02465957, -0.09172670, 0.00000000, 0.00000000, 0.00000000, 0.00000000
2, 2.2901, 206, -0.19986451, 0.93939388, 0.13666978, 4.90702629, -251.21104431, 19.12177467, -9.50014591, 65.12715149, 53.08389282, 52.14709473, -28.66219521, 63.76847076, 0.68150389, -0.47903210, -0.03614645, -0.55206358, 0.19603176, -0.12363987, -0.13890642, 0.00000000, 0.00000000, 0.00000000, 0.00000000
5, 2.4200, 210, 0.17783661, 0.99578571, -0.01097893, -50.66387558, -39.59718704, -7.01849318, -24.43729782, 78.92429352, -77.63811493, -64.11351776, -37.32429886, 87.31237030, 0.69818187, 0.17659691, 0.54334319, -0.43143231, 0.04886138, -0.00831380, -0.08214633, 0.00000000, 0.00000000, 0.00000000, 0.00000000
2, 2.3001, 207, -0.22856818, 0.93922549, 0.10779158, -5.80187702, -231.12181091, 19.68365669, -8.94475269, 64.74714661, 54.13621521, 52.02721024, -28.43965912, 66.13295746, 0.67127919, -0.47673637, -0.04696225, -0.56559819, 0.20568000, -0.10419788, -0.17599972, 0.00000000, 0.00000000, 0.00000000, 0.00000000
5, 2.4300, 211, 0.18437876, 0.99604034, -0.01354680, -50.51675415, -27.35874939, -9.67304134, -24.46652985, 78.63198090, -77.78427124, -64.41645050, -36.97522354, 87.89437103, 0.69504273, 0.17774220, 0.54398096, -0.43521041, 0.05478895, -0.00176245, -0.07337285, 0.00000000, 0.00000000, 0.00000000, 0.00000000
2, 2.3101, 208, -0.25054619, 0.93830484, 0.08190829, -16.45770645, -208.69891357, 19.13642502, -8.97398376, 64.42560577, 55.21777344, 53.77383804, -31.48464584, 65.30873871, 0.65655899, -0.49703699, -0.03112248, -0.56649446, 0.19859427, -0.08501120, -0.19793445, 0.00000000, 0.00000000, 0.00000000, 0.00000000
5, 2.4400, 212, 0.20344099, 0.99853730, -0.02030304, -50.55857849, -15.66283989, -12.28553677, -24.11575508, 79.09967804, -77.22888184, -64.76147461, -36.60566330, 88.38792419, 0.69210434, 0.17967622, 0.54458529, -0.43833196, 0.06394490, 0.00641118, -0.05109708, 0.00000000, 0.00000000, 0.00000000, 0.00000000
2, 2.3201, 209, -0.27056974, 0.94447041, 0.03884816, -26.11310959, -184.88671875, 17.68594742, -8.30166626, 64.25022125, 55.80239487, 53.34232330, -31.45508385, 67.37286377, 0.64822733, -0.49386179, -0.03809438, -0.57831717, 0.15924352, -0.04442646, -0.20487526, 0.00000000, 0.00000000, 0.00000000, 0.00000000
5, 2.4500, 213, 0.22661537, 1.00126588, -0.02974109, -50.56295013, -5.58704948, -14.86701870, -24.49576187, 78.39812469, -76.73194885, -65.14630890, -36.22005081, 88.80681610, 0.68932557, 0.18229148, 0.54518747, -0.44087490, 0.07495429, 0.01662480, -0.02396347, 0.00000000, 0.00000000, 0.00000000, 0.00000000
2, 2.3301, 210, -0.28387564, 0.95460784, 0.00655692, -34.99663162, -156.42979431, 14.77881050, -8.30166626, 64.25022125, 55.80239487, 52.85351181, -31.49231529, 69.18247223, 0.64096826, -0.49059504, -0.04312473, -0.58874148, 0.15745308, -0.01018254, -0.23093472, 0.00000000, 0.00000000, 0.00000000, 0.00000000
5, 2.4800, 214, 0.28765646, 1.01795626, -0.06642404, -48.05680847, 8.56053543, -24.42889786, -24.64191818, 78.60274506, -75.47500610, -66.20163727, -36.03908157, 89.32735443, 0.68534613, 0.18720950, 0.54936916, -0.43982601, 0.10760131, 0.03708386, 0.05369692, 0.00000000, 0.00000000, 0.00000000, 0.00000000
2, 2.3401, 211, -0.28220671, 0.96731758, -0.02302133, -41.95964813, -131.31434631, 10.86781120, -7.98012257, 65.06869507, 56.82548904, 52.32856369, -31.59519577, 70.76151276, 0.63463366, -0.48741153, -0.04644841, -0.59792370, 0.14665945, 0.02489504, -0.24389769, 0.00000000, 0.00000000, 0.00000000, 0.00000000
5, 2.4900, 215, 0.30401471, 1.02354276, -0.07147004, -45.56483078, 7.68062019, -27.53113174, -24.58345413, 78.13504791, -75.09500122, -66.72068787, -35.70761871, 89.68210602, 0.68259436, 0.19057219, 0.55065781, -0.44104776, 0.11777471, 0.04257742, 0.07609060, 0.00000000, 0.00000000, 0.00000000, 0.00000000
2, 2.3501, 212, -0.27968556, 0.97125542, -0.04710080, -47.52296448, -110.08381653, 5.79485989, -6.95702982, 63.05173874, 58.17012405, 51.78529358, -31.76704407, 72.14127350, 0.62902075, -0.48445675, -0.04828808, -0.60605526, 0.13265914, 0.05062702, -0.25775337, 0.00000000, 0.00000000, 0.00000000, 0.00000000
5, 2.5000, 216, 0.31759614, 1.02719164, -0.07800315, -42.97727585, 4.82838488, -30.41870308, -25.28500366, 78.07658386, -74.71499634, -67.25292969, -35.41320038, 90.06515503, 0.67973548, 0.19364037, 0.55221272, -0.44218132, 0.12757879, 0.05018280, 0.09614572, 0.00000000, 0.00000000, 0.00000000, 0.00000000
2, 2.3601, 213, -0.27314883, 0.97663426, -0.06213853, -52.02230453, -91.29205322, -0.19217229, -7.10318613, 64.60099030, 58.84244156, 54.72650528, -33.66484833, 69.51716614, 0.62249577, -0.50805539, -0.03953348, -0.59398305, 0.11390668, 0.06707985, -0.25058323, 0.00000000, 0.00000000, 0.00000000, 0.00000000
5, 2.5100, 217, 0.32469404, 1.02408183, -0.08683559, -40.78286743, -0.65582836, -32.62791443, -25.25577354, 77.60888672, -74.53960419, -66.12697601, -36.42729187, 89.19316101, 0.68658769, 0.18510199, 0.55038136, -0.43751013, 0.13033547, 0.05865638, 0.10557535, 0.00000000, 0.00000000, 0.00000000, 0.00000000
2, 2.3701, 214, -0.26264191, 0.98686343, -0.07984377, -55.20188522, -73.83367920, -6.48878384, -7.30780458, 64.13329315, 59.74861145, 54.16542816, -34.03151703, 70.53852844, 0.61817336, -0.50588244, -0.03865419, -0.60037535, 0.07983249, 0.08042802, -0.21397430, 0.00000000, 0.00000000, 0.00000000, 0.00000000
5, 2.5200, 218, 0.32226369, 1.01369703, -0.10051888, -39.01184082, -7.71301174, -34.02796555, -25.25577354, 77.60888672, -74.53960419, -66.67327118, -36.21166611, 89.70031738, 0.68342042, 0.18720807, 0.55245739, -0.43895406, 0.12332856, 0.06489962, 0.09725580, 0.00000000, 0.00000000, 0.00000000, 0.00000000
2, 2.4001, 215, -0.21060213, 1.01171887, -0.12657836, -56.62252426, -36.28462601, -27.42353630, -6.84010506, 63.25635529, 61.03478622, 52.73326111, -35.47788620, 72.69983673, 0.60711408, -0.50248975, -0.03085189, -0.61478847, 0.01204938, 0.15473169, -0.19741470, 0.00000000, 0.00000000, 0.00000000, 0.00000000
5, 2.5300, 219, 0.31233689, 1.00240088, -0.11006475, -37.20735550, -19.00254440, -35.40664673, -25.69424057, 77.22888184, -73.86728668, -67.20656586, -36.03671265, 90.30410767, 0.67994148, 0.18850420, 0.55482280, -0.44081450, 0.12661545, 0.08447118, 0.09350976, 0.00000000, 0.00000000, 0.00000000, 0.00000000
2, 2.4101, 216, -0.18363960, 1.01791084, -0.14640848, -54.13803864, -29.29342270, -34.53372574, -6.89856768, 63.87021255, 61.70710373, 55.83097076, -35.52263260, 69.89163971, 0.60798484, -0.51986569, -0.03443192, -0.59908986, -0.02002591, 0.17268740, -0.17702162, 0.00000000, 0.00000000, 0.00000000, 0.00000000
5, 2.5400, 220, 0.30661684, 0.99828577, -0.11079559, -35.79195786, -26.04715729, -36.73176956, -25.72347260, 77.52119446, -73.77959442, -67.73490143, -35.88883591, 90.96952057, 0.67625302, 0.18928276, 0.55739653, -0.44290298, 0.12734589, 0.09236968, 0.09381546, 0.00000000, 0.00000000, 0.00000000, 0.00000000
2, 2.4201, 217, -0.15273130, 1.02519941, -0.15877844, -49.68566132, -24.52927780, -40.76507187, -6.89856768, 63.87021255, 61.70710373, 55.59594345, -36.14694977, 70.24633026, 0.60458875, -0.52051139, -0.03060770, -0.60216582, -0.04743699, 0.16915491, -0.13015302, 0.00000000, 0.00000000, 0.00000000, 0.00000000
5, 2.5500, 221, 0.29984972, 1.00408626, -0.11229856, -33.86535263, -31.16305542, -37.68443680, -26.01578522, 77.43349457, -73.75036621, -68.25543976, -35.76688385, 91.67523193, 0.67244267, 0.18963332, 0.56012446, -0.44510761, 0.13509168, 0.09318683, 0.09411478, 0.00000000, 0.00000000, 0.00000000, 0.00000000
2, 2.4301, 218, -0.12951259, 1.02845061, -0.16827248, -45.77126694, -23.72177887, -45.56911850, -6.92779875, 62.93481445, 62.70096207, 55.42942047, -36.78655243, 70.56072998, 0.60100383, -0.52159631, -0.02685798, -0.60498792, -0.07596889, 0.18508470, -0.11547071, 0.00000000, 0.00000000, 0.00000000, 0.00000000
5, 2.5600, 222, 0.28992945, 1.00816607, -0.11686251, -32.02400970, -34.98677444, -38.07943726, -25.95732307, 77.02426147, -73.34112549, -67.21207428, -37.24825668, 91.14987946, 0.67869037, 0.17717919, 0.56075805, -0.43992898, 0.13843974, 0.09118067, 0.08791927, 0.00000000, 0.00000000, 0.00000000, 0.00000000
2, 2.4401, 219, -0.10913609, 1.03676736, -0.17573676, -41.56991196, -24.79915237, -49.43720245, -7.62934828, 63.08097076, 63.25635529, 55.32609940, -37.43282700, 70.85595703, 0.59717906, -0.52305084, -0.02331309, -0.60766077, -0.09901285, 0.20279773, -0.09832712, 0.00000000, 0.00000000, 0.00000000, 0.00000000
5, 2.6000, 223, 0.25763908, 1.02689970, -0.11158611, -22.51680756, -44.26707077, -36.21336746, -26.27886581, 75.94270325, -72.61034393, -69.16606903, -37.10365295, 94.24829865, 0.66341799, 0.17417279, 0.57256961, -0.44911516, 0.13730417, 0.06830195, 0.07134248, 0.00000000, 0.00000000, 0.00000000, 0.00000000
2, 2.4501, 220, -0.08827399, 1.04681957, -0.18493406, -37.22376251, -26.99864769, -52.49863052, -7.71704149, 62.81789017, 63.51943970, 55.28063583, -38.07878113, 71.14553833, 0.59309530, -0.52481443, -0.02005760, -0.61025035, -0.12236850, 0.22259709, -0.08007400, 0.00000000, 0.00000000, 0.00000000, 0.00000000
5, 2.6100, 224, 0.24935688, 1.03479636, -0.10757541, -19.82308006, -43.28962326, -35.33053207, -26.60040855, 76.38117218, -72.25957489, -68.49301910, -38.45146561, 94.07764435, 0.66754067, 0.16292949, 0.57436872, -0.44490910, 0.13614774, 0.05725154, 0.06696257, 0.00000000, 0.00000000, 0.00000000, 0.00000000
2, 2.4601, 221, -0.07171896, 1.05378962, -0.18658447, -32.42871475, -30.34029198, -54.75690460, -8.15550995, 61.73633194, 63.92867661, 57.66471863, -36.43117523, 69.28570557, 0.59891236, -0.53253722, -0.03510721, -0.59705585, -0.13236915, 0.22485752, -0.05844496, 0.00000000, 0.00000000, 0.00000000, 0.00000000
5, 2.6200, 225, 0.23988022, 1.03671622, -0.10325391, -17.03595924, -41.16671371, -34.24631500, -26.60040855, 76.38117218, -72.25957489, -68.93171692, -38.48462296, 94.79403687, 0.66419190, 0.16167693, 0.57720381, -0.44670507, 0.12135407, 0.04068671, 0.05615682, 0.00000000, 0.00000000, 0.00000000, 0.00000000
2, 2.4701, 222, -0.04623131, 1.05736721, -0.19408099, -26.91838646, -35.27021027, -56.42990112, -8.15550995, 61.73633194, 63.92867661, 57.76503372, -37.06014252, 69.56220245, 0.59432423, -0.53488922, -0.03269316, -0.59966946, -0.13750139, 0.20899513, -0.02755315, 0.00000000, 0.00000000, 0.00000000, 0.00000000
5, 2.6300, 226, 0.22842582, 1.03563285, -0.10123297, -14.18619061, -38.28319550, -32.89940643, -26.22040367, 76.14732361, -72.20111084, -69.34630585, -38.53043365, 95.46152496, 0.66108751, 0.16042452, 0.57991540, -0.44824710, 0.12008463, 0.04176235, 0.05007398, 0.00000000, 0.00000000, 0.00000000, 0.00000000
2, 2.4801, 223, -0.02200721, 1.05644476, -0.20740306, -21.42302895, -41.29155731, -57.04945374, -8.33089733, 61.94095230, 64.45483398, 57.91212845, -37.66463852, 69.87637329, 0.58939332, -0.53739148, -0.03087829, -0.60238898, -0.17034477, 0.22225961, -0.01267399, 0.00000000, 0.00000000, 0.00000000, 0.00000000
5, 2.6400, 227, 0.21983251, 1.03478253, -0.09757670, -10.55206108, -34.05492783, -31.42527390, -26.24963379, 76.29347992, -72.84420013, -69.73374176, -38.59419632, 96.06362152, 0.65830976, 0.15921082, 0.58248430, -0.44943544, 0.11720304, 0.04123164, 0.04642872, 0.00000000, 0.00000000, 0.00000000, 0.00000000
2, 2.5601, 224, 0.00068676, 1.06030560, -0.21221699, 11.75690079, -83.11631775, -45.24620056, -9.50014591, 60.59631729, 65.97486115, 62.12270737, -35.44741440, 72.24414062, 0.56650519, -0.55071801, -0.07907689, -0.60788852, -0.18761633, 0.20400354, 0.04606454, 0.00000000, 0.00000000, 0.00000000, 0.00000000
5, 2.6500, 228, 0.21549743, 1.03822148, -0.09348506, -7.01259947, -29.38817024, -30.11474419, -27.03887749, 75.03653717, -72.25957489, -70.09706879, -38.67575836, 96.59833527, 0.65586573, 0.15807039, 0.58491755, -0.45025045, 0.11609533, 0.03691472, 0.04708619, 0.00000000, 0.00000000, 0.00000000, 0.00000000
2, 2.5701, 225, -0.00565072, 1.06500649, -0.21333279, 14.12873459, -83.73947144, -42.95459366, -9.50014591, 60.59631729, 65.97486115, 62.49143600, -35.78755951, 72.86617279, 0.55992854, -0.55314606, -0.08180697, -0.61140591, -0.15573020, 0.18506318, 0.04563062, 0.00000000, 0.00000000, 0.00000000, 0.00000000
5, 2.6600, 229, 0.21323624, 1.04055369, -0.09045485, -3.76245928, -24.41805840, -29.21392632, -26.86348915, 76.11809540, -72.05495453, -69.63746643, -39.77019119, 96.39944458, 0.65935433, 0.14972439, 0.58639485, -0.44606689, 0.11114623, 0.03031571, 0.04799818, 0.00000000, 0.00000000, 0.00000000, 0.00000000
2, 2.5801, 226, -0.01894657, 1.06671989, -0.21252912, 16.02279854, -82.20655823, -40.49261856, -9.61707115, 60.45016098, 66.58871460, 62.85780716, -36.09823990, 73.47629547, 0.55351889, -0.55544633, -0.08469041, -0.61475503, -0.14960229, 0.18623921, 0.04365062, 0.00000000, 0.00000000, 0.00000000, 0.00000000
5, 2.6700, 230, 0.21176785, 1.04259360, -0.08755454, -0.53915727, -18.74650955, -28.52388763, -26.86348915, 76.11809540, -72.14264679, -69.97673035, -39.88957596, 96.80222321, 0.65756935, 0.14887398, 0.58862305, -0.44605172, 0.09900882, 0.01671526, 0.04634236, 0.00000000, 0.00000000, 0.00000000, 0.00000000
2, 2.5901, 227, -0.02310728, 1.06708264, -0.21493331, 18.42237473, -78.22757721, -38.14707947, -9.26629639, 60.04092407, 66.26717377, 63.23107910, -36.37401962, 74.04602814, 0.54741395, -0.55766815, -0.08767057, -0.61778486, -0.15174189, 0.18846020, 0.04570238, 0.00000000, 0.00000000, 0.00000000, 0.00000000
5, 2.6800, 231, 0.20874271, 1.04418039, -0.08174226, 2.99740434, -12.53007030, -27.93000412, -26.33732796, 74.65653229, -72.14264679, -70.30034637, -40.02794647, 97.12806702, 0.65614653, 0.14819962, 0.59074259, -0.44556916, 0.09449952, 0.01172725, 0.04758019, 0.00000000, 0.00000000, 0.00000000, 0.00000000
2, 2.6001, 228, -0.03362124, 1.06212199, -0.21491103, 20.34035492, -73.39802551, -35.85624313, -9.20783424, 59.63168716, 66.29640198, 63.60892487, -36.61682892, 74.56793976, 0.54166305, -0.55981350, -0.09068178, -0.62047309, -0.15031132, 0.18491036, 0.04172951, 0.00000000, 0.00000000, 0.00000000, 0.00000000
5, 2.7700, 232, 0.28785232, 1.00571704, -0.06053169, 29.39305305, 42.15946198, -18.51488686, -29.69891739, 76.35194397, -72.34726715, -69.63912201, -42.42714691, 93.63394165, 0.67439103, 0.14766456, 0.59142584, -0.41666234, 0.01190197, -0.00254778, 0.12267406, 0.00000000, 0.00000000, 0.00000000, 0.00000000
2, 2.6101, 229, -0.04391876, 1.05916178, -0.20934086, 21.63482094, -66.90423584, -33.71385574, -9.29552746, 59.83630371, 66.70564270, 64.46816254, -34.59991837, 74.53417969, 0.54666793, -0.55758834, -0.10818440, -0.61526066, -0.13693002, 0.17275949, 0.04064867, 0.00000000, 0.00000000, 0.00000000, 0.00000000
5, 2.7800, 233, 0.30187279, 1.01287568, -0.05642691, 31.33945656, 40.04947281, -18.43222046, -29.69891739, 76.35194397, -72.34726715, -69.74185944, -42.71012115, 93.24869537, 0.67610466, 0.14853364, 0.59222132, -0.41242471, 0.00839080, -0.01314075, 0.13923322, 0.00000000, 0.00000000, 0.00000000, 0.00000000
2, 2.6201, 230, -0.05606509, 1.05280471, -0.20515069, 22.66562653, -58.28854370, -31.50866127, -9.29552746, 59.83630371, 66.70564270, 64.87089539, -34.78143692, 74.89470673, 0.54195815, -0.55973107, -0.11093871, -0.61698878, -0.10843208, 0.14708351, 0.03409881, 0.00000000, 0.00000000, 0.00000000, 0.00000000
5, 2.7900, 234, 0.30871609, 1.01705122, -0.05029218, 33.03556824, 36.51578903, -18.62567139, -29.23121834, 74.53960419, -72.78573608, -69.83698273, -43.01598358, 92.89060974, 0.67774481, 0.14908469, 0.59309393, -0.40825909, 0.00205144, -0.02324655, 0.14819905, 0.00000000, 0.00000000, 0.00000000, 0.00000000
2, 2.6301, 231, -0.07294571, 1.05183280, -0.19916128, 23.12702942, -48.28939056, -29.24607468, -9.61707115, 59.66091537, 67.05641174, 65.26915741, -34.92941666, 75.16056824, 0.53791416, -0.56181484, -0.11343555, -0.61817861, -0.09624765, 0.14118546, 0.03060277, 0.00000000, 0.00000000, 0.00000000, 0.00000000
5, 2.8000, 235, 0.30935568, 1.02142751, -0.04510495, 34.61449432, 32.38798523, -18.77920723, -30.02046204, 76.84887695, -73.57497406, -69.92465973, -43.34444427, 92.56588745, 0.67928994, 0.14928788, 0.59405249, -0.40420309, -0.00292528, -0.03316585, 0.15112206, 0.00000000, 0.00000000, 0.00000000, 0.00000000
2, 2.6401, 232, -0.09206744, 1.04322267, -0.18443039, 22.76771545, -35.92644119, -27.50606918, -9.44168377, 59.71937943, 66.82256317, 65.66241455, -35.04808426, 75.30744934, 0.53465641, -0.56388235, -0.11551861, -0.61873639, -0.08145870, 0.12349965, 0.02590186, 0.00000000, 0.00000000, 0.00000000, 0.00000000
5, 2.8100, 236, 0.30579156, 1.02673244, -0.03994621, 36.33980179, 27.91378403, -18.96039391, -30.22508049, 77.49195862, -73.69190216, -68.25743866, -42.93355560, 90.64009857, 0.68766785, 0.15173535, 0.58426851, -0.40338540, -0.00455056, -0.04390424, 0.14396787, 0.00000000, 0.00000000, 0.00000000, 0.00000000
2, 2.6701, 233, -0.09028679, 1.02273405, -0.15565325, 15.70106125, 16.13300514, -23.89771271, -9.61707115, 59.25167847, 66.91026306, 66.74830627, -33.97103500, 74.59915924, 0.53794056, -0.56634051, -0.12474993, -0.61181366, -0.06345861, 0.07274136, 0.04167801, 0.00000000, 0.00000000, 0.00000000, 0.00000000
5, 2.8200, 237, 0.30069208, 1.03289545, -0.03573735, 37.68169785, 24.25551414, -19.16983223, -31.10201645, 77.19964600, -74.07190704, -68.32707977, -43.30021667, 90.37058258, 0.68902129, 0.15131539, 0.58542120, -0.39954406, -0.00012108, -0.05451958, 0.12349638, 0.00000000, 0.00000000, 0.00000000, 0.00000000
2, 2.6801, 234, -0.08337380, 1.02079439, -0.15097986, 12.98731804, 32.78345871, -22.46631432, -9.79245853, 60.01169205, 66.70564270, 67.06959534, -33.99282074, 74.09808350, 0.53892171, -0.56846088, -0.12384111, -0.60916257, -0.06743369, 0.06645101, 0.05243458, 0.00000000, 0.00000000, 0.00000000, 0.00000000
5, 2.8300, 238, 0.29539642, 1.03894186, -0.03426374, 38.46154404, 21.54415703, -19.12170029, -31.10201645, 77.19964600, -74.07190704, -68.39040375, -43.67922211, 90.12234497, 0.69030702, 0.15067938, 0.58661932, -0.39579013, -0.00117812, -0.06381735, 0.12107637, 0.00000000, 0.00000000, 0.00000000, 0.00000000
2, 2.6901, 235, -0.06987266, 1.02185631, -0.14907317, 10.81626987, 43.93092728, -21.14056015, -10.26015759, 59.69014740, 66.26717377, 67.36923981, -33.99573517, 73.49733734, 0.54060489, -0.57052672, -0.12242559, -0.60601789, -0.07568688, 0.06421983, 0.06756642, 0.00000000, 0.00000000, 0.00000000, 0.00000000
5, 2.8400, 239, 0.29079732, 1.04332662, -0.03167115, 38.89349365, 19.74388504, -18.69690514, -31.27740479, 77.75504303, -74.45191193, -68.44439697, -44.06430054, 89.88518524, 0.69155675, 0.14989835, 0.58781761, -0.39211014, -0.00433285, -0.07282204, 0.11903813, 0.00000000, 0.00000000, 0.00000000, 0.00000000
2, 2.7001, 236, -0.05285070, 1.02159643, -0.15023179, 9.67582130, 51.67242050, -19.83109665, -10.43554497, 59.48553085, 65.88716888, 67.65364075, -33.97904587, 72.82865143, 0.54278702, -0.57253051, -0.12069733, -0.60251415, -0.08834416, 0.06315964, 0.08267847, 0.00000000, 0.00000000, 0.00000000, 0.00000000
5, 2.8500, 240, 0.28511766, 1.04506218, -0.03301522, 39.24857712, 18.53962135, -17.73114204, -31.71587181, 77.60888672, -74.86115265, -68.48233795, -44.45179367, 89.64901733, 0.69280887, 0.14900486, 0.58896810, -0.38849708, -0.00629350, -0.07734437, 0.11593727, 0.00000000, 0.00000000, 0.00000000, 0.00000000
2, 2.7101, 237, -0.04370390, 1.02249730, -0.15255570, 10.03124809, 55.84664154, -18.45744896, -10.43554497, 59.48553085, 65.88716888, 67.10755920, -32.53044510, 72.26290131, 0.55486232, -0.56617486, -0.12434123, -0.59675211, -0.08995780, 0.06165527, 0.08797614, 0.00000000, 0.00000000, 0.00000000, 0.00000000
5, 2.8600, 241, 0.27640083, 1.04289734, -0.03278636, 39.39049149, 17.45767975, -16.12881279, -31.65740967, 77.93042755, -75.09500122, -67.51120758, -43.90524673, 88.37175751, 0.69774711, 0.15292263, 0.58208275, -0.38851446, -0.00869266, -0.07872294, 0.10517426, 0.00000000, 0.00000000, 0.00000000, 0.00000000
2, 2.7201, 238, -0.04257949, 1.02914929, -0.15172851, 11.13321400, 57.56479645, -17.05087852, -10.05553913, 58.57936096, 66.23793793, 67.36492920, -32.47538757, 71.55654907, 0.55749583, -0.56801969, -0.12253621, -0.59290552, -0.07089274, 0.05798128, 0.08370492, 0.00000000, 0.00000000, 0.00000000, 0.00000000
5, 2.8700, 242, 0.26713327, 1.03652871, -0.03239594, 39.09891891, 15.60712719, -13.85576534, -32.41742325, 77.43349457, -75.03653717, -67.49456787, -44.28077698, 88.12507629, 0.69904268, 0.15182638, 0.58303559, -0.38517210, -0.00808824, -0.07417957, 0.08532293, 0.00000000, 0.00000000, 0.00000000, 0.00000000
2, 2.7301, 239, -0.05026723, 1.03400791, -0.14186245, 13.00164604, 57.89654541, -15.65142918, -11.28325081, 59.19321823, 65.03945923, 67.62665558, -32.39457703, 70.84936523, 0.56019551, -0.56980848, -0.12089644, -0.58896816, -0.05704862, 0.05236848, 0.08896029, 0.00000000, 0.00000000, 0.00000000, 0.00000000
5, 2.8800, 243, 0.25935483, 1.03029621, -0.03686744, 38.36244965, 13.78700447, -11.55880165, -32.41742325, 77.43349457, -75.03653717, -67.44961548, -44.64506149, 87.87958527, 0.70033962, 0.15062146, 0.58385742, -0.38203162, -0.01263506, -0.07088491, 0.07881212, 0.00000000, 0.00000000, 0.00000000, 0.00000000
2, 2.7401, 240, -0.05959427, 1.03959167, -0.13070571, 15.22767353, 58.92200851, -14.59720898, -11.40017509, 58.66705704, 64.42560577, 67.89839172, -32.28675842, 70.13185883, 0.56298548, -0.57157886, -0.11941190, -0.58488095, -0.04064845, 0.04609970, 0.09410530, 0.00000000, 0.00000000, 0.00000000, 0.00000000
5, 2.8900, 244, 0.25266156, 1.02531528, -0.03985982, 37.41804886, 11.57541370, -8.98810768, -32.00818253, 77.60888672, -75.97193909, -67.37381744, -44.99595642, 87.63777924, 0.70163077, 0.14929123, 0.58453768, -0.37913340, -0.01737084, -0.06954091, 0.07296216, 0.00000000, 0.00000000, 0.00000000, 0.00000000
2, 2.7501, 241, -0.06405401, 1.04340231, -0.12153491, 17.38277626, 60.57166290, -13.67469025, -12.45249939, 58.52090073, 64.30867767, 68.18009186, -32.15188599, 69.39788818, 0.56589466, -0.57334083, -0.11805113, -0.58060956, -0.02916731, 0.03969903, 0.10085324, 0.00000000, 0.00000000, 0.00000000, 0.00000000
5, 2.9000, 245, 0.24566577, 1.02118814, -0.04064744, 36.15657043, 9.11689472, -6.40173578, -32.21280289, 78.01811981, -75.91347504, -67.26866913, -45.33088684, 87.40361023, 0.70289904, 0.14783901, 0.58507949, -0.37650847, -0.02288023, -0.07031661, 0.06628540, 0.00000000, 0.00000000, 0.00000000, 0.00000000
2, 2.7701, 242, -0.06272134, 1.06048679, -0.10993519, 23.49958611, 62.48177338, -11.35865021, -12.36480522, 59.45629883, 63.49020767, 67.62994385, -31.21735954, 68.17277527, 0.57880032, -0.56919003, -0.11524811, -0.57247782, -0.00227454, 0.03897760, 0.10532965, 0.00000000, 0.00000000, 0.00000000, 0.00000000
5, 2.9100, 246, 0.23589186, 1.01495600, -0.04353295, 34.57884216, 6.37330008, -3.66039777, -32.30049515, 78.25197601, -76.93656921, -66.82769775, -44.80212402, 86.70455170, 0.70522231, 0.15184097, 0.58081162, -0.37717852, -0.02508939, -0.06603949, 0.05458568, 0.00000000, 0.00000000, 0.00000000, 0.00000000
2, 2.7801, 243, -0.05962565, 1.06917477, -0.10671892, 26.42026520, 61.56576920, -10.12506580, -12.92019844, 59.22245026, 62.90558243, 67.94656372, -30.99833298, 67.42813110, 0.58185595, -0.57092488, -0.11454703, -0.56777424, 0.00456313, 0.03934651, 0.11707759, 0.00000000, 0.00000000, 0.00000000, 0.00000000
5, 2.9200, 247, 0.22704586, 1.01224685, -0.04592653, 32.56271744, 3.29370070, -0.13281374, -32.24203491, 78.57351685, -76.73194885, -66.65872955, -45.09239960, 86.49262238, 0.70643526, 0.15014632, 0.58103502, -0.37523812, -0.01993296, -0.06047769, 0.03982256, 0.00000000, 0.00000000, 0.00000000, 0.00000000
2, 2.7901, 244, -0.05602474, 1.07663584, -0.09915817, 29.40921974, 59.14984894, -8.92736816, -13.12481689, 59.25167847, 62.52557755, 68.27533722, -30.75232315, 66.70787048, 0.58480424, -0.57263696, -0.11418134, -0.56307513, 0.01301563, 0.03551023, 0.13085988, 0.00000000, 0.00000000, 0.00000000, 0.00000000
5, 2.9300, 248, 0.21914473, 1.01195693, -0.04742487, 30.28740311, -0.41483223, 3.38307858, -32.35895920, 78.83659363, -77.17041779, -66.45443726, -45.35665512, 86.29900360, 0.70759320, 0.14829469, 0.58107966, -0.37372056, -0.02138192, -0.06328569, 0.03129062, 0.00000000, 0.00000000, 0.00000000, 0.00000000
2, 2.8001, 245, -0.05486022, 1.08434260, -0.09073569, 32.27142334, 55.62815475, -7.56655884, -13.91405964, 58.57936096, 61.94095230, 68.61352539, -30.48132706, 66.02458954, 0.58758968, -0.57430953, -0.11418745, -0.55845171, 0.02415645, 0.03099196, 0.14358303, 0.00000000, 0.00000000, 0.00000000, 0.00000000
5, 2.9400, 249, 0.21408612, 1.01283801, -0.04836267, 28.37984276, -3.72880173, 6.55317163, -32.35895920, 78.83659363, -77.17041779, -66.21766663, -45.59867859, 86.12084961, 0.70870703, 0.14629453, 0.58096492, -0.37257507, -0.02251462, -0.06724302, 0.02516463, 0.00000000, 0.00000000, 0.00000000, 0.00000000
2, 2.8101, 246, -0.05230724, 1.09054255, -0.08446398, 35.05775070, 50.85593796, -6.55174112, -13.91405964, 58.57936096, 61.94095230, 67.30771637, -30.08771133, 65.79076385, 0.59686184, -0.56671393, -0.10924560, -0.55736601, 0.03320531, 0.02884810, 0.14968616, 0.00000000, 0.00000000, 0.00000000, 0.00000000
5, 2.9500, 250, 0.21062052, 1.01327646, -0.04791734, 26.51031113, -7.23515463, 9.77077389, -31.51125336, 78.36889648, -77.19964600, -65.94795227, -45.81909180, 85.95970917, 0.70977366, 0.14413044, 0.58069307, -0.37181097, -0.02487960, -0.07174540, 0.01999906, 0.00000000, 0.00000000, 0.00000000, 0.00000000
2, 2.8201, 247, -0.04877132, 1.09455574, -0.07538034, 37.62677002, 45.34899902, -5.75296736, -13.91405964, 59.31014252, 61.56094742, 67.67270660, -29.79811096, 65.20035553, 0.59910506, -0.56839025, -0.10999349, -0.55308884, 0.04277747, 0.02723194, 0.14518705, 0.00000000, 0.00000000, 0.00000000, 0.00000000
5, 2.9800, 251, 0.20565952, 1.01521373, -0.03990487, 20.43037796, -17.08862305, 19.09492493, -32.06664658, 78.86582947, -77.11195374, -65.28282928, -45.52555847, 85.58131409, 0.71158260, 0.14366180, 0.57696521, -0.37432978, -0.02547566, -0.07874899, 0.00607516, 0.00000000, 0.00000000, 0.00000000, 0.00000000
2, 2.8301, 248, -0.04895081, 1.09306741, -0.06097247, 39.64099503, 39.69126129, -4.91503668, -14.44022179, 59.45629883, 60.77170181, 68.04501343, -29.49713516, 64.66715240, 0.60105097, -0.57003981, -0.11111413, -0.54904097, 0.05384472, 0.01150140, 0.15576996, 0.00000000, 0.00000000, 0.00000000, 0.00000000
5, 2.9900, 252, 0.20513861, 1.01037037, -0.03598981, 18.56611252, -19.64538574, 21.93199348, -32.06664658, 78.86582947, -77.11195374, -64.89910126, -45.65545654, 85.48662567, 0.71247870, 0.14098230, 0.57607919, -0.37500784, -0.03320657, -0.08134214, 0.00132407, 0.00000000, 0.00000000, 0.00000000, 0.00000000
2, 2.8401, 249, -0.04932399, 1.08623624, -0.04513143, 41.05011368, 34.65139008, -3.67879605, -14.11867905, 60.01169205, 60.30400467, 68.41674042, -29.18517303, 64.18904114, 0.60275245, -0.57162386, -0.11255826, -0.54522145, 0.06329361, -0.00908703, 0.16431321, 0.00000000, 0.00000000, 0.00000000, 0.00000000
5, 3.0000, 253, 0.20278211, 1.00625300, -0.03272254, 16.78132248, -21.49684143, 24.43434143, -31.65740967, 78.98274994, -78.19351196, -64.49214172, -45.76373672, 85.39926147, 0.71334904, 0.13824585, 0.57504648, -0.37595579, -0.03947340, -0.08393417, -0.00547068, 0.00000000, 0.00000000, 0.00000000, 0.00000000
2, 2.8501, 250, -0.04696530, 1.07863009, -0.03179853, 41.54751587, 28.79886818, -1.93545485, -14.90792179, 60.09938431, 60.15784836, 68.77706146, -28.86680794, 63.77902222, 0.60418808, -0.57308286, -0.11431159, -0.54172480, 0.06931246, -0.02843881, 0.17306447, 0.00000000, 0.00000000, 0.00000000, 0.00000000
5, 3.0100, 254, 0.20070268, 1.00374198, -0.03039630, 14.98942089, -22.77228355, 26.88040352, -31.36509705, 79.07044983, -78.13504791, -64.87833405, -44.94588470, 85.63960266, 0.71139556, 0.14430036, 0.57353067, -0.37967947, -0.04096339, -0.08334209, -0.01104903, 0.00000000, 0.00000000, 0.00000000, 0.00000000
2, 2.8601, 251, -0.04674043, 1.07337666, -0.01957301, 41.11898804, 24.37956047, 0.11439561, -14.90792179, 60.09938431, 60.15784836, 66.87032318, -29.18970490, 63.91341400, 0.61170638, -0.56370151, -0.10380489, -0.54523444, 0.07507911, -0.04075290, 0.17326325, 0.00000000, 0.00000000, 0.00000000, 0.00000000
5, 3.0200, 255, 0.19642684, 1.00632584, -0.02856940, 13.24667263, -23.73063278, 29.19319153, -30.66354752, 75.18269348, -77.93042755, -64.43114471, -45.00970078, 85.55791473, 0.71227938, 0.14155175, 0.57218599, -0.38108340, -0.03256485, -0.07878064, -0.01659809, 0.00000000, 0.00000000, 0.00000000, 0.00000000
2, 2.8701, 252, -0.04511776, 1.06844211, -0.00880288, 39.99679947, 20.71421242, 2.68745661, -14.73253441, 59.95322800, 59.51476288, 67.18955231, -28.87213898, 63.60084534, 0.61289173, -0.56483757, -0.10588259, -0.54232013, 0.07432412, -0.04281083, 0.15861908, 0.00000000, 0.00000000, 0.00000000, 0.00000000
5, 3.0300, 256, 0.19366530, 1.00461245, -0.02683258, 11.69313335, -24.14853859, 31.55150414, -30.86816597, 79.42121887, -78.25197601, -63.96156693, -45.05116653, 85.47000122, 0.71318120, 0.13882327, 0.57067144, -0.38266808, -0.03523936, -0.08172590, -0.02451809, 0.00000000, 0.00000000, 0.00000000, 0.00000000
2, 2.8801, 253, -0.04247626, 1.06219828, -0.00102792, 38.21413040, 17.15273094, 5.53102350, -14.87869072, 59.71937943, 59.42706680, 67.47045135, -28.55056381, 63.34587860, 0.61399513, -0.56571716, -0.10807830, -0.53971589, 0.07811525, -0.05695743, 0.16438539, 0.00000000, 0.00000000, 0.00000000, 0.00000000
5, 3.0400, 257, 0.19284707, 1.00303531, -0.02485649, 10.05162811, -24.71636772, 33.59188843, -30.86816597, 79.42121887, -78.25197601, -63.47463608, -45.07101059, 85.38093567, 0.71407932, 0.13611591, 0.56901085, -0.38443449, -0.03797404, -0.08483180, -0.03083131, 0.00000000, 0.00000000, 0.00000000, 0.00000000
2, 2.8901, 254, -0.03936313, 1.05544519, 0.00364512, 35.64609528, 13.65991402, 8.73341656, -14.38175964, 59.80707169, 58.87167358, 67.70443726, -28.22795868, 63.15153503, 0.61503732, -0.56629485, -0.11035083, -0.53745884, 0.07981929, -0.06899968, 0.16808754, 0.00000000, 0.00000000, 0.00000000, 0.00000000
5, 3.0500, 258, 0.19521397, 1.00232041, -0.02688308, 8.79434490, -24.83184433, 35.05981064, -30.28354263, 76.14732361, -78.10581970, -62.97582245, -45.07372665, 85.28891754, 0.71497750, 0.13344553, 0.56723553, -0.38632014, -0.03740239, -0.08575590, -0.03375851, 0.00000000, 0.00000000, 0.00000000, 0.00000000
2, 2.9001, 255, -0.04118157, 1.05220485, 0.00845188, 32.81055450, 10.00918102, 12.18151855, -14.46945286, 60.01169205, 58.57936096, 67.88837433, -27.90513802, 63.02074814, 0.61602104, -0.56654811, -0.11269824, -0.53557491, 0.08686644, -0.07833705, 0.16947830, 0.00000000, 0.00000000, 0.00000000, 0.00000000
5, 3.0600, 259, 0.19908494, 1.00351918, -0.02699360, 7.69803476, -25.07928848, 36.27716446, -29.75738144, 79.30429840, -78.33966827, -63.58021927, -44.29799652, 85.74259186, 0.71209949, 0.13957432, 0.56682593, -0.39005339, -0.03457046, -0.08567027, -0.03336804, 0.00000000, 0.00000000, 0.00000000, 0.00000000
2, 2.9101, 256, -0.04721857, 1.05271673, 0.00920985, 29.67291641, 6.71758890, 15.89927006, -14.46945286, 60.01169205, 58.57936096, 65.81972504, -28.60518074, 63.39141083, 0.62164944, -0.55692351, -0.10015033, -0.54162550, 0.09282197, -0.07656756, 0.16005886, 0.00000000, 0.00000000, 0.00000000, 0.00000000
5, 3.1300, 260, 0.19157277, 0.96088839, -0.02684109, 1.98756635, -28.47696686, 40.12461090, -27.56503868, 79.50891113, -78.86582947, -61.22278976, -43.39697266, 85.92169189, 0.71350920, 0.12939523, 0.55530143, -0.40718788, -0.04429110, -0.04779507, -0.06971893, 0.00000000, 0.00000000, 0.00000000, 0.00000000
2, 2.9201, 257, -0.05508301, 1.05044746, 0.01259904, 26.30347252, 3.87704563, 19.58987999, -14.20637226, 60.04092407, 58.28704834, 65.90181732, -28.28319168, 63.36549759, 0.62264377, -0.55651051, -0.10255449, -0.54045659, 0.09211619, -0.06786413, 0.13456920, 0.00000000, 0.00000000, 0.00000000, 0.00000000
5, 3.1400, 261, 0.18954594, 0.95789433, -0.02707593, 1.29094982, -28.26928329, 39.92811584, -27.56503868, 79.50891113, -78.86582947, -60.70996094, -43.32149887, 85.87747192, 0.71418214, 0.12686411, 0.55312192, -0.40976286, -0.04494515, -0.04782597, -0.07812741, 0.00000000, 0.00000000, 0.00000000, 0.00000000
2, 2.9301, 258, -0.06136936, 1.04992568, 0.01297802, 22.47025108, 1.33042562, 23.44625282, -14.14791012, 60.42092896, 57.64396286, 65.92330170, -27.96131897, 63.39628220, 0.62366045, -0.55571431, -0.10494550, -0.53964418, 0.10146494, -0.07122398, 0.12963688, 0.00000000, 0.00000000, 0.00000000, 0.00000000
5, 3.1500, 262, 0.18482421, 0.95310581, -0.02472534, 0.42953572, -27.71035385, 39.54930878, -27.06810760, 79.09967804, -78.28120422, -60.20780945, -43.23828888, 85.83762360, 0.71481359, 0.12442100, 0.55094182, -0.41233978, -0.04825169, -0.04823394, -0.08953167, 0.00000000, 0.00000000, 0.00000000, 0.00000000
2, 2.9401, 259, -0.06976849, 1.04235971, 0.01034463, 18.17259789, -1.14560294, 27.43080521, -14.17714119, 60.39169693, 57.46857452, 65.88006592, -27.64146423, 63.48447037, 0.62470818, -0.55451196, -0.10729504, -0.53920686, 0.10728932, -0.07697356, 0.11722954, 0.00000000, 0.00000000, 0.00000000, 0.00000000
5, 3.1600, 263, 0.18114993, 0.94642818, -0.02417725, -0.34459451, -27.02754402, 39.11975479, -26.39579010, 79.77199554, -78.33966827, -61.45479965, -42.81927490, 86.71830750, 0.70991832, 0.13042566, 0.55474001, -0.41384616, -0.05051767, -0.04237115, -0.09545432, 0.00000000, 0.00000000, 0.00000000, 0.00000000
2, 2.9501, 260, -0.07791285, 1.03988910, 0.00645587, 14.62333870, -2.67558837, 30.38726234, -14.17714119, 60.39169693, 57.46857452, 65.78641510, -27.32476807, 63.61280441, 0.62579364, -0.55299616, -0.10957830, -0.53904569, 0.11482435, -0.07785152, 0.10619096, 0.00000000, 0.00000000, 0.00000000, 0.00000000
5, 3.1700, 264, 0.17942142, 0.93993390, -0.02284225, -1.24581158, -26.13615990, 38.66174698, -25.98655319, 79.74276733, -78.54428101, -60.97331619, -42.72122192, 86.68016815, 0.71051669, 0.12821199, 0.55256319, -0.41641542, -0.05128215, -0.02983735, -0.09077492, 0.00000000, 0.00000000, 0.00000000, 0.00000000
2, 2.9601, 261, -0.08519419, 1.03831530, 0.00372990, 11.66277599, -4.16863823, 32.97078323, -13.94329166, 60.21630859, 57.46857452, 64.28373718, -28.36493111, 63.85751724, 0.62778723, -0.54748166, -0.09671751, -0.54478687, 0.11751126, -0.07385318, 0.09254044, 0.00000000, 0.00000000, 0.00000000, 0.00000000
5, 3.1800, 265, 0.17589763, 0.93516958, -0.02341094, -2.27861714, -24.66987038, 38.14900970, -25.84039688, 80.29815674, -78.80736542, -60.50566101, -42.61202621, 86.64023590, 0.71109092, 0.12615640, 0.55037743, -0.41895002, -0.05228239, -0.02782379, -0.10053755, 0.00000000, 0.00000000, 0.00000000, 0.00000000
2, 3.0001, 262, -0.10503809, 1.02954209, -0.01725135, 3.07970309, -10.43573761, 40.34749985, -13.18327999, 60.97632217, 57.64396286, 63.42199707, -27.10859871, 64.78952789, 0.63231409, -0.53828913, -0.10541496, -0.54709363, 0.12047213, -0.05471016, 0.03691827, 0.00000000, 0.00000000, 0.00000000, 0.00000000
5, 3.1900, 266, 0.17082627, 0.92807567, -0.02383843, -3.38150191, -23.29123688, 37.63507080, -25.31423569, 79.85968781, -78.54428101, -60.05231476, -42.49132538, 86.59998322, 0.71163630, 0.12425694, 0.54818499, -0.42145851, -0.05460632, -0.02405016, -0.11196078, 0.00000000, 0.00000000, 0.00000000, 0.00000000
2, 3.0101, 263, -0.10802045, 1.02662563, -0.02619867, 1.79522192, -12.19750595, 41.86112976, -12.89096737, 58.66705704, 57.55627060, 62.64396286, -28.13779068, 64.84697723, 0.63170248, -0.53698647, -0.09507897, -0.55096054, 0.11636579, -0.04754474, 0.02353895, 0.00000000, 0.00000000, 0.00000000, 0.00000000
5, 3.2000, 267, 0.16393845, 0.91597760, -0.02423753, -4.97055769, -21.45935822, 36.92781830, -25.31423569, 79.85968781, -78.54428101, -59.61890411, -42.35444641, 86.56016541, 0.71214181, 0.12257320, 0.54598862, -0.42394149, -0.05990410, -0.01642691, -0.12551758, 0.00000000, 0.00000000, 0.00000000, 0.00000000
2, 3.0201, 264, -0.11294174, 1.02355421, -0.03210962, -0.04615059, -14.72722721, 43.24937820, -12.59865570, 61.79479599, 57.67319489, 62.34328842, -27.82151222, 65.18353271, 0.63271540, -0.53410649, -0.09732153, -0.55220473, 0.10465524, -0.03586159, 0.00886962, 0.00000000, 0.00000000, 0.00000000, 0.00000000
5, 3.2100, 268, 0.15834282, 0.90198529, -0.02613631, -7.02679873, -19.24661255, 36.14795303, -24.84653664, 79.65506744, -78.51505280, -61.19361877, -42.17266083, 87.54287720, 0.70662761, 0.12870224, 0.55215901, -0.42335993, -0.06523003, -0.00285254, -0.13214056, 0.00000000, 0.00000000, 0.00000000, 0.00000000
2, 3.0301, 265, -0.11943629, 1.01964796, -0.03463237, -1.33306575, -16.21730804, 44.15452194, -11.66325665, 60.68400955, 58.31628036, 62.02857590, -27.50635529, 65.54039001, 0.63367486, -0.53111190, -0.09956989, -0.55359024, 0.11094011, -0.03689716, -0.00435999, 0.00000000, 0.00000000, 0.00000000, 0.00000000
5, 3.2300, 269, 0.15516017, 0.87325788, -0.03331602, -11.81036568, -15.21003914, 34.58750153, -24.26191139, 78.71967316, -78.48582458, -60.43950272, -41.79032516, 87.46237183, 0.70742154, 0.12673062, 0.54774451, -0.42833418, -0.07402855, 0.03162802, -0.13136864, 0.00000000, 0.00000000, 0.00000000, 0.00000000
2, 3.0401, 266, -0.12313837, 1.01187837, -0.03765016, -2.51376081, -17.39022255, 44.69523239, -11.48786926, 62.96404648, 58.57936096, 61.70339584, -27.19383240, 65.91239929, 0.63458180, -0.52803057, -0.10180512, -0.55509055, 0.11305708, -0.04016190, -0.01795498, 0.00000000, 0.00000000, 0.00000000, 0.00000000
5, 3.2400, 270, 0.15559328, 0.86284637, -0.03486004, -14.68162346, -13.34265804, 33.38916397, -23.23881912, 79.47968292, -77.84273529, -60.10950470, -41.56168747, 87.43741608, 0.70767576, 0.12618420, 0.54556072, -0.43085515, -0.07713813, 0.04031454, -0.13685727, 0.00000000, 0.00000000, 0.00000000, 0.00000000
2, 3.0501, 267, -0.12597968, 1.00519741, -0.04010848, -3.60553217, -18.37022781, 45.04500580, -11.48786926, 62.96404648, 58.57936096, 61.36994171, -26.88446617, 66.29642487, 0.63543779, -0.52487826, -0.10401838, -0.55668837, 0.11534523, -0.04289265, -0.03023835, 0.00000000, 0.00000000, 0.00000000, 0.00000000
5, 3.2500, 271, 0.16165364, 0.85782981, -0.03832041, -17.71223831, -11.65522099, 31.64524460, -23.23881912, 79.47968292, -77.84273529, -59.82023621, -41.30945206, 87.43158722, 0.70779234, 0.12593907, 0.54344350, -0.43340337, -0.07561826, 0.04679439, -0.13583243, 0.00000000, 0.00000000, 0.00000000, 0.00000000
2, 3.0601, 268, -0.12961473, 0.99790406, -0.04220961, -4.44590807, -18.64318275, 45.27805710, -10.99093819, 61.73633194, 58.46243668, 61.25347137, -28.07815933, 66.07884216, 0.63243163, -0.52811831, -0.09447041, -0.55874574, 0.11223137, -0.04396906, -0.04107509, 0.00000000, 0.00000000, 0.00000000, 0.00000000
5, 3.2600, 272, 0.16939022, 0.85522974, -0.04046278, -21.22206688, -10.18372345, 29.28886986, -23.50189972, 79.36275482, -78.01811981, -60.97385788, -41.25867081, 88.11631775, 0.70386958, 0.13008805, 0.54836267, -0.43236929, -0.07407189, 0.05280811, -0.12836780, 0.00000000, 0.00000000, 0.00000000, 0.00000000
2, 3.0701, 269, -0.13256724, 0.99298346, -0.04360931, -4.96461821, -18.93482590, 45.43750763, -10.49400711, 63.19789505, 58.78398132, 60.89999008, -27.77192497, 66.47555542, 0.63330382, -0.52488852, -0.09661654, -0.56043154, 0.09847008, -0.03937178, -0.04561491, 0.00000000, 0.00000000, 0.00000000, 0.00000000
5, 3.2700, 273, 0.18115541, 0.84716761, -0.04120794, -24.53043747, -9.21354103, 26.84787941, -22.74188805, 79.33352661, -78.01811981, -60.77842331, -40.96057510, 88.16161346, 0.70362788, 0.13046452, 0.54648745, -0.43501538, -0.07890029, 0.06588192, -0.10851780, 0.00000000, 0.00000000, 0.00000000, 0.00000000
2, 3.0801, 270, -0.13461781, 0.98507053, -0.04578662, -5.53695583, -18.72160530, 45.39375687, -9.90938282, 62.43788147, 59.39783478, 60.54500961, -27.46717644, 66.86898804, 0.63417274, -0.52163351, -0.09871238, -0.56212044, 0.09962389, -0.04293701, -0.05811235, 0.00000000, 0.00000000, 0.00000000, 0.00000000
5, 3.2800, 274, 0.19267030, 0.83982289, -0.04157360, -27.11525917, -9.31067848, 24.14439774, -22.39111328, 79.04121399, -77.60888672, -60.62997055, -40.65175629, 88.24486542, 0.70317417, 0.13101469, 0.54478228, -0.43771404, -0.08106560, 0.07348759, -0.10133480, 0.00000000, 0.00000000, 0.00000000, 0.00000000
2, 3.0901, 271, -0.13678096, 0.97614151, -0.04531156, -6.02012062, -18.68194771, 45.36448288, -9.50014591, 63.25635529, 59.42706680, 60.18922424, -27.16342163, 67.26059723, 0.63502967, -0.51835465, -0.10077138, -0.56381816, 0.10166757, -0.04901273, -0.06986821, 0.00000000, 0.00000000, 0.00000000, 0.00000000
5, 3.2900, 275, 0.20518088, 0.83095336, -0.04130452, -29.55348396, -9.81883430, 21.20141411, -22.53726959, 79.24583435, -77.49195862, -60.52941513, -40.33576965, 88.36989594, 0.70249254, 0.13170588, 0.54327273, -0.44046849, -0.08472251, 0.08213438, -0.09286275, 0.00000000, 0.00000000, 0.00000000, 0.00000000
2, 3.1001, 272, -0.13996738, 0.96859688, -0.04281024, -6.70032215, -18.58727264, 45.26806641, -9.50014591, 63.25635529, 59.42706680, 59.83127594, -26.86235809, 67.65039062, 0.63587415, -0.51505035, -0.10277542, -0.56553018, 0.10611381, -0.05544206, -0.08064587, 0.00000000, 0.00000000, 0.00000000, 0.00000000
5, 3.3000, 276, 0.21598221, 0.82181442, -0.04316126, -31.87487221, -11.25670242, 17.84920883, -22.53726959, 79.24583435, -77.49195862, -60.47926331, -40.01794815, 88.54646301, 0.70154375, 0.13247585, 0.54200536, -0.44330198, -0.08672532, 0.09275994, -0.08534892, 0.00000000, 0.00000000, 0.00000000, 0.00000000
2, 3.1101, 273, -0.14567198, 0.96234858, -0.04446296, -7.59492159, -18.23094368, 45.12460709, -9.20783424, 60.68400955, 59.33937454, 60.19996262, -28.22947311, 67.16179657, 0.63135648, -0.52189291, -0.09324920, -0.56596947, 0.10444193, -0.05644315, -0.09053617, 0.00000000, 0.00000000, 0.00000000, 0.00000000
5, 3.3100, 277, 0.22560485, 0.81050348, -0.04372071, -34.10547256, -12.94483662, 14.06925583, -21.80648994, 77.37503815, -77.31657410, -60.74911499, -39.90377426, 88.85847473, 0.69990200, 0.13333684, 0.54295462, -0.44447583, -0.09164403, 0.10435259, -0.07765706, 0.00000000, 0.00000000, 0.00000000, 0.00000000
2, 3.1201, 274, -0.15031907, 0.95646781, -0.04223343, -8.16892719, -17.87119102, 44.68061447, -8.85705948, 63.54866791, 59.42706680, 59.82435608, -27.94142914, 67.55189514, 0.63224787, -0.51858419, -0.09508865, -0.56770694, 0.09109595, -0.05694092, -0.08939690, 0.00000000, 0.00000000, 0.00000000, 0.00000000
5, 3.3600, 278, 0.27498466, 0.84162664, -0.02510411, -41.69324493, -27.31148911, -8.46977901, -21.66033363, 77.60888672, -75.62116241, -61.22426605, -38.38277817, 90.81647491, 0.68983668, 0.13616405, 0.54109716, -0.46130109, -0.07248159, 0.08734354, -0.02488820, 0.00000000, 0.00000000, 0.00000000, 0.00000000
2, 3.1301, 275, -0.15447438, 0.95075941, -0.03939672, -8.93970490, -17.09219360, 44.06891251, -8.21397209, 63.75328827, 59.66091537, 59.44893646, -27.66007042, 67.93182373, 0.63314182, -0.51528436, -0.09682029, -0.56942028, 0.09700251, -0.06207567, -0.09993137, 0.00000000, 0.00000000, 0.00000000, 0.00000000
5, 3.3700, 279, 0.29190925, 0.86859453, -0.01952320, -41.74745941, -31.58620834, -14.74016190, -21.57263947, 78.33966827, -75.09500122, -61.56388474, -38.16595840, 91.44835663, 0.68660176, 0.13653576, 0.54237098, -0.46451023, -0.05660106, 0.06681713, -0.00721501, 0.00000000, 0.00000000, 0.00000000, 0.00000000
2, 3.1401, 276, -0.15919434, 0.94318420, -0.03846662, -9.85407639, -16.08367348, 43.26920700, -6.40163708, 62.90558243, 59.80707169, 59.07329559, -27.38769913, 68.29943848, 0.63404256, -0.51200193, -0.09841774, -0.57110244, 0.10132033, -0.06706538, -0.11272034, 0.00000000, 0.00000000, 0.00000000, 0.00000000
5, 3.3800, 280, 0.31023523, 0.90155494, -0.00987975, -40.94516754, -37.46678162, -20.55146980, -21.57263947, 78.16427612, -74.80268860, -61.95510864, -37.99237442, 92.16428375, 0.68299073, 0.13653874, 0.54414243, -0.46774989, -0.04114202, 0.04033608, 0.01648026, 0.00000000, 0.00000000, 0.00000000, 0.00000000
2, 3.1501, 277, -0.16255713, 0.93494081, -0.03409596, -10.96588230, -14.96617031, 42.29813766, -6.40163708, 62.90558243, 59.80707169, 58.69650650, -27.12691689, 68.65406036, 0.63494849, -0.50874311, -0.09985721, -0.57275599, 0.10589468, -0.07480717, -0.12312135, 0.00000000, 0.00000000, 0.00000000, 0.00000000
5, 3.3900, 281, 0.32460633, 0.93421590, -0.00211232, -39.65001678, -42.90947723, -26.28850746, -21.51417732, 77.95966339, -75.03653717, -62.39568329, -37.86349106, 92.95763397, 0.67903626, 0.13617074, 0.54639786, -0.47097421, -0.02460263, 0.01523302, 0.03727618, 0.00000000, 0.00000000, 0.00000000, 0.00000000
2, 3.1601, 278, -0.16688973, 0.92433494, -0.02672695, -12.13085651, -13.45022202, 41.26242447, -7.51242304, 63.92867661, 60.21630859, 59.26580429, -28.84454346, 67.98395538, 0.62911636, -0.51806515, -0.08822275, -0.57274598, 0.10372584, -0.08465493, -0.12863974, 0.00000000, 0.00000000, 0.00000000, 0.00000000
5, 3.4000, 282, 0.33638254, 0.97059321, 0.00664846, -37.79945755, -48.67961884, -31.97031784, -22.24495697, 77.87196350, -74.42268372, -62.88263702, -37.78330231, 93.82866669, 0.67474961, 0.13537596, 0.54913604, -0.47416866, -0.00659019, -0.01344934, 0.05659699, 0.00000000, 0.00000000, 0.00000000, 0.00000000
2, 3.1701, 279, -0.17047495, 0.91287732, -0.01567545, -13.99268341, -11.46209335, 40.22231674, -7.16164875, 63.95790482, 60.12861633, 58.86417007, -28.61722755, 68.31411743, 0.63015944, -0.51486683, -0.08922154, -0.57432640, 0.08696194, -0.09450660, -0.12190084, 0.00000000, 0.00000000, 0.00000000, 0.00000000
5, 3.4100, 283, 0.34272587, 1.00943995, 0.01644799, -35.54138565, -54.21413422, -37.16096497, -22.24495697, 77.87196350, -74.42268372, -62.85786819, -37.36827469, 94.58349609, 0.67100137, 0.13417305, 0.54837489, -0.48066595, 0.01370332, -0.04483414, 0.06929237, 0.00000000, 0.00000000, 0.00000000, 0.00000000
2, 3.2301, 280, -0.18721868, 0.84394354, 0.00162227, -28.87559128, -6.26507330, 27.91258240, -4.53083897, 64.54253387, 61.79479599, 57.36625290, -30.01963425, 69.03948212, 0.62772137, -0.51071984, -0.07551105, -0.58260560, 0.05289809, -0.13400546, -0.17266026, 0.00000000, 0.00000000, 0.00000000, 0.00000000
5, 3.4200, 284, 0.34060526, 1.05554783, 0.02884907, -32.52252960, -59.27078629, -41.66639709, -21.39725113, 78.01811981, -74.80268860, -63.40773392, -37.39359283, 95.57999420, 0.66620857, 0.13244060, 0.55194104, -0.48372188, 0.04002322, -0.08355630, 0.07030590, 0.00000000, 0.00000000, 0.00000000, 0.00000000
2, 3.2401, 281, -0.19098189, 0.83351779, 0.00038223, -31.77261353, -5.93989897, 24.46960831, -4.53083897, 64.54253387, 61.79479599, 56.90303421, -30.01270485, 69.32971954, 0.62832946, -0.50796819, -0.07448875, -0.58448428, 0.05011718, -0.13690910, -0.18715003, 0.00000000, 0.00000000, 0.00000000, 0.00000000
5, 3.4300, 285, 0.32979825, 1.09216261, 0.04042260, -29.06274033, -63.82261276, -45.27157211, -21.83572006, 77.55042267, -74.01344299, -63.97808456, -37.46702576, 96.62397766, 0.66125578, 0.13024205, 0.55581653, -0.48666799, 0.05697164, -0.11528794, 0.06899897, 0.00000000, 0.00000000, 0.00000000, 0.00000000
2, 3.2501, 282, -0.19242249, 0.82733262, -0.00304366, -34.51213074, -6.05311346, 20.49544716, -4.47237635, 64.39637756, 61.99941635, 56.44119263, -30.05201340, 69.61893463, 0.62874001, -0.50538021, -0.07314420, -0.58645278, 0.04602611, -0.13488868, -0.19873367, 0.00000000, 0.00000000, 0.00000000, 0.00000000
5, 3.4400, 286, 0.30859578, 1.12443638, 0.05103324, -25.84754181, -66.88451385, -47.17314529, -21.92341423, 77.37503815, -73.89652252, -64.55417633, -37.57543182, 97.69329834, 0.65623963, 0.12767242, 0.55985427, -0.48950237, 0.07246363, -0.14359894, 0.05743819, 0.00000000, 0.00000000, 0.00000000, 0.00000000
2, 3.2601, 283, -0.19184858, 0.82101154, -0.00629725, -37.84118652, -5.46879768, 16.41351509, -4.50160789, 63.87021255, 62.73019409, 57.77165222, -32.05386353, 68.28942108, 0.62162948, -0.51994139, -0.06052998, -0.58272970, 0.03264976, -0.13274030, -0.20064849, 0.00000000, 0.00000000, 0.00000000, 0.00000000
5, 3.4500, 287, 0.27684399, 1.14719355, 0.05359323, -23.04011536, -68.25983429, -47.64476395, -21.74802589, 77.14118958, -74.04267883, -65.12476349, -37.70548630, 98.76631927, 0.65124768, 0.12485212, 0.56392598, -0.49221542, 0.08840381, -0.15979369, 0.03546071, 0.00000000, 0.00000000, 0.00000000, 0.00000000
2, 3.2701, 284, -0.18675868, 0.80718654, -0.01720303, -39.08877182, -7.04405546, 10.81558704, -4.00467682, 63.78252029, 62.78865814, 57.32198715, -32.20233917, 68.57762909, 0.62160045, -0.51782340, -0.05854470, -0.58484560, -0.00658576, -0.13031581, -0.19066840, 0.00000000, 0.00000000, 0.00000000, 0.00000000
5, 3.4600, 288, 0.24111849, 1.16827166, 0.05844142, -20.42901993, -67.85251617, -46.98477173, -21.74802589, 77.14118958, -74.04267883, -66.55680847, -37.69395447, 100.25158691, 0.64327157, 0.12565389, 0.57167131, -0.49356335, 0.10238794, -0.17501965, 0.01170534, 0.00000000, 0.00000000, 0.00000000, 0.00000000
2, 3.2801, 285, -0.18137597, 0.80211300, -0.02397167, -40.71791458, -8.97294521, 4.18642950, -4.41391420, 63.72405624, 63.13943100, 56.90055084, -32.41270065, 68.86978149, 0.62116164, -0.51606435, -0.05629136, -0.58708364, -0.01905911, -0.12422024, -0.19724926, 0.00000000, 0.00000000, 0.00000000, 0.00000000
5, 3.4700, 289, 0.20768732, 1.17962122, 0.05950536, -17.69910622, -65.22711182, -45.08165741, -21.89418221, 76.35194397, -73.54574585, -67.08378601, -37.82786179, 101.25878143, 0.63861948, 0.12271638, 0.57546628, -0.49592778, 0.11332393, -0.17761713, -0.00534602, 0.00000000, 0.00000000, 0.00000000, 0.00000000
2, 3.2901, 286, -0.17593464, 0.80155677, -0.03430798, -41.66616058, -11.71298790, -1.90034413, -4.41391420, 63.72405624, 63.13943100, 56.50866699, -32.67685699, 69.17433929, 0.62029678, -0.51464576, -0.05387070, -0.58946556, -0.03197117, -0.11214544, -0.20260133, 0.00000000, 0.00000000, 0.00000000, 0.00000000
5, 3.4800, 290, 0.16435507, 1.17761540, 0.05073958, -15.34845924, -60.24478912, -41.36492157, -21.42648315, 77.60888672, -73.92575073, -67.56646729, -37.95326233, 102.18511963, 0.63434917, 0.11993894, 0.57893163, -0.49805033, 0.12219514, -0.16877715, -0.04074682, 0.00000000, 0.00000000, 0.00000000, 0.00000000
2, 3.3001, 287, -0.17015924, 0.80962479, -0.04451100, -41.53875351, -14.66374397, -7.47686863, -4.00467682, 63.63636398, 63.54866791, 56.15220642, -32.98448944, 69.49122620, 0.61902094, -0.51356941, -0.05138400, -0.59196222, -0.04142714, -0.09393360, -0.20262916, 0.00000000, 0.00000000, 0.00000000, 0.00000000
5, 3.4900, 291, 0.12309136, 1.16368175, 0.03608139, -13.08940697, -51.82656479, -36.42593384, -21.92341423, 77.57965088, -73.57497406, -67.99397278, -38.06009674, 102.99015808, 0.63062698, 0.11754391, 0.58195269, -0.49982423, 0.12723857, -0.14738013, -0.07532792, 0.00000000, 0.00000000, 0.00000000, 0.00000000
2, 3.3101, 288, -0.16178721, 0.81899697, -0.06137284, -40.82275391, -18.46453476, -13.06975365, -4.58930111, 63.34405136, 63.31481934, 57.96603775, -33.81824875, 67.85811615, 0.61577368, -0.52667761, -0.04765956, -0.58409095, -0.05776583, -0.07329230, -0.19565049, 0.00000000, 0.00000000, 0.00000000, 0.00000000
5, 3.5000, 292, 0.08932918, 1.14630830, 0.01871826, -12.03728676, -43.49956894, -31.01806831, -21.66033363, 77.22888184, -73.75036621, -68.36434174, -38.13790131, 103.67574310, 0.62742358, 0.11559361, 0.58450025, -0.50133550, 0.13129304, -0.12170954, -0.10332553, 0.00000000, 0.00000000, 0.00000000, 0.00000000
2, 3.3201, 289, -0.15856987, 0.83318019, -0.07462384, -38.99667740, -22.90542412, -18.24520683, -4.26775789, 62.96404648, 64.07482910, 57.70215988, -34.20779800, 68.20127106, 0.61363202, -0.52631617, -0.04526044, -0.58685476, -0.07034018, -0.05834553, -0.17304847, 0.00000000, 0.00000000, 0.00000000, 0.00000000
5, 3.5100, 293, 0.06457372, 1.12797904, 0.00209620, -11.65144730, -34.37209702, -25.09192085, -21.66033363, 77.22888184, -73.75036621, -70.56877899, -39.01090240, 105.01184845, 0.62137359, 0.11516473, 0.59790325, -0.49309596, 0.13062190, -0.09571372, -0.11659904, 0.00000000, 0.00000000, 0.00000000, 0.00000000
2, 3.3301, 290, -0.15403707, 0.85813069, -0.08819682, -36.07879639, -27.60177422, -23.24319267, -4.09237051, 62.78865814, 64.71791840, 57.49409866, -34.62097931, 68.56420898, 0.61101878, -0.52633566, -0.04307389, -0.58972150, -0.07375960, -0.02595831, -0.16484827, 0.00000000, 0.00000000, 0.00000000, 0.00000000
5, 3.5200, 294, 0.04939244, 1.10984087, -0.01813767, -11.61015129, -24.65921974, -19.00722122, -22.30341911, 76.32270813, -73.07804871, -70.82433319, -39.00123978, 105.43892670, 0.61925536, 0.11437826, 0.59940541, -0.49411911, 0.12641609, -0.06706233, -0.10722355, 0.00000000, 0.00000000, 0.00000000, 0.00000000
2, 3.3401, 291, -0.15330286, 0.88431907, -0.10561685, -32.32004929, -32.75812912, -28.06340408, -4.09237051, 62.78865814, 64.71791840, 57.34797668, -35.05180359, 68.94857025, 0.60791957, -0.52674747, -0.04118420, -0.59268445, -0.07603998, 0.00975327, -0.15974998, 0.00000000, 0.00000000, 0.00000000, 0.00000000
5, 3.5300, 295, 0.04271672, 1.08647454, -0.03959656, -12.13053226, -15.52909279, -12.78905296, -22.39111328, 77.28733826, -73.48728180, -71.01403046, -38.95174789, 105.73431396, 0.61767429, 0.11417043, 0.60038471, -0.49495646, 0.12756249, -0.03403045, -0.11124728, 0.00000000, 0.00000000, 0.00000000, 0.00000000
2, 3.3501, 292, -0.15136883, 0.91717821, -0.11923873, -27.25533485, -38.37838745, -32.72838593, -4.29698896, 63.43174362, 65.65332031, 57.27468491, -35.49173737, 69.35361481, 0.60432035, -0.52757955, -0.03970748, -0.59571815, -0.07410157, 0.04711035, -0.14761475, 0.00000000, 0.00000000, 0.00000000, 0.00000000
5, 3.5400, 296, 0.04558137, 1.06786263, -0.05996007, -13.43897629, -7.22629499, -5.75684500, -22.39111328, 77.11195374, -73.48728180, -71.13003540, -38.85473633, 105.90221405, 0.61660099, 0.11453217, 0.60079265, -0.49571553, 0.13048655, -0.00508189, -0.10655185, 0.00000000, 0.00000000, 0.00000000, 0.00000000
2, 3.3601, 293, -0.15069267, 0.95843852, -0.13363436, -21.87087631, -44.11325455, -37.81761932, -4.41391420, 61.94095230, 65.36100769, 59.50053024, -35.17174530, 67.60181427, 0.60432875, -0.53900278, -0.04517522, -0.58499742, -0.06487459, 0.08470915, -0.12583165, 0.00000000, 0.00000000, 0.00000000, 0.00000000
5, 3.6200, 297, 0.15605935, 0.98746336, -0.05736052, -15.15320778, 11.35722446, 22.10120392, -21.66033363, 76.38117218, -72.93189240, -70.87815857, -39.70814896, 104.67527771, 0.62411100, 0.11418030, 0.60079813, -0.48630244, 0.04778787, 0.04203082, -0.00288527, 0.00000000, 0.00000000, 0.00000000, 0.00000000
2, 3.3701, 294, -0.14488824, 1.00312626, -0.15005706, -13.41444683, -52.13217926, -43.07175064, -4.12160206, 62.46711349, 65.15638733, 59.63343048, -35.63222122, 68.02632141, 0.59958863, -0.54088414, -0.04475975, -0.58816195, -0.05323378, 0.11391169, -0.08712128, 0.00000000, 0.00000000, 0.00000000, 0.00000000
5, 3.6300, 298, 0.15707241, 0.98931503, -0.04578542, -14.95809650, 14.63650990, 23.42123604, -21.63110161, 76.76117706, -72.75650024, -70.66108704, -39.47144318, 104.41595459, 0.62488919, 0.11585604, 0.59896654, -0.48716524, 0.04364039, 0.03431616, -0.00638274, 0.00000000, 0.00000000, 0.00000000, 0.00000000
2, 3.3801, 295, -0.13911009, 1.05154204, -0.16181347, -5.02503681, -59.47446823, -47.68799591, -4.82315111, 59.83630371, 66.12101746, 59.86989975, -36.08485031, 68.47267151, 0.59424990, -0.54326773, -0.04505083, -0.59135252, -0.04558273, 0.15908906, -0.05993176, 0.00000000, 0.00000000, 0.00000000, 0.00000000
5, 3.6400, 299, 0.16509327, 0.99467003, -0.03276689, -14.20362568, 18.50116158, 23.76663971, -21.68956375, 76.23501587, -72.90265656, -70.44212341, -39.23373032, 104.11672211, 0.62584484, 0.11772914, 0.59706968, -0.48781756, 0.03996299, 0.02304177, -0.00285826, 0.00000000, 0.00000000, 0.00000000, 0.00000000
2, 3.3901, 296, -0.12959647, 1.09835565, -0.16991018, 4.06323767, -67.43695831, -51.82971191, -4.82315111, 59.83630371, 66.12101746, 60.21241379, -36.52289200, 68.94588470, 0.58829623, -0.54612964, -0.04613984, -0.59457636, -0.03935346, 0.19977696, -0.02785800, 0.00000000, 0.00000000, 0.00000000, 0.00000000
5, 3.6500, 300, 0.18655893, 0.99708629, -0.02294894, -13.17429352, 22.90143394, 22.92953682, -21.60187149, 76.61502075, -72.20111084, -70.23556519, -39.00026703, 103.78101349, 0.62696099, 0.11982469, 0.59518480, -0.48817736, 0.03485169, 0.01607357, 0.01412385, 0.00000000, 0.00000000, 0.00000000, 0.00000000
2, 3.4001, 297, -0.12079906, 1.13839042, -0.17004593, 13.76244831, -75.74717712, -55.30048370, -5.05700064, 62.64250183, 66.20870972, 60.66138458, -36.93862534, 69.44952393, 0.58173263, -0.54943055, -0.04810756, -0.59782857, -0.03170621, 0.22921109, 0.00550962, 0.00000000, 0.00000000, 0.00000000, 0.00000000
5, 3.6600, 301, 0.20895177, 0.99841142, -0.01285193, -11.82689190, 27.25745392, 21.14092255, -21.66033363, 76.61502075, -72.28880310, -69.49911499, -38.93935013, 102.97756958, 0.63101935, 0.12032613, 0.59103137, -0.48787105, 0.02802604, 0.00862390, 0.03056315, 0.00000000, 0.00000000, 0.00000000, 0.00000000
2, 3.4101, 298, -0.11515467, 1.17028701, -0.16035326, 23.36074829, -83.30173492, -57.78252411, -4.64776373, 61.56094742, 66.91026306, 62.08030701, -35.84013748, 68.89850616, 0.58252102, -0.55371094, -0.06013668, -0.59199429, -0.01536034, 0.24026127, 0.03946735, 0.00000000, 0.00000000, 0.00000000, 0.00000000
5, 3.6700, 302, 0.23216483, 0.99998415, -0.00749092, -10.72748184, 29.90391541, 18.64872169, -21.66033363, 76.61502075, -72.28880310, -69.34638214, -38.72632599, 102.60580444, 0.63230050, 0.12274484, 0.58936280, -0.48762831, 0.02346805, 0.00207796, 0.04545181, 0.00000000, 0.00000000, 0.00000000, 0.00000000
2, 3.4601, 299, -0.04278571, 1.20915127, -0.07646471, 56.31760025, -111.90789795, -49.63121414, -5.46623802, 61.56094742, 66.55948639, 64.37725067, -35.80352020, 72.84420013, 0.55079591, -0.56235129, -0.09164570, -0.60990655, -0.00550014, 0.18382570, 0.20085277, 0.00000000, 0.00000000, 0.00000000, 0.00000000
5, 3.6800, 303, 0.25253984, 1.00521421, -0.00131917, -9.29686737, 31.45726776, 15.37262821, -21.36802101, 76.11809540, -72.31803131, -69.23105621, -38.53395844, 102.24037933, 0.63356370, 0.12519865, 0.58790654, -0.48712257, 0.02259172, -0.00453081, 0.06310074, 0.00000000, 0.00000000, 0.00000000, 0.00000000
2, 3.4701, 300, -0.04177114, 1.18437994, -0.05175323, 57.06017303, -112.62432861, -43.88006973, -5.40777540, 62.67173386, 66.09178162, 65.12401581, -35.94219208, 73.59030151, 0.54251820, -0.56571472, -0.09840381, -0.61315382, 0.00659064, 0.14190498, 0.19393910, 0.00000000, 0.00000000, 0.00000000, 0.00000000
5, 3.6900, 304, 0.27066261, 1.01015401, 0.00333560, -7.68305349, 32.41848755, 11.43162537, -21.63110161, 76.14732361, -71.87957001, -69.15931702, -38.36745071, 101.89051819, 0.63477087, 0.12764378, 0.58671683, -0.48635024, 0.02259785, -0.00995019, 0.07925008, 0.00000000, 0.00000000, 0.00000000, 0.00000000
2, 3.4801, 301, -0.04857624, 1.15615129, -0.02621781, 55.45317459, -110.24042511, -36.94850540, -5.40777540, 62.67173386, 66.09178162, 65.80183411, -36.04279327, 74.35318756, 0.53461701, -0.56852823, -0.10516649, -0.61636066, 0.00849571, 0.10076820, 0.19738132, 0.00000000, 0.00000000, 0.00000000, 0.00000000
5, 3.7000, 305, 0.28781334, 1.01473987, 0.00713612, -5.81303358, 32.60009003, 6.68010426, -21.74802589, 75.53347015, -72.17187500, -69.13847351, -38.23344803, 101.56793976, 0.63587499, 0.13002156, 0.58586055, -0.48530900, 0.02270700, -0.01461205, 0.09520372, 0.00000000, 0.00000000, 0.00000000, 0.00000000
2, 3.4901, 302, -0.05608352, 1.12492883, -0.00503136, 51.28326797, -103.64652252, -29.03086853, -5.26161957, 60.15784836, 66.44255829, 66.38395691, -36.10670090, 75.10406494, 0.52738386, -0.57071036, -0.11162759, -0.61943144, 0.00777451, 0.06084552, 0.19539762, 0.00000000, 0.00000000, 0.00000000, 0.00000000
5, 3.7100, 306, 0.30365759, 1.01608682, 0.00862920, -3.58864784, 32.74765396, 1.29232180, -21.80648994, 76.58579254, -71.82110596, -67.79963684, -37.97780991, 100.32183838, 0.64214855, 0.13048895, 0.57797390, -0.48637858, 0.02254172, -0.01675171, 0.10610031, 0.00000000, 0.00000000, 0.00000000, 0.00000000
2, 3.5001, 303, -0.06759330, 1.09327698, 0.00912994, 44.77641678, -94.52086639, -20.76109886, -4.99853849, 62.93481445, 66.64717865, 66.84909821, -36.14052582, 75.82718658, 0.52099121, -0.57221884, -0.11753784, -0.62234926, 0.00663140, 0.02597875, 0.18532515, 0.00000000, 0.00000000, 0.00000000, 0.00000000
5, 3.7200, 307, 0.31316313, 1.00879931, 0.00754235, -1.25521553, 32.76723862, -3.80195594, -21.80648994, 76.58579254, -71.82110596, -67.88948059, -37.91580200, 100.06069946, 0.64302647, 0.13269851, 0.57785761, -0.48475632, 0.01982754, -0.01357467, 0.10194290, 0.00000000, 0.00000000, 0.00000000, 0.00000000
2, 3.5101, 304, -0.08507882, 1.06726420, 0.02061231, 35.93373489, -82.31152344, -12.15016937, -4.23852682, 61.21017075, 66.44255829, 65.20502472, -35.93134689, 77.90747070, 0.51869100, -0.56193823, -0.12015840, -0.63304597, 0.01235385, -0.00019492, 0.16416128, 0.00000000, 0.00000000, 0.00000000, 0.00000000
5, 3.7300, 308, 0.31703722, 0.99418020, 0.00310934, 0.83399493, 32.55825043, -8.16247749, -21.92341423, 76.43963623, -71.96726227, -68.02232361, -37.88879013, 99.82447052, 0.64381427, 0.13480495, 0.57805663, -0.48288867, 0.01322727, 0.00115715, 0.10624304, 0.00000000, 0.00000000, 0.00000000, 0.00000000
2, 3.5201, 305, -0.10005252, 1.03774512, 0.02378470, 25.14573860, -67.37391663, -3.67837882, -4.64776373, 62.99327469, 66.20870972, 65.38584137, -35.90560913, 78.50595093, 0.51460952, -0.56203073, -0.12425743, -0.63549876, 0.01238717, -0.01793005, 0.12364137, 0.00000000, 0.00000000, 0.00000000, 0.00000000
5, 3.7400, 309, 0.31530389, 0.98044538, -0.00262408, 2.50006914, 32.15932465, -12.01388168, -22.21572685, 76.11809540, -71.73341370, -68.19355011, -37.89155960, 99.61306000, 0.64450592, 0.13681705, 0.57853496, -0.48082292, 0.00845468, 0.01600745, 0.10582758, 0.00000000, 0.00000000, 0.00000000, 0.00000000
2, 3.5301, 306, -0.12110330, 1.00743556, 0.02029781, 12.07304287, -50.82086563, 5.23905993, -4.64776373, 62.99327469, 66.20870972, 65.39389038, -35.87081909, 79.02502441, 0.51184613, -0.56138235, -0.12706648, -0.63774407, 0.01097768, -0.03767819, 0.09270228, 0.00000000, 0.00000000, 0.00000000, 0.00000000
5, 3.7500, 310, 0.31183419, 0.96994269, -0.00707286, 3.74734807, 31.17391396, -15.52341270, -22.74188805, 75.76731873, -72.20111084, -68.40016937, -37.92016983, 99.43132019, 0.64507616, 0.13871917, 0.57927293, -0.47861961, 0.00478171, 0.02752581, 0.10443513, 0.00000000, 0.00000000, 0.00000000, 0.00000000
2, 3.5401, 307, -0.14276367, 0.99344349, 0.01852288, -4.19951916, -28.87388992, 12.47183895, -3.85852075, 61.53171539, 66.70564270, 65.21965790, -35.85012817, 79.41049194, 0.51064551, -0.56010675, -0.12811215, -0.63961631, 0.01888648, -0.04595495, 0.06806590, 0.00000000, 0.00000000, 0.00000000, 0.00000000
5, 3.7600, 311, 0.31012148, 0.96710157, -0.01581018, 4.37447929, 30.02381325, -18.92382050, -22.82958221, 76.29347992, -72.02572632, -67.08060455, -38.00925064, 98.20040131, 0.65197492, 0.13688241, 0.57257545, -0.47785923, 0.00872417, 0.03417562, 0.10147867, 0.00000000, 0.00000000, 0.00000000, 0.00000000
2, 3.5501, 308, -0.15621138, 0.98727101, 0.00586504, -18.65813255, -7.52181101, 17.70309258, -4.15083313, 63.02250671, 66.73487091, 64.89511108, -35.84770584, 79.65159607, 0.51089323, -0.55838305, -0.12749065, -0.64104813, 0.01919102, -0.03985311, 0.04558180, 0.00000000, 0.00000000, 0.00000000, 0.00000000
5, 3.7700, 312, 0.31154209, 0.96554506, -0.02599030, 4.90126705, 26.85494232, -22.42364502, -22.82958221, 76.29347992, -72.02572632, -67.35812378, -38.07868958, 98.10271454, 0.65217966, 0.13851817, 0.57384253, -0.47558314, 0.01362087, 0.03664502, 0.09253594, 0.00000000, 0.00000000, 0.00000000, 0.00000000
2, 3.5601, 309, -0.16054070, 0.98696518, -0.01837646, -31.16350174, 12.08518314, 20.63812256, -3.94621444, 62.14557266, 66.53025055, 64.13026428, -35.88331985, 79.97072601, 0.51265621, -0.55473751, -0.12452950, -0.64338362, 0.00979246, -0.01990371, 0.02412483, 0.00000000, 0.00000000, 0.00000000, 0.00000000
5, 3.7800, 313, 0.31324664, 0.97052884, -0.03506990, 5.36813641, 22.88806152, -25.34584045, -22.88804436, 75.97193909, -72.34726715, -67.66390991, -38.17083740, 98.06095886, 0.65215689, 0.13989501, 0.57536197, -0.47337040, 0.02221052, 0.03990567, 0.09962699, 0.00000000, 0.00000000, 0.00000000, 0.00000000
2, 3.5901, 310, -0.14669210, 0.99288273, -0.07423825, -54.74156189, 54.74248505, 25.30989075, -3.80005836, 62.61326981, 66.73487091, 62.35212708, -36.08004761, 79.56564331, 0.52259016, -0.54780048, -0.11134887, -0.64375120, -0.02756609, 0.03767701, -0.01504828, 0.00000000, 0.00000000, 0.00000000, 0.00000000
5, 3.8600, 314, 0.20578305, 0.98861575, -0.04820750, 9.77385426, -23.70531464, -31.57753754, -24.93422890, 76.76117706, -72.25957489, -68.69157410, -40.44116592, 99.11304474, 0.65099251, 0.12624815, 0.58802968, -0.46313214, 0.03170735, 0.02195889, 0.01929124, 0.00000000, 0.00000000, 0.00000000, 0.00000000
2, 3.6001, 311, -0.14784525, 0.99589300, -0.08758669, -58.54867935, 64.28688049, 25.72555923, -3.85852075, 62.43788147, 66.99795532, 61.67825317, -36.17385483, 79.24378204, 0.52718818, -0.54534376, -0.10543314, -0.64308381, -0.03317626, 0.05442362, -0.02894340, 0.00000000, 0.00000000, 0.00000000, 0.00000000
5, 3.8700, 315, 0.18121642, 0.98234832, -0.04618523, 9.50689983, -23.06041718, -28.77211952, -25.02192307, 76.58579254, -72.31803131, -68.99235535, -40.66725922, 99.51271057, 0.64948106, 0.12448603, 0.59037578, -0.46274629, 0.02241206, 0.02032591, -0.00237454, 0.00000000, 0.00000000, 0.00000000, 0.00000000
2, 3.6101, 312, -0.14716677, 0.99796462, -0.10016835, -60.60933304, 72.00117493, 25.48911858, -4.23852682, 62.02864456, 67.81642914, 62.05900574, -35.61246109, 78.15213013, 0.53399086, -0.54617894, -0.10594358, -0.63664621, -0.03796136, 0.06694902, -0.03919519, 0.00000000, 0.00000000, 0.00000000, 0.00000000
5, 3.8800, 316, 0.16212626, 0.97494686, -0.04511467, 9.18073177, -20.30751419, -25.28476334, -25.02192307, 76.58579254, -72.31803131, -69.25561523, -40.87237930, 99.86289978, 0.64817971, 0.12288512, 0.59243715, -0.46236408, 0.01630462, 0.02406912, -0.01775960, 0.00000000, 0.00000000, 0.00000000, 0.00000000
2, 3.6201, 313, -0.14899901, 0.99797392, -0.11307602, -60.90648270, 77.88897705, 24.42565918, -4.09237051, 61.73633194, 67.69950104, 61.38566971, -35.71792603, 77.69213104, 0.53927547, -0.54379821, -0.09934318, -0.63529247, -0.03752745, 0.07171892, -0.04743427, 0.00000000, 0.00000000, 0.00000000, 0.00000000
5, 3.8900, 317, 0.14594583, 0.96349859, -0.04383011, 9.01918697, -16.45654488, -21.77332878, -25.10961723, 76.46886444, -72.49342346, -69.48003387, -41.05657959, 100.15138245, 0.64713615, 0.12150548, 0.59420055, -0.46192759, 0.00722677, 0.03064688, -0.03122462, 0.00000000, 0.00000000, 0.00000000, 0.00000000
2, 3.6301, 314, -0.15348540, 0.99858463, -0.11990125, -59.72436142, 82.34410095, 22.78756905, -4.09237051, 61.73633194, 67.69950104, 60.74192429, -35.82890701, 77.17314911, 0.54470479, -0.54156673, -0.09260726, -0.63358206, -0.03899258, 0.08241069, -0.06133692, 0.00000000, 0.00000000, 0.00000000, 0.00000000
5, 3.9000, 318, 0.13343544, 0.94853473, -0.04627205, 8.75047970, -12.63424778, -18.55915833, -25.54808426, 76.96579742, -72.43495941, -69.66887665, -41.22036743, 100.38053894, 0.64633524, 0.12035432, 0.59568781, -0.46143442, -0.00172759, 0.04235822, -0.04154309, 0.00000000, 0.00000000, 0.00000000, 0.00000000
2, 3.6401, 315, -0.15753886, 1.00028825, -0.12628663, -57.60181808, 84.54558563, 20.50107002, -4.03390837, 61.67787170, 67.81642914, 60.13920212, -35.94750214, 76.61205292, 0.55012143, -0.53952771, -0.08586712, -0.63158780, -0.04008818, 0.09344623, -0.07360581, 0.00000000, 0.00000000, 0.00000000, 0.00000000
5, 3.9100, 319, 0.12472843, 0.93040967, -0.04951808, 8.27368450, -9.23364162, -15.26476192, -25.60654831, 76.84887695, -72.43495941, -70.23470306, -41.81999588, 100.95485687, 0.64463282, 0.11677960, 0.60029465, -0.45875648, -0.01393846, 0.05619110, -0.04711141, 0.00000000, 0.00000000, 0.00000000, 0.00000000
2, 3.6501, 316, -0.16268671, 1.00315940, -0.13258910, -54.08983994, 85.21253967, 17.60475731, -4.32622051, 61.61940765, 68.05027771, 59.59389877, -36.07160568, 76.01628876, 0.55541682, -0.53774661, -0.07926150, -0.62933171, -0.03987017, 0.10501098, -0.08528721, 0.00000000, 0.00000000, 0.00000000, 0.00000000
5, 3.9200, 320, 0.12107749, 0.91198826, -0.05090351, 7.49748039, -6.15765381, -12.34233475, -25.40192986, 77.19964600, -72.78573608, -70.35763550, -41.93947220, 101.08160400, 0.64423960, 0.11605549, 0.60125607, -0.45823318, -0.03103488, 0.06747536, -0.04492830, 0.00000000, 0.00000000, 0.00000000, 0.00000000
2, 3.6601, 317, -0.16557737, 1.00484729, -0.13831209, -49.67144775, 84.54051971, 14.03622437, -4.41391420, 61.44402313, 68.13796997, 61.00899124, -35.51439667, 74.20941162, 0.56101620, -0.54406857, -0.08206689, -0.61847818, -0.03920377, 0.11011612, -0.08988687, 0.00000000, 0.00000000, 0.00000000, 0.00000000
5, 3.9300, 321, 0.12459255, 0.90293717, -0.05206627, 6.49466610, -3.57635736, -9.93707275, -25.40192986, 77.19964600, -72.78573608, -70.45541382, -42.03755951, 101.16864777, 0.64398956, 0.11553152, 0.60201311, -0.45772287, -0.03813972, 0.07419334, -0.04041082, 0.00000000, 0.00000000, 0.00000000, 0.00000000
2, 3.6701, 318, -0.16681227, 1.00749123, -0.14305618, -44.32957458, 82.49822998, 9.63762283, -5.11546326, 59.63168716, 67.81642914, 60.61045074, -35.63544846, 73.56568146, 0.56584501, -0.54294407, -0.07607572, -0.61582762, -0.03384893, 0.10487694, -0.08169444, 0.00000000, 0.00000000, 0.00000000, 0.00000000
5, 3.9400, 322, 0.13567285, 0.90692937, -0.04898645, 5.09128904, -0.29444456, -7.84300709, -26.22040367, 74.56884003, -72.93189240, -70.53362274, -42.11048889, 101.21323395, 0.64387929, 0.11527812, 0.60257638, -0.45720050, -0.04018224, 0.06864064, -0.02801519, 0.00000000, 0.00000000, 0.00000000, 0.00000000
2, 3.7001, 319, -0.13764066, 1.00257599, -0.15288161, -24.08164978, 67.59880829, -7.18509150, -6.05086231, 61.61940765, 68.02104950, 60.01280212, -36.05672073, 71.60118103, 0.57733119, -0.54246825, -0.06080764, -0.60722262, -0.06772178, 0.11697238, -0.07526240, 0.00000000, 0.00000000, 0.00000000, 0.00000000
5, 3.9600, 323, 0.17440684, 0.94431508, -0.03993012, 3.90979385, 3.47248530, -7.01961136, -25.86962891, 76.76117706, -72.43495941, -70.16764832, -42.13528061, 100.81920624, 0.64586788, 0.11513169, 0.60079104, -0.45678174, -0.02782178, 0.03410098, 0.01344395, 0.00000000, 0.00000000, 0.00000000, 0.00000000
2, 3.7101, 320, -0.12455356, 1.00434268, -0.14871903, -12.92315292, 56.96943665, -14.91100883, -5.81701231, 60.85939789, 68.25489807, 61.47175598, -35.03381729, 70.04266357, 0.58298355, -0.54760319, -0.06783283, -0.59637213, -0.07201617, 0.11158219, -0.05939455, 0.00000000, 0.00000000, 0.00000000, 0.00000000
5, 3.9700, 324, 0.20074017, 0.96954429, -0.02882602, 4.01578283, 4.91118097, -7.42482090, -26.13270950, 77.08272552, -72.46418762, -70.24618530, -42.18843079, 100.81427765, 0.64591336, 0.11526617, 0.60125059, -0.45607826, -0.02212836, 0.00686726, 0.03693524, 0.00000000, 0.00000000, 0.00000000, 0.00000000
2, 3.7201, 321, -0.10367008, 1.00061440, -0.14412539, -3.20450163, 46.01642609, -20.58034515, -6.40163708, 61.18093872, 67.64103699, 61.64897537, -35.16627121, 69.47538757, 0.58451277, -0.54923028, -0.06515940, -0.59367090, -0.07590714, 0.09095022, -0.03327043, 0.00000000, 0.00000000, 0.00000000, 0.00000000
5, 3.9800, 325, 0.22914498, 0.99817920, -0.01936221, 4.28399658, 6.00332642, -8.57645226, -26.13270950, 77.08272552, -72.46418762, -70.33859253, -42.24599457, 100.80709839, 0.64596248, 0.11546305, 0.60177481, -0.45526677, -0.01409495, -0.02078682, 0.06800582, 0.00000000, 0.00000000, 0.00000000, 0.00000000
2, 3.7301, 322, -0.08607514, 0.99354631, -0.13575181, 5.46493578, 34.34910202, -24.63886070, -6.40163708, 61.18093872, 67.64103699, 61.92838287, -35.28706360, 68.97511292, 0.58523929, -0.55129200, -0.06339911, -0.59122992, -0.08952629, 0.07950535, -0.01657165, 0.00000000, 0.00000000, 0.00000000, 0.00000000
5, 3.9900, 326, 0.24936943, 1.03814554, -0.01201612, 4.46899557, 6.37256241, -10.84839725, -26.19117165, 77.02426147, -73.07804871, -70.45942688, -42.31195068, 100.81434631, 0.64594215, 0.11569189, 0.60244912, -0.45434481, 0.00410778, -0.05527427, 0.09247913, 0.00000000, 0.00000000, 0.00000000, 0.00000000
2, 3.7401, 323, -0.07351004, 0.99603802, -0.12642226, 13.54917812, 22.10747528, -27.38701439, -6.89856768, 61.26863480, 67.23180389, 62.29323196, -35.39020538, 68.55666351, 0.58519238, -0.55368382, -0.06257472, -0.58912522, -0.09411882, 0.07342269, 0.00294299, 0.00000000, 0.00000000, 0.00000000, 0.00000000
5, 4.0000, 327, 0.27366000, 1.07908726, -0.00302399, 5.30024767, 6.19514513, -13.33438778, -26.30809593, 77.05348969, -73.34112549, -70.60870361, -42.39379883, 100.84037018, 0.64585048, 0.11588229, 0.60329837, -0.45329869, 0.02106778, -0.09162658, 0.12132218, 0.00000000, 0.00000000, 0.00000000, 0.00000000
2, 3.7501, 324, -0.07074448, 1.00369406, -0.11503554, 20.63532829, 9.64943218, -29.25308609, -7.22011089, 60.97632217, 67.23180389, 62.72645187, -35.47575760, 68.23096466, 0.58439821, -0.55631685, -0.06265220, -0.58742243, -0.08790755, 0.06893265, 0.02003463, 0.00000000, 0.00000000, 0.00000000, 0.00000000
5, 4.0100, 328, 0.29708096, 1.11674631, 0.00560228, 6.65981102, 6.44101810, -15.85206413, -26.45425224, 77.08272552, -73.31189728, -69.46117401, -41.62147522, 99.72280121, 0.64996660, 0.12008327, 0.59535199, -0.45681441, 0.03879438, -0.12446991, 0.14454401, 0.00000000, 0.00000000, 0.00000000, 0.00000000
2, 3.7601, 325, -0.07299289, 1.01146686, -0.10562926, 26.36693764, -1.28789008, -30.68465042, -7.54165459, 60.77170181, 67.49488068, 63.14553070, -34.40778351, 67.79679871, 0.58915490, -0.55568373, -0.06978743, -0.58244485, -0.07476717, 0.06301120, 0.03183763, 0.00000000, 0.00000000, 0.00000000, 0.00000000
5, 4.0200, 329, 0.31743106, 1.14273071, 0.01309629, 8.64899921, 6.09943247, -18.33917999, -26.57117844, 77.05348969, -72.90265656, -69.65735626, -41.75131226, 99.77256775, 0.64981139, 0.12012379, 0.59656978, -0.45543402, 0.05518532, -0.14623639, 0.15439044, 0.00000000, 0.00000000, 0.00000000, 0.00000000
2, 3.7701, 326, -0.07012317, 1.02356231, -0.10096446, 30.70532036, -11.17855644, -32.07138824, -7.54165459, 60.77170181, 67.49488068, 63.66904449, -34.47465897, 67.63763428, 0.58713257, -0.55865741, -0.07122774, -0.58146715, -0.05721244, 0.05828907, 0.04459827, 0.00000000, 0.00000000, 0.00000000, 0.00000000
5, 4.0300, 330, 0.33331648, 1.16002131, 0.01630213, 10.78442192, 5.53858280, -20.34265327, -26.57117844, 77.05348969, -72.90265656, -69.87001801, -41.90833664, 99.83494568, 0.64964253, 0.12002105, 0.59794128, -0.45390081, 0.06054922, -0.16174634, 0.17448986, 0.00000000, 0.00000000, 0.00000000, 0.00000000
2, 3.7801, 327, -0.06531138, 1.03203440, -0.09612087, 34.36506271, -20.40722466, -33.47796249, -7.68781042, 61.12247849, 67.23180389, 64.22958374, -34.54071045, 67.55265808, 0.58454043, -0.56176114, -0.07321676, -0.58084095, -0.05495005, 0.05797140, 0.06201756, 0.00000000, 0.00000000, 0.00000000, 0.00000000
5, 4.0400, 331, 0.33984530, 1.17301250, 0.01975740, 13.02351856, 3.91674519, -21.63664246, -27.03887749, 76.87810516, -73.19496918, -70.08972168, -42.09294128, 99.91432190, 0.64945441, 0.11969562, 0.59943259, -0.45228583, 0.06368827, -0.17455724, 0.18514140, 0.00000000, 0.00000000, 0.00000000, 0.00000000
2, 3.8201, 328, -0.03822352, 1.04100955, -0.07922570, 43.78697968, -48.36289597, -34.08370972, -8.27243519, 60.91785812, 67.20256805, 65.59309387, -33.70372391, 68.14473724, 0.57842183, -0.56592816, -0.08857223, -0.58078277, -0.04927579, 0.03676702, 0.10811193, 0.00000000, 0.00000000, 0.00000000, 0.00000000
5, 4.1000, 332, 0.24574019, 1.11550331, -0.01041153, 22.61359978, -9.80010700, -15.54843426, -27.94504547, 76.38117218, -73.98421478, -69.96247864, -42.62727737, 99.56832123, 0.65196389, 0.11743838, 0.60013068, -0.44832420, 0.05256690, -0.11776659, 0.09070654, 0.00000000, 0.00000000, 0.00000000, 0.00000000
2, 3.8301, 329, -0.03704906, 1.03199995, -0.07003327, 44.44948959, -51.46831894, -32.67681122, -8.36012840, 60.42092896, 66.53025055, 66.21631622, -33.74883270, 68.34509277, 0.57412517, -0.56902999, -0.09242830, -0.58141404, -0.05070212, 0.02056829, 0.11753182, 0.00000000, 0.00000000, 0.00000000, 0.00000000
5, 4.1100, 333, 0.22388129, 1.09565234, -0.02324626, 22.78993607, -12.98144817, -10.61404514, -27.76965714, 77.57965088, -74.39344788, -69.60052490, -42.50072098, 99.31220245, 0.65310168, 0.11750849, 0.59807956, -0.44938952, 0.04911026, -0.09659934, 0.06870714, 0.00000000, 0.00000000, 0.00000000, 0.00000000
2, 3.8401, 330, -0.03873799, 1.02181697, -0.05896893, 44.26040649, -52.92723083, -30.48978996, -8.44782257, 61.00555420, 65.56562042, 66.81951904, -33.78330612, 68.57229614, 0.56981945, -0.57194936, -0.09639585, -0.58214051, -0.04961489, 0.00232183, 0.12507752, 0.00000000, 0.00000000, 0.00000000, 0.00000000
5, 4.1200, 334, 0.20477088, 1.07843053, -0.03798188, 22.18921471, -15.09469700, -5.46904612, -27.53580856, 75.91347504, -74.83191681, -69.56893921, -42.75079727, 99.40007019, 0.65325236, 0.11530371, 0.59878027, -0.44880798, 0.05116796, -0.07487343, 0.04582573, 0.00000000, 0.00000000, 0.00000000, 0.00000000
2, 3.8501, 331, -0.04000860, 1.00714743, -0.04670285, 43.05949020, -52.06290054, -27.65277672, -8.88629055, 60.80093384, 66.17948151, 67.38993073, -33.80493927, 68.80979156, 0.56566435, -0.57463145, -0.10034226, -0.58288413, -0.05027473, -0.01981521, 0.13088426, 0.00000000, 0.00000000, 0.00000000, 0.00000000
5, 4.1300, 335, 0.18697913, 1.06273103, -0.05226646, 21.14726257, -17.37980080, 0.15067881, -27.50657654, 77.87196350, -75.00730896, -69.46974945, -42.97682571, 99.46884918, 0.65349758, 0.11296226, 0.59912223, -0.44859004, 0.05025378, -0.05658827, 0.02824645, 0.00000000, 0.00000000, 0.00000000, 0.00000000
2, 3.8601, 332, -0.04458958, 0.98716384, -0.03384042, 40.91876602, -48.86063004, -24.07897949, -8.56474686, 61.32709503, 65.74101257, 66.01136017, -33.33239746, 69.69439697, 0.57005894, -0.56568819, -0.10079102, -0.58725709, -0.04897667, -0.04431804, 0.12460397, 0.00000000, 0.00000000, 0.00000000, 0.00000000
5, 4.1400, 336, 0.17172132, 1.04867923, -0.06573708, 19.92226601, -19.18416786, 5.99450588, -27.50657654, 77.87196350, -75.00730896, -69.30050659, -43.17550659, 99.51242065, 0.65385437, 0.11052300, 0.59908247, -0.44873083, 0.04987177, -0.04009428, 0.01232840, 0.00000000, 0.00000000, 0.00000000, 0.00000000
2, 3.8701, 333, -0.05246953, 0.95985502, -0.01665388, 37.65825272, -43.60993195, -19.85726357, -8.56474686, 61.32709503, 65.74101257, 66.47904968, -33.31316757, 69.90474701, 0.56675071, -0.56776428, -0.10435481, -0.58783287, -0.04304057, -0.07374197, 0.10006216, 0.00000000, 0.00000000, 0.00000000, 0.00000000
5, 4.1500, 337, 0.15592226, 1.03009760, -0.07814144, 18.92968559, -21.04370117, 12.04437160, -27.27272606, 76.99503326, -75.06577301, -69.05711365, -43.34836960, 99.52816772, 0.65433663, 0.10796621, 0.59864861, -0.44922900, 0.04607327, -0.02105137, -0.00559319, 0.00000000, 0.00000000, 0.00000000, 0.00000000
2, 3.8801, 334, -0.06347673, 0.93378067, -0.00331692, 32.95906067, -35.36467743, -14.74583149, -8.56474686, 59.31014252, 66.26717377, 66.86920166, -33.27293777, 70.07462311, 0.56411803, -0.56941652, -0.10746162, -0.58820724, -0.04108077, -0.10436240, 0.09148727, 0.00000000, 0.00000000, 0.00000000, 0.00000000
5, 4.1600, 338, 0.13992216, 1.00586236, -0.08567590, 17.55799866, -22.26311874, 18.86794281, -27.30195808, 77.46273041, -74.74422455, -69.15554810, -43.85572052, 99.87990570, 0.65377754, 0.10349791, 0.60082865, -0.44818312, 0.03416394, -0.00176622, -0.02403620, 0.00000000, 0.00000000, 0.00000000, 0.00000000
2, 3.8901, 335, -0.08064181, 0.91284895, 0.00787972, 26.35694313, -23.88116455, -8.64941692, -8.36012840, 61.35632706, 66.26717377, 67.15874481, -33.21007156, 70.18307495, 0.56239486, -0.57055598, -0.10989594, -0.58830339, -0.03291419, -0.12944108, 0.07869337, 0.00000000, 0.00000000, 0.00000000, 0.00000000
5, 4.1700, 339, 0.12786844, 0.98328304, -0.08966731, 16.12568855, -22.92148399, 25.51287270, -27.15580177, 76.84887695, -75.27038574, -68.74951172, -43.96111298, 99.81501770, 0.65458077, 0.10085636, 0.59948444, -0.44941139, 0.01843460, 0.01279434, -0.03662538, 0.00000000, 0.00000000, 0.00000000, 0.00000000
2, 3.9001, 336, -0.09872055, 0.90310049, 0.01185710, 19.51589966, -12.54162979, -3.77555490, -8.74013424, 60.59631729, 66.03332520, 67.35504913, -33.13474655, 70.22589111, 0.56152546, -0.57126063, -0.11160581, -0.58812803, -0.02190513, -0.14108965, 0.06592035, 0.00000000, 0.00000000, 0.00000000, 0.00000000
5, 4.1800, 340, 0.12058551, 0.96766710, -0.09298985, 14.81797981, -22.38371468, 30.97542572, -26.24963379, 77.95966339, -75.38731384, -68.27754974, -44.03461456, 99.70471191, 0.65555215, 0.09827150, 0.59774792, -0.45087880, 0.01018368, 0.02348618, -0.04977698, 0.00000000, 0.00000000, 0.00000000, 0.00000000
2, 3.9301, 337, -0.14499256, 0.94212097, -0.01640524, -0.86184812, 22.59706306, 3.56952882, -8.33089733, 60.83016586, 66.26717377, 66.07038116, -33.63279724, 70.34731293, 0.56510669, -0.56627238, -0.10235919, -0.59119594, 0.00911597, -0.08222146, 0.02440012, 0.00000000, 0.00000000, 0.00000000, 0.00000000
5, 4.2000, 341, 0.11446702, 0.94305301, -0.08343397, 12.79595375, -19.23085976, 40.45277405, -25.98655319, 77.31657410, -75.35807800, -67.15849304, -44.09251404, 99.33627319, 0.65804082, 0.09340701, 0.59319055, -0.45429340, -0.01357499, 0.02903368, -0.07109185, 0.00000000, 0.00000000, 0.00000000, 0.00000000
2, 3.9401, 338, -0.16017754, 0.96484363, -0.02927284, -5.53251266, 30.84794807, 3.57727718, -8.91552162, 62.02864456, 65.94563293, 66.01324463, -33.58910751, 70.07019043, 0.56700706, -0.56610918, -0.10098042, -0.58976817, 0.02549597, -0.05721441, 0.01783193, 0.00000000, 0.00000000, 0.00000000, 0.00000000
5, 4.2100, 342, 0.11678623, 0.92201388, -0.07717616, 12.01485920, -16.90280533, 44.79457855, -25.46039200, 78.16427612, -75.88424683, -67.46544647, -44.32600784, 99.76119995, 0.65649575, 0.09148955, 0.59544021, -0.45397574, -0.03334926, 0.03766313, -0.07541282, 0.00000000, 0.00000000, 0.00000000, 0.00000000
2, 3.9501, 339, -0.17449597, 0.99580514, -0.04522865, -8.97630119, 38.05967331, 2.45847106, -7.98012257, 60.21630859, 66.23793793, 65.93865967, -33.56396484, 69.72540283, 0.56925648, -0.56596768, -0.09905824, -0.58806056, 0.04357677, -0.02390550, 0.01420322, 0.00000000, 0.00000000, 0.00000000, 0.00000000
5, 4.2200, 343, 0.12448639, 0.90124702, -0.07469698, 11.24567127, -12.54479599, 49.46502304, -25.22654152, 74.83191681, -75.38731384, -66.76654053, -44.27972794, 99.41712952, 0.65833783, 0.08955543, 0.59225690, -0.45585406, -0.05206997, 0.04965484, -0.06875353, 0.00000000, 0.00000000, 0.00000000, 0.00000000
2, 3.9601, 340, -0.18671875, 1.04047287, -0.06625341, -10.90935135, 43.38762665, 0.07775479, -9.41245270, 61.61940765, 65.88716888, 65.80735016, -33.94917297, 69.30768585, 0.57037717, -0.56676942, -0.09379981, -0.58706379, 0.06274271, 0.02385639, 0.01656977, 0.00000000, 0.00000000, 0.00000000, 0.00000000
5, 4.2300, 344, 0.13073225, 0.88748157, -0.06593899, 10.63901901, -8.58304501, 53.28271103, -24.37883568, 78.25197601, -75.73809052, -66.02188110, -44.20268250, 99.00734711, 0.66042536, 0.08786890, 0.58873910, -0.45771581, -0.06772061, 0.05090144, -0.07328644, 0.00000000, 0.00000000, 0.00000000, 0.00000000
2, 3.9701, 341, -0.18629730, 1.08399034, -0.08437208, -11.13645172, 47.89833832, -4.34089804, -9.41245270, 61.61940765, 65.88716888, 65.77752686, -33.97331619, 68.83189392, 0.57285297, -0.56707293, -0.09113509, -0.58477533, 0.07061712, 0.07072284, 0.02954965, 0.00000000, 0.00000000, 0.00000000, 0.00000000
5, 4.2400, 345, 0.13739078, 0.87382936, -0.05912399, 9.94815445, -3.60496569, 56.81022263, -24.37883568, 78.25197601, -75.73809052, -65.23693848, -44.09146881, 98.52627563, 0.66277748, 0.08650293, 0.58488953, -0.45950794, -0.08152240, 0.05341807, -0.07783910, 0.00000000, 0.00000000, 0.00000000, 0.00000000
2, 3.9801, 342, -0.17887504, 1.12233245, -0.10271872, -9.27963161, 48.77717972, -9.15688133, -8.24320412, 60.45016098, 65.33177185, 65.80378723, -34.02008438, 68.31495667, 0.57515311, -0.56774050, -0.08840180, -0.58228403, 0.07471691, 0.11114254, 0.04497812, 0.00000000, 0.00000000, 0.00000000, 0.00000000
5, 4.2500, 346, 0.13800117, 0.86227024, -0.05352326, 9.07407475, 1.60331988, 59.38162231, -23.50189972, 77.46273041, -75.09500122, -64.42662048, -43.94593048, 97.98223114, 0.66535687, 0.08549277, 0.58076835, -0.46119338, -0.09181023, 0.05529885, -0.08860049, 0.00000000, 0.00000000, 0.00000000, 0.00000000
2, 3.9901, 343, -0.16597068, 1.15456021, -0.11918022, -5.83974075, 46.48065186, -14.53419685, -9.88015175, 61.41479111, 65.01023102, 65.90274811, -34.08833694, 67.78080750, 0.57707602, -0.56883299, -0.08580536, -0.57969803, 0.07249285, 0.14571182, 0.06312098, 0.00000000, 0.00000000, 0.00000000, 0.00000000
5, 4.2600, 347, 0.14129290, 0.85872996, -0.04904827, 7.97023869, 6.43635368, 60.80779648, -22.91727448, 76.90733337, -75.82578278, -64.74929810, -43.59844589, 98.14124298, 0.66396236, 0.08875018, 0.58108586, -0.46218693, -0.09525038, 0.05424359, -0.09318243, 0.00000000, 0.00000000, 0.00000000, 0.00000000
2, 4.0001, 344, -0.14676702, 1.18646789, -0.13275978, -0.79441291, 41.65010834, -19.83633232, -10.23092651, 61.06401443, 65.03945923, 66.08673859, -34.17085648, 67.24992371, 0.57848531, -0.57037812, -0.08355124, -0.57709849, 0.06683783, 0.17769310, 0.08812317, 0.00000000, 0.00000000, 0.00000000, 0.00000000
5, 4.2700, 348, 0.15569587, 0.87175703, -0.03875392, 6.64877224, 11.31700230, 60.88837051, -22.97573853, 77.34580231, -76.11809540, -63.94204712, -43.39912415, 97.51252747, 0.66683650, 0.08849516, 0.57669860, -0.46359092, -0.09179891, 0.04137322, -0.07992880, 0.00000000, 0.00000000, 0.00000000, 0.00000000
2, 4.0101, 345, -0.12013881, 1.20665896, -0.14285108, 5.68182135, 34.04172134, -24.06805992, -10.34785175, 60.85939789, 65.09792328, 66.00597382, -33.38520432, 67.00960541, 0.58346170, -0.56801099, -0.08713552, -0.57388449, 0.05487146, 0.19706678, 0.11339149, 0.00000000, 0.00000000, 0.00000000, 0.00000000
5, 4.2800, 349, 0.17875926, 0.89991999, -0.02970706, 5.19962597, 16.04888535, 59.12678909, -22.97573853, 74.48114777, -76.38117218, -63.17163467, -43.17585754, 96.86711121, 0.66973513, 0.08864306, 0.57234466, -0.46477842, -0.07962494, 0.01251736, -0.06551383, 0.00000000, 0.00000000, 0.00000000, 0.00000000
2, 4.0701, 346, 0.00890109, 1.18312299, -0.07324272, 51.85717392, -36.66382217, -17.13206291, -10.69862556, 60.74247360, 64.16252136, 66.98983765, -32.11093140, 66.90232086, 0.58452648, -0.56962448, -0.09990005, -0.56910175, 0.01315301, 0.11160475, 0.22866863, 0.00000000, 0.00000000, 0.00000000, 0.00000000
5, 4.2900, 350, 0.20954940, 0.93653893, -0.02009301, 4.40593052, 19.18506813, 55.86416245, -22.97573853, 74.48114777, -76.38117218, -62.45359039, -42.94443512, 96.22842407, 0.67257547, 0.08906968, 0.56815505, -0.46573463, -0.06298456, -0.02266838, -0.04228166, 0.00000000, 0.00000000, 0.00000000, 0.00000000
2, 4.0801, 347, 0.01887698, 1.16587186, -0.05584431, 55.01303482, -45.14465332, -12.18004608, -10.75708866, 61.59017944, 64.10406494, 67.55499268, -31.92854309, 67.11101532, 0.58144778, -0.57181281, -0.10494271, -0.56915343, 0.00865465, 0.08236861, 0.24298275, 0.00000000, 0.00000000, 0.00000000, 0.00000000
5, 4.3100, 351, 0.27736410, 1.01230586, -0.00952207, 5.28616762, 22.06424332, 45.72139740, -21.63110161, 77.40426636, -75.73809052, -61.58623886, -41.71773911, 95.23385620, 0.67574757, 0.09654161, 0.55954456, -0.47005844, -0.02014215, -0.08586428, 0.01355971, 0.00000000, 0.00000000, 0.00000000, 0.00000000
2, 4.0901, 348, 0.02530269, 1.14459240, -0.03782859, 56.15339661, -52.46855164, -6.42366076, -10.55247021, 61.23940277, 63.60713196, 68.08264160, -31.71269798, 67.42198181, 0.57818204, -0.57359743, -0.11052994, -0.56962675, 0.00550804, 0.04978028, 0.25262696, 0.00000000, 0.00000000, 0.00000000, 0.00000000
5, 4.3200, 352, 0.30935624, 1.04305089, -0.00519173, 6.92956352, 21.42068481, 38.97264099, -21.07570839, 77.69657898, -76.11809540, -61.08786774, -41.55951691, 94.70572662, 0.67813540, 0.09715672, 0.55648804, -0.47012141, 0.00336019, -0.10492171, 0.04035583, 0.00000000, 0.00000000, 0.00000000, 0.00000000
2, 4.1001, 349, 0.02779422, 1.12113190, -0.02413717, 55.15440369, -58.03145218, 0.16302657, -10.72785759, 61.32709503, 63.19789505, 68.54884338, -31.46909714, 67.82886505, 0.57485867, -0.57486796, -0.11647537, -0.57052428, 0.00237633, 0.01879121, 0.25547683, 0.00000000, 0.00000000, 0.00000000, 0.00000000
5, 4.3300, 353, 0.33300960, 1.06102300, -0.00163354, 8.91964245, 19.84416199, 31.30340958, -21.33878899, 74.27652740, -75.88424683, -60.67293930, -41.45158768, 94.23807526, 0.68027389, 0.09763566, 0.55399728, -0.46987414, 0.01148903, -0.12203874, 0.05924667, 0.00000000, 0.00000000, 0.00000000, 0.00000000
2, 4.1101, 350, 0.02746397, 1.09253895, -0.00990901, 52.24773026, -61.57054901, 7.28349447, -10.72785759, 61.32709503, 63.19789505, 66.03363037, -30.82882500, 69.34605408, 0.58240306, -0.55879235, -0.11553539, -0.57897282, 0.00072402, -0.01257657, 0.24264577, 0.00000000, 0.00000000, 0.00000000, 0.00000000
5, 4.3400, 354, 0.34751058, 1.06751943, -0.00003405, 10.78813362, 18.11771011, 24.03524780, -21.04647827, 77.78427124, -75.85501099, -60.33558273, -41.39278793, 93.82837677, 0.68217081, 0.09797299, 0.55204928, -0.46934626, 0.01381141, -0.12946239, 0.06946354, 0.00000000, 0.00000000, 0.00000000, 0.00000000
2, 4.1201, 351, 0.02155719, 1.06472278, -0.00086239, 47.38052368, -62.46255493, 14.84079361, -10.14323330, 61.26863480, 63.13943100, 66.33251953, -30.52086449, 69.88333130, 0.57952386, -0.55883080, -0.12167200, -0.58056551, 0.00416817, -0.03286801, 0.20163549, 0.00000000, 0.00000000, 0.00000000, 0.00000000
5, 4.3500, 355, 0.35563058, 1.06358099, -0.00196120, 12.24248028, 16.99540138, 17.57543564, -21.04647827, 77.78427124, -75.85501099, -60.06763458, -41.37530899, 93.46673584, 0.68385994, 0.09822427, 0.55057842, -0.46856287, 0.01192398, -0.12683971, 0.07382262, 0.00000000, 0.00000000, 0.00000000, 0.00000000
2, 4.1301, 352, 0.00683520, 1.03153431, 0.00637481, 41.14522934, -60.61734390, 23.19662476, -10.11400127, 61.56094742, 63.54866791, 66.51605225, -30.18981552, 70.46575165, 0.57706958, -0.55812162, -0.12758888, -0.58241916, 0.00655723, -0.06547159, 0.18029146, 0.00000000, 0.00000000, 0.00000000, 0.00000000
5, 4.3600, 356, 0.35719723, 1.05349517, -0.00635759, 13.46870995, 15.75242996, 11.71153736, -20.54954720, 77.25811005, -76.38117218, -59.81659698, -40.56269836, 93.11983490, 0.68456650, 0.10342100, 0.54619431, -0.47153428, 0.01075970, -0.11603332, 0.07102315, 0.00000000, 0.00000000, 0.00000000, 0.00000000
2, 4.1401, 353, -0.01142858, 1.00213993, 0.01065274, 32.77178574, -55.31140137, 31.91340446, -9.52937698, 60.09938431, 62.99327469, 66.56376648, -29.83974075, 71.06712341, 0.57525223, -0.55660295, -0.13301955, -0.58445179, 0.01224253, -0.09269000, 0.15504526, 0.00000000, 0.00000000, 0.00000000, 0.00000000
5, 4.3700, 357, 0.35492876, 1.04882693, -0.01026956, 14.16098213, 14.69771385, 6.52491331, -21.28032684, 77.72580719, -76.20578766, -59.67386627, -40.61323929, 92.84917450, 0.68586588, 0.10354420, 0.54555500, -0.47035772, 0.01845575, -0.10548173, 0.06308825, 0.00000000, 0.00000000, 0.00000000, 0.00000000
2, 4.1501, 354, -0.03567456, 0.97803295, 0.01115490, 22.45936203, -45.37362671, 40.96783066, -9.32475853, 62.58403778, 62.73019409, 66.45666504, -29.47111511, 71.64890289, 0.57435268, -0.55422854, -0.13766780, -0.58651286, 0.02318363, -0.11266842, 0.12415970, 0.00000000, 0.00000000, 0.00000000, 0.00000000
5, 4.3800, 358, 0.34430665, 1.04951310, -0.01799645, 14.41861725, 12.99371433, 2.11702085, -20.78339577, 77.60888672, -76.20578766, -59.58003998, -40.68935776, 92.62294006, 0.68696404, 0.10358861, 0.54525584, -0.46909055, 0.02502934, -0.10213333, 0.05245116, 0.00000000, 0.00000000, 0.00000000, 0.00000000
2, 4.1701, 355, -0.07586677, 0.94818842, -0.00049965, 4.93240976, -20.70987701, 53.92634201, -8.36012840, 62.26249695, 63.25635529, 64.20422363, -29.50579643, 72.78376770, 0.57912737, -0.54167116, -0.13125920, -0.59495789, 0.03030966, -0.11153880, 0.04537716, 0.00000000, 0.00000000, 0.00000000, 0.00000000
5, 4.3900, 359, 0.33069322, 1.05312419, -0.03221616, 13.98294830, 9.75554466, -2.47634840, -20.95878410, 77.75504303, -76.58579254, -59.53976822, -40.79073715, 92.46073151, 0.68777651, 0.10349305, 0.54533172, -0.46783131, 0.03834785, -0.09639767, 0.04049144, 0.00000000, 0.00000000, 0.00000000, 0.00000000
2, 4.1801, 356, -0.09378091, 0.93261963, -0.00904324, -3.10318112, -6.28063107, 58.36011887, -8.44782257, 62.78865814, 62.90558243, 63.75114441, -29.08990479, 73.13357544, 0.58117473, -0.53759390, -0.13323538, -0.59621888, 0.03732511, -0.11697521, 0.01342314, 0.00000000, 0.00000000, 0.00000000, 0.00000000
5, 4.4400, 360, 0.27325919, 1.04809213, -0.11389078, 8.19934845, -21.97261810, -14.23546982, -21.71879578, 78.25197601, -76.61502075, -60.15784836, -41.57978821, 92.97471619, 0.68601614, 0.09986202, 0.55128253, -0.46421659, 0.09182844, -0.04087499, 0.00166670, 0.00000000, 0.00000000, 0.00000000, 0.00000000
2, 4.1901, 357, -0.09510532, 0.92366654, -0.02445725, -10.98329449, 7.64953375, 61.87749863, -7.60011673, 61.97018433, 62.78865814, 63.20453644, -28.67566109, 73.38607788, 0.58412778, -0.53312421, -0.13424107, -0.59712029, 0.03245444, -0.11210778, -0.00831914, 0.00000000, 0.00000000, 0.00000000, 0.00000000
5, 4.4500, 361, 0.25561747, 1.04239297, -0.13186558, 6.14583540, -30.05878258, -14.03401947, -21.71879578, 78.25197601, -76.61502075, -60.27175522, -41.77798843, 93.30988312, 0.68478233, 0.09770098, 0.55277032, -0.46472859, 0.10075121, -0.02572213, -0.01219613, 0.00000000, 0.00000000, 0.00000000, 0.00000000
2, 4.2001, 358, -0.09099679, 0.90813118, -0.03520416, -17.43983459, 19.19947433, 64.80969238, -7.65857935, 63.05173874, 63.46097565, 62.58060455, -28.26283264, 73.55679321, 0.58782279, -0.52832204, -0.13444284, -0.59771681, 0.02278806, -0.11447626, -0.02831873, 0.00000000, 0.00000000, 0.00000000, 0.00000000
5, 4.4600, 362, 0.23256040, 1.03355479, -0.14812306, 3.59124470, -36.21952820, -12.95656872, -21.60187149, 78.22274017, -76.93656921, -60.87876129, -42.90350342, 93.97357178, 0.68287587, 0.09110969, 0.55987465, -0.46034777, 0.10406691, -0.01102295, -0.02915091, 0.00000000, 0.00000000, 0.00000000, 0.00000000
2, 4.2101, 359, -0.09409963, 0.90045309, -0.04058740, -22.79240990, 28.98780060, 67.39462280, -7.65857935, 63.05173874, 63.46097565, 61.83943558, -28.86653328, 73.24275970, 0.59040600, -0.52694160, -0.12522246, -0.59839177, 0.02092933, -0.11245020, -0.04689079, 0.00000000, 0.00000000, 0.00000000, 0.00000000
5, 4.4700, 363, 0.21005796, 1.02930653, -0.16295505, 0.86317515, -41.15724182, -11.37455463, -21.36802101, 78.10581970, -76.76117706, -60.99892426, -43.07259369, 94.43771362, 0.68110722, 0.08850062, 0.56132656, -0.46170691, 0.10358192, -0.00376377, -0.03986721, 0.00000000, 0.00000000, 0.00000000, 0.00000000
2, 4.2201, 360, -0.11056161, 0.89486587, -0.04588844, -27.66751862, 36.91721344, 69.62043762, -6.60625553, 60.59631729, 63.49020767, 61.09045029, -28.45776558, 73.28810120, 0.59525889, -0.52160692, -0.12417175, -0.59847689, 0.02178436, -0.10452891, -0.07294771, 0.00000000, 0.00000000, 0.00000000, 0.00000000
5, 4.4800, 364, 0.19465536, 1.02636492, -0.17596219, -1.91474450, -44.87988281, -9.64026165, -21.48494530, 78.25197601, -76.73194885, -61.11453247, -43.22004700, 94.94364166, 0.67914784, 0.08578455, 0.56269956, -0.46343124, 0.11105908, 0.00634003, -0.05194949, 0.00000000, 0.00000000, 0.00000000, 0.00000000
2, 4.2301, 361, -0.12911136, 0.90020663, -0.04858599, -32.07434082, 47.14277649, 71.50122833, -6.05086231, 63.34405136, 63.43174362, 60.28879547, -28.05159950, 73.25195312, 0.60071254, -0.51604307, -0.12246336, -0.59820300, 0.04251789, -0.09597091, -0.09684042, 0.00000000, 0.00000000, 0.00000000, 0.00000000
5, 4.4900, 365, 0.18340182, 1.02835023, -0.18487622, -4.63577747, -47.46560287, -8.08990765, -21.36802101, 78.25197601, -77.25811005, -61.22772980, -43.34384537, 95.48155212, 0.67703038, 0.08303484, 0.56398773, -0.46545988, 0.11866226, 0.01027457, -0.06004691, 0.00000000, 0.00000000, 0.00000000, 0.00000000
2, 4.2401, 362, -0.15149172, 0.91300160, -0.05333580, -35.16919327, 54.20743561, 72.26449585, -5.96316862, 63.28558731, 63.63636398, 59.45402527, -27.65324974, 73.15581512, 0.60653865, -0.51033938, -0.12027328, -0.59766126, 0.06858817, -0.08010439, -0.12121737, 0.00000000, 0.00000000, 0.00000000, 0.00000000
5, 4.5000, 366, 0.17746244, 1.03356254, -0.19173922, -8.26344872, -50.01385117, -6.24670219, -21.36802101, 78.25197601, -77.25811005, -61.33996201, -43.43476105, 96.05458832, 0.67472637, 0.08030283, 0.56516767, -0.46784768, 0.12662157, 0.01072464, -0.06296980, 0.00000000, 0.00000000, 0.00000000, 0.00000000
2, 4.2501, 363, -0.17467338, 0.92780161, -0.06108297, -37.76903152, 60.94564438, 71.95246887, -4.91084480, 63.11020279, 63.43174362, 58.59711456, -27.26996803, 72.99710846, 0.61266857, -0.50457627, -0.11760901, -0.59683174, 0.09456475, -0.06016102, -0.14693457, 0.00000000, 0.00000000, 0.00000000, 0.00000000
5, 4.5100, 367, 0.17759854, 1.03628230, -0.19350821, -10.49587059, -51.92333984, -5.12460136, -21.28032684, 78.16427612, -77.05348969, -62.16051483, -44.74064255, 97.06510162, 0.67167836, 0.07187475, 0.57356787, -0.46335959, 0.12486836, 0.00753902, -0.05700150, 0.00000000, 0.00000000, 0.00000000, 0.00000000
2, 4.3101, 364, -0.24186242, 1.04504585, -0.13885710, -35.00126648, 77.42250061, 34.81970596, -3.33235884, 62.81789017, 65.18561554, 58.54404449, -29.16587067, 67.72904968, 0.63239235, -0.51531380, -0.08131209, -0.57264310, 0.15135327, 0.10096139, -0.20071077, 0.00000000, 0.00000000, 0.00000000, 0.00000000
5, 4.5200, 368, 0.17290929, 1.03143799, -0.19626150, -12.48689365, -53.28273773, -4.34298420, -20.90032196, 77.90119934, -76.90733337, -62.29431152, -44.78858566, 97.69789124, 0.66908967, 0.06918401, 0.57465678, -0.46615684, 0.11190225, 0.00632067, -0.04893192, 0.00000000, 0.00000000, 0.00000000, 0.00000000
2, 4.3201, 365, -0.21797541, 1.06078768, -0.14482403, -29.75056458, 73.56200409, 23.58441734, -3.77082729, 63.54866791, 64.25022125, 58.09875488, -29.11563110, 67.21686554, 0.63713890, -0.51304018, -0.07713176, -0.56999528, 0.12329238, 0.11050937, -0.15410312, 0.00000000, 0.00000000, 0.00000000, 0.00000000
5, 4.5300, 369, 0.16934904, 1.01687944, -0.19404745, -13.88344288, -55.40634537, -4.16551018, -20.43262100, 78.01811981, -76.26425171, -62.43502808, -44.82801819, 98.35960388, 0.66635674, 0.06643245, 0.57574981, -0.46911353, 0.10041101, 0.01581647, -0.05220615, 0.00000000, 0.00000000, 0.00000000, 0.00000000
2, 4.3301, 366, -0.19143988, 1.07668650, -0.15855922, -20.14172935, 65.41361237, 12.60118294, -2.74773455, 62.99327469, 64.54253387, 57.81788635, -29.10287857, 66.70237732, 0.64099705, -0.51177126, -0.07352352, -0.56728065, 0.10587081, 0.13412482, -0.13899888, 0.00000000, 0.00000000, 0.00000000, 0.00000000
5, 4.5400, 370, 0.16933072, 1.00187635, -0.18954556, -14.72585201, -56.32064056, -4.10647488, -20.92955208, 77.72580719, -76.84887695, -62.58072281, -44.86099625, 99.03577423, 0.66354060, 0.06366765, 0.57683706, -0.47214338, 0.08657695, 0.02417284, -0.05221149, 0.00000000, 0.00000000, 0.00000000, 0.00000000
2, 4.3401, 367, -0.15634631, 1.08737016, -0.16598056, -10.29823112, 54.73106003, 3.10610318, -4.12160206, 63.63636398, 64.89330292, 57.69382858, -29.11413574, 66.21569824, 0.64391142, -0.51141763, -0.07066184, -0.56465667, 0.08252133, 0.14843151, -0.11499272, 0.00000000, 0.00000000, 0.00000000, 0.00000000
5, 4.5500, 371, 0.17617097, 1.00859272, -0.17801481, -15.82762337, -56.50898361, -4.64024830, -20.54954720, 77.87196350, -76.52732849, -62.74030304, -44.88562012, 99.72554016, 0.66063601, 0.06095717, 0.57794899, -0.47520447, 0.08149017, 0.01196192, -0.04408978, 0.00000000, 0.00000000, 0.00000000, 0.00000000
2, 4.3501, 368, -0.11828196, 1.08610964, -0.16941561, 0.15769082, 40.49276352, -4.06053066, -4.12160206, 63.63636398, 64.89330292, 57.71702957, -29.12744141, 65.79816437, 0.64581001, -0.51184410, -0.06882144, -0.56232446, 0.05293731, 0.15031925, -0.09087145, 0.00000000, 0.00000000, 0.00000000, 0.00000000
5, 4.5600, 372, 0.19229735, 1.04838467, -0.16537376, -18.25023270, -53.66313934, -6.53955173, -20.54954720, 77.87196350, -76.52732849, -63.38289261, -45.43675995, 100.70230865, 0.65703064, 0.05618101, 0.58279884, -0.47486842, 0.09525235, -0.02576822, -0.02172810, 0.00000000, 0.00000000, 0.00000000, 0.00000000
2, 4.3601, 369, -0.08942507, 1.08673227, -0.15969062, 10.56628895, 23.30398560, -8.69222164, -3.94621444, 63.22712708, 64.36714172, 59.23114014, -28.99501610, 64.62725067, 0.64520198, -0.52068543, -0.07182309, -0.55447513, 0.03804680, 0.14011905, -0.05968074, 0.00000000, 0.00000000, 0.00000000, 0.00000000
5, 4.5700, 373, 0.21021499, 1.09732699, -0.15820681, -19.33643532, -49.78902817, -9.44787025, -20.43262100, 78.13504791, -76.81964111, -63.63321304, -45.42511749, 101.39367676, 0.65401995, 0.05416730, 0.58413732, -0.47760597, 0.11576508, -0.06783971, 0.00814827, 0.00000000, 0.00000000, 0.00000000, 0.00000000
2, 4.3701, 370, -0.06844252, 1.08832812, -0.15083069, 20.48232841, 5.45649338, -11.33392620, -4.47237635, 63.92867661, 63.72405624, 59.49483490, -28.95692444, 64.44376373, 0.64503509, -0.52217108, -0.07252103, -0.55317986, 0.03021335, 0.12422577, -0.02397513, 0.00000000, 0.00000000, 0.00000000, 0.00000000
5, 4.5800, 374, 0.23436461, 1.12311673, -0.15595335, -18.74096298, -43.98261261, -13.17279243, -20.11107826, 77.72580719, -76.05963135, -63.92652130, -45.41668320, 102.05367279, 0.65111333, 0.05252310, 0.58564526, -0.47990873, 0.12852788, -0.08663075, 0.03714820, 0.00000000, 0.00000000, 0.00000000, 0.00000000
2, 4.3801, 371, -0.06354380, 1.08646619, -0.13359779, 29.26022911, -12.53266621, -12.49691582, -4.82315111, 63.57789993, 64.01636505, 59.84943008, -28.88727760, 64.39784241, 0.64390546, -0.52398658, -0.07449430, -0.55251652, 0.03528499, 0.10782540, -0.00879951, 0.00000000, 0.00000000, 0.00000000, 0.00000000
5, 4.5900, 375, 0.25219202, 1.10334504, -0.16478664, -16.59830856, -38.21130371, -17.05845642, -20.05261612, 76.96579742, -76.67348480, -64.25638580, -45.42589188, 102.67459106, 0.64837307, 0.05115627, 0.58733678, -0.48169598, 0.11924472, -0.06446039, 0.05741018, 0.00000000, 0.00000000, 0.00000000, 0.00000000
2, 4.3901, 372, -0.05731131, 1.08734214, -0.12008633, 35.68125153, -28.86825371, -13.35285282, -4.47237635, 63.54866791, 63.54866791, 60.27120972, -28.79815292, 64.48429108, 0.64189911, -0.52602988, -0.07752744, -0.55249226, 0.03930596, 0.09524654, 0.00773750, 0.00000000, 0.00000000, 0.00000000, 0.00000000
5, 4.6000, 376, 0.25332806, 1.04532444, -0.17517276, -14.26657295, -33.23619843, -20.35208702, -19.90645981, 77.37503815, -76.03040314, -64.61477661, -45.45408630, 103.25890350, 0.64579988, 0.04999872, 0.58918321, -0.48301747, 0.08722315, -0.01326946, 0.05834413, 0.00000000, 0.00000000, 0.00000000, 0.00000000
2, 4.4001, 373, -0.04634344, 1.08647490, -0.11062133, 40.79425430, -46.62741089, -13.98425770, -4.47237635, 63.54866791, 63.54866791, 60.74746323, -28.69887733, 64.72339630, 0.63893765, -0.52822971, -0.08159577, -0.55323976, 0.03727281, 0.08380735, 0.02543402, 0.00000000, 0.00000000, 0.00000000, 0.00000000
5, 4.6100, 377, 0.25046507, 0.98455942, -0.17952542, -12.34604740, -27.71177673, -21.99746704, -19.90645981, 77.37503815, -76.03040314, -63.86933136, -45.92118073, 102.85379791, 0.64854461, 0.04485381, 0.58719635, -0.48226398, 0.04800501, 0.03304981, 0.05227856, 0.00000000, 0.00000000, 0.00000000, 0.00000000
2, 4.4301, 374, -0.03061780, 1.06934023, -0.09069588, 45.18153763, -87.68531799, -14.06093025, -4.06313944, 63.92867661, 62.96404648, 62.24574280, -28.38552856, 66.28553009, 0.62562358, -0.53432912, -0.09821789, -0.55985785, 0.03250076, 0.04430267, 0.05659604, 0.00000000, 0.00000000, 0.00000000, 0.00000000
5, 4.6200, 378, 0.24967052, 0.94387937, -0.17917420, -11.05450630, -21.38458252, -22.47651100, -19.64337921, 77.05348969, -76.35194397, -64.23881531, -45.96034622, 103.32160187, 0.64649129, 0.04428774, 0.58904475, -0.48281872, 0.01598154, 0.05608568, 0.04468394, 0.00000000, 0.00000000, 0.00000000, 0.00000000
2, 4.4401, 375, -0.03173913, 1.06212294, -0.09050114, 43.46681976, -97.19062042, -13.07084179, -4.15083313, 64.13329315, 62.75942612, 62.75609970, -28.32932663, 67.01562500, 0.61988300, -0.53628564, -0.10450339, -0.56322449, 0.03078295, 0.03488432, 0.05909396, 0.00000000, 0.00000000, 0.00000000, 0.00000000
5, 4.6400, 379, 0.26057872, 0.90460765, -0.17913741, -9.54378128, -9.62468529, -22.82885361, -20.05261612, 76.79041290, -75.94270325, -64.96303558, -46.00915527, 104.06379700, 0.64316171, 0.04422119, 0.59251833, -0.48302138, -0.01262762, 0.08801721, 0.06025801, 0.00000000, 0.00000000, 0.00000000, 0.00000000
2, 4.4501, 376, -0.04003074, 1.05039799, -0.09332107, 40.54447937, -104.13183594, -11.32094669, -4.15083313, 64.13329315, 62.75942612, 63.23102570, -28.29220963, 67.83219910, 0.61377686, -0.53796035, -0.11091894, -0.56707460, 0.03010960, 0.02481129, 0.05248200, 0.00000000, 0.00000000, 0.00000000, 0.00000000
5, 4.6500, 380, 0.26848197, 0.89180481, -0.18646356, -7.85201883, -7.03294563, -23.54223442, -20.69570351, 77.52119446, -76.11809540, -65.32274628, -46.04227829, 104.37783051, 0.64175379, 0.04439744, 0.59424531, -0.48275623, -0.01731606, 0.10390881, 0.07175870, 0.00000000, 0.00000000, 0.00000000, 0.00000000
2, 4.4601, 377, -0.05208733, 1.04277682, -0.09497163, 36.35989380, -108.19103241, -9.13897514, -3.21543407, 64.48406982, 62.70096207, 63.29825211, -28.43897820, 68.93967438, 0.60736370, -0.53768259, -0.11548430, -0.57329762, 0.03379961, 0.01824754, 0.04427066, 0.00000000, 0.00000000, 0.00000000, 0.00000000
5, 4.6600, 381, 0.27779859, 0.87243569, -0.19556454, -5.25995636, -8.25267696, -24.04245567, -20.69570351, 77.52119446, -76.11809540, -63.40364456, -46.54606628, 102.81517029, 0.64980859, 0.03837821, 0.58699971, -0.48135990, -0.02693575, 0.12131343, 0.07874953, 0.00000000, 0.00000000, 0.00000000, 0.00000000
2, 4.4701, 378, -0.06459498, 1.03677380, -0.10265850, 31.36021614, -108.98898315, -6.71754026, -3.30312777, 64.39637756, 62.96404648, 63.65858078, -28.43705750, 69.85909271, 0.60106140, -0.53862524, -0.12162460, -0.57776779, 0.03409399, 0.01947194, 0.03062633, 0.00000000, 0.00000000, 0.00000000, 0.00000000
5, 4.6700, 382, 0.27714458, 0.84669924, -0.19971681, -1.02729332, -14.01224041, -23.46247101, -20.34492874, 77.19964600, -76.26425171, -63.72935486, -46.66264343, 103.15726471, 0.64843601, 0.03771463, 0.58880967, -0.48105261, -0.04634830, 0.13105965, 0.06365672, 0.00000000, 0.00000000, 0.00000000, 0.00000000
2, 4.4801, 379, -0.08104642, 1.02101779, -0.11151358, 25.47073364, -106.82443237, -4.56620026, -2.19234133, 64.42560577, 62.73019409, 63.95080185, -28.45755959, 70.78838348, 0.59489971, -0.53920645, -0.12734047, -0.58235312, 0.03334013, 0.01248449, 0.01112317, 0.00000000, 0.00000000, 0.00000000, 0.00000000
5, 4.6800, 383, 0.26549521, 0.81859577, -0.19889851, 1.82471311, -20.05450630, -21.74997711, -20.60800934, 76.84887695, -75.53347015, -64.02111053, -46.81142426, 103.53016663, 0.64699990, 0.03648245, 0.59056860, -0.48092514, -0.06604186, 0.15113705, 0.05358902, 0.00000000, 0.00000000, 0.00000000, 0.00000000
2, 4.4901, 380, -0.09432560, 1.00456917, -0.12020936, 18.21179962, -100.78575897, -2.37192583, -2.36772871, 64.33791351, 63.19789505, 64.16093445, -28.50240898, 71.69485474, 0.58910251, -0.53941059, -0.13238756, -0.58691406, 0.02969996, 0.00561980, -0.00738773, 0.00000000, 0.00000000, 0.00000000, 0.00000000
5, 4.6900, 384, 0.23802312, 0.79246747, -0.19871785, 3.83780980, -25.63816071, -19.12204742, -20.75416565, 74.62730408, -75.67962646, -64.27206421, -46.98024750, 103.92752838, 0.64551175, 0.03475389, 0.59220779, -0.48103711, -0.08216357, 0.16969129, 0.02778196, 0.00000000, 0.00000000, 0.00000000, 0.00000000
2, 4.5001, 381, -0.11308122, 0.99347705, -0.12910442, 11.88611507, -92.43683624, -0.57995021, -2.36772871, 64.33791351, 63.19789505, 64.29902649, -28.56417656, 72.55088806, 0.58379722, -0.53931552, -0.13672750, -0.59129113, 0.03219829, 0.00337686, -0.02816962, 0.00000000, 0.00000000, 0.00000000, 0.00000000
5, 4.7000, 385, 0.20510527, 0.77219379, -0.19184273, 5.53240490, -29.72616577, -15.78841686, -20.84185982, 77.63811493, -76.81964111, -64.47383881, -47.16017151, 104.33039856, 0.64403921, 0.03263852, 0.59365916, -0.48136997, -0.09864937, 0.17897376, -0.00396476, 0.00000000, 0.00000000, 0.00000000, 0.00000000
2, 4.5101, 382, -0.14495428, 1.00055075, -0.13669731, 6.52946520, -82.17821503, 0.97939682, -2.04618526, 63.95790482, 63.89944458, 65.11689758, -29.25435638, 72.90495300, 0.57522249, -0.54530030, -0.13818797, -0.59386104, 0.05114404, 0.01358081, -0.04616231, 0.00000000, 0.00000000, 0.00000000, 0.00000000
5, 4.7100, 386, 0.17218156, 0.75903225, -0.18008855, 7.05162048, -31.00218391, -12.12263870, -20.84185982, 77.63811493, -76.81964111, -63.94643784, -48.04219055, 104.22530365, 0.64595133, 0.02449152, 0.59378064, -0.47913644, -0.11599374, 0.17647310, -0.03689962, 0.00000000, 0.00000000, 0.00000000, 0.00000000
2, 4.5901, 383, -0.08470789, 0.96412659, -0.26245165, -14.02869320, -19.17358398, -32.78448105, -1.78310430, 63.72405624, 64.27944946, 66.70722198, -30.58066940, 74.52251434, 0.55347985, -0.55545652, -0.14578244, -0.60322118, -0.09790874, 0.07644197, -0.04995781, 0.00000000, 0.00000000, 0.00000000, 0.00000000
5, 4.7200, 387, 0.13878958, 0.75774848, -0.16955552, 8.73461151, -29.58377838, -8.18441010, -20.57877731, 74.62730408, -76.08885956, -64.03460693, -48.22290421, 104.54733276, 0.64485466, 0.02214443, 0.59469438, -0.47959432, -0.12845592, 0.16001615, -0.07133035, 0.00000000, 0.00000000, 0.00000000, 0.00000000
2, 4.6001, 384, -0.04780126, 0.95099938, -0.27006918, -11.53202534, -19.63914490, -37.90284348, -1.69541073, 63.46097565, 65.12715149, 66.89559937, -30.97156143, 74.55471802, 0.55069757, -0.55758941, -0.14444444, -0.60412085, -0.14019302, 0.07467477, -0.03073994, 0.00000000, 0.00000000, 0.00000000, 0.00000000
5, 4.7300, 388, 0.12039954, 0.76648712, -0.15723333, 10.83219528, -25.75126266, -4.54443932, -20.49108505, 77.22888184, -76.79041290, -64.05767059, -48.39890289, 104.78567505, 0.64411515, 0.01989233, 0.59529686, -0.47993919, -0.13116810, 0.14338012, -0.08849012, 0.00000000, 0.00000000, 0.00000000, 0.00000000
2, 4.6101, 385, -0.00627353, 0.93740416, -0.28098536, -8.62222481, -22.32536125, -41.75849152, -2.39696002, 63.81174850, 64.68869019, 67.52487946, -29.02636719, 73.99078369, 0.55899012, -0.55507296, -0.15735529, -0.59553617, -0.17901644, 0.06944697, -0.00995083, 0.00000000, 0.00000000, 0.00000000, 0.00000000
5, 4.7700, 389, 0.16728374, 0.86101604, -0.09835386, 21.66475487, -9.09567928, -1.60384905, -20.46185303, 76.87810516, -76.84887695, -64.19356537, -48.70023727, 105.32022858, 0.64230573, 0.01591343, 0.59673047, -0.48073167, -0.11950627, 0.03164629, -0.03573895, 0.00000000, 0.00000000, 0.00000000, 0.00000000
2, 4.6201, 386, 0.03118538, 0.92333812, -0.28734636, -5.22425699, -26.77836227, -43.84002686, -2.30926633, 63.31481934, 65.03945923, 67.81845856, -29.43400383, 74.03406525, 0.55559051, -0.55776334, -0.15650825, -0.59642649, -0.19533673, 0.04968906, 0.00945792, 0.00000000, 0.00000000, 0.00000000, 0.00000000
5, 4.7800, 390, 0.17044425, 0.89184558, -0.09016050, 25.48400497, -4.18428183, -0.95704073, -20.34492874, 77.52119446, -77.02426147, -64.05256653, -48.94125748, 105.20535278, 0.64316648, 0.01415071, 0.59674305, -0.47961897, -0.10774793, 0.00010641, -0.03060242, 0.00000000, 0.00000000, 0.00000000, 0.00000000
2, 4.6301, 387, 0.06500310, 0.90682077, -0.28772950, -1.51680779, -32.77130508, -44.19530106, -2.80619693, 63.51943970, 65.41946411, 68.14853668, -29.83216667, 74.12004089, 0.55181271, -0.56052202, -0.15612490, -0.59744692, -0.23387641, 0.03965846, 0.03056931, 0.00000000, 0.00000000, 0.00000000, 0.00000000
5, 4.7900, 391, 0.16248310, 0.91917717, -0.08048108, 29.43142891, 2.02078533, 0.26228017, -19.61414719, 76.67348480, -77.75504303, -63.86021423, -49.19753265, 104.98601532, 0.64448184, 0.01254302, 0.59657270, -0.47810760, -0.09816980, -0.03034718, -0.03733199, 0.00000000, 0.00000000, 0.00000000, 0.00000000
2, 4.6401, 388, 0.08200979, 0.88874966, -0.27994984, 2.39741611, -38.37488937, -42.69557953, -2.80619693, 63.51943970, 65.41946411, 68.50202179, -30.20569229, 74.25454712, 0.54775411, -0.56322771, -0.15626524, -0.59859937, -0.25686297, 0.02252083, 0.04350023, 0.00000000, 0.00000000, 0.00000000, 0.00000000
5, 4.8000, 392, 0.14737543, 0.93481755, -0.07301424, 32.79503632, 9.53476334, 1.88827944, -20.14031029, 77.72580719, -77.87196350, -63.61089325, -49.45846558, 104.64691162, 0.64629310, 0.01120499, 0.59617400, -0.47618940, -0.09403668, -0.05112273, -0.05244449, 0.00000000, 0.00000000, 0.00000000, 0.00000000
2, 4.6501, 389, 0.08849011, 0.86773628, -0.26344597, 6.48089886, -42.34582138, -40.21718979, -2.30926633, 63.16866302, 65.18561554, 68.87192535, -30.54346848, 74.42709351, 0.54355180, -0.56582534, -0.15691473, -0.59980911, -0.26898032, -0.00314681, 0.05206921, 0.00000000, 0.00000000, 0.00000000, 0.00000000
5, 4.8100, 393, 0.12857713, 0.93980491, -0.06647514, 35.59016037, 18.55051041, 3.87277985, -19.93569183, 78.16427612, -77.78427124, -65.08226776, -48.75760269, 105.60218048, 0.64107978, 0.01904338, 0.60063428, -0.47738093, -0.09316599, -0.05868668, -0.06946908, 0.00000000, 0.00000000, 0.00000000, 0.00000000
2, 4.6601, 390, 0.09044066, 0.85216272, -0.25338870, 11.18923283, -43.90694809, -35.41010284, -2.98158431, 62.52557755, 65.53639221, 68.34227753, -27.83905220, 74.57505035, 0.55707127, -0.55431771, -0.17192492, -0.59400785, -0.26629254, -0.02548673, 0.05137412, 0.00000000, 0.00000000, 0.00000000, 0.00000000
5, 4.8200, 394, 0.11151732, 0.94068968, -0.06287809, 37.06882095, 29.18070412, 6.33314610, -19.93569183, 78.16427612, -77.78427124, -64.73019409, -48.99945450, 104.99862671, 0.64401740, 0.01865703, 0.59968370, -0.47462928, -0.08762931, -0.05124206, -0.07909998, 0.00000000, 0.00000000, 0.00000000, 0.00000000
2, 4.6701, 391, 0.09484623, 0.83875936, -0.24197277, 15.06376076, -43.83860016, -29.84077263, -2.80619693, 62.70096207, 65.85793304, 68.71561432, -28.04792213, 74.78939056, 0.55325651, -0.55649298, -0.17358820, -0.59505457, -0.23994993, -0.05735155, 0.04303347, 0.00000000, 0.00000000, 0.00000000, 0.00000000
5, 4.8300, 395, 0.10170187, 0.94834435, -0.06202593, 37.62393570, 41.33638382, 9.49009514, -20.46185303, 77.84273529, -77.72580719, -64.30929565, -49.20307159, 104.22879028, 0.64756548, 0.01898682, 0.59834355, -0.47146946, -0.08430678, -0.06196635, -0.09107943, 0.00000000, 0.00000000, 0.00000000, 0.00000000
2, 4.6801, 392, 0.09032241, 0.82311207, -0.23286274, 18.39196777, -41.97476578, -23.33556175, -2.63080978, 62.35018921, 65.36100769, 69.06713104, -28.18509483, 75.01042938, 0.54980820, -0.55829972, -0.17562991, -0.59595841, -0.24252245, -0.07561135, 0.04224865, 0.00000000, 0.00000000, 0.00000000, 0.00000000
5, 4.8400, 396, 0.09774867, 0.96165943, -0.06387534, 36.90494919, 56.06006241, 13.32035923, -20.43262100, 77.98889160, -77.75504303, -63.81436157, -49.34611511, 103.26763153, 0.65179086, 0.02026477, 0.59652710, -0.46788195, -0.07535707, -0.07475950, -0.09749340, 0.00000000, 0.00000000, 0.00000000, 0.00000000
2, 4.6901, 393, 0.07488792, 0.81440240, -0.22548358, 20.90664864, -38.09191132, -15.74913502, -2.63080978, 62.35018921, 65.36100769, 69.38058472, -28.24375725, 75.22811890, 0.54689300, -0.55965680, -0.17795590, -0.59667748, -0.23357761, -0.08811413, 0.03571030, 0.00000000, 0.00000000, 0.00000000, 0.00000000
5, 4.8500, 397, 0.09917307, 0.97595000, -0.06845673, 36.14142990, 66.99878693, 16.64034843, -20.66647148, 77.87196350, -78.51505280, -63.25891876, -49.43670654, 102.16164398, 0.65651101, 0.02225512, 0.59430885, -0.46399891, -0.06382710, -0.08610304, -0.09916192, 0.00000000, 0.00000000, 0.00000000, 0.00000000
2, 4.7001, 394, 0.05088879, 0.80778056, -0.21100676, 22.98216248, -32.22232819, -7.34807873, -2.45542240, 60.77170181, 65.50716400, 69.64504242, -28.21632767, 75.43013000, 0.54466695, -0.56051028, -0.18049215, -0.59715056, -0.21269788, -0.10451835, 0.02686555, 0.00000000, 0.00000000, 0.00000000, 0.00000000
5, 4.9000, 398, 0.15499711, 0.98187220, -0.12908749, 25.18294716, 84.17667389, 32.91019440, -21.33878899, 78.92429352, -79.62583923, -62.03171921, -48.55252457, 97.22331238, 0.67546344, 0.04620194, 0.58536106, -0.44605708, -0.01388479, -0.04589405, -0.05430124, 0.00000000, 0.00000000, 0.00000000, 0.00000000
2, 4.7101, 395, 0.01459640, 0.81125402, -0.19602367, 24.60018349, -22.91979218, 1.16827226, -3.12774038, 62.37942123, 65.56562042, 69.12856293, -26.81274414, 75.62140656, 0.55222178, -0.55305147, -0.18748339, -0.59500861, -0.17144936, -0.11596268, 0.01011212, 0.00000000, 0.00000000, 0.00000000, 0.00000000
5, 4.9100, 399, 0.16342095, 0.97818637, -0.14109451, 21.04749298, 79.75128174, 35.87184143, -20.60800934, 77.78427124, -78.57351685, -62.36261368, -48.30756760, 96.72064209, 0.67701405, 0.05227327, 0.58566087, -0.44262955, -0.00671500, -0.03540698, -0.05075862, 0.00000000, 0.00000000, 0.00000000, 0.00000000
2, 4.7201, 396, -0.01560231, 0.82862484, -0.19248776, 25.41207314, -11.43046665, 8.56556129, -1.72464192, 62.14557266, 65.41946411, 69.28593445, -26.60852242, 75.70399475, 0.55190521, -0.55298287, -0.18996945, -0.59457737, -0.12200545, -0.11271703, -0.00920252, 0.00000000, 0.00000000, 0.00000000, 0.00000000
5, 4.9200, 400, 0.16947915, 0.97446322, -0.15260848, 16.23284912, 74.10431671, 38.69033813, -20.60800934, 77.78427124, -78.57351685, -61.66464996, -48.09685898, 95.51884460, 0.68175858, 0.05558550, 0.58173299, -0.44011629, 0.00123608, -0.02155951, -0.04474408, 0.00000000, 0.00000000, 0.00000000, 0.00000000
2, 4.7301, 397, -0.04968855, 0.85257310, -0.18956244, 26.14677048, 1.21519411, 14.33441925, -2.71850324, 63.16866302, 65.24407959, 69.39688873, -26.33040047, 75.69747162, 0.55258936, -0.55258578, -0.19224142, -0.59358007, -0.08051831, -0.10036273, -0.01856453, 0.00000000, 0.00000000, 0.00000000, 0.00000000
5, 4.9300, 401, 0.17552578, 0.96726203, -0.16358386, 11.02143002, 67.42810059, 41.43677902, -20.92955208, 79.01198578, -78.98274994, -60.98014069, -47.83816147, 94.40914154, 0.68611133, 0.05873805, 0.57770175, -0.43824863, 0.00636669, -0.00989721, -0.04691036, 0.00000000, 0.00000000, 0.00000000, 0.00000000
2, 4.7401, 398, -0.07753125, 0.88082004, -0.18580498, 26.07205582, 14.63532448, 18.91517639, -2.71850324, 63.16866302, 65.24407959, 69.46177673, -25.99024391, 75.59091949, 0.55427372, -0.55192357, -0.19417562, -0.59199399, -0.03986178, -0.08576325, -0.02178677, 0.00000000, 0.00000000, 0.00000000, 0.00000000
5, 4.9400, 402, 0.17793714, 0.95427752, -0.17575519, 5.59952497, 58.99574280, 43.98629761, -21.13417053, 79.12890625, -79.50891113, -60.31548691, -47.53701782, 93.41382599, 0.69000107, 0.06162959, 0.57361615, -0.43710983, 0.00947268, 0.00728713, -0.05319364, 0.00000000, 0.00000000, 0.00000000, 0.00000000
2, 4.7501, 399, -0.09718169, 0.90657157, -0.17750885, 26.04885864, 30.43072510, 22.05525017, -2.28003502, 61.97018433, 64.65945435, 69.48806763, -25.59268188, 75.35479736, 0.55704731, -0.55110073, -0.19564264, -0.58966976, -0.00304316, -0.07630286, -0.01897522, 0.00000000, 0.00000000, 0.00000000, 0.00000000
5, 4.9500, 403, 0.18123841, 0.94460714, -0.18391532, -0.37327775, 49.01348495, 46.33062744, -20.75416565, 77.90119934, -79.42121887, -59.67819214, -47.19599915, 92.55472565, 0.69335127, 0.06419139, 0.56952286, -0.43679199, 0.01228868, 0.01977411, -0.05871961, 0.00000000, 0.00000000, 0.00000000, 0.00000000
2, 4.8101, 400, -0.13050064, 0.98395902, -0.08983807, 23.28237343, 83.31071472, 26.51828003, -2.25080395, 63.63636398, 62.61326981, 68.27066040, -25.19917297, 72.36508179, 0.57972926, -0.54861110, -0.17756930, -0.57568133, 0.12979981, -0.09171665, 0.02729315, 0.00000000, 0.00000000, 0.00000000, 0.00000000
5, 4.9600, 404, 0.18662699, 0.94639957, -0.18280417, -5.68074322, 38.26974106, 47.98235321, -20.43262100, 78.69043732, -79.36275482, -59.82872009, -47.33211136, 92.27847290, 0.69442081, 0.06563168, 0.57041991, -0.43369737, 0.01475868, 0.01771927, -0.05921878, 0.00000000, 0.00000000, 0.00000000, 0.00000000
2, 4.8201, 401, -0.12946369, 0.99242878, -0.07042883, 20.82967758, 88.86421204, 27.51898956, -2.33849740, 63.89944458, 62.46711349, 68.15320587, -24.68226051, 71.62070465, 0.58611798, -0.54746276, -0.17669344, -0.57055217, 0.12968889, -0.08987637, 0.03398146, 0.00000000, 0.00000000, 0.00000000, 0.00000000
5, 4.9700, 405, 0.19726853, 0.95297158, -0.17608778, -10.52219677, 28.55516052, 49.00420380, -20.43262100, 78.69043732, -79.36275482, -59.24372864, -46.94857407, 91.68437958, 0.69672370, 0.06740483, 0.56648570, -0.43488696, 0.01292813, 0.00818026, -0.04899118, 0.00000000, 0.00000000, 0.00000000, 0.00000000
2, 4.8301, 402, -0.12750073, 0.99622381, -0.05831114, 17.01784897, 93.74894714, 28.94592857, -2.63080978, 63.87021255, 61.47325134, 67.98167419, -24.17174911, 70.85103607, 0.59280527, -0.54609013, -0.17541131, -0.56533027, 0.14437129, -0.09832679, 0.03976889, 0.00000000, 0.00000000, 0.00000000, 0.00000000
5, 4.9800, 406, 0.20776407, 0.96182656, -0.16835377, -14.70417500, 18.58214569, 49.41561508, -20.19877243, 78.22274017, -78.92429352, -58.69562149, -46.55381012, 91.22616577, 0.69850820, 0.06876629, 0.56268907, -0.43673635, 0.01658790, -0.00271900, -0.04684465, 0.00000000, 0.00000000, 0.00000000, 0.00000000
2, 4.8401, 403, -0.12438691, 0.99923539, -0.04748323, 11.95390320, 97.93056488, 30.74510956, -2.63080978, 63.87021255, 61.47325134, 67.74383545, -23.67535019, 70.06761169, 0.59975725, -0.54442692, -0.17367682, -0.56011337, 0.15706386, -0.10588205, 0.04441350, 0.00000000, 0.00000000, 0.00000000, 0.00000000
5, 4.9900, 407, 0.21457183, 0.97080255, -0.15726416, -18.26204109, 9.85971832, 49.46331406, -19.29260445, 78.71967316, -79.12890625, -58.18183136, -46.15272903, 90.88774872, 0.69983345, 0.06976281, 0.55903345, -0.43914449, 0.01849807, -0.01582285, -0.04838788, 0.00000000, 0.00000000, 0.00000000, 0.00000000
2, 4.8501, 404, -0.11883873, 1.00052416, -0.03693375, 6.90294075, 99.94126892, 32.46613693, -2.54311609, 63.87021255, 61.12247849, 67.44338989, -23.19866943, 69.28946686, 0.60683894, -0.54246938, -0.17157120, -0.55501068, 0.16677128, -0.11387185, 0.04889086, 0.00000000, 0.00000000, 0.00000000, 0.00000000
5, 5.0000, 408, 0.20819886, 0.97744119, -0.14089245, -21.06740570, 1.99577534, 48.83838272, -19.23414230, 77.55042267, -78.33966827, -57.70309830, -45.75351334, 90.65828705, 0.70073813, 0.07041324, 0.55555063, -0.44200850, 0.01677139, -0.03069575, -0.06340375, 0.00000000, 0.00000000, 0.00000000, 0.00000000
2, 4.8601, 405, -0.11036922, 0.99953532, -0.02655190, 1.25993121, 100.71180725, 34.38866425, -2.39696002, 64.36714172, 61.38555908, 65.90521240, -24.90151978, 68.81481171, 0.60975802, -0.54045236, -0.15087797, -0.55976981, 0.16425028, -0.11736742, 0.05052168, 0.00000000, 0.00000000, 0.00000000, 0.00000000
5, 5.0100, 409, 0.19840550, 0.98262906, -0.13122025, -23.99072075, -5.11853027, 47.40909195, -18.67874908, 78.45658875, -78.51505280, -58.71071625, -45.58118439, 91.56389618, 0.69648343, 0.07321404, 0.55936599, -0.44346383, 0.01867876, -0.03808302, -0.07676354, 0.00000000, 0.00000000, 0.00000000, 0.00000000
2, 4.8701, 406, -0.10375033, 1.00176609, -0.02241869, -4.40379286, 99.84200287, 36.43190765, -2.74773455, 64.48406982, 60.94709015, 65.50766754, -24.49167252, 68.06817627, 0.61685795, -0.53799111, -0.14809105, -0.55508649, 0.14371078, -0.10296310, 0.04321878, 0.00000000, 0.00000000, 0.00000000, 0.00000000
5, 5.0200, 410, 0.19086021, 0.98212802, -0.12403726, -25.65781593, -8.81949139, 45.71216965, -18.70797920, 74.59806824, -78.48582458, -58.30147552, -45.19158936, 91.49201965, 0.69672477, 0.07348403, 0.55628020, -0.44690838, 0.01684818, -0.03592831, -0.07956263, 0.00000000, 0.00000000, 0.00000000, 0.00000000
2, 4.8801, 407, -0.09062780, 1.00156927, -0.02222793, -10.28659344, 96.76628876, 38.52143097, -2.74773455, 64.48406982, 60.94709015, 65.04524994, -24.11372566, 67.37821960, 0.62380701, -0.53516853, -0.14509214, -0.55082470, 0.14059329, -0.10290502, 0.04494999, 0.00000000, 0.00000000, 0.00000000, 0.00000000
5, 5.0300, 411, 0.19025519, 0.97829938, -0.12186347, -27.58694839, -9.97896481, 43.97401047, -18.70797920, 74.59806824, -78.48582458, -57.92992020, -44.79665756, 91.46260834, 0.69677567, 0.07380762, 0.55332261, -0.45043334, 0.01759753, -0.03297471, -0.08730970, 0.00000000, 0.00000000, 0.00000000, 0.00000000
2, 4.8901, 408, -0.07895438, 0.99360633, -0.02615465, -15.69252968, 90.79033661, 40.57163620, -2.83542824, 64.60099030, 60.68400955, 64.52688599, -23.76919365, 66.76981354, 0.63044488, -0.53200018, -0.14203046, -0.54712194, 0.13208397, -0.10472237, 0.03894514, 0.00000000, 0.00000000, 0.00000000, 0.00000000
5, 5.0400, 412, 0.19465622, 0.97194636, -0.12115335, -29.29058266, -10.74514008, 41.89183426, -18.21105003, 78.16427612, -78.13504791, -57.59792709, -44.39898300, 91.47201538, 0.69664723, 0.07420107, 0.55051160, -0.45399770, 0.01713714, -0.02696140, -0.08980979, 0.00000000, 0.00000000, 0.00000000, 0.00000000
2, 4.9401, 409, -0.09390984, 0.98237062, -0.06956566, -43.20975113, 33.75766373, 46.87264252, -1.87079799, 64.48406982, 62.05787659, 60.58122253, -24.30254745, 65.74124146, 0.65136230, -0.51278877, -0.11496198, -0.54731941, 0.10822983, -0.05095071, -0.05239732, 0.00000000, 0.00000000, 0.00000000, 0.00000000
5, 5.0500, 413, 0.20176457, 0.96699214, -0.12176086, -30.90695000, -9.98659229, 39.44178391, -17.27565002, 77.05348969, -77.34580231, -57.30889893, -43.99637604, 91.50719452, 0.69638342, 0.07476364, 0.54784781, -0.45751882, 0.01831421, -0.02083154, -0.08898381, 0.00000000, 0.00000000, 0.00000000, 0.00000000
2, 4.9501, 410, -0.10800505, 0.98749983, -0.08495513, -46.79288101, 23.60733223, 46.59940338, -1.43232965, 64.45483398, 62.37942123, 59.84111786, -24.20205879, 65.88280487, 0.65434963, -0.50810617, -0.11272644, -0.54858679, 0.11489050, -0.03139350, -0.07805522, 0.00000000, 0.00000000, 0.00000000, 0.00000000
5, 5.0600, 414, 0.20933926, 0.96229553, -0.12521988, -32.11628723, -9.20896912, 36.33853912, -17.30488205, 77.46273041, -77.55042267, -58.25378799, -44.06499481, 92.28912354, 0.69269508, 0.07631207, 0.55239540, -0.45739415, 0.02023691, -0.01190804, -0.08301881, 0.00000000, 0.00000000, 0.00000000, 0.00000000
2, 4.9601, 411, -0.12410800, 0.99120015, -0.09805542, -49.10438156, 14.91836929, 45.96265411, -0.40923706, 64.22098541, 62.61326981, 60.25387192, -25.65662384, 65.13238525, 0.65074539, -0.51581138, -0.10158184, -0.54785961, 0.11692441, -0.01397017, -0.09928755, 0.00000000, 0.00000000, 0.00000000, 0.00000000
5, 5.0700, 415, 0.21292500, 0.96324289, -0.12266161, -33.14379501, -7.28133202, 33.27791977, -16.63256264, 76.81964111, -77.37503815, -58.05079651, -43.66197968, 92.35354614, 0.69222468, 0.07727425, 0.55011094, -0.46068621, 0.01918613, -0.00928745, -0.07278927, 0.00000000, 0.00000000, 0.00000000, 0.00000000
2, 4.9701, 412, -0.13692620, 0.99275255, -0.11198963, -50.37607193, 7.68954468, 45.12217331, -0.05846244, 64.65945435, 63.13943100, 59.50186157, -25.60135841, 65.43560791, 0.65286696, -0.51109266, -0.09970975, -0.55009723, 0.10265760, 0.00288760, -0.10889053, 0.00000000, 0.00000000, 0.00000000, 0.00000000
5, 5.0800, 416, 0.21655497, 0.96282208, -0.12620518, -33.73795700, -5.92173815, 30.09309006, -16.63256264, 76.81964111, -77.37503815, -57.89169312, -43.26395035, 92.43418121, 0.69165766, 0.07839554, 0.54802006, -0.46382964, 0.02605797, -0.00365482, -0.07332107, 0.00000000, 0.00000000, 0.00000000, 0.00000000
2, 4.9801, 413, -0.14761287, 0.99127942, -0.12482694, -50.75185394, 1.83860648, 43.95619583, -0.05846244, 64.65945435, 63.13943100, 58.75979614, -25.55797768, 65.79098511, 0.65461159, -0.50641346, -0.09800924, -0.55265129, 0.10385974, 0.01657604, -0.13390192, 0.00000000, 0.00000000, 0.00000000, 0.00000000
5, 5.1300, 417, 0.22355883, 0.98391080, -0.13783841, -32.79780960, 2.93305302, 9.66396904, -15.84332085, 76.76117706, -76.26425171, -58.79516983, -42.21472931, 93.42642975, 0.68595970, 0.08559690, 0.54846388, -0.47044638, 0.06159616, 0.00516012, -0.06124253, 0.00000000, 0.00000000, 0.00000000, 0.00000000
2, 4.9901, 414, -0.15397117, 0.98806733, -0.13752553, -50.26969528, -3.28574800, 42.30015945, 1.16924870, 62.46711349, 63.08097076, 58.03774261, -25.52370453, 66.18660736, 0.65600115, -0.50183690, -0.09648973, -0.55543858, 0.10103130, 0.02900736, -0.15634412, 0.00000000, 0.00000000, 0.00000000, 0.00000000
5, 5.1400, 418, 0.22341159, 0.98602653, -0.13743155, -31.66701698, 4.18086624, 5.94625854, -15.66793346, 76.67348480, -76.35194397, -58.91404343, -41.90755081, 93.56459045, 0.68498045, 0.08755814, 0.54790819, -0.47215676, 0.06682540, 0.00719907, -0.06198810, 0.00000000, 0.00000000, 0.00000000, 0.00000000
2, 5.0001, 415, -0.16142654, 0.98337394, -0.14890926, -49.12904739, -7.26987743, 39.44451141, 0.76001167, 64.42560577, 63.92867661, 57.34833527, -25.50297356, 66.60474396, 0.65705103, -0.49746904, -0.09510234, -0.55835849, 0.09872711, 0.03942695, -0.17915773, 0.00000000, 0.00000000, 0.00000000, 0.00000000
5, 5.1500, 419, 0.21932141, 0.98202729, -0.13968413, -30.25067902, 5.45434427, 2.71625662, -15.81408882, 76.03040314, -75.53347015, -59.06278229, -41.62229919, 93.70307159, 0.68398762, 0.08955980, 0.54756224, -0.47361967, 0.07010905, 0.01551714, -0.06640996, 0.00000000, 0.00000000, 0.00000000, 0.00000000
2, 5.0101, 416, -0.16727820, 0.97682989, -0.15553786, -47.58177185, -11.96711254, 35.89445114, 1.60771704, 64.22098541, 64.30867767, 59.15820312, -26.72864914, 65.18589783, 0.65141517, -0.51290774, -0.08933681, -0.55190843, 0.09166457, 0.04195144, -0.18931939, 0.00000000, 0.00000000, 0.00000000, 0.00000000
5, 5.1600, 420, 0.21255179, 0.97364163, -0.14268294, -28.67592430, 6.93101072, -0.21297580, -16.22332573, 76.23501587, -75.97193909, -59.95616531, -42.42378235, 93.93478394, 0.68322051, 0.08878544, 0.55437231, -0.46690291, 0.06759699, 0.02601592, -0.06976184, 0.00000000, 0.00000000, 0.00000000, 0.00000000
2, 5.0201, 417, -0.17106159, 0.97103626, -0.16410267, -46.03381348, -15.25800991, 31.88905907, 1.72464192, 64.54253387, 64.19175720, 58.54187775, -26.76200294, 65.64450836, 0.65182406, -0.50915325, -0.08817966, -0.55507904, 0.07244983, 0.03987770, -0.17922863, 0.00000000, 0.00000000, 0.00000000, 0.00000000
5, 5.1700, 421, 0.20261545, 0.96265185, -0.14250331, -26.89161491, 8.75474739, -3.01392078, -16.07716942, 76.23501587, -75.67962646, -60.15408325, -42.18022156, 94.05646515, 0.68229645, 0.09089284, 0.55438513, -0.46783251, 0.05422240, 0.03322649, -0.06921472, 0.00000000, 0.00000000, 0.00000000, 0.00000000
2, 5.0701, 418, -0.17008768, 0.95928609, -0.19460559, -37.83089447, -24.01729965, 8.19012547, 2.25080395, 63.08097076, 66.17948151, 59.04247665, -28.07574081, 65.68379974, 0.64444059, -0.51609612, -0.08191039, -0.55824006, 0.03119644, 0.05843732, -0.18905219, 0.00000000, 0.00000000, 0.00000000, 0.00000000
5, 5.1800, 422, 0.19775188, 0.95510995, -0.13947782, -24.96003914, 11.70452309, -5.50948381, -16.07716942, 76.23501587, -75.67962646, -60.37163925, -41.95501328, 94.15498352, 0.68146098, 0.09311336, 0.55453128, -0.46844003, 0.05056586, 0.04040005, -0.07398018, 0.00000000, 0.00000000, 0.00000000, 0.00000000
2, 5.0801, 419, -0.16821945, 0.96336251, -0.20230983, -36.24296188, -23.74267197, 3.52721834, 2.25080395, 63.08097076, 66.17948151, 58.69841385, -28.28115845, 66.08039856, 0.64326704, -0.51452506, -0.08062585, -0.56122279, 0.02505039, 0.07100081, -0.19350237, 0.00000000, 0.00000000, 0.00000000, 0.00000000
5, 5.1900, 423, 0.19385542, 0.95238686, -0.13672458, -23.00822067, 14.49322987, -7.81635666, -16.45717621, 75.67962646, -75.65039062, -60.60663223, -41.74810410, 94.23053741, 0.68071568, 0.09543261, 0.55480045, -0.46873808, 0.05001102, 0.04415335, -0.07699858, 0.00000000, 0.00000000, 0.00000000, 0.00000000
2, 5.0901, 420, -0.16292740, 0.96678466, -0.20833929, -34.31274796, -22.97691727, -0.87142855, 2.66004086, 63.51943970, 66.93949127, 58.39938736, -28.50762367, 66.44647217, 0.64194465, -0.51330775, -0.07927032, -0.56403780, 0.01661527, 0.08175753, -0.19429129, 0.00000000, 0.00000000, 0.00000000, 0.00000000
5, 5.2000, 424, 0.19325671, 0.94904947, -0.13229346, -20.81672478, 18.05036545, -10.12548923, -16.66179466, 75.47500610, -75.15346527, -60.85863876, -41.55953598, 94.27490997, 0.68009520, 0.09788778, 0.55518246, -0.46867999, 0.04717124, 0.04713553, -0.07663698, 0.00000000, 0.00000000, 0.00000000, 0.00000000
2, 5.1001, 421, -0.15744540, 0.96962941, -0.21255951, -32.23883057, -21.74519730, -5.35352230, 2.86465931, 63.11020279, 67.02718353, 58.14723587, -28.75526047, 66.77651978, 0.64049488, -0.51245737, -0.07783212, -0.56665325, 0.00835576, 0.09061798, -0.19358884, 0.00000000, 0.00000000, 0.00000000, 0.00000000
5, 5.2100, 425, 0.19791605, 0.94840229, -0.12624703, -18.41623497, 20.54256630, -12.25235271, -16.80795097, 75.21192932, -75.44577789, -61.68360901, -42.29845428, 94.36444855, 0.67992765, 0.09774885, 0.56126857, -0.46165058, 0.04107175, 0.04546775, -0.06780537, 0.00000000, 0.00000000, 0.00000000, 0.00000000
2, 5.1101, 422, -0.14942035, 0.96763939, -0.21771340, -30.41144180, -20.23277855, -9.14802551, 2.98158431, 63.46097565, 67.61180878, 60.67938614, -28.94509506, 64.78006744, 0.63802481, -0.52854383, -0.07986684, -0.55424470, -0.00456689, 0.09104165, -0.18439855, 0.00000000, 0.00000000, 0.00000000, 0.00000000
5, 5.2200, 426, 0.20727576, 0.95117450, -0.11881197, -15.99445820, 22.64505196, -14.82693005, -16.69102669, 75.44577789, -74.97807312, -61.96633148, -42.15820694, 94.36645508, 0.67950213, 0.10028850, 0.56190878, -0.46095300, 0.02945774, 0.03729858, -0.04811445, 0.00000000, 0.00000000, 0.00000000, 0.00000000
2, 5.1201, 423, -0.13967845, 0.96487498, -0.22070302, -28.59957504, -18.53921890, -12.53824329, 2.98158431, 63.46097565, 67.61180878, 60.51278687, -29.23545647, 65.02348328, 0.63648582, -0.52831477, -0.07822261, -0.55646259, -0.01778276, 0.07822343, -0.15486100, 0.00000000, 0.00000000, 0.00000000, 0.00000000
5, 5.2600, 427, 0.22141182, 0.95442784, -0.08210347, -2.55009270, 33.15434265, -27.08594894, -17.77258110, 75.00730896, -74.59806824, -63.48260880, -42.21188736, 94.24039459, 0.67868501, 0.10956252, 0.56802613, -0.45246989, 0.00558850, 0.01991372, -0.02286598, 0.00000000, 0.00000000, 0.00000000, 0.00000000
2, 5.1301, 424, -0.13017893, 0.96062380, -0.22232039, -26.78610420, -16.66129875, -15.68162251, 2.68927217, 62.90558243, 67.99181366, 60.38267517, -29.53722191, 65.22941589, 0.63490731, -0.52835524, -0.07650314, -0.55846280, -0.03198269, 0.07964484, -0.15176553, 0.00000000, 0.00000000, 0.00000000, 0.00000000
5, 5.2700, 428, 0.21547714, 0.95435154, -0.07910884, 0.69147784, 37.97212219, -30.02686310, -18.18181801, 75.85501099, -74.74422455, -63.86823273, -42.24126053, 94.10971069, 0.67886508, 0.11231352, 0.56952018, -0.44963843, 0.00143684, 0.01874488, -0.02196054, 0.00000000, 0.00000000, 0.00000000, 0.00000000
2, 5.1401, 425, -0.12226856, 0.95533782, -0.22370549, -24.96830559, -14.21082592, -18.18910980, 2.92312193, 62.75942612, 68.13796997, 60.28507233, -29.84512711, 65.39447021, 0.63334644, -0.52862668, -0.07471074, -0.56021833, -0.04555432, 0.07998811, -0.14968275, 0.00000000, 0.00000000, 0.00000000, 0.00000000
5, 5.2800, 429, 0.21324167, 0.95583129, -0.07354427, 3.98899388, 44.01300812, -33.11460495, -18.76644325, 73.69190216, -74.74422455, -64.27757263, -42.29800034, 93.92678833, 0.67924964, 0.11529879, 0.57113630, -0.44623935, -0.00190279, 0.01566756, -0.01969323, 0.00000000, 0.00000000, 0.00000000, 0.00000000
2, 5.1501, 426, -0.11631328, 0.94883275, -0.22467789, -23.25537872, -11.40489101, -20.34172440, 3.12774038, 61.59017944, 68.72259521, 60.21709824, -30.15693855, 65.51661682, 0.63183647, -0.52910447, -0.07283819, -0.56171679, -0.05820424, 0.07900603, -0.14893314, 0.00000000, 0.00000000, 0.00000000, 0.00000000
5, 5.2900, 430, 0.21514706, 0.95690739, -0.06709014, 7.64362621, 52.86241913, -36.26262665, -18.76644325, 73.69190216, -74.74422455, -64.71063995, -42.37956238, 93.66378784, 0.67993701, 0.11867623, 0.57282996, -0.44211721, -0.00705940, 0.01207892, -0.01301720, 0.00000000, 0.00000000, 0.00000000, 0.00000000
2, 5.1601, 427, -0.11229274, 0.94586754, -0.22425401, -21.57477951, -7.95262098, -22.06691742, 2.71850324, 62.70096207, 68.54721069, 62.34703445, -29.76312637, 63.53629303, 0.63303328, -0.54101002, -0.07656561, -0.54837471, -0.06436640, 0.07407381, -0.14024103, 0.00000000, 0.00000000, 0.00000000, 0.00000000
5, 5.3000, 431, 0.21772441, 0.96086788, -0.06392215, 10.60422897, 60.41953278, -38.78415680, -19.40952873, 75.85501099, -74.10114288, -65.16267395, -42.48129654, 93.33234406, 0.68087137, 0.12239289, 0.57456881, -0.43738431, -0.00822992, 0.00847121, -0.00474959, 0.00000000, 0.00000000, 0.00000000, 0.00000000
2, 5.1701, 428, -0.11291398, 0.94139290, -0.22347267, -19.89031219, -3.69958472, -23.34577370, 2.71850324, 62.70096207, 68.54721069, 62.33762741, -30.07193375, 63.54241180, 0.63183290, -0.54182082, -0.07446604, -0.54924697, -0.06245099, 0.05700442, -0.12218521, 0.00000000, 0.00000000, 0.00000000, 0.00000000
5, 5.3100, 432, 0.22401054, 0.96266782, -0.06518291, 13.51321888, 67.91520691, -40.93843842, -19.90645981, 76.00116730, -74.68576050, -65.39698792, -42.55361557, 92.73454285, 0.68298310, 0.12634170, 0.57506049, -0.43229330, -0.00823796, 0.00909264, 0.00698080, 0.00000000, 0.00000000, 0.00000000, 0.00000000
2, 5.1801, 429, -0.11821191, 0.93996543, -0.22001924, -17.42928505, 3.80307937, -24.54227829, 3.39082146, 61.50248337, 68.54721069, 62.35934830, -30.36598396, 63.45910645, 0.63096803, -0.54281479, -0.07219132, -0.54956335, -0.06221501, 0.05581976, -0.12354982, 0.00000000, 0.00000000, 0.00000000, 0.00000000
5, 5.3200, 433, 0.23396529, 0.96850514, -0.06346000, 16.33398438, 75.43615723, -42.72294998, -20.78339577, 76.00116730, -74.36421967, -65.87336731, -42.69133377, 92.25936890, 0.68441349, 0.13072877, 0.57679194, -0.42637917, -0.00806015, 0.00421642, 0.02116090, 0.00000000, 0.00000000, 0.00000000, 0.00000000
2, 5.1901, 430, -0.12008959, 0.94197208, -0.21840453, -15.45068741, 10.92458248, -25.44095802, 2.25080395, 62.64250183, 69.04413605, 62.40671539, -30.64632797, 63.29267883, 0.63043082, -0.54395556, -0.06973609, -0.54936904, -0.06337886, 0.05807350, -0.12138434, 0.00000000, 0.00000000, 0.00000000, 0.00000000
5, 5.3300, 434, 0.24565826, 0.97110295, -0.06271815, 19.10569954, 82.63916016, -44.33915710, -20.49108505, 75.47500610, -74.68576050, -66.35731506, -42.84745026, 91.71309662, 0.68607712, 0.13542342, 0.57848835, -0.41989291, -0.01028937, 0.00270607, 0.03927056, 0.00000000, 0.00000000, 0.00000000, 0.00000000
2, 5.2001, 431, -0.12232885, 0.94483209, -0.21641140, -13.09625530, 18.33792114, -26.44511223, 2.42619109, 61.41479111, 68.72259521, 62.48494339, -30.91091347, 63.03773499, 0.63022971, -0.54526454, -0.06711106, -0.54862857, -0.06343867, 0.06037001, -0.11853060, 0.00000000, 0.00000000, 0.00000000, 0.00000000
5, 5.3400, 435, 0.25756145, 0.96874082, -0.05794449, 21.76979256, 90.00609589, -45.56451416, -20.49108505, 75.47500610, -74.68576050, -66.84394836, -43.02016830, 91.09152222, 0.68797910, 0.14043283, 0.58011043, -0.41283822, -0.01902696, 0.00187014, 0.05690400, 0.00000000, 0.00000000, 0.00000000, 0.00000000
2, 5.2101, 432, -0.12554070, 0.94885969, -0.21439642, -10.43797302, 25.76720428, -27.52226830, 1.66617942, 62.11634064, 68.51797485, 64.29672241, -30.50879860, 61.13158798, 0.63214409, -0.55531281, -0.06925017, -0.53593463, -0.05951802, 0.05898541, -0.11033858, 0.00000000, 0.00000000, 0.00000000, 0.00000000
5, 5.4200, 436, 0.43801075, 1.07171202, -0.04465492, 33.76430893, 85.64283752, -55.46054840, -28.06196976, 77.22888184, -75.91347504, -66.81908417, -43.41864395, 82.03501892, 0.71882737, 0.18333545, 0.56870824, -0.35531154, 0.01297320, -0.08657539, 0.24472183, 0.00000000, 0.00000000, 0.00000000, 0.00000000
2, 5.2201, 433, -0.13415185, 0.94874209, -0.20278558, -7.61845446, 33.69863892, -28.77001572, 1.66617942, 62.11634064, 68.51797485, 64.44678497, -30.72633743, 60.68350601, 0.63264769, -0.55696124, -0.06630496, -0.53399885, -0.04380417, 0.03919994, -0.09275489, 0.00000000, 0.00000000, 0.00000000, 0.00000000
5, 5.4300, 437, 0.49390471, 1.12972116, -0.04618109, 35.14685059, 75.64903259, -55.82150650, -28.88044357, 77.57965088, -76.84887695, -67.36289215, -43.78273010, 81.56166840, 0.71972477, 0.18700035, 0.57104319, -0.34775981, 0.04153550, -0.12916146, 0.31343901, 0.00000000, 0.00000000, 0.00000000, 0.00000000
2, 5.2301, 434, -0.13633841, 0.94977731, -0.18863407, -5.26256800, 43.28049850, -30.39530373, 2.42619109, 62.23326492, 68.78105927, 64.63352203, -30.92589569, 60.12204361, 0.63355947, -0.55881047, -0.06308837, -0.53136921, -0.03777169, 0.03048340, -0.08353038, 0.00000000, 0.00000000, 0.00000000, 0.00000000
5, 5.4400, 438, 0.51291376, 1.18203509, -0.04217051, 38.19609833, 64.52752686, -56.49346542, -28.88044357, 77.57965088, -76.84887695, -67.90048218, -44.20219421, 81.18946838, 0.72032636, 0.18982032, 0.57368660, -0.34056109, 0.06645165, -0.17204714, 0.34465003, 0.00000000, 0.00000000, 0.00000000, 0.00000000
2, 5.2401, 435, -0.13437778, 0.94894528, -0.17386012, -3.46000266, 53.92303467, -32.19438171, 0.90616781, 62.35018921, 68.13796997, 64.85422516, -31.10972214, 59.43730164, 0.63491976, -0.56084985, -0.05951694, -0.52799827, -0.03504134, 0.01966132, -0.07159233, 0.00000000, 0.00000000, 0.00000000, 0.00000000
5, 5.4500, 439, 0.45515302, 1.19963324, -0.02158531, 41.13936996, 51.30598450, -59.70281982, -29.69891739, 78.28120422, -76.49810028, -68.46885681, -44.68729782, 80.96380615, 0.72046423, 0.19173503, 0.57686639, -0.33375788, 0.06516413, -0.20155370, 0.29548007, 0.00000000, 0.00000000, 0.00000000, 0.00000000
2, 5.2601, 436, -0.10457747, 0.95911878, -0.16483848, -0.02609723, 74.25379181, -33.82697678, -0.43846828, 62.58403778, 67.23180389, 65.81714630, -30.87974358, 57.09775162, 0.64171934, -0.56683278, -0.05394542, -0.51379651, -0.04943415, 0.01816857, -0.03191858, 0.00000000, 0.00000000, 0.00000000, 0.00000000
5, 5.4600, 440, 0.37226179, 1.18876803, -0.01107879, 42.26665497, 34.89153290, -64.78787994, -30.19584846, 78.51505280, -77.08272552, -67.72716522, -43.89478302, 79.80342865, 0.72444147, 0.19740406, 0.56962156, -0.33428642, 0.05865376, -0.20175923, 0.21523833, 0.00000000, 0.00000000, 0.00000000, 0.00000000
2, 5.2701, 437, -0.10205977, 0.96790379, -0.14233759, 1.62785721, 86.79197693, -33.90679169, -0.43846828, 62.58403778, 67.23180389, 66.10088348, -30.97549820, 56.05742645, 0.64457941, -0.56910777, -0.04940187, -0.50812709, -0.03133139, 0.00237419, -0.00720086, 0.00000000, 0.00000000, 0.00000000, 0.00000000
5, 5.4700, 441, 0.31976673, 1.18977213, -0.00049820, 41.32416916, 26.62081146, -68.86380768, -30.80970383, 78.39812469, -77.28733826, -68.41889191, -44.45996094, 79.89776611, 0.72343808, 0.19807670, 0.57402283, -0.32848254, 0.06398841, -0.20627156, 0.15610662, 0.00000000, 0.00000000, 0.00000000, 0.00000000
2, 5.2801, 438, -0.10293637, 0.97082514, -0.12361411, 1.70043766, 97.75693512, -34.70468521, -0.55539316, 61.91172028, 67.78719330, 66.39497375, -31.05319214, 54.90250778, 0.64790440, -0.57140619, -0.04441994, -0.50173879, -0.02117594, -0.00984388, 0.00733408, 0.00000000, 0.00000000, 0.00000000, 0.00000000
5, 5.4800, 442, 0.30517444, 1.19889820, 0.00762763, 40.87879562, 24.92368507, -70.16047668, -31.39432907, 78.98274994, -78.51505280, -69.13861847, -45.02764130, 80.03307343, 0.72227788, 0.19869126, 0.57851458, -0.32273418, 0.05908827, -0.22170189, 0.15247063, 0.00000000, 0.00000000, 0.00000000, 0.00000000
2, 5.2901, 439, -0.10105881, 0.97673631, -0.10533926, 1.09185004, 109.93437195, -36.26743317, -2.66004086, 61.79479599, 66.64717865, 66.69941711, -31.11956215, 53.61933517, 0.65170634, -0.57373595, -0.03887787, -0.49456495, -0.01149996, -0.01978067, 0.02517327, 0.00000000, 0.00000000, 0.00000000, 0.00000000
5, 5.4900, 443, 0.30244330, 1.19453144, 0.00852211, 41.17974091, 25.47224808, -68.22336578, -32.70973206, 78.89505768, -78.71967316, -69.83973694, -45.58960342, 80.15602875, 0.72118866, 0.19926731, 0.58283925, -0.31698263, 0.04888860, -0.22253211, 0.15995826, 0.00000000, 0.00000000, 0.00000000, 0.00000000
2, 5.3001, 440, -0.09898664, 0.98149568, -0.09654171, 0.60288107, 121.45681000, -38.69558716, -2.86465931, 61.59017944, 66.38409424, 67.02193451, -31.18000221, 52.20947647, 0.65589356, -0.57613599, -0.03277057, -0.48661801, -0.00714696, -0.02396583, 0.03798921, 0.00000000, 0.00000000, 0.00000000, 0.00000000
5, 5.5000, 444, 0.28770110, 1.17066896, -0.00125673, 40.69341660, 25.34459686, -64.50467682, -32.70973206, 78.89505768, -78.71967316, -70.50154114, -46.13419342, 80.26096344, 0.72021037, 0.19977269, 0.58689028, -0.31136444, 0.03506940, -0.20203203, 0.15428053, 0.00000000, 0.00000000, 0.00000000, 0.00000000
2, 5.3101, 441, -0.07391246, 0.98472577, -0.10094988, 0.78636605, 130.03031921, -41.39294434, -4.70622635, 62.20403290, 66.17948151, 66.53401184, -30.93015289, 50.91451645, 0.66473526, -0.57318240, -0.02594092, -0.47845185, -0.02527109, -0.01945378, 0.05675907, 0.00000000, 0.00000000, 0.00000000, 0.00000000
5, 5.5100, 445, 0.26141182, 1.14140892, -0.01402020, 38.73256683, 23.96562195, -59.23723984, -32.94358444, 78.83659363, -78.28120422, -70.21662140, -45.39842606, 79.54802704, 0.72203040, 0.20582357, 0.58207053, -0.31225434, 0.02545379, -0.17281535, 0.13235475, 0.00000000, 0.00000000, 0.00000000, 0.00000000
2, 5.3201, 442, -0.05409357, 0.99301726, -0.08482662, 1.59483445, 134.81039429, -42.74354553, -4.70622635, 62.20403290, 66.17948151, 66.89243317, -30.99318504, 49.35103226, 0.66917080, -0.57569075, -0.01915053, -0.46949339, -0.02464183, -0.02479457, 0.07865425, 0.00000000, 0.00000000, 0.00000000, 0.00000000
5, 5.5200, 446, 0.23315690, 1.11179674, -0.02077028, 36.35123825, 23.58745384, -53.73027039, -33.44051361, 78.54428101, -79.42121887, -70.75688171, -45.87067032, 79.60150909, 0.72131419, 0.20625958, 0.58542109, -0.30731928, 0.01947107, -0.14161730, 0.09932172, 0.00000000, 0.00000000, 0.00000000, 0.00000000
2, 5.3301, 443, -0.01232757, 0.99229419, -0.09305695, 2.62891126, 134.67761230, -43.43788147, -5.52470016, 61.47325134, 65.94563293, 67.26734161, -31.04630470, 47.78046417, 0.67346025, -0.57819396, -0.01239660, -0.46042314, -0.05960269, -0.02119043, 0.10885401, 0.00000000, 0.00000000, 0.00000000, 0.00000000
5, 5.5300, 447, 0.20545420, 1.09036732, -0.02881806, 34.07172012, 25.24785042, -47.49249268, -34.02513885, 79.07044983, -79.01198578, -71.22647095, -46.29921341, 79.59967804, 0.72083622, 0.20677744, 0.58827597, -0.30260488, 0.00905388, -0.12372933, 0.07826120, 0.00000000, 0.00000000, 0.00000000, 0.00000000
2, 5.3401, 444, -0.02855440, 0.99668884, -0.08171126, 5.75664520, 131.75752258, -42.91176605, -6.25548077, 61.23940277, 65.33177185, 67.66661835, -31.07188606, 46.23067474, 0.67751360, -0.58071285, -0.00597090, -0.45134512, -0.04083690, -0.02797037, 0.11076424, 0.00000000, 0.00000000, 0.00000000, 0.00000000
5, 5.5400, 448, 0.18455745, 1.07395625, -0.03533099, 31.51062965, 28.22027016, -40.86933517, -34.90207672, 78.48582458, -79.94738007, -71.61772156, -46.67889786, 79.52390289, 0.72064877, 0.20745976, 0.59057575, -0.29807085, 0.00063521, -0.11040249, 0.06312787, 0.00000000, 0.00000000, 0.00000000, 0.00000000
2, 5.4001, 445, -0.08523075, 1.15772641, -0.11027506, 41.10763931, 94.14134979, -64.32462311, -11.45863724, 60.62554932, 61.29786682, 69.27066040, -30.17885590, 37.55065155, 0.70452356, -0.58849406, 0.02617419, -0.39577308, 0.07853606, 0.09091537, 0.15434986, 0.00000000, 0.00000000, 0.00000000, 0.00000000
5, 5.5500, 449, 0.17172149, 1.06220222, -0.04481559, 29.02688599, 30.67160416, -34.27711105, -34.90207672, 78.48582458, -79.94738007, -71.92858124, -47.01191330, 79.37690735, 0.72074360, 0.20827195, 0.59234071, -0.29374141, -0.00293428, -0.09827925, 0.05554036, 0.00000000, 0.00000000, 0.00000000, 0.00000000
2, 5.4101, 446, -0.06526875, 1.17904902, -0.11128981, 48.27193451, 78.03469086, -63.31576920, -11.45863724, 60.62554932, 61.29786682, 68.59957886, -29.99223900, 36.79858780, 0.71114999, -0.58397442, 0.03101796, -0.39022744, 0.07537322, 0.10364565, 0.18529542, 0.00000000, 0.00000000, 0.00000000, 0.00000000
5, 5.5600, 450, 0.17233950, 1.05323803, -0.05319588, 26.64110756, 32.46934128, -27.26355743, -35.36977386, 78.42736053, -80.32739258, -71.66983032, -46.45904541, 78.69469452, 0.72251171, 0.21330568, 0.58836883, -0.29376808, -0.00408459, -0.08665042, 0.05806743, 0.00000000, 0.00000000, 0.00000000, 0.00000000
2, 5.4201, 447, -0.07541908, 1.25622642, -0.11702095, 55.58181763, 59.77577972, -60.90069199, -11.95556831, 61.56094742, 60.83016586, 69.53942108, -29.93775368, 35.71990204, 0.71015733, -0.58945042, 0.03298643, -0.38358420, 0.12052860, 0.16236086, 0.20985766, 0.00000000, 0.00000000, 0.00000000, 0.00000000
5, 5.5700, 451, 0.18202160, 1.05375326, -0.04775044, 23.02806854, 32.98410797, -19.47628593, -35.54516220, 78.95352173, -80.56124115, -71.80304718, -46.68716431, 78.41817474, 0.72315222, 0.21427159, 0.58904743, -0.29010633, -0.00443635, -0.08686581, 0.06348103, 0.00000000, 0.00000000, 0.00000000, 0.00000000
2, 5.4301, 448, -0.06685563, 1.27375066, -0.07445823, 62.79337311, 42.56583786, -60.72679901, -12.83250523, 61.56094742, 59.69014740, 70.53980255, -29.85792351, 34.79020691, 0.70833170, -0.59530216, 0.03391245, -0.37779832, 0.14545648, 0.13900730, 0.25971541, 0.00000000, 0.00000000, 0.00000000, 0.00000000
5, 5.5800, 452, 0.19662346, 1.05703986, -0.04657933, 19.37806129, 32.01455688, -12.26723766, -35.54516220, 78.19351196, -80.64893341, -71.85326385, -46.86076355, 78.10295105, 0.72398871, 0.21522497, 0.58923411, -0.28691763, -0.00730305, -0.09211639, 0.07983644, 0.00000000, 0.00000000, 0.00000000, 0.00000000
2, 5.4401, 449, -0.06671248, 1.28061187, -0.06210408, 70.52991486, 29.50005341, -61.06902313, -13.62174797, 61.09324646, 58.87167358, 71.60791779, -29.74634171, 33.96620941, 0.70580775, -0.60156173, 0.03394401, -0.37256780, 0.15643197, 0.12911355, 0.28406012, 0.00000000, 0.00000000, 0.00000000, 0.00000000
5, 5.5900, 453, 0.22404937, 1.06099927, -0.04252137, 14.04600906, 30.68956757, -3.90604973, -35.77901077, 79.07044983, -80.67816162, -71.81237793, -46.96074295, 77.74956512, 0.72502315, 0.21621701, 0.58884287, -0.28435165, -0.01269252, -0.09935945, 0.10744785, 0.00000000, 0.00000000, 0.00000000, 0.00000000
2, 5.4501, 450, -0.06584501, 1.30195558, -0.04861721, 76.94033813, 17.25619888, -62.17373657, -14.08944702, 60.88862991, 58.11166382, 72.73802948, -29.61763382, 33.23992538, 0.70259631, -0.60820246, 0.03323761, -0.36789072, 0.17504689, 0.12841742, 0.31777716, 0.00000000, 0.00000000, 0.00000000, 0.00000000
5, 5.6000, 454, 0.23713394, 1.05899930, -0.06416901, 10.27186966, 30.15701294, 5.38307714, -35.77901077, 79.07044983, -80.67816162, -71.65986633, -46.99730301, 77.33435822, 0.72636515, 0.21717627, 0.58781880, -0.28230703, -0.00071501, -0.08426761, 0.12129739, 0.00000000, 0.00000000, 0.00000000, 0.00000000
2, 5.4601, 451, -0.05873597, 1.28787065, -0.02036627, 81.42569733, 7.19070387, -62.70772552, -14.08944702, 60.88862991, 58.11166382, 70.71803284, -30.02574348, 33.87352371, 0.70987123, -0.59624422, 0.03926220, -0.37287304, 0.17705189, 0.09702152, 0.33521551, 0.00000000, 0.00000000, 0.00000000, 0.00000000
5, 5.6300, 455, 0.22967343, 0.98613191, -0.01863058, 1.54371536, 33.85404968, 42.94792938, -35.66208649, 78.16427612, -81.11663055, -69.36913300, -45.85087967, 74.79714966, 0.73628920, 0.22182496, 0.57278633, -0.28388011, -0.06925088, -0.05766680, 0.07463953, 0.00000000, 0.00000000, 0.00000000, 0.00000000
2, 5.4701, 452, -0.04339297, 1.26269245, 0.00161788, 84.00999451, 0.98175341, -62.14459610, -14.61560917, 60.56708527, 57.00087738, 71.91541290, -29.89936447, 33.28099442, 0.70592326, -0.60335153, 0.03761050, -0.36908647, 0.16036913, 0.07144184, 0.32777083, 0.00000000, 0.00000000, 0.00000000, 0.00000000
5, 5.6400, 456, 0.32866681, 1.00985527, -0.00882858, -4.03401804, 30.21899796, 55.34076691, -35.63285446, 79.01198578, -81.11663055, -68.62819672, -45.57497025, 74.03135681, 0.73947716, 0.22239439, 0.56832963, -0.28410509, -0.07032786, -0.08189031, 0.16499203, 0.00000000, 0.00000000, 0.00000000, 0.00000000
2, 5.4801, 453, -0.03207710, 1.24192023, 0.02083600, 84.73921967, -4.50417089, -60.71403122, -15.20023346, 60.07015610, 56.21163177, 73.10554504, -29.76209450, 32.75151443, 0.70175058, -0.61040193, 0.03565251, -0.36562899, 0.15361360, 0.03648921, 0.35183001, 0.00000000, 0.00000000, 0.00000000, 0.00000000
5, 5.6500, 457, 0.46914867, 1.02515614, 0.00297817, -11.43803406, 24.77930260, 68.25714874, -35.63285446, 79.01198578, -81.11663055, -67.76544189, -45.18968582, 73.25992584, 0.74288744, 0.22274402, 0.56306684, -0.28541043, -0.08269725, -0.10083544, 0.29364330, 0.00000000, 0.00000000, 0.00000000, 0.00000000
2, 5.4901, 454, -0.01882306, 1.21339631, 0.04223002, 82.57714081, -9.02035522, -58.20970154, -15.40485191, 59.42706680, 56.00701523, 74.25597382, -29.62573051, 32.28913498, 0.69748491, -0.61720395, 0.03353900, -0.36255950, 0.14276904, -0.00505862, 0.37423250, 0.00000000, 0.00000000, 0.00000000, 0.00000000
5, 5.6600, 458, 0.60637313, 1.01439250, 0.00067238, -21.25254631, 17.47782516, 82.42170715, -34.69745636, 76.87810516, -81.58432770, -61.90869904, -42.32117462, 70.09777832, 0.76135546, 0.21491154, 0.52889842, -0.30727446, -0.09297505, -0.09075293, 0.39913461, 0.00000000, 0.00000000, 0.00000000, 0.00000000
2, 5.5001, 455, -0.00467496, 1.18511641, 0.05901651, 78.26214600, -11.35944843, -54.17091751, -16.31101990, 59.48553085, 55.62701035, 75.33652496, -29.49077988, 31.88710403, 0.69332260, -0.62357283, 0.03138986, -0.35982716, 0.12909389, -0.04259509, 0.39434659, 0.00000000, 0.00000000, 0.00000000, 0.00000000
5, 5.6700, 459, 0.71542925, 0.99833882, -0.01118244, -31.45955276, 2.07799959, 99.36014557, -34.63899231, 79.59661102, -81.64279175, -60.86999893, -41.63473511, 69.54160309, 0.76468164, 0.21419539, 0.52173442, -0.31172988, -0.07911046, -0.07096666, 0.44126350, 0.00000000, 0.00000000, 0.00000000, 0.00000000
2, 5.5101, 456, 0.00006873, 1.15610063, 0.07522009, 72.20346069, -11.86321640, -48.92070770, -16.31101990, 59.48553085, 55.62701035, 71.67289734, -30.26870155, 33.60874557, 0.70496428, -0.60222423, 0.03922719, -0.37257573, 0.11796182, -0.07285453, 0.38967890, 0.00000000, 0.00000000, 0.00000000, 0.00000000
5, 5.6800, 460, 0.78576267, 1.02872574, -0.00540622, -35.64590454, -35.92114258, 117.45341492, -33.58666992, 79.71353149, -81.35047913, -59.62788010, -40.93732834, 69.24938965, 0.76768827, 0.21090077, 0.51433796, -0.31879792, -0.06271882, -0.09745200, 0.49589220, 0.00000000, 0.00000000, 0.00000000, 0.00000000
2, 5.5201, 457, 0.00163767, 1.12685812, 0.09137129, 63.35116196, -9.97265625, -41.53235245, -16.45717621, 58.05319977, 54.57468414, 72.53625488, -30.15874100, 33.29690933, 0.70176923, -0.60734487, 0.03731409, -0.37048599, 0.10182630, -0.08962108, 0.34810600, 0.00000000, 0.00000000, 0.00000000, 0.00000000
5, 5.6900, 461, 0.87193841, 1.06529379, 0.01283240, -36.69685745, -85.49140167, 131.84843445, -32.32972717, 79.85968781, -80.38584900, -58.19167328, -40.31337357, 69.32736969, 0.76999587, 0.20420936, 0.50729167, -0.32872489, -0.05392065, -0.13945480, 0.56348550, 0.00000000, 0.00000000, 0.00000000, 0.00000000
2, 5.5301, 458, -0.01190117, 1.10750413, 0.11937416, 52.04078293, -3.82736373, -33.68285370, -17.21718788, 59.92399979, 54.45775986, 73.23983765, -30.05053139, 33.00358200, 0.69931686, -0.61148280, 0.03586090, -0.36845446, 0.11738975, -0.12742987, 0.35363227, 0.00000000, 0.00000000, 0.00000000, 0.00000000
5, 5.7000, 462, 0.95863521, 1.10223997, 0.03812333, -39.20182037, -125.52233124, 144.45632935, -30.95586014, 79.59661102, -79.68430328, -56.58951187, -39.74182129, 69.70555115, 0.77162731, 0.19478638, 0.50035781, -0.34101573, -0.05081841, -0.18899336, 0.62940860, 0.00000000, 0.00000000, 0.00000000, 0.00000000
2, 5.5401, 459, -0.03504138, 1.09197140, 0.15347482, 41.22462082, 7.91931248, -25.94746780, -17.01256943, 57.93627548, 54.01929092, 73.78758240, -29.92692566, 32.67329407, 0.69783574, -0.61464411, 0.03502449, -0.36607549, 0.14486787, -0.16612616, 0.35518029, 0.00000000, 0.00000000, 0.00000000, 0.00000000
5, 5.7100, 463, 1.03278303, 1.16518784, 0.05364370, -39.69017792, -151.03529358, 158.82170105, -30.95586014, 79.59661102, -79.68430328, -51.23216629, -36.36462784, 68.18398285, 0.78507501, 0.18244404, 0.46325028, -0.36847085, -0.01204051, -0.25466055, 0.67002612, 0.00000000, 0.00000000, 0.00000000, 0.00000000
2, 5.5501, 460, -0.03562479, 1.09753048, 0.19321704, 27.77075195, 25.63073158, -18.62020302, -17.74334908, 58.84244156, 53.78544235, 74.15929413, -29.79166603, 32.25313187, 0.69760036, -0.61669976, 0.03517351, -0.36304018, 0.16985390, -0.19320448, 0.38359869, 0.00000000, 0.00000000, 0.00000000, 0.00000000
5, 5.8200, 464, 1.05319488, 0.71402407, -0.24050042, -8.42428684, -177.64994812, 290.05874634, -7.62934828, 74.42268372, -80.26892853, -19.24028397, -25.51269913, 69.76745605, 0.80991983, 0.00919789, 0.27179912, -0.51968306, 0.08396370, -0.04508707, 0.28701246, 0.00000000, 0.00000000, 0.00000000, 0.00000000
2, 5.5601, 461, -0.01567877, 1.11872423, 0.21427037, 12.11866951, 46.30954361, -12.02077103, -17.74334908, 58.84244156, 53.78544235, 69.00526428, -31.25504494, 34.08525085, 0.71406353, -0.58661354, 0.05237141, -0.37849054, 0.17280594, -0.18560305, 0.40430295, 0.00000000, 0.00000000, 0.00000000, 0.00000000
5, 5.8300, 465, 0.95043045, 0.62999415, -0.26375496, -9.82665539, -189.07615662, 285.94851685, -4.73545742, 73.63343811, -80.94124603, -16.06079102, -24.81459236, 70.14531708, 0.80871934, -0.01058853, 0.25251994, -0.53112602, 0.06922428, -0.01331008, 0.15844963, 0.00000000, 0.00000000, 0.00000000, 0.00000000
2, 5.5701, 462, 0.07340322, 1.13048220, 0.18799078, -4.33032751, 61.66179276, -5.12596083, -17.59719276, 56.53317642, 53.17158508, 69.01585388, -31.18823624, 33.46319580, 0.71626890, -0.58633870, 0.05505174, -0.37434644, 0.08566529, -0.13084677, 0.40673950, 0.00000000, 0.00000000, 0.00000000, 0.00000000
5, 5.8400, 466, 0.89110458, 0.56742442, -0.31029728, -11.91212559, -198.73397827, 280.46948242, -1.43232965, 70.62262726, -81.70125580, -12.89425659, -24.23516273, 70.61828613, 0.80644113, -0.03097394, 0.23367378, -0.54230070, 0.07844747, 0.01703179, 0.08053988, 0.00000000, 0.00000000, 0.00000000, 0.00000000
2, 5.6701, 463, 0.88720554, 1.70509970, 0.23583059, -19.17000389, -164.99974060, 201.79663086, -12.74481106, 62.11634064, 55.68547058, 51.44128799, -19.48670959, 51.26811218, 0.76875818, -0.45158595, -0.04758154, -0.45035225, -0.00829943, 0.30258882, 1.01805365, 0.00000000, 0.00000000, 0.00000000, 0.00000000
5, 5.8500, 467, 0.85140735, 0.57329500, -0.35579202, -12.32713318, -211.78439331, 272.52233887, 1.11078632, 70.12569427, -82.57819366, -9.72381687, -23.82544136, 71.16413879, 0.80308408, -0.05223302, 0.21552877, -0.55305970, 0.12827285, -0.00471033, 0.03179449, 0.00000000, 0.00000000, 0.00000000, 0.00000000
2, 5.6801, 464, 0.93009102, 1.76697838, 0.23997141, -10.32187748, -174.37278748, 233.01541138, -10.69862556, 63.16866302, 56.21163177, 50.37204742, -17.49616814, 53.47561264, 0.76964974, -0.43755561, -0.06631993, -0.46020231, 0.02468550, 0.34622318, 1.06092274, 0.00000000, 0.00000000, 0.00000000, 0.00000000
5, 5.8600, 468, 0.84057629, 0.62585437, -0.36467785, -8.46712971, -221.37820435, 262.85055542, 1.11078632, 70.12569427, -82.57819366, -7.88054085, -25.15900230, 72.48027802, 0.79417199, -0.07435650, 0.21489377, -0.56354493, 0.17008625, -0.08196788, 0.01976599, 0.00000000, 0.00000000, 0.00000000, 0.00000000
2, 5.6901, 465, 0.90417510, 1.75058067, 0.33185118, -3.13872051, -183.46488953, 263.92340088, -8.12627888, 64.04560089, 57.41011429, 49.30994034, -15.16220760, 55.73560715, 0.77068949, -0.42159784, -0.08728955, -0.46975905, 0.11763363, 0.27232373, 1.05973959, 0.00000000, 0.00000000, 0.00000000, 0.00000000
5, 5.8700, 469, 0.80750674, 0.65591443, -0.33110985, -2.29728341, -220.83354187, 251.72602844, 3.88775206, 65.53639221, -83.98129272, -4.77331209, -25.01268578, 72.97199249, 0.78960633, -0.09596656, 0.19812819, -0.57276303, 0.15436226, -0.16143209, -0.01047772, 0.00000000, 0.00000000, 0.00000000, 0.00000000
2, 5.7001, 466, 0.93416655, 1.73686194, 0.30818254, -2.66311598, -187.29173279, 289.42535400, -8.12627888, 64.04560089, 57.41011429, 48.23322296, -12.56737614, 58.00861740, 0.77176619, -0.40364149, -0.10955825, -0.47900701, 0.11978896, 0.28271323, 1.04117322, 0.00000000, 0.00000000, 0.00000000, 0.00000000
5, 5.8800, 470, 0.70601791, 0.61995792, -0.28483415, 1.50987113, -216.70796204, 237.84262085, 5.64162540, 66.82256317, -85.17977142, -1.76840246, -24.95785522, 73.41492462, 0.78465819, -0.11706305, 0.18221664, -0.58086562, 0.11114807, -0.21457739, -0.12308732, 0.00000000, 0.00000000, 0.00000000, 0.00000000
2, 5.7101, 467, 1.02758920, 1.78286183, 0.24749698, 2.36942387, -183.94238281, 314.36853027, -5.05700064, 65.03945923, 57.79011917, 44.26692963, -9.51600933, 58.81468964, 0.78882897, -0.36481550, -0.11742517, -0.48048937, 0.09410461, 0.37140772, 1.07006919, 0.00000000, 0.00000000, 0.00000000, 0.00000000
5, 5.8900, 471, 0.58849639, 0.56035995, -0.25045475, -0.56420118, -213.77178955, 220.58819580, 7.95089149, 63.46097565, -85.61824036, 1.08668208, -25.01981354, 73.86255646, 0.77910972, -0.13754497, 0.16757695, -0.58820695, 0.06100489, -0.24043080, -0.24921179, 0.00000000, 0.00000000, 0.00000000, 0.00000000
2, 5.7201, 468, 1.10597587, 1.83854198, 0.22630771, 13.86771965, -181.49180603, 337.37878418, -1.43232965, 65.41946411, 58.87167358, 43.32114792, -6.25702286, 60.73265076, 0.79050672, -0.34363642, -0.14255199, -0.48651028, 0.11160850, 0.45757401, 1.09725451, 0.00000000, 0.00000000, 0.00000000, 0.00000000
5, 5.9000, 472, 0.48808318, 0.50061721, -0.22008315, -7.51229334, -207.30703735, 198.94064331, 9.38322163, 62.64250183, -87.54750061, 3.71441865, -25.20298576, 74.34922791, 0.77292305, -0.15695941, 0.15463385, -0.59501445, 0.00949258, -0.26033753, -0.35490137, 0.00000000, 0.00000000, 0.00000000, 0.00000000
2, 5.7301, 469, 1.19763625, 1.87723756, 0.17218421, 26.43207741, -177.33961487, 361.77832031, 2.83542824, 66.47179413, 59.74861145, 42.44572830, -2.70588112, 62.51319122, 0.79221869, -0.32078746, -0.16896223, -0.49085307, 0.09844776, 0.53044677, 1.13893008, 0.00000000, 0.00000000, 0.00000000, 0.00000000
5, 5.9100, 473, 0.41807339, 0.45689207, -0.20006447, -17.71090698, -188.16645813, 176.25204468, 9.38322163, 62.64250183, -87.54750061, 1.37328875, -28.23052788, 76.30126190, 0.76078612, -0.15977673, 0.18458633, -0.60133505, -0.03972609, -0.26160380, -0.42155069, 0.00000000, 0.00000000, 0.00000000, 0.00000000
2, 5.7401, 470, 1.18173301, 1.90057552, 0.08596416, 38.51955414, -171.66160583, 386.79519653, 6.78164291, 66.53025055, 59.28091049, 41.62046432, 1.13296187, 64.14895630, 0.79390544, -0.29612201, -0.19647975, -0.49337780, 0.14346710, 0.61708260, 1.08433068, 0.00000000, 0.00000000, 0.00000000, 0.00000000
5, 5.9700, 474, 0.55425030, 0.88854575, -0.03773108, -72.38825226, -55.27795792, 70.15683746, 13.24174213, 56.18240356, -91.34755707, -0.67593199, -30.86918449, 84.29280090, 0.71573400, -0.17436707, 0.20113543, -0.64565128, 0.04150186, -0.61358792, -0.22610627, 0.00000000, 0.00000000, 0.00000000, 0.00000000
2, 5.7501, 471, 1.17310357, 1.84192085, 0.08295912, 47.35794449, -172.64874268, 408.86730957, 6.78164291, 66.53025055, 59.28091049, 40.86207962, 5.22728586, 65.71482086, 0.79499787, -0.26974571, -0.22509226, -0.49451929, 0.18869361, 0.58921421, 1.03986883, 0.00000000, 0.00000000, 0.00000000, 0.00000000
5, 5.9800, 475, 0.48883259, 1.42519271, -0.38784221, -68.42670441, -61.33643723, 48.10696030, 13.41712952, 55.42238998, -91.40602112, -0.46852392, -30.98315239, 85.20169830, 0.71007824, -0.17789234, 0.19927172, -0.65148592, 0.66609287, -0.77171910, -0.20971476, 0.00000000, 0.00000000, 0.00000000, 0.00000000
2, 5.7601, 472, 1.08900440, 1.73891056, 0.07814776, 48.35839844, -174.02713013, 430.91439819, 11.51710033, 66.23793793, 59.57322311, 38.88332748, 6.48693848, 63.02710724, 0.81246281, -0.25541535, -0.21918461, -0.47605199, 0.25508314, 0.53728950, 0.91896653, 0.00000000, 0.00000000, 0.00000000, 0.00000000
5, 5.9900, 476, 0.22413278, 1.99799407, -0.98272383, -33.91575623, -81.86193085, 25.88421249, 13.62174797, 54.57468414, -92.01987457, -0.03529676, -31.40409660, 85.71055603, 0.70577407, -0.18385451, 0.19859704, -0.65470582, 1.51467299, -0.79103756, -0.36181590, 0.00000000, 0.00000000, 0.00000000, 0.00000000
2, 5.7701, 473, 0.93835568, 1.62348211, 0.07708821, 42.14862442, -177.84451294, 446.84094238, 16.34025192, 66.44255829, 58.95936966, 38.06150055, 10.97050381, 64.49761200, 0.81248498, -0.22629350, -0.24962124, -0.47576135, 0.34096742, 0.48270747, 0.73986453, 0.00000000, 0.00000000, 0.00000000, 0.00000000
5, 6.0000, 477, 0.29561317, 2.02325082, -0.80842149, 11.92579079, -97.84616852, 31.31669617, 13.82636642, 53.69775009, -93.15989685, 0.87132627, -31.90722656, 85.70482635, 0.70343047, -0.19228908, 0.19652332, -0.65543050, 1.38828993, -0.93909740, -0.30070212, 0.00000000, 0.00000000, 0.00000000, 0.00000000
2, 5.7801, 474, 0.77793264, 1.53759396, 0.01613626, 40.92865753, -178.68928528, 461.05340576, 20.95878410, 65.30254364, 58.52090073, 37.27328491, 15.59399796, 65.94494629, 0.81118751, -0.19565356, -0.28015578, -0.47456032, 0.45984578, 0.48558760, 0.55736005, 0.00000000, 0.00000000, 0.00000000, 0.00000000
5, 6.0100, 478, 0.69429803, 1.65398526, -0.43519807, 26.57261276, -76.28556824, 59.28279495, 14.44022179, 53.61005402, -93.01374054, -4.82145452, -35.23326111, 87.85705566, 0.69465452, -0.18090518, 0.24558780, -0.65147144, 0.80001855, -0.91365480, 0.03752462, 0.00000000, 0.00000000, 0.00000000, 0.00000000
2, 5.7901, 475, 0.65925360, 1.45313990, -0.08435905, 46.70186615, -178.70016479, 467.07315063, 25.40192986, 63.81174850, 57.67319489, 36.59028625, 20.31194878, 67.32981873, 0.80852485, -0.16436911, -0.31062445, -0.47199884, 0.53042758, 0.52025080, 0.39169660, 0.00000000, 0.00000000, 0.00000000, 0.00000000
5, 6.0200, 479, 1.10259640, 1.13029015, -0.38768744, 14.57029533, -56.34171677, 76.77105713, 14.44022179, 53.61005402, -93.01374054, -3.84378815, -35.12554550, 87.82093811, 0.69347548, -0.18612149, 0.23944102, -0.65354306, 0.32487684, -0.50400329, 0.41517305, 0.00000000, 0.00000000, 0.00000000, 0.00000000
2, 5.8001, 476, 0.54532117, 1.37285841, -0.13999982, 58.45641708, -183.92301941, 469.08709717, 25.40192986, 63.81174850, 57.67319489, 36.10183716, 25.12413406, 68.67987823, 0.80428886, -0.13307801, -0.34135863, -0.46785033, 0.62149239, 0.52787483, 0.26164290, 0.00000000, 0.00000000, 0.00000000, 0.00000000
5, 6.0300, 480, 1.18142605, 0.82177258, -0.41568249, -1.12329304, -90.03164673, 80.89986420, 14.99561501, 53.20081711, -94.06606293, -2.77244925, -35.22452927, 88.03353119, 0.69031352, -0.19360577, 0.23355040, -0.65683955, 0.12668240, -0.27344853, 0.46770376, 0.00000000, 0.00000000, 0.00000000, 0.00000000
2, 5.8101, 477, 0.39891917, 1.30005896, -0.16272275, 65.30169678, -200.19628906, 463.52584839, 30.57585526, 61.82402802, 56.35778809, 39.07022476, 21.87259293, 66.46639252, 0.80874938, -0.17662612, -0.32948437, -0.45405713, 0.72215986, 0.49867848, 0.13265416, 0.00000000, 0.00000000, 0.00000000, 0.00000000
5, 6.0400, 481, 1.25453508, 0.53298807, -0.38877857, -1.35018134, -120.89907074, 89.10531616, 14.84945869, 52.82081223, -95.03069305, -1.46440423, -35.49560928, 88.29847717, 0.68603665, -0.20357126, 0.22718193, -0.66053069, -0.10067090, -0.09772649, 0.51359975, 0.00000000, 0.00000000, 0.00000000, 0.00000000
2, 5.8201, 478, 0.22156854, 1.14236212, -0.12869093, 64.31493378, -225.13288879, 440.85394287, 34.60976410, 59.57322311, 55.59777832, 39.24797058, 26.49629784, 68.41337585, 0.80151677, -0.14900666, -0.36229885, -0.45178270, 0.76573634, 0.32684249, -0.04001401, 0.00000000, 0.00000000, 0.00000000, 0.00000000
5, 6.0500, 482, 1.30766952, 0.14488582, -0.25005865, -0.14480750, -101.31016541, 109.44900513, 15.11254025, 52.14849472, -95.99532318, -0.12622629, -35.48992538, 88.53993988, 0.68222463, -0.21199754, 0.21897294, -0.66458821, -0.47208554, 0.07288960, 0.51944172, 0.00000000, 0.00000000, 0.00000000, 0.00000000
2, 5.8301, 479, 0.12436177, 0.99500424, -0.13826840, 52.38663864, -248.48123169, 408.40887451, 38.43905258, 56.62086868, 53.78544235, 39.94281006, 30.82521057, 70.75132751, 0.79133189, -0.12386675, -0.39429331, -0.45053709, 0.82572794, 0.24558952, -0.15507479, 0.00000000, 0.00000000, 0.00000000, 0.00000000
5, 6.0600, 483, 1.15039515, -0.15597075, -0.21734917, -9.66055107, -62.38834381, 125.14965820, 15.31715870, 51.12540054, -96.17070770, 4.86518192, -27.65711212, 95.50559998, 0.64474553, -0.20448261, 0.13004543, -0.72496784, -0.64709294, 0.23849130, 0.31498855, 0.00000000, 0.00000000, 0.00000000, 0.00000000
2, 5.8401, 480, 0.00064326, 0.90819126, -0.11788158, 42.76190186, -259.46072388, 377.06350708, 41.80064392, 54.25314331, 51.56386948, 41.10438538, 34.82872772, 73.41928864, 0.77904892, -0.10102564, -0.42488617, -0.44983166, 0.94212753, 0.18244092, -0.23729117, 0.00000000, 0.00000000, 0.00000000, 0.00000000
5, 6.0700, 484, 1.01699853, -0.13458702, -0.31835720, -21.22807884, -36.99642944, 137.08378601, 15.31715870, 51.12540054, -96.17070770, 5.85784769, -27.03287506, 95.99512482, 0.64090395, -0.20670262, 0.11927581, -0.72958177, -0.45057434, 0.23023912, 0.14212173, 0.00000000, 0.00000000, 0.00000000, 0.00000000
2, 5.8601, 481, -0.29491934, 0.71670389, -0.04610375, 39.66214752, -228.68269348, 312.37319946, 44.25606537, 50.80385971, 50.27769470, 49.15077209, 30.51740837, 85.74541473, 0.71745396, -0.13120887, -0.44838747, -0.51671338, 1.15351224, -0.01638326, -0.42907077, 0.00000000, 0.00000000, 0.00000000, 0.00000000
5, 6.0800, 485, 1.06916344, 0.03355892, -0.45169619, -16.47227859, -18.96655273, 148.12638855, 16.36948204, 47.85150528, -96.78456116, 6.83154392, -26.20410538, 96.46033478, 0.63757318, -0.20742439, 0.10745604, -0.73411775, -0.23527065, 0.18224019, 0.21712206, 0.00000000, 0.00000000, 0.00000000, 0.00000000
2, 5.8701, 482, -0.37510160, 0.60932803, -0.00776714, 36.77875900, -183.60464478, 274.64212036, 45.62993240, 48.05612183, 48.93305969, 50.19995117, 33.16198349, 88.10504150, 0.70794243, -0.11250992, -0.46841693, -0.51647329, 1.09837472, -0.20948768, -0.50848526, 0.00000000, 0.00000000, 0.00000000, 0.00000000
5, 6.0900, 486, 1.06947792, 0.12937839, -0.56813329, -2.32620239, -20.25646973, 158.39614868, 16.25255775, 48.37766647, -96.49225616, 7.96584558, -25.30636215, 96.80462646, 0.63483018, -0.20840828, 0.09439276, -0.73800182, -0.07215370, 0.17398770, 0.23231688, 0.00000000, 0.00000000, 0.00000000, 0.00000000
2, 5.8801, 483, -0.37047952, 0.49125001, -0.00683709, 25.42557144, -134.28527832, 237.41938782, 46.94533539, 44.89915085, 48.37766647, 50.94431305, 35.37052917, 90.02384186, 0.70047927, -0.09570460, -0.48368448, -0.51596391, 1.07130420, -0.28437322, -0.53975451, 0.00000000, 0.00000000, 0.00000000, 0.00000000
5, 6.1000, 487, 0.99753040, 0.17110096, -0.61481637, 12.53579712, -48.60061646, 161.17680359, 16.51563835, 46.47763824, -96.17070770, 9.39565468, -24.58425331, 97.00630951, 0.63215476, -0.21194337, 0.08064991, -0.74091566, 0.01203868, 0.15383992, 0.16614579, 0.00000000, 0.00000000, 0.00000000, 0.00000000
2, 5.8901, 484, -0.29286805, 0.41597980, -0.03643249, 13.67629051, -96.07839966, 208.02227783, 48.17304993, 42.70681000, 47.70534897, 51.40779114, 37.23215866, 91.58825684, 0.69462436, -0.08039488, -0.49519223, -0.51557577, 0.99221891, -0.30617216, -0.51879025, 0.00000000, 0.00000000, 0.00000000, 0.00000000
5, 6.1100, 488, 0.92435396, 0.16059268, -0.55069590, 19.02985764, -93.11379242, 153.91654968, 16.89564514, 45.13300323, -97.31072998, 11.72588539, -23.61412621, 97.57582855, 0.62581152, -0.21899980, 0.05888770, -0.74627829, -0.02171560, 0.08935884, 0.08669320, 0.00000000, 0.00000000, 0.00000000, 0.00000000
2, 5.9001, 485, -0.12381531, 0.44818518, -0.09846281, 3.74109054, -63.46096802, 186.02009583, 48.17304993, 42.70681000, 47.70534897, 51.58818436, 38.83280182, 92.83179474, 0.69020694, -0.06612286, -0.50362098, -0.51537174, 0.88072926, -0.22804387, -0.40049338, 0.00000000, 0.00000000, 0.00000000, 0.00000000
5, 6.1200, 489, 0.79250246, 0.20581010, -0.45235404, 17.86006165, -129.71542358, 142.96395874, 16.89564514, 45.13300323, -97.31072998, 13.62933064, -23.60787010, 97.65982819, 0.62155181, -0.22935924, 0.04627988, -0.74761343, -0.03598984, -0.04753805, -0.04606438, 0.00000000, 0.00000000, 0.00000000, 0.00000000
2, 5.9101, 486, 0.22304383, 0.54281294, -0.22505553, 2.04249811, -36.88179016, 182.29679871, 47.50072861, 40.60216141, 47.73458099, 53.45173264, 34.47600555, 92.61318207, 0.68564731, -0.10533519, -0.49340683, -0.52473050, 0.61891466, -0.07503534, -0.16583139, 0.00000000, 0.00000000, 0.00000000, 0.00000000
5, 6.1300, 490, 0.52345175, 0.25245351, -0.34769991, 9.28579903, -144.29016113, 129.52859497, 17.01256943, 43.90528870, -98.27536011, 15.50778389, -23.81778145, 97.77983093, 0.61649734, -0.24085730, 0.03497427, -0.74879616, -0.04762835, -0.18226773, -0.31045556, 0.00000000, 0.00000000, 0.00000000, 0.00000000
2, 5.9201, 487, 0.45508799, 0.68029189, -0.42088681, 20.25053215, -7.43074799, 204.78387451, 47.03303146, 38.78982544, 48.34843445, 52.97963333, 36.28180695, 93.25148773, 0.68505508, -0.08853765, -0.49947989, -0.52285814, 0.38705260, 0.12780213, -0.03748928, 0.00000000, 0.00000000, 0.00000000, 0.00000000
5, 6.1400, 491, 0.31085196, 0.33002806, -0.34874296, 0.07205604, -138.05360413, 117.36853027, 16.80795097, 42.61911774, -99.91230774, 17.21893311, -24.08743286, 97.95993042, 0.61107695, -0.25174233, 0.02494526, -0.75005907, 0.02895780, -0.26522803, -0.50477082, 0.00000000, 0.00000000, 0.00000000, 0.00000000
2, 5.9301, 488, 0.44120562, 0.95262790, -0.77607429, 56.97969818, 44.51318359, 250.87855530, 44.81145859, 37.15287781, 48.87459564, 51.91325760, 38.66312790, 93.25836182, 0.68795753, -0.06726055, -0.50462472, -0.51724684, 0.38521078, 0.59593940, -0.08456637, 0.00000000, 0.00000000, 0.00000000, 0.00000000
5, 6.1600, 492, 0.14511707, 0.48132908, -0.30012661, -6.14657831, -78.26318359, 104.13338470, 17.33411217, 40.71908569, -101.95848846, 14.82320976, -32.68093491, 90.74592590, 0.64265215, -0.28551656, 0.10789244, -0.70273596, 0.08090493, -0.42803559, -0.63358951, 0.00000000, 0.00000000, 0.00000000, 0.00000000
2, 5.9401, 489, -0.19295201, 1.14599884, -1.93544519, 123.15741730, 235.15518188, 295.87826538, 44.81145859, 37.15287781, 48.87459564, 48.49893188, 41.64472198, 90.73046875, 0.70264482, -0.03907791, -0.50088555, -0.50386202, 0.39096910, 1.59470487, -1.02177000, 0.00000000, 0.00000000, 0.00000000, 0.00000000
5, 6.1700, 493, 0.29192552, 0.44441298, -0.31239757, -7.83784962, -45.06964111, 100.66973114, 16.86641312, 39.75445557, -102.07541656, 15.65683270, -32.39456177, 91.10179138, 0.63908923, -0.28887203, 0.10014337, -0.70575440, -0.04875726, -0.33625597, -0.45440152, 0.00000000, 0.00000000, 0.00000000, 0.00000000
2, 5.9501, 490, -0.37490869, 1.07495975, -2.37091255, 230.96705627, 473.38327026, 301.73538208, 42.67757797, 35.98363113, 49.40076065, 41.81169891, 44.69271851, 84.20142365, 0.73202848, -0.00675406, -0.48479620, -0.47860360, 0.30724463, 1.92942452, -1.43532419, 0.00000000, 0.00000000, 0.00000000, 0.00000000
5, 6.1800, 494, 0.59185863, 0.32806242, -0.37224537, -8.03530598, -23.40048599, 98.26187897, 16.86641312, 39.75445557, -102.07541656, 16.31411552, -31.96982193, 91.48445892, 0.63613123, -0.29042912, 0.09255156, -0.70881754, -0.11725861, -0.22138080, -0.16223449, 0.00000000, 0.00000000, 0.00000000, 0.00000000
2, 5.9601, 491, 1.60091531, 0.96953207, -0.54559004, 222.91166687, 241.82765198, 275.41165161, 40.57293320, 35.10669327, 50.86231995, 31.48316383, 44.47915268, 80.72351837, 0.74533331, 0.04457155, -0.44020092, -0.49871331, -0.21011090, 0.64902449, 0.78599489, 0.00000000, 0.00000000, 0.00000000, 0.00000000
5, 6.1900, 495, 0.73629993, 0.18051998, -0.43942687, -10.84258747, -15.65245056, 94.41625214, 17.27565002, 39.19906235, -102.57234955, 16.87263489, -31.52412796, 91.90013885, 0.63325721, -0.29129618, 0.08534521, -0.71193260, -0.18025237, -0.07711171, -0.02720214, 0.00000000, 0.00000000, 0.00000000, 0.00000000
2, 6.0001, 492, 1.07512701, 0.30461109, 0.17533168, 77.69689941, 28.55178833, 148.22357178, 44.92838287, 30.04969215, 47.90996552, 27.08361244, 53.01483154, 77.42173767, 0.74422753, 0.10785426, -0.46962586, -0.46254122, 0.26958415, -0.19095144, 0.45980787, 0.00000000, 0.00000000, 0.00000000, 0.00000000
5, 6.2000, 496, 0.70863777, 0.14900686, -0.50665897, -12.81095219, -23.75551033, 86.58925629, 17.83104324, 38.49751663, -102.33849335, 17.43625259, -31.19516563, 92.30162048, 0.63015056, -0.29280350, 0.07883310, -0.71481591, -0.14342082, -0.01720149, -0.05191404, 0.00000000, 0.00000000, 0.00000000, 0.00000000
2, 6.0101, 493, 1.61394334, -0.00339107, 0.32356358, 43.71596909, 106.36468506, 129.32014465, 46.15609360, 29.14352417, 47.85150528, 15.33070660, 52.33555222, 74.29245758, 0.74452800, 0.16849440, -0.42066994, -0.49022922, -0.18564609, -0.46635583, 0.74857187, 0.00000000, 0.00000000, 0.00000000, 0.00000000
5, 6.2100, 497, 0.60606915, 0.16548562, -0.53867590, -11.59447479, -37.71668243, 72.86859131, 17.71411896, 37.29903412, -103.06927490, 18.53980064, -31.41021729, 91.87973785, 0.62937504, -0.29981640, 0.07434440, -0.71307093, -0.09382910, -0.01793863, -0.14693433, 0.00000000, 0.00000000, 0.00000000, 0.00000000
2, 6.0201, 494, 1.64664412, -0.09205808, 0.06485818, 40.34889984, 140.32066345, 143.35411072, 48.14381790, 27.62350082, 48.40689850, 12.04316711, 52.75768280, 71.57012177, 0.74999380, 0.18213335, -0.41339266, -0.48315960, -0.38800234, -0.25082377, 0.55517715, 0.00000000, 0.00000000, 0.00000000, 0.00000000
5, 6.2200, 498, 0.55460215, 0.16014045, -0.54371470, -8.28902149, -47.71399307, 60.19726944, 17.77258110, 37.00672150, -103.53697968, 19.17126083, -31.41192055, 92.10424042, 0.62630993, -0.30342704, 0.06982984, -0.71469700, -0.09037847, -0.02408639, -0.19135574, 0.00000000, 0.00000000, 0.00000000, 0.00000000
2, 6.0301, 495, 1.56665337, -0.25994474, -0.01834686, 58.98803711, 134.81463623, 162.80297852, 50.54077530, 25.95732307, 49.22537231, 8.52978325, 53.29032135, 68.50327301, 0.75551778, 0.19676687, -0.40707296, -0.47409642, -0.45112768, -0.27393645, 0.37212071, 0.00000000, 0.00000000, 0.00000000, 0.00000000
5, 6.2300, 499, 0.53947335, 0.09792745, -0.49727181, -8.64769936, -51.36017227, 55.94372559, 17.77258110, 37.00672150, -103.53697968, 19.80552101, -31.46920204, 92.31015778, 0.62318283, -0.30733261, 0.06566655, -0.71615493, -0.16479366, -0.01895029, -0.21279849, 0.00000000, 0.00000000, 0.00000000, 0.00000000
2, 6.0401, 496, 1.58470857, -0.42747262, 0.04263652, 54.23690414, 109.30702209, 178.89511108, 50.54077530, 25.95732307, 49.22537231, 5.09063148, 53.99376297, 65.53636169, 0.75941110, 0.21217631, -0.40274540, -0.46483576, -0.51030451, -0.39838606, 0.33509970, 0.00000000, 0.00000000, 0.00000000, 0.00000000
5, 6.2400, 500, 0.61852157, 0.03582263, -0.45654371, -12.21442509, -42.27460861, 60.00885010, 17.77258110, 35.80824280, -103.42005157, 20.36575890, -31.45063782, 92.58787537, 0.61998433, -0.31041980, 0.06130044, -0.71798414, -0.24695683, -0.00948999, -0.14058669, 0.00000000, 0.00000000, 0.00000000, 0.00000000
2, 6.0501, 497, 1.37834179, -0.56351656, -0.00649773, 23.86884880, 63.32292175, 193.85115051, 52.09003067, 24.29114342, 51.47617722, 2.01602364, 55.00392532, 63.12468338, 0.75991827, 0.22837371, -0.40157527, -0.45728236, -0.44680175, -0.42621812, 0.10677139, 0.00000000, 0.00000000, 0.00000000, 0.00000000
5, 6.2700, 501, 0.71924156, 0.03882444, -0.64026988, -13.87157822, -5.00785065, 74.18547058, 17.97719955, 34.40514374, -103.50774384, 22.30590630, -28.73412323, 94.69200897, 0.60868400, -0.30600765, 0.02714231, -0.73152333, -0.08526230, 0.07695045, -0.03334280, 0.00000000, 0.00000000, 0.00000000, 0.00000000
2, 6.0601, 498, 1.22963572, -0.46168110, -0.15733188, -12.31414032, 18.58522797, 204.68989563, 53.31774139, 21.74802589, 52.44080734, -2.84787393, 58.36384964, 61.02971649, 0.74576843, 0.26619092, -0.40890655, -0.45361584, -0.34911978, -0.21397376, 0.00115705, 0.00000000, 0.00000000, 0.00000000, 0.00000000
5, 6.2800, 502, 0.65422791, 0.09877884, -0.69615191, -10.49859715, -15.60502148, 70.63008881, 17.97719955, 34.40514374, -103.50774384, 22.74066925, -28.46646118, 95.04679108, 0.60596162, -0.30682898, 0.02182968, -0.73361433, 0.00895206, 0.06445801, -0.08720083, 0.00000000, 0.00000000, 0.00000000, 0.00000000
2, 6.0701, 499, 0.75337332, -0.23237011, -0.30387056, -27.20844650, -15.32495499, 210.21847534, 54.07775497, 19.38029861, 52.76234818, -5.52330589, 59.89511108, 59.27031326, 0.74037176, 0.28284597, -0.41275921, -0.44886279, 0.05806718, 0.09019990, -0.24724321, 0.00000000, 0.00000000, 0.00000000, 0.00000000
5, 6.2900, 503, 0.58268446, 0.16202448, -0.69624293, -6.61603975, -29.54890442, 62.99250412, 18.35720444, 33.76205826, -103.91698456, 23.26856804, -28.33027077, 95.30003357, 0.60328287, -0.30886284, 0.01696187, -0.73509580, 0.06387438, 0.01057080, -0.15097898, 0.00000000, 0.00000000, 0.00000000, 0.00000000
2, 6.0801, 500, 0.48319492, -0.06091502, -0.29018909, -29.29187775, -34.71379089, 205.92271423, 54.10698700, 17.33411217, 52.55773163, -8.10418892, 61.50547028, 57.52872086, 0.73406929, 0.29867664, -0.41789579, -0.44418216, 0.35566118, 0.22219607, -0.31868750, 0.00000000, 0.00000000, 0.00000000, 0.00000000
5, 6.3000, 504, 0.51936978, 0.16327561, -0.67572021, -5.03666735, -35.34891891, 55.54329300, 17.30488205, 33.49897766, -104.44314575, 23.81205559, -28.27462387, 95.49392700, 0.60071647, -0.31141841, 0.01261988, -0.73620594, 0.05929868, -0.01226716, -0.21289539, 0.00000000, 0.00000000, 0.00000000, 0.00000000
2, 6.1301, 501, 0.43740734, -0.01100194, -0.47841239, -2.92059946, 14.53493214, 97.49096680, 53.78544235, 10.61093235, 53.31774139, 9.56293106, 71.32197571, 62.90792084, 0.71604025, 0.24537891, -0.53093261, -0.38103300, 0.39138708, 0.27221295, -0.25697207, 0.00000000, 0.00000000, 0.00000000, 0.00000000
5, 6.3100, 505, 0.38475204, 0.16511631, -0.63101655, -5.91382694, -27.86601830, 47.44297791, 17.53873062, 33.44051361, -104.61853027, 26.13021851, -31.60293770, 92.52524567, 0.60353261, -0.34203196, 0.02622723, -0.71977407, 0.03359888, -0.05433174, -0.33815241, 0.00000000, 0.00000000, 0.00000000, 0.00000000
2, 6.1401, 502, 0.52675533, -0.06594376, -0.35366839, 5.72717285, 15.27266121, 87.42675781, 53.78544235, 10.61093235, 53.31774139, 7.66582775, 71.90876770, 61.40553284, 0.71450043, 0.25258762, -0.53133935, -0.37863868, 0.36627793, 0.15723726, -0.15053798, 0.00000000, 0.00000000, 0.00000000, 0.00000000
5, 6.3200, 506, 0.35053772, 0.15719232, -0.58829540, -7.49445057, -15.17905807, 39.23029327, 17.39257431, 33.11896896, -104.35545349, 26.39642525, -31.51861572, 92.73804474, 0.60165006, -0.34301063, 0.02340847, -0.72098053, -0.03565692, -0.09234121, -0.34620366, 0.00000000, 0.00000000, 0.00000000, 0.00000000
2, 6.1501, 503, 0.53294128, -0.15259241, -0.25239295, 8.21028519, 10.32546616, 81.45175934, 53.40543747, 10.02630806, 54.28237152, 5.84597254, 72.46842194, 59.91339493, 0.71298933, 0.25913584, -0.53199255, -0.37613684, 0.37234274, 0.03558811, -0.13075356, 0.00000000, 0.00000000, 0.00000000, 0.00000000
5, 6.3300, 507, 0.50608224, 0.13626732, -0.56510639, -10.22094822, 0.80273420, 36.31597900, 17.39257431, 33.11896896, -104.35545349, 26.49844551, -31.35231781, 93.01219940, 0.60011345, -0.34267518, 0.02094337, -0.72249496, -0.08489669, -0.09548219, -0.19609125, 0.00000000, 0.00000000, 0.00000000, 0.00000000
2, 6.1601, 504, 0.41862389, -0.23886678, -0.29521120, 4.31055069, -2.40318561, 76.11802673, 53.31774139, 8.27243519, 53.99005890, 3.53952146, 76.39102936, 56.29886627, 0.70162737, 0.27017951, -0.55639946, -0.35375398, 0.39607143, 0.01604963, -0.25344563, 0.00000000, 0.00000000, 0.00000000, 0.00000000
5, 6.3400, 508, 0.70219654, 0.10004997, -0.58937162, -14.20383072, 8.36783791, 37.52846146, 17.50950050, 31.21894073, -104.26775360, 26.51832771, -31.14437866, 93.35471344, 0.59850967, -0.34167945, 0.01854473, -0.72435999, -0.11431701, -0.05379740, -0.00388141, 0.00000000, 0.00000000, 0.00000000, 0.00000000
2, 6.1701, 505, 0.32293257, -0.29367641, -0.28128058, -3.28215551, -14.02177048, 68.87969971, 53.55159378, 8.50628471, 53.66851807, 2.30135489, 76.98891449, 55.33174896, 0.69885039, 0.27502868, -0.55846220, -0.35226053, 0.45787054, -0.02026754, -0.28976673, 0.00000000, 0.00000000, 0.00000000, 0.00000000
5, 6.3500, 509, 0.82239342, 0.05690065, -0.63873339, -16.71189690, 4.24487686, 38.61883926, 17.71411896, 28.38351250, -104.61853027, 26.56221008, -30.97015381, 93.71562958, 0.59661084, -0.34098810, 0.01614722, -0.72630703, -0.12037020, 0.01026970, 0.11479595, 0.00000000, 0.00000000, 0.00000000, 0.00000000
2, 6.1801, 506, 0.33323222, -0.32508504, -0.28835702, -9.27355194, -10.95721149, 57.23548126, 53.14235687, 8.06781673, 53.69775009, 1.33367205, 77.47575378, 54.64385223, 0.69629550, 0.27913168, -0.56007874, -0.35152513, 0.43351415, -0.03306609, -0.29284388, 0.00000000, 0.00000000, 0.00000000, 0.00000000
5, 6.3600, 510, 0.79846501, -0.02502770, -0.63693583, -16.78422356, -6.99945021, 33.93516541, 17.88950539, 29.31891251, -104.41390991, 27.25817108, -28.67796326, 94.53598785, 0.59605360, -0.33170536, -0.00436926, -0.73121315, -0.16382545, 0.06326235, 0.08007643, 0.00000000, 0.00000000, 0.00000000, 0.00000000
2, 6.1901, 507, 0.54196393, -0.33808264, -0.26762813, -11.13150787, 3.88086486, 47.92256546, 53.14235687, 8.06781673, 53.69775009, 0.18584953, 77.78900146, 53.81419373, 0.69450551, 0.28302172, -0.56048459, -0.35130882, 0.29064712, -0.05287356, -0.13554291, 0.00000000, 0.00000000, 0.00000000, 0.00000000
5, 6.3700, 511, 0.75723141, -0.07165516, -0.63711578, -16.20912933, -8.22339630, 30.69139671, 17.27565002, 30.78047371, -104.94007111, 27.38235092, -28.63642120, 94.81352997, 0.59404123, -0.33210075, -0.00621320, -0.73265654, -0.16386047, 0.08320896, 0.02571559, 0.00000000, 0.00000000, 0.00000000, 0.00000000
2, 6.2001, 508, 0.75818837, -0.35460499, -0.26013923, -5.89593935, 21.63465118, 49.89299011, 52.67465591, 7.22011089, 53.84390640, -1.70483112, 77.98384857, 52.28788376, 0.69351411, 0.28759676, -0.55967867, -0.35083625, 0.13352008, -0.06400415, 0.01617871, 0.00000000, 0.00000000, 0.00000000, 0.00000000
5, 6.3800, 512, 0.70751953, -0.04726240, -0.62729615, -15.13312626, -0.35426798, 29.74359512, 17.27565002, 30.78047371, -104.94007111, 27.44435310, -28.54129410, 95.09909058, 0.59230906, -0.33186081, -0.00800131, -0.73414880, -0.14698185, 0.05718338, -0.02223791, 0.00000000, 0.00000000, 0.00000000, 0.00000000
2, 6.2101, 509, 0.93057513, -0.42497864, -0.25720808, 2.57210207, 31.62444305, 53.90430450, 52.87927628, 7.22011089, 54.04852295, -10.12339592, 76.93766785, 45.30788803, 0.69858313, 0.30242062, -0.54524821, -0.35103846, -0.02294384, -0.10145136, 0.10244802, 0.00000000, 0.00000000, 0.00000000, 0.00000000
5, 6.3900, 513, 0.56935370, 0.08431374, -0.63680941, -12.78702736, 8.17367268, 27.91902161, 17.56796265, 29.81584358, -104.67699432, 27.44247246, -28.38686943, 95.37770081, 0.59097356, -0.33094516, -0.00970842, -0.73561627, -0.03116032, -0.03349622, -0.14752182, 0.00000000, 0.00000000, 0.00000000, 0.00000000
2, 6.2301, 510, 0.80284363, -0.53259277, -0.27011466, 0.05237462, 17.13173103, 71.55283356, 52.58696365, 6.89856768, 54.10698700, -15.54176235, 77.36888885, 40.62578583, 0.69599485, 0.31396735, -0.54413754, -0.34775013, 0.00587787, -0.13118879, -0.05072187, 0.00000000, 0.00000000, 0.00000000, 0.00000000
5, 6.4000, 514, 0.58685148, 0.17763370, -0.57852519, -9.73701763, 12.80023575, 25.62444878, 17.74334908, 30.72201157, -104.41390991, 27.41057205, -28.19932556, 95.62854004, 0.58999360, -0.32968026, -0.01133332, -0.73694652, -0.01012176, -0.14191134, -0.12887768, 0.00000000, 0.00000000, 0.00000000, 0.00000000
2, 6.2401, 511, 0.63026845, -0.52921438, -0.32981092, -9.63206196, 6.02082682, 75.33640289, 52.35311127, 6.16778708, 54.66238022, -18.13715553, 77.73861694, 38.45328140, 0.69339186, 0.31994358, -0.54472554, -0.34658054, 0.10154899, -0.07842558, -0.19240817, 0.00000000, 0.00000000, 0.00000000, 0.00000000
5, 6.4100, 515, 0.70798451, 0.19889536, -0.61203551, -6.87831163, 18.17808723, 28.27505112, 17.94796753, 27.30195808, -104.73545837, 25.79945564, -28.41122055, 96.75172424, 0.58672577, -0.32256734, -0.00288460, -0.74276167, 0.01450564, -0.12912872, -0.00750932, 0.00000000, 0.00000000, 0.00000000, 0.00000000
2, 6.2501, 512, 0.44497469, -0.48887095, -0.41950262, -16.95861816, 0.62072706, 72.27570343, 52.44080734, 5.08623219, 54.60391617, -20.49489784, 78.13448334, 36.53713608, 0.69036806, 0.32556921, -0.54562271, -0.34596625, 0.20987281, 0.01994221, -0.33855015, 0.00000000, 0.00000000, 0.00000000, 0.00000000
5, 6.4200, 516, 0.76014626, 0.21540311, -0.60829657, -2.47986722, 13.55462265, 29.47589493, 17.77258110, 30.04969215, -104.70622253, 25.82882309, -28.15890312, 96.94160461, 0.58611643, -0.32123387, -0.00507952, -0.74380815, 0.01478865, -0.12718023, 0.03781354, 0.00000000, 0.00000000, 0.00000000, 0.00000000
2, 6.2601, 513, 0.33853456, -0.43714610, -0.49202925, -18.09731102, 2.35247016, 61.96168137, 51.71002579, 4.88161373, 54.69160843, -27.78049278, 85.14447784, 27.95460320, 0.65449607, 0.33018017, -0.59458965, -0.33027118, 0.28041959, 0.10360129, -0.38813365, 0.00000000, 0.00000000, 0.00000000, 0.00000000
5, 6.4300, 517, 0.83503067, 0.16012028, -0.58959198, 4.80008841, 2.51228523, 28.47155762, 17.12949371, 30.10815430, -104.73545837, 25.98632240, -27.95808029, 97.02355957, 0.58570284, -0.32085699, -0.00750121, -0.74427605, -0.04250498, -0.10171966, 0.10448378, 0.00000000, 0.00000000, 0.00000000, 0.00000000
2, 6.2701, 514, 0.21922736, -0.41662988, -0.49047822, -13.41258144, 9.47330189, 51.05414963, 51.65156174, 4.29698896, 54.95469284, -32.10079193, 85.29412842, 24.01765633, 0.65242672, 0.33437717, -0.59451091, -0.33028507, 0.38912520, 0.09335282, -0.37229604, 0.00000000, 0.00000000, 0.00000000, 0.00000000
5, 6.4400, 518, 0.87549484, -0.00278711, -0.52995765, 10.80796242, -2.92483616, 29.31704712, 17.12949371, 30.10815430, -104.73545837, 26.22797012, -27.76439857, 97.03446960, 0.58549541, -0.32095471, -0.01022881, -0.74436456, -0.19810927, -0.02667526, 0.12452377, 0.00000000, 0.00000000, 0.00000000, 0.00000000
2, 6.2801, 515, 0.36138222, -0.37024730, -0.39399868, -13.89180088, 27.14738274, 40.74608612, 51.65156174, 4.29698896, 54.95469284, -35.61678314, 85.23806000, 20.92799377, 0.65135032, 0.33839706, -0.59308040, -0.33088660, 0.35942689, 0.06257661, -0.19711760, 0.00000000, 0.00000000, 0.00000000, 0.00000000
5, 6.4500, 519, 0.79332191, -0.13742217, -0.51103091, 13.03587341, 0.32704589, 32.52089310, 17.12949371, 29.84507370, -103.94621277, 26.47310257, -27.52014351, 97.04701996, 0.58540934, -0.32077286, -0.01327824, -0.74446255, -0.28856343, 0.05480281, 0.02937392, 0.00000000, 0.00000000, 0.00000000, 0.00000000
2, 6.2901, 516, 0.55927438, -0.36564821, -0.38017035, -9.46653938, 31.73457336, 36.34809875, 51.73925781, 3.77082729, 54.51622391, -38.84238815, 85.09702301, 18.09868622, 0.65077376, 0.34221932, -0.59127051, -0.33132866, 0.22795843, 0.06106405, -0.04737563, 0.00000000, 0.00000000, 0.00000000, 0.00000000
5, 6.4600, 520, 0.50702620, -0.11158101, -0.49669692, 16.33224869, 7.32119656, 26.70429611, 17.45103836, 29.02659988, -103.71236420, 29.31224442, -26.13825417, 95.94245911, 0.58844334, -0.32751143, -0.03660863, -0.73832959, -0.23576823, 0.01212148, -0.25110555, 0.00000000, 0.00000000, 0.00000000, 0.00000000
2, 6.3001, 517, 0.66177636, -0.41298026, -0.27930605, -5.04911327, 30.79693794, 36.32438278, 51.03770828, 3.18620276, 54.77930450, -42.12597275, 84.93046570, 15.17419910, 0.65033591, 0.34598464, -0.58951312, -0.33140945, 0.18171588, -0.03804878, 0.05277491, 0.00000000, 0.00000000, 0.00000000, 0.00000000
5, 6.4700, 521, 0.45568070, -0.04743057, -0.38220862, 26.10458755, 26.76211929, 11.77805233, 17.48026848, 28.67582512, -103.80005646, 29.30049324, -25.76457214, 95.82977295, 0.59027392, -0.32532927, -0.03840895, -0.73774135, -0.25086421, -0.14545909, -0.30017257, 0.00000000, 0.00000000, 0.00000000, 0.00000000
2, 6.3101, 518, 0.59464669, -0.49271739, -0.24889332, -5.12145805, 29.40055466, 33.12779617, 50.89155197, 3.06927800, 55.15930939, -59.18745422, 83.20528412, -1.96507514, 0.65574753, 0.35932791, -0.58359396, -0.31669676, 0.20390595, -0.10126305, -0.01723703, 0.00000000, 0.00000000, 0.00000000, 0.00000000
5, 6.4800, 522, 0.66936076, -0.01213535, -0.39782605, 32.35185623, 45.68770218, 12.81561852, 17.36334419, 27.00964546, -103.74159241, 29.17437172, -25.22589684, 95.72061920, 0.59286392, -0.32160017, -0.04045841, -0.73718983, -0.23611113, -0.16119114, -0.08750308, 0.00000000, 0.00000000, 0.00000000, 0.00000000
2, 6.3401, 519, 0.65543532, -0.61702955, -0.26579159, -2.38454247, 50.91818237, 16.64331245, 50.80385971, 2.66004086, 55.80239487, -60.47633362, 82.25917053, -2.18660331, 0.65694195, 0.36840823, -0.57540274, -0.31877026, 0.08654232, -0.13431913, -0.04617831, 0.00000000, 0.00000000, 0.00000000, 0.00000000
5, 6.4900, 523, 0.83954728, 0.04304317, -0.44224676, 41.10119629, 54.83997345, 20.72150230, 17.36334419, 27.00964546, -103.74159241, 29.06259727, -24.53940201, 95.59143066, 0.59593469, -0.31708902, -0.04342152, -0.73649919, -0.17871657, -0.17189908, 0.08525865, 0.00000000, 0.00000000, 0.00000000, 0.00000000
2, 6.3501, 520, 0.60484791, -0.56416279, -0.37561452, -2.99744630, 58.99984360, 12.30585098, 50.89155197, 3.21543407, 56.03624725, -59.99369049, 81.80281067, -1.31949127, 0.65832120, 0.37132812, -0.57136983, -0.31978926, 0.09293931, -0.01317776, -0.11495406, 0.00000000, 0.00000000, 0.00000000, 0.00000000
5, 6.5000, 524, 0.89680886, 0.07070605, -0.44498581, 50.33638000, 51.31264496, 26.63647079, 17.36334419, 28.67582512, -102.83542633, 29.05746460, -23.80020714, 95.39057922, 0.59928912, -0.31285009, -0.04719309, -0.73535722, -0.15395510, -0.19216986, 0.13977636, 0.00000000, 0.00000000, 0.00000000, 0.00000000
2, 6.3601, 521, 0.76259816, -0.48896015, -0.22890377, -3.91905594, 69.65311432, 9.59247589, 50.71616364, -0.08769365, 56.67933273, -51.93704224, 79.79740143, 7.56072855, 0.66970229, 0.37322041, -0.55326676, -0.32573205, 0.08918966, -0.05453730, 0.09381977, 0.00000000, 0.00000000, 0.00000000, 0.00000000
5, 6.5100, 525, 0.89586246, 0.04938181, -0.42614841, 55.21664429, 37.96068192, 28.86748505, 18.12335587, 28.35428238, -102.51388550, 26.54750252, -21.05717659, 96.71183777, 0.60450804, -0.28290412, -0.05051331, -0.74295616, -0.16218960, -0.18508062, 0.12342673, 0.00000000, 0.00000000, 0.00000000, 0.00000000
2, 6.3701, 522, 0.89621979, -0.51212764, -0.23455098, -11.53082561, 69.25279999, 15.52478695, 50.65770340, -1.25694239, 57.35165024, -51.96531677, 79.29184723, 8.04415131, 0.67086482, 0.37673572, -0.54847866, -0.32738644, -0.02470672, -0.05325772, 0.14398047, 0.00000000, 0.00000000, 0.00000000, 0.00000000
5, 6.5200, 526, 0.87654853, 0.01434540, -0.37933579, 49.13032532, 23.20020103, 33.62312698, 17.59719276, 27.88658333, -102.19233704, 26.79253197, -20.48736191, 96.44862366, 0.60703248, -0.28090507, -0.05477367, -0.74135268, -0.18244393, -0.17249343, 0.07078028, 0.00000000, 0.00000000, 0.00000000, 0.00000000
2, 6.3801, 523, 0.80556643, -0.50894403, -0.13933644, -24.64372444, 65.41657257, 24.90150452, 50.65770340, -1.25694239, 57.35165024, -52.30400467, 78.89482880, 8.33523369, 0.67097092, 0.38090187, -0.54408246, -0.32967585, 0.08726911, -0.11168893, 0.12557521, 0.00000000, 0.00000000, 0.00000000, 0.00000000
5, 6.5300, 527, 0.75049758, 0.09790414, -0.41067585, 38.34447861, 12.15402317, 40.13952637, 17.71411896, 28.09120178, -102.36772919, 27.10742950, -20.00464058, 96.28850555, 0.60849744, -0.27976426, -0.05923506, -0.74023914, -0.07845005, -0.21808033, -0.04440829, 0.00000000, 0.00000000, 0.00000000, 0.00000000
2, 6.3901, 524, 0.83005553, -0.54273862, -0.12600912, -52.25659943, 63.56667709, 28.41070175, 50.45308304, 0.81847411, 57.46857452, -52.42594147, 78.66857147, 9.05592632, 0.66964871, 0.38547137, -0.53991210, -0.33388224, 0.05871972, -0.14053297, 0.13002907, 0.00000000, 0.00000000, 0.00000000, 0.00000000
5, 6.5400, 528, 0.63244253, 0.23328429, -0.44247398, 28.44968987, 10.10208130, 41.54856110, 17.71411896, 28.09120178, -102.36772919, 27.39972305, -19.57233238, 96.22470856, 0.60926962, -0.27876392, -0.06349149, -0.73962837, 0.05873488, -0.30130580, -0.14647397, 0.00000000, 0.00000000, 0.00000000, 0.00000000
2, 6.4001, 525, 0.86432248, -0.59251678, -0.13715957, -70.94977570, 51.99685669, 26.99027443, 49.89768982, 0.20461853, 57.76088715, -52.30800247, 78.64203644, 10.09099579, 0.66714513, 0.38969642, -0.53659207, -0.33929795, 0.00376035, -0.16674528, 0.12251752, 0.00000000, 0.00000000, 0.00000000, 0.00000000
5, 6.5500, 529, 0.56391877, 0.38037553, -0.47432506, 20.63122559, 18.14237595, 40.43764114, 17.94796753, 27.24349594, -102.22157288, 27.58837891, -19.12623978, 96.25334930, 0.60973036, -0.27707946, -0.06738278, -0.73953730, 0.19726276, -0.39192834, -0.19882396, 0.00000000, 0.00000000, 0.00000000, 0.00000000
2, 6.4101, 526, 0.32435587, -0.60090292, -0.29614311, -73.54200745, 43.09549332, 13.05363655, 49.48845291, -0.05846244, 57.58549881, -102.12760162, 81.00171661, -37.67618561, 0.61539716, 0.42799729, -0.57727617, -0.32381630, 0.30551082, -0.06199161, -0.30406111, 0.00000000, 0.00000000, 0.00000000, 0.00000000
5, 6.5600, 530, 0.46333879, 0.44196460, -0.54275340, 18.48421478, 30.01668930, 36.15616989, 17.77258110, 26.62964058, -101.69541168, 25.18979836, -24.99738503, 94.70694733, 0.61079067, -0.29958087, -0.01350072, -0.73280543, 0.28372025, -0.37979943, -0.28331661, 0.00000000, 0.00000000, 0.00000000, 0.00000000
2, 6.4201, 527, 0.16757877, -0.54849333, -0.30262589, -70.82180786, 17.09207535, -12.15263748, 49.83922958, 1.19848001, 58.17012405, -101.98614502, 81.50865936, -36.99957275, 0.61311507, 0.42784783, -0.57643646, -0.32978380, 0.44580060, -0.02660177, -0.27760175, 0.00000000, 0.00000000, 0.00000000, 0.00000000
5, 6.5700, 531, 0.34496301, 0.38995138, -0.60893816, 20.44503593, 39.28064728, 26.69513702, 17.56796265, 25.16807938, -101.37386322, 25.14156914, -24.48230553, 94.71552277, 0.61220151, -0.29631251, -0.01627178, -0.73290080, 0.24300344, -0.25754607, -0.38765442, 0.00000000, 0.00000000, 0.00000000, 0.00000000
2, 6.4301, 528, 0.67262924, -0.60919958, -0.02181074, -87.51199341, 3.28086615, -20.08775520, 49.83922958, 1.19848001, 58.17012405, -102.43093872, 82.22855377, -36.90601730, 0.60990369, 0.42670918, -0.57660508, -0.33684343, 0.19880742, -0.27916288, 0.18705671, 0.00000000, 0.00000000, 0.00000000, 0.00000000
5, 6.5800, 532, 0.30147633, 0.33811575, -0.63296551, 20.53308868, 50.98132324, 12.96956253, 17.56796265, 26.22040367, -101.25694275, 24.92677689, -23.96391106, 94.69508362, 0.61421657, -0.29212943, -0.01792231, -0.73285556, 0.23934805, -0.20276491, -0.43740582, 0.00000000, 0.00000000, 0.00000000, 0.00000000
2, 6.4401, 529, 0.93404609, -0.58212519, -0.22796172, -96.04116058, -2.79636645, -12.74433517, 50.54077530, 0.78924292, 57.49780655, -103.83025360, 82.97912598, -37.70739746, 0.60576564, 0.42591029, -0.57724339, -0.34414893, -0.07438054, -0.12746426, 0.28034130, 0.00000000, 0.00000000, 0.00000000, 0.00000000
5, 6.5900, 533, 0.32387137, 0.34483659, -0.64195746, 20.00609970, 65.86030579, -3.52918386, 17.56796265, 26.22040367, -101.25694275, 24.50220299, -23.43872643, 94.64646149, 0.61692888, -0.28677100, -0.01820195, -0.73268682, 0.25583351, -0.19804463, -0.41944778, 0.00000000, 0.00000000, 0.00000000, 0.00000000
2, 6.4501, 530, 0.86875004, -0.59943080, -0.29001588, -94.44567871, -43.47776413, -5.83041477, 49.45922089, 1.78310430, 56.88395309, -108.66494751, 83.78079224, -42.14607620, 0.60007459, 0.42434889, -0.58074379, -0.35010761, -0.06594934, -0.11076033, 0.19785327, 0.00000000, 0.00000000, 0.00000000, 0.00000000
5, 6.6000, 534, 0.36001292, 0.37859383, -0.65932828, 22.47825050, 79.34936523, -22.00958061, 17.24641991, 24.05729294, -100.43846893, 23.88297844, -22.91649055, 94.52710724, 0.62051868, -0.28036821, -0.01705050, -0.73216087, 0.29493138, -0.20444997, -0.38589597, 0.00000000, 0.00000000, 0.00000000, 0.00000000
2, 6.4601, 531, 0.80875379, -0.52655393, -0.13719769, -96.63761902, -81.06865692, -6.30216455, 50.04384613, 0.81847411, 56.32855988, -77.41602325, 82.35627747, -11.56544018, 0.62583393, 0.41651952, -0.55858904, -0.35045958, 0.08950593, -0.17355806, 0.25882381, 0.00000000, 0.00000000, 0.00000000, 0.00000000
5, 6.6100, 535, 0.39706939, 0.37232181, -0.66261202, 26.04501343, 90.43954468, -41.01676941, 17.77258110, 25.66501045, -99.79537964, 23.04984474, -28.03820038, 91.86199951, 0.62642771, -0.30536723, 0.02581356, -0.71670973, 0.27426934, -0.18403618, -0.34773254, 0.00000000, 0.00000000, 0.00000000, 0.00000000
2, 6.4701, 532, 0.87302309, -0.35887226, 0.03992084, -112.78234863, -95.13238525, -5.10538197, 50.04384613, 0.81847411, 56.32855988, -80.84771729, 83.75072479, -14.71805191, 0.61761141, 0.41376039, -0.56581372, -0.35666981, 0.21467140, -0.16631524, 0.43334097, 0.00000000, 0.00000000, 0.00000000, 0.00000000
5, 6.6200, 536, 0.36895606, 0.36843482, -0.66988581, 27.46968460, 99.70420074, -58.00717163, 18.06489372, 25.78193474, -99.15229034, 22.12593842, -27.56867790, 91.57345581, 0.63189226, -0.29756016, 0.02948992, -0.71505278, 0.22163025, -0.15228838, -0.35533217, 0.00000000, 0.00000000, 0.00000000, 0.00000000
2, 6.4801, 533, 1.01537704, -0.22459674, -0.04648997, -131.22373962, -92.57382202, -1.34598458, 49.83922958, -0.05846244, 54.80853653, -86.34325409, 85.21073914, -19.77234077, 0.60834414, 0.41134211, -0.57283086, -0.36411539, 0.13996209, -0.03384154, 0.56952596, 0.00000000, 0.00000000, 0.00000000, 0.00000000
5, 6.6300, 537, 0.34373993, 0.38727570, -0.64871514, 30.09439278, 106.28195190, -77.28519440, 18.26951218, 26.89272118, -97.86611938, 21.06272697, -27.16242790, 91.18991089, 0.63804132, -0.28924990, 0.03461993, -0.71276873, 0.22893462, -0.16727972, -0.38976759, 0.00000000, 0.00000000, 0.00000000, 0.00000000
2, 6.4901, 534, 0.74239939, -0.06137204, -0.39223170, -120.64675903, -64.38536835, -1.87937784, 49.95615387, 0.05846244, 53.34697342, -92.78131866, 86.39769745, -25.69916534, 0.60044217, 0.40960678, -0.57770818, -0.37140924, 0.24437223, 0.30349159, 0.29514250, 0.00000000, 0.00000000, 0.00000000, 0.00000000
5, 6.6400, 538, 0.40614364, 0.38635290, -0.60429072, 33.45935440, 120.72487640, -96.73567200, 18.56182289, 26.74656487, -96.34609985, 19.80203629, -26.76540756, 90.71993256, 0.64507234, -0.27977258, 0.04118545, -0.70986819, 0.19403324, -0.18080510, -0.34168515, 0.00000000, 0.00000000, 0.00000000, 0.00000000
2, 6.5001, 535, 0.87008601, -0.00661531, -0.46655011, -90.86980438, -57.68932724, 3.26163459, 50.42385101, 0.90616781, 52.44080734, -103.14259338, 87.24489594, -35.70075989, 0.59394234, 0.40835005, -0.58199221, -0.37652069, 0.14494088, 0.37733129, 0.38281494, 0.00000000, 0.00000000, 0.00000000, 0.00000000
5, 6.6500, 539, 0.53537762, 0.36719283, -0.56791961, 34.45493698, 136.55165100, -111.53117371, 18.56182289, 26.74656487, -96.34609985, 18.34479141, -26.35161018, 90.20658112, 0.65272367, -0.26895475, 0.04888251, -0.70655906, 0.14419313, -0.17228702, -0.22896236, 0.00000000, 0.00000000, 0.00000000, 0.00000000
2, 6.5101, 536, 0.50374115, -0.02786131, -0.54488915, -70.29050446, -66.71766663, 0.36422250, 49.83922958, 0.84770536, 52.09003067, 110.15602112, 84.36579895, -178.61277771, 0.54540813, 0.39173418, -0.60287577, -0.43083075, 0.35490903, 0.37165466, 0.08678246, 0.00000000, 0.00000000, 0.00000000, 0.00000000
5, 6.6600, 540, 0.66314101, 0.36046842, -0.55820799, 35.97860718, 150.15948486, -125.10688782, 18.47413063, 28.73428726, -95.38146973, 15.17857552, -27.63623810, 91.25210571, 0.65060294, -0.25891474, 0.07389623, -0.71008337, 0.11587259, -0.14498751, -0.11294200, 0.00000000, 0.00000000, 0.00000000, 0.00000000
2, 6.5201, 537, 0.21773292, 0.00375109, -0.75694114, -51.61210632, -67.86176300, -13.98993206, 49.83922958, 0.84770536, 52.09003067, 111.00224304, 83.50704193, -177.80305481, 0.54061383, 0.38889244, -0.60747612, -0.43298066, 0.46396077, 0.43637139, -0.18701687, 0.00000000, 0.00000000, 0.00000000, 0.00000000
5, 6.6700, 541, 0.76569992, 0.35244253, -0.55092961, 40.98541260, 158.36895752, -137.45352173, 18.44489861, 30.60508537, -94.44606781, 13.47702789, -27.25127411, 90.57449341, 0.65938503, -0.24648486, 0.08355719, -0.70531899, 0.07811627, -0.09969385, -0.01798193, 0.00000000, 0.00000000, 0.00000000, 0.00000000
2, 6.5301, 538, 0.12065300, -0.04729125, -0.81831223, -30.77574730, -56.13765717, -27.95355034, 50.77462769, 0.70154923, 51.56386948, 110.85938263, 82.83900452, -178.14859009, 0.53780872, 0.38531193, -0.61133337, -0.43424413, 0.47542900, 0.43182632, -0.30696148, 0.00000000, 0.00000000, 0.00000000, 0.00000000
5, 6.6800, 542, 0.85521096, 0.34126660, -0.52757281, 46.99864197, 163.05575562, -148.51237488, 18.76644325, 30.40046692, -92.66296387, 11.71398640, -26.90839958, 89.79486084, 0.66857624, -0.23367150, 0.09390371, -0.69970387, 0.04752550, -0.08177726, 0.05856279, 0.00000000, 0.00000000, 0.00000000, 0.00000000
2, 6.5401, 539, 0.04486784, -0.06886812, -0.81242561, -18.18318748, -51.56789398, -41.56306458, 50.24846649, -0.05846244, 49.83922958, 110.11507416, 82.25612640, -179.23686218, 0.53628552, 0.38082948, -0.61492997, -0.43500346, 0.52009404, 0.40209728, -0.36553448, 0.00000000, 0.00000000, 0.00000000, 0.00000000
5, 6.6900, 543, 0.94776452, 0.33586526, -0.50046694, 52.92302322, 164.46759033, -161.03273010, 18.59105492, 33.06050873, -91.25986481, 9.90131950, -26.64758873, 88.91114044, 0.67806131, -0.22073835, 0.10507051, -0.69315773, 0.01679153, -0.06934500, 0.13938093, 0.00000000, 0.00000000, 0.00000000, 0.00000000
2, 6.5501, 540, -0.06178391, -0.08069822, -0.84768409, -10.77630806, -44.14422226, -55.72972107, 50.59923935, 0.67231804, 49.83922958, 108.63130951, 81.73834991, 178.83970642, 0.53591728, 0.37544668, -0.61805612, -0.43570542, 0.57105631, 0.40884528, -0.46383464, 0.00000000, 0.00000000, 0.00000000, 0.00000000
5, 6.7000, 544, 1.03017092, 0.33391738, -0.45515686, 59.75060654, 160.26644897, -173.75093079, 18.59105492, 33.06050873, -91.25986481, 8.08103371, -26.51585770, 87.91539001, 0.68770868, -0.20816222, 0.11707117, -0.68557978, -0.02540834, -0.07099503, 0.21044704, 0.00000000, 0.00000000, 0.00000000, 0.00000000
2, 6.5601, 541, -0.06764345, -0.09118196, -0.87856627, -3.42694497, -27.69923019, -70.85557556, 50.86231995, 1.43232965, 50.01461411, 122.46623230, 72.82703400, -169.02877808, 0.48094195, 0.35180128, -0.67489517, -0.43525553, 0.54517478, 0.38808390, -0.46222427, 0.00000000, 0.00000000, 0.00000000, 0.00000000
5, 6.7100, 545, 1.09876323, 0.32448423, -0.41049618, 64.55818939, 157.18733215, -178.74024963, 18.50336075, 34.28821945, -89.62291718, 5.24318075, -24.54814148, 89.31768799, 0.68748361, -0.18105933, 0.11964206, -0.69301486, -0.06439856, -0.06287850, 0.26490197, 0.00000000, 0.00000000, 0.00000000, 0.00000000
2, 6.5701, 542, -0.10456441, -0.08004238, -0.84727252, 3.66298366, -11.31732750, -80.50892639, 50.86231995, 1.43232965, 50.01461411, 120.87286377, 72.71270752, -171.20370483, 0.48363721, 0.34534159, -0.67600417, -0.43572083, 0.56684577, 0.28864038, -0.38467044, 0.00000000, 0.00000000, 0.00000000, 0.00000000
5, 6.7200, 546, 1.15981650, 0.29979357, -0.38129935, 69.79240417, 158.50433350, -177.30329895, 18.53259277, 34.93130493, -87.98596954, 3.43427372, -24.51835823, 88.21561432, 0.69691497, -0.16874579, 0.13201369, -0.68440259, -0.08708526, -0.02522171, 0.30556637, 0.00000000, 0.00000000, 0.00000000, 0.00000000
2, 6.5801, 543, -0.14137852, -0.03455328, -0.80452961, 8.91603374, 17.01723671, -90.35118103, 51.38848114, 2.28003502, 49.78076553, 118.69012451, 72.82405090, -173.93873596, 0.48822767, 0.33882987, -0.67533600, -0.43674880, 0.63701892, 0.28589803, -0.37504837, 0.00000000, 0.00000000, 0.00000000, 0.00000000
5, 6.7300, 547, 1.19378364, 0.27989128, -0.38283813, 74.34671021, 162.24136353, -173.15357971, 17.94796753, 38.78982544, -86.99210358, 1.65465951, -24.46245384, 87.06728363, 0.70633304, -0.15613829, 0.14385468, -0.67529285, -0.10309383, 0.01878088, 0.33569476, 0.00000000, 0.00000000, 0.00000000, 0.00000000
2, 6.5901, 544, -0.17760406, 0.02531866, -0.81401122, 12.70797062, 57.01390457, -103.88531494, 51.59310150, 2.86465931, 49.80999756, 115.48061371, 73.21150970, -177.63436890, 0.49530566, 0.33222827, -0.67212689, -0.43879634, 0.68923664, 0.33242244, -0.39017403, 0.00000000, 0.00000000, 0.00000000, 0.00000000
5, 6.7400, 548, 1.22512484, 0.26586470, -0.39451805, 80.26084137, 163.71984863, -169.47807312, 17.74334908, 40.80678177, -85.38439178, -0.07595072, -24.40207672, 85.85680389, 0.71576184, -0.14346755, 0.15518732, -0.66559678, -0.10718460, 0.06481807, 0.36549121, 0.00000000, 0.00000000, 0.00000000, 0.00000000
2, 6.6001, 545, -0.12579346, 0.04872737, -0.80607742, 18.29151726, 97.73183441, -124.50866699, 52.14849472, 4.09237051, 51.03770828, 110.85274506, 73.82386017, 177.26347351, 0.50521487, 0.32499379, -0.66630608, -0.44178420, 0.67073274, 0.34302419, -0.36019760, 0.00000000, 0.00000000, 0.00000000, 0.00000000
5, 6.7500, 549, 1.28170192, 0.25977051, -0.37204549, 87.49379730, 160.25988770, -167.11134338, 17.74334908, 40.80678177, -85.38439178, -1.72705150, -24.38459206, 84.57274628, 0.72516423, -0.13118464, 0.16613267, -0.65523082, -0.13438386, 0.08074662, 0.41874853, 0.00000000, 0.00000000, 0.00000000, 0.00000000
2, 6.6101, 546, -0.11203384, 0.06550986, -0.78658575, 31.62923241, 139.90443420, -148.02983093, 52.67465591, 5.29085064, 52.17772675, 112.70036316, 65.63272095, -179.53085327, 0.44922832, 0.30316406, -0.69835675, -0.46752900, 0.66922343, 0.31238729, -0.33900002, 0.00000000, 0.00000000, 0.00000000, 0.00000000
5, 6.7600, 550, 1.32283211, 0.26461026, -0.31662399, 94.41127014, 151.48815918, -167.05795288, 17.77258110, 42.15141678, -83.95205688, -2.62755799, -21.53673553, 83.78813934, 0.73394102, -0.10796343, 0.15408327, -0.65263528, -0.16559768, 0.06235136, 0.45067123, 0.00000000, 0.00000000, 0.00000000, 0.00000000
2, 6.6201, 547, -0.06409231, 0.08469014, -0.76809299, 49.72562790, 183.33172607, -175.86950684, 52.67465591, 5.29085064, 52.17772675, 107.90528107, 66.87657166, 174.88352966, 0.46700570, 0.29382208, -0.68850362, -0.47067726, 0.62088597, 0.22581373, -0.25301874, 0.00000000, 0.00000000, 0.00000000, 0.00000000
5, 6.7700, 551, 1.33904779, 0.27420276, -0.26254487, 99.92241669, 136.49967957, -169.01013184, 16.80795097, 44.16837311, -83.16281891, -4.14561272, -21.76264191, 82.43083954, 0.74272829, -0.09758227, 0.16531418, -0.64148551, -0.16794637, 0.03600923, 0.44950587, 0.00000000, 0.00000000, 0.00000000, 0.00000000
2, 6.6301, 548, 0.04279685, 0.11902940, -0.74952191, 67.60356140, 214.56356812, -206.57702637, 52.93773651, 7.04472351, 53.46389771, 101.70674133, 68.13574982, 167.69673157, 0.48797265, 0.28276259, -0.67662889, -0.47339359, 0.58003056, 0.24539801, -0.19400743, 0.00000000, 0.00000000, 0.00000000, 0.00000000
5, 6.7800, 552, 1.35242701, 0.27400142, -0.23884122, 103.36455536, 118.36450958, -167.55834961, 15.78485775, 45.39608383, -82.25665283, -5.51835918, -22.14427376, 81.07045746, 0.75100362, -0.08876375, 0.17648940, -0.63005245, -0.19230570, 0.04296826, 0.46432710, 0.00000000, 0.00000000, 0.00000000, 0.00000000
2, 6.6401, 549, 0.21246843, 0.17522322, -0.69961745, 82.44446564, 227.74372864, -243.21459961, 52.73311996, 9.29552746, 55.80239487, 94.11531067, 69.09072113, 158.83200073, 0.51111537, 0.26899204, -0.66366339, -0.47534749, 0.51950240, 0.25894195, -0.06957366, 0.00000000, 0.00000000, 0.00000000, 0.00000000
5, 6.7900, 553, 1.36945415, 0.25246033, -0.21089470, 105.78579712, 98.79962921, -162.02653503, 15.11254025, 47.73458099, -81.58432770, -6.71189690, -22.65925217, 79.72597504, 0.75870228, -0.08164382, 0.18732433, -0.61855865, -0.23690388, 0.05970812, 0.48169953, 0.00000000, 0.00000000, 0.00000000, 0.00000000
2, 6.6501, 550, 0.37878209, 0.23589611, -0.62768185, 100.08716583, 227.41030884, -275.63732910, 52.85004425, 11.51710033, 58.55013275, 85.63189697, 69.54238129, 148.74774170, 0.53558058, 0.25249738, -0.65033436, -0.47588205, 0.47156620, 0.25911647, 0.06261428, 0.00000000, 0.00000000, 0.00000000, 0.00000000
5, 6.8000, 554, 1.40114832, 0.20378515, -0.18790764, 104.24919891, 80.49427795, -154.50395203, 15.11254025, 47.73458099, -81.58432770, -7.73982811, -23.27547836, 78.43996429, 0.76567620, -0.07604618, 0.19772083, -0.60734129, -0.29992527, 0.09665027, 0.51257879, 0.00000000, 0.00000000, 0.00000000, 0.00000000
2, 6.6601, 551, 0.55468428, 0.30589822, -0.53550655, 117.80083466, 220.95439148, -305.59869385, 52.99620056, 14.73253441, 59.60245514, 67.38919830, 62.09910965, 140.75473022, 0.50889391, 0.24459913, -0.59179062, -0.57531053, 0.41484907, 0.22755155, 0.18996325, 0.00000000, 0.00000000, 0.00000000, 0.00000000
5, 6.8100, 555, 1.43341208, 0.15178612, -0.19001569, 95.62445831, 62.10426712, -144.52716064, 14.38175964, 49.60537720, -81.49663544, -6.62007380, -19.88981056, 76.72991943, 0.77719277, -0.06241996, 0.17048264, -0.60250396, -0.33186489, 0.14317097, 0.53909498, 0.00000000, 0.00000000, 0.00000000, 0.00000000
2, 6.6701, 552, 0.70350724, 0.35696915, -0.40108359, 134.79606628, 216.63092041, -333.37744141, 52.99620056, 14.73253441, 59.60245514, 62.18466568, 60.76458740, 133.07540894, 0.53371769, 0.21992479, -0.58110565, -0.57366794, 0.35519257, 0.10418831, 0.26292074, 0.00000000, 0.00000000, 0.00000000, 0.00000000
5, 6.8200, 556, 1.39273775, 0.12837446, -0.21932110, 85.40616608, 51.34234619, -137.31016541, 13.88482857, 51.35925293, -81.46740723, -7.50376892, -20.57000542, 75.72087860, 0.78232783, -0.05851303, 0.18017566, -0.59336007, -0.28272486, 0.17244661, 0.48273525, 0.00000000, 0.00000000, 0.00000000, 0.00000000
2, 6.6801, 553, 0.82295644, 0.39626390, -0.26206666, 149.84388733, 221.56954956, -357.23345947, 52.49926758, 17.74334908, 62.20403290, 57.50093842, 59.02583313, 125.64877319, 0.55925184, 0.19303915, -0.56962991, -0.57052171, 0.34560737, 0.03251936, 0.38831568, 0.00000000, 0.00000000, 0.00000000, 0.00000000
5, 6.8300, 557, 1.27390373, 0.12403946, -0.25479460, 75.95150757, 40.46885681, -130.98184204, 13.09558582, 52.03157043, -81.37971497, -8.31451988, -21.28533745, 74.83952332, 0.78662515, -0.05534254, 0.18958378, -0.58499235, -0.25585562, 0.21277955, 0.37400919, 0.00000000, 0.00000000, 0.00000000, 0.00000000
2, 6.6901, 554, 0.93815500, 0.43180647, -0.12867066, 159.32283020, 235.20915222, -378.35766602, 51.41771317, 21.39725113, 64.19175720, 53.27913284, 56.88769150, 118.49061584, 0.58542937, 0.16425674, -0.55651045, -0.56620520, 0.33000159, -0.03970037, 0.50482595, 0.00000000, 0.00000000, 0.00000000, 0.00000000
5, 6.8400, 558, 1.18853426, 0.12382784, -0.23866253, 69.64994812, 30.44292259, -125.46215820, 12.62788677, 53.90236664, -80.94124603, -9.04962730, -22.03562355, 74.05151367, 0.79028606, -0.05290247, 0.19873358, -0.57719517, -0.26858786, 0.21352366, 0.29426587, 0.00000000, 0.00000000, 0.00000000, 0.00000000
2, 6.7001, 555, 1.06544447, 0.47286460, -0.06095855, 161.94662476, 249.75869751, -393.07040405, 50.74539566, 25.43115997, 65.94563293, 49.56846237, 54.37658310, 111.73533630, 0.61168432, 0.13414577, -0.54141694, -0.56099457, 0.27093983, -0.06328528, 0.59821552, 0.00000000, 0.00000000, 0.00000000, 0.00000000
5, 6.8500, 559, 1.19584978, 0.12177441, -0.17464007, 65.93318939, 26.85662842, -121.74973297, 12.62788677, 53.90236664, -80.94124603, -9.74879265, -22.78885460, 73.31608582, 0.79358035, -0.05070348, 0.20764501, -0.56968677, -0.32964307, 0.18195446, 0.30194727, 0.00000000, 0.00000000, 0.00000000, 0.00000000
2, 6.7101, 556, 1.24968302, 0.51506072, -0.04364335, 160.74401855, 250.90917969, -397.95507812, 48.90382767, 29.34814262, 67.93334961, 39.38957596, 47.24541473, 105.79282379, 0.62807846, 0.11462319, -0.47384956, -0.60650271, 0.12980112, -0.04741062, 0.68316376, 0.00000000, 0.00000000, 0.00000000, 0.00000000
5, 6.8600, 560, 1.23579121, 0.11247353, -0.14762019, 60.71905136, 28.29174995, -116.61915588, 11.95556831, 54.75007248, -80.82431793, -8.10742855, -19.34101486, 71.91650391, 0.80291963, -0.04198356, 0.17655192, -0.56779122, -0.35558331, 0.17224492, 0.33685708, 0.00000000, 0.00000000, 0.00000000, 0.00000000
2, 6.7201, 557, 1.44997478, 0.55915034, -0.00204476, 162.62532043, 232.34091187, -385.95986938, 48.90382767, 29.34814262, 67.93334961, 38.21624374, 44.06874466, 101.46368408, 0.64947152, 0.08238120, -0.45929822, -0.60037100, -0.04219744, -0.04176886, 0.75029892, 0.00000000, 0.00000000, 0.00000000, 0.00000000
5, 6.8700, 561, 1.26514626, 0.11503802, -0.16005842, 53.85423660, 27.26475716, -108.16125488, 11.25401878, 56.62086868, -81.52587128, -8.80132198, -19.96904564, 71.30561829, 0.80565262, -0.03935748, 0.18451542, -0.56154174, -0.30869249, 0.16457701, 0.34904796, 0.00000000, 0.00000000, 0.00000000, 0.00000000
2, 6.7301, 558, 1.64486480, 0.60106641, 0.00934524, 165.12658691, 187.25151062, -360.40670776, 47.03303146, 32.76819611, 68.72259521, 37.85006332, 41.19476700, 97.91541290, 0.66747355, 0.05164501, -0.44749111, -0.59292793, -0.19195589, -0.03570331, 0.88029563, 0.00000000, 0.00000000, 0.00000000, 0.00000000
5, 6.8800, 562, 1.27517402, 0.12858683, -0.17027153, 50.51113892, 20.42215729, -99.22081757, 10.34785175, 54.13621521, -81.26278687, -9.40087700, -20.58541489, 70.74847412, 0.80804515, -0.03734811, 0.19187745, -0.55574393, -0.30354270, 0.17138343, 0.36642241, 0.00000000, 0.00000000, 0.00000000, 0.00000000
2, 6.7401, 559, 1.76833630, 0.63817239, 0.08537707, 172.00056458, 114.77376556, -329.14120483, 45.13300323, 36.77287292, 69.33644867, 38.43043900, 38.80660248, 95.25393677, 0.68103832, 0.02254608, -0.44075781, -0.58430392, -0.25710240, -0.08386861, 1.00294936, 0.00000000, 0.00000000, 0.00000000, 0.00000000
5, 6.8900, 563, 1.27705801, 0.13369848, -0.17953144, 49.22167969, 8.28696823, -91.08112335, 10.52323914, 58.40397644, -81.08740234, -9.87069511, -21.23440742, 70.23429871, 0.81011146, -0.03642765, 0.19879308, -0.55033970, -0.30398437, 0.18167496, 0.37487984, 0.00000000, 0.00000000, 0.00000000, 0.00000000
2, 6.7501, 560, 1.80965924, 0.67110562, 0.21542928, 178.39924622, 53.48000717, -297.38919067, 44.08067703, 40.22215652, 69.33644867, 39.68404770, 36.89896393, 93.24942780, 0.69087851, -0.00475407, -0.43847862, -0.57480496, -0.23369296, -0.17758641, 1.10492826, 0.00000000, 0.00000000, 0.00000000, 0.00000000
5, 6.9000, 564, 1.27513945, 0.13401832, -0.19573800, 47.64365768, -4.95155954, -82.78879547, 10.20169544, 57.70242691, -81.52587128, -10.20486832, -21.92051315, 69.76768494, 0.81182963, -0.03668090, 0.20528276, -0.54538631, -0.30268997, 0.19790617, 0.37983629, 0.00000000, 0.00000000, 0.00000000, 0.00000000
2, 6.7601, 561, 1.74294388, 0.68154681, 0.34631979, 182.54188538, 11.77913952, -256.08401489, 44.08067703, 40.22215652, 69.33644867, 34.16630936, 33.60998917, 88.51960754, 0.71462262, -0.00852597, -0.39418659, -0.57780516, -0.14479578, -0.27178460, 1.11023211, 0.00000000, 0.00000000, 0.00000000, 0.00000000
5, 6.9100, 565, 1.24488199, 0.13683265, -0.21192323, 45.57264328, -15.57364464, -74.11235046, 10.20169544, 57.70242691, -81.52587128, -7.89001513, -19.21693993, 68.88003540, 0.81771696, -0.03822982, 0.17569427, -0.54681730, -0.28249869, 0.20079678, 0.34997886, 0.00000000, 0.00000000, 0.00000000, 0.00000000
2, 6.7701, 562, 1.65388131, 0.62965351, 0.46710485, 179.91934204, -15.15593338, -225.00093079, 42.79450226, 43.14527893, 68.89797974, 36.05581665, 32.43225861, 87.44557953, 0.71960688, -0.03121974, -0.39730510, -0.56863004, -0.08550713, -0.36994427, 1.03009260, 0.00000000, 0.00000000, 0.00000000, 0.00000000
5, 6.9200, 566, 1.16563737, 0.14090218, -0.20896924, 42.37212372, -24.55784416, -61.49171448, 9.47091484, 60.30400467, -82.02279663, -7.98429394, -19.87285805, 68.48748016, 0.81903583, -0.04017583, 0.18088539, -0.54299802, -0.24099731, 0.16940530, 0.25533447, 0.00000000, 0.00000000, 0.00000000, 0.00000000
2, 6.7801, 563, 1.48188186, 0.58238131, 0.54849529, 168.80986023, -22.40227127, -199.78141785, 41.50833130, 45.92224503, 67.84565735, 37.85653305, 31.47545242, 86.49039459, 0.72348922, -0.05165303, -0.40080243, -0.55968994, 0.03850197, -0.48859042, 0.93457085, 0.00000000, 0.00000000, 0.00000000, 0.00000000
5, 6.9300, 567, 1.07038283, 0.14035299, -0.19080663, 39.88346481, -24.27061844, -53.25097275, 9.14937115, 60.94709015, -81.78894806, -8.02835083, -20.46705818, 68.11957550, 0.82023984, -0.04218419, 0.18540466, -0.53949267, -0.25231725, 0.15788031, 0.16289693, 0.00000000, 0.00000000, 0.00000000, 0.00000000
2, 6.7901, 564, 1.30337143, 0.54594880, 0.58860660, 150.05804443, -6.29530716, -181.23033142, 40.33908081, 47.79304123, 66.93949127, 39.33942413, 30.58217621, 85.48631287, 0.72731674, -0.06989951, -0.40274310, -0.55129176, 0.15364209, -0.56677282, 0.81911176, 0.00000000, 0.00000000, 0.00000000, 0.00000000
5, 7.0000, 568, 0.91213816, 0.23939234, -0.18607597, 10.51445580, 48.30844116, -7.84018898, 8.09704781, 63.02250671, -82.08126068, -7.61252785, -17.95660782, 65.92786407, 0.83254224, -0.02971306, 0.16632506, -0.52756667, -0.13223669, 0.07542749, 0.00078775, 0.00000000, 0.00000000, 0.00000000, 0.00000000
2, 6.8001, 565, 1.28793204, 0.52734566, 0.53847355, 119.56582642, 22.16722870, -168.47178650, 39.69599533, 49.45922089, 65.97486115, 40.37015533, 29.61721611, 84.39366913, 0.73148298, -0.08600801, -0.40179038, -0.54415059, 0.11628788, -0.56375718, 0.77879089, 0.00000000, 0.00000000, 0.00000000, 0.00000000
5, 7.0100, 569, 0.95378518, 0.25963387, -0.18544798, 10.69298363, 46.57338333, -2.20536399, 8.09704781, 63.02250671, -82.08126068, -7.05632448, -16.31600189, 65.57025909, 0.83535111, -0.02548074, 0.15205865, -0.52765286, -0.11395796, 0.06179511, 0.04071897, 0.00000000, 0.00000000, 0.00000000, 0.00000000
2, 6.8101, 566, 1.41153872, 0.51168191, 0.40013582, 96.14344025, 33.54523849, -151.67382812, 39.69599533, 49.45922089, 65.97486115, 33.95480347, 28.15751457, 78.75020599, 0.76217473, -0.07133992, -0.35951942, -0.53361607, -0.06488519, -0.47106493, 0.77277404, 0.00000000, 0.00000000, 0.00000000, 0.00000000
5, 7.0200, 570, 0.97227556, 0.26220846, -0.18576171, 11.06745243, 40.21012497, 2.58055592, 7.22011089, 62.78865814, -81.99356842, -7.24215984, -16.02414131, 65.38212585, 0.83647096, -0.02249662, 0.15084781, -0.52636039, -0.09266600, 0.05444016, 0.05188521, 0.00000000, 0.00000000, 0.00000000, 0.00000000
2, 6.8201, 567, 1.49036026, 0.50626498, 0.34616011, 85.14639282, 20.81254196, -130.36524963, 38.29289627, 50.86231995, 65.41946411, 34.76804352, 27.30325508, 78.02413940, 0.76496226, -0.08381003, -0.35777292, -0.52896804, -0.17018047, -0.38736039, 0.74682826, 0.00000000, 0.00000000, 0.00000000, 0.00000000
5, 7.0300, 571, 0.96967965, 0.25761443, -0.18298905, 10.29086876, 30.36789131, 6.77242279, 7.89242887, 62.32095718, -81.32125092, -7.34021235, -15.77331829, 65.22029877, 0.83741188, -0.02038500, 0.14951687, -0.52532899, -0.09293677, 0.05831477, 0.04764133, 0.00000000, 0.00000000, 0.00000000, 0.00000000
2, 6.8301, 568, 1.54437912, 0.49240234, 0.29317546, 80.40879059, -3.49332786, -108.40410614, 37.70827103, 51.82695007, 64.95176697, 35.67769241, 26.69996834, 77.54154968, 0.76641190, -0.09474839, -0.35801536, -0.52484339, -0.25271267, -0.37394536, 0.75435483, 0.00000000, 0.00000000, 0.00000000, 0.00000000
5, 7.0400, 572, 0.94725430, 0.26082677, -0.17750584, 8.83600521, 22.11402130, 10.57263088, 7.45396090, 62.99327469, -81.64279175, -7.36576319, -15.55371761, 65.08912659, 0.83817124, -0.01899362, 0.14806895, -0.52457970, -0.08799495, 0.05315271, 0.02419769, 0.00000000, 0.00000000, 0.00000000, 0.00000000
2, 6.9001, 569, 1.07359564, 0.39149928, 0.26691312, 23.55209923, -90.70834351, -70.28092194, 35.92516708, 55.65623856, 59.80707169, 39.43959045, 25.66062737, 77.22309113, 0.76396209, -0.12662615, -0.36864915, -0.51422334, 0.00059962, -0.47784460, 0.38671166, 0.00000000, 0.00000000, 0.00000000, 0.00000000
5, 7.0500, 573, 0.91315085, 0.27136177, -0.16837655, 7.61574936, 17.64341927, 12.83010197, 6.84010506, 62.23326492, -81.49663544, -7.35246134, -15.34901619, 64.97913361, 0.83881330, -0.01798699, 0.14654455, -0.52401656, -0.07954977, 0.03933580, -0.01052317, 0.00000000, 0.00000000, 0.00000000, 0.00000000
2, 6.9101, 570, 1.05564690, 0.38752162, 0.23065975, 9.20469570, -62.36229706, -67.22305298, 35.92516708, 55.65623856, 59.80707169, 34.08800888, 25.34268188, 74.00196075, 0.78364766, -0.10216284, -0.33959407, -0.51003432, -0.01212126, -0.44967252, 0.34732094, 0.00000000, 0.00000000, 0.00000000, 0.00000000
5, 7.0600, 574, 0.88517135, 0.28340268, -0.16834958, 6.67980528, 16.02551460, 14.60864067, 6.84010506, 62.23326492, -81.49663544, -7.03232384, -14.65754509, 64.84016418, 0.83986229, -0.01691224, 0.14008987, -0.52413768, -0.06230880, 0.02904240, -0.03888164, 0.00000000, 0.00000000, 0.00000000, 0.00000000
2, 6.9201, 571, 1.04166245, 0.39415783, 0.18661444, 0.72356498, -39.03704834, -62.55731201, 35.31131363, 56.50394440, 59.63168716, 34.75092697, 24.92085838, 74.35877991, 0.78141832, -0.10789017, -0.34028202, -0.51181376, -0.02644078, -0.36596000, 0.27884674, 0.00000000, 0.00000000, 0.00000000, 0.00000000
5, 7.0700, 575, 0.87953174, 0.29781136, -0.17582116, 5.95036602, 16.43150520, 16.31010818, 7.48319197, 60.85939789, -81.02893829, -6.99475908, -14.43495941, 64.75149536, 0.84040636, -0.01603679, 0.13831508, -0.52376419, -0.03664149, 0.01968183, -0.04558741, 0.00000000, 0.00000000, 0.00000000, 0.00000000
2, 6.9301, 572, 1.02848387, 0.39550099, 0.14872867, -5.31235743, -16.90033913, -54.99570084, 35.74977875, 56.00701523, 59.57322311, 35.15105057, 24.47234344, 74.54882050, 0.78012466, -0.11245919, -0.33950263, -0.51331908, -0.04228863, -0.34657586, 0.25303096, 0.00000000, 0.00000000, 0.00000000, 0.00000000
5, 7.0800, 576, 0.88838643, 0.32378322, -0.19240573, 5.90733194, 17.35631752, 17.68220711, 7.39549828, 62.29172516, -81.14586639, -6.95368004, -14.19619465, 64.66200256, 0.84096134, -0.01511327, 0.13640480, -0.52340186, -0.00427730, 0.01140181, -0.03400785, 0.00000000, 0.00000000, 0.00000000, 0.00000000
2, 6.9401, 573, 1.00930393, 0.39285851, 0.10940847, -10.81118202, 4.02932739, -46.85986328, 35.04823303, 57.00087738, 58.84244156, 35.30188370, 24.01063538, 74.58248901, 0.77974290, -0.11586442, -0.33738023, -0.51453960, -0.05688884, -0.32574603, 0.21794802, 0.00000000, 0.00000000, 0.00000000, 0.00000000
5, 7.0900, 577, 0.89876330, 0.35925993, -0.22891408, 6.83102703, 17.52942467, 18.06015015, 7.65857935, 62.55480957, -81.37971497, -6.90789843, -13.95464706, 64.56313324, 0.84155715, -0.01420331, 0.13445182, -0.52297479, 0.04891183, 0.00965641, -0.01819891, 0.00000000, 0.00000000, 0.00000000, 0.00000000
2, 6.9501, 574, 0.99627912, 0.40987119, 0.09274522, -14.95417118, 22.47560692, -38.48826981, 34.78514862, 57.38088226, 59.80707169, 35.23323822, 23.55135155, 74.47655487, 0.78019607, -0.11816986, -0.33414045, -0.51544183, -0.05483015, -0.30396125, 0.20636755, 0.00000000, 0.00000000, 0.00000000, 0.00000000
5, 7.1000, 578, 0.91149741, 0.39287198, -0.25046283, 8.56172562, 18.59951973, 18.36157036, 8.18474102, 62.11634064, -81.32125092, -6.86073780, -13.70532894, 64.44515991, 0.84224159, -0.01324858, 0.13243589, -0.52241212, 0.08974133, -0.00096649, -0.00165213, 0.00000000, 0.00000000, 0.00000000, 0.00000000
2, 6.9601, 575, 0.97790909, 0.43350574, 0.06426060, -19.09054184, 39.44012451, -31.77709389, 34.78514862, 57.38088226, 59.80707169, 31.52868271, 23.51494217, 72.92293549, 0.79066670, -0.09737547, -0.31578657, -0.51540571, -0.04994120, -0.25450867, 0.17960283, 0.00000000, 0.00000000, 0.00000000, 0.00000000
5, 7.1100, 579, 0.92657495, 0.42553464, -0.22526354, 11.64628887, 22.30597496, 18.14775848, 8.06781673, 62.52557755, -80.76585388, -7.44825220, -14.34866333, 64.29593658, 0.84259051, -0.01175068, 0.13980821, -0.51995862, 0.09209131, -0.04010743, 0.01391185, 0.00000000, 0.00000000, 0.00000000, 0.00000000
2, 6.9701, 576, 0.97669339, 0.45561302, 0.03762872, -21.05409622, 53.07022476, -25.70538902, 33.76205826, 57.49780655, 60.18708038, 31.12310600, 23.03291321, 72.61814117, 0.79238164, -0.09794483, -0.31064412, -0.51578903, -0.05383296, -0.18120091, 0.14978796, 0.00000000, 0.00000000, 0.00000000, 0.00000000
5, 7.1200, 580, 0.92767286, 0.45920539, -0.20996055, 12.91191196, 26.38418007, 17.75564766, 8.06781673, 62.52557755, -80.76585388, -7.43650246, -14.05458450, 64.11642456, 0.84358346, -0.01025182, 0.13763042, -0.51896024, 0.09679570, -0.06787869, 0.01912118, 0.00000000, 0.00000000, 0.00000000, 0.00000000
2, 6.9801, 577, 0.97709745, 0.46698216, 0.01246039, -21.20601845, 61.52220535, -20.16864204, 33.73282623, 57.26395798, 60.30400467, 30.62172318, 22.56633949, 72.24265289, 0.79449856, -0.09792787, -0.30508885, -0.51585168, -0.06863343, -0.15057859, 0.13646190, 0.00000000, 0.00000000, 0.00000000, 0.00000000
5, 7.1300, 581, 0.89962178, 0.48424247, -0.22425507, 10.49544716, 24.96335220, 18.76905251, 8.18474102, 62.02864456, -80.79508972, -7.41847420, -13.76055527, 63.96442795, 0.84444511, -0.00883885, 0.13541719, -0.51816648, 0.13272657, -0.07655580, -0.00637106, 0.00000000, 0.00000000, 0.00000000, 0.00000000
2, 6.9901, 578, 0.97728616, 0.47400391, -0.00380142, -19.83016396, 64.35311127, -14.48738670, 33.61590195, 56.91318130, 60.56708527, 30.07819939, 22.14044571, 71.83505249, 0.79679763, -0.09745129, -0.29955977, -0.51563632, -0.08056534, -0.12826179, 0.12502412, 0.00000000, 0.00000000, 0.00000000, 0.00000000
5, 7.1400, 582, 0.89575100, 0.49942601, -0.25000176, 6.65449286, 25.74910164, 22.41200256, 8.15550995, 62.20403290, -80.97047424, -7.39399672, -13.43090153, 63.85037994, 0.84514964, -0.00735849, 0.13290763, -0.51769078, 0.16741836, -0.07037752, -0.00772281, 0.00000000, 0.00000000, 0.00000000, 0.00000000
2, 7.0001, 579, 0.98689741, 0.48201677, -0.01589913, -16.77682495, 61.53277588, -7.31783009, 33.64513397, 57.46857452, 60.50862122, 29.53815269, 21.79384995, 71.43014526, 0.79908055, -0.09653969, -0.29454803, -0.51516193, -0.09553026, -0.10765274, 0.12317697, 0.00000000, 0.00000000, 0.00000000, 0.00000000
5, 7.1500, 583, 0.92784715, 0.51662564, -0.28038308, 5.08313847, 33.51551437, 28.47083664, 7.92166042, 61.88248825, -80.91201019, -7.38121557, -13.00202942, 63.73842621, 0.84589279, -0.00534057, 0.12972096, -0.51730973, 0.20354995, -0.06239869, 0.02692208, 0.00000000, 0.00000000, 0.00000000, 0.00000000
2, 7.0101, 580, 0.98075271, 0.48433554, -0.02602633, -13.37261200, 54.73785019, 0.11570709, 33.64513397, 57.46857452, 60.50862122, 27.64309120, 22.35143661, 71.10298920, 0.80197644, -0.08125093, -0.28939334, -0.51622051, -0.09645642, -0.08686116, 0.10764023, 0.00000000, 0.00000000, 0.00000000, 0.00000000
5, 7.1600, 584, 0.96488762, 0.51705074, -0.31360346, 7.26226854, 42.58541870, 33.07585526, 8.21397209, 60.97632217, -80.67816162, -7.53190231, -14.56466484, 64.29794312, 0.84245479, -0.01214415, 0.14175908, -0.51964116, 0.22260711, -0.03954566, 0.06714898, 0.00000000, 0.00000000, 0.00000000, 0.00000000
2, 7.0201, 581, 0.96728140, 0.47799039, -0.03080461, -10.31237507, 45.61491394, 7.71777487, 33.79129028, 55.59777832, 61.56094742, 27.18308449, 22.20278549, 70.78245544, 0.80376559, -0.07959878, -0.28612494, -0.51551682, -0.08565852, -0.06501348, 0.08331329, 0.00000000, 0.00000000, 0.00000000, 0.00000000
5, 7.1700, 585, 0.99827772, 0.50137091, -0.35338762, 11.22432613, 50.67286682, 34.97079849, 8.21397209, 60.97632217, -80.67816162, -7.55404520, -13.97679996, 64.08977509, 0.84376067, -0.00899309, 0.13759793, -0.51870412, 0.21962045, 0.00058899, 0.10693825, 0.00000000, 0.00000000, 0.00000000, 0.00000000
2, 7.0301, 582, 0.93884075, 0.47313470, -0.03993024, -8.06449032, 34.80865479, 14.57470512, 33.32358932, 57.49780655, 61.82402802, 26.78409958, 22.16149712, 70.52829742, 0.80518925, -0.07764187, -0.28388566, -0.51483113, -0.07374199, -0.05618002, 0.05267288, 0.00000000, 0.00000000, 0.00000000, 0.00000000
5, 7.1800, 586, 1.01067328, 0.48839748, -0.39365640, 15.98956776, 56.36676025, 33.81902313, 7.98012257, 60.80093384, -80.09353638, -7.60499287, -13.36254406, 63.82268143, 0.84532487, -0.00545355, 0.13336262, -0.51731086, 0.24880028, 0.03852890, 0.11948480, 0.00000000, 0.00000000, 0.00000000, 0.00000000
2, 7.0401, 583, 0.90585399, 0.47908562, -0.04990116, -6.70072889, 24.35634232, 19.78497124, 34.49283981, 56.59164047, 61.73633194, 26.44718361, 22.21032333, 70.34408569, 0.80623180, -0.07547820, -0.28257129, -0.51424396, -0.05206620, -0.03968889, 0.02489490, 0.00000000, 0.00000000, 0.00000000, 0.00000000
5, 7.1900, 587, 0.99727494, 0.46823534, -0.41484743, 21.02433014, 57.05155182, 31.01965904, 8.03858471, 60.24554062, -79.74276733, -7.66525602, -12.76953506, 63.50344086, 0.84708405, -0.00190368, 0.12930669, -0.51548499, 0.26258478, 0.06902508, 0.10416389, 0.00000000, 0.00000000, 0.00000000, 0.00000000
2, 7.0501, 584, 0.88928252, 0.50021136, -0.08340342, -7.02476072, 16.34695625, 22.77013588, 34.49283981, 56.59164047, 61.73633194, 26.15671349, 22.31580353, 70.22330475, 0.80693889, -0.07319184, -0.28188586, -0.51384157, -0.04510018, 0.00362775, 0.00527764, 0.00000000, 0.00000000, 0.00000000, 0.00000000
5, 7.2000, 588, 0.98261642, 0.43829992, -0.40269592, 25.42831039, 54.16230774, 28.87923241, 8.30166626, 61.03478622, -78.92429352, -7.71056747, -12.21802711, 63.14541245, 0.84896779, 0.00136517, 0.12546639, -0.51333243, 0.24514574, 0.08388141, 0.08377324, 0.00000000, 0.00000000, 0.00000000, 0.00000000
2, 7.0601, 585, 0.90280902, 0.53029090, -0.12124321, -8.12490654, 9.52279854, 23.89005661, 33.52820587, 57.55627060, 62.35018921, 26.58817482, 22.86182785, 70.74281311, 0.80420589, -0.07213472, -0.28774509, -0.51502645, -0.05491168, 0.05366309, 0.01158462, 0.00000000, 0.00000000, 0.00000000, 0.00000000
5, 7.2100, 589, 0.97360438, 0.40340909, -0.35980213, 27.14074135, 50.67192459, 28.33608627, 8.65244102, 59.51476288, -78.83659363, -6.86200428, -13.39480972, 63.57057953, 0.84639066, -0.01079697, 0.13026570, -0.51627237, 0.19341497, 0.07712075, 0.06691346, 0.00000000, 0.00000000, 0.00000000, 0.00000000
2, 7.0701, 586, 0.92757207, 0.59057444, -0.15301476, -7.52341461, 7.72876644, 26.88604546, 34.49283981, 56.32855988, 61.50248337, 26.34189987, 23.03665733, 70.69065094, 0.80454981, -0.06963803, -0.28775302, -0.51482868, -0.05086543, 0.11632767, 0.04797177, 0.00000000, 0.00000000, 0.00000000, 0.00000000
5, 7.2200, 590, 0.97492856, 0.38578489, -0.31757241, 25.81196785, 48.84315872, 28.58982849, 8.65244102, 59.51476288, -78.83659363, -6.87196016, -12.87888432, 63.22547150, 0.84823990, -0.00796438, 0.12655628, -0.51420748, 0.13779977, 0.05010661, 0.06406519, 0.00000000, 0.00000000, 0.00000000, 0.00000000
2, 7.0801, 587, 0.95151174, 0.63933516, -0.18314408, 2.82026100, 15.21736240, 34.95489502, 34.02513885, 56.94241333, 62.49634552, 26.03378296, 23.28137970, 70.49206543, 0.80555725, -0.06671548, -0.28785926, -0.51357919, -0.05515189, 0.17680731, 0.07347482, 0.00000000, 0.00000000, 0.00000000, 0.00000000
5, 7.2300, 591, 0.96702981, 0.38168922, -0.29545510, 23.59120369, 45.66044617, 28.33192444, 7.51242304, 60.74247360, -78.63198090, -6.87446117, -12.38494110, 62.90912247, 0.84992605, -0.00534055, 0.12295560, -0.51232713, 0.12857632, 0.03837690, 0.05183286, 0.00000000, 0.00000000, 0.00000000, 0.00000000
2, 7.0901, 588, 0.94317955, 0.66937095, -0.23539446, 14.89974213, 29.39579010, 43.87034988, 34.11283112, 55.97778320, 63.02250671, 25.60923386, 23.57873344, 70.07645416, 0.80756283, -0.06324915, -0.28768313, -0.51096022, -0.05588210, 0.24125546, 0.05548438, 0.00000000, 0.00000000, 0.00000000, 0.00000000
5, 7.2400, 592, 0.95898622, 0.38711557, -0.28730264, 21.62989998, 39.83079529, 26.69316864, 7.86319780, 60.01169205, -78.71967316, -6.86106634, -11.94167805, 62.62336731, 0.85143030, -0.00311708, 0.11964132, -0.51062971, 0.13529894, 0.02895324, 0.04182538, 0.00000000, 0.00000000, 0.00000000, 0.00000000
2, 7.1001, 589, 0.94377559, 0.65938735, -0.26950634, 28.39594460, 47.60075378, 51.73437119, 34.11283112, 55.97778320, 63.02250671, 25.04353523, 23.90306282, 69.39978027, 0.81075132, -0.05930152, -0.28695342, -0.50677752, -0.07321354, 0.26661462, 0.03222859, 0.00000000, 0.00000000, 0.00000000, 0.00000000
5, 7.2500, 593, 0.95955384, 0.39759097, -0.28053647, 20.82806206, 30.37799072, 23.30584335, 8.15550995, 60.30400467, -78.16427612, -6.81660843, -11.58838558, 62.36278534, 0.85276359, -0.00157468, 0.11684135, -0.50905794, 0.14403553, 0.01630275, 0.04121295, 0.00000000, 0.00000000, 0.00000000, 0.00000000
2, 7.1101, 590, 0.93386924, 0.61777854, -0.28309387, 38.97765732, 65.52024841, 56.49796677, 34.05437088, 56.38702011, 62.84711838, 26.82108307, 24.66545486, 69.76853943, 0.80785960, -0.06703658, -0.30001390, -0.50285268, -0.08676360, 0.24860483, 0.00021595, 0.00000000, 0.00000000, 0.00000000, 0.00000000
5, 7.2600, 594, 0.96814507, 0.40124500, -0.26731053, 21.10959816, 17.89178085, 18.97364426, 8.36012840, 60.24554062, -78.16427612, -6.65780783, -12.63371086, 62.60558319, 0.85113263, -0.00775536, 0.12383836, -0.51007581, 0.13508160, 0.00306457, 0.04879221, 0.00000000, 0.00000000, 0.00000000, 0.00000000
2, 7.1201, 591, 0.92952585, 0.58414924, -0.28760403, 45.51405716, 82.62392426, 57.66022491, 34.93130493, 55.89009094, 62.93481445, 25.98468590, 24.96170044, 68.67041016, 0.81300306, -0.06248450, -0.29769725, -0.49648577, -0.09243662, 0.21457325, -0.01045230, 0.00000000, 0.00000000, 0.00000000, 0.00000000
5, 7.2700, 595, 0.97012031, 0.39766717, -0.25943014, 21.38861656, 7.18837976, 15.10459518, 8.36012840, 60.24554062, -78.16427612, -6.51961851, -12.50267506, 62.37962723, 0.85220045, -0.00794499, 0.12227313, -0.50866550, 0.11320008, -0.00291600, 0.05218508, 0.00000000, 0.00000000, 0.00000000, 0.00000000
2, 7.1301, 592, 0.90553355, 0.56014061, -0.27254957, 47.64303589, 98.08131409, 54.70841217, 34.49283981, 55.94855118, 62.90558243, 25.03489685, 25.15825081, 67.42584229, 0.81876308, -0.05795465, -0.29426414, -0.48956811, -0.07606964, 0.20065098, -0.03650889, 0.00000000, 0.00000000, 0.00000000, 0.00000000
5, 7.3200, 596, 0.92845821, 0.35924265, -0.19827478, 14.42999268, -25.87646294, 3.46877980, 8.36012840, 60.27477264, -79.07044983, -5.73406553, -13.44478321, 61.77369308, 0.85422170, -0.01738654, 0.12583219, -0.50415200, 0.03410428, -0.02944167, 0.00349692, 0.00000000, 0.00000000, 0.00000000, 0.00000000
2, 7.1701, 593, 0.85513574, 0.47871876, -0.12538740, 12.93277550, 152.90858459, 6.45940161, 34.11283112, 56.44548416, 63.37328339, 21.90827179, 24.08084297, 62.69973755, 0.84062362, -0.05216069, -0.27158821, -0.46569413, -0.01964365, 0.08062868, -0.06339422, 0.00000000, 0.00000000, 0.00000000, 0.00000000
5, 7.3300, 597, 0.89583737, 0.34635478, -0.17533886, 10.63778591, -25.71487999, 2.62707424, 8.59397793, 60.59631729, -79.36275482, -5.51237869, -13.62229633, 61.70883560, 0.85435331, -0.01976394, 0.12618195, -0.50375390, 0.00995714, -0.03958143, -0.03184322, 0.00000000, 0.00000000, 0.00000000, 0.00000000
2, 7.1801, 594, 0.89331943, 0.46999377, -0.11165921, 8.85783482, 151.63990784, 0.66835487, 33.73282623, 56.06547546, 64.10406494, 20.70451546, 23.38493919, 61.43498230, 0.84675550, -0.04944739, -0.26127541, -0.46075505, -0.05497627, 0.08114187, -0.04565716, 0.00000000, 0.00000000, 0.00000000, 0.00000000
5, 7.3400, 598, 0.86494082, 0.34072533, -0.15269013, 5.94712877, -23.22021675, 2.22046375, 8.94475269, 60.18708038, -79.24583435, -5.32656860, -13.77999401, 61.68675995, 0.85430902, -0.02183140, 0.12653697, -0.50365472, -0.00909295, -0.05433539, -0.06478123, 0.00000000, 0.00000000, 0.00000000, 0.00000000
2, 7.1901, 595, 0.93569428, 0.47496480, -0.09876368, 8.06712341, 143.38929749, -0.17187583, 33.44051361, 56.09470749, 64.98100281, 19.59125137, 22.69742393, 60.26413345, 0.85240430, -0.04692488, -0.25144437, -0.45604903, -0.08733463, 0.09111726, -0.01782500, 0.00000000, 0.00000000, 0.00000000, 0.00000000
5, 7.3500, 599, 0.83982307, 0.34282264, -0.14260340, 1.21744442, -18.87261200, 2.24408984, 8.62320995, 60.47939301, -79.45045471, -5.18576765, -13.90180779, 61.70534515, 0.85411441, -0.02344713, 0.12681635, -0.50384176, -0.01403116, -0.06544133, -0.09014576, 0.00000000, 0.00000000, 0.00000000, 0.00000000
2, 7.2001, 596, 0.98057467, 0.47496560, -0.09450410, 9.32953930, 129.59721375, 4.03886366, 33.44051361, 56.09470749, 64.98100281, 18.58653831, 22.09770966, 59.19765091, 0.85747331, -0.04439573, -0.24273413, -0.45149601, -0.12735152, 0.10257473, 0.00625989, 0.00000000, 0.00000000, 0.00000000, 0.00000000
5, 7.3600, 600, 0.82826281, 0.35408881, -0.14106651, -2.60166216, -14.59375000, 3.28852487, 8.65244102, 60.24554062, -79.53814697, -6.16456270, -14.21769714, 62.02042007, 0.85268509, -0.01793433, 0.13340254, -0.50478756, -0.00867909, -0.07224134, -0.09983189, 0.00000000, 0.00000000, 0.00000000, 0.00000000
2, 7.2101, 597, 0.99821317, 0.46708366, -0.08917499, 11.20317459, 110.23635864, 11.18353558, 32.56357574, 55.89009094, 65.41946411, 18.77290154, 22.90621758, 58.98272705, 0.85761797, -0.04269034, -0.24921392, -0.44784075, -0.14432037, 0.10294291, 0.01280119, 0.00000000, 0.00000000, 0.00000000, 0.00000000
5, 7.3700, 601, 0.83369184, 0.36657849, -0.13992590, -5.22773314, -10.28615093, 5.01950216, 8.91552162, 60.39169693, -80.03507996, -6.08320427, -14.25162315, 62.09240341, 0.85233134, -0.01877627, 0.13328277, -0.50538540, -0.00563482, -0.07005821, -0.09128879, 0.00000000, 0.00000000, 0.00000000, 0.00000000
2, 7.2201, 598, 0.99278748, 0.46660516, -0.07491380, 14.00589752, 87.21866608, 19.60339355, 32.06664658, 56.03624725, 65.91639709, 18.02462196, 22.65173340, 58.16572571, 0.86127388, -0.03994938, -0.24416789, -0.44383937, -0.12364309, 0.09379984, 0.01977014, 0.00000000, 0.00000000, 0.00000000, 0.00000000
5, 7.3800, 602, 0.84694797, 0.38199800, -0.13346815, -6.39441490, -7.69157314, 6.07765770, 8.91552162, 60.39169693, -80.03507996, -6.01509809, -14.25848961, 62.17203522, 0.85196388, -0.01940623, 0.13301960, -0.50605023, -0.00188697, -0.08696783, -0.07746204, 0.00000000, 0.00000000, 0.00000000, 0.00000000
2, 7.2301, 599, 0.96438122, 0.47154635, -0.04562794, 15.98386192, 64.75564575, 27.44444656, 31.83279800, 55.59777832, 65.77024078, 17.41751289, 22.57460213, 57.48490143, 0.86416924, -0.03715312, -0.24103609, -0.44015101, -0.08870238, 0.08642119, 0.01277649, 0.00000000, 0.00000000, 0.00000000, 0.00000000
5, 7.3900, 603, 0.86644715, 0.39684540, -0.13068709, -6.48159456, -7.83201694, 6.09294605, 8.65244102, 60.24554062, -80.15200043, -5.94632721, -14.26626587, 62.25279617, 0.85158980, -0.02004618, 0.13275914, -0.50672287, 0.00348034, -0.10086981, -0.05717269, 0.00000000, 0.00000000, 0.00000000, 0.00000000
2, 7.2401, 600, 0.91656607, 0.47937548, -0.01834712, 16.21642876, 43.46574020, 32.80136490, 32.27126694, 55.89009094, 65.88716888, 16.94582748, 22.64862633, 56.94612885, 0.86631376, -0.03440496, -0.23960355, -0.43692908, -0.03694858, 0.08077343, -0.00565410, 0.00000000, 0.00000000, 0.00000000, 0.00000000
5, 7.4000, 604, 0.89062083, 0.40902981, -0.12390419, -6.15392590, -9.91993999, 6.12663841, 9.06167793, 60.21630859, -80.23969269, -5.86286211, -14.28926754, 62.33373642, 0.85120070, -0.02086399, 0.13254492, -0.50739920, 0.00334399, -0.11571833, -0.03283486, 0.00000000, 0.00000000, 0.00000000, 0.00000000
2, 7.2501, 601, 0.86852777, 0.49066547, 0.01092873, 15.85492706, 21.61461639, 34.03337479, 32.27126694, 55.89009094, 65.88716888, 16.63484001, 22.84512901, 56.56738663, 0.86766601, -0.03201032, -0.23975129, -0.43433902, 0.01979230, 0.07422586, -0.01991996, 0.00000000, 0.00000000, 0.00000000, 0.00000000
5, 7.4100, 605, 0.90936643, 0.42168990, -0.10919696, -4.99460268, -13.21138191, 5.80558872, 9.38322163, 59.63168716, -79.77199554, -7.37873602, -14.26174450, 62.74291611, 0.84960884, -0.00997410, 0.13900805, -0.50866705, -0.00155941, -0.12983431, -0.01383051, 0.00000000, 0.00000000, 0.00000000, 0.00000000
2, 7.3001, 602, 0.73967510, 0.51185274, 0.15877002, 4.41773367, -8.75911331, 2.54890347, 32.38819122, 55.18854141, 66.06255341, 17.28030777, 22.68570137, 56.24469757, 0.86883062, -0.03825096, -0.24091938, -0.43084589, 0.19394979, -0.02336941, -0.02392347, 0.00000000, 0.00000000, 0.00000000, 0.00000000
5, 7.4500, 606, 0.79831016, 0.44203222, -0.06517664, -4.00958967, -24.03984451, -0.59918356, 9.23706532, 58.57936096, -80.18123627, -6.81635332, -14.85019016, 63.04996872, 0.84778661, -0.01720096, 0.14078568, -0.51102000, -0.01359288, -0.16388512, -0.12300725, 0.00000000, 0.00000000, 0.00000000, 0.00000000
2, 7.3101, 603, 0.76949739, 0.50650525, 0.15760583, 1.84578323, -5.73589945, -1.42506266, 32.94358444, 55.15930939, 66.06255341, 17.01643944, 21.02172279, 55.86540222, 0.87175649, -0.04400920, -0.22753820, -0.43165988, 0.16336504, -0.02682122, -0.00861407, 0.00000000, 0.00000000, 0.00000000, 0.00000000
5, 7.4600, 607, 0.76256454, 0.44024247, -0.07450987, -4.93801022, -18.16327858, -1.97206438, 9.35398960, 59.36860657, -80.70739746, -8.95759201, -15.47518349, 63.57796860, 0.84522158, -0.00493697, 0.15485331, -0.51146519, -0.00797312, -0.14880463, -0.15541407, 0.00000000, 0.00000000, 0.00000000, 0.00000000
2, 7.3201, 604, 0.80150664, 0.49975517, 0.15525962, -0.64481747, -3.81770492, -2.94859219, 32.59280777, 55.51008606, 66.06255341, 17.06039619, 21.01638412, 55.90677643, 0.87158787, -0.04428372, -0.22768033, -0.43189719, 0.11568454, -0.02938125, 0.00061419, 0.00000000, 0.00000000, 0.00000000, 0.00000000
5, 7.4700, 608, 0.74022585, 0.43971255, -0.09461443, -5.46203279, -10.59415722, -4.06337261, 9.52937698, 56.32855988, -80.82431793, -8.94363689, -15.56988430, 63.65614700, 0.84481096, -0.00558342, 0.15547656, -0.51194763, 0.00115777, -0.10789889, -0.16978253, 0.00000000, 0.00000000, 0.00000000, 0.00000000
2, 7.3301, 605, 0.82672942, 0.49591959, 0.14849730, -4.21981955, -3.25989699, -2.46654463, 33.06050873, 55.62701035, 65.79947662, 17.08105469, 21.00462723, 55.96842194, 0.87135673, -0.04436756, -0.22769526, -0.43234688, 0.09231123, -0.02781308, 0.01313214, 0.00000000, 0.00000000, 0.00000000, 0.00000000
5, 7.4800, 609, 0.74088502, 0.44307199, -0.10973663, -5.05345869, -1.06571698, -7.64462137, 9.52937698, 56.32855988, -80.82431793, -9.01322651, -15.62216949, 63.71068954, 0.84453672, -0.00538652, 0.15616521, -0.51219243, 0.01319514, -0.09947854, -0.16697690, 0.00000000, 0.00000000, 0.00000000, 0.00000000
2, 7.3401, 606, 0.83065331, 0.49837437, 0.13784979, -8.95094109, -4.49612379, 0.17404033, 33.06050873, 55.62701035, 65.79947662, 17.07382965, 21.01136398, 56.06556702, 0.87098742, -0.04409138, -0.22775519, -0.43308720, 0.08540332, -0.01860170, 0.01177464, 0.00000000, 0.00000000, 0.00000000, 0.00000000
5, 7.4900, 610, 0.75908101, 0.44828853, -0.12360420, -3.79611278, 5.87966871, -11.42092514, 8.94475269, 59.57322311, -80.21046448, -9.14828014, -15.65302849, 63.73844528, 0.84439874, -0.00457203, 0.15699200, -0.51217520, 0.02378221, -0.09203469, -0.14667955, 0.00000000, 0.00000000, 0.00000000, 0.00000000
2, 7.3501, 607, 0.82639962, 0.50964493, 0.12142822, -12.75378036, -6.94973803, 2.89513969, 33.17743301, 55.24700165, 66.26717377, 17.05173302, 21.04563904, 56.20023346, 0.87045920, -0.04351171, -0.22797588, -0.43409050, 0.08623463, 0.00129414, 0.00623489, 0.00000000, 0.00000000, 0.00000000, 0.00000000
5, 7.5000, 611, 0.79474157, 0.45688343, -0.12403756, -1.64565539, 10.99086571, -15.37499809, 10.05553913, 58.72551727, -80.53200531, -9.33511448, -15.67818737, 63.73415756, 0.84440827, -0.00330589, 0.15800981, -0.51185620, 0.02480444, -0.09526795, -0.10994528, 0.00000000, 0.00000000, 0.00000000, 0.00000000
2, 7.3601, 608, 0.80974305, 0.52497685, 0.09953788, -15.22049522, -10.64323235, 4.95803547, 32.85588837, 55.24700165, 66.41333008, 17.52666855, 20.02532387, 56.28748703, 0.87069488, -0.05124158, -0.22228767, -0.43572134, 0.09120211, 0.02562121, -0.00958731, 0.00000000, 0.00000000, 0.00000000, 0.00000000
5, 7.5100, 612, 0.83646667, 0.46429497, -0.11825750, 0.57959384, 15.85319519, -19.09059143, 9.23706532, 60.04092407, -80.09353638, -10.85907841, -16.00913239, 63.97109604, 0.84312904, 0.00604278, 0.16721426, -0.51101494, 0.01850302, -0.09578453, -0.06645054, 0.00000000, 0.00000000, 0.00000000, 0.00000000
2, 7.3701, 609, 0.78434438, 0.54361689, 0.08506806, -15.90361977, -14.45054340, 5.91675663, 32.65127182, 55.01315308, 65.85793304, 17.52586555, 20.11613846, 56.49073029, 0.86985707, -0.05045758, -0.22304463, -0.43709722, 0.09932262, 0.04205912, -0.02794103, 0.00000000, 0.00000000, 0.00000000, 0.00000000
5, 7.5200, 613, 0.84762120, 0.46235088, -0.11596368, 1.04881024, 17.50201225, -22.33464432, 9.12014008, 60.01169205, -79.94738007, -11.12603664, -16.04154396, 63.92757416, 0.84328765, 0.00792010, 0.16863571, -0.51025993, 0.00971568, -0.07593771, -0.05090723, 0.00000000, 0.00000000, 0.00000000, 0.00000000
2, 7.3801, 610, 0.77942437, 0.56322199, 0.07666112, -14.58175755, -17.25475121, 6.65595484, 32.88512039, 54.63314819, 65.88716888, 17.54823685, 20.23052788, 56.70323181, 0.86895430, -0.04972885, -0.22406557, -0.43845192, 0.11009541, 0.06185192, -0.02513438, 0.00000000, 0.00000000, 0.00000000, 0.00000000
5, 7.5300, 614, 0.83067644, 0.46044770, -0.12001549, -0.31786636, 16.79314232, -24.50737762, 9.12014008, 60.01169205, -79.94738007, -11.41032887, -16.09137154, 63.90062714, 0.84335667, 0.00982031, 0.17025907, -0.50957346, 0.01284238, -0.06724118, -0.06637571, 0.00000000, 0.00000000, 0.00000000, 0.00000000
2, 7.4001, 611, 0.73933697, 0.57396036, 0.03386805, -5.80802202, -21.97656822, 9.93134022, 32.79742813, 54.80853653, 66.03332520, 17.67460823, 20.56166077, 57.07494354, 0.86723763, -0.04854683, -0.22714350, -0.44039547, 0.12752333, 0.09862360, -0.06723040, 0.00000000, 0.00000000, 0.00000000, 0.00000000
5, 7.5800, 615, 0.84848225, 0.48347113, -0.16098642, -12.49079990, 50.05508423, -23.66476440, 7.65857935, 60.83016586, -78.86582947, -14.24084282, -16.31964684, 63.93635559, 0.84259236, 0.02952423, 0.18444407, -0.50512069, 0.05027845, -0.01183146, -0.03113368, 0.00000000, 0.00000000, 0.00000000, 0.00000000
2, 7.4101, 612, 0.70960969, 0.56300938, 0.02786562, -0.83668047, -24.86485100, 10.57777691, 32.82666016, 54.77930450, 66.17948151, 19.37668228, 19.35066605, 57.24841690, 0.86650366, -0.06625410, -0.22489424, -0.44068643, 0.13769326, 0.08701258, -0.09490414, 0.00000000, 0.00000000, 0.00000000, 0.00000000
5, 7.5900, 616, 0.90312499, 0.48435265, -0.16333601, -12.70973301, 54.53557205, -25.39542007, 7.65857935, 60.91785812, -78.86582947, -14.80845928, -16.08691216, 63.93101120, 0.84256291, 0.03479317, 0.18527021, -0.50453162, 0.04928007, -0.00160232, 0.02456072, 0.00000000, 0.00000000, 0.00000000, 0.00000000
2, 7.4201, 613, 0.67402637, 0.54633516, 0.02640368, 3.09056735, -27.22833824, 9.72110462, 33.11896896, 54.75007248, 65.71177673, 19.53827095, 19.57527161, 57.40662003, 0.86567163, -0.06620086, -0.22725129, -0.44112030, 0.14003929, 0.05394088, -0.12691264, 0.00000000, 0.00000000, 0.00000000, 0.00000000
5, 7.6000, 617, 0.95203137, 0.48758486, -0.16489118, -12.36823750, 53.91140747, -26.85178566, 7.51242304, 60.77170181, -78.33966827, -15.38124657, -15.86932182, 63.92292786, 0.84250265, 0.04003390, 0.18622474, -0.50389189, 0.05000087, 0.00667407, 0.07490482, 0.00000000, 0.00000000, 0.00000000, 0.00000000
2, 7.4301, 614, 0.63756859, 0.52546149, 0.02366684, 4.71409225, -29.73711395, 6.19601059, 33.67436218, 54.86699677, 65.94563293, 19.74785423, 19.78633308, 57.58214188, 0.86475110, -0.06652623, -0.22970209, -0.44160706, 0.15777367, 0.03854477, -0.16216303, 0.00000000, 0.00000000, 0.00000000, 0.00000000
5, 7.6100, 618, 0.99028885, 0.49620992, -0.16788386, -12.26489735, 48.22591019, -27.21645927, 7.16164875, 61.26863480, -77.75504303, -15.45809937, -15.91094971, 63.63883591, 0.84370518, 0.04086763, 0.18676080, -0.50160927, 0.05533176, 0.00967730, 0.11520524, 0.00000000, 0.00000000, 0.00000000, 0.00000000
2, 7.4401, 615, 0.61313087, 0.50539744, 0.01962474, 3.95272589, -31.29583549, 1.22222853, 33.67436218, 54.86699677, 65.94563293, 19.99556160, 19.96108437, 57.78823471, 0.86370969, -0.06722562, -0.23205191, -0.44231027, 0.16624737, 0.02395518, -0.18910602, 0.00000000, 0.00000000, 0.00000000, 0.00000000
5, 7.6200, 619, 1.01576281, 0.49966615, -0.16644150, -11.52818584, 40.53821564, -25.91935539, 6.84010506, 61.26863480, -77.40426636, -15.94037247, -15.78045082, 63.65858078, 0.84348899, 0.04499315, 0.18794028, -0.50117904, 0.05303334, 0.00869998, 0.14142041, 0.00000000, 0.00000000, 0.00000000, 0.00000000
2, 7.4501, 616, 0.59451425, 0.49604607, 0.01306034, 1.45042372, -31.89242554, -5.24199820, 33.38205338, 54.54545212, 66.50102234, 20.27450943, 20.07777596, 58.03326035, 0.86253017, -0.06832322, -0.23412374, -0.44335064, 0.17383492, 0.01813869, -0.20792055, 0.00000000, 0.00000000, 0.00000000, 0.00000000
5, 7.6300, 620, 1.01769507, 0.49101582, -0.16728738, -10.30895805, 32.93003464, -23.39967728, 6.75241137, 60.74247360, -77.22888184, -16.35331154, -15.68767929, 63.68548584, 0.84323692, 0.04842009, 0.18909034, -0.50085127, 0.04933763, 0.02283649, 0.14419480, 0.00000000, 0.00000000, 0.00000000, 0.00000000
2, 7.4601, 617, 0.58827800, 0.50612217, 0.00396396, -1.64961016, -31.75546837, -13.49132538, 33.87898254, 54.07775497, 65.36100769, 22.12391281, 18.55305481, 58.34893799, 0.86078709, -0.08821855, -0.23044240, -0.44515103, 0.17344226, 0.02051234, -0.20953372, 0.00000000, 0.00000000, 0.00000000, 0.00000000
5, 7.6400, 621, 0.99540490, 0.47380880, -0.16433507, -9.33900166, 26.69151878, -21.44006538, 6.75241137, 60.74247360, -77.22888184, -16.71041489, -15.62638187, 63.71906662, 0.84295577, 0.05127749, 0.19022544, -0.50061011, 0.03971460, 0.03959351, 0.12173849, 0.00000000, 0.00000000, 0.00000000, 0.00000000
2, 7.4701, 618, 0.57680470, 0.53640479, 0.00890505, -3.60254788, -29.06292152, -22.42200470, 33.26512527, 54.86699677, 65.50716400, 22.44873428, 18.48938560, 58.64482498, 0.85940719, -0.09033822, -0.23147616, -0.44685251, 0.17939875, 0.01334082, -0.19751811, 0.00000000, 0.00000000, 0.00000000, 0.00000000
5, 7.6500, 622, 0.96861476, 0.44642389, -0.16466753, -9.43324280, 21.27190018, -21.34020805, 6.37240553, 61.12247849, -77.37503815, -17.03493118, -15.60053825, 63.76985931, 0.84259379, 0.05370012, 0.19148090, -0.50048703, 0.02563696, 0.06533226, 0.09422285, 0.00000000, 0.00000000, 0.00000000, 0.00000000
2, 7.4801, 619, 0.58023423, 0.57930654, 0.02011150, -2.94987130, -20.56315613, -31.53954887, 33.67436218, 54.10698700, 65.44869995, 22.76425743, 18.30967331, 58.88827133, 0.85826916, -0.09299874, -0.23160484, -0.44842461, 0.20167015, 0.03058702, -0.16660504, 0.00000000, 0.00000000, 0.00000000, 0.00000000
5, 7.6600, 623, 0.95094705, 0.42063567, -0.15928832, -10.21586323, 18.19779587, -21.98187637, 6.51856184, 61.26863480, -77.55042267, -16.17027092, -15.51120567, 63.38350296, 0.84469426, 0.04838774, 0.18689546, -0.49921983, 0.00714721, 0.08093730, 0.07389685, 0.00000000, 0.00000000, 0.00000000, 0.00000000
2, 7.5401, 620, 0.78792822, 0.59901786, 0.06918450, 5.02289391, 45.51046371, -53.69008255, 32.06664658, 55.24700165, 65.44869995, 24.22224617, 14.26188278, 58.09136581, 0.86080825, -0.12307455, -0.20718488, -0.44825935, 0.02353589, -0.02191904, 0.00711780, 0.00000000, 0.00000000, 0.00000000, 0.00000000
5, 7.6700, 624, 0.93375778, 0.39967301, -0.15466556, -11.29601955, 16.18491364, -22.68209267, 5.84624386, 61.70710373, -76.93656921, -16.48200798, -15.52426052, 63.46965027, 0.84417981, 0.05048331, 0.18838474, -0.49932259, -0.00714805, 0.08401894, 0.05151195, 0.00000000, 0.00000000, 0.00000000, 0.00000000
2, 7.5501, 621, 0.80049855, 0.60384202, 0.07800475, 0.05262880, 47.21086884, -53.61646652, 31.51125336, 56.73779678, 65.50716400, 24.19001961, 13.59835625, 57.82069778, 0.86191809, -0.12616692, -0.20191959, -0.44766918, 0.01029771, -0.02557993, 0.02012727, 0.00000000, 0.00000000, 0.00000000, 0.00000000
5, 7.7100, 625, 0.95333743, 0.41514999, -0.15764318, -11.04221439, 9.11344528, -19.64660263, 5.52470016, 61.44402313, -76.14732361, -16.41167450, -15.53433514, 63.46247864, 0.84423846, 0.04993014, 0.18814754, -0.49936849, 0.00126715, 0.08837184, 0.07721626, 0.00000000, 0.00000000, 0.00000000, 0.00000000
2, 7.5601, 622, 0.83295184, 0.62429631, 0.08596427, -4.61221647, 48.17214203, -52.97809601, 30.04969215, 56.53317642, 66.29640198, 23.71520615, 13.00134087, 57.63894272, 0.86314845, -0.12546161, -0.19549076, -0.44834965, -0.00966595, -0.01538882, 0.05373223, 0.00000000, 0.00000000, 0.00000000, 0.00000000
5, 7.7200, 626, 0.95506173, 0.41991743, -0.15305926, -9.15746975, 7.87183809, -18.75377846, 5.20315695, 59.77784348, -76.46886444, -16.63607407, -15.58271313, 63.54872513, 0.84374702, 0.05121593, 0.18951134, -0.49955311, 0.00181027, 0.07107648, 0.07537813, 0.00000000, 0.00000000, 0.00000000, 0.00000000
2, 7.5701, 623, 0.88065308, 0.65087241, 0.07492424, -7.65026760, 47.45396042, -51.92263794, 29.55276108, 56.41625214, 66.35486603, 23.63627815, 12.32691288, 57.42202759, 0.86406392, -0.12810344, -0.18998742, -0.44820538, -0.04632268, 0.01620682, 0.09026514, 0.00000000, 0.00000000, 0.00000000, 0.00000000
5, 7.7300, 627, 0.94875997, 0.41563329, -0.14966077, -6.97854471, 5.69011736, -18.50052452, 5.23238802, 62.14557266, -76.58579254, -16.83716393, -15.65003109, 63.62014771, 0.84332246, 0.05226441, 0.19090362, -0.49963155, -0.00373303, 0.07520881, 0.06970793, 0.00000000, 0.00000000, 0.00000000, 0.00000000
2, 7.5801, 624, 0.91036409, 0.65617847, 0.05610082, -9.10400009, 42.49357605, -50.72451019, 29.55276108, 56.41625214, 66.35486603, 23.57781219, 11.68050194, 57.25160980, 0.86475253, -0.13068140, -0.18480590, -0.44829932, -0.08540291, 0.03336599, 0.10167632, 0.00000000, 0.00000000, 0.00000000, 0.00000000
5, 7.7400, 628, 0.93997306, 0.41210696, -0.14356627, -5.56337500, 3.57359695, -17.60505295, 5.23238802, 62.14557266, -76.58579254, -17.01350403, -15.72940159, 63.68344879, 0.84293908, 0.05308632, 0.19227090, -0.49966729, -0.01066774, 0.07651976, 0.06134601, 0.00000000, 0.00000000, 0.00000000, 0.00000000
2, 7.5901, 625, 0.92697638, 0.65426213, 0.05970783, -9.30606365, 35.61097717, -48.88090134, 29.37737465, 55.51008606, 66.03332520, 23.55480957, 11.07991314, 57.13214111, 0.86518347, -0.13323478, -0.18014650, -0.44861275, -0.10692868, 0.02915517, 0.11199084, 0.00000000, 0.00000000, 0.00000000, 0.00000000
5, 7.7500, 629, 0.93875968, 0.41461685, -0.13743795, -4.55127239, 2.55538154, -16.17001534, 5.29085064, 62.26249695, -76.52732849, -17.16909218, -15.80868626, 63.73858261, 0.84260023, 0.05376811, 0.19354326, -0.49967480, -0.01462920, 0.07300691, 0.06094735, 0.00000000, 0.00000000, 0.00000000, 0.00000000
2, 7.6001, 626, 0.91969401, 0.63780075, 0.06687518, -9.27301884, 27.93218803, -46.19280624, 28.29582024, 56.91318130, 66.64717865, 23.56799126, 10.53666210, 57.06590652, 0.86535084, -0.13572544, -0.17610550, -0.44914749, -0.11606653, 0.01168080, 0.10048287, 0.00000000, 0.00000000, 0.00000000, 0.00000000
5, 7.7600, 630, 0.93927437, 0.42651623, -0.13665728, -3.49860668, 4.17326164, -14.25203419, 4.82315111, 61.94095230, -76.41040802, -16.47574615, -15.66363525, 63.47814178, 0.84409755, 0.04977575, 0.18936300, -0.49916267, -0.00750452, 0.06275769, 0.06222959, 0.00000000, 0.00000000, 0.00000000, 0.00000000
2, 7.6101, 627, 0.91491926, 0.61345863, 0.06784710, -9.06879807, 22.53881645, -42.41350174, 28.29582024, 56.50394440, 66.12101746, 23.18351555, 11.29853344, 56.97026443, 0.86626607, -0.12976311, -0.18012454, -0.44754860, -0.12764941, -0.00523572, 0.08431691, 0.00000000, 0.00000000, 0.00000000, 0.00000000
5, 7.7700, 631, 0.94563812, 0.43550777, -0.12884620, -1.78443086, 6.98024178, -12.29660606, 4.73545742, 62.32095718, -76.23501587, -16.61702728, -15.69494152, 63.48752594, 0.84398389, 0.05065539, 0.19020735, -0.49894527, -0.00607973, 0.04317994, 0.06570838, 0.00000000, 0.00000000, 0.00000000, 0.00000000
2, 7.6201, 628, 0.90459931, 0.59956288, 0.06354566, -7.89440346, 17.53638268, -37.99337387, 28.82198143, 57.11780167, 66.41333008, 23.22801208, 10.87529945, 56.96130753, 0.86620498, -0.13189383, -0.17715733, -0.44822815, -0.12098882, -0.00714574, 0.06751387, 0.00000000, 0.00000000, 0.00000000, 0.00000000
5, 7.7800, 632, 0.95090771, 0.44380218, -0.12280695, -0.04770792, 9.46617889, -10.01611900, 4.76468849, 59.13475418, -76.76117706, -16.74892998, -15.69885921, 63.46978760, 0.84400088, 0.05163814, 0.19080168, -0.49858877, -0.00577681, 0.03517728, 0.07181008, 0.00000000, 0.00000000, 0.00000000, 0.00000000
2, 7.6801, 629, 0.87124652, 0.56701291, 0.05449133, 3.56502414, -8.71579075, -21.63031769, 27.38965225, 57.00087738, 66.93949127, 23.69504738, 11.09215546, 57.14464951, 0.86497235, -0.13422212, -0.18080039, -0.44846237, -0.11607372, -0.03014588, 0.02631659, 0.00000000, 0.00000000, 0.00000000, 0.00000000
5, 7.7900, 633, 0.95396233, 0.44797561, -0.12066900, 1.29606354, 10.71931839, -7.30433798, 4.76468849, 59.13475418, -76.76117706, -16.86240578, -15.67978764, 63.43196106, 0.84412026, 0.05262561, 0.19114101, -0.49815336, -0.00473874, 0.03261562, 0.07554191, 0.00000000, 0.00000000, 0.00000000, 0.00000000
2, 7.6901, 630, 0.86938298, 0.56990457, 0.05842380, 4.34280157, -5.54111147, -21.26921844, 26.65887070, 57.17626190, 66.99795532, 23.86934471, 10.94865036, 57.19612122, 0.86454570, -0.13606168, -0.18048427, -0.44885781, -0.11373191, -0.03391759, 0.02925795, 0.00000000, 0.00000000, 0.00000000, 0.00000000
5, 7.8600, 634, 0.95569372, 0.46368870, -0.08926151, 7.20423031, -2.12315083, 15.57147312, 5.43700647, 61.38555908, -76.03040314, -16.15835190, -14.63544559, 62.69284439, 0.84798658, 0.05344765, 0.18021598, -0.49556482, -0.00245597, -0.00720780, 0.06940945, 0.00000000, 0.00000000, 0.00000000, 0.00000000
2, 7.7001, 631, 0.87698174, 0.57323200, 0.06250985, 5.08550596, -1.55145788, -21.10787201, 26.98041534, 55.94855118, 66.15024567, 24.02138710, 10.79080296, 57.21169662, 0.86427891, -0.13785008, -0.17993380, -0.44904715, -0.11803770, -0.03717332, 0.03898923, 0.00000000, 0.00000000, 0.00000000, 0.00000000
5, 7.8700, 635, 0.94969875, 0.46177137, -0.09049463, 7.70906401, -5.24298716, 17.31339264, 4.09237051, 63.02250671, -76.14732361, -15.96761322, -14.57437515, 62.61524963, 0.84842902, 0.05243762, 0.17891319, -0.49538726, 0.00162990, -0.00921383, 0.06116515, 0.00000000, 0.00000000, 0.00000000, 0.00000000
2, 7.7101, 632, 0.88328975, 0.58086121, 0.07442869, 5.45381594, 2.81860876, -20.83314133, 26.77579689, 58.63782501, 66.67640686, 23.46701813, 11.68439007, 57.08331680, 0.86553645, -0.13009948, -0.18421018, -0.44719943, -0.11109263, -0.03950102, 0.05333962, 0.00000000, 0.00000000, 0.00000000, 0.00000000
5, 7.8800, 636, 0.94359833, 0.46469110, -0.08829058, 8.99162579, -9.64091206, 18.15617752, 5.05700064, 62.32095718, -76.17655945, -15.73939800, -14.54069710, 62.53741074, 0.84887916, 0.05102291, 0.17764758, -0.49521941, 0.00354814, -0.01628261, 0.05398277, 0.00000000, 0.00000000, 0.00000000, 0.00000000
2, 7.7201, 633, 0.88302511, 0.58723450, 0.09114225, 4.89329720, 7.86908484, -20.52290344, 27.27272606, 57.81935120, 66.26717377, 23.55406761, 11.48874664, 57.02898407, 0.86563206, -0.13166913, -0.18304351, -0.44703421, -0.08888258, -0.03958343, 0.06382648, 0.00000000, 0.00000000, 0.00000000, 0.00000000
5, 7.8900, 637, 0.93062991, 0.46305680, -0.08676152, 10.26937008, -13.71721554, 18.65616608, 4.88161373, 61.91172028, -77.11195374, -15.47813988, -14.53448582, 62.45855713, 0.84933621, 0.04923730, 0.17643915, -0.49504852, 0.00330123, -0.02015384, 0.03962739, 0.00000000, 0.00000000, 0.00000000, 0.00000000
2, 7.7301, 634, 0.89000958, 0.59484464, 0.10414965, 3.25998998, 12.89156151, -20.04413223, 27.27272606, 57.81935120, 66.26717377, 23.59676170, 11.27009106, 56.94631577, 0.86588287, -0.13304387, -0.18149942, -0.44677100, -0.08716016, -0.04460382, 0.07883865, 0.00000000, 0.00000000, 0.00000000, 0.00000000
5, 7.9000, 638, 0.91645938, 0.46373412, -0.08828078, 11.20319748, -17.30753517, 19.10200882, 4.88161373, 61.91172028, -77.11195374, -15.18836689, -14.55183411, 62.38045502, 0.84978950, 0.04712953, 0.17528063, -0.49488717, 0.00655763, -0.02418105, 0.02456276, 0.00000000, 0.00000000, 0.00000000, 0.00000000
2, 7.7401, 635, 0.89573622, 0.60856998, 0.11792406, 0.71644831, 19.04357338, -19.57719231, 26.45425224, 58.34551239, 66.73487091, 23.58287621, 11.02068138, 56.83295441, 0.86631179, -0.13416545, -0.17946920, -0.44642392, -0.08159553, -0.04506001, 0.09599078, 0.00000000, 0.00000000, 0.00000000, 0.00000000
5, 7.9100, 639, 0.90477324, 0.46306217, -0.08333511, 12.10196495, -19.53296471, 19.26536369, 4.76468849, 62.11634064, -77.25811005, -15.24260712, -14.55186272, 62.38274765, 0.84975725, 0.04752810, 0.17551604, -0.49482116, 0.00370027, -0.03053015, 0.01159183, 0.00000000, 0.00000000, 0.00000000, 0.00000000
2, 7.7501, 636, 0.91384417, 0.62725699, 0.12657620, -1.41502345, 24.89352798, -18.87357330, 26.57117844, 58.98859787, 66.70564270, 23.51586533, 10.74489212, 56.68838501, 0.86691761, -0.13503936, -0.17699704, -0.44597113, -0.08540814, -0.03754569, 0.12132330, 0.00000000, 0.00000000, 0.00000000, 0.00000000
5, 7.9200, 640, 0.89098507, 0.45765296, -0.07452781, 12.72917843, -19.97534943, 19.05404854, 5.40777540, 60.36246490, -76.55656433, -14.93129253, -14.59139633, 62.29713821, 0.85023886, 0.04516911, 0.17442468, -0.49460059, -0.00476550, -0.03321963, -0.00351853, 0.00000000, 0.00000000, 0.00000000, 0.00000000
2, 7.7601, 637, 0.93040228, 0.64478803, 0.13103245, -3.01070499, 29.36819649, -17.78994942, 26.33732796, 57.84858322, 66.70564270, 22.62636185, 11.10650635, 56.38694382, 0.86914498, -0.12725483, -0.17587884, -0.44436461, -0.08834061, -0.02386164, 0.14169064, 0.00000000, 0.00000000, 0.00000000, 0.00000000
5, 7.9300, 641, 0.86973363, 0.44776911, -0.07477496, 12.50291729, -19.10358047, 18.20140457, 5.67085648, 62.11634064, -76.99503326, -14.63233852, -14.62976265, 62.21179581, 0.85070795, 0.04290491, 0.17338096, -0.49436244, -0.00916774, -0.03084304, -0.02659721, 0.00000000, 0.00000000, 0.00000000, 0.00000000
2, 7.7701, 638, 0.94176251, 0.65922618, 0.13552038, -4.50707769, 33.81612778, -14.69779110, 26.24963379, 58.25782013, 66.99795532, 22.46258736, 10.81399632, 56.19278336, 0.87005585, -0.12752490, -0.17285356, -0.44369110, -0.08362398, -0.00507159, 0.15489940, 0.00000000, 0.00000000, 0.00000000, 0.00000000
5, 7.9400, 642, 0.85528523, 0.44205394, -0.07599467, 11.83357525, -16.86233139, 17.45714378, 5.90470600, 60.88862991, -76.76117706, -14.35494137, -14.65573692, 62.12725830, 0.85116404, 0.04085426, 0.17234273, -0.49411407, -0.01077038, -0.03052461, -0.04239834, 0.00000000, 0.00000000, 0.00000000, 0.00000000
2, 7.7801, 639, 0.95680672, 0.67543256, 0.14335699, -5.00287056, 35.73786545, -10.82474232, 26.24963379, 58.25782013, 66.99795532, 22.26410484, 10.54333591, 55.98098373, 0.87107193, -0.12745596, -0.16983396, -0.44288269, -0.08714259, 0.00346822, 0.17549512, 0.00000000, 0.00000000, 0.00000000, 0.00000000
5, 7.9500, 643, 0.84813249, 0.44481412, -0.07761732, 11.19105434, -13.89019966, 16.74749184, 5.90470600, 60.88862991, -76.76117706, -14.10321522, -14.66415501, 62.04133987, 0.85161895, 0.03907453, 0.17128901, -0.49384066, -0.00706306, -0.03574259, -0.05011687, 0.00000000, 0.00000000, 0.00000000, 0.00000000
2, 7.7901, 640, 0.96162486, 0.68103909, 0.13881853, -4.99753332, 34.95735931, -5.78298664, 25.63577843, 58.46243668, 67.14411163, 22.04469299, 10.31810760, 55.76589584, 0.87212479, -0.12703355, -0.16706702, -0.44198361, -0.09422843, 0.01373019, 0.17731473, 0.00000000, 0.00000000, 0.00000000, 0.00000000
5, 7.9600, 644, 0.84235799, 0.44898778, -0.07927726, 10.52227116, -10.20547676, 16.09020996, 6.22624969, 61.32709503, -77.11195374, -14.56453323, -14.77686310, 62.12247849, 0.85106206, 0.04186701, 0.17412636, -0.49357945, -0.00272515, -0.03872097, -0.05545122, 0.00000000, 0.00000000, 0.00000000, 0.00000000
2, 7.8001, 641, 0.96282941, 0.67867070, 0.13707942, -4.45585680, 31.52899742, 0.28791845, 24.99269104, 58.37474442, 67.34872437, 21.81845856, 10.16074753, 55.56114578, 0.87314856, -0.12625471, -0.16479251, -0.44103825, -0.10029435, 0.01664186, 0.17412156, 0.00000000, 0.00000000, 0.00000000, 0.00000000
5, 7.9700, 645, 0.84125817, 0.45333299, -0.08094923, 10.35162735, -6.59708691, 15.16187572, 6.54779291, 61.99941635, -77.69657898, -14.37177658, -14.74427319, 62.02588272, 0.85156012, 0.04072953, 0.17302421, -0.49320292, 0.00039207, -0.03578896, -0.05442061, 0.00000000, 0.00000000, 0.00000000, 0.00000000
2, 7.8101, 642, 0.94747227, 0.67034018, 0.13494498, -3.62950039, 26.19104958, 6.84010220, 24.90499878, 57.87781143, 67.40718842, 21.22324753, 10.73275471, 55.34402084, 0.87465787, -0.11968221, -0.16655679, -0.43921372, -0.09365578, 0.01738510, 0.15621066, 0.00000000, 0.00000000, 0.00000000, 0.00000000
5, 7.9800, 646, 0.84338468, 0.45756713, -0.08166210, 10.71583748, -3.15256977, 13.99498844, 5.61239386, 62.11634064, -77.60888672, -14.20728302, -14.69654846, 61.91720963, 0.85210443, 0.03988699, 0.17193042, -0.49271393, 0.00421959, -0.04121162, -0.05278479, 0.00000000, 0.00000000, 0.00000000, 0.00000000
2, 7.8201, 643, 0.93067324, 0.66064799, 0.12582196, -2.89843440, 18.65244675, 13.14017391, 24.84653664, 58.55013275, 67.75796509, 21.01708031, 10.74623680, 55.19747925, 0.87543339, -0.11826515, -0.16571626, -0.43836951, -0.08311862, 0.02538404, 0.13321489, 0.00000000, 0.00000000, 0.00000000, 0.00000000
5, 7.9900, 647, 0.85056484, 0.45557621, -0.08409430, 11.13924980, -0.27358285, 12.46334553, 6.02163124, 61.82402802, -77.28733826, -14.07015991, -14.64022160, 61.79775620, 0.85268772, 0.03930097, 0.17088886, -0.49211395, 0.00460651, -0.04044303, -0.04644705, 0.00000000, 0.00000000, 0.00000000, 0.00000000
2, 7.8301, 644, 0.91261190, 0.65541571, 0.11768270, -1.61719787, 9.78862572, 19.08662796, 24.84653664, 58.55013275, 67.75796509, 20.84239388, 10.85511971, 55.09421539, 0.87600881, -0.11663455, -0.16575980, -0.43764007, -0.07570618, 0.03051117, 0.11285105, 0.00000000, 0.00000000, 0.00000000, 0.00000000
5, 8.0000, 648, 0.85923368, 0.45711344, -0.08354573, 11.77595329, 1.23875868, 11.35209084, 6.02163124, 61.82402802, -77.28733826, -13.94822311, -14.58233929, 61.66885757, 0.85330588, 0.03884682, 0.16989882, -0.49142095, 0.00508906, -0.04396581, -0.03853671, 0.00000000, 0.00000000, 0.00000000, 0.00000000
2, 7.8401, 645, 0.88602608, 0.65103537, 0.11316562, -0.21811685, -0.03559807, 23.93688393, 25.37269783, 56.91318130, 67.75796509, 20.71182060, 11.05546856, 55.04238892, 0.87633801, -0.11489330, -0.16671312, -0.43707907, -0.05840498, 0.03315899, 0.08927482, 0.00000000, 0.00000000, 0.00000000, 0.00000000
5, 8.0100, 649, 0.86266667, 0.45684621, -0.07864190, 12.65088177, 2.19329810, 10.34719181, 5.78778124, 61.64863968, -78.19351196, -14.50338554, -14.56698513, 61.69721603, 0.85299206, 0.04300717, 0.17217614, -0.49082625, 0.00168223, -0.04622277, -0.03560295, 0.00000000, 0.00000000, 0.00000000, 0.00000000
2, 7.8901, 646, 0.73761427, 0.62082273, 0.11300262, 5.45140505, -18.19130325, 31.10726738, 26.80502701, 57.46857452, 66.76410675, 20.66864586, 12.69635296, 55.20927811, 0.87563610, -0.10759252, -0.17900842, -0.43547830, 0.05896949, 0.01517443, -0.02568368, 0.00000000, 0.00000000, 0.00000000, 0.00000000
5, 8.0200, 650, 0.86601192, 0.45500216, -0.07146066, 12.73688602, 3.71229672, 9.48847294, 5.67085648, 61.61940765, -77.78427124, -14.40671635, -14.50819778, 61.55299759, 0.85366791, 0.04276904, 0.17127903, -0.48998508, -0.00475601, -0.04322089, -0.03160837, 0.00000000, 0.00000000, 0.00000000, 0.00000000
2, 7.9001, 647, 0.71637082, 0.61767608, 0.11436628, 6.29199839, -15.36160564, 29.83821487, 26.57117844, 57.96550751, 67.34872437, 20.64155006, 13.03666019, 55.21229553, 0.87560499, -0.10598257, -0.18145344, -0.43492350, 0.07912839, 0.01284056, -0.04042055, 0.00000000, 0.00000000, 0.00000000, 0.00000000
5, 8.0300, 651, 0.86861390, 0.45696571, -0.06863602, 12.65114689, 4.67777538, 8.40843391, 6.10932446, 61.09324646, -77.14118958, -14.32446384, -14.44971275, 61.40792847, 0.85434079, 0.04263603, 0.17044593, -0.48911363, -0.00482414, -0.04795114, -0.02974181, 0.00000000, 0.00000000, 0.00000000, 0.00000000
2, 7.9101, 648, 0.70116198, 0.61210918, 0.11579105, 6.80830717, -11.68394279, 27.76119995, 27.24349594, 55.33469772, 66.88102722, 20.93231964, 12.36750603, 55.20525360, 0.87543428, -0.11096350, -0.17754662, -0.43563637, 0.08914939, 0.00722380, -0.05261579, 0.00000000, 0.00000000, 0.00000000, 0.00000000
5, 8.0800, 652, 0.89390236, 0.45964944, -0.08026879, 11.91040802, 12.74377728, 7.31318855, 5.93393755, 61.38555908, -77.75504303, -14.68950653, -14.11240768, 60.81655121, 0.85683465, 0.04775101, 0.16929223, -0.48465908, 0.00752630, -0.03603891, -0.00319619, 0.00000000, 0.00000000, 0.00000000, 0.00000000
2, 7.9201, 649, 0.68551320, 0.60281366, 0.11709867, 6.53736305, -7.00715685, 25.26750755, 27.24349594, 55.33469772, 66.88102722, 20.87702560, 12.62974644, 55.15661240, 0.87564635, -0.10954058, -0.17925160, -0.43487164, 0.08859232, -0.00405585, -0.06809412, 0.00000000, 0.00000000, 0.00000000, 0.00000000
5, 8.0900, 653, 0.90055996, 0.44504440, -0.08653308, 12.25881004, 13.29231930, 7.07646370, 6.10932446, 61.23940277, -77.57965088, -14.67195511, -14.00370598, 60.65229797, 0.85757446, 0.04834654, 0.16835104, -0.48361820, 0.00318375, -0.02126897, 0.00218022, 0.00000000, 0.00000000, 0.00000000, 0.00000000
2, 7.9301, 650, 0.68024260, 0.59771687, 0.11606862, 5.79889679, -2.57678223, 22.40892220, 27.36042023, 57.61473083, 67.17333984, 20.80373383, 12.84468651, 55.08630371, 0.87595713, -0.10820913, -0.18051486, -0.43405578, 0.09325647, -0.00556426, -0.07444866, 0.00000000, 0.00000000, 0.00000000, 0.00000000
5, 8.1000, 654, 0.91203201, 0.43151444, -0.08750705, 12.00107479, 13.97387791, 6.88567686, 5.96316862, 61.53171539, -77.66735077, -14.66124821, -13.89094067, 60.48896790, 0.85830712, 0.04900741, 0.16740766, -0.48257852, -0.00485248, -0.01079758, 0.01193502, 0.00000000, 0.00000000, 0.00000000, 0.00000000
2, 7.9401, 651, 0.67528975, 0.59826559, 0.11379154, 4.44859838, 1.82246995, 18.85746193, 27.53580856, 56.67933273, 67.26103210, 20.71294594, 13.00507355, 55.00028610, 0.87634623, -0.10699350, -0.18129058, -0.43324760, 0.09902022, -0.00197762, -0.07865106, 0.00000000, 0.00000000, 0.00000000, 0.00000000
5, 8.1100, 655, 0.92243332, 0.42192256, -0.08596966, 11.40926170, 14.30767822, 6.55064440, 5.96316862, 61.53171539, -77.66735077, -14.64409637, -13.56494617, 60.36535645, 0.85894501, 0.05050529, 0.16488276, -0.48215812, -0.01097540, -0.00480306, 0.02053646, 0.00000000, 0.00000000, 0.00000000, 0.00000000
2, 7.9501, 652, 0.68427861, 0.60155988, 0.10241075, 3.07795906, 6.28485298, 14.78264141, 27.62350082, 57.29319000, 66.76410675, 20.60704041, 13.10607910, 54.89953232, 0.87681025, -0.10592946, -0.18155301, -0.43245974, 0.09066000, 0.01017235, -0.07655418, 0.00000000, 0.00000000, 0.00000000, 0.00000000
5, 8.1200, 656, 0.92388719, 0.41923267, -0.08226146, 10.95655727, 14.90381050, 6.22009468, 6.34317446, 61.91172028, -77.60888672, -14.64910793, -13.44766045, 60.21061707, 0.85963136, 0.05128444, 0.16397099, -0.48116255, -0.01100529, -0.00520451, 0.02025300, 0.00000000, 0.00000000, 0.00000000, 0.00000000
2, 7.9601, 653, 0.69611531, 0.59730011, 0.09187166, 2.18991828, 8.43075657, 11.58415413, 27.91581345, 56.32855988, 66.67640686, 21.01477432, 12.49929428, 54.87289047, 0.87660116, -0.11157069, -0.17852287, -0.43272641, 0.07331802, 0.01413324, -0.07584298, 0.00000000, 0.00000000, 0.00000000, 0.00000000
5, 8.1300, 657, 0.91755891, 0.41528735, -0.08274394, 10.90001488, 15.00745583, 5.50471497, 6.25548077, 60.01169205, -77.81350708, -14.66058064, -13.33442593, 60.05679321, 0.86030757, 0.05209047, 0.16311468, -0.48015738, -0.01054515, -0.00172433, 0.01326222, 0.00000000, 0.00000000, 0.00000000, 0.00000000
2, 7.9701, 654, 0.70067888, 0.59873754, 0.08799671, 1.84387898, 10.13103294, 9.63295650, 27.91581345, 56.32855988, 66.67640686, 20.90588379, 12.53595543, 54.76421738, 0.87711298, -0.11075707, -0.17828126, -0.43199715, 0.06109314, 0.01283646, -0.07383648, 0.00000000, 0.00000000, 0.00000000, 0.00000000
5, 8.1400, 658, 0.90763080, 0.40529796, -0.07877827, 10.76428699, 15.80414200, 4.91201925, 6.19701815, 61.41479111, -77.78427124, -14.68214035, -13.21949100, 59.90260315, 0.86097920, 0.05297806, 0.16228583, -0.47913641, -0.01693395, 0.00330703, 0.00178743, 0.00000000, 0.00000000, 0.00000000, 0.00000000
2, 7.9801, 655, 0.70053780, 0.60436004, 0.09287486, 2.55774093, 12.06367397, 8.44208241, 28.03273773, 57.76088715, 67.11487579, 20.79475594, 12.55487537, 54.63904190, 0.87768936, -0.11002363, -0.17788401, -0.43117690, 0.06686483, 0.01515131, -0.06923874, 0.00000000, 0.00000000, 0.00000000, 0.00000000
5, 8.1500, 659, 0.90160632, 0.39805946, -0.07622892, 10.49138641, 16.27585793, 4.75147629, 6.05086231, 61.64863968, -77.52119446, -14.70905113, -13.10177994, 59.74995041, 0.86164027, 0.05391371, 0.16145727, -0.47812229, -0.02090979, 0.00739943, -0.00541268, 0.00000000, 0.00000000, 0.00000000, 0.00000000
2, 7.9901, 656, 0.70903850, 0.62070245, 0.09794879, 3.74260044, 15.58459091, 7.75422049, 28.47120667, 57.64396286, 66.73487091, 20.67087555, 12.55364990, 54.48143005, 0.87840044, -0.10932365, -0.17725839, -0.43016338, 0.07158361, 0.02504345, -0.05320845, 0.00000000, 0.00000000, 0.00000000, 0.00000000
5, 8.1600, 660, 0.90191561, 0.39706305, -0.07758609, 9.33982086, 17.38085556, 4.73989439, 6.05086231, 61.64863968, -77.52119446, -14.64156246, -12.81307888, 59.60884476, 0.86234623, 0.05487020, 0.15897331, -0.47757283, -0.01784086, 0.00934495, -0.00565756, 0.00000000, 0.00000000, 0.00000000, 0.00000000
2, 8.0001, 657, 0.72104639, 0.62600088, 0.10374692, 5.77050114, 19.05356216, 7.51107407, 27.68196487, 57.41011429, 67.29026794, 20.53698540, 12.53820038, 54.28514481, 0.87926549, -0.10866235, -0.17645377, -0.42889267, 0.06841265, 0.02676234, -0.03999886, 0.00000000, 0.00000000, 0.00000000, 0.00000000
5, 8.1900, 661, 0.92790055, 0.39017326, -0.08521924, 7.75768709, 23.13951874, 4.42409086, 5.96316862, 60.74247360, -77.55042267, -14.84126854, -12.34899902, 59.18422318, 0.86413789, 0.05898581, 0.15615258, -0.47476608, -0.01065503, 0.02184548, 0.01856105, 0.00000000, 0.00000000, 0.00000000, 0.00000000
2, 8.0101, 658, 0.73723626, 0.62438160, 0.10814834, 7.86915064, 21.89909363, 7.36468315, 27.76965714, 57.32241821, 67.31949615, 20.77649117, 11.92853832, 54.10965729, 0.87975442, -0.11322904, -0.17259297, -0.42827937, 0.05543867, 0.02298066, -0.02803640, 0.00000000, 0.00000000, 0.00000000, 0.00000000
5, 8.2000, 662, 0.92622799, 0.38527068, -0.09168916, 7.65622187, 24.23020172, 4.66169214, 5.81701231, 61.50248337, -77.28733826, -14.92979145, -12.17068481, 59.03730011, 0.86474425, 0.06062860, 0.15511838, -0.47379315, -0.00604610, 0.03144635, 0.01683281, 0.00000000, 0.00000000, 0.00000000, 0.00000000
2, 8.0201, 659, 0.74818468, 0.62926126, 0.12231109, 8.94234276, 23.28246689, 6.70526981, 27.76965714, 57.32241821, 67.31949615, 20.63987541, 11.89407158, 53.86318207, 0.88081145, -0.11268827, -0.17158069, -0.42665297, 0.04915526, 0.01349541, -0.01150720, 0.00000000, 0.00000000, 0.00000000, 0.00000000
5, 8.2100, 663, 0.91917765, 0.37749735, -0.09989908, 7.91897154, 22.94209862, 3.99670553, 5.81701231, 61.50248337, -77.28733826, -14.45378017, -11.97557163, 58.79516220, 0.86603940, 0.05820363, 0.15157562, -0.47287738, -0.00135092, 0.04201984, 0.00907448, 0.00000000, 0.00000000, 0.00000000, 0.00000000
2, 8.0301, 660, 0.75408524, 0.62564611, 0.13332844, 8.58116913, 24.37921333, 5.56856823, 28.00350761, 57.70242691, 66.93949127, 20.50048637, 11.84327316, 53.61380386, 0.88187957, -0.11219173, -0.17043467, -0.42503354, 0.04790682, 0.00529829, -0.00460156, 0.00000000, 0.00000000, 0.00000000, 0.00000000
5, 8.2200, 664, 0.92961520, 0.37053537, -0.09654809, 8.34860706, 20.97134018, 2.80506635, 5.78778124, 58.78398132, -76.67348480, -14.53483200, -11.83306408, 58.65333939, 0.86661738, 0.05961931, 0.15077542, -0.47189695, -0.00688829, 0.03939820, 0.01640502, 0.00000000, 0.00000000, 0.00000000, 0.00000000
2, 8.0401, 661, 0.76344591, 0.61644512, 0.14424583, 7.39547205, 24.41143417, 4.58550787, 27.50657654, 57.32241821, 67.20256805, 20.35974312, 11.78056622, 53.37462234, 0.88290864, -0.11171241, -0.16920602, -0.42351145, 0.04113329, -0.00675036, 0.00183135, 0.00000000, 0.00000000, 0.00000000, 0.00000000
5, 8.2300, 665, 0.93558520, 0.37370509, -0.09680874, 9.06142998, 18.99780464, 1.10149992, 5.49546909, 61.47325134, -77.14118958, -14.61424351, -11.71770859, 58.51119232, 0.86718750, 0.06090411, 0.15016747, -0.47087818, -0.00316648, 0.03869877, 0.02253543, 0.00000000, 0.00000000, 0.00000000, 0.00000000
2, 8.0501, 662, 0.76836133, 0.61366421, 0.15291522, 5.88595819, 24.26300621, 3.32417011, 27.38965225, 57.08856964, 67.46565247, 20.21853256, 11.70377445, 53.14984512, 0.88388312, -0.11125936, -0.16788514, -0.42212155, 0.03936884, -0.01266739, 0.00718120, 0.00000000, 0.00000000, 0.00000000, 0.00000000
5, 8.2400, 666, 0.93072104, 0.37223941, -0.10107396, 10.02398396, 15.32039070, -1.36442852, 6.31394339, 60.65477753, -76.76117706, -14.68626213, -11.64702320, 58.37170410, 0.86773759, 0.06193599, 0.14986105, -0.46982670, 0.00107818, 0.04399336, 0.01801164, 0.00000000, 0.00000000, 0.00000000, 0.00000000
2, 8.0601, 663, 0.75971448, 0.60840076, 0.16062610, 4.07083559, 23.88017464, 1.87111080, 27.00964546, 57.64396286, 66.82256317, 19.79178047, 11.11238098, 52.93318939, 0.88514805, -0.11061473, -0.16161810, -0.42208642, 0.04312294, -0.01868143, 0.00039021, 0.00000000, 0.00000000, 0.00000000, 0.00000000
5, 8.2500, 667, 0.93530929, 0.36713189, -0.09657352, 10.33882809, 12.43735027, -3.04955506, 5.55393171, 61.97018433, -76.79041290, -14.75203896, -11.60857964, 58.23848343, 0.86825603, 0.06277346, 0.14977096, -0.46878526, -0.00540848, 0.04584047, 0.02180834, 0.00000000, 0.00000000, 0.00000000, 0.00000000
2, 8.0701, 664, 0.75339669, 0.60136533, 0.17157483, 1.77435172, 24.13804626, 0.50070000, 27.00964546, 57.64396286, 66.82256317, 19.64578438, 11.00070095, 52.74519730, 0.88598919, -0.11018992, -0.16005112, -0.42102844, 0.04138126, -0.02619460, -0.00571264, 0.00000000, 0.00000000, 0.00000000, 0.00000000
5, 8.2600, 668, 0.95767844, 0.35774863, -0.08359043, 10.25207043, 12.34077930, -2.68270493, 5.55393171, 61.97018433, -76.79041290, -14.19819164, -11.17055702, 58.02123260, 0.86953908, 0.06072730, 0.14411406, -0.46844989, -0.02176012, 0.04248464, 0.04107393, 0.00000000, 0.00000000, 0.00000000, 0.00000000
2, 8.1601, 665, 0.76458615, 0.56009334, 0.20381270, -4.41879559, 40.63175964, -6.92831278, 26.83425903, 57.90704346, 68.22566223, 17.14754868, 9.10121632, 50.72661209, 0.89576185, -0.10068212, -0.13455009, -0.41154614, -0.00476504, -0.04603082, -0.01947854, 0.00000000, 0.00000000, 0.00000000, 0.00000000
5, 8.2700, 669, 0.97134715, 0.35303167, -0.08360741, 9.07635117, 14.26757526, -1.37745965, 5.14469433, 62.08710861, -76.84887695, -14.26821899, -11.10390759, 57.89467621, 0.87003273, 0.06170226, 0.14383331, -0.46749115, -0.02065187, 0.03970199, 0.05133335, 0.00000000, 0.00000000, 0.00000000, 0.00000000
2, 8.1701, 666, 0.76824600, 0.55353022, 0.20781972, -7.17127466, 42.12370300, -6.95097256, 26.42502213, 57.67319489, 68.43028259, 16.88686180, 8.80586910, 50.50201797, 0.89681309, -0.10001671, -0.13113369, -0.41052040, -0.01142745, -0.04340434, -0.02179687, 0.00000000, 0.00000000, 0.00000000, 0.00000000
5, 8.3200, 670, 0.98311216, 0.39623848, -0.09293521, 8.79517555, 10.44577122, 2.49592209, 5.08623219, 62.05787659, -76.29347992, -14.01960087, -10.72491074, 57.27512741, 0.87276250, 0.06218560, 0.13964361, -0.46359295, 0.02031380, 0.01093072, 0.06554018, 0.00000000, 0.00000000, 0.00000000, 0.00000000
2, 8.1801, 667, 0.78103840, 0.54389405, 0.20925899, -9.99583435, 42.85298920, -6.75463486, 25.84039688, 57.64396286, 68.25489807, 16.60497665, 8.50144958, 50.29269028, 0.89782244, -0.09918790, -0.12758407, -0.40963292, -0.02977942, -0.04695543, -0.01902956, 0.00000000, 0.00000000, 0.00000000, 0.00000000
5, 8.3300, 671, 0.98303622, 0.40995905, -0.08494850, 10.35678482, 6.25111485, 2.21832705, 4.91084480, 61.59017944, -76.64425659, -14.00992393, -10.69153881, 57.15533066, 0.87325865, 0.06239839, 0.13928829, -0.46273601, 0.02459541, -0.00447588, 0.06578165, 0.00000000, 0.00000000, 0.00000000, 0.00000000
2, 8.1901, 668, 0.77538013, 0.53855848, 0.21659386, -12.58100224, 44.14181900, -5.41824389, 25.89885902, 57.67319489, 68.45951080, 16.29375648, 8.19484711, 50.09007263, 0.89882654, -0.09811589, -0.12391828, -0.40881351, -0.03004852, -0.05118189, -0.02423028, 0.00000000, 0.00000000, 0.00000000, 0.00000000
5, 8.3400, 672, 0.98668522, 0.42133746, -0.07896432, 11.17163563, 2.20675397, 2.67238975, 5.14469433, 62.49634552, -76.41040802, -13.96912861, -10.68483067, 57.03808594, 0.87375522, 0.06225801, 0.13900943, -0.46190065, 0.02771657, -0.01736442, 0.06966694, 0.00000000, 0.00000000, 0.00000000, 0.00000000
2, 8.2001, 669, 0.79949623, 0.54279399, 0.22796924, -15.01930714, 46.12629700, -3.62082195, 25.78193474, 57.23472595, 69.07337189, 15.94744492, 7.88630199, 49.88727951, 0.89985406, -0.09676155, -0.12011239, -0.40801096, -0.04470174, -0.05091286, -0.00174177, 0.00000000, 0.00000000, 0.00000000, 0.00000000
5, 8.3500, 673, 0.98889351, 0.43199915, -0.07165316, 11.80491447, -1.33707571, 3.98194671, 4.96930695, 61.53171539, -76.70272064, -13.89446640, -10.69501400, 56.92316055, 0.87425631, 0.06178503, 0.13872324, -0.46110120, 0.02924940, -0.03117344, 0.07186325, 0.00000000, 0.00000000, 0.00000000, 0.00000000
2, 8.2101, 670, 0.80911416, 0.54973662, 0.21797694, -15.74478626, 46.60214615, -2.17423654, 25.78193474, 57.23472595, 69.07337189, 15.26866055, 8.10597801, 49.69577026, 0.90107983, -0.09081358, -0.11925298, -0.40692374, -0.05608856, -0.03177061, 0.00102424, 0.00000000, 0.00000000, 0.00000000, 0.00000000
5, 8.3600, 674, 0.97452766, 0.44374385, -0.07100875, 12.50460720, -4.46506882, 5.40572691, 4.41391420, 61.47325134, -76.87810516, -14.11680126, -11.03682423, 56.87905121, 0.87423944, 0.06210097, 0.14216797, -0.46004033, 0.03688879, -0.04051963, 0.05886107, 0.00000000, 0.00000000, 0.00000000, 0.00000000
2, 8.2201, 671, 0.80326390, 0.56958461, 0.23164728, -14.72366714, 47.00460052, -2.09311318, 25.43115997, 57.46857452, 69.07337189, 14.91179371, 7.80193806, 49.48605728, 0.90212405, -0.08934287, -0.11545032, -0.40603119, -0.03369586, -0.01734953, 0.01118774, 0.00000000, 0.00000000, 0.00000000, 0.00000000
5, 8.3700, 675, 0.93839747, 0.45235959, -0.08098510, 13.49454021, -6.72337294, 6.25065422, 4.41391420, 61.47325134, -76.87810516, -13.98566055, -11.07290745, 56.76025391, 0.87477827, 0.06109614, 0.14184994, -0.45924824, 0.05003329, -0.03817849, 0.02613342, 0.00000000, 0.00000000, 0.00000000, 0.00000000
2, 8.2301, 672, 0.81671876, 0.58036548, 0.23000719, -12.40288448, 47.33627701, -3.30269456, 25.10961723, 57.90704346, 69.80415344, 14.57525635, 7.48914862, 49.26392746, 0.90318871, -0.08806136, -0.11164305, -0.40500784, -0.04405960, -0.00296318, 0.02300277, 0.00000000, 0.00000000, 0.00000000, 0.00000000
5, 8.3800, 676, 0.89696181, 0.45275015, -0.09244324, 15.76339436, -5.96931124, 6.85315895, 5.20315695, 62.35018921, -76.46886444, -13.84744263, -11.10478306, 56.61665726, 0.87541872, 0.06008477, 0.14146100, -0.45828030, 0.06339049, -0.03300086, -0.01427477, 0.00000000, 0.00000000, 0.00000000, 0.00000000
2, 8.2401, 673, 0.82365721, 0.58236611, 0.23728849, -9.69716454, 45.78851318, -5.48235846, 24.67114830, 57.17626190, 69.42414093, 14.27776527, 7.17094040, 49.04227066, 0.90421391, -0.08709136, -0.10793266, -0.40393448, -0.04983357, -0.00162691, 0.03049998, 0.00000000, 0.00000000, 0.00000000, 0.00000000
5, 8.3900, 677, 0.87100923, 0.44535142, -0.10179835, 19.67294312, 0.19084395, 7.02032614, 5.17392588, 62.37942123, -77.11195374, -13.73384666, -11.10193443, 56.41813660, 0.87627137, 0.05947299, 0.14088231, -0.45690668, 0.06836780, -0.02329288, -0.04024026, 0.00000000, 0.00000000, 0.00000000, 0.00000000
2, 8.2501, 674, 0.83823562, 0.57897514, 0.23778783, -7.28079319, 42.88239288, -7.70986462, 24.64191818, 56.85472107, 69.27798462, 14.02559090, 6.85424423, 48.83204269, 0.90515685, -0.08644805, -0.10440268, -0.40288714, -0.06713144, -0.00001931, 0.03749947, 0.00000000, 0.00000000, 0.00000000, 0.00000000
5, 8.4000, 678, 0.85474932, 0.42769620, -0.10762226, 23.40095520, 12.56426048, 7.30284739, 5.23238802, 62.52557755, -76.84887695, -13.68365669, -11.02016735, 56.15011978, 0.87738425, 0.05975719, 0.13992526, -0.45502430, 0.06362052, -0.00764873, -0.05784370, 0.00000000, 0.00000000, 0.00000000, 0.00000000
2, 8.2601, 675, 0.85146970, 0.57930344, 0.23543981, -4.74124956, 38.12250519, -9.57603455, 24.64191818, 56.85472107, 69.27798462, 13.77831268, 7.42074251, 48.69506073, 0.90578812, -0.08256520, -0.10787950, -0.40136382, -0.07912100, 0.00570838, 0.04466375, 0.00000000, 0.00000000, 0.00000000, 0.00000000
5, 8.4100, 679, 0.83616972, 0.39305320, -0.12306908, 25.46196938, 30.52180862, 7.98505497, 5.14469433, 62.26249695, -76.90733337, -13.44951820, -11.61982346, 55.79795456, 0.87873185, 0.05591793, 0.14335871, -0.45183158, 0.05311103, 0.02719712, -0.07794765, 0.00000000, 0.00000000, 0.00000000, 0.00000000
2, 8.2701, 676, 0.86116964, 0.58389705, 0.23141313, -2.66496301, 31.68810272, -10.33838081, 23.96959877, 57.29319000, 69.62876129, 13.63341236, 7.15270615, 48.53774261, 0.90646291, -0.08253588, -0.10515428, -0.40056911, -0.07933924, 0.01538309, 0.05169628, 0.00000000, 0.00000000, 0.00000000, 0.00000000
5, 8.4300, 680, 0.83383751, 0.31752777, -0.10056224, 24.91730499, 70.58236694, 12.03144073, 5.05700064, 62.70096207, -76.79041290, -13.88887119, -10.74929428, 54.96377945, 0.88200295, 0.06388404, 0.13803764, -0.44602168, -0.01127684, 0.06975352, -0.08902559, 0.00000000, 0.00000000, 0.00000000, 0.00000000
2, 8.2801, 677, 0.87122124, 0.59168750, 0.23483209, -0.88323313, 25.23171425, -9.14032650, 24.43729782, 57.49780655, 69.39491272, 13.53126144, 6.93375731, 48.40741730, 0.90700531, -0.08263595, -0.10298248, -0.39988413, -0.08501048, 0.02032143, 0.06342419, 0.00000000, 0.00000000, 0.00000000, 0.00000000
5, 8.4400, 681, 0.86806649, 0.28666666, -0.08160449, 21.00434113, 93.69179535, 16.54039574, 5.02776957, 62.78865814, -75.97193909, -14.28896809, -10.04147816, 54.49428558, 0.88373584, 0.07039084, 0.13392399, -0.44285491, -0.03947715, 0.08578996, -0.06015834, 0.00000000, 0.00000000, 0.00000000, 0.00000000
2, 8.2901, 678, 0.87533569, 0.60611010, 0.23025186, 1.15260470, 15.79919910, -5.95268393, 23.70651817, 57.84858322, 69.97953796, 13.47952271, 6.79750729, 48.31501770, 0.90737224, -0.08279929, -0.10166354, -0.39935508, -0.08597450, 0.03487872, 0.07061517, 0.00000000, 0.00000000, 0.00000000, 0.00000000
5, 8.4500, 682, 0.93021005, 0.25518221, -0.07951706, 16.82270622, 104.72705841, 18.95978928, 4.38468266, 62.49634552, -75.73809052, -14.75829506, -9.23446751, 54.02909851, 0.88534176, 0.07778894, 0.12926948, -0.43978220, -0.05701678, 0.11542147, -0.00189837, 0.00000000, 0.00000000, 0.00000000, 0.00000000
2, 8.3001, 679, 0.87842232, 0.62378424, 0.22548366, 3.93527484, 9.34643269, -1.33977616, 23.96959877, 57.38088226, 69.86260986, 13.45774174, 6.73973799, 48.23085403, 0.90768397, -0.08290879, -0.10107219, -0.39877376, -0.08328158, 0.05127182, 0.07894161, 0.00000000, 0.00000000, 0.00000000, 0.00000000
5, 8.4600, 683, 1.02906072, 0.21960050, -0.07295436, 14.82067108, 109.75064087, 17.91323853, 4.15083313, 62.46711349, -75.32884979, -13.39496136, -7.28267813, 53.05114746, 0.89014328, 0.07596957, 0.10841749, -0.43602657, -0.07955133, 0.13826023, 0.08966339, 0.00000000, 0.00000000, 0.00000000, 0.00000000
2, 8.3101, 680, 0.87082636, 0.63231134, 0.21394287, 7.51516104, 4.61724424, 4.56070805, 23.96959877, 57.38088226, 69.86260986, 13.99162674, 7.46173668, 48.25949478, 0.90714788, -0.08451606, -0.10862763, -0.39766794, -0.07650011, 0.06343397, 0.07293383, 0.00000000, 0.00000000, 0.00000000, 0.00000000
5, 8.4700, 684, 1.12951958, 0.17144433, -0.05862747, 14.02676105, 108.63913727, 15.30298805, 4.15083313, 62.46711349, -75.32884979, -13.94733715, -6.46041727, 52.62078094, 0.89139324, 0.08387206, 0.10386581, -0.43312293, -0.10671474, 0.15019298, 0.17608574, 0.00000000, 0.00000000, 0.00000000, 0.00000000
2, 8.3201, 681, 0.86240286, 0.62994629, 0.20272033, 11.14063263, 1.81075871, 11.63687611, 23.26804924, 57.73165512, 70.41800690, 13.98720074, 7.56432438, 48.13348007, 0.90757918, -0.08423230, -0.10932600, -0.39655128, -0.06693937, 0.06324966, 0.06308062, 0.00000000, 0.00000000, 0.00000000, 0.00000000
5, 8.4800, 685, 1.20299375, 0.13578166, -0.04985658, 14.52113152, 101.10115814, 13.15410233, 3.59543991, 62.17480087, -74.45191193, -14.47075653, -5.71001768, 52.20030594, 0.89252967, 0.09122384, 0.09971331, -0.43026301, -0.13316523, 0.17979535, 0.24572589, 0.00000000, 0.00000000, 0.00000000, 0.00000000
2, 8.3801, 682, 0.46935868, 0.56605196, 0.51440644, -21.33548927, 147.89250183, -13.95868778, 23.50189972, 57.29319000, 70.06723022, 11.00799561, 4.78142023, 45.61631012, 0.91831040, -0.07224282, -0.07542352, -0.38183543, 0.29566988, -0.15864885, -0.10342452, 0.00000000, 0.00000000, 0.00000000, 0.00000000
5, 8.4900, 686, 1.24498665, 0.08502391, -0.03654259, 16.48040390, 81.60784149, 12.59442520, 3.44928384, 62.49634552, -74.24729156, -14.87180424, -5.10555983, 51.80891418, 0.89359218, 0.09700362, 0.09621004, -0.42758277, -0.17097078, 0.21590529, 0.28246611, 0.00000000, 0.00000000, 0.00000000, 0.00000000
2, 8.3901, 683, 0.45659226, 0.55424988, 0.58351147, -38.77529144, 213.84629822, -37.06012344, 22.82958221, 57.58549881, 71.03186035, 9.78971577, 3.14532018, 44.69131470, 0.92207718, -0.06849405, -0.05771988, -0.37649804, 0.30892318, -0.19746709, -0.08902746, 0.00000000, 0.00000000, 0.00000000, 0.00000000
5, 8.5000, 687, 1.25066948, 0.03606649, -0.00594280, 16.84066582, 45.20260239, 15.87578773, 3.68313360, 62.11634064, -73.75036621, -15.01397705, -4.73078585, 51.50904846, 0.89452648, 0.09978914, 0.09357364, -0.42556846, -0.21901564, 0.23516142, 0.28121892, 0.00000000, 0.00000000, 0.00000000, 0.00000000
2, 8.4001, 684, 0.48113966, 0.55662155, 0.60965037, -53.37273407, 275.24322510, -58.76030350, 22.82958221, 57.58549881, 71.03186035, 8.29657269, 0.92220670, 43.61983871, 0.92617559, -0.06417587, -0.03432683, -0.37000266, 0.27069843, -0.19050914, -0.06311458, 0.00000000, 0.00000000, 0.00000000, 0.00000000
5, 8.5100, 688, 1.23892200, 0.00448974, 0.04431519, 13.12606239, 15.23720264, 20.78213310, 3.39082146, 62.11634064, -73.80883026, -12.54461288, -1.81695020, 50.54132843, 0.89951456, 0.09205798, 0.06088609, -0.42271951, -0.25882727, 0.21424088, 0.25849625, 0.00000000, 0.00000000, 0.00000000, 0.00000000
2, 8.4101, 685, 0.61234045, 0.52598774, 0.60068220, -64.71324158, 319.44299316, -76.73083496, 20.90032196, 57.32241821, 71.85033417, 4.76013470, -2.20584369, 42.67864227, 0.93017501, -0.04567207, 0.00280446, -0.36425373, 0.11181953, -0.17002854, 0.00437238, 0.00000000, 0.00000000, 0.00000000, 0.00000000
5, 8.5400, 689, 1.11472785, 0.08429182, 0.13857847, -5.69920301, -28.70865631, 37.57049942, 3.33235884, 58.60859299, -73.69190216, -11.46068668, -1.59935343, 50.63654327, 0.89993751, 0.08430862, 0.05524779, -0.42420793, -0.21746321, 0.04556136, 0.12042587, 0.00000000, 0.00000000, 0.00000000, 0.00000000
2, 8.4201, 686, 0.74457645, 0.50135756, 0.61241865, -72.06030273, 334.26361084, -85.23324585, 18.50336075, 56.76702499, 72.55188751, 3.07086277, -5.11694193, 41.73635483, 0.93270993, -0.04090798, 0.03216030, -0.35685381, -0.04388443, -0.14184456, 0.08824931, 0.00000000, 0.00000000, 0.00000000, 0.00000000
5, 8.5500, 690, 1.04431140, 0.13787182, 0.12183008, -9.19703293, -27.36362648, 45.63898468, 4.00467682, 61.76556396, -73.75036621, -10.96013641, -1.46029389, 50.77122498, 0.89976263, 0.08083320, 0.05239814, -0.42561468, -0.15806690, 0.00937292, 0.05522915, 0.00000000, 0.00000000, 0.00000000, 0.00000000
2, 8.4301, 687, 0.89526284, 0.47559157, 0.65402114, -75.28738403, 324.72680664, -86.13229370, 15.93101406, 56.67933273, 73.39958954, 1.43985522, -7.99576378, 40.95275879, 0.93415672, -0.03612970, 0.06092457, -0.34976298, -0.19342935, -0.16050182, 0.20576057, 0.00000000, 0.00000000, 0.00000000, 0.00000000
5, 8.5600, 691, 1.01390171, 0.16824432, 0.12180286, -10.52680111, -20.19743538, 52.85468292, 4.26775789, 61.41479111, -73.98421478, -10.80058861, 0.18442228, 49.93695831, 0.90245152, 0.08599381, 0.03827455, -0.42038268, -0.12392389, -0.02000421, 0.02624785, 0.00000000, 0.00000000, 0.00000000, 0.00000000
2, 8.4401, 688, 0.99476731, 0.44718188, 0.67734027, -76.73572540, 290.11209106, -78.57226562, 13.73867321, 55.97778320, 74.18883514, -0.06639941, -10.59803295, 40.39518738, 0.93451506, -0.03134434, 0.08687361, -0.34373289, -0.31361088, -0.17002963, 0.27955550, 0.00000000, 0.00000000, 0.00000000, 0.00000000
5, 8.5700, 692, 1.01939309, 0.17666456, 0.13513343, -10.84677124, -11.48160362, 58.99031830, 4.67699480, 61.32709503, -73.98421478, -10.30813789, 0.52842546, 50.04997635, 0.90227491, 0.08334277, 0.03383908, -0.42167389, -0.10491380, -0.03931103, 0.03021864, 0.00000000, 0.00000000, 0.00000000, 0.00000000
2, 8.4501, 689, 1.07779014, 0.40608436, 0.72144067, -76.23967743, 237.65310669, -64.67191315, 13.73867321, 55.97778320, 74.18883514, -1.40492415, -12.74129391, 40.08665466, 0.93402874, -0.02658013, 0.10840743, -0.33931056, -0.41094178, -0.20622447, 0.34728628, 0.00000000, 0.00000000, 0.00000000, 0.00000000
5, 8.5800, 693, 1.03588295, 0.18514207, 0.13858795, -11.93515015, -5.74841499, 63.57493591, 4.67699480, 61.32709503, -73.98421478, -9.82172775, 0.94527149, 50.16302872, 0.90205091, 0.08101498, 0.02884398, -0.42297620, -0.09699211, -0.05625886, 0.04554607, 0.00000000, 0.00000000, 0.00000000, 0.00000000
2, 8.4601, 690, 1.05258751, 0.39597550, 0.79243726, -70.92577362, 171.29524231, -43.94380951, 11.78018093, 56.12393951, 74.62730408, -4.55282831, -10.65935993, 41.55080414, 0.93150997, 0.00405591, 0.10080631, -0.34944370, -0.37756371, -0.23426844, 0.36472315, 0.00000000, 0.00000000, 0.00000000, 0.00000000
5, 8.5900, 694, 1.06373680, 0.19668244, 0.12876226, -13.89755821, -4.43948317, 67.13632965, 4.79392004, 60.07015610, -74.10114288, -9.31958675, 1.39810455, 50.29543686, 0.90173489, 0.07870088, 0.02351272, -0.42441440, -0.07799774, -0.06654257, 0.07379696, 0.00000000, 0.00000000, 0.00000000, 0.00000000
2, 8.4701, 691, 0.93469399, 0.39256492, 0.87552357, -63.23359299, 119.37971497, -22.35459709, 9.99707699, 55.18854141, 74.91961670, -5.49324512, -11.66222572, 41.59870148, 0.93065304, 0.00852944, 0.11179421, -0.34830189, -0.22789486, -0.25221777, 0.31862158, 0.00000000, 0.00000000, 0.00000000, 0.00000000
5, 8.6000, 695, 1.08010316, 0.21007051, 0.13267894, -15.73578072, -6.02306223, 70.80246735, 5.20315695, 60.07015610, -73.98421478, -8.78073502, 1.86653900, 50.45270538, 0.90132570, 0.07616303, 0.01793020, -0.42601627, -0.06583987, -0.08808292, 0.08957092, 0.00000000, 0.00000000, 0.00000000, 0.00000000
2, 8.4801, 692, 0.80467087, 0.42606440, 0.94952959, -56.41874695, 90.89412689, -3.52093196, 9.50014591, 54.86699677, 76.03040314, -6.33420801, -12.33137798, 41.62763214, 0.93002212, 0.01323820, 0.11975937, -0.34719062, -0.09541474, -0.26616001, 0.28524512, 0.00000000, 0.00000000, 0.00000000, 0.00000000
5, 8.6100, 696, 1.07235730, 0.23106256, 0.13336316, -18.06028557, -9.10418606, 72.09059906, 5.99239969, 59.83630371, -73.63343811, -9.34117413, 2.54991293, 49.85535812, 0.90284193, 0.08316968, 0.01420028, -0.42161328, -0.04209006, -0.10874911, 0.08327281, 0.00000000, 0.00000000, 0.00000000, 0.00000000
2, 8.4901, 693, 0.69427037, 0.45361403, 1.02130842, -52.58575439, 76.71176910, 10.53231335, 9.14937115, 54.92546082, 75.97193909, -7.13890266, -12.80486393, 41.61553192, 0.92961168, 0.01829913, 0.12601416, -0.34584349, 0.02329773, -0.28381276, 0.26092151, 0.00000000, 0.00000000, 0.00000000, 0.00000000
5, 8.6200, 697, 1.04299879, 0.27027887, 0.12518537, -18.03469658, -13.08514500, 70.33039856, 6.25548077, 58.43320465, -73.98421478, -8.75622082, 2.96860266, 50.04965210, 0.90234101, 0.08007390, 0.00887810, -0.42342672, 0.00471330, -0.12734991, 0.05958066, 0.00000000, 0.00000000, 0.00000000, 0.00000000
2, 8.5001, 694, 0.61539966, 0.45633078, 1.05426371, -55.73716354, 72.19280243, 19.23432922, 9.14937115, 54.92546082, 75.97193909, -7.98580790, -13.18565464, 41.59899521, 0.92923176, 0.02399349, 0.13163279, -0.34442049, 0.09012362, -0.29139495, 0.22664742, 0.00000000, 0.00000000, 0.00000000, 0.00000000
5, 8.6900, 698, 1.01615369, 0.42993066, 0.12436543, -25.87038231, 14.40279293, 57.78303528, 7.39549828, 55.48085403, -73.34112549, -8.42602921, 3.90752959, 50.81169128, 0.89925247, 0.08090878, 0.00078732, -0.42988154, 0.13214502, -0.25137651, 0.04692781, 0.00000000, 0.00000000, 0.00000000, 0.00000000
2, 8.5101, 695, 0.60689837, 0.47239286, 1.10293007, -62.83715820, 72.18421936, 23.55780602, 8.65244102, 54.72084045, 76.87810516, -11.05923653, -13.93616867, 41.47301102, 0.92813027, 0.04669760, 0.14679573, -0.33888721, 0.12062704, -0.29065832, 0.25872308, 0.00000000, 0.00000000, 0.00000000, 0.00000000
5, 8.7000, 699, 1.00784707, 0.40575966, 0.13472699, -29.81278038, 6.06444168, 55.46123505, 7.98012257, 52.11926270, -72.78573608, -8.08276749, 4.37440777, 51.09135437, 0.89818281, 0.07995775, -0.00397844, -0.43227154, 0.11801032, -0.24641702, 0.03532247, 0.00000000, 0.00000000, 0.00000000, 0.00000000
2, 8.5201, 696, 0.61708879, 0.47388792, 1.10146046, -73.93334198, 67.70803833, 24.90052986, 8.24320412, 54.28237152, 77.14118958, -12.07409191, -14.22220993, 41.59236526, 0.92713636, 0.05385462, 0.15214004, -0.33818835, 0.10294674, -0.24575467, 0.27617854, 0.00000000, 0.00000000, 0.00000000, 0.00000000
5, 8.7100, 700, 0.97659779, 0.38563600, 0.13625392, -33.47139359, -3.68212676, 53.13731384, 8.41859055, 54.51622391, -72.75650024, -10.18722153, 3.54552984, 50.81819916, 0.89809114, 0.09337796, 0.01024392, -0.42966035, 0.10934571, -0.22848457, 0.00335613, 0.00000000, 0.00000000, 0.00000000, 0.00000000
2, 8.5301, 697, 0.57030720, 0.47867805, 1.07939613, -86.66434479, 60.23139954, 26.17308617, 8.36012840, 53.84390640, 77.63811493, -13.17695999, -14.41925144, 41.82490921, 0.92576087, 0.06183168, 0.15708925, -0.33832923, 0.12365122, -0.20932235, 0.23933157, 0.00000000, 0.00000000, 0.00000000, 0.00000000
5, 8.7200, 701, 0.95814562, 0.36612257, 0.13580686, -36.18060303, -8.59706116, 48.65560150, 8.03858471, 54.28237152, -72.69804382, -9.79957962, 3.88131738, 51.17891693, 0.89685136, 0.09156430, 0.00643941, -0.43270320, 0.08919333, -0.18834583, -0.01336508, 0.00000000, 0.00000000, 0.00000000, 0.00000000
2, 8.5401, 698, 0.50327855, 0.50249624, 1.03508806, -98.64049530, 55.95175171, 26.77608299, 8.27243519, 53.23004913, 78.07658386, -14.37193489, -14.55373096, 42.15633011, 0.92400360, 0.07058462, 0.16188598, -0.33915812, 0.15837196, -0.14223787, 0.18696937, 0.00000000, 0.00000000, 0.00000000, 0.00000000
5, 8.7300, 702, 0.93739992, 0.33579776, 0.13405983, -38.80918884, -7.05550575, 43.67829132, 8.03858471, 54.28237152, -72.69804382, -9.45808697, 4.19585943, 51.56545639, 0.89547050, 0.09005527, 0.00298454, -0.43590593, 0.07823509, -0.17119801, -0.03714940, 0.00000000, 0.00000000, 0.00000000, 0.00000000
2, 8.5501, 699, 0.47837153, 0.50726116, 0.96752894, -107.02272797, 53.44116974, 26.12027359, 8.27243519, 53.23004913, 78.07658386, -15.63004303, -14.64922428, 42.56207657, 0.92191571, 0.07982734, 0.16664240, -0.34048417, 0.14285022, -0.07101575, 0.14358449, 0.00000000, 0.00000000, 0.00000000, 0.00000000
5, 8.7400, 703, 0.90332478, 0.31332487, 0.11386316, -42.19160080, -3.18263483, 39.99297714, 8.94475269, 53.75621033, -72.75650024, -9.16967773, 4.51583338, 51.97966003, 0.89391989, 0.08900502, -0.00029902, -0.43930086, 0.08768362, -0.14634150, -0.07147545, 0.00000000, 0.00000000, 0.00000000, 0.00000000
2, 8.5601, 700, 0.43714276, 0.50181222, 0.90156871, -108.53706360, 49.03366089, 25.68267822, 7.86319780, 52.93773651, 78.42736053, -16.55013466, -15.92916965, 42.29840469, 0.92122638, 0.08346452, 0.17930968, -0.33499801, 0.13022465, -0.00966973, 0.08567569, 0.00000000, 0.00000000, 0.00000000, 0.00000000
5, 8.7500, 704, 0.88712496, 0.32163477, 0.08303984, -45.10990524, 0.96342641, 38.16602325, 8.76936531, 53.23004913, -72.34726715, -8.92216110, 4.85527992, 52.41600800, 0.89222080, 0.08837278, -0.00356793, -0.44285387, 0.12356751, -0.13602054, -0.08412680, 0.00000000, 0.00000000, 0.00000000, 0.00000000
2, 8.6201, 701, 0.25672424, 0.61894792, 0.74551278, -86.95816803, 71.69898224, 12.53907585, 6.78164291, 48.64074707, 81.20432281, -20.89658546, -19.48874474, 42.33299255, 0.91492474, 0.10657329, 0.21975327, -0.32134625, 0.16576767, 0.24172562, -0.01803371, 0.00000000, 0.00000000, 0.00000000, 0.00000000
5, 8.7600, 705, 0.88105220, 0.33735618, 0.06654450, -47.54199982, 4.45125484, 35.63367844, 8.82782841, 52.90850449, -72.66880798, -10.50313854, 3.46424770, 52.13582993, 0.89287883, 0.09540735, 0.01316487, -0.43987674, 0.14540543, -0.13244340, -0.08653376, 0.00000000, 0.00000000, 0.00000000, 0.00000000
2, 8.6301, 702, 0.25534818, 0.64080781, 0.73640031, -92.34944916, 59.82240677, -5.35237360, 6.10932446, 48.08535385, 81.55509949, -22.00865364, -19.77977180, 42.88502884, 0.91207808, 0.11339723, 0.22567123, -0.32299718, 0.16788998, 0.28033134, -0.00424125, 0.00000000, 0.00000000, 0.00000000, 0.00000000
5, 8.7700, 706, 0.89772147, 0.33446580, 0.07505824, -50.32018661, 7.19909334, 33.33346558, 8.94475269, 52.29465103, -72.49342346, -10.34556389, 3.83413363, 52.60189056, 0.89099205, 0.09554296, 0.01005835, -0.44373816, 0.11867479, -0.11590569, -0.06894331, 0.00000000, 0.00000000, 0.00000000, 0.00000000
2, 8.6401, 703, 0.28830266, 0.61178273, 0.75534874, -93.63446808, 41.97826385, -15.30125618, 5.67085648, 47.73458099, 82.02279663, -23.03753281, -19.95253754, 43.56662750, 0.90897143, 0.11963192, 0.23061329, -0.32600114, 0.13598818, 0.26208773, 0.02168952, 0.00000000, 0.00000000, 0.00000000, 0.00000000
5, 8.8000, 707, 0.96121109, 0.38565761, 0.11158138, -64.05576324, -0.42719051, 29.75121307, 9.35398960, 50.74539566, -72.84420013, -9.84374523, 4.82812119, 54.28408432, 0.88416165, 0.09542593, 0.00176158, -0.45732823, 0.13609566, -0.18687096, -0.00516318, 0.00000000, 0.00000000, 0.00000000, 0.00000000
2, 8.6501, 704, 0.24552035, 0.61331761, 0.78008741, -89.42486572, 29.54663467, -16.33204079, 5.67085648, 47.73458099, 82.02279663, -23.97303772, -20.02522850, 44.25447464, 0.90595168, 0.12539467, 0.23458287, -0.32939112, 0.17768279, 0.26007470, 0.01160271, 0.00000000, 0.00000000, 0.00000000, 0.00000000
5, 8.8100, 708, 0.77653652, 0.34028482, 0.02369585, -60.16119385, -2.67834949, 26.23039246, 9.12014008, 49.86845779, -71.90879822, -10.84469604, 2.25095749, 53.54011917, 0.88781869, 0.09315970, 0.02509572, -0.44996607, 0.18605231, -0.09185501, -0.18389116, 0.00000000, 0.00000000, 0.00000000, 0.00000000
2, 8.6601, 705, 0.20109287, 0.60298175, 0.78815514, -86.44510651, 23.32581902, -15.38881016, 5.64162540, 47.09149170, 82.60742188, -22.22463226, -22.69061661, 43.11174011, 0.90871930, 0.10482839, 0.24896032, -0.31821206, 0.19680510, 0.24895729, -0.01503226, 0.00000000, 0.00000000, 0.00000000, 0.00000000
5, 8.8200, 709, 0.48134619, 0.28944504, -0.06016726, -53.48970032, 3.88424397, 10.51087856, 9.50014591, 50.04384613, -71.76264191, -10.84340000, 2.44999862, 54.04914093, 0.88570607, 0.09381983, 0.02396258, -0.45403570, 0.21787068, 0.01653044, -0.47270292, 0.00000000, 0.00000000, 0.00000000, 0.00000000
2, 8.6701, 706, 0.17703767, 0.56921214, 0.79681242, -85.11531830, 23.89708519, -14.47010040, 5.05700064, 46.36071396, 82.69511414, -23.13264275, -22.72805023, 43.77775574, 0.90597248, 0.11043320, 0.25240719, -0.32141748, 0.16869436, 0.19775337, -0.03987462, 0.00000000, 0.00000000, 0.00000000, 0.00000000
5, 8.8300, 710, 0.17809251, 0.41102502, -0.19835903, -41.29591370, 19.49550056, -33.57820511, 9.17860222, 49.89768982, -71.47032928, -11.25677490, 2.43451285, 54.41944122, 0.88389897, 0.09686983, 0.02603337, -0.45679453, 0.44115517, 0.02574961, -0.74851847, 0.00000000, 0.00000000, 0.00000000, 0.00000000
2, 8.6801, 707, 0.16162813, 0.54379451, 0.78277028, -83.25914001, 29.07602692, -13.97466755, 4.76468849, 45.24992752, 82.98742676, -24.04620552, -22.80274200, 44.41773987, 0.90319920, 0.11596551, 0.25618315, -0.32427394, 0.15904947, 0.20300582, -0.06436969, 0.00000000, 0.00000000, 0.00000000, 0.00000000
5, 8.8400, 711, 0.17083526, 0.60124207, -0.26169285, -18.46171379, 39.63062668, -68.52876282, 9.17860222, 49.89768982, -71.47032928, -12.04115677, 2.27819085, 54.53588867, 0.88284111, 0.10226932, 0.03047104, -0.45738855, 0.61445135, -0.05914343, -0.73058861, 0.00000000, 0.00000000, 0.00000000, 0.00000000
2, 8.6901, 708, 0.17297027, 0.51668626, 0.76114482, -79.92095184, 35.10697174, -14.46391296, 4.76468849, 45.24992752, 82.98742676, -24.95372391, -22.93129730, 45.02955246, 0.90040958, 0.12127607, 0.26037025, -0.32674488, 0.12497573, 0.21214896, -0.07416850, 0.00000000, 0.00000000, 0.00000000, 0.00000000
5, 8.8500, 712, 0.71262014, 0.54096472, -0.16255869, 4.87916231, 42.86180878, -64.13951111, 8.59397793, 46.47763824, -71.03186035, -12.79440117, 2.12640905, 54.41804886, 0.88270938, 0.10750538, 0.03453748, -0.45615128, 0.42838994, -0.06871153, -0.20539118, 0.00000000, 0.00000000, 0.00000000, 0.00000000
2, 8.7001, 709, 0.19241251, 0.50522578, 0.75058639, -75.81063080, 37.26474762, -16.38784599, 4.41391420, 44.46068192, 83.36743927, -25.82940292, -23.09003067, 45.62801361, 0.89761770, 0.12620869, 0.26472080, -0.32905465, 0.09783015, 0.22400619, -0.06456326, 0.00000000, 0.00000000, 0.00000000, 0.00000000
5, 8.8600, 713, 1.32176697, 0.34633240, 0.01819069, 16.73206711, 16.25553703, -35.25288773, 8.27243519, 51.03770828, -70.59339142, -12.54505253, 1.95687568, 53.92895508, 0.88497704, 0.10506244, 0.03440570, -0.45232049, 0.08359937, -0.04298116, 0.36533439, 0.00000000, 0.00000000, 0.00000000, 0.00000000
2, 8.7101, 710, 0.17893155, 0.50998670, 0.78684741, -72.24621582, 39.11984253, -20.03973770, 4.15083313, 44.08067703, 83.30897522, -24.46161461, -25.22382355, 44.67944717, 0.89972311, 0.11011309, 0.27595523, -0.31972206, 0.11721352, 0.20413074, -0.04698406, 0.00000000, 0.00000000, 0.00000000, 0.00000000
5, 8.8700, 714, 1.60060096, 0.25297928, 0.17931581, 12.84700012, -8.52807713, -11.06484318, 8.88629055, 50.51154709, -71.00263214, -12.55431747, 1.79403245, 53.83163071, 0.88544333, 0.10452612, 0.03561349, -0.45143789, -0.13577583, -0.08994623, 0.61673588, 0.00000000, 0.00000000, 0.00000000, 0.00000000
2, 8.7201, 711, 0.17445117, 0.50892878, 0.83298844, -74.51084900, 37.16789246, -28.53241730, 3.71236467, 43.26220322, 83.92282867, -25.33269691, -25.44231224, 45.37947845, 0.89668411, 0.11446178, 0.28072605, -0.32256654, 0.11635046, 0.15410039, -0.02223711, 0.00000000, 0.00000000, 0.00000000, 0.00000000
5, 8.8800, 715, 1.49894261, 0.20078890, 0.32890359, 0.96157122, -6.26056623, -3.07791495, 7.92166042, 51.15463257, -70.68108368, -12.53293228, 1.72730994, 53.83938980, 0.88546896, 0.10409732, 0.03605275, -0.45145184, -0.26826587, -0.15403903, 0.49686426, 0.00000000, 0.00000000, 0.00000000, 0.00000000
2, 8.7301, 712, 0.18010917, 0.48467350, 0.85835767, -83.82081604, 31.42724800, -38.16478348, 3.39082146, 42.76527405, 83.83513641, -26.26463127, -25.61332512, 46.24000549, 0.89312780, 0.11899371, 0.28552052, -0.32655999, 0.10990687, 0.13130477, -0.01021454, 0.00000000, 0.00000000, 0.00000000, 0.00000000
5, 8.9300, 716, 1.07478797, 0.25907952, 0.07067317, -12.94017506, 13.84478664, -3.28050852, 8.03858471, 50.89155197, -70.18415833, -12.65152073, 4.41384077, 54.78880310, 0.87984800, 0.11536330, 0.01667616, -0.46073940, 0.05976492, -0.02030755, 0.10880509, 0.00000000, 0.00000000, 0.00000000, 0.00000000
2, 8.7401, 713, 0.20658849, 0.45234668, 0.82780302, -93.40658569, 24.73850632, -45.27111053, 3.39082146, 42.76527405, 83.83513641, -27.25876808, -25.71221161, 47.24142075, 0.88910460, 0.12384382, 0.29017040, -0.33159766, 0.05778745, 0.14327733, -0.01545751, 0.00000000, 0.00000000, 0.00000000, 0.00000000
5, 8.9400, 717, 1.20312643, 0.26777145, -0.00690780, 3.70586777, 12.31960487, 3.14868045, 8.03858471, 50.89155197, -70.18415833, -12.71232128, 4.51295805, 54.72047043, 0.87998748, 0.11623166, 0.01608694, -0.46027541, 0.10701448, 0.02775254, 0.24472845, 0.00000000, 0.00000000, 0.00000000, 0.00000000
2, 8.7501, 714, -0.00319586, 0.55757254, 0.71599221, -87.32895660, 25.53326225, -50.43070221, 3.12774038, 41.50833130, 84.18591309, -28.19129181, -25.84285355, 48.24692535, 0.88502979, 0.12800318, 0.29495651, -0.33665726, 0.20166504, 0.30988476, -0.15899096, 0.00000000, 0.00000000, 0.00000000, 0.00000000
5, 8.9500, 718, 1.24157000, 0.18626082, 0.00477621, 18.40594673, 0.73527247, 14.41038895, 8.00935364, 50.97924423, -70.30107880, -12.60359573, 4.57678461, 54.53192139, 0.88080609, 0.11567354, 0.01496749, -0.45888597, 0.03985612, 0.07871937, 0.27442962, 0.00000000, 0.00000000, 0.00000000, 0.00000000
2, 8.7601, 715, 0.25293207, 0.66150039, -0.00594935, -34.75094986, 64.01072693, -53.91722488, 2.80619693, 41.42063522, 84.71207428, -15.58049011, -26.67567635, 38.89373779, 0.91945910, 0.04827031, 0.25943455, -0.29147673, -0.29569894, 0.85429960, -0.30018681, 0.00000000, 0.00000000, 0.00000000, 0.00000000
5, 8.9600, 719, 1.17536020, 0.15570717, 0.06155165, 20.74963951, -6.12522030, 21.77077866, 7.92166042, 51.24232483, -70.15492249, -11.61650562, 4.74110508, 54.28921509, 0.88262218, 0.10875025, 0.00951409, -0.45723182, -0.01191622, 0.05604153, 0.19938003, 0.00000000, 0.00000000, 0.00000000, 0.00000000
2, 8.7701, 716, 0.35736808, 0.46643016, -0.31454062, 45.94015121, 88.45905304, -36.21743011, 2.89389062, 40.63139343, 84.36129761, -15.34401989, -27.68185616, 38.52483368, 0.91893780, 0.04415547, 0.26657581, -0.28729954, -0.63683969, 0.78986686, -0.52910042, 0.00000000, 0.00000000, 0.00000000, 0.00000000
5, 8.9700, 720, 1.07836628, 0.15729086, 0.08857044, 18.68265724, -2.03263116, 25.41738510, 7.80473518, 51.03770828, -70.82723999, -11.40957642, 4.86431408, 54.10105896, 0.88347828, 0.10765250, 0.00755841, -0.45587277, -0.01481648, 0.02289252, 0.09814531, 0.00000000, 0.00000000, 0.00000000, 0.00000000
2, 8.7801, 717, 0.75331736, 0.17871928, -0.30388486, 98.80480194, 82.43299103, -9.94285202, 1.19848001, 41.33294296, 84.01052094, -14.54527855, -28.58700562, 37.55640411, 0.92014325, 0.03730697, 0.27135596, -0.27984056, -1.07153320, 0.56716806, -0.38354614, 0.00000000, 0.00000000, 0.00000000, 0.00000000
5, 8.9800, 721, 1.02806103, 0.15652576, 0.06351150, 18.25116539, 4.86341190, 28.21616173, 8.15550995, 50.65770340, -70.30107880, -11.23104000, 5.05652428, 53.90036392, 0.88430333, 0.10703725, 0.00517216, -0.45444915, 0.01235503, 0.03726508, 0.05019584, 0.00000000, 0.00000000, 0.00000000, 0.00000000
2, 8.7901, 718, 0.46597573, 0.06218264, 0.40869921, 75.72782135, 56.40086365, 34.65428543, 1.19848001, 41.33294296, 84.01052094, -13.95445919, -28.97973824, 36.50428772, 0.92218995, 0.03390881, 0.27269605, -0.27212650, -0.57824785, -0.03087176, -0.28478616, 0.00000000, 0.00000000, 0.00000000, 0.00000000
5, 8.9900, 722, 1.03779471, 0.13938144, 0.02608472, 20.33527374, 5.04158115, 30.26195717, 7.95089149, 50.77462769, -70.41800690, -11.03873825, 5.26067162, 53.67867279, 0.88521081, 0.10635436, 0.00262118, -0.45286193, 0.03026363, 0.07210508, 0.06158848, 0.00000000, 0.00000000, 0.00000000, 0.00000000
2, 8.8701, 719, 0.23563245, 0.22956043, 1.06602037, -19.17631721, 64.97437286, -16.40964699, -2.45542240, 40.04676819, 82.72434998, -21.53297997, -30.23240089, 37.15393448, 0.91450918, 0.08933100, 0.30029196, -0.25596431, -0.02189439, -0.27475604, 0.01062441, 0.00000000, 0.00000000, 0.00000000, 0.00000000
5, 9.0000, 723, 1.08038354, 0.10429277, 0.02051124, 22.43933105, 0.24491201, 30.59405136, 7.95089149, 50.77462769, -70.41800690, -10.81048298, 5.43026114, 53.44784164, 0.88620734, 0.10525017, 0.00019095, -0.45117524, 0.00828474, 0.09790733, 0.10081629, 0.00000000, 0.00000000, 0.00000000, 0.00000000
2, 8.8801, 720, 0.48048809, 0.24333614, 0.91514111, -23.42039680, 44.96833038, -1.41164875, -2.86465931, 40.48523712, 83.48435974, -21.95804024, -30.55722237, 37.23736572, 0.91346085, 0.09151180, 0.30380651, -0.25478756, -0.27059692, -0.15372941, 0.12007883, 0.00000000, 0.00000000, 0.00000000, 0.00000000
5, 9.0100, 724, 1.10688806, 0.07745968, 0.02566336, 23.91094017, -3.75294256, 30.79549217, 7.92166042, 51.00847626, -70.59339142, -9.26588440, 5.66433287, 53.16561890, 0.88849199, 0.09418374, -0.00794229, -0.44905287, -0.01401056, 0.10424602, 0.12273476, 0.00000000, 0.00000000, 0.00000000, 0.00000000
2, 8.8901, 721, 0.60020065, 0.27127948, 0.92671347, -21.49082184, 16.49683189, 17.30006409, -2.86465931, 40.48523712, 83.48435974, -22.26761055, -30.55921173, 37.21511459, 0.91325629, 0.09403219, 0.30449077, -0.25378409, -0.33791068, -0.13746837, 0.22736305, 0.00000000, 0.00000000, 0.00000000, 0.00000000
5, 9.0200, 725, 1.10490084, 0.06575802, 0.03345668, 25.82831001, -6.74940157, 29.33262825, 7.98012257, 49.66384125, -70.50569916, -8.99801540, 5.77743721, 52.92126083, 0.88958681, 0.09252159, -0.01006990, -0.44718426, -0.02394055, 0.08639903, 0.11564766, 0.00000000, 0.00000000, 0.00000000, 0.00000000
2, 8.9001, 722, 0.51485038, 0.33452857, 1.03030300, -15.57953072, -9.31336594, 25.93315506, -2.80619693, 40.42677689, 83.04589081, -22.41971207, -30.31895447, 37.13319016, 0.91369820, 0.09619553, 0.30291206, -0.25327158, -0.19156490, -0.16242358, 0.25073984, 0.00000000, 0.00000000, 0.00000000, 0.00000000
5, 9.0300, 726, 1.09205210, 0.06857640, 0.03440531, 27.45270920, -10.60959911, 27.46733284, 7.95089149, 49.48845291, -70.97339630, -8.71668053, 5.84897709, 52.66938782, 0.89074266, 0.09058614, -0.01192453, -0.44522971, -0.01951855, 0.07896031, 0.10247982, 0.00000000, 0.00000000, 0.00000000, 0.00000000
2, 8.9101, 723, 0.36985865, 0.36666450, 1.07675576, -10.84495068, -13.77303314, 22.77099800, -2.57234716, 40.36831284, 82.63665771, -23.57188416, -28.92203712, 36.93999863, 0.91523600, 0.11015084, 0.29452413, -0.25192371, -0.04121636, -0.16544494, 0.18588504, 0.00000000, 0.00000000, 0.00000000, 0.00000000
5, 9.0400, 727, 1.09490359, 0.09153290, 0.03393932, 27.90839005, -17.52488899, 26.94618034, 8.27243519, 50.13153839, -70.88570404, -8.39105892, 5.86838770, 52.42709351, 0.89192265, 0.08810055, -0.01352743, -0.44331646, -0.00338787, 0.05718361, 0.10665267, 0.00000000, 0.00000000, 0.00000000, 0.00000000
2, 8.9201, 724, 0.31761742, 0.35391751, 1.12410426, -5.94724846, -5.27241278, 18.18682098, -2.39696002, 38.61444092, 83.04589081, -23.63038254, -28.77939796, 36.84008026, 0.91560876, 0.11130805, 0.29345667, -0.25130531, 0.02903908, -0.19227317, 0.16338205, 0.00000000, 0.00000000, 0.00000000, 0.00000000
5, 9.0500, 728, 1.11899662, 0.12253693, 0.01703968, 26.95754623, -23.60407257, 29.56497955, 8.27243519, 50.13153839, -70.88570404, -8.00447083, 5.86532974, 52.20602798, 0.89307028, 0.08505028, -0.01516314, -0.44154519, 0.02669354, 0.03973542, 0.13399255, 0.00000000, 0.00000000, 0.00000000, 0.00000000
2, 8.9301, 725, 0.35068494, 0.32485247, 1.12856078, -4.44899178, 2.88549924, 17.41039658, -2.39696002, 38.61444092, 83.04589081, -23.70509720, -28.71387291, 36.71936417, 0.91589606, 0.11241265, 0.29299709, -0.25030103, -0.00532862, -0.21476726, 0.17407987, 0.00000000, 0.00000000, 0.00000000, 0.00000000
5, 9.0600, 729, 1.10697484, 0.13352577, 0.02221737, 24.92797279, -29.56694031, 34.95188141, 8.79859638, 50.54077530, -71.99649048, -7.27624655, 5.42710686, 51.98839188, 0.89470470, 0.07767900, -0.01468803, -0.43960652, 0.02998428, 0.01954591, 0.12117141, 0.00000000, 0.00000000, 0.00000000, 0.00000000
2, 8.9401, 726, 0.37947059, 0.28425872, 1.06300509, -6.08204937, 2.26950073, 20.32201385, -2.16311026, 40.86524200, 83.36743927, -23.79745674, -28.62570953, 36.58711243, 0.91622186, 0.11375535, 0.29238775, -0.24921218, -0.07752430, -0.19576025, 0.14102475, 0.00000000, 0.00000000, 0.00000000, 0.00000000
5, 9.0700, 730, 1.04555821, 0.12990737, 0.03401150, 23.90616798, -32.97261047, 36.44353104, 8.71090317, 50.01461411, -72.02572632, -6.77421713, 5.41245317, 51.81512070, 0.89570874, 0.07367793, -0.01661047, -0.43817994, 0.02115499, 0.00238714, 0.05673571, 0.00000000, 0.00000000, 0.00000000, 0.00000000
2, 8.9501, 727, 0.38224971, 0.26409283, 0.98228216, -6.92703581, -1.94170821, 24.91304970, -2.13387895, 38.70213318, 82.22741699, -23.88628578, -28.47920418, 36.43033981, 0.91668600, 0.11530663, 0.29129291, -0.24807179, -0.12788744, -0.15131775, 0.09192620, 0.00000000, 0.00000000, 0.00000000, 0.00000000
5, 9.0800, 731, 1.01630163, 0.10310833, 0.02859610, 23.30816269, -34.91880035, 36.77281189, 9.61707115, 49.63460922, -71.96726227, -6.25652170, 5.38831329, 51.65106964, 0.89667261, 0.06951288, -0.01850018, -0.43681112, 0.01044107, 0.01688762, 0.02479562, 0.00000000, 0.00000000, 0.00000000, 0.00000000
2, 9.0401, 728, 0.42202511, 0.30409485, 0.96390200, 30.26182556, -68.93444061, 69.32170105, 1.52002335, 41.65448761, 83.45513153, -22.71976089, -20.94464874, 31.81328392, 0.93697572, 0.13743408, 0.22446105, -0.22979495, -0.03014461, -0.10288535, 0.07557611, 0.00000000, 0.00000000, 0.00000000, 0.00000000
5, 9.0900, 732, 1.05858719, 0.07512306, 0.01830458, 23.26255226, -36.50732422, 39.10154724, 9.93861389, 49.95615387, -72.66880798, -5.71089077, 5.37033606, 51.49045944, 0.89761472, 0.06514602, -0.02053013, -0.43545666, -0.00687435, 0.03515079, 0.06418203, 0.00000000, 0.00000000, 0.00000000, 0.00000000
2, 9.0501, 729, 0.49689865, 0.32044458, 0.87384063, 37.00308990, -74.09542847, 77.89203644, 1.98772287, 42.35603714, 83.80590057, -22.22646523, -20.05893707, 31.09764290, 0.93988878, 0.13704830, 0.21551323, -0.22667357, -0.10610692, -0.03263576, 0.08342384, 0.00000000, 0.00000000, 0.00000000, 0.00000000
5, 9.1000, 733, 1.11074412, 0.06810559, 0.01969452, 24.55532837, -35.55667877, 41.33356094, 9.93861389, 49.95615387, -72.66880798, -5.15504074, 5.37488079, 51.31605530, 0.89857924, 0.06077373, -0.02277037, -0.43398559, -0.01947823, 0.02976388, 0.11418691, 0.00000000, 0.00000000, 0.00000000, 0.00000000
2, 9.0601, 730, 0.57735127, 0.32982674, 0.78104270, 50.65401077, -86.28636169, 86.42739868, 3.09850907, 43.11604691, 83.10435486, -20.81621170, -16.71865463, 29.63064766, 0.94746196, 0.13623394, 0.18393923, -0.22343388, -0.17949495, 0.03105080, 0.08525797, 0.00000000, 0.00000000, 0.00000000, 0.00000000
5, 9.2300, 734, 0.90612096, -0.11384563, -0.08158191, 77.43109894, -77.53197479, 26.18240356, 13.50482273, 48.31920624, -78.13504791, 3.55759716, 2.79712081, 45.50302887, 0.92176485, -0.01918259, -0.03449814, -0.38573503, -0.08460636, 0.08199982, -0.10098233, 0.00000000, 0.00000000, 0.00000000, 0.00000000
2, 9.0701, 731, 0.67616838, 0.31961563, 0.73813492, 71.81276703, -106.93023682, 100.72460175, 3.97544575, 43.46682358, 82.84127045, -20.00016594, -15.50844669, 28.63313484, 0.95129180, 0.13386120, 0.17129485, -0.21859372, -0.22817007, 0.03893311, 0.10595740, 0.00000000, 0.00000000, 0.00000000, 0.00000000
5, 9.2400, 735, 0.79302359, -0.19433486, -0.06567245, 75.32548523, -71.47972870, 24.32043839, 13.38789845, 49.16690826, -79.21660614, 4.28340149, 2.48511982, 44.81921005, 0.92392814, -0.02627960, -0.03427687, -0.38012019, -0.14151780, 0.11707791, -0.22122508, 0.00000000, 0.00000000, 0.00000000, 0.00000000
2, 9.0801, 732, 0.73629361, 0.30420962, 0.81327957, 89.04859924, -122.36753082, 119.18022919, 3.97544575, 43.46682358, 82.84127045, -19.05031013, -14.10334110, 27.44528961, 0.95563430, 0.13082011, 0.15657455, -0.21244657, -0.21860935, -0.03733172, 0.16739389, 0.00000000, 0.00000000, 0.00000000, 0.00000000
5, 9.2500, 736, 0.72253919, -0.25979754, -0.05167130, 70.04296875, -60.13640976, 22.18687820, 13.62174797, 47.90996552, -79.53814697, 4.91529036, 2.24635959, 44.17755890, 0.92588830, -0.03236146, -0.03426841, -0.37484577, -0.19134666, 0.14382902, -0.29756841, 0.00000000, 0.00000000, 0.00000000, 0.00000000
2, 9.0901, 733, 0.67516321, 0.33272961, 0.86239624, 101.20619202, -128.19293213, 137.87376404, 5.61239386, 44.48991394, 82.54895782, -18.06868362, -12.56260872, 26.08642006, 0.96021616, 0.12767084, 0.14049079, -0.20481095, -0.11118469, -0.06540902, 0.15204093, 0.00000000, 0.00000000, 0.00000000, 0.00000000
5, 9.2600, 737, 0.68309665, -0.29120356, -0.03248140, 62.24339676, -47.13160324, 17.39089203, 13.62174797, 47.90996552, -79.53814697, 8.06367588, 5.72364187, 43.24785233, 0.92745924, -0.04692762, -0.07217690, -0.36387885, -0.20887385, 0.13283113, -0.33816606, 0.00000000, 0.00000000, 0.00000000, 0.00000000
2, 9.1001, 734, 0.59904486, 0.35211816, 0.94847232, 108.67302704, -122.17330933, 154.60768127, 7.13241720, 45.51300812, 82.25665283, -17.15298080, -10.97850037, 24.57633972, 0.96476889, 0.12491343, 0.12401567, -0.19554484, 0.02234732, -0.12605122, 0.14080794, 0.00000000, 0.00000000, 0.00000000, 0.00000000
5, 9.2700, 738, 0.65632367, -0.29122335, -0.04071573, 53.29813004, -34.34354019, 8.85373783, 13.70944118, 49.40076065, -80.44431305, 8.37848282, 5.60440111, 42.73348618, 0.92896998, -0.05018448, -0.07198953, -0.35960239, -0.15412751, 0.09784392, -0.35601544, 0.00000000, 0.00000000, 0.00000000, 0.00000000
2, 9.1101, 735, 0.45915586, 0.38495529, 0.92622101, 112.38890076, -102.60114288, 163.30984497, 8.79859638, 44.02221680, 81.70125580, -17.41751671, -11.37673187, 23.29852676, 0.96637344, 0.12777977, 0.12637937, -0.18391073, 0.14502227, -0.09535916, 0.04131870, 0.00000000, 0.00000000, 0.00000000, 0.00000000
5, 9.2800, 739, 0.63148791, -0.25431746, -0.04937941, 45.64494705, -20.26905060, -2.77131963, 14.29406548, 48.75767136, -80.59046936, 8.51025486, 5.50321627, 42.27426910, 0.93036115, -0.05186255, -0.07137782, -0.35587040, -0.12163380, 0.07317792, -0.37621146, 0.00000000, 0.00000000, 0.00000000, 0.00000000
2, 9.1201, 736, 0.32292211, 0.39192095, 0.97073287, 106.89754486, -87.23622131, 153.53543091, 10.28938866, 47.58842468, 81.43817139, -16.69903374, -10.06868553, 21.73244095, 0.97031462, 0.12568998, 0.11253507, -0.17328453, 0.26674274, -0.12118369, -0.02847461, 0.00000000, 0.00000000, 0.00000000, 0.00000000
5, 9.2900, 740, 0.62248808, -0.21126118, -0.04679621, 43.82442856, -4.46143818, -13.39527512, 13.35866737, 49.60537720, -80.82431793, 8.45644665, 5.44620752, 41.81540680, 0.93181211, -0.05188889, -0.07054188, -0.35221812, -0.09450510, 0.03964012, -0.38164479, 0.00000000, 0.00000000, 0.00000000, 0.00000000
2, 9.1301, 737, 0.55925494, 0.23478867, 0.97843975, 81.87536621, -76.21840668, 143.58830261, 10.28938866, 47.58842468, 81.43817139, -16.23506355, -8.83812332, 20.39554024, 0.97337103, 0.12505543, 0.09999905, -0.16404340, 0.04615722, -0.24625021, 0.05665421, 0.00000000, 0.00000000, 0.00000000, 0.00000000
5, 9.3000, 741, 0.64344490, -0.19285578, -0.02505744, 43.67485046, 10.10600376, -23.26385880, 13.35866737, 49.78076553, -80.88278198, 8.23134232, 5.43022680, 41.34172440, 0.93336350, -0.05039613, -0.06951251, -0.34851256, -0.10115751, 0.01411269, -0.36176920, 0.00000000, 0.00000000, 0.00000000, 0.00000000
2, 9.1401, 738, 0.79337841, 0.24110954, 0.80935496, 56.50524902, -75.59416199, 154.56536865, 11.83864307, 47.09149170, 80.97047424, -16.05378723, -7.49655247, 19.16653442, 0.97581530, 0.12661791, 0.08702653, -0.15549588, -0.17914991, -0.12610787, 0.13514036, 0.00000000, 0.00000000, 0.00000000, 0.00000000
5, 9.3100, 742, 0.67306715, -0.21263492, 0.01077942, 41.62501907, 24.41742897, -33.30714798, 13.35866737, 49.78076553, -80.88278198, 8.60129261, 8.43341541, 40.18943405, 0.93584120, -0.04504294, -0.09455333, -0.33649993, -0.13134484, 0.00687279, -0.33635232, 0.00000000, 0.00000000, 0.00000000, 0.00000000
2, 9.1901, 739, 0.41982010, 0.13118857, 0.90270317, -16.64533043, -112.91111755, 162.01004028, 18.82490540, 47.17918777, 80.23969269, -17.81183243, 2.04088879, 14.20945454, 0.97986174, 0.15577544, 0.00168531, -0.12490870, 0.24137542, -0.24123970, -0.13735163, 0.00000000, 0.00000000, 0.00000000, 0.00000000
5, 9.3200, 743, 0.72397786, -0.21469526, 0.07168141, 38.11384964, 36.09779739, -43.09660339, 12.89096737, 50.27769470, -80.70739746, 8.02739429, 8.47004795, 39.73398590, 0.93737239, -0.04061465, -0.09300431, -0.33321723, -0.14428148, -0.03352860, -0.28697032, 0.00000000, 0.00000000, 0.00000000, 0.00000000
2, 9.2001, 740, 0.27844754, 0.08505485, 0.90493345, -29.30451775, -99.35340118, 147.18818665, 20.28646660, 48.14381790, 79.65506744, -18.28822899, 3.68715692, 13.63534832, 0.97919631, 0.16148333, -0.01268207, -0.12221737, 0.34972066, -0.26851711, -0.25546673, 0.00000000, 0.00000000, 0.00000000, 0.00000000
5, 9.3300, 744, 0.79941297, -0.17152175, 0.14998199, 37.75669098, 43.14153671, -51.58205795, 13.09558582, 50.86231995, -80.18123627, 7.34182405, 8.49700451, 39.26647568, 0.93894124, -0.03529722, -0.09108566, -0.32991970, -0.18126658, -0.10734119, -0.21728384, 0.00000000, 0.00000000, 0.00000000, 0.00000000
2, 9.2101, 741, 0.20863737, -0.01040675, 0.85853261, -46.09055710, -79.34663391, 130.93128967, 21.48494530, 46.53609848, 80.15200043, -24.60099602, 0.75099826, 12.58210373, 0.97098625, 0.21245301, 0.01697945, -0.10844900, 0.33611336, -0.27124250, -0.36276230, 0.00000000, 0.00000000, 0.00000000, 0.00000000
5, 9.3400, 745, 0.86052895, -0.14093244, 0.21240807, 35.29803085, 38.40462875, -61.25042725, 12.68634892, 51.47617722, -80.26892853, 6.61595774, 8.41613865, 38.80584717, 0.94050241, -0.02994268, -0.08821364, -0.32676786, -0.21448024, -0.15995857, -0.16158001, 0.00000000, 0.00000000, 0.00000000, 0.00000000
2, 9.2201, 742, 0.08841398, -0.10496607, 0.83694959, -58.92185974, -57.90049744, 114.15934753, 21.48494530, 46.53609848, 80.15200043, -25.30962181, 1.90925705, 12.18852139, 0.96967137, 0.21953413, 0.00709088, -0.10720040, 0.32848093, -0.24236506, -0.47539276, 0.00000000, 0.00000000, 0.00000000, 0.00000000
5, 9.3500, 746, 0.81543016, -0.15270713, 0.21201988, 28.14120865, 24.90640450, -65.26670074, 12.65711784, 50.80385971, -79.94738007, 5.95353651, 8.19564247, 38.41196060, 0.94187772, -0.02543931, -0.08443097, -0.32417697, -0.21915141, -0.13926730, -0.20908269, 0.00000000, 0.00000000, 0.00000000, 0.00000000
2, 9.2301, 743, 0.03284928, -0.15065953, 0.74919355, -77.04180908, -30.99141121, 96.61743164, 22.82958221, 46.41917419, 80.44431305, -26.19232368, 2.81391191, 11.98820591, 0.96779311, 0.22777660, -0.00012983, -0.10721248, 0.31885761, -0.20005333, -0.57483435, 0.00000000, 0.00000000, 0.00000000, 0.00000000
5, 9.3600, 747, 0.69498402, -0.18795834, 0.16269681, 17.99241829, 10.44313145, -68.60189056, 12.65711784, 50.80385971, -79.94738007, 5.20182705, 11.55848885, 36.72109222, 0.94473577, -0.01116383, -0.10969278, -0.30873471, -0.18076095, -0.06847055, -0.32610661, 0.00000000, 0.00000000, 0.00000000, 0.00000000
2, 9.2401, 744, -0.00007786, -0.17450815, 0.69595140, -96.50822449, 7.25979280, 73.36871338, 23.79421234, 45.42531204, 80.88278198, -27.27731705, 3.35453105, 12.02405739, 0.96532029, 0.23737961, -0.00360160, -0.10860401, 0.31570470, -0.16395658, -0.62846434, 0.00000000, 0.00000000, 0.00000000, 0.00000000
5, 9.3700, 748, 0.57647067, -0.18919601, 0.10535421, 8.52170277, 3.58415890, -76.53155518, 12.56942368, 52.49926758, -80.12277222, 4.59237337, 11.07933044, 36.51472092, 0.94567645, -0.00765196, -0.10409479, -0.30789915, -0.08398668, -0.01565009, -0.43253794, 0.00000000, 0.00000000, 0.00000000, 0.00000000
2, 9.2501, 745, 0.07367761, -0.21180503, 0.58771664, -112.13716125, 37.55564880, 55.19319916, 24.26191139, 44.78222656, 82.11049652, -28.52129936, 3.61583638, 12.25352192, 0.96234035, 0.24806786, -0.00412437, -0.11111531, 0.19721824, -0.09567299, -0.63970476, 0.00000000, 0.00000000, 0.00000000, 0.00000000
5, 9.3800, 749, 0.49254307, -0.11276378, 0.04111342, 5.56121683, 11.33889389, -90.94332886, 11.86787510, 53.49312973, -80.15200043, 3.82613206, 10.55587769, 36.32013702, 0.94659072, -0.00293187, -0.09771702, -0.30726042, 0.01640039, -0.01618066, -0.50546646, 0.00000000, 0.00000000, 0.00000000, 0.00000000
2, 9.2601, 746, 0.07146211, -0.22720724, 0.53115749, -121.80957031, 59.23357010, 36.67714691, 23.53113174, 44.19760132, 82.05203247, -36.76731491, 1.21525252, 13.57837105, 0.94186342, 0.31433886, 0.02728772, -0.11549824, 0.15435317, -0.02145864, -0.65028363, 0.00000000, 0.00000000, 0.00000000, 0.00000000
5, 9.3900, 750, 0.44292933, 0.00015067, -0.04578387, 12.70701599, 32.87151718, -114.19879150, 11.48786926, 53.78544235, -80.21046448, 2.73805976, 10.03510380, 36.02052307, 0.94773257, 0.00440001, -0.09051039, -0.30592731, 0.15318844, -0.02350131, -0.53904182, 0.00000000, 0.00000000, 0.00000000, 0.00000000
2, 9.2701, 747, 0.02175155, -0.19292161, 0.51447541, -130.87216187, 74.38339233, 17.58823013, 23.53113174, 44.19760132, 82.05203247, -38.14117050, 1.17610717, 14.18906021, 0.93741727, 0.32541203, 0.03072581, -0.12004980, 0.16612624, 0.11042557, -0.61462927, 0.00000000, 0.00000000, 0.00000000, 0.00000000
5, 9.4000, 751, 0.45879725, 0.09660240, -0.08529435, 33.03927231, 61.63066101, -141.41076660, 10.64016342, 54.95469284, -79.59661102, 1.24598110, 9.54194069, 35.47774124, 0.94937432, 0.01501938, -0.08251509, -0.30274424, 0.23632798, -0.04416848, -0.51348925, 0.00000000, 0.00000000, 0.00000000, 0.00000000
2, 9.2801, 748, 0.04279428, -0.09432656, 0.43195993, -132.08718872, 90.90879822, 0.05634164, 23.26804924, 40.57293320, 82.78281403, -39.51658249, 0.97260660, 14.96242905, 0.93270880, 0.33620313, 0.03609344, -0.12537616, 0.15668689, 0.25745100, -0.57695520, 0.00000000, 0.00000000, 0.00000000, 0.00000000
5, 9.4100, 752, 0.53589499, 0.15114397, -0.07268376, 50.09299469, 79.30340576, -161.36164856, 10.64016342, 54.95469284, -79.59661102, -1.98885190, 5.95449495, 34.00978470, 0.95458168, 0.03176151, -0.04459238, -0.29287654, 0.23193112, -0.05762061, -0.43696418, 0.00000000, 0.00000000, 0.00000000, 0.00000000
2, 9.2901, 749, 0.09137142, 0.08324620, 0.31013268, -119.28755951, 103.20022583, -11.10494804, 22.71265602, 41.42063522, 83.60128784, -40.80991364, 0.59855330, 15.77418041, 0.92812335, 0.34602198, 0.04299270, -0.13041309, 0.14431757, 0.48716432, -0.50019711, 0.00000000, 0.00000000, 0.00000000, 0.00000000
5, 9.4200, 753, 0.67317188, 0.17527732, -0.01634681, 62.77761078, 92.53734589, -172.75738525, 9.76322746, 56.67933273, -79.53814697, -3.87009358, 5.41236401, 33.16263199, 0.95634604, 0.04579237, -0.03559965, -0.28642291, 0.14028506, -0.06247962, -0.30910459, 0.00000000, 0.00000000, 0.00000000, 0.00000000
2, 9.3501, 750, -0.16006751, -0.06717690, 0.23941703, 218.60932922, -26.53036499, -4.84555960, 22.04033852, 41.39140701, 82.05203247, -28.58893013, 3.51959419, 23.67499924, 0.94642872, 0.24764509, 0.02149966, -0.20611283, 0.26485866, 0.27022192, -0.89707148, 0.00000000, 0.00000000, 0.00000000, 0.00000000
5, 9.4300, 754, 0.80977625, 0.13633317, 0.04159833, 65.56972504, 105.43280792, -174.25569153, 8.88629055, 57.93627548, -78.83659363, -5.84055376, 4.92293501, 32.28704453, 0.95782739, 0.06081811, -0.02704814, -0.27952880, 0.04514665, -0.03970488, -0.18106158, 0.00000000, 0.00000000, 0.00000000, 0.00000000
2, 9.3601, 751, -0.23264970, -0.05721503, 0.43228781, 200.59164429, -2.06961465, -44.15948486, 21.45571518, 45.22069550, 81.11663055, -32.74433136, -7.05516577, 13.80107307, 0.95278013, 0.27221054, 0.09240851, -0.09783801, 0.36274898, 0.13738373, -0.84650803, 0.00000000, 0.00000000, 0.00000000, 0.00000000
5, 9.4400, 755, 0.91439587, 0.06183476, 0.18149894, 59.43956757, 119.55506897, -168.33784485, 8.21397209, 60.18708038, -78.74890137, -7.86027575, 4.55277061, 31.46605110, 0.95877618, 0.07666513, -0.01957164, -0.27292451, -0.12764841, -0.04566891, -0.09421688, 0.00000000, 0.00000000, 0.00000000, 0.00000000
2, 9.3701, 752, -0.33468220, 0.04180096, 0.58330506, 167.58912659, 37.41301727, -91.57653809, 21.45571518, 45.22069550, 81.11663055, -31.24623489, -8.31011963, 13.51045513, 0.95614982, 0.25852782, 0.10088944, -0.09360682, 0.41350651, 0.13956627, -0.76366854, 0.00000000, 0.00000000, 0.00000000, 0.00000000
5, 9.4500, 756, 0.97647983, 0.00969692, 0.32799646, 41.80974197, 138.77726746, -156.94680786, 6.46009922, 61.35632706, -77.63811493, -9.93461990, 4.39587450, 30.79173279, 0.95890546, 0.09356234, -0.01386583, -0.26749644, -0.28175563, -0.07187106, -0.04658374, 0.00000000, 0.00000000, 0.00000000, 0.00000000
2, 9.3801, 753, -0.32034302, 0.14805947, 0.66209388, 141.01200867, 87.05693054, -142.89303589, 21.89418221, 45.86378098, 80.41508484, -30.00123978, -10.07206535, 13.72786045, 0.95801342, 0.24584880, 0.11499688, -0.09243580, 0.46843579, 0.13732110, -0.66911161, 0.00000000, 0.00000000, 0.00000000, 0.00000000
5, 9.4600, 757, 0.98889703, 0.06723712, 0.43485406, 19.38547516, 165.20742798, -143.53529358, 4.58930111, 62.58403778, -76.84887695, -14.08298874, 7.54709291, 29.12074661, 0.95647240, 0.13481438, -0.03246722, -0.25677168, -0.30847618, -0.14218774, -0.02944155, 0.00000000, 0.00000000, 0.00000000, 0.00000000
2, 9.3901, 754, -0.31640750, 0.28303421, 0.80412340, 123.04820251, 139.85983276, -194.14280701, 19.08798599, 48.14381790, 80.26892853, -28.98406410, -12.41940403, 14.38625526, 0.95831609, 0.23370591, 0.13505223, -0.09366348, 0.56729639, 0.11285335, -0.53091049, 0.00000000, 0.00000000, 0.00000000, 0.00000000
5, 9.4700, 758, 0.97927445, 0.23656437, 0.44097251, 1.47912979, 187.51106262, -135.11682129, 4.58930111, 62.58403778, -76.84887695, -16.38464737, 7.90368652, 28.69810104, 0.95420378, 0.15462826, -0.03085600, -0.25423035, -0.15322798, -0.20846769, -0.00486874, 0.00000000, 0.00000000, 0.00000000, 0.00000000
2, 9.4001, 755, -0.25775197, 0.47002912, 0.99369037, 120.82021332, 215.66127014, -235.31152344, 16.69102669, 48.58228683, 79.45045471, -28.24101830, -15.57790470, 15.27975655, 0.95670402, 0.22209263, 0.16239753, -0.09497036, 0.66494203, 0.09334629, -0.29786330, 0.00000000, 0.00000000, 0.00000000, 0.00000000
5, 9.4800, 759, 1.01313150, 0.46901438, 0.34656918, -9.78396416, 192.49089050, -134.74958801, 3.42005253, 63.63636398, -75.73809052, -18.72386551, 8.31259823, 28.35319710, 0.95122814, 0.17481568, -0.02959920, -0.25244457, 0.07481989, -0.27611327, 0.07085367, 0.00000000, 0.00000000, 0.00000000, 0.00000000
2, 9.4101, 756, -0.09754580, 0.61977816, 1.16865742, 127.00513458, 309.69674683, -250.83888245, 13.00789261, 51.24232483, 79.50891113, -26.70628738, -24.07892418, 12.37745667, 0.95121169, 0.20267755, 0.22611335, -0.05468967, 0.63301051, 0.05215365, -0.00596395, 0.00000000, 0.00000000, 0.00000000, 0.00000000
5, 9.4900, 760, 1.14850509, 0.66947722, 0.30866358, -13.20607090, 178.29711914, -135.27218628, 1.75387311, 64.68869019, -74.71499634, -20.96826553, 8.62182808, 28.07261086, 0.94792986, 0.19395751, -0.02769898, -0.25108236, 0.22612557, -0.36001426, 0.24019925, 0.00000000, 0.00000000, 0.00000000, 0.00000000
2, 9.4201, 757, 0.15164293, 0.73023963, 1.34407568, 147.50415039, 384.42135620, -236.44197083, 13.00789261, 51.24232483, 79.50891113, -26.57766724, -28.80105972, 12.80072117, 0.94314325, 0.19426896, 0.26534960, -0.04827201, 0.47190854, -0.03286030, 0.35216880, 0.00000000, 0.00000000, 0.00000000, 0.00000000
5, 9.5400, 761, 1.49049485, 0.52573478, 0.41342506, -25.80665970, -31.04405594, -75.57044220, -2.68927217, 65.79947662, -72.96112061, -25.99330902, 6.08598900, 28.85759354, 0.93934399, 0.23038217, 0.00586542, -0.25401315, -0.02993387, -0.23248859, 0.59078658, 0.00000000, 0.00000000, 0.00000000, 0.00000000
2, 9.4301, 758, 0.36995828, 0.77711827, 1.50145817, 161.75843811, 404.91171265, -202.79730225, 8.76936531, 51.62233353, 78.42736053, -26.42569733, -33.60740662, 12.79335594, 0.93351871, 0.18609153, 0.30406627, -0.03816425, 0.34557503, -0.13105997, 0.64452249, 0.00000000, 0.00000000, 0.00000000, 0.00000000
5, 9.5500, 762, 1.35421050, 0.60096717, 0.45381659, -39.32442856, -38.93881989, -59.04190445, -2.74773455, 67.11487579, -72.23033905, -26.14583397, 5.63057709, 29.49352455, 0.93803227, 0.23065460, 0.01123938, -0.25839460, 0.00036331, -0.31151277, 0.45917767, 0.00000000, 0.00000000, 0.00000000, 0.00000000
2, 9.4401, 759, 0.45403650, 0.73733020, 1.57364762, 152.85574341, 379.28787231, -164.97213745, 4.76468849, 53.08389282, 77.11195374, -26.24634552, -38.01137543, 12.52487946, 0.92336512, 0.17879075, 0.33868098, -0.02694395, 0.23579791, -0.23238637, 0.75915140, 0.00000000, 0.00000000, 0.00000000, 0.00000000
5, 9.5600, 763, 1.22594798, 0.65749550, 0.44047615, -54.02139664, -29.62841225, -39.93256378, -3.01081562, 67.31949615, -72.31803131, -27.50359535, 4.44951487, 29.07301140, 0.93721527, 0.23939732, 0.02312130, -0.25255066, 0.05523264, -0.33679199, 0.34082583, 0.00000000, 0.00000000, 0.00000000, 0.00000000
2, 9.4501, 760, 0.39551920, 0.68410760, 1.62536001, 119.24072266, 313.77944946, -136.21165466, 2.30926633, 51.73925781, 75.15346527, -26.16117287, -41.63078690, 12.33638668, 0.91384709, 0.17313303, 0.36686397, -0.01786890, 0.22276150, -0.32708389, 0.75462687, 0.00000000, 0.00000000, 0.00000000, 0.00000000
5, 9.5700, 764, 1.15071559, 0.64424074, 0.37151483, -67.14334106, -15.06606770, -19.92940521, -3.01081562, 67.31949615, -72.31803131, -27.57941055, 4.53658438, 29.77413368, 0.93541962, 0.24005294, 0.02404204, -0.25843135, 0.09331036, -0.26366922, 0.27873003, 0.00000000, 0.00000000, 0.00000000, 0.00000000
2, 9.4601, 761, 0.28827208, 0.69677019, 1.58921254, 73.23130798, 226.06088257, -118.78242493, -1.54925454, 53.87313461, 74.62730408, -25.90014458, -42.14474487, 13.04114723, 0.91266108, 0.16797112, 0.37188244, -0.02321682, 0.25466186, -0.30582118, 0.69277757, 0.00000000, 0.00000000, 0.00000000, 0.00000000
5, 9.5800, 765, 1.10542488, 0.58352387, 0.29787013, -73.79376984, -6.56137753, -7.95213461, -2.66004086, 66.85179901, -71.85033417, -27.63258743, 4.78425264, 30.47053909, 0.93350250, 0.24086654, 0.02359417, -0.26457465, 0.11508334, -0.16823885, 0.23620297, 0.00000000, 0.00000000, 0.00000000, 0.00000000
2, 9.4701, 762, 0.21011980, 0.76828915, 1.55987775, 38.41593170, 140.25814819, -107.16641235, -1.54925454, 53.87313461, 74.62730408, -26.14364815, -43.90800095, 13.55727196, 0.90711594, 0.16532002, 0.38638854, -0.02267152, 0.32497722, -0.23792237, 0.66345757, 0.00000000, 0.00000000, 0.00000000, 0.00000000
5, 9.5900, 766, 1.07535887, 0.52630317, 0.23930952, -78.48271942, -2.25423336, 0.35985059, -3.12774038, 64.98100281, -71.79187012, -27.65657425, 5.13395596, 31.17103767, 0.93149805, 0.24167790, 0.02226259, -0.27093843, 0.12838590, -0.08611219, 0.20761248, 0.00000000, 0.00000000, 0.00000000, 0.00000000
2, 9.4801, 763, 0.06037614, 0.84713650, 1.57639706, 18.89824104, 73.66925049, -100.15541077, -2.54311609, 53.52236176, 73.83805847, -26.41217995, -45.00930405, 14.32149029, 0.90330195, 0.16296060, 0.39603880, -0.02535465, 0.46203023, -0.19782263, 0.62173945, 0.00000000, 0.00000000, 0.00000000, 0.00000000
5, 9.6000, 767, 1.06105304, 0.50253755, 0.18895271, -81.70219421, -4.94985867, 7.80269766, -2.83542824, 66.23793793, -71.23648071, -27.60577393, 5.53017521, 31.89444733, 0.92949951, 0.24200502, 0.02042947, -0.27757341, 0.15743317, -0.03498437, 0.19651546, 0.00000000, 0.00000000, 0.00000000, 0.00000000
2, 9.4901, 764, -0.16707912, 0.90787363, 1.63991189, 12.47335529, 32.50970459, -101.20033264, -4.20929527, 53.58082199, 73.60420990, -26.64258194, -45.73939514, 15.25111389, 0.90055311, 0.16023757, 0.40300697, -0.03022304, 0.67489070, -0.20164678, 0.53465486, 0.00000000, 0.00000000, 0.00000000, 0.00000000
5, 9.6100, 768, 1.06779873, 0.50431848, 0.16162995, -81.57313538, -9.56475067, 15.13964558, -2.80619693, 65.65332031, -71.29494476, -26.62164497, 4.01976633, 32.70542145, 0.93092108, 0.23039307, 0.03203322, -0.28156534, 0.17634806, -0.02260725, 0.20340210, 0.00000000, 0.00000000, 0.00000000, 0.00000000
2, 9.5001, 765, -0.28178009, 0.93912697, 1.74129236, 9.05292320, 9.13627529, -106.43746185, -4.53083897, 53.63928604, 73.83805847, -26.86740303, -46.27674866, 16.32736015, 0.89829898, 0.15719381, 0.40866458, -0.03664020, 0.81515360, -0.25204900, 0.52837372, 0.00000000, 0.00000000, 0.00000000, 0.00000000
5, 9.6200, 769, 1.07213533, 0.48242497, 0.14678524, -79.27429962, -16.21011734, 20.03455353, -2.80619693, 65.65332031, -71.29494476, -26.41660118, 4.40156984, 33.43270493, 0.92919266, 0.22942781, 0.02986779, -0.28822175, 0.15359390, -0.00829827, 0.19934264, 0.00000000, 0.00000000, 0.00000000, 0.00000000
2, 9.5101, 766, -0.29185271, 0.95695215, 1.81727648, 3.85098863, 4.02349043, -114.18418121, -4.53083897, 53.63928604, 73.83805847, -27.03525352, -47.30954742, 17.15433502, 0.89463174, 0.15352906, 0.41767892, -0.04009086, 0.86136609, -0.29418164, 0.57694173, 0.00000000, 0.00000000, 0.00000000, 0.00000000
5, 9.6400, 770, 0.96502662, 0.48196882, 0.16347013, -76.84343719, -13.56555653, 29.79362297, -2.28003502, 63.51943970, -70.03800201, -25.88361931, 5.22309065, 34.83539581, 0.92589033, 0.22676280, 0.02459922, -0.30116546, 0.16878492, -0.02795398, 0.08849986, 0.00000000, 0.00000000, 0.00000000, 0.00000000
2, 9.5201, 767, -0.19879685, 0.94048017, 1.77362549, -1.39375806, 2.77829337, -121.36055756, -5.75855017, 53.08389282, 73.37036133, -27.48191833, -47.81135941, 18.54752541, 0.89195335, 0.15088236, 0.42348427, -0.04811298, 0.75468415, -0.27721825, 0.62406051, 0.00000000, 0.00000000, 0.00000000, 0.00000000
5, 9.6500, 771, 0.95605481, 0.52260840, 0.19741116, -78.52388000, 2.00975275, 37.00391388, -2.28003502, 63.87021255, -69.92107391, -25.67150116, 5.81631660, 35.45367432, 0.92408860, 0.22639786, 0.02043645, -0.30722412, 0.18202038, -0.08486780, 0.07897343, 0.00000000, 0.00000000, 0.00000000, 0.00000000
2, 9.5601, 768, 0.12591241, 0.63276076, 1.46621871, -80.25671387, -23.46786690, -119.52641296, -7.48319197, 51.35925293, 73.95498657, -30.44694901, -46.37229156, 25.81602478, 0.88765478, 0.15041085, 0.42422336, -0.09736580, 0.21154523, -0.24710104, 0.56936198, 0.00000000, 0.00000000, 0.00000000, 0.00000000
5, 9.6600, 772, 0.99182528, 0.53263104, 0.19828138, -80.04180908, 15.09564400, 47.14974976, -1.90002918, 59.98246002, -69.33644867, -25.60497093, 4.45736408, 35.82845688, 0.92451072, 0.22235240, 0.03202539, -0.30791852, 0.18636541, -0.09551471, 0.11434934, 0.00000000, 0.00000000, 0.00000000, 0.00000000
2, 9.5701, 769, 0.12653995, 0.60966462, 1.32106698, -105.89836884, -34.89263153, -122.25093842, -7.95089149, 50.10231018, 73.98421478, -32.12002563, -46.10181427, 28.17566681, 0.88401711, 0.15531296, 0.42691207, -0.11017168, 0.15024543, -0.13985918, 0.46869707, 0.00000000, 0.00000000, 0.00000000, 0.00000000
5, 9.6700, 773, 1.01832461, 0.44342586, 0.14242414, -77.80861664, 18.10134125, 57.76119614, -1.90002918, 59.98246002, -69.33644867, -25.36613655, 5.28084564, 36.33561325, 0.92282546, 0.22240430, 0.02568256, -0.31348026, 0.14975287, 0.00652119, 0.13591266, 0.00000000, 0.00000000, 0.00000000, 0.00000000
2, 9.5801, 770, 0.08244455, 0.60150266, 1.24470687, -122.88114166, -37.60831833, -121.62799072, -8.41859055, 49.22537231, 75.41654205, -33.97279358, -45.69060135, 30.64595985, 0.87999541, 0.16153565, 0.42925340, -0.12351473, 0.14383134, -0.07096750, 0.40289593, 0.00000000, 0.00000000, 0.00000000, 0.00000000
5, 9.6800, 774, 0.81340736, 0.29681447, 0.07191785, -69.91638947, 24.01672554, 63.05955505, -1.54925454, 62.14557266, -68.81028748, -25.12109566, 6.14047289, 36.74179840, 0.92132217, 0.22256811, 0.01882741, -0.31823659, 0.14341049, 0.15732756, -0.07416849, 0.00000000, 0.00000000, 0.00000000, 0.00000000
2, 9.5901, 771, 0.03192260, 0.60599399, 1.21925652, -134.18591309, -29.38197708, -120.77999878, -8.79859638, 47.93919754, 75.88424683, -35.96818161, -45.24505615, 33.15890121, 0.87534821, 0.16875085, 0.43197626, -0.13669461, 0.17463064, -0.02708839, 0.36557585, 0.00000000, 0.00000000, 0.00000000, 0.00000000
5, 9.6900, 775, 0.54168499, 0.30159512, 0.07898314, -66.72214508, 41.84874344, 54.80356598, -1.11078632, 60.27477264, -68.22566223, -25.05504799, 7.04279709, 37.06900787, 0.91957676, 0.22432920, 0.01197070, -0.32235348, 0.19231778, 0.14593962, -0.34340116, 0.00000000, 0.00000000, 0.00000000, 0.00000000
2, 9.6001, 772, 0.02019124, 0.63614285, 1.24669099, -144.81480408, -15.98511505, -126.57228088, -8.94475269, 46.53609848, 76.84887695, -38.14368057, -44.82180023, 35.78550339, 0.86974299, 0.17676130, 0.43570024, -0.14989285, 0.21696213, -0.00106814, 0.39721078, 0.00000000, 0.00000000, 0.00000000, 0.00000000
5, 9.7000, 776, 0.40581882, 0.31333306, 0.10882178, -63.59519577, 69.42275238, 32.37419128, -1.78310430, 60.97632217, -67.37796021, -25.34085464, 7.95755243, 37.30390930, 0.91731036, 0.22897241, 0.00583906, -0.32569838, 0.21208346, 0.11849441, -0.47703356, 0.00000000, 0.00000000, 0.00000000, 0.00000000
2, 9.6101, 773, 0.04393971, 0.64088315, 1.27008069, -155.32365417, -3.34076762, -136.72662354, -8.94475269, 46.53609848, 76.84887695, -37.13563538, -43.69979095, 36.10414886, 0.87326288, 0.17167610, 0.42702267, -0.15997143, 0.22142783, 0.00425218, 0.43349516, 0.00000000, 0.00000000, 0.00000000, 0.00000000
5, 9.7100, 777, 0.54004896, 0.29615453, 0.13112253, -58.41361237, 91.09837341, 13.37091446, -1.69541073, 60.18708038, -66.32563782, -25.90926170, 6.63725519, 37.28965759, 0.91770494, 0.23009390, 0.01809565, -0.32333747, 0.17289048, 0.12299921, -0.34320182, 0.00000000, 0.00000000, 0.00000000, 0.00000000
2, 9.6201, 774, 0.08897819, 0.59070230, 1.24002743, -163.67301941, 2.90444016, -145.30181885, -9.52937698, 44.69453430, 77.34580231, -39.59643173, -43.36055374, 39.02110291, 0.86591876, 0.18058701, 0.43275157, -0.17406674, 0.16081241, -0.00401297, 0.41572177, 0.00000000, 0.00000000, 0.00000000, 0.00000000
5, 9.7200, 778, 0.91486371, 0.41981584, 0.11629838, -50.38698959, 90.93904114, 8.34010887, -2.51388478, 60.45016098, -66.09178162, -26.52035904, 7.47430849, 37.35375214, 0.91533393, 0.23714826, 0.01319537, -0.32519305, 0.20448203, 0.05290101, 0.04373459, 0.00000000, 0.00000000, 0.00000000, 0.00000000
2, 9.6301, 775, -0.08884427, 0.38875490, 1.40870142, -147.84889221, 46.89919281, -140.68946838, -10.40631390, 42.58988571, 77.95966339, -42.07620239, -43.37506485, 41.78966141, 0.85755324, 0.18862589, 0.44120026, -0.18537831, 0.27316862, -0.24086010, 0.29215127, 0.00000000, 0.00000000, 0.00000000, 0.00000000
5, 9.7500, 779, 1.11364937, 0.45081195, 0.15258293, 0.38363972, -9.93881321, 29.73824692, -2.95235300, 59.57322311, -65.21485138, -26.56403542, 8.55696011, 37.31812668, 0.91404283, 0.24029219, 0.00450641, -0.32674935, 0.19645387, 0.00995951, 0.24591155, 0.00000000, 0.00000000, 0.00000000, 0.00000000
2, 9.6401, 776, -0.27004403, 0.52612984, 1.07701004, -156.79301453, 158.34547424, -151.02474976, -11.72171879, 41.27447891, 77.93042755, -45.41450500, -44.21680069, 44.95660782, 0.84527528, 0.19772634, 0.45754790, -0.19252035, 0.29754835, 0.11353803, 0.09704957, 0.00000000, 0.00000000, 0.00000000, 0.00000000
5, 9.7600, 780, 0.97226530, 0.38415998, 0.14000525, 8.46943092, -18.56397629, 28.44826508, -2.86465931, 59.31014252, -64.83484650, -25.07937431, 6.59340096, 36.88533783, 0.92052948, 0.22338253, 0.01532038, -0.32014242, 0.17152007, 0.05825672, 0.09547333, 0.00000000, 0.00000000, 0.00000000, 0.00000000
2, 9.6601, 777, 0.33925480, 0.27905071, 0.59972334, -214.51730347, 239.43569946, -160.37049866, -13.38789845, 38.76059723, 77.17041779, -45.11384964, -41.30618286, 47.71142197, 0.84504151, 0.19654721, 0.44306946, -0.22575122, -0.50438625, 0.32068121, 0.22573972, 0.00000000, 0.00000000, 0.00000000, 0.00000000
5, 9.7700, 781, 0.90545273, 0.33914483, 0.11035820, 14.97826099, -19.69332886, 23.37860870, -2.45542240, 59.10552216, -66.15024567, -24.76923180, 6.56112623, 36.77975082, 0.92145932, 0.22082017, 0.01451203, -0.31928158, 0.14530511, 0.09444512, 0.01608819, 0.00000000, 0.00000000, 0.00000000, 0.00000000
2, 9.6701, 778, 0.57254773, 0.40813312, 0.51659256, -216.56791687, 229.21026611, -140.10752869, -15.28792763, 36.71440887, 76.76117706, -49.46457672, -42.28464508, 51.26874924, 0.82903850, 0.21008000, 0.46417439, -0.23044252, -0.61433816, 0.47551280, 0.36859721, 0.00000000, 0.00000000, 0.00000000, 0.00000000
5, 9.7800, 782, 0.90076137, 0.30520695, 0.11413608, 20.65454865, -17.78634644, 19.95174599, -2.45542240, 59.10552216, -66.15024567, -24.49529457, 6.49535942, 36.62193298, 0.92249197, 0.21846613, 0.01398141, -0.31793988, 0.11926951, 0.11222937, 0.00586404, 0.00000000, 0.00000000, 0.00000000, 0.00000000
2, 9.6801, 779, 0.69113100, 0.43625724, 0.58492345, -198.96290588, 182.53204346, -117.04290771, -16.66179466, 34.22975540, 75.82578278, -53.33555222, -42.76706314, 54.42472458, 0.81484014, 0.22266817, 0.48087108, -0.23498407, -0.65913498, 0.47503605, 0.54580534, 0.00000000, 0.00000000, 0.00000000, 0.00000000
5, 9.7900, 783, 0.88710350, 0.30194697, 0.12948535, 23.88884544, -10.47115231, 18.91068649, -1.95849168, 59.54399109, -66.15024567, -24.28022003, 6.45628357, 36.40827942, 0.92353183, 0.21665880, 0.01329799, -0.31618217, 0.10676434, 0.10042644, -0.01125285, 0.00000000, 0.00000000, 0.00000000, 0.00000000
2, 9.6901, 780, 0.72227079, 0.37951750, 0.63873416, -170.02291870, 132.06185913, -86.94440460, -17.33411217, 32.27126694, 75.41654205, -56.45836258, -42.86252213, 56.91435623, 0.80340040, 0.23369679, 0.49283063, -0.23885491, -0.68550175, 0.42081594, 0.60328585, 0.00000000, 0.00000000, 0.00000000, 0.00000000
5, 9.8000, 784, 0.84802788, 0.34157261, 0.15463664, 26.07039452, 1.67974555, 18.47149277, -1.81233561, 59.13475418, -66.53025055, -24.15488815, 6.48283339, 36.12888718, 0.92450935, 0.21574706, 0.01221043, -0.31398535, 0.12035958, 0.05174262, -0.05002153, 0.00000000, 0.00000000, 0.00000000, 0.00000000
2, 9.7001, 781, 0.69517571, 0.34366009, 0.56272793, -122.68238068, 79.12445831, -47.14605713, -18.67874908, 30.83893585, 74.48114777, -58.53605270, -42.74874115, 58.45673370, 0.79592013, 0.24205972, 0.49975884, -0.24116287, -0.72141117, 0.46715936, 0.55433625, 0.00000000, 0.00000000, 0.00000000, 0.00000000
5, 9.8100, 785, 0.85188347, 0.38444287, 0.18499550, 29.04757881, 15.44758606, 16.97409821, -2.13387895, 59.63168716, -66.67640686, -24.43818665, 5.18509674, 36.10314560, 0.92532092, 0.21472557, 0.02348529, -0.31164521, 0.12190277, 0.00015666, -0.04560569, 0.00000000, 0.00000000, 0.00000000, 0.00000000
2, 9.7101, 782, 0.56366831, 0.27431944, 0.61403537, -67.57877350, 29.74253273, -2.07633018, -18.67874908, 30.83893585, 74.48114777, -50.50989151, -37.20413971, 53.29276657, 0.82716763, 0.23202236, 0.43920931, -0.26278257, -0.61688113, 0.38765520, 0.43340611, 0.00000000, 0.00000000, 0.00000000, 0.00000000
5, 9.8200, 786, 0.92511302, 0.40514663, 0.20751861, 32.10129547, 23.01934433, 16.06413269, -2.25080395, 59.01782990, -66.53025055, -24.47265053, 5.30427122, 35.69199753, 0.92625672, 0.21538863, 0.02183790, -0.30851167, 0.09384781, -0.02574664, 0.02693100, 0.00000000, 0.00000000, 0.00000000, 0.00000000
2, 9.7201, 783, 0.41930664, 0.20765753, 0.73170304, -27.30908394, 2.41095948, 33.50335312, -18.44489861, 29.75738144, 74.89038086, -50.76008606, -37.05601883, 53.08927917, 0.82722056, 0.23526092, 0.43845451, -0.26099062, -0.43285799, 0.24751376, 0.26218301, 0.00000000, 0.00000000, 0.00000000, 0.00000000
5, 9.8300, 787, 1.01818204, 0.40524337, 0.23126914, 35.17005157, 19.61194801, 17.64388466, -2.25080395, 59.01782990, -66.53025055, -24.47109604, 5.39963245, 35.26296616, 0.92731863, 0.21569450, 0.02025048, -0.30519831, 0.06640641, -0.04176059, 0.11724120, 0.00000000, 0.00000000, 0.00000000, 0.00000000
2, 9.7301, 784, 0.27504712, 0.16237059, 0.83072591, -6.18946981, -14.05117512, 56.23947144, -18.29874229, 30.07892418, 74.18883514, -50.64500427, -36.87215424, 52.47455215, 0.82897162, 0.23758060, 0.43579063, -0.25777528, -0.30124867, 0.14691176, 0.18656379, 0.00000000, 0.00000000, 0.00000000, 0.00000000
5, 9.8800, 788, 0.93269300, 0.40440717, 0.26767844, 48.14412689, -7.49652243, 24.89459038, -1.46156096, 59.83630371, -66.88102722, -24.04668236, 4.47766590, 33.60413742, 0.93324149, 0.21030961, 0.02359252, -0.29029939, 0.03561591, -0.07067338, 0.02537631, 0.00000000, 0.00000000, 0.00000000, 0.00000000
2, 9.7401, 785, 0.09494275, 0.14570384, 0.93184412, -0.79146290, -23.19551468, 66.22798920, -17.71411896, 30.75124168, 74.59806824, -50.40105057, -36.63333893, 51.69830322, 0.83137679, 0.23979016, 0.43214494, -0.25409472, -0.12820663, 0.06358183, 0.09843879, 0.00000000, 0.00000000, 0.00000000, 0.00000000
5, 9.8900, 789, 0.97515142, 0.38655540, 0.29008621, 50.92485428, -9.13146019, 26.53777695, -1.52002335, 60.07015610, -67.17333984, -23.76295090, 4.39061499, 33.12557983, 0.93503588, 0.20788597, 0.02271855, -0.28631321, 0.00027044, -0.07714541, 0.06170990, 0.00000000, 0.00000000, 0.00000000, 0.00000000
2, 9.8001, 786, -0.06802899, 0.15703817, 0.98495114, -37.94334793, 13.72565079, 34.76500320, -18.03566170, 31.65740967, 75.27038574, -53.24061203, -37.57964706, 51.97840500, 0.82400870, 0.25511843, 0.44471842, -0.24114305, 0.00720601, 0.04905829, 0.05022663, 0.00000000, 0.00000000, 0.00000000, 0.00000000
5, 9.9000, 790, 0.98112959, 0.36777183, 0.31484348, 52.64224243, -12.15748215, 29.89642715, -0.43846828, 58.57936096, -68.19643402, -23.43226051, 4.30230236, 32.63609314, 0.93691808, 0.20507225, 0.02174092, -0.28223637, -0.03270042, -0.08517494, 0.06131147, 0.00000000, 0.00000000, 0.00000000, 0.00000000
2, 9.8101, 787, -0.09826811, 0.16309403, 0.97515357, -26.92969704, 11.47310257, 44.93149948, -17.91873741, 31.65740967, 75.44577789, -52.62733078, -38.03366470, 51.91473770, 0.82519019, 0.24896884, 0.44605410, -0.24106342, 0.02617731, 0.06082066, 0.02861373, 0.00000000, 0.00000000, 0.00000000, 0.00000000
5, 9.9100, 791, 0.96875644, 0.35333568, 0.33780342, 53.27154160, -13.65505028, 32.30637360, -1.25694239, 61.12247849, -67.90412140, -23.85698509, 4.83190012, 32.69969177, 0.93555325, 0.20976612, 0.01855636, -0.28353852, -0.05632028, -0.09273863, 0.04460113, 0.00000000, 0.00000000, 0.00000000, 0.00000000
2, 9.8201, 788, -0.09907173, 0.16689332, 0.95781440, -15.75889301, 10.74984264, 53.66368103, -18.47413063, 31.89126015, 74.48114777, -52.77119064, -38.01940918, 51.44536972, 0.82586515, 0.25189272, 0.44524145, -0.23718545, 0.01504782, 0.06873193, 0.01826612, 0.00000000, 0.00000000, 0.00000000, 0.00000000
5, 9.9200, 792, 0.98594028, 0.35818800, 0.34804821, 53.82450485, -13.41212368, 34.00516129, 0.14615609, 60.24554062, -68.34259033, -23.49139595, 4.75747585, 32.19632339, 0.93751657, 0.20668498, 0.01735513, -0.27936149, -0.05610169, -0.09989169, 0.06311987, 0.00000000, 0.00000000, 0.00000000, 0.00000000
2, 9.8301, 789, -0.12734416, 0.17253163, 0.96376735, -8.25087452, 3.42708468, 58.98440552, -18.59105492, 32.03741455, 75.09500122, -52.77606201, -37.98569870, 50.85279083, 0.82709426, 0.25437242, 0.44373602, -0.23304117, 0.04113518, 0.06914252, 0.00467396, 0.00000000, 0.00000000, 0.00000000, 0.00000000
