SensorId, TimeStamp (s), FrameNumber, AccX (g), AccY (g), AccZ (g), GyroX (deg/s), GyroY (deg/s), GyroZ (deg/s), MagX (uT), MagY (uT), MagZ (uT), EulerX (deg), EulerY (deg), EulerZ (deg), QuatW, QuatX, QuatY, QuatZ, LinAccX (g), LinAccY (g), LinAccZ (g), Pressure (kPa), Altitude (m), Temperature (degC), HeaveMotion (m)
5, -0.0001, 0, 0.72077107, -0.20814185, -0.19947070, -48.11272430, 25.31097412, -16.24734497, -21.74802589, 16.31101990, -124.46652985, 18.30151749, 11.42397308, 0.98071039, 0.98247087, -0.15739633, -0.09961192, 0.00742027, -0.20321412, -0.06487590, -0.31272021, 0.00000000, 0.00000000, 0.00000000, 0.00000000
4, -0.0000, 0, 0.38550502, 0.85512489, -0.45306849, -44.72306442, -10.73621178, -72.71072388, -20.08184814, -15.25869656, -93.30605316, 8.67905140, 10.46699715, 49.57767487, 1.00000000, 0.00000000, 0.00000000, 0.00000000, -0.16731372, 0.02304264, -0.00655393, 101.50400543, -14.89014626, 40.43999863, 0.00000000
2, 0.0000, 0, 0.64698631, -0.79973412, 0.20698719, 37.98902893, 23.18011284, 31.74151421, 15.17100239, -15.28792763, 45.45454407, -35.55964661, 49.31225204, -23.16323090, 0.87337422, 0.19211680, -0.44487360, 0.04895098, -0.11813171, -0.29283154, -0.52882141, 0.00000000, 0.00000000, 0.00000000, 0.00000000
2, 0.0100, 1, 0.69150174, -0.94225580, 0.19453393, 39.87258911, 31.66706848, 21.87648964, 15.17100239, -15.28792763, 45.45454407, -36.07710266, 48.99311829, -23.85589409, 0.87311357, 0.19421333, -0.44398504, 0.05320960, -0.21082976, -0.30088001, -0.51371276, 0.00000000, 0.00000000, 0.00000000, 0.00000000
5, 0.0099, 1, 0.81988120, -0.32778963, -0.26874471, -48.09333420, 42.17021561, -12.60342026, -21.86495209, 16.63256264, -124.64191437, 17.77137756, 11.31917763, 1.25555921, 0.98329031, -0.15263385, -0.09911261, 0.00445962, -0.33326924, 0.03970826, -0.25901100, 0.00000000, 0.00000000, 0.00000000, 0.00000000
4, 0.0100, 1, 0.41828132, 0.99056876, -0.51091176, -58.18461609, -22.70679092, -67.80670166, -20.31569672, -16.25255775, -93.13066101, 8.08481312, 9.75514317, 49.50366211, 1.00000000, 0.00000000, 0.00000000, 0.00000000, -0.20737785, 0.04661024, 0.13738686, 101.50400543, -14.89014626, 40.43999863, 0.00000000
4, 0.0200, 2, 0.44265988, 1.07537663, -0.57345605, -64.29711914, -30.93186760, -63.25383759, -20.95878410, -13.85559750, -93.13066101, 7.45068979, 9.04827309, 49.53470612, 1.00000000, 0.00000000, 0.00000000, 0.00000000, -0.24061036, 0.09103484, 0.23430064, 101.50400543, -14.89014626, 40.43999863, 0.00000000
4, 0.0300, 3, 0.47936052, 1.09338737, -0.64016312, -69.34043121, -34.88411713, -61.54254150, -20.40339088, -13.18327999, -93.15989685, 7.95786285, 10.51073933, 51.30094528, 1.00000000, 0.00000000, 0.00000000, 0.00000000, -0.27890408, 0.15537867, 0.27159345, 101.50400543, -14.89014626, 40.43999863, 0.00000000
5, 0.0199, 2, 0.81664598, -0.42696786, -0.36418641, -50.41061020, 59.17683792, -10.87163067, -21.89418221, 16.74948883, -124.11575317, 17.07999611, 11.28496838, 1.51414561, 0.98422801, -0.14648263, -0.09917479, 0.00159612, -0.40019894, 0.16728297, -0.29162207, 0.00000000, 0.00000000, 0.00000000, 0.00000000
5, 0.0299, 3, 0.82813358, -0.41154489, -0.47654229, -53.31240463, 74.35031891, -9.89466476, -20.72493362, 17.30488205, -124.37883759, 16.24142456, 11.30696201, 1.76233339, 0.98525482, -0.13905556, -0.09967425, -0.00123635, -0.36413756, 0.28500578, -0.26918215, 0.00000000, 0.00000000, 0.00000000, 0.00000000
5, 0.0399, 4, 0.89157039, -0.31848824, -0.61881644, -54.62848282, 84.75952911, -9.40196419, -20.72493362, 17.30488205, -124.37883759, 19.81710815, 13.93245792, 4.64925289, 0.97785348, -0.16581918, -0.12630492, -0.01880831, -0.25812650, 0.39678094, -0.16047312, 0.00000000, 0.00000000, 0.00000000, 0.00000000
2, 0.0200, 2, 0.76188105, -1.08355737, 0.24148367, 41.80305481, 38.22567749, 15.08176517, 14.93715286, -15.40485191, 45.68839645, -36.54376221, 48.58008957, -24.48710632, 0.87318218, 0.19643469, -0.44233346, 0.05751085, -0.32982716, -0.41089341, -0.52887356, 0.00000000, 0.00000000, 0.00000000, 0.00000000
2, 0.0300, 3, 0.86262161, -1.19224608, 0.24669023, 39.47933197, 38.28973007, 15.52702999, 14.46945286, -15.52177715, 46.06840134, -37.00752640, 48.17500305, -25.09379959, 0.87319124, 0.19873406, -0.44072998, 0.06163549, -0.46771538, -0.46797279, -0.51994932, 0.00000000, 0.00000000, 0.00000000, 0.00000000
2, 0.0400, 4, 0.92113268, -1.31001377, 0.18339774, 39.03147888, 31.78900146, 18.16427422, 14.44022179, -15.63870239, 45.71762466, -37.44851685, 47.83161545, -25.70690727, 0.87301683, 0.20068897, -0.43959832, 0.06571943, -0.60772926, -0.47360510, -0.57251072, 0.00000000, 0.00000000, 0.00000000, 0.00000000
2, 0.0500, 5, 1.03160298, -1.48913109, 0.10258481, 40.99876404, 32.44402313, 21.33170319, 14.17714119, -15.60947037, 45.80532074, -44.99126816, 51.91210938, -32.86486435, 0.84415549, 0.21557489, -0.48517811, 0.07437365, -0.81478566, -0.49360463, -0.60630304, 0.00000000, 0.00000000, 0.00000000, 0.00000000
2, 0.0600, 6, 1.23848629, -1.68175185, 0.03939300, 44.43361664, 31.77854347, 25.13189507, 14.17714119, -15.60947037, 45.80532074, -45.53040695, 51.50909042, -33.58391953, 0.84366298, 0.21790446, -0.48426822, 0.07896026, -1.06593609, -0.52453673, -0.52376688, 0.00000000, 0.00000000, 0.00000000, 0.00000000
4, 0.0400, 4, 0.52330315, 1.13454962, -0.67904717, -76.61643219, -36.87717819, -59.66027069, -20.40339088, -13.18327999, -93.15989685, 7.21679211, 9.81070709, 51.40853882, 1.00000000, 0.00000000, 0.00000000, 0.00000000, -0.30519757, 0.17743638, 0.32694319, 101.50400543, -14.89014626, 40.43999863, 0.00000000
5, 0.0499, 5, 0.91487223, -0.31573918, -0.68061769, -53.18754578, 85.61701965, -11.97620296, -20.57877731, 18.06489372, -124.61268616, 18.87524033, 13.96483326, 4.86227942, 0.97911286, -0.15752423, -0.12671530, -0.02161869, -0.21610051, 0.41845274, -0.11255040, 0.00000000, 0.00000000, 0.00000000, 0.00000000
4, 0.0500, 5, 0.52316833, 1.20849442, -0.69112700, -85.98149872, -41.67723083, -57.22600555, -21.54340744, -12.42326832, -93.15989685, 6.39360571, 9.11425304, 51.58322525, 1.00000000, 0.00000000, 0.00000000, 0.00000000, -0.31458986, 0.17998087, 0.39732137, 101.50400543, -14.89014626, 40.43999863, 0.00000000
4, 0.0600, 6, 0.49641797, 1.29587412, -0.69634449, -93.16226196, -47.02917099, -53.43532181, -22.04033852, -11.63402462, -93.07219696, 5.51050282, 8.43365097, 51.83538818, 1.00000000, 0.00000000, 0.00000000, 0.00000000, -0.29688334, 0.17323017, 0.47777861, 101.50400543, -14.89014626, 40.43999863, 0.00000000
4, 0.0700, 7, 0.48195517, 1.39507782, -0.69081116, -95.22768402, -48.99237823, -48.43624496, -22.47880745, -11.10786343, -93.51066589, 4.61188412, 7.79552221, 52.13614655, 1.00000000, 0.00000000, 0.00000000, 0.00000000, -0.29066181, 0.15332802, 0.56706643, 101.50400543, -14.89014626, 40.43999863, 0.00000000
4, 0.0800, 8, 0.42944965, 1.49928570, -0.70095485, -93.86248779, -47.50850296, -42.85461044, -22.68342590, -9.88015175, -93.56912994, 4.34008789, 8.04659462, 53.13913727, 1.00000000, 0.00000000, 0.00000000, 0.00000000, -0.24156010, 0.14430547, 0.66573203, 101.50400543, -14.89014626, 40.43999863, 0.00000000
2, 0.0700, 7, 1.44878602, -1.85167670, 0.06166989, 44.08429718, 33.91897964, 33.21802902, 14.17714119, -15.81408882, 46.85764313, -46.18907166, 51.11022949, -34.39990616, 0.84279305, 0.22071111, -0.48370573, 0.08375754, -1.30990744, -0.62880504, -0.46403956, 0.00000000, 0.00000000, 0.00000000, 0.00000000
2, 0.0800, 8, 1.59213388, -1.98377371, 0.12189209, 44.03112411, 36.20474625, 43.24269485, 14.44022179, -16.25255775, 46.94533539, -46.99324799, 50.71566391, -35.33904648, 0.84145367, 0.22407129, -0.48358503, 0.08884557, -1.46942008, -0.74264425, -0.41364270, 0.00000000, 0.00000000, 0.00000000, 0.00000000
2, 0.0900, 9, 1.69258022, -2.05042100, 0.26520830, 41.73579025, 36.91811752, 52.80110550, 13.30020428, -16.22332573, 47.00379944, -47.92649078, 50.34472656, -36.37533569, 0.83962703, 0.22789568, -0.48399466, 0.09401715, -1.52717113, -0.88839400, -0.32162631, 0.00000000, 0.00000000, 0.00000000, 0.00000000
5, 0.0599, 6, 1.03522396, -0.43284160, -0.72573435, -52.16339874, 89.25560760, -18.12427521, -19.96492195, 18.70797920, -124.61268616, 17.87926483, 13.96163654, 5.03105354, 0.98041368, -0.14882362, -0.12671465, -0.02416766, -0.35465565, 0.50711358, -0.04262367, 0.00000000, 0.00000000, 0.00000000, 0.00000000
5, 0.0699, 7, 1.14455247, -0.50207376, -0.81384689, -49.21401215, 97.35833740, -22.35021210, -19.32183456, 18.79567337, -124.93422699, 16.79527092, 13.95963383, 5.13471603, 0.98175627, -0.13942938, -0.12658943, -0.02625600, -0.43620613, 0.62676853, 0.03754209, 0.00000000, 0.00000000, 0.00000000, 0.00000000
5, 0.0799, 8, 1.22382605, -0.47640249, -0.91334522, -45.47668076, 101.11151123, -24.28877640, -18.76644325, 19.05875397, -124.75884247, 15.67392540, 13.96449375, 5.18646908, 0.98305619, -0.12975614, -0.12642667, -0.02793149, -0.41846076, 0.73467505, 0.12410630, 0.00000000, 0.00000000, 0.00000000, 0.00000000
2, 0.1000, 10, 1.67563331, -2.04164147, 0.36466271, 36.70547485, 35.40150833, 63.83083344, 12.77404213, -15.69716454, 47.55919266, -54.61726761, 51.92869186, -41.75196457, 0.81799787, 0.24677476, -0.51046383, 0.09699729, -1.46937609, -0.95084798, -0.26825964, 0.00000000, 0.00000000, 0.00000000, 0.00000000
4, 0.0900, 9, 0.35286412, 1.63887608, -0.70806211, -88.70229340, -45.67710114, -39.14543152, -22.68342590, -9.88015175, -93.56912994, 3.50669718, 7.51324749, 53.45339966, 1.00000000, 0.00000000, 0.00000000, 0.00000000, -0.15924986, 0.11587235, 0.79804301, 101.50400543, -14.89014626, 40.43999863, 0.00000000
4, 0.1000, 10, 0.29873738, 1.84981406, -0.71463537, -81.74262238, -40.35432816, -35.67288971, -23.29728127, -8.65244102, -93.59836578, 2.73459172, 7.03563690, 53.73458862, 1.00000000, 0.00000000, 0.00000000, 0.00000000, -0.10704711, 0.07230026, 0.99729896, 101.50400543, -14.89014626, 40.43999863, 0.00000000
4, 0.1100, 11, 0.27491078, 2.06764078, -0.72892833, -75.94937897, -29.09579468, -30.32195282, -23.61882401, -8.79859638, -93.42297363, 2.00522566, 6.65035534, 53.93154526, 1.00000000, 0.00000000, 0.00000000, 0.00000000, -0.08347648, 0.03316058, 1.20691609, 101.50400543, -14.89014626, 40.43999863, 0.00000000
4, 0.1200, 12, 0.27254170, 2.19981122, -0.78086925, -72.21539307, -10.69991684, -26.10516930, -23.29728127, -8.30166626, -92.95527649, 1.28880167, 6.36776018, 53.97113037, 1.00000000, 0.00000000, 0.00000000, 0.00000000, -0.08194631, 0.05535720, 1.34736943, 101.50400543, -14.89014626, 40.43999863, 0.00000000
2, 0.1100, 11, 1.63366640, -2.01828194, 0.44236737, 30.82698441, 29.79211617, 78.75392151, 12.77404213, -15.69716454, 47.55919266, -55.90577698, 51.63214111, -43.04824066, 0.81461513, 0.25140136, -0.51266617, 0.10184813, -1.38309002, -0.97784430, -0.19787660, 0.00000000, 0.00000000, 0.00000000, 0.00000000
2, 0.1200, 12, 1.53380382, -2.02727008, 0.45872587, 25.35817337, 25.70071602, 92.65930176, 12.42326832, -16.10640144, 47.03303146, -57.38396835, 51.39964676, -44.50324249, 0.81041360, 0.25634065, -0.51589775, 0.10662488, -1.31449234, -0.98504055, -0.25700232, 0.00000000, 0.00000000, 0.00000000, 0.00000000
2, 0.1300, 13, 1.54244113, -2.06816435, 0.39190644, 20.19462204, 22.74147987, 102.67725372, 11.45863724, -15.49254608, 47.58842468, -58.99962616, 51.20809555, -46.06393051, 0.80558050, 0.26151142, -0.51988059, 0.11124763, -1.37335694, -0.94063234, -0.28793976, 0.00000000, 0.00000000, 0.00000000, 0.00000000
5, 0.0899, 9, 1.30756545, -0.42492640, -1.08597159, -39.73937607, 99.76298523, -26.28677177, -18.76644325, 19.05875397, -124.75884247, 20.07438469, 15.15653610, 6.72288275, 0.97576249, -0.16485344, -0.13976850, -0.03428730, -0.35691428, 0.88525337, 0.23904511, 0.00000000, 0.00000000, 0.00000000, 0.00000000
5, 0.0999, 10, 1.39948761, -0.35410374, -1.21650910, -31.16922188, 93.67354584, -27.83794403, -18.67874908, 19.05875397, -124.55422211, 19.03187370, 15.14543724, 6.64887762, 0.97725630, -0.15606725, -0.13925560, -0.03494290, -0.28083855, 0.94556439, 0.38040188, 0.00000000, 0.00000000, 0.00000000, 0.00000000
5, 0.1099, 11, 1.64886558, -0.32501641, -1.29262745, -18.02519989, 87.78154755, -27.25187111, -17.59719276, 19.90645981, -124.20344543, 18.06480789, 15.15664101, 6.47259426, 0.97858119, -0.14802065, -0.13882367, -0.03459555, -0.32717681, 1.02780950, 0.62451625, 0.00000000, 0.00000000, 0.00000000, 0.00000000
5, 0.1199, 12, 1.94047070, -0.34146017, -1.32337654, -1.16974092, 79.80531311, -24.83485031, -16.95410728, 19.64337921, -124.20344543, 17.20376968, 15.20674038, 6.17187214, 0.97970241, -0.14099495, -0.13861759, -0.03299883, -0.43993187, 1.07627082, 0.88875484, 0.00000000, 0.00000000, 0.00000000, 0.00000000
2, 0.1400, 14, 1.52096379, -2.15800071, 0.35311425, 17.25001526, 18.38552666, 113.33644867, 10.84478188, -15.31715870, 48.40689850, -60.75520325, 51.04867554, -47.76073837, 0.80007946, 0.26678568, -0.52465409, 0.11591628, -1.42862415, -0.94662112, -0.35608634, 0.00000000, 0.00000000, 0.00000000, 0.00000000
5, 0.1299, 13, 2.13452220, -0.41269132, -1.34346867, 13.08472538, 70.63316345, -22.86890411, -16.28178787, 20.08184814, -123.99883270, 16.45515823, 15.27762222, 5.77107191, 0.98063850, -0.13503270, -0.13853289, -0.03038198, -0.56878984, 1.12635112, 1.04280365, 0.00000000, 0.00000000, 0.00000000, 0.00000000
4, 0.1300, 13, 0.35074109, 2.16248655, -0.90993840, -65.38584137, 13.25889778, -22.08012390, -23.29728127, -8.30166626, -92.95527649, 1.76314473, 6.49615288, 53.89375305, 1.00000000, 0.00000000, 0.00000000, 0.00000000, -0.16241476, 0.19676155, 1.35281956, 101.50400543, -14.89014626, 40.43999863, 0.00000000
4, 0.1400, 14, 0.44199082, 2.04502845, -1.00400007, -55.19331741, 33.13838577, -14.90382957, -23.91113663, -7.60011673, -92.39987946, 1.16055393, 6.46231556, 53.54819107, 1.00000000, 0.00000000, 0.00000000, 0.00000000, -0.25404122, 0.31784850, 1.27255499, 101.50400543, -14.89014626, 40.43999863, 0.00000000
4, 0.1500, 15, 0.52231085, 1.92532194, -1.09459412, -41.20972824, 44.51225281, -7.10924578, -23.53113174, -7.10318613, -92.28295898, 0.68476439, 6.53537512, 53.11461258, 1.00000000, 0.00000000, 0.00000000, 0.00000000, -0.33650526, 0.44937623, 1.18830752, 101.50400543, -14.89014626, 40.43999863, 0.00000000
5, 0.1399, 14, 2.09064484, -0.49339029, -1.37535584, 20.83420753, 61.66252899, -18.55448341, -16.28178787, 20.08184814, -123.99883270, 19.97607422, 16.55190277, 6.74727011, 0.97436833, -0.16299677, -0.15161385, -0.03242940, -0.61183393, 1.17244768, 0.98033297, 0.00000000, 0.00000000, 0.00000000, 0.00000000
2, 0.1500, 15, 1.44656539, -2.24775219, 0.38915777, 12.54919338, 11.50055408, 124.50910187, 10.84478188, -15.31715870, 48.40689850, -68.47412109, 52.17614746, -54.25721359, 0.77362299, 0.28393281, -0.55396509, 0.11837412, -1.41323078, -1.01243234, -0.41447622, 0.00000000, 0.00000000, 0.00000000, 0.00000000
2, 0.1600, 16, 1.36438751, -2.30530977, 0.39747781, 4.40460968, 4.03229523, 137.86174011, 9.58784008, -15.34638977, 48.64074707, -70.63020325, 52.01387024, -56.30973434, 0.76618803, 0.28923661, -0.56060445, 0.12255926, -1.37774968, -1.03259671, -0.43538749, 0.00000000, 0.00000000, 0.00000000, 0.00000000
2, 0.1700, 17, 1.24732590, -2.28836536, 0.36088789, -3.96213412, -3.54037762, 149.74743652, 8.62320995, -15.02484608, 48.28997421, -72.97799683, 51.90073395, -58.53207779, 0.75785059, 0.29447076, -0.56830728, 0.12639816, -1.30122578, -0.98311388, -0.50042343, 0.00000000, 0.00000000, 0.00000000, 0.00000000
2, 0.1800, 18, 1.14921999, -2.25247097, 0.33137465, -12.45575905, -8.86017513, 160.35023499, 7.62934828, -14.76176548, 48.31920624, -75.50868225, 51.80972290, -60.90102005, 0.74866486, 0.29973471, -0.57689041, 0.12983710, -1.22373569, -0.92973441, -0.53573644, 0.00000000, 0.00000000, 0.00000000, 0.00000000
4, 0.1600, 16, 0.56516922, 1.88851058, -1.10556197, -26.65350342, 42.18482208, -2.10734653, -23.29728127, -7.36626720, -91.66909790, 0.35872313, 6.64585972, 52.71341324, 1.00000000, 0.00000000, 0.00000000, 0.00000000, -0.37867635, 0.47758132, 1.15807402, 101.50400543, -14.89014626, 40.43999863, 0.00000000
4, 0.1700, 17, 0.60089362, 1.95902777, -1.05378616, -13.58871555, 30.97809601, 3.58456516, -23.06343079, -6.92779875, -91.69833374, 0.18056874, 6.77460766, 52.43214417, 1.00000000, 0.00000000, 0.00000000, 0.00000000, -0.41054356, 0.41097045, 1.21111631, 101.50400543, -14.89014626, 40.43999863, 0.00000000
4, 0.1800, 18, 0.60365278, 2.07689404, -0.98857647, -6.31649065, 16.42780685, 10.57873917, -23.06343079, -6.92779875, -91.69833374, 1.38790166, 7.99598074, 52.59259415, 1.00000000, 0.00000000, 0.00000000, 0.00000000, -0.40310785, 0.30972224, 1.30488765, 101.50400543, -14.89014626, 40.43999863, 0.00000000
4, 0.1900, 19, 0.58404475, 2.14279628, -0.93175834, -2.36379886, 4.64810085, 16.47332954, -22.53726959, -7.77550411, -91.31832886, 1.36591947, 8.16687012, 52.60285568, 1.00000000, 0.00000000, 0.00000000, 0.00000000, -0.36525905, 0.21970847, 1.35235476, 101.50400543, -14.89014626, 40.43999863, 0.00000000
4, 0.2000, 20, 0.56616437, 2.16693330, -0.90595865, 0.64545858, 0.39028081, 19.96045876, -23.06343079, -6.84010506, -92.04911041, 1.38305128, 8.35698986, 52.66417694, 1.00000000, 0.00000000, 0.00000000, 0.00000000, -0.34372431, 0.18782356, 1.36745453, 101.50400543, -14.89014626, 40.43999863, 0.00000000
2, 0.1900, 19, 1.15327728, -2.22045469, 0.30299819, -21.25584793, -16.46373558, 171.45372009, 5.96316862, -14.61560917, 48.28997421, -78.23566437, 51.74433136, -63.44496536, 0.73855543, 0.30485839, -0.58646464, 0.13287777, -1.21959913, -0.88043416, -0.49761939, 0.00000000, 0.00000000, 0.00000000, 0.00000000
2, 0.2000, 20, 1.14031637, -2.20071459, 0.33567101, -27.64071655, -18.46897125, 180.13282776, 5.96316862, -14.61560917, 48.28997421, -85.04673004, 52.02006149, -69.14453125, 0.71358091, 0.31677243, -0.61080921, 0.13179417, -1.18585551, -0.88947010, -0.44218230, 0.00000000, 0.00000000, 0.00000000, 0.00000000
5, 0.1499, 15, 1.94747233, -0.56370413, -1.39055145, 23.62062454, 51.98740768, -11.31940079, -15.96024513, 17.07103157, -124.08652496, 19.45229340, 16.71091080, 6.34895849, 0.97502786, -0.15895812, -0.15226141, -0.02948993, -0.60271013, 1.16552567, 0.84138155, 0.00000000, 0.00000000, 0.00000000, 0.00000000
5, 0.1599, 16, 1.94523263, -0.61172533, -1.44786751, 22.95269966, 44.52292633, -2.35772181, -14.87869072, 18.21105003, -123.44343567, 19.03103065, 16.91760445, 6.01232433, 0.97544539, -0.15568313, -0.15344997, -0.02687511, -0.62864715, 1.24062562, 0.82600087, 0.00000000, 0.00000000, 0.00000000, 0.00000000
5, 0.1699, 17, 2.00890541, -0.59893692, -1.52223837, 21.50408936, 32.15891266, 5.09502316, -14.99561501, 19.32183456, -123.85267639, 18.75428772, 17.14058876, 5.75093365, 0.97560996, -0.15353426, -0.15492846, -0.02469223, -0.61911416, 1.31502926, 0.89584601, 0.00000000, 0.00000000, 0.00000000, 0.00000000
5, 0.1799, 18, 2.04598975, -0.55434263, -1.53010345, 20.36648560, 9.59277630, 16.15637970, -14.96638393, 19.76030350, -123.73574829, 18.73600197, 17.37855530, 5.60460901, 0.97537446, -0.15342660, -0.15674940, -0.02312228, -0.58667111, 1.31366646, 0.94726408, 0.00000000, 0.00000000, 0.00000000, 0.00000000
5, 0.1899, 19, 2.01629758, -0.55866909, -1.52766132, 19.80182648, -0.42462721, 25.58167267, -14.96638393, 19.76030350, -123.73574829, 23.14427948, 18.31328201, 6.98359680, 0.96733773, -0.18818241, -0.16767199, -0.02704400, -0.57324171, 1.29544783, 0.92673564, 0.00000000, 0.00000000, 0.00000000, 0.00000000
5, 0.1999, 20, 2.00848722, -0.59747601, -1.51759136, 22.07395554, -7.72303200, 30.82940102, -15.31715870, 19.38029861, -123.64805603, 23.35668182, 18.62907791, 6.95384455, 0.96659517, -0.18976776, -0.17032596, -0.02590624, -0.59459269, 1.24436557, 0.92917192, 0.00000000, 0.00000000, 0.00000000, 0.00000000
5, 0.2099, 21, 2.04420686, -0.60690236, -1.50696146, 28.12210274, -17.71423340, 32.77513123, -15.31715870, 19.17568016, -123.53112793, 23.67907524, 18.94705582, 6.90401125, 0.96565974, -0.19230641, -0.17298342, -0.02441946, -0.61325371, 1.23295557, 0.96163988, 0.00000000, 0.00000000, 0.00000000, 0.00000000
5, 0.2199, 22, 2.01141644, -0.56821096, -1.50031626, 34.62282562, -32.97496414, 33.83588028, -15.66793346, 17.27565002, -123.26805115, 24.15985680, 19.24215698, 6.83854294, 0.96447253, -0.19621776, -0.17544572, -0.02258679, -0.56299883, 1.21116066, 0.94842756, 0.00000000, 0.00000000, 0.00000000, 0.00000000
4, 0.2100, 21, 0.53067470, 2.14012837, -0.90695482, 6.31297112, 3.44934845, 21.36036491, -22.59573174, -7.65857935, -91.49371338, 1.45231795, 8.57028580, 52.69911575, 1.00000000, 0.00000000, 0.00000000, 0.00000000, -0.30557019, 0.19600508, 1.34156406, 101.50400543, -14.89014626, 40.43999863, 0.00000000
4, 0.2200, 22, 0.49448064, 2.06286955, -0.95134735, 14.10773563, 11.21222878, 22.24209785, -22.56650162, -7.04472351, -91.61064148, 1.58612287, 8.81725407, 52.66053772, 1.00000000, 0.00000000, 0.00000000, 0.00000000, -0.26739693, 0.25976199, 1.28073585, 101.50400543, -14.89014626, 40.43999863, 0.00000000
4, 0.2300, 23, 0.46829456, 1.98767221, -1.00979447, 26.18887711, 21.79540443, 24.18260002, -22.56650162, -7.04472351, -91.61064148, 3.37338018, 9.28322792, 52.68115234, 1.00000000, 0.00000000, 0.00000000, 0.00000000, -0.23749259, 0.32813382, 1.22704649, 101.50400543, -14.89014626, 40.43999863, 0.00000000
2, 0.2100, 21, 1.16231835, -2.17045879, 0.33393919, -35.50651550, -20.12155151, 185.87834167, 4.64776373, -13.85559750, 48.34843445, -88.04850006, 51.76594162, -71.86140442, 0.70184857, 0.32208994, -0.62106401, 0.13396366, -1.18313444, -0.86528808, -0.34599948, 0.00000000, 0.00000000, 0.00000000, 0.00000000
5, 0.2299, 23, 1.94326961, -0.51414859, -1.46925533, 40.66259384, -46.64523315, 35.95691299, -16.25255775, 18.47413063, -124.37883759, 24.78741646, 19.52792549, 6.76379633, 0.96301913, -0.20137958, -0.17782673, -0.02044636, -0.49203950, 1.15958583, 0.90646243, 0.00000000, 0.00000000, 0.00000000, 0.00000000
2, 0.2200, 22, 1.10095513, -2.16282392, 0.31106395, -41.60987091, -17.18453026, 191.50163269, 3.24466538, -13.82636642, 47.96842957, -91.12860107, 51.42776108, -74.58409882, 0.68952394, 0.32776144, -0.63143700, 0.13570750, -1.14781916, -0.83692753, -0.36124933, 0.00000000, 0.00000000, 0.00000000, 0.00000000
5, 0.2399, 24, 1.91718006, -0.51899314, -1.48609185, 44.24524689, -59.83899307, 39.11957932, -16.39871407, 17.27565002, -123.12189484, 28.67077446, 19.83686829, 7.72412109, 0.95508754, -0.23210259, -0.18293135, -0.02173126, -0.47828448, 1.15570009, 0.89431238, 0.00000000, 0.00000000, 0.00000000, 0.00000000
5, 0.2499, 25, 1.93644953, -0.54780853, -1.46534336, 43.47604752, -68.27622223, 45.74591064, -16.39871407, 17.27565002, -123.12189484, 29.56006432, 20.13412285, 7.74943733, 0.95286292, -0.23918554, -0.18560413, -0.01984194, -0.51100922, 1.09730387, 0.92582721, 0.00000000, 0.00000000, 0.00000000, 0.00000000
5, 0.2599, 26, 1.88753819, -0.53643858, -1.48403132, 39.59708023, -73.65633392, 53.78163147, -17.56796265, 17.59719276, -122.97573853, 30.53641319, 20.45536613, 7.87180662, 0.95034492, -0.24678439, -0.18867737, -0.01851747, -0.47350693, 1.10003769, 0.89523888, 0.00000000, 0.00000000, 0.00000000, 0.00000000
4, 0.2400, 24, 0.46057856, 1.94460499, -1.04614592, 39.81304550, 29.98518753, 27.14558029, -21.74802589, -7.60011673, -91.63986969, 3.73190308, 9.64515591, 52.48308563, 1.00000000, 0.00000000, 0.00000000, 0.00000000, -0.22280777, 0.35043296, 1.19916606, 101.50400543, -14.89014626, 40.43999863, 0.00000000
4, 0.2500, 25, 0.48814121, 1.89119005, -1.05283272, 51.28717041, 34.07047653, 30.89991188, -22.24495697, -8.27243519, -91.37679291, 4.19843006, 10.05861855, 52.25896835, 1.00000000, 0.00000000, 0.00000000, 0.00000000, -0.24520350, 0.36563098, 1.15283549, 101.50400543, -14.89014626, 40.43999863, 0.00000000
4, 0.2600, 26, 0.51377362, 1.87323582, -1.04795194, 60.04647064, 33.66702271, 35.67755127, -22.15726280, -8.30166626, -91.43524933, 4.75546837, 10.51704311, 52.05735016, 1.00000000, 0.00000000, 0.00000000, 0.00000000, -0.26383880, 0.35749876, 1.13713741, 101.50400543, -14.89014626, 40.43999863, 0.00000000
2, 0.2300, 23, 1.03504539, -2.18226123, 0.30033416, -50.05276108, -18.28129005, 199.72428894, 2.51388478, -13.24174213, 47.93919754, -94.33448792, 51.02808380, -77.37269592, 0.67637181, 0.33356720, -0.64226168, 0.13694568, -1.12130928, -0.83459991, -0.38914108, 0.00000000, 0.00000000, 0.00000000, 0.00000000
2, 0.2400, 24, 0.90494722, -2.18577433, 0.27014303, -55.09913635, -19.53588676, 207.38407898, 0.08769365, -12.48173046, 47.23764801, -97.62100983, 50.53600693, -80.20774841, 0.66244030, 0.33944461, -0.65339369, 0.13793799, -1.04885089, -0.80824423, -0.45927316, 0.00000000, 0.00000000, 0.00000000, 0.00000000
4, 0.2700, 27, 0.53874022, 1.82143617, -1.05706000, 67.38862610, 33.36435699, 38.27137375, -22.15726280, -8.30166626, -91.43524933, 5.38738489, 11.00054169, 51.87075806, 1.00000000, 0.00000000, 0.00000000, 0.00000000, -0.28218645, 0.37155354, 1.09373987, 101.50400543, -14.89014626, 40.43999863, 0.00000000
5, 0.2699, 27, 1.83775437, -0.53512704, -1.45522976, 36.98830414, -78.59877777, 59.98890305, -17.71411896, 15.60947037, -122.65419006, 31.58981323, 20.79097939, 8.07009411, 0.94755769, -0.25484544, -0.19203722, -0.01760483, -0.45562023, 1.05842638, 0.85697794, 0.00000000, 0.00000000, 0.00000000, 0.00000000
5, 0.2799, 28, 1.78245246, -0.62354779, -1.45260680, 34.58943558, -81.90636444, 65.63657379, -18.12335587, 16.98333740, -122.74188995, 32.70339584, 21.14146042, 8.33745861, 0.94452620, -0.26322627, -0.19568157, -0.01705948, -0.51031387, 1.06409597, 0.78534579, 0.00000000, 0.00000000, 0.00000000, 0.00000000
2, 0.2500, 25, 0.75008476, -2.14161110, 0.23599754, -61.13559723, -21.79879189, 214.25621033, 0.08769365, -12.48173046, 47.23764801, -103.94704437, 49.62809753, -85.33020020, 0.63520294, 0.35054952, -0.67466766, 0.13585226, -0.93431622, -0.75397861, -0.51081580, 0.00000000, 0.00000000, 0.00000000, 0.00000000
4, 0.2800, 28, 0.58745623, 1.73291397, -1.07788432, 73.62896729, 35.61610413, 40.62141037, -21.92341423, -8.56474686, -91.23063660, 7.73814487, 12.17206669, 51.79808044, 1.00000000, 0.00000000, 0.00000000, 0.00000000, -0.32208896, 0.39985198, 1.02146721, 101.50400543, -14.89014626, 40.43999863, 0.00000000
2, 0.2600, 26, 0.57312179, -2.04186296, 0.22602323, -65.88954163, -23.02202034, 219.51882935, -1.92926037, -11.92633724, 46.59456253, -107.24546814, 48.85900497, -88.10931396, 0.61962110, 0.35626265, -0.68600392, 0.13618092, -0.76546848, -0.69216716, -0.51828671, 0.00000000, 0.00000000, 0.00000000, 0.00000000
2, 0.2700, 27, 0.43775642, -1.95183516, 0.22962762, -70.94083405, -24.02889442, 226.08053589, -3.30312777, -11.04940033, 46.50687027, -110.55596924, 47.98249817, -90.86568451, 0.60326695, 0.36195680, -0.69749576, 0.13622069, -0.62525910, -0.64627922, -0.52096814, 0.00000000, 0.00000000, 0.00000000, 0.00000000
5, 0.2899, 29, 1.71049166, -0.66890967, -1.44834733, 33.31994247, -88.56606293, 72.76732635, -18.59105492, 15.93101406, -122.88804626, 36.44092178, 21.72354317, 9.53794193, 0.93451244, -0.29112828, -0.20390162, -0.01883850, -0.51938683, 1.04839694, 0.72043294, 0.00000000, 0.00000000, 0.00000000, 0.00000000
4, 0.2900, 29, 0.65536159, 1.72191381, -1.13262260, 82.31315613, 37.93217087, 45.74696350, -20.81262779, -9.55860806, -91.05524445, 8.51557636, 12.75247192, 51.62295914, 1.00000000, 0.00000000, 0.00000000, 0.00000000, -0.37189114, 0.42216831, 1.03762472, 101.50400543, -14.89014626, 40.43999863, 0.00000000
5, 0.2999, 30, 1.54314864, -0.68536508, -1.45449972, 30.53841019, -96.83965302, 79.10771179, -18.59105492, 15.93101406, -122.88804626, 37.77788544, 22.06337738, 9.98705196, 0.93053186, -0.30078763, -0.20801812, -0.01912180, -0.46378541, 1.01832211, 0.59186006, 0.00000000, 0.00000000, 0.00000000, 0.00000000
5, 0.3099, 31, 1.43585837, -0.73739541, -1.48330176, 25.52461243, -104.64757538, 84.10305786, -20.11107826, 16.34025192, -122.71265411, 39.21728134, 22.36652184, 10.53176117, 0.92619336, -0.31106400, -0.21214414, -0.02000061, -0.45992178, 1.04267323, 0.49184179, 0.00000000, 0.00000000, 0.00000000, 0.00000000
5, 0.3199, 32, 1.42489743, -0.76825297, -1.52809989, 18.18977928, -112.40100861, 85.97453308, -20.69570351, 16.51563835, -122.85881042, 40.74079895, 22.59299469, 11.16545200, 0.92157304, -0.32186034, -0.21597165, -0.02157000, -0.46910626, 1.07626975, 0.49150988, 0.00000000, 0.00000000, 0.00000000, 0.00000000
4, 0.3000, 30, 0.71025151, 1.72554982, -1.21124482, 93.02723694, 41.51440430, 50.67755127, -21.13417053, -9.79245853, -92.34142303, 9.39628792, 13.39600849, 51.44205475, 1.00000000, 0.00000000, 0.00000000, 0.00000000, -0.41528037, 0.48224890, 1.07111323, 101.50400543, -14.89014626, 40.43999863, 0.00000000
2, 0.2800, 28, 0.30571172, -1.84900331, 0.17909314, -77.91199493, -27.15148163, 232.44573975, -5.32008171, -9.52937698, 46.71148682, -113.88641357, 47.01467896, -93.61387634, 0.58609056, 0.36743718, -0.70924675, 0.13585640, -0.50245154, -0.54988939, -0.53367031, 0.00000000, 0.00000000, 0.00000000, 0.00000000
5, 0.3299, 33, 1.40512705, -0.76148307, -1.61367416, 7.04291105, -121.70806122, 85.15850067, -22.04033852, 15.63870239, -122.77111816, 42.34410858, 22.68992233, 11.89391708, 0.91672027, -0.33320141, -0.21913883, -0.02406108, -0.43342084, 1.13892436, 0.50060153, 0.00000000, 0.00000000, 0.00000000, 0.00000000
5, 0.3399, 34, 1.31304252, -0.84666765, -1.80185199, -4.90751457, -133.02532959, 87.28421783, -23.44343758, 15.87255192, -123.06343079, 47.51707077, 22.27728462, 14.29649353, 0.90071583, -0.37021935, -0.22462657, -0.03452027, -0.43416813, 1.31251180, 0.42985862, 0.00000000, 0.00000000, 0.00000000, 0.00000000
4, 0.3100, 31, 0.82772142, 1.74670005, -1.31333780, 106.71138763, 46.79262924, 52.34715652, -20.31569672, -12.39403629, -91.84449005, 10.40198708, 14.08225536, 51.22659683, 1.00000000, 0.00000000, 0.00000000, 0.00000000, -0.51958901, 0.55769235, 1.13129616, 101.50400543, -14.89014626, 40.43999863, 0.00000000
2, 0.2900, 29, 0.24281704, -1.86577547, 0.09575657, -80.53292847, -36.44116211, 238.25445557, -6.84010506, -8.65244102, 45.48377609, -117.18749237, 45.94300842, -96.38650513, 0.56811923, 0.37224433, -0.72131366, 0.13557763, -0.51334095, -0.49413469, -0.57932663, 0.00000000, 0.00000000, 0.00000000, 0.00000000
2, 0.3000, 30, 0.07227214, -1.96158040, 0.05621185, -82.38186646, -47.71571350, 245.42967224, -6.84010506, -8.65244102, 45.48377609, -123.70494843, 43.17930984, -101.74571228, 0.52848959, 0.38272220, -0.74555379, 0.13554370, -0.48458859, -0.52160418, -0.71886623, 0.00000000, 0.00000000, 0.00000000, 0.00000000
2, 0.3100, 31, -0.15779161, -2.18379378, -0.02619229, -84.31308746, -54.83670807, 255.94053650, -8.27243519, -8.21397209, 45.62993240, -126.76015472, 41.71130371, -104.37873840, 0.50814509, 0.38613287, -0.75781333, 0.13567971, -0.51892328, -0.58816445, -0.96896923, 0.00000000, 0.00000000, 0.00000000, 0.00000000
5, 0.3499, 35, 1.24501669, -1.01627755, -2.12220311, -21.06013298, -151.07003784, 90.28453827, -23.44343758, 15.87255192, -123.06343079, 49.38365936, 22.00006866, 15.27490234, 0.89455640, -0.38338390, -0.22632448, -0.03953275, -0.49506789, 1.61374211, 0.38508803, 0.00000000, 0.00000000, 0.00000000, 0.00000000
2, 0.3200, 32, -0.45938933, -2.47109628, -0.05223090, -89.22234344, -65.56658936, 273.64166260, -9.99707699, -6.10932446, 45.16223145, -129.84643555, 40.03574753, -107.07858276, 0.48601493, 0.38905218, -0.77066499, 0.13602795, -0.50792271, -0.73552072, -1.31857836, 0.00000000, 0.00000000, 0.00000000, 0.00000000
5, 0.3599, 36, 1.26541483, -1.20391798, -2.44478226, -26.80929756, -176.24095154, 94.24443054, -24.75884247, 15.22946453, -122.77111816, 51.48455429, 21.56398964, 16.31908417, 0.88742912, -0.39842087, -0.22735631, -0.04515991, -0.60226297, 1.95033216, 0.39071321, 0.00000000, 0.00000000, 0.00000000, 0.00000000
5, 0.3699, 37, 1.31414390, -1.57010019, -2.80573702, -29.32518387, -225.09349060, 96.26673126, -26.36655998, 16.45717621, -122.94650269, 54.01807404, 20.87040710, 17.37907982, 0.87856877, -0.41711357, -0.22699232, -0.05106688, -0.87538987, 2.36503053, 0.36833543, 0.00000000, 0.00000000, 0.00000000, 0.00000000
5, 0.3799, 38, 1.37650800, -1.75706685, -2.88205457, -21.35728455, -277.33636475, 93.06230927, -28.29582024, 17.15872574, -123.03420258, 56.98827362, 19.95117950, 18.31852913, 0.86769748, -0.43963116, -0.22509487, -0.05619404, -1.06256521, 2.45495510, 0.40210479, 0.00000000, 0.00000000, 0.00000000, 0.00000000
2, 0.3300, 33, -0.96357960, -2.73082781, 0.10086735, -92.61766815, -65.01487732, 296.05603027, -11.89710617, -4.50160789, 45.30838776, -132.93862915, 38.08163834, -109.70846558, 0.46183375, 0.39241019, -0.78365642, 0.13640629, -0.27163166, -1.01796734, -1.72437608, 0.00000000, 0.00000000, 0.00000000, 0.00000000
5, 0.3899, 39, 1.12904894, -1.71582961, -2.88127232, -1.61466753, -330.00549316, 88.61122131, -30.57585526, 17.01256943, -122.82958221, 63.89940643, 19.40169907, 19.78333282, 0.83926463, -0.48929220, -0.23045713, -0.05583575, -0.95030403, 2.40413094, 0.24065043, 0.00000000, 0.00000000, 0.00000000, 0.00000000
2, 0.3400, 34, -1.28280652, -2.89880753, 0.00836254, -108.04705048, -81.05092621, 319.78540039, -13.35866737, -2.83542824, 44.89915085, -136.14714050, 35.89535141, -112.47933197, 0.43507046, 0.39477211, -0.79764724, 0.13648272, -0.21203378, -1.04777944, -2.03870249, 0.00000000, 0.00000000, 0.00000000, 0.00000000
2, 0.3500, 35, -1.70341074, -2.89323330, -0.22736381, -123.35186005, -116.03302765, 351.38220215, -13.35866737, -2.83542824, 44.89915085, -142.88546753, 28.90304184, -118.79122162, 0.36052769, 0.39900604, -0.83056903, 0.14480679, -0.05658644, -0.86947590, -2.36101508, 0.00000000, 0.00000000, 0.00000000, 0.00000000
2, 0.3600, 36, -2.18522406, -2.72404671, -0.23124316, -122.88405609, -166.45458984, 373.20675659, -15.43408298, -0.23384975, 44.98684692, -145.62042236, 25.86056709, -121.79828644, 0.32687455, 0.39505959, -0.84573108, 0.14771627, 0.28750002, -0.80308002, -2.51141143, 0.00000000, 0.00000000, 0.00000000, 0.00000000
2, 0.3700, 37, -2.51855350, -2.44245553, -0.14939922, -106.28162384, -190.89254761, 375.86828613, -17.88950539, 3.04004669, 45.39608383, -147.90708923, 22.58064842, -124.68546295, 0.29247892, 0.38952976, -0.85987645, 0.15275863, 0.67036074, -0.73365855, -2.51022029, 0.00000000, 0.00000000, 0.00000000, 0.00000000
2, 0.3800, 38, -2.73280048, -2.13207364, -0.11120315, -79.06753540, -192.67903137, 376.48022461, -19.11721611, 4.50160789, 46.47763824, -149.70989990, 19.10038757, -127.21450043, 0.25798437, 0.38430741, -0.87194049, 0.15959854, 0.96467555, -0.60859638, -2.43022490, 0.00000000, 0.00000000, 0.00000000, 0.00000000
5, 0.3999, 40, 0.90564853, -1.75612319, -2.83486295, 27.43202972, -383.82324219, 80.17609406, -33.35282135, 17.45103836, -122.18649292, 67.75385284, 18.26426697, 20.10697365, 0.82257068, -0.51889253, -0.22581744, -0.05598605, -0.92863119, 2.31798172, 0.10476612, 0.00000000, 0.00000000, 0.00000000, 0.00000000
2, 0.3900, 39, -3.21261764, -1.43033898, -0.05057698, -51.56066895, -201.15180969, 377.60440063, -19.11721611, 4.50160789, 47.52996063, -151.04556274, 15.43304157, -129.48071289, 0.22328974, 0.37907237, -0.88206071, 0.16856706, 1.68155050, -0.28126943, -2.30742335, 0.00000000, 0.00000000, 0.00000000, 0.00000000
4, 0.3200, 32, 0.96539706, 1.73743987, -1.39104652, 125.45648956, 46.70637512, 54.66513824, -20.31569672, -12.39403629, -91.84449005, 11.59751606, 14.79337215, 51.02991486, 1.00000000, 0.00000000, 0.00000000, 0.00000000, -0.64479059, 0.61652619, 1.15688252, 101.50400543, -14.89014626, 40.43999863, 0.00000000
4, 0.3300, 33, 1.07263815, 1.70588744, -1.45690763, 146.35571289, 36.21454239, 59.74816895, -19.58491707, -12.07249355, -92.19526672, 14.91557884, 17.26018143, 50.64332199, 1.00000000, 0.00000000, 0.00000000, 0.00000000, -0.73297054, 0.66019070, 1.16196537, 101.50400543, -14.89014626, 40.43999863, 0.00000000
4, 0.3400, 34, 1.22425961, 1.68506241, -1.58864963, 170.11131287, 24.79459953, 70.42398834, -19.55568504, -13.12481689, -92.01987457, 16.65475464, 17.99998856, 50.77429962, 1.00000000, 0.00000000, 0.00000000, 0.00000000, -0.84970957, 0.74542773, 1.20911968, 101.50400543, -14.89014626, 40.43999863, 0.00000000
2, 0.4000, 40, -3.56809068, -1.02597260, -0.11298009, -28.98783112, -215.59852600, 360.36001587, -21.39725113, 8.18474102, 47.52996063, -154.89575195, 4.44987726, -133.91778564, 0.11986805, 0.37398478, -0.90085465, 0.18500811, 2.05249453, -0.02184682, -2.31523108, 0.00000000, 0.00000000, 0.00000000, 0.00000000
2, 0.4100, 41, -3.93741989, -1.23632956, 0.00170462, -18.32219505, -228.86593628, 297.32684326, -22.71265602, 11.04940033, 48.99152374, -154.93159485, 1.18979466, -135.78575134, 0.09106008, 0.36526293, -0.90519971, 0.19724254, 2.07802296, -0.26422542, -2.61757612, 0.00000000, 0.00000000, 0.00000000, 0.00000000
2, 0.4200, 42, -4.33425713, -1.17497170, -0.41853118, -71.79112244, -246.64039612, 176.67921448, -23.03420067, 13.62174797, 50.77462769, -154.67445374, -0.84065831, -138.13690186, 0.07162699, 0.35005611, -0.91069096, 0.20729797, 2.18350744, 0.12235717, -3.02814102, 0.00000000, 0.00000000, 0.00000000, 0.00000000
2, 0.4300, 43, -3.92577481, -0.88864040, -0.47736478, -183.04266357, -316.71813965, 36.76041412, -23.41420555, 14.17714119, 52.29465103, -154.15281677, -1.40086305, -141.74296570, 0.06202571, 0.32194719, -0.91988873, 0.21519169, 2.02291918, 0.33669999, -2.59645987, 0.00000000, 0.00000000, 0.00000000, 0.00000000
5, 0.4099, 41, 0.63603985, -1.83661294, -2.71905661, 53.08216858, -432.77429199, 67.27332306, -33.35282135, 17.45103836, -122.18649292, 71.99703217, 17.09698868, 20.07024956, 0.80302882, -0.55138659, -0.21970104, -0.05337682, -0.94978994, 2.19512486, -0.12423014, 0.00000000, 0.00000000, 0.00000000, 0.00000000
5, 0.4199, 42, 0.26383498, -1.81324816, -2.60711193, 73.46005249, -472.32101440, 47.37096405, -36.56825638, 17.77258110, -120.75416565, 76.50996399, 15.92390347, 19.62822151, 0.78093135, -0.58567977, -0.21169947, -0.04805109, -0.83952796, 2.05322528, -0.40465057, 0.00000000, 0.00000000, 0.00000000, 0.00000000
5, 0.4299, 43, 0.00004256, -1.71965683, -2.34397006, 94.88493347, -508.63153076, 14.82599354, -39.34521866, 17.18795586, -119.20491028, 81.22085571, 14.81116295, 18.65862465, 0.75646353, -0.62108266, -0.20119292, -0.03925094, -0.74021816, 1.75235879, -0.56675094, 0.00000000, 0.00000000, 0.00000000, 0.00000000
2, 0.4400, 44, -3.35062671, 0.08753619, -0.48991948, -295.83978271, -393.16210938, -119.99517822, -23.41420555, 14.17714119, 52.29465103, -153.34712219, -0.30834705, -146.63410950, 0.06366235, 0.27993870, -0.93193245, 0.22154790, 2.19871807, 0.89952201, -1.62648749, 0.00000000, 0.00000000, 0.00000000, 0.00000000
2, 0.4500, 45, -3.77023864, 1.54478157, -0.17841727, -289.79772949, -340.53402710, -353.88397217, -22.59573174, 13.00789261, 54.83776474, -157.10366821, -7.51501989, -148.62814331, -0.00829097, 0.27693865, -0.93805856, 0.20804472, 3.47699738, 1.44534349, -0.95242774, 0.00000000, 0.00000000, 0.00000000, 0.00000000
2, 0.4600, 46, -3.87744689, 1.71749043, -0.46702588, -314.53280640, -291.32974243, -579.42413330, -20.31569672, 10.11400127, 56.38702011, -154.92628479, -2.06689572, -153.00238037, 0.03354133, 0.23162976, -0.94812155, 0.21514682, 3.48281741, 1.75050306, -1.02611542, 0.00000000, 0.00000000, 0.00000000, 0.00000000
4, 0.3500, 35, 1.35873461, 1.74226916, -1.76641083, 197.90585327, 16.45972824, 94.81967926, -19.20491028, -14.35252857, -92.80912018, 18.75384903, 18.88905716, 51.14290619, 1.00000000, 0.00000000, 0.00000000, 0.00000000, -0.96683168, 0.86798072, 1.33538306, 101.50400543, -14.89014626, 40.43999863, 0.00000000
5, 0.4399, 44, -0.34195337, -1.58288693, -2.01708579, 112.36922455, -541.66516113, -39.70863342, -41.82987213, 16.54487038, -117.27565002, 90.21882629, 14.69420242, 17.70932198, 0.70556432, -0.68037254, -0.19733249, -0.01822642, -0.58320761, 1.38598132, -0.77052569, 0.00000000, 0.00000000, 0.00000000, 0.00000000
5, 0.4499, 45, -0.27981430, -1.45456886, -2.05951953, 117.15164185, -579.91119385, -105.93075562, -44.13914108, 15.58023930, -114.20636749, 94.98493958, 13.96491528, 15.11164379, 0.67663658, -0.71456677, -0.17764246, 0.00064993, -0.48292127, 1.39124334, -0.52974612, 0.00000000, 0.00000000, 0.00000000, 0.00000000
5, 0.4599, 46, 0.09691765, -0.90793872, -1.87164688, 115.69348907, -593.25695801, -165.43344116, -44.13914108, 15.58023930, -114.20636749, 99.59577179, 13.51825619, 11.84667492, 0.64685416, -0.74657410, -0.15383691, 0.02326295, -0.18021901, 1.07738996, 0.07577544, 0.00000000, 0.00000000, 0.00000000, 0.00000000
5, 0.4699, 47, -0.07965939, -0.24935818, -1.37059557, 111.14613342, -525.80444336, -243.05583191, -45.80532074, 14.49868488, -111.54633331, 103.27831268, 13.67890263, 8.02705860, 0.62122047, -0.77145547, -0.12821740, 0.05002090, 0.35924140, 0.43856227, 0.16505855, 0.00000000, 0.00000000, 0.00000000, 0.00000000
2, 0.4700, 47, -1.91382849, 1.54678869, -0.46885145, -391.35525513, -417.63265991, -774.71429443, -17.97719955, 3.47851491, 57.23472595, -152.31698608, 5.30416679, -158.55628967, 0.08860353, 0.16956948, -0.95504761, 0.22645053, 2.11814857, 1.69679976, 0.25276253, 0.00000000, 0.00000000, 0.00000000, 0.00000000
2, 0.4800, 48, 0.23801228, 3.54787016, -1.96008921, -548.55877686, -640.30853271, -912.58026123, -11.75094986, -2.74773455, 58.19935608, -150.14859009, 14.24544144, -166.55003357, 0.14891647, 0.08056288, -0.95594674, 0.23979019, 1.34471202, 4.07528877, 2.33834982, 0.00000000, 0.00000000, 0.00000000, 0.00000000
5, 0.4799, 48, -0.06432921, -0.14219275, -0.53891331, 83.79333496, -423.69616699, -332.46105957, -46.59456253, 13.56328583, -108.30166626, 105.56781006, 14.36508656, 3.65209317, 0.60294509, -0.78729981, -0.10076016, 0.08039752, 0.26440617, -0.38027596, 0.18736327, 0.00000000, 0.00000000, 0.00000000, 0.00000000
2, 0.4900, 49, 3.55488110, 3.11586094, -5.00716066, -703.66156006, -897.14331055, -1288.61840820, -11.75094986, -2.74773455, 58.19935608, -148.56079102, 27.02013397, -177.42935181, 0.23073137, -0.04228237, -0.93714714, 0.25832257, -2.25897360, 6.37220478, 3.19136000, 0.00000000, 0.00000000, 0.00000000, 0.00000000
2, 0.5000, 50, 5.82330799, 5.23385572, -0.46697289, -1167.30871582, -1490.79638672, -1628.15979004, -2.57234716, -9.82168961, 57.26395798, -145.79776001, 49.75947952, 144.39106750, 0.30128509, -0.38291797, -0.78772628, 0.37694621, -0.56429482, 3.68884516, 7.68836021, 0.00000000, 0.00000000, 0.00000000, 0.00000000
5, 0.4899, 49, 0.10619955, -0.41694817, 0.44901258, 40.02375031, -306.52548218, -414.53326416, -45.77608871, 10.84478188, -106.34317017, 111.69806671, 26.36710167, 1.54423475, 0.54907405, -0.80395186, -0.13887998, 0.18136032, -0.21653672, -1.23460186, 0.19551066, 0.00000000, 0.00000000, 0.00000000, 0.00000000
4, 0.3600, 36, 1.39918339, 1.66911507, -1.97178018, 223.54080200, 1.94085383, 127.15815735, -19.20491028, -17.94796753, -92.92604065, 21.24340439, 19.93393135, 51.87318802, 1.00000000, 0.00000000, 0.00000000, 0.00000000, -0.99110550, 1.05117559, 1.34683633, 101.50400543, -14.89014626, 40.43999863, 0.00000000
5, 0.4999, 50, -0.04474078, -0.86825562, 0.62512016, -16.81032944, -183.87455750, -482.81344604, -42.79450226, 8.65244102, -106.02162933, 109.63957977, 27.85186958, -3.99387169, 0.55202180, -0.79767013, -0.11093228, 0.21607493, -0.45444763, -1.21890855, -0.09138694, 0.00000000, 0.00000000, 0.00000000, 0.00000000
5, 0.5099, 51, 0.25379482, -1.01452982, 0.23872039, -89.78168488, -80.14643860, -559.47137451, -42.79450226, 8.65244102, -106.02162933, 105.72811890, 28.98685837, -10.28683186, 0.56425631, -0.78227240, -0.08128679, 0.25111178, -0.58450943, -0.81428111, 0.12029605, 0.00000000, 0.00000000, 0.00000000, 0.00000000
2, 0.5100, 51, -6.14451456, 8.00257111, 3.29990196, -1610.07629395, -1493.76464844, -2195.63647461, 14.44022179, -16.16486359, 49.16690826, 176.98196411, 68.82067108, 94.86305237, 0.43074328, -0.54694271, -0.61745238, 0.36615089, 11.23916149, 1.82762408, 2.02999306, 0.00000000, 0.00000000, 0.00000000, 0.00000000
2, 0.5200, 52, -5.85056257, 8.07439518, -1.88076973, -1627.49035645, -222.93986511, -2258.00488281, 32.00818253, -13.47559166, 36.30517197, 99.62016296, 67.58826447, 14.01914406, 0.58413440, -0.58629274, -0.43372574, 0.35627225, 9.08807278, 5.78899193, 0.01851189, 0.00000000, 0.00000000, 0.00000000, 0.00000000
5, 0.5199, 52, 1.62762916, -0.62531984, 0.37286630, -142.13768005, 44.48355865, -698.93481445, -40.13446426, 7.01549244, -105.93393707, 99.43716431, 29.92447662, -17.87733269, 0.58643317, -0.75399899, -0.05038360, 0.29162145, -0.74743962, -1.05401409, 1.44347811, 0.00000000, 0.00000000, 0.00000000, 0.00000000
5, 0.5299, 53, 4.50097179, 1.31568801, -0.15065812, -164.18820190, 136.03506470, -801.66351318, -34.60976410, 5.17392588, -106.81087494, 91.43154907, 30.31941795, -26.45372200, 0.61320764, -0.71442044, -0.01964811, 0.33644292, 0.09307852, -1.04550934, 4.73836899, 0.00000000, 0.00000000, 0.00000000, 0.00000000
4, 0.3700, 37, 1.47181034, 1.50706840, -1.97458017, 236.28208923, -35.42205811, 161.65971375, -19.20491028, -17.94796753, -92.92604065, 24.09611893, 20.96868515, 53.19702911, 1.00000000, 0.00000000, 0.00000000, 0.00000000, -1.05160666, 1.06359518, 1.21792698, 101.50400543, -14.89014626, 40.43999863, 0.00000000
4, 0.3800, 38, 1.77830184, 1.47057700, -1.67813098, 238.48855591, -67.13881683, 203.19123840, -19.32183456, -18.29874229, -93.27681732, 27.28736877, 25.31221390, 52.50105667, 1.00000000, 0.00000000, 0.00000000, 0.00000000, -1.33205128, 0.75184405, 1.13594627, 101.50400543, -14.89014626, 40.43999863, 0.00000000
4, 0.3900, 39, 1.77618039, 1.40588987, -1.40112829, 244.25320435, -54.46084976, 223.47064209, -18.91259766, -21.13417053, -93.83221436, 30.70280457, 26.49511337, 54.64089203, 1.00000000, 0.00000000, 0.00000000, 0.00000000, -1.27740407, 0.47181246, 1.03814077, 101.50400543, -14.89014626, 40.43999863, 0.00000000
5, 0.5399, 54, 7.72787428, 7.44767857, -0.20169726, -102.69503784, 281.58425903, -547.19726562, -29.11429405, 3.53697753, -108.44782257, 70.52648926, 26.29752922, -46.87944794, 0.67724741, -0.58968878, 0.05322123, 0.43677300, 4.45475388, -2.53192258, 9.73163414, 0.00000000, 0.00000000, 0.00000000, 0.00000000
2, 0.5300, 53, 5.78637695, 8.01191711, -1.95082176, -1047.86279297, 500.90628052, -1788.35644531, 44.19760132, 3.33235884, 34.96053696, 67.10855865, 53.53808212, -19.15560341, 0.69225788, -0.54906350, -0.28800020, 0.36927530, 0.75490993, 5.57012606, 7.90400887, 0.00000000, 0.00000000, 0.00000000, 0.00000000
2, 0.5400, 54, 8.01711559, 3.38996387, 4.26610279, -492.13943481, -201.00099182, -850.61572266, 44.19760132, 3.33235884, 34.96053696, 65.57430267, 43.80214691, -22.50057411, 0.72561944, -0.55396116, -0.20953207, 0.35028535, -1.21852362, -2.28874111, 9.06031322, 0.00000000, 0.00000000, 0.00000000, 0.00000000
5, 0.5499, 55, 6.58888435, 5.83454132, 3.24455309, 145.43536377, 57.97557449, -432.65249634, -25.34346581, 2.92312193, -108.56474304, 67.28726959, 26.64516640, -51.87948227, 0.67263788, -0.56871611, 0.06331391, 0.46916059, 2.56158090, -5.43748856, 7.56336451, 0.00000000, 0.00000000, 0.00000000, 0.00000000
5, 0.5599, 56, -0.82978696, 2.26211596, 5.86970806, 106.17041779, -51.84737015, -298.64520264, -25.34346581, 2.92312193, -107.71704102, 65.84068298, 26.43326569, -55.45761871, 0.66553164, -0.55761629, 0.07629193, 0.49021563, 1.41441178, -7.06882286, -0.87374711, 0.00000000, 0.00000000, 0.00000000, 0.00000000
5, 0.5699, 57, -8.04129696, 7.30951738, 3.09031892, 299.23999023, 44.40579605, -253.52125549, -23.67728615, 3.42005253, -107.71704102, 64.15171814, 28.32315445, -59.35815430, 0.64948142, -0.55000144, 0.07483689, 0.51968426, 9.24549961, -5.63094234, -5.58731842, 0.00000000, 0.00000000, 0.00000000, 0.00000000
4, 0.4000, 40, 1.65486026, 1.30331993, -1.33823717, 265.41412354, -43.87529755, 241.63624573, -19.43876076, -24.23267937, -93.65682220, 34.44929504, 27.75690079, 56.95518494, 1.00000000, 0.00000000, 0.00000000, 0.00000000, -1.14062309, 0.39970341, 0.95489979, 101.50400543, -14.89014626, 40.43999863, 0.00000000
4, 0.4100, 41, 1.55984783, 1.19568038, -1.15341783, 282.82543945, -41.52534103, 260.95343018, -19.90645981, -27.33119011, -94.56299591, 38.54740906, 29.01029587, 59.54634094, 1.00000000, 0.00000000, 0.00000000, 0.00000000, -1.03163207, 0.21149266, 0.83711004, 101.50400543, -14.89014626, 40.43999863, 0.00000000
4, 0.4200, 42, 1.26234829, 1.17867291, -0.85166103, 284.54919434, -27.22674179, 282.95455933, -19.90645981, -27.33119011, -94.56299591, 42.83964539, 30.33132362, 62.39681244, 1.00000000, 0.00000000, 0.00000000, 0.00000000, -0.71813899, -0.11408053, 0.76928037, 101.50400543, -14.89014626, 40.43999863, 0.00000000
4, 0.4300, 43, 0.85154903, 1.28875756, -0.54040474, 282.79019165, -19.16061401, 307.08044434, -20.40339088, -30.31277466, -93.68605804, 38.30231476, 30.95407295, 52.78668213, 1.00000000, 0.00000000, 0.00000000, 0.00000000, -0.28987464, -0.46071464, 0.79709625, 101.50400543, -14.89014626, 40.43999863, 0.00000000
5, 0.5799, 58, -3.35064483, -0.14653409, 3.63301182, 340.60729980, 393.51644897, -99.17345428, -21.28032684, 1.28617358, -105.46623993, 60.37139511, 32.46522903, -61.80797577, 0.63992572, -0.53832448, 0.04061803, 0.54685658, 0.74620724, -4.23756838, -3.90625954, 0.00000000, 0.00000000, 0.00000000, 0.00000000
2, 0.5500, 55, 7.78195858, 0.20413895, 6.44465828, -132.58013916, -269.29656982, 79.47289276, 46.27301788, 13.73867321, 32.06664658, 52.87433624, 48.11430359, -22.36824989, 0.76691574, -0.46962318, -0.27923071, 0.33663720, -2.11699247, -5.89334774, 7.85097885, 0.00000000, 0.00000000, 0.00000000, 0.00000000
4, 0.4400, 44, 0.28254578, 1.54777062, -0.35476276, 276.00350952, -9.70682907, 329.00137329, -20.95878410, -33.79129028, -93.01374054, 42.81846237, 32.67117691, 56.05091858, 1.00000000, 0.00000000, 0.00000000, 0.00000000, 0.30076671, -0.68480456, 0.95262504, 101.50400543, -14.89014626, 40.43999863, 0.00000000
2, 0.5600, 56, 3.44666576, -1.49644840, 5.25892973, 13.62022877, 43.79558945, 792.69512939, 44.78222656, 14.41099072, 30.48816109, 53.35997009, 54.66871643, -17.51546669, 0.75311285, -0.45669094, -0.34477776, 0.32462719, -0.44793934, -5.70134544, 3.25887990, 0.00000000, 0.00000000, 0.00000000, 0.00000000
4, 0.4500, 45, -0.10099611, 1.86575115, -0.20272836, 289.38052368, -29.73594856, 339.63815308, -21.86495209, -36.97749329, -91.96141052, 47.78910065, 34.02753830, 59.74515915, 1.00000000, 0.00000000, 0.00000000, 0.00000000, 0.71540779, -0.96614897, 1.25587606, 101.50400543, -14.89014626, 40.43999863, 0.00000000
4, 0.4600, 46, 0.00380957, 2.03765464, -0.01891990, 311.86019897, -121.03846741, 327.73379517, -21.86495209, -36.97749329, -91.96141052, 53.30166626, 34.20995712, 63.87567139, 1.00000000, 0.00000000, 0.00000000, 0.00000000, 0.62423885, -1.23943400, 1.43039834, 101.50400543, -14.89014626, 40.43999863, 0.00000000
4, 0.4700, 47, 0.53844154, 2.01299310, 0.31367379, 305.82629395, -240.56619263, 273.55883789, -23.26804924, -40.39754486, -91.75679779, 58.61533737, 32.76837158, 67.76458740, 1.00000000, 0.00000000, 0.00000000, 0.00000000, 0.07350877, -1.60224688, 1.38360429, 101.50400543, -14.89014626, 40.43999863, 0.00000000
4, 0.4800, 48, 1.50575674, 1.69562960, 0.66785312, 318.33700562, -305.10397339, 233.44343567, -26.36655998, -43.32066727, -91.66909790, 53.25015259, 38.21452713, 64.86421967, 1.00000000, 0.00000000, 0.00000000, 0.00000000, -0.90981823, -1.86405945, 1.03977609, 101.50400543, -14.89014626, 40.43999863, 0.00000000
5, 0.5899, 59, 3.90434837, -3.82869673, 2.70358467, 72.30020905, 501.17843628, 105.18601990, -20.14031029, 1.84156680, -102.95235443, 50.81412888, 45.13623428, -53.50452423, 0.67071128, -0.50982851, -0.13121746, 0.52249712, -4.90261555, -2.31815839, 1.60974669, 0.00000000, 0.00000000, 0.00000000, 0.00000000
2, 0.5700, 57, -1.96065938, -1.56369185, 3.80337834, -131.00604248, 180.98913574, 1025.17602539, 43.40835953, 8.41859055, 32.21280289, 53.23906326, 62.48059082, -10.61194611, 0.73960692, -0.42432904, -0.42624149, 0.30206758, 2.81641841, -4.43535566, -1.12796485, 0.00000000, 0.00000000, 0.00000000, 0.00000000
2, 0.5800, 58, -6.12412024, -1.45611632, 3.85997963, -523.02343750, 231.95881653, 690.23876953, 42.12218475, 4.12160206, 31.21894073, 52.53202820, 65.41970825, -2.78328800, 0.74851042, -0.38401955, -0.47540355, 0.25739607, 5.87185240, -4.35854053, -3.95720339, 0.00000000, 0.00000000, 0.00000000, 0.00000000
4, 0.4900, 49, 2.30193448, 1.55535102, 1.11366415, 337.11584473, -347.87045288, 237.40678406, -28.88044357, -45.74685669, -90.61677551, 59.15263367, 35.63394547, 68.85134125, 1.00000000, 0.00000000, 0.00000000, 0.00000000, -1.66517043, -2.20216608, 0.78679782, 101.50400543, -14.89014626, 40.43999863, 0.00000000
4, 0.5000, 50, 3.37986326, 1.46821618, 1.72678542, 345.60903931, -368.66543579, 289.28054810, -32.53434753, -48.58228683, -90.11985016, 65.09385681, 32.62864304, 73.02709198, 1.00000000, 0.00000000, 0.00000000, 0.00000000, -2.79341626, -2.82854271, 0.61355627, 101.50400543, -14.89014626, 40.43999863, 0.00000000
4, 0.5100, 51, 3.53928089, 1.68406832, 2.07104492, 347.33154297, -222.88610840, 379.95605469, -32.53434753, -48.58228683, -90.11985016, 71.08829498, 30.79975510, 77.64009857, 1.00000000, 0.00000000, 0.00000000, 0.00000000, -2.98436403, -3.27820301, 0.79212260, 101.50400543, -14.89014626, 40.43999863, 0.00000000
4, 0.5200, 52, 1.09960389, 1.66681695, 1.10925806, 335.03933716, -155.51751709, 365.48397827, -35.60362244, -50.80385971, -88.33674622, 76.60249329, 29.27277946, 81.77600861, 1.00000000, 0.00000000, 0.00000000, 0.00000000, -0.55779099, -2.39447641, 1.06108236, 101.50400543, -14.89014626, 40.43999863, 0.00000000
4, 0.5300, 53, -0.63724530, 1.90803194, 2.21014285, 310.99221802, -240.44433594, 314.43911743, -38.35136032, -52.41157532, -85.06284332, 74.73062897, 27.20354080, 77.93126678, 1.00000000, 0.00000000, 0.00000000, 0.00000000, 1.14140320, -3.54695320, 0.94881457, 101.50400543, -14.89014626, 40.43999863, 0.00000000
4, 0.5400, 54, -2.46498489, 2.11544871, 3.92385745, 186.23136902, -135.38137817, 367.30255127, -41.94680023, -53.72697830, -83.95205688, 78.42902374, 25.64299965, 81.89925385, 1.00000000, 0.00000000, 0.00000000, 0.00000000, 2.93167019, -5.25388765, 0.55324888, 101.50400543, -14.89014626, 40.43999863, 0.00000000
5, 0.5999, 60, 1.73543024, -0.94716501, 1.74592638, -203.29530334, 113.79003143, 457.25585938, -21.36802101, 1.72464192, -103.74159241, 55.18820953, 46.47144318, -46.46107101, 0.67626375, -0.52903461, -0.15340883, 0.48913753, -1.17163920, -2.00582504, 0.70908308, 0.00000000, 0.00000000, 0.00000000, 0.00000000
2, 0.5900, 59, -5.13643789, -1.88059616, 3.56120563, -1077.29248047, 256.91937256, 213.70785522, 42.12218475, 4.12160206, 31.21894073, 49.98668671, 61.49112320, 5.45030308, 0.78835374, -0.34068626, -0.48009437, 0.17871958, 4.79732084, -4.35333967, -3.64591217, 0.00000000, 0.00000000, 0.00000000, 0.00000000
4, 0.5500, 55, -3.92247081, 1.82593095, 4.00344849, 33.13013840, 129.13441467, 341.77819824, -44.48991394, -54.72084045, -83.92282867, 80.47209930, 26.51292610, 85.85272980, 1.00000000, 0.00000000, 0.00000000, 0.00000000, 4.37478828, -5.25296593, 0.24637932, 101.50400543, -14.89014626, 40.43999863, 0.00000000
2, 0.6000, 60, -1.72991014, -0.58147007, 1.79146159, -1367.43200684, 97.80504608, -29.51548767, 42.03449249, 5.26161957, 28.85121346, 52.01672363, 54.42712402, 34.05334473, 0.82293469, -0.25252423, -0.50717002, -0.04229209, 2.41696048, -2.22951007, -1.22213042, 0.00000000, 0.00000000, 0.00000000, 0.00000000
4, 0.5600, 56, -4.02354097, 2.38693380, 2.35787892, -194.14190674, 430.62167358, 155.07192993, -44.48991394, -54.72084045, -83.92282867, 79.54557800, 30.50342751, 88.26168823, 1.00000000, 0.00000000, 0.00000000, 0.00000000, 4.55781460, -3.82865000, 1.28020525, 101.50400543, -14.89014626, 40.43999863, 0.00000000
4, 0.5700, 57, -4.03930712, 1.45364308, -3.74127340, 108.15106201, 116.74724579, 47.27694702, -44.13914108, -53.49312973, -84.62437439, 80.96401978, 31.63361931, 88.97280884, 1.00000000, 0.00000000, 0.00000000, 0.00000000, 4.64223289, 2.28979349, 2.22781539, 101.50400543, -14.89014626, 40.43999863, 0.00000000
4, 0.5800, 58, -2.30694532, 0.13788591, -2.16278577, 226.09347534, 167.09317017, 195.92144775, -44.43145370, -54.10698700, -82.95819855, 84.06346893, 21.91563034, 81.66277313, 1.00000000, 0.00000000, 0.00000000, 0.00000000, 2.82462931, 1.16051531, 0.60229796, 101.50400543, -14.89014626, 40.43999863, 0.00000000
2, 0.6100, 61, 0.33505198, 1.21361911, -0.09671446, -1291.68530273, -35.09859085, -26.39259720, 41.65448761, 12.89096737, 26.27886581, 50.45426941, 47.01147461, 43.38387299, 0.83364481, -0.22980547, -0.47971228, -0.14866732, 1.20543325, 0.25022551, 0.50290990, 0.00000000, 0.00000000, 0.00000000, 0.00000000
5, 0.6099, 61, -1.14652002, 0.94387007, 1.56799471, -251.58900452, -75.91581726, 459.92120361, -25.13884735, 2.83542824, -105.84624481, 61.50585938, 46.12939072, -38.90759659, 0.67882633, -0.55573368, -0.16077282, 0.45222455, 1.62353110, -2.34823513, -1.23238766, 0.00000000, 0.00000000, 0.00000000, 0.00000000
5, 0.6199, 62, -2.78624296, -0.10953809, 0.88396895, -197.37899780, -30.41570282, 310.32730103, -25.13884735, 2.83542824, -105.84624481, 65.50765228, 45.43866348, -33.72451019, 0.68178242, -0.57181215, -0.16608407, 0.42499369, 1.42032313, -1.45653081, -3.01989937, 0.00000000, 0.00000000, 0.00000000, 0.00000000
2, 0.6200, 62, 0.80639648, 1.95266879, -1.26040721, -999.30151367, -69.68530273, 154.99557495, 40.95293808, 19.46799088, 24.75884247, 48.90174484, 42.82534409, 51.45337296, 0.82907015, -0.20288336, -0.46666643, -0.23174053, 0.78676140, 1.58574629, 0.75756168, 0.00000000, 0.00000000, 0.00000000, 0.00000000
4, 0.5900, 59, 0.13335618, -0.95365840, -0.22740170, 127.66685486, 213.20663452, 164.62390137, -45.30838776, -54.57468414, -82.40280151, 86.15658569, 23.67722511, 83.90909576, 1.00000000, 0.00000000, 0.00000000, 0.00000000, 0.22990364, -0.41336119, -0.90875626, 101.50400543, -14.89014626, 40.43999863, 0.00000000
4, 0.6000, 60, 2.32201838, -2.44181204, 1.33218861, -4.65008354, 133.24957275, 25.95535851, -45.30838776, -54.57468414, -82.40280151, 86.32566833, 24.90564919, 84.53748322, 1.00000000, 0.00000000, 0.00000000, 0.00000000, -1.99725604, -1.44354510, -2.70612526, 101.50400543, -14.89014626, 40.43999863, 0.00000000
4, 0.6100, 61, 3.87456656, -3.03432608, 1.93183219, -187.41572571, 67.37609863, -110.81417084, -45.30838776, -54.98392105, -82.72434998, 83.98103333, 25.74396515, 83.51356506, 1.00000000, 0.00000000, 0.00000000, 0.00000000, -3.55829787, -1.82786036, -3.42361498, 101.50400543, -14.89014626, 40.43999863, 0.00000000
4, 0.6200, 62, 3.45165730, -0.46771485, 1.00971854, -212.50811768, -63.06879807, 9.10561562, -43.81759644, -54.28237152, -83.92282867, 81.87216187, 25.03865242, 83.50065613, 1.00000000, 0.00000000, 0.00000000, 0.00000000, -3.04519057, -1.71768558, -0.74936110, 101.50400543, -14.89014626, 40.43999863, 0.00000000
4, 0.6300, 63, 1.71689737, 0.55900156, -0.09531257, -199.96542358, -151.21861267, 10.36744881, -43.96375275, -53.49312973, -86.08593750, 81.35318756, 35.75011444, 110.65600586, 1.00000000, 0.00000000, 0.00000000, 0.00000000, -1.24300885, -0.95294827, 0.47890535, 101.50400543, -14.89014626, 40.43999863, 0.00000000
2, 0.6300, 63, -0.29303113, 2.00926852, -1.70921397, -759.65399170, -23.43746185, 304.59252930, 40.57293320, 22.21572685, 25.19731140, 46.89830017, 41.37604523, 58.02981186, 0.81872785, -0.16835037, -0.46399337, -0.29334825, 1.38694870, 1.98526692, -0.20150755, 0.00000000, 0.00000000, 0.00000000, 0.00000000
4, 0.6400, 64, -0.49224275, -0.44057089, 0.28248954, -155.15692139, -96.59011841, 29.80661392, -45.62993240, -52.52849960, -87.16749573, 79.95117950, 34.70174789, 110.85653687, 1.00000000, 0.00000000, 0.00000000, 0.00000000, 1.04881322, -0.94444376, -0.65710163, 101.50400543, -14.89014626, 40.43999863, 0.00000000
2, 0.6400, 64, -1.04233563, 1.60237730, -1.58320951, -644.81585693, 36.64302063, 312.43432617, 40.57293320, 22.21572685, 25.19731140, 44.33189774, 40.79290390, 63.22706985, 0.80814487, -0.13197221, -0.46023205, -0.34303305, 1.71252775, 1.66944945, -0.95177531, 0.00000000, 0.00000000, 0.00000000, 0.00000000
5, 0.6299, 63, -1.98226500, -0.02057057, 0.37481624, -129.66384888, 53.42679214, 222.93948364, -27.50657654, 2.71850324, -106.48932648, 67.69149780, 45.21944809, -30.04244804, 0.68501461, -0.57934093, -0.17513539, 0.40552038, 1.32200921, -1.00661922, -2.16316748, 0.00000000, 0.00000000, 0.00000000, 0.00000000
2, 0.6500, 65, -0.91532701, 1.66447783, -1.39826965, -618.14886475, 97.24136353, 259.18737793, 40.83601379, 24.02806091, 24.99269104, 52.75877762, 26.88345337, 92.45947266, 0.67734230, -0.14856008, -0.45611927, -0.55775666, 1.67643011, 1.52162981, -0.77643186, 0.00000000, 0.00000000, 0.00000000, 0.00000000
2, 0.6600, 66, -0.15232551, 2.01489878, -1.39211857, -574.62982178, 146.54693604, 221.04090881, 41.27447891, 25.51885414, 27.00964546, 48.11476898, 25.70837212, 95.02135468, 0.66820014, -0.11864822, -0.43028578, -0.59521884, 1.19036412, 1.58989263, -0.05143983, 0.00000000, 0.00000000, 0.00000000, 0.00000000
2, 0.6700, 67, 0.54259747, 2.32416701, -1.42661643, -483.05935669, 166.21020508, 219.09707642, 42.18064880, 26.68810272, 28.58813095, 43.70722580, 25.17835617, 96.97151947, 0.66113675, -0.08931166, -0.40610901, -0.62449753, 0.85852289, 1.83354378, 0.55361247, 0.00000000, 0.00000000, 0.00000000, 0.00000000
5, 0.6399, 64, -3.09405184, -0.58676302, 1.35731173, -112.89421082, 287.29196167, 163.92695618, -29.26045036, 3.94621444, -108.03858185, 90.10715485, 47.08344650, 14.21702671, 0.67765272, -0.60895449, -0.36029291, 0.20037553, 0.99303770, -1.82313728, -3.41165400, 0.00000000, 0.00000000, 0.00000000, 0.00000000
4, 0.6500, 65, -1.95119548, -0.65403342, 0.33624130, -198.62149048, -13.51574230, 8.66530514, -45.62993240, -52.52849960, -87.16749573, 78.02780914, 34.49165344, 110.95606995, 1.00000000, 0.00000000, 0.00000000, 0.00000000, 2.49283862, -0.93188918, -0.94905484, 101.50400543, -14.89014626, 40.43999863, 0.00000000
4, 0.6600, 66, -2.12297630, -0.07111785, -0.00598319, -277.27206421, 24.18008423, -11.43223572, -45.65916443, -52.11926270, -88.80444336, 75.19522095, 34.65111542, 110.86327362, 1.00000000, 0.00000000, 0.00000000, 0.00000000, 2.68691683, -0.77280354, -0.33209348, 101.50400543, -14.89014626, 40.43999863, 0.00000000
2, 0.6800, 68, 0.40545043, 2.22725821, -1.33636785, -383.06704712, 164.75477600, 250.35299683, 42.18064880, 26.68810272, 28.58813095, 39.69344711, 25.52722359, 98.47417450, 0.65578496, -0.05879907, -0.38647640, -0.64585203, 0.93354040, 1.75237429, 0.38990486, 0.00000000, 0.00000000, 0.00000000, 0.00000000
4, 0.6700, 67, -1.72499645, 0.53383619, -0.07639343, -252.65469360, 55.71033859, 3.53422213, -45.48377609, -52.38234329, -90.03215027, 72.70310974, 35.12659073, 110.95116425, 1.00000000, 0.00000000, 0.00000000, 0.00000000, 2.31445360, -0.87416697, 0.24249145, 101.50400543, -14.89014626, 40.43999863, 0.00000000
4, 0.6800, 68, -1.35658801, 0.53941458, 0.08033601, -190.76242065, 57.01590347, 0.62349463, -45.51300812, -48.75767136, -91.52294922, 66.55725098, 22.03181839, 63.04602814, 1.00000000, 0.00000000, 0.00000000, 0.00000000, 1.90016472, -1.03223705, 0.16052552, 101.50400543, -14.89014626, 40.43999863, 0.00000000
4, 0.6900, 69, -0.75788432, 0.06602178, 0.04357442, -128.21028137, 75.34683228, -14.29243469, -44.37298965, -48.14381790, -93.01374054, 65.16299438, 22.72384262, 62.81656647, 1.00000000, 0.00000000, 0.00000000, 0.00000000, 1.14089251, -0.90342474, -0.35659170, 101.50400543, -14.89014626, 40.43999863, 0.00000000
2, 0.6900, 69, -0.10143664, 1.88525689, -1.00325334, -303.47006226, 196.01060486, 264.64932251, 43.72990417, 26.45425224, 30.40046692, 35.67834473, 26.41732788, 99.21245575, 0.65387213, -0.02761276, -0.36809912, -0.66044819, 1.23047721, 1.33752823, -0.07596658, 0.00000000, 0.00000000, 0.00000000, 0.00000000
5, 0.6499, 65, -4.09730864, -0.75988019, 1.99332583, -167.78997803, 446.12677002, 112.71372986, -28.67582512, 3.04004669, -109.67552948, 88.11590576, 47.01150894, 17.46504021, 0.69347286, -0.58677489, -0.38011348, 0.17408191, 1.06554580, -2.41988516, -4.27873516, 0.00000000, 0.00000000, 0.00000000, 0.00000000
4, 0.7000, 70, -0.33900923, -0.11527838, -0.07405187, -93.43691254, 101.22946930, -31.37050056, -44.37298965, -48.14381790, -93.01374054, 64.00669098, 23.65450859, 62.34174728, 1.00000000, 0.00000000, 0.00000000, 0.00000000, 0.73129487, -0.72328377, -0.49515912, 101.50400543, -14.89014626, 40.43999863, 0.00000000
4, 0.7100, 71, -0.18056777, 0.06543648, -0.26443729, -99.99279785, 129.78248596, -32.66265106, -43.70067215, -48.31920624, -92.92604065, 62.73189926, 24.85390472, 61.77907562, 1.00000000, 0.00000000, 0.00000000, 0.00000000, 0.59783602, -0.58073890, -0.27440831, 101.50400543, -14.89014626, 40.43999863, 0.00000000
4, 0.7200, 72, -0.08989698, 0.35637873, -0.38682070, -115.63912964, 194.06002808, -24.43476868, -42.96989059, -47.55919266, -94.24144745, 61.23414230, 26.68246078, 61.13922501, 1.00000000, 0.00000000, 0.00000000, 0.00000000, 0.54218191, -0.53116059, 0.02835988, 101.50400543, -14.89014626, 40.43999863, 0.00000000
5, 0.6599, 66, -1.27251923, 0.22042796, 2.07723045, -222.02972412, 532.85424805, 86.76364136, -27.91581345, 4.82315111, -111.86787415, 85.05180359, 46.86341095, 20.67379570, 0.71345216, -0.55753177, -0.39958757, 0.14308821, 0.90454233, -2.74745274, -1.34251821, 0.00000000, 0.00000000, 0.00000000, 0.00000000
5, 0.6699, 67, 1.10021341, 1.18923974, 0.70971346, -258.11975098, 502.31393433, 105.56349945, -27.91581345, 4.82315111, -111.86787415, 82.32723236, 46.38245392, 24.10395622, 0.73086995, -0.52978760, -0.41626051, 0.10900204, 1.23450208, -1.66776371, 1.29763079, 0.00000000, 0.00000000, 0.00000000, 0.00000000
5, 0.6799, 68, 1.36283803, 1.09888148, -0.77776092, -227.64219666, 310.55569458, 68.60223389, -26.39579010, 5.87547493, -113.32943726, 80.50807190, 45.51451492, 26.39420509, 0.74225426, -0.51273763, -0.42346415, 0.08268523, 1.39645755, -0.21155447, 1.61941099, 0.00000000, 0.00000000, 0.00000000, 0.00000000
2, 0.7000, 70, -0.13523534, 1.40821922, -0.67624414, -252.11347961, 243.51669312, 241.86480713, 44.28529739, 25.75270271, 32.41742325, 38.57816315, 18.26947212, 103.46741486, 0.61831295, -0.08433821, -0.34887114, -0.69918889, 1.07878125, 0.82557982, -0.27899352, 0.00000000, 0.00000000, 0.00000000, 0.00000000
5, 0.6899, 69, 0.13433592, -0.05402592, -0.76452726, -156.86271667, 124.96806335, 14.55513763, -25.98655319, 7.45396090, -114.64483643, 85.94101715, 35.30558395, 40.00585175, 0.72589421, -0.53444201, -0.43068442, -0.04427579, 0.75671142, 0.02827340, 0.06918823, 0.00000000, 0.00000000, 0.00000000, 0.00000000
4, 0.7300, 73, 0.77127671, 0.36833012, -0.42822802, -128.70268250, 306.92474365, -20.22607803, -41.33294296, -47.93919754, -94.47529602, 56.54373550, 35.19701767, 68.93425751, 1.00000000, 0.00000000, 0.00000000, 0.00000000, -0.25789478, -0.44818759, 0.06580539, 101.50400543, -14.89014626, 40.43999863, 0.00000000
4, 0.7400, 74, 0.78670627, 0.35996005, -0.66457880, -163.75442505, 350.12014771, -34.77298355, -41.33294296, -47.93919754, -94.47529602, 53.78857803, 38.39005661, 67.26103210, 1.00000000, 0.00000000, 0.00000000, 0.00000000, -0.16375312, -0.12616111, 0.11118901, 101.50400543, -14.89014626, 40.43999863, 0.00000000
2, 0.7100, 71, -0.04747234, 0.80586892, -0.29300982, -238.35263062, 284.71166992, 228.37713623, 46.18532562, 25.75270271, 34.02513885, 34.14710999, 19.03685760, 102.93762970, 0.62526846, -0.05671812, -0.32498395, -0.70725381, 0.71628273, 0.13664083, -0.44408613, 0.00000000, 0.00000000, 0.00000000, 0.00000000
5, 0.6999, 70, -0.51756543, -0.29908025, -0.91235298, -144.89758301, 109.26993561, -10.82334328, -25.63577843, 7.74627304, -116.19409180, 84.57726288, 34.36532211, 40.30765533, 0.73196113, -0.52817774, -0.42664260, -0.05689773, 0.70072252, 0.13915230, -0.57437593, 0.00000000, 0.00000000, 0.00000000, 0.00000000
5, 0.7099, 71, -0.52086645, -0.02673437, -0.87870193, -132.91545105, 125.33912659, -32.55304718, -24.67114830, 6.98626137, -117.48027039, 82.94419861, 33.60049820, 40.40728378, 0.73927021, -0.52018672, -0.42219612, -0.06808650, 0.92773187, 0.03223531, -0.50772297, 0.00000000, 0.00000000, 0.00000000, 0.00000000
5, 0.7199, 72, -0.25965449, 0.48784199, -0.85989690, -122.63619232, 150.06414795, -33.70697021, -24.67114830, 6.98626137, -117.48027039, 81.15251160, 33.02776718, 40.56325912, 0.74715161, -0.51012594, -0.41868341, -0.07899493, 1.28336990, -0.11817747, -0.11132375, 0.00000000, 0.00000000, 0.00000000, 0.00000000
4, 0.7500, 75, 0.65349287, 0.51155084, -0.77906334, -169.60221863, 354.12857056, -51.18616867, -38.99444580, -45.77608871, -95.08915710, 50.57282257, 41.48695755, 65.07906342, 1.00000000, 0.00000000, 0.00000000, 0.00000000, 0.01824438, -0.00999528, 0.27261427, 101.50400543, -14.89014626, 40.43999863, 0.00000000
2, 0.7200, 72, -0.46864602, 0.21933769, 0.04640109, -253.56713867, 324.11676025, 210.56661987, 47.44226837, 23.15112495, 37.00672150, 29.33649635, 19.47686386, 102.09221649, 0.63274950, -0.02965220, -0.29695898, -0.71453774, 0.80892038, -0.40533048, -0.99383479, 0.00000000, 0.00000000, 0.00000000, 0.00000000
5, 0.7299, 73, 0.01912693, 0.87707341, -0.72493398, -102.14981842, 174.08877563, -31.74766541, -24.02806091, 8.56474686, -118.06489563, 79.25388336, 32.74222183, 40.77788162, 0.75531673, -0.49795771, -0.41667986, -0.08895370, 1.49601674, -0.34598720, 0.24536273, 0.00000000, 0.00000000, 0.00000000, 0.00000000
5, 0.7399, 74, 0.09860765, 0.89261353, -0.52296799, -73.96202087, 189.82331848, -40.16149902, -22.39111328, 9.29552746, -118.59105682, 74.18683624, 23.32710075, 26.06742477, 0.78855574, -0.53907853, -0.29031137, -0.05738840, 1.39613223, -0.55668163, 0.26191139, 0.00000000, 0.00000000, 0.00000000, 0.00000000
5, 0.7499, 75, -0.20323598, 0.57793546, -0.23443553, -47.12963104, 225.64402771, -58.78775406, -21.28032684, 10.11400127, -118.32797241, 71.78981781, 23.71440125, 25.93454933, 0.79962337, -0.52180654, -0.29096302, -0.06050506, 1.04940653, -0.79353684, -0.23737842, 0.00000000, 0.00000000, 0.00000000, 0.00000000
5, 0.7599, 76, -0.40891346, 0.22035190, -0.23652542, -43.16246796, 286.14642334, -77.02537537, -19.76030350, 10.46477604, -118.18181610, 68.75926971, 24.33789253, 25.65825653, 0.81306016, -0.49957663, -0.29219434, -0.06307960, 0.81059545, -0.68386340, -0.59511286, 0.00000000, 0.00000000, 0.00000000, 0.00000000
4, 0.7600, 76, 0.53406054, 0.53269386, -0.76840365, -142.00985718, 344.91171265, -75.69589233, -36.65594864, -45.42531204, -95.26454163, 47.13459015, 44.30575943, 62.28937912, 1.00000000, 0.00000000, 0.00000000, 0.00000000, 0.17634529, 0.02756907, 0.27400434, 101.50400543, -14.89014626, 40.43999863, 0.00000000
4, 0.7700, 77, 0.43005180, 0.37386864, -0.76641458, -121.22106934, 329.39096069, -109.23093414, -34.08359909, -43.70067215, -95.20607758, 43.31120682, 46.70365143, 58.79460144, 1.00000000, 0.00000000, 0.00000000, 0.00000000, 0.30719352, 0.12760891, 0.10707689, 101.50400543, -14.89014626, 40.43999863, 0.00000000
4, 0.7800, 78, 0.38837340, 0.25354394, -0.92319357, -115.41184998, 294.93417358, -142.58068848, -31.18971062, -43.61297989, -95.29376984, 43.87995529, 43.35169220, 55.67892075, 1.00000000, 0.00000000, 0.00000000, 0.00000000, 0.35518038, 0.34516904, 0.02149943, 101.50400543, -14.89014626, 40.43999863, 0.00000000
2, 0.7300, 73, -0.59937859, 0.31243256, 0.18585181, -278.65499878, 389.03906250, 168.15290833, 47.44226837, 23.15112495, 37.00672150, 23.99524689, 19.22272301, 100.83721924, 0.64125645, -0.00471906, -0.26202291, -0.72118795, 1.01146376, -0.39509296, -1.01837933, 0.00000000, 0.00000000, 0.00000000, 0.00000000
2, 0.7400, 74, 0.03461023, 1.02852583, -0.16766778, -267.50177002, 401.77679443, 95.03923798, 47.93919754, 23.85267448, 39.87138367, 18.92677498, 18.18347549, 99.48297882, 0.64926106, 0.01402865, -0.22462237, -0.72650403, 0.83748007, 0.37440842, -0.32502428, 0.00000000, 0.00000000, 0.00000000, 0.00000000
2, 0.7500, 75, 0.59515065, 1.31911552, -0.47753066, -211.33357239, 317.11859131, 18.91197205, 49.80999756, 22.44957542, 43.37912750, 21.95669556, 12.92972851, 98.90994263, 0.65038520, -0.03901245, -0.21564437, -0.72730649, 0.45506722, 0.82994413, 0.09830289, 0.00000000, 0.00000000, 0.00000000, 0.00000000
5, 0.7699, 77, -0.11734845, 0.09057045, -0.56043226, -53.31072617, 340.36074829, -101.78795624, -17.83104324, 10.14323330, -118.18181610, 65.05985260, 25.01264572, 25.18562508, 0.82869267, -0.47254685, -0.29263800, -0.06580918, 0.67428619, -0.31280741, -0.38866851, 0.00000000, 0.00000000, 0.00000000, 0.00000000
5, 0.7799, 78, 0.47495019, 0.05829833, -0.69939971, -56.15953445, 343.33859253, -135.68135071, -17.83104324, 10.14323330, -118.18181610, 61.07960892, 25.52462578, 24.33886909, 0.84478533, -0.44433874, -0.29045701, -0.06734598, 0.47228304, -0.13957120, 0.11055512, 0.00000000, 0.00000000, 0.00000000, 0.00000000
5, 0.7899, 79, 0.90655386, 0.10806388, -0.72729468, -60.23589706, 296.86141968, -141.08374023, -15.28792763, 10.69862556, -118.06489563, 51.31402969, 21.08679008, 25.39215279, 0.88192850, -0.37901467, -0.25445992, -0.11747469, 0.35359719, -0.08592703, 0.45708597, 0.00000000, 0.00000000, 0.00000000, 0.00000000
2, 0.7600, 76, 0.61720628, 1.28686917, -0.60271424, -128.54794312, 224.77250671, -26.34293938, 49.42998886, 23.20958710, 44.86991882, 19.65312386, 11.66385651, 98.09352112, 0.65558147, -0.03566801, -0.19385055, -0.72894633, 0.29982746, 0.87419224, 0.04047509, 0.00000000, 0.00000000, 0.00000000, 0.00000000
5, 0.7999, 80, 1.16091728, 0.34825262, -0.65169656, -47.88427734, 238.57046509, -128.62701416, -13.12481689, 11.10786343, -117.36334229, 48.37085342, 21.05731392, 24.51260948, 0.89231640, -0.35822725, -0.24839607, -0.11723590, 0.40547717, -0.16510445, 0.65643597, 0.00000000, 0.00000000, 0.00000000, 0.00000000
2, 0.7700, 77, 0.40412420, 1.06313360, -0.57994801, -49.47721863, 169.63755798, -31.49773979, 49.57614517, 23.32651329, 46.00993729, 18.25256348, 10.69301701, 97.19637299, 0.66120899, -0.03543102, -0.17929727, -0.72759867, 0.30746710, 0.75705260, -0.24639425, 0.00000000, 0.00000000, 0.00000000, 0.00000000
4, 0.7900, 79, 0.51603764, 0.29086241, -1.07044828, -111.18476105, 235.23608398, -169.11581421, -31.18971062, -43.61297989, -95.29376984, 40.14982605, 44.49648285, 52.04035568, 1.00000000, 0.00000000, 0.00000000, 0.00000000, 0.20056982, 0.45723465, 0.07950288, 101.50400543, -14.89014626, 40.43999863, 0.00000000
5, 0.8099, 81, 1.08002365, 0.51647711, -0.52350813, -28.75763321, 163.38595581, -139.30288696, -11.25401878, 11.25401878, -117.36334229, 46.09176636, 20.73603821, 23.46266747, 0.90058422, -0.34336099, -0.24044245, -0.11506009, 0.55337030, -0.30507228, 0.59710258, 0.00000000, 0.00000000, 0.00000000, 0.00000000
5, 0.8199, 82, 0.70512414, 0.58587766, -0.33999538, -12.49185371, 97.99602509, -171.02062988, -9.70476437, 11.92633724, -116.92487335, 44.29064178, 20.01338005, 22.10908890, 0.90777528, -0.33347440, -0.22913787, -0.11061101, 0.69957191, -0.48044622, 0.22994253, 0.00000000, 0.00000000, 0.00000000, 0.00000000
5, 0.8299, 83, 0.20113219, 0.54384696, -0.15218903, -3.35199809, 73.89959717, -206.76353455, -9.70476437, 11.92633724, -116.92487335, 42.57878113, 18.98078728, 20.46426773, 0.91502434, -0.32512355, -0.21480039, -0.10433598, 0.78523827, -0.63530684, -0.29509637, 0.00000000, 0.00000000, 0.00000000, 0.00000000
5, 0.8399, 84, -0.18474947, 0.62004960, -0.04686800, -5.37853336, 91.81765747, -238.05039978, -7.95089149, 12.36480522, -116.48640442, 41.27016830, 7.55470133, 4.27742958, 0.93402696, -0.34910333, -0.07473311, -0.01164812, 0.90667999, -0.74657744, -0.66855818, 0.00000000, 0.00000000, 0.00000000, 0.00000000
4, 0.8000, 80, 0.88988936, 0.40346828, -0.97665894, -112.52093506, 178.37962341, -189.52928162, -29.34814262, -42.09295654, -94.82607269, 36.43559265, 44.88374710, 48.46907806, 1.00000000, 0.00000000, 0.00000000, 0.00000000, -0.16223639, 0.37462282, 0.14769620, 101.50400543, -14.89014626, 40.43999863, 0.00000000
4, 0.8100, 81, 1.22414207, 0.43929842, -0.72501194, -129.44190979, 140.76072693, -207.89569092, -27.47734642, -40.57293320, -95.03069305, 32.62469482, 44.69089127, 44.99166107, 1.00000000, 0.00000000, 0.00000000, 0.00000000, -0.49752331, 0.16182736, 0.08996142, 101.50400543, -14.89014626, 40.43999863, 0.00000000
4, 0.8200, 82, 1.32668352, 0.44864982, -0.55725569, -146.68046570, 108.67489624, -219.54084778, -26.24963379, -38.78982544, -94.70914459, 28.83398056, 44.01492691, 41.74960327, 1.00000000, 0.00000000, 0.00000000, 0.00000000, -0.60761172, 0.03592442, 0.02141574, 101.50400543, -14.89014626, 40.43999863, 0.00000000
4, 0.8300, 83, 1.34088445, 0.50557840, -0.50156140, -163.73489380, 75.45639038, -229.34353638, -24.58345413, -37.41595840, -95.11838531, 25.01300812, 45.97608948, 41.22632599, 1.00000000, 0.00000000, 0.00000000, 0.00000000, -0.62299377, 0.00580718, 0.03529372, 101.50400543, -14.89014626, 40.43999863, 0.00000000
2, 0.7800, 78, -0.04197124, 0.78867793, -0.34289533, 7.06797504, 173.16929626, -3.08786750, 49.57614517, 23.32651329, 46.00993729, 17.05254745, 10.07125664, 95.87336731, 0.66965163, -0.03450107, -0.16780142, -0.72264731, 0.53926110, 0.42666051, -0.64055592, 0.00000000, 0.00000000, 0.00000000, 0.00000000
2, 0.7900, 79, -0.30199468, 0.54395503, 0.02162160, 28.89390182, 235.73124695, 49.68938446, 49.72230148, 23.53113174, 47.90996552, 15.32453728, 9.70888615, 93.88596344, 0.68244743, -0.02942276, -0.15433353, -0.71384943, 0.71337938, 0.01129657, -0.83501285, 0.00000000, 0.00000000, 0.00000000, 0.00000000
2, 0.8000, 80, -0.61879653, 0.44986090, 0.45733428, 18.29928589, 318.23956299, 108.76631165, 49.31306458, 22.36188316, 50.07307816, 10.53137016, -2.32910728, 90.08084869, 0.70216078, -0.07915557, -0.05062607, -0.70579159, 0.99641484, -0.35686874, -0.96133715, 0.00000000, 0.00000000, 0.00000000, 0.00000000
5, 0.8499, 85, -0.22879267, 0.87805963, -0.09737848, -12.42489338, 132.25672913, -262.46221924, -6.48933077, 13.41712952, -116.92487335, 39.19088364, 6.24914360, 2.38794017, 0.94086045, -0.33373529, -0.05831698, -0.00132480, 1.01520681, -0.76473433, -0.65671587, 0.00000000, 0.00000000, 0.00000000, 0.00000000
5, 0.8599, 86, 0.17206760, 1.22655058, -0.11324270, -17.15780830, 194.81455994, -279.47100830, -4.67699480, 14.87869072, -115.66793060, 36.52325439, 4.97798014, 0.40309039, 0.94878173, -0.31291381, -0.04234118, 0.01027086, 1.16558599, -0.80507314, -0.18796954, 0.00000000, 0.00000000, 0.00000000, 0.00000000
5, 0.8699, 87, 0.75373405, 1.54588211, 0.00190314, -16.79467583, 221.08801270, -290.71450806, -2.74773455, 15.78485775, -114.73253632, 33.63500214, 3.63735318, -1.62392497, 0.95652288, -0.28957981, -0.02627824, 0.02273926, 1.19323027, -0.95807171, 0.42515513, 0.00000000, 0.00000000, 0.00000000, 0.00000000
5, 0.8799, 88, 1.42393601, 1.80940962, 0.08898439, -9.33696079, 217.85285950, -315.96643066, -2.74773455, 15.78485775, -114.73253632, 30.78927803, 2.02593565, -3.78050041, 0.96329033, -0.26584211, -0.00828007, 0.03648717, 1.14150691, -1.06749845, 1.10552144, 0.00000000, 0.00000000, 0.00000000, 0.00000000
2, 0.8100, 81, -1.20999849, 0.54629844, 0.68925154, -6.05686951, 390.71127319, 128.11187744, 49.51768494, 22.80035019, 52.35311127, 7.80290222, -2.97862124, 87.19707489, 0.72104788, -0.06713910, -0.02812657, -0.68905103, 1.39893126, -0.42436147, -1.25901890, 0.00000000, 0.00000000, 0.00000000, 0.00000000
2, 0.8200, 82, -1.40602505, 0.80557984, 0.79418755, -22.59491730, 444.51644897, 89.80941010, 49.19614029, 21.28032684, 55.62701035, 4.84641552, -4.37917328, 84.23206329, 0.73950064, -0.05693961, -0.00001837, -0.67074341, 1.71228611, -0.31735343, -1.21126652, 0.00000000, 0.00000000, 0.00000000, 0.00000000
2, 0.8300, 83, -1.13682139, 1.04928112, 0.70113075, -23.16765976, 448.99679565, 37.06871033, 49.19614029, 21.28032684, 55.62701035, 2.13609838, -6.39952230, 81.48835754, 0.75563985, -0.05052482, 0.03013465, -0.65234011, 1.59896207, -0.05549371, -0.91485488, 0.00000000, 0.00000000, 0.00000000, 0.00000000
2, 0.8400, 84, -0.82895792, 1.22456491, 0.54604930, 21.88910866, 424.20727539, 15.47517395, 48.26074219, 21.01724625, 59.66091537, 0.07984710, -8.57529354, 78.72681427, 0.77094191, -0.04795508, 0.05736202, -0.63250178, 1.38761258, 0.21141660, -0.65088618, 0.00000000, 0.00000000, 0.00000000, 0.00000000
4, 0.8400, 84, 1.18324900, 0.56069857, -0.54908037, -174.59065247, 44.00765228, -243.40003967, -24.58345413, -37.41595840, -95.11838531, 21.34973145, 44.39491653, 38.57878876, 1.00000000, 0.00000000, 0.00000000, 0.00000000, -0.45185158, 0.08214876, 0.08712378, 101.50400543, -14.89014626, 40.43999863, 0.00000000
4, 0.8500, 85, 0.88057435, 0.59660912, -0.66262370, -178.15431213, 40.75338364, -252.91036987, -23.94036865, -34.60976410, -95.32300568, 17.82783127, 42.60329056, 36.10498428, 1.00000000, 0.00000000, 0.00000000, 0.00000000, -0.16893998, 0.21367063, 0.10967986, 101.50400543, -14.89014626, 40.43999863, 0.00000000
4, 0.8600, 86, 0.59789705, 0.76092160, -0.76231742, -180.66673279, 59.62683868, -249.12655640, -23.26804924, -33.90821457, -95.46916199, 14.35774231, 40.84130478, 33.66985321, 1.00000000, 0.00000000, 0.00000000, 0.00000000, 0.09686456, 0.29584491, 0.25345385, 101.50400543, -14.89014626, 40.43999863, 0.00000000
4, 0.8700, 87, 0.38470837, 1.15082777, -0.71327418, -189.13807678, 81.25727081, -249.17779541, -21.30955887, -30.16661835, -95.96608734, 10.83186531, 39.07935715, 31.20261002, 1.00000000, 0.00000000, 0.00000000, 0.00000000, 0.29864913, 0.17179465, 0.57278323, 101.50400543, -14.89014626, 40.43999863, 0.00000000
5, 0.8899, 89, 1.83820748, 1.89471972, 0.25806060, -0.84687954, 194.19001770, -340.17602539, 0.78924292, 17.42180634, -113.82636261, 19.21057129, -4.16425228, 2.86119103, 0.98487127, -0.16759185, 0.03164836, -0.03066019, 0.97828317, -1.17632794, 1.46624005, 0.00000000, 0.00000000, 0.00000000, 0.00000000
4, 0.8800, 88, 0.38205597, 1.66766298, -0.43376359, -211.10250854, 101.58765411, -259.20593262, -21.30955887, -30.16661835, -95.96608734, 3.70883846, 32.41625977, 27.92624283, 1.00000000, 0.00000000, 0.00000000, 0.00000000, 0.27292553, -0.19420868, 0.93961751, 101.50400543, -14.89014626, 40.43999863, 0.00000000
2, 0.8500, 85, -0.74089319, 1.34073639, 0.59215975, 117.61511230, 370.33483887, 30.98895264, 47.67611694, 21.07570839, 62.40865326, -0.84252006, -21.99435234, 81.30864716, 0.74561626, -0.11880051, 0.14941938, -0.63844872, 1.32989097, 0.26123887, -0.48305187, 0.00000000, 0.00000000, 0.00000000, 0.00000000
2, 0.8600, 86, -0.94392300, 1.28037560, 1.06926680, 221.91424561, 321.42346191, 63.07244110, 46.47763824, 19.90645981, 65.03945923, 0.11198497, -23.28080940, 77.30493164, 0.76476383, -0.12677103, 0.15697305, -0.61190259, 1.45481575, -0.17411725, -0.42684472, 0.00000000, 0.00000000, 0.00000000, 0.00000000
2, 0.8700, 87, -1.39931071, 0.92148995, 1.71466672, 280.59246826, 302.64739990, 101.66550446, 45.48377609, 19.70184135, 66.82256317, 1.72490108, -24.04746437, 72.74646759, 0.78555799, -0.13538030, 0.15898097, -0.58249110, 1.80207038, -0.93312263, -0.70225382, 0.00000000, 0.00000000, 0.00000000, 0.00000000
2, 0.8800, 88, -1.82304263, 0.85467005, 2.11936975, 273.86163330, 327.10064697, 105.22459412, 45.48377609, 19.70184135, 66.82256317, 3.25393414, -24.79759979, 68.01475525, 0.80589557, -0.14302860, 0.16241011, -0.55108815, 2.20894790, -1.33237648, -0.87902200, 0.00000000, 0.00000000, 0.00000000, 0.00000000
4, 0.8900, 89, 0.48516077, 2.15727067, -0.20941399, -220.08335876, 120.25673676, -273.81832886, -21.48494530, -28.00350761, -95.38146973, 0.24286346, 30.23274040, 25.61761475, 1.00000000, 0.00000000, 0.00000000, 0.00000000, 0.10185138, -0.47250408, 1.27913690, 101.50400543, -14.89014626, 40.43999863, 0.00000000
4, 0.9000, 90, 0.57574987, 2.18240356, -0.25587749, -182.50828552, 129.24453735, -282.34841919, -19.81876564, -24.90499878, -95.00145721, -2.74468112, 27.88398170, 23.36681747, 1.00000000, 0.00000000, 0.00000000, 0.00000000, -0.02204886, -0.38724729, 1.30021918, 101.50400543, -14.89014626, 40.43999863, 0.00000000
4, 0.9100, 91, 0.67139196, 1.53375089, -0.56939948, -116.02292633, 116.48172760, -280.71130371, -20.05261612, -22.18649483, -94.97222900, -4.85215807, 25.43465042, 21.40248108, 1.00000000, 0.00000000, 0.00000000, 0.00000000, -0.17258002, 0.14582866, 0.76189625, 101.50400543, -14.89014626, 40.43999863, 0.00000000
5, 0.8999, 90, 1.82632601, 1.89338303, 0.33400604, 5.99139977, 153.10722351, -349.47955322, 2.25080395, 18.09412384, -112.39403534, 17.20379448, -6.72859478, 1.05278683, 0.98692513, -0.14983703, 0.05665001, -0.01784509, 0.86754024, -1.10485578, 1.38955283, 0.00000000, 0.00000000, 0.00000000, 0.00000000
4, 0.9200, 92, 0.66772318, 1.05720448, -0.71491599, -90.77912903, 102.89492035, -269.16473389, -19.43876076, -20.87108994, -93.80297852, -6.50708294, 23.01455498, 19.72635651, 1.00000000, 0.00000000, 0.00000000, 0.00000000, -0.22117771, 0.45729637, 0.33576381, 101.50400543, -14.89014626, 40.43999863, 0.00000000
4, 0.9300, 93, 0.70028234, 1.02011478, -0.72824562, -106.89662933, 125.25333405, -257.31243896, -19.43876076, -20.87108994, -93.80297852, -3.84308887, 22.12163925, 17.81275749, 1.00000000, 0.00000000, 0.00000000, 0.00000000, -0.28687903, 0.49224520, 0.29332978, 101.50400543, -14.89014626, 40.43999863, 0.00000000
2, 0.8900, 89, -1.86535978, 1.30193985, 2.36763716, 232.95806885, 377.35202026, 58.40410995, 44.54837799, 20.19877243, 69.92107391, 4.41905785, -26.12627029, 63.37429428, 0.82371479, -0.15059575, 0.17246026, -0.51872194, 2.58412528, -1.31076384, -0.54145801, 0.00000000, 0.00000000, 0.00000000, 0.00000000
2, 0.9000, 90, -1.28926909, 1.71755195, 2.36215973, 190.64376831, 385.15209961, -13.45732880, 42.15141678, 22.39111328, 71.85033417, -0.88363457, -36.06563568, 69.54939270, 0.78239191, -0.17053065, 0.25844872, -0.54035795, 2.36634922, -1.06690383, 0.14144419, 0.00000000, 0.00000000, 0.00000000, 0.00000000
4, 0.9400, 94, 0.64847684, 1.28848934, -0.62685156, -119.09243774, 157.44923401, -252.99006653, -18.88336754, -17.59719276, -93.71528625, -5.89772844, 20.00088310, 15.61664391, 1.00000000, 0.00000000, 0.00000000, 0.00000000, -0.24574727, 0.29343510, 0.50729072, 101.50400543, -14.89014626, 40.43999863, 0.00000000
2, 0.9100, 91, -0.89109993, 1.89729059, 2.37609720, 179.92440796, 351.32720947, -68.46253967, 40.57293320, 23.44343758, 73.66267395, 0.91051960, -38.58613205, 65.69309235, 0.79149675, -0.18550077, 0.27350140, -0.51411998, 2.07573533, -0.92724705, 0.61103410, 0.00000000, 0.00000000, 0.00000000, 0.00000000
5, 0.9099, 91, 1.52060449, 1.76231968, 0.20843580, 8.17338657, 110.57865906, -357.53149414, 3.47851491, 20.54954720, -111.89710236, 15.63464642, -9.55930614, -0.61888236, 0.98730838, -0.13509429, 0.08328041, -0.00600120, 0.84229451, -0.91999507, 1.06690764, 0.00000000, 0.00000000, 0.00000000, 0.00000000
5, 0.9199, 92, 1.31320035, 1.58096087, -0.12432346, 3.79234719, 78.50243378, -371.71786499, 5.26161957, 22.80035019, -111.13709259, 14.36516476, -12.67646408, -2.15373707, 0.98617351, -0.12218688, 0.11184728, 0.00473160, 0.78002429, -0.52740908, 0.84280360, 0.00000000, 0.00000000, 0.00000000, 0.00000000
5, 0.9299, 93, 1.31674218, 1.41307521, -0.33134168, -6.85568714, 61.65281677, -386.18005371, 5.26161957, 22.80035019, -111.04940033, 13.22313690, -16.03596115, -3.54036546, 0.98366559, -0.10967764, 0.14201196, 0.01433301, 0.62006927, -0.26227042, 0.81370413, 0.00000000, 0.00000000, 0.00000000, 0.00000000
4, 0.9500, 95, 0.54014271, 1.71254504, -0.36961535, -116.17697144, 175.33932495, -258.32733154, -17.48026848, -16.22332573, -91.72756195, -7.88006878, 17.78965569, 13.33402443, 1.00000000, 0.00000000, 0.00000000, 0.00000000, -0.16221681, -0.04520541, 0.82127845, 101.50400543, -14.89014626, 40.43999863, 0.00000000
4, 0.9600, 96, 0.57881063, 1.99048352, -0.22271837, -104.08541107, 168.14614868, -266.58810425, -18.03566170, -13.27097321, -90.96755219, -9.60828781, 15.41681099, 11.21370220, 1.00000000, 0.00000000, 0.00000000, 0.00000000, -0.23189136, -0.23690696, 1.03559887, 101.50400543, -14.89014626, 40.43999863, 0.00000000
2, 0.9200, 92, -0.86306214, 1.88723826, 2.55215406, 204.01004028, 313.09930420, -77.29968262, 38.17597198, 24.61268616, 75.27038574, 3.34697819, -40.85635376, 61.70684052, 0.79892218, -0.20241700, 0.28547564, -0.48913649, 2.08700609, -1.10829806, 0.72059327, 0.00000000, 0.00000000, 0.00000000, 0.00000000
2, 0.9300, 93, -1.07013357, 1.70445621, 2.86935973, 234.16590881, 293.37426758, -56.72681427, 38.17597198, 24.61268616, 75.27038574, 6.45602179, -42.67956543, 57.24502563, 0.80649912, -0.22008327, 0.29379594, -0.46347225, 2.22331691, -1.50979686, 0.61541057, 0.00000000, 0.00000000, 0.00000000, 0.00000000
2, 0.9400, 94, -0.99702269, 1.39360845, 3.11695361, 240.98318481, 281.08486938, -33.35041809, 36.62671661, 25.63577843, 76.96579742, 9.88505459, -44.03966522, 52.49094391, 0.81410569, -0.23682052, 0.29970422, -0.43740764, 2.06592560, -1.92858803, 0.60540885, 0.00000000, 0.00000000, 0.00000000, 0.00000000
4, 0.9700, 97, 0.65014136, 2.07950425, -0.30111516, -99.80626678, 128.60760498, -276.56304932, -17.71411896, -11.22478771, -90.00292206, -11.07648277, 12.84041214, 9.57682037, 1.00000000, 0.00000000, 0.00000000, 0.00000000, -0.34170082, -0.16126694, 1.13966727, 101.50400543, -14.89014626, 40.43999863, 0.00000000
2, 0.9500, 95, -1.14494395, 0.93799138, 3.25451779, 206.98820496, 265.42932129, -11.98567009, 34.22975540, 28.82198143, 77.28733826, -0.14043331, -50.05321884, 59.91448975, 0.78531182, -0.21028371, 0.36707455, -0.45202035, 1.92612267, -2.29384923, 0.31931210, 0.00000000, 0.00000000, 0.00000000, 0.00000000
4, 0.9800, 98, 0.71834648, 1.68696296, -0.63428491, -91.37588501, 72.29859161, -280.23269653, -17.71411896, -11.22478771, -90.00292206, -8.49859715, 12.42778397, 8.16143990, 1.00000000, 0.00000000, 0.00000000, 0.00000000, -0.45468467, 0.28207797, 0.86150461, 101.50400543, -14.89014626, 40.43999863, 0.00000000
5, 0.9399, 94, 1.38107908, 1.51946449, -0.29476097, -17.73324585, 59.28391266, -387.90322876, 6.57702398, 25.63577843, -111.04940033, 8.51107788, -21.26153564, -0.76708907, 0.98019648, -0.07169811, 0.18445459, -0.00712791, 0.61957812, -0.28726906, 0.91994250, 0.00000000, 0.00000000, 0.00000000, 0.00000000
5, 0.9499, 95, 1.52660775, 1.94368839, -0.08607396, -19.68514061, 70.91255188, -380.34539795, 7.48319197, 28.00350761, -110.87401581, 7.28746176, -24.67516327, -1.73382378, 0.97502470, -0.05885114, 0.21415409, 0.00117287, 0.82283974, -0.52857459, 1.20353484, 0.00000000, 0.00000000, 0.00000000, 0.00000000
4, 0.9900, 99, 0.67599177, 1.21522546, -0.65551609, -74.63636017, 35.38846207, -270.56964111, -17.77258110, -8.59397793, -89.59368134, -9.42641544, 9.80891514, 7.42050695, 1.00000000, 0.00000000, 0.00000000, 0.00000000, -0.44328701, 0.41448012, 0.40808851, 101.50400543, -14.89014626, 40.43999863, 0.00000000
2, 0.9600, 96, -1.26267052, 0.60469484, 3.05252004, 130.69068909, 288.76834106, -7.95200253, 32.85588837, 30.04969215, 77.98889160, 2.31991243, -51.66816711, 55.76210403, 0.79129297, -0.21984443, 0.37658340, -0.42861289, 1.67208827, -2.22091770, 0.01771569, 0.00000000, 0.00000000, 0.00000000, 0.00000000
2, 0.9700, 97, -0.79989225, 0.92312372, 2.46103024, 70.82506561, 312.76782227, -21.04089546, 32.85588837, 30.04969215, 77.98889160, 4.12533045, -53.44909286, 51.88858795, 0.79556257, -0.22552349, 0.39005402, -0.40506455, 1.28314924, -1.57193089, 0.32711658, 0.00000000, 0.00000000, 0.00000000, 0.00000000
4, 1.0000, 100, 0.64190745, 0.99882787, -0.51568866, -74.04087830, 46.31029892, -262.02465820, -18.64951706, -6.63548660, -88.54135895, -10.32414913, 7.27771997, 6.62883997, 1.00000000, 0.00000000, 0.00000000, 0.00000000, -0.46168435, 0.36261982, 0.15387784, 101.50400543, -14.89014626, 40.43999863, 0.00000000
5, 0.9599, 96, 1.88193917, 2.42990708, 0.13906439, -11.62899399, 91.76619720, -366.01763916, 8.36012840, 30.86816597, -109.76322937, 6.01988125, -27.90205193, -2.76865101, 0.96918631, -0.04512898, 0.24192065, 0.01075783, 1.02764297, -0.84582549, 1.70660448, 0.00000000, 0.00000000, 0.00000000, 0.00000000
2, 0.9800, 98, -0.24891038, 1.27266800, 1.83780622, 82.56642914, 279.98284912, -35.46590042, 30.86816597, 31.18971062, 79.39199066, 6.31138277, -55.10243607, 48.04360580, 0.79821682, -0.23258716, 0.40197173, -0.38362992, 0.83887827, -0.87810373, 0.70619285, 0.00000000, 0.00000000, 0.00000000, 0.00000000
2, 0.9900, 99, 0.00656455, 1.58857918, 1.45622706, 134.33204651, 211.93156433, -46.22867966, 28.90967560, 31.45279121, 80.91201019, 9.42725754, -56.37551498, 44.12136459, 0.79953212, -0.24394080, 0.40909469, -0.36590031, 0.68146044, -0.40999621, 0.94741261, 0.00000000, 0.00000000, 0.00000000, 0.00000000
4, 1.0100, 101, 0.63766646, 0.92574227, -0.44562066, -74.08933258, 74.71562195, -245.55604553, -19.81876564, -5.26161957, -87.78134918, -11.21984673, 4.93150711, 5.61752701, 1.00000000, 0.00000000, 0.00000000, 0.00000000, -0.50240147, 0.33414251, 0.06075484, 101.50400543, -14.89014626, 40.43999863, 0.00000000
4, 1.0200, 102, 0.78087246, 1.02247512, -0.40376961, -73.41366577, 81.29478455, -230.70553589, -19.81876564, -5.26161957, -87.78134918, -12.07114506, 2.72502732, 4.59506607, 1.00000000, 0.00000000, 0.00000000, 0.00000000, -0.68198478, 0.28049880, 0.14494666, 101.50400543, -14.89014626, 40.43999863, 0.00000000
2, 1.0000, 100, -0.08064257, 1.67546105, 1.37399113, 192.86903381, 144.36386108, -51.95531464, 26.48348427, 31.42355919, 79.83045959, 8.28248405, -56.10686874, 44.94250488, 0.80039150, -0.23817833, 0.40909201, -0.36781561, 0.75482994, -0.31492224, 0.91832656, 0.00000000, 0.00000000, 0.00000000, 0.00000000
2, 1.0100, 101, -0.31647849, 1.60825598, 1.45724785, 229.70314026, 108.23751831, -52.62074280, 25.31423569, 31.74510384, 80.38584900, 12.80530834, -56.75131226, 40.93424606, 0.80063540, -0.25706685, 0.40816370, -0.35539019, 0.91477215, -0.42615351, 0.74293423, 0.00000000, 0.00000000, 0.00000000, 0.00000000
5, 0.9699, 97, 2.01374698, 2.56413698, 0.18484287, -0.84201914, 99.56250000, -347.25131226, 8.50628471, 33.87898254, -109.09090424, 4.84168625, -30.93725967, -3.85845208, 0.96275002, -0.03171519, 0.26769206, 0.02115733, 1.04255641, -0.90256649, 1.89593387, 0.00000000, 0.00000000, 0.00000000, 0.00000000
4, 1.0300, 103, 0.93464905, 1.23824859, -0.29104364, -80.82015228, 64.30402374, -228.25674438, -20.14031029, -4.94007587, -87.31365204, -12.02635288, 6.72842836, 3.82211542, 1.00000000, 0.00000000, 0.00000000, 0.00000000, -0.84126520, 0.11876588, 0.32417560, 101.50400543, -14.89014626, 40.43999863, 0.00000000
2, 1.0200, 102, -0.50571865, 1.46464550, 1.57272971, 243.69357300, 107.25011444, -41.64998627, 25.31423569, 31.74510384, 80.38584900, 17.68471146, -57.08119965, 36.59543228, 0.80109084, -0.27642763, 0.40583709, -0.34225386, 1.00411892, -0.64481461, 0.58635902, 0.00000000, 0.00000000, 0.00000000, 0.00000000
5, 0.9799, 98, 1.78173137, 2.29207397, 0.21563540, 5.18327045, 93.49969482, -329.64846802, 8.50628471, 36.59748459, -108.79859924, 3.81464958, -33.83382034, -4.92122364, 0.95573187, -0.01932757, 0.29192221, 0.03137612, 0.83012193, -0.84577656, 1.60667491, 0.00000000, 0.00000000, 0.00000000, 0.00000000
4, 1.0400, 104, 1.04569244, 1.46512735, -0.19504716, -92.81586456, 38.03609085, -227.60636902, -21.36802101, -1.08155513, -86.02747345, -13.04374409, 4.50137901, 3.27338076, 1.00000000, 0.00000000, 0.00000000, 0.00000000, -0.90347737, -0.03687790, 0.51857316, 101.50400543, -14.89014626, 40.43999863, 0.00000000
2, 1.0300, 103, -0.65477693, 1.20974016, 1.65449464, 227.30865479, 137.78823853, -20.90949059, 24.78807259, 35.92516708, 79.85968781, 22.45092773, -57.15737534, 31.95129013, 0.80246377, -0.29349041, 0.40404090, -0.32659805, 0.98876262, -0.89714438, 0.37982956, 0.00000000, 0.00000000, 0.00000000, 0.00000000
5, 0.9899, 99, 1.38593817, 1.97456789, 0.21211100, 2.91451240, 93.02916718, -309.26547241, 8.50628471, 36.59748459, -108.79859924, -1.86509883, -35.90266800, -0.48695660, 0.95116282, 0.01679245, 0.30809957, 0.00905824, 0.65003139, -0.73013639, 1.15122974, 0.00000000, 0.00000000, 0.00000000, 0.00000000
5, 0.9999, 100, 1.20489371, 1.72199571, -0.04147446, -6.82762432, 111.86000061, -296.14392090, 8.79859638, 38.38058853, -108.09704590, -3.22443342, -38.51208115, -1.09496951, 0.94354892, 0.02970952, 0.32939070, 0.01829526, 0.51695114, -0.35504714, 0.93907434, 0.00000000, 0.00000000, 0.00000000, 0.00000000
5, 1.0099, 101, 1.48054457, 1.48920703, -0.12480912, -11.66801453, 124.61167145, -292.90408325, 8.94475269, 40.39754486, -107.60011292, -4.72775888, -41.06926727, -1.64025295, 0.93536055, 0.04363756, 0.34988612, 0.02785897, 0.19154254, -0.19776368, 1.15113199, 0.00000000, 0.00000000, 0.00000000, 0.00000000
4, 1.0500, 105, 0.97602695, 1.51683438, -0.17936340, -86.41194153, 8.44014168, -225.82395935, -22.04033852, -0.40923706, -85.85208893, -13.94617558, 2.26173329, 3.05931973, 1.00000000, 0.00000000, 0.00000000, 0.00000000, -0.87135023, -0.05040017, 0.56182331, 101.50400543, -14.89014626, 40.43999863, 0.00000000
4, 1.0600, 106, 0.61878526, 1.23935354, -0.22678405, -65.79257202, -2.78498697, -219.12550354, -23.06343079, 2.45542240, -85.85208893, -14.62638760, 0.07790564, 2.98546314, 1.00000000, 0.00000000, 0.00000000, 0.00000000, -0.56120324, 0.09151095, 0.30160251, 101.50400543, -14.89014626, 40.43999863, 0.00000000
4, 1.0700, 107, 0.24344642, 0.93860435, -0.23554881, -60.06362915, 20.59613991, -210.34107971, -23.06343079, 2.45542240, -85.85208893, -15.24822807, -2.00918555, 2.70448446, 1.00000000, 0.00000000, 0.00000000, 0.00000000, -0.23258612, 0.20100754, 0.00796871, 101.50400543, -14.89014626, 40.43999863, 0.00000000
2, 1.0400, 104, -0.71726233, 1.20005763, 1.72703075, 196.14018250, 181.13421631, 0.82290787, 23.64805603, 37.59134674, 79.45045471, 26.85156631, -57.03697586, 27.07229233, 0.80496401, -0.30704147, 0.40374374, -0.30781430, 1.05611849, -1.00289822, 0.37404335, 0.00000000, 0.00000000, 0.00000000, 0.00000000
5, 1.0199, 102, 1.83068395, 1.33376098, -0.21663792, -21.90223885, 111.94642639, -280.36929321, 9.29552746, 43.05758667, -106.37240601, -6.28465748, -43.53290939, -1.92151964, 0.92683566, 0.05710957, 0.36936080, 0.03587315, -0.08696760, -0.05216682, 1.46177161, 0.00000000, 0.00000000, 0.00000000, 0.00000000
5, 1.0299, 103, 2.02021313, 1.35892344, -0.24088088, -21.98748016, 74.44387054, -262.63183594, 9.09090900, 45.27915955, -105.99240112, -7.64467669, -45.90635300, -1.93048549, 0.91820729, 0.06793098, 0.38802183, 0.04147097, -0.15754344, -0.02005686, 1.68030357, 0.00000000, 0.00000000, 0.00000000, 0.00000000
4, 1.0800, 108, 0.08412719, 0.80482864, -0.28342345, -64.04286957, 75.93914032, -214.82885742, -24.72961044, 3.42005253, -85.88131714, -12.55990982, -2.94279170, 3.10893750, 1.00000000, 0.00000000, 0.00000000, 0.00000000, -0.10846302, 0.28321475, -0.10999140, 101.50400543, -14.89014626, 40.43999863, 0.00000000
2, 1.0500, 105, -0.53278017, 1.39662516, 1.53817904, 151.26615906, 234.90994263, 10.94120789, 22.56650162, 39.19906235, 80.06430817, 21.98786926, -58.19407272, 30.05425644, 0.80438364, -0.28470859, 0.41783577, -0.31196368, 0.96647716, -0.75153732, 0.55768585, 0.00000000, 0.00000000, 0.00000000, 0.00000000
5, 1.0399, 104, 1.89375710, 1.43813765, -0.21471825, -13.06119251, 27.79584694, -254.70875549, 9.09090900, 45.27915955, -105.99240112, -7.66605139, -42.81260681, -3.32381749, 0.92783487, 0.07277264, 0.36220452, 0.05132888, -0.05832320, -0.05605876, 1.60208857, 0.00000000, 0.00000000, 0.00000000, 0.00000000
5, 1.0499, 105, 1.52676213, 1.58587575, -0.13550019, -2.42017508, -8.70034409, -257.78216553, 9.17860222, 45.77608871, -105.40777588, -8.36624527, -45.33032990, -3.08429790, 0.91922450, 0.07762961, 0.38236773, 0.05286637, 0.20943135, -0.16614860, 1.28424346, 0.00000000, 0.00000000, 0.00000000, 0.00000000
5, 1.0599, 106, 1.12371624, 1.69619191, -0.05289505, 10.74980831, -17.23883057, -265.98751831, 8.09704781, 48.96229172, -105.55393219, -8.91517639, -47.96093750, -2.91744256, 0.90982109, 0.08130450, 0.40325665, 0.05476663, 0.40414709, -0.27138108, 0.97289252, 0.00000000, 0.00000000, 0.00000000, 0.00000000
2, 1.0600, 106, -0.32086873, 1.76426721, 1.31418085, 133.27183533, 241.76286316, 12.84133339, 20.92955208, 39.66676331, 79.71353149, 25.82037926, -58.34486389, 24.90919113, 0.80756921, -0.29295945, 0.42186406, -0.28989241, 0.93710947, -0.33180952, 0.83791208, 0.00000000, 0.00000000, 0.00000000, 0.00000000
2, 1.0700, 107, -0.21077497, 2.04378366, 1.14727139, 128.91011047, 234.67004395, 16.66731071, 20.92955208, 39.66676331, 79.71353149, 29.52716446, -58.28151703, 19.91006470, 0.81042171, -0.30062842, 0.42531255, -0.26823205, 0.95906866, -0.06852096, 1.03008378, 0.00000000, 0.00000000, 0.00000000, 0.00000000
2, 1.0800, 108, -0.14546770, 2.07569575, 1.01201427, 130.66178894, 218.89756775, 22.96422195, 18.97106171, 40.60216141, 79.50891113, 33.07532120, -57.96106720, 15.18260098, 0.81302816, -0.30818015, 0.42750376, -0.24748904, 0.88072431, 0.03123049, 1.05621040, 0.00000000, 0.00000000, 0.00000000, 0.00000000
5, 1.0699, 107, 0.70472652, 1.68884969, -0.10055950, 19.39596558, 1.68907344, -272.21871948, 8.06781673, 51.33002090, -105.29084778, -9.48584843, -50.62736511, -2.93167448, 0.89968592, 0.08562154, 0.42405802, 0.05838785, 0.52972037, -0.22251748, 0.61940062, 0.00000000, 0.00000000, 0.00000000, 0.00000000
5, 1.0799, 108, 0.44711691, 1.54440343, -0.25662279, 24.93020439, 40.15366745, -276.47244263, 6.25548077, 52.87927628, -105.08622742, -10.17646408, -53.27173996, -3.22034812, 0.88888252, 0.09179381, 0.44414800, 0.06476364, 0.50011474, -0.03423832, 0.37954140, 0.00000000, 0.00000000, 0.00000000, 0.00000000
5, 1.0899, 109, 0.51174575, 1.39195251, -0.35619828, 27.38836861, 77.25263977, -273.49877930, 6.25548077, 52.87927628, -105.08622742, -8.06611061, -54.19266129, -6.82916212, 0.88455296, 0.08956316, 0.44982401, 0.08487034, 0.33971766, 0.09548707, 0.42555469, 0.00000000, 0.00000000, 0.00000000, 0.00000000
5, 1.0999, 110, 0.68539286, 1.51189005, -0.41003931, 26.94258690, 92.50963593, -264.90972900, 5.14469433, 54.48699188, -104.41390991, -8.74465752, -56.61900330, -7.65277433, 0.87346709, 0.09852490, 0.46732074, 0.09465483, 0.38510624, 0.10042445, 0.64963770, 0.00000000, 0.00000000, 0.00000000, 0.00000000
4, 1.0900, 109, -0.05215806, 0.89082593, -0.26924074, -76.85419464, 102.66698456, -223.62800598, -24.99269104, 4.73545742, -84.59514618, -13.30033588, -5.08371019, 1.92924416, 1.00000000, 0.00000000, 0.00000000, 0.00000000, 0.00864924, 0.21309730, -0.04325018, 101.50400543, -14.89014626, 40.43999863, 0.00000000
2, 1.0900, 109, -0.16227236, 1.97875488, 0.99777114, 123.83670044, 220.60592651, 38.77024078, 16.92487526, 41.47909927, 79.71353149, 36.31628799, -57.37868500, 10.65266228, 0.81606245, -0.31454578, 0.42880598, -0.22633716, 0.83405548, -0.04075041, 0.99327290, 0.00000000, 0.00000000, 0.00000000, 0.00000000
5, 1.1099, 111, 0.75143886, 1.85073698, -0.45985875, 34.63339996, 98.20214844, -256.17901611, 4.44314528, 56.21163177, -103.71236420, -9.24596214, -58.96578217, -8.66676140, 0.86219299, 0.10702753, 0.48385859, 0.10511523, 0.65585864, 0.06379750, 0.86980689, 0.00000000, 0.00000000, 0.00000000, 0.00000000
4, 1.1000, 110, -0.42709076, 1.22810841, -0.20139910, -84.24190521, 116.67288208, -234.38127136, -26.04501534, 6.48933077, -83.77667236, -14.06226730, -7.33737755, 0.62902492, 1.00000000, 0.00000000, 0.00000000, 0.00000000, 0.35505745, 0.05896674, 0.25188464, 101.50400543, -14.89014626, 40.43999863, 0.00000000
5, 1.1199, 112, 0.61665547, 2.10021353, -0.49675336, 55.83143997, 104.79182434, -246.59985352, 3.36159015, 58.17012405, -103.47851562, -9.24851990, -61.24144363, -10.18520641, 0.85072565, 0.11417097, 0.49953198, 0.11704174, 0.91786230, 0.03326028, 0.86950141, 0.00000000, 0.00000000, 0.00000000, 0.00000000
2, 1.1000, 110, -0.16750833, 1.87267494, 0.94605386, 106.89404297, 249.58726501, 77.69252777, 16.04793930, 42.38526535, 79.15814209, 33.12655258, -55.63713837, 10.97781944, 0.83111846, -0.29375830, 0.42114097, -0.21351442, 0.76404428, -0.07587277, 0.90366852, 0.00000000, 0.00000000, 0.00000000, 0.00000000
2, 1.1100, 111, -0.20286615, 1.92892790, 0.96707106, 88.04881287, 295.09707642, 141.08891296, 14.23560333, 42.85296631, 79.07044983, 35.24713135, -54.38616562, 6.33664131, 0.83878267, -0.29295862, 0.41999248, -0.18500108, 0.84738088, -0.06043501, 0.88740361, 0.00000000, 0.00000000, 0.00000000, 0.00000000
2, 1.1200, 112, -0.09268525, 2.03895545, 0.76895982, 71.48387146, 335.33108521, 201.06037903, 14.23560333, 42.85296631, 79.07044983, 36.68346786, -52.62417603, 1.72280502, 0.84865999, -0.28837383, 0.41645283, -0.15226258, 0.77300656, 0.13847229, 0.94467825, 0.00000000, 0.00000000, 0.00000000, 0.00000000
5, 1.1299, 113, 0.34059322, 2.04373837, -0.50923216, 81.89028168, 119.30521393, -238.89170837, 2.01695418, 59.57322311, -103.59543610, -8.54099560, -63.44709015, -12.49382305, 0.83893633, 0.12002112, 0.51435548, 0.13122195, 0.95135802, 0.05053370, 0.62675405, 0.00000000, 0.00000000, 0.00000000, 0.00000000
5, 1.1399, 114, 0.11944863, 1.84049749, -0.52115357, 107.79042053, 156.48580933, -234.53201294, 1.37386727, 61.12247849, -102.71850586, -4.82019663, -65.70346832, -18.15516090, 0.82522297, 0.12039444, 0.52962536, 0.15494910, 0.83413440, 0.09489343, 0.38243422, 0.00000000, 0.00000000, 0.00000000, 0.00000000
5, 1.1499, 115, 0.07711621, 1.91330481, -0.61755580, 118.44152832, 180.23538208, -234.08399963, 1.37386727, 61.12247849, -102.71850586, -2.31172657, -67.63591003, -22.78521538, 0.81205714, 0.12634365, 0.54216838, 0.17508300, 0.92261165, 0.14010908, 0.40830904, 0.00000000, 0.00000000, 0.00000000, 0.00000000
2, 1.1300, 113, -0.05607494, 2.25122952, 0.68591648, 59.22310638, 345.71221924, 239.36346436, 12.97866154, 43.40835953, 78.71967316, 37.45170593, -50.52737427, -2.54086185, 0.85930914, -0.28130093, 0.41053084, -0.11799201, 0.86142039, 0.30008984, 1.04691315, 0.00000000, 0.00000000, 0.00000000, 0.00000000
4, 1.1100, 111, -0.85242867, 1.60369658, -0.12096043, -74.20924377, 134.32595825, -242.38842773, -27.44811440, 8.18474102, -82.75357819, -14.65354538, -9.67793655, -0.83597600, 1.00000000, 0.00000000, 0.00000000, 0.00000000, 0.75125122, -0.12071039, 0.57953531, 101.50400543, -14.89014626, 40.43999863, 0.00000000
4, 1.1200, 112, -0.94967759, 1.75237346, -0.09740596, -30.16012573, 161.34603882, -236.47193909, -27.44811440, 8.18474102, -82.75357819, -14.70111465, -11.95838928, -2.58308363, 1.00000000, 0.00000000, 0.00000000, 0.00000000, 0.81312716, -0.18511668, 0.71884990, 101.50400543, -14.89014626, 40.43999863, 0.00000000
4, 1.1300, 113, -0.70663249, 1.57295012, -0.15118137, 17.43172455, 170.64076233, -213.03451538, -28.41274452, 9.12014008, -81.84741211, -13.26976299, -16.17283821, -2.90789938, 1.00000000, 0.00000000, 0.00000000, 0.00000000, 0.51935023, -0.09153199, 0.57984310, 101.50400543, -14.89014626, 40.43999863, 0.00000000
2, 1.1400, 114, -0.00251679, 2.43983912, 0.53902000, 47.88022614, 325.61459351, 248.07507324, 11.80941200, 41.85910416, 78.69043732, 37.67710495, -48.36315918, -6.21658087, 0.86928672, -0.27311346, 0.40308884, -0.08526030, 0.90139639, 0.50584584, 1.11788321, 0.00000000, 0.00000000, 0.00000000, 0.00000000
4, 1.1400, 114, -0.63733280, 1.32452297, -0.32153183, 38.81989288, 165.17398071, -189.74014282, -29.37737465, 9.79245853, -81.81818390, -12.39718246, -17.93186951, -4.80367517, 1.00000000, 0.00000000, 0.00000000, 0.00000000, 0.38527393, 0.11832941, 0.40653256, 101.50400543, -14.89014626, 40.43999863, 0.00000000
2, 1.1500, 115, -0.01976154, 2.64035511, 0.42119032, 55.36670303, 289.52185059, 246.66024780, 10.55247021, 44.16837311, 78.39812469, 36.97389603, -45.14121246, -9.01462841, 0.88261175, -0.26328972, 0.38589931, -0.05250659, 1.01430941, 0.69695979, 1.15107536, 0.00000000, 0.00000000, 0.00000000, 0.00000000
2, 1.1600, 116, -0.05139080, 2.72814012, 0.40927738, 82.47199249, 254.74542236, 250.03054810, 9.38322163, 44.66530228, 77.95966339, 37.02568436, -42.77213669, -11.84483051, 0.89019412, -0.25839809, 0.37444103, -0.02405941, 1.12128794, 0.73761070, 1.14132881, 0.00000000, 0.00000000, 0.00000000, 0.00000000
2, 1.1700, 117, -0.03064644, 2.72017288, 0.51439387, 112.95034027, 221.42742920, 261.91073608, 9.38322163, 44.66530228, 77.95966339, 37.17035675, -40.13192749, -14.40163612, 0.89699972, -0.25624228, 0.36016923, 0.00310977, 1.17613602, 0.62654138, 1.16952443, 0.00000000, 0.00000000, 0.00000000, 0.00000000
5, 1.1599, 116, 0.04056372, 2.01382017, -0.76518416, 131.50241089, 194.17457581, -228.16946411, 0.84770536, 62.32095718, -102.42619324, 1.21200824, -69.37951660, -28.51445961, 0.79835856, 0.13172683, 0.55371392, 0.19665363, 1.04906631, 0.23637959, 0.45181155, 0.00000000, 0.00000000, 0.00000000, 0.00000000
5, 1.1699, 117, 0.04859189, 1.97365582, -0.86787730, 148.56021118, 202.93972778, -214.17433167, -0.52616191, 64.01636505, -102.10464478, 6.01146126, -70.79849243, -35.52413177, 0.78447753, 0.13576701, 0.56393772, 0.21940038, 1.02447498, 0.32046175, 0.48079282, 0.00000000, 0.00000000, 0.00000000, 0.00000000
5, 1.1799, 118, 0.16650306, 1.92625356, -0.92320824, 165.77673340, 210.64715576, -198.85690308, -1.84156680, 64.65945435, -101.87079620, 12.09521008, -71.79205322, -43.80773926, 0.77046442, 0.13832308, 0.57280123, 0.24320778, 0.94527757, 0.35638285, 0.60190785, 0.00000000, 0.00000000, 0.00000000, 0.00000000
5, 1.1899, 119, 0.38753638, 2.03425574, -0.92878419, 183.14463806, 209.40599060, -187.27749634, -2.42619109, 65.36100769, -101.95848846, 18.02700996, -69.12975311, -52.91701508, 0.76772869, 0.13415624, 0.55912399, 0.28279877, 0.96460348, 0.29881981, 0.85309976, 0.00000000, 0.00000000, 0.00000000, 0.00000000
4, 1.1500, 115, -0.45419770, 1.31317925, -0.43302003, 38.39946747, 162.31533813, -190.07997131, -30.78047371, 10.58170128, -81.11663055, -11.46721172, -19.66794014, -6.71783209, 1.00000000, 0.00000000, 0.00000000, 0.00000000, 0.17432208, 0.21122497, 0.44133461, 101.50400543, -14.89014626, 40.43999863, 0.00000000
5, 1.1999, 120, 0.57517129, 2.18209124, -0.89306498, 207.09378052, 195.75720215, -178.12811279, -2.42619109, 65.36100769, -101.95848846, 24.59881783, -69.26953125, -61.47664642, 0.75284690, 0.13317519, 0.56686896, 0.30683145, 1.03375828, 0.18335597, 1.05507183, 0.00000000, 0.00000000, 0.00000000, 0.00000000
5, 1.2099, 121, 0.56150103, 2.23378444, -0.82639033, 227.06242371, 176.35591125, -167.27752686, -2.89389062, 66.44255829, -101.95848846, 31.57405281, -68.94824982, -70.18103790, 0.73763019, 0.12960312, 0.57461780, 0.33002916, 1.07064223, 0.06642498, 1.07063246, 0.00000000, 0.00000000, 0.00000000, 0.00000000
4, 1.1600, 116, -0.22714037, 1.43899834, -0.44414425, 41.16189194, 173.73397827, -202.84342957, -31.56971550, 11.16632557, -81.55509949, -10.39127254, -21.48629189, -8.82276058, 1.00000000, 0.00000000, 0.00000000, 0.00000000, -0.07781026, 0.16574030, 0.57936025, 101.50400543, -14.89014626, 40.43999863, 0.00000000
4, 1.1700, 117, -0.10100378, 1.51489317, -0.42838687, 59.99293518, 193.70571899, -212.41059875, -31.56971550, 11.16632557, -81.55509949, -8.95576191, -23.32995605, -11.23128414, 1.00000000, 0.00000000, 0.00000000, 0.00000000, -0.23148698, 0.10518967, 0.65919006, 101.50400543, -14.89014626, 40.43999863, 0.00000000
4, 1.1800, 118, -0.03610401, 1.54123712, -0.30829653, 85.57382202, 199.79589844, -212.62193298, -32.59280777, 11.63402462, -80.59046936, -7.38742065, -20.97349548, -15.34846973, 1.00000000, 0.00000000, 0.00000000, 0.00000000, -0.30906200, -0.04391552, 0.65185750, 101.50400543, -14.89014626, 40.43999863, 0.00000000
2, 1.1800, 118, -0.09327644, 2.59360385, 0.68696904, 133.97526550, 198.22967529, 282.80328369, 9.76322746, 45.77608871, 77.90119934, 37.26729584, -37.18878174, -16.71052551, 0.90338910, -0.25571683, 0.34295014, 0.02970435, 1.25129688, 0.39235675, 1.09416163, 0.00000000, 0.00000000, 0.00000000, 0.00000000
2, 1.1900, 119, -0.07164994, 2.42024302, 0.83430934, 144.83047485, 189.31109619, 314.46023560, 9.73399544, 45.95147705, 76.67348480, 37.16357040, -33.90642548, -18.83869362, 0.90966052, -0.25546658, 0.32254830, 0.05672128, 1.23570466, 0.15390484, 1.03927946, 0.00000000, 0.00000000, 0.00000000, 0.00000000
2, 1.2000, 120, -0.12147912, 2.34587049, 0.99334204, 144.79405212, 189.53822327, 357.79010010, 9.61707115, 47.29611206, 75.59193420, 33.31185913, -33.90182877, -19.39269829, 0.91740394, -0.22320963, 0.32150707, 0.07197765, 1.32724142, -0.02119993, 0.99233401, 0.00000000, 0.00000000, 0.00000000, 0.00000000
2, 1.2100, 121, -0.27412951, 2.30452061, 1.18480003, 139.96578979, 202.40165710, 400.09716797, 11.83864307, 47.29611206, 75.27038574, 32.72567749, -30.01314545, -21.66983414, 0.92396504, -0.22055832, 0.29516479, 0.10256985, 1.50143170, -0.17151846, 0.89995056, 0.00000000, 0.00000000, 0.00000000, 0.00000000
2, 1.2200, 122, -0.32770857, 2.32944727, 1.35934091, 124.96132660, 222.70999146, 429.33618164, 11.83864307, 48.84536743, 75.27038574, 31.66758919, -25.97495461, -23.96152306, 0.92975587, -0.21519497, 0.26669091, 0.13461469, 1.68361211, -0.31014201, 0.90827382, 0.00000000, 0.00000000, 0.00000000, 0.00000000
4, 1.1900, 119, -0.05934670, 1.56505966, -0.23642020, 101.09678650, 187.13261414, -206.13694763, -33.20666504, 12.18941784, -81.29202271, -5.55159807, -22.64256287, -17.78637123, 1.00000000, 0.00000000, 0.00000000, 0.00000000, -0.26351905, -0.14473265, 0.63934219, 101.50400543, -14.89014626, 40.43999863, 0.00000000
4, 1.2000, 120, -0.04439940, 1.53368521, -0.21955658, 112.54093170, 167.66510010, -199.61877441, -34.14206314, 12.54019260, -81.14586639, -3.58284688, -24.21588135, -20.09393883, 1.00000000, 0.00000000, 0.00000000, 0.00000000, -0.30545270, -0.18315826, 0.61283642, 101.50400543, -14.89014626, 40.43999863, 0.00000000
4, 1.2100, 121, 0.04760790, 1.42507517, -0.21272825, 127.57052612, 143.53147888, -194.25746155, -34.14206314, 12.54019260, -81.14586639, -1.47452843, -25.72391701, -22.22288132, 1.00000000, 0.00000000, 0.00000000, 0.00000000, -0.42530563, -0.19020177, 0.51949316, 101.50400543, -14.89014626, 40.43999863, 0.00000000
4, 1.2200, 122, 0.03872047, 1.31101072, -0.20621799, 143.93243408, 123.04685974, -184.98434448, -35.19438553, 12.97866154, -81.87664032, 0.78521907, -27.12898254, -24.19764709, 1.00000000, 0.00000000, 0.00000000, 0.00000000, -0.44284797, -0.19685337, 0.41884500, 101.50400543, -14.89014626, 40.43999863, 0.00000000
4, 1.2300, 123, -0.05836668, 1.30628777, -0.23464414, 161.52604675, 113.00632477, -177.22210693, -36.33440399, 11.83864307, -82.57819366, 1.01596928, -24.26018333, -26.95750618, 1.00000000, 0.00000000, 0.00000000, 0.00000000, -0.35010570, -0.19659278, 0.42267555, 101.50400543, -14.89014626, 40.43999863, 0.00000000
4, 1.2400, 124, -0.17156178, 1.29998541, -0.25978151, 181.39526367, 113.56594849, -169.80377197, -37.44519043, 12.83250523, -83.54282379, 3.56548500, -25.47084045, -28.83439445, 1.00000000, 0.00000000, 0.00000000, 0.00000000, -0.20766208, -0.18453456, 0.40635353, 101.50400543, -14.89014626, 40.43999863, 0.00000000
4, 1.2500, 125, -0.27294332, 1.19503880, -0.27836925, 197.60685730, 125.18955994, -157.89947510, -38.35136032, 11.04940033, -85.00438690, 6.37402821, -26.44524002, -30.86375427, 1.00000000, 0.00000000, 0.00000000, 0.00000000, -0.12637945, -0.17726821, 0.31954575, 101.50400543, -14.89014626, 40.43999863, 0.00000000
4, 1.2600, 126, -0.31258345, 1.10749722, -0.33439904, 208.71580505, 149.19500732, -143.21655273, -38.35136032, 11.04940033, -85.00438690, 9.42298698, -27.08865929, -33.13662720, 1.00000000, 0.00000000, 0.00000000, 0.00000000, -0.10104875, -0.14268318, 0.26308319, 101.50400543, -14.89014626, 40.43999863, 0.00000000
4, 1.2700, 127, -0.34109497, 1.06408834, -0.37998536, 220.20375061, 181.12907410, -127.05337524, -38.93598175, 12.18941784, -86.58287048, 12.72092533, -27.32326698, -35.68711472, 1.00000000, 0.00000000, 0.00000000, 0.00000000, -0.07960727, -0.13464677, 0.24610141, 101.50400543, -14.89014626, 40.43999863, 0.00000000
2, 1.2300, 123, -0.13852273, 2.26967001, 1.48460913, 100.24053955, 229.53495789, 424.23001099, 11.57556248, 48.31920624, 74.18883514, 30.24214172, -22.13040733, -26.17270660, 0.93416095, -0.20741019, 0.23843467, 0.16575088, 1.62654042, -0.44552538, 1.02083540, 0.00000000, 0.00000000, 0.00000000, 0.00000000
2, 1.2400, 124, -0.04242712, 2.09908843, 1.63171649, 66.68695068, 211.07553101, 412.90893555, 13.12481689, 51.00847626, 74.24729156, 28.49389839, -18.52748108, -28.07161522, 0.93765128, -0.19779900, 0.21027794, 0.19356872, 1.57584453, -0.65161115, 1.01297176, 0.00000000, 0.00000000, 0.00000000, 0.00000000
4, 1.2800, 128, -0.34788492, 1.03845203, -0.38908309, 233.02244568, 214.65827942, -106.89369202, -38.70213318, 11.37094402, -87.02133942, 13.47575283, -25.76129150, -39.08098221, 1.00000000, 0.00000000, 0.00000000, 0.00000000, -0.06743757, -0.16054219, 0.23064640, 101.50400543, -14.89014626, 40.43999863, 0.00000000
4, 1.2900, 129, -0.34842634, 0.98029411, -0.38460389, 243.74223328, 248.82543945, -85.89207458, -37.85442734, 10.34785175, -88.19058990, 17.07794952, -25.11406136, -41.99628067, 1.00000000, 0.00000000, 0.00000000, 0.00000000, -0.04558961, -0.17309965, 0.16896212, 101.50400543, -14.89014626, 40.43999863, 0.00000000
2, 1.2500, 125, -0.06482019, 1.89132786, 1.73624110, 34.72723389, 189.90594482, 413.91284180, 14.61560917, 50.83308792, 73.80883026, 20.97358513, -21.54550171, -30.02528572, 0.94181013, -0.12509039, 0.22383419, 0.21735775, 1.54135251, -0.81024349, 0.88332474, 0.00000000, 0.00000000, 0.00000000, 0.00000000
5, 1.2199, 122, 0.46535063, 2.20780993, -0.73662251, 244.23263550, 164.66365051, -157.17150879, -3.53697753, 66.82256317, -102.60157776, 38.47679138, -68.13378143, -78.63513184, 0.72203547, 0.12393863, 0.58211219, 0.35277390, 1.06503439, -0.05655068, 0.97874230, 0.00000000, 0.00000000, 0.00000000, 0.00000000
4, 1.3000, 130, -0.34975302, 0.86438155, -0.32839561, 250.15110779, 274.17324829, -65.06360626, -37.97135162, 7.92166042, -90.41216278, 20.70520782, -23.98336792, -44.93021393, 1.00000000, 0.00000000, 0.00000000, 0.00000000, -0.03348863, -0.24874865, 0.05222331, 101.50400543, -14.89014626, 40.43999863, 0.00000000
2, 1.2600, 126, -0.12643391, 1.70213342, 1.85842061, 8.40994930, 175.08396912, 424.38604736, 14.61560917, 50.83308792, 73.80883026, 18.93793106, -18.20344734, -31.83308792, 0.94375294, -0.11342443, 0.19459800, 0.24206817, 1.49607682, -0.92021501, 0.74309593, 0.00000000, 0.00000000, 0.00000000, 0.00000000
4, 1.3100, 131, -0.35610849, 0.72370929, -0.30246946, 240.65580750, 288.72323608, -36.36060333, -37.97135162, 7.92166042, -90.41216278, 24.09570312, -22.37912369, -47.67009354, 1.00000000, 0.00000000, 0.00000000, 0.00000000, -0.00902918, -0.28689542, -0.07909369, 101.50400543, -14.89014626, 40.43999863, 0.00000000
2, 1.2700, 127, -0.10354716, 1.54108059, 2.04354000, -11.13302708, 165.03887939, 442.30545044, 15.58023930, 50.42385101, 73.69190216, 16.62469292, -14.77271938, -33.54521942, 0.94490093, -0.10056125, 0.16316991, 0.26537788, 1.51405644, -1.13450480, 0.70854324, 0.00000000, 0.00000000, 0.00000000, 0.00000000
2, 1.2800, 128, 0.01399503, 1.41549432, 2.21558309, -27.99698448, 150.13496399, 468.54541016, 18.24028015, 50.01461411, 74.39344788, 14.06180954, -11.15218067, -35.19318771, 0.94515991, -0.08697094, 0.12875392, 0.28728282, 1.48483753, -1.31152701, 0.75946045, 0.00000000, 0.00000000, 0.00000000, 0.00000000
4, 1.3200, 132, -0.23923863, 0.60086417, -0.31285524, 227.57923889, 286.41494751, -1.11812830, -35.77901077, 8.09704781, -90.58754730, 27.12858200, -20.39740944, -49.99380493, 1.00000000, 0.00000000, 0.00000000, 0.00000000, -0.09968264, -0.29164651, -0.17903835, 101.50400543, -14.89014626, 40.43999863, 0.00000000
4, 1.3300, 133, -0.08063157, 0.53490603, -0.36536643, 216.22657776, 269.55249023, 38.49803543, -34.34668350, 7.30780458, -90.99678040, 28.13396645, -15.54271412, -50.82585144, 1.00000000, 0.00000000, 0.00000000, 0.00000000, -0.21356528, -0.26387674, -0.21741152, 101.50400543, -14.89014626, 40.43999863, 0.00000000
2, 1.2900, 129, -0.08519989, 1.35675621, 2.39147401, -57.53444290, 129.15533447, 492.61328125, 21.10494041, 48.40689850, 74.42268372, 11.19083214, -7.35428667, -36.68455124, 0.94469398, -0.07227252, 0.09120610, 0.30661300, 1.65347159, -1.44758797, 0.70032370, 0.00000000, 0.00000000, 0.00000000, 0.00000000
4, 1.3400, 134, 0.05848854, 0.43904153, -0.45098609, 210.44902039, 248.27105713, 72.48695374, -33.35282135, 4.20929527, -91.87371826, 30.48250580, -13.20343971, -52.09525681, 1.00000000, 0.00000000, 0.00000000, 0.00000000, -0.28336892, -0.18144824, -0.28696421, 101.50400543, -14.89014626, 40.43999863, 0.00000000
4, 1.3500, 135, 0.13852264, 0.36418125, -0.52393979, 204.09851074, 226.24874878, 100.90824890, -33.35282135, 4.20929527, -91.87371826, 32.62685394, -10.79868412, -52.88895798, 1.00000000, 0.00000000, 0.00000000, 0.00000000, -0.32441920, -0.12653610, -0.32239449, 101.50400543, -14.89014626, 40.43999863, 0.00000000
5, 1.2299, 123, 0.45259523, 2.12597847, -0.62831110, 260.32803345, 163.47514343, -148.99220276, -4.70622635, 67.05641174, -103.56620789, 44.90534210, -66.81612396, -86.54408264, 0.70587063, 0.11667272, 0.58904117, 0.37571883, 0.97792614, -0.18611303, 0.94166577, 0.00000000, 0.00000000, 0.00000000, 0.00000000
5, 1.2399, 124, 0.54939502, 2.06269670, -0.48081228, 272.84280396, 161.23698425, -141.17788696, -5.08623219, 67.69950104, -104.09236908, 37.34739304, -64.71352386, -83.45198059, 0.71131480, 0.13559610, 0.55841708, 0.40474117, 0.86297297, -0.34361815, 0.98998863, 0.00000000, 0.00000000, 0.00000000, 0.00000000
5, 1.2499, 125, 0.66989386, 2.04257250, -0.40184844, 284.56820679, 155.88421631, -130.11535645, -5.08623219, 67.69950104, -104.09236908, 43.01229858, -63.23414612, -90.50909424, 0.69423330, 0.12664725, 0.56507730, 0.42742044, 0.79634225, -0.41303876, 1.04473639, 0.00000000, 0.00000000, 0.00000000, 0.00000000
2, 1.3000, 130, -0.48200804, 1.26416743, 2.58770776, -107.28321838, 123.94329834, 489.74987793, 22.27418900, 47.64688492, 75.09500122, 1.63961232, -12.27873993, -40.33729553, 0.93373036, 0.02351652, 0.10528401, 0.34133562, 1.98268473, -1.58306444, 0.42564160, 0.00000000, 0.00000000, 0.00000000, 0.00000000
2, 1.3100, 131, -0.71519071, 1.11568749, 2.59304762, -186.90803528, 149.83488464, 463.82308960, 22.27418900, 47.64688492, 75.09500122, -2.13100863, -9.25359535, -41.72590637, 0.93069464, 0.04604223, 0.06876235, 0.35631347, 2.00626469, -1.52715349, 0.17185640, 0.00000000, 0.00000000, 0.00000000, 0.00000000
2, 1.3200, 132, -0.86191231, 1.04311788, 2.56717658, -257.17993164, 172.64111328, 427.30752563, 23.88190651, 45.77608871, 76.67348480, -6.50015259, -6.72369528, -42.77217865, 0.92683470, 0.07404887, 0.03387804, 0.36653334, 2.10304451, -1.47405565, 0.01104274, 0.00000000, 0.00000000, 0.00000000, 0.00000000
2, 1.3300, 133, -0.81486613, 1.00129986, 2.39100194, -315.43569946, 181.51785278, 387.84167480, 25.19731140, 42.91143036, 78.83659363, -11.25475216, -4.57826567, -43.44306946, 0.92232919, 0.10573413, 0.00066525, 0.37165686, 2.01510978, -1.27050948, -0.04312396, 0.00000000, 0.00000000, 0.00000000, 0.00000000
4, 1.3600, 136, 0.17228284, 0.30609524, -0.58811432, 191.02200317, 208.44102478, 119.39532471, -31.62817764, 4.15083313, -92.31218719, 34.55551147, -8.39248466, -53.32615280, 1.00000000, 0.00000000, 0.00000000, 0.00000000, -0.31800371, -0.08099087, -0.34505695, 101.50400543, -14.89014626, 40.43999863, 0.00000000
5, 1.2599, 126, 0.73865896, 1.97881460, -0.42156160, 295.74676514, 153.82821655, -115.81258392, -5.58316278, 67.46565247, -104.99853516, 47.96585464, -61.32118607, -96.76435852, 0.67694700, 0.11610401, 0.57083786, 0.44989645, 0.73239124, -0.42673051, 1.09718263, 0.00000000, 0.00000000, 0.00000000, 0.00000000
5, 1.2699, 127, 0.66363007, 1.78961194, -0.39523450, 308.29608154, 161.87655640, -95.29249573, -6.10932446, 66.32563782, -106.22624969, 52.04151535, -58.94739914, -102.11279297, 0.65962106, 0.10383001, 0.57496065, 0.47279984, 0.60141790, -0.45465586, 0.96412814, 0.00000000, 0.00000000, 0.00000000, 0.00000000
2, 1.3400, 134, -0.78072363, 0.96360606, 2.09288740, -353.49899292, 164.08833313, 357.79299927, 25.63577843, 39.60830307, 80.00584412, -16.10048866, -2.53009558, -43.77864075, 0.91738540, 0.13806324, -0.03191284, 0.37191978, 1.88709497, -0.96055269, -0.14251402, 0.00000000, 0.00000000, 0.00000000, 0.00000000
4, 1.3700, 137, 0.19549108, 0.23908006, -0.65876031, 172.78564453, 189.30960083, 130.43083191, -29.61122513, 3.21543407, -93.15989685, 36.25473022, -6.06337595, -53.47394562, 1.00000000, 0.00000000, 0.00000000, 0.00000000, -0.30175415, -0.02210088, -0.37412596, 101.50400543, -14.89014626, 40.43999863, 0.00000000
5, 1.2799, 128, 0.61475825, 1.65093851, -0.35110563, 315.62377930, 183.16024780, -72.23475647, -5.93393755, 65.44869995, -107.86319733, 55.07934952, -56.15063095, -106.51152039, 0.64240658, 0.09033464, 0.57655126, 0.49673149, 0.50779319, -0.51274508, 0.86652929, 0.00000000, 0.00000000, 0.00000000, 0.00000000
2, 1.3500, 135, -0.82000232, 0.92002010, 1.83721387, -375.10217285, 129.83934021, 334.60433960, 25.95732307, 35.89593506, 81.67202759, -23.63261032, -10.67300320, -47.79873657, 0.88329017, 0.22328615, 0.00062764, 0.41223964, 1.78009844, -0.68218952, -0.26454413, 0.00000000, 0.00000000, 0.00000000, 0.00000000
4, 1.3800, 138, 0.19676176, 0.15682690, -0.70775890, 152.88674927, 163.42335510, 137.59211731, -27.79888916, 1.78310430, -93.18912506, 43.26201630, -0.35156065, -45.39955139, 1.00000000, 0.00000000, 0.00000000, 0.00000000, -0.25095439, 0.00654588, -0.40962827, 101.50400543, -14.89014626, 40.43999863, 0.00000000
4, 1.3900, 139, 0.21370700, 0.06670231, -0.73964447, 130.55511475, 131.39976501, 143.17549133, -24.96346092, -0.20461853, -93.07219696, 44.54640579, 1.51647508, -44.80170059, 1.00000000, 0.00000000, 0.00000000, 0.00000000, -0.18938461, -0.01029656, -0.42499346, 101.50400543, -14.89014626, 40.43999863, 0.00000000
2, 1.3600, 136, -0.82427925, 0.87676305, 1.56213450, -380.10803223, 90.35657501, 323.07736206, 25.95732307, 35.89593506, 81.67202759, -28.09172821, -8.30613613, -47.93415451, 0.87699121, 0.24972920, -0.03412959, 0.40909278, 1.55438280, -0.37395734, -0.34766418, 0.00000000, 0.00000000, 0.00000000, 0.00000000
2, 1.3700, 137, -0.98763090, 0.95899308, 1.33659291, -371.30871582, 52.43012238, 316.54083252, 26.39579010, 31.92049026, 83.51358795, -32.23310852, -5.72816896, -48.16428757, 0.87032586, 0.27270186, -0.06930383, 0.40418270, 1.67232513, -0.07312834, -0.47382355, 0.00000000, 0.00000000, 0.00000000, 0.00000000
4, 1.4000, 140, 0.25018996, -0.00292185, -0.75599164, 108.72476196, 94.11420441, 149.99560547, -24.96346092, -0.20461853, -93.07219696, 45.65413284, 3.06687713, -43.92734909, 1.00000000, 0.00000000, 0.00000000, 0.00000000, -0.19873843, 0.01230226, -0.47025043, 101.50400543, -14.89014626, 40.43999863, 0.00000000
5, 1.2899, 129, 0.70964950, 1.57159913, -0.27766439, 321.23733521, 209.82057190, -47.39711761, -5.72931862, 66.70564270, -109.12014008, 44.19081497, -54.15568924, -101.95971680, 0.65244126, 0.11682011, 0.52575111, 0.53315967, 0.41143441, -0.58893019, 0.89159787, 0.00000000, 0.00000000, 0.00000000, 0.00000000
5, 1.2999, 130, 0.92105544, 1.41446531, -0.15937333, 323.90429688, 230.11933899, -16.11884308, -5.72931862, 66.70564270, -109.12014008, 46.40143967, -51.12705231, -105.91845703, 0.63516033, 0.10250111, 0.52258778, 0.55943441, 0.18828067, -0.63825804, 0.94183636, 0.00000000, 0.00000000, 0.00000000, 0.00000000
5, 1.3099, 131, 1.01494980, 1.18062592, -0.04488657, 308.77664185, 245.06100464, 26.70279884, -5.05700064, 66.03332520, -109.58783722, 47.59038925, -47.81389999, -108.83213806, 0.61972439, 0.08692721, 0.51574332, 0.58514464, -0.04786918, -0.73379457, 0.91941488, 0.00000000, 0.00000000, 0.00000000, 0.00000000
2, 1.3800, 138, -1.21847188, 1.02585530, 1.11172891, -362.50946045, 26.17978668, 290.53207397, 27.24349594, 28.23735809, 83.86436462, -36.06607056, -3.12162471, -48.37213135, 0.86363363, 0.29289800, -0.10315567, 0.39712304, 1.83079433, 0.21104997, -0.65320313, 0.00000000, 0.00000000, 0.00000000, 0.00000000
4, 1.4100, 141, 0.28461540, -0.03242873, -0.74976045, 88.16028595, 55.40556335, 160.79339600, -24.46652985, -2.16311026, -93.01374054, 46.61034393, 4.29753923, -42.75030899, 1.00000000, 0.00000000, 0.00000000, 0.00000000, -0.21065281, 0.00387791, -0.48557466, 101.50400543, -14.89014626, 40.43999863, 0.00000000
2, 1.3900, 139, -1.46724951, 1.09416306, 0.91266197, -361.89715576, 8.68281746, 222.50639343, 27.27272606, 23.41420555, 84.65361023, -39.54376984, -0.67874807, -48.16994476, 0.85828793, 0.31109551, -0.13295627, 0.38585520, 2.01147008, 0.46660563, -0.83210349, 0.00000000, 0.00000000, 0.00000000, 0.00000000
2, 1.4000, 140, -1.56191897, 1.03978288, 0.79660040, -373.24630737, -6.08380461, 122.43074036, 27.30195808, 19.29260445, 84.33206940, -41.75922012, -11.31843185, -54.17058182, 0.81180626, 0.35772270, -0.07945508, 0.45463404, 1.98453689, 0.57032382, -0.93974566, 0.00000000, 0.00000000, 0.00000000, 0.00000000
5, 1.3199, 132, 0.97050339, 1.04432535, 0.06737117, 287.57910156, 252.91744995, 68.66168976, -4.29698896, 64.42560577, -109.90938568, 47.96165085, -44.34362411, -110.84020233, 0.60650414, 0.07027890, 0.50558376, 0.60958898, -0.14065237, -0.84583753, 0.79617167, 0.00000000, 0.00000000, 0.00000000, 0.00000000
4, 1.4200, 142, 0.30315647, -0.01579069, -0.73894036, 68.87821960, 21.92314911, 177.19062805, -23.50189972, -2.95235300, -92.69219208, 47.43527222, 5.27337551, -41.25526428, 1.00000000, 0.00000000, 0.00000000, 0.00000000, -0.21011741, -0.02086113, -0.46029079, 101.50400543, -14.89014626, 40.43999863, 0.00000000
4, 1.4300, 143, 0.29862845, 0.03662438, -0.76189160, 47.29324722, -9.82094765, 194.62873840, -22.97573853, -4.26775789, -92.83834839, 52.15066910, 8.53401375, -34.82577896, 1.00000000, 0.00000000, 0.00000000, 0.00000000, -0.17861119, -0.03244814, -0.37907642, 101.50400543, -14.89014626, 40.43999863, 0.00000000
4, 1.4400, 144, 0.26730296, 0.11538044, -0.79726964, 32.24421692, -28.79252434, 209.03628540, -22.42034531, -5.58316278, -93.56912994, 52.82041931, 8.98664474, -32.74552155, 1.00000000, 0.00000000, 0.00000000, 0.00000000, -0.10201358, -0.05920828, -0.24171996, 101.50400543, -14.89014626, 40.43999863, 0.00000000
5, 1.3299, 133, 0.97294098, 1.02777588, 0.14770636, 271.08303833, 260.33416748, 117.61326599, -2.83542824, 63.16866302, -110.96170807, 47.70729446, -40.66947937, -112.07352448, 0.59565455, 0.05175573, 0.49206007, 0.63276684, -0.13005818, -0.95127451, 0.75578451, 0.00000000, 0.00000000, 0.00000000, 0.00000000
5, 1.3399, 134, 1.11386752, 0.99041092, 0.16824885, 263.34802246, 266.20190430, 163.84004211, -1.34463608, 61.59017944, -110.84477997, 34.86682510, -35.52677917, -105.89656830, 0.62040031, 0.06039114, 0.40308833, 0.67005682, -0.16435078, -0.95859158, 0.80762172, 0.00000000, 0.00000000, 0.00000000, 0.00000000
5, 1.3499, 135, 1.19725537, 0.83714342, 0.19324651, 255.08035278, 265.92010498, 202.63618469, 0.78924292, 58.69628525, -110.69862366, 34.58020782, -31.58487892, -107.18311310, 0.61042380, 0.03938636, 0.38440147, 0.69142395, -0.26977453, -0.87425113, 0.70322365, 0.00000000, 0.00000000, 0.00000000, 0.00000000
4, 1.4500, 145, 0.22326288, 0.24369794, -0.81748837, 18.58109093, -43.20073318, 220.81015015, -22.42034531, -5.58316278, -93.56912994, 53.40046692, 9.31639862, -30.49452782, 1.00000000, 0.00000000, 0.00000000, 0.00000000, -0.04726866, -0.08413626, -0.10575078, 101.50400543, -14.89014626, 40.43999863, 0.00000000
5, 1.3599, 136, 1.13437319, 0.64251268, 0.22799127, 233.36737061, 255.49771118, 235.29774475, 0.78924292, 58.69628525, -110.69862366, 34.07948685, -27.56243324, -108.00373840, 0.60225511, 0.01698850, 0.36411765, 0.71022427, -0.37086830, -0.87421596, 0.53987908, 0.00000000, 0.00000000, 0.00000000, 0.00000000
2, 1.4100, 141, -1.57446969, 1.04673767, 0.70792961, -391.43627930, -17.52466583, 34.30030060, 27.30195808, 19.29260445, 84.33206940, -44.85479736, -9.14849281, -52.40264511, 0.81330824, 0.37376976, -0.10176717, 0.43413070, 1.83255994, 0.67209893, -0.94313723, 0.00000000, 0.00000000, 0.00000000, 0.00000000
2, 1.4200, 142, -1.47721863, 1.14192235, 0.53449392, -400.01049805, -31.61281776, -36.69716644, 27.24349594, 16.92487526, 83.86436462, -47.65738297, -6.94342566, -50.09349442, 0.81685805, 0.38879162, -0.12053920, 0.40872282, 1.78980160, 0.90894020, -0.85432601, 0.00000000, 0.00000000, 0.00000000, 0.00000000
2, 1.4300, 143, -1.38820100, 1.23281348, 0.37787753, -390.69686890, -48.93032455, -85.53675842, 28.09120178, 13.70944118, 82.72434998, -50.03780746, -4.67208195, -47.51382828, 0.82174850, 0.40163851, -0.13642769, 0.38053042, 1.75815237, 1.12260032, -0.76927918, 0.00000000, 0.00000000, 0.00000000, 0.00000000
2, 1.4400, 144, -1.33453488, 1.28768206, 0.28097737, -373.49398804, -62.57608032, -121.71193695, 29.20198822, 10.87401295, 81.29202271, -51.97996521, -2.37106490, -44.79227829, 0.82743824, 0.41215932, -0.14973244, 0.35078639, 1.75461221, 1.25944626, -0.71063966, 0.00000000, 0.00000000, 0.00000000, 0.00000000
5, 1.3699, 137, 1.03687751, 0.54267061, 0.29333866, 203.15582275, 241.34072876, 265.20938110, 2.83542824, 56.97164536, -110.11399841, 33.41248322, -23.53544426, -108.35320282, 0.59633881, -0.00633034, 0.34251291, 0.72596484, -0.37834436, -0.92243385, 0.37627238, 0.00000000, 0.00000000, 0.00000000, 0.00000000
5, 1.3799, 138, 1.00119197, 0.47579512, 0.36709282, 170.82000732, 233.93527222, 296.06256104, 4.96930695, 54.31160355, -109.14936829, 32.58404160, -19.47158432, -108.26416016, 0.59273511, -0.03046757, 0.31916448, 0.73883080, -0.37798947, -0.98185772, 0.28296152, 0.00000000, 0.00000000, 0.00000000, 0.00000000
5, 1.3899, 139, 1.03058994, 0.39662397, 0.39580116, 136.11396790, 223.73385620, 325.72253418, 6.34317446, 51.68079376, -108.21397400, 22.13391685, -11.59091759, -103.85738373, 0.61734068, -0.03974756, 0.21145269, 0.75670224, -0.38335645, -0.95552313, 0.23086849, 0.00000000, 0.00000000, 0.00000000, 0.00000000
4, 1.4600, 146, 0.17856061, 0.40388227, -0.80209053, 4.32335234, -53.61648560, 228.72608948, -21.71879578, -7.19087982, -93.77375031, 53.87220001, 9.54894733, -28.12587929, 1.00000000, 0.00000000, 0.00000000, 0.00000000, 0.00694832, -0.15170807, 0.04834589, 101.50400543, -14.89014626, 40.43999863, 0.00000000
5, 1.3999, 140, 1.05328071, 0.28275734, 0.41382146, 96.46359253, 204.66751099, 348.48669434, 8.88629055, 47.96842957, -106.51856232, 21.41606712, -7.49849939, -103.62007904, 0.61575395, -0.06413220, 0.18544793, 0.76311421, -0.38055456, -0.83632183, 0.12559831, 0.00000000, 0.00000000, 0.00000000, 0.00000000
5, 1.4099, 141, 1.10295594, 0.21705574, 0.40798289, 58.99327469, 174.02984619, 362.83261108, 8.88629055, 47.96842957, -106.51856232, 20.84891129, -3.51527500, -102.96893311, 0.61650270, -0.08901987, 0.16029194, 0.76570654, -0.38668823, -0.80706239, 0.13735345, 0.00000000, 0.00000000, 0.00000000, 0.00000000
5, 1.4199, 142, 1.11294413, 0.16523021, 0.34508404, 22.71364784, 132.43817139, 373.92288208, 9.76322746, 45.89301300, -105.26161957, 20.58489227, 0.30083981, -101.88699341, 0.61958134, -0.11458455, 0.13711552, 0.76432228, -0.35462019, -0.72803211, 0.12835741, 0.00000000, 0.00000000, 0.00000000, 0.00000000
5, 1.4299, 143, 1.02783597, 0.19116746, 0.23307264, -8.68920422, 89.65641785, 381.17214966, 10.84478188, 43.17451096, -105.05699921, 20.69340134, 3.92497635, -100.40161133, 0.62459570, -0.14077944, 0.11634362, 0.75929278, -0.20974675, -0.62542975, 0.06894706, 0.00000000, 0.00000000, 0.00000000, 0.00000000
4, 1.4700, 147, 0.13457218, 0.57061011, -0.76037556, -8.34738159, -59.78274155, 230.97955322, -21.57263947, -8.27243519, -94.09529114, 54.23526764, 9.70976639, -25.71026421, 1.00000000, 0.00000000, 0.00000000, 0.00000000, 0.05899715, -0.24533591, 0.19915156, 101.50400543, -14.89014626, 40.43999863, 0.00000000
2, 1.4500, 145, -1.25197923, 1.29803348, 0.23123546, -351.39642334, -68.80497742, -148.10002136, 30.48816109, 8.00935364, 80.88278198, -48.45613098, -12.68757915, -49.86529922, 0.80275398, 0.41232249, -0.08056212, 0.42318547, 1.66838908, 1.30732238, -0.65606976, 0.00000000, 0.00000000, 0.00000000, 0.00000000
5, 1.4399, 144, 0.81269038, 0.28395185, 0.16156986, -29.68129539, 54.49968719, 379.16421509, 11.37094402, 39.90061188, -104.29698944, 13.82804298, 4.61143589, -105.22033691, 0.59848326, -0.10477199, 0.07131463, 0.79104662, 0.01764716, -0.55337590, -0.09687040, 0.00000000, 0.00000000, 0.00000000, 0.00000000
5, 1.4499, 145, 0.56179619, 0.35779834, 0.21124157, -46.64501572, 29.57778931, 367.16632080, 11.80941200, 36.86056519, -103.88774872, 14.42137051, 7.96785641, -103.68122101, 0.60462695, -0.13156128, 0.05586907, 0.78357929, 0.18678601, -0.53765678, -0.33279231, 0.00000000, 0.00000000, 0.00000000, 0.00000000
5, 1.4599, 146, 0.43154812, 0.37938759, 0.31208679, -65.64908600, 21.25301743, 352.26010132, 11.80941200, 36.86056519, -103.88774872, 15.10484409, 11.09783363, -101.94503784, 0.61143279, -0.15684047, 0.04126430, 0.77449882, 0.28531921, -0.64970875, -0.44507626, 0.00000000, 0.00000000, 0.00000000, 0.00000000
5, 1.4799, 147, 0.61342984, 0.55430353, 0.30717534, -125.58986664, 24.00506210, 328.41201782, 12.04326248, 31.80356598, -103.56620789, 16.50938416, 16.78385162, -97.68183899, 0.62858391, -0.20222189, 0.01187912, 0.75089782, 0.47766358, -0.70551693, -0.18559729, 0.00000000, 0.00000000, 0.00000000, 0.00000000
2, 1.4600, 146, -1.11304271, 1.29601502, 0.21225621, -326.88320923, -72.44782257, -168.29664612, 30.48816109, 8.00935364, 80.88278198, -50.27851868, -10.75233173, -46.82778549, 0.81126505, 0.42182913, -0.09023306, 0.39467382, 1.43418193, 1.28883946, -0.58544934, 0.00000000, 0.00000000, 0.00000000, 0.00000000
2, 1.4700, 147, -0.91246939, 1.26978016, 0.24614792, -307.57330322, -76.96136475, -187.41624451, 31.59894753, 6.48933077, 78.89505768, -51.76384354, -8.84482193, -43.78483963, 0.81977874, 0.42970005, -0.09790585, 0.36569825, 1.32388163, 1.26834333, -0.42760703, 0.00000000, 0.00000000, 0.00000000, 0.00000000
2, 1.4800, 148, -0.70456576, 1.27406216, 0.23531757, -298.63778687, -84.49671936, -208.20739746, 32.41742325, 5.37854433, 77.69657898, -52.96973801, -6.89831448, -40.66122437, 0.82845151, 0.43613106, -0.10416837, 0.33556941, 1.20920682, 1.29768801, -0.26672900, 0.00000000, 0.00000000, 0.00000000, 0.00000000
2, 1.4900, 149, -0.50114864, 1.38524234, 0.18336517, -290.40798950, -99.31589508, -227.52119446, 34.11283112, 4.85238218, 76.38117218, -53.85421371, -4.85975838, -37.46133804, 0.83743936, 0.44062525, -0.10949223, 0.30423051, 1.14620590, 1.41624439, -0.06585765, 0.00000000, 0.00000000, 0.00000000, 0.00000000
2, 1.5000, 150, -0.28050900, 1.42756593, 0.11723889, -283.08966064, -114.48783112, -242.84455872, 34.11283112, 4.85238218, 76.38117218, -41.51417160, -11.55831432, -45.97341156, 0.84252948, 0.36137736, -0.05101669, 0.39616656, 0.98831451, 1.46341443, 0.05987768, 0.00000000, 0.00000000, 0.00000000, 0.00000000
2, 1.5100, 151, -0.06227937, 1.41362333, 0.03259998, -277.14764404, -136.98660278, -258.41409302, 35.74977875, 4.29698896, 74.33499146, -42.34783936, -10.06474781, -42.16540527, 0.85531861, 0.36514643, -0.05310697, 0.36370018, 0.70846581, 1.41542935, 0.06571089, 0.00000000, 0.00000000, 0.00000000, 0.00000000
2, 1.5200, 152, 0.10585430, 1.35202086, -0.05496110, -266.97991943, -169.05630493, -269.31823730, 36.71440887, 3.62467122, 72.52265167, -42.77629852, -8.35867214, -38.33521271, 0.86844635, 0.36583126, -0.05532178, 0.33001196, 0.54722905, 1.46484900, 0.11833737, 0.00000000, 0.00000000, 0.00000000, 0.00000000
4, 1.4800, 148, 0.08597797, 0.69770825, -0.70900005, -17.25872421, -62.76218033, 227.41723633, -21.28032684, -9.20783424, -94.03682709, 48.53475189, 8.58302975, -30.27788734, 1.00000000, 0.00000000, 0.00000000, 0.00000000, 0.10794554, -0.32003319, 0.28702009, 101.50400543, -14.89014626, 40.43999863, 0.00000000
4, 1.4900, 149, 0.05572104, 0.72611487, -0.67778760, -22.28081322, -65.75290680, 219.60072327, -21.28032684, -9.20783424, -94.03682709, 48.70496368, 8.86479473, -27.97243500, 1.00000000, 0.00000000, 0.00000000, 0.00000000, 0.12661955, -0.31411549, 0.24482407, 101.50400543, -14.89014626, 40.43999863, 0.00000000
4, 1.5000, 150, 0.04172577, 0.64458191, -0.66158128, -24.54776955, -71.79592896, 212.08808899, -20.95878410, -10.17246437, -94.91376495, 48.85647964, 9.05414295, -25.70930290, 1.00000000, 0.00000000, 0.00000000, 0.00000000, 0.14171082, -0.30635503, 0.16420461, 101.50400543, -14.89014626, 40.43999863, 0.00000000
5, 1.4899, 148, 0.63926548, 0.68338335, 0.23802651, -153.61737061, 14.42240906, 311.87304688, 11.66325665, 28.03273773, -103.74159241, 10.26455975, 8.39282131, -109.85891724, 0.56538945, -0.11091210, 0.03114098, 0.81673962, 0.59767461, -0.65358150, -0.11168946, 0.00000000, 0.00000000, 0.00000000, 0.00000000
2, 1.5300, 153, 0.10793288, 1.16658986, -0.06738053, -253.13424683, -198.02926636, -275.89105225, 39.02367783, 3.97544575, 70.73954773, -42.78826141, -6.49511528, -34.52996445, 0.88157940, 0.36344045, -0.05772003, 0.29563034, 0.46246976, 1.37738681, 0.00511302, 0.00000000, 0.00000000, 0.00000000, 0.00000000
4, 1.5100, 151, 0.04138692, 0.53575611, -0.59173661, -29.38874435, -75.77258301, 207.73957825, -20.28646660, -11.02016926, -94.62145233, 48.96302795, 9.18319225, -23.46793938, 1.00000000, 0.00000000, 0.00000000, 0.00000000, 0.14042278, -0.34135109, 0.04139629, 101.50400543, -14.89014626, 40.43999863, 0.00000000
5, 1.4999, 149, 0.59205234, 0.77938628, 0.19203307, -176.46357727, 1.05343425, 293.84591675, 11.02016926, 26.86348915, -104.09236908, 10.71020794, 10.84518337, -107.43031311, 0.57947105, -0.13082764, 0.01921220, 0.80419421, 0.61616123, -0.56161034, -0.16049679, 0.00000000, 0.00000000, 0.00000000, 0.00000000
4, 1.5200, 152, 0.05572686, 0.45955738, -0.51153576, -39.66618729, -74.45147705, 205.82069397, -20.90032196, -12.30634308, -94.97222900, 48.96784592, 9.31189060, -21.24654388, 1.00000000, 0.00000000, 0.00000000, 0.00000000, 0.12500554, -0.39513642, -0.05406863, 101.50400543, -14.89014626, 40.43999863, 0.00000000
