SensorId, TimeStamp (s), FrameNumber, AccX (g), AccY (g), AccZ (g), GyroX (deg/s), GyroY (deg/s), GyroZ (deg/s), MagX (uT), MagY (uT), MagZ (uT), EulerX (deg), EulerY (deg), EulerZ (deg), QuatW, QuatX, QuatY, QuatZ, LinAccX (g), LinAccY (g), LinAccZ (g), Pressure (kPa), Altitude (m), Temperature (degC), HeaveMotion (m)
5, 0.0000, 0, 1.46168101, 0.42784414, -0.11842889, 7.40259266, -23.47875404, 144.38494873, -1.95849168, 68.72259521, -77.78427124, 12.50913334, 5.32912302, -0.85479534, 0.99290758, -0.10916998, -0.04539879, 0.01247162, -0.13942924, 0.15202565, 0.49279720, 0.00000000, 0.00000000, 0.00000000, 0.00000000
5, 0.0100, 1, 1.55287302, 0.50610781, -0.15696852, 18.32211494, -49.45771027, 159.76826477, -0.38000584, 67.87489319, -78.42736053, 11.90446663, 6.90050697, -0.91276014, 0.99272472, -0.10398480, -0.05903102, 0.01414856, -0.11109100, 0.24441835, 0.58968800, 0.00000000, 0.00000000, 0.00000000, 0.00000000
5, 0.0200, 2, 1.57579529, 0.56254661, -0.10672206, 32.56294632, -74.95172119, 175.73425293, 0.81847411, 66.70564270, -78.63198090, 11.41411114, 8.77588272, -1.03481126, 0.99201763, -0.09983421, -0.07523146, 0.01656714, -0.01577164, 0.25396615, 0.63682187, 0.00000000, 0.00000000, 0.00000000, 0.00000000
5, 0.0300, 3, 1.49388766, 0.56824875, -0.05543375, 46.36719131, -88.48891449, 188.95880127, 2.92312193, 65.82870483, -79.27506256, 10.95734787, 10.86002064, -1.26229131, 0.99080521, -0.09607862, -0.09314474, 0.01995006, 0.08072902, 0.22828904, 0.57468861, 0.00000000, 0.00000000, 0.00000000, 0.00000000
5, 0.0400, 4, 1.38824427, 0.50727689, -0.06115248, 55.72713470, -94.06316376, 198.95956421, 3.62467122, 62.99327469, -80.59046936, 11.24230099, 11.53037453, -1.12943733, 0.99001247, -0.09843537, -0.09900334, 0.01959783, 0.09704322, 0.19788191, 0.46380904, 0.00000000, 0.00000000, 0.00000000, 0.00000000
5, 0.0500, 5, 1.37378228, 0.43107569, -0.05830080, 59.51558304, -95.57923126, 212.05480957, 5.55393171, 63.72405624, -81.05816650, 10.69288445, 13.85928440, -1.48105931, 0.98814857, -0.09404179, -0.11892001, 0.02401507, 0.06839374, 0.14511383, 0.43732983, 0.00000000, 0.00000000, 0.00000000, 0.00000000
2, -0.0000, 0, 1.10022855, 1.25812340, 0.28973049, -54.21916199, -125.77160645, 320.05078125, 24.08652496, 56.27009583, 71.29494476, -28.28906631, 42.04684830, -18.98324776, 0.90719950, 0.16761383, -0.38072532, 0.06279275, -0.07291792, 0.49502036, 0.85588068, 0.00000000, 0.00000000, 0.00000000, 0.00000000
2, 0.0100, 1, 0.92361116, 1.15619195, 0.22282834, -62.33094788, -135.99279785, 319.44100952, 27.12657166, 54.54545212, 70.94416809, -30.13052177, 45.25596237, -20.86311531, 0.89467376, 0.16867766, -0.40882039, 0.06302932, 0.10789608, 0.52625072, 0.73950350, 0.00000000, 0.00000000, 0.00000000, 0.00000000
2, 0.0200, 2, 0.77143449, 1.02095795, 0.27269953, -76.13310242, -116.79707336, 317.19436646, 29.96199989, 52.67465591, 70.97339630, -32.49771881, 48.27210236, -23.11855316, 0.88128185, 0.17150506, -0.43577597, 0.06346428, 0.26370832, 0.43717161, 0.63917857, 0.00000000, 0.00000000, 0.00000000, 0.00000000
2, 0.0300, 3, 0.74920678, 1.00185978, -0.00757506, -62.70436096, -93.04205322, 330.80471802, 29.96199989, 52.67465591, 70.97339630, -22.80839920, 44.55491638, -15.14805031, 0.90905529, 0.13239363, -0.39248213, 0.04525712, 0.27042240, 0.67923927, 0.53893405, 0.00000000, 0.00000000, 0.00000000, 0.00000000
5, 0.0600, 6, 1.38147116, 0.40035677, -0.08104608, 56.20295334, -89.27056885, 225.30427551, 5.55393171, 63.72405624, -81.05816650, 9.98301411, 16.24260902, -1.86236739, 0.98588687, -0.08841121, -0.13931516, 0.02831745, 0.06986207, 0.15431122, 0.44077009, 0.00000000, 0.00000000, 0.00000000, 0.00000000
5, 0.0700, 7, 1.37718642, 0.41175184, -0.08159600, 50.89155960, -79.53814697, 238.13500977, 7.27857351, 62.35018921, -82.16895294, 9.08132935, 18.65131569, -2.27656627, 0.98323727, -0.08131386, -0.15995331, 0.03236746, 0.11908963, 0.17803346, 0.44860166, 0.00000000, 0.00000000, 0.00000000, 0.00000000
5, 0.0800, 8, 1.37336087, 0.46332529, -0.12132279, 47.00033188, -78.05319214, 246.03660583, 8.62320995, 60.45016098, -82.84127045, 8.08285999, 21.09924126, -2.71369219, 0.98007160, -0.07359160, -0.18093981, 0.03612101, 0.17203489, 0.25997496, 0.45988521, 0.00000000, 0.00000000, 0.00000000, 0.00000000
2, 0.0400, 4, 0.43472084, 0.64916468, -0.16834009, -73.87731934, -73.68284607, 302.87460327, 32.24203491, 50.83308792, 71.58725739, -25.00411606, 47.34718704, -17.09608841, 0.89711881, 0.13778841, -0.41711897, 0.04694793, 0.44875342, 0.65677261, 0.02058265, 0.00000000, 0.00000000, 0.00000000, 0.00000000
2, 0.0500, 5, 0.24427480, 0.42531472, -0.53910065, -18.25096893, -71.83613586, 308.93820190, 34.78514862, 49.45922089, 71.17801666, -27.14435577, 50.05231094, -19.58897209, 0.88486105, 0.13958436, -0.44139773, 0.05201304, 0.57775247, 0.94057655, -0.30842981, 0.00000000, 0.00000000, 0.00000000, 0.00000000
4, 0.0001, 0, 0.02075659, 1.16253150, -0.28212380, 43.45009995, 1.85181212, 110.52097321, -63.16866302, 17.53873062, -63.57789993, 5.01478958, 11.35283375, 5.88509226, 1.00000000, 0.00000000, 0.00000000, 0.00000000, 0.09658073, -0.02281634, 0.21300133, 101.52000427, -16.21993637, 35.95000076, 0.00000000
2, 0.0600, 6, 0.36341736, -0.04665349, -0.53362656, 9.65238857, -60.26344299, 294.91412354, 37.29903412, 47.32534409, 70.82723999, -29.38375092, 52.47954941, -22.43936729, 0.87286091, 0.13992508, -0.46376127, 0.05882498, 0.37494621, 0.78434074, -0.66445374, 0.00000000, 0.00000000, 0.00000000, 0.00000000
5, 0.0900, 9, 1.38189590, 0.56836045, -0.25540316, 49.35761642, -88.26409912, 250.02203369, 10.37708282, 58.81321335, -83.77667236, 10.87305641, 20.57381439, -0.41377696, 0.97943252, -0.09386137, -0.17743628, 0.02045569, 0.18784276, 0.43231019, 0.47578299, 0.00000000, 0.00000000, 0.00000000, 0.00000000
5, 0.1000, 10, 1.33788574, 0.70960903, -0.40171435, 64.78025055, -101.50633240, 251.45550537, 11.63402462, 56.62086868, -84.91668701, 10.04180145, 23.24927139, -0.86598790, 0.97556913, -0.08723843, -0.20007229, 0.02500820, 0.21502843, 0.60502863, 0.44351214, 0.00000000, 0.00000000, 0.00000000, 0.00000000
5, 0.1100, 11, 1.16808391, 0.76362062, -0.45153686, 84.34836578, -117.56409454, 247.56378174, 11.63402462, 56.62086868, -84.91668701, 9.31212997, 26.01870918, -1.50583076, 0.97079402, -0.08203222, -0.22330850, 0.03103250, 0.31854084, 0.69353139, 0.30111933, 0.00000000, 0.00000000, 0.00000000, 0.00000000
5, 0.1200, 12, 0.91615063, 0.68412519, -0.42974350, 96.46179962, -129.95585632, 239.15739441, 12.97866154, 54.19467926, -85.67670441, 8.67563629, 28.81093979, -2.27132678, 0.96522230, -0.07816110, -0.24656889, 0.03795504, 0.39745924, 0.63827556, 0.06729159, 0.00000000, 0.00000000, 0.00000000, 0.00000000
4, 0.0101, 1, 0.00814963, 1.19698119, -0.33365393, 57.23465347, 21.03111649, 114.43150330, -61.97018433, 18.00643158, -63.92867661, 5.61697483, 12.50754833, 6.03793049, 1.00000000, 0.00000000, 0.00000000, 0.00000000, 0.12573351, 0.01224209, 0.26190892, 101.52000427, -16.21993637, 35.95000076, 0.00000000
5, 0.1300, 13, 0.72314191, 0.53573799, -0.45039085, 101.82394409, -127.83142090, 232.33964539, 14.03098488, 51.71002579, -86.99210358, 7.99292088, 31.53699493, -3.15245986, 0.95914322, -0.07450352, -0.26914275, 0.04533988, 0.38083130, 0.56858915, -0.13316433, 0.00000000, 0.00000000, 0.00000000, 0.00000000
5, 0.1400, 14, 0.60571247, 0.36027259, -0.37104574, 108.26986694, -102.60203552, 223.25465393, 15.08330917, 50.48231506, -88.71675110, 13.28224945, 30.78925323, 0.03787468, 0.95766127, -0.11141345, -0.26372120, 0.03038460, 0.36894834, 0.38443488, -0.25067919, 0.00000000, 0.00000000, 0.00000000, 0.00000000
2, 0.0700, 7, 0.80372858, -0.23141144, 0.07539257, 3.09987235, -31.31244087, 321.83938599, 37.29903412, 47.32534409, 70.82723999, -32.62916946, 54.78554535, -26.25348282, 0.85920835, 0.14261502, -0.48666695, 0.06765535, -0.01815777, 0.15759590, -0.47998393, 0.00000000, 0.00000000, 0.00000000, 0.00000000
4, 0.0201, 2, 0.03026046, 1.19389141, -0.37500194, 69.55027008, 37.93625259, 115.81934357, -60.85939789, 18.44489861, -64.30867767, 6.32342482, 13.72161198, 6.05087900, 1.00000000, 0.00000000, 0.00000000, 0.00000000, 0.12370563, 0.04254834, 0.27093759, 101.52000427, -16.21993637, 35.95000076, 0.00000000
4, 0.0301, 3, 0.05872191, 1.18206251, -0.39425501, 77.24400330, 49.60769272, 116.02428436, -60.47939301, 18.64951706, -65.79947662, 7.31469822, 13.41637516, 6.12846851, 1.00000000, 0.00000000, 0.00000000, 0.00000000, 0.11020493, 0.05051547, 0.26624820, 101.52000427, -16.21993637, 35.95000076, 0.00000000
4, 0.0401, 4, 0.08547141, 1.13587403, -0.40389737, 80.98387909, 54.83529663, 113.12535095, -59.31014252, 19.40952873, -66.23793793, 8.11488056, 14.65648079, 6.01304483, 1.00000000, 0.00000000, 0.00000000, 0.00000000, 0.08753769, 0.05258126, 0.22353028, 101.52000427, -16.21993637, 35.95000076, 0.00000000
5, 0.1500, 15, 0.43529439, 0.15955451, -0.30101636, 114.19834137, -71.25710297, 201.45783997, 15.78485775, 48.49459076, -88.57059479, 12.33588028, 33.01623917, -0.97767085, 0.95293421, -0.10542067, -0.28161708, 0.03866160, 0.32172814, 0.14508505, -0.43639174, 0.00000000, 0.00000000, 0.00000000, 0.00000000
5, 0.1600, 16, 0.23936196, 0.03858969, -0.35525039, 128.99224854, -47.65909958, 168.11178589, 15.78485775, 48.49459076, -88.57059479, 11.26831341, 34.85594940, -2.31423330, 0.94869769, -0.09966926, -0.29610729, 0.04857241, 0.29109004, 0.12418272, -0.64665735, 0.00000000, 0.00000000, 0.00000000, 0.00000000
5, 0.1700, 17, 0.29285336, -0.07127436, -0.28434247, 145.38969421, -44.50074768, 143.09127808, 16.45717621, 44.28529739, -89.94445801, 10.20619678, 36.49110413, -3.90392017, 0.94446164, -0.09504917, -0.30879062, 0.06005342, 0.26541132, 0.01643550, -0.59288901, 0.00000000, 0.00000000, 0.00000000, 0.00000000
2, 0.0800, 8, 0.93001592, -0.33332655, 0.18435134, -15.35732841, -2.99742866, 373.21411133, 38.87752151, 45.22069550, 70.79801178, -33.99862289, 59.90597916, -31.55158424, 0.83705533, 0.11395706, -0.52835786, 0.08479500, -0.12652147, 0.02627888, -0.45013654, 0.00000000, 0.00000000, 0.00000000, 0.00000000
2, 0.0900, 9, 0.41922694, 0.32041237, 0.82829058, -55.64657593, 6.13268471, 355.87643433, 41.15755463, 43.70067215, 70.82723999, -39.98065567, 61.94405365, -37.40511322, 0.81962472, 0.12256734, -0.55206692, 0.09173223, 0.62287748, -0.38200194, 0.28578299, 0.00000000, 0.00000000, 0.00000000, 0.00000000
5, 0.1800, 18, 0.62622213, -0.25687185, -0.13755535, 157.08891296, -38.06279373, 131.49351501, 16.74948883, 45.62993240, -90.52908325, 9.03624821, 37.99056244, -5.71924591, 0.94015419, -0.09057999, -0.32035872, 0.07263420, 0.14411123, -0.19832391, -0.27572817, 0.00000000, 0.00000000, 0.00000000, 0.00000000
2, 0.1000, 10, 0.19372037, 0.38315389, 1.31952775, -69.26782227, 130.95695496, 327.55508423, 42.91143036, 38.49751663, 71.90879822, -47.56607437, 62.43710327, -44.53120804, 0.80341917, 0.13945541, -0.56959951, 0.10308354, 0.90770835, -0.79205424, 0.49234724, 0.00000000, 0.00000000, 0.00000000, 0.00000000
4, 0.0501, 5, 0.09660484, 1.09270644, -0.42129198, 80.35288239, 55.04516220, 105.23808289, -59.31014252, 19.40952873, -66.23793793, 8.90422058, 15.82431412, 5.88541651, 1.00000000, 0.00000000, 0.00000000, 0.00000000, 0.09902672, 0.06520975, 0.19097465, 101.52000427, -16.21993637, 35.95000076, 0.00000000
4, 0.0601, 6, 0.09887250, 1.07374907, -0.44157833, 78.12144470, 56.17300034, 94.73217773, -58.14089203, 17.30488205, -67.87489319, 9.66105938, 16.89913559, 5.72355890, 1.00000000, 0.00000000, 0.00000000, 0.00000000, 0.11628470, 0.07677530, 0.18330315, 101.52000427, -16.21993637, 35.95000076, 0.00000000
4, 0.0701, 7, 0.08247981, 1.07348299, -0.44077358, 78.53363800, 63.79563904, 85.03842926, -57.61473083, 19.40952873, -67.93334961, 10.39586449, 17.91234779, 5.46516943, 1.00000000, 0.00000000, 0.00000000, 0.00000000, 0.14989859, 0.06471659, 0.19118069, 101.52000427, -16.21993637, 35.95000076, 0.00000000
4, 0.0801, 8, 0.10336322, 1.08218610, -0.45460859, 83.46588135, 78.28706360, 76.73409271, -56.41625214, 19.87722778, -68.95644379, 11.65722466, 17.15349197, 5.34589434, 1.00000000, 0.00000000, 0.00000000, 0.00000000, 0.13768446, 0.06311584, 0.20665658, 101.52000427, -16.21993637, 35.95000076, 0.00000000
5, 0.1900, 19, 1.04178524, -0.53003323, 0.09518723, 159.25382996, -27.10135651, 132.72625732, 17.21718788, 45.04530716, -91.46448517, 0.28465956, 39.14348984, -11.52356815, 0.93737614, -0.03595888, -0.33305842, 0.09541990, -0.01360923, -0.50882071, 0.11390622, 0.00000000, 0.00000000, 0.00000000, 0.00000000
4, 0.0901, 9, 0.15970707, 1.01236570, -0.52333927, 92.99169922, 85.88755035, 69.56634521, -56.41625214, 19.87722778, -68.95644379, 12.48089314, 18.11594391, 4.85793400, 1.00000000, 0.00000000, 0.00000000, 0.00000000, 0.07922958, 0.12409434, 0.14970551, 101.52000427, -16.21993637, 35.95000076, 0.00000000
4, 0.1001, 10, 0.23037031, 0.85561746, -0.48715287, 96.14065552, 80.05064392, 70.40420532, -56.27009583, 19.87722778, -70.15492249, 13.34860992, 19.06888962, 4.44445705, 1.00000000, 0.00000000, 0.00000000, 0.00000000, 0.03424684, 0.10507352, -0.00685393, 101.52000427, -16.21993637, 35.95000076, 0.00000000
2, 0.1100, 11, -0.46166939, 0.42019156, 0.31853241, -41.07472229, 109.13497162, 252.12020874, 43.46682358, 38.73136520, 72.81496429, -53.49423218, 62.41122437, -50.22233582, 0.79056203, 0.15220748, -0.58230239, 0.11299782, 1.46307683, 0.20121990, 0.07588714, 0.00000000, 0.00000000, 0.00000000, 0.00000000
2, 0.1200, 12, 0.20947701, -0.65993309, 0.58852899, -40.94757462, 73.78995514, 216.62493896, 43.46682358, 38.73136520, 72.81496429, -58.45802307, 62.37449646, -54.96044922, 0.77900243, 0.16207212, -0.59367412, 0.12016220, 0.57237315, -0.38774249, -0.61320049, 0.00000000, 0.00000000, 0.00000000, 0.00000000
5, 0.2000, 20, 1.11788332, -0.84803677, 0.12022702, 133.18942261, -40.45224762, 141.27499390, 17.62642479, 44.46068192, -91.08448029, -1.13088346, 40.45864105, -13.44040012, 0.93222344, -0.03126500, -0.34446952, 0.10640828, -0.23234642, -0.64411545, 0.12400983, 0.00000000, 0.00000000, 0.00000000, 0.00000000
5, 0.2100, 21, 0.86528444, -0.89197469, 0.16137579, 93.04488373, -52.99040985, 148.63781738, 17.62642479, 44.46068192, -91.08448029, -2.37372184, 41.88964844, -14.91674900, 0.92678607, -0.02721070, -0.35687923, 0.11386126, -0.14066948, -0.68725568, -0.10148574, 0.00000000, 0.00000000, 0.00000000, 0.00000000
5, 0.2200, 22, 0.40250799, -0.64125454, 0.16191360, 72.93503571, -45.48146439, 131.03845215, 18.26951218, 39.22829437, -92.25372314, -3.49516058, 43.12645340, -16.16736794, 0.92191964, -0.02357730, -0.36769477, 0.11962000, 0.19887230, -0.50684720, -0.46693736, 0.00000000, 0.00000000, 0.00000000, 0.00000000
2, 0.1300, 13, 0.18176103, -0.26859367, -0.05814913, -19.14255333, 26.84885597, 246.09040833, 43.26220322, 36.18824768, 72.87342834, -80.19422913, 68.59155273, -84.95539093, 0.71117586, 0.10137621, -0.67722982, 0.15909620, 0.65078068, 0.35983613, -0.39895216, 0.00000000, 0.00000000, 0.00000000, 0.00000000
2, 0.1400, 14, -0.38625333, -0.36507487, 0.21523729, -11.28587151, -63.17621613, 222.78341675, 43.96375275, 35.54516220, 72.99035645, -86.25415039, 68.75641632, -91.30461884, 0.69709241, 0.09968731, -0.69153935, 0.16092892, 1.23306084, 0.03737842, -0.40253699, 0.00000000, 0.00000000, 0.00000000, 0.00000000
2, 0.1500, 15, -0.91753501, -0.54620606, 0.50620538, -33.13483429, -79.87074280, 200.39851379, 45.16223145, 32.59280777, 72.43495941, -92.12022400, 68.96059418, -97.27562714, 0.68394494, 0.09739849, -0.70509189, 0.15993254, 1.72787809, -0.29876584, -0.57521027, 0.00000000, 0.00000000, 0.00000000, 0.00000000
2, 0.1600, 16, -1.40691960, -0.51869524, 0.63589925, -62.18003845, -60.40414429, 151.16493225, 45.80532074, 31.86202812, 71.70417786, -96.97686005, 69.06031799, -101.85349274, 0.67368448, 0.09718102, -0.71572435, 0.15634531, 2.21916246, -0.41570252, -0.60330081, 0.00000000, 0.00000000, 0.00000000, 0.00000000
4, 0.1101, 11, 0.31655160, 0.72915387, -0.40376562, 82.63703918, 70.89770508, 77.08809662, -55.80239487, 20.08184814, -70.41800690, 14.10932255, 20.05218315, 4.15225554, 1.00000000, 0.00000000, 0.00000000, 0.00000000, -0.02728186, 0.03516132, -0.14314954, 101.52000427, -16.21993637, 35.95000076, 0.00000000
4, 0.1201, 12, 0.38520056, 0.67369199, -0.36231187, 68.22762299, 62.14910507, 82.08877563, -55.36392975, 20.34492874, -71.20724487, 14.75392056, 21.04899788, 3.96903062, 1.00000000, 0.00000000, 0.00000000, 0.00000000, -0.07572582, -0.00458900, -0.20088905, 101.52000427, -16.21993637, 35.95000076, 0.00000000
4, 0.1301, 13, 0.43376413, 0.65260965, -0.39164180, 57.97889328, 54.90200043, 83.18860626, -54.28237152, 20.37415886, -72.63957977, 16.54126358, 24.18522644, 3.95348525, 1.00000000, 0.00000000, 0.00000000, 0.00000000, -0.09858581, 0.01671759, -0.20567067, 101.52000427, -16.21993637, 35.95000076, 0.00000000
4, 0.1401, 14, 0.49784416, 0.66209882, -0.45511118, 53.23710632, 52.67067337, 88.44966125, -54.28237152, 20.37415886, -72.63957977, 17.08239174, 25.20347977, 3.92538834, 1.00000000, 0.00000000, 0.00000000, 0.00000000, -0.12189586, 0.05975970, -0.16462393, 101.52000427, -16.21993637, 35.95000076, 0.00000000
5, 0.2300, 23, 0.15396895, -0.46278977, 0.11135267, 70.02642822, -34.88250732, 95.96046448, 18.15258598, 41.97602844, -93.15989685, -4.43996334, 44.01950836, -17.33518982, 0.91803169, -0.02093219, -0.37561843, 0.12526251, 0.38415414, -0.33857191, -0.65914178, 0.00000000, 0.00000000, 0.00000000, 0.00000000
5, 0.2400, 24, 0.19319053, -0.46776471, 0.11798914, 72.65523529, -35.05857086, 61.18608856, 18.12335587, 40.28062057, -92.95527649, -17.24750519, 45.77156067, -27.89114380, 0.89807212, 0.04140600, -0.40645760, 0.16292456, 0.38504577, -0.30177361, -0.60161638, 0.00000000, 0.00000000, 0.00000000, 0.00000000
5, 0.2500, 25, 0.32813084, -0.49511722, 0.22014956, 71.62874603, -42.18994522, 31.19976616, 18.12335587, 40.60216141, -93.13066101, -17.71863937, 46.06646347, -29.00029564, 0.89542246, 0.04041936, -0.40976951, 0.16933356, 0.40361986, -0.28331450, -0.42038962, 0.00000000, 0.00000000, 0.00000000, 0.00000000
5, 0.2600, 26, 0.26079744, -0.48816055, 0.27366227, 63.48025513, -41.92798233, 4.84533834, 18.12335587, 40.60216141, -93.13066101, -17.86543083, 46.20780945, -29.84829903, 0.89368033, 0.03817005, -0.41134641, 0.17513655, 0.46566257, -0.31641158, -0.46834159, 0.00000000, 0.00000000, 0.00000000, 0.00000000
5, 0.2700, 27, 0.11217953, -0.46425369, 0.35402101, 51.28413010, -26.40906906, -22.98672485, 18.29874229, 40.33908081, -93.42297363, -17.75060654, 46.09466553, -30.37085915, 0.89324057, 0.03569181, -0.41048595, 0.17985778, 0.57940996, -0.36101076, -0.58767343, 0.00000000, 0.00000000, 0.00000000, 0.00000000
2, 0.1700, 17, -1.32865262, -0.43981615, 0.52357864, -83.68613434, -19.60930252, 90.56620789, 45.80532074, 31.86202812, 71.70417786, -100.23035431, 69.02983856, -104.43971252, 0.66734135, 0.10017347, -0.72232008, 0.15124367, 2.15350556, -0.28706428, -0.52296901, 0.00000000, 0.00000000, 0.00000000, 0.00000000
4, 0.1501, 15, 0.51196361, 0.65573734, -0.45457190, 52.31826782, 52.77915955, 100.00553894, -53.23004913, 20.31569672, -72.90265656, 17.64282417, 26.32453346, 3.96674728, 1.00000000, 0.00000000, 0.00000000, 0.00000000, -0.11860146, 0.05448108, -0.16155145, 101.52000427, -16.21993637, 35.95000076, 0.00000000
4, 0.1601, 16, 0.50958616, 0.68533367, -0.38086155, 48.09555817, 55.27884293, 114.81694031, -52.35311127, 19.81876564, -73.13651276, 18.19118309, 27.58790207, 4.07332325, 1.00000000, 0.00000000, 0.00000000, 0.00000000, -0.09830002, -0.02893964, -0.13452111, 101.52000427, -16.21993637, 35.95000076, 0.00000000
4, 0.1701, 17, 0.60769349, 0.78445017, -0.32011086, 34.29167938, 61.02613831, 125.94982147, -51.41771317, 20.02338409, -73.75036621, 18.61058426, 28.97825241, 4.18906116, 1.00000000, 0.00000000, 0.00000000, 0.00000000, -0.18056951, -0.11062571, -0.04190297, 101.52000427, -16.21993637, 35.95000076, 0.00000000
4, 0.1801, 18, 0.70028466, 0.86723995, -0.23960283, 16.45768929, 52.55633545, 130.34860229, -50.36539078, 20.25723457, -73.75036621, 16.26677322, 32.72302246, 2.03194261, 1.00000000, 0.00000000, 0.00000000, 0.00000000, -0.24700253, -0.19534209, 0.03367518, 101.52000427, -16.21993637, 35.95000076, 0.00000000
5, 0.2800, 28, 0.11917683, -0.49408105, 0.54305685, 42.11024094, 8.45271873, -50.18590546, 17.94796753, 41.15755463, -94.27068329, -17.54031944, 45.58724976, -30.61671638, 0.89439476, 0.03449031, -0.40640897, 0.18357667, 0.67083079, -0.52312219, -0.55405486, 0.00000000, 0.00000000, 0.00000000, 0.00000000
5, 0.2900, 29, 0.22652248, -0.61581886, 0.63548142, 30.64647484, 49.18103027, -69.32934570, 17.94796753, 38.70213318, -93.68605804, -29.96130371, 40.62429047, -42.71194077, 0.87641329, 0.10365666, -0.40059021, 0.24633849, 0.58690071, -0.63078493, -0.46566671, 0.00000000, 0.00000000, 0.00000000, 0.00000000
4, 0.1901, 19, 0.75355512, 0.87668949, -0.19645400, 4.31652689, 38.08104706, 130.20541382, -50.36539078, 20.25723457, -73.75036621, 16.48844528, 34.05450821, 2.34136939, 1.00000000, 0.00000000, 0.00000000, 0.00000000, -0.25383273, -0.20625205, 0.05121075, 101.52000427, -16.21993637, 35.95000076, 0.00000000
2, 0.1800, 18, -1.06263864, -0.27179620, 0.13722810, -84.21880341, 51.15919495, 39.72474670, 47.03303146, 29.49429893, 72.28880310, -111.46127319, 64.32752228, -99.01184082, 0.64408559, 0.22632688, -0.72665590, 0.07681843, 1.89538002, 0.14696963, -0.38933784, 0.00000000, 0.00000000, 0.00000000, 0.00000000
2, 0.1900, 19, -1.40975058, -0.30952245, 0.48892647, -55.00655365, 72.85343933, -21.57583046, 46.30224991, 29.52353096, 72.66880798, -110.95703125, 64.06929016, -97.68321228, 0.64522213, 0.23336041, -0.72370166, 0.07407668, 2.22709346, -0.15810852, -0.33532956, 0.00000000, 0.00000000, 0.00000000, 0.00000000
2, 0.2000, 20, -1.46701145, -0.27768621, 0.93291616, -42.21767807, 150.90151978, -80.84687042, 45.57146835, 29.78661156, 74.01344299, -108.55780029, 63.55121613, -94.21889496, 0.65103245, 0.24448651, -0.71491450, 0.07266706, 2.32549047, -0.55577040, -0.18898837, 0.00000000, 0.00000000, 0.00000000, 0.00000000
5, 0.3000, 30, 0.33327121, -0.75920796, 0.64711201, 10.48730183, 87.04895020, -81.20955658, 18.15258598, 41.97602844, -93.24758911, -29.63966751, 39.52877045, -42.09556580, 0.88014960, 0.10724616, -0.39154464, 0.24602403, 0.40653843, -0.60739702, -0.39178374, 0.00000000, 0.00000000, 0.00000000, 0.00000000
4, 0.2001, 20, 0.74948615, 0.81608397, -0.19783591, -6.78543520, 11.66971397, 125.86090088, -48.58228683, 17.83104324, -73.75036621, 16.73964119, 35.22688675, 2.91442323, 1.00000000, 0.00000000, 0.00000000, 0.00000000, -0.22831428, -0.19340065, 0.00488519, 101.52000427, -16.21993637, 35.95000076, 0.00000000
4, 0.2101, 21, 0.71967328, 0.76123667, -0.21377546, -19.58302116, -19.60480499, 117.99153137, -47.29611206, 20.43262100, -74.07190704, 17.02969170, 36.18455887, 3.78825569, 1.00000000, 0.00000000, 0.00000000, 0.00000000, -0.18061689, -0.16818330, -0.03291680, 101.52000427, -16.21993637, 35.95000076, 0.00000000
4, 0.2201, 22, 0.69902772, 0.75116205, -0.21505590, -31.26453209, -50.66487503, 109.78801727, -46.00993729, 19.23414230, -73.51651764, 17.37452316, 36.92245102, 4.96243477, 1.00000000, 0.00000000, 0.00000000, 0.00000000, -0.14800006, -0.16696402, -0.03195515, 101.52000427, -16.21993637, 35.95000076, 0.00000000
2, 0.2100, 21, -1.60062039, -0.21042804, 1.12624025, -43.39592361, 226.40721130, -152.12672424, 43.81759644, 30.66354752, 75.38731384, -104.43825531, 62.77035522, -88.65547943, 0.66175145, 0.25971770, -0.69970679, 0.07100856, 2.48255062, -0.69756567, -0.12355927, 0.00000000, 0.00000000, 0.00000000, 0.00000000
2, 0.2200, 22, -1.38625157, -0.07095283, 1.45260775, -66.09477997, 320.27996826, -215.77490234, 43.81759644, 30.66354752, 75.38731384, -99.15769196, 61.39168167, -81.27841949, 0.67619687, 0.28117675, -0.67752647, 0.06822984, 2.32917285, -0.93297064, 0.12964380, 0.00000000, 0.00000000, 0.00000000, 0.00000000
2, 0.2300, 23, -1.13516486, 0.22051656, 1.50630450, -76.59397888, 395.25057983, -268.45190430, 41.39140701, 31.68664169, 77.19964600, -87.70339203, 47.30617523, -80.73556519, 0.68330210, 0.29610962, -0.63145280, 0.21606626, 2.11650014, -0.81033862, 0.42032319, 0.00000000, 0.00000000, 0.00000000, 0.00000000
5, 0.3100, 31, 0.38678187, -0.79388833, 0.62972587, -12.61057377, 129.36686707, -94.52362061, 17.74334908, 43.32066727, -91.63986969, -29.37328720, 38.17310333, -41.09054947, 0.88509959, 0.11334638, -0.38027817, 0.24318711, 0.33738577, -0.61390662, -0.36649740, 0.00000000, 0.00000000, 0.00000000, 0.00000000
5, 0.3200, 32, 0.34159538, -0.67360651, 0.59088862, -40.44137955, 169.03858948, -113.97462463, 17.74334908, 43.32066727, -91.63986969, -29.09666443, 36.56107712, -39.62915421, 0.89138055, 0.12147984, -0.36648947, 0.23742156, 0.39150086, -0.50019288, -0.40554655, 0.00000000, 0.00000000, 0.00000000, 0.00000000
2, 0.2400, 24, -0.86391771, 0.58046287, 1.69450629, -94.58666229, 478.73315430, -331.25949097, 38.40982056, 33.41128159, 80.26892853, -84.89798737, 43.95449448, -74.28919220, 0.69795114, 0.33216146, -0.59804589, 0.21183513, 1.83396935, -0.70397371, 0.79567814, 0.00000000, 0.00000000, 0.00000000, 0.00000000
4, 0.2301, 23, 0.73357892, 0.78208846, -0.19534013, -34.04847336, -59.47426605, 108.08157349, -45.89301300, 20.19877243, -73.66267395, 15.21430969, 39.31985474, 3.83643317, 1.00000000, 0.00000000, 0.00000000, 0.00000000, -0.16862093, -0.18522969, 0.00306080, 101.52000427, -16.21993637, 35.95000076, 0.00000000
4, 0.2401, 24, 0.73186505, 0.77449566, -0.19245276, -39.17908096, -59.44361877, 112.04866791, -45.89301300, 20.19877243, -73.66267395, 15.60808754, 40.06960678, 5.14076662, 1.00000000, 0.00000000, 0.00000000, 0.00000000, -0.13900849, -0.16067196, 0.01027753, 101.52000427, -16.21993637, 35.95000076, 0.00000000
2, 0.2500, 25, -0.40640154, 0.97510904, 2.02231455, -83.66752625, 516.78411865, -360.92028809, 34.52206802, 33.79129028, 82.60742188, -82.41069794, 40.07335663, -67.93669891, 0.71230489, 0.36924547, -0.55957645, 0.20773494, 1.47109354, -0.84133965, 1.34202111, 0.00000000, 0.00000000, 0.00000000, 0.00000000
5, 0.3300, 33, 0.40105909, -0.40659350, 0.69013661, -69.62949371, 217.35424805, -136.33952332, 17.15872574, 43.96375275, -90.20754242, -28.87245178, 34.61943054, -37.69175720, 0.89896178, 0.13217510, -0.34957841, 0.22845659, 0.60013449, -0.39149001, -0.28468344, 0.00000000, 0.00000000, 0.00000000, 0.00000000
5, 0.3400, 34, 0.60694641, -0.15737008, 0.74335444, -90.98209381, 249.07403564, -150.10368347, 16.86641312, 45.60070038, -87.86904144, -28.90956116, 23.16051674, -48.18375397, 0.88645452, 0.14388531, -0.27727267, 0.34149009, 0.68126309, -0.24857040, -0.05549819, 0.00000000, 0.00000000, 0.00000000, 0.00000000
2, 0.2600, 26, -0.11569034, 1.19119513, 2.33237457, -99.93694305, 527.44360352, -370.05718994, 28.29582024, 34.49283981, 84.47821808, -80.68683624, 35.97709656, -61.98559189, 0.72437316, 0.40661275, -0.51883048, 0.20190237, 1.21608186, -1.02124095, 1.68091822, 0.00000000, 0.00000000, 0.00000000, 0.00000000
5, 0.3500, 35, 0.82727027, 0.11564595, 0.78448206, -118.02393341, 262.44937134, -153.27886963, 16.36948204, 46.33148193, -85.26746368, -29.31416702, 21.04026985, -45.88758469, 0.89395398, 0.16023955, -0.25964642, 0.32825828, 0.69193166, -0.05826910, 0.16401446, 0.00000000, 0.00000000, 0.00000000, 0.00000000
4, 0.2501, 25, 0.69909799, 0.75585085, -0.24546379, -54.60460281, -60.94822693, 118.02358246, -44.37298965, 20.60800934, -72.52265167, 15.89983559, 40.86254120, 6.50680780, 1.00000000, 0.00000000, 0.00000000, 0.00000000, -0.09543405, -0.10704442, 0.01350145, 101.52000427, -16.21993637, 35.95000076, 0.00000000
4, 0.2601, 26, 0.68175387, 0.78676957, -0.30598143, -70.01943207, -66.34811401, 126.00361633, -43.78836441, 19.08798599, -72.43495941, 16.12852478, 41.70046234, 7.99431419, 1.00000000, 0.00000000, 0.00000000, 0.00000000, -0.06982665, -0.05384127, 0.06607874, 101.52000427, -16.21993637, 35.95000076, 0.00000000
4, 0.2701, 27, 0.67933512, 0.81754047, -0.30524269, -72.59481049, -76.07286072, 134.20478821, -42.20988083, 17.94796753, -72.11341858, 16.46874619, 42.56232452, 9.67181015, 1.00000000, 0.00000000, 0.00000000, 0.00000000, -0.05811626, -0.06112597, 0.10685535, 101.52000427, -16.21993637, 35.95000076, 0.00000000
2, 0.2700, 27, 0.16407286, 1.28399897, 2.65819573, -139.23887634, 504.86578369, -366.08950806, 28.29582024, 34.49283981, 84.47821808, -79.89612579, 32.08875656, -56.51423645, 0.73298246, 0.44323459, -0.47877663, 0.19249117, 0.94035238, -1.26041961, 1.92023015, 0.00000000, 0.00000000, 0.00000000, 0.00000000
2, 0.2800, 28, 0.41691002, 1.31145191, 2.92513347, -198.61759949, 446.06698608, -347.05682373, 22.82958221, 35.01900101, 86.75825500, -73.12286377, 23.85265923, -49.52867126, 0.76517493, 0.45969796, -0.39486164, 0.21741515, 0.65450668, -1.46856999, 2.06021023, 0.00000000, 0.00000000, 0.00000000, 0.00000000
5, 0.3600, 36, 1.08513117, 0.56005144, 0.83003402, -149.59138489, 254.97227478, -147.63966370, 15.22946453, 47.82227325, -83.51358795, -29.79782677, 19.16749191, -43.36958313, 0.90127504, 0.17613459, -0.24318340, 0.31231683, 0.92458868, 0.21490896, 0.51467967, 0.00000000, 0.00000000, 0.00000000, 0.00000000
5, 0.3700, 37, 1.35615540, 1.14785337, 0.84387839, -172.53453064, 223.99356079, -135.65998840, 15.22946453, 47.82227325, -83.51358795, -30.25253105, 17.70269966, -40.77423477, 0.90809494, 0.18994272, -0.22905694, 0.29464948, 1.24064779, 0.60575223, 0.90752137, 0.00000000, 0.00000000, 0.00000000, 0.00000000
5, 0.3800, 38, 1.68434429, 1.53367829, 0.88961780, -182.40740967, 172.41253662, -110.96535492, 13.85559750, 48.61151505, -81.11663055, -30.61950302, 16.79273605, -38.31784058, 0.91397792, 0.20051768, -0.21876299, 0.27673060, 1.42323339, 0.83634090, 1.31674743, 0.00000000, 0.00000000, 0.00000000, 0.00000000
4, 0.2801, 28, 0.67364430, 0.81554055, -0.26708803, -65.20690155, -84.91529083, 140.20138550, -42.20988083, 17.94796753, -72.11341858, 15.07247066, 42.99916077, 9.04399395, 1.00000000, 0.00000000, 0.00000000, 0.00000000, -0.04215576, -0.09549464, 0.10669459, 101.52000427, -16.21993637, 35.95000076, 0.00000000
4, 0.2901, 29, 0.58255017, 0.78589302, -0.27219936, -56.18700027, -86.36756897, 141.53416443, -41.50833130, 20.34492874, -71.38263702, 15.73664474, 43.89802170, 10.92358303, 1.00000000, 0.00000000, 0.00000000, 0.00000000, 0.05767538, -0.07295260, 0.08769613, 101.52000427, -16.21993637, 35.95000076, 0.00000000
2, 0.2900, 29, 0.61484528, 1.44557333, 3.10020161, -235.54298401, 336.15386963, -314.09991455, 18.06489372, 34.31745148, 87.95673370, -74.49749756, 21.33070755, -45.72738266, 0.76432729, 0.49084640, -0.36685717, 0.20072213, 0.40859857, -1.55504298, 2.21399069, 0.00000000, 0.00000000, 0.00000000, 0.00000000
5, 0.3900, 39, 1.98326731, 1.36247170, 0.82321995, -184.09744263, 101.94412994, -71.27944183, 13.53405380, 49.07921600, -79.47968292, -22.83735085, 10.43362427, -45.55772781, 0.90698254, 0.14727268, -0.15850811, 0.36134288, 1.13299632, 0.75015289, 1.52689493, 0.00000000, 0.00000000, 0.00000000, 0.00000000
5, 0.4000, 40, 1.92055976, 1.04759669, 0.30850279, -190.33854675, 27.99702072, -26.85140800, 13.24174213, 48.75767136, -77.49195862, -23.12133598, 10.78088570, -43.71928787, 0.91225922, 0.15090513, -0.15970664, 0.34569451, 0.52793646, 0.84844398, 1.22795868, 0.00000000, 0.00000000, 0.00000000, 0.00000000
4, 0.3001, 30, 0.38205332, 0.72328961, -0.31883889, -57.48897552, -82.51869202, 136.85122681, -39.63753128, 20.28646660, -70.79801178, 16.38640594, 44.75666809, 12.76723003, 1.00000000, 0.00000000, 0.00000000, 0.00000000, 0.27203807, -0.02060078, 0.05972679, 101.52000427, -16.21993637, 35.95000076, 0.00000000
4, 0.3101, 31, 0.14710702, 0.72122175, -0.25884649, -68.32781219, -89.66667938, 126.16967010, -38.87752151, 19.32183456, -70.82723999, 16.97848129, 45.47519684, 14.66049862, 1.00000000, 0.00000000, 0.00000000, 0.00000000, 0.51703501, -0.08364318, 0.07212893, 101.52000427, -16.21993637, 35.95000076, 0.00000000
5, 0.4100, 41, -0.23321740, 1.92943132, -2.30161619, -102.50288391, -43.10932541, -2.60409737, 13.47559166, 48.05612183, -78.36889648, -22.94243622, 11.44955158, -42.81346893, 0.91510570, 0.14855219, -0.16323827, 0.33744213, 0.18833096, 3.38653874, -1.14976084, 0.00000000, 0.00000000, 0.00000000, 0.00000000
2, 0.3000, 30, 0.79736447, 1.42698073, 3.06812978, -256.38171387, 204.90893555, -286.42654419, 15.20023346, 32.03741455, 88.62905121, -76.02165985, 20.19971275, -42.30977631, 0.76238322, 0.51554638, -0.34765309, 0.17922384, 0.19853722, -1.51452291, 2.25505018, 0.00000000, 0.00000000, 0.00000000, 0.00000000
2, 0.3100, 31, 0.37479097, 1.86919808, 4.84674788, -227.51583862, 627.52624512, -231.66720581, 15.20023346, 32.03741455, 88.62905121, -78.48986816, 14.96527195, -38.93725204, 0.75140947, 0.55777252, -0.30414304, 0.17824334, 0.82518834, -3.02458310, 3.14102650, 0.00000000, 0.00000000, 0.00000000, 0.00000000
4, 0.3201, 32, -0.07527309, 0.75580013, -0.10167372, -77.39482880, -104.64601898, 109.21713257, -37.32826614, 19.05875397, -69.59953308, 17.55713272, 45.96170044, 16.65180397, 1.00000000, 0.00000000, 0.00000000, 0.00000000, 0.74573034, -0.24925709, 0.09911610, 101.52000427, -16.21993637, 35.95000076, 0.00000000
4, 0.3301, 33, -0.25214541, 0.76934969, 0.02436747, -89.81551361, -114.24463654, 72.28064728, -37.32826614, 19.05875397, -69.59953308, 10.83170223, 36.24481583, 10.26432514, 1.00000000, 0.00000000, 0.00000000, 0.00000000, 0.89382100, -0.36456490, 0.07144137, 101.52000427, -16.21993637, 35.95000076, 0.00000000
4, 0.3401, 34, -0.39257085, 0.81369871, 0.08365636, -102.08515930, -111.10264587, 32.45011520, -37.21134186, 19.67260933, -69.21952820, 10.54119110, 36.15169525, 11.61531639, 1.00000000, 0.00000000, 0.00000000, 0.00000000, 0.93505675, -0.38372689, 0.01324843, 101.52000427, -16.21993637, 35.95000076, 0.00000000
4, 0.3501, 35, -0.45491382, 0.77457571, 0.22600698, -121.97587585, -99.64094543, -7.62320709, -36.53902435, 19.17568016, -68.95644379, 9.86645794, 35.73634338, 12.63895607, 1.00000000, 0.00000000, 0.00000000, 0.00000000, 0.99699038, -0.50968230, -0.05223824, 101.52000427, -16.21993637, 35.95000076, 0.00000000
4, 0.3601, 36, -0.45153287, 0.78348893, 0.55925107, -132.66931152, -83.07918549, -29.88022614, -37.09441757, 19.35106659, -68.25489807, 8.92050076, 35.18251419, 13.37049770, 1.00000000, 0.00000000, 0.00000000, 0.00000000, 0.98937505, -0.82735229, -0.11329249, 101.52000427, -16.21993637, 35.95000076, 0.00000000
4, 0.3701, 37, -0.79853159, 0.97877818, 0.76420665, -123.78740692, -59.05771637, -52.43888474, -37.50365448, 19.00029182, -67.46565247, 7.87287760, 34.50347900, 13.74956989, 1.00000000, 0.00000000, 0.00000000, 0.00000000, 1.31794596, -1.05216706, 0.05299752, 101.52000427, -16.21993637, 35.95000076, 0.00000000
5, 0.4200, 42, -2.38273048, 4.18473291, -0.53658170, 8.35781860, 81.61467743, -51.27224731, 13.47559166, 48.05612183, -78.36889648, -23.13213730, 10.53368187, -42.59985352, 0.91560471, 0.15334620, -0.15631062, 0.33722398, 3.57155919, 3.55833483, -2.30777407, 0.00000000, 0.00000000, 0.00000000, 0.00000000
5, 0.4300, 43, 0.81250888, 1.86747837, -1.03657436, 95.90261078, 301.60769653, -49.28121948, 12.89096737, 48.52382278, -77.22888184, -24.73439407, 7.75371981, -43.02487946, 0.91198027, 0.17458184, -0.13980198, 0.34390196, 0.57618451, 2.41819382, 0.09102350, 0.00000000, 0.00000000, 0.00000000, 0.00000000
5, 0.4400, 44, 2.15924764, -0.34488788, -0.75685728, 116.71935272, 162.39491272, 15.45229530, 11.86787510, 49.78076553, -75.79654694, -21.71663475, 13.21363449, -38.06422424, 0.92931324, 0.14005312, -0.16784127, 0.29764324, -1.24772060, 0.74697733, 0.91778839, 0.00000000, 0.00000000, 0.00000000, 0.00000000
5, 0.4500, 45, 2.23643994, -0.39400053, -0.69174957, 41.75759125, -48.33837891, 45.27907944, 11.07863140, 49.86845779, -74.68576050, -21.66974068, 13.68568516, -38.67634583, 0.92757452, 0.13735875, -0.17222457, 0.30178958, -1.17782652, 0.61738396, 0.98912752, 0.00000000, 0.00000000, 0.00000000, 0.00000000
2, 0.3200, 32, 6.13437080, 2.77975225, -4.38218737, -234.41799927, 1414.18786621, 271.69696045, 10.49400711, 29.34814262, 88.62905121, -84.30616760, 1.61147153, -38.54469681, 0.70285505, 0.63000113, -0.23132592, 0.23575786, -5.51661777, 6.04217529, 2.61776471, 0.00000000, 0.00000000, 0.00000000, 0.00000000
2, 0.3300, 33, 6.60182381, 0.79831272, 2.98306155, -339.29150391, 200.52534485, 220.93225098, 0.61385560, 32.97281647, 86.29055786, -92.76764679, 8.58623409, -34.53864288, 0.67296743, 0.67407030, -0.26363087, 0.15245609, -5.87851143, -1.55503702, 3.36090493, 0.00000000, 0.00000000, 0.00000000, 0.00000000
2, 0.3400, 34, -0.57648462, 0.10156566, 0.78570539, 280.00567627, -374.12142944, -154.29972839, -0.43846828, 29.75738144, 86.69979095, -88.98128510, 11.76495171, -34.34057999, 0.69918561, 0.64445019, -0.27564645, 0.14086340, 0.82301593, 0.27687001, 0.20345980, 0.00000000, 0.00000000, 0.00000000, 0.00000000
2, 0.3500, 35, -2.08572268, 1.96690834, 0.13877855, 99.01868439, -363.16516113, -97.70726013, 4.03390837, 31.16047859, 87.51826477, -87.08642578, 15.13491726, -34.50722885, 0.71311742, 0.62385845, -0.29371279, 0.12647952, 2.75966024, 1.48884392, 1.24636745, 0.00000000, 0.00000000, 0.00000000, 0.00000000
4, 0.3801, 38, -0.80774534, 0.92666548, 0.31503603, -148.55960083, -6.19314861, -111.03775787, -37.50365448, 19.00029182, -67.46565247, 3.96233463, 22.69052887, 10.46520424, 1.00000000, 0.00000000, 0.00000000, 0.00000000, 1.27021766, -0.57536650, 0.05168914, 101.52000427, -16.21993637, 35.95000076, 0.00000000
5, 0.4600, 46, 1.41525185, 0.38154185, -0.07010978, 6.18454552, -85.30979919, -10.07608986, 11.54633141, 49.92692184, -75.82578278, -20.98718262, 14.20033073, -38.70701599, 0.92805845, 0.13023940, -0.17456198, 0.30211487, 0.03106371, 0.65697694, 0.51545238, 0.00000000, 0.00000000, 0.00000000, 0.00000000
2, 0.3600, 36, -1.28770459, 0.75264645, 1.30574822, 32.70470428, 77.38818359, 42.09419632, 4.03390837, 31.16047859, 87.51826477, -87.04711151, 14.21821022, -34.70015717, 0.71219510, 0.62550569, -0.28943744, 0.13321735, 1.79440928, -0.01580187, 0.71866971, 0.00000000, 0.00000000, 0.00000000, 0.00000000
4, 0.3901, 39, -0.62619805, 1.09945619, -0.48000795, -116.99500275, 78.14941406, -130.01559448, -37.62057877, 18.70797920, -65.85793304, 2.39301753, 21.61867332, 9.23412800, 1.00000000, 0.00000000, 0.00000000, 0.00000000, 0.92878157, 0.21828672, 0.27985087, 101.52000427, -16.21993637, 35.95000076, 0.00000000
4, 0.4001, 40, -0.51924527, 0.97974926, -0.84526223, -58.07794571, 149.57580566, -125.07325745, -39.49137497, 19.32183456, -64.86407471, 1.23469388, 20.72346497, 7.34238863, 1.00000000, 0.00000000, 0.00000000, 0.00000000, 0.80923945, 0.62045956, 0.21705934, 101.52000427, -16.21993637, 35.95000076, 0.00000000
4, 0.4101, 41, -0.52946079, 1.00599587, -0.92620903, -23.77222252, 180.34475708, -108.75831604, -40.39754486, 18.76644325, -64.16252136, 0.37655622, 20.01954460, 5.21358204, 1.00000000, 0.00000000, 0.00000000, 0.00000000, 0.80450988, 0.71064574, 0.25350726, 101.52000427, -16.21993637, 35.95000076, 0.00000000
4, 0.4201, 42, -0.24849516, 1.25408924, -0.71265423, -7.58257151, 183.61288452, -112.72817993, -40.39754486, 18.76644325, -64.16252136, -0.29650521, 19.25644875, 3.07326984, 1.00000000, 0.00000000, 0.00000000, 0.00000000, 0.49982128, 0.46651876, 0.43548757, 101.52000427, -16.21993637, 35.95000076, 0.00000000
4, 0.4301, 43, 0.09054522, 1.47238541, -0.48836651, 1.07736254, 183.00758362, -127.89692688, -42.18064880, 19.93569183, -63.98713684, 0.55195135, 17.16130066, -1.51097548, 1.00000000, 0.00000000, 0.00000000, 0.00000000, 0.13176376, 0.20937526, 0.58061767, 101.52000427, -16.21993637, 35.95000076, 0.00000000
5, 0.4700, 47, 0.66900510, 1.04578221, 0.17141977, 16.36082840, -0.10196079, -41.80723190, 11.54633141, 49.92692184, -75.82578278, -20.66064072, 13.88383675, -38.65998077, 0.92870069, 0.12861536, -0.17112327, 0.30280375, 0.88786024, 0.90874583, 0.00700196, 0.00000000, 0.00000000, 0.00000000, 0.00000000
5, 0.4800, 48, 0.51424062, 1.04885900, -0.21587338, 40.67975616, 52.46012115, -73.21713257, 11.16632557, 49.95615387, -75.91347504, -20.45088768, 12.91930676, -38.68074417, 0.92930013, 0.12977333, -0.16288687, 0.30500516, 0.68080652, 1.19878387, -0.22319824, 0.00000000, 0.00000000, 0.00000000, 0.00000000
5, 0.4900, 49, 0.85910398, 0.22143511, -0.20776084, 53.10341644, 15.66004658, -89.20217896, 10.96170712, 50.68693161, -75.73809052, -15.39676952, 14.01324654, -38.27754593, 0.93457842, 0.08597600, -0.15779418, 0.30703825, -0.01775287, 0.61948705, -0.09583822, 0.00000000, 0.00000000, 0.00000000, 0.00000000
5, 0.5000, 50, 1.21708941, -0.00025568, 0.01792937, 33.21179581, -16.77928162, -79.87250519, 10.78631973, 49.25460434, -75.79654694, -14.66662025, 13.51401043, -38.25948334, 0.93546402, 0.08151274, -0.15179081, 0.30858132, -0.12963207, 0.23676075, 0.22193561, 0.00000000, 0.00000000, 0.00000000, 0.00000000
5, 0.5100, 51, 1.16327453, 0.23565735, 0.07757158, 23.35915565, -4.10529041, -89.06682587, 10.66939449, 51.79771805, -75.70885468, -13.97305107, 12.88714504, -38.12633896, 0.93667310, 0.07785746, -0.14475906, 0.30923527, 0.08302964, 0.33773929, 0.23266912, 0.00000000, 0.00000000, 0.00000000, 0.00000000
5, 0.5200, 52, 1.06572604, 0.42448476, 0.08078208, 31.65769768, -8.93165874, -113.01782990, 10.66939449, 51.79771805, -75.70885468, -13.06823349, 12.11114120, -37.98518372, 0.93808353, 0.07289024, -0.13592942, 0.31017658, 0.23720106, 0.44788927, 0.17841470, 0.00000000, 0.00000000, 0.00000000, 0.00000000
2, 0.3700, 37, 1.02145398, 0.57276273, 0.51925290, 110.24939728, 38.34001541, 54.50060272, 3.77082729, 31.51125336, 87.51826477, -86.22987366, 13.43076801, -35.14494324, 0.71527523, 0.62132853, -0.28630924, 0.14268589, -0.56342989, 0.67010939, 0.89717203, 0.00000000, 0.00000000, 0.00000000, 0.00000000
2, 0.3800, 38, 0.67958218, 0.12624791, 0.42600399, 120.90322113, -40.49851990, 49.43694687, 4.50160789, 32.21280289, 87.40134430, -78.64177704, 12.99747372, -33.01538849, 0.75733495, 0.57876128, -0.26284364, 0.14964139, -0.35867456, 0.60651940, 0.32601315, 0.00000000, 0.00000000, 0.00000000, 0.00000000
2, 0.3900, 39, 0.08174475, 0.21547307, 0.57785976, 119.62040710, -45.19932938, 48.90601349, 4.18006420, 33.73282623, 86.96287537, -77.55940247, 13.06744862, -33.64166641, 0.76198322, 0.56996644, -0.26497862, 0.15590450, 0.25000626, 0.47909015, 0.19937088, 0.00000000, 0.00000000, 0.00000000, 0.00000000
5, 0.5300, 53, 1.13710260, 0.39488375, 0.17284147, 37.02490234, -31.84090805, -131.24594116, 10.26015759, 51.09616852, -76.32270813, -11.86644363, 11.35632420, -37.82281494, 0.93965095, 0.06541426, -0.12643650, 0.31111237, 0.23886614, 0.34174243, 0.25143802, 0.00000000, 0.00000000, 0.00000000, 0.00000000
2, 0.4000, 40, 0.31731719, 0.24968095, 0.51300669, 113.90650177, -45.89254761, 51.58106995, 4.41391420, 34.63899231, 86.99210358, -76.53858948, 13.16710663, -34.29081345, 0.76620477, 0.56139505, -0.26739526, 0.16206697, 0.02646403, 0.54752040, 0.25399780, 0.00000000, 0.00000000, 0.00000000, 0.00000000
2, 0.4100, 41, 0.53504241, 0.40405232, 0.53831375, 111.98854065, -76.82933807, 49.43701935, 4.41391420, 34.63899231, 86.99210358, -75.46268463, 13.58282852, -34.94767380, 0.77082926, 0.55154121, -0.27167472, 0.16678613, -0.13866533, 0.56964999, 0.44283301, 0.00000000, 0.00000000, 0.00000000, 0.00000000
2, 0.4200, 42, 0.43881074, 0.45765498, 0.65749687, 126.89703369, -117.77955627, 49.37054825, 5.64162540, 35.66208649, 86.99210358, -74.15772247, 14.36967945, -35.64172363, 0.77663994, 0.53894001, -0.27806240, 0.17045636, -0.01104933, 0.46709228, 0.48538321, 0.00000000, 0.00000000, 0.00000000, 0.00000000
2, 0.4300, 43, 0.18515997, 0.39263666, 0.76601595, 137.53875732, -139.29635620, 43.04245758, 6.69394922, 35.92516708, 86.75825500, -67.71385956, 12.02217484, -33.48509979, 0.80766284, 0.50551879, -0.24288532, 0.18203944, 0.22867298, 0.32872665, 0.35177666, 0.00000000, 0.00000000, 0.00000000, 0.00000000
2, 0.4400, 44, -0.02076683, 0.37207562, 0.94459629, 141.62077332, -145.35697937, 35.21944427, 7.89242887, 37.47442245, 86.55363464, -66.11248016, 13.11487484, -33.91485214, 0.81461817, 0.49041662, -0.24960199, 0.18326923, 0.41340479, 0.12843154, 0.25039050, 0.00000000, 0.00000000, 0.00000000, 0.00000000
5, 0.5400, 54, 1.30241191, 0.32176483, 0.31742895, 34.00527573, -46.21586609, -141.55754089, 10.17246437, 52.44080734, -76.81964111, -9.03047562, 8.48450470, -36.88278580, 0.94495481, 0.05114915, -0.09479206, 0.30896413, 0.20494631, 0.15747608, 0.41174763, 0.00000000, 0.00000000, 0.00000000, 0.00000000
5, 0.5500, 55, 1.42120826, 0.28454110, 0.39891487, 28.68568802, -50.06441879, -146.41874695, 9.70476437, 56.00701523, -77.17041779, -7.62604618, 7.74945927, -36.62627029, 0.94649875, 0.04180253, -0.08485819, 0.30853161, 0.15265092, 0.03055065, 0.51905894, 0.00000000, 0.00000000, 0.00000000, 0.00000000
2, 0.4500, 45, -0.09745485, 0.40830702, 1.11618578, 146.59849548, -149.56010437, 23.19657516, 9.14937115, 39.14060211, 85.79362488, -64.41462708, 14.23535252, -34.19366837, 0.82191730, 0.47468337, -0.25569144, 0.18371084, 0.53009903, -0.03696351, 0.29446021, 0.00000000, 0.00000000, 0.00000000, 0.00000000
4, 0.4401, 44, 0.38424546, 1.58887923, -0.34567803, 10.94842529, 183.56454468, -140.06913757, -43.37912750, 17.88950539, -63.69482422, 0.16990316, 16.14085579, -3.66209507, 1.00000000, 0.00000000, 0.00000000, 0.00000000, -0.19771004, 0.03756038, 0.64052057, 101.52000427, -16.21993637, 35.95000076, 0.00000000
4, 0.4501, 45, 0.58222818, 1.51410484, -0.33421835, 28.53602409, 170.55233765, -152.68977356, -44.86991882, 20.02338409, -63.84098053, 0.03229596, 14.96257401, -5.67781925, 1.00000000, 0.00000000, 0.00000000, 0.00000000, -0.40932372, 0.04415055, 0.54770565, 101.52000427, -16.21993637, 35.95000076, 0.00000000
4, 0.4601, 46, 0.76066685, 1.25758398, -0.32791677, 35.72500229, 142.94252014, -168.40731812, -46.41917419, 20.60800934, -63.63636398, 0.06125380, 13.57672310, -7.42727995, 1.00000000, 0.00000000, 0.00000000, 0.00000000, -0.59425139, 0.08621737, 0.27831489, 101.52000427, -16.21993637, 35.95000076, 0.00000000
2, 0.4600, 46, -0.02925484, 0.39597502, 1.25628531, 153.48092651, -163.08151245, 5.87001944, 9.14937115, 39.14060211, 85.79362488, -62.55135727, 15.45442677, -34.25359344, 0.82991862, 0.45778757, -0.26131809, 0.18269801, 0.49335518, -0.19116868, 0.32064009, 0.00000000, 0.00000000, 0.00000000, 0.00000000
5, 0.5600, 56, 1.40980637, 0.20984465, 0.43070149, 21.80318832, -53.67398453, -149.44917297, 9.20783424, 56.38702011, -77.40426636, -6.19357204, 7.01921511, -36.30867386, 0.94808406, 0.03219165, -0.07488438, 0.30739668, 0.11042388, -0.06691982, 0.49254489, 0.00000000, 0.00000000, 0.00000000, 0.00000000
4, 0.4701, 47, 0.83069944, 1.10624588, -0.24978283, 25.67065048, 121.65360260, -178.05523682, -46.41917419, 20.60800934, -63.63636398, 0.06586637, 12.05690002, -8.97753525, 1.00000000, 0.00000000, 0.00000000, 0.00000000, -0.67926860, 0.03731963, 0.10513826, 101.52000427, -16.21993637, 35.95000076, 0.00000000
4, 0.4801, 48, 0.83342940, 1.14622355, -0.15397078, 12.21325016, 106.55755615, -185.99890137, -48.26074219, 20.43262100, -63.66559601, -1.10774744, 15.47384167, -7.18078852, 1.00000000, 0.00000000, 0.00000000, 0.00000000, -0.68896049, -0.05885415, 0.12558579, 101.52000427, -16.21993637, 35.95000076, 0.00000000
4, 0.4901, 49, 0.74347335, 1.23216832, -0.13593321, 8.83865929, 93.14268494, -197.56594849, -49.63460922, 19.67260933, -64.39637756, -1.26453674, 13.68104553, -8.46182442, 1.00000000, 0.00000000, 0.00000000, 0.00000000, -0.56906360, -0.07636212, 0.21993798, 101.52000427, -16.21993637, 35.95000076, 0.00000000
4, 0.5001, 50, 0.67417359, 1.23443735, -0.20132968, 13.01314259, 76.01125336, -208.76968384, -51.82695007, 20.02338409, -64.39637756, -1.31077850, 11.74727154, -9.57277679, 1.00000000, 0.00000000, 0.00000000, 0.00000000, -0.53273845, -0.01082293, 0.23098919, 101.52000427, -16.21993637, 35.95000076, 0.00000000
5, 0.5700, 57, 1.33388424, 0.12271042, 0.46336570, 11.34561443, -63.63431549, -154.75869751, 8.71090317, 57.64396286, -77.93042755, -4.68025255, 6.31980276, -35.87911606, 0.94983661, 0.02182296, -0.06495657, 0.30514732, 0.08017237, -0.17444456, 0.40268591, 0.00000000, 0.00000000, 0.00000000, 0.00000000
4, 0.5101, 51, 0.59930754, 1.20975184, -0.27946958, 18.91925812, 52.58041000, -217.33377075, -53.46389771, 20.05261612, -64.77638245, -1.23029757, 9.69074917, -10.45231533, 1.00000000, 0.00000000, 0.00000000, 0.00000000, -0.49182993, 0.07013302, 0.21892440, 101.52000427, -16.21993637, 35.95000076, 0.00000000
4, 0.5201, 52, 0.52153969, 1.17861640, -0.31463090, 25.53337288, 29.20636749, -225.03952026, -53.46389771, 20.05261612, -64.77638245, -1.03116906, 7.52130604, -11.10771179, 1.00000000, 0.00000000, 0.00000000, 0.00000000, -0.44938651, 0.10794759, 0.19356212, 101.52000427, -16.21993637, 35.95000076, 0.00000000
2, 0.4700, 47, -0.11969663, 0.36232704, 1.43302023, 154.55899048, -164.63304138, -10.71111774, 11.16632557, 39.22829437, 85.64746857, -60.60218048, 16.65955353, -34.10151672, 0.83816087, 0.44060272, -0.26596230, 0.18060958, 0.60813689, -0.38909686, 0.29710114, 0.00000000, 0.00000000, 0.00000000, 0.00000000
2, 0.4800, 48, -0.22285980, 0.32347870, 1.50664687, 154.30339050, -174.54243469, -22.08066940, 12.04326248, 42.20988083, 85.12130737, -59.55852509, 11.47750378, -29.64736176, 0.84755892, 0.45551914, -0.21033090, 0.17293733, 0.69791961, -0.48511368, 0.23234233, 0.00000000, 0.00000000, 0.00000000, 0.00000000
2, 0.4900, 49, -0.20266318, 0.25313690, 1.38887930, 152.29656982, -187.50714111, -38.95528793, 13.68021011, 43.55451584, 84.62437439, -57.47765350, 12.83320427, -29.10313797, 0.85687828, 0.43785825, -0.21489662, 0.16691124, 0.59180737, -0.39542910, 0.10850808, 0.00000000, 0.00000000, 0.00000000, 0.00000000
5, 0.5800, 58, 1.24798393, 0.07732496, 0.52647299, -5.19490147, -76.64131165, -160.85211182, 8.71090317, 57.64396286, -77.93042755, -3.07374191, 5.66304302, -35.27170181, 0.95189679, 0.01056760, -0.05517630, 0.30122480, 0.10271166, -0.27893770, 0.32007504, 0.00000000, 0.00000000, 0.00000000, 0.00000000
5, 0.5900, 59, 1.20019805, 0.09146354, 0.54130739, -20.27077866, -77.04956818, -167.43501282, 8.00935364, 58.08243179, -78.83659363, -4.14406776, 3.68192744, -32.51202011, 0.95922279, 0.02570555, -0.04093671, 0.27848715, 0.11956616, -0.29698554, 0.27857491, 0.00000000, 0.00000000, 0.00000000, 0.00000000
4, 0.5301, 53, 0.49516335, 1.13419569, -0.28788203, 31.00862312, 10.54639435, -231.04682922, -56.29932785, 19.81876564, -64.77638245, -0.22426568, 9.25150490, -11.18954277, 1.00000000, 0.00000000, 0.00000000, 0.00000000, -0.44139418, 0.08331212, 0.14383242, 101.52000427, -16.21993637, 35.95000076, 0.00000000
4, 0.5401, 54, 0.48452243, 1.08710110, -0.20860189, 29.22123909, -4.97439289, -235.77639771, -57.90704346, 17.71411896, -64.68869019, 0.03819815, 6.92541027, -11.56324768, 1.00000000, 0.00000000, 0.00000000, 0.00000000, -0.41512591, 0.00264049, 0.08478148, 101.52000427, -16.21993637, 35.95000076, 0.00000000
2, 0.5000, 50, -0.13580300, 0.13732891, 1.29636180, 142.61968994, -187.48876953, -56.48560333, 14.76176548, 44.81145859, 83.71820831, -55.40641785, 14.14488316, -28.31778717, 0.86594081, 0.42067373, -0.21855120, 0.15942299, 0.51343733, -0.37023175, -0.03617523, 0.00000000, 0.00000000, 0.00000000, 0.00000000
2, 0.5100, 51, -0.16395049, 0.03666665, 1.32454503, 122.46054077, -172.35063171, -72.57125092, 14.76176548, 44.81145859, 83.71820831, -53.48582840, 15.28441334, -27.33213043, 0.87418324, 0.40530580, -0.22077033, 0.15096854, 0.53875899, -0.45353031, -0.15057935, 0.00000000, 0.00000000, 0.00000000, 0.00000000
5, 0.6000, 60, 1.14360869, 0.06570786, 0.53849334, -28.35970497, -68.60446167, -174.66696167, 7.74627304, 60.74247360, -79.71353149, -2.59469128, 2.87719274, -31.67393684, 0.96164757, 0.01492516, -0.03032326, 0.27219817, 0.08707733, -0.30420655, 0.21634007, 0.00000000, 0.00000000, 0.00000000, 0.00000000
5, 0.6100, 61, 1.05462790, -0.06602257, 0.52062714, -33.81848907, -61.41452408, -181.62930298, 7.39549828, 62.20403290, -79.27506256, -1.08094370, 1.95216799, -30.80547523, 0.96394265, 0.00456840, -0.01892749, 0.26539683, -0.00570871, -0.40476024, 0.09562927, 0.00000000, 0.00000000, 0.00000000, 0.00000000
2, 0.5200, 52, -0.36931723, 0.02531755, 1.25879884, 121.33187866, -159.90982056, -92.63401794, 17.68488693, 45.24992752, 82.92897034, -51.51658630, 16.21440506, -26.14155388, 0.88239372, 0.39036119, -0.22102094, 0.14194864, 0.74553066, -0.41848862, -0.25885525, 0.00000000, 0.00000000, 0.00000000, 0.00000000
5, 0.6200, 62, 1.00537324, -0.21396643, 0.49708468, -45.58161545, -57.53973007, -186.96049500, 6.02163124, 62.87635040, -79.15814209, 0.38982722, 0.93973118, -29.84776878, 0.96622360, -0.00539895, -0.00704787, 0.25755236, -0.12761119, -0.51122189, 0.00865863, 0.00000000, 0.00000000, 0.00000000, 0.00000000
4, 0.5501, 55, 0.44164789, 1.04013717, -0.14023855, 19.47991371, -20.19224739, -235.56588745, -60.21630859, 18.50336075, -65.47792816, 0.22313981, 4.57409239, -11.80001736, 1.00000000, 0.00000000, 0.00000000, 0.00000000, -0.40942928, -0.05953879, 0.02385332, 101.52000427, -16.21993637, 35.95000076, 0.00000000
5, 0.6300, 63, 1.00261962, -0.28705823, 0.50457603, -65.76928711, -49.86727142, -193.18058777, 6.02163124, 62.87635040, -79.15814209, 1.76568520, -0.19728711, -28.73092079, 0.96862316, -0.01449901, 0.00549041, 0.24805036, -0.19300158, -0.59001958, -0.00941164, 0.00000000, 0.00000000, 0.00000000, 0.00000000
5, 0.6400, 64, 0.99124634, -0.18606980, 0.48128220, -88.90371704, -35.06803894, -198.42210388, 5.23238802, 63.84098053, -79.27506256, -1.96391106, -0.12288804, -23.32201004, 0.97921252, 0.01700052, -0.00241373, 0.20210893, -0.14792030, -0.50634408, -0.00096024, 0.00000000, 0.00000000, 0.00000000, 0.00000000
5, 0.6500, 65, 0.90858507, 0.07371935, 0.41599074, -108.46842194, -11.78225899, -200.38714600, 3.91698337, 64.95176697, -79.62583923, -0.97440153, -1.50712049, -21.81587410, 0.98179096, 0.01083743, 0.01130471, 0.18931802, 0.01588604, -0.23937070, -0.03309999, 0.00000000, 0.00000000, 0.00000000, 0.00000000
2, 0.5300, 53, -0.42232254, 0.08410330, 1.27628314, 124.55177307, -130.95828247, -108.65160370, 16.51563835, 46.97456741, 81.96434021, -53.34286499, 9.47666931, -21.67131233, 0.88163412, 0.42548665, -0.15659603, 0.13099691, 0.79364085, -0.42327142, -0.22920990, 0.00000000, 0.00000000, 0.00000000, 0.00000000
2, 0.5400, 54, -0.39897871, 0.36299825, 1.32044280, 145.51512146, -89.05589294, -120.49577332, 16.92487526, 47.35457230, 81.84741211, -51.41778946, 9.61041451, -20.49155998, 0.88998944, 0.41195604, -0.15116163, 0.12394106, 0.75594342, -0.34679776, 0.04417003, 0.00000000, 0.00000000, 0.00000000, 0.00000000
4, 0.5601, 56, 0.44381502, 1.00441396, -0.14394030, 5.85433483, -38.53071976, -229.37864685, -60.21630859, 18.50336075, -65.47792816, 0.28034714, 2.24895072, -11.85772514, 1.00000000, 0.00000000, 0.00000000, 0.00000000, -0.45019329, -0.05118054, -0.01365980, 101.52000427, -16.21993637, 35.95000076, 0.00000000
4, 0.5701, 57, 0.48452932, 0.96077204, -0.16296069, -10.87795353, -57.38376617, -217.21870422, -62.70096207, 18.64951706, -65.06869507, 0.16453578, 0.00722924, -11.71622562, 1.00000000, 0.00000000, 0.00000000, 0.00000000, -0.52815974, -0.02339792, -0.05675664, 101.52000427, -16.21993637, 35.95000076, 0.00000000
4, 0.5801, 58, 0.44873363, 0.94710881, -0.20657583, -21.79112816, -67.71440887, -203.37039185, -64.51329803, 16.51563835, -64.57176208, 0.35362679, 3.14829564, -10.49491119, 1.00000000, 0.00000000, 0.00000000, 0.00000000, -0.50701571, 0.02359919, -0.05947942, 101.52000427, -16.21993637, 35.95000076, 0.00000000
5, 0.6600, 66, 0.77993083, 0.45166492, 0.33599955, -120.72547913, 16.24700165, -201.43832397, 2.57234716, 65.50716400, -78.71967316, -0.25613809, -3.10678697, -20.27390099, 0.98401505, 0.00697065, 0.02629201, 0.17599608, 0.24786192, 0.05676574, -0.08353075, 0.00000000, 0.00000000, 0.00000000, 0.00000000
5, 0.6700, 67, 0.72879070, 0.82149923, 0.15280961, -120.53849030, 48.78569412, -203.78475952, 1.05232382, 65.41946411, -77.93042755, 0.20588866, -4.95513296, -18.81805992, 0.98563528, 0.00529611, 0.04294001, 0.16325170, 0.38073418, 0.42965379, -0.08218362, 0.00000000, 0.00000000, 0.00000000, 0.00000000
5, 0.6800, 68, 0.76848376, 1.01569879, -0.01939659, -101.62786102, 59.86745453, -211.05220032, 1.05232382, 65.41946411, -77.93042755, 0.66608846, -6.94101524, -17.56484413, 0.98649997, 0.00350845, 0.06070984, 0.15205228, 0.36429694, 0.67967725, -0.03165816, 0.00000000, 0.00000000, 0.00000000, 0.00000000
2, 0.5500, 55, -0.22339918, 0.46174124, 1.26300347, 157.91563416, -38.50264740, -130.78244019, 16.57410049, 49.69307327, 80.09353638, -49.50583649, 9.18191910, -19.39792633, 0.89791584, 0.39915115, -0.14196226, 0.11946690, 0.60190314, -0.28014311, 0.13529070, 0.00000000, 0.00000000, 0.00000000, 0.00000000
2, 0.5600, 56, 0.38340253, 0.60768688, 0.87389189, 165.07768250, 4.64375877, -126.22653961, 16.57410049, 49.69307327, 80.09353638, -47.68169785, 8.33286572, -18.52911568, 0.90508246, 0.38717186, -0.13048868, 0.11788341, 0.00602235, 0.11613879, 0.27671620, 0.00000000, 0.00000000, 0.00000000, 0.00000000
4, 0.5901, 59, 0.33707196, 0.93792206, -0.22354524, -26.09437561, -74.77341461, -191.62841797, -65.62408447, 17.18795586, -64.39637756, 0.08314540, 1.12467158, -10.14282990, 1.00000000, 0.00000000, 0.00000000, 0.00000000, -0.36218658, 0.04094719, -0.05848102, 101.52000427, -16.21993637, 35.95000076, 0.00000000
5, 0.6900, 69, 0.89465016, 0.85956240, -0.05169823, -73.47187805, 54.26187897, -221.44648743, -1.08155513, 67.75796509, -77.28733826, 5.88208866, -9.28995514, -18.59668541, 0.98299503, -0.03740054, 0.08807495, 0.15673201, 0.15733224, 0.57087964, 0.05139386, 0.00000000, 0.00000000, 0.00000000, 0.00000000
5, 0.7000, 70, 1.04327488, 0.54495895, 0.05620976, -56.20514297, 47.87576675, -230.79183960, -2.86465931, 66.15024567, -76.58579254, 6.70021248, -11.42075729, -17.91695404, 0.98212534, -0.04197023, 0.10717283, 0.14893751, -0.08464663, 0.21002549, 0.15317851, 0.00000000, 0.00000000, 0.00000000, 0.00000000
5, 0.7100, 71, 1.12567651, 0.28186962, 0.24985419, -53.10438538, 53.87628174, -247.60096741, -4.99853849, 69.59953308, -75.82578278, 7.57781649, -13.72465992, -17.29479980, 0.98059165, -0.04693598, 0.12773190, 0.14114399, -0.21334045, -0.12306493, 0.21985316, 0.00000000, 0.00000000, 0.00000000, 0.00000000
2, 0.5700, 57, 0.82503760, 0.76281404, 0.55247420, 193.04357910, -28.44340515, -123.21263123, 15.66793346, 50.45308304, 79.88892365, -45.51812744, 7.70739317, -17.64028358, 0.91316152, 0.37191465, -0.12042704, 0.11538216, -0.42299005, 0.44863352, 0.40349635, 0.00000000, 0.00000000, 0.00000000, 0.00000000
5, 0.7200, 72, 1.14734304, 0.11241101, 0.34264895, -69.28810120, 66.98872375, -261.40124512, -6.60625553, 70.79801178, -75.12422943, 8.34685326, -16.24698448, -16.57289505, 0.97851497, -0.05098175, 0.14984438, 0.13212125, -0.32353517, -0.31748670, 0.23235743, 0.00000000, 0.00000000, 0.00000000, 0.00000000
4, 0.6001, 60, 0.18688159, 0.91239363, -0.18870188, -32.05078125, -80.24958038, -187.46495056, -67.05641174, 15.28792763, -63.57789993, -0.26250106, -0.86635768, -9.72245693, 1.00000000, 0.00000000, 0.00000000, 0.00000000, -0.24519914, 0.01694106, -0.08143195, 101.52000427, -16.21993637, 35.95000076, 0.00000000
4, 0.6101, 61, 0.04275580, 0.91139406, -0.13965207, -44.59440613, -81.26820374, -192.22219849, -67.05641174, 15.28792763, -63.57789993, -0.74830902, -2.90302324, -9.29358864, 1.00000000, 0.00000000, 0.00000000, 0.00000000, -0.13585791, -0.02357274, -0.08207341, 101.52000427, -16.21993637, 35.95000076, 0.00000000
4, 0.6201, 62, -0.01526611, 0.93469524, -0.06269085, -61.27451706, -78.60704041, -203.31462097, -68.60566711, 15.40485191, -63.16866302, -1.41085386, -5.04038048, -8.89862633, 1.00000000, 0.00000000, 0.00000000, 0.00000000, -0.11500533, -0.09320937, -0.06787228, 101.52000427, -16.21993637, 35.95000076, 0.00000000
5, 0.7300, 73, 1.13689840, 0.10975908, 0.40112945, -100.27815247, 71.53712463, -258.09414673, -6.60625553, 70.79801178, -75.12422943, 8.85484505, -18.82383728, -15.58411121, 0.97622406, -0.05334873, 0.17186294, 0.12084648, -0.32837349, -0.37120679, 0.24799918, 0.00000000, 0.00000000, 0.00000000, 0.00000000
4, 0.6301, 63, -0.03484145, 1.00187206, -0.01643948, -79.01010895, -70.19146729, -215.22160339, -69.39491272, 13.68021011, -61.94095230, -3.74164510, -5.65637302, -8.33301926, 1.00000000, 0.00000000, 0.00000000, 0.00000000, -0.13018341, -0.13134280, -0.00596460, 101.52000427, -16.21993637, 35.95000076, 0.00000000
5, 0.7400, 74, 1.06962860, 0.32363060, 0.47866416, -132.08877563, 79.93989563, -245.08044434, -8.44782257, 70.73954773, -74.48114777, 6.40230370, -20.07269287, -12.27729702, 0.97856426, -0.03606501, 0.17888319, 0.09545820, -0.14342667, -0.27961868, 0.26148182, 0.00000000, 0.00000000, 0.00000000, 0.00000000
2, 0.5800, 58, 0.51479441, 0.63360053, 0.39815038, 210.45301819, -44.91030884, -130.81254578, 15.28792763, 52.00233841, 78.54428101, -35.97947311, 9.27082157, -25.84203529, 0.92957795, 0.28285432, -0.14375232, 0.18765280, -0.16881166, 0.49921817, 0.10731898, 0.00000000, 0.00000000, 0.00000000, 0.00000000
2, 0.5900, 59, 0.31907052, 0.66957670, 0.43927324, 195.58143616, -19.69327164, -145.64794922, 14.93715286, 53.58082199, 77.37503815, -33.78431702, 8.27383041, -24.97361565, 0.93631804, 0.26803401, -0.13005674, 0.18588081, 0.04567732, 0.36894625, 0.01996089, 0.00000000, 0.00000000, 0.00000000, 0.00000000
2, 0.6000, 60, 0.21122968, 0.62884855, 0.55666423, 179.58906555, -21.19174004, -173.30000305, 14.93715286, 53.58082199, 77.37503815, -31.70273018, 7.10785198, -23.88340378, 0.94284862, 0.25437900, -0.11474922, 0.18210004, 0.13075103, 0.21577811, -0.03013439, 0.00000000, 0.00000000, 0.00000000, 0.00000000
2, 0.6100, 61, -0.01488619, 0.64920557, 0.72280061, 169.83007812, -19.13384819, -197.46434021, 14.03098488, 55.74393463, 75.88424683, -29.70614624, 5.74581861, -22.64562035, 0.94910467, 0.24152423, -0.09776893, 0.17693971, 0.34632421, 0.03714927, -0.03812092, 0.00000000, 0.00000000, 0.00000000, 0.00000000
4, 0.6401, 64, -0.04341457, 1.08699346, -0.03560843, -89.81739044, -57.18337631, -222.20289612, -71.29494476, 11.54633141, -61.47325134, -4.67757082, -7.93339968, -8.07199860, 1.00000000, 0.00000000, 0.00000000, 0.00000000, -0.14515254, -0.09344414, 0.08565269, 101.52000427, -16.21993637, 35.95000076, 0.00000000
4, 0.6501, 65, -0.01264217, 1.12219131, -0.11450814, -84.54255676, -42.68276978, -220.14938354, -72.78573608, 11.75094986, -60.12861633, -5.54661989, -10.17091274, -7.91341543, 1.00000000, 0.00000000, 0.00000000, 0.00000000, -0.21790910, -0.00736662, 0.13993619, 101.52000427, -16.21993637, 35.95000076, 0.00000000
4, 0.6601, 66, 0.04780861, 1.12385678, -0.19998318, -67.92335510, -31.04400063, -208.06163025, -72.78573608, 11.75094986, -60.12861633, -6.23755455, -12.27463627, -7.82000589, 1.00000000, 0.00000000, 0.00000000, 0.00000000, -0.31639037, 0.08861922, 0.16190039, 101.52000427, -16.21993637, 35.95000076, 0.00000000
4, 0.6701, 67, 0.05711348, 1.06562078, -0.25899738, -50.80976105, -24.26944351, -191.53643799, -74.07190704, 10.14323330, -59.45629883, -6.75364208, -14.20623302, -7.74915600, 1.00000000, 0.00000000, 0.00000000, 0.00000000, -0.35690188, 0.16651046, 0.12381759, 101.52000427, -16.21993637, 35.95000076, 0.00000000
2, 0.6200, 62, -0.16065595, 0.80313367, 1.19558012, 172.97196960, 15.22302818, -217.07020569, 12.18941784, 56.44548416, 75.24115753, -27.79113007, 3.95712137, -21.54193878, 0.95461380, 0.22951776, -0.07777852, 0.17316091, 0.53796995, -0.38579607, 0.19649509, 0.00000000, 0.00000000, 0.00000000, 0.00000000
5, 0.7500, 75, 0.95155174, 0.61113787, 0.46688756, -154.50152588, 106.59291840, -232.97822571, -10.66939449, 69.10260010, -73.01958466, 6.07624054, -22.69445038, -10.74931812, 0.97574711, -0.03333221, 0.20048131, 0.08132573, 0.06428060, -0.04503980, 0.21900147, 0.00000000, 0.00000000, 0.00000000, 0.00000000
5, 0.7600, 76, 0.86300355, 0.83246303, 0.31265032, -158.45732117, 132.08930969, -227.06234741, -12.77404213, 71.14878845, -71.14878845, 5.45180225, -25.42467499, -9.21706295, 0.97207409, -0.02858130, 0.22282405, 0.06785750, 0.10872299, 0.22757275, 0.17192307, 0.00000000, 0.00000000, 0.00000000, 0.00000000
5, 0.7700, 77, 0.90344954, 0.93299878, 0.18250638, -148.18673706, 134.73950195, -224.93913269, -15.31715870, 71.14878845, -69.83338165, 4.78397036, -28.13061142, -7.73551464, 0.96765101, -0.02401355, 0.24499367, 0.05525463, 0.04281029, 0.40403277, 0.22655067, 0.00000000, 0.00000000, 0.00000000, 0.00000000
5, 0.7800, 78, 1.08346653, 0.88934135, 0.16215618, -133.76522827, 108.16930389, -219.28889465, -17.83104324, 71.09032440, -69.13182831, 4.26021242, -30.59778976, -6.26499605, 0.96299171, -0.02138966, 0.26523718, 0.04287975, -0.09633927, 0.40098661, 0.40384480, 0.00000000, 0.00000000, 0.00000000, 0.00000000
2, 0.6300, 63, -0.17746070, 0.99433964, 1.61789536, 189.75927734, 68.89675903, -231.68434143, 9.88015175, 57.76088715, 73.31189728, -29.00333214, -1.88389826, -16.01379967, 0.95799935, 0.25015035, -0.01911475, 0.13891271, 0.58556998, -0.73708528, 0.49036101, 0.00000000, 0.00000000, 0.00000000, 0.00000000
2, 0.6400, 64, -0.00320791, 1.09937096, 1.63537884, 205.25961304, 119.09675598, -237.30712891, 7.89242887, 58.37474442, 72.31803131, -27.13537407, -4.61194515, -15.53392029, 0.96111989, 0.23753935, 0.00707594, 0.14061891, 0.35350811, -0.71201473, 0.64155918, 0.00000000, 0.00000000, 0.00000000, 0.00000000
2, 0.6500, 65, 0.33107033, 1.11700809, 1.45827734, 219.36791992, 140.63752747, -230.09202576, 7.89242887, 58.37474442, 72.31803131, -25.18112183, -7.47076797, -15.37223530, 0.96323037, 0.22406887, 0.03391832, 0.14432617, -0.02945076, -0.57065725, 0.67703295, 0.00000000, 0.00000000, 0.00000000, 0.00000000
4, 0.6801, 68, 0.02467128, 0.97354138, -0.28634906, -36.03017807, -17.81607246, -178.98036194, -74.89038086, 8.68167210, -59.04706192, -4.27275801, -12.28046799, -6.41810369, 1.00000000, 0.00000000, 0.00000000, 0.00000000, -0.33470890, 0.20502515, 0.04422653, 101.52000427, -16.21993637, 35.95000076, 0.00000000
5, 0.7900, 79, 1.14260685, 0.77582240, 0.18176405, -126.37962341, 83.97916412, -213.73773193, -17.83104324, 71.09032440, -69.13182831, 6.24381018, -29.08209229, -4.65244007, 0.96629006, -0.04249693, 0.25263393, 0.02556825, -0.20394132, 0.30980748, 0.45039696, 0.00000000, 0.00000000, 0.00000000, 0.00000000
5, 0.8000, 80, 1.05207419, 0.66949773, 0.21731599, -123.77005768, 59.02836227, -208.68721008, -19.29260445, 70.33031464, -68.13796997, 6.02804899, -31.18127823, -3.20468378, 0.96189314, -0.04312109, 0.26970181, 0.01277029, -0.21914452, 0.18956794, 0.34284711, 0.00000000, 0.00000000, 0.00000000, 0.00000000
5, 0.8100, 81, 0.99674457, 0.61589742, 0.29637897, -125.43454742, 38.52996826, -199.07710266, -21.57263947, 70.59339142, -66.88102722, 5.78715086, -33.07341003, -1.64013827, 0.95752305, -0.04431944, 0.28493008, -0.00066397, -0.21963535, 0.09999755, 0.31152895, 0.00000000, 0.00000000, 0.00000000, 0.00000000
2, 0.6600, 66, 0.51764303, 1.10677922, 1.23605800, 234.86706543, 141.73385620, -226.10398865, 5.40777540, 60.04092407, 70.47647095, -23.06511116, -10.32879925, -15.38480854, 0.96464336, 0.20912673, 0.06075057, 0.14845401, -0.28078270, -0.39952505, 0.63648945, 0.00000000, 0.00000000, 0.00000000, 0.00000000
2, 0.6700, 67, 0.65188909, 1.03486538, 1.22849607, 219.15011597, 118.12146759, -228.46740723, 2.74773455, 60.85939789, 68.25489807, -21.06639099, -13.03473282, -15.27495289, 0.96537268, 0.19484359, 0.08646311, 0.15038580, -0.47644323, -0.45254010, 0.59807348, 0.00000000, 0.00000000, 0.00000000, 0.00000000
2, 0.6800, 68, 0.65866971, 1.08341527, 1.13349020, 188.76428223, 62.48180771, -238.44309998, 0.40923706, 61.50248337, 66.03332520, -20.67016220, -10.74102020, -13.53402519, 0.97065502, 0.18822235, 0.07038900, 0.13208613, -0.50215518, -0.37258196, 0.60955191, 0.00000000, 0.00000000, 0.00000000, 0.00000000
2, 0.6900, 69, 0.57343352, 1.03020179, 1.08689618, 159.19560242, 20.14429092, -244.35586548, -2.54311609, 60.85939789, 64.86407471, -19.17716026, -12.90923405, -12.53250980, 0.97188139, 0.17662610, 0.09211743, 0.12555528, -0.41515914, -0.35366237, 0.51560593, 0.00000000, 0.00000000, 0.00000000, 0.00000000
2, 0.7000, 70, 0.55507499, 0.96433872, 1.13426077, 123.11248016, 8.02701950, -241.55799866, -2.54311609, 60.85939789, 64.86407471, -18.07118225, -14.97359180, -11.40487576, 0.97229290, 0.16772452, 0.11257243, 0.11765423, -0.44531032, -0.44323832, 0.46685183, 0.00000000, 0.00000000, 0.00000000, 0.00000000
5, 0.8200, 82, 1.00518239, 0.56449544, 0.39993820, -130.57705688, 28.45759583, -179.49983215, -22.68342590, 69.27798462, -66.29640198, 5.37753296, -34.74911499, 0.03225359, 0.95331848, -0.04485416, 0.29827556, -0.01427662, -0.21918491, -0.00508127, 0.34515786, 0.00000000, 0.00000000, 0.00000000, 0.00000000
2, 0.7100, 71, 0.75449145, 1.05813181, 1.20101190, 96.34313202, -8.45758057, -231.34419250, -4.12160206, 60.83016586, 63.78252029, -17.26099968, -16.85483932, -10.16370106, 0.97220880, 0.16069257, 0.13117857, 0.10853615, -0.64203990, -0.49225420, 0.62958300, 0.00000000, 0.00000000, 0.00000000, 0.00000000
4, 0.6901, 69, -0.01898761, 0.88047987, -0.27892333, -32.63853455, -12.16161251, -175.11106873, -76.00116730, 7.86319780, -58.57936096, -4.56425381, -14.03577518, -6.51304722, 1.00000000, 0.00000000, 0.00000000, 0.00000000, -0.26812947, 0.18493854, -0.05332147, 101.52000427, -16.21993637, 35.95000076, 0.00000000
4, 0.7001, 70, -0.02741031, 0.84552276, -0.22046538, -36.25707626, -13.99184704, -177.61441040, -76.00116730, 7.86319780, -58.57936096, -4.89590883, -15.81851482, -6.58519030, 1.00000000, 0.00000000, 0.00000000, 0.00000000, -0.28682324, 0.13864006, -0.09001326, 101.52000427, -16.21993637, 35.95000076, 0.00000000
4, 0.7101, 71, -0.00898976, 0.80612487, -0.17405805, -46.04152679, -24.61087799, -186.81153870, -77.14118958, 5.99239969, -58.40397644, -5.35928440, -17.70418358, -6.55054760, 1.00000000, 0.00000000, 0.00000000, 0.00000000, -0.33328876, 0.10649645, -0.12894103, 101.52000427, -16.21993637, 35.95000076, 0.00000000
5, 0.8300, 83, 1.05694938, 0.48526743, 0.48476189, -141.66790771, 33.76818085, -146.91395569, -24.08652496, 68.83952332, -65.18561554, 4.59084415, -36.20509338, 1.81143451, 0.94942397, -0.04297231, 0.30982870, -0.02745594, -0.26009113, -0.11083644, 0.40785241, 0.00000000, 0.00000000, 0.00000000, 0.00000000
5, 0.8400, 84, 1.10224390, 0.40374619, 0.47279283, -155.47389221, 56.35517120, -113.82913208, -24.08652496, 68.83952332, -65.18561554, 1.75348341, -32.33365250, 4.97907782, 0.95925117, -0.02677541, 0.27750120, -0.04597080, -0.34041941, -0.13441350, 0.42930049, 0.00000000, 0.00000000, 0.00000000, 0.00000000
5, 0.8500, 85, 0.98724830, 0.29606768, 0.39042956, -163.55915833, 76.04131317, -89.22870636, -25.19731140, 68.51797485, -63.98713684, 0.26939899, -33.53382111, 6.81450462, 0.95575082, -0.01939205, 0.28783429, -0.05758285, -0.39542076, -0.10836238, 0.24993175, 0.00000000, 0.00000000, 0.00000000, 0.00000000
5, 0.8600, 86, 0.79643893, 0.23458739, 0.21149047, -168.35145569, 85.24774933, -70.94896698, -25.98655319, 65.97486115, -63.75328827, -1.46739244, -34.61433411, 8.69726849, 0.95218599, -0.01036558, 0.29754046, -0.06858763, -0.50920486, 0.00881122, 0.02837500, 0.00000000, 0.00000000, 0.00000000, 0.00000000
2, 0.7200, 72, 0.72073442, 1.05323517, 1.46881175, 88.00505829, -30.98016167, -214.58396912, -5.72931862, 60.65477753, 63.11020279, -16.55310440, -18.47836113, -8.83440781, 0.97206539, 0.15389863, 0.14746892, 0.09827104, -0.61609423, -0.76090455, 0.70678985, 0.00000000, 0.00000000, 0.00000000, 0.00000000
2, 0.7300, 73, 0.74427342, 0.99802852, 1.61598718, 90.41348267, -37.40184784, -195.16319275, -7.13241720, 59.54399109, 62.32095718, -20.06346512, -14.50063324, -3.52660704, 0.97569895, 0.17654291, 0.11889891, 0.05203146, -0.64195526, -0.91279060, 0.71328884, 0.00000000, 0.00000000, 0.00000000, 0.00000000
2, 0.7400, 74, 0.76390636, 0.95979053, 1.62520087, 95.69449615, -35.02854156, -181.10520935, -8.65244102, 59.95322800, 61.32709503, -19.20656586, -15.78185081, -2.33879471, 0.97597957, 0.16797370, 0.13196312, 0.04283014, -0.62404025, -0.89216048, 0.68502355, 0.00000000, 0.00000000, 0.00000000, 0.00000000
4, 0.7201, 72, -0.01343137, 0.74045670, -0.13140368, -55.50647736, -40.19230652, -193.01759338, -77.40426636, 4.61853266, -58.02396774, -5.98170710, -19.66568947, -6.34502125, 1.00000000, 0.00000000, 0.00000000, 0.00000000, -0.35662296, 0.08514885, -0.18975294, 101.52000427, -16.21993637, 35.95000076, 0.00000000
4, 0.7301, 73, -0.04730111, 0.66793269, -0.10070108, -64.32468414, -55.95586777, -189.81811523, -78.83659363, 3.80005836, -56.70856476, -5.95075417, -18.03087425, -6.18250656, 1.00000000, 0.00000000, 0.00000000, 0.00000000, -0.33556473, 0.07643220, -0.25734070, 101.52000427, -16.21993637, 35.95000076, 0.00000000
4, 0.7401, 74, -0.12400229, 0.65600044, -0.07863390, -71.87191772, -67.15076447, -181.97326660, -80.12277222, 1.98772287, -56.21163177, -6.85511541, -19.90139580, -5.66802740, 1.00000000, 0.00000000, 0.00000000, 0.00000000, -0.24519497, 0.06157496, -0.27277094, 101.52000427, -16.21993637, 35.95000076, 0.00000000
4, 0.7501, 75, -0.17747934, 0.64699131, -0.08368233, -73.19818115, -75.38462830, -175.18513489, -80.12277222, 1.98772287, -56.21163177, -7.84017706, -21.70087433, -5.02314711, 1.00000000, 0.00000000, 0.00000000, 0.00000000, -0.22126734, 0.08252068, -0.26461849, 101.52000427, -16.21993637, 35.95000076, 0.00000000
5, 0.8700, 87, 0.62594593, 0.37384510, -0.22061834, -159.45777893, 84.40687561, -54.37985992, -26.65887070, 66.00408936, -62.35018921, -3.25202703, -35.52167892, 10.49354649, 0.94875765, -0.00097389, 0.30611509, -0.07843247, -0.64361894, 0.44996741, -0.17982724, 0.00000000, 0.00000000, 0.00000000, 0.00000000
5, 0.8800, 88, 0.57888263, 0.85041749, -0.74127924, -113.28923035, 74.30451965, -33.28322220, -27.50657654, 64.33791351, -61.50248337, -4.66060114, -36.19510269, 11.75418472, 0.94604433, 0.00666437, 0.31270486, -0.08468463, -0.62910491, 1.17792892, -0.21186310, 0.00000000, 0.00000000, 0.00000000, 0.00000000
5, 0.8900, 89, 0.69529098, 1.12962008, -0.58700222, -38.58007050, 47.96650314, -6.83780575, -27.50657654, 64.33791351, -61.50248337, 6.29149389, -34.41248322, 13.28664303, 0.94552457, -0.08623855, 0.28731868, -0.12646817, -0.36841613, 1.21929502, -0.00369100, 0.00000000, 0.00000000, 0.00000000, 0.00000000
4, 0.7601, 76, -0.19321209, 0.59262770, -0.10085293, -67.71623993, -83.08098602, -169.91189575, -79.97661591, -0.78924292, -55.27623367, -8.84445858, -23.43970299, -4.24736786, 1.00000000, 0.00000000, 0.00000000, 0.00000000, -0.23102397, 0.12399502, -0.30016732, 101.52000427, -16.21993637, 35.95000076, 0.00000000
4, 0.7701, 77, -0.19731246, 0.49143636, -0.07626497, -61.91072845, -91.30973053, -164.74258423, -80.99971008, -1.25694239, -54.69160843, -9.87468338, -25.11540604, -3.33259869, 1.00000000, 0.00000000, 0.00000000, 0.00000000, -0.24780104, 0.13294986, -0.38944331, 101.52000427, -16.21993637, 35.95000076, 0.00000000
5, 0.9000, 90, 0.88913763, 0.74075484, -0.18755287, 11.40687275, 25.67465782, 17.02179909, -27.82811928, 64.48406982, -61.35632706, 6.17856312, -34.43311691, 13.03615284, 0.94582886, -0.08469480, 0.28779995, -0.12412079, -0.43260697, 0.54244041, 0.15887117, 0.00000000, 0.00000000, 0.00000000, 0.00000000
4, 0.7801, 78, -0.21894363, 0.41651300, -0.02148743, -63.31137848, -98.93898773, -159.11093140, -80.59046936, -3.33235884, -53.14235687, -10.84584045, -26.62502861, -2.23776722, 1.00000000, 0.00000000, 0.00000000, 0.00000000, -0.24648425, 0.10733881, -0.45715079, 101.52000427, -16.21993637, 35.95000076, 0.00000000
5, 0.9100, 91, 0.96219099, 0.14074357, 0.02210877, 11.32374954, 17.88574600, 43.45933914, -27.91581345, 64.95176697, -61.99941635, 5.95965862, -34.20219803, 12.77528763, 0.94686884, -0.08204868, 0.28631011, -0.12138350, -0.74805319, -0.01056070, 0.13056321, 0.00000000, 0.00000000, 0.00000000, 0.00000000
2, 0.7500, 75, 0.69510198, 0.85100162, 1.37892723, 115.78286743, -29.46464920, -166.34785461, -8.65244102, 59.95322800, 61.32709503, -18.14965248, -17.01556396, -1.35480630, 0.97627270, 0.15770483, 0.14423752, 0.03487885, -0.62670928, -0.71330273, 0.48944473, 0.00000000, 0.00000000, 0.00000000, 0.00000000
2, 0.7600, 76, 1.08003199, 0.64224350, 0.83583015, 149.68318176, -22.00895500, -138.11956787, -9.70476437, 58.84244156, 61.21017075, -16.72383308, -18.11277008, -0.71503866, 0.97687387, 0.14458148, 0.15483382, 0.02898699, -1.11644864, -0.29251477, 0.22512507, 0.00000000, 0.00000000, 0.00000000, 0.00000000
2, 0.7700, 77, 2.01311398, 0.42460349, 0.38896590, 151.84140015, -25.56107903, -69.04351807, -10.78631973, 59.10552216, 59.74861145, -15.20574665, -18.64074516, -0.49127102, 0.97802240, 0.13124640, 0.15996970, 0.02562073, -2.12215519, 0.03190372, 0.12443719, 0.00000000, 0.00000000, 0.00000000, 0.00000000
2, 0.7800, 78, 2.41455770, 0.06733080, 0.21953055, 134.94021606, -6.12324810, -10.41458130, -11.16632557, 59.10552216, 59.13475418, -14.12811470, -6.76480246, -2.95030665, 0.99016547, 0.12423132, 0.05537210, 0.03275684, -2.56522894, 0.05267498, -0.16648294, 0.00000000, 0.00000000, 0.00000000, 0.00000000
2, 0.7900, 79, 2.38212442, 0.23094220, 0.44472247, 74.94701385, 13.93664932, 6.72258615, -10.90324497, 59.01782990, 58.14089203, -13.40446854, -6.82996893, -3.29106498, 0.99079412, 0.11815300, 0.05579047, 0.03541833, -2.32258415, -0.10867570, 0.00996179, 0.00000000, 0.00000000, 0.00000000, 0.00000000
2, 0.8000, 80, 1.65321660, 0.28272492, 0.76740223, 38.55449677, -2.60083246, 21.21663666, -10.90324497, 59.01782990, 58.14089203, -13.02186298, -6.65984535, -3.48097777, 0.99121517, 0.11490190, 0.05424591, 0.03670916, -1.57729554, -0.40421069, -0.03201675, 0.00000000, 0.00000000, 0.00000000, 0.00000000
5, 0.9200, 92, 0.92806578, -0.24897331, 0.12967865, -23.75384140, 13.26899624, 72.50357056, -27.59427071, 65.09792328, -61.76556396, 5.27390051, -33.75389862, 12.88400459, 0.94838297, -0.07628605, 0.28323901, -0.12052375, -0.94158912, -0.34271085, 0.02541101, 0.00000000, 0.00000000, 0.00000000, 0.00000000
5, 0.9300, 93, 0.82842851, -0.31874466, 0.12352287, -62.34917831, 6.69261551, 94.07974243, -27.38965225, 63.54866791, -61.61940765, 4.15169907, -33.12753296, 13.40704536, 0.95012009, -0.06773829, 0.27889448, -0.12207010, -0.95606685, -0.37075377, -0.09341961, 0.00000000, 0.00000000, 0.00000000, 0.00000000
5, 0.9400, 94, 0.57439125, -0.04806215, 0.14381392, -84.00585938, -11.57637596, 99.38811493, -27.38965225, 63.54866791, -61.61940765, -0.33917937, -26.42367554, 8.50793362, 0.97089571, -0.01407972, 0.22813503, -0.07153921, -0.63875175, -0.17689916, -0.28895366, 0.00000000, 0.00000000, 0.00000000, 0.00000000
5, 0.9500, 95, 0.35445681, 0.20455413, 0.20141886, -78.08867645, -40.70254898, 92.29163361, -26.74656487, 64.30867767, -60.36246490, -1.18213725, -25.45430374, 9.21278000, 0.97241038, -0.00766210, 0.22039326, -0.07606737, -0.27304652, -0.00116527, -0.47410053, 0.00000000, 0.00000000, 0.00000000, 0.00000000
2, 0.8100, 81, 1.09755075, 0.36050197, 0.98974109, 28.37458229, -17.23844337, 53.01545715, -10.40631390, 59.39783478, 57.90704346, -12.72795105, -6.13588142, -3.69103003, 0.99170768, 0.11234076, 0.04959809, 0.03788972, -0.99561566, -0.59332478, -0.03711304, 0.00000000, 0.00000000, 0.00000000, 0.00000000
2, 0.8200, 82, 0.71277899, 0.52185106, 1.11725402, 25.77220345, -27.90684700, 81.31880951, -10.64016342, 60.09938431, 58.11166382, -12.45482635, -5.31290007, -3.95155191, 0.99226719, 0.10988244, 0.04231042, 0.03926119, -0.56097126, -0.66440761, 0.04785036, 0.00000000, 0.00000000, 0.00000000, 0.00000000
2, 0.8300, 83, 0.27289891, 0.48292425, 1.01514411, 23.99402618, -36.36022949, 94.39894867, -9.26629639, 59.77784348, 58.11166382, -18.77330017, -5.14794111, -10.47930527, 0.98082751, 0.16629693, 0.02924348, 0.09730196, -0.14197658, -0.55795443, -0.12975898, 0.00000000, 0.00000000, 0.00000000, 0.00000000
5, 0.9600, 96, 0.26095751, 0.20469451, 0.27353194, -65.47389984, -50.06381989, 92.10070801, -26.19117165, 63.13943100, -60.36246490, -1.85252464, -24.41882515, 9.78841782, 0.97398204, -0.00229840, 0.21203464, -0.07996921, -0.18247364, -0.04357493, -0.55544370, 0.00000000, 0.00000000, 0.00000000, 0.00000000
2, 0.8400, 84, 0.19107981, 0.37742814, 0.66243982, 4.99927330, -42.38787460, 83.90633392, -9.26629639, 59.77784348, 58.11166382, -18.67665291, -4.23163509, -10.68037701, 0.98123729, 0.16483997, 0.02118075, 0.09773766, -0.11385502, -0.18006828, -0.33841628, 0.00000000, 0.00000000, 0.00000000, 0.00000000
2, 0.8500, 85, 0.15108010, 0.28884885, 0.49028492, -0.83744049, -42.74270248, 86.93625641, -8.91552162, 60.65477753, 58.63782501, -18.64166069, -3.28409791, -10.88144398, 0.98150784, 0.16384774, 0.01279919, 0.09814572, -0.09578727, -0.04753295, -0.48604974, 0.00000000, 0.00000000, 0.00000000, 0.00000000
4, 0.7901, 79, -0.23057063, 0.38678122, 0.02678835, -68.32817078, -104.80593109, -151.93855286, -81.11663055, -4.03390837, -51.82695007, -12.10401440, -28.14011574, -1.08425868, 1.00000000, 0.00000000, 0.00000000, 0.00000000, -0.25556675, 0.07988123, -0.47991651, 101.52000427, -16.21993637, 35.95000076, 0.00000000
4, 0.8001, 80, -0.21763036, 0.35991153, 0.08930728, -73.54714203, -112.52073669, -141.37545776, -81.11663055, -4.03390837, -51.82695007, -13.51125145, -29.52341843, 0.20484135, 1.00000000, 0.00000000, 0.00000000, 0.00000000, -0.28825527, 0.04126015, -0.50267792, 101.52000427, -16.21993637, 35.95000076, 0.00000000
4, 0.8101, 81, -0.23714994, 0.31516522, 0.16787811, -77.86833954, -116.97383881, -131.90631104, -81.20432281, -6.46009922, -50.13153839, -15.04093361, -30.78081512, 1.59305704, 1.00000000, 0.00000000, 0.00000000, 0.00000000, -0.28499952, -0.00835860, -0.54374528, 101.52000427, -16.21993637, 35.95000076, 0.00000000
4, 0.8201, 82, -0.32871613, 0.23396492, 0.28692445, -85.21657562, -117.20861816, -125.61055756, -81.20432281, -7.24934244, -49.34229660, -16.69531441, -31.94284248, 3.03032470, 1.00000000, 0.00000000, 0.00000000, 0.00000000, -0.20526294, -0.08974190, -0.62337780, 101.52000427, -16.21993637, 35.95000076, 0.00000000
4, 0.8301, 83, -0.51680094, 0.13758671, 0.38054895, -96.95082855, -104.75717163, -124.78217316, -80.23969269, -9.20783424, -48.28997421, -26.05017853, -39.00442886, 5.93677330, 1.00000000, 0.00000000, 0.00000000, 0.00000000, -0.04846707, -0.12341185, -0.68223995, 101.52000427, -16.21993637, 35.95000076, 0.00000000
4, 0.8401, 84, -0.71969473, 0.06918147, 0.40453026, -103.67047119, -69.05862427, -125.31213379, -80.23969269, -9.20783424, -48.28997421, -27.90006256, -40.04473877, 7.17628765, 1.00000000, 0.00000000, 0.00000000, 0.00000000, 0.08077474, -0.05800941, -0.64855176, 101.52000427, -16.21993637, 35.95000076, 0.00000000
4, 0.8501, 85, -0.74536151, 0.14375786, 0.28309172, -88.66690826, -15.83793068, -119.77660370, -80.56124115, -9.14937115, -47.64688492, -29.18275452, -41.16315842, 7.79491615, 1.00000000, 0.00000000, 0.00000000, 0.00000000, 0.08602736, 0.05956466, -0.53081280, 101.52000427, -16.21993637, 35.95000076, 0.00000000
4, 0.8601, 86, -0.58527285, 0.25587714, 0.04904257, -43.13703156, 31.88122368, -109.41328430, -80.94124603, -10.99093819, -47.38380432, -29.60459518, -42.31439209, 7.82988739, 1.00000000, 0.00000000, 0.00000000, 0.00000000, -0.09812413, 0.27078378, -0.37056473, 101.52000427, -16.21993637, 35.95000076, 0.00000000
5, 0.9700, 97, 0.33706310, -0.00062889, 0.27437845, -59.61497879, -44.84054184, 105.24263000, -24.72961044, 62.78865814, -59.42706680, -2.56454325, -23.31718063, 10.23932648, 0.97562128, 0.00380061, 0.20317860, -0.08286910, -0.33458579, -0.16919735, -0.53791332, 0.00000000, 0.00000000, 0.00000000, 0.00000000
5, 0.9800, 98, 0.45606199, -0.22055463, 0.21070716, -55.28216553, -38.71089935, 123.64832306, -24.49576187, 62.58403778, -58.98859787, -3.36569309, -22.11800003, 10.56408787, 0.97735983, 0.01104824, 0.19357604, -0.08470079, -0.54947686, -0.25470829, -0.49634328, 0.00000000, 0.00000000, 0.00000000, 0.00000000
5, 0.9900, 99, 0.49013734, -0.28850269, 0.15876918, -54.04933548, -39.32873917, 136.13153076, -24.49576187, 62.58403778, -58.98859787, -11.12848186, -13.43622112, 3.42047906, 0.98835242, 0.09277811, 0.11925548, -0.01816231, -0.58994746, -0.21707742, -0.50333953, 0.00000000, 0.00000000, 0.00000000, 0.00000000
2, 0.8600, 86, 0.40237913, 0.15832259, 0.58378178, -5.24621964, -58.37241745, 95.71315002, -8.18474102, 60.91785812, 58.31628036, -18.62530136, -2.16872144, -11.00566387, 0.98180264, 0.16283791, 0.00307394, 0.09766236, -0.34425268, -0.17912263, -0.51040304, 0.00000000, 0.00000000, 0.00000000, 0.00000000
2, 0.8700, 87, 0.53248763, 0.08826907, 0.64083731, -13.52371883, -84.49226379, 108.13085938, -6.95702982, 61.38555908, 59.66091537, -18.64148903, -0.79002559, -10.98676109, 0.98213488, 0.16186468, -0.00873233, 0.09557603, -0.46000260, -0.25580615, -0.52260733, 0.00000000, 0.00000000, 0.00000000, 0.00000000
2, 0.8800, 88, 0.37081230, 0.20631209, 0.59919918, -9.97118664, -98.44500732, 119.63812256, -5.87547493, 61.82402802, 60.09938431, -23.30790901, 3.23364711, -11.60032940, 0.97455955, 0.19809344, -0.04789787, 0.09326616, -0.24118982, -0.15859690, -0.46335089, 0.00000000, 0.00000000, 0.00000000, 0.00000000
4, 0.8701, 87, -0.40422189, 0.26461768, -0.11171528, 11.96840858, 58.85386658, -93.68415070, -81.43817139, -11.95556831, -48.11458588, -29.20700836, -43.38601303, 7.48869562, 1.00000000, 0.00000000, 0.00000000, 0.00000000, -0.29552543, 0.41941366, -0.33225954, 101.52000427, -16.21993637, 35.95000076, 0.00000000
5, 1.0000, 100, 0.33667874, -0.06488406, 0.07805131, -46.27788162, -47.18401337, 133.84739685, -23.20958710, 61.97018433, -58.49166870, -11.78190804, -12.09330177, 3.42793417, 0.98906571, 0.09888476, 0.10778771, -0.01877983, -0.31948102, 0.09399243, -0.63507760, 0.00000000, 0.00000000, 0.00000000, 0.00000000
5, 1.0100, 101, 0.04458912, 0.37611726, -0.10749079, -28.25640297, -58.47428131, 118.62697601, -22.12803268, 60.68400955, -58.63782501, -12.17964840, -10.81225014, 3.31731343, 0.98980832, 0.10285965, 0.09670082, -0.01866279, -0.00964067, 0.53471476, -0.85140324, 0.00000000, 0.00000000, 0.00000000, 0.00000000
5, 1.0200, 102, -0.04559283, 0.68762732, -0.17829384, 2.87480044, -79.58636475, 93.48887634, -21.28032684, 61.18093872, -58.08243179, -12.14125919, -9.61980438, 3.01912022, 0.99078023, 0.10314879, 0.08612705, -0.01723933, 0.21630262, 0.79747272, -0.88272411, 0.00000000, 0.00000000, 0.00000000, 0.00000000
5, 1.0300, 103, 0.38603753, 0.55040169, -0.08226413, 38.03734589, -110.52203369, 68.38079834, -19.55568504, 61.94095230, -58.63782501, -11.58916664, -8.45230961, 2.51590872, 0.99210936, 0.09905385, 0.07550967, -0.01434365, 0.06551628, 0.62908518, -0.48911756, 0.00000000, 0.00000000, 0.00000000, 0.00000000
2, 0.8900, 89, 0.17736609, 0.17560787, 0.49994105, -5.82459879, -73.88861084, 119.23612213, -5.87547493, 61.82402802, 60.09938431, -23.30390930, 4.61303616, -11.86149025, 0.97420102, 0.19664955, -0.06005661, 0.09303027, -0.01285217, -0.01895990, -0.54976189, 0.00000000, 0.00000000, 0.00000000, 0.00000000
2, 0.9000, 90, -0.05246542, 0.12280059, 0.16085550, -12.55070496, -12.51746368, 115.40021515, -4.99853849, 62.52557755, 59.86553574, -23.55320740, 5.56144524, -12.51762104, 0.97304958, 0.19746326, -0.06943376, 0.09675682, 0.18611702, 0.28524542, -0.76394707, 0.00000000, 0.00000000, 0.00000000, 0.00000000
5, 1.0400, 104, 1.08216691, 0.07293513, 0.02595901, 57.64478302, -127.28616333, 62.71914673, -18.35720444, 62.26249695, -58.60859299, -8.74218750, -2.21383786, 6.66722107, 0.99530405, 0.07495273, 0.02366049, -0.05649982, -0.37965953, 0.21126057, 0.07535426, 0.00000000, 0.00000000, 0.00000000, 0.00000000
5, 1.0500, 105, 1.82484591, -0.19354126, 0.10680103, 61.69285583, -135.52607727, 89.11088562, -18.35720444, 62.26249695, -58.60859299, -8.13068676, -0.73152393, 5.98780298, 0.99612582, 0.07046331, 0.01006165, -0.05164522, -0.65941608, -0.06323726, 0.72271681, 0.00000000, 0.00000000, 0.00000000, 0.00000000
5, 1.0600, 106, 2.27297306, 0.04818032, 0.04638729, 60.65191650, -140.55557251, 141.91551208, -17.21718788, 62.37942123, -59.98246002, -7.83999968, 1.16846216, 5.17465401, 0.99656016, 0.06874949, -0.00707644, -0.04573042, -0.63419628, 0.13515173, 1.19119322, 0.00000000, 0.00000000, 0.00000000, 0.00000000
4, 0.8801, 88, -0.31091309, 0.25492114, -0.12786049, 47.09265900, 66.16395569, -72.80715942, -81.70125580, -13.56328583, -48.34843445, -20.68796349, -44.96814346, 2.35992551, 1.00000000, 0.00000000, 0.00000000, 0.00000000, -0.40257153, 0.40095788, -0.34674484, 101.52000427, -16.21993637, 35.95000076, 0.00000000
4, 0.8901, 89, -0.26607925, 0.27171454, -0.05729453, 55.15271378, 57.99078369, -54.52828979, -81.70125580, -13.56328583, -48.34843445, -19.64175034, -45.58881378, 1.71972430, 1.00000000, 0.00000000, 0.00000000, 0.00000000, -0.46293533, 0.24601349, -0.36676288, 101.52000427, -16.21993637, 35.95000076, 0.00000000
4, 0.9001, 90, -0.23779511, 0.28930274, 0.07091198, 42.15367126, 40.01228333, -40.49563217, -82.28588104, -14.03098488, -48.75767136, -18.87252426, -46.03962326, 1.27346909, 1.00000000, 0.00000000, 0.00000000, 0.00000000, -0.49701744, 0.10448126, -0.37275764, 101.52000427, -16.21993637, 35.95000076, 0.00000000
4, 0.9101, 91, -0.20064537, 0.27708593, 0.21233708, 10.36877155, 13.16856194, -24.44157219, -82.22741699, -13.18327999, -48.90382767, -18.66445160, -46.29785156, 1.14319181, 1.00000000, 0.00000000, 0.00000000, 0.00000000, -0.53582400, -0.03847510, -0.41110533, 101.52000427, -16.21993637, 35.95000076, 0.00000000
4, 0.9201, 92, -0.12222236, 0.26317185, 0.33349550, -11.01360321, -6.74866343, -2.28983927, -81.99356842, -15.69716454, -49.22537231, -18.84465981, -46.31333923, 1.23514938, 1.00000000, 0.00000000, 0.00000000, 0.00000000, -0.61321318, -0.15484992, -0.45065594, 101.52000427, -16.21993637, 35.95000076, 0.00000000
5, 1.0700, 107, 2.35907197, 0.43560115, 0.06865814, 57.95239639, -149.87397766, 173.85310364, -15.72639561, 61.29786682, -59.51476288, -7.72383738, 3.36665726, 4.30803919, 0.99651963, 0.06837710, -0.02675758, -0.03946143, -0.33460495, 0.37237972, 1.36813390, 0.00000000, 0.00000000, 0.00000000, 0.00000000
5, 1.0800, 108, 2.42618346, 0.53170383, 0.01366373, 62.96915817, -177.68833923, 207.84542847, -12.33557415, 62.26249695, -60.42092896, -7.65385532, 5.99402571, 3.33098483, 0.99588323, 0.06813958, -0.05020808, -0.03244786, -0.27913338, 0.47546187, 1.44553018, 0.00000000, 0.00000000, 0.00000000, 0.00000000
2, 0.9100, 91, 0.37535766, -0.26330945, -0.47957128, -6.49070024, 17.60969925, 134.19860840, -3.82928967, 62.93481445, 60.33323669, -23.88168526, 6.43661499, -13.53353977, 0.97138298, 0.19866450, -0.07888347, 0.10356197, -0.36271650, 0.76539350, -1.20552289, 0.00000000, 0.00000000, 0.00000000, 0.00000000
2, 0.9200, 92, 0.66376019, -0.27589682, -0.49253994, -24.53272057, -1.93334711, 181.12498474, -2.74773455, 63.84098053, 60.77170181, -24.41429710, 7.79784870, -14.69907093, 0.96895522, 0.20072253, -0.09289918, 0.11048080, -0.62546998, 0.77979553, -1.14043641, 0.00000000, 0.00000000, 0.00000000, 0.00000000
2, 0.9300, 93, 0.90392280, -0.14194585, -0.02811329, -43.62246704, -37.71740723, 236.52265930, -0.96463019, 63.66559601, 60.74247360, -22.43116760, 21.44861794, 0.62486386, 0.96355820, 0.19209641, -0.18148488, -0.04144827, -0.70491707, 0.37859443, -0.79047668, 0.00000000, 0.00000000, 0.00000000, 0.00000000
4, 0.9301, 93, -0.04204713, 0.28613487, 0.39139602, -28.83386421, -26.45039368, 20.85375023, -82.13972473, -14.20637226, -49.22537231, -29.97598267, -39.88453293, 8.59301662, 1.00000000, 0.00000000, 0.00000000, 0.00000000, -0.67246771, -0.17258807, -0.44653481, 101.52000427, -16.21993637, 35.95000076, 0.00000000
5, 1.0900, 109, 2.61813974, 0.41087210, 0.05419298, 72.24552155, -211.74368286, 250.20509338, -10.23092651, 62.73019409, -61.12247849, -4.68958664, 9.51624870, 6.99185038, 0.99365962, 0.04574988, -0.08023964, -0.06410390, -0.34617925, 0.35091978, 1.61289227, 0.00000000, 0.00000000, 0.00000000, 0.00000000
5, 1.1000, 110, 2.59877968, 0.28781494, 0.13328061, 76.37378693, -225.92575073, 273.10671997, -10.23092651, 62.73019409, -61.12247849, -4.77615881, 12.98366547, 5.91858292, 0.99115801, 0.04717727, -0.11067533, -0.05595556, -0.31505466, 0.17194328, 1.58898759, 0.00000000, 0.00000000, 0.00000000, 0.00000000
5, 1.1100, 111, 2.36580133, 0.45905095, 0.12115978, 73.47962189, -228.10955811, 278.19158936, -6.63548660, 62.40865326, -62.40865326, -4.95331097, 16.50281715, 4.83984041, 0.98757988, 0.04878090, -0.14144930, -0.04794304, -0.06905052, 0.29585457, 1.41914558, 0.00000000, 0.00000000, 0.00000000, 0.00000000
5, 1.1200, 112, 2.46173954, 0.69666636, 0.09274590, 73.49961853, -236.97232056, 272.26654053, -3.62467122, 61.06401443, -62.84711838, -5.09313107, 20.03599548, 3.76285458, 0.98299658, 0.04943587, -0.17225550, -0.04002368, 0.11112784, 0.47594422, 1.57776284, 0.00000000, 0.00000000, 0.00000000, 0.00000000
2, 0.9400, 94, 1.37887299, 0.18884587, 0.52830845, -50.66260147, -80.75769043, 292.94580078, -0.96463019, 63.66559601, 60.74247360, -23.50029945, 24.21216202, -0.72957659, 0.95752460, 0.19780414, -0.20659108, -0.03661320, -0.84591156, -0.07507056, -0.14453667, 0.00000000, 0.00000000, 0.00000000, 0.00000000
2, 0.9500, 95, 1.77456057, 0.50044084, 1.13989997, -45.70933533, -92.25093842, 337.11502075, 2.22157264, 64.83484650, 61.76556396, -24.74875832, 27.34480476, -2.43365908, 0.94995129, 0.20327602, -0.23524861, -0.03048738, -1.05011892, -0.54061955, 0.46600094, 0.00000000, 0.00000000, 0.00000000, 0.00000000
2, 0.9600, 96, 2.11776638, 0.74734944, 1.56920576, -43.69672012, -74.63166809, 360.45864868, 5.96316862, 65.18561554, 62.08710861, -26.34931946, 30.48095894, -4.60190153, 0.94108450, 0.20945111, -0.26457447, -0.02214843, -1.23462510, -0.85415375, 0.95069587, 0.00000000, 0.00000000, 0.00000000, 0.00000000
2, 0.9700, 97, 2.37832618, 0.80105519, 1.85034835, -48.68717957, -45.16165161, 373.74069214, 9.17860222, 64.19175720, 62.61326981, -28.45377159, 33.44182968, -7.28367281, 0.93096119, 0.21718085, -0.29327345, -0.01159775, -1.40309250, -1.08822751, 1.19473970, 0.00000000, 0.00000000, 0.00000000, 0.00000000
5, 1.1300, 113, 2.79945493, 0.62442279, 0.10399105, 76.19351959, -259.79284668, 272.00378418, -0.17538731, 60.15784836, -64.33791351, -5.12913227, 23.71897125, 2.67110610, 0.97719455, 0.04856338, -0.20422991, -0.03198050, 0.02126970, 0.41880348, 1.90654731, 0.00000000, 0.00000000, 0.00000000, 0.00000000
2, 0.9800, 98, 2.58281446, 0.84671491, 1.90044439, -67.30576324, -23.03594208, 391.36505127, 12.45249939, 65.21485138, 63.89944458, -32.29879379, 36.80152893, -11.75995636, 0.91562837, 0.23147145, -0.32864770, 0.00603419, -1.54136658, -1.09947836, 1.35090733, 0.00000000, 0.00000000, 0.00000000, 0.00000000
2, 0.9900, 99, 2.50989556, 0.99960220, 1.92644322, -81.80350494, -7.18469572, 405.49786377, 12.45249939, 65.21485138, 63.89944458, -35.77637100, 39.42222595, -15.57074356, 0.90167135, 0.24301714, -0.35718507, 0.01871690, -1.38761425, -1.04322147, 1.53693819, 0.00000000, 0.00000000, 0.00000000, 0.00000000
2, 1.0000, 100, 2.21042585, 0.97984201, 1.69163036, -93.50881195, 18.72709274, 401.10559082, 16.25255775, 65.03945923, 65.91639709, -39.84276199, 41.62207031, -19.82933998, 0.88654125, 0.25623026, -0.38387805, 0.03206771, -1.09188485, -0.80235314, 1.41736126, 0.00000000, 0.00000000, 0.00000000, 0.00000000
4, 0.9401, 94, -0.05317872, 0.33360389, 0.41037235, -40.29224777, -51.84463501, 41.55812073, -82.13972473, -14.20637226, -49.22537231, -30.68466568, -39.33223724, 9.01787376, 1.00000000, 0.00000000, 0.00000000, 0.00000000, -0.59904492, -0.07536153, -0.41118798, 101.52000427, -16.21993637, 35.95000076, 0.00000000
4, 0.9501, 95, -0.14922248, 0.42321405, 0.42293203, -43.08236313, -75.88098145, 57.09309387, -81.46740723, -14.08944702, -49.07921600, -31.56163979, -38.54732513, 9.64668560, 1.00000000, 0.00000000, 0.00000000, 0.00000000, -0.49887529, -0.09093243, -0.32078847, 101.52000427, -16.21993637, 35.95000076, 0.00000000
4, 0.9601, 96, -0.29638487, 0.52336478, 0.45214471, -40.44567108, -92.27852631, 66.89266968, -82.22741699, -12.80327415, -48.11458588, -32.49417496, -37.60336685, 10.40253067, 1.00000000, 0.00000000, 0.00000000, 0.00000000, -0.34545374, -0.12256405, -0.22069022, 101.52000427, -16.21993637, 35.95000076, 0.00000000
4, 0.9701, 97, -0.44394085, 0.64269429, 0.45333609, -35.47784042, -93.69097900, 75.01382446, -81.90587616, -13.82636642, -47.52996063, -33.34019852, -36.56820297, 11.11108971, 1.00000000, 0.00000000, 0.00000000, 0.00000000, -0.19135568, -0.12990662, -0.09728385, 101.52000427, -16.21993637, 35.95000076, 0.00000000
4, 0.9801, 98, -0.48704109, 0.74540722, 0.38736603, -25.10418701, -84.30595398, 89.23615265, -81.90587616, -13.82636642, -47.52996063, -33.99809647, -33.69217682, 12.69366550, 1.00000000, 0.00000000, 0.00000000, 0.00000000, -0.13360338, -0.06720388, 0.01091015, 101.52000427, -16.21993637, 35.95000076, 0.00000000
5, 1.1400, 114, 3.10417795, 0.57118511, 0.07234859, 66.52932739, -272.11587524, 266.73303223, 2.92312193, 59.22245026, -66.91026306, -2.11259913, 24.12483215, 6.69639349, 0.97586036, 0.03020002, -0.20753196, -0.06095044, -0.08489564, 0.39336547, 2.19683552, 0.00000000, 0.00000000, 0.00000000, 0.00000000
5, 1.1500, 115, 3.23326755, 0.72108805, -0.03499847, 62.13048172, -280.19039917, 261.21603394, 2.92312193, 59.22245026, -66.91026306, -1.87048876, 27.91903305, 6.01767015, 0.96879292, 0.02847925, -0.24004009, -0.05486505, -0.06596069, 0.53506660, 2.33969355, 0.00000000, 0.00000000, 0.00000000, 0.00000000
5, 1.1600, 116, 3.24094272, 1.08148873, -0.10892232, 66.98770905, -284.37280273, 256.49774170, 6.08009338, 57.29319000, -68.13796997, -1.61171663, 31.70752907, 5.30315685, 0.96065938, 0.02615175, -0.27223760, -0.04833616, 0.19975542, 0.82447624, 2.44681120, 0.00000000, 0.00000000, 0.00000000, 0.00000000
4, 0.9901, 99, -0.46785137, 0.85269582, 0.30211598, -10.93860149, -73.88527679, 114.77305603, -81.14586639, -11.83864307, -46.36071396, -34.30496979, -32.35020447, 12.95074749, 1.00000000, 0.00000000, 0.00000000, 0.00000000, -0.12322270, 0.01601127, 0.11362436, 101.52000427, -16.21993637, 35.95000076, 0.00000000
5, 1.1700, 117, 3.24219632, 1.33247161, -0.13603030, 78.90376282, -286.53784180, 247.14579773, 8.27243519, 55.83162689, -70.79801178, -1.34521616, 35.44095993, 4.47439337, 0.95162171, 0.02305431, -0.30368400, -0.04075208, 0.41636848, 1.00634766, 2.53548622, 0.00000000, 0.00000000, 0.00000000, 0.00000000
5, 1.1800, 118, 3.27278757, 1.29077816, -0.09844375, 92.80372620, -287.00354004, 235.89880371, 11.22478771, 52.03157043, -72.75650024, -1.09586835, 39.09412384, 3.49491549, 0.94178820, 0.01921006, -0.33413526, -0.03193352, 0.45296317, 0.94603074, 2.60018396, 0.00000000, 0.00000000, 0.00000000, 0.00000000
2, 1.0100, 101, 2.13018155, 0.94404966, 1.41561556, -104.46901703, 29.67903137, 401.73727417, 19.84799767, 64.27944946, 66.53025055, -44.42234802, 43.50022125, -24.48370171, 0.87003791, 0.27038321, -0.40971047, 0.04543557, -1.02141345, -0.52542341, 1.32992184, 0.00000000, 0.00000000, 0.00000000, 0.00000000
2, 1.0200, 102, 2.20189619, 1.00552213, 1.42437232, -128.33859253, 22.31348228, 415.59271240, 23.67728615, 62.40865326, 67.84565735, -49.63045502, 45.24748993, -29.56481552, 0.85128456, 0.28548855, -0.43644667, 0.05766621, -1.05225945, -0.48431611, 1.46701324, 0.00000000, 0.00000000, 0.00000000, 0.00000000
2, 1.0300, 103, 2.29705715, 1.09938443, 1.55226481, -149.18788147, 3.88645673, 433.39245605, 27.71119499, 60.39169693, 68.83952332, -49.64753342, 45.69629669, -29.91277885, 0.85012716, 0.28282866, -0.44032389, 0.05836602, -1.09264350, -0.55421168, 1.66837025, 0.00000000, 0.00000000, 0.00000000, 0.00000000
2, 1.0400, 104, 2.49228668, 1.11253953, 1.62832367, -160.21630859, -8.63016796, 451.87255859, 27.71119499, 60.39169693, 68.83952332, -55.78989029, 47.54133987, -35.72320557, 0.82768595, 0.29825863, -0.47039658, 0.06859282, -1.26081324, -0.61825269, 1.77828062, 0.00000000, 0.00000000, 0.00000000, 0.00000000
2, 1.0500, 105, 2.70086026, 1.07811344, 1.55492115, -164.10789490, -14.20982265, 466.94931030, 31.13124847, 57.08856964, 70.62262726, -62.57509995, 49.01856232, -42.19200516, 0.80299997, 0.31326845, -0.50083268, 0.07887062, -1.45786715, -0.53573698, 1.85373676, 0.00000000, 0.00000000, 0.00000000, 0.00000000
5, 1.1900, 119, 3.23327923, 1.01266634, -0.02551898, 97.07057190, -283.90710449, 229.55633545, 13.38789845, 52.06079865, -75.50423431, 2.06350446, 36.03806305, 7.40310812, 0.94917589, 0.00287946, -0.30974293, -0.05582464, 0.33946788, 0.69320744, 2.53480387, 0.00000000, 0.00000000, 0.00000000, 0.00000000
5, 1.2000, 120, 3.19771600, 0.77543509, 0.03538489, 90.76110840, -278.24209595, 229.99949646, 13.38789845, 52.06079865, -75.50423431, 2.44950891, 39.62906647, 6.70879221, 0.93939239, -0.00024485, -0.33949497, -0.04780203, 0.20155448, 0.45610747, 2.44311380, 0.00000000, 0.00000000, 0.00000000, 0.00000000
5, 1.2100, 121, 3.14261436, 0.62988985, 0.02539486, 77.26512909, -270.66683960, 231.73641968, 15.98947620, 50.39462280, -78.10581970, 2.78407502, 43.18129730, 6.14808226, 0.92870402, -0.00282902, -0.36854613, -0.04092267, 0.15639731, 0.36416876, 2.39508629, 0.00000000, 0.00000000, 0.00000000, 0.00000000
5, 1.2200, 122, 2.90884137, 0.61634398, -0.05562389, 62.44936752, -267.85644531, 230.50231934, 17.01256943, 48.87459564, -80.26892853, 3.16857171, 46.70110321, 5.77607870, 0.91713274, -0.00538830, -0.39697981, -0.03529581, 0.21284725, 0.41341102, 2.19574118, 0.00000000, 0.00000000, 0.00000000, 0.00000000
4, 1.0001, 100, -0.49061680, 1.02132475, 0.17874742, 7.47989941, -64.24705505, 148.85932922, -80.70739746, -11.04940033, -45.65916443, -34.28415680, -30.72728729, 12.94721508, 1.00000000, 0.00000000, 0.00000000, 0.00000000, -0.08959097, 0.11486484, 0.29266554, 101.52000427, -16.21993637, 35.95000076, 0.00000000
4, 1.0101, 101, -0.66271251, 1.18381011, 0.09319301, 35.35924530, -57.35378647, 179.91778564, -80.35662079, -9.52937698, -45.30838776, -33.88908005, -28.83693123, 12.75180626, 1.00000000, 0.00000000, 0.00000000, 0.00000000, 0.09856471, 0.17433059, 0.46314126, 101.52000427, -16.21993637, 35.95000076, 0.00000000
4, 1.0201, 102, -0.78527254, 1.32748854, 0.06587522, 63.48162079, -48.12481308, 199.65406799, -79.68430328, -7.57088566, -45.24992752, -33.15011215, -26.78912354, 12.41514492, 1.00000000, 0.00000000, 0.00000000, 0.00000000, 0.24256891, 0.17569326, 0.59750450, 101.52000427, -16.21993637, 35.95000076, 0.00000000
5, 1.2300, 123, 2.61751533, 0.74562967, -0.12918995, 52.32173157, -262.95672607, 222.94888306, 18.24028015, 46.12686157, -83.01666260, 3.63620663, 50.12800598, 5.56141996, 0.90496522, -0.00816376, -0.42431268, -0.03049859, 0.39000475, 0.55153167, 1.97820890, 0.00000000, 0.00000000, 0.00000000, 0.00000000
4, 1.0301, 103, -0.72399610, 1.54225564, 0.05680610, 89.49633026, -33.38591385, 225.17237854, -79.68430328, -7.57088566, -45.24992752, -28.00443840, -23.69867134, 14.29560375, 1.00000000, 0.00000000, 0.00000000, 0.00000000, 0.20570067, 0.12779212, 0.77437681, 101.52000427, -16.21993637, 35.95000076, 0.00000000
4, 1.0401, 104, -0.55023223, 1.81450379, 0.04926993, 108.33670807, -20.42261314, 255.19219971, -78.31043243, -7.92166042, -44.98684692, -26.76780319, -21.16503334, 13.77993584, 1.00000000, 0.00000000, 0.00000000, 0.00000000, 0.06470643, 0.03636515, 0.98001814, 101.52000427, -16.21993637, 35.95000076, 0.00000000
4, 1.0501, 105, -0.37330523, 2.16470432, 0.03065530, 127.65894318, -6.05950642, 288.36819458, -78.45658875, -3.18620276, -45.39608383, -25.30331993, -18.33338165, 13.10833740, 1.00000000, 0.00000000, 0.00000000, 0.00000000, -0.08867921, -0.02340420, 1.29108000, 101.52000427, -16.21993637, 35.95000076, 0.00000000
4, 1.0601, 106, -0.28538486, 2.45199203, -0.07225866, 152.14244080, 8.85652733, 317.76153564, -76.32270813, -0.20461853, -45.80532074, -23.58807945, -15.22890377, 12.32034302, 1.00000000, 0.00000000, 0.00000000, 0.00000000, -0.14471731, 0.00643569, 1.56062412, 101.52000427, -16.21993637, 35.95000076, 0.00000000
4, 1.0701, 107, -0.31549218, 2.60750628, -0.23570111, 183.38546753, 19.62426758, 327.84420776, -76.05963135, 3.36159015, -46.97456741, -21.59815025, -12.01789188, 11.53594971, 1.00000000, 0.00000000, 0.00000000, 0.00000000, -0.07208351, 0.11424549, 1.71980119, 101.52000427, -16.21993637, 35.95000076, 0.00000000
4, 1.0801, 108, -0.33833030, 2.65369296, -0.35394260, 201.08888245, 26.62369728, 323.70056152, -76.05963135, 3.36159015, -46.97456741, -16.07559013, -7.97635317, 13.42260456, 1.00000000, 0.00000000, 0.00000000, 0.00000000, 0.00502017, 0.17890069, 1.76013005, 101.52000427, -16.21993637, 35.95000076, 0.00000000
4, 1.0901, 109, -0.35687006, 2.76708484, -0.41813263, 199.88911438, 33.61687851, 316.52517700, -74.74422455, 3.59543991, -48.55305481, -14.04520798, -4.81360674, 12.96505547, 1.00000000, 0.00000000, 0.00000000, 0.00000000, 0.08193386, 0.14734174, 1.85159469, 101.52000427, -16.21993637, 35.95000076, 0.00000000
4, 1.1501, 110, -0.39778608, 2.73786163, -0.57059938, 191.86421204, 89.01947021, 221.70181274, -65.50716400, 17.12949371, -56.65010071, -2.10628343, 8.26557732, 12.33583641, 1.00000000, 0.00000000, 0.00000000, 0.00000000, 0.35586351, 0.09735666, 1.82488191, 101.52000427, -16.21993637, 35.95000076, 0.00000000
2, 1.0600, 106, 2.95010734, 0.97828281, 1.40473926, -170.35629272, -14.96925735, 473.75408936, 34.43437576, 55.04238510, 70.94416809, -69.88242340, 49.98571014, -49.14242935, 0.77632236, 0.32807916, -0.53083742, 0.08887801, -1.72266245, -0.40481532, 1.85946882, 0.00000000, 0.00000000, 0.00000000, 0.00000000
2, 1.0700, 107, 3.11224580, 0.82706302, 1.26129448, -184.68067932, -18.76414299, 476.90490723, 37.88365936, 51.56386948, 72.23033905, -77.58788300, 50.42587280, -56.36854935, 0.74759716, 0.34281272, -0.56036788, 0.09780543, -1.92173707, -0.29989982, 1.80111384, 0.00000000, 0.00000000, 0.00000000, 0.00000000
2, 1.0800, 108, 3.19740033, 0.73076016, 1.25347364, -207.61122131, -23.51361465, 476.88635254, 40.66062546, 47.17918777, 73.13651276, -75.85715485, 53.09085846, -53.81235504, 0.75355250, 0.33083248, -0.56318808, 0.07434985, -2.01970100, -0.32208258, 1.79514885, 0.00000000, 0.00000000, 0.00000000, 0.00000000
2, 1.0900, 109, 3.18827915, 0.75496179, 1.33252478, -228.06524658, -31.15443611, 472.31533813, 40.66062546, 47.17918777, 73.13651276, -84.53961945, 53.24386215, -61.48942184, 0.72263962, 0.34728819, -0.59238434, 0.07914354, -1.97508073, -0.41545510, 1.85620975, 0.00000000, 0.00000000, 0.00000000, 0.00000000
2, 1.1000, 110, 3.08342671, 0.80738443, 1.52532876, -233.71609497, -38.61368561, 468.86279297, 43.75913239, 40.66062546, 73.63343811, -93.17009735, 52.79445648, -69.07473755, 0.69021279, 0.36274859, -0.62059063, 0.08298858, -1.84658647, -0.56990123, 2.02857590, 0.00000000, 0.00000000, 0.00000000, 0.00000000
2, 1.1100, 111, 2.89359403, 0.79956329, 1.64074826, -230.16421509, -45.54243469, 466.38339233, 44.89915085, 36.77287292, 74.21806335, -101.44434357, 51.73963165, -76.35315704, 0.65656072, 0.37680042, -0.64765310, 0.08657414, -1.66401911, -0.67648304, 2.09875798, 0.00000000, 0.00000000, 0.00000000, 0.00000000
2, 1.1200, 112, 2.67502880, 0.68949467, 1.52512670, -224.32911682, -46.58980179, 463.61657715, 47.20841980, 32.44665146, 74.30575562, -109.12487793, 50.08559418, -83.08360291, 0.62189054, 0.38972551, -0.67321914, 0.09023461, -1.50579059, -0.60319805, 1.99258924, 0.00000000, 0.00000000, 0.00000000, 0.00000000
2, 1.1300, 113, 2.50471044, 0.52722734, 1.26153994, -221.39405823, -48.76922226, 461.04251099, 47.20841980, 32.44665146, 74.30575562, -104.74321747, 52.66974640, -81.18254852, 0.64410949, 0.36276773, -0.66750371, 0.08922733, -1.41330290, -0.41530567, 1.76658440, 0.00000000, 0.00000000, 0.00000000, 0.00000000
4, 1.1601, 111, -0.25477055, 2.67236519, -0.65682173, 195.22044373, 93.01249695, 221.56306458, -63.92867661, 18.76644325, -59.04706192, -0.19801307, 10.60771942, 11.90284634, 1.00000000, 0.00000000, 0.00000000, 0.00000000, 0.25638765, 0.16128683, 1.77306652, 101.52000427, -16.21993637, 35.95000076, 0.00000000
4, 1.1701, 112, -0.19545624, 2.57887340, -0.73751277, 193.59346008, 84.44242859, 214.68850708, -63.92867661, 18.76644325, -59.04706192, 1.70258570, 12.87815762, 11.61681175, 1.00000000, 0.00000000, 0.00000000, 0.00000000, 0.24137448, 0.22537102, 1.70046628, 101.52000427, -16.21993637, 35.95000076, 0.00000000
4, 1.1801, 113, -0.16384846, 2.45771670, -0.75524497, 183.84834290, 70.03636169, 197.39457703, -62.55480957, 19.70184135, -61.56094742, 4.07693434, 12.12396431, 12.75429535, 1.00000000, 0.00000000, 0.00000000, 0.00000000, 0.24155040, 0.23167495, 1.58991528, 101.52000427, -16.21993637, 35.95000076, 0.00000000
4, 1.1901, 114, -0.14557947, 2.35652304, -0.72069323, 172.26756287, 55.68442154, 172.09681702, -61.26863480, 20.14031029, -63.34405136, 5.81833172, 13.92223167, 12.78989315, 1.00000000, 0.00000000, 0.00000000, 0.00000000, 0.22602843, 0.17964008, 1.48476553, 101.52000427, -16.21993637, 35.95000076, 0.00000000
2, 1.1400, 114, 2.33565187, 0.31366509, 1.00290847, -223.30229187, -56.36434937, 458.26455688, 48.69921112, 26.86348915, 73.80883026, -112.43870544, 50.87750244, -87.90163422, 0.60927564, 0.37461340, -0.69288224, 0.09144608, -1.30689991, -0.25720108, 1.42534888, 0.00000000, 0.00000000, 0.00000000, 0.00000000
2, 1.1500, 115, 2.20555854, 0.08921053, 0.83290946, -229.22845459, -69.75859833, 455.91601562, 49.16690826, 22.71265602, 73.01958466, -119.57813263, 48.68403625, -94.05783081, 0.57312500, 0.38492668, -0.71747798, 0.09265288, -1.27411139, -0.17808154, 1.21813560, 0.00000000, 0.00000000, 0.00000000, 0.00000000
2, 1.1600, 116, 2.14607000, -0.06598768, 0.72733176, -232.37026978, -92.13552094, 452.33050537, 49.54691696, 18.09412384, 72.55188751, -126.16942596, 46.19626236, -99.73466492, 0.53583384, 0.39289004, -0.74154836, 0.09287395, -1.29180372, -0.14296862, 1.11120820, 0.00000000, 0.00000000, 0.00000000, 0.00000000
5, 1.2400, 124, 2.46131182, 0.78797531, -0.23967005, 50.26261139, -258.70706177, 210.51017761, 19.05875397, 44.34375763, -86.14440155, 7.61174726, 45.57378387, 10.05301189, 0.91863334, -0.02710083, -0.39032596, -0.05499118, 0.41388336, 0.64716244, 1.83732653, 0.00000000, 0.00000000, 0.00000000, 0.00000000
5, 1.2500, 125, 2.38650227, 0.68538392, -0.33597603, 51.05373001, -255.26058960, 196.26342773, 19.05875397, 44.34375763, -86.14440155, 8.51052666, 48.74580765, 10.27275562, 0.90746176, -0.03047245, -0.41593429, -0.05082569, 0.27351815, 0.61023873, 1.69097805, 0.00000000, 0.00000000, 0.00000000, 0.00000000
5, 1.2600, 126, 2.34959221, 0.53228343, -0.43322495, 52.73965836, -252.51298523, 180.97215271, 19.73107338, 42.32680511, -87.95673370, 9.56061077, 51.78239059, 10.57218456, 0.89603549, -0.03456229, -0.44020081, -0.04635842, 0.14998758, 0.57646549, 1.64228296, 0.00000000, 0.00000000, 0.00000000, 0.00000000
4, 1.2001, 115, -0.14802107, 2.36635494, -0.70973831, 163.60897827, 50.35763168, 150.14671326, -59.19321823, 19.76030350, -64.63022614, 7.48225641, 15.49407291, 12.86020184, 1.00000000, 0.00000000, 0.00000000, 0.00000000, 0.25595427, 0.13930203, 1.50247753, 101.52000427, -16.21993637, 35.95000076, 0.00000000
5, 1.2700, 127, 2.30748630, 0.37976572, -0.55626225, 52.26832581, -250.36849976, 167.55169678, 20.52031517, 40.83601379, -90.55831909, 10.79449368, 54.69684601, 11.00415897, 0.88436043, -0.03930946, -0.46326703, -0.04177518, 0.00865266, 0.56202769, 1.58379638, 0.00000000, 0.00000000, 0.00000000, 0.00000000
5, 1.2800, 128, 2.17208076, 0.15558407, -0.72906882, 46.87088394, -245.93310547, 157.80635071, 19.96492195, 38.20520401, -92.16603088, 12.24090004, 57.49186707, 11.66090870, 0.87246251, -0.04441927, -0.48520747, -0.03754754, -0.18938361, 0.53711838, 1.40993333, 0.00000000, 0.00000000, 0.00000000, 0.00000000
5, 1.2900, 129, 2.00640106, -0.12304084, -1.06541038, 31.54947472, -242.90808105, 154.69096375, 20.28646660, 37.67903900, -95.05992126, 16.98344231, 56.55674362, 16.04938889, 0.87223923, -0.06335884, -0.48212788, -0.05231895, -0.53118974, 0.58775848, 1.15006554, 0.00000000, 0.00000000, 0.00000000, 0.00000000
5, 1.3000, 130, 1.89669418, -0.35986561, -1.35245121, 11.32060432, -242.55656433, 153.09907532, 20.16954041, 35.86670685, -96.52148438, 19.35967445, 59.12990952, 17.91439819, 0.85987443, -0.06873781, -0.50322407, -0.05154496, -0.84748507, 0.60717452, 0.94106030, 0.00000000, 0.00000000, 0.00000000, 0.00000000
5, 1.3100, 131, 1.86902523, -0.69097972, -1.68220794, -7.56744242, -248.24723816, 146.82438660, 20.16954041, 35.86670685, -96.52148438, 22.46754074, 61.57115936, 20.54835892, 0.84690225, -0.07513796, -0.52382082, -0.05217894, -1.26028538, 0.62365341, 0.81368208, 0.00000000, 0.00000000, 0.00000000, 0.00000000
2, 1.1700, 117, 1.92318392, -0.29644915, 0.64556050, -232.81973267, -111.98262787, 449.39245605, 49.07921600, 13.21251106, 70.53492737, -132.20187378, 43.42658234, -104.94047546, 0.49752021, 0.39856482, -0.76490217, 0.09243669, -1.17277491, -0.16114569, 0.89731199, 0.00000000, 0.00000000, 0.00000000, 0.00000000
2, 1.1800, 118, 1.91550350, -0.43647614, 0.65419734, -231.66053772, -127.70561218, 448.00622559, 49.07921600, 13.21251106, 70.53492737, -131.55563354, 47.04294968, -106.18151855, 0.51693439, 0.37124836, -0.76693767, 0.08222023, -1.21577990, -0.24011463, 0.81989384, 0.00000000, 0.00000000, 0.00000000, 0.00000000
2, 1.1900, 119, 1.55492973, -0.65090847, 0.62563378, -213.39727783, -139.32170105, 437.34323120, 48.81613541, 8.41859055, 68.83952332, -137.30189514, 44.13216019, -111.28800964, 0.47925267, 0.37420309, -0.78975773, 0.08106723, -0.89711118, -0.31060377, 0.51348215, 0.00000000, 0.00000000, 0.00000000, 0.00000000
2, 1.2000, 120, 1.31737661, -0.94078165, 0.61817396, -204.66445923, -137.19079590, 425.79150391, 48.37766647, 3.39082146, 67.26103210, -142.25698853, 40.98723984, -115.64360046, 0.44174859, 0.37618905, -0.81051719, 0.08001154, -0.77850747, -0.42383701, 0.25670493, 0.00000000, 0.00000000, 0.00000000, 0.00000000
2, 1.2100, 121, 0.97679532, -1.32593560, 0.59887832, -204.14877319, -130.24784851, 418.57962036, 47.14995575, -0.38000584, 65.27330780, -146.61102295, 37.64334869, -119.33525085, 0.40404043, 0.37787026, -0.82932734, 0.07862388, -0.58965003, -0.55906403, -0.12309628, 0.00000000, 0.00000000, 0.00000000, 0.00000000
2, 1.2200, 122, 0.62906259, -1.81330287, 0.39393610, -213.75173950, -126.50915527, 418.09799194, 45.86378098, -4.15083313, 62.84711838, -150.60008240, 34.11115265, -122.53195190, 0.36539173, 0.37929597, -0.84663808, 0.07633769, -0.43991101, -0.55544496, -0.66179055, 0.00000000, 0.00000000, 0.00000000, 0.00000000
5, 1.3200, 132, 1.89935660, -1.07230818, -1.95969391, -15.02757835, -268.36605835, 139.14895630, 19.87722778, 34.96053696, -99.00613403, 26.57517815, 63.94001770, 24.05830574, 0.83284777, -0.08330338, -0.54462045, -0.05304405, -1.69631529, 0.56486601, 0.74263293, 0.00000000, 0.00000000, 0.00000000, 0.00000000
4, 1.2101, 116, -0.14851449, 2.37329745, -0.73151600, 158.51998901, 50.65619278, 131.74749756, -58.19935608, 21.25109673, -66.53025055, 9.09338284, 16.89090347, 12.90913677, 1.00000000, 0.00000000, 0.00000000, 0.00000000, 0.28030422, 0.13320598, 1.52383161, 101.52000427, -16.21993637, 35.95000076, 0.00000000
4, 1.2201, 117, -0.09054972, 2.31806421, -0.81341207, 157.87544250, 55.72230148, 117.80694580, -58.19935608, 21.25109673, -66.53025055, 10.68554783, 18.17346191, 12.89790154, 1.00000000, 0.00000000, 0.00000000, 0.00000000, 0.24683161, 0.19875561, 1.49239659, 101.52000427, -16.21993637, 35.95000076, 0.00000000
4, 1.2301, 118, 0.06354861, 2.22977090, -0.97794414, 160.45756531, 66.86430359, 109.42213440, -56.91318130, 21.30955887, -67.72873688, 12.74231339, 16.98123550, 13.74131680, 1.00000000, 0.00000000, 0.00000000, 0.00000000, 0.10707670, 0.34977183, 1.43605816, 101.52000427, -16.21993637, 35.95000076, 0.00000000
5, 1.3300, 133, 1.82150209, -1.46751285, -2.33447409, -14.81357288, -306.81845093, 138.38743591, 19.52645493, 33.87898254, -101.31540680, 32.16007614, 66.33943176, 28.81753731, 0.81671458, -0.09373638, -0.56687111, -0.05336688, -2.17160535, 0.56722307, 0.55024844, 0.00000000, 0.00000000, 0.00000000, 0.00000000
2, 1.2300, 123, 0.21348938, -2.23402286, 0.14972246, -219.88552856, -142.29916382, 425.45843506, 45.86378098, -4.15083313, 62.84711838, -154.94810486, 27.56541824, -126.41719055, 0.30254760, 0.38122216, -0.86960500, 0.08319674, -0.22755051, -0.49583104, -1.16737139, 0.00000000, 0.00000000, 0.00000000, 0.00000000
2, 1.2400, 124, -0.15912819, -2.51567173, -0.00177578, -226.54008484, -166.68910217, 443.33203125, 43.96375275, -7.36626720, 60.21630859, -158.30790710, 23.49079704, -129.19914246, 0.25962469, 0.37785712, -0.88504934, 0.08066490, -0.04311573, -0.48007506, -1.49884820, 0.00000000, 0.00000000, 0.00000000, 0.00000000
2, 1.2500, 125, -0.69404829, -2.59538388, -0.09101185, -215.41030884, -206.38043213, 460.20443726, 41.24525070, -10.84478188, 57.99473953, -161.30957031, 19.10651970, -132.03404236, 0.21471117, 0.37088567, -0.89999115, 0.07974287, 0.37755817, -0.45881259, -1.69446945, 0.00000000, 0.00000000, 0.00000000, 0.00000000
2, 1.2600, 126, -1.33788717, -2.14843988, -0.30495828, -201.89065552, -241.65069580, 491.78427124, 39.16983414, -15.63870239, 55.04238510, -163.90484619, 14.25550270, -134.87553406, 0.16675629, 0.36093122, -0.91396773, 0.08114206, 1.01289463, -0.14412333, -1.48507440, 0.00000000, 0.00000000, 0.00000000, 0.00000000
2, 1.2700, 127, -2.43569851, -1.65311801, -0.13521129, -177.98344421, -274.93981934, 524.51654053, 35.10669327, -18.15258598, 52.82081223, -165.96907043, 8.92979431, -137.69703674, 0.11599787, 0.34817922, -0.92626894, 0.08568344, 2.12244081, -0.17073560, -1.23590362, 0.00000000, 0.00000000, 0.00000000, 0.00000000
5, 1.3400, 134, 1.53502166, -1.72071564, -2.38428521, -11.19551373, -356.39804077, 143.17108154, 19.08798599, 32.82666016, -104.67699432, 42.32893372, 70.64211273, 36.55712128, 0.78796637, -0.11062238, -0.60434842, -0.04043408, -2.27474785, 0.42055809, 0.27547517, 0.00000000, 0.00000000, 0.00000000, 0.00000000
5, 1.3500, 135, 0.95517093, -1.92082834, -2.40389180, 0.04886852, -412.59921265, 150.11842346, 17.48026848, 31.42355919, -108.56474304, 54.34923935, 72.73256683, 47.11780930, 0.76488715, -0.12626953, -0.63051766, -0.03809395, -2.22768497, 0.29100859, -0.23334907, 0.00000000, 0.00000000, 0.00000000, 0.00000000
5, 1.3600, 136, 0.43011111, -2.00421906, -2.44997883, 17.78819084, -470.43328857, 144.62330627, 17.48026848, 31.42355919, -108.56474304, 70.36672211, 74.14041901, 61.22239304, 0.73811406, -0.14480338, -0.65811920, -0.03314791, -2.14435148, 0.25321704, -0.68337297, 0.00000000, 0.00000000, 0.00000000, 0.00000000
5, 1.3700, 137, 0.11862260, -2.02395535, -2.51804638, 36.96063995, -533.32952881, 113.82182312, 15.14177132, 30.04969215, -112.21865082, 89.29663086, 74.27842712, 77.56744385, 0.70785797, -0.16764562, -0.68573451, -0.02450213, -2.10151243, 0.27648303, -0.91228008, 0.00000000, 0.00000000, 0.00000000, 0.00000000
5, 1.3800, 138, 0.26473165, -1.93641114, -2.36274219, 62.31690979, -611.24804688, 60.08005524, 12.77404213, 29.02659988, -116.01870728, 108.25489044, 72.89020538, 92.97972870, 0.67365563, -0.19631980, -0.71241665, -0.01045294, -1.99061084, 0.20760620, -0.62827814, 0.00000000, 0.00000000, 0.00000000, 0.00000000
4, 1.2401, 119, 0.27798036, 2.16801810, -1.19748926, 174.47758484, 81.90538788, 106.74337006, -55.77316666, 20.28646660, -69.92107391, 14.45639610, 18.26661491, 13.52980804, 1.00000000, 0.00000000, 0.00000000, 0.00000000, -0.11506934, 0.54385066, 1.40776610, 101.52000427, -16.21993637, 35.95000076, 0.00000000
4, 1.2501, 120, 0.64204198, 2.02481103, -1.37234056, 191.32510376, 95.50131226, 107.44995117, -55.15930939, 21.33878899, -71.52879333, 16.31813812, 19.62093353, 13.24413776, 1.00000000, 0.00000000, 0.00000000, 0.00000000, -0.44994169, 0.71539640, 1.29252708, 101.52000427, -16.21993637, 35.95000076, 0.00000000
4, 1.2601, 121, 0.94526047, 1.92620397, -1.46058881, 212.45832825, 95.55621338, 114.22122955, -54.10698700, 18.85413551, -73.57497406, 18.41673279, 21.03920746, 13.05251598, 1.00000000, 0.00000000, 0.00000000, 0.00000000, -0.72477186, 0.79141027, 1.21120906, 101.52000427, -16.21993637, 35.95000076, 0.00000000
2, 1.2800, 128, -3.01538491, -1.21673810, 0.02611525, -155.69461060, -315.31130981, 544.09191895, 35.10669327, -18.15258598, 52.82081223, -167.63887024, -6.76028442, -146.03479004, -0.02466998, 0.29594985, -0.94732618, 0.11990987, 2.66357708, -0.20496529, -0.91876483, 0.00000000, 0.00000000, 0.00000000, 0.00000000
2, 1.2900, 129, -3.64102626, -0.85668021, -0.15214725, -121.42884064, -324.62030029, 548.27929688, 30.98509216, -18.29874229, 50.24846649, -168.01075745, -12.55115414, -148.87173462, -0.07687245, 0.27624828, -0.94925863, 0.12917262, 3.11001754, 0.06500797, -0.81834471, 0.00000000, 0.00000000, 0.00000000, 0.00000000
2, 1.3000, 130, -3.86270499, -0.73332781, -0.51507199, -83.54367828, -328.44171143, 503.99227905, 26.19117165, -19.90645981, 48.20227814, -167.68113708, -17.93063164, -151.75985718, -0.12440004, 0.25579906, -0.94832939, 0.14058058, 3.22836781, 0.44477865, -0.90197909, 0.00000000, 0.00000000, 0.00000000, 0.00000000
2, 1.3100, 131, -4.26732922, -0.87183249, -0.46540630, -100.78466797, -346.39266968, 407.85760498, 22.06957054, -20.52031517, 47.09149170, -166.98554993, -22.34201050, -155.12437439, -0.16402563, 0.23137912, -0.94712728, 0.15003096, 3.50907373, 0.35613617, -1.14591122, 0.00000000, 0.00000000, 0.00000000, 0.00000000
2, 1.3200, 132, -3.97393656, -0.44069761, -0.39089203, -200.69813538, -403.99707031, 228.81382751, 18.94182968, -20.57877731, 44.84069061, -166.27478027, -24.94410515, -159.69804382, -0.19049750, 0.19625244, -0.94968361, 0.15263274, 3.28480315, 0.43454012, -0.67678678, 0.00000000, 0.00000000, 0.00000000, 0.00000000
2, 1.3300, 133, -3.71329188, 0.12944198, -0.37981302, -289.69607544, -500.74163818, 4.79828596, 18.94182968, -20.57877731, 44.84069061, -168.65820312, -34.68302917, -164.31620789, -0.28096440, 0.15877908, -0.93697184, 0.13391042, 3.12000155, 0.60816884, -0.11502302, 0.00000000, 0.00000000, 0.00000000, 0.00000000
5, 1.3900, 139, 0.59384733, -1.80064070, -1.90396309, 93.90702820, -709.78033447, -9.97082233, 9.47091484, 28.52966881, -120.37416077, 125.64813232, 72.88755798, 106.02783966, 0.64316201, -0.21382496, -0.73486298, 0.02445253, -1.71509624, -0.03888576, -0.09530154, 0.00000000, 0.00000000, 0.00000000, 0.00000000
5, 1.4000, 140, 0.51353115, -1.33862162, -1.47977412, 120.91368866, -811.88116455, -94.17446136, 4.96930695, 28.58813095, -124.70037842, 140.48193359, 69.01224518, 114.57292938, 0.59913546, -0.25800091, -0.75603265, 0.05373079, -1.10215878, -0.01324731, 0.11025984, 0.00000000, 0.00000000, 0.00000000, 0.00000000
5, 1.4100, 141, 0.30093759, -0.60213542, -0.98860306, 123.53404999, -813.37701416, -177.33467102, 4.96930695, 28.58813095, -124.70037842, 151.08267212, 65.05088043, 118.16252136, 0.55482918, -0.30433896, -0.76940781, 0.08691438, -0.22814135, 0.12689640, 0.27878237, 0.00000000, 0.00000000, 0.00000000, 0.00000000
4, 1.2701, 122, 1.24758160, 1.79000974, -1.53484571, 231.27394104, 75.59577179, 129.90753174, -54.10698700, 18.85413551, -73.57497406, 20.81144142, 22.49359322, 13.20119858, 1.00000000, 0.00000000, 0.00000000, 0.00000000, -0.99580169, 0.85762465, 1.09371889, 101.52000427, -16.21993637, 35.95000076, 0.00000000
4, 1.2801, 123, 1.44463158, 1.63885963, -1.76162410, 255.37817383, 42.92108536, 152.94338989, -52.93773651, 20.69570351, -76.11809540, 26.77161789, 26.21973228, 12.91891670, 1.00000000, 0.00000000, 0.00000000, 0.00000000, -1.15350926, 1.06304264, 1.00957239, 101.52000427, -16.21993637, 35.95000076, 0.00000000
4, 1.2901, 124, 1.75672078, 1.25311279, -2.02661467, 271.42752075, -21.79739952, 182.42472839, -50.95001221, 17.77258110, -78.63198090, 30.19048882, 27.41287804, 14.56174660, 1.00000000, 0.00000000, 0.00000000, 0.00000000, -1.39742231, 1.32645822, 0.72003555, 101.52000427, -16.21993637, 35.95000076, 0.00000000
5, 1.4200, 142, 0.24114531, -0.12914845, -0.22997825, 88.88462830, -720.96289062, -259.42950439, -1.16924870, 27.68196487, -128.76351929, 158.12097168, 61.91393661, 118.15283203, 0.51688737, -0.34894210, -0.77245259, 0.11993308, 0.57918882, -0.09949455, 0.56584990, 0.00000000, 0.00000000, 0.00000000, 0.00000000
4, 1.3001, 125, 2.44728994, 0.93094885, -1.58244467, 264.81549072, -86.92747498, 225.29789734, -49.22537231, 17.10026360, -80.64893341, 33.97734070, 28.38651848, 17.16907120, 1.00000000, 0.00000000, 0.00000000, 0.00000000, -2.04640055, 0.90571797, 0.31554323, 101.52000427, -16.21993637, 35.95000076, 0.00000000
4, 1.3101, 126, 2.34462523, 1.04233527, -0.90561408, 262.33493042, -91.68773651, 255.48689270, -49.22537231, 17.10026360, -80.64893341, 37.95524979, 29.37822533, 20.15690994, 1.00000000, 0.00000000, 0.00000000, 0.00000000, -1.92795515, 0.17546460, 0.34512424, 101.52000427, -16.21993637, 35.95000076, 0.00000000
4, 1.3201, 127, 1.76870644, 1.16151655, -0.64974916, 310.22824097, -75.58974457, 278.48364258, -47.82227325, 18.73721123, -82.60742188, 42.57543564, 30.42307281, 23.36653137, 1.00000000, 0.00000000, 0.00000000, 0.00000000, -1.34164155, -0.14414068, 0.49733436, 101.52000427, -16.21993637, 35.95000076, 0.00000000
4, 1.3301, 128, 1.21734560, 1.08999324, -0.59636444, 359.28274536, -69.81768799, 303.44818115, -45.19146347, 17.39257431, -85.82286072, 43.49536514, 34.14938736, 22.23549271, 1.00000000, 0.00000000, 0.00000000, 0.00000000, -0.76120478, -0.21671362, 0.50265610, 101.52000427, -16.21993637, 35.95000076, 0.00000000
4, 1.3401, 129, 0.85626465, 1.03488851, -0.59282047, 374.93270874, -68.00091553, 331.16925049, -43.11604691, 15.81408882, -88.65828705, 49.44989777, 35.20488358, 26.25876617, 1.00000000, 0.00000000, 0.00000000, 0.00000000, -0.35213530, -0.21306024, 0.51570839, 101.52000427, -16.21993637, 35.95000076, 0.00000000
2, 1.3400, 134, -3.96537948, 1.08742392, -0.64247757, -306.62594604, -475.04089355, -191.84562683, 18.59105492, -21.57263947, 42.06372452, -166.52008057, -33.21624756, -171.01977539, -0.27417287, 0.10794559, -0.94611239, 0.13434432, 3.48187804, 1.15002942, 0.55801523, 0.00000000, 0.00000000, 0.00000000, 0.00000000
5, 1.4300, 143, 0.28407881, 0.01949023, 0.79943419, 26.68658447, -545.88946533, -353.75009155, -5.87547493, 28.85121346, -130.75123596, 161.98088074, 60.41688156, 115.47829437, 0.49246290, -0.38896823, -0.76383227, 0.15081210, 1.30273795, -0.74599504, 0.89943826, 0.00000000, 0.00000000, 0.00000000, 0.00000000
4, 1.3501, 130, 0.63525569, 1.11020553, -0.36380008, 365.41549683, -72.72526550, 357.13006592, -40.36831284, 13.47559166, -91.20140076, 55.62876129, 35.98287964, 30.74815941, 1.00000000, 0.00000000, 0.00000000, 0.00000000, -0.12058612, -0.50079596, 0.63294357, 101.52000427, -16.21993637, 35.95000076, 0.00000000
5, 1.4400, 144, -0.17124918, -0.31837103, 1.15331590, -31.75187874, -326.27316284, -463.19836426, -9.06167793, 30.57585526, -131.86203003, -172.44660950, 59.12226105, 121.60350037, 0.40177956, -0.45177776, -0.74180478, 0.29016519, 1.42125475, -1.16668224, 0.48003882, 0.00000000, 0.00000000, 0.00000000, 0.00000000
5, 1.4500, 145, -0.13407229, -0.89438415, 0.95250154, -116.59989929, -154.48239136, -550.00054932, -10.55247021, 32.79742813, -133.08973694, -172.08900452, 62.54275131, 117.19693756, 0.41128826, -0.47483909, -0.70913845, 0.32014456, 0.88147497, -1.23934889, 0.33849996, 0.00000000, 0.00000000, 0.00000000, 0.00000000
2, 1.3500, 135, -3.13044930, 1.77565610, 0.07643332, -345.79522705, -442.72317505, -380.14965820, 20.37415886, -20.05261612, 38.84828949, -165.09315491, -29.64852524, -177.40376282, -0.25078714, 0.05489704, -0.95754910, 0.13111810, 2.94858098, 0.73031563, 1.65237188, 0.00000000, 0.00000000, 0.00000000, 0.00000000
2, 1.3600, 136, -2.39586878, 1.78985381, -0.43083280, -461.25933838, -459.24603271, -620.49963379, 23.29728127, -18.56182289, 34.52206802, -164.85203552, -23.53905678, 175.89169312, -0.20669109, -0.00791684, -0.97077501, 0.12170500, 2.27659464, 1.23570657, 1.73224306, 0.00000000, 0.00000000, 0.00000000, 0.00000000
5, 1.4600, 146, 1.06391621, -0.74204028, 0.51249450, -197.69346619, -58.31658173, -606.05444336, -10.55247021, 32.79742813, -133.08973694, -174.28732300, 67.05889893, 110.76557922, 0.43041414, -0.49562645, -0.66953659, 0.34759030, 0.37322760, -0.82631177, 1.35950327, 0.00000000, 0.00000000, 0.00000000, 0.00000000
5, 1.4700, 147, 3.02476764, 1.05304933, 0.06089146, -214.54095459, 66.97172546, -659.48046875, -11.07863140, 33.14820099, -132.79742432, -179.22229004, 72.62879944, 102.29470825, 0.45775312, -0.50860029, -0.62497437, 0.37575904, 0.79135758, 0.67008275, 3.46643877, 0.00000000, 0.00000000, 0.00000000, 0.00000000
5, 1.4800, 148, 4.41913080, 5.85710287, 0.45570400, -188.64492798, 240.45474243, -533.97406006, -11.07863140, 38.67290115, -132.24203491, 171.56698608, 78.08247375, 91.67435455, 0.49041545, -0.50643450, -0.58792835, 0.39668265, 4.05463886, 3.52498722, 5.89346790, 0.00000000, 0.00000000, 0.00000000, 0.00000000
4, 1.3601, 131, 0.34866109, 1.48046780, -0.01810319, 343.83639526, -79.54457855, 367.93875122, -40.36831284, 13.47559166, -91.20140076, 61.77457428, 36.35054016, 35.49449158, 1.00000000, 0.00000000, 0.00000000, 0.00000000, 0.15465218, -0.95351911, 1.02451241, 101.52000427, -16.21993637, 35.95000076, 0.00000000
4, 1.3701, 132, 0.24794622, 2.08455825, -0.02094207, 301.49960327, -99.06991577, 348.58148193, -37.85442734, 10.75708866, -93.59836578, 67.39925385, 36.10715103, 40.07831573, 1.00000000, 0.00000000, 0.00000000, 0.00000000, 0.21950564, -1.10185218, 1.69708872, 101.52000427, -16.21993637, 35.95000076, 0.00000000
4, 1.3801, 133, 0.59212637, 2.96728826, 0.67329979, 201.92443848, -169.85882568, 299.43432617, -35.48669815, 8.62320995, -96.22917175, 56.91883850, 37.28537750, 29.17598343, 1.00000000, 0.00000000, 0.00000000, 0.00000000, -0.17268005, -1.95485795, 2.42744184, 101.52000427, -16.21993637, 35.95000076, 0.00000000
4, 1.3901, 134, 0.95548362, 3.10077286, 1.35396540, 186.62637329, -234.10574341, 256.03018188, -35.22361755, 5.93393755, -98.04150391, 61.04256821, 35.88484192, 33.24590683, 1.00000000, 0.00000000, 0.00000000, 0.00000000, -0.52895892, -2.60235310, 2.32127476, 101.52000427, -16.21993637, 35.95000076, 0.00000000
4, 1.4001, 135, 1.37892830, 2.61226130, 1.90305626, 295.07315063, -288.01702881, 249.45364380, -35.36977386, 3.85852075, -100.05846405, 66.05162811, 33.63270569, 37.21039581, 1.00000000, 0.00000000, 0.00000000, 0.00000000, -0.94351459, -3.09861112, 1.76306057, 101.52000427, -16.21993637, 35.95000076, 0.00000000
4, 1.4101, 136, 1.87029004, 2.01313400, 2.68136501, 370.46942139, -359.94271851, 280.66973877, -35.36977386, 3.85852075, -100.05846405, 71.68553925, 30.39255333, 41.31965637, 1.00000000, 0.00000000, 0.00000000, 0.00000000, -1.43133330, -3.80749559, 1.06303144, 101.52000427, -16.21993637, 35.95000076, 0.00000000
4, 1.4201, 137, 2.21099734, 1.02725017, 3.32661057, 346.83038330, -405.98034668, 316.05590820, -36.04209137, 0.76001167, -102.66004181, 76.79093933, 26.42093849, 45.35611725, 1.00000000, 0.00000000, 0.00000000, 0.00000000, -1.76200783, -4.31285810, 0.02319956, 101.52000427, -16.21993637, 35.95000076, 0.00000000
2, 1.3700, 137, 0.10132276, 1.37641490, -1.92111993, -616.24041748, -515.77728271, -864.07580566, 28.38351250, -14.87869072, 28.90967560, -166.26483154, -15.03256702, 168.28700256, -0.14128792, -0.08487547, -0.98075306, 0.10467784, -0.23994790, 2.50387096, 1.58320940, 0.00000000, 0.00000000, 0.00000000, 0.00000000
2, 1.3800, 138, 1.71987283, 2.26686573, -1.14824283, -778.50482178, -617.20001221, -1150.60803223, 28.38351250, -14.87869072, 28.90967560, -173.42143250, 1.43437421, 158.45602417, 0.00155295, -0.18728459, -0.98054922, 0.05869798, -1.32293713, 2.02113295, 3.11538649, 0.00000000, 0.00000000, 0.00000000, 0.00000000
2, 1.3900, 139, 2.59070110, 6.67158890, 0.19681107, -1137.64123535, -832.15008545, -1595.76867676, 32.18357086, -7.74627304, 21.07570839, 176.85374451, 14.27703190, 143.09370422, 0.12645698, -0.31072152, -0.94195503, 0.01347983, -0.67938334, 2.04797363, 7.79828644, 0.00000000, 0.00000000, 0.00000000, 0.00000000
4, 1.4301, 138, 2.16079235, 0.41627926, 2.14843273, 316.12884521, -419.94708252, 365.38879395, -37.59134674, -2.89389062, -104.38468170, 84.18144226, 35.04287338, 73.80718231, 1.00000000, 0.00000000, 0.00000000, 0.00000000, -1.70540905, -3.06311107, -0.27446079, 101.52000427, -16.21993637, 35.95000076, 0.00000000
2, 1.4000, 140, -1.52100635, 7.96682119, 2.16491938, -1598.34655762, -714.60327148, -1940.27917480, 32.15433884, 7.16164875, 13.15404797, 157.42181396, 26.33532906, 121.80919647, 0.28789246, -0.42535251, -0.85605913, -0.05793095, 3.99249053, 0.36902815, 8.44221210, 0.00000000, 0.00000000, 0.00000000, 0.00000000
2, 1.4100, 141, 3.46106696, 7.97744465, 1.37626600, -1483.74108887, -607.12091064, -1506.03576660, 27.06810760, 28.17889404, 12.13095570, 135.92710876, 28.66771698, 101.01217651, 0.40828726, -0.49950063, -0.75212461, -0.13457105, -0.77203405, 0.82899284, 9.30743027, 0.00000000, 0.00000000, 0.00000000, 0.00000000
4, 1.4401, 139, 0.87670326, 0.87836474, 1.33952153, 360.42800903, -338.12899780, 333.12637329, -39.14060211, -6.05086231, -106.69394684, 89.41142273, 31.04432297, 77.23731995, 1.00000000, 0.00000000, 0.00000000, 0.00000000, -0.37590313, -2.32285428, 0.52174407, 101.52000427, -16.21993637, 35.95000076, 0.00000000
4, 1.4501, 140, -1.46127570, 0.85441595, 2.03866148, 327.22915649, -195.57850647, 246.47261047, -39.14060211, -6.05086231, -106.69394684, 93.66787720, 28.41389465, 79.52748108, 1.00000000, 0.00000000, 0.00000000, 0.00000000, 1.92069721, -3.03335881, 0.57819182, 101.52000427, -16.21993637, 35.95000076, 0.00000000
4, 1.4601, 141, -3.85231185, 0.81484526, 3.86977577, 234.45529175, -51.73686981, 257.19909668, -39.37445068, -10.05553913, -107.48319244, 97.15699005, 27.05131912, 82.14482880, 1.00000000, 0.00000000, 0.00000000, 0.00000000, 4.30036592, -4.83694696, 0.40304130, 101.52000427, -16.21993637, 35.95000076, 0.00000000
4, 1.4701, 142, -4.01868534, 0.23460539, 3.73058033, 15.00366688, 143.43293762, 198.99328613, -38.90675354, -11.45863724, -107.33703613, 98.58251953, 27.75749016, 84.78598785, 1.00000000, 0.00000000, 0.00000000, 0.00000000, 4.50049686, -4.58697701, -0.09519270, 101.52000427, -16.21993637, 35.95000076, 0.00000000
4, 1.4801, 143, -4.02730465, 1.08603144, 0.67840940, -128.88943481, -15.06670856, 70.58596802, -37.70827103, -12.10172462, -107.74626923, 90.98673248, 14.38316917, 30.25641060, 1.00000000, 0.00000000, 0.00000000, 0.00000000, 4.37430954, -1.76833737, 1.28265202, 101.52000427, -16.21993637, 35.95000076, 0.00000000
4, 1.4901, 144, -3.22104096, 0.85438937, -0.14959626, 60.64137268, -132.85905457, 30.11108398, -38.87752151, -11.48786926, -108.09704590, 91.51481628, 12.98684311, 30.27834129, 1.00000000, 0.00000000, 0.00000000, 0.00000000, 3.39506412, -0.98512840, 1.08104122, 101.52000427, -16.21993637, 35.95000076, 0.00000000
5, 1.4900, 149, 5.78525925, 7.79305506, 0.25857908, 43.80270386, 319.02169800, -474.26223755, -9.03244686, 41.59602356, -131.30664062, 64.03189087, 81.88952637, -16.14912415, 0.58530545, -0.47452667, -0.49389923, 0.43394202, 4.90119553, 4.91735649, 7.46486855, 0.00000000, 0.00000000, 0.00000000, 0.00000000
2, 1.4200, 142, 3.45325375, 7.94458246, -0.67570132, -596.41333008, -495.11862183, -741.75579834, 27.06810760, 28.17889404, 12.13095570, 127.10390472, 25.86472702, 90.19504547, 0.44835365, -0.54538763, -0.68845326, -0.16602254, -0.98735321, 2.58550930, 8.49080086, 0.00000000, 0.00000000, 0.00000000, 0.00000000
2, 1.4300, 143, 5.16773748, 4.92998886, -2.36136222, -45.51426697, 170.87028503, -366.00183105, 19.40952873, 37.06518555, 12.77404213, 114.76957703, 36.11874771, 77.43537903, 0.56315094, -0.52031296, -0.63126510, -0.11678984, -3.49424314, 3.13369966, 5.55561447, 0.00000000, 0.00000000, 0.00000000, 0.00000000
2, 1.4400, 144, 5.41100121, 1.67485225, 1.60479915, 254.04678345, 310.36599731, 36.31892776, 19.67260933, 39.78368759, 13.03712368, 117.18526459, 39.65555573, 78.64182281, 0.56268650, -0.50911337, -0.64550298, -0.08668090, -4.04965734, -1.66212237, 3.79505754, 0.00000000, 0.00000000, 0.00000000, 0.00000000
2, 1.4500, 145, 1.68021512, -0.50692147, 6.37987566, 101.09570312, -76.83074951, 249.82962036, 21.54340744, 37.82519531, 12.18941784, 120.14625549, 38.71277618, 81.81584167, 0.54383755, -0.50968647, -0.66041970, -0.09113971, -0.56134272, -6.86263895, 2.39823270, 0.00000000, 0.00000000, 0.00000000, 0.00000000
2, 1.4600, 146, -0.26990908, -2.05706525, 6.17357922, -130.84085083, -50.46866608, 352.52456665, 21.83572006, 36.71440887, 12.21864891, 121.16835022, 37.20662689, 85.83229828, 0.53011674, -0.49791384, -0.67689532, -0.11344939, 0.90038109, -7.18518257, 0.43961602, 0.00000000, 0.00000000, 0.00000000, 0.00000000
4, 1.5001, 145, -0.54271072, 0.01192887, -0.53141034, 146.06513977, -41.19635010, 57.66025543, -38.87752151, -11.48786926, -108.09704590, 93.04518890, 12.36551666, 30.75695038, 1.00000000, 0.00000000, 0.00000000, 0.00000000, 0.75165492, -0.45548359, 0.18616612, 101.52000427, -16.21993637, 35.95000076, 0.00000000
4, 1.5101, 146, 0.31028381, -0.13596328, -0.39128968, 83.99700165, 75.39400482, 81.95708466, -38.84828949, -12.13095570, -107.39550018, 94.13718414, 12.83970547, 31.76016808, 1.00000000, 0.00000000, 0.00000000, 0.00000000, -0.08784445, -0.56396294, -0.01493565, 101.52000427, -16.21993637, 35.95000076, 0.00000000
4, 1.5201, 147, 0.64408833, -0.51532668, -0.02421124, 18.91251183, 137.80618286, 94.03945923, -38.08827972, -14.00175381, -107.30780029, 94.69869232, 13.90822887, 33.06436920, 1.00000000, 0.00000000, 0.00000000, 0.00000000, -0.37976784, -0.84936428, -0.46313137, 101.52000427, -16.21993637, 35.95000076, 0.00000000
4, 1.5301, 148, 0.86286414, -0.43047562, 0.43260056, -77.80056763, 178.27195740, 76.50927734, -35.98363113, -13.35866737, -107.16164398, 109.79330444, 23.06199837, 108.72003937, 1.00000000, 0.00000000, 0.00000000, 0.00000000, -0.54258633, -1.28400683, -0.41857702, 101.52000427, -16.21993637, 35.95000076, 0.00000000
5, 1.5000, 150, 2.36860824, 2.53152156, 2.48318124, 210.68489075, 226.81811523, -459.93655396, -7.22011089, 41.53756332, -130.89739990, 35.75648880, 79.84081268, -46.73618698, 0.59189296, -0.45837328, -0.46725288, 0.47035247, 3.61871409, -0.29194295, 3.23493600, 0.00000000, 0.00000000, 0.00000000, 0.00000000
4, 1.5401, 149, 0.86319733, -0.03734441, 0.88131559, -150.16189575, 120.53399658, 39.80651474, -35.25284958, -12.80327415, -106.63548279, 108.78802490, 23.98833466, 109.78794861, 1.00000000, 0.00000000, 0.00000000, 0.00000000, -0.44781089, -1.72360742, 0.04780203, 101.52000427, -16.21993637, 35.95000076, 0.00000000
4, 1.5501, 150, 0.86416030, 0.28109381, 0.98479086, -160.40551758, 56.40854645, 11.14561653, -35.25284958, -12.80327415, -106.63548279, 107.39963531, 24.51895523, 110.22740936, 1.00000000, 0.00000000, 0.00000000, 0.00000000, -0.45589423, -1.88671947, 0.31999001, 101.52000427, -16.21993637, 35.95000076, 0.00000000
4, 1.5601, 151, 0.80999476, 0.36172709, 0.92513812, -158.30757141, 13.70122814, -23.37440681, -34.69745636, -11.28325081, -106.84010315, 105.77626038, 24.83896255, 110.09843445, 1.00000000, 0.00000000, 0.00000000, 0.00000000, -0.40137166, -1.84782588, 0.38928154, 101.52000427, -16.21993637, 35.95000076, 0.00000000
4, 1.5701, 152, 0.49826610, 0.25138870, 0.85293907, -155.34481812, 13.48833847, -53.14105606, -34.90207672, -9.67553329, -106.19701385, 104.05434418, 25.28143692, 109.66054535, 1.00000000, 0.00000000, 0.00000000, 0.00000000, -0.07845581, -1.76078880, 0.28684974, 101.52000427, -16.21993637, 35.95000076, 0.00000000
5, 1.5100, 151, -2.29265380, 3.34951806, 5.47697735, 187.25473022, -79.49462891, -281.46072388, -8.50628471, 42.18064880, -131.74510193, 29.51521492, 79.04915619, -56.05503845, 0.58225226, -0.46262389, -0.45091256, 0.49359846, 7.53010845, -1.97386158, -0.43385792, 0.00000000, 0.00000000, 0.00000000, 0.00000000
5, 1.5200, 152, -3.94300532, 3.53477216, 4.57495594, 118.64717102, -137.96441650, -206.70648193, -8.50628471, 42.18064880, -131.74510193, 28.93107224, 78.68156433, -59.35503387, 0.57223493, -0.47176942, -0.43766323, 0.50836194, 7.60324001, -1.17489254, -2.15796709, 0.00000000, 0.00000000, 0.00000000, 0.00000000
5, 1.5300, 153, -2.20237017, 1.31974292, 2.72884488, 134.09295654, -222.11357117, -73.50225067, -9.44168377, 41.82987213, -132.38818359, 31.07119942, 79.78449249, -59.68058777, 0.55573815, -0.48571649, -0.43373531, 0.51682526, 4.32528305, -1.26094961, -1.38592076, 0.00000000, 0.00000000, 0.00000000, 0.00000000
5, 1.5400, 154, 0.03695164, -0.98283815, 1.16905451, 127.68048859, -58.88104630, 93.35759735, -11.45863724, 40.98217010, -133.35281372, -55.82437897, 81.09892273, -134.62060547, 0.53977787, -0.39280796, -0.54976684, 0.50209385, 1.01289821, -1.55702889, -0.08108835, 0.00000000, 0.00000000, 0.00000000, 0.00000000
5, 1.5500, 155, -0.58471638, -1.03726280, 0.45862806, 51.17379761, 4.10384274, 295.56011963, -10.96170712, 39.19906235, -133.20666504, -73.20462799, 81.04162598, -150.46211243, 0.53017217, -0.38881654, -0.57124788, 0.49134013, 0.72010648, -0.88849747, -0.76540697, 0.00000000, 0.00000000, 0.00000000, 0.00000000
2, 1.4700, 147, -1.80954874, -0.42618763, 3.93927860, -257.40246582, 45.55925369, 365.06988525, 21.83572006, 36.71440887, 12.21864891, 120.70858002, 36.29055023, 89.93724823, 0.52383047, -0.47544008, -0.69264990, -0.14069299, 2.57912970, -4.54600430, 0.81408280, 0.00000000, 0.00000000, 0.00000000, 0.00000000
2, 1.4800, 148, -1.49586546, 0.70530158, 1.95017910, -288.31967163, 102.69918060, 344.82376099, 23.91113663, 38.05904770, 12.94942951, 116.46553040, 33.62878799, 97.87214661, 0.51648408, -0.41979018, -0.71366215, -0.21841909, 2.36669254, -2.31608129, 1.27377939, 0.00000000, 0.00000000, 0.00000000, 0.00000000
2, 1.4900, 149, -0.66653061, 1.11967695, 0.74723071, -219.46694946, 61.94445419, 300.67648315, 25.60654831, 39.34521866, 15.14177132, 115.77898407, 33.32897186, 101.21131134, 0.51089549, -0.39719135, -0.72382677, -0.23937380, 1.53595185, -1.08303368, 1.45012319, 0.00000000, 0.00000000, 0.00000000, 0.00000000
5, 1.5600, 156, -0.76796120, 0.30738956, 1.86947596, -47.16305542, -68.87026215, 320.71325684, -10.87401295, 38.17597198, -133.11897278, -93.31473541, 81.32973480, -169.11451721, 0.52115369, -0.39291316, -0.59158891, 0.47332937, 2.62380075, -1.04388404, -0.28489652, 0.00000000, 0.00000000, 0.00000000, 0.00000000
5, 1.5700, 157, -0.87943780, 0.41065666, 2.54635334, -109.68315125, 1.02221286, 274.69784546, -10.87401295, 38.17597198, -133.11897278, -109.27965546, 81.39974213, 176.84144592, 0.51951021, -0.39427468, -0.60764712, 0.45323461, 3.15903997, -1.48857141, -0.18162081, 0.00000000, 0.00000000, 0.00000000, 0.00000000
4, 1.5801, 153, 0.09305196, 0.12102065, 0.59757084, -150.34365845, 27.67831993, -57.64836884, -35.28208160, -8.59397793, -105.99240112, 89.57622528, 33.03055191, 15.00489902, 1.00000000, 0.00000000, 0.00000000, 0.00000000, 0.36658448, -1.47791648, 0.15454859, 101.52000427, -16.21993637, 35.95000076, 0.00000000
4, 1.5901, 154, -0.12130752, 0.04922574, 0.27397722, -143.45457458, 31.36321831, -43.33314896, -35.28208160, -8.59397793, -105.99240112, 87.92053223, 33.49819946, 14.55371189, 1.00000000, 0.00000000, 0.00000000, 0.00000000, 0.67070252, -1.11357522, -0.01693320, 101.52000427, -16.21993637, 35.95000076, 0.00000000
4, 1.6001, 155, -0.22506194, 0.04518364, 0.10317875, -137.23060608, 23.18029404, -32.29148865, -35.19438553, -9.23706532, -105.14469147, 86.37384033, 33.85510635, 14.20315266, 1.00000000, 0.00000000, 0.00000000, 0.00000000, 0.77845311, -0.94023317, -0.00554828, 101.52000427, -16.21993637, 35.95000076, 0.00000000
2, 1.5000, 150, -0.46865326, 1.18612123, 0.39980829, -145.18217468, -90.16482544, 244.00785828, 27.09733963, 39.98830795, 14.70330334, 115.77729034, 31.82282448, 103.78069305, 0.49820718, -0.38805932, -0.73086411, -0.25891566, 1.31654382, -0.74343550, 1.45177221, 0.00000000, 0.00000000, 0.00000000, 0.00000000
2, 1.5100, 151, -0.90139997, 0.90060705, 0.52689505, -66.50849152, -227.66284180, 193.10937500, 26.86348915, 40.19292450, 14.90792179, 116.47550201, 29.22783089, 105.63845062, 0.47874054, -0.39138806, -0.73576033, -0.27618772, 1.64146411, -0.97346735, 1.13427508, 0.00000000, 0.00000000, 0.00000000, 0.00000000
2, 1.5200, 152, -1.46604288, 0.33145532, 0.77034074, -27.02033615, -259.17651367, 177.17684937, 26.86348915, 40.19292450, 14.90792179, 117.44441986, 26.41942596, 107.23464203, 0.45705447, -0.39803347, -0.74023360, -0.29107532, 2.02460384, -1.40670967, 0.56961864, 0.00000000, 0.00000000, 0.00000000, 0.00000000
2, 1.5300, 153, -1.63957524, 0.09131400, 0.80422443, -22.58949280, -210.35150146, 184.25848389, 25.34346581, 39.46214676, 14.08944702, 121.92198181, 14.54716206, 104.16240692, 0.38322505, -0.48448443, -0.72192848, -0.31182155, 2.05649829, -1.53372443, 0.35800248, 0.00000000, 0.00000000, 0.00000000, 0.00000000
2, 1.5400, 154, -1.35738373, 0.09877716, 0.71737802, -27.34778404, -113.75711823, 205.38984680, 25.13884735, 38.64366913, 13.21251106, 122.17909241, 12.93694401, 105.93588257, 0.36803111, -0.48037201, -0.72716379, -0.32408139, 1.62990701, -1.46770132, 0.48196089, 0.00000000, 0.00000000, 0.00000000, 0.00000000
2, 1.5500, 155, -1.04570687, 0.20683032, 0.55080503, -28.95778084, -39.21614075, 228.41209412, 24.17421722, 37.97135162, 12.80327415, 122.25814819, 11.97109222, 108.07801819, 0.35590702, -0.47068983, -0.73451650, -0.33506256, 1.32092667, -1.27742410, 0.61286587, 0.00000000, 0.00000000, 0.00000000, 0.00000000
5, 1.5800, 158, -1.19231427, 0.78559721, 1.99041712, -134.63627625, 91.48352051, 257.57751465, -10.96170712, 38.76059723, -133.35281372, -121.36078644, 81.32269287, 167.34536743, 0.52372038, -0.39001817, -0.62220919, 0.43180853, 3.17234969, -0.83536804, -0.47331962, 0.00000000, 0.00000000, 0.00000000, 0.00000000
5, 1.5900, 159, -0.77155238, 0.91095829, 1.36406469, -121.69643402, 110.83894348, 236.42218018, -9.96784592, 38.64366913, -132.38818359, -115.04299164, 78.00297546, 160.77619934, 0.45377439, -0.44266617, -0.58994943, 0.50009525, 2.73323131, -0.27757943, -0.15146485, 0.00000000, 0.00000000, 0.00000000, 0.00000000
5, 1.6000, 160, -0.02583551, 0.76122320, 1.04415751, -111.68313599, 85.97913361, 230.82991028, -9.35398960, 38.52674484, -132.12510681, -123.05013275, 77.77775574, 155.05545044, 0.45869234, -0.44002643, -0.60341179, 0.48153132, 2.18564272, -0.09504153, 0.47188315, 0.00000000, 0.00000000, 0.00000000, 0.00000000
2, 1.5600, 156, -0.76426905, 0.33663735, 0.37643760, -23.39266205, 9.78421402, 247.73533630, 25.86962891, 38.67290115, 13.47559166, 122.28675079, 11.43523788, 110.51560974, 0.34536925, -0.45712972, -0.74351126, -0.34488207, 1.05454957, -1.07165158, 0.75050777, 0.00000000, 0.00000000, 0.00000000, 0.00000000
5, 1.6100, 161, 0.38266233, 0.66533005, 0.81086570, -118.58728790, 29.58193207, 233.60453796, -8.47705364, 37.73750305, -132.00817871, -132.25845337, 77.28365326, 147.72578430, 0.46068555, -0.44126064, -0.61587602, 0.46233609, 1.84217358, 0.00299945, 0.82044858, 0.00000000, 0.00000000, 0.00000000, 0.00000000
5, 1.6200, 162, 0.21009220, 0.65376627, 0.73004884, -128.52079773, -42.92264938, 221.29438782, -8.47705364, 37.73750305, -132.00817871, -142.12489319, 76.44279480, 139.12319946, 0.45933872, -0.44764352, -0.62620580, 0.44327149, 1.83377743, 0.03852862, 0.67257720, 0.00000000, 0.00000000, 0.00000000, 0.00000000
5, 1.6300, 163, -0.31679553, 0.59308112, 0.70391703, -131.51692200, -76.95436859, 191.00741577, -8.82782841, 39.31599045, -131.62817383, -150.90711975, 75.39340210, 131.16712952, 0.45679408, -0.45644182, -0.63391089, 0.42562559, 1.93346000, -0.00290719, 0.18885612, 0.00000000, 0.00000000, 0.00000000, 0.00000000
5, 1.6400, 164, -0.76381272, 0.48343393, 0.60529691, -130.51307678, -66.92305756, 159.96717834, -9.35398960, 40.07600021, -132.09587097, -168.90748596, 61.66945648, 142.22016907, 0.45581988, -0.32355857, -0.79256290, 0.24368495, 1.90659940, -0.02586579, -0.19609424, 0.00000000, 0.00000000, 0.00000000, 0.00000000
4, 1.6101, 156, -0.33098507, 0.00453684, -0.05642246, -138.64508057, 3.68546796, -25.63728714, -34.22975540, -7.33703566, -104.47237396, 84.82227325, 34.00409317, 13.89370155, 1.00000000, 0.00000000, 0.00000000, 0.00000000, 0.88812602, -0.77213168, -0.03128337, 101.52000427, -16.21993637, 35.95000076, 0.00000000
4, 1.6201, 157, -0.49241072, -0.09502351, -0.18205079, -156.09085083, -14.07112503, -17.45538330, -35.51593018, -5.49546909, -104.32621765, 83.12614441, 33.97306442, 13.65818501, 1.00000000, 0.00000000, 0.00000000, 0.00000000, 1.05424774, -0.62755120, -0.11913197, 101.52000427, -16.21993637, 35.95000076, 0.00000000
4, 1.6301, 158, -0.68863165, -0.19714396, -0.27443892, -188.30972290, -18.87467003, -6.73042488, -35.10669327, -3.59543991, -103.30312347, 85.95607758, 23.08025169, 65.33592987, 1.00000000, 0.00000000, 0.00000000, 0.00000000, 1.21263051, -0.53945452, -0.20115146, 101.52000427, -16.21993637, 35.95000076, 0.00000000
4, 1.6401, 159, -0.87961763, -0.32839927, -0.43204960, -230.53390503, 5.76003933, 4.10135365, -35.10669327, -3.59543991, -103.30312347, 83.67190552, 23.27330399, 65.37128448, 1.00000000, 0.00000000, 0.00000000, 0.00000000, 1.28608060, -0.42933205, -0.27511454, 101.52000427, -16.21993637, 35.95000076, 0.00000000
4, 1.6501, 160, -0.95845801, -0.46465126, -0.62521571, -282.43524170, 66.23141479, 9.67058563, -35.36977386, -1.72464192, -102.30926514, 80.93798065, 24.09829330, 65.48798370, 1.00000000, 0.00000000, 0.00000000, 0.00000000, 1.37966692, -0.20542052, -0.40802792, 101.52000427, -16.21993637, 35.95000076, 0.00000000
4, 1.6601, 161, -0.95505553, -0.41853550, -0.76103246, -334.06997681, 153.11294556, 3.06544495, -34.75592041, 0.67231804, -100.84770203, 77.69049835, 25.82517052, 65.47976685, 1.00000000, 0.00000000, 0.00000000, 0.00000000, 1.39385533, -0.06272697, -0.38393009, 101.52000427, -16.21993637, 35.95000076, 0.00000000
5, 1.6500, 165, -0.94351238, 0.39974216, 0.52307522, -128.51618958, -36.22755432, 134.76983643, -9.79245853, 40.36831284, -132.03741455, -172.11361694, 60.60736847, 139.69004822, 0.45210582, -0.32935140, -0.79661965, 0.22918408, 1.78133345, -0.05007132, -0.21751328, 0.00000000, 0.00000000, 0.00000000, 0.00000000
5, 1.6600, 166, -0.89750010, 0.35170969, 0.46973062, -128.01884460, 10.33496284, 119.22357941, -9.79245853, 41.01139832, -132.30049133, -175.14530945, 59.89433289, 137.60563660, 0.45173883, -0.33273441, -0.79949135, 0.21455410, 1.69201505, -0.06647232, -0.17972374, 0.00000000, 0.00000000, 0.00000000, 0.00000000
4, 1.6701, 162, -0.84257162, -0.10682899, -0.63884562, -346.00885010, 259.36651611, -15.13636875, -33.70359421, 3.21543407, -98.21689606, 74.20922852, 28.60312653, 65.08018494, 1.00000000, 0.00000000, 0.00000000, 0.00000000, 1.30140734, -0.21128929, -0.15612242, 101.52000427, -16.21993637, 35.95000076, 0.00000000
5, 1.6700, 167, -0.69039708, 0.32888195, 0.45438102, -129.37416077, 62.32245636, 113.60974121, -9.79245853, 41.01139832, -132.30049133, -178.20599365, 59.50815964, 135.86830139, 0.45476475, -0.33330545, -0.80155540, 0.19901112, 1.59737527, -0.09597740, 0.01845510, 0.00000000, 0.00000000, 0.00000000, 0.00000000
4, 1.6801, 163, -0.32907128, 0.30084854, -0.45557663, -310.37857056, 363.10604858, -47.33580780, -31.71587181, 5.29085064, -96.52148438, 62.87780762, 26.13278198, 57.54486084, 1.00000000, 0.00000000, 0.00000000, 0.00000000, 0.79485321, -0.42539790, 0.10327156, 101.52000427, -16.21993637, 35.95000076, 0.00000000
4, 1.6901, 164, 0.24391174, 0.62736547, -0.36817762, -286.12731934, 422.29266357, -88.48024750, -31.71587181, 5.29085064, -96.52148438, 59.08308411, 30.00920105, 55.00147247, 1.00000000, 0.00000000, 0.00000000, 0.00000000, 0.19278841, -0.52017272, 0.23723456, 101.52000427, -16.21993637, 35.95000076, 0.00000000
4, 1.7001, 165, 0.76056969, 0.93635380, -0.33855486, -257.64724731, 436.86373901, -122.86987305, -29.17275620, 6.92779875, -93.01374054, 54.99916458, 33.71386719, 51.62470627, 1.00000000, 0.00000000, 0.00000000, 0.00000000, -0.28383029, -0.54721844, 0.46985763, 101.52000427, -16.21993637, 35.95000076, 0.00000000
2, 1.5700, 157, -0.57807922, 0.44680312, 0.19544777, -8.75692940, 33.62256241, 259.34124756, 25.86962891, 38.67290115, 13.47559166, 122.40645599, 11.12745380, 113.13475800, 0.33505237, -0.44157201, -0.75361615, -0.35329425, 0.87980348, -0.86475509, 0.84332317, 0.00000000, 0.00000000, 0.00000000, 0.00000000
2, 1.5800, 158, -0.50747752, 0.49439937, 0.14748323, 6.09213495, 52.51537323, 261.86813354, 27.71119499, 37.94212341, 13.44636059, 115.62440491, 1.07019591, 123.15813446, 0.26047471, -0.39840320, -0.74664038, -0.46471077, 0.77288842, -0.82124990, 0.86856008, 0.00000000, 0.00000000, 0.00000000, 0.00000000
2, 1.5900, 159, -0.47550339, 0.51393813, 0.08206552, 22.84265518, 64.69684601, 257.32186890, 29.05583191, 36.36363602, 13.68021011, 115.51990509, 1.44409835, 125.79048920, 0.25252715, -0.37935698, -0.75593108, -0.46998560, 0.61535662, -0.80888963, 0.80126703, 0.00000000, 0.00000000, 0.00000000, 0.00000000
4, 1.7101, 166, 1.04092979, 1.42081749, -0.34902114, -241.69526672, 421.52731323, -146.85746765, -28.29582024, 8.82782841, -89.73983765, 50.52859879, 36.94432831, 47.60984039, 1.00000000, 0.00000000, 0.00000000, 0.00000000, -0.54318923, -0.56414288, 0.89870059, 101.52000427, -16.21993637, 35.95000076, 0.00000000
4, 1.7201, 167, 1.25680208, 2.12754822, -0.19286269, -253.83111572, 419.73364258, -176.69519043, -28.76351929, 11.16632557, -86.37825012, 45.26505661, 39.72086334, 42.78097153, 1.00000000, 0.00000000, 0.00000000, 0.00000000, -0.75826544, -0.78198910, 1.51736450, 101.52000427, -16.21993637, 35.95000076, 0.00000000
4, 1.7301, 168, 1.53488886, 3.10208392, -0.07597034, -255.87614441, 435.88146973, -236.01637268, -28.76351929, 11.16632557, -86.37825012, 29.36850929, 41.16299820, 32.98605728, 1.00000000, 0.00000000, 0.00000000, 0.00000000, -1.06241047, -0.97854644, 2.37899780, 101.52000427, -16.21993637, 35.95000076, 0.00000000
4, 1.7401, 169, 1.82224882, 3.20031786, -0.75355762, -240.06640625, 384.24349976, -318.10775757, -28.64659500, 13.18327999, -82.54895782, 22.77769852, 40.98232269, 26.21607018, 1.00000000, 0.00000000, 0.00000000, 0.00000000, -1.35995781, -0.17848760, 2.48741102, 101.52000427, -16.21993637, 35.95000076, 0.00000000
2, 1.6000, 160, -0.49822161, 0.57637650, 0.01151739, 42.37018204, 67.56254578, 250.18910217, 29.96199989, 35.36977386, 13.44636059, 115.62081146, 1.90055716, 128.37739563, 0.24455567, -0.36047798, -0.76559991, -0.47339743, 0.65400130, -0.72132748, 0.82975590, 0.00000000, 0.00000000, 0.00000000, 0.00000000
2, 1.6100, 161, -0.54326230, 0.69464403, 0.14661662, 60.24403763, 84.92692566, 239.03289795, 31.45279121, 34.11283112, 13.68021011, 115.88284302, 2.57143974, 130.89343262, 0.23780414, -0.34125066, -0.77562499, -0.47476637, 0.74824733, -0.80762392, 0.97212273, 0.00000000, 0.00000000, 0.00000000, 0.00000000
2, 1.6200, 162, -0.59847879, 0.80375999, 0.25347757, 77.86840820, 128.79652405, 227.77223206, 31.45279121, 34.11283112, 13.68021011, 116.25287628, 3.70686245, 133.36880493, 0.23411250, -0.32025617, -0.78621876, -0.47380114, 0.85395288, -0.86900222, 1.09610236, 0.00000000, 0.00000000, 0.00000000, 0.00000000
2, 1.6300, 163, -0.64232612, 0.85978991, 0.33667070, 88.21908569, 181.37077332, 218.21311951, 33.64513397, 31.80356598, 13.82636642, 110.88140106, -5.13483620, 127.56135559, 0.21727382, -0.38627756, -0.72683674, -0.52468109, 0.89739311, -0.93436909, 1.14485908, 0.00000000, 0.00000000, 0.00000000, 0.00000000
2, 1.6400, 164, -0.62147141, 0.85781109, 0.32146502, 83.40953827, 223.77619934, 211.91343689, 35.07746124, 31.39432907, 14.61560917, 110.79557037, -2.84011650, 129.78572083, 0.22241169, -0.36189401, -0.73914260, -0.52271795, 0.77407122, -0.95118690, 1.07678294, 0.00000000, 0.00000000, 0.00000000, 0.00000000
4, 1.7501, 170, 2.02364779, 2.42082739, -1.03994370, -232.36398315, 283.39208984, -338.78582764, -28.96813774, 13.50482273, -79.27506256, 17.02300072, 39.56236649, 20.59052467, 1.00000000, 0.00000000, 0.00000000, 0.00000000, -1.53135920, 0.31891942, 1.72297192, 101.52000427, -16.21993637, 35.95000076, 0.00000000
4, 1.7601, 171, 2.28689075, 2.17336130, -0.86081266, -243.18626404, 223.59986877, -311.11529541, -32.53434753, 16.95410728, -77.02426147, 11.97158432, 37.74053192, 16.12298203, 1.00000000, 0.00000000, 0.00000000, 0.00000000, -1.80050063, 0.25226057, 1.39246678, 101.52000427, -16.21993637, 35.95000076, 0.00000000
2, 1.6500, 165, -0.60841066, 0.88515210, 0.23956545, 53.52581024, 262.54220581, 202.20579529, 37.15287781, 28.90967560, 15.84332085, 110.43267822, -0.23164655, 131.87695312, 0.23107813, -0.33591565, -0.74947470, -0.52158540, 0.80469894, -0.86809480, 1.07557714, 0.00000000, 0.00000000, 0.00000000, 0.00000000
4, 1.7701, 172, 2.49497938, 2.27461958, -0.68674523, -261.61932373, 196.44169617, -289.89199829, -34.22975540, 17.68488693, -73.60420990, 7.26574183, 35.73501587, 12.37433910, 1.00000000, 0.00000000, 0.00000000, 0.00000000, -2.03901982, 0.12362026, 1.41335130, 101.52000427, -16.21993637, 35.95000076, 0.00000000
4, 1.7801, 173, 2.18117237, 2.18958712, -0.62020272, -288.43777466, 156.04698181, -288.84967041, -34.22975540, 17.68488693, -73.60420990, 3.13507891, 35.82817078, 10.84086132, 1.00000000, 0.00000000, 0.00000000, 0.00000000, -1.74251199, 0.13486983, 1.31306446, 101.52000427, -16.21993637, 35.95000076, 0.00000000
4, 1.7901, 174, 1.72663951, 1.99511182, -0.51189226, -319.95751953, 92.87524414, -299.76116943, -36.97749329, 19.73107338, -71.03186035, -1.14786983, 33.08962250, 8.76427937, 1.00000000, 0.00000000, 0.00000000, 0.00000000, -1.28711736, 0.12375875, 1.11959457, 101.52000427, -16.21993637, 35.95000076, 0.00000000
2, 1.6600, 166, -0.62780708, 1.03747463, 0.16391943, 8.29684830, 297.58013916, 180.90971375, 39.66676331, 25.78193474, 17.39257431, 109.65876770, 2.63058186, 133.68954468, 0.24369466, -0.30919555, -0.75659060, -0.52209353, 0.90265679, -0.74977744, 1.17486739, 0.00000000, 0.00000000, 0.00000000, 0.00000000
2, 1.6700, 167, -0.69674283, 1.22814214, 0.09166262, -39.65311432, 332.59814453, 144.83924866, 39.66676331, 25.78193474, 17.39257431, 108.42751312, 5.74652624, 135.04893494, 0.26084211, -0.28263891, -0.75985074, -0.52412182, 1.06262779, -0.62182522, 1.28900254, 0.00000000, 0.00000000, 0.00000000, 0.00000000
2, 1.6800, 168, -0.69944626, 1.46677935, -0.04890907, -83.58629608, 354.83920288, 86.92024231, 41.97602844, 27.65273285, 19.38029861, 95.43813324, 3.24368405, 142.92329407, 0.23366690, -0.21708199, -0.70723742, -0.63094413, 1.14257836, -0.42449194, 1.38632941, 0.00000000, 0.00000000, 0.00000000, 0.00000000
2, 1.6900, 169, -0.62135136, 1.74209154, -0.16592585, -115.10797882, 356.68539429, 7.35695314, 44.86991882, 27.53580856, 21.51417732, 93.36403656, 6.28911829, 142.03916931, 0.26053807, -0.20069113, -0.69920391, -0.63478887, 1.10488629, -0.25862670, 1.44320512, 0.00000000, 0.00000000, 0.00000000, 0.00000000
5, 1.6800, 168, -0.47859105, 0.32944891, 0.40199882, -134.03953552, 121.68379211, 113.82215881, -8.21397209, 38.40982056, -131.59895325, 178.50836182, 59.46555328, 134.37472534, 0.46150431, -0.33069584, -0.80285895, 0.18185593, 1.49764776, -0.08456587, 0.21220805, 0.00000000, 0.00000000, 0.00000000, 0.00000000
5, 1.6900, 169, -0.37134662, 0.32560250, 0.31360853, -140.64567566, 153.47470093, 114.82174683, -7.13241720, 42.73604202, -131.13124084, -175.64724731, 52.85459518, 112.26740265, 0.35033485, -0.51269799, -0.73361439, 0.27607301, 1.39017510, -0.02879871, 0.31750175, 0.00000000, 0.00000000, 0.00000000, 0.00000000
5, 1.7000, 170, -0.28337654, 0.32502529, 0.29362527, -149.44039917, 173.17056274, 113.91342163, -6.28471184, 43.55451584, -130.22508240, -179.08387756, 53.18598557, 110.98710632, 0.36482927, -0.50950193, -0.73483294, 0.25947654, 1.30350268, 0.01911311, 0.46699554, 0.00000000, 0.00000000, 0.00000000, 0.00000000
2, 1.7000, 170, -0.46354941, 2.06938672, -0.26830029, -138.19506836, 338.17742920, -87.56777954, 47.93919754, 28.58813095, 24.75884247, 91.02141571, 8.79718494, 140.17257690, 0.28942582, -0.19173352, -0.68705624, -0.63829839, 1.07189691, -0.05008553, 1.71077526, 0.00000000, 0.00000000, 0.00000000, 0.00000000
4, 1.8001, 175, 1.12246680, 1.78029525, -0.29995260, -325.40591431, 73.36880493, -301.58828735, -39.66676331, 18.82490540, -67.37796021, -5.13214636, 30.18586349, 7.21130514, 1.00000000, 0.00000000, 0.00000000, 0.00000000, -0.71091831, 0.01639579, 0.88078868, 101.52000427, -16.21993637, 35.95000076, 0.00000000
4, 1.8101, 176, 0.51559561, 1.72321582, -0.60434932, -282.82727051, 131.77836609, -312.08029175, -42.53142166, 21.04647827, -64.45483398, -8.76289654, 27.13667297, 5.28992891, 1.00000000, 0.00000000, 0.00000000, 0.00000000, -0.15008643, 0.38578713, 0.89849675, 101.52000427, -16.21993637, 35.95000076, 0.00000000
5, 1.7100, 171, -0.20030586, 0.34491464, 0.21817695, -164.65737915, 188.91535950, 107.66476440, -4.85238218, 44.40222168, -129.58198547, 177.15303040, 53.61705399, 109.45572662, 0.38090312, -0.50608838, -0.73491389, 0.24225844, 1.24842358, 0.05085845, 0.52982759, 0.00000000, 0.00000000, 0.00000000, 0.00000000
5, 1.7200, 172, -0.09700406, 0.39636675, 0.00332771, -187.93441772, 199.15164185, 95.06050873, -4.85238218, 44.40222168, -129.58198547, 172.94062805, 54.12553024, 107.45887756, 0.39854702, -0.50324196, -0.73316586, 0.22444512, 1.12254477, 0.20459135, 0.58647907, 0.00000000, 0.00000000, 0.00000000, 0.00000000
5, 1.7300, 173, 0.04129044, 0.50177264, -0.21287683, -217.66123962, 200.11584473, 76.02545929, -3.12774038, 44.92838287, -128.61735535, 168.19418335, 54.63430405, 104.79261780, 0.41740426, -0.50188124, -0.72896510, 0.20615236, 1.02365553, 0.39148635, 0.68443203, 0.00000000, 0.00000000, 0.00000000, 0.00000000
5, 1.7400, 174, 0.21441783, 0.67050004, -0.21217184, -249.47503662, 192.33164978, 55.00327682, -1.81233561, 45.54224014, -126.51271057, 139.10862732, 51.22219849, 107.02323914, 0.51295161, -0.38105506, -0.76910609, -0.01239695, 1.08489490, 0.39355028, 0.85248667, 0.00000000, 0.00000000, 0.00000000, 0.00000000
2, 1.7100, 171, -0.42075759, 2.55331516, -0.35531449, -173.50048828, 296.47976685, -223.02462769, 47.93919754, 28.58813095, 24.75884247, 88.28070068, 10.30749130, 137.03623962, 0.31995377, -0.19401637, -0.66902769, -0.64217538, 1.17533898, 0.19719803, 2.09014416, 0.00000000, 0.00000000, 0.00000000, 0.00000000
2, 1.7200, 172, -0.39435813, 3.22231460, -0.55009496, -214.97483826, 250.73495483, -370.46978760, 48.40689850, 30.57585526, 27.12657166, 85.09873962, 10.58949661, 132.61671448, 0.35189420, -0.20830542, -0.64390743, -0.64665502, 1.31071341, 0.60718894, 2.59220767, 0.00000000, 0.00000000, 0.00000000, 0.00000000
2, 1.7300, 173, -0.33316892, 3.95335817, -0.91338193, -282.87731934, 205.40983582, -536.36108398, 47.93919754, 34.17129517, 30.04969215, 71.17261505, 6.81218815, 133.64581299, 0.35128883, -0.18421069, -0.55303377, -0.73267746, 1.37820148, 1.20516741, 3.05403519, 0.00000000, 0.00000000, 0.00000000, 0.00000000
2, 1.7400, 174, -0.31749710, 4.86269569, -1.35702717, -364.49713135, 160.64886475, -712.09503174, 47.14995575, 37.21134186, 31.83279800, 67.35652924, 2.58607960, 127.47875977, 0.37932378, -0.22845121, -0.50547808, -0.74055082, 1.46244156, 1.96430731, 3.54980040, 0.00000000, 0.00000000, 0.00000000, 0.00000000
2, 1.7500, 175, -0.12138563, 6.00222301, -1.81297004, -420.44137573, 116.20168304, -866.27239990, 43.26220322, 47.06226349, 34.72668839, 63.80253220, -3.52127266, 120.86100769, 0.40462470, -0.28334573, -0.44654080, -0.74605322, 1.41997755, 2.79539132, 4.43260288, 0.00000000, 0.00000000, 0.00000000, 0.00000000
4, 1.8201, 177, 0.41320100, 1.47470200, -1.08989739, -259.15924072, 180.03607178, -311.20132446, -45.16223145, 20.69570351, -62.64250183, -12.14794827, 24.00628471, 3.10508347, 1.00000000, 0.00000000, 0.00000000, 0.00000000, -0.08795381, 0.96557444, 0.73555607, 101.52000427, -16.21993637, 35.95000076, 0.00000000
2, 1.7600, 176, -0.21649082, 7.12223005, -1.91932070, -463.15609741, 77.73136902, -1003.44659424, 43.26220322, 47.06226349, 34.72668839, 60.89617157, -11.33312416, 113.92499542, 0.42575738, -0.34628674, -0.37633830, -0.74644870, 1.65340221, 3.30116558, 5.34916687, 0.00000000, 0.00000000, 0.00000000, 0.00000000
2, 1.7700, 177, -0.19217850, 8.02855587, -2.05018401, -478.41775513, 73.40547943, -1095.80664062, 36.50979233, 55.18854141, 37.53288651, 59.04988098, -20.18220711, 106.54671478, 0.44308755, -0.41233295, -0.29769829, -0.73826194, 1.69690359, 3.77255487, 6.12084198, 0.00000000, 0.00000000, 0.00000000, 0.00000000
2, 1.7800, 178, -0.35337108, 8.04591274, -1.98662150, -438.00003052, 88.76936340, -1135.35095215, 28.03273773, 62.58403778, 40.71908569, 50.20018005, -25.32320023, 113.60731506, 0.40594366, -0.39270538, -0.23766127, -0.79025906, 1.73073328, 3.78755450, 6.10087681, 0.00000000, 0.00000000, 0.00000000, 0.00000000
4, 1.8301, 178, 0.47486672, 1.64232051, -2.15190625, -377.15447998, 142.43251038, -226.45111084, -45.16223145, 20.69570351, -62.64250183, -4.76419497, 22.75604630, 0.08684730, 1.00000000, 0.00000000, 0.00000000, 0.00000000, -0.20990065, 1.99430418, 1.08255744, 101.52000427, -16.21993637, 35.95000076, 0.00000000
5, 1.7500, 175, 0.35593155, 0.91856396, -0.15937221, -276.51098633, 185.23048401, 28.24057579, 0.05846244, 47.93919754, -125.22653961, 133.98652649, 50.48640060, 103.45467377, 0.52714211, -0.38483769, -0.75686079, -0.03439485, 1.21751380, 0.28869930, 0.97284877, 0.00000000, 0.00000000, 0.00000000, 0.00000000
5, 1.7600, 176, 0.43534780, 1.30122077, -0.06288108, -301.55072021, 182.13804626, -5.23458576, 1.37386727, 50.21923447, -123.99883270, 128.74180603, 49.46608353, 99.47750092, 0.54176241, -0.39113623, -0.74186885, -0.05600606, 1.51577830, 0.42152721, 1.12329221, 0.00000000, 0.00000000, 0.00000000, 0.00000000
2, 1.7900, 179, -0.48217639, 8.04108334, -1.59629440, -389.09896851, 102.28451538, -1151.88562012, 17.24641991, 66.55948639, 44.84069061, 50.85551071, -35.37554169, 106.37893677, 0.41110089, -0.46479356, -0.16310304, -0.76704663, 1.78455973, 3.51800728, 6.14355564, 0.00000000, 0.00000000, 0.00000000, 0.00000000
2, 1.8000, 180, -0.31125194, 8.03625202, -1.32118917, -369.05953979, 114.96996307, -1128.28747559, 5.55393171, 68.19643402, 47.55919266, 53.52168655, -44.94100571, 97.82141876, 0.41257966, -0.53067416, -0.08929975, -0.73497522, 1.50535429, 3.31951189, 6.35567665, 0.00000000, 0.00000000, 0.00000000, 0.00000000
2, 1.8100, 181, 0.22375134, 8.03372192, -1.34855831, -386.44613647, 81.19995880, -1083.94775391, 5.55393171, 68.19643402, 47.55919266, 58.24137878, -53.94712448, 87.68872070, 0.40861553, -0.58728260, -0.01465049, -0.69851124, 0.87442923, 3.41065311, 6.58990145, 0.00000000, 0.00000000, 0.00000000, 0.00000000
2, 1.8200, 182, 1.08425987, 8.00933361, -1.56082761, -432.71673584, -6.93189955, -1035.84729004, -5.96316862, 66.53025055, 50.74539566, 65.44831848, -62.55731583, 75.39251709, 0.39729506, -0.63266933, 0.06310552, -0.66174316, -0.06805851, 3.67875147, 6.84066868, 0.00000000, 0.00000000, 0.00000000, 0.00000000
4, 1.8401, 179, 1.04887497, 2.12045574, -2.67638636, -592.11120605, 45.81908798, -215.50234985, -48.37766647, 20.34492874, -57.93627548, -10.98626328, 20.57441711, -0.89976376, 1.00000000, 0.00000000, 0.00000000, 0.00000000, -0.83814245, 2.37200117, 1.59530199, 101.52000427, -16.21993637, 35.95000076, 0.00000000
4, 1.8501, 180, 0.38492179, 3.32848597, -1.29009950, -186.63404846, 290.54330444, -255.35604858, -50.45308304, 18.79567337, -53.40543747, -13.65714836, 17.89009285, -3.98948026, 1.00000000, 0.00000000, 0.00000000, 0.00000000, -0.27380094, 0.85958517, 2.55977058, 101.52000427, -16.21993637, 35.95000076, 0.00000000
4, 1.8601, 181, -0.91141522, 2.47426867, -0.05656455, 112.49729919, 405.47192383, -237.24139404, -53.11312485, 16.92487526, -54.69160843, -13.41735077, 15.34233475, -8.01867962, 1.00000000, 0.00000000, 0.00000000, 0.00000000, 1.04241705, -0.18270895, 1.55901968, 101.52000427, -16.21993637, 35.95000076, 0.00000000
5, 1.7800, 177, 0.66300827, 2.04891133, -0.17706075, -330.02722168, 235.11212158, -98.56579590, 3.04004669, 49.45922089, -122.33264923, 117.56337738, 47.00345612, 90.03327942, 0.57721186, -0.40820172, -0.70082194, -0.09511321, 1.87760568, 0.90473288, 1.40501237, 0.00000000, 0.00000000, 0.00000000, 0.00000000
5, 1.7900, 178, 0.86969268, 1.75386298, -0.49557745, -353.49475098, 353.31658936, -172.10871887, 3.91698337, 54.75007248, -119.52645111, 98.17335510, 38.29576111, 75.03281403, 0.64168024, -0.43542287, -0.60514075, -0.18016154, 1.36433101, 0.86806297, 1.37037349, 0.00000000, 0.00000000, 0.00000000, 0.00000000
2, 1.8300, 183, 1.83490729, 7.34641171, -1.92113304, -509.71102905, -140.77532959, -979.72265625, -15.34638977, 61.03478622, 55.07161713, 61.58038712, -61.10042191, 67.98039246, 0.46793032, -0.60962063, 0.11558936, -0.62931955, -1.03540611, 3.86513734, 6.39681864, 0.00000000, 0.00000000, 0.00000000, 0.00000000
2, 1.8400, 184, 1.79325354, 6.11496353, -2.08952427, -589.66290283, -300.79003906, -891.80303955, -21.71879578, 53.66851807, 60.27477264, 65.06474304, -70.81211090, 59.57979584, 0.44157079, -0.62307602, 0.20614134, -0.61179852, -1.32594514, 3.65241528, 5.19547415, 0.00000000, 0.00000000, 0.00000000, 0.00000000
4, 1.8701, 182, -2.12554693, 1.72696853, 0.15422735, 42.01195145, 363.91052246, -304.08612061, -53.11312485, 16.92487526, -54.69160843, -13.60346508, 12.14224052, -11.58349323, 1.00000000, 0.00000000, 0.00000000, 0.00000000, 2.25215602, -0.24754146, 0.84790635, 101.52000427, -16.21993637, 35.95000076, 0.00000000
4, 1.8801, 183, -1.58695507, 2.03267765, -0.15472527, -35.10153198, 218.60975647, -372.21182251, -56.91318130, 18.50336075, -55.83162689, -12.14036369, 2.04498029, -10.72322941, 1.00000000, 0.00000000, 0.00000000, 0.00000000, 1.60366786, 0.00145937, 1.15779400, 101.52000427, -16.21993637, 35.95000076, 0.00000000
5, 1.8000, 179, 0.89444256, 1.80115795, -0.61542517, -394.01535034, 419.51864624, -208.06411743, 4.67699480, 57.58549881, -115.63870239, 91.81997681, 35.48281097, 69.28094482, 0.66963285, -0.44230562, -0.56329054, -0.19662546, 1.21244931, 0.85492301, 1.20055473, 0.00000000, 0.00000000, 0.00000000, 0.00000000
5, 1.8100, 180, 0.98176634, 2.62542295, -0.66165543, -435.88610840, 436.05804443, -261.66058350, 4.99853849, 61.79479599, -111.48786926, 85.83969879, 31.70748329, 63.55540848, 0.69682115, -0.45152181, -0.51504213, -0.21283790, 1.69394672, 1.40050662, 1.37763953, 0.00000000, 0.00000000, 0.00000000, 0.00000000
5, 1.8200, 181, 1.51067710, 3.66735411, -0.60710853, -447.76046753, 414.71978760, -348.36907959, 4.56007004, 64.86407471, -106.25547791, 80.95617676, 27.09731674, 57.98407745, 0.72052997, -0.46563691, -0.46175122, -0.22539890, 2.24096775, 2.01831818, 2.05115700, 0.00000000, 0.00000000, 0.00000000, 0.00000000
2, 1.8500, 185, 1.12669981, 5.08840227, -1.77243710, -650.69927979, -444.58285522, -748.49243164, -23.91113663, 44.69453430, 65.82870483, 67.84579468, -80.51306152, 52.01622009, 0.41099447, -0.61790204, 0.29516014, -0.60179824, -0.96040404, 3.15231562, 4.27094173, 0.00000000, 0.00000000, 0.00000000, 0.00000000
2, 1.8600, 186, 0.43243751, 4.40285969, -1.35800970, -674.60113525, -499.01077271, -557.95159912, -23.91113663, 44.69453430, 65.82870483, 56.54431534, -89.35595703, 58.49841309, 0.38367563, -0.59643197, 0.37572488, -0.59656757, -0.44715992, 2.67985344, 3.66173410, 0.00000000, 0.00000000, 0.00000000, 0.00000000
2, 1.8700, 187, -0.28275993, 3.61798859, -0.78771400, -645.27899170, -448.92813110, -369.42675781, -23.58959389, 35.72055054, 71.70417786, -106.59059143, -83.37335205, -143.16845703, 0.36488038, -0.56628525, 0.44248867, -0.59193510, 0.09914944, 2.01102757, 2.98745608, 0.00000000, 0.00000000, 0.00000000, 0.00000000
5, 1.8300, 182, 2.18175626, 4.00609350, -0.54277843, -425.20993042, 391.15353394, -427.08621216, 4.56007004, 64.86407471, -106.25547791, 77.29182434, 22.05606842, 52.56972885, 0.74023587, -0.48343417, -0.40539876, -0.23236649, 2.23770571, 2.16761327, 2.71170092, 0.00000000, 0.00000000, 0.00000000, 0.00000000
5, 1.8400, 183, 2.35234022, 4.13509512, -0.62279373, -396.72445679, 387.61419678, -483.86209106, 2.42619109, 68.16719818, -100.99385834, 69.26383209, 9.76759434, 49.80469131, 0.76398289, -0.48409721, -0.30196577, -0.30132508, 2.11203551, 2.29229379, 2.80810356, 0.00000000, 0.00000000, 0.00000000, 0.00000000
5, 1.8500, 184, 1.90925682, 4.11569309, -0.78050745, -362.03384399, 386.54281616, -530.14233398, -1.28617358, 71.49955750, -97.33995819, 68.15867615, 4.00404930, 45.00925064, 0.77221489, -0.50627846, -0.24107549, -0.29874587, 1.95151258, 2.38876390, 2.24604201, 0.00000000, 0.00000000, 0.00000000, 0.00000000
2, 1.8800, 188, -0.71814346, 2.86540079, -0.20673621, -531.57727051, -233.28660583, -156.94769287, -21.48494530, 28.14966393, 75.24115753, -38.72776413, -82.03417969, 139.49185181, 0.45057172, -0.49426925, 0.44904554, -0.59248734, 0.39291424, 1.27893960, 2.36255503, 0.00000000, 0.00000000, 0.00000000, 0.00000000
2, 1.8900, 189, -0.90256327, 2.29204726, 0.04869319, -416.16595459, -25.35564995, -33.57360077, -19.81876564, 24.96346092, 76.41040802, -50.68741989, -81.20326233, 147.61215210, 0.45888695, -0.47418612, 0.47613338, -0.58126366, 0.45134932, 0.82407480, 1.76628041, 0.00000000, 0.00000000, 0.00000000, 0.00000000
2, 1.9000, 190, -0.82929170, 2.34830618, 0.29516160, -311.73471069, 172.24163818, 62.70690155, -19.73107338, 22.30341911, 75.18269348, -50.02135086, -81.93508911, 143.41314697, 0.47796679, -0.46392062, 0.48959941, -0.56268817, 0.41562611, 0.61579204, 1.92403495, 0.00000000, 0.00000000, 0.00000000, 0.00000000
5, 1.8600, 185, 1.38231158, 4.01433182, -0.72999322, -333.74038696, 374.27136230, -552.36968994, -5.78778124, 74.86115265, -92.54603577, 67.84445953, -1.66854382, 40.16653442, 0.77646708, -0.52822679, -0.18026434, -0.29254112, 1.97532654, 2.28227758, 1.72007656, 0.00000000, 0.00000000, 0.00000000, 0.00000000
4, 1.8901, 184, -0.63196850, 2.71166372, -0.48341301, 7.84872770, 182.01570129, -407.60226440, -61.53171539, 17.48026848, -55.91932297, -11.90634251, -2.07015514, -12.43907261, 1.00000000, 0.00000000, 0.00000000, 0.00000000, 0.45453045, 0.17710926, 1.80991852, 101.52000427, -16.21993637, 35.95000076, 0.00000000
4, 1.9001, 185, 0.13369827, 2.54613829, -0.11259706, 89.77743530, 195.22605896, -410.44671631, -64.74714661, 16.13563347, -57.81935120, -10.71319771, -6.18251753, -14.29610062, 1.00000000, 0.00000000, 0.00000000, 0.00000000, -0.36770898, -0.17173004, 1.53203511, 101.52000427, -16.21993637, 35.95000076, 0.00000000
4, 1.9101, 186, 0.33728829, 2.09916830, 0.07510416, 111.32228088, 187.04748535, -396.69775391, -68.51797485, 14.35252857, -59.57322311, -9.17981339, -10.11018848, -16.17036247, 1.00000000, 0.00000000, 0.00000000, 0.00000000, -0.61142915, -0.29851997, 1.04975748, 101.52000427, -16.21993637, 35.95000076, 0.00000000
2, 1.9100, 191, -0.93811828, 2.64427590, 0.14393356, -203.87599182, 344.29129028, 142.77981567, -19.73107338, 22.30341911, 75.18269348, -33.50633621, -83.85601807, 123.81291962, 0.50539547, -0.46346074, 0.49049252, -0.53777003, 0.57680929, 0.82122844, 2.11994576, 0.00000000, 0.00000000, 0.00000000, 0.00000000
2, 1.9200, 192, -0.89651597, 2.65828061, 0.18031619, -113.53368378, 465.77923584, 204.39146423, -21.89418221, 21.92341423, 71.38263702, 10.12845516, -84.46858215, 77.54248810, 0.53784794, -0.47023001, 0.48108101, -0.50809890, 0.54057795, 0.72521508, 2.15201688, 0.00000000, 0.00000000, 0.00000000, 0.00000000
2, 1.9300, 193, -0.65262216, 2.71217489, 0.16964112, -60.20489883, 558.32629395, 250.50605774, -22.88804436, 21.86495209, 66.64717865, 30.26806831, -71.90675354, 50.77790070, 0.64022607, -0.43393555, 0.42140970, -0.47352338, 0.33067364, 0.65336436, 2.21153569, 0.00000000, 0.00000000, 0.00000000, 0.00000000
2, 1.9400, 194, -0.35826063, 2.81783342, -0.06742000, -23.24211311, 612.36169434, 263.25827026, -26.07424736, 24.46652985, 61.38555908, 41.64813614, -67.77970886, 36.58009338, 0.67447895, -0.44375414, 0.40223235, -0.43170562, 0.09836984, 0.78287774, 2.17355156, 0.00000000, 0.00000000, 0.00000000, 0.00000000
2, 1.9500, 195, -0.05858716, 2.85540700, -0.32102400, 1.73941422, 617.12274170, 225.62562561, -26.07424736, 24.46652985, 56.21163177, 49.56782913, -63.17184067, 26.01399040, 0.70413494, -0.45496178, 0.38296169, -0.38800022, -0.17308727, 0.94068253, 2.19257736, 0.00000000, 0.00000000, 0.00000000, 0.00000000
2, 1.9600, 196, 0.27444121, 2.56225157, -0.39419502, 22.23860168, 596.84509277, 131.38122559, -27.09733963, 26.80502701, 56.21163177, 55.74853134, -58.91251373, 17.38318062, 0.72612286, -0.46811083, 0.36819232, -0.34358761, -0.53763300, 0.82564187, 1.98597836, 0.00000000, 0.00000000, 0.00000000, 0.00000000
2, 1.9700, 197, 0.32606930, 2.27985764, -0.22896136, 65.13437653, 568.13940430, 21.52070999, -28.09120178, 27.62350082, 50.95001221, 61.51987839, -55.16378403, 9.55842495, 0.73927850, -0.48489022, 0.35872573, -0.29944077, -0.60678262, 0.49790347, 1.80701709, 0.00000000, 0.00000000, 0.00000000, 0.00000000
4, 1.9201, 187, 0.53651410, 1.84390271, 0.24925388, 143.88684082, 134.95132446, -379.13650513, -68.51797485, 14.35252857, -59.57322311, -7.31923342, -13.82658768, -17.62512779, 1.00000000, 0.00000000, 0.00000000, 0.00000000, -0.85852468, -0.45317894, 0.76228577, 101.52000427, -16.21993637, 35.95000076, 0.00000000
4, 1.9301, 188, 0.53136927, 1.81895304, 0.22165312, 148.19139099, 85.92504883, -361.78475952, -71.73341370, 13.03712368, -60.56708527, -8.02040386, -9.90741253, -20.61619568, 1.00000000, 0.00000000, 0.00000000, 0.00000000, -0.88095737, -0.44308853, 0.74822098, 101.52000427, -16.21993637, 35.95000076, 0.00000000
4, 1.9401, 189, 0.65264398, 1.81456578, 0.40818641, 145.45455933, 28.86029816, -350.69293213, -73.95498657, 10.64016342, -62.02864456, -6.42564678, -13.37834454, -21.04200745, 1.00000000, 0.00000000, 0.00000000, 0.00000000, -0.96438152, -0.62101895, 0.69307363, 101.52000427, -16.21993637, 35.95000076, 0.00000000
4, 1.9501, 190, 0.70132786, 1.96213233, 0.32038346, 131.56817627, 16.39928055, -343.18875122, -76.35194397, 8.85705948, -62.43788147, -4.96014118, -16.77439880, -21.44232368, 1.00000000, 0.00000000, 0.00000000, 0.00000000, -1.08102202, -0.58928257, 0.86263287, 101.52000427, -16.21993637, 35.95000076, 0.00000000
5, 1.8700, 186, 0.98960280, 4.11957693, -0.49693280, -321.18209839, 359.20520020, -566.05084229, -11.02016926, 78.10581970, -88.24904633, 68.24246216, -7.28584290, 35.28178406, 0.77652740, -0.54942739, -0.11952445, -0.28433922, 2.22083235, 2.18048429, 1.42285049, 0.00000000, 0.00000000, 0.00000000, 0.00000000
5, 1.8800, 187, 0.75881666, 4.41974020, -0.44217753, -317.43551636, 352.46548462, -578.59747314, -11.02016926, 78.10581970, -88.24904633, 69.28582001, -12.86453438, 30.21946526, 0.77266836, -0.56937766, -0.05826600, -0.27458689, 2.44381332, 2.34609413, 1.30223322, 0.00000000, 0.00000000, 0.00000000, 0.00000000
5, 1.8900, 188, 0.45644349, 4.61748886, -0.71791190, -303.71319580, 359.85009766, -594.10675049, -16.54487038, 79.39199066, -84.56591797, 71.30983734, -21.39953995, 25.39931679, 0.75509101, -0.59191990, 0.02125077, -0.28109938, 2.39868212, 2.69989753, 1.03766561, 0.00000000, 0.00000000, 0.00000000, 0.00000000
5, 1.9000, 189, -0.06616595, 4.70268583, -1.12569237, -272.19515991, 359.77233887, -592.61700439, -22.33265114, 79.71353149, -81.84741211, 74.13614655, -26.26879692, 19.24649429, 0.74321496, -0.60904527, 0.08063751, -0.26493996, 2.24245024, 3.09126353, 0.53162146, 0.00000000, 0.00000000, 0.00000000, 0.00000000
2, 1.9800, 198, 0.23152341, 2.05274582, 0.03820497, 119.30874634, 539.38659668, -87.06373596, -28.20812607, 27.50657654, 46.18532562, 53.85796738, -46.53514862, 9.37259769, 0.80170310, -0.44343582, 0.31702346, -0.24522045, -0.49846083, 0.10325484, 1.64842308, 0.00000000, 0.00000000, 0.00000000, 0.00000000
4, 1.9601, 191, 0.65238023, 1.95930290, 0.30477610, 133.91665649, 15.76209450, -314.63357544, -78.28120422, 7.07395506, -63.84098053, -3.43325257, -19.87542915, -21.89899254, 1.00000000, 0.00000000, 0.00000000, 0.00000000, -1.08569813, -0.59920478, 0.88012224, 101.52000427, -16.21993637, 35.95000076, 0.00000000
5, 1.9100, 190, -0.57304579, 4.52237797, -1.46977484, -230.81289673, 319.79647827, -561.35791016, -28.99736977, 79.47968292, -79.94738007, 77.64699554, -30.34418869, 13.00655746, 0.72850376, -0.62427163, 0.13405795, -0.24818510, 1.98632932, 3.24870992, -0.00465864, 0.00000000, 0.00000000, 0.00000000, 0.00000000
2, 1.9900, 199, 0.27452949, 1.90384507, 0.28643602, 167.10119629, 514.56475830, -167.09709167, -27.62350082, 26.19117165, 41.59602356, 59.70683670, -44.49661255, 1.86159885, 0.79956520, -0.46599725, 0.32085109, -0.20148635, -0.48137519, -0.23202690, 1.51919186, 0.00000000, 0.00000000, 0.00000000, 0.00000000
2, 2.0000, 200, 0.45638278, 1.80552959, 0.47406632, 207.54583740, 487.67092896, -219.61843872, -27.62350082, 26.19117165, 41.59602356, 65.66807556, -42.38708878, -5.36209583, 0.79172587, -0.49077260, 0.32707924, -0.15915890, -0.63899118, -0.50008094, 1.58942485, 0.00000000, 0.00000000, 0.00000000, 0.00000000
2, 2.0100, 201, 0.73778296, 1.70354331, 0.57583946, 239.98414612, 446.97781372, -249.84483337, -27.50657654, 24.70038033, 37.56211472, 71.49115753, -40.16216660, -12.01565647, 0.77908587, -0.51649255, 0.33456495, -0.11969519, -0.89860809, -0.68386722, 1.66226196, 0.00000000, 0.00000000, 0.00000000, 0.00000000
2, 2.0200, 202, 1.05418599, 1.56105077, 0.53442621, 266.29846191, 384.20507812, -260.81286621, -26.01578522, 21.77725792, 34.34668350, 77.00114441, -37.94501114, -17.82275009, 0.76250523, -0.54218382, 0.34255788, -0.08530360, -1.21276712, -0.73899746, 1.66597128, 0.00000000, 0.00000000, 0.00000000, 0.00000000
5, 1.9200, 191, -0.46323624, 3.89542341, -1.63180554, -205.72387695, 273.18927002, -501.81491089, -34.96053696, 78.16427612, -78.45658875, 81.38655090, -33.67426300, 7.05518723, 0.71271294, -0.63638937, 0.18080345, -0.23315024, 1.34988558, 2.97415924, -0.01833472, 0.00000000, 0.00000000, 0.00000000, 0.00000000
5, 1.9300, 192, 0.05993534, 3.23151064, -1.58927286, -191.16929626, 257.63491821, -424.15194702, -34.96053696, 78.16427612, -78.45658875, 84.85765839, -36.33545685, 1.44036531, 0.69862002, -0.64388192, 0.22206886, -0.21916150, 0.69991505, 2.52250981, 0.38931122, 0.00000000, 0.00000000, 0.00000000, 0.00000000
5, 1.9400, 193, 0.37483999, 2.87700462, -1.34493089, -183.29145813, 230.75914001, -340.82019043, -39.90061188, 76.55656433, -77.72580719, 84.85407257, -35.08982849, -3.90807390, 0.71032530, -0.63530523, 0.24431846, -0.17925937, 0.48320049, 2.11666894, 0.69186151, 0.00000000, 0.00000000, 0.00000000, 0.00000000
5, 1.9500, 194, 0.39822474, 2.97557735, -0.91175818, -173.44110107, 159.02410889, -267.94165039, -43.20374298, 74.68576050, -77.05348969, 87.00418854, -37.13460922, -7.52494049, 0.70049667, -0.63598847, 0.27328730, -0.17360047, 0.82576835, 1.85248947, 0.82882851, 0.00000000, 0.00000000, 0.00000000, 0.00000000
5, 1.9600, 195, 0.11955024, 2.94699550, -0.39943635, -149.69506836, 31.85005188, -230.08891296, -45.01607513, 72.78573608, -76.79041290, 89.22844696, -39.02205658, -9.90166759, 0.68871570, -0.63901210, 0.29399425, -0.17578891, 1.18796539, 1.46915245, 0.69355607, 0.00000000, 0.00000000, 0.00000000, 0.00000000
5, 1.9700, 196, -0.06670041, 2.70343757, -0.08363435, -132.35234070, -27.97367859, -213.63113403, -47.09149170, 69.71645355, -75.47500610, 91.55469513, -40.77605057, -11.75908756, 0.67589217, -0.64331770, 0.31050763, -0.18137592, 1.24721575, 1.09084058, 0.55612135, 0.00000000, 0.00000000, 0.00000000, 0.00000000
5, 1.9800, 197, -0.13547209, 2.66101241, 0.09319190, -131.99806213, -38.22106171, -207.37771606, -47.09149170, 69.71645355, -74.24729156, 93.95377350, -42.48159027, -13.60870838, 0.66284406, -0.64732730, 0.32617927, -0.18764937, 1.32716763, 0.95104367, 0.54777956, 0.00000000, 0.00000000, 0.00000000, 0.00000000
5, 1.9900, 198, -0.12579398, 2.79548502, 0.22903930, -134.84393311, -4.54392099, -214.74098206, -47.85150528, 68.83952332, -74.24729156, 91.92813873, -45.90126038, -11.08539677, 0.66416901, -0.63272113, 0.33372271, -0.21719275, 1.47877133, 0.96488392, 0.63216960, 0.00000000, 0.00000000, 0.00000000, 0.00000000
5, 2.0000, 199, -0.01904284, 2.92606544, 0.27154779, -129.20251465, 45.40650558, -233.19885254, -49.02075195, 66.61795044, -73.60420990, 94.94161224, -47.37785339, -14.20095444, 0.65086019, -0.63609344, 0.35291716, -0.21729180, 1.52966595, 1.05476689, 0.76206976, 0.00000000, 0.00000000, 0.00000000, 0.00000000
2, 2.0300, 203, 1.35481250, 1.43249452, 0.42677563, 279.60699463, 293.51550293, -259.52563477, -23.96959877, 18.64951706, 32.00818253, 69.92998505, -28.70563507, -14.87178230, 0.80563223, -0.52422893, 0.27329046, -0.03811923, -1.48869634, -0.72276133, 1.61150396, 0.00000000, 0.00000000, 0.00000000, 0.00000000
5, 2.0900, 200, 1.53025544, 1.00303352, -0.19759434, 86.02459717, 421.86285400, -158.64891052, -61.59017944, 51.79771805, -83.89360046, 95.36235046, -39.69598007, -47.64923477, 0.68070769, -0.54388613, 0.49004239, 0.02614298, -0.54405987, 0.09687961, 1.86086178, 0.00000000, 0.00000000, 0.00000000, 0.00000000
5, 2.1000, 201, 1.55382085, 0.83234918, -0.17973013, 95.62815857, 390.93124390, -145.66282654, -62.35018921, 50.04384613, -87.69365692, 96.60991669, -37.80247498, -52.14340591, 0.67157114, -0.53985029, 0.50402081, 0.05930413, -0.62574422, -0.09139695, 1.71747279, 0.00000000, 0.00000000, 0.00000000, 0.00000000
2, 2.0400, 204, 1.48698092, 1.23167181, 0.39247274, 284.07394409, 183.92999268, -247.16264343, -21.77725792, 14.03098488, 30.54662323, 74.21575928, -28.06863976, -18.62524414, 0.78717446, -0.54629898, 0.28556281, -0.01917758, -1.57139957, -0.80204463, 1.37272811, 0.00000000, 0.00000000, 0.00000000, 0.00000000
4, 1.9701, 192, 0.42848229, 1.61486232, 0.28813422, 134.88885498, 63.43213272, -300.13842773, -78.28120422, 7.07395506, -63.84098053, -1.63189006, -22.74978828, -22.94440651, 1.00000000, 0.00000000, 0.00000000, 0.00000000, -0.89025986, -0.54720473, 0.57532555, 101.52000427, -16.21993637, 35.95000076, 0.00000000
4, 1.9801, 193, 0.25369692, 1.36159325, 0.32099074, 120.52356720, 128.91416931, -288.30401611, -79.77199554, 4.96930695, -65.15638733, -4.82061386, -18.94055939, -24.01986694, 1.00000000, 0.00000000, 0.00000000, 0.00000000, -0.71813464, -0.54262245, 0.33959562, 101.52000427, -16.21993637, 35.95000076, 0.00000000
4, 1.9901, 194, 0.12213365, 1.14579773, 0.40217507, 109.98567963, 185.69140625, -259.99404907, -80.97047424, 2.68927217, -66.41333008, -2.81502056, -21.29093361, -26.24195862, 1.00000000, 0.00000000, 0.00000000, 0.00000000, -0.53499055, -0.55062252, 0.10597037, 101.52000427, -16.21993637, 35.95000076, 0.00000000
2, 2.0500, 205, 1.49592447, 1.09818923, 0.48991513, 279.17980957, 65.01670837, -224.25228882, -21.77725792, 14.03098488, 30.54662323, 78.22692108, -28.04303741, -21.35839272, 0.76806664, -0.56662434, 0.29815453, -0.01070333, -1.60002303, -0.95730579, 1.34519434, 0.00000000, 0.00000000, 0.00000000, 0.00000000
2, 2.0600, 206, 1.46323693, 0.91966414, 0.61670101, 260.92596436, -51.02191925, -197.66850281, -21.89418221, 12.68634892, 30.60508537, 81.90602875, -28.74798584, -23.17792702, 0.74937803, -0.58431357, 0.31121707, -0.01242438, -1.60865974, -1.14389551, 1.27280903, 0.00000000, 0.00000000, 0.00000000, 0.00000000
2, 2.0700, 207, 1.44017553, 0.78587085, 0.70952803, 232.40811157, -126.93900299, -164.96092224, -21.39725113, 9.85092068, 32.21280289, 85.17075348, -29.94803429, -24.33511353, 0.73214215, -0.59892768, 0.32374769, -0.02100049, -1.62693036, -1.27436328, 1.22771716, 0.00000000, 0.00000000, 0.00000000, 0.00000000
2, 2.0800, 208, 1.41111982, 0.68735874, 0.75042033, 193.90414429, -184.46640015, -125.91675568, -21.83572006, 7.62934828, 33.99590683, 77.25347900, -25.94557953, -21.68534279, 0.77406025, -0.56446087, 0.28667700, 0.00557467, -1.62022376, -1.34273052, 1.14684010, 0.00000000, 0.00000000, 0.00000000, 0.00000000
2, 2.0900, 209, 1.33622658, 0.60812032, 0.74000365, 153.06880188, -222.44451904, -81.68843842, -21.19263268, 6.86933661, 36.56825638, 79.17001343, -27.80158806, -21.29024124, 0.76351368, -0.57371294, 0.29622659, -0.01225782, -1.53136802, -1.36862457, 0.96225536, 0.00000000, 0.00000000, 0.00000000, 0.00000000
4, 2.0001, 195, 0.11616289, 0.85552752, 0.43729335, 97.34180450, 232.31062317, -227.65396118, -81.87664032, 0.73078048, -68.43028259, -0.61829883, -23.17044067, -29.03809547, 1.00000000, 0.00000000, 0.00000000, 0.00000000, -0.54474485, -0.56620020, -0.17325753, 101.52000427, -16.21993637, 35.95000076, 0.00000000
4, 2.0101, 196, 0.14866540, 0.65433538, 0.36873087, 70.16193390, 255.76480103, -197.04750061, -81.87664032, 0.73078048, -68.43028259, 1.51866543, -24.60483551, -32.14904404, 1.00000000, 0.00000000, 0.00000000, 0.00000000, -0.59154958, -0.49613720, -0.34893864, 101.52000427, -16.21993637, 35.95000076, 0.00000000
4, 2.0201, 197, 0.24266389, 0.54382867, 0.24371405, 48.02150726, 252.11181641, -167.32347107, -82.84127045, -1.49079216, -71.06109619, 3.48371625, -25.65563774, -35.24589539, 1.00000000, 0.00000000, 0.00000000, 0.00000000, -0.69908381, -0.38464889, -0.43003401, 101.52000427, -16.21993637, 35.95000076, 0.00000000
2, 2.1000, 210, 1.21804619, 0.62513995, 0.72445840, 110.32293701, -243.88439941, -32.75289536, -21.19263268, 6.86933661, 36.56825638, 80.39499664, -29.71978188, -20.31768227, 0.75589925, -0.57950819, 0.30284762, -0.03271213, -1.44379377, -1.33725643, 0.96738875, 0.00000000, 0.00000000, 0.00000000, 0.00000000
2, 2.1100, 211, 1.09933460, 0.66650963, 0.68352628, 68.75193787, -243.76055908, 16.73866081, -22.09880066, 6.10932446, 38.67290115, 80.88811493, -31.52422714, -18.83492470, 0.75138557, -0.58207136, 0.30609962, -0.05399786, -1.35071540, -1.27089632, 0.97512782, 0.00000000, 0.00000000, 0.00000000, 0.00000000
2, 2.1200, 212, 0.93066609, 0.73524451, 0.60482639, 28.55639267, -224.53559875, 64.95487213, -22.53726959, 5.02776957, 40.63139343, 80.63424683, -33.04694748, -16.91594505, 0.75010324, -0.58165580, 0.30573139, -0.07449916, -1.20213675, -1.15909326, 0.97127140, 0.00000000, 0.00000000, 0.00000000, 0.00000000
2, 2.1300, 213, 0.71070468, 0.82497579, 0.51942921, -6.28420591, -192.25596619, 112.30591583, -23.44343758, 6.54779291, 42.67757797, 64.09497833, -32.44419861, -14.35042000, 0.82600367, -0.47592986, 0.29857281, -0.04541984, -0.98738420, -1.02138603, 0.90495962, 0.00000000, 0.00000000, 0.00000000, 0.00000000
2, 2.1400, 214, 0.52868283, 0.88213390, 0.46394157, -47.07160950, -126.95553589, 158.92169189, -24.23267937, 7.89242887, 43.46682358, 62.50748062, -32.27077866, -11.90994263, 0.83173007, -0.47105372, 0.28800192, -0.05821148, -0.78850150, -0.89824694, 0.70839864, 0.00000000, 0.00000000, 0.00000000, 0.00000000
2, 2.1500, 215, 0.38030654, 0.94776702, 0.39336395, -75.80067444, -58.95354080, 200.49317932, -24.23267937, 7.89242887, 43.46682358, 60.57955551, -31.35910225, -9.69889736, 0.83990121, -0.46413851, 0.27357945, -0.06554156, -0.62581277, -0.80257452, 0.68031883, 0.00000000, 0.00000000, 0.00000000, 0.00000000
2, 2.1600, 216, 0.28178564, 1.01513851, 0.34500164, -98.52501678, 8.33600235, 237.27259827, -24.46652985, 9.67553329, 43.14527893, 58.44905090, -29.74022484, -7.82785463, 0.85007125, -0.45549443, 0.25565046, -0.06742786, -0.49806017, -0.72987479, 0.66762662, 0.00000000, 0.00000000, 0.00000000, 0.00000000
2, 2.1700, 217, 0.23639564, 1.08613551, 0.28807086, -116.48351288, 74.67379761, 272.11932373, -25.28500366, 11.57556248, 42.82373428, 56.20575714, -27.43935394, -6.37158346, 0.86181939, -0.44528192, 0.23431811, -0.06392530, -0.41048703, -0.64979166, 0.66444868, 0.00000000, 0.00000000, 0.00000000, 0.00000000
2, 2.1800, 218, 0.20497429, 1.19299114, 0.24304636, -130.59649658, 134.37847900, 305.85025024, -26.42502213, 14.03098488, 41.44986725, 44.07270813, -23.62339973, -6.16778374, 0.91013634, -0.35651061, 0.20922458, -0.02787760, -0.31228083, -0.54509962, 0.66719127, 0.00000000, 0.00000000, 0.00000000, 0.00000000
2, 2.1900, 219, 0.17255646, 1.34552324, 0.20079955, -140.60198975, 186.08358765, 337.74728394, -26.86348915, 17.48026848, 39.43291473, 41.96612930, -20.10278702, -6.17733431, 0.92138779, -0.34330317, 0.18171918, -0.01287141, -0.18339567, -0.37473541, 0.65142530, 0.00000000, 0.00000000, 0.00000000, 0.00000000
5, 2.1100, 202, 1.53825510, 0.62546349, -0.18456538, 101.41915894, 333.92962646, -133.40733337, -63.84098053, 49.42998886, -91.11370850, 97.64637756, -35.95001602, -55.90246964, 0.66206992, -0.53719282, 0.51505458, 0.08835290, -0.74522269, -0.24301460, 1.67122042, 0.00000000, 0.00000000, 0.00000000, 0.00000000
5, 2.1200, 203, 1.44625819, 0.39158061, -0.20213617, 102.95709229, 265.17599487, -115.54161072, -63.98713684, 48.14381790, -93.97837067, 98.49996185, -34.23849106, -58.84480286, 0.65292394, -0.53622872, 0.52302539, 0.11222155, -0.86905295, -0.40113977, 1.54120767, 0.00000000, 0.00000000, 0.00000000, 0.00000000
5, 2.1300, 204, 1.28163826, 0.23476736, -0.23853429, 100.34023285, 175.59416199, -89.74197388, -64.22098541, 47.61765671, -95.11838531, 99.21018219, -32.79323578, -60.80425644, 0.64500761, -0.53758061, 0.52752352, 0.12919423, -0.93016851, -0.49122226, 1.35387611, 0.00000000, 0.00000000, 0.00000000, 0.00000000
5, 2.1400, 205, 1.10862172, 0.17450269, -0.25507265, 93.65805817, 102.77876282, -71.76329041, -64.22098541, 47.61765671, -95.11838531, 87.11553955, -26.21364975, -53.71957397, 0.70025659, -0.52448136, 0.44982868, 0.17948347, -0.89036775, -0.54338568, 1.13593638, 0.00000000, 0.00000000, 0.00000000, 0.00000000
5, 2.1500, 206, 0.94013309, 0.17738838, -0.25731501, 80.66595459, 31.69746399, -57.93928528, -63.84098053, 43.20374298, -96.17070770, 87.83334351, -25.52207184, -54.47029495, 0.69478321, -0.52866399, 0.45106053, 0.18529722, -0.76227659, -0.58954734, 0.84363902, 0.00000000, 0.00000000, 0.00000000, 0.00000000
2, 2.2000, 220, 0.17729364, 1.47503698, 0.18382442, -148.33448792, 224.62837219, 368.06655884, -26.86348915, 17.48026848, 39.43291473, 39.77865601, -16.18525124, -6.55711794, 0.93220258, -0.32869449, 0.15142283, 0.00543010, -0.09547660, -0.30393255, 0.72516656, 0.00000000, 0.00000000, 0.00000000, 0.00000000
2, 2.2100, 221, 0.17126389, 1.60554469, 0.14835133, -150.94616699, 252.61767578, 396.30120850, -27.24349594, 20.19877243, 37.21134186, 37.52191162, -11.93769264, -7.24657297, 0.94196653, -0.31301495, 0.11848082, 0.02613631, 0.00881069, -0.21053360, 0.79228842, 0.00000000, 0.00000000, 0.00000000, 0.00000000
2, 2.2200, 222, 0.14289393, 1.75442576, 0.15059710, -150.56567383, 266.55459595, 424.04089355, -26.80502701, 24.34960556, 35.13592529, 35.19454575, -7.41783476, -8.14424133, 0.95019609, -0.29655096, 0.08292861, 0.04804002, 0.14870007, -0.14114827, 0.88537228, 0.00000000, 0.00000000, 0.00000000, 0.00000000
2, 2.2300, 223, 0.12901150, 1.93323743, 0.09923283, -148.02407837, 270.60577393, 447.90060425, -25.84039688, 28.41274452, 33.03127670, 29.19299316, -6.04798174, -13.85426903, 0.96092629, -0.24366504, 0.08103062, 0.10335428, 0.26776603, 0.00880942, 0.98967165, 0.00000000, 0.00000000, 0.00000000, 0.00000000
2, 2.2400, 224, 0.11473659, 2.08560514, 0.00980507, -144.47224426, 257.29092407, 462.63125610, -25.84039688, 28.41274452, 33.03127670, 26.85375404, -1.32908440, -15.25100994, 0.96435797, -0.22863819, 0.04199226, 0.12639256, 0.34988788, 0.21818216, 1.04875433, 0.00000000, 0.00000000, 0.00000000, 0.00000000
2, 2.2500, 225, 0.10255712, 2.18363476, -0.08908782, -140.69784546, 226.21920776, 468.30664062, -24.14498711, 33.08974075, 30.25431061, 24.51064682, 3.35996270, -16.53920174, 0.96573991, -0.21409161, 0.00216666, 0.14665136, 0.45932505, 0.38009956, 1.08392119, 0.00000000, 0.00000000, 0.00000000, 0.00000000
2, 2.2600, 226, 0.08195770, 2.30705237, -0.15408458, -138.99993896, 180.05215454, 465.64706421, -21.71879578, 37.26980209, 29.08506203, 22.22107506, 7.94276142, -17.58000374, 0.96536452, -0.20036703, -0.03778510, 0.16277860, 0.58453393, 0.52127969, 1.15863132, 0.00000000, 0.00000000, 0.00000000, 0.00000000
2, 2.2700, 227, 0.09286933, 2.50045633, -0.19973508, -137.25186157, 126.56681061, 454.47647095, -19.84799767, 40.33908081, 28.50043869, 20.06650925, 12.36218929, -18.29462242, 0.96355039, -0.18785924, -0.07714106, 0.17415196, 0.69507569, 0.66818285, 1.31937981, 0.00000000, 0.00000000, 0.00000000, 0.00000000
5, 2.1600, 207, 0.79607409, 0.23177758, -0.25485170, 64.47946167, -30.16081238, -46.41361237, -64.22098541, 46.50687027, -96.37532806, 88.61720276, -25.07988930, -54.64902115, 0.69019574, -0.53445929, 0.45102620, 0.18589935, -0.66890574, -0.55977225, 0.73166120, 0.00000000, 0.00000000, 0.00000000, 0.00000000
5, 2.1700, 208, 0.65795946, 0.30516958, -0.24158338, 50.24754333, -74.03309631, -33.97586060, -63.95790482, 46.33148193, -96.52148438, 89.40610504, -24.84033585, -54.39279175, 0.68653631, -0.54115397, 0.44994342, 0.18267818, -0.56058431, -0.52360308, 0.63263154, 0.00000000, 0.00000000, 0.00000000, 0.00000000
5, 2.1800, 209, 0.50898397, 0.35979939, -0.21656229, 39.35662079, -95.55861664, -14.56333351, -64.45483398, 45.95147705, -95.70301056, 90.05818939, -24.71593475, -53.81564331, 0.68415159, -0.54780245, 0.44763109, 0.17741379, -0.45717746, -0.50738895, 0.52012306, 0.00000000, 0.00000000, 0.00000000, 0.00000000
2, 2.2800, 228, 0.05222318, 2.59409547, -0.26287854, -136.86053467, 69.99290466, 434.35311890, -18.09412384, 45.30838776, 28.17889404, 19.51077271, 8.96577930, -24.88633728, 0.95659214, -0.18155375, -0.03882353, 0.22463843, 0.79250956, 0.78896058, 1.37269747, 0.00000000, 0.00000000, 0.00000000, 0.00000000
5, 2.1900, 210, 0.37223488, 0.37283194, -0.20012002, 32.88373566, -96.60308838, 7.19147015, -64.45483398, 45.95147705, -95.70301056, 82.18962097, -21.69703102, -50.02169037, 0.72305351, -0.52505487, 0.40147674, 0.20081694, -0.38178080, -0.51465291, 0.37125337, 0.00000000, 0.00000000, 0.00000000, 0.00000000
4, 2.0301, 198, 0.38736629, 0.49546623, 0.12337579, 41.33055878, 225.72621155, -136.79336548, -83.39666748, -2.86465931, -72.72727203, 2.00810885, -15.26608944, -33.15579987, 1.00000000, 0.00000000, 0.00000000, 0.00000000, -0.81002992, -0.27391812, -0.47355464, 101.52000427, -16.21993637, 35.95000076, 0.00000000
4, 2.0401, 199, 0.56467712, 0.44589406, 0.00405838, 47.09268951, 189.95213318, -105.46318817, -82.31510925, -4.44314528, -75.00730896, 3.17733073, -15.85499001, -35.29339600, 1.00000000, 0.00000000, 0.00000000, 0.00000000, -0.86003172, -0.13338667, -0.55961978, 101.52000427, -16.21993637, 35.95000076, 0.00000000
4, 2.0501, 200, 0.64849406, 0.35940334, -0.16655424, 56.12222672, 163.00038147, -76.45014954, -83.19204712, -5.37854433, -76.46886444, 4.34140253, -16.18878937, -37.09561539, 1.00000000, 0.00000000, 0.00000000, 0.00000000, -0.94769281, 0.03099123, -0.61449724, 101.52000427, -16.21993637, 35.95000076, 0.00000000
5, 2.2000, 211, 0.27731568, 0.37575924, -0.18966518, 28.76085854, -82.61907196, 31.32512093, -64.57176208, 45.89301300, -94.76760864, 82.37037659, -21.44761276, -49.20895767, 0.72331852, -0.52994502, 0.39669958, 0.19646384, -0.30547523, -0.53065050, 0.18770251, 0.00000000, 0.00000000, 0.00000000, 0.00000000
5, 2.2100, 212, 0.22089852, 0.40248033, -0.17856240, 25.32400131, -61.34540176, 58.95375824, -64.22098541, 45.95147705, -93.86144257, 82.19776154, -21.11655617, -48.33851242, 0.72519457, -0.53304672, 0.39056608, 0.19342257, -0.25711161, -0.52304244, 0.14170732, 0.00000000, 0.00000000, 0.00000000, 0.00000000
5, 2.2200, 213, 0.19629659, 0.45802677, -0.16668999, 22.73629189, -36.42526627, 88.07810211, -64.45483398, 44.78222656, -94.24144745, 81.64826965, -20.68072891, -47.43066788, 0.72876114, -0.53418452, 0.38301659, 0.19197020, -0.19603653, -0.49662688, 0.12673602, 0.00000000, 0.00000000, 0.00000000, 0.00000000
5, 2.2300, 214, 0.19436207, 0.52044261, -0.14758822, 21.79270935, -12.90977287, 113.88818359, -63.51943970, 47.09149170, -94.21221924, 80.76815796, -20.13094711, -46.50854492, 0.73377395, -0.53355056, 0.37417796, 0.19206919, -0.13066329, -0.47076565, 0.13045608, 0.00000000, 0.00000000, 0.00000000, 0.00000000
2, 2.2900, 229, -0.02970552, 2.68519473, -0.31657112, -138.98617554, 10.38981724, 409.44982910, -18.09412384, 45.30838776, 28.17889404, 17.83721542, 12.92739296, -24.64446831, 0.95529139, -0.17423074, -0.07577572, 0.22653943, 0.86148494, 0.87945330, 1.40654171, 0.00000000, 0.00000000, 0.00000000, 0.00000000
2, 2.3000, 230, -0.11878181, 2.68471813, -0.32206863, -143.44830322, -42.11594772, 379.42959595, -15.98947620, 49.28383636, 28.90967560, 16.40349579, 16.61723328, -23.96368027, 0.95376629, -0.16777894, -0.11060549, 0.22348735, 1.01140404, 0.91376102, 1.38779581, 0.00000000, 0.00000000, 0.00000000, 0.00000000
2, 2.3100, 231, -0.21020643, 2.57212210, -0.29535240, -154.27070618, -92.64553833, 346.87951660, -14.14791012, 52.70388794, 30.51739311, 15.21193790, 20.02611732, -22.79854774, 0.95230049, -0.16183500, -0.14318137, 0.21548164, 1.13278294, 0.87682307, 1.28109312, 0.00000000, 0.00000000, 0.00000000, 0.00000000
4, 2.0601, 201, 0.63524038, 0.30682120, -0.36291844, 63.53405380, 147.25598145, -44.12657928, -83.19204712, -5.37854433, -76.46886444, 5.50368214, -16.21895790, -38.65293121, 1.00000000, 0.00000000, 0.00000000, 0.00000000, -0.93604314, 0.21430783, -0.62635809, 101.52000427, -16.21993637, 35.95000076, 0.00000000
4, 2.0701, 202, 0.53285491, 0.33054292, -0.51157254, 70.42440796, 130.62869263, -14.93140602, -83.19204712, -7.16164875, -78.10581970, 6.64712143, -15.98830509, -39.95224762, 1.00000000, 0.00000000, 0.00000000, 0.00000000, -0.83458960, 0.33666760, -0.56792068, 101.52000427, -16.21993637, 35.95000076, 0.00000000
4, 2.0801, 203, 0.41751376, 0.35241112, -0.59593821, 78.55998993, 112.68827820, 4.75539017, -82.75357819, -8.06781673, -79.01198578, 16.89522934, -8.19068336, -30.92203522, 1.00000000, 0.00000000, 0.00000000, 0.00000000, -0.68441164, 0.35695833, -0.52127540, 101.52000427, -16.21993637, 35.95000076, 0.00000000
4, 2.0901, 204, 0.31254354, 0.31960905, -0.60476404, 81.51837158, 89.44834900, 13.18418980, -82.22741699, -8.56474686, -79.56737518, 17.85530090, -7.66793346, -31.60631943, 1.00000000, 0.00000000, 0.00000000, 0.00000000, -0.47463986, 0.23643196, -0.53745794, 101.52000427, -16.21993637, 35.95000076, 0.00000000
4, 2.1001, 205, 0.22992676, 0.27854103, -0.57668120, 73.78887939, 61.61527634, 16.26203728, -81.55509949, -7.22011089, -81.08740234, 18.68128014, -7.24119568, -32.02602386, 1.00000000, 0.00000000, 0.00000000, 0.00000000, -0.38134474, 0.20163833, -0.57426894, 101.52000427, -16.21993637, 35.95000076, 0.00000000
5, 2.2400, 215, 0.20049663, 0.56749868, -0.12328935, 20.47216225, 16.37546349, 144.46746826, -63.43174362, 48.52382278, -93.48143768, 75.05884552, -22.29615021, -49.22730255, 0.75643337, -0.47950587, 0.38832822, 0.21698889, -0.08497449, -0.45015419, 0.11674843, 0.00000000, 0.00000000, 0.00000000, 0.00000000
5, 2.2500, 216, 0.20108959, 0.60212171, -0.08773737, 18.53762054, 33.80001450, 164.60676575, -63.43174362, 48.52382278, -93.48143768, 73.51296997, -21.45221901, -48.35477066, 0.76375186, -0.47531411, 0.37683880, 0.22079884, -0.06020364, -0.42816824, 0.05868701, 0.00000000, 0.00000000, 0.00000000, 0.00000000
5, 2.2600, 217, 0.18469685, 0.63698041, -0.03705965, 15.30204773, 49.52121353, 182.67144775, -63.78252029, 49.83922958, -94.12452698, 71.74870300, -20.53507614, -47.49600601, 0.77187961, -0.46963480, 0.36441812, 0.22548714, 0.01611670, -0.44050705, 0.03377631, 0.00000000, 0.00000000, 0.00000000, 0.00000000
5, 2.2700, 218, 0.15634516, 0.68174827, 0.00595672, 11.52078724, 64.48516083, 199.42808533, -63.02250671, 51.82695007, -94.94300079, 69.78176880, -19.55228233, -46.66014481, 0.78070694, -0.46246195, 0.35113320, 0.23093523, 0.09956643, -0.43870962, -0.00512029, 0.00000000, 0.00000000, 0.00000000, 0.00000000
2, 2.3200, 232, -0.34289953, 2.41457152, -0.18951388, -172.72579956, -140.53439331, 318.35784912, -12.07249355, 55.18854141, 31.86202812, 14.23902798, 23.20157814, -21.10947418, 0.95100832, -0.15590429, -0.17392591, 0.20255089, 1.28442705, 0.74631727, 1.15149534, 0.00000000, 0.00000000, 0.00000000, 0.00000000
5, 2.2800, 219, 0.13202618, 0.74285889, 0.04855447, 6.84635830, 79.42650604, 214.61820984, -62.46711349, 53.17158508, -95.46916199, 67.62420654, -18.51651573, -45.86126328, 0.79012287, -0.45373943, 0.33709636, 0.23704930, 0.19419757, -0.42355213, -0.03952480, 0.00000000, 0.00000000, 0.00000000, 0.00000000
5, 2.2900, 220, 0.10545693, 0.85030198, 0.09195565, -0.82692105, 92.65499878, 231.17274475, -61.73633194, 55.21777344, -96.22917175, 64.15744019, -25.08154869, -53.59552765, 0.79026538, -0.37979037, 0.39794570, 0.26996171, 0.29277235, -0.36274230, -0.06690998, 0.00000000, 0.00000000, 0.00000000, 0.00000000
5, 2.3000, 221, 0.08869112, 0.95952952, 0.11166883, -10.85513115, 104.96447754, 247.43739319, -61.73633194, 55.21777344, -96.22917175, 61.48303604, -23.97565269, -52.79103088, 0.80028856, -0.36852682, 0.38219717, 0.27866048, 0.31269649, -0.25501925, -0.09044936, 0.00000000, 0.00000000, 0.00000000, 0.00000000
2, 2.3300, 233, -0.48397931, 2.26010299, -0.10360467, -193.63452148, -168.18138123, 298.96228027, -11.16632557, 57.90704346, 34.22975540, 15.50324917, 15.43006706, -24.62258339, 0.95545202, -0.15894718, -0.10146149, 0.22705260, 1.39527392, 0.62066239, 1.00475991, 0.00000000, 0.00000000, 0.00000000, 0.00000000
5, 2.3100, 222, 0.08569182, 1.05555642, 0.11807553, -21.61157036, 108.79348755, 259.00497437, -60.71324158, 57.11780167, -97.25226593, 58.67737579, -22.86566353, -51.95642090, 0.81065142, -0.35603568, 0.36569908, 0.28696182, 0.40370232, -0.18168843, -0.11204667, 0.00000000, 0.00000000, 0.00000000, 0.00000000
5, 2.3200, 223, 0.12051927, 1.13177741, 0.11825513, -32.12123489, 104.64656067, 266.97924805, -59.45629883, 59.31014252, -98.21689606, 55.80813599, -21.75006485, -51.05541229, 0.82118887, -0.34286892, 0.34851289, 0.29432732, 0.46516639, -0.11356106, -0.10417303, 0.00000000, 0.00000000, 0.00000000, 0.00000000
5, 2.3300, 224, 0.20075354, 1.18623149, 0.11609233, -42.71525192, 92.19982910, 272.40823364, -58.40397644, 61.26863480, -98.77228546, 52.93597031, -20.61837196, -50.04127884, 0.83181524, -0.32959479, 0.33063009, 0.30022413, 0.49590111, -0.05531978, -0.05821632, 0.00000000, 0.00000000, 0.00000000, 0.00000000
5, 2.3800, 225, 0.53006363, 1.71398437, -0.13259248, -72.17662048, -56.00630188, 309.03497314, -52.09003067, 70.44723511, -97.69073486, 39.70252228, -17.96696472, -46.43904495, 0.87469399, -0.25034127, 0.26721308, 0.31754827, 0.65082008, 0.61957324, 0.15553603, 0.00000000, 0.00000000, 0.00000000, 0.00000000
2, 2.3400, 234, -0.58477056, 2.29399848, -0.05583334, -214.74842834, -187.09934998, 285.07229614, -11.16632557, 57.90704346, 34.22975540, 14.29883480, 18.28141403, -22.36784363, 0.95718670, -0.15111600, -0.13079794, 0.20940283, 1.42081225, 0.57057858, 0.99474359, 0.00000000, 0.00000000, 0.00000000, 0.00000000
4, 2.1101, 206, 0.16165946, 0.27230513, -0.54568613, 57.76413727, 33.18738174, 18.84409332, -81.55509949, -7.22011089, -81.08740234, 19.29559135, -6.92460442, -32.18811035, 1.00000000, 0.00000000, 0.00000000, 0.00000000, -0.30628633, 0.16067043, -0.57889134, 101.52000427, -16.21993637, 35.95000076, 0.00000000
2, 2.3500, 235, -0.67324042, 2.42954588, -0.09134627, -226.79985046, -191.94439697, 274.27404785, -8.56474686, 60.15784836, 37.09441757, 13.12591267, 21.06721687, -20.04783249, 0.95815909, -0.14226507, -0.15928307, 0.19058004, 1.58299410, 0.67190754, 1.09407115, 0.00000000, 0.00000000, 0.00000000, 0.00000000
5, 2.3900, 226, 0.39769337, 1.94700074, -0.17875068, -62.37189865, -79.31558228, 325.26721191, -50.51154709, 72.31803131, -96.87226105, 41.75819016, -20.30007553, -49.61394119, 0.86119819, -0.24936515, 0.29665172, 0.32886538, 0.84490460, 0.82151318, 0.05725249, 0.00000000, 0.00000000, 0.00000000, 0.00000000
2, 2.3600, 236, -0.68795627, 2.40698862, -0.20387335, -223.85656738, -180.89280701, 264.14819336, -7.42472935, 61.41479111, 39.87138367, 12.01712894, 23.78330040, -17.85671234, 0.95802397, -0.13299437, -0.18654920, 0.17234278, 1.62645423, 0.79248214, 1.04650784, 0.00000000, 0.00000000, 0.00000000, 0.00000000
2, 2.3700, 237, -0.66426963, 2.28833032, -0.31179690, -205.77244568, -164.44198608, 256.10745239, -5.17392588, 62.29172516, 42.38526535, 11.04838753, 26.44227409, -15.88918686, 0.95663029, -0.12427942, -0.21251005, 0.15573271, 1.60767722, 0.87486780, 0.92538065, 0.00000000, 0.00000000, 0.00000000, 0.00000000
5, 2.4000, 227, 0.27711040, 2.09452295, -0.22086990, -48.73353195, -95.78228760, 336.39102173, -50.51154709, 72.31803131, -96.87226105, 39.45798492, -17.90186691, -47.44814682, 0.87239110, -0.24635726, 0.26824102, 0.32601959, 0.94258893, 0.94214344, -0.01742665, 0.00000000, 0.00000000, 0.00000000, 0.00000000
5, 2.4100, 228, 0.26068121, 1.99067891, -0.24395104, -36.94876099, -109.68184662, 337.78503418, -48.17304993, 74.13037109, -96.84302521, 37.41137695, -15.29600430, -45.40966797, 0.88247919, -0.24456623, 0.23897468, 0.32296908, 0.90152508, 0.90966749, -0.09477105, 0.00000000, 0.00000000, 0.00000000, 0.00000000
5, 2.4200, 229, 0.30503094, 1.81792152, -0.26112548, -37.27586365, -113.20159912, 332.62271118, -46.12686157, 75.91347504, -95.49839020, 35.53817749, -12.65024853, -43.48049545, 0.89162916, -0.24288897, 0.20980299, 0.31935149, 0.79848462, 0.82674098, -0.12543356, 0.00000000, 0.00000000, 0.00000000, 0.00000000
5, 2.4300, 230, 0.32314938, 1.77806985, -0.27631050, -40.10099792, -113.68459320, 324.83053589, -42.50219345, 76.17655945, -94.35837555, 33.81527328, -10.01743507, -41.65185928, 0.89987659, -0.24109164, 0.18107954, 0.31513053, 0.79994297, 0.83073521, -0.14615728, 0.00000000, 0.00000000, 0.00000000, 0.00000000
5, 2.4400, 231, 0.26433864, 1.92167592, -0.26385713, -38.16624832, -116.14310455, 312.49655151, -40.39754486, 78.89505768, -93.30605316, 37.85454941, -13.15895271, -43.64489365, 0.88617837, -0.25884986, 0.22040261, 0.31481332, 0.94856489, 0.91837847, -0.17047653, 0.00000000, 0.00000000, 0.00000000, 0.00000000
4, 2.1201, 207, 0.09881038, 0.30530688, -0.52023846, 40.36907196, 7.37214756, 22.91669464, -81.87664032, -6.25548077, -81.35047913, 19.69144249, -6.69786215, -32.11254883, 1.00000000, 0.00000000, 0.00000000, 0.00000000, -0.24076423, 0.12154235, -0.54525006, 101.52000427, -16.21993637, 35.95000076, 0.00000000
4, 2.1301, 208, 0.03772051, 0.34844580, -0.50325656, 25.99297142, -12.38705921, 28.32632446, -82.51972961, -6.48933077, -81.14586639, 25.07804298, -5.05375957, -27.49526978, 1.00000000, 0.00000000, 0.00000000, 0.00000000, -0.17247334, 0.07110877, -0.49315083, 101.52000427, -16.21993637, 35.95000076, 0.00000000
4, 2.1401, 209, -0.04055891, 0.38809785, -0.47294703, 14.56217766, -25.88033295, 35.96831894, -81.90587616, -6.19701815, -81.23355865, 25.16653061, -4.91772652, -27.06559944, 1.00000000, 0.00000000, 0.00000000, 0.00000000, -0.07467251, -0.03123778, -0.43056762, 101.52000427, -16.21993637, 35.95000076, 0.00000000
4, 2.1501, 210, -0.11558016, 0.42162406, -0.43554765, 5.10998964, -34.27070236, 46.19118500, -81.90587616, -6.19701815, -81.23355865, 25.14527321, -4.74589109, -26.51294708, 1.00000000, 0.00000000, 0.00000000, 0.00000000, 0.00132403, -0.07463495, -0.40018860, 101.52000427, -16.21993637, 35.95000076, 0.00000000
4, 2.1601, 211, -0.18868068, 0.46347851, -0.39266872, -1.97851670, -39.12362671, 58.78357697, -82.28588104, -5.96316862, -80.64893341, 25.04214668, -4.49791765, -25.85122299, 1.00000000, 0.00000000, 0.00000000, 0.00000000, 0.07605730, -0.12351377, -0.36355549, 101.52000427, -16.21993637, 35.95000076, 0.00000000
4, 2.1701, 212, -0.27184382, 0.51380086, -0.33096039, -2.68347549, -41.76240158, 72.84976196, -82.08126068, -6.22624969, -80.53200531, 24.92447472, -4.14968157, -25.08683586, 1.00000000, 0.00000000, 0.00000000, 0.00000000, 0.16214164, -0.19186044, -0.32192340, 101.52000427, -16.21993637, 35.95000076, 0.00000000
2, 2.3800, 238, -0.62231135, 2.16020083, -0.33274722, -183.00451660, -144.45962524, 249.36860657, -3.47851491, 65.27330780, 45.54224014, 14.25850391, 19.06745529, -14.81590652, 0.96774572, -0.14256218, -0.14719519, 0.14655358, 1.53496563, 0.85014153, 0.81665319, 0.00000000, 0.00000000, 0.00000000, 0.00000000
2, 2.3900, 239, -0.58526844, 2.01879168, -0.33878905, -159.50546265, -123.09899902, 241.55453491, -3.47851491, 65.27330780, 45.54224014, 13.32289410, 21.49488068, -13.34245777, 0.96670592, -0.13471341, -0.17072721, 0.13484931, 1.38464391, 0.76820517, 0.66744614, 0.00000000, 0.00000000, 0.00000000, 0.00000000
5, 2.4500, 232, 0.15489696, 2.02532220, -0.20081906, -28.88386154, -118.97666931, 299.55184937, -40.39754486, 78.89505768, -93.30605316, 36.34723663, -10.70176792, -41.82991409, 0.89402956, -0.25844768, 0.19362143, 0.31052643, 1.06500626, 0.90540898, -0.20703155, 0.00000000, 0.00000000, 0.00000000, 0.00000000
2, 2.4000, 240, -0.53577453, 1.88379693, -0.36181462, -131.00296021, -93.81460571, 232.69631958, -0.84770536, 66.55948639, 47.12072372, 12.50455189, 23.83688736, -12.25927639, 0.96466064, -0.12786999, -0.19273889, 0.12621775, 1.34009421, 0.76225042, 0.56183028, 0.00000000, 0.00000000, 0.00000000, 0.00000000
2, 2.4100, 241, -0.47748864, 1.79261351, -0.41395974, -114.29264832, -80.99544525, 223.35171509, 2.07541656, 66.79333496, 48.17304993, 11.78568363, 26.09195900, -11.36232853, 0.96198744, -0.12175481, -0.21353604, 0.11898968, 1.29332614, 0.79648244, 0.49065918, 0.00000000, 0.00000000, 0.00000000, 0.00000000
4, 2.1801, 213, -0.31463200, 0.53444809, -0.28549623, 1.12523437, -41.16653061, 87.97740936, -81.46740723, -5.05700064, -80.18123627, 23.23307419, -7.62190199, -24.20188141, 1.00000000, 0.00000000, 0.00000000, 0.00000000, 0.19445167, -0.23198901, -0.31006128, 101.52000427, -16.21993637, 35.95000076, 0.00000000
4, 2.1901, 214, -0.31886679, 0.52985936, -0.24505636, 5.94117308, -35.38783646, 101.60760498, -81.49663544, -3.74159598, -80.00584412, 23.14894295, -6.97792721, -23.33124352, 1.00000000, 0.00000000, 0.00000000, 0.00000000, 0.15803522, -0.24878943, -0.32731920, 101.52000427, -16.21993637, 35.95000076, 0.00000000
4, 2.2001, 215, -0.29118884, 0.51854604, -0.22291456, 5.88406563, -27.48477936, 112.27523041, -81.49663544, -3.74159598, -80.00584412, 23.07938194, -6.20025778, -22.46884727, 1.00000000, 0.00000000, 0.00000000, 0.00000000, 0.14393362, -0.26788563, -0.34610385, 101.52000427, -16.21993637, 35.95000076, 0.00000000
5, 2.4600, 233, 0.00428992, 1.84696877, -0.11972084, -25.40554619, -114.37464142, 291.13464355, -37.85442734, 77.63811493, -92.80912018, 34.97314072, -8.26160622, -40.16903687, 0.90089077, -0.25788224, 0.16744591, 0.30635673, 1.07806897, 0.74135900, -0.39544189, 0.00000000, 0.00000000, 0.00000000, 0.00000000
5, 2.4700, 234, -0.09303612, 1.62731063, -0.09052154, -37.37494659, -101.76036835, 288.06491089, -35.07746124, 80.23969269, -92.77988434, 33.56720734, -5.92165995, -38.56298828, 0.90741813, -0.25586700, 0.14190222, 0.30164257, 1.01152182, 0.59025455, -0.55140054, 0.00000000, 0.00000000, 0.00000000, 0.00000000
5, 2.4800, 235, -0.10183857, 1.53010952, -0.11349627, -51.27671814, -90.15379333, 282.73495483, -32.00818253, 77.22888184, -92.13680267, 32.13519669, -3.70407128, -36.98812485, 0.91367114, -0.25248951, 0.11719984, 0.29617274, 0.96990567, 0.56154084, -0.60395807, 0.00000000, 0.00000000, 0.00000000, 0.00000000
2, 2.4200, 242, -0.42984411, 1.79045010, -0.39191836, -108.32662201, -81.83361816, 210.76359558, 4.44314528, 67.05641174, 49.89768982, 11.16767597, 28.23638153, -10.46790886, 0.95900345, -0.11611536, -0.23314515, 0.11168276, 1.28292596, 0.78842449, 0.52269846, 0.00000000, 0.00000000, 0.00000000, 0.00000000
5, 2.4900, 236, -0.03437376, 1.49797606, -0.14922337, -58.12926102, -81.83629608, 271.80371094, -28.90967560, 77.31657410, -91.72756195, 36.88053131, -8.66066265, -36.53873062, 0.90575117, -0.27705902, 0.16689606, 0.27385956, 0.91030723, 0.56600386, -0.55244678, 0.00000000, 0.00000000, 0.00000000, 0.00000000
5, 2.5000, 237, 0.08883747, 1.47150254, -0.19571356, -60.02703094, -76.79318237, 256.82308960, -26.45425224, 81.35047913, -90.52908325, 35.40237427, -6.82700014, -34.91173172, 0.91260219, -0.27252087, 0.14515559, 0.26799187, 0.76547402, 0.54036272, -0.41670913, 0.00000000, 0.00000000, 0.00000000, 0.00000000
5, 2.5100, 238, 0.23665549, 1.49108028, -0.27253577, -59.98924637, -75.97705078, 241.59429932, -26.45425224, 81.35047913, -90.52908325, 34.07519150, -5.06901789, -33.38093948, 0.91865736, -0.26823759, 0.12456643, 0.26191717, 0.71608418, 0.62838435, -0.30424464, 0.00000000, 0.00000000, 0.00000000, 0.00000000
5, 2.5200, 239, 0.30749798, 1.64343977, -0.31992859, -57.00495911, -81.76631927, 227.62530518, -24.52499199, 81.73048401, -89.62291718, 32.93773270, -3.34128809, -31.91798401, 0.92389452, -0.26476514, 0.10479386, 0.25561056, 0.80276299, 0.78099167, -0.22519979, 0.00000000, 0.00000000, 0.00000000, 0.00000000
4, 2.2101, 216, -0.24874634, 0.50356370, -0.21200098, 0.81587529, -18.17196465, 121.52321625, -81.46740723, -3.04004669, -79.91815186, 22.97948837, -5.29154730, -21.63770294, 1.00000000, 0.00000000, 0.00000000, 0.00000000, 0.11751299, -0.27505666, -0.36745125, 101.52000427, -16.21993637, 35.95000076, 0.00000000
2, 2.4300, 243, -0.45392856, 1.83626509, -0.32957286, -116.94123077, -84.82949066, 195.84288025, 6.02163124, 67.90412140, 52.09003067, 14.55626297, 20.74701309, -8.16337204, 0.97163093, -0.13701266, -0.16929048, 0.09220481, 1.31710184, 0.73800838, 0.57915235, 0.00000000, 0.00000000, 0.00000000, 0.00000000
4, 2.2201, 217, -0.20332339, 0.51544684, -0.21036868, -7.95120287, -12.06987095, 130.47789001, -80.94124603, -1.92926037, -79.30429840, 22.80950546, -4.27054453, -20.81594467, 1.00000000, 0.00000000, 0.00000000, 0.00000000, 0.08854615, -0.27724114, -0.36122522, 101.52000427, -16.21993637, 35.95000076, 0.00000000
4, 2.2301, 218, -0.18496916, 0.56352681, -0.20529553, -20.18603897, -11.50797462, 139.23139954, -80.26892853, -0.93539900, -79.80122375, 19.72793961, -4.93183041, -21.42091751, 1.00000000, 0.00000000, 0.00000000, 0.00000000, 0.07844187, -0.27637070, -0.32286417, 101.52000427, -16.21993637, 35.95000076, 0.00000000
4, 2.2401, 219, -0.19486465, 0.64296687, -0.20151290, -31.76341057, -13.28381443, 147.56164551, -79.77199554, 0.70154923, -79.01198578, 19.32261467, -3.71822429, -20.57806778, 1.00000000, 0.00000000, 0.00000000, 0.00000000, 0.08099037, -0.25486627, -0.26032069, 101.52000427, -16.21993637, 35.95000076, 0.00000000
4, 2.2501, 220, -0.19703956, 0.74057174, -0.22252442, -41.54939270, -14.61062336, 152.80793762, -79.77199554, 0.70154923, -79.01198578, 18.83526421, -2.45725012, -19.71385002, 1.00000000, 0.00000000, 0.00000000, 0.00000000, 0.09881122, -0.24540910, -0.16445534, 101.52000427, -16.21993637, 35.95000076, 0.00000000
5, 2.5300, 240, 0.24842645, 1.77577960, -0.35829902, -48.26847076, -93.60237122, 215.87507629, -22.39111328, 81.23355865, -89.35983276, 32.03288269, -1.57903671, -30.52023888, 0.92820483, -0.26267344, 0.08539125, 0.24929290, 0.92148209, 0.91104233, -0.26925904, 0.00000000, 0.00000000, 0.00000000, 0.00000000
2, 2.4400, 244, -0.46650416, 1.74984896, -0.24611062, -135.19317627, -82.98796844, 183.89697266, 6.02163124, 67.90412140, 52.09003067, 13.69178104, 22.56930923, -7.09249163, 0.97036815, -0.12868844, -0.18668585, 0.08350649, 1.23297668, 0.58778864, 0.49262381, 0.00000000, 0.00000000, 0.00000000, 0.00000000
4, 2.2601, 221, -0.17741925, 0.83314484, -0.24190450, -49.77552032, -17.33970070, 153.12673950, -79.01198578, 2.10464764, -79.47968292, 18.28289986, -1.19746602, -18.84137917, 1.00000000, 0.00000000, 0.00000000, 0.00000000, 0.09552222, -0.23521346, -0.07506739, 101.52000427, -16.21993637, 35.95000076, 0.00000000
4, 2.2701, 222, -0.13941349, 0.90748048, -0.25827476, -57.21561050, -22.59005547, 150.46850586, -78.83659363, 2.92312193, -79.04121399, 17.67224503, 0.02399595, -17.95324707, 1.00000000, 0.00000000, 0.00000000, 0.00000000, 0.07456199, -0.22338858, -0.00501777, 101.52000427, -16.21993637, 35.95000076, 0.00000000
4, 2.3501, 223, 0.01361686, 1.26241326, -0.36157888, -109.37509155, -137.25357056, 164.65844727, -73.66267395, 10.81555080, -73.22420502, 7.80113125, 9.29024792, -9.10945415, 1.00000000, 0.00000000, 0.00000000, 0.00000000, 0.06129659, -0.02073427, 0.32647270, 101.52000427, -16.21993637, 35.95000076, 0.00000000
4, 2.3601, 224, 0.09584667, 1.32865357, -0.47168094, -99.19703674, -149.88993835, 161.15545654, -72.72727203, 10.14323330, -71.55802155, 7.02625370, 10.36222649, -7.21790648, 1.00000000, 0.00000000, 0.00000000, 0.00000000, -0.00735247, 0.08977723, 0.40809605, 101.52000427, -16.21993637, 35.95000076, 0.00000000
2, 2.4500, 245, -0.38493362, 1.62840366, -0.13219744, -158.16162109, -77.11403656, 178.95301819, 8.53551579, 67.02718353, 53.28851318, 12.62105751, 24.33843803, -6.03406048, 0.96904010, -0.11832583, -0.20357667, 0.07427666, 1.16287291, 0.45829526, 0.44781929, 0.00000000, 0.00000000, 0.00000000, 0.00000000
2, 2.4600, 246, -0.40392941, 1.56545222, 0.04672560, -182.66583252, -55.94561005, 182.68246460, 10.20169544, 67.14411163, 55.36392975, 11.20773315, 26.12238312, -5.16340828, 0.96749568, -0.10515811, -0.22039838, 0.06571463, 1.20935881, 0.29106197, 0.45108461, 0.00000000, 0.00000000, 0.00000000, 0.00000000
5, 2.5400, 241, 0.06959814, 1.68794417, -0.39304137, -42.07311630, -105.67805481, 210.33818054, -20.34492874, 80.59046936, -89.91522980, 38.38147736, -5.95974588, -29.82432747, 0.91578609, -0.30457944, 0.13191895, 0.22619614, 0.89695978, 0.86554801, -0.45600057, 0.00000000, 0.00000000, 0.00000000, 0.00000000
4, 2.3701, 225, 0.28148037, 1.37646496, -0.48920912, -80.20091248, -164.42915344, 167.81082153, -71.06109619, 13.03712368, -70.09646606, 6.49848986, 11.47375870, -5.15942192, 1.00000000, 0.00000000, 0.00000000, 0.00000000, -0.17696443, 0.10909826, 0.44911695, 101.52000427, -16.21993637, 35.95000076, 0.00000000
4, 2.3801, 226, 0.40256381, 1.35652483, -0.33136821, -69.70622253, -176.67936707, 179.17504883, -70.53492737, 14.00175381, -68.83952332, 5.05631828, 14.18634319, -3.98278975, 1.00000000, 0.00000000, 0.00000000, 0.00000000, -0.26848367, -0.03011322, 0.39712250, 101.52000427, -16.21993637, 35.95000076, 0.00000000
4, 2.3901, 227, 0.36162168, 1.31193268, -0.17357565, -74.25898743, -190.05784607, 189.13180542, -70.53492737, 14.00175381, -68.83952332, 4.78780985, 15.49703693, -1.61118650, 1.00000000, 0.00000000, 0.00000000, 0.00000000, -0.18234850, -0.15713337, 0.33446896, 101.52000427, -16.21993637, 35.95000076, 0.00000000
4, 2.4001, 228, 0.24329783, 1.32117081, -0.15419617, -82.90359497, -198.57286072, 192.07604980, -69.10260010, 15.25869656, -67.29026794, 4.50710535, 16.82510185, 0.85694796, 1.00000000, 0.00000000, 0.00000000, 0.00000000, -0.04232836, -0.17266694, 0.35292298, 101.52000427, -16.21993637, 35.95000076, 0.00000000
5, 2.5500, 242, -0.14912096, 1.53179204, -0.34918451, -44.76454163, -114.65335083, 207.42442322, -17.74334908, 78.71967316, -89.15522003, 37.60436630, -4.29987144, -28.18534279, 0.92044407, -0.30373433, 0.11286621, 0.21860811, 0.83032084, 0.66533667, -0.64419663, 0.00000000, 0.00000000, 0.00000000, 0.00000000
5, 2.5600, 243, -0.27324980, 1.46298635, -0.26977050, -47.00426102, -116.88306427, 197.86560059, -17.74334908, 78.71967316, -89.15522003, 36.94427109, -2.69290423, -26.56841087, 0.92455471, -0.30315900, 0.09447544, 0.21063648, 0.89836061, 0.56872541, -0.77091718, 0.00000000, 0.00000000, 0.00000000, 0.00000000
5, 2.5700, 244, -0.21060866, 1.37539434, -0.19353126, -46.29525757, -102.36428833, 183.04258728, -15.93101406, 79.62583923, -89.03829193, 36.32490921, -1.22882652, -25.10291672, 0.92814159, -0.30203095, 0.07768179, 0.20321427, 0.89125884, 0.46153861, -0.72346866, 0.00000000, 0.00000000, 0.00000000, 0.00000000
2, 2.4700, 247, -0.40333620, 1.55001724, 0.12954848, -207.82934570, -20.58541679, 188.22912598, 11.92633724, 66.82256317, 57.20549393, 9.32017231, 27.91282845, -4.65286398, 0.96567869, -0.08853875, -0.23698765, 0.05884280, 1.24021316, 0.23659109, 0.47232008, 0.00000000, 0.00000000, 0.00000000, 0.00000000
5, 2.5800, 245, -0.05286494, 1.26784372, -0.15663545, -47.26167297, -71.71237183, 173.21723938, -14.23560333, 77.75504303, -88.45366669, 35.58370590, 0.05295235, -23.85201263, 0.93159127, -0.29905531, 0.06271289, 0.19690298, 0.81252652, 0.37206811, -0.59838164, 0.00000000, 0.00000000, 0.00000000, 0.00000000
4, 2.4101, 229, 0.04048023, 1.33957362, -0.21065903, -81.33082581, -199.81680298, 190.22225952, -67.43642426, 16.04793930, -66.09178162, 4.30200911, 18.14196968, 3.34488130, 1.00000000, 0.00000000, 0.00000000, 0.00000000, 0.18053180, -0.11620882, 0.40026590, 101.52000427, -16.21993637, 35.95000076, 0.00000000
4, 2.4201, 230, -0.06442644, 1.35702407, -0.26606745, -76.88794708, -194.76316833, 178.78967285, -65.65332031, 16.83718109, -64.57176208, 4.17713165, 19.36834908, 5.76708174, 1.00000000, 0.00000000, 0.00000000, 0.00000000, 0.30451226, -0.06187576, 0.44078711, 101.52000427, -16.21993637, 35.95000076, 0.00000000
4, 2.4301, 231, -0.13370706, 1.39031398, -0.28323078, -66.57749176, -192.25668335, 172.08787537, -65.65332031, 16.83718109, -63.37328339, 3.58676195, 16.31327820, 8.23623466, 1.00000000, 0.00000000, 0.00000000, 0.00000000, 0.37349263, -0.04797830, 0.48169827, 101.52000427, -16.21993637, 35.95000076, 0.00000000
2, 2.4800, 248, -0.36734563, 1.54441285, 0.05347685, -226.52316284, 20.90544510, 189.67106628, 11.92633724, 66.82256317, 57.20549393, 9.26302719, 20.12182617, -2.81949973, 0.98076344, -0.08376526, -0.17211586, 0.03824672, 1.18693161, 0.33059126, 0.44530439, 0.00000000, 0.00000000, 0.00000000, 0.00000000
4, 2.4401, 232, -0.15321173, 1.39813709, -0.30361143, -47.55727768, -190.17469788, 167.12817383, -64.33791351, 17.18795586, -63.37328339, 3.65513515, 17.46211052, 10.56087112, 1.00000000, 0.00000000, 0.00000000, 0.00000000, 0.35903779, -0.02333587, 0.48270684, 101.52000427, -16.21993637, 35.95000076, 0.00000000
2, 2.4900, 249, -0.27502328, 1.54250836, -0.06355146, -234.58779907, 65.80642700, 182.59695435, 13.53405380, 66.29640198, 59.22245026, 6.54061460, 21.68937683, -3.20309162, 0.97985840, -0.06125582, -0.18620166, 0.03813374, 1.00025225, 0.44867980, 0.38785455, 0.00000000, 0.00000000, 0.00000000, 0.00000000
4, 2.4701, 233, -0.00194712, 1.25108647, -0.14500795, -7.11786509, -196.75833130, 150.01609802, -58.81321335, 16.16486359, -60.94709015, 5.12466335, 20.49427605, 17.76568222, 1.00000000, 0.00000000, 0.00000000, 0.00000000, 0.27027589, -0.17143896, 0.31862202, 101.52000427, -16.21993637, 35.95000076, 0.00000000
2, 2.5000, 250, -0.12896514, 1.53038442, -0.23144506, -234.02214050, 80.77766418, 167.61424255, 15.43408298, 65.15638733, 62.23326492, 3.71467257, 23.05637360, -3.78758407, 0.97856289, -0.03834071, -0.19858636, 0.03883699, 0.86514395, 0.64919192, 0.36562774, 0.00000000, 0.00000000, 0.00000000, 0.00000000
2, 2.5100, 251, -0.01745864, 1.49338019, -0.39644569, -231.37481689, 72.83193970, 145.40043640, 16.34025192, 64.04560089, 64.13329315, 0.96699375, 24.20743370, -4.30878544, 0.97697723, -0.01612725, -0.20921609, 0.03852352, 0.75384086, 0.83773762, 0.31399506, 0.00000000, 0.00000000, 0.00000000, 0.00000000
5, 2.5900, 246, 0.10242965, 1.22271335, -0.16982600, -48.97566223, -51.10193253, 170.83851624, -12.89096737, 77.63811493, -88.42443848, 39.64781189, -5.40405178, -22.43530083, 0.92485106, -0.32365417, 0.10940072, 0.16712289, 0.71619916, 0.34719163, -0.45833912, 0.00000000, 0.00000000, 0.00000000, 0.00000000
2, 2.5200, 252, 0.01916678, 1.43696356, -0.45821488, -223.89160156, 50.48231506, 122.99977112, 17.18795586, 62.64250183, 66.15024567, -1.55085921, 25.19957924, -4.61011076, 0.97515738, 0.00442402, -0.21847433, 0.03629798, 0.71588361, 0.91892302, 0.25941283, 0.00000000, 0.00000000, 0.00000000, 0.00000000
5, 2.6000, 247, 0.20295769, 1.22755551, -0.17990248, -43.97941971, -37.55113220, 171.86903381, -11.19555664, 74.80268860, -87.51826477, 38.60248184, -4.30887032, -21.34478188, 0.92911392, -0.31801692, 0.09603589, 0.16244964, 0.61477894, 0.32157844, -0.33355021, 0.00000000, 0.00000000, 0.00000000, 0.00000000
4, 2.4801, 234, 0.01709216, 1.17817807, -0.12774237, -15.19325161, -192.66506958, 142.13279724, -58.81321335, 16.16486359, -60.94709015, 3.59300208, 18.03881073, 19.50692558, 1.00000000, 0.00000000, 0.00000000, 0.00000000, 0.25634173, -0.17590523, 0.24337754, 101.52000427, -16.21993637, 35.95000076, 0.00000000
4, 2.4901, 235, -0.02535789, 1.18358731, -0.12039047, -24.76244926, -181.46545410, 135.14419556, -57.11780167, 19.55568504, -60.15784836, 3.91577005, 18.89286232, 21.69663048, 1.00000000, 0.00000000, 0.00000000, 0.00000000, 0.27189404, -0.16583914, 0.23877004, 101.52000427, -16.21993637, 35.95000076, 0.00000000
4, 2.5001, 236, -0.07401016, 1.22680140, -0.10815413, -26.26196098, -167.35317993, 123.84761047, -55.59777832, 19.23414230, -59.10552216, 4.20977449, 19.66288757, 23.72594643, 1.00000000, 0.00000000, 0.00000000, 0.00000000, 0.33130270, -0.19056857, 0.28671247, 101.52000427, -16.21993637, 35.95000076, 0.00000000
4, 2.5101, 237, -0.14919296, 1.21454203, -0.10612850, -21.42134094, -154.20175171, 111.92616272, -53.66851807, 19.20491028, -58.78398132, 4.53372192, 20.34168243, 25.60394859, 1.00000000, 0.00000000, 0.00000000, 0.00000000, 0.41880018, -0.19503623, 0.28344268, 101.52000427, -16.21993637, 35.95000076, 0.00000000
4, 2.5201, 238, -0.20788281, 1.19592738, -0.14952514, -16.76197433, -144.95606995, 99.37891388, -53.63928604, 19.93569183, -58.66705704, 4.88964748, 20.91350555, 27.36611557, 1.00000000, 0.00000000, 0.00000000, 0.00000000, 0.48806995, -0.15423352, 0.28103542, 101.52000427, -16.21993637, 35.95000076, 0.00000000
5, 2.6100, 248, 0.22046928, 1.19083560, -0.17698187, -34.51164246, -27.58435440, 172.89744568, -11.19555664, 74.80268860, -87.51826477, 37.54003525, -3.16878080, -20.40325356, 0.93306863, -0.31192550, 0.08273274, 0.15887322, 0.60461599, 0.30855566, -0.33738032, 0.00000000, 0.00000000, 0.00000000, 0.00000000
5, 2.6200, 249, 0.21162926, 1.14764285, -0.20872784, -24.49541092, -14.85222340, 172.09196472, -9.38322163, 77.37503815, -87.16749573, 36.44989395, -2.00949883, -19.63723183, 0.93671471, -0.30527979, 0.06973633, 0.15654643, 0.57674146, 0.31795722, -0.37460071, 0.00000000, 0.00000000, 0.00000000, 0.00000000
5, 2.6300, 250, 0.19104159, 1.12169445, -0.24726167, -11.27842426, 2.70759869, 166.45347595, -7.77550411, 76.61502075, -86.81671906, 35.33272934, -0.87357128, -19.11256981, 0.93997413, -0.29804772, 0.05754308, 0.15590104, 0.56045461, 0.34473163, -0.42006284, 0.00000000, 0.00000000, 0.00000000, 0.00000000
2, 2.5300, 253, 0.00123815, 1.36935127, -0.43440449, -216.08627319, 27.93786430, 100.69819641, 17.18795586, 62.64250183, 66.15024567, 4.48785973, 20.02606964, -3.55387902, 0.98332888, -0.04392639, -0.17245968, 0.03731724, 0.70870423, 0.87771535, 0.19863069, 0.00000000, 0.00000000, 0.00000000, 0.00000000
2, 2.5400, 254, -0.03083432, 1.31341600, -0.32668740, -206.45799255, 9.56990623, 79.82438660, 18.06489372, 61.67787170, 67.90412140, 2.49157166, 20.73443604, -3.29767251, 0.98292232, -0.02655433, -0.17922391, 0.03220808, 0.67491376, 0.69126248, 0.14806876, 0.00000000, 0.00000000, 0.00000000, 0.00000000
2, 2.5500, 255, -0.09098524, 1.27896082, -0.23417400, -189.93132019, 0.55864596, 64.22972107, 18.97106171, 60.68400955, 69.92107391, 0.71740961, 21.33038330, -2.97388744, 0.98234522, -0.01095262, -0.18484396, 0.02665862, 0.74290138, 0.62294865, 0.13333333, 0.00000000, 0.00000000, 0.00000000, 0.00000000
2, 2.5600, 256, -0.09021918, 1.20785475, -0.20418179, -169.47752380, 4.00789642, 56.01021576, 19.61414719, 59.60245514, 71.20724487, -0.88760769, 21.84559441, -2.73089170, 0.98161018, 0.00308809, -0.18960783, 0.02192956, 0.73601991, 0.59820735, 0.08156503, 0.00000000, 0.00000000, 0.00000000, 0.00000000
4, 2.5301, 239, -0.22837330, 1.15392780, -0.18010984, -8.80418873, -138.18473816, 88.82703400, -53.63928604, 19.93569183, -58.66705704, 4.05514765, 15.91555023, 28.12986946, 1.00000000, 0.00000000, 0.00000000, 0.00000000, 0.49634525, -0.11790788, 0.24248758, 101.52000427, -16.21993637, 35.95000076, 0.00000000
5, 2.6400, 251, 0.15066718, 1.06676519, -0.26528597, -3.02910042, 17.03388786, 157.31349182, -6.16778708, 75.15346527, -86.99210358, 40.23746490, -5.15413713, -20.27059746, 0.92611587, -0.33082709, 0.10202844, 0.14984405, 0.51826245, 0.31747219, -0.46979380, 0.00000000, 0.00000000, 0.00000000, 0.00000000
2, 2.5700, 257, -0.08746012, 1.13789904, -0.21728837, -142.40270996, 8.41728306, 54.79158783, 19.73107338, 56.29932785, 71.47032928, -2.28750682, 22.33743477, -2.61650443, 0.98069823, 0.01515627, -0.19405669, 0.01852906, 0.72305143, 0.61134148, 0.01805749, 0.00000000, 0.00000000, 0.00000000, 0.00000000
5, 2.6500, 252, 0.15437599, 0.99668586, -0.24657895, -1.44941878, 21.28828239, 148.91217041, -5.61239386, 75.32884979, -86.58287048, 39.11343002, -4.18660879, -19.91111565, 0.92961603, -0.32352859, 0.09173399, 0.15075901, 0.42663094, 0.21101214, -0.44135770, 0.00000000, 0.00000000, 0.00000000, 0.00000000
5, 2.6600, 253, 0.19574107, 0.94383955, -0.22036532, -4.30971336, 22.21823883, 141.01388550, -5.61239386, 75.32884979, -86.58287048, 38.03137207, -3.28908348, -19.57922935, 0.93286896, -0.31633681, 0.08211531, 0.15147127, 0.40882966, 0.17049554, -0.42184430, 0.00000000, 0.00000000, 0.00000000, 0.00000000
5, 2.6700, 254, 0.25410387, 0.91450393, -0.21585377, -8.36109161, 19.70434189, 131.03318787, -4.58930111, 73.51651764, -86.75825500, 37.02256393, -2.47116256, -19.24798203, 0.93584269, -0.30953172, 0.07322618, 0.15174510, 0.38747746, 0.16144131, -0.38402486, 0.00000000, 0.00000000, 0.00000000, 0.00000000
4, 2.5401, 240, -0.24448812, 1.08763778, -0.16971324, -2.02746272, -130.47413635, 80.90019989, -52.06079865, 19.55568504, -58.81321335, 4.37199879, 16.35993195, 29.65569115, 1.00000000, 0.00000000, 0.00000000, 0.00000000, 0.45614234, -0.10781858, 0.15534061, 101.52000427, -16.21993637, 35.95000076, 0.00000000
4, 2.5501, 241, -0.23602232, 1.02637732, -0.12808681, 0.77683455, -120.83235168, 74.69930267, -50.51154709, 19.11721611, -58.43320465, 4.70382833, 16.76144600, 31.07530212, 1.00000000, 0.00000000, 0.00000000, 0.00000000, 0.45882097, -0.14260408, 0.08946852, 101.52000427, -16.21993637, 35.95000076, 0.00000000
4, 2.5601, 242, -0.19605295, 0.97393167, -0.08164841, 1.15934050, -109.87461090, 67.87647247, -50.16077042, 17.62642479, -58.34551239, 5.01967812, 17.11903191, 32.37107086, 1.00000000, 0.00000000, 0.00000000, 0.00000000, 0.42882368, -0.18365356, 0.02927308, 101.52000427, -16.21993637, 35.95000076, 0.00000000
4, 2.5701, 243, -0.15684123, 0.92539567, -0.02960816, -2.15754890, -95.35166168, 60.91899872, -49.19614029, 19.90645981, -57.93627548, 5.27051115, 17.44350433, 33.50299454, 1.00000000, 0.00000000, 0.00000000, 0.00000000, 0.39875305, -0.23018882, -0.02828807, 101.52000427, -16.21993637, 35.95000076, 0.00000000
4, 2.5801, 244, -0.11263084, 0.88431793, 0.00322837, -5.87437820, -77.46076202, 54.71215439, -49.19614029, 19.90645981, -57.93627548, 2.00695777, 13.98296928, 34.10626221, 1.00000000, 0.00000000, 0.00000000, 0.00000000, 0.34687588, -0.24385139, -0.08084939, 101.52000427, -16.21993637, 35.95000076, 0.00000000
5, 2.6800, 255, 0.29585221, 0.89931166, -0.23737121, -11.32562733, 14.79034901, 117.65151215, -3.74159598, 74.01344299, -86.26132965, 36.12835312, -1.74215269, -18.91695976, 0.93845123, -0.30345589, 0.06520747, 0.15156479, 0.36344695, 0.18024255, -0.36258641, 0.00000000, 0.00000000, 0.00000000, 0.00000000
5, 2.6900, 256, 0.30320492, 0.88014102, -0.26025119, -9.88531971, 3.83254099, 101.49335480, -2.45542240, 73.22420502, -86.08593750, 40.08598328, -4.88551474, -19.90295219, 0.92698503, -0.33034235, 0.09861136, 0.14781258, 0.32850739, 0.17989944, -0.35991976, 0.00000000, 0.00000000, 0.00000000, 0.00000000
2, 2.5800, 258, -0.07338034, 1.05981898, -0.23141257, -117.95333862, 10.76019669, 55.41204834, 19.73107338, 56.29932785, 71.47032928, 3.56832170, 16.40117073, -0.73875552, 0.98924583, -0.03173456, -0.14236821, 0.01081869, 0.67048365, 0.59015447, -0.05915302, 0.00000000, 0.00000000, 0.00000000, 0.00000000
2, 2.5900, 259, -0.06857690, 0.99279010, -0.24023686, -99.85683441, 7.76530457, 54.46511078, 20.25723457, 57.17626190, 73.22420502, 2.55052233, 16.88769341, -0.69536704, 0.98887724, -0.02290484, -0.14666735, 0.00926888, 0.57744133, 0.50724155, -0.14733465, 0.00000000, 0.00000000, 0.00000000, 0.00000000
2, 2.6000, 260, -0.07438256, 0.94655681, -0.23566151, -84.33654022, 2.01839948, 51.11909485, 20.95878410, 55.71470261, 73.57497406, 1.70434999, 17.36151886, -0.63704872, 0.98840755, -0.01554107, -0.15082806, 0.00773966, 0.58006763, 0.50285757, -0.18770249, 0.00000000, 0.00000000, 0.00000000, 0.00000000
2, 2.6100, 261, -0.08353083, 0.89868456, -0.25232053, -68.87104797, -2.27894878, 46.93434525, 20.78339577, 55.59777832, 74.71499634, 1.02379394, 17.81052971, -0.57313323, 0.98788702, -0.00960057, -0.15474886, 0.00632402, 0.58328760, 0.51514745, -0.23698603, 0.00000000, 0.00000000, 0.00000000, 0.00000000
2, 2.6200, 262, -0.07705732, 0.85610586, -0.28581065, -50.88322830, -6.68488169, 42.68618011, 21.36802101, 55.04238510, 74.86115265, 0.53253663, 18.23460007, -0.50715035, 0.98734254, -0.00528976, -0.15843260, 0.00510612, 0.57085621, 0.54201335, -0.28263402, 0.00000000, 0.00000000, 0.00000000, 0.00000000
2, 2.6300, 263, -0.07467932, 0.80171382, -0.28727424, -34.26913834, -11.66058540, 35.85942459, 21.36802101, 55.04238510, 74.86115265, 7.70645046, 12.83630276, 1.09470427, 0.99151272, -0.06571109, -0.11216387, -0.00196001, 0.53737408, 0.49981302, -0.33452076, 0.00000000, 0.00000000, 0.00000000, 0.00000000
2, 2.6400, 264, -0.09255852, 0.75637907, -0.28100300, -21.83795547, -19.27581024, 23.69853020, 21.77725792, 54.48699188, 75.12422943, 7.56722212, 13.10050488, 1.29323649, 0.99132866, -0.06426895, -0.11455853, -0.00366014, 0.47648188, 0.38706481, -0.39115158, 0.00000000, 0.00000000, 0.00000000, 0.00000000
4, 2.5901, 245, -0.09597307, 0.86986524, 0.02940560, -11.94579887, -55.72114563, 49.14964294, -48.34843445, 19.38029861, -57.99473953, 2.01119113, 14.33916569, 34.77019501, 1.00000000, 0.00000000, 0.00000000, 0.00000000, 0.28962135, -0.22568607, -0.11553262, 101.52000427, -16.21993637, 35.95000076, 0.00000000
2, 2.6500, 265, -0.13016374, 0.73529905, -0.25578743, -10.12014961, -28.62552071, 9.11298656, 21.68956375, 53.75621033, 75.38731384, 7.59766436, 13.24590969, 1.58030319, 0.99115527, -0.06421813, -0.11597829, -0.00602755, 0.51306677, 0.35697135, -0.41141194, 0.00000000, 0.00000000, 0.00000000, 0.00000000
5, 2.7000, 257, 0.28561053, 0.83863211, -0.26800096, -8.05180454, -2.44766712, 87.24687195, -1.78310430, 71.67494965, -86.20286560, 39.49998474, -4.30898237, -19.54825401, 0.92901564, -0.32676941, 0.09219472, 0.14714603, 0.26038527, 0.11983050, -0.35578331, 0.00000000, 0.00000000, 0.00000000, 0.00000000
5, 2.7100, 258, 0.26216233, 0.78880203, -0.25639668, -7.60767603, -5.68329382, 72.63496399, -1.78310430, 71.67494965, -86.20286560, 39.03630447, -3.81842875, -19.22894859, 0.93063998, -0.32398504, 0.08673091, 0.14635815, 0.24866800, 0.08447265, -0.39338791, 0.00000000, 0.00000000, 0.00000000, 0.00000000
5, 2.7200, 259, 0.24901088, 0.73578584, -0.24671185, -10.09966660, -4.33198452, 58.15224075, -0.73078048, 72.61034393, -86.23209381, 38.65140915, -3.44853711, -18.94789314, 0.93199933, -0.32160240, 0.08245421, 0.14543201, 0.22838470, 0.04733510, -0.42109481, 0.00000000, 0.00000000, 0.00000000, 0.00000000
2, 2.6600, 266, -0.13830395, 0.72120458, -0.23827253, 2.79412365, -36.61030197, -10.15335274, 22.27418900, 54.63314819, 74.94884491, 7.80810595, 13.22336388, 1.94887865, 0.99103427, -0.06566968, -0.11600605, -0.00901580, 0.51969004, 0.33339465, -0.42027307, 0.00000000, 0.00000000, 0.00000000, 0.00000000
2, 2.6700, 267, -0.10702710, 0.71902639, -0.25636965, 13.65392876, -43.59781647, -29.19354439, 21.74802589, 52.99620056, 75.09500122, 8.17348480, 13.03069210, 2.39268970, 0.99096805, -0.06842785, -0.11463444, -0.01260623, 0.48518914, 0.34443107, -0.41966888, 0.00000000, 0.00000000, 0.00000000, 0.00000000
2, 2.6800, 268, -0.05814137, 0.72709209, -0.30026221, 22.64533997, -52.43096542, -48.98687363, 21.74802589, 52.99620056, 75.09500122, 15.41251850, 8.17087841, 3.13167191, 0.98834240, -0.13177451, -0.07422903, -0.01746014, 0.41176039, 0.35175347, -0.41111445, 0.00000000, 0.00000000, 0.00000000, 0.00000000
5, 2.7300, 260, 0.25370830, 0.70488656, -0.25116622, -13.40993786, 0.09950010, 44.20902252, 0.11692487, 72.23033905, -86.02747345, 38.31681061, -3.21262360, -18.71350861, 0.93317640, -0.31938222, 0.07946198, 0.14443919, 0.20714265, 0.03476388, -0.42876923, 0.00000000, 0.00000000, 0.00000000, 0.00000000
5, 2.7400, 261, 0.27487019, 0.69101834, -0.26870182, -16.81821823, 7.82892466, 28.50543022, 0.23384975, 72.02572632, -85.44285583, 42.42274475, -5.49770880, -20.48537254, 0.91942501, -0.34768376, 0.10825873, 0.14850515, 0.17178428, 0.02876048, -0.40600166, 0.00000000, 0.00000000, 0.00000000, 0.00000000
5, 2.7500, 262, 0.30731678, 0.68900287, -0.27158231, -18.45287132, 15.68873119, 11.62563801, 0.96463019, 72.11341858, -85.61824036, 42.17344284, -5.58776760, -20.41131020, 0.92029035, -0.34560913, 0.10843037, 0.14786132, 0.12712020, -0.00919586, -0.34034038, 0.00000000, 0.00000000, 0.00000000, 0.00000000
5, 2.7600, 263, 0.34358478, 0.68463445, -0.28090036, -18.72887611, 20.33938026, -3.84069228, 0.35077462, 68.02104950, -85.32592773, 41.99550247, -5.80218792, -20.41798401, 0.92085052, -0.34383133, 0.10993191, 0.14740869, 0.10393516, -0.00226021, -0.31098819, 0.00000000, 0.00000000, 0.00000000, 0.00000000
5, 2.7700, 264, 0.37667021, 0.68123221, -0.28150201, -16.62206459, 20.83974457, -18.22698021, 0.35077462, 68.02104950, -85.32592773, 41.91831207, -6.10478783, -20.49253845, 0.92102754, -0.34265310, 0.11247050, 0.14713091, 0.08614917, -0.00223459, -0.28144646, 0.00000000, 0.00000000, 0.00000000, 0.00000000
5, 2.7800, 265, 0.40028262, 0.68025148, -0.27594990, -12.63995171, 17.89158249, -31.93066406, -0.73078048, 71.41186523, -85.32592773, 41.96762085, -6.46727657, -20.62497711, 0.92075264, -0.34233004, 0.11582051, 0.14700489, 0.07568936, -0.00660636, -0.25761324, 0.00000000, 0.00000000, 0.00000000, 0.00000000
2, 2.6900, 269, -0.01887229, 0.74014080, -0.32936841, 33.51147461, -64.90079498, -68.05677795, 22.12803268, 54.25314331, 74.91961670, 16.03490257, 7.56469059, 3.71598196, 0.98784769, -0.13697983, -0.06979955, -0.02283972, 0.30783755, 0.28671321, -0.38977772, 0.00000000, 0.00000000, 0.00000000, 0.00000000
2, 2.7000, 270, 0.00981641, 0.74973232, -0.34793925, 47.16658783, -77.01319122, -84.11144257, 21.92341423, 54.89622879, 74.68576050, 16.83618736, 6.80901623, 4.38191128, 0.98709083, -0.14378434, -0.06428897, -0.02906412, 0.26874095, 0.29478788, -0.37749091, 0.00000000, 0.00000000, 0.00000000, 0.00000000
5, 2.7900, 266, 0.42323282, 0.67588699, -0.26657486, -7.30346584, 13.05873871, -46.45013046, -0.32154340, 71.99649048, -85.73516083, 44.03720093, -7.82404995, -21.69760513, 0.91318589, -0.35544443, 0.13251795, 0.14896232, 0.06049534, -0.02335881, -0.22675471, 0.00000000, 0.00000000, 0.00000000, 0.00000000
5, 2.8000, 267, 0.44039771, 0.67116034, -0.24995913, -1.32304382, 7.58743811, -62.44768143, -0.93539900, 71.49955750, -85.44285583, 44.41136932, -8.28119373, -21.97286797, 0.91169310, -0.35729775, 0.13746087, 0.14919333, 0.04236919, -0.05870327, -0.18599710, 0.00000000, 0.00000000, 0.00000000, 0.00000000
5, 2.8100, 268, 0.45534843, 0.66288412, -0.23577546, 3.75288939, 2.05782366, -77.78663635, -1.92926037, 71.76264191, -84.79976654, 44.94888687, -8.78897762, -22.31051445, 0.90959328, -0.36024791, 0.14320576, 0.14951135, 0.03235394, -0.07986942, -0.16407709, 0.00000000, 0.00000000, 0.00000000, 0.00000000
4, 2.6001, 246, -0.07636373, 0.91439617, 0.00750144, -17.88937378, -30.15619850, 44.92805481, -48.87459564, 20.08184814, -57.84858322, 1.90825391, 14.71120834, 35.16442871, 1.00000000, 0.00000000, 0.00000000, 0.00000000, 0.27332056, -0.21134311, -0.06742460, 101.52000427, -16.21993637, 35.95000076, 0.00000000
4, 2.6101, 247, -0.04835031, 0.96502030, -0.05118940, -17.41928864, -3.63767529, 40.09755707, -47.44226837, 17.39257431, -57.81935120, 1.75738525, 15.09485626, 35.28057098, 1.00000000, 0.00000000, 0.00000000, 0.00000000, 0.24807902, -0.16075259, -0.00692252, 101.52000427, -16.21993637, 35.95000076, 0.00000000
4, 2.6201, 248, -0.02514797, 0.99894077, -0.12620893, -11.99473572, 19.87277412, 35.22787094, -47.44226837, 17.39257431, -57.81935120, 1.61119878, 15.48188782, 35.15087128, 1.00000000, 0.00000000, 0.00000000, 0.00000000, 0.22855635, -0.09080727, 0.04061489, 101.52000427, -16.21993637, 35.95000076, 0.00000000
4, 2.6301, 249, -0.00378444, 1.02982152, -0.18647762, -4.91226768, 37.89176178, 29.89075089, -47.35457230, 19.96492195, -57.79011917, 1.44412267, 13.49055004, 33.91735077, 1.00000000, 0.00000000, 0.00000000, 0.00000000, 0.20112152, -0.03502423, 0.07994397, 101.52000427, -16.21993637, 35.95000076, 0.00000000
4, 2.6401, 250, 0.01963365, 1.04036689, -0.23170125, 2.17739511, 50.68629837, 23.35875702, -47.32534409, 19.23414230, -57.17626190, 1.38547873, 13.82581329, 33.46044540, 1.00000000, 0.00000000, 0.00000000, 0.00000000, 0.15261094, 0.00929235, 0.09094545, 101.52000427, -16.21993637, 35.95000076, 0.00000000
4, 2.6501, 251, 0.04128399, 1.03117657, -0.25055987, 8.20534325, 58.93552017, 15.09140205, -46.71148682, 18.32797432, -57.26395798, 1.36690378, 14.09725666, 32.90563965, 1.00000000, 0.00000000, 0.00000000, 0.00000000, 0.13636535, 0.03010365, 0.08536527, 101.52000427, -16.21993637, 35.95000076, 0.00000000
4, 2.6601, 252, 0.07010370, 1.01444077, -0.25206515, 10.53539848, 61.39942169, 7.91458941, -47.06226349, 20.28646660, -56.97164536, 1.36195874, 14.30358887, 32.31134415, 1.00000000, 0.00000000, 0.00000000, 0.00000000, 0.11246468, 0.03486998, 0.06845829, 101.52000427, -16.21993637, 35.95000076, 0.00000000
2, 2.7100, 271, 0.01471227, 0.75188631, -0.35932267, 62.95302200, -87.66752625, -96.72882080, 23.06343079, 55.01315308, 73.86728668, 17.82369041, 5.93462181, 5.10211182, 0.98598254, -0.15227729, -0.05797652, -0.03590193, 0.24914965, 0.29052612, -0.37485754, 0.00000000, 0.00000000, 0.00000000, 0.00000000
4, 2.6701, 253, 0.11053540, 0.98950863, -0.24607308, 10.12521839, 60.30121994, 2.05774403, -47.06226349, 20.28646660, -56.97164536, 1.35057974, 14.45028782, 31.71465874, 1.00000000, 0.00000000, 0.00000000, 0.00000000, 0.07651219, 0.03379895, 0.04116031, 101.52000427, -16.21993637, 35.95000076, 0.00000000
4, 2.6801, 254, 0.16047207, 0.96785378, -0.23447797, 8.37760639, 57.67910767, -2.48949003, -46.21455765, 18.82490540, -57.81935120, 1.61173344, 14.37955761, 30.94978714, 1.00000000, 0.00000000, 0.00000000, 0.00000000, 0.02932456, 0.02559567, 0.01507003, 101.52000427, -16.21993637, 35.95000076, 0.00000000
5, 2.8200, 269, 0.45933071, 0.65787959, -0.23078501, 7.22337341, -2.95734859, -92.63722229, -1.92926037, 71.76264191, -84.79976654, 45.63833618, -9.35450459, -22.70363808, 0.90691692, -0.36417654, 0.14977264, 0.14981771, 0.02133035, -0.09358044, -0.15168381, 0.00000000, 0.00000000, 0.00000000, 0.00000000
5, 2.8300, 270, 0.46181139, 0.66089523, -0.23613989, 10.44161415, -7.80683661, -107.95384979, -1.81233561, 72.28880310, -85.20899963, 46.48295593, -9.98078632, -23.15680313, 0.90362972, -0.36906928, 0.15720387, 0.15009415, 0.00895197, -0.09579192, -0.13880767, 0.00000000, 0.00000000, 0.00000000, 0.00000000
5, 2.8400, 271, 0.45758557, 0.66463566, -0.24419188, 12.47730446, -9.00694561, -123.36122894, -3.39082146, 73.10727692, -85.38439178, 47.91353226, -10.97051811, -23.86703300, 0.89803374, -0.37738958, 0.16904341, 0.15012279, -0.00494556, -0.09788600, -0.12900174, 0.00000000, 0.00000000, 0.00000000, 0.00000000
5, 2.8500, 272, 0.41092148, 0.67144883, -0.25216457, 13.72821140, -7.42502117, -140.32223511, -3.91698337, 74.39344788, -85.41362000, 49.02088928, -11.76553726, -24.51280785, 0.89349103, -0.38347101, 0.17873694, 0.15058838, -0.00733926, -0.10107923, -0.15349120, 0.00000000, 0.00000000, 0.00000000, 0.00000000
5, 2.8600, 273, 0.33150476, 0.68294406, -0.23004940, 12.84490490, -0.52328926, -159.84579468, -5.64162540, 75.24115753, -86.52440643, 50.24005890, -12.69653702, -25.30515289, 0.88829798, -0.38973832, 0.19009784, 0.15130645, 0.02443402, -0.12080200, -0.20443477, 0.00000000, 0.00000000, 0.00000000, 0.00000000
2, 2.7200, 272, -0.01524557, 0.75301540, -0.34543037, 78.23512268, -94.43127441, -108.03654480, 21.60187149, 56.56240845, 73.34112549, 18.97460747, 4.94884586, 5.83302736, 0.98448831, -0.16229536, -0.05090652, -0.04303104, 0.26316014, 0.25924465, -0.37292516, 0.00000000, 0.00000000, 0.00000000, 0.00000000
2, 2.7300, 273, -0.08851990, 0.75922126, -0.30607527, 90.80111694, -95.80854797, -120.89440155, 21.60187149, 56.56240845, 73.34112549, 24.12402153, -0.83641267, 6.90698242, 0.97602826, -0.20901507, -0.00546277, -0.06042928, 0.29996699, 0.18760917, -0.36236140, 0.00000000, 0.00000000, 0.00000000, 0.00000000
2, 2.7400, 274, -0.18037839, 0.76680094, -0.24856143, 98.00390625, -89.09889984, -143.49142456, 21.45571518, 57.26395798, 72.25957489, 25.40168381, -2.22189856, 7.38530588, 0.97304857, -0.22058094, 0.00471752, -0.06707054, 0.31209564, 0.06775760, -0.33492878, 0.00000000, 0.00000000, 0.00000000, 0.00000000
5, 2.8700, 274, 0.25537404, 0.69946718, -0.20584089, 9.22638702, 11.11383724, -176.62783813, -5.64162540, 75.24115753, -86.52440643, 51.52080917, -13.77078629, -26.25587463, 0.88259029, -0.39567509, 0.20314690, 0.15233810, 0.05772758, -0.13857311, -0.24895298, 0.00000000, 0.00000000, 0.00000000, 0.00000000
2, 2.7500, 275, -0.24721183, 0.79574966, -0.18001463, 102.14238739, -72.43981171, -163.98072815, 20.90032196, 58.17012405, 71.00263214, 26.69561386, -3.79849577, 7.63638783, 0.96978408, -0.23236996, 0.01681039, -0.07239053, 0.36334091, -0.00713201, -0.29333207, 0.00000000, 0.00000000, 0.00000000, 0.00000000
2, 2.7600, 276, -0.28374621, 0.82327086, -0.13033782, 104.31898499, -53.45874405, -176.90615845, 19.58491707, 58.57936096, 71.03186035, 27.98749542, -5.48160887, 7.64481211, 0.96628529, -0.24409512, 0.03019347, -0.07614902, 0.38100240, -0.06404546, -0.24992591, 0.00000000, 0.00000000, 0.00000000, 0.00000000
5, 2.8800, 275, 0.20389795, 0.73883367, -0.18290147, 5.91031361, 27.01748848, -194.01304626, -7.01549244, 71.93802643, -85.96901703, 52.85661697, -14.99200726, -27.40929413, 0.87631857, -0.40103343, 0.21804249, 0.15393367, 0.09641440, -0.13958099, -0.26352298, 0.00000000, 0.00000000, 0.00000000, 0.00000000
2, 2.7700, 277, -0.25657782, 0.84270912, -0.06592615, 104.78540802, -28.54416656, -183.55621338, 18.26951218, 58.95936966, 69.57029724, 29.26021576, -7.19296694, 7.36279106, 0.96266115, -0.25545731, 0.04438447, -0.07781538, 0.33546516, -0.13655400, -0.19140944, 0.00000000, 0.00000000, 0.00000000, 0.00000000
5, 2.8900, 276, 0.20874532, 0.79414463, -0.17343919, 3.57427096, 45.44735336, -212.54232788, -8.53551579, 76.35194397, -86.14440155, 55.33110809, -18.76477623, -27.95568085, 0.86623359, -0.40965790, 0.25076142, 0.13761771, 0.10812888, -0.11912352, -0.21650714, 0.00000000, 0.00000000, 0.00000000, 0.00000000
2, 2.7800, 278, -0.23933938, 0.88166302, -0.03621850, 104.82084656, -2.10524869, -183.90917969, 18.26951218, 58.95936966, 69.57029724, 28.08263588, -13.22349167, 10.81266212, 0.95675015, -0.25046000, 0.08849624, -0.11860660, 0.28314799, -0.15796867, -0.12980992, 0.00000000, 0.00000000, 0.00000000, 0.00000000
4, 2.6901, 255, 0.20272803, 0.95297068, -0.22414273, 6.25637197, 55.03845978, -5.91226721, -47.17918777, 19.93569183, -57.67319489, 1.56751525, 14.43955612, 30.38660431, 1.00000000, 0.00000000, 0.00000000, 0.00000000, -0.01273755, 0.01520782, -0.00417196, 101.52000427, -16.21993637, 35.95000076, 0.00000000
4, 2.7001, 256, 0.23538831, 0.95143855, -0.21531804, 4.49814177, 53.54923248, -9.02517128, -47.29611206, 18.76644325, -57.73165512, 1.50651371, 14.46549034, 29.83030128, 1.00000000, 0.00000000, 0.00000000, 0.00000000, -0.04449172, 0.00775529, -0.00916188, 101.52000427, -16.21993637, 35.95000076, 0.00000000
4, 2.7101, 257, 0.25404528, 0.95257086, -0.21046673, 3.97176099, 53.30653381, -12.28136539, -48.31920624, 18.97106171, -57.84858322, 1.43912482, 14.45848083, 29.26894569, 1.00000000, 0.00000000, 0.00000000, 0.00000000, -0.06303566, 0.00389686, -0.01009606, 101.52000427, -16.21993637, 35.95000076, 0.00000000
4, 2.7201, 258, 0.25853735, 0.94261438, -0.20373121, 4.25480843, 53.95309830, -16.04473877, -48.31920624, 18.97106171, -57.84858322, 1.37201488, 14.41539955, 28.69313240, 1.00000000, 0.00000000, 0.00000000, 0.00000000, -0.06734487, 0.00026597, -0.02154459, 101.52000427, -16.21993637, 35.95000076, 0.00000000
4, 2.7301, 259, 0.25259233, 0.92673838, -0.19442987, 3.20166039, 55.35583115, -19.80051041, -48.17304993, 19.90645981, -57.79011917, 1.16382456, 15.11482811, 28.31155777, 1.00000000, 0.00000000, 0.00000000, 0.00000000, -0.05817880, -0.00409074, -0.03794885, 101.52000427, -16.21993637, 35.95000076, 0.00000000
4, 2.7401, 260, 0.24462759, 0.91655481, -0.17861983, 0.61899644, 57.25151443, -23.28758240, -48.64074707, 19.52645493, -57.41011429, 1.04354954, 15.00480747, 27.68327713, 1.00000000, 0.00000000, 0.00000000, 0.00000000, -0.04126129, -0.01430612, -0.04832600, 101.52000427, -16.21993637, 35.95000076, 0.00000000
5, 2.9000, 277, 0.25883126, 0.86309314, -0.17740241, 2.97499156, 66.11096191, -229.90124512, -10.08477020, 74.39344788, -85.79362488, 56.89650726, -20.21004677, -29.68505478, 0.85813648, -0.41380978, 0.26925352, 0.14094627, 0.08556648, -0.07828078, -0.11247607, 0.00000000, 0.00000000, 0.00000000, 0.00000000
2, 2.7900, 279, -0.25838700, 0.94001281, -0.00104118, 103.14369202, 24.98868752, -183.50193787, 16.28178787, 61.12247849, 68.89797974, 29.37461472, -14.85729885, 9.99581242, 0.95270211, -0.26135534, 0.10268801, -0.11622165, 0.23479789, -0.15537073, -0.06040446, 0.00000000, 0.00000000, 0.00000000, 0.00000000
5, 2.9100, 278, 0.31508148, 0.94436026, -0.19019319, 2.81556392, 85.96598816, -246.05822754, -12.77404213, 78.13504791, -85.99824524, 58.56972504, -21.73378754, -31.70940590, 0.84916675, -0.41718242, 0.28941765, 0.14530002, 0.09339526, -0.02168210, -0.01534950, 0.00000000, 0.00000000, 0.00000000, 0.00000000
4, 2.7501, 261, 0.23904832, 0.91696382, -0.15592746, -2.75324249, 60.28093719, -26.57995224, -48.84536743, 19.43876076, -58.05319977, 0.88304663, 14.86725044, 27.01595688, 1.00000000, 0.00000000, 0.00000000, 0.00000000, -0.03760632, -0.03423088, -0.05243934, 101.52000427, -16.21993637, 35.95000076, 0.00000000
4, 2.7601, 262, 0.23649974, 0.92349219, -0.13955668, -5.28395462, 64.51542664, -29.62409210, -48.84536743, 19.43876076, -58.05319977, 0.68913591, 14.70638466, 26.29882050, 1.00000000, 0.00000000, 0.00000000, 0.00000000, -0.03785319, -0.04848913, -0.04966952, 101.52000427, -16.21993637, 35.95000076, 0.00000000
4, 2.7701, 263, 0.24449739, 0.93546742, -0.13112588, -8.28403664, 69.66699219, -31.82127762, -49.48845291, 20.14031029, -58.14089203, 0.45617279, 14.53153992, 25.52441788, 1.00000000, 0.00000000, 0.00000000, 0.00000000, -0.04931939, -0.05531046, -0.04077912, 101.52000427, -16.21993637, 35.95000076, 0.00000000
4, 2.7801, 264, 0.26013675, 0.94737178, -0.13464502, -9.25080013, 73.16083527, -32.55683899, -50.36539078, 20.08184814, -58.25782013, -0.32359502, 15.27608490, 25.03427887, 1.00000000, 0.00000000, 0.00000000, 0.00000000, -0.06479187, -0.04773524, -0.02917537, 101.52000427, -16.21993637, 35.95000076, 0.00000000
4, 2.7901, 265, 0.27986816, 0.95381886, -0.14180078, -9.32883072, 76.26079559, -32.27171326, -51.24232483, 20.22800255, -58.02396774, -0.58800435, 15.09519100, 24.19262123, 1.00000000, 0.00000000, 0.00000000, 0.00000000, -0.07631618, -0.03081785, -0.02041841, 101.52000427, -16.21993637, 35.95000076, 0.00000000
4, 2.8001, 266, 0.30834556, 0.95824015, -0.15172014, -9.45400238, 78.52553558, -31.52968788, -51.27155685, 19.99415398, -58.19935608, -0.85510296, 14.92179012, 23.33076859, 1.00000000, 0.00000000, 0.00000000, 0.00000000, -0.10809184, -0.01739793, -0.01671389, 101.52000427, -16.21993637, 35.95000076, 0.00000000
5, 2.9200, 279, 0.35216224, 1.01973796, -0.20164023, 3.71768594, 103.37082672, -255.48698425, -12.77404213, 78.13504791, -85.99824524, 60.33089828, -23.26964951, -33.99333572, 0.83944964, -0.41970748, 0.31061664, 0.15062296, 0.10342041, 0.03098674, 0.06411240, 0.00000000, 0.00000000, 0.00000000, 0.00000000
2, 2.8000, 280, -0.30007932, 1.02333343, 0.02957724, 100.28599548, 54.40625381, -183.99838257, 14.58637810, 62.05787659, 67.84565735, 30.67818451, -16.43177223, 8.84876442, 0.94871891, -0.27166715, 0.11720467, -0.11132139, 0.27131239, -0.17207867, 0.03146313, 0.00000000, 0.00000000, 0.00000000, 0.00000000
2, 2.8100, 281, -0.33666596, 1.12202072, 0.07066322, 98.03034973, 85.48129272, -186.47422791, 12.59865570, 63.25635529, 67.64103699, 32.02059174, -17.94830704, 7.34536028, 0.94474006, -0.28147879, 0.13217932, -0.10375306, 0.30878446, -0.19318020, 0.14287950, 0.00000000, 0.00000000, 0.00000000, 0.00000000
2, 2.8200, 282, -0.36278239, 1.24637413, 0.08858548, 96.70470428, 115.27065277, -192.12118530, 12.59865570, 63.25635529, 67.64103699, 33.43393326, -19.42303658, 5.48259735, 0.94061172, -0.29092434, 0.14781357, -0.09361517, 0.34149528, -0.18395573, 0.27411643, 0.00000000, 0.00000000, 0.00000000, 0.00000000
5, 2.9300, 280, 0.39519602, 1.10137999, -0.19840379, 5.64845943, 114.40067291, -261.59310913, -14.87869072, 79.04121399, -85.55977631, 62.19868851, -24.76754951, -36.48608398, 0.82899028, -0.42166093, 0.33233979, 0.15661295, 0.12596177, 0.07748902, 0.15530097, 0.00000000, 0.00000000, 0.00000000, 0.00000000
2, 2.8300, 283, -0.35111818, 1.38645780, 0.09600230, 95.19095612, 149.73063660, -208.86178589, 10.49400711, 63.46097565, 66.17948151, 30.67023468, -22.86088943, 8.07660103, 0.93922997, -0.27203462, 0.17239258, -0.11884974, 0.33312076, -0.14361297, 0.42106986, 0.00000000, 0.00000000, 0.00000000, 0.00000000
4, 2.8101, 267, 0.33706626, 0.96085685, -0.16321857, -8.92811680, 79.12787628, -30.29106712, -51.27155685, 19.99415398, -58.19935608, -1.11481953, 14.75780201, 22.46680260, 1.00000000, 0.00000000, 0.00000000, 0.00000000, -0.13986802, -0.00214396, -0.01442881, 101.52000427, -16.21993637, 35.95000076, 0.00000000
2, 2.8400, 284, -0.32126698, 1.54523671, 0.11576964, 94.09066772, 169.36328125, -229.83630371, 7.77550411, 63.25635529, 65.06869507, 32.38333893, -24.63796234, 5.53721857, 0.93425375, -0.28200960, 0.19149290, -0.10474314, 0.29473853, -0.07705057, 0.58308876, 0.00000000, 0.00000000, 0.00000000, 0.00000000
5, 2.9400, 281, 0.43820781, 1.19956970, -0.20316179, 9.14701462, 124.17720032, -265.69851685, -17.74334908, 79.62583923, -85.67670441, 62.35183334, -26.61814690, -37.32127762, 0.82696307, -0.41426218, 0.34778956, 0.15349717, 0.15479793, 0.14543921, 0.24412194, 0.00000000, 0.00000000, 0.00000000, 0.00000000
5, 2.9500, 282, 0.48215339, 1.30099118, -0.21776050, 15.63816071, 128.31947327, -266.89172363, -20.54954720, 80.03507996, -85.41362000, 64.46162415, -27.98523331, -40.13605499, 0.81522149, -0.41590166, 0.36969373, 0.16051944, 0.17737770, 0.23078002, 0.32204252, 0.00000000, 0.00000000, 0.00000000, 0.00000000
2, 2.8500, 285, -0.26012433, 1.68547785, 0.11894296, 94.25445557, 178.16333008, -251.14437866, 5.26161957, 63.25635529, 64.65945435, 34.27629852, -26.52697182, 2.74802947, 0.92821819, -0.29199082, 0.21230151, -0.08989085, 0.24130248, -0.05048397, 0.75476915, 0.00000000, 0.00000000, 0.00000000, 0.00000000
2, 2.8600, 286, -0.17485741, 1.81231201, 0.12187824, 96.84062958, 176.93185425, -270.44702148, 2.19234133, 63.51943970, 63.49020767, 36.37903595, -28.51101685, -0.21609512, 0.92091858, -0.30210704, 0.23451141, -0.07513201, 0.16011322, -0.02838469, 0.92397100, 0.00000000, 0.00000000, 0.00000000, 0.00000000
5, 2.9600, 283, 0.52355623, 1.38777137, -0.21162260, 24.91498566, 124.91709900, -264.74237061, -23.15112495, 80.06430817, -85.64746857, 66.70934296, -29.16330910, -43.04096222, 0.80280185, -0.41787329, 0.39082628, 0.16776806, 0.21084660, 0.27864796, 0.41777733, 0.00000000, 0.00000000, 0.00000000, 0.00000000
5, 2.9700, 284, 0.53826100, 1.42701805, -0.20457628, 34.55752182, 113.71011353, -260.90850830, -26.19117165, 80.70739746, -86.17362976, 69.09215546, -30.13084602, -45.95058060, 0.78980005, -0.42057419, 0.41084528, 0.17475511, 0.22272578, 0.29374784, 0.47850150, 0.00000000, 0.00000000, 0.00000000, 0.00000000
2, 2.8700, 287, -0.08364873, 1.92761028, 0.11181816, 103.21655273, 165.37942505, -286.10202026, 2.19234133, 63.51943970, 63.49020767, 38.72314835, -30.56311989, -3.27377391, 0.91221184, -0.31257287, 0.25769064, -0.06134599, 0.06857406, 0.00194645, 1.08380699, 0.00000000, 0.00000000, 0.00000000, 0.00000000
4, 2.8201, 268, 0.35325524, 0.95684934, -0.17194891, -8.28787231, 78.69204712, -28.82956123, -51.85618210, 19.76030350, -57.79011917, -1.36404788, 14.60378742, 21.61156464, 1.00000000, 0.00000000, 0.00000000, 0.00000000, -0.15855606, 0.01147862, -0.01832874, 101.52000427, -16.21993637, 35.95000076, 0.00000000
4, 2.8301, 269, 0.37500677, 0.94063056, -0.18897854, -7.13854885, 76.55348969, -26.52015877, -51.71002579, 19.96492195, -58.02396774, -1.15844524, 16.52282906, 20.97625732, 1.00000000, 0.00000000, 0.00000000, 0.00000000, -0.17328575, 0.03337771, -0.03056010, 101.52000427, -16.21993637, 35.95000076, 0.00000000
4, 2.8401, 270, 0.38726556, 0.92069697, -0.19560437, -6.91765261, 72.86959839, -23.67810059, -52.17772675, 20.11107826, -58.49166870, -1.40613031, 16.40944672, 20.18314362, 1.00000000, 0.00000000, 0.00000000, 0.00000000, -0.16051982, 0.04198634, -0.04303767, 101.52000427, -16.21993637, 35.95000076, 0.00000000
4, 2.8501, 271, 0.39607197, 0.90680677, -0.20126928, -7.75460720, 68.44874573, -21.26301765, -52.70388794, 16.95410728, -57.79011917, -1.64961219, 16.30949593, 19.43990898, 1.00000000, 0.00000000, 0.00000000, 0.00000000, -0.17029427, 0.05427777, -0.05654669, 101.52000427, -16.21993637, 35.95000076, 0.00000000
4, 2.8601, 272, 0.40509564, 0.89412284, -0.20609456, -7.87490940, 63.15374374, -19.10613632, -52.70388794, 16.95410728, -57.79011917, -1.88011372, 16.21960831, 18.75527191, 1.00000000, 0.00000000, 0.00000000, 0.00000000, -0.18016341, 0.06534928, -0.06897315, 101.52000427, -16.21993637, 35.95000076, 0.00000000
4, 2.8701, 273, 0.41288075, 0.87781626, -0.20233718, -8.34210777, 56.93371582, -17.39493370, -53.43466949, 19.61414719, -58.31628036, -2.09952664, 16.13454819, 18.13760567, 1.00000000, 0.00000000, 0.00000000, 0.00000000, -0.18836975, 0.06844853, -0.08643433, 101.52000427, -16.21993637, 35.95000076, 0.00000000
4, 2.8801, 274, 0.41369385, 0.87346476, -0.18726565, -11.75678062, 46.77264404, -16.59977341, -52.93773651, 18.32797432, -58.34551239, -1.80065775, 18.36620140, 17.79312706, 1.00000000, 0.00000000, 0.00000000, 0.00000000, -0.18055436, 0.05590538, -0.09093686, 101.52000427, -16.21993637, 35.95000076, 0.00000000
4, 2.8901, 275, 0.40353024, 0.88680446, -0.17062917, -17.44886208, 37.69528580, -16.99228477, -53.25928116, 19.26337242, -58.43320465, -2.08556986, 18.25588799, 17.36292458, 1.00000000, 0.00000000, 0.00000000, 0.00000000, -0.14366777, 0.03455719, -0.07197563, 101.52000427, -16.21993637, 35.95000076, 0.00000000
5, 2.9800, 285, 0.52897781, 1.44274485, -0.19809888, 40.87780762, 95.43140411, -254.58944702, -26.19117165, 80.70739746, -86.17362976, 71.57139587, -30.90454102, -48.75879288, 0.77647823, -0.42414564, 0.42951119, 0.18083759, 0.22815445, 0.29327869, 0.51182467, 0.00000000, 0.00000000, 0.00000000, 0.00000000
4, 2.9001, 276, 0.37757847, 0.91713357, -0.16558710, -19.99608612, 30.31373787, -18.43344116, -53.25928116, 19.26337242, -58.43320465, -2.37627506, 18.11821365, 17.00643349, 1.00000000, 0.00000000, 0.00000000, 0.00000000, -0.12161389, 0.02877690, -0.04211314, 101.52000427, -16.21993637, 35.95000076, 0.00000000
2, 2.8800, 288, 0.01150881, 2.01210523, 0.10623476, 111.97283173, 145.32812500, -298.03775024, -1.05232382, 64.19175720, 61.44402313, 35.80271530, -29.59080505, -1.84037375, 0.92117822, -0.29324675, 0.24774638, -0.06370929, -0.02267634, 0.02969529, 1.20364404, 0.00000000, 0.00000000, 0.00000000, 0.00000000
2, 2.8900, 289, 0.10009743, 2.07345629, 0.10843942, 122.51891327, 117.11465454, -306.41864014, -3.82928967, 64.33791351, 59.57322311, 38.33127594, -31.96455956, -4.51650000, 0.91091943, -0.30511716, 0.27231303, -0.05454292, -0.09243655, 0.06593485, 1.26829815, 0.00000000, 0.00000000, 0.00000000, 0.00000000
2, 2.9000, 290, 0.20424196, 2.10478592, 0.15474319, 134.20274353, 84.18124390, -310.67288208, -7.71704149, 63.84098053, 58.19935608, 41.08931732, -34.35740280, -7.07772779, 0.89931661, -0.31757072, 0.29673615, -0.04823148, -0.21652672, 0.01585504, 1.38086462, 0.00000000, 0.00000000, 0.00000000, 0.00000000
2, 2.9100, 291, 0.11590938, 1.72503543, 0.44721431, 141.27406311, 112.37847900, -281.91101074, -10.55247021, 62.81789017, 56.03624725, 44.13314056, -36.25626755, -10.03414726, 0.88759518, -0.33045077, 0.31847012, -0.03941986, -0.23044774, -0.40380299, 1.14979863, 0.00000000, 0.00000000, 0.00000000, 0.00000000
2, 2.9200, 292, 0.39377040, 2.04971528, 0.28457034, 141.18750000, 178.43617249, -225.74536133, -10.55247021, 62.81789017, 56.03624725, 47.37162018, -37.24504471, -13.57348156, 0.87689441, -0.34346256, 0.33537030, -0.02482998, -0.45097268, -0.16494758, 1.50661230, 0.00000000, 0.00000000, 0.00000000, 0.00000000
5, 2.9900, 286, 0.50418955, 1.44395494, -0.19623153, 45.16720963, 76.18913269, -247.30360413, -28.14966393, 80.56124115, -87.34288025, 70.40233612, -31.44277573, -48.51906967, 0.78128201, -0.41491365, 0.42984384, 0.18077482, 0.22816919, 0.29070693, 0.51342469, 0.00000000, 0.00000000, 0.00000000, 0.00000000
5, 3.0000, 287, 0.47341594, 1.41891289, -0.16522017, 47.24898529, 55.94186020, -238.83935547, -30.72201157, 80.85355377, -87.19672394, 72.94136047, -32.03892899, -50.96088028, 0.76832139, -0.42028680, 0.44612122, 0.18443790, 0.23130167, 0.25664565, 0.48284197, 0.00000000, 0.00000000, 0.00000000, 0.00000000
5, 3.0100, 288, 0.41610205, 1.37542355, -0.11243575, 43.61460495, 44.08298874, -228.52500916, -33.35282135, 80.18123627, -87.54750061, 75.42954254, -32.53989410, -53.25556183, 0.75565630, -0.42561713, 0.46131420, 0.18714404, 0.24355403, 0.18230066, 0.46610704, 0.00000000, 0.00000000, 0.00000000, 0.00000000
5, 3.0200, 289, 0.24441123, 1.38256598, -0.21930966, 40.20797348, 34.28357697, -216.85008240, -35.04823303, 79.07044983, -88.21981812, 77.83771515, -32.95281982, -55.40025330, 0.74340457, -0.43080449, 0.47540927, 0.18905881, 0.22789200, 0.26229215, 0.31833786, 0.00000000, 0.00000000, 0.00000000, 0.00000000
4, 2.9101, 277, 0.33759350, 0.95534462, -0.16310772, -20.54216957, 25.73113251, -21.01813126, -54.04852295, 19.20491028, -57.93627548, -2.66020608, 17.94665527, 16.69435501, 1.00000000, 0.00000000, 0.00000000, 0.00000000, -0.08657496, 0.02398597, -0.00333454, 101.52000427, -16.21993637, 35.95000076, 0.00000000
4, 2.9201, 278, 0.27127683, 0.99579370, -0.16519834, -20.40363884, 24.59790039, -25.68338203, -53.55159378, 18.88336754, -57.93627548, -2.93993115, 17.72585869, 16.38860512, 1.00000000, 0.00000000, 0.00000000, 0.00000000, -0.02616133, 0.02319204, 0.03988621, 101.52000427, -16.21993637, 35.95000076, 0.00000000
4, 2.9301, 279, 0.18368503, 1.04190218, -0.17022316, -19.06618118, 26.81796074, -31.74400711, -54.04852295, 18.97106171, -57.79011917, -2.91088152, 16.29440689, 16.04932785, 1.00000000, 0.00000000, 0.00000000, 0.00000000, 0.04938754, 0.02296095, 0.08871209, 101.52000427, -16.21993637, 35.95000076, 0.00000000
5, 3.0300, 290, 0.13322991, 1.38085663, -0.22742060, 43.38404083, 20.35946655, -202.92108154, -35.04823303, 79.07044983, -88.21981812, 80.17005920, -33.22700119, -57.34748459, 0.73158067, -0.43641195, 0.48799431, 0.19025256, 0.25125563, 0.26314282, 0.24509744, 0.00000000, 0.00000000, 0.00000000, 0.00000000
4, 2.9401, 280, 0.09566408, 1.09303808, -0.17335212, -17.99338722, 31.39697838, -39.76256943, -54.39929962, 18.88336754, -57.58549881, -3.17555714, 15.94207668, 15.65920258, 1.00000000, 0.00000000, 0.00000000, 0.00000000, 0.11431885, 0.01747963, 0.13883677, 101.52000427, -16.21993637, 35.95000076, 0.00000000
4, 2.9501, 281, 0.01549355, 1.15378499, -0.17750616, -18.02398682, 36.82475281, -50.32446671, -54.39929962, 18.88336754, -57.58549881, -3.45177174, 15.49033642, 15.20151711, 1.00000000, 0.00000000, 0.00000000, 0.00000000, 0.18374322, 0.01485082, 0.20233607, 101.52000427, -16.21993637, 35.95000076, 0.00000000
2, 2.9300, 293, 0.56146175, 2.01515317, -0.02684509, 146.40371704, 163.99020386, -203.21603394, -12.65711784, 61.59017944, 54.13621521, 44.81376266, -31.03174210, -13.73159027, 0.89660978, -0.33509153, 0.28944248, 0.00525412, -0.63450789, 0.09477216, 1.43121839, 0.00000000, 0.00000000, 0.00000000, 0.00000000
2, 2.9400, 294, 0.58328313, 2.09999132, -0.15365748, 167.29777527, 97.72152710, -194.29486084, -14.55714703, 60.85939789, 51.56386948, 47.60869217, -32.01919174, -16.13054276, 0.88636327, -0.34872025, 0.30427125, 0.01317182, -0.58325762, 0.22358777, 1.42983007, 0.00000000, 0.00000000, 0.00000000, 0.00000000
2, 2.9500, 295, 0.34022656, 1.90386844, 0.36743945, 170.11364746, -8.02317810, -217.22592163, -16.13563347, 58.40397644, 49.80999756, 50.30392838, -33.59321976, -17.69278336, 0.87514520, -0.36182076, 0.32103747, 0.01190630, -0.37178314, -0.35082209, 1.39317310, 0.00000000, 0.00000000, 0.00000000, 0.00000000
5, 3.0400, 291, 0.12482346, 1.35646415, -0.23516546, 43.54648972, 18.01310921, -186.25920105, -36.97749329, 79.91815186, -88.01519775, 79.67261505, -33.77908707, -56.97795105, 0.73455721, -0.43232921, 0.48845345, 0.18689680, 0.22731206, 0.25163087, 0.25297475, 0.00000000, 0.00000000, 0.00000000, 0.00000000
5, 3.0500, 292, 0.24723877, 1.30022430, -0.15983890, 37.66259003, 22.73242760, -164.25186157, -38.49751663, 79.59661102, -89.33060455, 81.58473969, -33.93163300, -58.63204575, 0.72473735, -0.43669194, 0.49858579, 0.18833001, 0.19029573, 0.16215184, 0.37264767, 0.00000000, 0.00000000, 0.00000000, 0.00000000
5, 3.0600, 293, 0.35791960, 1.21893740, -0.15567820, 27.33264923, 27.22874260, -143.26226807, -39.81291962, 79.21660614, -89.41829681, 83.21912384, -34.06911850, -60.13467407, 0.71615249, -0.43974179, 0.50766480, 0.18981408, 0.09877374, 0.10283713, 0.48487484, 0.00000000, 0.00000000, 0.00000000, 0.00000000
5, 3.0700, 294, 0.36435992, 1.15416598, -0.17836472, 12.58704185, 18.66921806, -129.97627258, -41.24525070, 77.66735077, -89.59368134, 84.67767334, -34.28873062, -61.43977737, 0.70863575, -0.44196561, 0.51608843, 0.19014378, 0.03374357, 0.07611439, 0.49324426, 0.00000000, 0.00000000, 0.00000000, 0.00000000
5, 3.0800, 295, 0.28277481, 1.17098892, -0.18335122, -1.01464975, 1.63685858, -119.57077026, -41.24525070, 77.66735077, -89.59368134, 86.02188873, -34.61352539, -62.50996017, 0.70208633, -0.44387117, 0.52386081, 0.18874076, 0.06372099, 0.09203607, 0.43865901, 0.00000000, 0.00000000, 0.00000000, 0.00000000
5, 3.0900, 296, 0.19693290, 1.22273195, -0.17177740, -6.22047758, -14.71559048, -112.00752258, -42.15141678, 77.72580719, -88.89213562, 83.26921082, -35.30123901, -60.28717041, 0.71705985, -0.43368518, 0.51389712, 0.18344511, 0.12822747, 0.12193306, 0.37611941, 0.00000000, 0.00000000, 0.00000000, 0.00000000
5, 3.1000, 297, 0.16922326, 1.22974026, -0.15739338, -8.03970051, -23.84748268, -108.76691437, -42.88219833, 75.79654694, -88.97982788, 84.53815460, -35.72456360, -61.04209900, 0.71151072, -0.43621561, 0.52065289, 0.17996955, 0.14169052, 0.12422752, 0.32988623, 0.00000000, 0.00000000, 0.00000000, 0.00000000
5, 3.1100, 298, 0.19589841, 1.19496584, -0.14073581, -8.87789631, -30.50829315, -106.54898834, -43.55451584, 76.90733337, -89.44753265, 85.80644226, -36.14785004, -61.73568344, 0.70608282, -0.43890598, 0.52710229, 0.17598857, 0.11317743, 0.09133818, 0.36890048, 0.00000000, 0.00000000, 0.00000000, 0.00000000
5, 3.1200, 299, 0.23464483, 1.15685463, -0.12406264, -10.63262653, -34.56616211, -102.80267334, -44.54837799, 76.08885956, -88.86290741, 87.04643250, -36.57363510, -62.37488556, 0.70087117, -0.44155458, 0.53323460, 0.17166880, 0.07856543, 0.05670967, 0.41822395, 0.00000000, 0.00000000, 0.00000000, 0.00000000
5, 3.1300, 300, 0.25274238, 1.13197136, -0.10797062, -12.37920570, -36.07621765, -97.80397797, -44.54837799, 76.08885956, -88.86290741, 88.23707581, -36.99626541, -62.96903229, 0.69593483, -0.44402996, 0.53902876, 0.16721286, 0.05944332, 0.03174625, 0.45010117, 0.00000000, 0.00000000, 0.00000000, 0.00000000
5, 3.1400, 301, 0.23875201, 1.11087465, -0.09655749, -14.23835564, -35.69904327, -93.10938263, -45.30838776, 76.00116730, -88.89213562, 83.80884552, -37.63563538, -59.21946716, 0.71892554, -0.43101814, 0.52107686, 0.16077431, 0.04934490, 0.01490413, 0.43130368, 0.00000000, 0.00000000, 0.00000000, 0.00000000
2, 2.9600, 296, 0.42525792, 1.60612714, 0.26856053, 180.38005066, -18.16915894, -202.86238098, -18.12335587, 58.28704834, 48.52382278, 53.11250687, -35.01216507, -19.19465065, 0.86354917, -0.37554207, 0.33639014, 0.00962433, -0.55794078, -0.37021965, 1.15287304, 0.00000000, 0.00000000, 0.00000000, 0.00000000
2, 2.9700, 297, 0.41397890, 1.53822267, 0.24135013, 179.93098450, -48.64121628, -183.08248901, -18.12335587, 58.28704834, 48.52382278, 55.80886078, -36.37891006, -20.36367607, 0.85217214, -0.38884461, 0.35011587, 0.00462332, -0.58542430, -0.37971753, 1.11920643, 0.00000000, 0.00000000, 0.00000000, 0.00000000
2, 2.9800, 298, 0.35663515, 1.44298136, 0.27390999, 167.62969971, -96.95920563, -164.50364685, -19.00029182, 56.76702499, 47.12072372, 47.64080048, -33.11993790, -13.43675423, 0.88431662, -0.35395715, 0.30423793, -0.01173580, -0.55414099, -0.43610674, 1.02833211, 0.00000000, 0.00000000, 0.00000000, 0.00000000
2, 2.9900, 299, 0.29303974, 1.33289111, 0.28582841, 151.09529114, -128.09718323, -144.40090942, -20.31569672, 55.53931427, 47.12072372, 49.46265030, -34.66625977, -13.29900932, 0.87563401, -0.36534435, 0.31502518, -0.02340481, -0.49016669, -0.45052254, 0.83637762, 0.00000000, 0.00000000, 0.00000000, 0.00000000
2, 3.0000, 300, 0.20748563, 1.24222124, 0.28733873, 130.66252136, -137.45056152, -122.16429901, -21.07570839, 54.13621521, 47.23764801, 50.95642471, -36.11274338, -12.93377686, 0.86784625, -0.37486589, 0.32409218, -0.03581479, -0.45122689, -0.48578563, 0.75936556, 0.00000000, 0.00000000, 0.00000000, 0.00000000
2, 3.0100, 301, 0.11132292, 1.18302608, 0.26979530, 105.15297699, -132.33555603, -97.81491089, -21.71879578, 53.55159378, 47.41303635, 52.08712769, -37.38753510, -12.44077110, 0.86129940, -0.38224158, 0.33133328, -0.04767755, -0.39332131, -0.48926771, 0.69714022, 0.00000000, 0.00000000, 0.00000000, 0.00000000
4, 2.9601, 282, -0.04025316, 1.21505201, -0.15238093, -15.88010216, 41.12516022, -62.40197372, -55.24700165, 19.46799088, -57.08856964, -3.71319127, 14.92213154, 14.68881035, 1.00000000, 0.00000000, 0.00000000, 0.00000000, 0.22721007, -0.01656762, 0.25896537, 101.52000427, -16.21993637, 35.95000076, 0.00000000
4, 2.9701, 283, -0.06956189, 1.23673582, -0.13678081, -8.19921303, 45.08253098, -75.00598145, -55.97778320, 19.55568504, -57.20549393, -3.90069079, 14.23198414, 14.12848186, 1.00000000, 0.00000000, 0.00000000, 0.00000000, 0.24446535, -0.03208317, 0.27646351, 101.52000427, -16.21993637, 35.95000076, 0.00000000
4, 2.9801, 284, -0.10425017, 1.22725677, -0.12257233, -0.58720130, 48.74274826, -87.36967468, -56.21163177, 19.02952385, -57.41011429, -4.32859564, 10.46615124, 13.44009018, 1.00000000, 0.00000000, 0.00000000, 0.00000000, 0.25426260, -0.04019438, 0.26097378, 101.52000427, -16.21993637, 35.95000076, 0.00000000
5, 3.1500, 302, 0.22529374, 1.08758211, -0.08215230, -15.09105682, -33.52524185, -89.62912750, -46.06840134, 75.67962646, -88.21981812, 84.88156891, -38.08353424, -59.73423386, 0.71458274, -0.43327653, 0.52646011, 0.15646948, 0.03769081, -0.00252759, 0.37395942, 0.00000000, 0.00000000, 0.00000000, 0.00000000
5, 3.1600, 303, 0.22415076, 1.06620026, -0.06598823, -15.56170082, -27.59244156, -85.88887024, -47.14995575, 74.80268860, -87.75212097, 85.90849304, -38.50784302, -60.27859879, 0.71037048, -0.43514925, 0.53172231, 0.15261205, 0.02705906, -0.02539296, 0.38592699, 0.00000000, 0.00000000, 0.00000000, 0.00000000
5, 3.1700, 304, 0.23415415, 1.04223883, -0.06115005, -15.18075180, -18.52060509, -82.01452637, -47.79304123, 73.95498657, -88.30751038, 86.88501740, -38.89393997, -60.87794876, 0.70626086, -0.43656194, 0.53690481, 0.14947388, 0.00447764, -0.04149319, 0.40473303, 0.00000000, 0.00000000, 0.00000000, 0.00000000
4, 2.9901, 285, -0.12888642, 1.22498131, -0.10481306, -0.18400598, 53.38706589, -99.59544373, -57.29319000, 18.76644325, -56.94241333, -4.40027380, 9.53616428, 12.78959846, 1.00000000, 0.00000000, 0.00000000, 0.00000000, 0.22619604, -0.05101102, 0.24629441, 101.52000427, -16.21993637, 35.95000076, 0.00000000
4, 3.0001, 286, -0.13689591, 1.26840270, -0.12928902, -1.46567297, 60.13541412, -110.92649078, -57.29319000, 18.76644325, -56.94241333, -4.48055458, 8.50004768, 12.06113720, 1.00000000, 0.00000000, 0.00000000, 0.00000000, 0.21409237, -0.03344499, 0.29119581, 101.52000427, -16.21993637, 35.95000076, 0.00000000
4, 3.0101, 287, -0.12429543, 1.32511175, -0.15363173, 7.13846493, 67.29852295, -115.63951111, -58.52090073, 17.91873741, -57.26395798, -4.46638823, 7.42483759, 11.26373291, 1.00000000, 0.00000000, 0.00000000, 0.00000000, 0.17947668, -0.01939796, 0.34792867, 101.52000427, -16.21993637, 35.95000076, 0.00000000
2, 3.0200, 302, 0.04696935, 1.14141476, 0.22985297, 79.84759521, -118.33737183, -79.35784912, -21.71879578, 53.55159378, 47.41303635, 52.90533829, -38.49549484, -11.93203926, 0.85594201, -0.38760379, 0.33725324, -0.05819663, -0.36114195, -0.46350664, 0.64750147, 0.00000000, 0.00000000, 0.00000000, 0.00000000
2, 3.0300, 303, -0.02495998, 1.12032342, 0.18704537, 57.04721069, -98.27329254, -63.46045685, -20.78339577, 51.68079376, 46.97456741, 44.26087570, -36.60286331, -4.98117781, 0.88378257, -0.34468287, 0.30614957, -0.07996549, -0.30449325, -0.41174912, 0.58065832, 0.00000000, 0.00000000, 0.00000000, 0.00000000
4, 3.0201, 288, -0.11183608, 1.34888268, -0.19149320, 24.69956970, 76.47506714, -118.95510101, -59.10552216, 17.74334908, -57.76088715, -4.26622915, 6.32916784, 10.38166618, 1.00000000, 0.00000000, 0.00000000, 0.00000000, 0.14635475, 0.01134657, 0.37497753, 101.52000427, -16.21993637, 35.95000076, 0.00000000
2, 3.0400, 304, -0.07033958, 1.10638535, 0.16468377, 36.12502289, -71.64778900, -50.44222260, -22.80035019, 52.06079865, 48.05612183, 44.56879044, -37.27658463, -4.54669523, 0.88090235, -0.34730348, 0.30974343, -0.08631598, -0.24758448, -0.34741428, 0.47217506, 0.00000000, 0.00000000, 0.00000000, 0.00000000
2, 3.0500, 305, -0.08007374, 1.10169041, 0.11110862, 18.97087860, -40.13676453, -40.97245789, -22.74188805, 51.00847626, 48.08535385, 44.77909088, -37.77108383, -4.37046623, 0.87890577, -0.34872285, 0.31280264, -0.08984210, -0.25177002, -0.29665515, 0.45477450, 0.00000000, 0.00000000, 0.00000000, 0.00000000
5, 3.1800, 305, 0.25203538, 1.00850964, -0.06102650, -14.06256676, -7.06798077, -77.65469360, -47.79304123, 73.95498657, -88.30751038, 87.80286407, -39.22810364, -61.54693604, 0.70225364, -0.43746194, 0.54201293, 0.14727198, -0.02981215, -0.06073671, 0.42688274, 0.00000000, 0.00000000, 0.00000000, 0.00000000
2, 3.0600, 306, -0.06716719, 1.10244441, 0.06590165, 3.71486878, -8.86768818, -34.72440338, -22.74188805, 51.00847626, 48.08535385, 44.93028259, -38.11095810, -4.47340107, 0.87767708, -0.34913191, 0.31557360, -0.09057137, -0.27341205, -0.25245878, 0.44901907, 0.00000000, 0.00000000, 0.00000000, 0.00000000
5, 3.1900, 306, 0.27212051, 0.96429074, -0.06099644, -12.22108936, 5.22382355, -71.70669556, -48.20227814, 73.80883026, -87.92750549, 82.00664520, -39.16156006, -57.13736725, 0.72960812, -0.42194787, 0.51773465, 0.14691116, -0.07033700, -0.08636413, 0.42521501, 0.00000000, 0.00000000, 0.00000000, 0.00000000
2, 3.0700, 307, -0.04970442, 1.09730482, 0.02028267, -9.56526470, 17.89507675, -32.27345657, -23.09266281, 51.09616852, 47.79304123, 45.04385757, -38.34376144, -4.83206320, 0.87702781, -0.34868309, 0.31833851, -0.08889821, -0.29917985, -0.21031249, 0.43756789, 0.00000000, 0.00000000, 0.00000000, 0.00000000
2, 3.0800, 308, -0.02566509, 1.07728732, -0.00570550, -19.58252144, 38.17878723, -33.04503632, -23.29728127, 51.18386459, 47.17918777, 39.72539139, -34.52523422, -1.28487515, 0.89921814, -0.32131249, 0.28271842, -0.09074983, -0.31819770, -0.18493070, 0.39930284, 0.00000000, 0.00000000, 0.00000000, 0.00000000
2, 3.0900, 309, 0.00485651, 1.05410719, -0.02691649, -30.86099625, 61.43584824, -36.84402847, -23.23881912, 50.39462280, 47.64688492, 39.74305344, -34.71862411, -2.05042863, 0.89929271, -0.31935745, 0.28635758, -0.08534035, -0.31581047, -0.15078230, 0.31989574, 0.00000000, 0.00000000, 0.00000000, 0.00000000
5, 3.2000, 307, 0.29279301, 0.92282355, -0.06875008, -10.63478661, 19.65628815, -65.05596161, -48.84536743, 73.48728180, -88.24904633, 82.72412109, -39.43111038, -57.89549637, 0.72617471, -0.42180499, 0.52265668, 0.14690468, -0.11135839, -0.10335629, 0.37700659, 0.00000000, 0.00000000, 0.00000000, 0.00000000
2, 3.1000, 310, 0.03601266, 1.03419280, -0.03267838, -36.74493408, 74.49427795, -41.80008698, -23.70651817, 50.10231018, 47.32534409, 39.76623154, -34.92496109, -2.97017217, 0.89939314, -0.31700581, 0.29050618, -0.07877544, -0.35415792, -0.15091155, 0.30977261, 0.00000000, 0.00000000, 0.00000000, 0.00000000
2, 3.1100, 311, 0.06770952, 1.01782274, -0.04263122, -40.38585281, 83.70163727, -47.45489120, -23.70651817, 50.10231018, 47.32534409, 39.80881500, -35.15937805, -4.01084900, 0.89939904, -0.31441522, 0.29517254, -0.07139736, -0.39283988, -0.14590304, 0.30198362, 0.00000000, 0.00000000, 0.00000000, 0.00000000
5, 3.2100, 308, 0.31201318, 0.89448118, -0.07696799, -9.85822773, 28.82246780, -59.15139771, -48.69921112, 71.44110107, -87.89827728, 83.36602783, -39.65517807, -58.68815613, 0.72295636, -0.42117810, 0.52738708, 0.14766909, -0.14590733, -0.11448994, 0.39629963, 0.00000000, 0.00000000, 0.00000000, 0.00000000
4, 3.0301, 289, -0.06646625, 1.29792762, -0.18815748, 41.79174805, 83.96630859, -119.37730408, -61.26863480, 17.86027527, -58.46243668, -3.65853739, 4.53112984, 9.35674763, 1.00000000, 0.00000000, 0.00000000, 0.00000000, 0.08208582, 0.01128037, 0.31885034, 101.52000427, -16.21993637, 35.95000076, 0.00000000
4, 3.0401, 290, 0.00317340, 1.21797252, -0.15007558, 50.82896423, 89.27222443, -117.85169220, -61.26863480, 17.86027527, -58.46243668, -3.15468717, 3.47879028, 8.35069656, 1.00000000, 0.00000000, 0.00000000, 0.00000000, -0.01004019, -0.02205875, 0.22609866, 101.52000427, -16.21993637, 35.95000076, 0.00000000
4, 3.0501, 291, 0.08569025, 1.15088296, -0.09949010, 49.16540909, 90.75431061, -115.79966736, -62.14557266, 17.59719276, -59.39783478, -2.64978647, 2.45771646, 7.32352448, 1.00000000, 0.00000000, 0.00000000, 0.00000000, -0.10581728, -0.06802831, 0.14432757, 101.52000427, -16.21993637, 35.95000076, 0.00000000
2, 3.1200, 312, 0.10347827, 1.00951838, -0.04901734, -42.15740204, 88.46070099, -53.12982941, -23.41420555, 50.10231018, 47.47150040, 39.87586594, -35.43304443, -5.12877607, 0.89922518, -0.31170493, 0.30031532, -0.06360000, -0.43365330, -0.14160110, 0.30424356, 0.00000000, 0.00000000, 0.00000000, 0.00000000
2, 3.1300, 313, 0.14290521, 1.00559199, -0.05916855, -42.23218918, 89.30219269, -57.76813889, -23.73575020, 50.01461411, 47.12072372, 36.35330200, -30.10176086, -2.77563763, 0.91919953, -0.29518268, 0.25394228, -0.05876007, -0.45713133, -0.13016689, 0.29210615, 0.00000000, 0.00000000, 0.00000000, 0.00000000
2, 3.1400, 314, 0.18685085, 1.00181985, -0.06897034, -40.51865768, 85.64179993, -60.69606018, -23.58959389, 48.14381790, 46.15609360, 36.32622147, -30.50766945, -3.81112313, 0.91891837, -0.29226217, 0.25984848, -0.05148545, -0.44484231, -0.11383598, 0.24383670, 0.00000000, 0.00000000, 0.00000000, 0.00000000
5, 3.2200, 309, 0.33592704, 0.87581182, -0.08106132, -9.37603760, 35.81399918, -53.45263672, -49.22537231, 70.62262726, -87.66442108, 83.93543243, -39.84086990, -59.49566650, 0.71996456, -0.42015117, 0.53189540, 0.14903481, -0.17187725, -0.12251069, 0.42206776, 0.00000000, 0.00000000, 0.00000000, 0.00000000
2, 3.1500, 315, 0.23056926, 1.00788462, -0.08195261, -37.13904572, 77.58938599, -61.35169601, -24.72961044, 47.88073730, 45.57146835, 36.32173538, -30.93670654, -4.77436686, 0.91843528, -0.28957987, 0.26571232, -0.04491270, -0.49299845, -0.09721531, 0.25951958, 0.00000000, 0.00000000, 0.00000000, 0.00000000
2, 3.1600, 316, 0.28083792, 1.02874553, -0.10091284, -32.20116425, 65.49587250, -59.97443771, -24.72961044, 47.88073730, 45.57146835, 36.33785629, -31.37785530, -5.61789846, 0.91777611, -0.28725064, 0.27133477, -0.03939149, -0.54457045, -0.07018714, 0.28881991, 0.00000000, 0.00000000, 0.00000000, 0.00000000
5, 3.2300, 310, 0.35883406, 0.86898112, -0.08503838, -8.79105568, 40.16193390, -47.87078094, -49.75153351, 72.75650024, -88.62905121, 84.43659210, -39.99244308, -60.29419327, 0.71721089, -0.41884980, 0.53612274, 0.15081738, -0.18854624, -0.12298027, 0.44864655, 0.00000000, 0.00000000, 0.00000000, 0.00000000
4, 3.0601, 292, 0.16470587, 1.10542417, -0.06301893, 44.44688797, 88.24016571, -113.37109375, -63.63636398, 17.24641991, -60.12861633, -2.17517185, 1.46565354, 6.31394482, 1.00000000, 0.00000000, 0.00000000, 0.00000000, -0.19904673, -0.10378684, 0.08704957, 101.52000427, -16.21993637, 35.95000076, 0.00000000
4, 3.0701, 293, 0.24671815, 1.07224369, -0.04434784, 39.69705582, 80.55179596, -109.86722565, -63.95790482, 16.83718109, -60.59631729, -1.73465109, 0.50436676, 5.37522268, 1.00000000, 0.00000000, 0.00000000, 0.00000000, -0.29568899, -0.12381773, 0.04535470, 101.52000427, -16.21993637, 35.95000076, 0.00000000
4, 3.0801, 294, 0.28511336, 1.04561353, -0.02810146, 36.40600967, 69.95780945, -105.67996979, -65.18561554, 16.63256264, -61.26863480, -2.76303244, 3.26404428, 4.85285473, 1.00000000, 0.00000000, 0.00000000, 0.00000000, -0.33257687, -0.13591884, 0.01416978, 101.52000427, -16.21993637, 35.95000076, 0.00000000
4, 3.0901, 295, 0.30141878, 1.01154602, -0.03408626, 32.96831512, 60.04451370, -102.01806641, -65.18561554, 16.63256264, -61.26863480, -2.42179871, 2.34068489, 4.13387251, 1.00000000, 0.00000000, 0.00000000, 0.00000000, -0.31476763, -0.11125085, -0.01797855, 101.52000427, -16.21993637, 35.95000076, 0.00000000
2, 3.1700, 317, 0.32847083, 1.03525412, -0.12511963, -27.24661636, 48.72714233, -56.86975098, -24.93422890, 48.34843445, 45.51300812, 36.35282516, -31.82732964, -6.28369617, 0.91700333, -0.28525996, 0.27655688, -0.03532526, -0.59768844, -0.04298691, 0.30285463, 0.00000000, 0.00000000, 0.00000000, 0.00000000
2, 3.1800, 318, 0.36273563, 1.03233039, -0.13062802, -19.73839760, 22.64742279, -50.84373093, -24.64191818, 46.94533539, 45.71762466, 34.27976990, -25.14972878, -3.52842069, 0.93419915, -0.28109491, 0.21680257, -0.03541797, -0.61139888, -0.03854205, 0.29403171, 0.00000000, 0.00000000, 0.00000000, 0.00000000
2, 3.1900, 319, 0.38171104, 1.02705371, -0.12829484, -13.46955967, 0.12364510, -43.66136551, -24.61268616, 46.68225479, 45.92224503, 34.22901154, -25.58836174, -3.62612057, 0.93358517, -0.28013596, 0.22061686, -0.03564915, -0.55588055, -0.04648206, 0.24731418, 0.00000000, 0.00000000, 0.00000000, 0.00000000
5, 3.2400, 311, 0.38022316, 0.86837935, -0.09575142, -8.28998184, 41.13273621, -42.38588333, -49.75153351, 72.75650024, -88.62905121, 77.65439606, -38.43294525, -55.44359207, 0.74719012, -0.40480611, 0.50238431, 0.15952714, -0.19847229, -0.11534191, 0.44814157, 0.00000000, 0.00000000, 0.00000000, 0.00000000
4, 3.1001, 296, 0.30116132, 0.97547489, -0.04566391, 29.05999184, 51.28046036, -98.01097107, -66.17948151, 16.19409561, -61.99941635, -2.11101890, 1.44799840, 3.50017762, 1.00000000, 0.00000000, 0.00000000, 0.00000000, -0.32827702, -0.09873854, -0.05202200, 101.52000427, -16.21993637, 35.95000076, 0.00000000
2, 3.2000, 320, 0.37562469, 1.01900446, -0.11930301, -8.40967464, -20.70012474, -35.62448883, -25.46039200, 46.79918289, 45.48377609, 34.17248917, -25.99192429, -3.49487615, 0.93296182, -0.27959713, 0.22358683, -0.03764081, -0.55778217, -0.05518381, 0.24342129, 0.00000000, 0.00000000, 0.00000000, 0.00000000
2, 3.2100, 321, 0.36879870, 1.01215041, -0.12526590, -5.98375702, -37.71571350, -26.32588005, -25.46039200, 46.79918289, 45.48377609, 34.08395767, -26.34266853, -3.16292739, 0.93242693, -0.27924114, 0.22565076, -0.04106280, -0.55923438, -0.04924750, 0.23517710, 0.00000000, 0.00000000, 0.00000000, 0.00000000
2, 3.2200, 322, 0.34841481, 0.99211609, -0.11137550, -3.33115244, -53.23742676, -15.22939682, -25.31423569, 46.50687027, 46.12686157, 33.96297455, -26.61876106, -2.64019871, 0.93201351, -0.27907041, 0.22666112, -0.04577583, -0.54807520, -0.06626540, 0.21707308, 0.00000000, 0.00000000, 0.00000000, 0.00000000
4, 3.1101, 297, 0.27902028, 0.94775331, -0.05663335, 24.26093674, 42.99577713, -93.88875580, -67.05641174, 16.28178787, -62.37942123, -1.84245527, 0.58649701, 2.94731164, 1.00000000, 0.00000000, 0.00000000, 0.00000000, -0.31986091, -0.08775564, -0.07635106, 101.52000427, -16.21993637, 35.95000076, 0.00000000
4, 3.1201, 298, 0.26029304, 0.90637851, -0.07305608, 19.18911552, 33.35158920, -89.99488831, -67.81642914, 15.49254608, -62.78865814, -1.62223768, -0.24943988, 2.48895502, 1.00000000, 0.00000000, 0.00000000, 0.00000000, -0.31364095, -0.06803324, -0.11297599, 101.52000427, -16.21993637, 35.95000076, 0.00000000
4, 3.1301, 299, 0.21523072, 0.86924434, -0.07181825, 11.79718113, 25.43449402, -85.44383240, -68.66413116, 12.42326832, -62.70096207, -2.25541496, 2.19887114, 2.31165075, 1.00000000, 0.00000000, 0.00000000, 0.00000000, -0.26648962, -0.06199170, -0.14663094, 101.52000427, -16.21993637, 35.95000076, 0.00000000
4, 3.1401, 300, 0.17483936, 0.84940666, -0.08352427, 4.98704576, 20.17112541, -80.66487122, -68.66413116, 12.42326832, -62.70096207, -2.19448662, 1.43134665, 1.99569893, 1.00000000, 0.00000000, 0.00000000, 0.00000000, -0.19620512, -0.03816611, -0.16094427, 101.52000427, -16.21993637, 35.95000076, 0.00000000
4, 3.1501, 301, 0.16040505, 0.83326644, -0.07969383, -0.91893190, 14.78786564, -74.73838806, -69.74568939, 14.35252857, -62.84711838, -2.19123530, 0.71441156, 1.73778129, 1.00000000, 0.00000000, 0.00000000, 0.00000000, -0.19365409, -0.03935188, -0.17692935, 101.52000427, -16.21993637, 35.95000076, 0.00000000
5, 3.2500, 312, 0.39245075, 0.87383056, -0.11184227, -7.80025721, 37.22048569, -36.63164902, -49.51768494, 72.75650024, -88.45366669, 77.99106598, -38.60451889, -56.07751083, 0.74519116, -0.40342101, 0.50591820, 0.16120939, -0.19355750, -0.10149944, 0.38862705, 0.00000000, 0.00000000, 0.00000000, 0.00000000
2, 3.2300, 323, 0.33202761, 0.98921055, -0.10299279, -2.82515264, -62.74715805, -2.93784928, -25.22654152, 46.12686157, 46.44840622, 32.04819107, -20.96484947, -0.14959297, 0.94516981, -0.27120611, 0.17521916, -0.04898748, -0.51236606, -0.07202256, 0.20051771, 0.00000000, 0.00000000, 0.00000000, 0.00000000
2, 3.2400, 324, 0.30310032, 0.98614460, -0.11299817, -3.42881441, -67.05146027, 10.72033501, -25.02192307, 46.03916931, 46.59456253, 31.91478729, -21.00035667, 0.56562465, 0.94510734, -0.27118024, 0.17387982, -0.05476716, -0.41773087, -0.06050647, 0.14895850, 0.00000000, 0.00000000, 0.00000000, 0.00000000
2, 3.2500, 325, 0.23404041, 0.98977619, -0.09655712, -4.35137606, -65.91213226, 26.35115242, -24.93422890, 46.30224991, 47.50072861, 31.74642563, -20.88143158, 1.30910444, 0.94531566, -0.27095467, 0.17122386, -0.06036791, -0.34784338, -0.07284804, 0.13786437, 0.00000000, 0.00000000, 0.00000000, 0.00000000
2, 3.2600, 326, 0.17185692, 1.00270259, -0.07799573, -5.26781940, -56.21332169, 43.23627853, -24.93422890, 46.30224991, 47.50072861, 31.55356979, -20.57867622, 1.99503815, 0.94586349, -0.27046973, 0.16720687, -0.06504127, -0.27923900, -0.08426080, 0.13652955, 0.00000000, 0.00000000, 0.00000000, 0.00000000
5, 3.2600, 313, 0.39802393, 0.88255095, -0.11551497, -6.95784187, 29.24277496, -30.43550301, -50.30692673, 71.32417297, -88.13212585, 78.27363586, -38.75080872, -56.59014130, 0.74354273, -0.40231037, 0.50881827, 0.16246402, -0.19351600, -0.09216750, 0.39957845, 0.00000000, 0.00000000, 0.00000000, 0.00000000
5, 3.2700, 314, 0.38501617, 0.88414395, -0.12406650, -6.11745262, 19.97488785, -24.18244934, -50.68693161, 71.79187012, -88.59982300, 78.50197601, -38.87417221, -56.96830750, 0.74226570, -0.40153491, 0.51105404, 0.16320321, -0.19553192, -0.08398694, 0.38942966, 0.00000000, 0.00000000, 0.00000000, 0.00000000
5, 3.2800, 315, 0.36277092, 0.87579715, -0.13527498, -5.76211309, 9.76637554, -17.36728287, -50.97924423, 72.20111084, -88.42443848, 78.66742706, -38.97922134, -57.19643784, 0.74141502, -0.40109751, 0.51258385, 0.16334735, -0.20315348, -0.08044889, 0.36681804, 0.00000000, 0.00000000, 0.00000000, 0.00000000
4, 3.1601, 302, 0.13802102, 0.82682961, -0.07339440, -5.99631929, 9.75520325, -66.88639832, -69.33644867, 13.50482273, -62.61326981, -2.23904800, 0.06739585, 1.53847003, 1.00000000, 0.00000000, 0.00000000, 0.00000000, -0.18263194, -0.04379739, -0.18316939, 101.52000427, -16.21993637, 35.95000076, 0.00000000
5, 3.2900, 316, 0.33863416, 0.87051177, -0.14082795, -5.48840857, 0.67964584, -9.42019749, -50.97924423, 72.20111084, -88.42443848, 73.75550842, -37.10075378, -53.38079834, 0.76330650, -0.39400244, 0.48291433, 0.17005596, -0.19743966, -0.08016366, 0.32533598, 0.00000000, 0.00000000, 0.00000000, 0.00000000
5, 3.3000, 317, 0.29666698, 0.87169683, -0.14777340, -4.80525970, -6.62867212, 0.05378743, -50.89155197, 72.25957489, -88.59982300, 73.74227905, -37.14688492, -53.30600357, 0.76347405, -0.39402381, 0.48287585, 0.16936286, -0.16858964, -0.07674299, 0.23102093, 0.00000000, 0.00000000, 0.00000000, 0.00000000
2, 3.2700, 327, 0.10328047, 1.03100753, -0.05401701, -5.76222229, -36.89947510, 61.82061768, -25.31423569, 45.95147705, 48.02689362, 31.35037804, -20.05665207, 2.52693009, 0.94683105, -0.26968771, 0.16175148, -0.06794238, -0.19676676, -0.09610137, 0.14805716, 0.00000000, 0.00000000, 0.00000000, 0.00000000
2, 3.2800, 328, 0.07221505, 1.06077671, -0.06144078, -7.52037477, -16.11490822, 77.49967194, -24.93422890, 47.44226837, 48.17304993, 29.56811333, -17.67193031, 3.02981138, 0.95404935, -0.25598654, 0.14180291, -0.06444141, -0.14262357, -0.07383884, 0.15434043, 0.00000000, 0.00000000, 0.00000000, 0.00000000
2, 3.2900, 329, 0.07748041, 1.08497262, -0.09976612, -12.50909328, 3.59533167, 91.62791443, -24.29114342, 48.40689850, 48.28997421, 29.30822563, -16.78534317, 3.20092463, 0.95570540, -0.25412017, 0.13416342, -0.06364190, -0.11065654, -0.01519446, 0.14380851, 0.00000000, 0.00000000, 0.00000000, 0.00000000
5, 3.3100, 318, 0.24890848, 0.87428832, -0.15509713, -4.03503799, -12.03292751, 10.78134537, -51.00847626, 71.03186035, -88.21981812, 73.62132263, -37.14414215, -53.09722137, 0.76419705, -0.39410868, 0.48196533, 0.16849524, -0.15676078, -0.06907067, 0.18367727, 0.00000000, 0.00000000, 0.00000000, 0.00000000
5, 3.3200, 319, 0.20875037, 0.87744176, -0.15976194, -3.31922579, -11.77911377, 20.11969185, -50.89155197, 71.61648560, -88.39520264, 73.39824677, -37.09603882, -52.81594849, 0.76536661, -0.39401478, 0.48042101, 0.16781566, -0.14457463, -0.06307320, 0.14272913, 0.00000000, 0.00000000, 0.00000000, 0.00000000
5, 3.3300, 320, 0.16959772, 0.88184631, -0.15559712, -2.07465196, -8.03654099, 30.14787865, -50.83308792, 72.23033905, -88.74597931, 73.06245422, -36.99295807, -52.48984528, 0.76697779, -0.39359006, 0.47827083, 0.16759764, -0.12552652, -0.06292561, 0.10322838, 0.00000000, 0.00000000, 0.00000000, 0.00000000
2, 3.3000, 330, 0.08295985, 1.10727918, -0.14303291, -18.69125938, 20.48356247, 104.40746307, -24.20344925, 47.03303146, 48.87459564, 28.97668457, -15.75460339, 3.23668480, 0.95771164, -0.25147080, 0.12564181, -0.06135991, -0.09783053, 0.03505776, 0.14495236, 0.00000000, 0.00000000, 0.00000000, 0.00000000
2, 3.3100, 331, 0.09427363, 1.12605262, -0.16376074, -26.35965538, 32.38877869, 115.43154144, -24.20344925, 47.03303146, 48.87459564, 28.55582047, -14.60756969, 3.18509364, 0.96000499, -0.24795374, 0.11635707, -0.05805600, -0.08734155, 0.06401470, 0.15068913, 0.00000000, 0.00000000, 0.00000000, 0.00000000
5, 3.3400, 321, 0.12716819, 0.89112961, -0.16086203, -0.96963865, -1.64110744, 39.89054489, -50.83308792, 72.23033905, -88.74597931, 71.80876923, -36.06953430, -51.35948944, 0.77280414, -0.39387712, 0.46764177, 0.17013492, -0.10447315, -0.05357687, 0.05482747, 0.00000000, 0.00000000, 0.00000000, 0.00000000
5, 3.3500, 322, 0.09258123, 0.90751398, -0.16971768, -0.94864202, 7.55668592, 49.31070709, -49.72230148, 72.49342346, -88.42443848, 71.24691010, -35.86421967, -51.02870941, 0.77519882, -0.39231646, 0.46456259, 0.17127827, -0.07695301, -0.03876115, 0.00650066, 0.00000000, 0.00000000, 0.00000000, 0.00000000
5, 3.3600, 323, 0.07487222, 0.93075073, -0.18541838, -2.29415107, 18.13760948, 59.39465332, -49.89768982, 72.43495941, -88.68751526, 70.54925537, -35.62352371, -50.70856094, 0.77803755, -0.38991842, 0.46111119, 0.17319894, -0.06157999, -0.01085910, -0.01757731, 0.00000000, 0.00000000, 0.00000000, 0.00000000
5, 3.3700, 324, 0.09251776, 0.96149683, -0.20448872, -4.32666922, 27.60631180, 66.93707275, -49.34229660, 73.25343323, -88.59982300, 69.74303436, -35.36445236, -50.40825272, 0.78120857, -0.38674748, 0.45744148, 0.17574675, -0.05362235, 0.02504722, -0.00872219, 0.00000000, 0.00000000, 0.00000000, 0.00000000
5, 3.3800, 325, 0.13203970, 0.99796093, -0.21926574, -5.04813147, 31.42727280, 73.69723511, -49.10844803, 73.57497406, -88.80444336, 68.85654449, -35.07792664, -50.09167480, 0.78466421, -0.38317072, 0.45341492, 0.17859796, -0.04533596, 0.06194375, 0.02185475, 0.00000000, 0.00000000, 0.00000000, 0.00000000
2, 3.3200, 332, 0.08866408, 1.14577270, -0.18865521, -34.07567596, 41.05788803, 125.42176819, -23.56036186, 49.98538208, 48.08535385, 28.04390717, -13.36027908, 3.07372451, 0.96251380, -0.24358903, 0.10636543, -0.05401928, -0.05876686, 0.09865190, 0.15071857, 0.00000000, 0.00000000, 0.00000000, 0.00000000
2, 3.3300, 333, 0.07544044, 1.16364074, -0.19651274, -39.88555527, 46.78776169, 134.95483398, -22.39111328, 50.92078400, 47.99766159, 27.97337532, -11.52735519, 3.23929477, 0.96437472, -0.24313276, 0.09061233, -0.05155057, -0.01798523, 0.11577828, 0.15262190, 0.00000000, 0.00000000, 0.00000000, 0.00000000
2, 3.3400, 334, 0.07885192, 1.17649257, -0.20657173, -42.42695618, 51.29449081, 143.80903625, -21.83572006, 51.97310638, 48.43613052, 27.34581757, -10.09731007, 3.06340671, 0.96698946, -0.23766309, 0.07918331, -0.04666609, 0.01119221, 0.13014837, 0.15469745, 0.00000000, 0.00000000, 0.00000000, 0.00000000
4, 3.1701, 303, 0.11993273, 0.82374233, -0.07342138, -8.38946533, 6.00011015, -57.69020462, -70.82723999, 12.27711201, -62.81789017, -2.31210566, -0.49448064, 1.38903379, 1.00000000, 0.00000000, 0.00000000, 0.00000000, -0.17477682, -0.04206025, -0.18505076, 101.52000427, -16.21993637, 35.95000076, 0.00000000
4, 3.1801, 304, 0.10971331, 0.82953173, -0.06771205, -10.06334686, 3.20813441, -48.23013687, -70.82723999, 12.27711201, -62.81789017, -3.14850259, 1.24295342, 1.37864661, 1.00000000, 0.00000000, 0.00000000, 0.00000000, -0.16404045, -0.04402623, -0.17949528, 101.52000427, -16.21993637, 35.95000076, 0.00000000
4, 3.1901, 305, 0.10224009, 0.84703356, -0.06983688, -10.85845947, 1.55167365, -39.57088089, -70.97339630, 11.72171879, -62.96404648, -3.25281739, 0.85238504, 1.30465949, 1.00000000, 0.00000000, 0.00000000, 0.00000000, -0.13605607, -0.03372398, -0.16089298, 101.52000427, -16.21993637, 35.95000076, 0.00000000
5, 3.3900, 326, 0.16874279, 1.02896190, -0.24045928, -4.70251179, 30.75493240, 80.10888672, -49.10844803, 73.57497406, -88.80444336, 67.89684296, -33.61723328, -49.21412659, 0.78922617, -0.38615304, 0.44069624, 0.18383391, -0.03949716, 0.09770718, 0.04505006, 0.00000000, 0.00000000, 0.00000000, 0.00000000
5, 3.4000, 327, 0.18783543, 1.05267894, -0.26714537, -3.52124405, 27.14754677, 86.47499847, -48.31920624, 73.77959442, -88.97982788, 66.91546631, -33.24612045, -48.79280853, 0.79319000, -0.38252836, 0.43556333, 0.18656455, -0.02795940, 0.12784435, 0.04565476, 0.00000000, 0.00000000, 0.00000000, 0.00000000
5, 3.4100, 328, 0.18681480, 1.06402016, -0.28131428, -1.13739479, 21.44695282, 94.14293671, -47.76381302, 74.71499634, -88.21981812, 65.89135742, -32.80770111, -48.28922272, 0.79742301, -0.37912634, 0.42965758, 0.18914087, -0.02249751, 0.14816011, 0.02933752, 0.00000000, 0.00000000, 0.00000000, 0.00000000
2, 3.3500, 335, 0.08538809, 1.17304170, -0.20307253, -42.43085480, 51.80697632, 153.68995667, -21.83572006, 51.97310638, 48.43613052, 26.70496368, -8.57123280, 2.88160372, 0.96950662, -0.23205061, 0.06689474, -0.04164836, 0.02995851, 0.13339819, 0.14539230, 0.00000000, 0.00000000, 0.00000000, 0.00000000
2, 3.3600, 336, 0.08650063, 1.17496729, -0.21414228, -40.58804703, 49.78880692, 161.77336121, -20.78339577, 53.23004913, 48.78690338, 26.07363510, -6.96744871, 2.70950699, 0.97182918, -0.22649688, 0.05385884, -0.03669411, 0.05562778, 0.15251394, 0.13538842, 0.00000000, 0.00000000, 0.00000000, 0.00000000
2, 3.3700, 337, 0.08221401, 1.17910671, -0.23255457, -37.34462738, 45.27367783, 168.29171753, -20.14031029, 54.63314819, 48.31920624, 25.47134209, -5.30181789, 2.56470513, 0.97388148, -0.22117196, 0.04017305, -0.03199899, 0.08767615, 0.17935103, 0.12444315, 0.00000000, 0.00000000, 0.00000000, 0.00000000
2, 3.3800, 338, 0.07146853, 1.18523145, -0.23745160, -32.80708313, 37.05823517, 173.93107605, -18.97106171, 55.71470261, 48.40689850, 26.12820244, -4.74091673, 2.67214537, 0.97280174, -0.22672559, 0.03501301, -0.03204045, 0.12362956, 0.18927971, 0.12160112, 0.00000000, 0.00000000, 0.00000000, 0.00000000
2, 3.3900, 339, 0.05870089, 1.19658589, -0.23492309, -27.36742401, 26.73975754, 178.34744263, -18.00643158, 56.76702499, 49.02075195, 25.64200211, -2.98257113, 2.69915080, 0.97433144, -0.22236679, 0.02014437, -0.02873084, 0.15423840, 0.18398893, 0.13140337, 0.00000000, 0.00000000, 0.00000000, 0.00000000
2, 3.4000, 340, 0.04025130, 1.20539367, -0.23186752, -21.86721992, 15.09453106, 181.08714294, -18.00643158, 56.76702499, 49.02075195, 25.23282242, -1.20143259, 2.81499243, 0.97545004, -0.21859610, 0.00486323, -0.02625787, 0.20540310, 0.19027501, 0.13093995, 0.00000000, 0.00000000, 0.00000000, 0.00000000
5, 3.4200, 329, 0.17693907, 1.06274557, -0.29054037, 1.40162838, 14.55881691, 101.27234650, -46.85764313, 75.21192932, -88.68751526, 64.83788300, -32.29962158, -47.70234299, 0.80188984, -0.37602815, 0.42297435, 0.19148971, -0.01908069, 0.15637781, 0.00188929, 0.00000000, 0.00000000, 0.00000000, 0.00000000
5, 3.4300, 330, 0.17415233, 1.04762912, -0.29247069, 3.03326058, 7.33631325, 106.75787354, -46.18532562, 74.36421967, -88.51213074, 63.77125931, -31.73491669, -47.04063034, 0.80652970, -0.37323722, 0.41563702, 0.19351940, -0.02212463, 0.14990348, -0.02101383, 0.00000000, 0.00000000, 0.00000000, 0.00000000
5, 3.4400, 331, 0.19278964, 1.02607501, -0.28050599, 3.09090781, 0.62962288, 111.22417450, -46.18532562, 74.36421967, -88.51213074, 63.58689880, -30.32431984, -46.31073380, 0.80846560, -0.38013637, 0.40436056, 0.19588912, -0.02390850, 0.12577616, -0.02034996, 0.00000000, 0.00000000, 0.00000000, 0.00000000
5, 3.4500, 332, 0.21844903, 1.00953746, -0.27174541, 2.17475963, -6.57548904, 115.06005096, -45.36685181, 75.79654694, -89.00906372, 62.51262283, -29.69831085, -45.50605011, 0.81343192, -0.37777919, 0.39600450, 0.19695687, -0.01973977, 0.10132123, -0.00837709, 0.00000000, 0.00000000, 0.00000000, 0.00000000
2, 3.4100, 341, 0.02003049, 1.20605898, -0.22353615, -16.34150696, 2.43277550, 182.17173767, -15.81408882, 58.11166382, 49.31306458, 24.91030502, 0.58646888, 3.02971816, 0.97614032, -0.21546498, -0.01069725, -0.02471027, 0.25697592, 0.18803327, 0.12580483, 0.00000000, 0.00000000, 0.00000000, 0.00000000
2, 3.4200, 342, -0.00354667, 1.20074797, -0.21104130, -10.76836681, -9.88881397, 181.84413147, -14.84945869, 57.90704346, 48.96229172, 24.68142891, 2.36828160, 3.34140801, 0.97639894, -0.21299946, -0.02640943, -0.02406052, 0.31066623, 0.17884886, 0.11727068, 0.00000000, 0.00000000, 0.00000000, 0.00000000
5, 3.4600, 333, 0.24333423, 1.00153041, -0.26171991, 0.65614468, -15.59692574, 118.15925598, -44.86991882, 76.35194397, -88.57059479, 61.44634247, -29.04597092, -44.62031555, 0.81851804, -0.37570861, 0.38718194, 0.19738662, -0.01709544, 0.09113435, -0.00147921, 0.00000000, 0.00000000, 0.00000000, 0.00000000
5, 3.4700, 334, 0.26719895, 1.00800443, -0.24782027, -0.40857118, -25.49160385, 120.79372406, -43.40835953, 76.76117706, -88.74597931, 60.40079880, -28.36219978, -43.65380478, 0.82368279, -0.37401035, 0.37788409, 0.19714634, -0.00087513, 0.08777170, 0.00872658, 0.00000000, 0.00000000, 0.00000000, 0.00000000
5, 3.5000, 335, 0.26008165, 1.04577172, -0.21491419, -0.88393629, -55.97166443, 124.34962463, -41.18678665, 78.19351196, -88.51213074, 58.24468231, -26.35514832, -40.56041336, 0.83630687, -0.37545788, 0.35105047, 0.19075109, 0.07945314, 0.09161927, -0.02000748, 0.00000000, 0.00000000, 0.00000000, 0.00000000
5, 3.5100, 336, 0.25593048, 1.05443442, -0.19832748, -0.43783817, -62.24413681, 123.16040802, -39.84215164, 77.69657898, -88.36597443, 57.38714600, -25.55557442, -39.36624908, 0.84125733, -0.37552953, 0.34038442, 0.18815497, 0.10975841, 0.08702495, -0.03345635, 0.00000000, 0.00000000, 0.00000000, 0.00000000
4, 3.2001, 306, 0.09600750, 0.85851383, -0.07024039, -10.14284229, -0.32394075, -32.13464737, -70.71031952, 13.73867321, -62.67173386, -3.35115695, 0.53300822, 1.26002288, 1.00000000, 0.00000000, 0.00000000, 0.00000000, -0.13654935, -0.03369499, -0.14916769, 101.52000427, -16.21993637, 35.95000076, 0.00000000
4, 3.2101, 307, 0.08929727, 0.85659444, -0.07917798, -8.57043552, -2.75224566, -25.63427925, -71.20724487, 13.47559166, -62.58403778, -3.43552351, 0.27495635, 1.24921262, 1.00000000, 0.00000000, 0.00000000, 0.00000000, -0.13474075, -0.02299962, -0.14892673, 101.52000427, -16.21993637, 35.95000076, 0.00000000
4, 3.2201, 308, 0.05150934, 0.85939056, -0.08067076, -8.52386093, -5.28849602, -17.95144272, -71.55802155, 13.00789261, -62.75942612, -3.52166247, 0.08985332, 1.27365816, 1.00000000, 0.00000000, 0.00000000, 0.00000000, -0.10093559, -0.02058917, -0.14354014, 101.52000427, -16.21993637, 35.95000076, 0.00000000
4, 3.2301, 309, 0.01158276, 0.86959630, -0.08520940, -8.50514412, -6.45239639, -10.88858223, -71.55802155, 13.00789261, -62.75942612, -3.89622140, 0.58021200, 1.31968081, 1.00000000, 0.00000000, 0.00000000, 0.00000000, -0.06158226, -0.01525584, -0.13007495, 101.52000427, -16.21993637, 35.95000076, 0.00000000
5, 3.5200, 337, 0.25543153, 1.05618680, -0.18583816, 0.18008347, -66.75189209, 121.06464386, -38.43905258, 77.93042755, -88.24904633, 56.59297943, -24.74034309, -38.17441177, 0.84598780, -0.37588990, 0.32967129, 0.18527922, 0.13179570, 0.08069037, -0.04508086, 0.00000000, 0.00000000, 0.00000000, 0.00000000
5, 3.5300, 338, 0.25957218, 1.05495930, -0.17621748, 0.28185281, -69.90686035, 118.28912354, -38.08827972, 78.31043243, -87.78134918, 55.85959625, -23.92077065, -36.99491119, 0.85048389, -0.37645862, 0.31901413, 0.18217118, 0.14869088, 0.07432647, -0.05274142, 0.00000000, 0.00000000, 0.00000000, 0.00000000
2, 3.4300, 343, -0.03327243, 1.19313788, -0.19370894, -5.50796652, -21.50870705, 179.48327637, -13.15404797, 60.53785324, 49.34229660, 25.38966179, 0.46544421, 3.29152560, 0.97516966, -0.21955188, -0.01027223, -0.02712548, 0.35384083, 0.15965755, 0.10911886, 0.00000000, 0.00000000, 0.00000000, 0.00000000
4, 3.2401, 310, -0.02070456, 0.87436098, -0.09219167, -7.69669199, -6.50568533, -4.15394020, -71.32417297, 13.06635475, -62.05787659, -3.97593307, 0.53089082, 1.37454498, 1.00000000, 0.00000000, 0.00000000, 0.00000000, -0.02304951, -0.00409526, -0.12176497, 101.52000427, -16.21993637, 35.95000076, 0.00000000
4, 3.2501, 311, -0.05057112, 0.86684310, -0.10689758, -6.74365664, -6.86542749, 2.34515452, -71.49955750, 12.92019844, -62.29172516, -4.04698515, 0.54580075, 1.44126379, 1.00000000, 0.00000000, 0.00000000, 0.00000000, 0.00688132, 0.01303771, -0.12449029, 101.52000427, -16.21993637, 35.95000076, 0.00000000
5, 3.5400, 339, 0.26686814, 1.05245566, -0.17015575, -0.00323980, -71.98231506, 115.38654327, -37.03595352, 79.24583435, -87.81057739, 56.13690186, -24.54696465, -36.38162613, 0.85035217, -0.37823531, 0.32173398, 0.17414494, 0.15577763, 0.06957495, -0.05301884, 0.00000000, 0.00000000, 0.00000000, 0.00000000
4, 3.2601, 312, -0.07818763, 0.86885792, -0.11949328, -8.11695004, -6.84923077, 8.77892780, -70.35954285, 12.30634308, -62.11634064, -4.13234711, 0.62465572, 1.51444733, 1.00000000, 0.00000000, 0.00000000, 0.00000000, 0.03514325, 0.02639164, -0.11838052, 101.52000427, -16.21993637, 35.95000076, 0.00000000
5, 3.5500, 340, 0.27155802, 1.05124342, -0.17074195, -0.49078557, -73.51705933, 112.37672424, -37.03595352, 79.24583435, -87.81057739, 55.47136307, -23.75400352, -35.21165085, 0.85455602, -0.37899891, 0.31138426, 0.17068653, 0.14860271, 0.07040223, -0.04724360, 0.00000000, 0.00000000, 0.00000000, 0.00000000
5, 3.5600, 341, 0.27097777, 1.05917358, -0.17951268, -0.58284849, -75.39724731, 109.38870239, -36.01286316, 79.21660614, -87.60596466, 54.85992432, -22.96418381, -34.06025696, 0.85852790, -0.37990350, 0.30115125, 0.16706608, 0.16154094, 0.08339820, -0.05921345, 0.00000000, 0.00000000, 0.00000000, 0.00000000
2, 3.4400, 344, -0.06621571, 1.18184876, -0.17029819, 0.05862491, -35.18458557, 174.77040100, -12.04326248, 61.50248337, 49.80999756, 25.33807755, 2.16336179, 3.83134890, 0.97507262, -0.21854162, -0.02573808, -0.02847096, 0.36706144, 0.12477101, 0.10102554, 0.00000000, 0.00000000, 0.00000000, 0.00000000
2, 3.4500, 345, -0.08839183, 1.16875291, -0.15307941, 3.58868527, -44.01831818, 168.66844177, -12.04326248, 61.50248337, 49.80999756, 25.36694527, 3.79696417, 4.44149208, 0.97461200, -0.21802700, -0.04079938, -0.03051486, 0.41566679, 0.10469045, 0.08989908, 0.00000000, 0.00000000, 0.00000000, 0.00000000
5, 3.5700, 342, 0.26412180, 1.07865298, -0.18609014, 0.60702723, -77.32658386, 106.73371124, -34.81438065, 77.55042267, -87.43057251, 54.30595398, -22.16664124, -32.93147278, 0.86225182, -0.38100627, 0.29097635, 0.16336757, 0.18612671, 0.10218965, -0.07323152, 0.00000000, 0.00000000, 0.00000000, 0.00000000
5, 3.5800, 343, 0.24378745, 1.08636022, -0.18696390, 3.64843225, -79.11575317, 105.44305420, -33.84975052, 79.94738007, -87.07980347, 53.80690384, -21.34039307, -31.82913971, 0.86573493, -0.38234574, 0.28071612, 0.15972920, 0.21055897, 0.10851301, -0.10087726, 0.00000000, 0.00000000, 0.00000000, 0.00000000
4, 3.2701, 313, -0.08916804, 0.88044542, -0.13213038, -10.60129738, -7.55067873, 14.64762211, -71.20724487, 12.80327415, -61.85326004, -4.24330282, 0.76101071, 1.59966731, 1.00000000, 0.00000000, 0.00000000, 0.00000000, 0.04729014, 0.03840869, -0.10384146, 101.52000427, -16.21993637, 35.95000076, 0.00000000
4, 3.2801, 314, -0.08068973, 0.88494521, -0.15298636, -12.08741093, -8.71468639, 19.35221100, -71.20724487, 12.80327415, -61.85326004, -3.64634037, 0.50522810, 1.87694049, 1.00000000, 0.00000000, 0.00000000, 0.00000000, 0.03929785, 0.05701281, -0.09609951, 101.52000427, -16.21993637, 35.95000076, 0.00000000
4, 3.2901, 315, -0.06756760, 0.89118940, -0.16554949, -14.27432728, -10.86935043, 23.35577965, -70.59339142, 13.09558582, -62.02864456, -3.79658842, 0.72309536, 2.00458598, 1.00000000, 0.00000000, 0.00000000, 0.00000000, 0.02353955, 0.06118368, -0.08895274, 101.52000427, -16.21993637, 35.95000076, 0.00000000
2, 3.4600, 346, -0.10251956, 1.15835536, -0.13936508, 5.33973837, -51.67073059, 160.51972961, -9.88015175, 62.17480087, 49.60537720, 25.46058273, 5.34426260, 5.11501932, 0.97384548, -0.21787381, -0.05525158, -0.03321475, 0.45546347, 0.08801366, 0.08338782, 0.00000000, 0.00000000, 0.00000000, 0.00000000
4, 3.3001, 316, -0.05132711, 0.91143185, -0.17304523, -17.21661949, -13.78428364, 26.26236534, -70.88570404, 12.94942951, -61.94095230, -3.97731495, 0.96655768, 2.16217828, 1.00000000, 0.00000000, 0.00000000, 0.00000000, 0.01013323, 0.06770732, -0.06844027, 101.52000427, -16.21993637, 35.95000076, 0.00000000
4, 3.3101, 317, -0.02703241, 0.94777453, -0.17315377, -19.52929497, -17.64515305, 27.98648071, -70.30107880, 13.38789845, -61.53171539, -4.18220425, 1.22307396, 2.35785294, 1.00000000, 0.00000000, 0.00000000, 0.00000000, -0.01187877, 0.06443595, -0.03394314, 101.52000427, -16.21993637, 35.95000076, 0.00000000
4, 3.3201, 318, 0.00369665, 0.99258655, -0.16240865, -19.99981689, -23.29739189, 28.69605255, -70.30107880, 13.38789845, -61.53171539, -4.39303875, 1.48093688, 2.60921311, 1.00000000, 0.00000000, 0.00000000, 0.00000000, -0.04059498, 0.04915766, 0.00649347, 101.52000427, -16.21993637, 35.95000076, 0.00000000
2, 3.4700, 347, -0.10546421, 1.15359664, -0.13924648, 5.31338358, -57.43549728, 150.35003662, -9.44168377, 63.13943100, 49.40076065, 25.59964561, 6.78416395, 5.83737087, 0.97284633, -0.21793246, -0.06888425, -0.03647482, 0.48290107, 0.08544170, 0.08149318, 0.00000000, 0.00000000, 0.00000000, 0.00000000
5, 3.5900, 344, 0.21054511, 1.08448541, -0.19424170, 6.77428913, -78.86984253, 105.02353668, -32.44665146, 78.39812469, -87.02133942, 55.40498734, -22.62331772, -31.62433624, 0.86016971, -0.39128053, 0.29130286, 0.14883037, 0.22001275, 0.11088669, -0.13499361, 0.00000000, 0.00000000, 0.00000000, 0.00000000
5, 3.6000, 345, 0.18511705, 1.08396351, -0.19143459, 7.74048758, -77.93328857, 104.80572510, -32.44665146, 78.39812469, -87.02133942, 54.91203690, -21.79104233, -30.53756523, 0.86356145, -0.39260340, 0.28104001, 0.14539871, 0.21692657, 0.10228567, -0.14185834, 0.00000000, 0.00000000, 0.00000000, 0.00000000
2, 3.4800, 348, -0.08780104, 1.13290060, -0.15806699, 1.40922058, -63.12387848, 137.51405334, -7.83396673, 62.84711838, 50.19000244, 26.33293152, 3.32691693, 5.97903109, 0.97232234, -0.22590093, -0.04010167, -0.04415762, 0.46193767, 0.09207168, 0.06416599, 0.00000000, 0.00000000, 0.00000000, 0.00000000
2, 3.4900, 349, -0.06924912, 1.12649870, -0.16684544, -3.84314871, -70.72075653, 124.21571350, -6.78164291, 64.83484650, 51.00847626, 26.42097282, 4.47308826, 6.83540487, 0.97159708, -0.22568384, -0.05153817, -0.04909047, 0.40063846, 0.08781542, 0.06073574, 0.00000000, 0.00000000, 0.00000000, 0.00000000
4, 3.3301, 319, 0.02601703, 1.02813947, -0.15188484, -17.76972389, -31.69347191, 28.73912811, -70.09646606, 13.85559750, -61.09324646, -4.18792105, 2.36847854, 3.11627817, 1.00000000, 0.00000000, 0.00000000, 0.00000000, -0.05767587, 0.03391843, 0.03838742, 101.52000427, -16.21993637, 35.95000076, 0.00000000
4, 3.3401, 320, 0.02037962, 1.03389239, -0.14986226, -13.59326839, -41.79848862, 29.11053658, -70.15492249, 13.91405964, -60.07015610, -4.33270788, 2.60964751, 3.55590558, 1.00000000, 0.00000000, 0.00000000, 0.00000000, -0.03976972, 0.02851655, 0.04427290, 101.52000427, -16.21993637, 35.95000076, 0.00000000
4, 3.3501, 321, -0.00741868, 1.01465034, -0.14260809, -9.43056393, -52.38385010, 29.31642723, -69.68722534, 12.83250523, -60.36246490, -4.43538237, 2.84217334, 4.10297823, 1.00000000, 0.00000000, 0.00000000, 0.00000000, -0.00668005, 0.02698034, 0.02608063, 101.52000427, -16.21993637, 35.95000076, 0.00000000
4, 3.3601, 322, -0.03859229, 0.98950028, -0.13110384, -8.75317287, -59.51979065, 29.10177040, -69.57029724, 13.97252274, -59.74861145, -4.52970648, 3.06567764, 4.72086620, 1.00000000, 0.00000000, 0.00000000, 0.00000000, 0.03001919, 0.02202079, 0.00149224, 101.52000427, -16.21993637, 35.95000076, 0.00000000
2, 3.5000, 350, -0.06194780, 1.12684345, -0.14649482, -8.54907608, -78.66098785, 113.02218628, -6.78164291, 64.83484650, 51.00847626, 26.51552200, 5.49327230, 7.76764488, 0.97074169, -0.22538340, -0.06205086, -0.05488837, 0.41396439, 0.06795689, 0.07151565, 0.00000000, 0.00000000, 0.00000000, 0.00000000
5, 3.6100, 346, 0.17915982, 1.08413196, -0.18114550, 7.53716516, -76.25256348, 102.90296936, -31.18971062, 79.97661591, -86.49517822, 54.44580078, -20.96664429, -29.48559189, 0.86678505, -0.39383477, 0.27093843, 0.14202209, 0.23882711, 0.09476746, -0.15475869, 0.00000000, 0.00000000, 0.00000000, 0.00000000
5, 3.6200, 347, 0.18088508, 1.09121418, -0.18167916, 5.22438192, -73.71404266, 100.78464508, -30.63431740, 80.64893341, -86.52440643, 53.99156570, -20.17010880, -28.46196556, 0.86989164, -0.39483956, 0.26110661, 0.13861376, 0.25616750, 0.10012442, -0.16057500, 0.00000000, 0.00000000, 0.00000000, 0.00000000
4, 3.3801, 323, -0.07885015, 0.97403222, -0.12652604, -11.16709709, -66.12374878, 29.76590157, -69.83338165, 13.59251690, -59.57322311, -4.41032743, 2.58617282, 6.15097046, 1.00000000, 0.00000000, 0.00000000, 0.00000000, 0.07485924, 0.02261654, -0.01168876, 101.52000427, -16.21993637, 35.95000076, 0.00000000
4, 3.3901, 324, -0.08536670, 0.97696447, -0.14271960, -10.04545784, -66.94528961, 31.68115807, -68.66413116, 12.07249355, -59.69014740, -4.52140713, 2.82692409, 6.84453869, 1.00000000, 0.00000000, 0.00000000, 0.00000000, 0.07301077, 0.03558442, -0.00602168, 101.52000427, -16.21993637, 35.95000076, 0.00000000
4, 3.4001, 325, -0.09079796, 0.97864819, -0.15667155, -7.51592827, -66.46277618, 34.20072556, -68.57643890, 13.94329166, -58.57936096, -4.60422897, 3.09454870, 7.53731441, 1.00000000, 0.00000000, 0.00000000, 0.00000000, 0.08264606, 0.05058427, -0.00108506, 101.52000427, -16.21993637, 35.95000076, 0.00000000
2, 3.5100, 351, -0.07010689, 1.13888800, -0.12535861, -11.68459320, -84.32749939, 103.65621185, -5.26161957, 64.60099030, 52.09003067, 26.62300491, 6.40947962, 8.75263786, 0.96976024, -0.22506346, -0.07178529, -0.06130651, 0.44323301, 0.05116159, 0.08936213, 0.00000000, 0.00000000, 0.00000000, 0.00000000
2, 3.5200, 352, -0.06825465, 1.14728403, -0.11401761, -13.15760231, -86.56697845, 96.16529846, -4.26775789, 65.68254852, 52.17772675, 26.74532890, 7.24554491, 9.75598335, 0.96866828, -0.22475812, -0.08087899, -0.06800205, 0.45946497, 0.04219313, 0.10356100, 0.00000000, 0.00000000, 0.00000000, 0.00000000
4, 3.4101, 326, -0.08459968, 0.98261839, -0.16591604, -3.92111826, -66.17358398, 37.07778168, -67.81642914, 14.32329750, -58.22858810, -4.64777088, 3.39203262, 8.23235512, 1.00000000, 0.00000000, 0.00000000, 0.00000000, 0.08110958, 0.05993529, 0.00451287, 101.52000427, -16.21993637, 35.95000076, 0.00000000
4, 3.4201, 327, -0.06618316, 0.98482120, -0.17010944, 0.29252988, -65.60320282, 39.70238495, -67.81642914, 14.32329750, -58.22858810, -4.64543200, 3.71667910, 8.92721367, 1.00000000, 0.00000000, 0.00000000, 0.00000000, 0.06803523, 0.06387518, 0.00668634, 101.52000427, -16.21993637, 35.95000076, 0.00000000
4, 3.4301, 328, -0.05485584, 0.98771393, -0.16304575, 3.47887731, -65.24568939, 42.57201004, -67.20256805, 14.26483440, -57.93627548, -4.01755095, 3.45790219, 9.78038883, 1.00000000, 0.00000000, 0.00000000, 0.00000000, 0.05993666, 0.05336368, 0.00750335, 101.52000427, -16.21993637, 35.95000076, 0.00000000
4, 3.4401, 329, -0.01973838, 0.99372530, -0.15573587, 5.55626965, -65.92171478, 45.21973038, -67.43642426, 14.38175964, -57.64396286, -3.96136475, 3.82918334, 10.49186707, 1.00000000, 0.00000000, 0.00000000, 0.00000000, 0.02296564, 0.03651302, 0.00914589, 101.52000427, -16.21993637, 35.95000076, 0.00000000
5, 3.6300, 348, 0.17476113, 1.11032295, -0.17787878, 4.04193211, -71.93843842, 98.93167114, -29.08506203, 80.53200531, -85.79362488, 53.55498886, -19.39011383, -27.46526146, 0.87286758, -0.39570692, 0.25147104, 0.13520555, 0.28691202, 0.11044748, -0.16983819, 0.00000000, 0.00000000, 0.00000000, 0.00000000
2, 3.5300, 353, -0.05068358, 1.14281583, -0.12500563, -14.03179741, -84.94284058, 92.36628723, -3.68313360, 66.15024567, 52.14849472, 26.93218803, 3.65008092, 10.16000938, 0.96885329, -0.22909500, -0.05145974, -0.07868144, 0.43537354, 0.04883015, 0.10152691, 0.00000000, 0.00000000, 0.00000000, 0.00000000
5, 3.6400, 349, 0.16829930, 1.14129114, -0.15239903, 7.17725801, -68.39991760, 97.01317596, -28.23735809, 80.09353638, -85.93978119, 55.30628204, -21.81109619, -27.44234085, 0.86578226, -0.40298042, 0.27089664, 0.12100774, 0.32680002, 0.11112353, -0.16177252, 0.00000000, 0.00000000, 0.00000000, 0.00000000
5, 3.6500, 350, 0.13348037, 1.15933156, -0.14475892, 12.97371101, -60.94896317, 97.04686737, -28.23735809, 80.09353638, -85.93978119, 54.84549332, -21.01512909, -26.55818558, 0.86870474, -0.40354013, 0.26155767, 0.11872233, 0.32875168, 0.11387555, -0.16776878, 0.00000000, 0.00000000, 0.00000000, 0.00000000
4, 3.4501, 330, 0.02825666, 1.00158894, -0.14960961, 7.39332199, -67.61701202, 47.94124985, -66.47179413, 14.67407131, -57.52703857, -3.88188171, 4.22469521, 11.22531796, 1.00000000, 0.00000000, 0.00000000, 0.00000000, -0.01860915, 0.02776962, 0.01316955, 101.52000427, -16.21993637, 35.95000076, 0.00000000
4, 3.4601, 331, 0.07462449, 1.00775909, -0.15308426, 8.62274456, -70.94930267, 50.48886871, -66.47179413, 14.67407131, -57.52703857, -3.78425384, 4.64036751, 11.99672508, 1.00000000, 0.00000000, 0.00000000, 0.00000000, -0.05819534, 0.02840279, 0.01747483, 101.52000427, -16.21993637, 35.95000076, 0.00000000
4, 3.4701, 332, 0.10897803, 1.01650798, -0.15430956, 9.00714588, -75.07615662, 53.00524139, -65.91639709, 15.25869656, -57.67319489, -3.67599463, 5.07457256, 12.81370163, 1.00000000, 0.00000000, 0.00000000, 0.00000000, -0.08559220, 0.02611132, 0.02468509, 101.52000427, -16.21993637, 35.95000076, 0.00000000
4, 3.4801, 333, 0.12181723, 1.02790248, -0.15634350, 9.17376328, -78.52522278, 55.17222214, -64.86407471, 15.22946453, -57.23472595, -3.29674745, 6.44416332, 13.66269207, 1.00000000, 0.00000000, 0.00000000, 0.00000000, -0.08739213, 0.02280698, 0.03637428, 101.52000427, -16.21993637, 35.95000076, 0.00000000
4, 3.4901, 334, 0.12703449, 1.03760421, -0.15093428, 9.30780602, -82.39400482, 57.69867325, -65.03945923, 15.58023930, -57.20549393, -3.15458941, 6.90809965, 14.56537628, 1.00000000, 0.00000000, 0.00000000, 0.00000000, -0.07317507, 0.00985280, 0.04633400, 101.52000427, -16.21993637, 35.95000076, 0.00000000
4, 3.5001, 335, 0.12821472, 1.05310130, -0.14429343, 9.56454468, -88.21743774, 59.50627518, -63.75328827, 16.51563835, -56.56240845, -2.99838853, 7.37983656, 15.53080845, 1.00000000, 0.00000000, 0.00000000, 0.00000000, -0.06705729, -0.00221795, 0.06107074, 101.52000427, -16.21993637, 35.95000076, 0.00000000
4, 3.5101, 336, 0.12902091, 1.05039477, -0.13145722, 11.25469494, -95.53630066, 58.98732758, -63.75328827, 16.51563835, -56.56240845, -2.81184506, 7.83359766, 16.57198715, 1.00000000, 0.00000000, 0.00000000, 0.00000000, -0.05956395, -0.01738588, 0.05685724, 101.52000427, -16.21993637, 35.95000076, 0.00000000
4, 3.5201, 337, 0.10347177, 1.02654243, -0.12535973, 12.44622517, -102.50040436, 57.78760147, -63.37328339, 15.81408882, -56.47471619, -2.59950686, 8.26211071, 17.68443298, 1.00000000, 0.00000000, 0.00000000, 0.00000000, -0.02499237, -0.02249048, 0.03475913, 101.52000427, -16.21993637, 35.95000076, 0.00000000
2, 3.5400, 354, -0.01295065, 1.13593733, -0.16799854, -17.42028999, -83.80222321, 90.51119232, -2.54311609, 66.29640198, 52.99620056, 26.96095657, 4.42395067, 11.13781643, 0.96801168, -0.22819851, -0.05996132, -0.08534395, 0.34993660, 0.08328566, 0.08816440, 0.00000000, 0.00000000, 0.00000000, 0.00000000
5, 3.6600, 351, 0.07684443, 1.16144907, -0.14410500, 18.90566635, -51.16085434, 98.44902039, -26.98041534, 79.53814697, -86.23209381, 54.37500381, -20.17717743, -25.78388977, 0.87154394, -0.40373507, 0.25225428, 0.11737542, 0.36165339, 0.11498682, -0.23014574, 0.00000000, 0.00000000, 0.00000000, 0.00000000
5, 3.6700, 352, 0.03973326, 1.14265633, -0.14484073, 24.12010002, -38.02419281, 99.39682007, -26.22040367, 79.09967804, -86.49517822, 53.87651062, -19.31360626, -25.14127731, 0.87433493, -0.40335724, 0.24316175, 0.11710612, 0.37336498, 0.10355620, -0.27939636, 0.00000000, 0.00000000, 0.00000000, 0.00000000
5, 3.6800, 353, 0.03346441, 1.10315895, -0.14305089, 26.42720985, -22.57567215, 100.94496155, -25.37269783, 80.21046448, -87.02133942, 53.31589127, -18.44932365, -24.62602806, 0.87718916, -0.40212184, 0.23441115, 0.11785007, 0.36259511, 0.07722494, -0.30420989, 0.00000000, 0.00000000, 0.00000000, 0.00000000
2, 3.5500, 355, 0.03975276, 1.15555584, -0.22542788, -21.91572762, -84.10573578, 89.75211334, -2.54311609, 66.29640198, 52.99620056, 26.96191788, 5.18441057, 12.12919331, 0.96712947, -0.22693364, -0.06833886, -0.09214914, 0.31221050, 0.14427799, 0.10242354, 0.00000000, 0.00000000, 0.00000000, 0.00000000
5, 3.6900, 354, 0.05917603, 1.06156003, -0.14086138, 25.44269562, -8.06853867, 104.26518250, -24.55422401, 80.56124115, -87.13825989, 55.58098221, -21.25464439, -25.43924713, 0.86707860, -0.41107479, 0.26004088, 0.10756947, 0.32554930, 0.04759154, -0.28711662, 0.00000000, 0.00000000, 0.00000000, 0.00000000
4, 3.5301, 338, 0.06641984, 1.00820851, -0.10950112, 12.19836712, -108.98789215, 55.72010040, -62.52557755, 16.22332573, -56.59164047, -2.87502122, 8.32895279, 18.73092842, 1.00000000, 0.00000000, 0.00000000, 0.00000000, 0.01890735, -0.03633067, 0.01681863, 101.52000427, -16.21993637, 35.95000076, 0.00000000
4, 3.5401, 339, 0.03743059, 1.01280153, -0.09321091, 10.25150776, -113.62571716, 53.18193817, -61.91172028, 16.77871895, -56.50394440, -2.66634560, 8.69749641, 19.94756699, 1.00000000, 0.00000000, 0.00000000, 0.00000000, 0.05003158, -0.05046977, 0.02050645, 101.52000427, -16.21993637, 35.95000076, 0.00000000
4, 3.5501, 340, 0.02519706, 1.04377568, -0.07484948, 9.36029911, -117.25096893, 51.09327316, -61.26863480, 15.98947620, -56.41625214, -2.45566869, 9.03581524, 21.19939613, 1.00000000, 0.00000000, 0.00000000, 0.00000000, 0.06661283, -0.07792357, 0.04895137, 101.52000427, -16.21993637, 35.95000076, 0.00000000
2, 3.5600, 356, 0.07558192, 1.17449689, -0.26309973, -24.54280090, -84.79059601, 90.68119049, -0.76001167, 65.82870483, 53.08389282, 26.95299530, 5.95022917, 13.13575649, 0.96616477, -0.22543177, -0.07676182, -0.09906463, 0.29227412, 0.18677595, 0.11799462, 0.00000000, 0.00000000, 0.00000000, 0.00000000
2, 3.5700, 357, 0.07392102, 1.18820381, -0.26245534, -24.13364983, -83.08778381, 93.10874939, 0.43846828, 66.50102234, 53.58082199, 26.95383835, 6.74254131, 14.12969875, 0.96509612, -0.22385035, -0.08536661, -0.10579807, 0.31085590, 0.19141990, 0.13150255, 0.00000000, 0.00000000, 0.00000000, 0.00000000
4, 3.5601, 341, -0.00499903, 1.07417881, -0.06660784, 11.95781898, -118.26290131, 51.05390930, -61.26863480, 15.98947620, -56.41625214, -2.21023178, 9.36746979, 22.46537399, 1.00000000, 0.00000000, 0.00000000, 0.00000000, 0.10075671, -0.09569222, 0.07980594, 101.52000427, -16.21993637, 35.95000076, 0.00000000
4, 3.5701, 342, -0.03866772, 1.10113752, -0.06695487, 16.92321396, -118.43705750, 52.86354446, -59.31014252, 16.95410728, -55.45162201, -1.90645623, 9.71088409, 23.74173546, 1.00000000, 0.00000000, 0.00000000, 0.00000000, 0.13859545, -0.10524625, 0.10913646, 101.52000427, -16.21993637, 35.95000076, 0.00000000
4, 3.5801, 343, -0.08154001, 1.11698186, -0.06553541, 22.03077698, -116.44213867, 54.95402145, -59.22245026, 17.30488205, -55.24700165, -2.74010444, 7.87640762, 24.78246117, 1.00000000, 0.00000000, 0.00000000, 0.00000000, 0.17705421, -0.11033056, 0.12656204, 101.52000427, -16.21993637, 35.95000076, 0.00000000
2, 3.5800, 358, 0.03851156, 1.20623600, -0.23882061, -20.10833168, -75.13771057, 96.89923096, 1.08155513, 66.44255829, 54.42852783, 27.66772079, 3.88173652, 14.65980244, 0.96353889, -0.23282158, -0.06310523, -0.11577845, 0.34970313, 0.17227501, 0.14781781, 0.00000000, 0.00000000, 0.00000000, 0.00000000
5, 3.7000, 355, 0.09181969, 1.04341352, -0.15742610, 20.81130981, 5.47539902, 109.41407013, -23.47266769, 80.56124115, -87.05056763, 54.76673126, -20.45019722, -25.01772499, 0.87078774, -0.40775254, 0.25192031, 0.10955806, 0.26047099, 0.04296232, -0.23806183, 0.00000000, 0.00000000, 0.00000000, 0.00000000
5, 3.7100, 356, 0.11047646, 1.03580666, -0.17361452, 15.59901333, 15.39462090, 113.71279907, -23.47266769, 80.50277710, -87.05056763, 53.85553360, -19.67379189, -24.62951279, 0.87475890, -0.40345448, 0.24398422, 0.11177254, 0.25191575, 0.05448631, -0.23993318, 0.00000000, 0.00000000, 0.00000000, 0.00000000
5, 3.7200, 357, 0.11798941, 1.03965831, -0.17866570, 11.27931690, 21.95708466, 117.41188812, -22.30341911, 80.76585388, -87.37211609, 52.87159729, -18.91552353, -24.25878525, 0.87891519, -0.39842284, 0.23612608, 0.11406970, 0.26170194, 0.06653773, -0.24827354, 0.00000000, 0.00000000, 0.00000000, 0.00000000
2, 3.5900, 359, -0.00101820, 1.21815121, -0.19216520, -13.14855385, -59.29058075, 100.99583435, 2.54311609, 66.09178162, 54.16544724, 27.65627098, 4.78340006, 15.41771126, 0.96274120, -0.23120834, -0.07218795, -0.12025413, 0.36186504, 0.12261941, 0.16440037, 0.00000000, 0.00000000, 0.00000000, 0.00000000
2, 3.6000, 360, -0.02138715, 1.21878421, -0.15127438, -4.36259174, -35.15774155, 105.45000458, 2.54311609, 66.09178162, 54.16544724, 27.65600586, 5.77069187, 15.93026066, 0.96209782, -0.22962898, -0.08148447, -0.12246868, 0.40178764, 0.08495169, 0.17399767, 0.00000000, 0.00000000, 0.00000000, 0.00000000
2, 3.6100, 361, -0.01330215, 1.20265222, -0.13439718, 4.41370296, -1.23916769, 111.06824493, 4.09237051, 66.73487091, 54.13621521, 27.62398338, 6.86763239, 16.10401344, 0.96178746, -0.22781155, -0.09097042, -0.12161911, 0.40977025, 0.06480222, 0.16838038, 0.00000000, 0.00000000, 0.00000000, 0.00000000
2, 3.6200, 362, 0.02609594, 1.18263209, -0.11430143, 8.78687668, 27.59507751, 118.52666473, 4.91084480, 66.67640686, 54.89622879, 27.52405357, 8.08023643, 15.99883080, 0.96178329, -0.22546625, -0.10078959, -0.11823457, 0.38883564, 0.04148204, 0.16851094, 0.00000000, 0.00000000, 0.00000000, 0.00000000
5, 3.7300, 358, 0.12668575, 1.05646825, -0.19105744, 9.20839500, 27.73358154, 120.55537415, -21.25109673, 80.64893341, -87.57672882, 51.83394623, -18.16007423, -23.91642761, 0.88317525, -0.39281499, 0.22828698, 0.11654605, 0.27563322, 0.09377816, -0.25463605, 0.00000000, 0.00000000, 0.00000000, 0.00000000
5, 3.7400, 359, 0.15005490, 1.07253873, -0.19919924, 9.88475513, 30.97649765, 122.11378479, -20.02338409, 80.06430817, -87.37211609, 53.64038849, -20.22646523, -24.89398956, 0.87498736, -0.39996594, 0.24875887, 0.11199728, 0.27563113, 0.11400388, -0.23481816, 0.00000000, 0.00000000, 0.00000000, 0.00000000
5, 3.7500, 360, 0.18848424, 1.07471538, -0.21908613, 12.19804955, 32.32122803, 122.06381989, -18.88336754, 80.29815674, -88.10289001, 52.57266235, -19.45309830, -24.58163261, 0.87937617, -0.39424157, 0.24092135, 0.11501321, 0.23031206, 0.12529889, -0.18314320, 0.00000000, 0.00000000, 0.00000000, 0.00000000
5, 3.7600, 361, 0.22922976, 1.05592251, -0.23307829, 15.82152939, 30.92101288, 120.73996735, -18.88336754, 80.29815674, -88.10289001, 51.55015182, -18.65239143, -24.30481911, 0.88352668, -0.38875544, 0.23299085, 0.11817396, 0.20850807, 0.13012183, -0.16801980, 0.00000000, 0.00000000, 0.00000000, 0.00000000
5, 3.7700, 362, 0.25652280, 1.02963901, -0.23751576, 17.02646828, 29.29677391, 118.44255829, -18.00643158, 80.32739258, -88.24904633, 50.56839752, -17.84896469, -24.05127716, 0.88745594, -0.38345271, 0.22510293, 0.12130453, 0.19184583, 0.12280667, -0.16477156, 0.00000000, 0.00000000, 0.00000000, 0.00000000
2, 3.6300, 363, 0.07030039, 1.16003156, -0.10826977, 8.96372318, 50.50780869, 126.57223511, 5.40777540, 67.08564758, 54.72084045, 26.93028831, 5.83553648, 15.38422966, 0.96409792, -0.22383323, -0.08018497, -0.11825550, 0.34780747, 0.03278904, 0.16037634, 0.00000000, 0.00000000, 0.00000000, 0.00000000
2, 3.6400, 364, 0.10211407, 1.12834871, -0.12155414, 4.10024786, 66.94615936, 134.82308960, 5.40777540, 67.08564758, 54.72084045, 26.63451195, 7.24681282, 14.91516590, 0.96483892, -0.21995571, -0.09081548, -0.11161539, 0.28576517, 0.04192343, 0.12844627, 0.00000000, 0.00000000, 0.00000000, 0.00000000
2, 3.6500, 365, 0.11271518, 1.10788572, -0.13682815, -5.34416246, 77.54030609, 141.83103943, 6.54779291, 67.23180389, 54.37006760, 26.19236183, 8.72474957, 14.36414528, 0.96570432, -0.21489479, -0.10175098, -0.10431841, 0.29435176, 0.05698431, 0.10764930, 0.00000000, 0.00000000, 0.00000000, 0.00000000
2, 3.6600, 366, 0.11623287, 1.09859812, -0.14777859, -17.32984543, 84.06347656, 146.82592773, 8.30166626, 67.11487579, 54.66238022, 25.59254074, 10.23984718, 13.76836967, 0.96663976, -0.20857987, -0.11283869, -0.09679651, 0.31363368, 0.07440561, 0.09615210, 0.00000000, 0.00000000, 0.00000000, 0.00000000
2, 3.6700, 367, 0.10027051, 1.09569323, -0.15255457, -28.66842651, 88.41886902, 149.70849609, 9.67553329, 66.61795044, 55.33469772, 24.84811211, 11.76768017, 13.13941860, 0.96758151, -0.20115259, -0.12393945, -0.08923388, 0.35409072, 0.09072784, 0.08705893, 0.00000000, 0.00000000, 0.00000000, 0.00000000
4, 3.5901, 344, -0.11734116, 1.10296607, -0.05355327, 24.69903564, -113.30169678, 57.37955856, -58.22858810, 15.84332085, -54.92546082, -2.39511657, 8.28315735, 26.01071739, 1.00000000, 0.00000000, 0.00000000, 0.00000000, 0.19211721, -0.10999328, 0.10965003, 101.52000427, -16.21993637, 35.95000076, 0.00000000
4, 3.6001, 345, -0.17060174, 1.06454575, -0.04132942, 24.63640785, -107.82147980, 58.75479507, -57.67319489, 17.97719955, -55.53931427, -2.04605985, 8.70427608, 27.19007301, 1.00000000, 0.00000000, 0.00000000, 0.00000000, 0.25489533, -0.12089291, 0.07373507, 101.52000427, -16.21993637, 35.95000076, 0.00000000
4, 3.6101, 346, -0.21528658, 1.02086532, -0.02703191, 22.33942986, -99.82752228, 57.95547485, -57.67319489, 17.97719955, -55.53931427, -1.71871805, 9.12288761, 28.29081726, 1.00000000, 0.00000000, 0.00000000, 0.00000000, 0.30952865, -0.13263769, 0.03186329, 101.52000427, -16.21993637, 35.95000076, 0.00000000
4, 3.6201, 347, -0.25065616, 0.99162948, -0.00661836, 18.15926361, -88.96736908, 55.64358521, -56.35778809, 17.97719955, -55.04238510, -1.43656278, 9.53018284, 29.28030014, 1.00000000, 0.00000000, 0.00000000, 0.00000000, 0.35390484, -0.15241615, 0.00252716, 101.52000427, -16.21993637, 35.95000076, 0.00000000
2, 3.6800, 368, 0.07727140, 1.08472419, -0.15555066, -38.16168594, 91.32843018, 150.05482483, 10.61093235, 67.26103210, 55.53931427, 24.84209251, 8.90851974, 12.10883331, 0.96997488, -0.20524859, -0.09804037, -0.08608136, 0.38058212, 0.10011082, 0.06740123, 0.00000000, 0.00000000, 0.00000000, 0.00000000
2, 3.6900, 369, 0.05083370, 1.06555605, -0.15726733, -46.08112717, 93.26081085, 147.03446960, 10.61093235, 67.26103210, 55.53931427, 23.92989731, 10.38543320, 11.45191193, 0.97127068, -0.19659856, -0.10869676, -0.07853290, 0.37066877, 0.09677801, 0.03509412, 0.00000000, 0.00000000, 0.00000000, 0.00000000
2, 3.7000, 370, 0.03156779, 1.03803480, -0.15956536, -50.81372833, 94.01498413, 141.27438354, 12.24788094, 66.85179901, 56.35778809, 22.95342636, 11.78979874, 10.76658058, 0.97244102, -0.18760167, -0.11877473, -0.07111108, 0.40687680, 0.10663212, 0.00185301, 0.00000000, 0.00000000, 0.00000000, 0.00000000
2, 3.7100, 371, 0.01803135, 0.99956417, -0.16866432, -53.50434875, 93.00901794, 133.07707214, 13.24174213, 66.67640686, 55.77316666, 21.94102097, 13.09765911, 10.06420994, 0.97346413, -0.17851229, -0.12811747, -0.06392863, 0.43266165, 0.12010294, -0.04178500, 0.00000000, 0.00000000, 0.00000000, 0.00000000
2, 3.7200, 372, 0.01095263, 0.95540875, -0.17636013, -54.88623810, 89.83068848, 122.69032288, 14.20637226, 66.47179413, 57.26395798, 20.91788101, 14.28771019, 9.36465740, 0.97433770, -0.16953740, -0.13659011, -0.05715165, 0.44894099, 0.13063955, -0.08816811, 0.00000000, 0.00000000, 0.00000000, 0.00000000
2, 3.7300, 373, 0.00910608, 0.90725791, -0.18480463, -55.52903366, 84.57705688, 110.66322327, 15.11254025, 65.50716400, 57.96550751, 22.36562538, 10.29380322, 8.30151653, 0.97575450, -0.18628141, -0.10175644, -0.05336782, 0.43537390, 0.12891425, -0.13760746, 0.00000000, 0.00000000, 0.00000000, 0.00000000
2, 3.7400, 374, 0.00956488, 0.85740560, -0.19498193, -55.64598083, 77.08705902, 97.36321259, 15.11254025, 65.50716400, 57.96550751, 21.44800949, 11.23274136, 7.73315287, 0.97682065, -0.17827916, -0.10842672, -0.04776797, 0.37407601, 0.10390380, -0.19098875, 0.00000000, 0.00000000, 0.00000000, 0.00000000
2, 3.7500, 375, 0.00685599, 0.81410670, -0.19570792, -55.17881393, 68.38396454, 83.29106140, 16.28178787, 64.92253876, 58.25782013, 20.57277489, 12.02173138, 7.22748661, 0.97775090, -0.17073929, -0.11402236, -0.04301390, 0.38044336, 0.10548414, -0.23421381, 0.00000000, 0.00000000, 0.00000000, 0.00000000
5, 3.7800, 363, 0.27322972, 0.99684286, -0.23876701, 16.03764153, 28.03648376, 115.42814636, -17.01256943, 79.50891113, -87.92750549, 49.61918640, -17.06492043, -23.81201935, 0.89119369, -0.37824827, 0.21738797, 0.12427630, 0.17571945, 0.10889825, -0.17175180, 0.00000000, 0.00000000, 0.00000000, 0.00000000
5, 3.7900, 364, 0.28425792, 0.96277022, -0.23753424, 13.57801914, 27.76151466, 112.19305420, -16.07716942, 79.27506256, -88.42443848, 50.94993973, -18.05509567, -24.64441109, 0.88545394, -0.38477278, 0.22904396, 0.12433891, 0.15432294, 0.08820450, -0.17469221, 0.00000000, 0.00000000, 0.00000000, 0.00000000
5, 3.8000, 365, 0.29908159, 0.92671824, -0.23574570, 10.21665478, 28.39784241, 108.39526367, -15.25869656, 79.01198578, -88.13212585, 50.02117920, -17.36085701, -24.39767075, 0.88910425, -0.37960538, 0.22199610, 0.12692998, 0.11537203, 0.05696918, -0.15691353, 0.00000000, 0.00000000, 0.00000000, 0.00000000
5, 3.8100, 366, 0.31994584, 0.88948631, -0.24262641, 6.01979494, 30.06355286, 102.75737000, -15.25869656, 79.01198578, -88.13212585, 49.11244583, -16.73372459, -24.17353821, 0.89258701, -0.37433469, 0.21551040, 0.12929524, 0.08897608, 0.04466466, -0.16100888, 0.00000000, 0.00000000, 0.00000000, 0.00000000
5, 3.8200, 367, 0.34873626, 0.85326612, -0.25261128, 1.21903753, 31.43521309, 96.08610535, -14.44022179, 77.43349457, -88.24904633, 48.22853088, -16.18449974, -23.96790123, 0.89589167, -0.36899611, 0.20966993, 0.13137244, 0.05763877, 0.03574612, -0.15729225, 0.00000000, 0.00000000, 0.00000000, 0.00000000
5, 3.8300, 368, 0.37494016, 0.81957901, -0.26290193, -2.64218307, 31.31145859, 88.19298553, -13.21251106, 78.31043243, -87.98596954, 47.38969803, -15.71092796, -23.77915382, 0.89896125, -0.36376899, 0.20448555, 0.13314106, 0.02746638, 0.02888970, -0.15465014, 0.00000000, 0.00000000, 0.00000000, 0.00000000
2, 3.7600, 376, 0.01324365, 0.78422403, -0.19237794, -55.02875137, 59.70582962, 66.58352661, 16.69102669, 63.60713196, 58.55013275, 19.74331665, 12.63679123, 6.79010344, 0.97860873, -0.16368037, -0.11832482, -0.03915432, 0.37885454, 0.10683401, -0.26141202, 0.00000000, 0.00000000, 0.00000000, 0.00000000
5, 3.8400, 369, 0.39309207, 0.78888142, -0.27219567, -6.34896898, 29.91158104, 79.09323883, -12.83250523, 78.25197601, -88.10289001, 48.28828430, -15.46012497, -24.70820618, 0.89506006, -0.36967057, 0.20661588, 0.13971841, 0.00066302, 0.01850640, -0.15238434, 0.00000000, 0.00000000, 0.00000000, 0.00000000
5, 3.8500, 370, 0.40433991, 0.76258981, -0.27828130, -9.68982124, 27.53574753, 69.42225647, -12.01403046, 78.25197601, -88.24904633, 47.57718658, -15.14920807, -24.52840424, 0.89764953, -0.36509669, 0.20279980, 0.14071989, -0.02143517, -0.00111195, -0.14334279, 0.00000000, 0.00000000, 0.00000000, 0.00000000
4, 3.6301, 348, -0.26625609, 0.97745419, 0.01120599, 15.34836769, -76.21355438, 52.63888550, -56.03624725, 18.35720444, -54.60391617, -3.09597063, 5.80279112, 29.72066307, 1.00000000, 0.00000000, 0.00000000, 0.00000000, 0.35958308, -0.16342610, -0.01485230, 101.52000427, -16.21993637, 35.95000076, 0.00000000
4, 3.6401, 349, -0.28636041, 0.96635711, 0.00469704, 15.24621677, -60.51337433, 49.07143784, -55.33469772, 18.53259277, -55.59777832, -2.91466141, 6.20762968, 30.39830017, 1.00000000, 0.00000000, 0.00000000, 0.00000000, 0.33374023, -0.13356286, -0.02899037, 101.52000427, -16.21993637, 35.95000076, 0.00000000
2, 3.7700, 377, 0.02557323, 0.77797514, -0.18797378, -55.60998535, 53.46929169, 45.68306732, 17.10026360, 65.33177185, 59.28091049, 18.94935799, 13.03769779, 6.40425253, 0.97949511, -0.15703690, -0.12094200, -0.03608113, 0.37404492, 0.11415699, -0.26534522, 0.00000000, 0.00000000, 0.00000000, 0.00000000
5, 3.8600, 371, 0.40771019, 0.74489582, -0.27165699, -11.85777283, 25.42756653, 60.63655853, -12.01403046, 78.25197601, -88.24904633, 46.93392563, -14.90340614, -24.36143112, 0.89996338, -0.36086673, 0.19959858, 0.14142706, -0.02638009, -0.01112165, -0.15198681, 0.00000000, 0.00000000, 0.00000000, 0.00000000
5, 3.8700, 372, 0.39820009, 0.72787261, -0.28538764, -14.96090698, 25.33086014, 50.42099762, -11.48786926, 76.29347992, -87.69365692, 46.35277557, -14.74487019, -24.21829224, 0.90200633, -0.35687938, 0.19721517, 0.14187329, -0.04094390, -0.00581595, -0.17581716, 0.00000000, 0.00000000, 0.00000000, 0.00000000
5, 3.8800, 373, 0.38566127, 0.70473063, -0.30123407, -18.66838646, 29.09887695, 44.44139862, -10.75708866, 77.25811005, -87.25518799, 45.77787018, -14.66129494, -24.10097885, 0.90395653, -0.35272506, 0.19549593, 0.14222871, -0.06161077, -0.00296007, -0.20372620, 0.00000000, 0.00000000, 0.00000000, 0.00000000
4, 3.6501, 350, -0.31496096, 0.97231627, -0.01782118, 15.19724655, -42.62956619, 45.94405365, -55.33469772, 18.53259277, -55.59777832, -2.73827028, 6.60412693, 30.89542961, 1.00000000, 0.00000000, 0.00000000, 0.00000000, 0.36859831, -0.11569785, -0.01660633, 101.52000427, -16.21993637, 35.95000076, 0.00000000
4, 3.6601, 351, -0.32284319, 0.99185401, -0.04575326, 16.06304169, -23.77610779, 42.69258881, -55.18854141, 18.79567337, -55.74393463, -2.56072187, 6.99363232, 31.20247269, 1.00000000, 0.00000000, 0.00000000, 0.00000000, 0.38178417, -0.09497869, 0.00889181, 101.52000427, -16.21993637, 35.95000076, 0.00000000
4, 3.6701, 352, -0.30207098, 0.99125320, -0.08008514, 18.47673416, -5.50232553, 39.20534515, -54.45775986, 18.29874229, -55.39315796, -2.36872292, 7.37413454, 31.32550621, 1.00000000, 0.00000000, 0.00000000, 0.00000000, 0.36735588, -0.06441676, 0.01412668, 101.52000427, -16.21993637, 35.95000076, 0.00000000
5, 3.8900, 374, 0.36320654, 0.66608739, -0.29178068, -23.90077782, 34.12550735, 39.17720413, -11.04940033, 77.46273041, -87.02133942, 47.33604813, -14.26565170, -25.51749229, 0.89736766, -0.36337867, 0.19888723, 0.15208921, -0.07397109, -0.03546946, -0.23299094, 0.00000000, 0.00000000, 0.00000000, 0.00000000
4, 3.6801, 353, -0.25577855, 0.98212165, -0.11496323, 18.87069893, 7.94939995, 36.09221649, -53.78544235, 16.89564514, -55.94855118, -2.44690061, 4.30820084, 30.63918686, 1.00000000, 0.00000000, 0.00000000, 0.00000000, 0.31284773, -0.03056578, 0.00804941, 101.52000427, -16.21993637, 35.95000076, 0.00000000
4, 3.6901, 354, -0.19791491, 0.97254813, -0.13293926, 17.52258110, 19.90708160, 31.26171112, -54.13621521, 18.91259766, -56.27009583, -2.27468657, 4.64706516, 30.49847794, 1.00000000, 0.00000000, 0.00000000, 0.00000000, 0.21686564, -0.01060348, -0.00559101, 101.52000427, -16.21993637, 35.95000076, 0.00000000
4, 3.7001, 355, -0.14732400, 0.95925498, -0.14005199, 13.92040920, 27.58415794, 26.34909439, -54.13621521, 18.91259766, -56.27009583, -2.14116263, 4.94907999, 30.27305412, 1.00000000, 0.00000000, 0.00000000, 0.00000000, 0.17257695, -0.00374194, -0.02002412, 101.52000427, -16.21993637, 35.95000076, 0.00000000
4, 3.7101, 356, -0.10021700, 0.96296883, -0.14419882, 9.25949287, 34.52990341, 21.74250412, -53.81467438, 19.20491028, -55.97778320, -2.05753064, 5.21636343, 29.96949387, 1.00000000, 0.00000000, 0.00000000, 0.00000000, 0.13015591, -0.00217073, -0.01811329, 101.52000427, -16.21993637, 35.95000076, 0.00000000
4, 3.7201, 357, -0.05181570, 0.97410113, -0.15837276, 4.86901712, 40.86696243, 17.48543167, -53.40543747, 19.11721611, -56.15317154, -2.02145100, 5.45142651, 29.59416199, 1.00000000, 0.00000000, 0.00000000, 0.00000000, 0.08531202, 0.00873349, -0.00713181, 101.52000427, -16.21993637, 35.95000076, 0.00000000
5, 3.9000, 375, 0.35305589, 0.64754128, -0.26143762, -29.70548439, 39.17334366, 32.81665039, -10.75708866, 77.34580231, -86.08593750, 46.73934555, -14.36599827, -25.44092751, 0.89932799, -0.35861543, 0.19862136, 0.15216368, -0.06092597, -0.08309913, -0.22904906, 0.00000000, 0.00000000, 0.00000000, 0.00000000
5, 3.9100, 376, 0.38063043, 0.66591108, -0.24032883, -32.85895920, 43.56925583, 24.07584190, -10.75708866, 77.34580231, -86.08593750, 46.16720200, -14.55813122, -25.40720558, 0.90110636, -0.35376170, 0.19922942, 0.15220942, -0.04577458, -0.07944019, -0.20094119, 0.00000000, 0.00000000, 0.00000000, 0.00000000
4, 3.7301, 358, -0.01215621, 0.99207419, -0.17877825, 1.09938967, 47.12929535, 13.66734886, -53.40543747, 18.97106171, -56.38702011, -1.61693931, 5.23717642, 28.85309982, 1.00000000, 0.00000000, 0.00000000, 0.00000000, 0.04636208, 0.02347333, 0.01201551, 101.52000427, -16.21993637, 35.95000076, 0.00000000
4, 3.7401, 359, 0.01687692, 1.00986755, -0.20862053, -1.14299250, 53.05730820, 10.45599651, -53.78544235, 19.17568016, -56.24086380, -1.64520955, 5.42475796, 28.34393311, 1.00000000, 0.00000000, 0.00000000, 0.00000000, 0.01387303, 0.04449874, 0.03290760, 101.52000427, -16.21993637, 35.95000076, 0.00000000
2, 3.7800, 378, 0.04933699, 0.76609796, -0.18806534, -55.46415329, 47.74167633, 23.24274826, 16.66179466, 64.22098541, 59.57322311, 21.31183434, 9.46853161, 5.57659101, 0.97898531, -0.18011571, -0.08997960, -0.03240031, 0.33653128, 0.10936826, -0.27176943, 0.00000000, 0.00000000, 0.00000000, 0.00000000
5, 3.9200, 377, 0.45575827, 0.68356621, -0.24362874, -33.02805328, 46.01588058, 11.97320271, -10.49400711, 77.52119446, -86.61209869, 45.66912842, -14.83922482, -25.43591499, 0.90252280, -0.34917954, 0.20081396, 0.15231544, -0.06279296, -0.05826068, -0.13180266, 0.00000000, 0.00000000, 0.00000000, 0.00000000
4, 3.7501, 360, 0.03088931, 1.02081537, -0.23304644, -1.83925569, 58.53309250, 7.67431784, -53.78544235, 19.17568016, -56.24086380, -1.68412244, 5.59322214, 27.77541161, 1.00000000, 0.00000000, 0.00000000, 0.00000000, 0.00200666, 0.06705652, 0.04765847, 101.52000427, -16.21993637, 35.95000076, 0.00000000
4, 3.7601, 361, 0.04266275, 1.02247596, -0.25537029, -1.82248831, 63.54329681, 4.97352171, -53.37620544, 18.97106171, -56.53317642, -1.72649670, 5.74251747, 27.15276718, 1.00000000, 0.00000000, 0.00000000, 0.00000000, -0.00738387, 0.08938611, 0.05302563, 101.52000427, -16.21993637, 35.95000076, 0.00000000
4, 3.7701, 362, 0.05794660, 1.01789010, -0.26850110, -1.51472557, 67.58193970, 2.66752362, -53.52236176, 19.17568016, -56.53317642, -1.76906455, 5.87491846, 26.48637772, 1.00000000, 0.00000000, 0.00000000, 0.00000000, -0.02010623, 0.10387896, 0.05031651, 101.52000427, -16.21993637, 35.95000076, 0.00000000
5, 3.9300, 378, 0.52545035, 0.68559909, -0.25657502, -30.88315773, 42.23146057, -0.92082477, -10.14323330, 75.59193420, -86.34902191, 45.29632950, -15.18119049, -25.50433350, 0.90346313, -0.34537277, 0.20315406, 0.15231685, -0.09656505, -0.04121673, -0.07181476, 0.00000000, 0.00000000, 0.00000000, 0.00000000
4, 3.7801, 363, 0.07857660, 1.01523459, -0.27571499, -0.23603499, 69.92967224, 0.51919013, -53.96083069, 19.23414230, -56.56240845, -0.58805346, 6.41047668, 25.23643875, 1.00000000, 0.00000000, 0.00000000, 0.00000000, -0.03668719, 0.10684070, 0.04813189, 101.52000427, -16.21993637, 35.95000076, 0.00000000
4, 3.7901, 364, 0.10825996, 1.00854456, -0.27486056, 2.78943777, 71.11814117, -1.18178988, -53.96083069, 19.23414230, -56.56240845, -0.59691679, 6.52457857, 24.53286743, 1.00000000, 0.00000000, 0.00000000, 0.00000000, -0.05845390, 0.09178413, 0.04009958, 101.52000427, -16.21993637, 35.95000076, 0.00000000
4, 3.8001, 365, 0.13412303, 0.97898513, -0.27833706, 7.94976759, 71.44438934, -2.63027191, -53.87313461, 19.11721611, -56.32855988, -0.55552453, 6.62521744, 23.82653046, 1.00000000, 0.00000000, 0.00000000, 0.00000000, -0.08071138, 0.10035609, 0.01039932, 101.52000427, -16.21993637, 35.95000076, 0.00000000
4, 3.8101, 366, 0.12995467, 0.93812931, -0.28979838, 12.42283726, 71.19920349, -4.02208090, -54.34083557, 19.11721611, -56.29932785, -0.47032982, 6.71255589, 23.12284660, 1.00000000, 0.00000000, 0.00000000, 0.00000000, -0.07263698, 0.11801897, -0.02709439, 101.52000427, -16.21993637, 35.95000076, 0.00000000
4, 3.8201, 367, 0.10586998, 0.90618837, -0.29091266, 11.30395794, 69.41511536, -5.86283398, -54.98392105, 18.88336754, -56.62086868, -0.39650539, 6.77961588, 22.43279839, 1.00000000, 0.00000000, 0.00000000, 0.00000000, -0.04540454, 0.12363876, -0.05660198, 101.52000427, -16.21993637, 35.95000076, 0.00000000
4, 3.8301, 368, 0.09576134, 0.89651042, -0.27000442, 5.21190977, 66.27576447, -7.69132853, -54.95469284, 18.12335587, -57.35165024, 0.75588232, 7.34625959, 21.30756950, 1.00000000, 0.00000000, 0.00000000, 0.00000000, -0.03131624, 0.09931411, -0.06897780, 101.52000427, -16.21993637, 35.95000076, 0.00000000
2, 3.7900, 379, 0.11450344, 0.74144268, -0.18760042, -52.77402496, 45.22774506, 7.41938162, 16.66179466, 64.22098541, 59.57322311, 20.63328743, 9.50032902, 5.26571989, 0.98010015, -0.17454195, -0.08958454, -0.03022322, 0.22088715, 0.07138100, -0.27650118, 0.00000000, 0.00000000, 0.00000000, 0.00000000
2, 3.8000, 380, 0.16415782, 0.70645893, -0.18208531, -48.64477921, 43.34455872, 0.15193319, 16.98333740, 64.45483398, 59.66091537, 20.00652885, 9.45991993, 4.96068764, 0.98114449, -0.16943617, -0.08862171, -0.02816343, 0.16449760, 0.06497088, -0.29758143, 0.00000000, 0.00000000, 0.00000000, 0.00000000
4, 3.8401, 369, 0.10754235, 0.90660375, -0.25311586, -1.00937355, 61.62839127, -10.15532207, -54.95469284, 18.12335587, -57.35165024, 0.70317572, 7.36970854, 20.67877769, 1.00000000, 0.00000000, 0.00000000, 0.00000000, -0.03614300, 0.06655918, -0.06199382, 101.52000427, -16.21993637, 35.95000076, 0.00000000
4, 3.8501, 370, 0.13410968, 0.92509794, -0.24833345, -4.22429514, 55.90659714, -13.01759052, -55.01315308, 18.88336754, -57.03010941, 0.62148219, 7.35302544, 20.09872055, 1.00000000, 0.00000000, 0.00000000, 0.00000000, -0.06373748, 0.05966970, -0.04638428, 101.52000427, -16.21993637, 35.95000076, 0.00000000
4, 3.8601, 371, 0.16119343, 0.93944180, -0.24720427, -4.96839476, 49.36568832, -15.04050350, -55.04238510, 18.38643646, -57.08856964, 0.53670239, 7.30278254, 19.57880783, 1.00000000, 0.00000000, 0.00000000, 0.00000000, -0.09227839, 0.05736021, -0.03427656, 101.52000427, -16.21993637, 35.95000076, 0.00000000
5, 3.9400, 379, 0.57201064, 0.67967188, -0.26480368, -28.29197884, 32.94440460, -11.49803925, -10.61093235, 77.19964600, -85.15054321, 45.01865387, -14.11817265, -26.18887711, 0.90363461, -0.34433171, 0.19665456, 0.16188632, -0.12044939, -0.03541673, -0.03415046, 0.00000000, 0.00000000, 0.00000000, 0.00000000
4, 3.8701, 372, 0.18330105, 0.94799876, -0.25271350, -3.10634828, 42.85281754, -16.33364677, -55.53931427, 19.17568016, -57.14703369, 0.47532371, 7.22643375, 19.12187386, 1.00000000, 0.00000000, 0.00000000, 0.00000000, -0.11608032, 0.06241226, -0.02636079, 101.52000427, -16.21993637, 35.95000076, 0.00000000
4, 3.8801, 373, 0.19610520, 0.94684643, -0.25893885, -0.80278474, 36.46675873, -16.86617661, -55.39315796, 17.62642479, -57.90704346, 1.22427988, 8.61420727, 18.30460358, 1.00000000, 0.00000000, 0.00000000, 0.00000000, -0.12398550, 0.06612589, -0.02637139, 101.52000427, -16.21993637, 35.95000076, 0.00000000
4, 3.8901, 374, 0.19548747, 0.94657046, -0.24796300, 0.16786844, 30.26854324, -16.35457611, -55.39315796, 17.62642479, -57.90704346, 1.19624650, 8.51707745, 17.97154427, 1.00000000, 0.00000000, 0.00000000, 0.00000000, -0.10568691, 0.04578210, -0.02609327, 101.52000427, -16.21993637, 35.95000076, 0.00000000
2, 3.8100, 381, 0.19485769, 0.67644262, -0.17436086, -44.78175354, 41.44552231, -3.04056478, 17.94796753, 64.13329315, 61.00555420, 19.42627716, 9.38805676, 4.66463232, 0.98210692, -0.16472763, -0.08743756, -0.02618211, 0.12708387, 0.05730467, -0.31808507, 0.00000000, 0.00000000, 0.00000000, 0.00000000
4, 3.9001, 375, 0.20077556, 0.95211589, -0.22842585, -1.04490268, 24.17220306, -14.92174625, -55.56854630, 16.51563835, -56.82548904, 1.16208851, 8.42118263, 17.70105934, 1.00000000, 0.00000000, 0.00000000, 0.00000000, -0.11274788, 0.02607144, -0.02488430, 101.52000427, -16.21993637, 35.95000076, 0.00000000
2, 3.8200, 382, 0.21590321, 0.66103631, -0.16619080, -43.11448288, 40.11938477, -5.45110893, 16.80795097, 63.84098053, 61.73633194, 18.86943626, 9.29091072, 4.37806034, 0.98302197, -0.16021428, -0.08607654, -0.02428958, 0.10216322, 0.05358507, -0.32746390, 0.00000000, 0.00000000, 0.00000000, 0.00000000
5, 3.9500, 380, 0.59339827, 0.67922795, -0.26470074, -25.41645813, 21.06440544, -20.59837914, -11.25401878, 77.05348969, -85.67670441, 44.93029404, -14.49222183, -26.23152161, 0.90375459, -0.34273130, 0.19953725, 0.16108374, -0.11551619, -0.03592238, -0.01821886, 0.00000000, 0.00000000, 0.00000000, 0.00000000
2, 3.8300, 383, 0.22370614, 0.66133010, -0.16833730, -41.58956909, 40.04388046, -8.22988701, 16.51563835, 64.07482910, 62.32095718, 21.13583946, 8.56307697, 3.15001273, 0.98030078, -0.18080281, -0.07839016, -0.01325691, 0.08995375, 0.05297892, -0.32547659, 0.00000000, 0.00000000, 0.00000000, 0.00000000
2, 3.8400, 384, 0.22662134, 0.67414683, -0.18003207, -39.05353546, 40.20600891, -12.88686275, 16.51563835, 64.07482910, 62.32095718, 20.62631989, 8.40427303, 2.84765339, 0.98122221, -0.17670041, -0.07650578, -0.01126644, 0.07900565, 0.04202649, -0.30911961, 0.00000000, 0.00000000, 0.00000000, 0.00000000
2, 3.8500, 385, 0.22831616, 0.68869936, -0.19284724, -35.74283600, 39.68535233, -19.81484032, 15.93101406, 64.48406982, 62.70096207, 20.15654755, 8.17691040, 2.54175258, 0.98209924, -0.17294818, -0.07405037, -0.00930801, 0.07638726, 0.06662295, -0.30295476, 0.00000000, 0.00000000, 0.00000000, 0.00000000
2, 3.8600, 386, 0.23876119, 0.70665920, -0.20333771, -31.46465111, 37.74940491, -29.51389313, 15.60947037, 63.89944458, 62.40865326, 19.74385262, 7.85444546, 2.24417138, 0.98292160, -0.16968958, -0.07081178, -0.00750759, 0.06491031, 0.08931248, -0.29048100, 0.00000000, 0.00000000, 0.00000000, 0.00000000
2, 3.8700, 387, 0.27140829, 0.74449605, -0.23027433, -25.84296608, 32.87971878, -41.28939438, 15.11254025, 63.84098053, 62.78865814, 19.41409111, 7.41807365, 1.98092413, 0.98365974, -0.16713002, -0.06666247, -0.00609705, 0.03357472, 0.13283603, -0.25910696, 0.00000000, 0.00000000, 0.00000000, 0.00000000
2, 3.8800, 388, 0.32095930, 0.80189973, -0.25836301, -20.06723404, 25.27273178, -53.32601547, 15.11254025, 63.84098053, 62.58403778, 22.33622551, 7.49953175, 0.47839537, 0.97900724, -0.19300413, -0.06496689, 0.00857997, -0.00859736, 0.16980869, -0.20035972, 0.00000000, 0.00000000, 0.00000000, 0.00000000
5, 3.9600, 381, 0.59705621, 0.69386530, -0.26023147, -22.49402428, 9.92857742, -28.75270081, -11.13709450, 76.96579742, -85.64746857, 44.97679138, -14.86770439, -26.25387573, 0.90348965, -0.34222111, 0.20255741, 0.15988062, -0.10975889, -0.02835776, -0.00930045, 0.00000000, 0.00000000, 0.00000000, 0.00000000
5, 3.9700, 382, 0.58891952, 0.72785354, -0.24452725, -18.44594002, 1.45090449, -36.22704697, -11.13709450, 76.96579742, -85.64746857, 45.14425659, -15.24052238, -26.27931404, 0.90285134, -0.34265974, 0.20573029, 0.15848978, -0.07945177, -0.01786102, -0.00325041, 0.00000000, 0.00000000, 0.00000000, 0.00000000
5, 3.9800, 383, 0.57330877, 0.76628006, -0.22962171, -13.15001106, -2.87003899, -43.74089050, -10.99093819, 77.84273529, -84.53668213, 45.41707993, -15.61498547, -26.34475517, 0.90183347, -0.34384492, 0.20917392, 0.15720521, -0.04415316, -0.00506599, -0.00212336, 0.00000000, 0.00000000, 0.00000000, 0.00000000
5, 3.9900, 384, 0.54353899, 0.79753923, -0.21116664, -8.74036884, -1.28754890, -50.08622360, -11.69248772, 78.10581970, -85.26746368, 45.91237640, -16.11727905, -26.51305008, 0.89995438, -0.34628478, 0.21419889, 0.15584587, -0.00795011, -0.00099910, -0.01369950, 0.00000000, 0.00000000, 0.00000000, 0.00000000
2, 3.8900, 389, 0.36890739, 0.86116034, -0.26574123, -11.78733730, 15.81860733, -64.74725342, 14.61560917, 64.04560089, 62.58403778, 22.21880341, 6.85007143, 0.31285459, 0.97953618, -0.19217803, -0.05914793, 0.00883710, -0.04333841, 0.16062576, -0.12299325, 0.00000000, 0.00000000, 0.00000000, 0.00000000
2, 3.9000, 390, 0.39913231, 0.90681821, -0.24343497, -0.37736520, 7.06166553, -73.06553650, 14.08944702, 64.65945435, 62.87635040, 22.24835587, 6.12575865, 0.20059128, 0.97982627, -0.19256832, -0.05276512, 0.00859377, -0.07145503, 0.15461090, -0.06787886, 0.00000000, 0.00000000, 0.00000000, 0.00000000
2, 3.9100, 391, 0.42394048, 0.95413762, -0.19379826, 12.95822048, 3.11811328, -77.53775024, 13.73867321, 64.74714661, 62.99327469, 22.42193413, 5.36887980, 0.09040812, 0.97984844, -0.19417240, -0.04609466, 0.00833273, -0.09242516, 0.12103917, -0.00289133, 0.00000000, 0.00000000, 0.00000000, 0.00000000
2, 3.9200, 392, 0.45022616, 1.00270891, -0.14238918, 27.73828506, 4.69722843, -78.06296539, 12.77404213, 65.24407959, 62.29172516, 22.73149681, 4.62276888, -0.07431033, 0.97958624, -0.19693650, -0.03941170, 0.00858319, -0.11446777, 0.08402529, 0.06527589, 0.00000000, 0.00000000, 0.00000000, 0.00000000
2, 3.9300, 393, 0.47226724, 1.03440630, -0.09904908, 42.14622116, 9.35220623, -75.52431488, 12.77404213, 65.24407959, 62.29172516, 22.99416161, 5.23656082, -0.74535584, 0.97883201, -0.19939685, -0.04346905, 0.01547223, -0.13099279, 0.04791098, 0.11560538, 0.00000000, 0.00000000, 0.00000000, 0.00000000
2, 3.9400, 394, 0.48860675, 1.04260767, -0.04501931, 53.29322052, 16.81536484, -71.44931030, 12.04326248, 64.83484650, 62.55480957, 23.49941826, 4.59110641, -1.09292006, 0.97813863, -0.20383808, -0.03727257, 0.01748619, -0.13450691, -0.00585195, 0.14746912, 0.00000000, 0.00000000, 0.00000000, 0.00000000
2, 3.9500, 395, 0.51756960, 1.04867053, 0.00826331, 59.95644760, 26.81198883, -66.96404266, 11.75094986, 64.80561066, 60.97632217, 24.03567123, 4.00674391, -1.55507648, 0.97729623, -0.20853366, -0.03136516, 0.02054286, -0.16692534, -0.06285276, 0.18052137, 0.00000000, 0.00000000, 0.00000000, 0.00000000
4, 3.9101, 376, 0.20311670, 0.96439022, -0.19163115, -2.87462401, 17.49493408, -12.82318974, -55.74393463, 16.66179466, -57.32241821, 1.11597216, 8.33187294, 17.49988365, 1.00000000, 0.00000000, 0.00000000, 0.00000000, -0.11698374, -0.01165319, -0.02010693, 101.52000427, -16.21993637, 35.95000076, 0.00000000
4, 3.9201, 377, 0.19946146, 0.97046864, -0.16276224, -4.34614992, 10.34960938, -10.53147984, -56.53317642, 19.00029182, -57.70242691, 1.06168592, 8.25015450, 17.37319374, 1.00000000, 0.00000000, 0.00000000, 0.00000000, -0.11484034, -0.04026897, -0.01954475, 101.52000427, -16.21993637, 35.95000076, 0.00000000
4, 3.9301, 378, 0.17805661, 0.97561717, -0.13358656, -6.60662842, 4.19290304, -7.59404039, -56.53317642, 19.00029182, -57.70242691, 0.14339003, 9.11073399, 17.21522713, 1.00000000, 0.00000000, 0.00000000, 0.00000000, -0.09070116, -0.06513035, -0.01827078, 101.52000427, -16.21993637, 35.95000076, 0.00000000
4, 3.9401, 379, 0.14346501, 0.98721611, -0.11342720, -9.37714195, 2.10148621, -5.47878456, -55.71470261, 17.97719955, -57.38088226, 0.04582072, 9.06090641, 17.17814636, 1.00000000, 0.00000000, 0.00000000, 0.00000000, -0.04560892, -0.07462447, -0.00700215, 101.52000427, -16.21993637, 35.95000076, 0.00000000
2, 3.9600, 396, 0.56861061, 1.07474029, 0.04461721, 62.00434875, 40.17139435, -63.70021057, 10.87401295, 65.68254852, 60.88862991, 24.55150414, 3.47086239, -2.15348816, 0.97639406, -0.21303785, -0.02559311, 0.02479136, -0.21620345, -0.09715903, 0.23238307, 0.00000000, 0.00000000, 0.00000000, 0.00000000
4, 3.9501, 380, 0.09515718, 1.00471747, -0.10448790, -12.85062408, 3.79875374, -4.16917515, -56.27009583, 18.26951218, -57.23472595, -0.08811636, 9.02703762, 17.12465858, 1.00000000, 0.00000000, 0.00000000, 0.00000000, 0.00098170, -0.08461342, 0.01131455, 101.52000427, -16.21993637, 35.95000076, 0.00000000
5, 4.0000, 385, 0.51520669, 0.82328212, -0.18778361, -6.43293524, 5.40747595, -54.67053223, -12.01403046, 77.95966339, -85.15054321, 46.25984192, -16.54194450, -26.73075867, 0.89846599, -0.34762260, 0.21856746, 0.15538932, 0.02561396, -0.00514920, -0.02257055, 0.00000000, 0.00000000, 0.00000000, 0.00000000
2, 3.9700, 397, 0.62619984, 1.09242892, 0.05237967, 58.16130829, 49.64716721, -63.28497696, 10.61093235, 64.92253876, 61.23940277, 25.00715828, 2.94758558, -2.83823752, 0.97552240, -0.21698438, -0.01974196, 0.02973700, -0.27593675, -0.10645293, 0.26900557, 0.00000000, 0.00000000, 0.00000000, 0.00000000
4, 3.9601, 381, 0.04633101, 1.02730858, -0.11549014, -15.09477806, 9.40984154, -3.70442224, -56.76702499, 17.65565681, -56.53317642, -0.24993095, 9.00791264, 17.01500893, 1.00000000, 0.00000000, 0.00000000, 0.00000000, 0.04782078, -0.07538962, 0.03842320, 101.52000427, -16.21993637, 35.95000076, 0.00000000
2, 3.9800, 398, 0.66020966, 1.07570267, 0.06666548, 51.34941101, 56.93557358, -61.67502213, 10.61093235, 64.92253876, 61.23940277, 23.23187065, 5.30276585, -3.93459320, 0.97757423, -0.20257168, -0.03837995, 0.04289871, -0.30815426, -0.12321553, 0.26673788, 0.00000000, 0.00000000, 0.00000000, 0.00000000
5, 4.0100, 386, 0.50503117, 0.84369171, -0.16705666, -6.40561581, 15.68754387, -57.77333450, -12.48173046, 78.16427612, -84.82899475, 46.57999039, -17.01552391, -27.03351784, 0.89691848, -0.34844199, 0.22352065, 0.15544754, 0.04875696, -0.00934100, -0.01764385, 0.00000000, 0.00000000, 0.00000000, 0.00000000
5, 4.0200, 387, 0.51001930, 0.86786902, -0.15207601, -8.01484203, 26.54070663, -58.47561646, -12.48173046, 78.16427612, -84.82899475, 46.84511948, -17.53443336, -27.40456963, 0.89541888, -0.34855375, 0.22894064, 0.15595400, 0.06546712, -0.00593926, 0.00104816, 0.00000000, 0.00000000, 0.00000000, 0.00000000
5, 4.0300, 388, 0.53112763, 0.90153801, -0.14285292, -9.43617058, 35.53685760, -57.19153214, -13.88482857, 78.22274017, -84.65361023, 47.05196381, -18.07872009, -27.82450676, 0.89400840, -0.34800783, 0.23460923, 0.15683831, 0.07975715, 0.00897120, 0.03552451, 0.00000000, 0.00000000, 0.00000000, 0.00000000
5, 4.0400, 389, 0.56984764, 0.92503500, -0.14731424, -8.92808914, 44.14791870, -54.39889526, -13.91405964, 78.60274506, -84.82899475, 46.69976044, -18.96259689, -27.90444946, 0.89458513, -0.34293228, 0.24103130, 0.15498002, 0.07118300, 0.02990224, 0.07978112, 0.00000000, 0.00000000, 0.00000000, 0.00000000
2, 3.9900, 399, 0.67546308, 1.03207362, 0.09527420, 42.25326157, 65.02819824, -55.55672836, 9.70476437, 66.29640198, 59.48553085, 23.45910835, 4.83151102, -4.71249199, 0.97706854, -0.20463663, -0.03288485, 0.04877996, -0.30230540, -0.14283037, 0.23237583, 0.00000000, 0.00000000, 0.00000000, 0.00000000
2, 4.0000, 400, 0.66217113, 0.98279667, 0.11886831, 32.40137863, 74.92095184, -43.79878616, 8.71090317, 64.48406982, 59.01782990, 23.55715561, 4.47479200, -5.55384779, 0.97666276, -0.20558640, -0.02829104, 0.05535107, -0.30657515, -0.18403085, 0.19207102, 0.00000000, 0.00000000, 0.00000000, 0.00000000
4, 3.9701, 382, -0.00129500, 1.04365551, -0.12843408, -14.73544884, 17.84939003, -3.99426270, -56.73779678, 17.56796265, -56.91318130, -0.41623923, 9.00090885, 16.82122040, 1.00000000, 0.00000000, 0.00000000, 0.00000000, 0.09404667, -0.06286576, 0.05974430, 101.52000427, -16.21993637, 35.95000076, 0.00000000
5, 4.0500, 390, 0.59839922, 0.94046593, -0.16423325, -6.91171503, 47.41477585, -50.43837357, -14.49868488, 78.39812469, -84.53668213, 46.82051849, -19.47985649, -28.39524460, 0.89331567, -0.34154665, 0.24655116, 0.15667059, 0.04968782, 0.05880051, 0.10708104, 0.00000000, 0.00000000, 0.00000000, 0.00000000
2, 4.0100, 401, 0.63610381, 0.94366103, 0.14424445, 21.31265068, 85.60941315, -29.20424843, 7.77550411, 66.29640198, 59.04706192, 23.50848198, 4.25811195, -6.45995140, 0.97637403, -0.20529947, -0.02484355, 0.06268030, -0.29356185, -0.22121732, 0.15746531, 0.00000000, 0.00000000, 0.00000000, 0.00000000
2, 4.0200, 402, 0.60147470, 0.92161477, 0.15445778, 10.45809746, 96.91514587, -14.55252743, 8.03858471, 65.03945923, 58.84244156, 23.31154633, 4.18019867, -7.43710279, 0.97618914, -0.20378841, -0.02254964, 0.07082853, -0.26691610, -0.23596753, 0.13048014, 0.00000000, 0.00000000, 0.00000000, 0.00000000
4, 3.9801, 383, -0.03663821, 1.05369616, -0.13617316, -12.65895653, 26.88095474, -5.51418924, -56.73779678, 17.56796265, -56.91318130, -1.13440835, 7.47691774, 16.73268700, 1.00000000, 0.00000000, 0.00000000, 0.00000000, 0.12198803, -0.05193887, 0.07227412, 101.52000427, -16.21993637, 35.95000076, 0.00000000
4, 3.9901, 384, -0.05369923, 1.04767144, -0.13294387, -9.35181046, 35.18880463, -8.01603603, -56.85472107, 18.29874229, -56.97164536, -1.25373745, 7.45631933, 16.36421013, 1.00000000, 0.00000000, 0.00000000, 0.00000000, 0.11950187, -0.04432856, 0.06406568, 101.52000427, -16.21993637, 35.95000076, 0.00000000
2, 4.0300, 403, 0.55034262, 0.91103721, 0.15193599, 1.46810222, 106.83859253, -2.19179797, 8.03858471, 65.03945923, 58.84244156, 20.41919708, 6.35117435, -8.72642517, 0.97905976, -0.18061221, -0.04089668, 0.08454967, -0.21117628, -0.22194071, 0.10142944, 0.00000000, 0.00000000, 0.00000000, 0.00000000
2, 4.0400, 404, 0.49677098, 0.91505414, 0.15250064, -8.00546169, 118.51750183, 5.70310068, 7.60011673, 66.38409424, 58.57936096, 19.91897964, 6.40387392, -9.86105633, 0.97892356, -0.17677109, -0.03996834, 0.09414491, -0.12969880, -0.18201920, 0.07865606, 0.00000000, 0.00000000, 0.00000000, 0.00000000
2, 4.0500, 405, 0.45860344, 0.91928220, 0.14518987, -12.49045467, 125.53648376, 7.59938478, 6.84010506, 66.32563782, 58.95936966, 19.34893990, 6.46048498, -11.05330276, 0.97872514, -0.17235284, -0.03912993, 0.10421357, -0.09144377, -0.16475856, 0.06708401, 0.00000000, 0.00000000, 0.00000000, 0.00000000
2, 4.0600, 406, 0.42492840, 0.91645133, 0.13769169, -14.20378113, 130.47497559, 6.40018320, 6.25548077, 66.55948639, 59.25167847, 18.74526024, 6.49070835, -12.29011440, 0.97842073, -0.16763836, -0.03813014, 0.11461404, -0.05955196, -0.14889079, 0.04999522, 0.00000000, 0.00000000, 0.00000000, 0.00000000
4, 4.0001, 385, -0.06243841, 1.02278388, -0.12168986, -5.24804640, 41.54273987, -11.19885826, -57.61473083, 18.41566849, -56.32855988, -1.33627617, 7.41420460, 15.92997360, 1.00000000, 0.00000000, 0.00000000, 0.00000000, 0.12926385, -0.04905895, 0.03805424, 101.52000427, -16.21993637, 35.95000076, 0.00000000
4, 4.0101, 386, -0.07189485, 0.98123258, -0.10550155, -2.90393639, 46.26972580, -15.33332348, -57.84858322, 16.42794418, -57.23472595, -1.39838600, 7.33855391, 15.44353294, 1.00000000, 0.00000000, 0.00000000, 0.00000000, 0.14028995, -0.05603045, -0.00524834, 101.52000427, -16.21993637, 35.95000076, 0.00000000
4, 4.0201, 387, -0.07803971, 0.94297975, -0.08334965, -4.94864130, 49.87965393, -20.26640892, -57.35165024, 18.32797432, -56.85472107, -1.48307323, 7.21946907, 14.91216278, 1.00000000, 0.00000000, 0.00000000, 0.00000000, 0.14719316, -0.06938337, -0.04671387, 101.52000427, -16.21993637, 35.95000076, 0.00000000
2, 4.0700, 407, 0.39155143, 0.90876311, 0.14466831, -14.24834061, 134.06333923, 3.10473561, 6.25548077, 66.23793793, 58.78398132, 18.13104248, 6.47400713, -13.56189632, 0.97798598, -0.16279589, -0.03679645, 0.12524764, -0.02858733, -0.14796633, 0.03311805, 0.00000000, 0.00000000, 0.00000000, 0.00000000
4, 4.0301, 388, -0.06996242, 0.93490493, -0.06078688, -11.16292953, 53.70748138, -25.31536484, -57.35165024, 18.32797432, -56.85472107, -2.74007392, 5.69744205, 14.60686111, 1.00000000, 0.00000000, 0.00000000, 0.00000000, 0.13143598, -0.08308299, -0.06007235, 101.52000427, -16.21993637, 35.95000076, 0.00000000
4, 4.0401, 389, -0.04291791, 0.97182000, -0.05814030, -16.32477188, 59.05952072, -30.63827896, -58.31628036, 18.06489372, -57.46857452, -2.92651796, 5.47518635, 13.96782112, 1.00000000, 0.00000000, 0.00000000, 0.00000000, 0.08111128, -0.07502095, -0.02767996, 101.52000427, -16.21993637, 35.95000076, 0.00000000
5, 4.0600, 391, 0.60996294, 0.96731222, -0.18305704, -2.88275027, 47.95064926, -44.43038940, -15.37562084, 78.51505280, -84.27360535, 46.91875839, -19.93003464, -28.89415550, 0.89212012, -0.34009010, 0.25154498, 0.15869972, 0.04547576, 0.09152791, 0.12361924, 0.00000000, 0.00000000, 0.00000000, 0.00000000
5, 4.0700, 392, 0.59947258, 0.98309350, -0.19649932, 3.58552575, 48.56103516, -37.01453400, -15.37562084, 78.51505280, -84.27360535, 46.99573517, -20.28724670, -29.41182899, 0.89099407, -0.33862451, 0.25585562, 0.16124780, 0.04502972, 0.11281735, 0.11716209, 0.00000000, 0.00000000, 0.00000000, 0.00000000
4, 4.0501, 390, -0.00711988, 1.02083623, -0.07557828, -13.34588242, 64.11764526, -33.82060623, -58.81321335, 17.94796753, -57.61473083, -3.08206415, 5.22635889, 13.27699375, 1.00000000, 0.00000000, 0.00000000, 0.00000000, 0.03806705, -0.06400847, 0.02122004, 101.52000427, -16.21993637, 35.95000076, 0.00000000
4, 4.0601, 391, 0.01848888, 1.03649068, -0.10722095, -3.88628626, 68.06002808, -35.45242691, -59.07629395, 18.21105003, -57.52703857, -3.14067745, 4.96563005, 12.55136585, 1.00000000, 0.00000000, 0.00000000, 0.00000000, 0.00675580, -0.03413669, 0.04060682, 101.52000427, -16.21993637, 35.95000076, 0.00000000
4, 4.0701, 392, 0.03487296, 1.02654970, -0.12490486, 4.55052185, 71.14327240, -36.32764435, -59.07629395, 18.21105003, -57.52703857, -3.11202216, 4.70046139, 11.79942131, 1.00000000, 0.00000000, 0.00000000, 0.00000000, -0.01380228, -0.01487284, 0.03276891, 101.52000427, -16.21993637, 35.95000076, 0.00000000
2, 4.0800, 408, 0.36092129, 0.90297860, 0.16306326, -13.27997875, 137.60301208, -1.58293116, 6.25548077, 66.23793793, 58.78398132, 15.72427559, 6.37263918, -14.92399216, 0.97970510, -0.14257245, -0.03685707, 0.13598770, 0.00011072, -0.14970315, 0.02010701, 0.00000000, 0.00000000, 0.00000000, 0.00000000
2, 4.0900, 409, 0.34369662, 0.89187145, 0.18053721, -11.42094326, 140.80361938, -6.93086243, 6.31394339, 66.20870972, 58.34551239, 15.12690735, 6.18644238, -16.25943375, 0.97890353, -0.13767591, -0.03436717, 0.14701122, 0.01268922, -0.13753858, 0.00116528, 0.00000000, 0.00000000, 0.00000000, 0.00000000
2, 4.1000, 410, 0.33568618, 0.87806249, 0.19945061, -8.74118423, 143.41513062, -12.50431442, 5.70008755, 66.47179413, 57.76088715, 14.55623436, 5.93081188, -17.62070084, 0.97792226, -0.13288309, -0.03133291, 0.15820330, 0.01466467, -0.15031928, -0.01048417, 0.00000000, 0.00000000, 0.00000000, 0.00000000
5, 4.0800, 393, 0.56671882, 0.96805048, -0.20197412, 10.10933781, 50.61818695, -28.89891815, -16.36948204, 78.60274506, -83.71820831, 47.03864288, -20.55073738, -29.95491409, 0.88996595, -0.33704811, 0.25948203, 0.16440333, 0.03616602, 0.10761323, 0.08332386, 0.00000000, 0.00000000, 0.00000000, 0.00000000
5, 4.0900, 394, 0.53120279, 0.93378580, -0.19330214, 14.75244808, 53.91629791, -20.18646812, -15.96024513, 78.22274017, -83.89360046, 47.22727203, -20.68703651, -30.63821030, 0.88835204, -0.33659226, 0.26277778, 0.16877282, 0.02495462, 0.07862959, 0.04496630, 0.00000000, 0.00000000, 0.00000000, 0.00000000
5, 4.1000, 395, 0.53114063, 0.91851985, -0.17574485, 18.27149582, 57.23487854, -12.73863029, -16.25255775, 78.66120911, -84.24436951, 47.16118240, -20.80400276, -31.21454620, 0.88763106, -0.33443606, 0.26523384, 0.17295898, 0.02352485, 0.05470068, 0.04660838, 0.00000000, 0.00000000, 0.00000000, 0.00000000
5, 4.1100, 396, 0.55622011, 0.90088618, -0.16469571, 20.68008995, 60.02478790, -10.54708385, -16.60333252, 77.93042755, -84.24436951, 47.07929993, -20.89827156, -31.81742287, 0.88690388, -0.33214185, 0.26755977, 0.17746903, 0.00851626, 0.03605718, 0.06812582, 0.00000000, 0.00000000, 0.00000000, 0.00000000
4, 4.0801, 393, 0.06320930, 1.01739240, -0.13274625, 8.57444000, 73.76643372, -37.01179123, -59.77784348, 18.21105003, -57.79011917, -3.08686852, 5.09273720, 11.04564381, 1.00000000, 0.00000000, 0.00000000, 0.00000000, -0.04339853, -0.00626442, 0.02334859, 101.52000427, -16.21993637, 35.95000076, 0.00000000
4, 4.0901, 394, 0.09403730, 1.02170062, -0.12796381, 10.40547848, 75.53549194, -37.40270996, -60.21630859, 17.77258110, -57.99473953, -3.00229049, 4.82413435, 10.25167751, 1.00000000, 0.00000000, 0.00000000, 0.00000000, -0.07043650, -0.01258269, 0.02508890, 101.52000427, -16.21993637, 35.95000076, 0.00000000
4, 4.1001, 395, 0.12003028, 1.03893089, -0.13079314, 11.22637367, 77.12152863, -37.25177765, -60.53785324, 17.83104324, -58.28704834, -2.90615439, 4.56045437, 9.44257164, 1.00000000, 0.00000000, 0.00000000, 0.00000000, -0.10205751, -0.01458329, 0.04046443, 101.52000427, -16.21993637, 35.95000076, 0.00000000
4, 4.1101, 396, 0.15104233, 1.05187535, -0.13608380, 13.79254246, 77.81519318, -37.17207336, -61.03478622, 17.12949371, -58.43320465, -2.78074217, 4.30014849, 8.62805939, 1.00000000, 0.00000000, 0.00000000, 0.00000000, -0.13840213, -0.01376527, 0.05180086, 101.52000427, -16.21993637, 35.95000076, 0.00000000
2, 4.1100, 411, 0.33860362, 0.86127639, 0.20833336, -5.09378481, 144.94979858, -17.33187103, 4.96930695, 66.29640198, 57.70242691, 14.02619934, 5.61509991, -18.99913025, 0.97674572, -0.12830076, -0.02782165, 0.16950709, 0.00338410, -0.15522791, -0.02504305, 0.00000000, 0.00000000, 0.00000000, 0.00000000
2, 4.1200, 412, 0.34187266, 0.84304446, 0.20251933, -0.78973413, 143.66575623, -22.05990028, 4.96930695, 66.29640198, 57.70242691, 13.55404377, 5.24446821, -20.36834717, 0.97538960, -0.12405762, -0.02387210, 0.18070734, -0.01084277, -0.14756125, -0.04531168, 0.00000000, 0.00000000, 0.00000000, 0.00000000
2, 4.1300, 413, 0.33930764, 0.82576734, 0.22657278, 4.46528196, 138.38548279, -28.19104385, 4.35545158, 65.85793304, 57.84858322, 11.27224445, 5.12427759, -21.74498940, 0.97549677, -0.10474220, -0.02518188, 0.19183591, -0.01630881, -0.16097957, -0.05797009, 0.00000000, 0.00000000, 0.00000000, 0.00000000
2, 4.1400, 414, 0.32926074, 0.80721623, 0.24408586, 7.95400763, 132.17749023, -32.89839172, 3.85852075, 65.71177673, 57.32241821, 10.94603252, 4.60495996, -22.99179649, 0.97392058, -0.10135841, -0.02019655, 0.20198390, -0.01407404, -0.15366030, -0.07873714, 0.00000000, 0.00000000, 0.00000000, 0.00000000
4, 4.1201, 397, 0.17875403, 1.05794108, -0.14387769, 16.17259026, 77.27316284, -36.41295624, -61.03478622, 17.12949371, -58.43320465, -2.62778354, 4.04865980, 7.82102537, 1.00000000, 0.00000000, 0.00000000, 0.00000000, -0.17095950, -0.00972394, 0.05706803, 101.52000427, -16.21993637, 35.95000076, 0.00000000
2, 4.1500, 415, 0.33923551, 0.79948360, 0.25478137, 12.28540516, 124.33583069, -36.56794357, 3.18620276, 65.36100769, 57.61473083, 10.70120430, 4.05748987, -24.16589355, 0.97228360, -0.09850495, -0.01495822, 0.21151271, -0.03404564, -0.16173035, -0.08138958, 0.00000000, 0.00000000, 0.00000000, 0.00000000
5, 4.1200, 397, 0.58416665, 0.87487936, -0.16038243, 22.19216347, 62.96042252, -10.40872765, -16.60333252, 77.93042755, -84.24436951, 46.99211121, -20.99023247, -32.45063782, 0.88612044, -0.32972607, 0.26993075, 0.18223260, -0.01743745, 0.01695232, 0.08890955, 0.00000000, 0.00000000, 0.00000000, 0.00000000
4, 4.1301, 398, 0.20426914, 1.05955660, -0.15578879, 17.57981682, 76.34455872, -35.32591248, -61.61940765, 17.65565681, -59.16398621, -2.39873004, 5.87071276, 7.02109385, 1.00000000, 0.00000000, 0.00000000, 0.00000000, -0.19194190, -0.00145239, 0.05964499, 101.52000427, -16.21993637, 35.95000076, 0.00000000
2, 4.1600, 416, 0.34540150, 0.79431671, 0.25861895, 16.86699867, 114.38782501, -39.40861511, 3.04004669, 66.06255341, 57.00087738, 10.54486179, 3.49584675, -25.24970055, 0.97062874, -0.09626653, -0.00956383, 0.22027555, -0.05064418, -0.16393505, -0.08453468, 0.00000000, 0.00000000, 0.00000000, 0.00000000
5, 4.1300, 398, 0.60100514, 0.84821141, -0.15622784, 23.26175308, 64.22320557, -10.39224434, -17.01256943, 79.45045471, -83.98129272, 46.90592957, -21.07910919, -33.10014343, 0.88528192, -0.32727179, 0.27230898, 0.18712863, -0.04049809, -0.00246143, 0.09893293, 0.00000000, 0.00000000, 0.00000000, 0.00000000
5, 4.1400, 399, 0.61533648, 0.82867551, -0.14906870, 23.94488525, 63.77659225, -9.67549229, -17.12949371, 79.27506256, -84.50745392, 45.67101669, -20.33415031, -33.43998337, 0.88850701, -0.31903955, 0.26570338, 0.19537394, -0.05232890, -0.01711434, 0.10456373, 0.00000000, 0.00000000, 0.00000000, 0.00000000
5, 4.1500, 400, 0.64087462, 0.81922328, -0.13439652, 24.33108521, 61.36460495, -9.17706394, -17.56796265, 79.71353149, -84.47821808, 45.58614731, -20.41306305, -34.06741333, 0.88762844, -0.31669447, 0.26788145, 0.20014997, -0.04892047, -0.02606844, 0.11617879, 0.00000000, 0.00000000, 0.00000000, 0.00000000
2, 4.1700, 417, 0.35148054, 0.78718799, 0.25842458, 21.15782928, 101.05197144, -41.72679138, 3.04004669, 66.06255341, 57.00087738, 10.48224068, 2.93268228, -26.21184540, 0.96903288, -0.09471701, -0.00411255, 0.22800660, -0.06810192, -0.16455673, -0.09038907, 0.00000000, 0.00000000, 0.00000000, 0.00000000
2, 4.1800, 418, 0.35135031, 0.77424204, 0.27817100, 24.51175117, 84.74337006, -44.10484695, 2.36772871, 66.32563782, 56.47471619, 8.35819435, 3.44572425, -26.99110985, 0.96885294, -0.07782771, -0.01215821, 0.23477462, -0.07456234, -0.17818075, -0.09769007, 0.00000000, 0.00000000, 0.00000000, 0.00000000
5, 4.1600, 401, 0.67191160, 0.81026924, -0.11292905, 23.64175797, 59.46828079, -9.51143074, -17.83104324, 79.80122375, -84.44898987, 45.50990295, -20.49405098, -34.67867661, 0.88672739, -0.31443357, 0.27002838, 0.20476994, -0.05267695, -0.04683261, 0.14744061, 0.00000000, 0.00000000, 0.00000000, 0.00000000
5, 4.1700, 402, 0.68957943, 0.80432832, -0.09615677, 22.61377525, 58.96031952, -10.49191475, -17.83104324, 79.80122375, -84.44898987, 45.43885040, -20.58781052, -35.28348160, 0.88579428, -0.31217608, 0.27224487, 0.20927848, -0.05325003, -0.06210783, 0.16583531, 0.00000000, 0.00000000, 0.00000000, 0.00000000
5, 4.1800, 403, 0.68538117, 0.79569304, -0.08550110, 21.14751625, 59.15401459, -12.57176495, -18.62028694, 79.07044983, -85.20899963, 45.37594604, -20.70673180, -35.88806915, 0.88480628, -0.30989122, 0.27464467, 0.21367182, -0.05315337, -0.07456779, 0.16172318, 0.00000000, 0.00000000, 0.00000000, 0.00000000
5, 4.1900, 404, 0.67228502, 0.78482866, -0.07455651, 19.03645897, 59.52075195, -15.56816292, -17.83104324, 79.47968292, -85.06284332, 43.42331314, -20.22480583, -35.81775665, 0.89028156, -0.29638150, 0.26720932, 0.21944465, -0.04960727, -0.08384172, 0.14283700, 0.00000000, 0.00000000, 0.00000000, 0.00000000
5, 4.2000, 405, 0.66533428, 0.77074480, -0.05859326, 16.64747620, 60.71397781, -18.99699974, -17.88950539, 77.46273041, -85.26746368, 43.37142181, -20.44193077, -36.41851807, 0.88917255, -0.29391497, 0.27026561, 0.22347897, -0.04276866, -0.08908772, 0.11811435, 0.00000000, 0.00000000, 0.00000000, 0.00000000
5, 4.2100, 406, 0.66859394, 0.75022626, -0.04594989, 13.79098797, 62.22762299, -22.88545990, -19.14644814, 80.03507996, -85.26746368, 43.32851028, -20.70969772, -37.02415466, 0.88799012, -0.29132539, 0.27370697, 0.22734907, -0.05448700, -0.11056782, 0.11964332, 0.00000000, 0.00000000, 0.00000000, 0.00000000
2, 4.1900, 419, 0.34084985, 0.76794809, 0.29454309, 27.08068466, 68.27560425, -45.95199966, 1.54925454, 66.61795044, 55.71470261, 8.45598984, 2.87244248, -27.62795639, 0.96768796, -0.07753883, -0.00667505, 0.23984012, -0.06044814, -0.16917357, -0.10514237, 0.00000000, 0.00000000, 0.00000000, 0.00000000
5, 4.2200, 407, 0.68191993, 0.73420835, -0.03647015, 11.29072762, 62.40193176, -25.98664856, -18.79567337, 79.36275482, -85.20899963, 43.29743576, -21.01597404, -37.62547684, 0.88675040, -0.28868777, 0.27742410, 0.23101734, -0.06880786, -0.12661423, 0.13144864, 0.00000000, 0.00000000, 0.00000000, 0.00000000
5, 4.2300, 408, 0.69539928, 0.72449958, -0.03871148, 8.85940456, 61.14633560, -29.71867752, -18.79567337, 79.36275482, -85.20899963, 43.29062653, -21.35983849, -38.21611404, 0.88543659, -0.28611159, 0.28141832, 0.23440546, -0.08668580, -0.12974997, 0.14286092, 0.00000000, 0.00000000, 0.00000000, 0.00000000
2, 4.2000, 420, 0.32288271, 0.76923674, 0.31415337, 29.68694305, 52.93168259, -47.96107864, 1.08155513, 66.79333496, 55.33469772, 8.63121700, 2.31157875, -28.12315369, 0.96671927, -0.07786757, -0.00123162, 0.24369869, -0.05093471, -0.18983990, -0.10248147, 0.00000000, 0.00000000, 0.00000000, 0.00000000
2, 4.2100, 421, 0.30424866, 0.76933771, 0.32283384, 33.02833176, 38.60063934, -50.08849716, 0.81847411, 66.03332520, 54.48699188, 8.88521099, 1.76011157, -28.48885536, 0.96593595, -0.07883794, 0.00421527, 0.24644387, -0.04186466, -0.20187533, -0.10426845, 0.00000000, 0.00000000, 0.00000000, 0.00000000
5, 4.2400, 409, 0.70602220, 0.71465373, -0.04155357, 7.36669207, 57.11212540, -34.17735672, -19.55568504, 80.15200043, -85.06284332, 40.94710541, -20.49361420, -37.97523117, 0.89197534, -0.27124560, 0.26957333, 0.24111466, -0.09962080, -0.12693223, 0.14405182, 0.00000000, 0.00000000, 0.00000000, 0.00000000
5, 4.2500, 410, 0.71311110, 0.69868577, -0.03922033, 5.92190456, 50.46169281, -39.18973541, -19.73107338, 80.09353638, -85.96901703, 41.03555679, -20.90675163, -38.49043274, 0.89051050, -0.26940918, 0.27404040, 0.24353985, -0.10308366, -0.12078340, 0.12631263, 0.00000000, 0.00000000, 0.00000000, 0.00000000
5, 4.2600, 411, 0.71518230, 0.68320167, -0.03157603, 3.30592704, 40.60265732, -44.45647430, -20.66647148, 80.26892853, -85.79362488, 41.19997025, -21.33782578, -38.94241714, 0.88898230, -0.26821968, 0.27863792, 0.24521352, -0.11687434, -0.13666922, 0.12969995, 0.00000000, 0.00000000, 0.00000000, 0.00000000
2, 4.2200, 422, 0.30206266, 0.76962537, 0.32496858, 36.64210892, 25.78062630, -52.04373932, 0.81847411, 66.03332520, 54.48699188, 9.21387196, 1.21648979, -28.74132729, 0.96531463, -0.08042824, 0.00968341, 0.24820399, -0.04901413, -0.20908724, -0.10334589, 0.00000000, 0.00000000, 0.00000000, 0.00000000
5, 4.2700, 412, 0.71488357, 0.67710412, -0.02355580, 0.64961088, 28.45206833, -48.58554077, -20.92955208, 80.21046448, -85.23823547, 41.44160461, -21.77099800, -39.31209946, 0.88744032, -0.26778781, 0.28321099, 0.24603063, -0.12307417, -0.14752781, 0.13401414, 0.00000000, 0.00000000, 0.00000000, 0.00000000
5, 4.2800, 413, 0.71346796, 0.67877507, -0.02291058, -1.31408179, 17.85679626, -52.68634796, -20.92955208, 80.21046448, -85.23823547, 41.75604630, -22.20722198, -39.61513138, 0.88586360, -0.26804370, 0.28779596, 0.24611367, -0.12809646, -0.14850678, 0.13838148, 0.00000000, 0.00000000, 0.00000000, 0.00000000
5, 4.2900, 414, 0.70983022, 0.67558742, -0.01846649, -2.58869982, 7.57025528, -57.06900024, -21.74802589, 80.26892853, -85.09207916, 39.57626343, -21.24191093, -38.93442917, 0.89275521, -0.25592321, 0.27440533, 0.24938579, -0.12781309, -0.15001026, 0.13261609, 0.00000000, 0.00000000, 0.00000000, 0.00000000
5, 4.3000, 415, 0.70070851, 0.66525030, -0.01238426, -4.27365494, -2.70908928, -61.90192032, -22.01110840, 80.15200043, -86.11517334, 40.03195190, -21.69566727, -39.09688568, 0.89117002, -0.25761959, 0.27912277, 0.24806984, -0.11871435, -0.14573064, 0.10393681, 0.00000000, 0.00000000, 0.00000000, 0.00000000
5, 4.3100, 416, 0.68670869, 0.65394354, -0.00114171, -6.82116890, -12.18428040, -66.44181061, -22.12803268, 79.71353149, -85.44285583, 40.55417252, -22.16203690, -39.19824219, 0.88954854, -0.25992027, 0.28392249, 0.24603428, -0.12281097, -0.16591479, 0.09781701, 0.00000000, 0.00000000, 0.00000000, 0.00000000
2, 4.2300, 423, 0.31860468, 0.77483809, 0.30916357, 39.54240036, 14.47130775, -54.18323135, 0.78924292, 65.21485138, 53.66851807, 7.42683697, 1.73763013, -28.80066681, 0.96619284, -0.06648702, 0.00144929, 0.24909598, -0.06989649, -0.18939520, -0.09980502, 0.00000000, 0.00000000, 0.00000000, 0.00000000
2, 4.2400, 424, 0.33526129, 0.77723002, 0.29373854, 42.08028030, 1.21935773, -56.42908859, -0.96463019, 65.77024078, 54.04852295, 7.87850571, 1.19800138, -28.81286621, 0.96603549, -0.06912979, 0.00698953, 0.24889281, -0.08224964, -0.15325528, -0.10127924, 0.00000000, 0.00000000, 0.00000000, 0.00000000
2, 4.2500, 425, 0.35481527, 0.77716833, 0.27329266, 44.48929214, -13.80761719, -58.65951538, -1.31540489, 64.36714172, 53.52236176, 8.39471340, 0.66751909, -28.68921471, 0.96610272, -0.07234839, 0.01250487, 0.24749765, -0.11223394, -0.14250796, -0.10177198, 0.00000000, 0.00000000, 0.00000000, 0.00000000
2, 4.2600, 426, 0.36824539, 0.77540934, 0.24975078, 47.02118683, -30.61754417, -60.61516190, -1.02309263, 64.77638245, 52.90850449, 8.97841644, 0.14969960, -28.41405487, 0.96641535, -0.07619697, 0.01794728, 0.24477220, -0.13679600, -0.13053478, -0.10606395, 0.00000000, 0.00000000, 0.00000000, 0.00000000
5, 4.3200, 417, 0.68087441, 0.65069687, 0.01211664, -11.06794071, -23.87685204, -71.36344147, -22.85881233, 79.42121887, -85.82286072, 41.14503098, -22.64746666, -39.21252060, 0.88793021, -0.26289004, 0.28878817, 0.24304368, -0.12267881, -0.18285979, 0.10258352, 0.00000000, 0.00000000, 0.00000000, 0.00000000
4, 4.1401, 399, 0.23116469, 1.05804896, -0.17072879, 17.68101883, 74.56446838, -33.99952698, -62.26249695, 17.74334908, -60.36246490, -2.25207567, 5.64448595, 6.24185371, 1.00000000, 0.00000000, 0.00000000, 0.00000000, -0.19599079, 0.00993366, 0.06109448, 101.52000427, -16.21993637, 35.95000076, 0.00000000
4, 4.1501, 400, 0.25578719, 1.05376816, -0.18345042, 16.90831757, 71.20126343, -33.01483154, -62.46711349, 17.42180634, -60.71324158, -2.10896349, 5.42491770, 5.49668169, 1.00000000, 0.00000000, 0.00000000, 0.00000000, -0.22430155, 0.02072806, 0.05729965, 101.52000427, -16.21993637, 35.95000076, 0.00000000
4, 4.1601, 401, 0.28105834, 1.03940058, -0.19770737, 15.29979038, 63.66637039, -32.28030396, -63.05173874, 17.18795586, -60.91785812, -1.97672617, 5.20290184, 4.82604456, 1.00000000, 0.00000000, 0.00000000, 0.00000000, -0.25266570, 0.03507211, 0.04388912, 101.52000427, -16.21993637, 35.95000076, 0.00000000
4, 4.1701, 402, 0.29546657, 1.01890206, -0.20735818, 13.99414539, 55.99837875, -31.81645012, -63.05173874, 17.18795586, -60.91785812, -1.85282159, 4.97512197, 4.23098564, 1.00000000, 0.00000000, 0.00000000, 0.00000000, -0.26985437, 0.04617947, 0.02428440, 101.52000427, -16.21993637, 35.95000076, 0.00000000
4, 4.1801, 403, 0.31290096, 0.99746317, -0.21494454, 12.22163105, 46.83110046, -31.49209976, -63.37328339, 15.96024513, -61.15171051, -1.13652718, 7.71509981, 3.75280643, 1.00000000, 0.00000000, 0.00000000, 0.00000000, -0.27721632, 0.05298062, 0.00454569, 101.52000427, -16.21993637, 35.95000076, 0.00000000
2, 4.2700, 427, 0.37112010, 0.77907377, 0.22324045, 50.57492828, -48.42011642, -61.75459671, -1.02309263, 64.77638245, 52.90850449, 9.63855648, -0.34871134, -27.98229599, 0.96696001, -0.08078719, 0.02325427, 0.24066797, -0.14979309, -0.11518608, -0.10874327, 0.00000000, 0.00000000, 0.00000000, 0.00000000
2, 4.2800, 428, 0.36272597, 0.78934520, 0.19687499, 54.30936432, -65.67536163, -62.76719284, -2.16311026, 65.79947662, 53.11312485, 9.51550770, 0.98951310, -27.08620453, 0.96864039, -0.08264888, 0.01105662, 0.23405743, -0.14202407, -0.09535967, -0.10851522, 0.00000000, 0.00000000, 0.00000000, 0.00000000
5, 4.3300, 418, 0.67351055, 0.66098678, 0.02297528, -13.26443005, -31.10877609, -74.17182159, -22.85881233, 79.42121887, -85.82286072, 41.77929306, -23.14130592, -39.17776871, 0.88628685, -0.26627833, 0.29366329, 0.23948583, -0.11413938, -0.18946871, 0.10925892, 0.00000000, 0.00000000, 0.00000000, 0.00000000
5, 4.3400, 419, 0.66412216, 0.66944253, 0.02602875, -14.55350018, -36.76326370, -76.34074402, -23.67728615, 79.71353149, -85.85208893, 39.72693634, -22.66352272, -38.15071487, 0.89335299, -0.25446784, 0.28353131, 0.23827864, -0.10733534, -0.18458989, 0.10406793, 0.00000000, 0.00000000, 0.00000000, 0.00000000
5, 4.3500, 420, 0.65155786, 0.67788017, 0.02599429, -14.59160519, -41.41779327, -78.36154175, -24.23267937, 80.70739746, -85.50131226, 40.42712784, -23.15720177, -38.03961563, 0.89172667, -0.25862712, 0.28837943, 0.23403609, -0.09367041, -0.16371514, 0.07854700, 0.00000000, 0.00000000, 0.00000000, 0.00000000
5, 4.3600, 421, 0.63884473, 0.68081462, 0.02967834, -13.59692287, -46.20070267, -80.46865082, -25.02192307, 78.25197601, -85.61824036, 41.17293549, -23.64394188, -37.91862488, 0.88998169, -0.26317972, 0.29320127, 0.22956927, -0.09316923, -0.17121080, 0.07804692, 0.00000000, 0.00000000, 0.00000000, 0.00000000
5, 4.3700, 422, 0.63167697, 0.68367410, 0.03631919, -12.05019188, -51.26862717, -83.57105255, -25.78193474, 80.18123627, -85.32592773, 41.97674561, -24.12667274, -37.79401016, 0.88806868, -0.26819482, 0.29805067, 0.22488077, -0.09245826, -0.18142001, 0.08404583, 0.00000000, 0.00000000, 0.00000000, 0.00000000
2, 4.2900, 429, 0.35088432, 0.80800730, 0.17132019, 58.88713455, -82.35752869, -63.53742599, -3.30312777, 65.74101257, 52.70388794, 10.35147095, 0.53021485, -26.35464859, 0.96959376, -0.08888502, 0.01607795, 0.22743997, -0.11254576, -0.06769266, -0.10233799, 0.00000000, 0.00000000, 0.00000000, 0.00000000
5, 4.3800, 423, 0.63493979, 0.69144082, 0.04071447, -10.77258301, -57.83074951, -87.65203857, -25.78193474, 80.18123627, -85.32592773, 42.85122299, -24.60918045, -37.65780640, 0.88596243, -0.27377629, 0.30295265, 0.21985650, -0.09284615, -0.18726966, 0.10146643, 0.00000000, 0.00000000, 0.00000000, 0.00000000
4, 4.1901, 404, 0.32169738, 0.97673345, -0.22576261, 10.09916401, 37.07869720, -31.29306984, -63.63636398, 17.10026360, -61.00555420, -1.06488967, 7.46906948, 3.33796024, 1.00000000, 0.00000000, 0.00000000, 0.00000000, -0.25033629, 0.05801896, -0.01078960, 101.52000427, -16.21993637, 35.95000076, 0.00000000
4, 4.2001, 405, 0.33683407, 0.95182145, -0.22897434, 7.60563898, 24.87306786, -30.88656998, -63.75328827, 16.22332573, -61.47325134, -1.00831056, 7.20682955, 3.04330420, 1.00000000, 0.00000000, 0.00000000, 0.00000000, -0.26843342, 0.06475275, -0.03613616, 101.52000427, -16.21993637, 35.95000076, 0.00000000
4, 4.2101, 406, 0.33605397, 0.93398941, -0.23628610, 4.62967157, 13.17245388, -30.84437943, -63.75328827, 16.22332573, -61.47325134, -0.97299516, 6.92532492, 2.86283326, 1.00000000, 0.00000000, 0.00000000, 0.00000000, -0.27139893, 0.07454346, -0.05281638, 101.52000427, -16.21993637, 35.95000076, 0.00000000
2, 4.3000, 430, 0.34044713, 0.83079940, 0.14309615, 64.94470215, -101.60553741, -64.30142975, -3.59543991, 65.53639221, 52.11926270, 11.28910446, 0.08491661, -25.46068382, 0.97067207, -0.09610139, 0.02095483, 0.21936527, -0.10715891, -0.04893335, -0.09055863, 0.00000000, 0.00000000, 0.00000000, 0.00000000
5, 4.3900, 424, 0.63640231, 0.71116841, 0.04486657, -9.25053883, -64.00859070, -91.69193268, -26.07424736, 80.18123627, -85.00438690, 41.02356339, -24.43262672, -36.56167603, 0.89244986, -0.26301488, 0.29560778, 0.21673170, -0.08169302, -0.17824492, 0.11248970, 0.00000000, 0.00000000, 0.00000000, 0.00000000
2, 4.3100, 431, 0.32223964, 0.85919404, 0.11977826, 71.14997101, -118.38693237, -65.17776489, -3.91698337, 65.71177673, 52.29465103, 12.32153606, -0.35776278, -24.42837715, 0.97178519, -0.10423204, 0.02573870, 0.21001643, -0.09232678, -0.03459964, -0.07347365, 0.00000000, 0.00000000, 0.00000000, 0.00000000
5, 4.4000, 425, 0.63310081, 0.73735452, 0.04879780, -7.25555515, -71.14820862, -96.12882233, -26.22040367, 80.50277710, -85.09207916, 42.04023743, -24.90444374, -36.38653183, 0.89007795, -0.26990479, 0.30057302, 0.21111283, -0.05926885, -0.15121263, 0.10444938, 0.00000000, 0.00000000, 0.00000000, 0.00000000
2, 4.3200, 432, 0.30106762, 0.88802183, 0.10157123, 78.10688782, -133.95814514, -66.53732300, -3.91698337, 65.71177673, 52.29465103, 13.45135212, -0.81051016, -23.27115250, 0.97285277, -0.11328949, 0.03049998, 0.19948179, -0.07418078, -0.02646736, -0.05440608, 0.00000000, 0.00000000, 0.00000000, 0.00000000
5, 4.4100, 426, 0.62066996, 0.76340866, 0.04923323, -5.21899271, -78.85475922, -100.87770081, -27.56503868, 80.21046448, -85.09207916, 43.14270782, -25.37330627, -36.20199203, 0.88744330, -0.27747732, 0.30556962, 0.20512907, -0.04403177, -0.14448664, 0.11271132, 0.00000000, 0.00000000, 0.00000000, 0.00000000
4, 4.2201, 407, 0.33263975, 0.92319608, -0.22453640, 1.90709472, 0.81553048, -30.71492004, -64.68869019, 16.74948883, -61.67787170, -0.95705873, 6.62408733, 2.80330062, 1.00000000, 0.00000000, 0.00000000, 0.00000000, -0.27231470, 0.06461640, -0.06600827, 101.52000427, -16.21993637, 35.95000076, 0.00000000
4, 4.2301, 408, 0.32514760, 0.91998136, -0.21494766, -0.60709220, -10.95161247, -30.77110863, -64.42560577, 16.74948883, -61.38555908, -0.39546740, 9.40405655, 2.90225148, 1.00000000, 0.00000000, 0.00000000, 0.00000000, -0.25658053, 0.05328730, -0.06930465, 101.52000427, -16.21993637, 35.95000076, 0.00000000
4, 4.2401, 409, 0.31423017, 0.91662669, -0.19554286, -2.24942970, -23.13832283, -30.36509323, -64.83484650, 15.78485775, -61.09324646, -0.40049917, 9.06368351, 3.07570362, 1.00000000, 0.00000000, 0.00000000, 0.00000000, -0.21081360, 0.02756495, -0.07092488, 101.52000427, -16.21993637, 35.95000076, 0.00000000
2, 4.3300, 433, 0.28034571, 0.91888016, 0.08672895, 85.23571777, -149.37843323, -69.38255310, -4.91084480, 65.65332031, 51.47617722, 14.50649738, -0.75024658, -21.90491486, 0.97406495, -0.12271886, 0.03036365, 0.18765837, -0.05370335, -0.02167298, -0.03168608, 0.00000000, 0.00000000, 0.00000000, 0.00000000
4, 4.2501, 410, 0.29451877, 0.91150194, -0.18062259, -2.85573268, -34.07053375, -29.53963280, -64.57176208, 14.00175381, -60.68400955, -0.40229288, 8.71174431, 3.35877085, 1.00000000, 0.00000000, 0.00000000, 0.00000000, -0.19666547, 0.01395027, -0.07848922, 101.52000427, -16.21993637, 35.95000076, 0.00000000
5, 4.4200, 427, 0.60464948, 0.78743935, 0.04393030, -3.73585129, -86.35988617, -105.50955963, -28.67582512, 79.85968781, -84.62437439, 44.32574463, -25.84337425, -36.00527191, 0.88454247, -0.28568095, 0.31059575, 0.19874942, -0.03270250, -0.13539463, 0.11699504, 0.00000000, 0.00000000, 0.00000000, 0.00000000
4, 4.2601, 411, 0.26526770, 0.90875757, -0.16003726, -2.11277342, -43.02775955, -28.00910187, -64.57176208, 14.00175381, -60.68400955, -0.39024261, 8.35869026, 3.73373103, 1.00000000, 0.00000000, 0.00000000, 0.00000000, -0.17316297, -0.00588253, -0.08417517, 101.52000427, -16.21993637, 35.95000076, 0.00000000
4, 4.2701, 412, 0.24118836, 0.90947676, -0.14083502, -1.36565793, -52.61732101, -25.75732803, -64.77638245, 15.87255192, -61.21017075, -0.36489084, 8.01037121, 4.20790243, 1.00000000, 0.00000000, 0.00000000, 0.00000000, -0.15500569, -0.02521318, -0.08647814, 101.52000427, -16.21993637, 35.95000076, 0.00000000
2, 4.3400, 434, 0.26076818, 0.95651639, 0.07677808, 92.55500031, -164.75515747, -73.54013062, -4.58930111, 65.36100769, 51.65156174, 15.84470940, -1.28340614, -20.50126648, 0.97486049, -0.13364850, 0.03544173, 0.17472586, -0.02821605, -0.01950181, -0.00048361, 0.00000000, 0.00000000, 0.00000000, 0.00000000
5, 4.4300, 428, 0.59013045, 0.80860507, 0.03959836, -2.47481227, -94.61585236, -110.13897705, -28.67582512, 79.85968781, -84.62437439, 45.59099579, -26.31474686, -35.78999710, 0.88136256, -0.29453963, 0.31562090, 0.19191149, -0.02326448, -0.12939501, 0.12333404, 0.00000000, 0.00000000, 0.00000000, 0.00000000
4, 4.2801, 413, 0.22624317, 0.89848065, -0.11952163, -0.29125893, -58.83672333, -22.80540466, -64.48406982, 16.16486359, -60.53785324, -1.01728511, 9.45005322, 4.12919235, 1.00000000, 0.00000000, 0.00000000, 0.00000000, -0.13740776, -0.04171082, -0.09996917, 101.52000427, -16.21993637, 35.95000076, 0.00000000
4, 4.2901, 414, 0.21656467, 0.88550049, -0.09978501, -0.83236307, -62.70555496, -19.26982498, -65.21485138, 16.63256264, -60.85939789, -0.96527892, 9.15353394, 4.72056150, 1.00000000, 0.00000000, 0.00000000, 0.00000000, -0.10918242, -0.05060627, -0.11306891, 101.52000427, -16.21993637, 35.95000076, 0.00000000
4, 4.3001, 415, 0.20009592, 0.87957394, -0.07093369, -3.10557318, -65.24915314, -14.67822170, -65.21485138, 16.34025192, -60.33323669, -0.93593007, 8.89748764, 5.34310579, 1.00000000, 0.00000000, 0.00000000, 0.00000000, -0.09675151, -0.07849884, -0.12402938, 101.52000427, -16.21993637, 35.95000076, 0.00000000
4, 4.3101, 416, 0.19155928, 0.88361824, -0.04706765, -5.55117369, -66.24845123, -9.60102844, -65.21485138, 16.34025192, -60.33323669, -0.93209672, 8.68955040, 5.98238611, 1.00000000, 0.00000000, 0.00000000, 0.00000000, -0.09210548, -0.10290407, -0.12461302, 101.52000427, -16.21993637, 35.95000076, 0.00000000
2, 4.3500, 435, 0.24116102, 0.99826145, 0.07052935, 99.54379272, -180.16148376, -79.38980865, -6.02163124, 65.09792328, 50.62847137, 17.27607918, -1.89436555, -18.97680855, 0.97540712, -0.14542255, 0.04087501, 0.16050698, -0.00966463, -0.02310778, 0.03737446, 0.00000000, 0.00000000, 0.00000000, 0.00000000
4, 4.3201, 417, 0.19990359, 0.88901663, -0.02557760, -6.84027004, -67.76929474, -4.12195587, -65.24407959, 15.96024513, -59.74861145, -0.94114637, 8.53304386, 6.64516973, 1.00000000, 0.00000000, 0.00000000, 0.00000000, -0.10354303, -0.12492839, -0.12429832, 101.52000427, -16.21993637, 35.95000076, 0.00000000
5, 4.4400, 429, 0.57713127, 0.82995296, 0.03593323, -1.92481303, -102.75395966, -114.12558746, -29.58199310, 79.53814697, -84.97515106, 44.70141602, -26.70122337, -34.88568497, 0.88482064, -0.28896806, 0.31464991, 0.18597132, -0.01340442, -0.11827838, 0.12611906, 0.00000000, 0.00000000, 0.00000000, 0.00000000
