SensorId, TimeStamp (s), FrameNumber, AccX (g), AccY (g), AccZ (g), GyroX (deg/s), GyroY (deg/s), GyroZ (deg/s), MagX (uT), MagY (uT), MagZ (uT), EulerX (deg), EulerY (deg), EulerZ (deg), QuatW, QuatX, QuatY, QuatZ, LinAccX (g), LinAccY (g), LinAccZ (g), Pressure (kPa), Altitude (m), Temperature (degC), HeaveMotion (m)
5, 0.0000, 0, 0.82468468, -0.01820406, -0.25048068, -36.42961502, -9.38798618, -0.81871367, 16.10640144, 49.16690826, -90.61677551, 13.97628307, 0.33691993, 37.57155609, 0.93980747, -0.11424246, -0.04194219, -0.31929830, -0.15921780, 0.01591945, -0.15781933, 0.00000000, 0.00000000, 0.00000000, 0.00000000
5, 0.0100, 1, 0.80192775, 0.00880046, -0.25849685, -37.00957108, -8.70791531, -1.79410863, 16.54487038, 48.78690338, -90.11985016, 13.97310543, 0.20648435, 37.92910385, 0.93876743, -0.11445249, -0.04122113, -0.32236212, -0.09914955, 0.00552039, -0.17150056, 0.00000000, 0.00000000, 0.00000000, 0.00000000
5, 0.0200, 2, 0.82633519, -0.05035491, -0.29164052, -36.35264969, -0.11675327, -3.22762346, 16.42794418, 47.76381302, -90.06138611, 13.88603497, 0.09099739, 38.26395035, 0.93786931, -0.11394696, -0.04036325, -0.32525092, -0.15388817, 0.05396783, -0.15868258, 0.00000000, 0.00000000, 0.00000000, 0.00000000
5, 0.0300, 3, 0.82486933, -0.09343857, -0.32954404, -38.39731216, 4.78979445, -0.84130591, 16.28178787, 49.16690826, -90.06138611, 13.75383854, 0.00847371, 38.61812210, 0.93696207, -0.11297725, -0.03966190, -0.32827628, -0.18602130, 0.10391830, -0.16764307, 0.00000000, 0.00000000, 0.00000000, 0.00000000
5, 0.0400, 4, 0.81648445, -0.02753114, -0.33641198, -39.05685425, 4.90701723, -0.88269442, 16.83718109, 49.51768494, -89.73983765, 13.61847401, -0.07478336, 38.97843933, 0.93602890, -0.11198696, -0.03894554, -0.33134896, -0.12179341, 0.09548394, -0.16184521, 0.00000000, 0.00000000, 0.00000000, 0.00000000
5, 0.0500, 5, 0.88367814, 0.07618427, -0.36987326, -37.50640106, 7.97771740, -5.66644144, 16.83718109, 49.51768494, -89.73983765, 14.74385834, -0.17092279, 39.46516800, 0.93343270, -0.12127451, -0.04192883, -0.33501947, -0.03225530, 0.09767929, -0.07141047, 0.00000000, 0.00000000, 0.00000000, 0.00000000
5, 0.0600, 6, 0.99994892, 0.11559373, -0.43635780, -31.87750435, 9.77364731, -13.95007610, 17.12949371, 49.54691696, -89.24291229, 14.54432106, -0.34754667, 39.71022415, 0.93285406, -0.12007910, -0.04016298, -0.33727017, -0.00635382, 0.13825786, 0.05759923, 0.00000000, 0.00000000, 0.00000000, 0.00000000
5, 0.0700, 7, 1.17248070, 0.06188307, -0.49333012, -24.79060745, 6.24791956, -19.83783531, 17.01256943, 49.28383636, -89.82753754, 14.37834167, -0.57111758, 39.87643433, 0.93244630, -0.11932930, -0.03802661, -0.33890781, -0.08427428, 0.21045245, 0.21685539, 0.00000000, 0.00000000, 0.00000000, 0.00000000
2, 0.0000, 0, 0.81256366, -0.73835218, 0.13851286, 44.74542236, -36.38111115, 64.53311157, 54.22391129, 19.93569183, 61.26863480, -29.44446373, 58.37775040, -17.18756485, 0.85339510, 0.14888963, -0.49953556, 0.00362357, -0.14309286, -0.18088841, -0.24354376, 0.00000000, 0.00000000, 0.00000000, 0.00000000
2, 0.0100, 1, 0.96722025, -0.86937237, 0.25224793, 41.66147995, -31.42566681, 57.51139069, 54.19467926, 19.87722778, 60.53785324, -30.08297157, 58.80241776, -18.29110527, 0.85090894, 0.14786391, -0.50401103, 0.00794381, -0.29331118, -0.33769414, -0.16366306, 0.00000000, 0.00000000, 0.00000000, 0.00000000
2, 0.0200, 2, 1.18041039, -0.95870608, 0.33810091, 34.02315903, -12.83108139, 50.03532028, 54.57468414, 18.41566849, 60.83016586, -36.23754501, 59.23595428, -22.57073021, 0.84033471, 0.17320678, -0.51353359, 0.01096720, -0.46296275, -0.44063115, -0.01673621, 0.00000000, 0.00000000, 0.00000000, 0.00000000
5, 0.0800, 8, 1.32989824, 0.01364626, -0.52499527, -19.26520920, 6.52269936, -20.60266685, 16.92487526, 47.17918777, -90.44139099, 14.22007942, -0.78711915, 39.98836899, 0.93218851, -0.11864290, -0.03591562, -0.34008634, -0.16041496, 0.25626945, 0.36123097, 0.00000000, 0.00000000, 0.00000000, 0.00000000
5, 0.0900, 9, 1.42414701, -0.00642218, -0.56518847, -16.83511353, 15.05925179, -17.64347839, 17.21718788, 49.22537231, -89.71060944, 13.99450493, -0.94348896, 40.07440186, 0.93209797, -0.11724401, -0.03406094, -0.34100896, -0.19310278, 0.30367553, 0.45036924, 0.00000000, 0.00000000, 0.00000000, 0.00000000
5, 0.1000, 10, 1.55876815, -0.01185319, -0.67113459, -14.51752377, 23.31077957, -11.53495789, 17.21718788, 49.22537231, -89.71060944, 15.53360939, 0.42808494, 41.54679108, 0.92658579, -0.12504232, -0.05139150, -0.35094458, -0.19648562, 0.40412450, 0.58753616, 0.00000000, 0.00000000, 0.00000000, 0.00000000
5, 0.1100, 11, 1.67589474, -0.06010178, -0.78102970, -11.52700329, 23.65822983, -2.38107228, 17.48026848, 49.57614517, -89.59368134, 15.27985382, 0.44987607, 41.61531067, 0.92665863, -0.12289283, -0.05086391, -0.35158780, -0.22106695, 0.50435448, 0.70252633, 0.00000000, 0.00000000, 0.00000000, 0.00000000
5, 0.1200, 12, 1.75464165, -0.06463496, -0.88337201, -6.64811945, 14.83448696, 6.42501879, 17.36334419, 49.63460922, -88.92136383, 15.14251709, 0.53766435, 41.67726135, 0.92664790, -0.12148431, -0.05121791, -0.35205400, -0.21546389, 0.60744947, 0.78345484, 0.00000000, 0.00000000, 0.00000000, 0.00000000
2, 0.0300, 3, 1.35539138, -1.12546730, 0.36231655, 30.70042610, 8.18667126, 45.86202240, 54.63314819, 18.62028694, 61.56094742, -37.17292404, 59.29769516, -23.65579605, 0.83857465, 0.17501502, -0.51570493, 0.01452023, -0.68158066, -0.49862242, 0.05145581, 0.00000000, 0.00000000, 0.00000000, 0.00000000
2, 0.0400, 4, 1.45212138, -1.28041160, 0.37730581, 31.80721664, 22.24566269, 46.66241837, 54.63314819, 18.62028694, 61.56094742, -38.27306747, 59.25083160, -24.82571411, 0.83687603, 0.17791884, -0.51734889, 0.01826665, -0.84634334, -0.57038033, 0.04260343, 0.00000000, 0.00000000, 0.00000000, 0.00000000
2, 0.0500, 5, 1.43389523, -1.41246200, 0.34530079, 30.89574051, 31.14037704, 50.37742615, 54.95469284, 17.94796753, 61.15171051, -39.51623917, 59.15345383, -26.07127571, 0.83503830, 0.18164624, -0.51887292, 0.02205962, -0.93603182, -0.58813047, -0.05254107, 0.00000000, 0.00000000, 0.00000000, 0.00000000
2, 0.0600, 6, 1.39319801, -1.47459054, 0.28888315, 28.48984909, 36.48852158, 53.69972610, 54.86699677, 17.62642479, 61.73633194, -40.85087967, 59.03285217, -27.35132408, 0.83303225, 0.18592773, -0.52040899, 0.02574280, -0.97113889, -0.55326021, -0.12952802, 0.00000000, 0.00000000, 0.00000000, 0.00000000
5, 0.1300, 13, 1.75410879, 0.01782334, -0.93428278, 2.85937285, 2.05809069, 12.48411465, 18.47413063, 49.22537231, -89.35983276, 15.16156864, 0.66569221, 41.68601227, 0.92664784, -0.12123968, -0.05232046, -0.35197645, -0.12270585, 0.63549149, 0.80343866, 0.00000000, 0.00000000, 0.00000000, 0.00000000
5, 0.1400, 14, 1.77898288, 0.04835356, -0.95380646, 10.62571526, -1.55408251, 14.12186527, 17.53873062, 49.34229660, -89.73983765, 15.23525429, 0.81737787, 41.63184357, 0.92679036, -0.12139304, -0.05371514, -0.35133767, -0.09204352, 0.64529586, 0.83567864, 0.00000000, 0.00000000, 0.00000000, 0.00000000
5, 0.1500, 15, 1.86226809, -0.03247394, -0.97013927, 15.83262825, 2.37253594, 17.12861252, 17.91873741, 49.69307327, -88.62905121, 17.54161453, 2.04063964, 42.38968658, 0.92228925, -0.13578260, -0.07152809, -0.35472456, -0.17476548, 0.67182118, 0.90374953, 0.00000000, 0.00000000, 0.00000000, 0.00000000
2, 0.0700, 7, 1.40378499, -1.53635609, 0.27344996, 22.76479721, 35.45255661, 57.89140701, 54.69160843, 16.83718109, 62.23326492, -47.91199493, 60.50629044, -33.24047470, 0.81492996, 0.20439026, -0.54150510, 0.02976641, -1.02287436, -0.55050921, -0.14248836, 0.00000000, 0.00000000, 0.00000000, 0.00000000
5, 0.1600, 16, 1.99259055, -0.11213020, -1.06520963, 20.40104866, 8.29509163, 23.11791801, 17.91873741, 49.69307327, -88.62905121, 17.56355667, 2.33537388, 42.26971436, 0.92273039, -0.13511074, -0.07382141, -0.35336143, -0.23645954, 0.75581646, 1.02825594, 0.00000000, 0.00000000, 0.00000000, 0.00000000
5, 0.1700, 17, 2.11825585, -0.11094990, -1.18180799, 25.08886719, 8.07406712, 32.62221909, 17.71411896, 49.42998886, -88.86290741, 17.62116051, 2.72903728, 42.13957596, 0.92318213, -0.13442752, -0.07700791, -0.35175830, -0.22715786, 0.86748779, 1.15827930, 0.00000000, 0.00000000, 0.00000000, 0.00000000
5, 0.1800, 18, 2.20866060, -0.05973105, -1.27239335, 30.94187164, -4.26705980, 43.94346237, 18.18181801, 49.37152863, -88.36597443, 17.83595467, 3.20343876, 42.01070404, 0.92345452, -0.13476393, -0.08132482, -0.34993833, -0.16800945, 0.93919504, 1.26380444, 0.00000000, 0.00000000, 0.00000000, 0.00000000
5, 0.1900, 19, 2.22728848, -0.00506368, -1.35137498, 40.31415558, -26.41800690, 50.14888000, 18.35720444, 49.07921600, -89.00906372, 18.29261017, 3.69269514, 41.84672165, 0.92353326, -0.13703735, -0.08644874, -0.34761146, -0.09202373, 0.99505270, 1.30073678, 0.00000000, 0.00000000, 0.00000000, 0.00000000
5, 0.2000, 20, 2.20737004, 0.01331974, -1.36102903, 51.35976410, -44.96492386, 53.35183334, 19.17568016, 47.44226837, -89.15522003, 21.12552643, 3.92360568, 42.40137863, 0.91825330, -0.15863542, -0.09762892, -0.34944862, -0.06041899, 0.98111737, 1.29274046, 0.00000000, 0.00000000, 0.00000000, 0.00000000
2, 0.0800, 8, 1.49060571, -1.63821638, 0.28578740, 17.32280731, 32.51412964, 62.23240662, 54.72084045, 16.69102669, 62.93481445, -49.36382675, 60.41585922, -34.55369568, 0.81221950, 0.20881741, -0.54372132, 0.03258961, -1.13599753, -0.58119571, -0.08665948, 0.00000000, 0.00000000, 0.00000000, 0.00000000
2, 0.0900, 9, 1.62910128, -1.74492979, 0.30980188, 21.52794838, 31.02812958, 70.19174957, 54.72084045, 16.69102669, 62.93481445, -50.95127106, 60.32386780, -36.03803635, 0.80911064, 0.21334121, -0.54638320, 0.03593111, -1.29270434, -0.63861430, -0.02912621, 0.00000000, 0.00000000, 0.00000000, 0.00000000
2, 0.1000, 10, 1.74690092, -1.87288678, 0.35975474, 30.41832352, 28.40425110, 81.72251892, 54.34083557, 15.81408882, 62.61326981, -52.73873901, 60.21591949, -37.79926682, 0.80545181, 0.21793923, -0.54966247, 0.04026321, -1.44233227, -0.72749966, 0.00870846, 0.00000000, 0.00000000, 0.00000000, 0.00000000
5, 0.2100, 21, 2.21505427, 0.01497324, -1.34103620, 62.00647736, -57.03273773, 56.39883423, 19.17568016, 47.44226837, -89.15522003, 21.92420959, 4.45534515, 42.12718201, 0.91811877, -0.16360421, -0.10390374, -0.34568143, -0.06013450, 0.92259264, 1.31410885, 0.00000000, 0.00000000, 0.00000000, 0.00000000
5, 0.2200, 22, 2.31295776, -0.06928758, -1.31550968, 70.21296692, -64.39891815, 59.32606506, 18.85413551, 47.73458099, -90.06138611, 22.81147194, 5.02302217, 41.80605316, 0.91794902, -0.16923712, -0.11061649, -0.34130988, -0.15807183, 0.90661311, 1.39630723, 0.00000000, 0.00000000, 0.00000000, 0.00000000
2, 0.1100, 11, 1.78113234, -1.96913779, 0.39808279, 31.91007996, 26.28110504, 94.85950470, 54.48699188, 14.79099655, 62.93481445, -54.74707413, 60.12664032, -39.79636383, 0.80107403, 0.22276901, -0.55374175, 0.04499698, -1.51928627, -0.79175901, 0.00068394, 0.00000000, 0.00000000, 0.00000000, 0.00000000
2, 0.1200, 12, 1.73986983, -2.05648255, 0.36813390, 29.32422447, 24.43183517, 108.27085114, 54.13621521, 14.14791012, 63.69482422, -61.32326889, 61.11407471, -45.48939133, 0.78337002, 0.23591653, -0.57309610, 0.04728269, -1.56023574, -0.78863847, -0.06580742, 0.00000000, 0.00000000, 0.00000000, 0.00000000
2, 0.1300, 13, 1.68604994, -2.10116649, 0.32507294, 21.57750893, 16.97605705, 122.47576141, 53.40543747, 13.56328583, 63.63636398, -63.86139679, 61.05691910, -47.96873093, 0.77712697, 0.24100146, -0.57906789, 0.05169609, -1.56334400, -0.75335288, -0.09740850, 0.00000000, 0.00000000, 0.00000000, 0.00000000
5, 0.2300, 23, 2.35408187, -0.15675989, -1.32703602, 75.25656891, -73.91968536, 66.74640656, 19.23414230, 47.09149170, -91.02601624, 23.81571198, 5.64823484, 41.49005508, 0.91753155, -0.17564976, -0.11808255, -0.33665931, -0.23610814, 0.92579854, 1.42566562, 0.00000000, 0.00000000, 0.00000000, 0.00000000
5, 0.2400, 24, 2.28796840, -0.20266134, -1.34267056, 78.98741150, -82.50030518, 79.55132294, 19.17568016, 47.03303146, -91.96141052, 24.94271469, 6.37550688, 41.21788025, 0.91673166, -0.18270731, -0.12671590, -0.33191025, -0.24871336, 0.93621123, 1.36103392, 0.00000000, 0.00000000, 0.00000000, 0.00000000
2, 0.1400, 14, 1.68090582, -2.12957954, 0.31549340, 10.42469025, 9.18090153, 135.50740051, 53.40543747, 13.56328583, 63.63636398, -66.62931824, 61.09350204, -50.64092636, 0.76993293, 0.24592385, -0.58621478, 0.05546981, -1.58249950, -0.74694294, -0.10034633, 0.00000000, 0.00000000, 0.00000000, 0.00000000
5, 0.2500, 25, 2.22330618, -0.26309413, -1.43610966, 80.01683807, -86.72484589, 92.75735474, 19.00029182, 45.36685181, -93.10143280, 27.73655319, 7.42837906, 41.44797897, 0.91161883, -0.20145562, -0.14346200, -0.32830703, -0.25246358, 1.01835489, 1.30380440, 0.00000000, 0.00000000, 0.00000000, 0.00000000
2, 0.1500, 15, 1.76552331, -2.15654612, 0.38951796, 1.57038677, 1.55392659, 150.14167786, 53.84390640, 12.54019260, 63.72405624, -69.68592834, 61.19223785, -53.58108902, 0.76169747, 0.25071350, -0.59455687, 0.05883890, -1.63189805, -0.81684709, -0.00848113, 0.00000000, 0.00000000, 0.00000000, 0.00000000
2, 0.1600, 16, 1.79343593, -2.14653039, 0.48809761, -4.20187426, -2.60738564, 164.22430420, 53.55159378, 10.58170128, 63.46097565, -73.04684448, 61.28573227, -56.80347061, 0.75246108, 0.25559041, -0.60384393, 0.06203588, -1.61079299, -0.89413810, 0.07207934, 0.00000000, 0.00000000, 0.00000000, 0.00000000
2, 0.1700, 17, 1.84553099, -2.17985249, 0.50496775, -9.38785076, -1.87563014, 179.02241516, 52.93773651, 9.47091484, 63.28558731, -77.44872284, 61.29446030, -60.90469360, 0.74022132, 0.26239443, -0.61559755, 0.06527825, -1.66185987, -0.91547918, 0.12675577, 0.00000000, 0.00000000, 0.00000000, 0.00000000
2, 0.1800, 18, 1.77632678, -2.20254636, 0.50941801, -11.87618256, -0.65557587, 196.40130615, 52.23618698, 7.92166042, 63.13943100, -81.49358368, 61.17843628, -64.71698761, 0.72867423, 0.26829195, -0.62638998, 0.06847633, -1.63138211, -0.92011940, 0.09835411, 0.00000000, 0.00000000, 0.00000000, 0.00000000
5, 0.2600, 26, 2.17672372, -0.35532755, -1.54342031, 77.80558014, -95.31800842, 104.67369843, 19.00029182, 45.36685181, -93.10143280, 29.06435966, 8.33083439, 41.37457275, 0.90963882, -0.20928559, -0.15418769, -0.32401076, -0.28331834, 1.10918045, 1.26649296, 0.00000000, 0.00000000, 0.00000000, 0.00000000
5, 0.2700, 27, 2.16032124, -0.51076365, -1.71434665, 69.63022614, -105.19652557, 115.02290344, 19.26337242, 44.75299454, -94.59222412, 30.51570702, 9.24571896, 41.45412064, 0.90688092, -0.21781094, -0.16555794, -0.32049331, -0.36632943, 1.29493439, 1.24106669, 0.00000000, 0.00000000, 0.00000000, 0.00000000
5, 0.2800, 28, 2.15031624, -0.67328227, -1.89843416, 57.58109665, -115.41326141, 125.01027679, 19.46799088, 43.72990417, -95.41069794, 32.09482956, 10.14208221, 41.72089386, 0.90322387, -0.22705273, -0.17742874, -0.31804517, -0.45426190, 1.49391723, 1.22290087, 0.00000000, 0.00000000, 0.00000000, 0.00000000
4, -0.0000, 0, -0.25499928, 1.34167075, -0.53350687, -26.21573639, -33.58377457, -16.32578659, -69.92107391, 15.63870239, -69.07337189, 8.06964970, -11.40522957, 42.48500061, 1.00000000, 0.00000000, 0.00000000, 0.00000000, 0.02609404, 0.03621954, 0.46796352, 101.52400208, -16.55220032, 37.31999969, 0.00000000
4, 0.0100, 1, -0.30091313, 1.42914152, -0.54834849, -28.68336105, -27.22712517, -11.77687645, -69.57029724, 16.10640144, -68.95644379, 7.73689699, -11.61766052, 42.68864059, 1.00000000, 0.00000000, 0.00000000, 0.00000000, 0.06587987, 0.03406166, 0.55740356, 101.52400208, -16.55220032, 37.31999969, 0.00000000
4, 0.0200, 2, -0.32350621, 1.49661303, -0.58194560, -28.30423355, -20.03161812, -5.38923168, -70.47647095, 16.72025681, -68.19643402, 7.41702557, -11.74258709, 42.85044098, 1.00000000, 0.00000000, 0.00000000, 0.00000000, 0.08404635, 0.05507880, 0.63149279, 101.52400208, -16.55220032, 37.31999969, 0.00000000
5, 0.2900, 29, 2.10063434, -0.71948814, -2.15510917, 47.33016968, -130.99888611, 138.03651428, 19.26337242, 40.19292450, -96.81379700, 33.87089920, 11.02486610, 42.18194580, 0.89849067, -0.23745477, -0.19007710, -0.31654459, -0.40565878, 1.73068404, 1.19739699, 0.00000000, 0.00000000, 0.00000000, 0.00000000
2, 0.1900, 19, 1.63904750, -2.20483279, 0.52062374, -15.17479134, 1.74290550, 212.24737549, 52.23618698, 7.92166042, 63.13943100, -85.82308197, 60.91059494, -68.76017761, 0.71593732, 0.27476832, -0.63780618, 0.07169025, -1.54147387, -0.92311716, 0.03105237, 0.00000000, 0.00000000, 0.00000000, 0.00000000
5, 0.3000, 30, 2.12064886, -0.74195182, -2.43742156, 42.50419617, -163.75158691, 146.95663452, 19.67260933, 40.77754974, -97.63227081, 39.11667252, 11.37776470, 43.59480667, 0.88294220, -0.27461606, -0.21042386, -0.31736559, -0.34651625, 1.97154403, 1.25788271, 0.00000000, 0.00000000, 0.00000000, 0.00000000
5, 0.3100, 31, 2.06810689, -0.85240304, -2.69535923, 43.39087296, -205.74641418, 148.92381287, 19.67260933, 40.77754974, -97.63227081, 41.66675186, 11.99295616, 44.26843262, 0.87500262, -0.29085115, -0.22370976, -0.31580055, -0.36658615, 2.18663549, 1.24869311, 0.00000000, 0.00000000, 0.00000000, 0.00000000
4, 0.0300, 3, -0.29470664, 1.54020298, -0.63621438, -25.00657082, -10.03236389, 4.02315569, -70.76878357, 16.48640823, -67.84565735, 7.35746098, -11.02610683, 43.68653870, 1.00000000, 0.00000000, 0.00000000, 0.00000000, 0.05617931, 0.10053179, 0.68577898, 101.52400208, -16.55220032, 37.31999969, 0.00000000
2, 0.2000, 20, 1.47063673, -2.23811531, 0.61525482, -21.53038216, 5.00276327, 224.64102173, 51.56386948, 5.58316278, 63.11020279, -90.33535767, 60.49069595, -72.90758514, 0.70213819, 0.28175870, -0.64965641, 0.07456993, -1.42703676, -1.01509511, -0.05258895, 0.00000000, 0.00000000, 0.00000000, 0.00000000
2, 0.2100, 21, 1.33624125, -2.34280777, 0.62327594, -30.72051620, 11.75861931, 237.66564941, 51.00847626, 4.03390837, 62.87635040, -95.00747681, 59.89899063, -77.08927917, 0.68717384, 0.28951830, -0.66186637, 0.07683843, -1.41303515, -1.05936158, -0.17414555, 0.00000000, 0.00000000, 0.00000000, 0.00000000
2, 0.2200, 22, 1.17031348, -2.51812077, 0.55743289, -41.19931412, 15.97067833, 251.68795776, 49.72230148, 1.75387311, 62.90558243, -101.82736206, 58.36706161, -83.19377136, 0.66291869, 0.30268356, -0.67980278, 0.08240040, -1.45390761, -1.06555820, -0.37418002, 0.00000000, 0.00000000, 0.00000000, 0.00000000
5, 0.3200, 32, 1.98597801, -1.04585290, -2.94506264, 50.01006699, -252.05764771, 146.99961853, 19.55568504, 38.78982544, -99.64922333, 44.65944290, 12.45048046, 44.90003204, 0.86560082, -0.31076667, -0.23693728, -0.31308147, -0.45757931, 2.44386792, 1.17547607, 0.00000000, 0.00000000, 0.00000000, 0.00000000
2, 0.2300, 23, 0.99392509, -2.72380114, 0.40608823, -59.06624985, 9.92839432, 270.35302734, 49.72230148, 1.75387311, 62.90558243, -106.72624969, 57.42473984, -87.41806793, 0.64469934, 0.31062838, -0.69353187, 0.08298391, -1.54154181, -1.00582314, -0.61029714, 0.00000000, 0.00000000, 0.00000000, 0.00000000
2, 0.2400, 24, 0.72358757, -2.89882922, 0.20488201, -76.01715851, -4.55919886, 293.29556274, 48.52382278, 0.00000000, 62.32095718, -111.89927673, 56.34173203, -91.91604614, 0.62431693, 0.31774685, -0.70879877, 0.08288393, -1.55916047, -0.89764583, -0.92407626, 0.00000000, 0.00000000, 0.00000000, 0.00000000
5, 0.3300, 33, 1.86563551, -1.25823522, -3.07977962, 63.98519897, -303.72052002, 145.01193237, 18.56182289, 37.32826614, -101.49079132, 48.14485168, 12.78504658, 45.42432785, 0.85452873, -0.33467254, -0.25028157, -0.30843827, -0.58970225, 2.59109163, 1.06132746, 0.00000000, 0.00000000, 0.00000000, 0.00000000
4, 0.0400, 4, -0.26509961, 1.60229981, -0.70741022, -21.34635162, 3.16012239, 15.51021767, -70.76878357, 16.48640823, -67.84565735, 7.13924646, -10.86984158, 43.71070480, 1.00000000, 0.00000000, 0.00000000, 0.00000000, 0.03564107, 0.15469299, 0.76087487, 101.52400208, -16.55220032, 37.31999969, 0.00000000
4, 0.0500, 5, -0.24957940, 1.68964171, -0.78609443, -19.22858620, 16.41626358, 26.05438805, -70.21338654, 15.46331501, -67.78719330, 6.96052599, -10.56650734, 43.64925003, 1.00000000, 0.00000000, 0.00000000, 0.00000000, 0.02201749, 0.21184334, 0.86370826, 101.52400208, -16.55220032, 37.31999969, 0.00000000
4, 0.0600, 6, -0.20947662, 1.76525390, -0.84783030, -18.17795181, 27.96277618, 35.50839233, -69.97953796, 16.69102669, -67.99181366, 6.80731487, -10.13300705, 43.51343155, 1.00000000, 0.00000000, 0.00000000, 0.00000000, -0.01348708, 0.25497472, 0.95001143, 101.52400208, -16.55220032, 37.31999969, 0.00000000
4, 0.0700, 7, -0.14098905, 1.84651363, -0.89619780, -19.07682419, 34.73442841, 45.63249207, -70.00876617, 16.25255775, -67.75796509, 6.64965630, -9.58085918, 43.34997940, 1.00000000, 0.00000000, 0.00000000, 0.00000000, -0.07529298, 0.28361541, 1.03743565, 101.52400208, -16.55220032, 37.31999969, 0.00000000
4, 0.0800, 8, -0.10541359, 1.91342461, -0.95866245, -18.12347031, 38.38011551, 55.15370178, -69.89184570, 17.10026360, -67.75796509, 7.61562777, -7.48814154, 43.73889542, 1.00000000, 0.00000000, 0.00000000, 0.00000000, -0.09585353, 0.32464820, 1.11479008, 101.52400208, -16.55220032, 37.31999969, 0.00000000
4, 0.0900, 9, -0.10851546, 1.96223259, -1.00224757, -13.88085651, 39.35385895, 60.62932587, -69.89184570, 17.10026360, -67.75796509, 7.49932814, -6.77759027, 43.59995270, 1.00000000, 0.00000000, 0.00000000, 0.00000000, -0.06345715, 0.34176493, 1.17028689, 101.52400208, -16.55220032, 37.31999969, 0.00000000
4, 0.1000, 10, -0.11402945, 2.01925135, -1.01263380, -9.45093918, 39.45530701, 63.48501968, -68.75182343, 17.33411217, -68.34259033, 7.42430544, -6.04056740, 43.47091293, 1.00000000, 0.00000000, 0.00000000, 0.00000000, -0.04667278, 0.33873859, 1.22651696, 101.52400208, -16.55220032, 37.31999969, 0.00000000
4, 0.1100, 11, -0.09810044, 2.07988000, -1.00145006, -2.73819327, 42.34375763, 67.07545471, -68.45951080, 17.65565681, -67.84565735, 7.41628695, -5.25971127, 43.32971954, 1.00000000, 0.00000000, 0.00000000, 0.00000000, -0.05063777, 0.31296581, 1.28050733, 101.52400208, -16.55220032, 37.31999969, 0.00000000
5, 0.3400, 34, 1.70872629, -1.38352203, -3.07524347, 80.45635986, -351.22735596, 144.19569397, 18.38643646, 36.01286316, -105.29084778, 52.08711243, 13.04608440, 45.82707977, 0.84162819, -0.36205271, -0.26384917, -0.30160138, -0.66901946, 2.57804966, 0.93026936, 0.00000000, 0.00000000, 0.00000000, 0.00000000
4, 0.1200, 12, -0.08803033, 2.11811757, -0.99623978, 3.17393565, 47.68562317, 71.39096832, -67.93334961, 17.97719955, -68.81028748, 7.46897316, -4.41887712, 43.15705109, 1.00000000, 0.00000000, 0.00000000, 0.00000000, -0.04730325, 0.29753453, 1.31473505, 101.52400208, -16.55220032, 37.31999969, 0.00000000
5, 0.3500, 35, 1.48122132, -1.32405984, -2.96233225, 99.53569794, -390.40325928, 138.95300293, 17.12949371, 35.19438553, -108.15550995, 58.70922470, 13.28586388, 46.21287155, 0.81855297, -0.40829104, -0.28382745, -0.28759632, -0.58733565, 2.40603590, 0.77981746, 0.00000000, 0.00000000, 0.00000000, 0.00000000
2, 0.2500, 25, 0.42401013, -3.18375492, -0.01120834, -87.53798676, -29.29732132, 322.31576538, 47.12072372, -2.51388478, 62.70096207, -117.32487488, 55.02170563, -96.78446960, 0.60129064, 0.32340133, -0.72593814, 0.08291608, -1.64004087, -0.82614714, -1.32464910, 0.00000000, 0.00000000, 0.00000000, 0.00000000
2, 0.2600, 26, 0.05853326, -3.38422346, -0.12939246, -87.11142731, -60.13065338, 367.42440796, 45.57146835, -5.29085064, 61.29786682, -122.94423676, 53.21905136, -102.07122040, 0.57449400, 0.32764092, -0.74529207, 0.08454552, -1.59292340, -0.81014228, -1.69246244, 0.00000000, 0.00000000, 0.00000000, 0.00000000
2, 0.2700, 27, -0.27625245, -3.40180469, -0.14600751, -76.61936951, -91.52831268, 403.87142944, 42.99912262, -7.71704149, 59.74861145, -133.38665771, 48.74414062, -110.56653595, 0.51677072, 0.34223124, -0.78061664, 0.08039520, -1.42021632, -0.81378591, -1.88076818, 0.00000000, 0.00000000, 0.00000000, 0.00000000
5, 0.3600, 36, 1.07161355, -1.30387366, -2.80185223, 117.83989716, -423.49041748, 124.22595215, 15.11254025, 32.50511551, -111.83864594, 63.27130127, 13.47697163, 46.20541000, 0.80186057, -0.43991891, -0.29627761, -0.27515551, -0.51487219, 2.19098377, 0.46562362, 0.00000000, 0.00000000, 0.00000000, 0.00000000
4, 0.1300, 13, -0.07285214, 2.17238712, -1.01365829, 8.81527042, 53.61146545, 75.82765961, -67.14411163, 18.26951218, -68.86875153, 8.12069893, -2.87259984, 43.29444122, 1.00000000, 0.00000000, 0.00000000, 0.00000000, -0.04567624, 0.29657871, 1.37051499, 101.52400208, -16.55220032, 37.31999969, 0.00000000
4, 0.1400, 14, -0.02558074, 2.14992619, -1.04245853, 13.24629688, 62.09833527, 81.76798248, -67.14411163, 18.26951218, -68.86875153, 8.27250576, -1.87825406, 43.04314804, 1.00000000, 0.00000000, 0.00000000, 0.00000000, -0.06751824, 0.32057273, 1.35498989, 101.52400208, -16.55220032, 37.31999969, 0.00000000
4, 0.1500, 15, 0.05565605, 2.06994319, -1.09309137, 17.89026642, 72.61662292, 89.06697845, -66.58871460, 17.86027527, -69.42414093, 8.46952629, -0.77494109, 42.72789764, 1.00000000, 0.00000000, 0.00000000, 0.00000000, -0.12872458, 0.38663524, 1.28851879, 101.52400208, -16.55220032, 37.31999969, 0.00000000
2, 0.2800, 28, -0.64913195, -3.25579834, -0.13646485, -71.26443481, -109.40995789, 423.33511353, 42.99912262, -7.71704149, 59.74861145, -137.72459412, 45.68442154, -115.01412964, 0.48392206, 0.34368443, -0.80021167, 0.08580165, -1.12358165, -0.78102952, -1.96300721, 0.00000000, 0.00000000, 0.00000000, 0.00000000
4, 0.1600, 16, 0.16035789, 2.00791025, -1.16981816, 21.48915672, 80.66013336, 96.76202393, -65.88716888, 19.17568016, -69.71645355, 8.69767952, 0.43185824, 42.37416840, 1.00000000, 0.00000000, 0.00000000, 0.00000000, -0.21207602, 0.47281715, 1.24592507, 101.52400208, -16.55220032, 37.31999969, 0.00000000
4, 0.1700, 17, 0.29278809, 1.98824418, -1.29829919, 27.77773666, 87.01074219, 106.04354858, -65.33177185, 19.32183456, -70.27185059, 8.98154259, 1.75043535, 42.00596619, 1.00000000, 0.00000000, 0.00000000, 0.00000000, -0.32254052, 0.59763557, 1.25736833, 101.52400208, -16.55220032, 37.31999969, 0.00000000
4, 0.1800, 18, 0.48376054, 2.04182148, -1.46196461, 38.02567291, 92.21647644, 119.49429321, -65.33177185, 19.32183456, -70.27185059, 11.65923595, 5.20258999, 41.70903778, 1.00000000, 0.00000000, 0.00000000, 0.00000000, -0.48240480, 0.72692555, 1.35050654, 101.52400208, -16.55220032, 37.31999969, 0.00000000
4, 0.1900, 19, 0.62984478, 2.05438781, -1.57152510, 52.11360550, 93.18047333, 138.78771973, -63.95790482, 19.99415398, -70.65185547, 12.17190933, 6.85819006, 41.50774765, 1.00000000, 0.00000000, 0.00000000, 0.00000000, -0.57581842, 0.79323590, 1.39819181, 101.52400208, -16.55220032, 37.31999969, 0.00000000
4, 0.2000, 20, 0.76336485, 2.01916361, -1.64131415, 75.16351318, 86.86091614, 157.31945801, -62.93481445, 20.25723457, -71.99649048, 12.92899132, 8.65054035, 41.47165680, 1.00000000, 0.00000000, 0.00000000, 0.00000000, -0.67874604, 0.85926092, 1.38488698, 101.52400208, -16.55220032, 37.31999969, 0.00000000
4, 0.2100, 21, 0.89162725, 2.03131437, -1.68516874, 97.73287201, 79.12307739, 171.68261719, -61.12247849, 20.43262100, -72.66880798, 13.93643284, 10.53226471, 41.60621643, 1.00000000, 0.00000000, 0.00000000, 0.00000000, -0.77563399, 0.88445908, 1.41323268, 101.52400208, -16.55220032, 37.31999969, 0.00000000
4, 0.2200, 22, 1.04123533, 2.03443909, -1.74653816, 121.87590027, 76.32048798, 187.18395996, -59.07629395, 20.54954720, -74.07190704, 15.21751118, 12.53113651, 41.88776016, 1.00000000, 0.00000000, 0.00000000, 0.00000000, -0.89217705, 0.92500532, 1.43951106, 101.52400208, -16.55220032, 37.31999969, 0.00000000
2, 0.2900, 29, -1.05086994, -3.09255791, -0.16177344, -69.55940247, -127.40546417, 439.25393677, 40.66062546, -10.26015759, 58.22858810, -141.58599854, 42.28073120, -119.14853668, 0.44906732, 0.34373760, -0.81957239, 0.09210926, -0.79747665, -0.69889152, -2.11442947, 0.00000000, 0.00000000, 0.00000000, 0.00000000
4, 0.2600, 23, 1.61069131, 1.64680481, -2.25101590, 220.92021179, 58.18531418, 259.82858276, -52.64542389, 20.22800255, -79.62583923, 25.74887657, 24.10600471, 44.89588928, 1.00000000, 0.00000000, 0.00000000, 0.00000000, -1.26544034, 1.37628579, 1.29140830, 101.52400208, -16.55220032, 37.31999969, 0.00000000
5, 0.3700, 37, 0.64296931, -1.42798185, -2.84365702, 128.80903625, -459.04174805, 95.51265717, 15.11254025, 32.50511551, -111.83864594, 68.03622437, 13.55950642, 45.84579468, 0.78379154, -0.47355983, -0.30650178, -0.25974745, -0.52349538, 2.22948170, 0.09507132, 0.00000000, 0.00000000, 0.00000000, 0.00000000
2, 0.3000, 30, -1.68484318, -2.66084075, 0.06013195, -72.60241699, -151.93072510, 460.25048828, 38.23443222, -12.80327415, 57.29319000, -145.06050110, 38.52360535, -123.10810852, 0.41166890, 0.34184888, -0.83893287, 0.09929584, -0.06340216, -0.72815257, -2.21543860, 0.00000000, 0.00000000, 0.00000000, 0.00000000
5, 0.3800, 38, 0.62772095, -1.47279072, -2.97005653, 141.96597290, -520.92645264, 47.86412048, 13.79713535, 31.27740479, -115.28792572, 73.14929962, 13.48885441, 44.88281250, 0.76384163, -0.51092988, -0.31306419, -0.23976558, -0.53012848, 2.33258891, 0.15653294, 0.00000000, 0.00000000, 0.00000000, 0.00000000
5, 0.3900, 39, 0.89168638, -1.34482253, -2.78153753, 161.08705139, -592.40179443, -7.36224461, 11.57556248, 31.01432228, -118.82490540, 78.66607666, 13.39286423, 43.18315887, 0.74149221, -0.55214065, -0.31551450, -0.21396399, -0.51836330, 2.09145308, 0.51769930, 0.00000000, 0.00000000, 0.00000000, 0.00000000
5, 0.4000, 40, 0.90442175, -0.99871814, -2.11581182, 165.99243164, -640.65954590, -59.76864624, 8.36012840, 29.87430573, -122.77111816, 81.64980316, 13.54526043, 38.72526169, 0.73449028, -0.58288223, -0.29942656, -0.17639793, -0.36652899, 1.34182501, 0.64849329, 0.00000000, 0.00000000, 0.00000000, 0.00000000
2, 0.3100, 31, -2.22140956, -2.22868824, 0.20522569, -90.12512970, -188.49487305, 470.89700317, 34.84361267, -15.08330917, 55.53931427, -148.23516846, 34.56330872, -127.08747864, 0.37222302, 0.33637956, -0.85844338, 0.10664801, 0.57650852, -0.69020194, -2.26574731, 0.00000000, 0.00000000, 0.00000000, 0.00000000
5, 0.4100, 41, 0.68056381, -0.63039529, -1.27045441, 142.94070435, -589.70898438, -122.51142883, 3.88775206, 30.31277466, -126.10347748, 86.54425812, 13.47115898, 35.91055298, 0.71264935, -0.62125367, -0.29109120, -0.14642659, -0.18557844, 0.42327014, 0.51456213, 0.00000000, 0.00000000, 0.00000000, 0.00000000
4, 0.2700, 24, 1.78913975, 1.36296546, -2.31595659, 228.10700989, 14.61707878, 293.39385986, -50.16077042, 19.46799088, -81.35047913, 28.91421127, 26.35750580, 46.99833298, 1.00000000, 0.00000000, 0.00000000, 0.00000000, -1.40152538, 1.47529054, 1.06528413, 101.52400208, -16.55220032, 37.31999969, 0.00000000
4, 0.2800, 25, 2.20445943, 1.28359258, -1.65482283, 205.83541870, 1.19384551, 334.49389648, -50.16077042, 19.46799088, -81.35047913, 31.24145699, 32.91693115, 41.51691055, 1.00000000, 0.00000000, 0.00000000, 0.00000000, -1.75971746, 0.82836550, 0.85804260, 101.52400208, -16.55220032, 37.31999969, 0.00000000
4, 0.2900, 26, 1.82285643, 1.55693746, -1.18983245, 216.10289001, 23.51177216, 352.16540527, -46.82841110, 19.14644814, -83.01666260, 35.08017349, 35.42928696, 44.53044128, 1.00000000, 0.00000000, 0.00000000, 0.00000000, -1.29754424, 0.30038372, 1.07907224, 101.52400208, -16.55220032, 37.31999969, 0.00000000
5, 0.4200, 42, 0.37145412, -0.34789670, -0.87682694, 126.18154144, -479.43014526, -184.07794189, 3.88775206, 30.31277466, -126.10347748, 90.12916565, 13.70030403, 32.78130722, 0.69659394, -0.65051377, -0.27915362, -0.11688469, 0.04982143, -0.03425243, 0.31982529, 0.00000000, 0.00000000, 0.00000000, 0.00000000
2, 0.3200, 32, -2.65036511, -1.92717040, 0.21315801, -101.13390350, -205.57589722, 448.11105347, 31.89126015, -16.92487526, 54.07775497, -152.77984619, 23.28676033, -136.19702148, 0.26796395, 0.31101459, -0.90093130, 0.14067027, 0.98035580, -0.58452725, -2.33896828, 0.00000000, 0.00000000, 0.00000000, 0.00000000
4, 0.3000, 27, 1.23539138, 1.71134686, -1.23442936, 253.53524780, 18.74608040, 361.48239136, -44.08067703, 18.70797920, -85.55977631, 39.66474915, 37.76574326, 47.99337769, 1.00000000, 0.00000000, 0.00000000, 0.00000000, -0.67964560, 0.26943186, 1.30865467, 101.52400208, -16.55220032, 37.31999969, 0.00000000
4, 0.3100, 28, 0.84733832, 1.68677652, -1.12317777, 294.66217041, 8.48587608, 388.20895386, -40.45600510, 16.80795097, -87.86904144, 45.21923065, 39.89974594, 52.18258286, 1.00000000, 0.00000000, 0.00000000, 0.00000000, -0.26010251, 0.12929492, 1.32993734, 101.52400208, -16.55220032, 37.31999969, 0.00000000
4, 0.3200, 29, 0.57573771, 1.71215117, -0.90044397, 306.43258667, -5.69493341, 398.56829834, -40.45600510, 16.80795097, -87.86904144, 51.38381958, 41.60718536, 56.96372986, 1.00000000, 0.00000000, 0.00000000, 0.00000000, 0.03756430, -0.13241065, 1.37631524, 101.52400208, -16.55220032, 37.31999969, 0.00000000
5, 0.4300, 43, 0.37132525, -0.38563511, -0.62414074, 113.62588501, -395.67446899, -256.61795044, 0.90616781, 29.37737465, -128.09120178, 92.57683563, 14.20003605, 29.17140388, 0.68612921, -0.67265874, -0.26329187, -0.08622246, -0.04352178, -0.26625949, 0.34544644, 0.00000000, 0.00000000, 0.00000000, 0.00000000
5, 0.4400, 44, 0.67549306, -0.50883543, -0.02947646, 95.43741608, -289.54107666, -325.99411011, -2.22157264, 30.45892906, -129.75738525, 93.67259216, 14.92067337, 25.17176056, 0.68263209, -0.68649435, -0.24428038, -0.05537254, -0.36850369, -0.80370742, 0.60826319, 0.00000000, 0.00000000, 0.00000000, 0.00000000
5, 0.4500, 45, 1.18301141, -0.67904747, 0.26052356, 80.94036102, -185.89941406, -396.17761230, -3.47851491, 31.56971550, -129.81584167, 81.35722351, 21.55849457, -12.52852058, 0.72724646, -0.65196711, -0.07112172, 0.20246786, -0.67787164, -1.02453732, 1.00418150, 0.00000000, 0.00000000, 0.00000000, 0.00000000
5, 0.4600, 46, 2.12227821, -0.67644715, 0.41851595, 56.30317688, -93.98921967, -487.12240601, -3.88775206, 30.25431061, -130.72201538, 79.15773773, 21.35316849, -17.88254738, 0.72985590, -0.64069462, -0.04374623, 0.23432276, -0.84917837, -1.14283776, 1.73994040, 0.00000000, 0.00000000, 0.00000000, 0.00000000
5, 0.4700, 47, 3.20545959, 0.15713555, 0.61715239, 20.35067940, 34.95227051, -545.80902100, -3.88775206, 30.25431061, -130.72201538, 75.47677612, 20.80347252, -23.43274117, 0.73917145, -0.61844963, -0.01755971, 0.26615286, -0.36326745, -1.54581356, 2.91227913, 0.00000000, 0.00000000, 0.00000000, 0.00000000
2, 0.3300, 33, -2.67183614, -1.83887160, 0.11790700, -130.86241150, -213.82952881, 377.23559570, 31.89126015, -16.92487526, 54.07775497, -154.56240845, 19.94861221, -139.42858887, 0.23365544, 0.29731411, -0.91435164, 0.14481209, 0.88207674, -0.47514105, -2.24106169, 0.00000000, 0.00000000, 0.00000000, 0.00000000
2, 0.3400, 34, -2.53036165, -1.71226144, -0.20878348, -182.98797607, -269.27575684, 287.30957031, 28.61736298, -18.32797432, 52.47003555, -156.02761841, 17.45865440, -143.17416382, 0.20569496, 0.27549297, -0.92732298, 0.14786938, 0.72606635, -0.14214015, -2.12328815, 0.00000000, 0.00000000, 0.00000000, 0.00000000
2, 0.3500, 35, -2.76879668, -1.43272877, -0.57084686, -222.83898926, -334.56250000, 143.49664307, 27.44811440, -19.93569183, 49.54691696, -156.87815857, 16.27238464, -147.43940735, 0.18871230, 0.24465907, -0.93891263, 0.15156755, 0.92872304, 0.29129803, -2.22276759, 0.00000000, 0.00000000, 0.00000000, 0.00000000
2, 0.3600, 36, -2.60601020, -1.03901565, -0.46963233, -231.09382629, -334.03170776, -3.18454075, 26.36655998, -19.23414230, 47.03303146, -157.24685669, 16.44992638, -151.58575439, 0.18387416, 0.21077475, -0.94751793, 0.15483572, 1.11933446, 0.35847843, -1.83338869, 0.00000000, 0.00000000, 0.00000000, 0.00000000
4, 0.3300, 30, 0.56555629, 1.88259494, -0.51161706, 295.95648193, -69.17317200, 397.63406372, -37.73750305, 14.46945286, -90.20754242, 43.84817123, 39.98640823, 32.82390976, 1.00000000, 0.00000000, 0.00000000, 0.00000000, 0.05328503, -0.56881458, 1.47706723, 101.52400208, -16.55220032, 37.31999969, 0.00000000
4, 0.3400, 31, 0.83568764, 2.07343411, 0.07605157, 273.15875244, -159.60148621, 377.20806885, -34.69745636, 12.42326832, -92.04911041, 50.00326538, 40.32793427, 38.20954895, 1.00000000, 0.00000000, 0.00000000, 0.00000000, -0.23398212, -1.16300058, 1.45380235, 101.52400208, -16.55220032, 37.31999969, 0.00000000
4, 0.3500, 32, 1.10156548, 2.18211770, 0.61185074, 239.96351624, -258.40686035, 356.24163818, -33.00204468, 8.68167210, -93.86144257, 55.91885757, 39.24595642, 43.81426620, 1.00000000, 0.00000000, 0.00000000, 0.00000000, -0.50655317, -1.76477408, 1.47548938, 101.52400208, -16.55220032, 37.31999969, 0.00000000
4, 0.3600, 33, 1.31080258, 2.44230533, 1.29517126, 197.20640564, -325.14343262, 332.69836426, -32.09587860, 6.25548077, -96.78456116, 61.06246567, 37.05554962, 49.08663559, 1.00000000, 0.00000000, 0.00000000, 0.00000000, -0.74216026, -2.54935098, 1.60017991, 101.52400208, -16.55220032, 37.31999969, 0.00000000
4, 0.3700, 34, 1.73837674, 2.53525758, 2.10331106, 199.66638184, -344.19882202, 314.25482178, -32.09587860, 6.25548077, -96.78456116, 65.70009613, 34.29850769, 53.77456284, 1.00000000, 0.00000000, 0.00000000, 0.00000000, -1.20337987, -3.41000938, 1.52095079, 101.52400208, -16.55220032, 37.31999969, 0.00000000
2, 0.3700, 37, -2.42126083, -0.64952749, -0.34212959, -248.21965027, -384.69125366, -134.73089600, 26.30809593, -18.62028694, 43.99298477, -164.23246765, 10.51905251, -143.57864380, 0.12893791, 0.29631153, -0.94090319, 0.10136929, 1.29153943, 0.37934715, -1.41447544, 0.00000000, 0.00000000, 0.00000000, 0.00000000
5, 0.4800, 48, 4.15423250, 2.31734395, 1.00846124, -23.24828720, 178.39216614, -506.76531982, -3.53697753, 35.22361755, -129.72814941, 70.82379150, 19.96776390, -28.08742142, 0.75429690, -0.58790624, 0.00140578, 0.29223368, 1.34589827, -2.47673941, 4.20798874, 0.00000000, 0.00000000, 0.00000000, 0.00000000
5, 0.4900, 49, 4.94841337, 6.60045433, 1.59952998, -19.51983643, 294.20291138, -353.15270996, -2.48465347, 38.08827972, -129.34814453, 66.14255524, 19.60877419, -30.95185661, 0.77101940, -0.55629253, 0.00595593, 0.30989093, 5.03659248, -4.15008211, 5.79151154, 0.00000000, 0.00000000, 0.00000000, 0.00000000
5, 0.5000, 50, 4.21448755, 5.79075003, 0.46041051, 130.36151123, 338.88470459, -285.53872681, -0.73078048, 39.52060699, -127.94504547, 51.01520920, 18.81154251, -3.51791024, 0.88781464, -0.42916843, -0.13438605, 0.09767321, 4.73131895, -2.78202772, 4.86361456, 0.00000000, 0.00000000, 0.00000000, 0.00000000
5, 0.5100, 51, -1.12282264, 2.83777976, 2.06891418, 173.81025696, 248.36280823, -196.36018372, 1.90002918, 39.72522736, -126.74656677, 47.69588470, 19.77273178, -6.13384628, 0.89603531, -0.40613800, -0.13550037, 0.11752626, 2.72193956, -3.45110440, -1.22862875, 0.00000000, 0.00000000, 0.00000000, 0.00000000
5, 0.5200, 52, -7.01257372, 3.79346347, 3.62342501, 205.25672913, -17.20719147, -244.57473755, 1.90002918, 39.72522736, -126.74656677, 46.53527832, 19.66482925, -9.52847385, 0.89644563, -0.40090910, -0.12400901, 0.14240450, 4.53696251, -5.17783260, -6.88086224, 0.00000000, 0.00000000, 0.00000000, 0.00000000
5, 0.5300, 53, -4.87756872, 3.59431791, 4.06414986, 158.44648743, -75.64671326, -86.49774933, 1.98772287, 39.37445068, -126.33732605, 46.75615311, 19.99599838, -11.37135696, 0.89269501, -0.40463638, -0.11986315, 0.15810734, 3.76155877, -5.55005312, -4.86880732, 0.00000000, 0.00000000, 0.00000000, 0.00000000
5, 0.5400, 54, 0.49165010, 1.30932796, 2.51024151, 165.09889221, -46.05659103, 59.11621857, 1.75387311, 38.70213318, -127.33119202, 47.45603180, 21.38161659, -12.09293747, 0.88670838, -0.41109979, -0.12723173, 0.16898945, 0.83421528, -3.45129013, -0.02257720, 0.00000000, 0.00000000, 0.00000000, 0.00000000
5, 0.5500, 55, 0.55339426, -0.85915434, 1.51380646, 105.43874359, -7.28091717, 286.43081665, 1.05232382, 36.15901566, -127.21426392, 51.39917755, 34.49691391, -12.50876904, 0.84142637, -0.44079310, -0.22047547, 0.22157103, -0.88974833, -1.91186333, -0.32342201, 0.00000000, 0.00000000, 0.00000000, 0.00000000
2, 0.3800, 38, -2.29543614, -0.22424297, -0.63657612, -241.52134705, -458.80813599, -283.58889771, 26.30809593, -18.62028694, 43.99298477, -162.75468445, 12.62762642, -148.60984802, 0.14498879, 0.24996501, -0.95052040, 0.11404768, 1.34477651, 0.76160252, -1.10854483, 0.00000000, 0.00000000, 0.00000000, 0.00000000
2, 0.3900, 39, -1.51956415, 0.25037917, -0.55201781, -261.20880127, -551.40258789, -466.98574829, 28.09120178, -18.44489861, 40.01753998, -160.62507629, 16.48076057, -154.39488220, 0.17467354, 0.19265890, -0.95665431, 0.13108943, 1.24413443, 0.91346693, -0.23898114, 0.00000000, 0.00000000, 0.00000000, 0.00000000
2, 0.4000, 40, 0.42067561, 1.19192815, -0.75365138, -342.89263916, -643.17138672, -679.39898682, 30.95586014, -16.95410728, 35.77901077, -158.58853149, 22.59037209, -161.34863281, 0.21943048, 0.12023824, -0.95672321, 0.14857306, 0.64480162, 1.51868463, 1.69368351, 0.00000000, 0.00000000, 0.00000000, 0.00000000
5, 0.5600, 56, -2.50882530, -0.72236931, 1.51768327, -71.26777649, 18.52660751, 373.28042603, 1.19848001, 34.81438065, -127.03887939, 54.46275330, 35.99581528, -8.29681492, 0.83321381, -0.45392847, -0.24253468, 0.20219007, 0.07044967, -1.92716241, -3.17491269, 0.00000000, 0.00000000, 0.00000000, 0.00000000
4, 0.3800, 35, 1.68045855, 2.19126964, 2.51236868, 253.59906006, -291.71142578, 341.50311279, -31.94972229, 2.51388478, -98.42151642, 76.92159271, 41.92062378, 144.92869568, 1.00000000, 0.00000000, 0.00000000, 0.00000000, -1.13868952, -3.75086045, 1.16757727, 101.52400208, -16.55220032, 37.31999969, 0.00000000
4, 0.3900, 36, 1.46074593, 1.79297614, 2.18227148, 279.67453003, -273.14715576, 365.08334351, -32.38819122, 1.28617358, -100.29231262, 82.56607056, 38.85226059, 149.44346619, 1.00000000, 0.00000000, 0.00000000, 0.00000000, -0.84382153, -3.31997299, 1.02092803, 101.52400208, -16.55220032, 37.31999969, 0.00000000
4, 0.4000, 37, 1.25171530, 1.82873690, 1.57983351, 309.81906128, -285.61376953, 394.72753906, -31.94972229, -2.33849740, -102.66004181, 88.14380646, 35.28115845, 153.70104980, 1.00000000, 0.00000000, 0.00000000, 0.00000000, -0.68625492, -2.79212022, 1.28421330, 101.52400208, -16.55220032, 37.31999969, 0.00000000
2, 0.4100, 41, 2.10376430, 2.56736660, -0.96253848, -465.79812622, -721.11895752, -951.44995117, 34.90207672, -11.60479355, 30.48816109, -157.49313354, 31.67102432, -169.84211731, 0.28319994, 0.03048891, -0.94456184, 0.16331330, 0.54762280, 2.29241490, 3.66250134, 0.00000000, 0.00000000, 0.00000000, 0.00000000
2, 0.4200, 42, 1.09680915, 5.91137886, -0.06446061, -623.10455322, -728.41271973, -1299.18151855, 37.91289139, -3.42005253, 23.03420067, -150.96888733, 48.99772263, 124.90386200, 0.25044009, -0.49957228, -0.73297703, 0.38788146, 3.96310449, 2.86474228, 5.00460625, 0.00000000, 0.00000000, 0.00000000, 0.00000000
2, 0.4300, 43, -4.74358988, 8.03516483, 0.46115041, -947.92156982, -533.01293945, -2019.09802246, 37.91289139, -3.42005253, 23.03420067, -160.21754456, 70.36502075, 109.72367859, 0.38337263, -0.54435617, -0.60147691, 0.44150585, 9.63385105, 3.18530488, 1.71580863, 0.00000000, 0.00000000, 0.00000000, 0.00000000
2, 0.4400, 44, -6.96432877, 8.04186535, 0.84305036, -1169.20080566, 16.25471115, -2276.58105469, 39.81291962, 13.47559166, 18.15258598, 74.95734406, 81.43111420, -16.01565552, 0.54034251, -0.52880782, -0.44836029, 0.47682858, 11.32214546, 2.58850265, -0.18249655, 0.00000000, 0.00000000, 0.00000000, 0.00000000
5, 0.5700, 57, -3.52860665, 0.09145914, 0.52391541, -129.58247375, 104.29040527, 197.77401733, 1.19848001, 34.81438065, -127.03887939, 55.49236679, 36.29609299, -5.26116896, 0.83345187, -0.45458186, -0.25506487, 0.18345366, 1.32659054, -1.19278860, -3.91052961, 0.00000000, 0.00000000, 0.00000000, 0.00000000
5, 0.5800, 58, -2.36049557, 0.31244776, 1.53920484, -72.99893951, 291.68948364, 67.63865662, 1.95849168, 34.52206802, -126.86348724, 53.67235565, 37.01277924, -3.72988510, 0.84104723, -0.43708658, -0.26914373, 0.17075318, 1.02125669, -2.22001076, -2.79013991, 0.00000000, 0.00000000, 0.00000000, 0.00000000
2, 0.4500, 45, 3.15337038, 8.02084351, -1.56735694, -857.32928467, -29.72131729, -1988.22509766, 35.92516708, 36.50979233, 20.66647148, 46.71107864, 61.37289047, -46.22244263, 0.64673412, -0.49746642, -0.29710355, 0.49597552, 3.86735010, 4.54146767, 6.46658134, 0.00000000, 0.00000000, 0.00000000, 0.00000000
2, 0.4600, 46, 8.00257969, 5.91773462, -0.46336234, -512.18243408, -583.00396729, -1196.21044922, 24.96346092, 49.83922958, 22.80035019, 52.03448868, 47.82580566, -45.09250259, 0.69056022, -0.51001400, -0.18267818, 0.47920868, -0.52757263, 2.45912933, 9.03750515, 0.00000000, 0.00000000, 0.00000000, 0.00000000
2, 0.4700, 47, 5.79897499, 2.80328441, 2.97178173, -244.96994019, -428.27703857, -302.80178833, 18.53259277, 54.51622391, 22.97573853, 46.39331055, 49.88953018, -5.58874083, 0.82432497, -0.37561810, -0.36977747, 0.20655283, -0.19616294, -2.06083107, 6.45346642, 0.00000000, 0.00000000, 0.00000000, 0.00000000
4, 0.4100, 38, 0.03534735, 1.98143363, 1.43968248, 361.47238159, -234.75982666, 395.22741699, -32.44665146, -5.93393755, -104.50160980, 93.79144287, 31.87392235, 157.51063538, 1.00000000, 0.00000000, 0.00000000, 0.00000000, 0.47570914, -2.73157620, 1.57542169, 101.52400208, -16.55220032, 37.31999969, 0.00000000
4, 0.4200, 39, -1.91173697, 1.05741680, 1.53815210, 389.44427490, -206.77935791, 386.43032837, -32.44665146, -5.93393755, -104.50160980, 99.27112579, 28.45944214, 160.80227661, 1.00000000, 0.00000000, 0.00000000, 0.00000000, 2.39263415, -2.61699486, 0.78580272, 101.52400208, -16.55220032, 37.31999969, 0.00000000
4, 0.4300, 40, -3.69870257, -0.01352873, 2.74534774, 336.74417114, -129.54376221, 370.16192627, -32.35895920, -10.37708282, -106.40163422, 92.27601624, 21.31742477, -4.71017456, 1.00000000, 0.00000000, 0.00000000, 0.00000000, 4.14412832, -3.53950834, -0.47816333, 101.52400208, -16.55220032, 37.31999969, 0.00000000
4, 0.4400, 41, -4.01774263, -0.28622964, 3.97552776, 63.79440308, 49.53247070, 304.33068848, -32.21280289, -14.14791012, -107.04472351, 94.07039642, 20.82443619, -1.44437480, 1.00000000, 0.00000000, 0.00000000, 0.00000000, 4.40123987, -4.70587540, -1.13179040, 101.52400208, -16.55220032, 37.31999969, 0.00000000
4, 0.4500, 42, -4.02269936, 0.84519708, 2.35351539, -190.96127319, 142.26673889, 156.77009583, -31.04355431, -14.67407131, -106.54779053, 92.93651581, 21.72407722, 0.63471621, 1.00000000, 0.00000000, 0.00000000, 0.00000000, 4.38189268, -3.42010307, 0.36851937, 101.52400208, -16.55220032, 37.31999969, 0.00000000
5, 0.5900, 59, -2.24336910, -0.07889161, 2.99079990, -101.15625000, 515.64715576, 100.44808197, 3.50774622, 30.89739799, -124.58345032, 50.24319077, 38.49249649, -1.46138740, 0.85295212, -0.40458670, -0.29331309, 0.15083043, 0.27186739, -3.48380995, -2.86836195, 0.00000000, 0.00000000, 0.00000000, 0.00000000
5, 0.6000, 60, -0.47155598, 0.12166972, 2.76933146, -168.62071228, 666.81353760, 134.79199219, 7.51242304, 35.13592529, -121.07570648, 28.34583092, 36.30731583, -48.09593582, 0.81024921, -0.33556661, -0.18105344, 0.44509649, 0.13361920, -3.23103333, -1.15966165, 0.00000000, 0.00000000, 0.00000000, 0.00000000
4, 0.4600, 43, -3.37993693, 1.24401808, -0.33453456, -14.12840557, 24.13527489, 10.85235786, -30.69277954, -14.67407131, -106.02162933, 92.87055206, 21.92488098, 0.82437056, 1.00000000, 0.00000000, 0.00000000, 0.00000000, 3.72243643, -0.91862291, 1.40961695, 101.52400208, -16.55220032, 37.31999969, 0.00000000
2, 0.4800, 48, 1.51991367, -0.73988068, 4.21815586, -15.87446880, 161.57653809, 369.37384033, 18.53259277, 54.51622391, 22.97573853, 44.74296570, 53.07094193, -4.62119341, 0.81979418, -0.35689488, -0.39906287, 0.20325473, 0.63368940, -4.58178997, 1.44566166, 0.00000000, 0.00000000, 0.00000000, 0.00000000
2, 0.4900, 49, -0.91029632, -5.16565657, 5.34707117, -88.61367798, 442.42108154, 746.87493896, 22.36188316, 54.01929092, 23.70651817, 39.19918060, 59.40600586, -4.07961941, 0.81184387, -0.30779958, -0.45612770, 0.19523457, -0.39740217, -7.39098263, -2.67690492, 0.00000000, 0.00000000, 0.00000000, 0.00000000
2, 0.5000, 50, -5.28446341, -4.56925583, 5.56093073, -439.01528931, 451.21826172, 697.79870605, 30.10815430, 52.38234329, 27.12657166, 34.13965607, 63.70889282, -0.52948606, 0.81124961, -0.25165629, -0.50335652, 0.15866810, 2.98702097, -7.24422693, -5.53978920, 0.00000000, 0.00000000, 0.00000000, 0.00000000
5, 0.6100, 61, 1.75086141, 0.97508848, 1.36060095, -222.48843384, 614.94921875, 172.29064941, 10.69862556, 33.29435730, -116.60333252, 24.28442574, 38.83189011, -45.18741608, 0.82440400, -0.30800983, -0.22382961, 0.41879389, 0.79442734, -1.91055560, 1.12586665, 0.00000000, 0.00000000, 0.00000000, 0.00000000
4, 0.4700, 44, 0.14092939, 0.85091519, -0.81441295, 83.67594910, 22.06245422, 49.28424454, -30.69277954, -14.96638393, -106.02162933, 93.92483521, 21.96196938, 1.40282226, 1.00000000, 0.00000000, 0.00000000, 0.00000000, 0.20852320, -0.35403651, 1.08265340, 101.52400208, -16.55220032, 37.31999969, 0.00000000
4, 0.4800, 45, 1.09700310, -0.09677625, -0.64606142, 99.44481659, 67.34328461, 75.98169708, -30.13738632, -15.17100239, -105.70008850, 102.65943146, 30.30554962, 21.13138199, 1.00000000, 0.00000000, 0.00000000, 0.00000000, -0.68911755, -0.25339004, 0.14808027, 101.52400208, -16.55220032, 37.31999969, 0.00000000
4, 0.4900, 46, 2.42360139, -1.11836898, 0.72083807, 16.81749725, 136.02940369, 92.70839691, -29.46506882, -16.45717621, -105.58316040, 103.71503448, 31.06710243, 22.82523727, 1.00000000, 0.00000000, 0.00000000, 0.00000000, -1.88362646, -1.25017989, -1.12018406, 101.52400208, -16.55220032, 37.31999969, 0.00000000
2, 0.5100, 51, -4.97245741, 0.02558805, 4.51357460, -982.98937988, 451.42721558, 142.35595703, 34.66822433, 53.08389282, 35.54516220, 30.75953102, 60.87494278, 6.89465141, 0.83788192, -0.19887917, -0.50132185, 0.08412721, 5.59894371, -4.32052326, -2.89533257, 0.00000000, 0.00000000, 0.00000000, 0.00000000
2, 0.5200, 52, -0.30851200, 1.46237218, 2.13214135, -1227.13378906, 198.80722046, -149.88153076, 34.66822433, 53.08389282, 35.54516220, 22.57168770, 40.01209641, -12.42183590, 0.90883398, -0.21911269, -0.31363907, 0.16625550, 2.68384743, -1.59021091, 0.70218182, 0.00000000, 0.00000000, 0.00000000, 0.00000000
2, 0.5300, 53, 1.57881510, 2.02447748, -0.61860567, -1011.70153809, 11.41459465, -73.49082184, 33.35282135, 56.91318130, 44.86991882, 21.56445885, 36.41946793, -3.59160709, 0.93085825, -0.18724027, -0.30125955, 0.08767459, 0.76827204, 1.12119961, 1.48696160, 0.00000000, 0.00000000, 0.00000000, 0.00000000
4, 0.5000, 47, 2.45214438, -0.64026457, 0.74116433, -122.00952911, 158.90144348, 79.82711029, -27.62350082, -16.34025192, -104.76468658, 103.42633057, 32.11313248, 24.54382706, 1.00000000, 0.00000000, 0.00000000, 0.00000000, -1.90682518, -1.38102341, -0.66284466, 101.52400208, -16.55220032, 37.31999969, 0.00000000
5, 0.6200, 62, 2.36562324, 0.81901407, -0.42729604, -216.96150208, 360.04046631, 116.07239532, 12.48173046, 34.43437576, -114.06021881, 22.46280479, 40.17305756, -42.44201279, 0.83451116, -0.29245347, -0.24780664, 0.39579552, 0.99457175, -0.10287984, 1.79965198, 0.00000000, 0.00000000, 0.00000000, 0.00000000
5, 0.6300, 63, 0.73140466, -0.25543115, -0.74758315, -178.67971802, 120.81828308, 36.83435440, 12.48173046, 34.43437576, -114.06021881, 22.41983986, 40.22534561, -40.28248215, 0.84175622, -0.28753227, -0.25382137, 0.37992969, 0.43536898, 0.49935168, -0.00392097, 0.00000000, 0.00000000, 0.00000000, 0.00000000
4, 0.5100, 48, 1.46663201, -0.06483911, 0.43502101, -163.76924133, 94.06630707, 70.30917358, -27.62350082, -16.34025192, -104.76468658, 102.48403931, 32.65537643, 25.80943680, 1.00000000, 0.00000000, 0.00000000, 0.00000000, -0.92506933, -1.22663951, -0.01881525, 101.52400208, -16.55220032, 37.31999969, 0.00000000
5, 0.6400, 64, -0.67213327, -0.21483268, -0.70126879, -179.41658020, 3.28976941, 1.67169678, 12.89096737, 34.96053696, -113.21250916, 23.34709549, 39.57051849, -38.17590332, 0.84844148, -0.28832775, -0.25100666, 0.36607370, 0.76769310, 0.43315199, -1.36710072, 0.00000000, 0.00000000, 0.00000000, 0.00000000
5, 0.6500, 65, -0.99269783, 0.14302807, -0.89692867, -169.69126892, 10.67043591, -38.49856186, 12.92019844, 35.98363113, -113.73867035, 45.83518600, 40.15567780, 48.23204041, 0.84420556, -0.20462525, -0.43803737, -0.23144916, 1.21902633, 0.45699656, -1.55108786, 0.00000000, 0.00000000, 0.00000000, 0.00000000
2, 0.5400, 54, 1.22547698, 1.69154215, -1.39439368, -645.63836670, -0.57211864, 123.20410156, 32.97281647, 58.08243179, 51.97310638, 20.32520294, 35.83088303, 2.14690161, 0.93743575, -0.16218491, -0.30587891, 0.03672030, 0.49863207, 1.69129145, 0.78578997, 0.00000000, 0.00000000, 0.00000000, 0.00000000
2, 0.5500, 55, -0.64127403, 0.94130093, -1.14481735, -405.94589233, 30.84983635, 208.30848694, 33.73282623, 57.11780167, 56.12393951, 18.82213211, 36.70735550, 5.57932568, 0.93775249, -0.13989574, -0.31782889, 0.00585529, 1.29041994, 1.16811109, -1.00466084, 0.00000000, 0.00000000, 0.00000000, 0.00000000
5, 0.6600, 66, -0.75689882, 0.42787775, -0.95894700, -147.95562744, 63.25038528, -45.28604507, 13.30020428, 36.71440887, -113.53404999, 45.37519836, 39.05073929, 49.14203262, 0.84442747, -0.20238380, -0.43160069, -0.24434422, 1.45147943, 0.26109877, -1.13086307, 0.00000000, 0.00000000, 0.00000000, 0.00000000
5, 0.6700, 67, -0.39476770, 0.68292582, -0.98564583, -126.07071686, 118.56288910, -24.17885971, 13.68021011, 36.97749329, -112.92019653, 44.50644684, 38.42702866, 50.08342361, 0.84456533, -0.19507016, -0.42731494, -0.25701931, 1.60688961, 0.22050649, -0.73482788, 0.00000000, 0.00000000, 0.00000000, 0.00000000
4, 0.5200, 49, 0.18313149, 0.06678004, 0.57464403, -168.59451294, 42.20554733, 26.97611237, -26.80502701, -15.40485191, -104.85237885, 101.08792877, 32.94931412, 26.32972908, 1.00000000, 0.00000000, 0.00000000, 0.00000000, 0.36091197, -1.39572239, 0.08456691, 101.52400208, -16.55220032, 37.31999969, 0.00000000
4, 0.5300, 50, -1.00139999, 0.23665604, 0.49645111, -207.20448303, 73.39767456, -3.34837341, -26.16194153, -13.62174797, -103.65390015, 103.71973419, 23.82724571, 110.02489471, 1.00000000, 0.00000000, 0.00000000, 0.00000000, 1.51108456, -1.37967432, 0.29097283, 101.52400208, -16.55220032, 37.31999969, 0.00000000
4, 0.5400, 51, -0.94273591, 0.39241657, -0.03010239, -209.93467712, 101.72322845, 1.48520708, -25.43115997, -13.21251106, -103.24466705, 101.86591339, 24.77004242, 110.56537628, 1.00000000, 0.00000000, 0.00000000, 0.00000000, 1.34686267, -0.95922816, 0.60641122, 101.52400208, -16.55220032, 37.31999969, 0.00000000
4, 0.5500, 52, -0.49595714, 0.42788354, -0.45549121, -166.35394287, 91.73733521, 20.99227715, -24.67114830, -10.96170712, -102.22157288, 100.50261688, 25.54199409, 111.22456360, 1.00000000, 0.00000000, 0.00000000, 0.00000000, 0.91077614, -0.55559778, 0.71242106, 101.52400208, -16.55220032, 37.31999969, 0.00000000
5, 0.6800, 68, -0.40821734, 0.71377659, -0.96087432, -104.02857971, 152.11662292, -9.34086514, 13.68021011, 36.97749329, -112.92019653, 43.37763214, 38.17563629, 50.98281860, 0.84464377, -0.18447056, -0.42459127, -0.26883066, 1.62739134, 0.19578478, -0.75562173, 0.00000000, 0.00000000, 0.00000000, 0.00000000
5, 0.6900, 69, -0.65917021, 0.42067128, -0.85911995, -82.65489197, 182.85153198, -17.50320053, 13.97252274, 38.23443222, -110.99093628, 41.82774353, 38.13042068, 51.62842178, 0.84555161, -0.17084888, -0.42159116, -0.27948880, 1.37977195, 0.18728012, -1.08256936, 0.00000000, 0.00000000, 0.00000000, 0.00000000
2, 0.5600, 56, -1.42788208, 0.08363990, -0.79087806, -361.94970703, 63.48262787, 179.60801697, 35.77901077, 55.39315796, 58.81321335, 17.10867500, 37.42243195, 8.33453655, 0.93760210, -0.11746055, -0.32662871, -0.02047032, 1.34109938, 0.50882494, -2.00891018, 0.00000000, 0.00000000, 0.00000000, 0.00000000
2, 0.5700, 57, -1.40082407, 0.24840795, -1.06307125, -378.86203003, 124.54112244, 124.02234650, 35.77901077, 55.39315796, 58.81321335, 33.66946411, 31.96650124, 86.72064972, 0.72374314, -0.02146959, -0.38277435, -0.57377583, 1.33406663, 0.78619349, -1.95558047, 0.00000000, 0.00000000, 0.00000000, 0.00000000
2, 0.5800, 58, -0.63126469, 0.85812217, -1.50569975, -379.32070923, 180.03979492, 65.60714722, 37.06518555, 53.31774139, 62.37942123, 30.53660393, 30.95920563, 88.23256683, 0.71639079, -0.00296840, -0.36151373, -0.59672719, 1.03888834, 1.27856231, -1.11273718, 0.00000000, 0.00000000, 0.00000000, 0.00000000
4, 0.5600, 53, -0.63742262, 0.23955113, -0.48772007, -96.29392242, 82.60855103, 35.39198685, -24.67114830, -10.96170712, -102.22157288, 99.88156128, 26.16447639, 111.97113037, 1.00000000, 0.00000000, 0.00000000, 0.00000000, 1.06623220, -0.47448528, 0.52719760, 101.52400208, -16.55220032, 37.31999969, 0.00000000
4, 0.5700, 54, -0.51548523, -0.26501670, -0.42212257, -77.71643066, 104.49047852, 17.34976768, -23.56036186, -10.31861973, -102.16310883, 99.42279816, 27.06213951, 112.63275146, 1.00000000, 0.00000000, 0.00000000, 0.00000000, 0.96810257, -0.40529820, 0.01160741, 101.52400208, -16.55220032, 37.31999969, 0.00000000
5, 0.7000, 70, -0.50301558, 0.03026137, -1.08896804, -72.46849060, 238.15415955, -54.27622223, 14.79099655, 38.40982056, -109.35398865, 50.22417450, 34.43980789, 30.91168404, 0.86709559, -0.31927145, -0.36639252, -0.10939687, 1.02365470, 0.49941057, -0.99943513, 0.00000000, 0.00000000, 0.00000000, 0.00000000
4, 0.5800, 55, -0.28180373, -0.42442697, -0.51608628, -111.73340607, 118.34612274, -1.36720085, -23.15112495, -10.69862556, -101.40309906, 100.66314697, 19.87658691, 116.37143707, 1.00000000, 0.00000000, 0.00000000, 0.00000000, 0.72066259, -0.28054014, -0.12505351, 101.52400208, -16.55220032, 37.31999969, 0.00000000
4, 0.5900, 56, -0.17792226, -0.15428036, -0.64653951, -149.70310974, 122.56663513, -17.71483994, -22.53726959, -10.64016342, -100.40923309, 99.32752228, 21.09729004, 116.75209808, 1.00000000, 0.00000000, 0.00000000, 0.00000000, 0.52979320, -0.25755987, 0.17873025, 101.52400208, -16.55220032, 37.31999969, 0.00000000
4, 0.6000, 57, -0.12090652, 0.08098369, -0.72357148, -146.44226074, 143.38777161, -34.92400360, -21.68956375, -7.95089149, -99.03536987, 97.99811554, 22.58484840, 117.02366638, 1.00000000, 0.00000000, 0.00000000, 0.00000000, 0.48951536, -0.23754498, 0.40152133, 101.52400208, -16.55220032, 37.31999969, 0.00000000
4, 0.6100, 58, -0.07807117, 0.10437681, -0.88075715, -155.54058838, 178.70164490, -46.31587219, -21.68956375, -7.95089149, -99.03536987, 96.59098053, 24.45015907, 117.28870392, 1.00000000, 0.00000000, 0.00000000, 0.00000000, 0.47280797, -0.08291115, 0.43948984, 101.52400208, -16.55220032, 37.31999969, 0.00000000
4, 0.6200, 59, 0.17391650, 0.16502674, -0.89427245, -139.51733398, 215.82310486, -60.91891479, -21.04647827, -6.05086231, -97.63227081, 95.33953857, 26.71574020, 117.50241089, 1.00000000, 0.00000000, 0.00000000, 0.00000000, 0.25310758, -0.07214953, 0.47301233, 101.52400208, -16.55220032, 37.31999969, 0.00000000
4, 0.6300, 60, 0.42499059, -0.00626215, -0.81324416, -107.32196045, 241.70181274, -72.61958313, -19.52645493, -5.55393171, -95.35223389, 92.69689941, 29.59520340, 116.95402527, 1.00000000, 0.00000000, 0.00000000, 0.00000000, 0.04573919, -0.08888587, 0.25652754, 101.52400208, -16.55220032, 37.31999969, 0.00000000
4, 0.6400, 61, 0.49723625, -0.26244268, -0.78211808, -103.51554871, 239.75000000, -83.95704651, -19.40952873, -4.41391420, -93.74451447, 91.65554810, 32.15591812, 116.83001709, 1.00000000, 0.00000000, 0.00000000, 0.00000000, 0.02226127, -0.03156118, -0.03604988, 101.52400208, -16.55220032, 37.31999969, 0.00000000
4, 0.6500, 62, 0.57934475, -0.22843523, -0.73657537, -117.06989288, 211.01852417, -98.93547821, -19.40952873, -4.41391420, -93.74451447, 90.28548431, 34.48065567, 116.37284088, 1.00000000, 0.00000000, 0.00000000, 0.00000000, -0.02466290, -0.06207927, -0.03548912, 101.52400208, -16.55220032, 37.31999969, 0.00000000
2, 0.5900, 59, -0.11345239, 1.72104621, -1.85122275, -335.47866821, 182.02250671, 22.21559525, 37.59134674, 51.73925781, 65.79947662, 27.58254814, 29.77962875, 89.33323669, 0.71057463, 0.01158167, -0.33943763, -0.61622387, 1.16473603, 1.99133515, -0.33737099, 0.00000000, 0.00000000, 0.00000000, 0.00000000
4, 0.6600, 63, 0.66516125, -0.01655369, -0.74276215, -124.17243958, 158.33013916, -115.32754517, -18.15258598, -3.09850907, -91.66909790, 88.56436920, 36.32489777, 115.47485352, 1.00000000, 0.00000000, 0.00000000, 0.00000000, -0.08591978, -0.08962478, 0.14622340, 101.52400208, -16.55220032, 37.31999969, 0.00000000
5, 0.7100, 71, -0.03463124, -0.25692329, -1.07499921, -64.69731140, 259.55673218, -103.27105713, 15.69716454, 39.11137009, -107.57088470, 47.21987152, 34.22035217, 30.63812256, 0.87575448, -0.29795927, -0.36113280, -0.11771810, 0.60525340, 0.48751450, -0.57469773, 0.00000000, 0.00000000, 0.00000000, 0.00000000
5, 0.7200, 72, 0.34384727, -0.23365101, -1.12845337, -57.95692825, 244.24507141, -125.55934143, 16.07716942, 40.42677689, -104.91084290, 44.18157959, 33.84457397, 30.11960030, 0.88446492, -0.27735743, -0.35392675, -0.12462214, 0.55193067, 0.56077170, -0.23201323, 0.00000000, 0.00000000, 0.00000000, 0.00000000
5, 0.7300, 73, 0.64623761, 0.06423845, -1.11407506, -32.61127472, 227.13290405, -121.85575104, 16.07716942, 40.42677689, -104.91084290, 41.28039551, 33.58127975, 29.43496323, 0.89239085, -0.25771883, -0.34719884, -0.12912303, 0.75671452, 0.49739525, 0.09390505, 0.00000000, 0.00000000, 0.00000000, 0.00000000
2, 0.6000, 60, 0.36743817, 2.06787896, -1.99711573, -259.47277832, 157.20565796, -0.42845178, 37.12364578, 51.33002090, 68.83952332, 25.16394234, 28.71981430, 90.05610657, 0.70645785, 0.02209537, -0.32036960, -0.63070798, 1.02482998, 2.30132294, 0.16473612, 0.00000000, 0.00000000, 0.00000000, 0.00000000
2, 0.6100, 61, 0.30038932, 1.67977285, -1.55072749, -147.34881592, 106.22216797, -6.24017620, 36.10055542, 49.19614029, 69.51184082, 23.62821388, 28.05005646, 90.34059906, 0.70468587, 0.02819476, -0.30810711, -0.63850832, 0.93293381, 1.75540900, -0.01058522, 0.00000000, 0.00000000, 0.00000000, 0.00000000
2, 0.6200, 62, 0.01875014, 0.65051144, -0.98403400, -130.03958130, 112.56040955, -3.87025905, 36.10055542, 49.19614029, 69.51184082, 35.47983170, 32.64744186, 56.98157120, 0.84420907, -0.12930377, -0.37476572, -0.36075234, 0.60276341, 0.78650516, -0.65573156, 0.00000000, 0.00000000, 0.00000000, 0.00000000
2, 0.6300, 63, -0.38151339, -0.17459595, -0.58876032, -181.69490051, 183.92993164, 2.45618224, 35.48669815, 49.25460434, 71.82110596, 32.90164566, 31.86344528, 56.75296783, 0.84835804, -0.11447911, -0.36104408, -0.36990580, 0.47332728, -0.01341062, -1.25681877, 0.00000000, 0.00000000, 0.00000000, 0.00000000
4, 0.6700, 64, 0.72986376, 0.12681223, -0.76466411, -129.86743164, 126.75071716, -128.11875916, -18.32797432, -1.46156096, -90.47061920, 86.55701447, 37.86465454, 114.24134064, 1.00000000, 0.00000000, 0.00000000, 0.00000000, -0.13092509, -0.08700593, 0.26271263, 101.52400208, -16.55220032, 37.31999969, 0.00000000
2, 0.6400, 64, -0.00500609, 0.48669234, -0.90094942, -228.14299011, 291.17761230, -6.28341532, 33.84975052, 48.08535385, 74.07190704, 29.04261971, 30.74472427, 55.99850845, 0.85537195, -0.09299722, -0.34008682, -0.37951469, 0.56623006, 0.58744109, -0.70138496, 0.00000000, 0.00000000, 0.00000000, 0.00000000
4, 0.6800, 65, 0.76693469, 0.28760311, -0.80158168, -144.27433777, 126.89180756, -124.64839172, -18.26951218, -2.25080395, -88.97982788, 78.50297546, 40.26131058, 109.21779633, 1.00000000, 0.00000000, 0.00000000, 0.00000000, -0.14825931, -0.06874122, 0.37945008, 101.52400208, -16.55220032, 37.31999969, 0.00000000
4, 0.6900, 66, 0.72663957, 0.54708862, -0.90403557, -160.51490784, 153.51815796, -112.20942688, -18.29874229, 2.36772871, -87.86904144, 76.00007629, 41.86943436, 107.78806305, 1.00000000, 0.00000000, 0.00000000, 0.00000000, -0.08455937, 0.00338161, 0.57183063, 101.52400208, -16.55220032, 37.31999969, 0.00000000
4, 0.7000, 67, 0.64557177, 0.78969377, -0.96417147, -158.27836609, 185.67156982, -103.41667938, -18.29874229, 2.36772871, -87.86904144, 73.48039246, 43.75009155, 106.33914948, 1.00000000, 0.00000000, 0.00000000, 0.00000000, 0.01379714, 0.02830257, 0.79709494, 101.52400208, -16.55220032, 37.31999969, 0.00000000
5, 0.7400, 74, 0.66692835, 0.30647439, -0.99058765, -2.60260057, 194.74566650, -125.91906738, 16.13563347, 41.44986725, -103.21543121, 38.58602905, 33.33926010, 28.46670151, 0.89972275, -0.24022980, -0.34025404, -0.13044468, 0.94506156, 0.34367663, 0.13061981, 0.00000000, 0.00000000, 0.00000000, 0.00000000
4, 0.7100, 68, 0.53536797, 0.90338802, -0.91751337, -142.34640503, 210.48017883, -108.36616516, -18.24028015, 3.88775206, -85.67670441, 70.91165924, 45.82289886, 104.63856506, 1.00000000, 0.00000000, 0.00000000, 0.00000000, 0.14694935, -0.01310387, 0.87438309, 101.52400208, -16.55220032, 37.31999969, 0.00000000
5, 0.7500, 75, 0.65497524, 0.38698038, -0.65059769, 26.98828506, 143.47468567, -151.86155701, 16.39871407, 42.41449738, -102.01695251, 34.10049438, 23.63785934, 25.05707359, 0.92652440, -0.23768237, -0.25341079, -0.14436962, 0.89544463, 0.01662424, 0.07063030, 0.00000000, 0.00000000, 0.00000000, 0.00000000
5, 0.7600, 76, 0.56670159, 0.38543323, -0.30414477, 39.71652603, 124.52165222, -179.23767090, 16.80795097, 41.68371964, -100.87693787, 31.95608902, 22.87537956, 23.53334618, 0.93360633, -0.22525597, -0.24165490, -0.13871568, 0.70826906, -0.30525717, -0.12009782, 0.00000000, 0.00000000, 0.00000000, 0.00000000
2, 0.6500, 65, 1.03657651, 1.45989239, -1.60400057, -197.86611938, 318.37063599, -24.53590965, 31.89126015, 46.76995087, 75.65039062, 25.06714630, 29.48921204, 54.84648132, 0.86338019, -0.07185853, -0.31718296, -0.38575399, 0.30959189, 1.68461525, 0.43013340, 0.00000000, 0.00000000, 0.00000000, 0.00000000
2, 0.6600, 66, 1.34099257, 1.83034909, -1.88517094, -115.51416016, 259.07742310, -37.43024445, 30.37123680, 46.59456253, 77.63811493, 22.05749893, 28.39298439, 53.61001205, 0.87046498, -0.05697763, -0.29848632, -0.38723421, 0.25690350, 2.13895059, 0.77120757, 0.00000000, 0.00000000, 0.00000000, 0.00000000
2, 0.6700, 67, 0.92205477, 1.57217741, -1.68495047, -25.86131859, 198.99830627, -42.60007477, 30.37123680, 46.59456253, 77.63811493, 28.76074791, 20.25734520, 69.47502136, 0.80850548, -0.10384471, -0.27930146, -0.50747025, 0.37427020, 1.84232509, 0.33839911, 0.00000000, 0.00000000, 0.00000000, 0.00000000
4, 0.7200, 69, 0.43888369, 0.88038975, -0.75854230, -131.14250183, 225.59497070, -130.21249390, -17.77258110, 4.18006420, -83.33820343, 68.01601410, 47.96149445, 102.39108276, 1.00000000, 0.00000000, 0.00000000, 0.00000000, 0.27053744, -0.12477405, 0.79160041, 101.52400208, -16.55220032, 37.31999969, 0.00000000
2, 0.6800, 68, 0.37335646, 1.11842537, -1.01097441, 33.45212173, 180.63117981, -45.90270615, 28.85121346, 46.30224991, 78.45658875, 27.30122757, 19.77626228, 67.76159668, 0.81735682, -0.09999013, -0.26814696, -0.50002700, 0.54048347, 0.95038068, -0.16612601, 0.00000000, 0.00000000, 0.00000000, 0.00000000
2, 0.6900, 69, 0.02356435, 0.82289565, -0.55887914, 64.42279816, 209.94767761, -33.20240402, 26.48348427, 46.44840622, 79.04121399, 25.67750549, 19.44229889, 65.64115906, 0.82793373, -0.09482400, -0.25706148, -0.48934010, 0.70459056, 0.43690541, -0.49434948, 0.00000000, 0.00000000, 0.00000000, 0.00000000
2, 0.7000, 70, -0.36677751, 0.49208215, -0.04970467, 84.35826111, 270.52694702, -3.74317884, 24.90499878, 47.55919266, 79.27506256, 23.49974442, 19.29867172, 62.97192001, 0.84091485, -0.08548990, -0.24479786, -0.47500288, 0.89251530, -0.13580421, -0.85971743, 0.00000000, 0.00000000, 0.00000000, 0.00000000
2, 0.7100, 71, -0.88741976, 0.21418566, 0.45016819, 73.03099823, 335.13681030, 12.27579212, 23.03420067, 48.02689362, 79.56737518, 20.63843155, 19.05449867, 59.93011475, 0.85537046, -0.07171343, -0.22931004, -0.45892879, 1.19919193, -0.66755795, -1.29777217, 0.00000000, 0.00000000, 0.00000000, 0.00000000
2, 0.7200, 72, -1.09694231, 0.30650929, 0.71752965, 53.17070770, 415.19223022, 18.50167465, 23.03420067, 48.02689362, 79.56737518, 13.57407379, 9.62408638, 50.77665710, 0.89818031, -0.07067481, -0.12574548, -0.41528949, 1.44041348, -0.80787408, -1.36205578, 0.00000000, 0.00000000, 0.00000000, 0.00000000
2, 0.7300, 73, -1.04470241, 0.66914183, 0.73572516, 53.87616348, 480.66781616, 17.79747772, 19.52645493, 48.28997421, 79.47968292, 9.99501896, 8.46347046, 47.11739731, 0.91324621, -0.05025290, -0.10210595, -0.39119101, 1.53247631, -0.57767355, -1.15997016, 0.00000000, 0.00000000, 0.00000000, 0.00000000
4, 0.7300, 70, 0.37316662, 0.83909804, -0.58761418, -127.91565704, 230.35823059, -161.58656311, -18.09412384, 4.70622635, -81.40894318, 53.40299988, 46.44213486, 90.63598633, 1.00000000, 0.00000000, 0.00000000, 0.00000000, 0.35216129, -0.23328923, 0.65185982, 101.52400208, -16.55220032, 37.31999969, 0.00000000
5, 0.7700, 77, 0.35363224, 0.49376887, -0.18770143, 41.25772095, 125.61912537, -202.80374146, 15.98947620, 45.54224014, -99.85384369, 29.72349167, 21.88368988, 21.89835358, 0.94094813, -0.21239382, -0.22795418, -0.13244849, 0.81307244, -0.41928148, -0.33512506, 0.00000000, 0.00000000, 0.00000000, 0.00000000
4, 0.7400, 71, 0.36757928, 0.86601967, -0.44702452, -136.20588684, 223.05613708, -197.08660889, -19.29260445, 7.83396673, -78.71967316, 49.16817856, 47.70132828, 86.63230133, 1.00000000, 0.00000000, 0.00000000, 0.00000000, 0.34523067, -0.31302163, 0.51373565, 101.52400208, -16.55220032, 37.31999969, 0.00000000
4, 0.7500, 72, 0.47592995, 0.98104316, -0.33237433, -149.69633484, 206.97262573, -230.90779114, -19.29260445, 7.83396673, -78.71967316, 44.34339523, 48.44060516, 82.08261871, 1.00000000, 0.00000000, 0.00000000, 0.00000000, 0.24608241, -0.40808541, 0.56093073, 101.52400208, -16.55220032, 37.31999969, 0.00000000
4, 0.7600, 73, 0.65350980, 1.17672217, -0.20772144, -167.55769348, 192.77012634, -255.52699280, -19.93569183, 9.90938282, -76.81964111, 39.07416153, 48.65782928, 77.21356201, 1.00000000, 0.00000000, 0.00000000, 0.00000000, 0.06965403, -0.53170729, 0.67746341, 101.52400208, -16.55220032, 37.31999969, 0.00000000
5, 0.7800, 78, 0.26992798, 0.64173532, -0.16317339, 35.88780594, 142.17376709, -227.05255127, 15.98947620, 45.54224014, -99.85384369, 27.27662086, 20.66263962, 20.22571945, 0.94861960, -0.19776313, -0.21230640, -0.12624025, 0.94620860, -0.45205405, -0.41160160, 0.00000000, 0.00000000, 0.00000000, 0.00000000
4, 0.7700, 74, 0.83913833, 1.33936727, -0.11106857, -182.64248657, 188.59829712, -265.15567017, -21.60187149, 11.48786926, -74.53960419, 33.58620453, 48.48058701, 72.25497437, 1.00000000, 0.00000000, 0.00000000, 0.00000000, -0.11944859, -0.61764234, 0.76670241, 101.52400208, -16.55220032, 37.31999969, 0.00000000
5, 0.7900, 79, 0.34524018, 0.70728588, -0.04354710, 25.38134766, 157.26382446, -250.16680908, 15.72639561, 45.33761978, -99.35691071, 24.65635681, 19.18450737, 18.59570885, 0.95637423, -0.18145777, -0.19466804, -0.12052335, 0.93789726, -0.55113035, -0.35758588, 0.00000000, 0.00000000, 0.00000000, 0.00000000
2, 0.7400, 74, -0.93958974, 1.02520466, 0.62289929, 69.50977325, 498.34826660, -1.49287391, 16.69102669, 48.87459564, 80.03507996, 6.52991629, 6.85961342, 43.34535217, 0.92739689, -0.03077455, -0.07650168, -0.36487722, 1.64713478, -0.26488099, -0.91457534, 0.00000000, 0.00000000, 0.00000000, 0.00000000
2, 0.7500, 75, -0.86868411, 1.31273949, 0.46226293, 91.51666260, 473.77005005, -34.89496613, 13.12481689, 49.31306458, 80.12277222, 3.61956263, 4.84485435, 39.73694611, 0.93961990, -0.01531729, -0.05045470, -0.33813348, 1.71416557, 0.05612934, -0.74477899, 0.00000000, 0.00000000, 0.00000000, 0.00000000
2, 0.7600, 76, -0.81964952, 1.34628737, 0.35601318, 121.89257812, 433.02133179, -62.42571640, 13.12481689, 49.31306458, 79.53814697, 1.42240751, 2.59158611, 36.31664658, 0.94997030, -0.00474441, -0.02535336, -0.31127334, 1.63316131, 0.20918217, -0.72276878, 0.00000000, 0.00000000, 0.00000000, 0.00000000
2, 0.7700, 77, -0.93435001, 1.32696760, 0.22626375, 146.81799316, 386.20474243, -78.76610565, 9.90938282, 50.10231018, 79.53814697, 1.63273454, -13.26303005, 43.06581497, 0.92328560, -0.05554697, 0.10221817, -0.36607328, 1.55460382, 0.34197235, -0.85249865, 0.00000000, 0.00000000, 0.00000000, 0.00000000
2, 0.7800, 78, -1.08212912, 1.33795035, 0.17744717, 170.07875061, 354.53433228, -83.47976685, 6.84010506, 51.76848984, 78.63198090, 1.40216386, -15.43827820, 39.74984360, 0.93128669, -0.05706290, 0.12218527, -0.33840758, 1.42890537, 0.38121173, -0.94566315, 0.00000000, 0.00000000, 0.00000000, 0.00000000
5, 0.8000, 80, 0.47765541, 0.80531132, 0.01390466, 2.32189012, 173.60670471, -260.22717285, 15.11254025, 47.67611694, -97.95381165, 16.27702332, 7.89804316, 11.29437256, 0.98374474, -0.13383642, -0.08174180, -0.08747792, 0.91844952, -0.57609761, -0.25391573, 0.00000000, 0.00000000, 0.00000000, 0.00000000
5, 0.8100, 81, 0.58832419, 0.98180866, 0.02997377, -9.83698654, 200.35133362, -257.03390503, 14.11867905, 52.32388306, -96.46302032, 13.59204292, 6.13569260, 10.31562901, 0.98810506, -0.11290945, -0.06355018, -0.08283224, 0.90354532, -0.53741324, -0.17845425, 0.00000000, 0.00000000, 0.00000000, 0.00000000
5, 0.8200, 82, 0.64345914, 1.19472992, 0.05350789, -13.60447979, 220.27294922, -252.44503784, 13.44636059, 54.31160355, -95.38146973, 10.76248074, 4.42351007, 9.44409275, 0.99177229, -0.09023134, -0.04600690, -0.07829106, 1.05558407, -0.56972402, -0.09451924, 0.00000000, 0.00000000, 0.00000000, 0.00000000
5, 0.8300, 83, 0.71271843, 1.39717543, 0.13309970, -10.96450806, 225.69146729, -251.57830811, 12.33557415, 56.44548416, -93.24758911, 7.91960526, 2.69845819, 8.62829876, 0.99463266, -0.06707477, -0.02861688, -0.07340315, 1.18041587, -0.65142369, 0.00065159, 0.00000000, 0.00000000, 0.00000000, 0.00000000
5, 0.8400, 84, 0.84838969, 1.56517446, 0.27490565, -1.46560681, 223.71643066, -259.54537964, 12.33557415, 56.44548416, -93.24758911, 5.12089586, 0.86411452, 7.79836416, 0.99668378, -0.04405642, -0.01055353, -0.06759512, 1.24090135, -0.78388828, 0.15286690, 0.00000000, 0.00000000, 0.00000000, 0.00000000
2, 0.7900, 79, -1.15100515, 1.46310079, 0.07354897, 210.71719360, 340.26269531, -69.35241699, 3.91698337, 52.73311996, 77.08272552, 1.69223332, -17.41626740, 36.13091660, 0.93894786, -0.06082202, 0.13939527, -0.30862060, 1.49188411, 0.52691936, -0.94275457, 0.00000000, 0.00000000, 0.00000000, 0.00000000
2, 0.8000, 80, -1.14031744, 1.63027513, -0.05127082, 265.84844971, 324.68002319, -51.09725952, 1.40309846, 53.52236176, 74.56884003, 2.64162850, -19.11238289, 32.06756210, 0.94645339, -0.06768814, 0.15323593, -0.27597663, 1.52946973, 0.69975245, -0.86032647, 0.00000000, 0.00000000, 0.00000000, 0.00000000
2, 0.8100, 81, -1.08783400, 1.96006012, -0.12471855, 324.26190186, 305.79614258, -37.12846756, 1.40309846, 53.52236176, 74.56884003, 4.31493044, -20.49117851, 27.54784012, 0.95348400, -0.07829909, 0.16381004, -0.24063218, 1.67315197, 0.88319272, -0.63591003, 0.00000000, 0.00000000, 0.00000000, 0.00000000
2, 0.8200, 82, -0.91556948, 2.33922434, -0.32607722, 380.76638794, 266.60147095, -27.95754623, -1.49079216, 56.09470749, 72.40573120, 13.28332901, -28.70328140, 20.87119102, 0.94118130, -0.15479244, 0.22184063, -0.20249444, 1.70911932, 1.16863728, -0.30930734, 0.00000000, 0.00000000, 0.00000000, 0.00000000
2, 0.8300, 83, -0.73817456, 2.61891174, -0.52233720, 435.17938232, 193.75170898, -25.95941162, -2.86465931, 58.17012405, 68.34259033, 17.33747673, -28.57347679, 15.75182724, 0.94386917, -0.17811102, 0.22164002, -0.16811661, 1.63157296, 1.34359789, 0.00228888, 0.00000000, 0.00000000, 0.00000000, 0.00000000
2, 0.8400, 84, -0.68078351, 2.74132681, -0.55089599, 477.24728394, 96.89205933, -31.78376198, -3.68313360, 60.12861633, 65.12715149, 22.09255600, -27.85472298, 11.10561371, 0.94368643, -0.20795485, 0.21712868, -0.13807887, 1.67657280, 1.35427761, 0.12779725, 0.00000000, 0.00000000, 0.00000000, 0.00000000
2, 0.8500, 85, -0.75625628, 2.85265279, -0.57058561, 501.74838257, -6.94186735, -52.02477646, -3.97544575, 61.47325134, 60.21630859, 27.37692261, -26.75054169, 7.20179939, 0.93993878, -0.24388531, 0.20985430, -0.11400102, 1.81125057, 1.34353733, 0.15429884, 0.00000000, 0.00000000, 0.00000000, 0.00000000
5, 0.8500, 85, 1.00682247, 1.66433835, 0.31716835, 10.90661621, 219.10137939, -282.12365723, 10.40631390, 58.90090561, -91.49371338, -2.43432283, -8.13491249, 8.85303211, 0.99439788, 0.01565193, 0.07233867, -0.07546645, 1.22352302, -0.78178298, 0.32423437, 0.00000000, 0.00000000, 0.00000000, 0.00000000
5, 0.8600, 86, 1.08177233, 1.61645544, 0.28985214, 24.48020363, 203.25833130, -311.80239868, 8.94475269, 61.23940277, -89.94445801, -4.97687769, -10.65930653, 8.15051746, 0.99250942, 0.03652591, 0.09563588, -0.06667003, 1.03783154, -0.63511020, 0.40111139, 0.00000000, 0.00000000, 0.00000000, 0.00000000
5, 0.8700, 87, 1.13021445, 1.56431949, 0.13071992, 24.18271255, 178.44429016, -328.88214111, 7.19087982, 63.69482422, -88.97982788, -7.33595610, -13.43442535, 7.62531805, 0.98940527, 0.05563294, 0.12069587, -0.05843613, 0.97282928, -0.42718026, 0.45920011, 0.00000000, 0.00000000, 0.00000000, 0.00000000
2, 0.8600, 86, -1.08119559, 2.89739299, -0.35980457, 506.94314575, -88.84207916, -96.07555389, -3.97544575, 61.47325134, 60.21630859, 33.02500916, -25.64844131, 3.98710513, 0.93208170, -0.28436989, 0.20303695, -0.09556884, 2.13933659, 1.09134042, 0.02595416, 0.00000000, 0.00000000, 0.00000000, 0.00000000
2, 0.8700, 87, -1.21281314, 2.87390351, -0.22338176, 492.82403564, -136.94490051, -141.45986938, -4.82315111, 63.16866302, 56.32855988, 40.46772385, -33.27231598, 8.66837692, 0.88896012, -0.35072941, 0.24281397, -0.16667387, 2.23584294, 0.88519257, 0.01215544, 0.00000000, 0.00000000, 0.00000000, 0.00000000
2, 0.8800, 88, -1.26783776, 2.83499932, -0.22912003, 484.02569580, -151.55773926, -166.94956970, -5.20315695, 63.78252029, 53.43466949, 46.66830063, -32.31443024, 5.96538782, 0.87501270, -0.39322788, 0.23537153, -0.15596423, 2.15963721, 0.81949306, 0.05284163, 0.00000000, 0.00000000, 0.00000000, 0.00000000
2, 0.8900, 89, -1.39458966, 2.83911252, -0.22876735, 477.84829712, -159.70834351, -186.18685913, -7.07395506, 64.57176208, 49.22537231, 52.82633591, -31.32050514, 3.41569018, 0.85840225, -0.43534285, 0.22888122, -0.14572477, 2.25983906, 0.75256139, 0.02038921, 0.00000000, 0.00000000, 0.00000000, 0.00000000
2, 0.9000, 90, -1.45156074, 2.94919515, -0.25848871, 469.66680908, -161.48025513, -204.50592041, -8.71090317, 63.98713684, 46.00993729, 58.91573715, -30.29172134, 0.95879507, 0.83936781, -0.47658747, 0.22351885, -0.13551943, 2.37821865, 0.76455015, 0.10214350, 0.00000000, 0.00000000, 0.00000000, 0.00000000
2, 0.9100, 91, -1.40621853, 3.12042212, -0.37603736, 460.96606445, -165.71649170, -221.85220337, -8.71090317, 63.98713684, 46.00993729, 64.94561768, -29.23475647, -1.39989436, 0.81793416, -0.51688159, 0.21923561, -0.12551081, 2.44419765, 0.88954246, 0.27940342, 0.00000000, 0.00000000, 0.00000000, 0.00000000
2, 0.9200, 92, -1.37691152, 3.30181646, -0.50967801, 451.94869995, -185.71075439, -235.08128357, -10.75708866, 63.28558731, 42.79450226, 69.59101868, -34.63001251, 3.56367779, 0.77831990, -0.55212504, 0.22734995, -0.19413421, 2.49873066, 1.05705941, 0.45199347, 0.00000000, 0.00000000, 0.00000000, 0.00000000
2, 0.9300, 93, -1.31498837, 3.50646544, -0.57826126, 442.18194580, -215.73841858, -239.99635315, -12.77404213, 61.64863968, 39.84215164, 75.82992554, -33.66207504, 1.60124922, 0.75256866, -0.59130257, 0.22019228, -0.18846017, 2.51960373, 1.21382833, 0.68425542, 0.00000000, 0.00000000, 0.00000000, 0.00000000
5, 0.8800, 88, 1.27512586, 1.60282552, -0.03926698, 20.84144211, 134.82075500, -345.60031128, 4.82315111, 65.53639221, -87.89827728, -9.37775040, -16.48335648, 7.36600208, 0.98507577, 0.07155628, 0.14777079, -0.05166620, 0.97059560, -0.23841438, 0.63567835, 0.00000000, 0.00000000, 0.00000000, 0.00000000
5, 0.8900, 89, 1.38726926, 1.68747020, -0.09579096, 20.61473083, 76.34540558, -362.09866333, 4.82315111, 65.53639221, -87.89827728, -10.98512363, -19.82585526, 7.38522053, 0.97957325, 0.08305550, 0.17707759, -0.04670727, 0.98580277, -0.17964658, 0.78757542, 0.00000000, 0.00000000, 0.00000000, 0.00000000
5, 0.9000, 90, 1.33032024, 1.84032214, -0.09755749, 21.09750748, 17.62314224, -373.82739258, 2.25080395, 68.31335449, -87.57672882, -11.88139343, -27.07323837, 5.22128344, 0.96709913, 0.08991528, 0.23715129, -0.01984486, 1.07102442, -0.20323849, 0.79632181, 0.00000000, 0.00000000, 0.00000000, 0.00000000
5, 0.9100, 91, 1.12690830, 2.04763246, -0.16701329, 27.45578384, -27.80852890, -382.79031372, -0.78924292, 70.59339142, -87.95673370, -12.75224018, -30.84475899, 5.66019201, 0.95831841, 0.09387620, 0.26925108, -0.01780504, 1.22775841, -0.18916136, 0.69688261, 0.00000000, 0.00000000, 0.00000000, 0.00000000
4, 0.7800, 75, 0.99405861, 1.49792659, -0.15894715, -176.91029358, 189.47460938, -258.78900146, -23.67728615, 13.21251106, -72.75650024, 20.60590553, 46.63749313, 62.74922180, 1.00000000, 0.00000000, 0.00000000, 0.00000000, -0.28626221, -0.54259551, 0.87728751, 101.52400208, -16.55220032, 37.31999969, 0.00000000
4, 0.7900, 76, 1.09212101, 1.52206707, -0.30374953, -144.60694885, 183.14004517, -251.24009705, -23.67728615, 13.21251106, -72.75650024, 16.16421700, 45.53975677, 58.51581573, 1.00000000, 0.00000000, 0.00000000, 0.00000000, -0.40835714, -0.30405295, 0.86217242, 101.52400208, -16.55220032, 37.31999969, 0.00000000
4, 0.8000, 77, 1.13072920, 1.41948497, -0.40815619, -100.98370361, 167.61825562, -245.93428040, -25.75270271, 14.90792179, -70.35954285, 12.53600502, 44.20696259, 54.73362350, 1.00000000, 0.00000000, 0.00000000, 0.00000000, -0.46051890, -0.13488156, 0.76056612, 101.52400208, -16.55220032, 37.31999969, 0.00000000
4, 0.8100, 78, 1.06885815, 1.22535908, -0.40979573, -74.61899567, 146.74363708, -248.92326355, -27.62350082, 16.25255775, -69.04413605, 9.54788780, 42.60405350, 51.40471649, 1.00000000, 0.00000000, 0.00000000, 0.00000000, -0.41323352, -0.04859941, 0.54834521, 101.52400208, -16.55220032, 37.31999969, 0.00000000
5, 0.9200, 92, 0.95989048, 2.04392266, -0.11824279, 41.17473221, -62.68616486, -391.27990723, -3.30312777, 73.63343811, -88.77520752, -13.33652687, -34.79476547, 6.14509487, 0.94829714, 0.09473129, 0.30248690, -0.01613253, 1.19096351, -0.23325866, 0.56704712, 0.00000000, 0.00000000, 0.00000000, 0.00000000
5, 0.9300, 93, 0.83969271, 1.97614956, -0.07150277, 43.00183487, -80.51438904, -400.36846924, -6.16778708, 75.47500610, -89.47676086, -13.87891579, -38.86779785, 6.76021719, 0.93685949, 0.09426529, 0.33642483, -0.01506397, 1.08458257, -0.26240712, 0.47393516, 0.00000000, 0.00000000, 0.00000000, 0.00000000
2, 0.9400, 94, -1.29090321, 3.65044880, -0.61763763, 428.28317261, -252.45681763, -245.47001648, -14.49868488, 59.10552216, 37.59134674, 82.02533722, -32.83598709, -0.00279028, 0.72380209, -0.62946314, 0.21328744, -0.18545972, 2.60290837, 1.28122008, 0.86265278, 0.00000000, 0.00000000, 0.00000000, 0.00000000
5, 0.9900, 94, 0.74547690, 2.78535199, 0.09621174, -61.60046387, -60.64012909, -461.62207031, -20.31569672, 81.08740234, -90.96755219, -33.95426178, -64.99636841, 28.03724670, 0.82063127, 0.11445646, 0.55820984, -0.04319572, 1.53438950, -0.59338963, 0.93915987, 0.00000000, 0.00000000, 0.00000000, 0.00000000
5, 1.0000, 95, 0.80190229, 3.00521827, 0.11720630, -74.11781311, -72.90811157, -469.50164795, -24.08652496, 80.76585388, -90.20754242, -40.33768463, -66.14414978, 36.04765320, 0.80621564, 0.11625777, 0.57649314, -0.06446832, 1.70150626, -0.65531909, 1.10824597, 0.00000000, 0.00000000, 0.00000000, 0.00000000
2, 0.9500, 95, -1.23005354, 3.84464455, -0.68656194, 406.68252563, -297.40921021, -252.74041748, -17.77258110, 57.08856964, 36.48056030, 88.22381592, -32.30787659, -1.28899753, 0.69176900, -0.66629052, 0.20726396, -0.18588808, 2.68396425, 1.40832496, 1.09380770, 0.00000000, 0.00000000, 0.00000000, 0.00000000
2, 0.9600, 96, -1.17430508, 3.95241785, -0.67878199, 372.17453003, -361.27874756, -267.88955688, -17.77258110, 57.08856964, 36.48056030, 94.56241608, -32.34759903, -2.35753679, 0.65562278, -0.70157695, 0.20344570, -0.19120288, 2.72652197, 1.44374561, 1.29427600, 0.00000000, 0.00000000, 0.00000000, 0.00000000
2, 0.9700, 97, -1.06595123, 4.00270319, -0.63310760, 339.73837280, -409.64913940, -283.08813477, -19.93569183, 53.46389771, 35.83747482, 93.82472229, -37.73217010, 5.99798012, 0.63317704, -0.70168531, 0.18443224, -0.26964697, 2.68260980, 1.44450998, 1.48564374, 0.00000000, 0.00000000, 0.00000000, 0.00000000
2, 0.9800, 98, -0.88937271, 3.99675584, -0.65271229, 301.01800537, -456.60345459, -299.65289307, -23.85267448, 51.38848114, 36.71440887, 100.62380219, -38.87459183, 4.80273438, 0.59095311, -0.73394048, 0.18192083, -0.28108841, 2.49229050, 1.50766766, 1.62101889, 0.00000000, 0.00000000, 0.00000000, 0.00000000
2, 0.9900, 99, -0.59848893, 3.96565056, -0.74601322, 255.50985718, -513.14709473, -324.36712646, -26.33732796, 46.06840134, 38.78982544, 107.88410187, -40.62127686, 3.18880844, 0.54398537, -0.76354915, 0.18313584, -0.29586142, 2.23059201, 1.61452568, 1.88714886, 0.00000000, 0.00000000, 0.00000000, 0.00000000
2, 1.0000, 100, -0.19851561, 3.69868183, -0.77561164, 195.84336853, -578.14556885, -353.83468628, -29.02659988, 44.13914108, 42.67757797, 115.87268066, -43.04179764, 0.77642852, 0.49173412, -0.78967857, 0.18939528, -0.31422111, 1.74821520, 1.58462143, 2.11132336, 0.00000000, 0.00000000, 0.00000000, 0.00000000
4, 0.8200, 79, 0.96371049, 1.14113367, -0.33411220, -77.97174835, 123.49613190, -258.22741699, -29.40660667, 14.96638393, -68.19643402, 6.88763618, 40.70857239, 48.51388550, 1.00000000, 0.00000000, 0.00000000, 0.00000000, -0.32882008, -0.06864072, 0.42371023, 101.52400208, -16.55220032, 37.31999969, 0.00000000
5, 1.0100, 96, 0.80825382, 3.12208295, 0.11822390, -82.91523743, -87.89437866, -475.25009155, -28.35428238, 81.99356842, -89.44753265, -50.46980667, -69.02384186, 46.37778473, 0.78026736, 0.12111193, 0.60943222, -0.07146525, 1.80021667, -0.66376793, 1.19204140, 0.00000000, 0.00000000, 0.00000000, 0.00000000
5, 1.0200, 97, 0.81173056, 3.13598752, 0.11046929, -90.95805359, -100.04001617, -478.60940552, -32.85588837, 81.35047913, -88.36597443, -63.47459030, -71.00743866, 59.68737793, 0.75255692, 0.12564763, 0.64151496, -0.07955721, 1.79987669, -0.64522326, 1.28064990, 0.00000000, 0.00000000, 0.00000000, 0.00000000
5, 1.0300, 98, 0.84436423, 3.16250825, 0.02541697, -107.61869049, -114.64044952, -477.08038330, -36.71440887, 80.64893341, -86.84594727, -78.60929108, -71.64436340, 75.24745178, 0.72326219, 0.13033682, 0.67224604, -0.08938438, 1.83265758, -0.55358028, 1.40619087, 0.00000000, 0.00000000, 0.00000000, 0.00000000
2, 1.0100, 101, 0.05431268, 3.44442677, -0.81234777, 118.74128723, -647.09283447, -379.64782715, -29.02659988, 44.13914108, 42.67757797, 124.89190674, -46.11662674, -2.90782905, 0.43430144, -0.81088376, 0.20181915, -0.33633149, 1.36095035, 1.59014666, 2.22325253, 0.00000000, 0.00000000, 0.00000000, 0.00000000
2, 1.0200, 102, 0.08999188, 3.26973104, -0.77482432, 31.26062775, -701.98480225, -389.78573608, -30.28354263, 40.01753998, 49.10844803, 119.85618591, -52.36430740, 2.27719855, 0.44199699, -0.78084373, 0.20561710, -0.39069593, 1.18206334, 1.56751716, 2.18748951, 0.00000000, 0.00000000, 0.00000000, 0.00000000
5, 1.0400, 99, 0.89278436, 3.17835712, -0.11778984, -121.13828278, -138.40144348, -472.97039795, -40.57293320, 79.53814697, -85.20899963, -93.52701569, -70.77367401, 90.80428314, 0.69251841, 0.13456292, 0.70144272, -0.10143575, 1.87520576, -0.40058398, 1.54796290, 0.00000000, 0.00000000, 0.00000000, 0.00000000
4, 0.8300, 80, 0.84606010, 1.17017138, -0.28921700, -88.64136505, 100.24103546, -274.49395752, -31.94972229, 18.47413063, -67.43642426, 3.29876256, 37.84417343, 45.52292633, 1.00000000, 0.00000000, 0.00000000, 0.00000000, -0.24166499, -0.08509119, 0.41371807, 101.52400208, -16.55220032, 37.31999969, 0.00000000
4, 0.8400, 81, 0.76384115, 1.20299137, -0.29303944, -97.64242554, 77.39704132, -294.73248291, -31.94972229, 18.47413063, -67.43642426, 1.15459681, 35.25047684, 43.50675201, 1.00000000, 0.00000000, 0.00000000, 0.00000000, -0.20078382, -0.04877942, 0.41424918, 101.52400208, -16.55220032, 37.31999969, 0.00000000
4, 0.8500, 82, 0.68065101, 1.20857906, -0.31997478, -99.98356628, 58.93537903, -306.60583496, -34.58053207, 19.64337921, -65.44869995, -0.74061173, 32.43899918, 41.84540939, 1.00000000, 0.00000000, 0.00000000, 0.00000000, -0.15714219, 0.00388793, 0.40057871, 101.52400208, -16.55220032, 37.31999969, 0.00000000
2, 1.0300, 103, -0.08028342, 3.07970738, -0.68184298, -50.81567383, -723.36975098, -384.88845825, -31.10201645, 36.21747971, 55.21777344, 130.88728333, -56.79003906, -4.05347586, 0.38065737, -0.79263455, 0.22580564, -0.41933578, 1.12614489, 1.46283591, 1.91276038, 0.00000000, 0.00000000, 0.00000000, 0.00000000
4, 0.8600, 83, 0.56683546, 1.20416832, -0.36933550, -96.00059509, 49.58898926, -312.77743530, -37.41595840, 20.11107826, -64.77638245, -2.40047050, 29.50460434, 40.42967606, 1.00000000, 0.00000000, 0.00000000, 0.00000000, -0.08632044, 0.07897129, 0.38506678, 101.52400208, -16.55220032, 37.31999969, 0.00000000
4, 0.8700, 84, 0.46320385, 1.22424257, -0.39680049, -89.75949860, 59.64089203, -318.31173706, -40.54370117, 20.95878410, -63.98713684, -3.92546868, 26.50336838, 39.02498245, 1.00000000, 0.00000000, 0.00000000, 0.00000000, -0.02880409, 0.12539527, 0.38957912, 101.52400208, -16.55220032, 37.31999969, 0.00000000
4, 0.8800, 85, 0.46035969, 1.32384694, -0.39103755, -85.83788300, 74.23171234, -312.31878662, -43.52528381, 20.49108505, -63.57789993, -3.96065903, 22.62809753, 37.39773178, 1.00000000, 0.00000000, 0.00000000, 0.00000000, -0.07844520, 0.11368865, 0.46130046, 101.52400208, -16.55220032, 37.31999969, 0.00000000
4, 0.8900, 86, 0.43555993, 1.34157658, -0.38420841, -78.82765198, 99.98090363, -308.05551147, -43.52528381, 20.49108505, -63.57789993, -5.30439806, 19.76731491, 35.74650574, 1.00000000, 0.00000000, 0.00000000, 0.00000000, -0.11176655, 0.10977775, 0.45359164, 101.52400208, -16.55220032, 37.31999969, 0.00000000
4, 0.9000, 87, 0.50939304, 1.47687376, -0.31220645, -88.79611206, 123.64231110, -300.39465332, -46.59456253, 21.60187149, -62.67173386, -6.71030426, 16.98237991, 33.95951080, 1.00000000, 0.00000000, 0.00000000, 0.00000000, -0.23441091, 0.02985152, 0.55041182, 101.52400208, -16.55220032, 37.31999969, 0.00000000
4, 0.9100, 88, 0.56139499, 1.74050236, -0.19513188, -103.22895050, 138.46281433, -298.10403442, -49.28383636, 21.36802101, -61.29786682, -8.18876076, 14.19644356, 32.11962891, 1.00000000, 0.00000000, 0.00000000, 0.00000000, -0.33797899, -0.12439102, 0.76365733, 101.52400208, -16.55220032, 37.31999969, 0.00000000
2, 1.0400, 104, -0.32679477, 2.84804988, -0.53629649, -129.98878479, -696.46887207, -363.16445923, -29.69891739, 32.09587860, 61.12247849, 143.78979492, -60.67890930, -13.17547226, 0.32151186, -0.79689193, 0.25004640, -0.44617292, 1.13575113, 1.35508609, 1.67268753, 0.00000000, 0.00000000, 0.00000000, 0.00000000
5, 1.0500, 100, 0.97681445, 3.06840253, -0.26348385, -133.55642700, -169.28964233, -461.71841431, -40.57293320, 79.53814697, -85.20899963, -86.98711395, -71.11894989, 85.10684204, 0.70543182, 0.12715146, 0.68944037, -0.10426176, 1.79683280, -0.21640348, 1.66645384, 0.00000000, 0.00000000, 0.00000000, 0.00000000
5, 1.0600, 101, 1.04666126, 2.85846210, -0.41281193, -142.93527222, -189.53215027, -442.97814941, -43.64220810, 77.55042267, -84.01052094, -99.67855072, -69.28890991, 98.93653870, 0.67501694, 0.12993744, 0.71613169, -0.12092923, 1.62239218, -0.01388484, 1.68837011, 0.00000000, 0.00000000, 0.00000000, 0.00000000
5, 1.0700, 102, 1.05698848, 2.60403347, -0.50432616, -146.07449341, -199.16090393, -417.17642212, -47.00379944, 75.32884979, -82.22741699, -109.10123444, -66.58943939, 109.61373138, 0.64484489, 0.13224985, 0.73994505, -0.13844322, 1.41939378, 0.16759653, 1.72216535, 0.00000000, 0.00000000, 0.00000000, 0.00000000
5, 1.0800, 103, 0.99674755, 2.46851015, -0.48676500, -152.53150940, -199.24502563, -378.71414185, -48.90382767, 71.06109619, -79.77199554, -115.46143341, -63.43162537, 117.24755859, 0.61597407, 0.13486633, 0.76023126, -0.15631877, 1.32212281, 0.21402967, 1.69917166, 0.00000000, 0.00000000, 0.00000000, 0.00000000
5, 1.0900, 104, 0.74220550, 2.44899416, -0.43121529, -157.30432129, -182.36997986, -325.58526611, -50.54077530, 69.36568451, -77.78427124, -119.43940735, -60.22045898, 122.36009216, 0.58983272, 0.13849398, 0.77645046, -0.17332506, 1.37151158, 0.19437961, 1.49902844, 0.00000000, 0.00000000, 0.00000000, 0.00000000
5, 1.1000, 105, 0.36652073, 2.38401484, -0.46455216, -152.12899780, -153.05574036, -286.57028198, -50.54077530, 69.36568451, -77.78427124, -114.34144592, -63.90616608, 116.86065674, 0.61971086, 0.12881432, 0.75766253, -0.15909998, 1.41522944, 0.25648892, 1.14090526, 0.00000000, 0.00000000, 0.00000000, 0.00000000
4, 0.9200, 89, 0.68078953, 2.06017637, -0.12620907, -109.06903839, 141.31307983, -313.26473999, -51.85618210, 20.14031029, -60.21630859, -9.62443161, 11.21828175, 30.33069420, 1.00000000, 0.00000000, 0.00000000, 0.00000000, -0.51299900, -0.24586996, 1.04431367, 101.52400208, -16.55220032, 37.31999969, 0.00000000
4, 0.9300, 90, 0.85997051, 2.19075704, -0.10794328, -110.71784210, 121.39363098, -331.02517700, -51.85618210, 20.14031029, -60.21630859, -11.24773026, 10.92129230, 28.96623802, 1.00000000, 0.00000000, 0.00000000, 0.00000000, -0.73609698, -0.27100766, 1.15805674, 101.52400208, -16.55220032, 37.31999969, 0.00000000
4, 0.9400, 91, 0.90792912, 2.23292613, -0.09678997, -105.64842224, 104.58143616, -336.13494873, -55.45162201, 19.64337921, -59.39783478, -12.46315193, 7.61066055, 27.71712303, 1.00000000, 0.00000000, 0.00000000, 0.00000000, -0.80377454, -0.26663086, 1.19690251, 101.52400208, -16.55220032, 37.31999969, 0.00000000
2, 1.0500, 105, -0.62684810, 2.63755083, -0.42096162, -201.18582153, -618.95196533, -330.98529053, -29.69891739, 32.09587860, 61.12247849, 158.19224548, -63.31103897, -24.94842529, 0.26852998, -0.79467595, 0.27747476, -0.46839052, 1.19731784, 1.28573513, 1.37955189, 0.00000000, 0.00000000, 0.00000000, 0.00000000
5, 1.1100, 106, 0.12678163, 2.20119905, -0.52630562, -140.24743652, -111.20730591, -256.59567261, -51.41771317, 67.46565247, -76.52732849, -117.83510590, -61.38069153, 120.88000488, 0.59924382, 0.13412192, 0.77060866, -0.17052966, 1.29208529, 0.34478712, 0.83418572, 0.00000000, 0.00000000, 0.00000000, 0.00000000
4, 0.9500, 92, 0.76321602, 2.08272624, -0.09088208, -80.39672089, 104.81801605, -333.79379272, -58.81321335, 19.17568016, -58.75474930, -13.34567738, 4.30227709, 26.54334450, 1.00000000, 0.00000000, 0.00000000, 0.00000000, -0.71317852, -0.21551907, 1.05019224, 101.52400208, -16.55220032, 37.31999969, 0.00000000
4, 0.9600, 93, 0.55438221, 1.90368056, -0.16773397, -51.72922897, 119.87103271, -334.32650757, -61.94095230, 18.38643646, -59.22245026, -13.87527466, 0.97908276, 25.27057266, 1.00000000, 0.00000000, 0.00000000, 0.00000000, -0.55843180, -0.08389324, 0.90010965, 101.52400208, -16.55220032, 37.31999969, 0.00000000
4, 0.9700, 94, 0.39157256, 1.65529990, -0.16155063, -50.78090286, 128.34909058, -338.06585693, -63.95790482, 16.74948883, -58.75474930, -14.31800938, -2.39083886, 23.94121170, 1.00000000, 0.00000000, 0.00000000, 0.00000000, -0.44878101, -0.01902624, 0.66344070, 101.52400208, -16.55220032, 37.31999969, 0.00000000
4, 0.9800, 95, 0.20554067, 1.52568913, -0.27548918, -58.26900482, 132.80261230, -334.85726929, -63.95790482, 16.74948883, -58.75474930, -12.70624065, -3.09179664, 21.83420563, 1.00000000, 0.00000000, 0.00000000, 0.00000000, -0.30745173, 0.12244175, 0.57296181, 101.52400208, -16.55220032, 37.31999969, 0.00000000
4, 0.9900, 96, 0.18436514, 1.55805492, -0.15478946, -61.90344620, 110.34017944, -336.04446411, -67.34872437, 15.34638977, -58.72551727, -13.18112183, -6.41968012, 20.61085701, 1.00000000, 0.00000000, 0.00000000, 0.00000000, -0.30990297, -0.02143458, 0.57146305, 101.52400208, -16.55220032, 37.31999969, 0.00000000
5, 1.1200, 107, 0.13183692, 1.93690801, -0.55312085, -128.21990967, -59.70756149, -228.14553833, -52.82081223, 62.99327469, -74.74422455, -120.68215179, -59.14228058, 123.80365753, 0.58100706, 0.14054556, 0.78173453, -0.17767610, 1.06898463, 0.45964572, 0.82369143, 0.00000000, 0.00000000, 0.00000000, 0.00000000
4, 1.0000, 97, 0.10340924, 1.68198073, -0.09372573, -79.72049713, 84.13544464, -317.22503662, -70.06723022, 13.68021011, -58.63782501, -13.81183720, -9.57766533, 19.67710114, 1.00000000, 0.00000000, 0.00000000, 0.00000000, -0.28746441, -0.10363661, 0.68649352, 101.52400208, -16.55220032, 37.31999969, 0.00000000
5, 1.1300, 108, 0.31343159, 1.69519341, -0.54453462, -120.89144897, -11.59553623, -196.63169861, -53.78544235, 62.26249695, -74.21806335, -123.05887604, -57.20026016, 125.81958771, 0.56523603, 0.14831106, 0.79104602, -0.18099272, 0.81753242, 0.52941757, 0.98390043, 0.00000000, 0.00000000, 0.00000000, 0.00000000
5, 1.1400, 109, 0.49698085, 1.54045260, -0.54474163, -117.17594147, 18.22244072, -169.04820251, -54.19467926, 61.97018433, -74.30575562, -125.05019379, -55.48165512, 127.17236328, 0.55150813, 0.15698302, 0.79879522, -0.18199268, 0.64831519, 0.58122599, 1.16099823, 0.00000000, 0.00000000, 0.00000000, 0.00000000
2, 1.0600, 106, -0.88378918, 2.40403748, -0.38654375, -251.50271606, -494.36614990, -300.67874146, -27.21426392, 27.76965714, 66.82256317, 172.35083008, -64.13549042, -37.69731903, 0.22463660, -0.78875113, 0.30668092, -0.48307049, 1.20395660, 1.27042615, 1.07344329, 0.00000000, 0.00000000, 0.00000000, 0.00000000
2, 1.0700, 107, -1.01150692, 2.14475274, -0.48324502, -291.04425049, -326.26303101, -280.68930054, -24.81730461, 24.20344925, 69.83338165, 165.89909363, -68.18865204, -33.31850433, 0.25686449, -0.76763320, 0.30152535, -0.50382769, 1.07205796, 1.31389678, 0.79056329, 0.00000000, 0.00000000, 0.00000000, 0.00000000
2, 1.0800, 108, -0.74709362, 1.93918264, -0.65659624, -315.91891479, -148.04644775, -258.74633789, -22.47880745, 20.25723457, 72.23033905, 175.92533875, -67.10908508, -44.38530350, 0.23607847, -0.76371408, 0.33277392, -0.50026923, 0.68317801, 1.36644995, 0.77756643, 0.00000000, 0.00000000, 0.00000000, 0.00000000
5, 1.1500, 110, 0.58233601, 1.46070421, -0.61117554, -109.94210052, 29.29878807, -147.42434692, -54.19467926, 61.97018433, -74.30575562, -117.15619659, -63.39009857, 117.44946289, 0.61348230, 0.14283936, 0.76276779, -0.14636143, 0.56585264, 0.65652841, 1.22188044, 0.00000000, 0.00000000, 0.00000000, 0.00000000
4, 1.0100, 98, 0.15478051, 1.69280076, -0.12675017, -64.38566589, 59.90493393, -299.16876221, -72.52265167, 11.25401878, -58.14089203, -14.29986954, -12.56601143, 19.01992416, 1.00000000, 0.00000000, 0.00000000, 0.00000000, -0.39162153, -0.06728160, 0.71534967, 101.52400208, -16.55220032, 37.31999969, 0.00000000
4, 1.0200, 99, 0.18777812, 1.53064513, -0.11720520, -61.65964508, 33.00382614, -279.58178711, -74.33499146, 10.23092651, -58.43320465, -14.80639839, -15.36425495, 18.65863800, 1.00000000, 0.00000000, 0.00000000, 0.00000000, -0.46989161, -0.03045370, 0.56817859, 101.52400208, -16.55220032, 37.31999969, 0.00000000
4, 1.0300, 100, 0.05012330, 1.45156038, -0.22314350, -65.51097870, 33.63225174, -251.11463928, -74.33499146, 10.23092651, -58.43320465, -13.01190853, -13.44469833, 16.84387398, 1.00000000, 0.00000000, 0.00000000, 0.00000000, -0.35656217, 0.08960794, 0.52851588, 101.52400208, -16.55220032, 37.31999969, 0.00000000
4, 1.0400, 101, 0.06800556, 1.31587708, -0.16745238, -45.27502441, 34.66655731, -226.78684998, -75.91347504, 8.41859055, -57.64396286, -13.33529472, -15.70500088, 16.41398239, 1.00000000, 0.00000000, 0.00000000, 0.00000000, -0.35479778, 0.04944236, 0.37263346, 101.52400208, -16.55220032, 37.31999969, 0.00000000
4, 1.0500, 102, -0.06261241, 1.18481231, -0.18790595, -33.47163773, 41.26313782, -202.94422913, -77.11195374, 6.78164291, -57.81935120, -13.50947380, -17.72669411, 15.92944908, 1.00000000, 0.00000000, 0.00000000, 0.00000000, -0.25684577, 0.10399315, 0.26479876, 101.52400208, -16.55220032, 37.31999969, 0.00000000
4, 1.0600, 103, -0.07171518, 1.05937612, -0.09126506, -11.85532284, 45.46178818, -182.21783447, -78.19351196, 5.26161957, -57.84858322, -13.44009113, -19.53954697, 15.40697765, 1.00000000, 0.00000000, 0.00000000, 0.00000000, -0.27581331, 0.04028193, 0.12915914, 101.52400208, -16.55220032, 37.31999969, 0.00000000
2, 1.0900, 109, -0.32842448, 1.86628151, -0.90254277, -314.75411987, -11.35487652, -225.39151001, -22.24495697, 16.19409561, 72.08418274, -178.28491211, -65.17036438, -52.08378601, 0.22508264, -0.76050031, 0.36263791, -0.48935771, 0.29249585, 1.60674298, 1.01394153, 0.00000000, 0.00000000, 0.00000000, 0.00000000
2, 1.1000, 110, 0.00953114, 1.83354867, -0.89048350, -294.68426514, 71.13143158, -185.18908691, -22.24495697, 16.19409561, 72.08418274, -175.54508972, -63.06439972, -57.14867020, 0.22085719, -0.75768507, 0.38951707, -0.47477579, 0.06855679, 1.61084461, 1.28588474, 0.00000000, 0.00000000, 0.00000000, 0.00000000
2, 1.1100, 111, 0.32470787, 1.83361745, -0.86551970, -276.37582397, 130.75433350, -136.93522644, -21.86495209, 12.80327415, 70.50569916, -174.89866638, -61.13204575, -60.43997574, 0.22258902, -0.75468111, 0.41339654, -0.45827273, -0.11322366, 1.60142183, 1.56190372, 0.00000000, 0.00000000, 0.00000000, 0.00000000
4, 1.0700, 104, -0.10238104, 0.95014781, -0.02242985, 2.35603809, 48.57962418, -161.68370056, -78.19351196, 5.26161957, -57.84858322, -13.20221233, -21.14425278, 14.84901428, 1.00000000, 0.00000000, 0.00000000, 0.00000000, -0.26999179, -0.00377286, 0.01573300, 101.52400208, -16.55220032, 37.31999969, 0.00000000
2, 1.1200, 112, 0.63540614, 1.76955187, -0.89028788, -250.53747559, 163.62841797, -85.23266602, -22.42034531, 10.69862556, 68.51797485, 166.71591187, -67.90580750, -60.83614731, 0.36361796, -0.67781121, 0.47286916, -0.42982423, -0.36960402, 1.56561923, 1.74397111, 0.00000000, 0.00000000, 0.00000000, 0.00000000
4, 1.0800, 105, -0.11312187, 0.86716497, 0.02352854, 13.88837051, 56.25876617, -140.88656616, -79.18737030, 3.42005253, -58.84244156, -13.71786213, -19.32916832, 13.76342487, 1.00000000, 0.00000000, 0.00000000, 0.00000000, -0.26799038, -0.02982164, -0.07209659, 101.52400208, -16.55220032, 37.31999969, 0.00000000
4, 1.0900, 106, -0.09787682, 0.79613668, 0.06289755, 26.05792427, 73.04201508, -119.83218384, -79.91815186, 2.63080978, -58.78398132, -13.16188622, -20.50991631, 12.96569920, 1.00000000, 0.00000000, 0.00000000, 0.00000000, -0.26282465, -0.04527129, -0.15743265, 101.52400208, -16.55220032, 37.31999969, 0.00000000
4, 1.1000, 107, -0.06904232, 0.71709698, 0.07710242, 35.26297379, 90.05017853, -98.09931183, -80.59046936, 2.54311609, -59.69014740, -12.42880535, -21.45882988, 11.97605228, 1.00000000, 0.00000000, 0.00000000, 0.00000000, -0.30674443, -0.05106670, -0.23440602, 101.52400208, -16.55220032, 37.31999969, 0.00000000
2, 1.1300, 113, 0.77003855, 1.67391169, -0.87754583, -217.32995605, 170.92803955, -26.88490677, -21.68956375, 9.23706532, 66.76410675, 166.41395569, -67.12785339, -63.22143555, 0.37168646, -0.67037833, 0.48938042, -0.41587126, -0.55908567, 1.41469002, 1.70516396, 0.00000000, 0.00000000, 0.00000000, 0.00000000
2, 1.1400, 114, 0.74507922, 1.62726605, -0.84513640, -183.75593567, 163.91998291, 17.48303604, -23.03420067, 8.53551579, 64.48406982, 165.18737793, -66.69911194, -64.47615051, 0.38188750, -0.66285962, 0.50182110, -0.40367657, -0.56067955, 1.35736239, 1.67465806, 0.00000000, 0.00000000, 0.00000000, 0.00000000
2, 1.1500, 115, 0.65964806, 1.58983099, -0.76579344, -151.49102783, 158.65150452, 49.63383484, -23.03420067, 8.53551579, 64.48406982, 163.24647522, -66.50378418, -64.79866028, 0.39352974, -0.65575564, 0.51075202, -0.39274842, -0.50323945, 1.25735199, 1.61096048, 0.00000000, 0.00000000, 0.00000000, 0.00000000
2, 1.1600, 116, 0.59245175, 1.52019501, -0.70545262, -121.87895966, 160.04966736, 74.37643433, -23.03420067, 8.00935364, 63.57789993, 160.61408997, -66.42790222, -64.25327301, 0.40643245, -0.64936155, 0.51666683, -0.38235798, -0.48698860, 1.15688312, 1.53239155, 0.00000000, 0.00000000, 0.00000000, 0.00000000
2, 1.1700, 117, 0.55439490, 1.41972733, -0.64400315, -92.52222443, 162.54168701, 94.04870605, -23.76498032, 8.27243519, 61.47325134, 125.75388336, -68.07846832, -32.73027420, 0.50285321, -0.63574278, 0.45266134, -0.37157446, -0.51388085, 1.00131822, 1.41671765, 0.00000000, 0.00000000, 0.00000000, 0.00000000
2, 1.1800, 118, 0.51776761, 1.34260118, -0.56776446, -64.82572937, 162.00561523, 108.51238251, -24.84653664, 7.57088566, 59.22245026, 122.21276855, -67.60713196, -30.93954086, 0.51687878, -0.62945312, 0.45312887, -0.36235270, -0.52503848, 0.76787168, 1.23847282, 0.00000000, 0.00000000, 0.00000000, 0.00000000
2, 1.1900, 119, 0.48238972, 1.29033613, -0.52776438, -37.86718369, 158.98173523, 119.51158905, -25.54808426, 9.17860222, 58.31628036, 118.45979309, -66.96356201, -28.73677063, 0.53098279, -0.62419391, 0.45124421, -0.35329583, -0.52108347, 0.68859780, 1.17575717, 0.00000000, 0.00000000, 0.00000000, 0.00000000
4, 1.1100, 108, -0.04841479, 0.63243157, 0.04041215, 39.51232910, 105.85376740, -77.15444183, -81.40894318, 1.28617358, -60.85939789, -11.57130241, -22.17793846, 10.80816841, 1.00000000, 0.00000000, 0.00000000, 0.00000000, -0.33878314, -0.00813349, -0.30523920, 101.52400208, -16.55220032, 37.31999969, 0.00000000
4, 1.1200, 109, -0.01448261, 0.59002972, -0.00226638, 41.38414383, 115.00948334, -56.03563309, -81.40894318, 1.28617358, -60.85939789, -10.64430618, -22.66351891, 9.53922272, 1.00000000, 0.00000000, 0.00000000, 0.00000000, -0.38137722, 0.02880884, -0.33536148, 101.52400208, -16.55220032, 37.31999969, 0.00000000
4, 1.1300, 110, 0.04525648, 0.55657589, -0.04992708, 42.49433899, 114.94106293, -34.14408875, -81.73048401, 0.76001167, -62.26249695, -9.51042652, -17.13130760, 7.61820793, 1.00000000, 0.00000000, 0.00000000, 0.00000000, -0.42223358, 0.06875838, -0.36624223, 101.52400208, -16.55220032, 37.31999969, 0.00000000
4, 1.1400, 111, 0.11694422, 0.53652400, -0.08648099, 43.81947327, 108.64340210, -17.50108910, -81.75971985, 0.90616781, -63.40251160, -8.71098518, -17.19838905, 6.47947454, 1.00000000, 0.00000000, 0.00000000, 0.00000000, -0.42476904, 0.09724547, -0.40545556, 101.52400208, -16.55220032, 37.31999969, 0.00000000
4, 1.1500, 112, 0.18913513, 0.50613916, -0.09831290, 47.46442413, 98.46878052, -1.90352750, -81.99356842, 0.08769365, -63.98713684, -7.91506577, -17.10650063, 5.46472406, 1.00000000, 0.00000000, 0.00000000, 0.00000000, -0.49578536, 0.10326647, -0.43565407, 101.52400208, -16.55220032, 37.31999969, 0.00000000
5, 1.1600, 111, 0.54394960, 1.36117160, -0.68281728, -93.23316193, 32.43586349, -129.79081726, -54.95469284, 59.10552216, -73.63343811, -119.29794312, -62.16509628, 118.90800476, 0.60362291, 0.15093899, 0.76906610, -0.14626791, 0.44680148, 0.70534217, 1.08162594, 0.00000000, 0.00000000, 0.00000000, 0.00000000
5, 1.1700, 112, 0.48169628, 1.20953059, -0.68288136, -73.40986633, 39.32558060, -114.29822540, -55.48085403, 58.37474442, -74.10114288, -121.19810486, -61.17378235, 120.12854767, 0.59505951, 0.15778962, 0.77458388, -0.14500564, 0.32681829, 0.75179517, 1.01071179, 0.00000000, 0.00000000, 0.00000000, 0.00000000
5, 1.1800, 113, 0.43685329, 1.06464732, -0.63907093, -56.51387024, 57.34219742, -99.04648590, -55.80239487, 57.90704346, -73.34112549, -122.98596954, -60.43256378, 121.12426758, 0.58784634, 0.16403133, 0.77937061, -0.14181696, 0.19630118, 0.75050741, 0.95313793, 0.00000000, 0.00000000, 0.00000000, 0.00000000
5, 1.1900, 114, 0.42863032, 0.92922425, -0.59586221, -41.68037415, 84.51497650, -82.14815521, -57.14703369, 56.88395309, -73.75036621, -124.73991394, -59.96772385, 121.88012695, 0.58213794, 0.17014922, 0.78335893, -0.13606431, 0.06461994, 0.74339712, 0.93108070, 0.00000000, 0.00000000, 0.00000000, 0.00000000
4, 1.1600, 113, 0.23316722, 0.48015347, -0.10605647, 48.52032471, 86.20776367, 12.24577522, -82.22741699, 0.87693655, -65.21485138, -7.15814209, -16.87629700, 4.59806919, 1.00000000, 0.00000000, 0.00000000, 0.00000000, -0.53627092, 0.10464913, -0.46250516, 101.52400208, -16.55220032, 37.31999969, 0.00000000
2, 1.2000, 120, 0.45231584, 1.23207498, -0.45962304, -11.38020706, 150.41390991, 127.93380737, -25.54808426, 9.17860222, 58.31628036, 114.67228699, -66.16086578, -26.26130104, 0.54478657, -0.62002802, 0.44712543, -0.34474891, -0.51445317, 0.57947576, 1.12000823, 0.00000000, 0.00000000, 0.00000000, 0.00000000
2, 1.2100, 121, 0.41328552, 1.18939626, -0.37356144, 11.24407005, 134.50502014, 136.25874329, -26.10347748, 9.47091484, 57.29319000, 110.94817352, -65.25813293, -23.58629990, 0.55804509, -0.61674064, 0.44096288, -0.33729589, -0.48447537, 0.45985475, 1.07038999, 0.00000000, 0.00000000, 0.00000000, 0.00000000
2, 1.2200, 122, 0.35581720, 1.16680217, -0.27705312, 31.01607513, 111.65234375, 142.40031433, -26.30809593, 10.81555080, 56.38702011, 86.65131378, -61.18546295, -2.86429238, 0.63473940, -0.58119965, 0.38487685, -0.33344075, -0.41840285, 0.32283249, 0.98108321, 0.00000000, 0.00000000, 0.00000000, 0.00000000
2, 1.2300, 123, 0.29928094, 1.15186429, -0.22026415, 44.73454666, 90.99642944, 150.06620789, -27.38965225, 12.59865570, 55.45162201, 84.30217743, -59.81990433, -1.09923685, 0.64581436, -0.57813287, 0.37524235, -0.32845014, -0.34484676, 0.19401556, 0.80571151, 0.00000000, 0.00000000, 0.00000000, 0.00000000
2, 1.2400, 124, 0.24641326, 1.14510429, -0.16766609, 57.29982376, 69.62979889, 160.02569580, -28.20812607, 14.35252857, 54.39929962, 82.02592468, -58.40257645, 0.83525336, 0.65631390, -0.57549822, 0.36394963, -0.32495314, -0.28577766, 0.12471810, 0.75384140, 0.00000000, 0.00000000, 0.00000000, 0.00000000
2, 1.2500, 125, 0.18383624, 1.17134523, -0.13852750, 70.36466980, 51.33549881, 172.02592468, -28.20812607, 14.35252857, 54.39929962, 79.81862640, -56.89458084, 2.92270184, 0.66642952, -0.57324272, 0.35088444, -0.32271451, -0.20402709, 0.09077947, 0.70658380, 0.00000000, 0.00000000, 0.00000000, 0.00000000
5, 1.2000, 115, 0.48428991, 0.81430662, -0.55069643, -23.97333908, 121.68517303, -56.19744873, -57.14703369, 56.88395309, -73.75036621, -114.91208649, -70.02635956, 112.69165039, 0.64677238, 0.12569100, 0.74575120, -0.09870458, -0.08420055, 0.70067155, 0.93382335, 0.00000000, 0.00000000, 0.00000000, 0.00000000
2, 1.2600, 126, 0.11675970, 1.20707583, -0.11231639, 85.03074646, 36.58905029, 184.31286621, -28.82198143, 16.19409561, 54.66238022, 77.72019196, -55.25519562, 5.10646057, 0.67624974, -0.57141638, 0.33597019, -0.32139355, -0.11209284, 0.06314374, 0.65980470, 0.00000000, 0.00000000, 0.00000000, 0.00000000
2, 1.2700, 127, 0.04016028, 1.27468848, -0.09545565, 100.99810791, 27.58459854, 196.81071472, -29.20198822, 17.83104324, 53.96083069, 67.02324677, -52.74333572, 11.58376980, 0.71844238, -0.52949864, 0.31854737, -0.31937337, 0.00904179, 0.06147632, 0.59897119, 0.00000000, 0.00000000, 0.00000000, 0.00000000
2, 1.2800, 128, -0.03649594, 1.35656154, -0.08740642, 117.77261353, 22.70483017, 207.96775818, -30.04969215, 19.90645981, 54.48699188, 65.71109009, -50.55936813, 13.18889332, 0.72796232, -0.52851862, 0.30001825, -0.31737697, 0.14500332, 0.08263279, 0.49907869, 0.00000000, 0.00000000, 0.00000000, 0.00000000
4, 1.1700, 114, 0.27220401, 0.45709378, -0.11425413, 46.59675980, 69.55622101, 25.54131126, -82.22741699, 0.87693655, -65.21485138, -6.48517895, -16.52691460, 3.92651749, 1.00000000, 0.00000000, 0.00000000, 0.00000000, -0.56972897, 0.10688935, -0.48661059, 101.52400208, -16.55220032, 37.31999969, 0.00000000
4, 1.1800, 115, 0.28609800, 0.43912470, -0.11975455, 42.53570938, 49.51376343, 39.22217178, -81.02893829, -0.08769365, -66.03332520, -4.76242638, -7.43035889, 3.37360334, 1.00000000, 0.00000000, 0.00000000, 0.00000000, -0.53936940, 0.10273511, -0.51419950, 101.52400208, -16.55220032, 37.31999969, 0.00000000
4, 1.1900, 116, 0.28306511, 0.43906796, -0.12454665, 35.42128754, 27.52840042, 53.22976685, -82.22741699, 0.05846244, -65.94563293, -4.38383913, -6.85744190, 3.20298576, 1.00000000, 0.00000000, 0.00000000, 0.00000000, -0.41669863, 0.08729708, -0.53958935, 101.52400208, -16.55220032, 37.31999969, 0.00000000
4, 1.2000, 117, 0.26697677, 0.46232089, -0.12032066, 26.92978096, 4.65109444, 67.84393311, -81.64279175, 2.16311026, -65.85793304, -4.12683153, -6.18143940, 3.28686476, 1.00000000, 0.00000000, 0.00000000, 0.00000000, -0.39005998, 0.07218730, -0.51950878, 101.52400208, -16.55220032, 37.31999969, 0.00000000
