SensorId, TimeStamp (s), FrameNumber, AccX (g), AccY (g), AccZ (g), GyroX (deg/s), GyroY (deg/s), GyroZ (deg/s), MagX (uT), MagY (uT), MagZ (uT), EulerX (deg), EulerY (deg), EulerZ (deg), QuatW, QuatX, QuatY, QuatZ, LinAccX (g), LinAccY (g), LinAccZ (g), Pressure (kPa), Altitude (m), Temperature (degC), HeaveMotion (m)
4, -0.0000, 0, 0.26174572, 0.92402470, -0.10243793, -9.99821663, -19.48587608, 9.69738197, -39.72522736, 47.93919754, -36.30517197, -2.95307732, 3.57089853, 6.03044796, 1.00000000, 0.00000000, 0.00000000, 0.00000000, 0.00440208, -0.02530443, -0.03569768, 101.53300476, -17.30038643, 35.05999756, 0.00000000
4, 0.0025, 1, 0.26110923, 0.92704421, -0.10935278, -10.28411102, -19.20953941, 9.63877106, -39.72522736, 47.93919754, -36.30517197, -2.96368361, 3.58820748, 6.08578873, 1.00000000, 0.00000000, 0.00000000, 0.00000000, 0.00624137, -0.01891371, -0.03161408, 101.53300476, -17.30038643, 35.05999756, 0.00000000
4, 0.0050, 2, 0.26208150, 0.93185365, -0.11355854, -10.28636837, -18.93476105, 9.71363449, -39.72522736, 47.93919754, -36.30517197, -2.97445941, 3.60581470, 6.14049006, 1.00000000, 0.00000000, 0.00000000, 0.00000000, 0.00677827, -0.01552223, -0.02597811, 101.53300476, -17.30038643, 35.05999756, 0.00000000
4, 0.0525, 3, 0.16567522, 0.98097068, -0.19901152, -4.78186321, -4.67952299, -1.03278315, -39.52060699, 49.42998886, -36.39286804, -2.67399597, 3.40678501, 6.93068075, 1.00000000, 0.00000000, 0.00000000, 0.00000000, 0.11128695, 0.05370392, 0.01607510, 101.53300476, -17.30038643, 35.05999756, 0.00000000
4, 0.0550, 4, 0.16321315, 0.98143733, -0.19766563, -4.79020929, -3.49265957, -1.91830730, -39.52060699, 49.42998886, -36.39286804, -2.68343973, 3.40087461, 6.94100046, 1.00000000, 0.00000000, 0.00000000, 0.00000000, 0.11363197, 0.05245836, 0.01574613, 101.53300476, -17.30038643, 35.05999756, 0.00000000
4, 0.0575, 5, 0.16567697, 0.98387611, -0.19775321, -4.44069767, -2.72101450, -2.67950249, -39.08213806, 49.31306458, -35.86670685, -2.69266057, 3.39336658, 6.94900894, 1.00000000, 0.00000000, 0.00000000, 0.00000000, 0.11160875, 0.05223722, 0.01862676, 101.53300476, -17.30038643, 35.05999756, 0.00000000
4, 0.0600, 6, 0.16840139, 0.98308408, -0.19324709, -4.23314810, -1.95080042, -3.36787653, -39.08213806, 49.31306458, -35.86670685, -2.70198011, 3.38442993, 6.95481157, 1.00000000, 0.00000000, 0.00000000, 0.00000000, 0.10844094, 0.04812934, 0.01760296, 101.53300476, -17.30038643, 35.05999756, 0.00000000
4, 0.0625, 7, 0.17519042, 0.98243368, -0.18995534, -3.88432717, -1.11239421, -3.98824191, -39.08213806, 49.31306458, -35.86670685, -2.71109271, 3.37425542, 6.95817184, 1.00000000, 0.00000000, 0.00000000, 0.00000000, 0.10136003, 0.04518253, 0.01780898, 101.53300476, -17.30038643, 35.05999756, 0.00000000
4, 0.0650, 8, 0.18122882, 0.97977597, -0.19120474, -3.60659623, -0.27636072, -4.46752691, -39.08213806, 49.31306458, -35.86670685, -2.72015381, 3.36319399, 6.95920086, 1.00000000, 0.00000000, 0.00000000, 0.00000000, 0.09476245, 0.04707686, 0.01678051, 101.53300476, -17.30038643, 35.05999756, 0.00000000
4, 0.0675, 9, 0.18122882, 0.97977597, -0.19120474, -3.60659623, -0.27636072, -4.46752691, -39.08213806, 49.31306458, -35.86670685, -2.72921824, 3.35214114, 6.96022272, 1.00000000, 0.00000000, 0.00000000, 0.00000000, 0.09456982, 0.04723510, 0.01677670, 101.53300476, -17.30038643, 35.05999756, 0.00000000
4, 0.0700, 10, 0.19776227, 0.97752178, -0.18597306, -2.48051190, 0.97987086, -5.23655128, -39.72522736, 49.34229660, -36.15901566, -2.73649716, 3.33961010, 6.95732880, 1.00000000, 0.00000000, 0.00000000, 0.00000000, 0.07751268, 0.04266030, 0.01715850, 101.53300476, -17.30038643, 35.05999756, 0.00000000
4, 0.0725, 11, 0.19776227, 0.97752178, -0.18597306, -2.48051190, 0.97987086, -5.23655128, -39.72522736, 49.34229660, -36.15901566, -2.74377179, 3.32708001, 6.95443964, 1.00000000, 0.00000000, 0.00000000, 0.00000000, 0.07729439, 0.04278751, 0.01715183, 101.53300476, -17.30038643, 35.05999756, 0.00000000
4, 0.0750, 12, 0.21588926, 0.97689438, -0.18376847, -1.27200258, 0.63336760, -4.98963928, -39.72522736, 49.34229660, -36.15901566, -2.74786854, 3.31500125, 6.95182800, 1.00000000, 0.00000000, 0.00000000, 0.00000000, 0.05915318, 0.04081616, 0.01999884, 101.53300476, -17.30038643, 35.05999756, 0.00000000
2, -0.0000, 0, 0.90745646, 0.36539915, 0.19497050, -9.83258343, -4.52674007, -25.64644814, -37.38673019, 35.63285446, -59.33937454, 6.85605383, 17.74094391, -11.25473690, 0.98061430, -0.07388839, -0.14739020, 0.10588802, 0.01702721, -0.00659417, 0.00347023, 0.00000000, 0.00000000, 0.00000000, 0.00000000
4, 0.1350, 13, 0.27483329, 0.98650360, -0.12783267, -3.81676841, -9.43574905, -5.53765106, -39.43291473, 48.37766647, -36.18824768, -2.49838066, 2.74623919, 7.25465441, 1.00000000, 0.00000000, 0.00000000, 0.00000000, -0.00862187, -0.02024386, 0.03059149, 101.53300476, -17.30038643, 35.05999756, 0.00000000
4, 0.1375, 14, 0.27632186, 0.98427004, -0.12481070, -3.81709766, -9.36346436, -5.74571848, -39.43291473, 48.37766647, -36.18824768, -2.50230265, 2.72861981, 7.27726173, 1.00000000, 0.00000000, 0.00000000, 0.00000000, -0.01097514, -0.02271221, 0.02818983, 101.53300476, -17.30038643, 35.05999756, 0.00000000
4, 0.1400, 15, 0.27521938, 0.98143953, -0.12277500, -4.10237217, -9.15499496, -5.87538099, -39.43291473, 48.37766647, -36.18824768, -2.50707650, 2.71076417, 7.29946852, 1.00000000, 0.00000000, 0.00000000, 0.00000000, -0.01088590, -0.02408334, 0.02484800, 101.53300476, -17.30038643, 35.05999756, 0.00000000
4, 0.1425, 16, 0.27461314, 0.97956467, -0.11938424, -4.31520748, -9.15548420, -5.87081909, -39.43291473, 48.37766647, -36.18824768, -2.51236296, 2.69293046, 7.32179976, 1.00000000, 0.00000000, 0.00000000, 0.00000000, -0.01113636, -0.02695872, 0.02227477, 101.53300476, -17.30038643, 35.05999756, 0.00000000
4, 0.1450, 17, 0.27387902, 0.97771376, -0.11770130, -4.67204618, -8.87931061, -5.92791080, -39.43291473, 48.37766647, -36.27594376, -2.51871395, 2.67506528, 7.34362364, 1.00000000, 0.00000000, 0.00000000, 0.00000000, -0.01118734, -0.02814416, 0.02001833, 101.53300476, -17.30038643, 35.05999756, 0.00000000
2, 0.0100, 1, 0.89170545, 0.37556094, 0.16190051, -6.78123093, -7.93846035, -22.25898552, -37.24057388, 35.48669815, -59.33937454, 7.02608824, 17.61007118, -11.07242680, 0.98085219, -0.07501107, -0.14623041, 0.10449462, 0.01341869, 0.02171720, -0.01875669, 0.00000000, 0.00000000, 0.00000000, 0.00000000
2, 0.0200, 2, 0.88959515, 0.36207503, 0.13847592, -1.64769268, -7.15361500, -19.29893303, -37.24057388, 35.48669815, -59.33937454, 7.19258690, 17.50181007, -10.94662094, 0.98100537, -0.07619584, -0.14523381, 0.10358562, -0.00668570, 0.02681744, -0.03746449, 0.00000000, 0.00000000, 0.00000000, 0.00000000
2, 0.0300, 3, 0.87144083, 0.33079752, 0.12877870, 0.72829020, -3.70616508, -17.88571739, -37.50365448, 35.86670685, -59.39783478, 7.57364655, 17.85212517, -10.83763790, 0.98035961, -0.07957356, -0.14796767, 0.10328956, -0.01710359, 0.00910655, -0.06999119, 0.00000000, 0.00000000, 0.00000000, 0.00000000
4, 0.1475, 18, 0.27426374, 0.97350717, -0.11299834, -4.60204887, -8.73899651, -6.06644821, -38.93598175, 48.20227814, -36.27594376, -2.52499819, 2.65691948, 7.36502266, 1.00000000, 0.00000000, 0.00000000, 0.00000000, -0.01295375, -0.03184268, 0.01517581, 101.53300476, -17.30038643, 35.05999756, 0.00000000
4, 0.1500, 19, 0.27513975, 0.96773165, -0.10929161, -4.88848925, -8.39368916, -6.12378883, -38.93598175, 48.20227814, -36.27594376, -2.53221059, 2.63875842, 7.38573456, 1.00000000, 0.00000000, 0.00000000, 0.00000000, -0.01548826, -0.03424641, 0.00912166, 101.53300476, -17.30038643, 35.05999756, 0.00000000
4, 0.1525, 20, 0.27367535, 0.96291661, -0.10472038, -5.24594641, -8.04965019, -6.10982943, -38.93598175, 48.20227814, -36.27594376, -2.54051614, 2.62077713, 7.40580177, 1.00000000, 0.00000000, 0.00000000, 0.00000000, -0.01556731, -0.03766380, 0.00332766, 101.53300476, -17.30038643, 35.05999756, 0.00000000
4, 0.1550, 21, 0.27381811, 0.95674276, -0.09870155, -5.60278463, -7.77347803, -6.16692066, -38.93598175, 48.20227814, -36.27594376, -2.54985833, 2.60276866, 7.42538023, 1.00000000, 0.00000000, 0.00000000, 0.00000000, -0.01756112, -0.04222301, -0.00369642, 101.53300476, -17.30038643, 35.05999756, 0.00000000
2, 0.0400, 4, 0.86120343, 0.31602991, 0.11688437, 0.95387721, 0.33283263, -17.38614082, -36.65594864, 36.27594376, -59.63168716, 7.68399954, 17.71461868, -10.78446674, 0.98052216, -0.08035021, -0.14672667, 0.10291544, -0.02109431, 0.00294947, -0.08828917, 0.00000000, 0.00000000, 0.00000000, 0.00000000
4, 0.1575, 22, 0.27358699, 0.95143992, -0.09401360, -6.09994698, -7.70564795, -6.15500498, -38.93598175, 48.20227814, -36.27594376, -2.56045151, 2.58483601, 7.44506073, 1.00000000, 0.00000000, 0.00000000, 0.00000000, -0.01895127, -0.04562145, -0.00971448, 101.53300476, -17.30038643, 35.05999756, 0.00000000
4, 0.1900, 23, 0.28445208, 0.93099290, -0.13794927, -9.00803852, -7.85689735, -5.67652273, -40.04676819, 49.07921600, -35.45746994, -2.94968438, 2.68153858, 7.70181799, 1.00000000, 0.00000000, 0.00000000, 0.00000000, -0.03036481, 0.00819509, -0.01836158, 101.53300476, -17.30038643, 35.05999756, 0.00000000
4, 0.1925, 24, 0.28897822, 0.93737197, -0.14969510, -7.95522451, -6.48166895, -5.25523138, -40.04676819, 49.07921600, -35.45746994, -2.96540999, 2.66645193, 7.71996212, 1.00000000, 0.00000000, 0.00000000, 0.00000000, -0.03323182, 0.01877356, -0.00907572, 101.53300476, -17.30038643, 35.05999756, 0.00000000
4, 0.1950, 25, 0.29352188, 0.94195914, -0.15524247, -7.18105507, -5.72451353, -5.04863596, -40.04676819, 49.07921600, -35.45746994, -2.97972584, 2.65213060, 7.73593140, 1.00000000, 0.00000000, 0.00000000, 0.00000000, -0.03673195, 0.02358774, -0.00266642, 101.53300476, -17.30038643, 35.05999756, 0.00000000
4, 0.1975, 26, 0.29375580, 0.94360381, -0.15961263, -6.19274044, -5.10149670, -5.05848408, -39.34521866, 49.22537231, -35.07746124, -2.99204540, 2.63797808, 7.74986315, 1.00000000, 0.00000000, 0.00000000, 0.00000000, -0.03668359, 0.02777646, -0.00022080, 101.53300476, -17.30038643, 35.05999756, 0.00000000
4, 0.2000, 27, 0.29324621, 0.94283992, -0.16596721, -5.42184925, -3.93051839, -4.84426260, -39.34521866, 49.22537231, -35.07746124, -3.00323129, 2.62474632, 7.76063871, 1.00000000, 0.00000000, 0.00000000, 0.00000000, -0.03631617, 0.03435484, 0.00012853, 101.53300476, -17.30038643, 35.05999756, 0.00000000
4, 0.2025, 28, 0.28966203, 0.94385779, -0.16925114, -4.22474194, -2.82753205, -4.64043522, -39.34521866, 49.22537231, -35.07746124, -3.01219583, 2.61238194, 7.76816368, 1.00000000, 0.00000000, 0.00000000, 0.00000000, -0.03268240, 0.03753912, 0.00095304, 101.53300476, -17.30038643, 35.05999756, 0.00000000
2, 0.0500, 5, 0.84341019, 0.31380993, 0.09902933, 1.96814334, 4.72358465, -16.75109863, -37.70827103, 36.30517197, -59.92399979, 7.76211071, 17.55623245, -10.76787567, 0.98070109, -0.08088374, -0.14531013, 0.10280128, -0.02243280, 0.01290728, -0.11135643, 0.00000000, 0.00000000, 0.00000000, 0.00000000
2, 0.0600, 6, 0.86534619, 0.29803625, 0.08960707, 2.19550228, 7.65863562, -15.42562771, -37.70827103, 36.30517197, -59.92399979, 7.81128359, 17.39056778, -10.77542496, 0.98088688, -0.08119518, -0.14383999, 0.10285190, -0.05310924, 0.00798029, -0.10718566, 0.00000000, 0.00000000, 0.00000000, 0.00000000
2, 0.0700, 7, 0.89069682, 0.32162067, 0.07805764, 1.74587655, 3.67119145, -14.20938206, -37.91289139, 36.42210007, -59.77784348, 7.88014841, 17.25830650, -10.76026821, 0.98103154, -0.08167076, -0.14265449, 0.10274678, -0.06501210, 0.03149479, -0.08248701, 0.00000000, 0.00000000, 0.00000000, 0.00000000
4, 0.2050, 29, 0.28731337, 0.94389039, -0.17169292, -3.45534492, -1.44743168, -4.56195879, -39.34521866, 49.22537231, -35.07746124, -3.02017498, 2.60067940, 7.77195883, 1.00000000, 0.00000000, 0.00000000, 0.00000000, -0.03048514, 0.04006863, 0.00093825, 101.53300476, -17.30038643, 35.05999756, 0.00000000
4, 0.2075, 30, 0.28472283, 0.93928361, -0.17334203, -2.47038126, -0.41169566, -4.49439955, -39.34521866, 49.22537231, -35.07746124, -3.02641416, 2.58948064, 7.77275038, 1.00000000, 0.00000000, 0.00000000, 0.00000000, -0.02904744, 0.04268000, -0.00372578, 101.53300476, -17.30038643, 35.05999756, 0.00000000
4, 0.2100, 31, 0.27806562, 0.93855363, -0.17372385, -1.91320097, 0.90005058, -4.48241186, -39.95907593, 49.48845291, -35.63285446, -3.03212857, 2.57875729, 7.77007532, 1.00000000, 0.00000000, 0.00000000, 0.00000000, -0.02286799, 0.04329477, -0.00577867, 101.53300476, -17.30038643, 35.05999756, 0.00000000
4, 0.2125, 32, 0.27375507, 0.93597990, -0.17278576, -1.21132636, 1.86837399, -4.54960108, -39.95907593, 49.48845291, -35.63285446, -3.03677750, 2.56818748, 7.76465797, 1.00000000, 0.00000000, 0.00000000, 0.00000000, -0.01941885, 0.04294911, -0.00934655, 101.53300476, -17.30038643, 35.05999756, 0.00000000
2, 0.0800, 8, 0.87310898, 0.32862771, 0.13443807, 3.83805633, -0.57115197, -12.67399025, -37.88365936, 36.48056030, -60.30400467, 7.88515997, 17.50184822, -10.80421257, 0.98065585, -0.08194371, -0.14470737, 0.10324287, -0.02086967, -0.00619320, -0.06734794, 0.00000000, 0.00000000, 0.00000000, 0.00000000
2, 0.0900, 9, 0.89205062, 0.33674449, 0.14595383, 5.97243595, -0.64879930, -11.59682560, -37.85442734, 36.50979233, -59.57322311, 7.98700476, 17.42083168, -10.80612564, 0.98069215, -0.08275947, -0.14391945, 0.10334945, -0.02000805, -0.00944153, -0.04307726, 0.00000000, 0.00000000, 0.00000000, 0.00000000
4, 0.2425, 33, 0.27412307, 0.95396280, -0.16974245, -1.85569000, 3.32365847, -9.39506149, -39.90061188, 48.99152374, -35.63285446, -2.65569782, 2.41055775, 7.70450830, 1.00000000, 0.00000000, 0.00000000, 0.00000000, -0.01888324, 0.02988197, 0.00695421, 101.53300476, -17.30038643, 35.05999756, 0.00000000
4, 0.2450, 34, 0.27584910, 0.95286965, -0.16987723, -1.99332130, 2.84716654, -9.81959629, -39.90061188, 48.99152374, -35.63285446, -2.66345358, 2.38737893, 7.69519520, 1.00000000, 0.00000000, 0.00000000, 0.00000000, -0.02119727, 0.03035983, 0.00628936, 101.53300476, -17.30038643, 35.05999756, 0.00000000
4, 0.2475, 35, 0.27966905, 0.95312268, -0.17035836, -1.98640275, 2.02504253, -10.18374825, -40.36831284, 48.81613541, -35.36977386, -2.67072225, 2.36298776, 7.68775177, 1.00000000, 0.00000000, 0.00000000, 0.00000000, -0.02528169, 0.03091087, 0.00742596, 101.53300476, -17.30038643, 35.05999756, 0.00000000
4, 0.2500, 36, 0.27869517, 0.95014316, -0.16637249, -2.05152178, 1.34069681, -10.54383945, -40.36831284, 48.81613541, -35.36977386, -2.67775559, 2.33746004, 7.68187094, 1.00000000, 0.00000000, 0.00000000, 0.00000000, -0.02556311, 0.02769396, 0.00360186, 101.53300476, -17.30038643, 35.05999756, 0.00000000
4, 0.2525, 37, 0.27722430, 0.94779092, -0.16372083, -2.11930060, 1.00230956, -10.96735191, -40.36831284, 48.81613541, -35.36977386, -2.68478894, 2.31075764, 7.67670393, 1.00000000, 0.00000000, 0.00000000, 0.00000000, -0.02519329, 0.02566626, 0.00052233, 101.53300476, -17.30038643, 35.05999756, 0.00000000
4, 0.2550, 38, 0.27623799, 0.94366205, -0.16463017, -2.25489116, 0.24772547, -11.25741100, -40.36831284, 48.81613541, -35.36977386, -2.69171023, 2.28306699, 7.67333698, 1.00000000, 0.00000000, 0.00000000, 0.00000000, -0.02554065, 0.02747225, -0.00349034, 101.53300476, -17.30038643, 35.05999756, 0.00000000
4, 0.2575, 39, 0.27747861, 0.93912840, -0.16261473, -2.46237516, -0.36687046, -11.68296814, -40.36831284, 48.81613541, -35.36977386, -2.69880271, 2.25410390, 7.67141008, 1.00000000, 0.00000000, 0.00000000, 0.00000000, -0.02829031, 0.02648847, -0.00796402, 101.53300476, -17.30038643, 35.05999756, 0.00000000
2, 0.1000, 10, 0.89899105, 0.34596834, 0.14873977, 8.90266132, -2.72881794, -11.56553364, -38.14673996, 36.83133698, -60.33323669, 8.11609364, 17.35580826, -10.81896305, 0.98067558, -0.08383358, -0.14323595, 0.10358991, -0.01916679, -0.00719933, -0.03226721, 0.00000000, 0.00000000, 0.00000000, 0.00000000
2, 0.1100, 11, 0.89816839, 0.34903416, 0.16588888, 12.64101028, -4.13349199, -11.22039795, -38.14673996, 36.83133698, -60.33323669, 8.26893902, 17.30607224, -10.85418034, 0.98059881, -0.08514974, -0.14264500, 0.10405758, -0.00899298, -0.02010364, -0.02374559, 0.00000000, 0.00000000, 0.00000000, 0.00000000
2, 0.1200, 12, 0.91058958, 0.34850204, 0.17274651, 15.64839745, -4.96861410, -10.58103180, -38.05904770, 36.80210495, -60.01169205, 8.43652916, 17.26984406, -10.91036987, 0.98047137, -0.08662748, -0.14213955, 0.10472848, -0.01456126, -0.02817070, -0.01137141, 0.00000000, 0.00000000, 0.00000000, 0.00000000
4, 0.2600, 40, 0.27773407, 0.93385994, -0.16036591, -2.81229520, -0.91282153, -12.10421181, -39.28675842, 49.04998398, -34.93130493, -2.70645714, 2.22391105, 7.67085838, 1.00000000, 0.00000000, 0.00000000, 0.00000000, -0.03026265, 0.02542632, -0.01339661, 101.53300476, -17.30038643, 35.05999756, 0.00000000
4, 0.2625, 41, 0.27651948, 0.92781377, -0.15483467, -2.94617414, -1.87321270, -12.46786499, -39.28675842, 49.04998398, -34.93130493, -2.71388364, 2.19246507, 7.67256403, 1.00000000, 0.00000000, 0.00000000, 0.00000000, -0.03111799, 0.02128798, -0.02050462, 101.53300476, -17.30038643, 35.05999756, 0.00000000
4, 0.2650, 42, 0.27825263, 0.92425460, -0.15280594, -3.43696404, -2.55853581, -12.81883240, -39.28675842, 49.04998398, -34.93130493, -2.72210956, 2.15991521, 7.67607594, 1.00000000, 0.00000000, 0.00000000, 0.00000000, -0.03420780, 0.02012407, -0.02394198, 101.53300476, -17.30038643, 35.05999756, 0.00000000
2, 0.1300, 13, 0.91238624, 0.34476769, 0.18080629, 17.38096428, -7.30331659, -10.20775700, -38.61444092, 37.00672150, -59.54399109, 8.17924786, 17.43867302, -11.14163017, 0.98021990, -0.08483832, -0.14365105, 0.10646982, -0.01326834, -0.03775908, -0.00792067, 0.00000000, 0.00000000, 0.00000000, 0.00000000
2, 0.1400, 14, 0.90219760, 0.33239260, 0.19004902, 17.95742226, -9.01358509, -8.69609928, -38.70213318, 37.09441757, -60.15784836, 8.37432861, 17.44423485, -11.19836521, 0.98001349, -0.08658208, -0.14347443, 0.10720222, -0.00646099, -0.05054302, -0.01709264, 0.00000000, 0.00000000, 0.00000000, 0.00000000
2, 0.1500, 15, 0.88687712, 0.31096935, 0.17910047, 16.62436676, -10.72767162, -6.16768408, -38.55597687, 37.15287781, -60.62554932, 8.56074047, 17.47877884, -11.24310017, 0.97978175, -0.08825785, -0.14356147, 0.10783565, -0.01359379, -0.06021012, -0.04321696, 0.00000000, 0.00000000, 0.00000000, 0.00000000
2, 0.1600, 16, 0.84959412, 0.30861598, 0.18247627, 14.08779716, -12.13132858, -4.72372341, -38.55597687, 37.15287781, -60.62554932, 8.73796463, 17.53044701, -11.26434612, 0.97955263, -0.08983803, -0.14382058, 0.10826625, 0.01194141, -0.06724715, -0.07040109, 0.00000000, 0.00000000, 0.00000000, 0.00000000
2, 0.1700, 17, 0.83270276, 0.32040417, 0.17756911, 13.32396507, -10.96527576, -4.09003448, -38.58520889, 36.94826126, -61.15171051, 8.89953327, 17.57931137, -11.28866386, 0.97933412, -0.09128585, -0.14406702, 0.10870293, 0.02782122, -0.05832925, -0.07906140, 0.00000000, 0.00000000, 0.00000000, 0.00000000
2, 0.1800, 18, 0.84760761, 0.32676354, 0.15057112, 14.00361633, -10.30937481, -4.42170572, -38.38058853, 37.41595840, -60.80093384, 8.80759335, 17.75320435, -11.41921806, 0.97904015, -0.09079519, -0.14554045, 0.10979453, 0.00897757, -0.03573639, -0.07607540, 0.00000000, 0.00000000, 0.00000000, 0.00000000
2, 0.2500, 19, 0.83782393, 0.35047445, 0.13066556, 30.66648102, -7.64388752, -0.95205867, -37.44519043, 36.65594864, -62.58403778, 9.97409058, 18.46028137, -12.29718494, 0.97616547, -0.10242631, -0.14968364, 0.11918373, 0.03140927, -0.02018509, -0.07414524, 0.00000000, 0.00000000, 0.00000000, 0.00000000
4, 0.4075, 43, 0.18117480, 0.78078401, -0.11416037, -5.90934181, -12.45088100, -15.80810642, -41.12832642, 48.55305481, -34.58053207, -3.07122540, 1.06981373, 9.29092407, 1.00000000, 0.00000000, 0.00000000, 0.00000000, 0.00996572, 0.01582840, -0.18969908, 101.53300476, -17.30038643, 35.05999756, 0.00000000
4, 0.4100, 44, 0.18437423, 0.78470170, -0.11544778, -5.55716419, -12.17970753, -15.46172714, -41.12832642, 48.55305481, -34.58053207, -3.07950091, 1.02743936, 9.31815338, 1.00000000, 0.00000000, 0.00000000, 0.00000000, 0.00697428, 0.01648530, -0.18502411, 101.53300476, -17.30038643, 35.05999756, 0.00000000
4, 0.4125, 45, 0.18412511, 0.78714371, -0.11590384, -5.20491409, -11.90742874, -15.18512630, -41.91756821, 48.37766647, -34.81438065, -3.08705854, 0.98583066, 9.34464264, 1.00000000, 0.00000000, 0.00000000, 0.00000000, 0.00702194, 0.01659684, -0.18265605, 101.53300476, -17.30038643, 35.05999756, 0.00000000
2, 0.2600, 20, 0.86166561, 0.35103187, 0.13828605, 33.12095642, -6.86336422, -0.63724554, -37.44519043, 36.65594864, -62.58403778, 10.16308594, 18.53936005, -12.51301384, 0.97565204, -0.10438170, -0.14996611, 0.12131640, 0.02136116, -0.02835635, -0.05147225, 0.00000000, 0.00000000, 0.00000000, 0.00000000
2, 0.2700, 21, 0.87119615, 0.34693593, 0.14297670, 36.04099274, -8.12448692, 0.60975695, -38.23443222, 37.24057388, -62.73019409, 10.36533928, 18.64040565, -12.74781227, 0.97506547, -0.10649359, -0.15039676, 0.12364174, 0.01680858, -0.03768816, -0.04304634, 0.00000000, 0.00000000, 0.00000000, 0.00000000
2, 0.2800, 22, 0.85788631, 0.32205173, 0.13366441, 34.60615158, -11.73229313, 1.43911123, -38.11750793, 37.41595840, -62.70096207, 10.25382328, 18.93822670, -13.08490372, 0.97435528, -0.10624030, -0.15274745, 0.12654294, 0.00954074, -0.04977465, -0.06788486, 0.00000000, 0.00000000, 0.00000000, 0.00000000
2, 0.2900, 23, 0.85192096, 0.31423897, 0.10434005, 32.91894913, -13.52000332, 1.12163734, -38.02981567, 35.10669327, -62.37942123, 10.47976017, 19.07102203, -13.26331520, 0.97374392, -0.10851258, -0.15346164, 0.12844205, -0.00175342, -0.03298138, -0.08779950, 0.00000000, 0.00000000, 0.00000000, 0.00000000
2, 0.3000, 24, 0.85813725, 0.28907123, 0.08161183, 30.89940643, -14.05043221, 1.81878054, -37.56211472, 37.09441757, -62.49634552, 10.69717216, 19.21032906, -13.42429924, 0.97314155, -0.11069576, -0.15425004, 0.13018797, -0.02925179, -0.03692304, -0.10378218, 0.00000000, 0.00000000, 0.00000000, 0.00000000
4, 0.4150, 46, 0.18412511, 0.78714371, -0.11590384, -5.20491409, -11.90742874, -15.18512630, -41.91756821, 48.37766647, -34.81438065, -3.09463882, 0.94422799, 9.37112141, 1.00000000, 0.00000000, 0.00000000, 0.00000000, 0.00629600, 0.01672959, -0.18266124, 101.53300476, -17.30038643, 35.05999756, 0.00000000
4, 0.4175, 47, 0.18474032, 0.79625803, -0.11444116, -4.57405043, -11.09488678, -14.13686466, -41.91756821, 48.37766647, -34.81438065, -3.10104895, 0.90549451, 9.39568615, 1.00000000, 0.00000000, 0.00000000, 0.00000000, 0.00686905, 0.01365785, -0.17407012, 101.53300476, -17.30038643, 35.05999756, 0.00000000
4, 0.4200, 48, 0.18474032, 0.79625803, -0.11444116, -4.57405043, -11.09488678, -14.13686466, -41.91756821, 48.37766647, -34.81438065, -3.10747576, 0.86675966, 9.42023087, 1.00000000, 0.00000000, 0.00000000, 0.00000000, 0.00619310, 0.01377045, -0.17407456, 101.53300476, -17.30038643, 35.05999756, 0.00000000
4, 0.4225, 49, 0.18758436, 0.80568624, -0.10919023, -4.36132050, -11.17331314, -13.51467991, -41.91756821, 48.37766647, -34.81438065, -3.11328626, 0.82954019, 9.44506168, 1.00000000, 0.00000000, 0.00000000, 0.00000000, 0.00452565, 0.00691022, -0.16541567, 101.53300476, -17.30038643, 35.05999756, 0.00000000
4, 0.4250, 50, 0.18906058, 0.81153220, -0.10911183, -4.29197550, -11.04294109, -13.02520084, -41.50833130, 48.61151505, -34.63899231, -3.11897326, 0.79357207, 9.46972466, 1.00000000, 0.00000000, 0.00000000, 0.00000000, 0.00367760, 0.00581140, -0.15951350, 101.53300476, -17.30038643, 35.05999756, 0.00000000
4, 0.4275, 51, 0.19277154, 0.81377482, -0.10383280, -4.43368149, -11.11776161, -12.67453384, -41.50833130, 48.61151505, -34.63899231, -3.12493157, 0.75845098, 9.49475574, 1.00000000, 0.00000000, 0.00000000, 0.00000000, -0.00030695, 0.00030445, -0.15756288, 101.53300476, -17.30038643, 35.05999756, 0.00000000
4, 0.4300, 52, 0.19302236, 0.82188910, -0.10055362, -4.35920143, -11.60481453, -12.40583420, -41.50833130, 48.61151505, -34.63899231, -3.29228091, 0.74305576, 9.46521187, 1.00000000, 0.00000000, 0.00000000, 0.00000000, 0.00074543, -0.00155427, -0.15018411, 101.53300476, -17.30038643, 35.05999756, 0.00000000
2, 0.3100, 25, 0.83201396, 0.27012116, 0.08165570, 27.69510078, -16.08389091, 2.37116337, -37.56211472, 37.09441757, -62.49634552, 10.91388512, 19.36186981, -13.54847431, 0.97255498, -0.11283496, -0.15517284, 0.13163081, -0.02026989, -0.05320546, -0.13111702, 0.00000000, 0.00000000, 0.00000000, 0.00000000
2, 0.3200, 26, 0.75305474, 0.28094348, 0.07811585, 24.02099037, -12.88183880, 3.40976310, -38.23443222, 37.94212341, -63.89944458, 11.08512402, 19.49840355, -13.66684437, 0.97203624, -0.11456797, -0.15602070, 0.13295570, 0.03782524, -0.04624992, -0.18591481, 0.00000000, 0.00000000, 0.00000000, 0.00000000
2, 0.3300, 27, 0.77626705, 0.32791001, 0.07554882, 20.50998497, -7.70685148, 4.03291416, -37.97135162, 37.70827103, -63.81174850, 11.29008579, 19.58286285, -13.75294399, 0.97159737, -0.11649774, -0.15641432, 0.13402076, 0.04921515, -0.01469328, -0.14592214, 0.00000000, 0.00000000, 0.00000000, 0.00000000
2, 0.3400, 28, 0.80606008, 0.34497249, 0.10365576, 18.67472458, -8.62791538, 5.98185110, -38.17597198, 37.21134186, -64.13329315, 11.39174557, 19.70835876, -13.86360645, 0.97116613, -0.11762170, -0.15725012, 0.13518146, 0.05538584, -0.02637811, -0.10156615, 0.00000000, 0.00000000, 0.00000000, 0.00000000
2, 0.3500, 29, 0.81369662, 0.33125353, 0.11450908, 14.35562897, -9.78323364, 8.68885803, -38.17597198, 37.21134186, -64.13329315, 11.46867371, 19.85597038, -13.94100475, 0.97076142, -0.11851107, -0.15833540, 0.13604200, 0.05069964, -0.04490590, -0.09641728, 0.00000000, 0.00000000, 0.00000000, 0.00000000
2, 0.3600, 30, 0.82401603, 0.33735725, 0.09868040, 7.79525805, -8.87838173, 9.57420444, -37.41595840, 36.48056030, -63.54866791, 11.50780773, 19.99572372, -13.97504330, 0.97045738, -0.11901399, -0.15944247, 0.13647839, 0.04156116, -0.02984335, -0.09169942, 0.00000000, 0.00000000, 0.00000000, 0.00000000
2, 0.3700, 31, 0.86149073, 0.35204151, 0.08870547, 2.22651315, -9.97320461, 9.20186901, -38.02981567, 37.32826614, -64.27944946, 11.53645515, 20.13031578, -13.95681763, 0.97023314, -0.11935064, -0.16057201, 0.13645455, 0.02233601, -0.01288923, -0.05981893, 0.00000000, 0.00000000, 0.00000000, 0.00000000
4, 0.4875, 53, 0.17321320, 0.84390330, -0.08198179, -12.33230305, -16.83184814, -14.42399979, -41.59602356, 46.24378967, -33.76205826, -4.07030535, -0.14137043, 10.29820633, 1.00000000, 0.00000000, 0.00000000, 0.00000000, 0.00851437, -0.01044864, -0.13599606, 101.53300476, -17.30038643, 35.05999756, 0.00000000
4, 0.4900, 54, 0.16766280, 0.84379482, -0.08320838, -12.40809441, -16.21017265, -14.48081875, -42.44372940, 48.26074219, -32.97281647, -4.09370947, -0.18181480, 10.33987617, 1.00000000, 0.00000000, 0.00000000, 0.00000000, 0.01325845, -0.00881658, -0.13702424, 101.53300476, -17.30038643, 35.05999756, 0.00000000
4, 0.4925, 55, 0.15878859, 0.84256774, -0.08298880, -12.34253883, -15.51919556, -14.53940868, -42.44372940, 48.26074219, -32.97281647, -4.11736012, -0.22217044, 10.37984371, 1.00000000, 0.00000000, 0.00000000, 0.00000000, 0.02095751, -0.00838524, -0.14010474, 101.53300476, -17.30038643, 35.05999756, 0.00000000
4, 0.4950, 56, 0.15114114, 0.84027976, -0.08522207, -12.27698517, -14.82822227, -14.59799480, -42.44372940, 48.26074219, -32.97281647, -4.14123631, -0.26245531, 10.41810703, 1.00000000, 0.00000000, 0.00000000, 0.00000000, 0.02733758, -0.00533912, -0.14347976, 101.53300476, -17.30038643, 35.05999756, 0.00000000
2, 0.3800, 32, 0.86229801, 0.37677255, 0.07477909, -3.17427802, -9.48183441, 9.56299400, -37.56211472, 37.56211472, -64.54253387, 12.10691738, 20.12407875, -13.65451908, 0.96999574, -0.12375162, -0.16016471, 0.13468935, 0.02990184, 0.01177770, -0.05250080, 0.00000000, 0.00000000, 0.00000000, 0.00000000
2, 0.3900, 33, 0.88843799, 0.36872542, 0.07122180, -1.70442200, -9.06393242, 13.55443096, -37.79596710, 37.38673019, -64.19175720, 12.08710384, 20.28232384, -13.62274837, 0.96979827, -0.12367450, -0.16156772, 0.13450627, 0.00730078, 0.00230871, -0.03645395, 0.00000000, 0.00000000, 0.00000000, 0.00000000
2, 0.4000, 34, 0.89738953, 0.33839470, 0.07495970, -1.14383829, -6.30276728, 17.21625328, -37.79596710, 37.38673019, -64.19175720, 12.02516651, 20.45546532, -13.62442780, 0.96958071, -0.12330031, -0.16311044, 0.13455629, -0.01068715, -0.02014265, -0.04166070, 0.00000000, 0.00000000, 0.00000000, 0.00000000
4, 0.4975, 57, 0.14744411, 0.83565682, -0.08577442, -11.92593956, -14.34240341, -14.73625851, -42.44372940, 48.26074219, -32.97281647, -4.16455173, -0.30292243, 10.45496845, 1.00000000, 0.00000000, 0.00000000, 0.00000000, 0.02929691, -0.00350474, -0.14856517, 101.53300476, -17.30038643, 35.05999756, 0.00000000
4, 0.5000, 58, 0.14177313, 0.83286256, -0.08654851, -12.07089138, -13.92558956, -14.93492985, -42.44372940, 48.26074219, -32.97281647, -4.18846607, -0.34373918, 10.49087238, 1.00000000, 0.00000000, 0.00000000, 0.00000000, 0.03357092, -0.00179290, -0.15227573, 101.53300476, -17.30038643, 35.05999756, 0.00000000
4, 0.5025, 59, 0.13599035, 0.83000833, -0.08305347, -11.71835041, -13.64889240, -14.93744850, -42.03449249, 47.76381302, -33.06050873, -4.21169376, -0.38448113, 10.52592182, 1.00000000, 0.00000000, 0.00000000, 0.00000000, 0.03776801, -0.00427154, -0.15686786, 101.53300476, -17.30038643, 35.05999756, 0.00000000
4, 0.5050, 60, 0.12812211, 0.82576382, -0.07604066, -11.64788055, -13.57865524, -15.00747681, -42.03449249, 47.76381302, -33.06050873, -4.23481226, -0.42535952, 10.56075859, 1.00000000, 0.00000000, 0.00000000, 0.00000000, 0.04356468, -0.00993790, -0.16389695, 101.53300476, -17.30038643, 35.05999756, 0.00000000
2, 0.4100, 35, 0.92776585, 0.29569325, 0.04956428, -6.19867516, -7.51129913, 19.51110268, -37.79596710, 37.35749817, -64.39637756, 11.93942833, 20.64607430, -13.58541489, 0.96940517, -0.12268115, -0.16487283, 0.13423820, -0.06431548, -0.02914435, -0.04950212, 0.00000000, 0.00000000, 0.00000000, 0.00000000
4, 0.5075, 61, 0.09735666, 0.81794035, -0.05811619, -11.94142246, -12.33672905, -15.04829121, -42.03449249, 47.76381302, -33.06050873, -4.25929546, -0.46593684, 10.59274769, 1.00000000, 0.00000000, 0.00000000, 0.00000000, 0.07053883, -0.02560285, -0.18128909, 101.53300476, -17.30038643, 35.05999756, 0.00000000
4, 0.5100, 62, 0.10372879, 0.81826460, -0.07225811, -12.45982170, -9.57793808, -15.05657864, -42.03449249, 47.76381302, -33.06050873, -4.28647041, -0.50567669, 10.61833572, 1.00000000, 0.00000000, 0.00000000, 0.00000000, 0.06426730, -0.01131325, -0.17692623, 101.53300476, -17.30038643, 35.05999756, 0.00000000
4, 0.5475, 63, 0.14710085, 0.86988503, -0.06873158, -8.82115936, -12.73628426, -11.21389961, -43.20374298, 48.37766647, -32.79742813, -5.21997976, -1.62656689, 10.98026562, 1.00000000, 0.00000000, 0.00000000, 0.00000000, 0.01300867, -0.00847400, -0.11712047, 101.53300476, -17.30038643, 35.05999756, 0.00000000
4, 0.5500, 64, 0.15177722, 0.87636590, -0.07034985, -7.89959908, -12.74521542, -10.53587246, -43.20374298, 48.37766647, -32.79742813, -5.23461008, -1.65567946, 11.01289082, 1.00000000, 0.00000000, 0.00000000, 0.00000000, 0.00935661, -0.00787614, -0.10956705, 101.53300476, -17.30038643, 35.05999756, 0.00000000
2, 0.4200, 36, 0.93055081, 0.26595935, 0.05242489, -16.20102882, -9.60715675, 20.32828140, -37.50365448, 37.24057388, -64.22098541, 11.82790089, 20.83964157, -13.45622730, 0.96935421, -0.12171402, -0.16678558, 0.13311915, -0.07797508, -0.04962403, -0.05949470, 0.00000000, 0.00000000, 0.00000000, 0.00000000
4, 0.5525, 65, 0.15423487, 0.88126570, -0.07223501, -7.26385736, -12.47670364, -9.98623657, -43.02835464, 48.66997910, -32.53434753, -5.24776649, -1.68337786, 11.04467201, 1.00000000, 0.00000000, 0.00000000, 0.00000000, 0.00757635, -0.00673863, -0.10395614, 101.53300476, -17.30038643, 35.05999756, 0.00000000
4, 0.5550, 66, 0.16319685, 0.89130092, -0.08392854, -6.34790421, -11.79813766, -9.15593815, -43.02835464, 48.66997910, -32.53434753, -5.25891113, -1.70887733, 11.07452393, 1.00000000, 0.00000000, 0.00000000, 0.00000000, 0.00095811, 0.00300502, -0.09019847, 101.53300476, -17.30038643, 35.05999756, 0.00000000
4, 0.5575, 67, 0.16392428, 0.89476556, -0.08778623, -5.43009377, -11.32316780, -8.53879261, -43.02835464, 48.66997910, -32.53434753, -5.26796770, -1.73276246, 11.10288906, 1.00000000, 0.00000000, 0.00000000, 0.00000000, 0.00071482, 0.00628268, -0.08597139, 101.53300476, -17.30038643, 35.05999756, 0.00000000
4, 0.5600, 68, 0.16722856, 0.89962965, -0.09577113, -4.44024563, -10.98597717, -7.92570829, -43.02835464, 48.66997910, -32.53434753, -5.27469969, -1.75507188, 11.13006020, 1.00000000, 0.00000000, 0.00000000, 0.00000000, -0.00155609, 0.01330200, -0.07908313, 101.53300476, -17.30038643, 35.05999756, 0.00000000
2, 0.4300, 37, 0.96615291, 0.23932245, 0.07455363, -28.99832535, -13.97443867, 21.35855293, -37.06518555, 37.62057877, -63.40251160, 10.93676090, 22.16027832, -13.55501842, 0.96790516, -0.11544341, -0.17893356, 0.13347344, -0.09679388, -0.07834247, -0.03346356, 0.00000000, 0.00000000, 0.00000000, 0.00000000
4, 0.5625, 69, 0.16783623, 0.90380442, -0.09815558, -3.30850697, -10.64846134, -7.31566620, -43.02835464, 48.66997910, -32.53434753, -5.27875137, -1.77583730, 11.15594769, 1.00000000, 0.00000000, 0.00000000, 0.00000000, -0.00153956, 0.01491060, -0.07448626, 101.53300476, -17.30038643, 35.05999756, 0.00000000
4, 0.5650, 70, 0.16658941, 0.90715629, -0.10274860, -2.53572035, -9.75778294, -6.82741117, -43.26220322, 46.00993729, -32.30049515, -5.28125048, -1.79519331, 11.17939377, 1.00000000, 0.00000000, 0.00000000, 0.00000000, 0.00023139, 0.01881790, -0.07066339, 101.53300476, -17.30038643, 35.05999756, 0.00000000
4, 0.5675, 71, 0.16177975, 0.90995711, -0.10296016, -1.68925679, -9.21179581, -6.34703112, -43.26220322, 46.00993729, -32.30049515, -5.28188992, -1.81325817, 11.20115471, 1.00000000, 0.00000000, 0.00000000, 0.00000000, 0.00521062, 0.01849838, -0.06895443, 101.53300476, -17.30038643, 35.05999756, 0.00000000
2, 0.4400, 38, 0.97202545, 0.31118387, 0.06643672, -38.18754578, -17.79178619, 20.88829994, -37.21134186, 37.29903412, -63.98713684, 10.81293297, 22.37635040, -13.20031548, 0.96805722, -0.11402020, -0.18126453, 0.13041447, -0.04788548, -0.01103576, 0.00613172, 0.00000000, 0.00000000, 0.00000000, 0.00000000
4, 0.5700, 72, 0.15351209, 0.91193920, -0.10574774, -0.91818142, -8.11531258, -5.78518343, -43.26220322, 46.00993729, -32.30049515, -5.28107357, -1.82968235, 11.21998405, 1.00000000, 0.00000000, 0.00000000, 0.00000000, 0.01353066, 0.02083891, -0.06828897, 101.53300476, -17.30038643, 35.05999756, 0.00000000
4, 0.5800, 73, 0.13843091, 0.90401310, -0.12319033, 1.48509920, -6.93064404, -6.23395205, -42.82373428, 45.39608383, -32.18357086, -4.88605261, -2.23577237, 11.25935936, 1.00000000, 0.00000000, 0.00000000, 0.00000000, 0.02023440, 0.03259284, -0.07619987, 101.53300476, -17.30038643, 35.05999756, 0.00000000
4, 0.5825, 74, 0.13153847, 0.89715177, -0.12060313, 1.84393942, -7.40820456, -6.52957249, -42.82373428, 45.39608383, -32.18357086, -4.87893820, -2.25410509, 11.27470684, 1.00000000, 0.00000000, 0.00000000, 0.00000000, 0.02510438, 0.03124522, -0.08473316, 101.53300476, -17.30038643, 35.05999756, 0.00000000
4, 0.5850, 75, 0.11860625, 0.89186251, -0.11751282, 1.70077205, -7.19609451, -6.87161541, -42.82373428, 45.39608383, -32.18357086, -4.87230110, -2.27322626, 11.28950977, 1.00000000, 0.00000000, 0.00000000, 0.00000000, 0.03616995, 0.02911054, -0.09314150, 101.53300476, -17.30038643, 35.05999756, 0.00000000
2, 0.4500, 39, 0.99397290, 0.35929459, 0.10451567, -37.89080429, -18.96255112, 19.87508392, -37.21134186, 37.29903412, -63.98713684, 10.70723343, 22.59218788, -12.83711624, 0.96818739, -0.11272332, -0.18357405, 0.12730838, -0.01241687, -0.00407647, 0.06371945, 0.00000000, 0.00000000, 0.00000000, 0.00000000
4, 0.5875, 76, 0.10579123, 0.88757646, -0.11648319, 1.55283213, -6.36103773, -7.34177589, -42.82373428, 45.39608383, -32.18357086, -4.86643791, -2.29328442, 11.30225658, 1.00000000, 0.00000000, 0.00000000, 0.00000000, 0.04739931, 0.02881913, -0.10017492, 101.53300476, -17.30038643, 35.05999756, 0.00000000
4, 0.5900, 77, 0.10243479, 0.88152808, -0.12827809, 1.47940564, -5.93522406, -8.10020351, -42.82373428, 45.39608383, -32.18357086, -4.86100912, -2.31510425, 11.31379223, 1.00000000, 0.00000000, 0.00000000, 0.00000000, 0.04951346, 0.04145959, -0.10447307, 101.53300476, -17.30038643, 35.05999756, 0.00000000
4, 0.5925, 78, 0.09799020, 0.87524599, -0.13214703, 1.62467980, -6.26980877, -8.73761845, -42.82373428, 47.99766159, -32.44665146, -4.85514021, -2.33861470, 11.32590866, 1.00000000, 0.00000000, 0.00000000, 0.00000000, 0.05228768, 0.04635846, -0.11071231, 101.53300476, -17.30038643, 35.05999756, 0.00000000
4, 0.5950, 79, 0.08138022, 0.86899763, -0.12163072, 1.41078460, -6.05454731, -9.28747749, -42.82373428, 47.99766159, -32.44665146, -4.84994936, -2.36342025, 11.33745861, 1.00000000, 0.00000000, 0.00000000, 0.00000000, 0.06634195, 0.03714436, -0.12221055, 101.53300476, -17.30038643, 35.05999756, 0.00000000
4, 0.5975, 80, 0.07336588, 0.86669391, -0.12276653, 1.19306493, -5.35649109, -9.82843971, -42.82373428, 47.99766159, -32.44665146, -4.84564543, -2.38936639, 11.34729481, 1.00000000, 0.00000000, 0.00000000, 0.00000000, 0.07328274, 0.03862460, -0.12590533, 101.53300476, -17.30038643, 35.05999756, 0.00000000
4, 0.6000, 81, 0.07286293, 0.86310208, -0.12720636, 1.26029098, -4.79461861, -10.44780922, -42.82373428, 47.99766159, -32.44665146, -4.84146023, -2.41669917, 11.35557461, 1.00000000, 0.00000000, 0.00000000, 0.00000000, 0.07272667, 0.04359667, -0.12861067, 101.53300476, -17.30038643, 35.05999756, 0.00000000
4, 0.6025, 82, 0.06486030, 0.86146581, -0.12381934, 0.97545069, -4.57951880, -10.99614906, -42.82373428, 47.99766159, -32.44665146, -4.83813190, -2.44532514, 11.36332607, 1.00000000, 0.00000000, 0.00000000, 0.00000000, 0.07956400, 0.04052686, -0.13250683, 101.53300476, -17.30038643, 35.05999756, 0.00000000
2, 0.4600, 40, 0.98351932, 0.37418228, 0.12885760, -34.70909119, -21.37987900, 20.24924469, -36.77287292, 37.53288651, -63.95790482, 10.63082218, 22.83004761, -12.48497677, 0.96822345, -0.11169548, -0.18602087, 0.12435305, 0.01892387, -0.01008629, 0.07497925, 0.00000000, 0.00000000, 0.00000000, 0.00000000
2, 0.4700, 41, 0.94518673, 0.38725534, 0.11926015, -26.29408455, -19.15214539, 20.41199303, -36.45132828, 36.48056030, -63.60713196, 10.56521511, 23.06835747, -12.21552753, 0.96814716, -0.11088130, -0.18837477, 0.12211211, 0.05011449, 0.00719915, 0.04932170, 0.00000000, 0.00000000, 0.00000000, 0.00000000
4, 0.6200, 83, 0.07366181, 0.86692148, -0.10421912, 2.01881361, -1.57045913, -13.54614067, -42.20988083, 47.82227325, -32.15433884, -4.82009125, -2.67215490, 11.38157845, 1.00000000, 0.00000000, 0.00000000, 0.00000000, 0.06735084, 0.01991561, -0.12892023, 101.53300476, -17.30038643, 35.05999756, 0.00000000
4, 0.6225, 84, 0.07822750, 0.86483568, -0.10290036, 2.58378744, -1.22209287, -13.69150829, -42.20988083, 47.82227325, -32.15433884, -4.81444168, -2.70661807, 11.37959957, 1.00000000, 0.00000000, 0.00000000, 0.00000000, 0.06179851, 0.01892102, -0.13017258, 101.53300476, -17.30038643, 35.05999756, 0.00000000
4, 0.6250, 85, 0.08106664, 0.86105245, -0.10221557, 3.07883668, -1.01293564, -13.76812077, -42.20988083, 47.82227325, -32.15433884, -4.80766439, -2.74124050, 11.37683296, 1.00000000, 0.00000000, 0.00000000, 0.00000000, 0.05760039, 0.01885462, -0.13330334, 101.53300476, -17.30038643, 35.05999756, 0.00000000
2, 0.4800, 42, 0.95446742, 0.31711394, 0.12971228, -22.01085091, -18.77060699, 21.64617920, -36.42210007, 37.00672150, -63.75328827, 9.73843670, 23.26676369, -12.45395279, 0.96830869, -0.10444081, -0.19071762, 0.12287110, 0.01420547, -0.04390259, 0.02829763, 0.00000000, 0.00000000, 0.00000000, 0.00000000
2, 0.4900, 43, 0.92939591, 0.31139126, 0.09842996, -24.95848846, -21.86012077, 23.89615250, -35.74977875, 35.83747482, -63.43174362, 9.67717075, 23.55437851, -12.19316959, 0.96811467, -0.10370602, -0.19345896, 0.12071727, 0.01502206, -0.01458891, -0.00751905, 0.00000000, 0.00000000, 0.00000000, 0.00000000
4, 0.6275, 86, 0.08527000, 0.86147743, -0.09757002, 3.57428741, -0.87495875, -13.70644188, -42.20988083, 47.82227325, -32.15433884, -4.79972315, -2.77569103, 11.37346172, 1.00000000, 0.00000000, 0.00000000, 0.00000000, 0.05279215, 0.01407343, -0.13285163, 101.53300476, -17.30038643, 35.05999756, 0.00000000
4, 0.6300, 87, 0.08786967, 0.85790002, -0.09419872, 3.57188487, -0.60239059, -13.49201775, -43.34989548, 46.21455765, -32.47588348, -4.79325533, -3.50606298, 11.35405350, 1.00000000, 0.00000000, 0.00000000, 0.00000000, 0.03663661, 0.01128020, -0.13567194, 101.53300476, -17.30038643, 35.05999756, 0.00000000
4, 0.6325, 88, 0.09231988, 0.85395175, -0.09034259, 4.06773710, -0.53559393, -13.29205513, -43.34989548, 46.21455765, -32.47588348, -4.78411865, -3.53940582, 11.34969997, 1.00000000, 0.00000000, 0.00000000, 0.00000000, 0.03072275, 0.00809169, -0.13920774, 101.53300476, -17.30038643, 35.05999756, 0.00000000
4, 0.6350, 89, 0.06921180, 0.85006469, -0.06613709, 3.92133093, 0.01363605, -13.13928223, -43.34989548, 46.21455765, -32.47588348, -4.77555704, -3.57221961, 11.34411716, 1.00000000, 0.00000000, 0.00000000, 0.00000000, 0.05092038, -0.01507029, -0.15238193, 101.53300476, -17.30038643, 35.05999756, 0.00000000
2, 0.5000, 44, 0.97109264, 0.30378154, 0.11846824, -27.85060692, -17.90300369, 27.17234612, -35.74977875, 35.83747482, -63.43174362, 9.55418205, 23.84139061, -11.94526863, 0.96795291, -0.10245945, -0.19624403, 0.11856438, -0.00148636, -0.03258657, 0.03105957, 0.00000000, 0.00000000, 0.00000000, 0.00000000
4, 0.6375, 90, 0.08477546, 0.84921944, -0.10066003, 3.90322828, 2.28856373, -13.02755356, -43.34989548, 46.21455765, -32.47588348, -4.76786518, -3.60411406, 11.33303738, 1.00000000, 0.00000000, 0.00000000, 0.00000000, 0.03639702, 0.01883712, -0.14337577, 101.53300476, -17.30038643, 35.05999756, 0.00000000
4, 0.6400, 91, 0.10328673, 0.84329468, -0.09413286, 4.47406769, 1.87604284, -13.04734612, -43.34989548, 46.21455765, -32.47588348, -4.75859737, -3.63619924, 11.32264996, 1.00000000, 0.00000000, 0.00000000, 0.00000000, 0.01624482, 0.01340403, -0.14630525, 101.53300476, -17.30038643, 35.05999756, 0.00000000
4, 0.6425, 92, 0.10773800, 0.84359121, -0.08900078, 5.26871014, 0.00789279, -12.60993862, -43.23297119, 48.46535873, -32.70973206, -4.74662685, -3.66774893, 11.31649303, 1.00000000, 0.00000000, 0.00000000, 0.00000000, 0.01119862, 0.00809971, -0.14601456, 101.53300476, -17.30038643, 35.05999756, 0.00000000
4, 0.6650, 93, 0.11387795, 0.87529308, -0.09126135, 4.06250334, -0.15159979, -11.40037727, -43.23297119, 48.17304993, -32.47588348, -4.62653303, -3.92795253, 11.29406357, 1.00000000, 0.00000000, 0.00000000, 0.00000000, 0.00740465, 0.00212780, -0.11375548, 101.53300476, -17.30038643, 35.05999756, 0.00000000
4, 0.6675, 94, 0.12567414, 0.88351381, -0.10370816, 4.07357550, -1.52880394, -11.56536102, -42.79450226, 46.62379456, -32.53434753, -4.61685658, -3.95728326, 11.29249096, 1.00000000, 0.00000000, 0.00000000, 0.00000000, -0.00239771, 0.01259565, -0.10100061, 101.53300476, -17.30038643, 35.05999756, 0.00000000
4, 0.6700, 95, 0.13860409, 0.89695150, -0.10595910, 4.08326530, -2.77248573, -11.44868374, -42.79450226, 46.62379456, -32.53434753, -4.60670185, -3.98668194, 11.29395771, 1.00000000, 0.00000000, 0.00000000, 0.00000000, -0.01263327, 0.01204797, -0.08491278, 101.53300476, -17.30038643, 35.05999756, 0.00000000
4, 0.6725, 96, 0.15227398, 0.90917355, -0.10834736, 3.87586045, -3.54049039, -10.89986897, -42.79450226, 46.62379456, -32.53434753, -4.59675455, -4.01492500, 11.29755402, 1.00000000, 0.00000000, 0.00000000, 0.00000000, -0.02382061, 0.01187179, -0.06980763, 101.53300476, -17.30038643, 35.05999756, 0.00000000
2, 0.5100, 45, 0.99518085, 0.31717828, 0.10518814, -30.63803864, -17.60641289, 31.45292854, -35.45746994, 37.18210983, -63.54866791, 9.39281750, 24.15774918, -11.69157124, 0.96776420, -0.10088858, -0.19931629, 0.11630602, -0.01173643, -0.01106181, 0.05155820, 0.00000000, 0.00000000, 0.00000000, 0.00000000
4, 0.6750, 97, 0.16050757, 0.92388541, -0.11485590, 4.01942921, -3.82378125, -10.41953659, -42.79450226, 46.62379456, -32.53434753, -4.58629942, -4.04206419, 11.30189705, 1.00000000, 0.00000000, 0.00000000, 0.00000000, -0.02898731, 0.01525319, -0.05270549, 101.53300476, -17.30038643, 35.05999756, 0.00000000
2, 0.5200, 46, 1.04528129, 0.31809622, 0.09022231, -29.55376625, -19.17742348, 34.28904724, -35.04823303, 36.77287292, -63.49020767, 9.23016834, 24.50800514, -11.44705963, 0.96748888, -0.09933443, -0.20266157, 0.11413264, -0.04630430, 0.00355725, 0.08524294, 0.00000000, 0.00000000, 0.00000000, 0.00000000
4, 0.6775, 98, 0.16013192, 0.93958157, -0.11379541, 4.29723883, -3.14115644, -9.92445087, -42.79450226, 46.62379456, -32.53434753, -4.57536411, -4.06779194, 11.30454350, 1.00000000, 0.00000000, 0.00000000, 0.00000000, -0.02582248, 0.01100905, -0.03791864, 101.53300476, -17.30038643, 35.05999756, 0.00000000
4, 0.6800, 99, 0.17277384, 0.95323598, -0.13153787, 4.42926168, -1.97716713, -9.34764385, -43.84682846, 48.11458588, -32.56357574, -4.29581547, -3.71887708, 11.25052929, 1.00000000, 0.00000000, 0.00000000, 0.00000000, -0.02850925, 0.02098138, -0.01959123, 101.53300476, -17.30038643, 35.05999756, 0.00000000
4, 0.6825, 100, 0.17240112, 0.96515208, -0.13016118, 5.27660131, -1.57243669, -8.66047001, -43.84682846, 48.11458588, -32.56357574, -4.28288746, -3.74104738, 11.24906635, 1.00000000, 0.00000000, 0.00000000, 0.00000000, -0.02609059, 0.01711807, -0.00849537, 101.53300476, -17.30038643, 35.05999756, 0.00000000
4, 0.6850, 101, 0.16635875, 0.97924596, -0.12802908, 5.76353359, -0.48212793, -7.74363947, -43.84682846, 48.11458588, -32.56357574, -4.26908636, -3.76063991, 11.24495697, 1.00000000, 0.00000000, 0.00000000, 0.00000000, -0.01766267, 0.01208046, 0.00333223, 101.53300476, -17.30038643, 35.05999756, 0.00000000
2, 0.5300, 47, 0.99864864, 0.31359982, 0.08001780, -23.99027634, -18.04210091, 33.57830811, -34.81438065, 36.59748459, -63.31481934, 9.04488373, 24.97471619, -11.25523567, 0.96694100, -0.09775069, -0.20696276, 0.11241169, -0.01754542, 0.01091376, 0.04556746, 0.00000000, 0.00000000, 0.00000000, 0.00000000
2, 0.5400, 48, 1.00641727, 0.27171957, 0.06150988, -18.12713242, -15.42826557, 31.32626152, -34.34668350, 36.80210495, -63.69482422, 8.90832329, 25.29385948, -11.11917496, 0.96656764, -0.09656806, -0.20991305, 0.11116825, -0.04876832, -0.00090502, 0.02584517, 0.00000000, 0.00000000, 0.00000000, 0.00000000
2, 0.5500, 49, 0.96834022, 0.27233401, 0.05008006, -11.46129322, -9.88809013, 27.33480835, -34.34668350, 36.80210495, -63.69482422, 8.77280235, 25.55622292, -11.05982399, 0.96622199, -0.09549233, -0.21231401, 0.11054085, -0.02493479, 0.01027494, -0.00599246, 0.00000000, 0.00000000, 0.00000000, 0.00000000
2, 0.5600, 50, 0.99971819, 0.22659145, 0.04458142, -7.86693668, -4.32794809, 24.56517410, -34.63899231, 35.77901077, -63.51943970, 8.62021446, 25.76752663, -11.05634594, 0.96593213, -0.09434127, -0.21425132, 0.11032385, -0.07007380, -0.01431905, -0.00518228, 0.00000000, 0.00000000, 0.00000000, 0.00000000
4, 0.6875, 102, 0.17692463, 0.99352533, -0.13832317, 6.32352448, 0.33135605, -6.76363659, -43.84682846, 48.11458588, -32.56357574, -4.25410461, -3.77758121, 11.23884869, 1.00000000, 0.00000000, 0.00000000, 0.00000000, -0.02486597, 0.01918251, 0.02120863, 101.53300476, -17.30038643, 35.05999756, 0.00000000
4, 0.6900, 103, 0.19709142, 1.00569952, -0.15437013, 7.24993181, -0.29941520, -6.02727079, -43.84682846, 48.11458588, -32.56357574, -4.23653364, -3.79291582, 11.23397350, 1.00000000, 0.00000000, 0.00000000, 0.00000000, -0.04162626, 0.03228962, 0.04018943, 101.53300476, -17.30038643, 35.05999756, 0.00000000
4, 0.6925, 104, 0.20893395, 1.01501381, -0.14923435, 8.32806396, -2.17133331, -5.31682730, -43.72990417, 47.29611206, -32.82666016, -4.21555662, -3.80708599, 11.23328590, 1.00000000, 0.00000000, 0.00000000, 0.00000000, -0.05170107, 0.02509684, 0.05067550, 101.53300476, -17.30038643, 35.05999756, 0.00000000
4, 0.6950, 105, 0.21573105, 1.02075744, -0.14158832, 8.69182777, -3.42414355, -4.57973766, -43.72990417, 47.29611206, -32.82666016, -4.19316053, -3.81982565, 11.23566151, 1.00000000, 0.00000000, 0.00000000, 0.00000000, -0.05767288, 0.01610089, 0.05618688, 101.53300476, -17.30038643, 35.05999756, 0.00000000
2, 0.5700, 51, 1.02637911, 0.21177097, 0.05243662, -8.85143185, -1.85503352, 27.06925774, -33.93744659, 35.77901077, -63.19789505, 8.42694092, 25.98262405, -11.07035637, 0.96564633, -0.09288344, -0.21624473, 0.11017381, -0.08834302, -0.02719271, 0.01259350, 0.00000000, 0.00000000, 0.00000000, 0.00000000
4, 0.6975, 106, 0.20825548, 1.02331555, -0.12460341, 9.12092972, -3.98929405, -3.69189644, -43.72990417, 47.29611206, -32.82666016, -4.16942263, -3.83055615, 11.23941326, 1.00000000, 0.00000000, 0.00000000, 0.00000000, -0.05071615, -0.00147238, 0.05384266, 101.53300476, -17.30038643, 35.05999756, 0.00000000
4, 0.7000, 107, 0.19140574, 1.02407491, -0.11009094, 8.60220718, -1.31273103, -2.86409879, -43.72990417, 47.29611206, -32.82666016, -4.14787960, -3.83839464, 11.23719883, 1.00000000, 0.00000000, 0.00000000, 0.00000000, -0.03482686, -0.01623592, 0.04823511, 101.53300476, -17.30038643, 35.05999756, 0.00000000
2, 0.5800, 52, 1.09292710, 0.20818610, 0.04661621, -13.48356056, -3.18618727, 31.68262291, -34.11283112, 35.16515732, -62.70096207, 7.94678450, 27.21620941, -11.06170082, 0.96350628, -0.08965655, -0.22713019, 0.10967822, -0.12922664, -0.02048776, 0.06178435, 0.00000000, 0.00000000, 0.00000000, 0.00000000
2, 0.5900, 53, 1.10546684, 0.22768317, 0.03911290, -17.12131119, -8.40826225, 36.39671707, -34.11283112, 35.16515732, -62.70096207, 7.72092628, 27.53584862, -11.00288773, 0.96306407, -0.08785564, -0.23008674, 0.10885423, -0.11438566, 0.00586532, 0.08439444, 0.00000000, 0.00000000, 0.00000000, 0.00000000
2, 0.6000, 54, 1.07780147, 0.24903049, 0.05901144, -13.80663776, -6.73703861, 36.60788727, -34.20052719, 35.13592529, -63.08097076, 7.48763180, 27.85041809, -10.98490524, 0.96258861, -0.08607049, -0.23297291, 0.10834488, -0.06924249, 0.00967401, 0.08457565, 0.00000000, 0.00000000, 0.00000000, 0.00000000
4, 0.7150, 108, 0.15846653, 0.98423487, -0.12809265, 7.08851576, 1.33503592, -0.34030253, -43.72990417, 47.26688004, -32.56357574, -4.02111816, -3.85672021, 11.22801018, 1.00000000, 0.00000000, 0.00000000, 0.00000000, -0.01057757, 0.00687082, 0.00624148, 101.53300476, -17.30038643, 35.05999756, 0.00000000
4, 0.7175, 109, 0.15735827, 0.97123379, -0.13033903, 7.03330374, -0.58967698, -0.79305327, -42.94065857, 47.14995575, -33.06050873, -4.00354576, -3.85912943, 11.22546101, 1.00000000, 0.00000000, 0.00000000, 0.00000000, -0.01216929, 0.01126398, -0.00605822, 101.53300476, -17.30038643, 35.05999756, 0.00000000
4, 0.7200, 110, 0.14790472, 0.95827585, -0.11868447, 6.76598692, -2.65834427, -0.89488685, -42.94065857, 47.14995575, -33.06050873, -3.98589063, -3.86242390, 11.22805405, 1.00000000, 0.00000000, 0.00000000, 0.00000000, -0.00618388, 0.00200472, -0.02270237, 101.53300476, -17.30038643, 35.05999756, 0.00000000
2, 0.6100, 55, 1.06235075, 0.24580598, 0.05932165, -9.03913116, -1.77181721, 36.14311218, -34.02513885, 35.01900101, -62.75942612, 7.22668409, 28.13556099, -11.03871155, 0.96211892, -0.08418177, -0.23558174, 0.10835983, -0.05622797, 0.01139098, 0.07335731, 0.00000000, 0.00000000, 0.00000000, 0.00000000
2, 0.6200, 56, 1.06302536, 0.24919118, 0.05767425, -3.32287455, 1.52954328, 36.46994400, -33.44051361, 34.60976410, -62.43788147, 6.94835567, 28.40798759, -11.16524601, 0.96161062, -0.08229388, -0.23804739, 0.10893252, -0.05141181, 0.01936836, 0.07647248, 0.00000000, 0.00000000, 0.00000000, 0.00000000
4, 0.7225, 111, 0.14101787, 0.94822800, -0.11467524, 6.27825689, -3.76080561, -1.04414082, -42.94065857, 47.14995575, -33.06050873, -3.96906781, -3.86642671, 11.23352337, 1.00000000, 0.00000000, 0.00000000, 0.00000000, -0.00179524, -0.00029517, -0.03457371, 101.53300476, -17.30038643, 35.05999756, 0.00000000
4, 0.7250, 112, 0.13669819, 0.93938714, -0.11845578, 6.14295578, -4.51096964, -1.61331964, -42.94065857, 47.14995575, -33.06050873, -3.95235133, -3.87206411, 11.24071407, 1.00000000, 0.00000000, 0.00000000, 0.00000000, 0.00062887, 0.00482028, -0.04327752, 101.53300476, -17.30038643, 35.05999756, 0.00000000
4, 0.7275, 113, 0.12512060, 0.92791247, -0.11715373, 5.64775610, -4.56782389, -2.44130111, -42.94065857, 47.14995575, -33.06050873, -3.93691134, -3.87975621, 11.24807262, 1.00000000, 0.00000000, 0.00000000, 0.00000000, 0.00934759, 0.00547481, -0.05700489, 101.53300476, -17.30038643, 35.05999756, 0.00000000
4, 0.7300, 114, 0.11856269, 0.91807842, -0.12839147, 5.15091610, -4.41776466, -3.26546907, -42.94065857, 47.14995575, -33.06050873, -3.76372075, -4.10502958, 11.24481106, 1.00000000, 0.00000000, 0.00000000, 0.00000000, 0.01023158, 0.01536336, -0.06565733, 101.53300476, -17.30038643, 35.05999756, 0.00000000
4, 0.7325, 115, 0.11251174, 0.90853655, -0.13437888, 5.01058674, -4.47159338, -4.24061346, -43.29143524, 46.12686157, -32.65127182, -3.75006723, -4.11716127, 11.25169563, 1.00000000, 0.00000000, 0.00000000, 0.00000000, 0.01417758, 0.02283185, -0.07497629, 101.53300476, -17.30038643, 35.05999756, 0.00000000
4, 0.7350, 116, 0.10042673, 0.90272272, -0.13727275, 4.94214964, -4.66541052, -5.08026171, -43.29143524, 46.12686157, -32.65127182, -3.73658872, -4.13142920, 11.25882244, 1.00000000, 0.00000000, 0.00000000, 0.00000000, 0.02463572, 0.02655186, -0.08258602, 101.53300476, -17.30038643, 35.05999756, 0.00000000
4, 0.7375, 117, 0.09671570, 0.89805150, -0.14307180, 5.01258183, -4.51846886, -5.63747644, -43.29143524, 46.12686157, -32.65127182, -3.72302556, -4.14704132, 11.26538467, 1.00000000, 0.00000000, 0.00000000, 0.00000000, 0.02724808, 0.03290252, -0.08676616, 101.53300476, -17.30038643, 35.05999756, 0.00000000
4, 0.7400, 118, 0.09694600, 0.89546502, -0.14969371, 5.01480007, -4.71654272, -6.19952679, -43.29143524, 46.12686157, -32.65127182, -3.70943308, -4.16409731, 11.27224445, 1.00000000, 0.00000000, 0.00000000, 0.00000000, 0.02645536, 0.03966016, -0.08794964, 101.53300476, -17.30038643, 35.05999756, 0.00000000
4, 0.7425, 119, 0.09854460, 0.89548659, -0.15115595, 5.01836824, -5.12594652, -6.48627234, -43.29143524, 46.12686157, -32.65127182, -3.69572282, -4.18200684, 11.28000259, 1.00000000, 0.00000000, 0.00000000, 0.00000000, 0.02464631, 0.04085143, -0.08730648, 101.53300476, -17.30038643, 35.05999756, 0.00000000
4, 0.7450, 120, 0.09547827, 0.89649677, -0.14516744, 5.23276997, -5.33347464, -6.42486715, -44.31452560, 48.40689850, -32.85588837, -3.68140888, -4.19984102, 11.28818130, 1.00000000, 0.00000000, 0.00000000, 0.00000000, 0.02729785, 0.03453027, -0.08810811, 101.53300476, -17.30038643, 35.05999756, 0.00000000
4, 0.7475, 121, 0.10335247, 0.89803851, -0.15050785, 5.65774965, -5.26573563, -6.29316187, -44.31452560, 48.40689850, -32.85588837, -3.66605115, -4.21734238, 11.29597950, 1.00000000, 0.00000000, 0.00000000, 0.00000000, 0.01984242, 0.03920756, -0.08394256, 101.53300476, -17.30038643, 35.05999756, 0.00000000
4, 0.7500, 122, 0.10816486, 0.90190244, -0.14789045, 6.22563887, -5.33671808, -6.09725952, -44.31452560, 48.40689850, -32.85588837, -3.64924455, -4.23440266, 11.30371571, 1.00000000, 0.00000000, 0.00000000, 0.00000000, 0.01554652, 0.03560415, -0.07969761, 101.53300476, -17.30038643, 35.05999756, 0.00000000
2, 0.6300, 57, 1.11344314, 0.24025169, 0.06456289, 3.46393442, 1.19748676, 37.72116852, -33.14820099, 33.17743301, -62.87635040, 6.46754646, 28.88545036, -11.48282909, 0.96059781, -0.07926445, -0.24230081, 0.11072195, -0.08068793, 0.01354576, 0.11557820, 0.00000000, 0.00000000, 0.00000000, 0.00000000
2, 0.6400, 58, 1.16953206, 0.22728397, 0.08579808, 7.40253878, -3.02543855, 39.95346832, -33.14820099, 33.17743301, -62.87635040, 6.22465706, 29.22091484, -11.69244671, 0.95981538, -0.07792029, -0.24521233, 0.11204380, -0.10652488, -0.00413720, 0.16443339, 0.00000000, 0.00000000, 0.00000000, 0.00000000
4, 0.8225, 123, 0.27666137, 0.96985608, -0.13915241, 10.97182083, 20.92694283, 4.61054897, -43.46682358, 47.96842957, -33.90821457, -3.87130380, -2.15946078, 9.25062084, 1.00000000, 0.00000000, 0.00000000, 0.00000000, -0.09902605, 0.01798576, 0.01803412, 101.53300476, -17.30038643, 35.05999756, 0.00000000
4, 0.8250, 124, 0.26655743, 0.96411926, -0.13874939, 12.05030918, 19.21506119, 3.92794228, -43.46682358, 47.96842957, -33.90821457, -3.84959245, -2.14406443, 9.19878006, 1.00000000, 0.00000000, 0.00000000, 0.00000000, -0.09010519, 0.01831356, 0.01026526, 101.53300476, -17.30038643, 35.05999756, 0.00000000
4, 0.8275, 125, 0.25410777, 0.96022099, -0.13930033, 13.12311649, 18.18957710, 3.46738672, -43.46682358, 47.96842957, -33.90821457, -3.82484150, -2.13015008, 9.14870644, 1.00000000, 0.00000000, 0.00000000, 0.00000000, -0.07849435, 0.01917202, 0.00393477, 101.53300476, -17.30038643, 35.05999756, 0.00000000
2, 0.6500, 59, 1.18420386, 0.20142482, 0.09564770, 7.92788267, -6.03402185, 42.53398514, -32.65127182, 34.55130005, -62.73019409, 5.98808193, 29.59489632, -11.90077400, 0.95892996, -0.07666844, -0.24844457, 0.11336060, -0.11985580, -0.02506168, 0.17025587, 0.00000000, 0.00000000, 0.00000000, 0.00000000
4, 0.8300, 126, 0.24212940, 0.95631593, -0.14802499, 14.26140499, 17.85395622, 3.01802301, -43.46682358, 47.96842957, -33.90821457, -3.49096608, -1.38647342, 9.18639851, 1.00000000, 0.00000000, 0.00000000, 0.00000000, -0.05427967, 0.02269667, -0.00150104, 101.53300476, -17.30038643, 35.05999756, 0.00000000
4, 0.8325, 127, 0.23766620, 0.95389593, -0.15806510, 14.75674248, 18.06753349, 2.66229391, -43.46682358, 48.49459076, -34.22975540, -3.46289301, -1.37433422, 9.13562393, 1.00000000, 0.00000000, 0.00000000, 0.00000000, -0.04980350, 0.03252593, -0.00292747, 101.53300476, -17.30038643, 35.05999756, 0.00000000
4, 0.8350, 128, 0.23174851, 0.95085961, -0.15896462, 16.03998566, 17.31510353, 2.41160011, -43.46682358, 48.49459076, -34.22975540, -3.43135190, -1.36307800, 9.08590984, 1.00000000, 0.00000000, 0.00000000, 0.00000000, -0.04442531, 0.03344217, -0.00697134, 101.53300476, -17.30038643, 35.05999756, 0.00000000
4, 0.8375, 129, 0.22016832, 0.95129955, -0.15616354, 16.53590965, 17.38300323, 2.54178572, -43.46682358, 48.49459076, -34.22975540, -3.39862752, -1.35146320, 9.03580189, 1.00000000, 0.00000000, 0.00000000, 0.00000000, -0.03293210, 0.03003899, -0.00958603, 101.53300476, -17.30038643, 35.05999756, 0.00000000
4, 0.8400, 130, 0.22555766, 0.95452005, -0.16843820, 16.95513535, 18.13603020, 2.96532273, -43.46682358, 48.49459076, -34.22975540, -3.36520243, -1.33853722, 8.98380852, 1.00000000, 0.00000000, 0.00000000, 0.00000000, -0.03679391, 0.04088597, -0.00308680, 101.53300476, -17.30038643, 35.05999756, 0.00000000
2, 0.6600, 60, 1.20283270, 0.17507584, 0.09104458, 4.75102663, -6.17833567, 44.22689438, -32.03741455, 34.31745148, -62.75942612, 5.73092127, 29.97965050, -12.09042358, 0.95803738, -0.07522614, -0.25180197, 0.11446045, -0.14321724, -0.03552286, 0.17262191, 0.00000000, 0.00000000, 0.00000000, 0.00000000
2, 0.6700, 61, 1.21100879, 0.16817503, 0.08260001, -0.44097129, -7.80309868, 44.28119278, -30.83893585, 33.55743790, -62.87635040, 5.47393084, 30.37051201, -12.22754192, 0.95716816, -0.07368716, -0.25524577, 0.11510387, -0.15086469, -0.02981864, 0.17475954, 0.00000000, 0.00000000, 0.00000000, 0.00000000
2, 0.6800, 62, 1.20328355, 0.17005177, 0.07404821, -3.10216665, -7.06818295, 44.94773102, -31.48202324, 31.45279121, -62.58403778, 4.96124363, 31.15541267, -12.46152687, 0.95541823, -0.07056405, -0.26218355, 0.11600275, -0.14183763, -0.01699520, 0.16986331, 0.00000000, 0.00000000, 0.00000000, 0.00000000
2, 0.6900, 63, 1.22622800, 0.16820315, 0.06180783, -3.24060750, -7.97484922, 46.28430939, -31.48202324, 31.45279121, -62.58403778, 4.67878628, 31.55927467, -12.58971786, 0.95449853, -0.06883549, -0.26576644, 0.11645840, -0.15378906, -0.00190708, 0.18653192, 0.00000000, 0.00000000, 0.00000000, 0.00000000
2, 0.7000, 64, 1.23570991, 0.16140921, 0.05827127, -2.54983854, -8.32476711, 48.63220978, -31.01432228, 33.82051849, -62.93481445, 4.38060856, 31.98318863, -12.73549175, 0.95350569, -0.06704586, -0.26952174, 0.11700374, -0.15937525, 0.00068666, 0.19235039, 0.00000000, 0.00000000, 0.00000000, 0.00000000
2, 0.7100, 65, 1.26106715, 0.14919034, 0.04713343, -3.07792830, -10.63718128, 51.37210846, -30.31277466, 32.24203491, -63.11020279, 4.07840919, 32.44194794, -12.87808704, 0.95241541, -0.06525859, -0.27357292, 0.11749074, -0.18188669, 0.00527316, 0.20453733, 0.00000000, 0.00000000, 0.00000000, 0.00000000
2, 0.7200, 66, 1.25328207, 0.15125318, 0.05137811, -3.11141229, -12.15217781, 56.10850906, -29.72814941, 32.85588837, -62.96404648, 3.75021052, 32.94586182, -13.03684425, 0.95119113, -0.06334849, -0.27801615, 0.11802310, -0.16630057, 0.00853204, 0.20574215, 0.00000000, 0.00000000, 0.00000000, 0.00000000
4, 0.8425, 131, 0.24068166, 0.96055979, -0.18152066, 17.74343491, 17.09884071, 3.20864558, -43.46682358, 48.49459076, -34.22975540, -3.32933688, -1.32534599, 8.93398285, 1.00000000, 0.00000000, 0.00000000, 0.00000000, -0.04953756, 0.05194245, 0.00834323, 101.53300476, -17.30038643, 35.05999756, 0.00000000
4, 0.8450, 132, 0.24352938, 0.96535391, -0.17584281, 18.67967606, 15.22660065, 3.92212963, -42.99912262, 47.93919754, -34.37591171, -3.29024267, -1.31102943, 8.88843346, 1.00000000, 0.00000000, 0.00000000, 0.00000000, -0.05129768, 0.04476975, 0.01243863, 101.53300476, -17.30038643, 35.05999756, 0.00000000
2, 0.7300, 67, 1.26672399, 0.16695799, 0.05636313, -1.51039600, -13.39698315, 62.00146866, -29.31891251, 31.65740967, -63.02250671, 3.52880883, 33.43320084, -13.13066006, 0.94999492, -0.06216699, -0.28224456, 0.11825040, -0.15619746, 0.02048959, 0.23026672, 0.00000000, 0.00000000, 0.00000000, 0.00000000
2, 0.7400, 68, 1.26786053, 0.18345560, 0.04036687, 0.20834397, -13.41822910, 69.48055267, -29.31891251, 31.65740967, -63.02250671, 3.10502625, 34.04658890, -13.38451385, 0.94839793, -0.05983431, -0.28763992, 0.11926740, -0.14818409, 0.04800555, 0.23685032, 0.00000000, 0.00000000, 0.00000000, 0.00000000
2, 0.7500, 69, 1.29669058, 0.18971454, 0.02804921, 3.21121478, -14.86023617, 76.71933746, -28.73428726, 31.42355919, -63.02250671, 2.63407826, 34.72345352, -13.70040703, 0.94655818, -0.05736317, -0.29357818, 0.12061946, -0.16045611, 0.06816579, 0.26224840, 0.00000000, 0.00000000, 0.00000000, 0.00000000
2, 0.7600, 70, 1.37960112, 0.20438254, 0.03627690, 7.42532349, -14.23666000, 81.97695923, -28.93890572, 29.58199310, -63.57789993, 2.11136627, 35.43467712, -14.09548855, 0.94452369, -0.05475039, -0.29981726, 0.12242143, -0.19211349, 0.07960288, 0.34240830, 0.00000000, 0.00000000, 0.00000000, 0.00000000
4, 0.8575, 133, 0.25695539, 1.00573564, -0.17139418, 17.84007263, 12.69798088, 11.01340103, -43.81759644, 48.90382767, -35.01900101, -3.09401226, -1.18948579, 8.67935085, 1.00000000, 0.00000000, 0.00000000, 0.00000000, -0.05401342, 0.02924101, 0.05295254, 101.53300476, -17.30038643, 35.05999756, 0.00000000
4, 0.8600, 134, 0.25855637, 1.01060236, -0.17096256, 17.06299973, 12.05114555, 12.55383968, -43.81759644, 48.90382767, -35.01900101, -3.05667543, -1.15468514, 8.64532375, 1.00000000, 0.00000000, 0.00000000, 0.00000000, -0.05396807, 0.02723388, 0.05783238, 101.53300476, -17.30038643, 35.05999756, 0.00000000
4, 0.8625, 135, 0.25954714, 1.01932275, -0.16743070, 16.43069458, 11.06199265, 13.94532013, -43.81759644, 48.90382767, -35.01900101, -3.02030635, -1.11674738, 8.61449814, 1.00000000, 0.00000000, 0.00000000, 0.00000000, -0.05259117, 0.02146167, 0.06569648, 101.53300476, -17.30038643, 35.05999756, 0.00000000
2, 0.7700, 71, 1.43217492, 0.19783933, 0.03300875, 8.39792156, -10.83774662, 85.46707916, -27.50657654, 30.19584846, -63.69482422, 1.51897264, 36.14638138, -14.55070400, 0.94240373, -0.05178330, -0.30611107, 0.12445815, -0.22157589, 0.08588143, 0.38463187, 0.00000000, 0.00000000, 0.00000000, 0.00000000
2, 0.7800, 72, 1.55146587, 0.19166209, 0.06890950, 8.15653133, -8.56129551, 86.35290527, -27.06810760, 29.66968727, -64.16252136, 1.26181304, 36.12150574, -14.85238266, 0.94225550, -0.05044879, -0.30605304, 0.12625821, -0.27697092, 0.06292745, 0.49319839, 0.00000000, 0.00000000, 0.00000000, 0.00000000
4, 0.8650, 136, 0.25635099, 1.02668190, -0.16257866, 15.72696972, 10.14275455, 15.26981163, -43.81759644, 48.90382767, -35.01900101, -2.98511410, -1.07580996, 8.58677292, 1.00000000, 0.00000000, 0.00000000, 0.00000000, -0.04741101, 0.01467561, 0.07111485, 101.53300476, -17.30038643, 35.05999756, 0.00000000
4, 0.8675, 137, 0.25167355, 1.02919304, -0.15949990, 14.80789375, 9.57119465, 16.39588547, -43.81759644, 48.90382767, -35.01900101, -2.95181227, -1.03225529, 8.56131077, 1.00000000, 0.00000000, 0.00000000, 0.00000000, -0.04168124, 0.01059284, 0.07190266, 101.53300476, -17.30038643, 35.05999756, 0.00000000
4, 0.8700, 138, 0.22855334, 1.02986288, -0.13889439, 13.67347050, 9.34731293, 17.32353592, -43.81759644, 48.90382767, -35.54516220, -2.92111874, -0.98643470, 8.53734016, 1.00000000, 0.00000000, 0.00000000, 0.00000000, -0.01899828, -0.01029272, 0.06370511, 101.53300476, -17.30038643, 35.05999756, 0.00000000
4, 0.8725, 139, 0.19859365, 1.03994799, -0.13866733, 12.45109177, 11.26025581, 18.36189651, -43.14527893, 47.88073730, -35.54516220, -2.89427257, -0.93731815, 8.50977421, 1.00000000, 0.00000000, 0.00000000, 0.00000000, 0.01323170, -0.01291748, 0.06689702, 101.53300476, -17.30038643, 35.05999756, 0.00000000
2, 0.7900, 73, 1.60853553, 0.21644597, 0.11595283, 8.95949268, -4.75765657, 87.92709351, -27.06810760, 29.66968727, -64.16252136, 0.57885921, 36.80468369, -15.38070488, 0.94010347, -0.04699462, -0.31220299, 0.12855491, -0.27409863, 0.05066318, 0.57063609, 0.00000000, 0.00000000, 0.00000000, 0.00000000
2, 0.8000, 74, 1.72975230, 0.20161334, 0.11418022, 8.00234127, -1.36950481, 91.96221161, -26.62964058, 28.79274940, -64.07482910, -0.18471667, 37.48900223, -15.95830154, 0.93786389, -0.04309551, -0.31844887, 0.13093707, -0.35284287, 0.05222798, 0.66166002, 0.00000000, 0.00000000, 0.00000000, 0.00000000
4, 0.8750, 140, 0.17066398, 1.03734529, -0.11945142, 10.80846405, 12.55921745, 18.90948105, -43.14527893, 47.88073730, -35.54516220, -2.87204504, -0.88632768, 8.48015404, 1.00000000, 0.00000000, 0.00000000, 0.00000000, 0.04007471, -0.03166397, 0.05480319, 101.53300476, -17.30038643, 35.05999756, 0.00000000
4, 0.8775, 141, 0.17066398, 1.03734529, -0.11945142, 10.80846405, 12.55921745, 18.90948105, -43.14527893, 47.88073730, -35.54516220, -2.84985352, -0.83532536, 8.45054436, 1.00000000, 0.00000000, 0.00000000, 0.00000000, 0.04096472, -0.03205006, 0.05477045, 101.53300476, -17.30038643, 35.05999756, 0.00000000
4, 0.8800, 142, 0.18115462, 1.04655337, -0.15897062, 6.29470444, 18.05887222, 19.59543610, -43.14527893, 47.88073730, -35.54516220, -2.75522041, -1.12799239, 8.45336437, 1.00000000, 0.00000000, 0.00000000, 0.00000000, 0.02915701, 0.00331505, 0.07325199, 101.53300476, -17.30038643, 35.05999756, 0.00000000
4, 0.9075, 143, 0.31835830, 1.02574098, -0.16192345, 7.02009153, 7.78986597, 14.64605713, -41.82987213, 47.93919754, -35.42823792, -2.65636253, -0.61110818, 8.11089611, 1.00000000, 0.00000000, 0.00000000, 0.00000000, -0.10010272, 0.00848877, 0.08292790, 101.53300476, -17.30038643, 35.05999756, 0.00000000
2, 0.8100, 75, 1.80197585, 0.18291852, 0.10585967, 6.03839397, -1.35244787, 100.07568359, -25.72347260, 27.53580856, -64.04560089, -1.03657150, 38.22586060, -16.58127594, 0.93538946, -0.03875411, -0.32522836, 0.13330932, -0.40477335, 0.05681137, 0.71141428, 0.00000000, 0.00000000, 0.00000000, 0.00000000
4, 0.9100, 144, 0.30418721, 1.02230489, -0.16076188, 7.72688389, 8.13745403, 14.56742573, -42.67757797, 47.14995575, -35.80824280, -2.64006805, -0.57227975, 8.09226799, 1.00000000, 0.00000000, 0.00000000, 0.00000000, -0.08634842, 0.00772410, 0.07636982, 101.53300476, -17.30038643, 35.05999756, 0.00000000
4, 0.9125, 145, 0.28384367, 1.02036846, -0.16263631, 8.00629330, 8.68987083, 14.57151318, -42.67757797, 47.14995575, -35.80824280, -2.62337470, -0.53324121, 8.07218647, 1.00000000, 0.00000000, 0.00000000, 0.00000000, -0.06612165, 0.00964450, 0.07050084, 101.53300476, -17.30038643, 35.05999756, 0.00000000
4, 0.9150, 146, 0.25942191, 1.01872563, -0.16829269, 8.34972954, 10.06457615, 14.93823242, -42.67757797, 47.14995575, -35.80824280, -2.60651398, -0.49278840, 8.04873657, 1.00000000, 0.00000000, 0.00000000, 0.00000000, -0.04166966, 0.01521726, 0.06475155, 101.53300476, -17.30038643, 35.05999756, 0.00000000
4, 0.9175, 147, 0.25284895, 1.02160013, -0.18253502, 8.62571526, 11.02860641, 15.08950424, -42.67757797, 47.14995575, -35.80824280, -2.58945298, -0.45160607, 8.02287006, 1.00000000, 0.00000000, 0.00000000, 0.00000000, -0.03334383, 0.02834666, 0.06875377, 101.53300476, -17.30038643, 35.05999756, 0.00000000
2, 0.8200, 76, 1.89775312, 0.17257418, 0.09079118, 4.83553505, -4.35998964, 111.41362762, -25.08038521, 27.68196487, -64.25022125, -1.98192942, 39.05765533, -17.26371193, 0.93252659, -0.03404786, -0.33289158, 0.13571417, -0.46994239, 0.07307832, 0.78118449, 0.00000000, 0.00000000, 0.00000000, 0.00000000
2, 0.8300, 77, 1.95828247, 0.20201239, 0.08011198, 2.85357952, -6.54345083, 124.06299591, -24.23267937, 26.42502213, -64.83484650, -1.65005457, 39.12902832, -17.07042313, 0.93244839, -0.03627763, -0.33313856, 0.13506545, -0.48934719, 0.10972892, 0.84421295, 0.00000000, 0.00000000, 0.00000000, 0.00000000
2, 0.8400, 78, 2.11180949, 0.23648638, 0.04964269, 0.40443435, -1.98914516, 137.09391785, -24.23267937, 26.42502213, -64.83484650, -2.87591410, 40.12185287, -17.90431786, 0.92893344, -0.03007548, -0.34240195, 0.13761953, -0.58168435, 0.15681200, 0.96720660, 0.00000000, 0.00000000, 0.00000000, 0.00000000
4, 0.9200, 148, 0.25294983, 1.01953137, -0.19134626, 9.12532043, 10.61150360, 15.35035324, -42.67757797, 47.14995575, -35.80824280, -2.57097483, -0.40992999, 7.99785280, 1.00000000, 0.00000000, 0.00000000, 0.00000000, -0.03278770, 0.03706897, 0.06842317, 101.53300476, -17.30038643, 35.05999756, 0.00000000
4, 0.9225, 149, 0.25097629, 1.02123666, -0.19144762, 9.55729771, 9.70370960, 16.09227753, -42.47296143, 48.52382278, -35.69131851, -2.55090952, -0.36677879, 7.97508287, 1.00000000, 0.00000000, 0.00000000, 0.00000000, -0.02974496, 0.03649174, 0.06963496, 101.53300476, -17.30038643, 35.05999756, 0.00000000
4, 0.9250, 150, 0.25134373, 1.02331376, -0.19190791, 9.70301914, 9.06672573, 17.12449074, -42.47296143, 48.52382278, -35.69131851, -2.53008747, -0.32129294, 7.95416117, 1.00000000, 0.00000000, 0.00000000, 0.00000000, -0.02885603, 0.03618218, 0.07177036, 101.53300476, -17.30038643, 35.05999756, 0.00000000
4, 0.9275, 151, 0.25920656, 1.02795112, -0.20086758, 9.77608395, 8.63538837, 18.23181343, -42.47296143, 48.52382278, -35.69131851, -2.50876307, -0.27323231, 7.93464375, 1.00000000, 0.00000000, 0.00000000, 0.00000000, -0.03435995, 0.04371435, 0.07955404, 101.53300476, -17.30038643, 35.05999756, 0.00000000
4, 0.9300, 152, 0.26091751, 1.03264427, -0.20544016, 9.70998955, 7.85887146, 19.33582497, -42.47296143, 48.52382278, -35.69131851, -1.97746956, 0.12135550, 8.02994537, 1.00000000, 0.00000000, 0.00000000, 0.00000000, -0.02797384, 0.03803641, 0.08490396, 101.53300476, -17.30038643, 35.05999756, 0.00000000
2, 0.8500, 79, 2.26943445, 0.26023966, 0.07889538, -0.06300654, 6.72400713, 147.47843933, -23.47266769, 24.84653664, -64.10406494, -4.31847620, 41.11083221, -18.89296913, 0.92515123, -0.02278624, -0.35189587, 0.14051831, -0.64311540, 0.16913049, 1.12308848, 0.00000000, 0.00000000, 0.00000000, 0.00000000
4, 0.9525, 153, 0.26950958, 1.10825717, -0.20358181, 13.19503307, 5.21708202, 29.75226402, -42.09295654, 48.99152374, -35.77901077, -1.72882164, 0.69991696, 7.91216278, 1.00000000, 0.00000000, 0.00000000, 0.00000000, -0.01050142, 0.01736795, 0.15881942, 101.53300476, -17.30038643, 35.05999756, 0.00000000
4, 0.9550, 154, 0.27160263, 1.11762297, -0.20260245, 13.40991497, 4.78496504, 30.92633057, -42.09295654, 48.99152374, -35.77901077, -1.69549012, 0.77792525, 7.90567589, 1.00000000, 0.00000000, 0.00000000, 0.00000000, -0.00926226, 0.01402822, 0.16806310, 101.53300476, -17.30038643, 35.05999756, 0.00000000
4, 0.9575, 155, 0.27344286, 1.12835705, -0.20367931, 13.90613651, 4.70277214, 31.82154846, -42.09295654, 48.99152374, -35.77901077, -1.66082203, 0.85811424, 7.89954329, 1.00000000, 0.00000000, 0.00000000, 0.00000000, -0.00736719, 0.01242049, 0.17895170, 101.53300476, -17.30038643, 35.05999756, 0.00000000
2, 0.8600, 80, 2.38052773, 0.24989597, 0.10105874, 5.74231815, 8.58139801, 162.85293579, -23.20958710, 22.56650162, -64.19175720, -5.97540236, 42.16771698, -20.10622787, 0.92075348, -0.01482452, -0.36221847, 0.14419159, -0.69638294, 0.16554004, 1.22564995, 0.00000000, 0.00000000, 0.00000000, 0.00000000
2, 0.8700, 81, 2.50179338, 0.22152743, 0.16922602, 16.52109337, 8.77658653, 178.78343201, -22.27418900, 22.12803268, -64.33791351, -7.86009216, 43.29203033, -21.61077118, 0.91559339, -0.00641531, -0.37342188, 0.14900970, -0.74191469, 0.11793365, 1.34961641, 0.00000000, 0.00000000, 0.00000000, 0.00000000
4, 0.9600, 156, 0.27442652, 1.13760018, -0.20270258, 14.04777622, 4.62197447, 32.58481598, -42.26834106, 49.04998398, -36.39286804, -1.62568414, 0.94015229, 7.89387941, 1.00000000, 0.00000000, 0.00000000, 0.00000000, -0.00499956, 0.00907524, 0.18784586, 101.53300476, -17.30038643, 35.05999756, 0.00000000
4, 0.9625, 157, 0.27762699, 1.14892006, -0.20206243, 14.47348595, 4.54624748, 33.06287766, -42.26834106, 49.04998398, -36.39286804, -1.58942366, 1.02333367, 7.88840866, 1.00000000, 0.00000000, 0.00000000, 0.00000000, -0.00432881, 0.00564227, 0.19926977, 101.53300476, -17.30038643, 35.05999756, 0.00000000
4, 0.9650, 158, 0.28157273, 1.15753949, -0.19987118, 14.90021706, 4.33147383, 33.60817337, -42.26834106, 49.04998398, -36.39286804, -1.55194962, 1.10776985, 7.88350964, 1.00000000, 0.00000000, 0.00000000, 0.00000000, -0.00499371, 0.00118375, 0.20797542, 101.53300476, -17.30038643, 35.05999756, 0.00000000
4, 0.9675, 159, 0.28995287, 1.16945803, -0.19824234, 15.54040146, 4.04932404, 34.07785797, -42.26834106, 49.04998398, -36.39286804, -1.51271260, 1.19323790, 7.87918615, 1.00000000, 0.00000000, 0.00000000, 0.00000000, -0.00925832, -0.00338644, 0.22089845, 101.53300476, -17.30038643, 35.05999756, 0.00000000
4, 0.9700, 160, 0.28676090, 1.18262446, -0.19062974, 16.03698349, 3.97265506, 34.62418365, -42.26834106, 49.04998398, -36.39286804, -1.47216737, 1.28001785, 7.87506294, 1.00000000, 0.00000000, 0.00000000, 0.00000000, -0.00217844, -0.01409151, 0.23142846, 101.53300476, -17.30038643, 35.05999756, 0.00000000
4, 0.9725, 161, 0.28637674, 1.19581473, -0.19326229, 16.95712471, 4.17395163, 35.09667969, -41.82987213, 49.63460922, -36.71440887, -1.42945755, 1.36803091, 7.87023258, 1.00000000, 0.00000000, 0.00000000, 0.00000000, 0.00260450, -0.01478411, 0.24450317, 101.53300476, -17.30038643, 35.05999756, 0.00000000
4, 0.9750, 162, 0.28526086, 1.20386267, -0.19401129, 17.87999916, 4.03039360, 35.56283188, -41.82987213, 49.63460922, -36.71440887, -1.38437629, 1.45713449, 7.86548996, 1.00000000, 0.00000000, 0.00000000, 0.00000000, 0.00696651, -0.01638017, 0.25214067, 101.53300476, -17.30038643, 35.05999756, 0.00000000
4, 0.9775, 163, 0.27911216, 1.21106732, -0.18696803, 18.37658310, 3.95372486, 36.10915756, -41.82987213, 49.63460922, -36.71440887, -1.33798981, 1.54754615, 7.86097336, 1.00000000, 0.00000000, 0.00000000, 0.00000000, 0.01577209, -0.02548479, 0.25643751, 101.53300476, -17.30038643, 35.05999756, 0.00000000
2, 0.8800, 82, 2.60420179, 0.13205384, 0.17806087, 23.94734383, 8.02335930, 193.77763367, -22.27418900, 22.12803268, -64.33791351, -8.08614922, 43.02427292, -21.98945236, 0.91592151, -0.00537120, -0.37158164, 0.15161155, -0.84367442, 0.06884423, 1.40059805, 0.00000000, 0.00000000, 0.00000000, 0.00000000
2, 0.8900, 83, 2.65580702, 0.04737148, 0.16630162, 30.88751984, 7.37440109, 215.38481140, -21.39725113, 20.46185303, -64.57176208, -10.42773438, 44.33421326, -24.00266647, 0.90922725, 0.00418653, -0.38503423, 0.15823066, -0.92821318, 0.02970323, 1.39774311, 0.00000000, 0.00000000, 0.00000000, 0.00000000
4, 0.9800, 164, 0.27356201, 1.21739388, -0.18676780, 18.65610313, 4.43054342, 36.53064346, -41.82987213, 49.63460922, -36.71440887, -1.47983277, 1.36627054, 7.83744907, 1.00000000, 0.00000000, 0.00000000, 0.00000000, 0.01934893, -0.02441885, 0.26126146, 101.53300476, -17.30038643, 35.05999756, 0.00000000
4, 0.9825, 165, 0.26936427, 1.22689772, -0.18725647, 18.58300972, 4.62955809, 37.02443695, -41.82987213, 49.63460922, -36.71440887, -1.43323612, 1.45921028, 7.83139181, 1.00000000, 0.00000000, 0.00000000, 0.00000000, 0.02708304, -0.02657616, 0.26958832, 101.53300476, -17.30038643, 35.05999756, 0.00000000
4, 0.9850, 166, 0.26232618, 1.23679042, -0.18957268, 18.36824799, 4.83156204, 37.31192780, -41.74217987, 49.83922958, -36.74364090, -1.38724887, 1.55294538, 7.82518816, 1.00000000, 0.00000000, 0.00000000, 0.00000000, 0.03776218, -0.02700387, 0.27802777, 101.53300476, -17.30038643, 35.05999756, 0.00000000
4, 0.9875, 167, 0.25503200, 1.25948429, -0.19281843, 18.36624908, 5.03295040, 37.66463852, -41.74217987, 49.83922958, -36.74364090, -1.34136212, 1.64764071, 7.81870794, 1.00000000, 0.00000000, 0.00000000, 0.00000000, 0.05142882, -0.02897328, 0.29886454, 101.53300476, -17.30038643, 35.05999756, 0.00000000
4, 1.0450, 168, 0.29350427, 1.50757945, -0.32164046, 39.06281281, 23.95655251, 47.68646622, -39.87138367, 50.39462280, -37.70827103, 0.67485082, 3.15471435, 7.21146727, 1.00000000, 0.00000000, 0.00000000, 0.00000000, 0.09738896, 0.01470390, 0.56999111, 101.53300476, -17.30038643, 35.05999756, 0.00000000
4, 1.0475, 169, 0.30432492, 1.53043807, -0.32706323, 40.12925339, 23.52970695, 48.63294220, -39.87138367, 50.39462280, -37.70827103, 0.76250869, 3.28600216, 7.15798712, 1.00000000, 0.00000000, 0.00000000, 0.00000000, 0.09411782, 0.01411524, 0.59538251, 101.53300476, -17.30038643, 35.05999756, 0.00000000
4, 1.0500, 170, 0.29596105, 1.55377328, -0.31529540, 41.19186783, 23.58565521, 49.58831787, -39.57907104, 50.77462769, -37.70827103, 0.85271001, 3.41975069, 7.10448027, 1.00000000, 0.00000000, 0.00000000, 0.00000000, 0.10902706, -0.00347990, 0.61392379, 101.53300476, -17.30038643, 35.05999756, 0.00000000
4, 1.0525, 171, 0.29629329, 1.57473624, -0.32502294, 42.03025055, 25.09060097, 50.50517273, -39.57907104, 50.77462769, -37.70827103, 0.94392776, 3.55660462, 7.04760456, 1.00000000, 0.00000000, 0.00000000, 0.00000000, 0.11587800, 0.00045881, 0.63608706, 101.53300476, -17.30038643, 35.05999756, 0.00000000
4, 1.0550, 172, 0.30824697, 1.59795797, -0.32153383, 42.66482544, 25.49594307, 51.12712860, -39.57907104, 50.77462769, -37.70827103, 1.03635764, 3.69529700, 6.98994637, 1.00000000, 0.00000000, 0.00000000, 0.00000000, 0.11133893, -0.00902751, 0.66043103, 101.53300476, -17.30038643, 35.05999756, 0.00000000
2, 0.9000, 84, 2.62597609, -0.13205180, 0.13948202, 27.66689873, 10.10052299, 236.02272034, -21.01724625, 18.79567337, -64.42560577, -13.14015102, 45.69236755, -26.29133606, 0.90161103, 0.01495838, -0.39958161, 0.16494976, -1.00542033, -0.04438958, 1.29967868, 0.00000000, 0.00000000, 0.00000000, 0.00000000
2, 0.9100, 85, 2.62471175, -0.19608532, 0.07276278, 20.80855942, 13.79006767, 255.13821411, -20.19877243, 16.10640144, -64.51329803, -16.24778748, 47.06491470, -28.84645081, 0.89308083, 0.02702533, -0.41507548, 0.17143160, -1.05788445, -0.00840534, 1.26358938, 0.00000000, 0.00000000, 0.00000000, 0.00000000
2, 0.9200, 86, 2.61654115, -0.25379074, 0.06304070, 14.56916618, 21.08998871, 271.24844360, -19.05875397, 13.85559750, -64.25022125, -19.77822113, 48.37966919, -31.69571877, 0.88370019, 0.04047045, -0.43111113, 0.17770566, -1.07371330, -0.00714473, 1.25348687, 0.00000000, 0.00000000, 0.00000000, 0.00000000
2, 0.9300, 87, 2.60538602, -0.25363401, 0.10376862, 18.56593513, 25.33626175, 299.84866333, -19.05875397, 13.85559750, -64.25022125, -20.64008331, 48.54297638, -32.63388824, 0.88142616, 0.04311405, -0.43400431, 0.18129940, -1.03356075, -0.00793796, 1.28777063, 0.00000000, 0.00000000, 0.00000000, 0.00000000
4, 1.0575, 173, 0.30840096, 1.61722767, -0.30602965, 42.37759018, 25.82910156, 51.83736420, -39.57907104, 50.77462769, -37.70827103, 1.12784743, 3.83598280, 6.93222809, 1.00000000, 0.00000000, 0.00000000, 0.00000000, 0.11704166, -0.02953008, 0.67622554, 101.53300476, -17.30038643, 35.05999756, 0.00000000
4, 1.0600, 174, 0.30051807, 1.63127577, -0.30072781, 41.30456161, 26.85127449, 52.50725174, -39.57907104, 50.77462769, -37.70827103, 1.21602011, 3.97892284, 6.87319374, 1.00000000, 0.00000000, 0.00000000, 0.00000000, 0.12995842, -0.03895980, 0.68721926, 101.53300476, -17.30038643, 35.05999756, 0.00000000
4, 1.0625, 175, 0.29828194, 1.64192975, -0.30498153, 39.45499802, 27.46667099, 52.62801743, -38.96521378, 48.17304993, -38.84828949, 1.29919159, 4.12255955, 6.81394100, 1.00000000, 0.00000000, 0.00000000, 0.00000000, 0.13705041, -0.03827268, 0.69796276, 101.53300476, -17.30038643, 35.05999756, 0.00000000
4, 1.0650, 176, 0.29087517, 1.65096653, -0.30706537, 37.96271133, 27.81252098, 52.38718414, -38.96521378, 48.17304993, -38.84828949, 1.37837934, 4.26585722, 6.75472641, 1.00000000, 0.00000000, 0.00000000, 0.00000000, 0.14875969, -0.03933471, 0.70565116, 101.53300476, -17.30038643, 35.05999756, 0.00000000
4, 1.0675, 177, 0.29785633, 1.66347325, -0.32141218, 36.39656067, 28.57756042, 51.80660248, -38.96521378, 48.17304993, -38.84828949, 1.45304644, 4.40820169, 6.69439554, 1.00000000, 0.00000000, 0.00000000, 0.00000000, 0.14762527, -0.02894789, 0.72204196, 101.53300476, -17.30038643, 35.05999756, 0.00000000
4, 1.0700, 178, 0.30288711, 1.67331398, -0.32810989, 35.54109955, 29.20849228, 51.06872559, -38.96521378, 48.17304993, -38.84828949, 1.52496815, 4.54915047, 6.63277578, 1.00000000, 0.00000000, 0.00000000, 0.00000000, 0.14749959, -0.02550840, 0.73403132, 101.53300476, -17.30038643, 35.05999756, 0.00000000
4, 1.0725, 179, 0.32885888, 1.68701196, -0.33961734, 34.97134399, 29.63758469, 50.04181671, -38.96521378, 48.17304993, -38.84828949, 1.59492767, 4.68790054, 6.57007456, 1.00000000, 0.00000000, 0.00000000, 0.00000000, 0.12788230, -0.01805374, 0.75509489, 101.53300476, -17.30038643, 35.05999756, 0.00000000
2, 0.9400, 88, 2.61133838, -0.29237396, 0.14934382, 26.04279518, 27.70122337, 323.79260254, -19.26337242, 11.31248188, -64.30867767, -25.16779327, 49.86531067, -36.42743301, 0.86938554, 0.05906957, -0.45256370, 0.18938249, -1.03004968, -0.04979520, 1.30824268, 0.00000000, 0.00000000, 0.00000000, 0.00000000
4, 1.0750, 180, 0.35338819, 1.69881630, -0.33773100, 34.47814560, 29.37934685, 48.86112976, -38.58520889, 48.96229172, -38.67290115, 1.66357374, 4.82369184, 6.50776196, 1.00000000, 0.00000000, 0.00000000, 0.00000000, 0.10867683, -0.02335760, 0.77152693, 101.53300476, -17.30038643, 35.05999756, 0.00000000
4, 1.0775, 181, 0.37803736, 1.70784569, -0.33771113, 34.55298233, 29.05233192, 47.73677826, -38.58520889, 48.96229172, -38.67290115, 1.73234403, 4.95663881, 6.44573975, 1.00000000, 0.00000000, 0.00000000, 0.00000000, 0.08879943, -0.02629876, 0.78567708, 101.53300476, -17.30038643, 35.05999756, 0.00000000
4, 1.0800, 182, 0.39762694, 1.71167815, -0.34081444, 34.69978333, 28.58643341, 46.67814636, -38.58520889, 48.96229172, -38.67290115, 1.49315369, 4.21489620, 6.59730768, 1.00000000, 0.00000000, 0.00000000, 0.00000000, 0.05768739, -0.01985765, 0.79296410, 101.53300476, -17.30038643, 35.05999756, 0.00000000
4, 1.1925, 183, 1.13423264, 1.61108029, -0.52213913, 39.69505310, 32.44377136, 117.41668701, -32.24203491, 50.62847137, -41.85910416, 4.37600231, 14.92939377, 4.54871035, 1.00000000, 0.00000000, 0.00000000, 0.00000000, -0.49145401, 0.12965855, 0.92130184, 101.53300476, -17.30038643, 35.05999756, 0.00000000
4, 1.1950, 184, 1.14603996, 1.60309207, -0.53382355, 42.23266220, 34.28643036, 119.00118256, -32.24203491, 50.62847137, -41.85910416, 4.46662426, 15.24066925, 4.52276278, 1.00000000, 0.00000000, 0.00000000, 0.00000000, -0.49893889, 0.14124489, 0.91988111, 101.53300476, -17.30038643, 35.05999756, 0.00000000
4, 1.1975, 185, 1.15219903, 1.58963954, -0.53826511, 44.48751068, 35.98939896, 120.65901947, -32.24203491, 50.62847137, -41.85910416, 4.56089163, 15.55721092, 4.49304152, 1.00000000, 0.00000000, 0.00000000, 0.00000000, -0.50226659, 0.14671910, 0.91071761, 101.53300476, -17.30038643, 35.05999756, 0.00000000
4, 1.2000, 186, 1.16797411, 1.57643199, -0.54232854, 46.88013077, 38.17106247, 122.60182953, -32.24203491, 50.62847137, -41.85910416, 4.65857649, 15.88004971, 4.45850706, 1.00000000, 0.00000000, 0.00000000, 0.00000000, -0.51485515, 0.15172693, 0.90383708, 101.53300476, -17.30038643, 35.05999756, 0.00000000
4, 1.2025, 187, 1.18857968, 1.56165016, -0.53811210, 49.62875366, 40.14110947, 124.88211060, -31.45279121, 50.57000732, -42.91143036, 4.76083660, 16.20988274, 4.41975307, 1.00000000, 0.00000000, 0.00000000, 0.00000000, -0.53272378, 0.14884585, 0.89500058, 101.53300476, -17.30038643, 35.05999756, 0.00000000
2, 0.9500, 89, 2.60079002, -0.36593595, 0.20153102, 33.68548584, 30.84434509, 341.11996460, -18.18181801, 8.71090317, -63.87021255, -30.22361755, 50.99990845, -40.76367188, 0.85590762, 0.07582425, -0.47155321, 0.19826865, -1.02343488, -0.09612337, 1.32666826, 0.00000000, 0.00000000, 0.00000000, 0.00000000
2, 0.9600, 90, 2.54234266, -0.44676429, 0.21061265, 37.93872833, 33.90544128, 360.54522705, -18.09412384, 5.26161957, -64.22098541, -35.83341980, 51.90217209, -45.63139343, 0.84082294, 0.09351198, -0.49106529, 0.20767128, -1.01455259, -0.11404280, 1.28986061, 0.00000000, 0.00000000, 0.00000000, 0.00000000
2, 0.9700, 91, 2.37755632, -0.57177079, 0.18271746, 40.10567474, 43.48859406, 375.03628540, -17.86027527, 1.75387311, -63.81174850, -41.91533661, 52.44319916, -50.90420914, 0.82435519, 0.11240458, -0.51046348, 0.21732661, -0.98340815, -0.13335055, 1.13839149, 0.00000000, 0.00000000, 0.00000000, 0.00000000
2, 0.9800, 92, 2.16339803, -0.70015424, 0.18326797, 42.78968811, 55.74582672, 384.39739990, -17.86027527, 1.75387311, -63.81174850, -43.76295090, 52.02870178, -52.72395325, 0.81979865, 0.11937447, -0.51339507, 0.22384259, -0.91311020, -0.18167944, 0.95328891, 0.00000000, 0.00000000, 0.00000000, 0.00000000
2, 0.9900, 93, 1.98224378, -0.80040342, 0.26277453, 39.17484665, 63.48068237, 399.17370605, -17.39257431, -4.32622051, -62.99327469, -50.32734299, 51.98872375, -58.31456375, 0.80124450, 0.14049155, -0.53262854, 0.23361549, -0.81359494, -0.28167892, 0.82375592, 0.00000000, 0.00000000, 0.00000000, 0.00000000
2, 1.0000, 94, 1.75761712, -0.86365795, 0.32634574, 34.85432434, 65.21036530, 418.51837158, -18.47413063, -7.36626720, -63.08097076, -57.13732529, 51.57503891, -64.05966949, 0.78073972, 0.16240725, -0.55227280, 0.24303102, -0.67222416, -0.32309783, 0.70567971, 0.00000000, 0.00000000, 0.00000000, 0.00000000
2, 1.0100, 95, 1.36370742, -0.91683370, 0.42611146, 35.70651627, 66.36096191, 445.71780396, -19.84799767, -10.31861973, -61.88248825, -64.18064880, 50.71291351, -69.97345734, 0.75768900, 0.18528366, -0.57251894, 0.25258538, -0.40067333, -0.38442552, 0.48543468, 0.00000000, 0.00000000, 0.00000000, 0.00000000
4, 1.2050, 188, 1.21771359, 1.54590571, -0.52560443, 52.37614059, 42.24688339, 127.30449677, -31.45279121, 50.57000732, -42.91143036, 4.86749411, 16.54714775, 4.37658167, 1.00000000, 0.00000000, 0.00000000, 0.00000000, -0.55934989, 0.13795054, 0.88558561, 101.53300476, -17.30038643, 35.05999756, 0.00000000
4, 1.2075, 189, 1.25178730, 1.51627409, -0.51266509, 55.47935104, 44.21553040, 129.71675110, -31.45279121, 50.57000732, -42.91143036, 4.97946167, 16.89179230, 4.32916737, 1.00000000, 0.00000000, 0.00000000, 0.00000000, -0.59361631, 0.12921956, 0.86390990, 101.53300476, -17.30038643, 35.05999756, 0.00000000
4, 1.2100, 190, 1.29829955, 1.47966874, -0.50554025, 57.87179184, 46.31718445, 132.35607910, -31.45279121, 50.57000732, -42.91143036, 5.09501362, 17.24442101, 4.27777386, 1.00000000, 0.00000000, 0.00000000, 0.00000000, -0.64113486, 0.12748736, 0.83937746, 101.53300476, -17.30038643, 35.05999756, 0.00000000
4, 1.2125, 191, 1.33899498, 1.43856525, -0.50799608, 59.76700974, 48.48554993, 135.07708740, -31.45279121, 50.57000732, -42.91143036, 5.21289539, 17.60528374, 4.22260571, 1.00000000, 0.00000000, 0.00000000, 0.00000000, -0.68339556, 0.13599679, 0.81117195, 101.53300476, -17.30038643, 35.05999756, 0.00000000
4, 1.2150, 192, 1.38348031, 1.39775026, -0.52215672, 60.87806702, 51.13603210, 137.75396729, -30.69277954, 50.89155197, -43.64220810, 5.33065605, 17.97457314, 4.16290998, 1.00000000, 0.00000000, 0.00000000, 0.00000000, -0.72869068, 0.15595615, 0.78633177, 101.53300476, -17.30038643, 35.05999756, 0.00000000
2, 1.0200, 96, 0.96791404, -1.09881902, 0.52660340, 51.73266602, 74.28826904, 470.24682617, -20.92955208, -14.26483440, -61.15171051, -71.20076752, 49.20170975, -75.87100220, 0.73206455, 0.20935830, -0.59235901, 0.26336578, -0.20552084, -0.53359711, 0.20721729, 0.00000000, 0.00000000, 0.00000000, 0.00000000
2, 1.0300, 97, 0.58956057, -1.46686757, 0.64904797, 65.45066833, 77.05244446, 496.95956421, -20.92955208, -14.26483440, -61.15171051, -82.17560577, 43.67208481, -82.43931580, 0.68733275, 0.27415091, -0.61286771, 0.27714312, -0.13191104, -0.81323701, -0.12250728, 0.00000000, 0.00000000, 0.00000000, 0.00000000
2, 1.0400, 98, 0.22995237, -2.02453446, 0.57316953, 82.79943085, 91.24578857, 522.17742920, -22.59573174, -18.26951218, -60.07015610, -87.98709106, 40.57363129, -87.13130951, 0.65491629, 0.30015337, -0.62973642, 0.29055929, -0.31147599, -1.05508363, -0.59225464, 0.00000000, 0.00000000, 0.00000000, 0.00000000
4, 1.2175, 193, 1.43114674, 1.36009955, -0.54469073, 61.98789597, 53.92224121, 140.57293701, -30.69277954, 50.89155197, -43.64220810, 5.44811106, 18.35276604, 4.09846973, 1.00000000, 0.00000000, 0.00000000, 0.00000000, -0.77595299, 0.18354847, 0.76686466, 101.53300476, -17.30038643, 35.05999756, 0.00000000
4, 1.2200, 194, 1.57362616, 1.30298877, -0.56446511, 62.73949432, 57.11815262, 143.61647034, -30.69277954, 50.89155197, -43.64220810, 5.56392241, 18.74067688, 4.02864981, 1.00000000, 0.00000000, 0.00000000, 0.00000000, -0.91988611, 0.21221048, 0.74856246, 101.53300476, -17.30038643, 35.05999756, 0.00000000
4, 1.2225, 195, 1.64768922, 1.28202689, -0.57723856, 63.56542969, 59.82479477, 147.06826782, -30.69277954, 50.89155197, -43.64220810, 5.67895126, 19.13895226, 3.95490289, 1.00000000, 0.00000000, 0.00000000, 0.00000000, -0.98953551, 0.22709903, 0.74910319, 101.53300476, -17.30038643, 35.05999756, 0.00000000
4, 1.2250, 196, 1.64768922, 1.28202689, -0.57723856, 63.56542969, 59.82479477, 147.06826782, -30.69277954, 50.89155197, -43.64220810, 5.79371929, 19.53736687, 3.88183427, 1.00000000, 0.00000000, 0.00000000, 0.00000000, -0.98297387, 0.22544864, 0.75158322, 101.53300476, -17.30038643, 35.05999756, 0.00000000
4, 1.2275, 197, 1.84088922, 1.24072433, -0.61883968, 66.92228699, 64.19465637, 159.08129883, -28.52966881, 50.71616364, -43.93452072, 5.91415071, 19.96800995, 3.80584931, 1.00000000, 0.00000000, 0.00000000, 0.00000000, -1.17159629, 0.27249166, 0.76375961, 101.53300476, -17.30038643, 35.05999756, 0.00000000
4, 1.2425, 198, 2.69727659, 0.93995303, -0.76328450, 63.87069321, 68.57981873, 191.12466431, -27.15580177, 50.42385101, -45.16223145, 7.66587067, 26.69164467, 4.12194824, 1.00000000, 0.00000000, 0.00000000, 0.00000000, -1.95765197, 0.44961464, 0.73473525, 101.53300476, -17.30038643, 35.05999756, 0.00000000
4, 1.2450, 199, 2.90134501, 0.84875965, -0.80748492, 57.66469574, 72.07037354, 196.48677063, -27.15580177, 50.42385101, -45.16223145, 7.76817513, 27.21858978, 4.07584858, 1.00000000, 0.00000000, 0.00000000, 0.00000000, -2.16611600, 0.50947046, 0.70350009, 101.53300476, -17.30038643, 35.05999756, 0.00000000
4, 1.2475, 200, 3.12976623, 0.72678041, -0.87854266, 47.47665787, 76.80432129, 201.25909424, -27.15580177, 50.42385101, -45.16223145, 7.84264374, 27.75994492, 4.02849102, 1.00000000, 0.00000000, 0.00000000, 0.00000000, -2.40353918, 0.60205823, 0.65311354, 101.53300476, -17.30038643, 35.05999756, 0.00000000
4, 1.2500, 201, 3.39861035, 0.58366531, -1.00376570, 33.10373306, 81.54190063, 205.28378296, -27.15580177, 50.42385101, -45.16223145, 7.87963867, 28.31362152, 3.98135066, 1.00000000, 0.00000000, 0.00000000, 0.00000000, -2.68251467, 0.75246632, 0.60134363, 101.53300476, -17.30038643, 35.05999756, 0.00000000
4, 1.2525, 202, 3.67511749, 0.43587464, -1.16869354, 17.19547653, 83.03097534, 209.49154663, -25.75270271, 50.21923447, -44.75299454, 7.88156271, 28.87729454, 3.94368649, 1.00000000, 0.00000000, 0.00000000, 0.00000000, -2.96822238, 0.94329935, 0.55425966, 101.53300476, -17.30038643, 35.05999756, 0.00000000
4, 1.2550, 203, 3.93114877, 0.28425044, -1.33918095, 1.68132663, 79.32376099, 215.13148499, -25.75270271, 50.21923447, -44.75299454, 7.85949373, 29.45019722, 3.93004394, 1.00000000, 0.00000000, 0.00000000, 0.00000000, -3.23440814, 1.14070630, 0.50028235, 101.53300476, -17.30038643, 35.05999756, 0.00000000
4, 1.2575, 204, 4.04137373, 0.13540681, -1.45450079, -12.14760017, 68.55102539, 222.76995850, -25.75270271, 50.21923447, -44.75299454, 7.83167410, 30.03153229, 3.96016502, 1.00000000, 0.00000000, 0.00000000, 0.00000000, -3.35974836, 1.28354311, 0.40764642, 101.53300476, -17.30038643, 35.05999756, 0.00000000
4, 1.2600, 205, 4.04271698, -0.01336456, -1.39777756, -26.42647171, 51.60892487, 232.19000244, -25.75270271, 50.21923447, -44.75299454, 7.81071758, 30.62054443, 4.05293608, 1.00000000, 0.00000000, 0.00000000, 0.00000000, -3.38568616, 1.25743115, 0.25976163, 101.53300476, -17.30038643, 35.05999756, 0.00000000
4, 1.2625, 206, 4.04337311, -0.11807825, -1.17369902, -42.95434952, 31.81614113, 242.72302246, -25.75270271, 50.21923447, -44.75299454, 7.79951096, 31.21747589, 4.21937037, 1.00000000, 0.00000000, 0.00000000, 0.00000000, -3.40851045, 1.05849457, 0.12278911, 101.53300476, -17.30038643, 35.05999756, 0.00000000
4, 1.2650, 207, 4.04432869, -0.15829383, -0.82420743, -60.97378159, 12.22574711, 253.36161804, -23.70651817, 50.01461411, -44.57761002, 7.79644156, 31.82262421, 4.46097469, 1.00000000, 0.00000000, 0.00000000, 0.00000000, -3.42318296, 0.72400320, 0.02440129, 101.53300476, -17.30038643, 35.05999756, 0.00000000
2, 1.0500, 99, -0.34526598, -2.45534611, 0.40299821, 65.70049286, 78.87669373, 561.38317871, -25.10961723, -22.30341911, -59.25167847, -93.73379517, 37.14888382, -91.65587616, 0.61832410, 0.32582098, -0.64791471, 0.30285731, -0.30734703, -1.18491781, -1.23379481, 0.00000000, 0.00000000, 0.00000000, 0.00000000
2, 1.0600, 100, -1.32398140, -2.44324446, 0.33594042, 48.55963898, 59.84471130, 605.78918457, -27.47734642, -26.89272118, -58.02396774, -99.43486023, 33.36064529, -96.08622742, 0.57691455, 0.35056013, -0.66750658, 0.31418499, 0.25237712, -1.09608519, -1.91679192, 0.00000000, 0.00000000, 0.00000000, 0.00000000
2, 1.0700, 101, -2.59551167, -2.12246084, 0.41842157, 47.31474304, 43.04779434, 665.23797607, -31.56971550, -30.10815430, -57.43934631, -105.05416870, 28.94675827, -100.43946838, 0.52935565, 0.37483737, -0.68785077, 0.32579291, 1.24163210, -0.91414261, -2.60201836, 0.00000000, 0.00000000, 0.00000000, 0.00000000
4, 1.2800, 208, 3.01836801, 1.77838480, 0.27726182, -50.87510681, -92.74697876, 335.33465576, -21.22186470, 49.31306458, -43.26220322, 4.42209482, 38.21319580, 0.61670107, 1.00000000, 0.00000000, 0.00000000, 0.00000000, -1.96886325, -0.67384529, 1.51424766, 101.53300476, -17.30038643, 35.05999756, 0.00000000
4, 1.2825, 209, 2.88576007, 1.89906156, -0.10167007, -20.75368118, -118.03214264, 349.93063354, -21.22186470, 49.31306458, -43.26220322, 4.88530493, 38.97536469, 1.28392529, 1.00000000, 0.00000000, 0.00000000, 0.00000000, -1.78810704, -0.33072531, 1.68143582, 101.53300476, -17.30038643, 35.05999756, 0.00000000
4, 1.2850, 210, 2.87813687, 1.85206163, -0.38106859, 3.23782849, -139.59364319, 363.88864136, -21.22186470, 49.31306458, -43.26220322, 5.47603989, 39.75239944, 2.02877593, 1.00000000, 0.00000000, 0.00000000, 0.00000000, -1.76857948, -0.05466139, 1.69639277, 101.53300476, -17.30038643, 35.05999756, 0.00000000
2, 1.0800, 102, -3.45354223, -1.96225643, 0.74836487, 41.28246689, 17.05835342, 715.64666748, -31.56971550, -30.10815430, -57.43934631, -117.20188904, 16.02028084, -105.37574005, 0.40732405, 0.45460105, -0.71625751, 0.33823100, 1.95420992, -1.03170681, -2.90704060, 0.00000000, 0.00000000, 0.00000000, 0.00000000
2, 1.0900, 103, -3.74829173, -1.93154263, 1.25500238, -13.97744942, -43.61103821, 696.24969482, -37.06518555, -34.25898743, -56.53317642, -121.43946838, 10.94921684, -108.81520081, 0.35102400, 0.46739662, -0.73320621, 0.34746411, 2.24280953, -1.38937819, -2.71981001, 0.00000000, 0.00000000, 0.00000000, 0.00000000
2, 1.1000, 104, -4.27391529, -1.79853952, 1.29092038, -109.09954834, -160.97932434, 614.25439453, -42.20988083, -37.26980209, -57.79011917, -125.05088806, 6.92333508, -112.92441559, 0.29908001, 0.46606153, -0.75355458, 0.35425055, 2.60135865, -1.34778857, -2.97463942, 0.00000000, 0.00000000, 0.00000000, 0.00000000
2, 1.1100, 105, -5.24384260, -1.15472376, -0.31843477, -141.41677856, -218.53666687, 434.70983887, -45.42531204, -38.99444580, -60.09938431, -127.38401794, 4.30639839, -116.81833649, 0.26069361, 0.45507631, -0.77176774, 0.35960972, 2.70706940, 0.24567218, -4.07254696, 0.00000000, 0.00000000, 0.00000000, 0.00000000
2, 1.1200, 106, -2.98610616, -2.63002467, -0.21880086, -168.42907715, -281.16683960, 248.17959595, -45.42531204, -38.99444580, -60.09938431, -128.44641113, 3.20294642, -120.70377350, 0.23690408, 0.43471348, -0.78830796, 0.36533710, 0.43682718, -0.84558195, -3.00061750, 0.00000000, 0.00000000, 0.00000000, 0.00000000
4, 1.2875, 211, 3.02147079, 1.74046135, -0.55381733, 20.65379715, -154.95393372, 377.54275513, -21.22186470, 49.31306458, -43.26220322, 6.17012215, 40.54550171, 2.84112191, 1.00000000, 0.00000000, 0.00000000, 0.00000000, -1.91433787, 0.12798166, 1.66218817, 101.53300476, -17.30038643, 35.05999756, 0.00000000
4, 1.2900, 212, 3.13892889, 1.65450180, -0.53251475, 32.98442841, -164.25857544, 391.55624390, -18.26951218, 49.28383636, -43.58374786, 6.94665623, 41.35775375, 3.71050954, 1.00000000, 0.00000000, 0.00000000, 0.00000000, -2.03726649, 0.11445659, 1.61125720, 101.53300476, -17.30038643, 35.05999756, 0.00000000
4, 1.2925, 213, 3.20407939, 1.65417540, -0.46255198, 44.97158813, -166.04827881, 405.85397339, -18.26951218, 49.28383636, -43.58374786, 7.78983259, 42.19398499, 4.61827183, 1.00000000, 0.00000000, 0.00000000, 0.00000000, -2.09296370, 0.03621900, 1.62279367, 101.53300476, -17.30038643, 35.05999756, 0.00000000
4, 1.2950, 214, 3.20631146, 1.70179546, -0.40153196, 58.91344070, -163.83422852, 420.25259399, -18.26951218, 49.28383636, -43.58374786, 8.69668579, 43.05667114, 5.55458832, 1.00000000, 0.00000000, 0.00000000, 0.00000000, -2.07658672, -0.04286623, 1.66925287, 101.53300476, -17.30038643, 35.05999756, 0.00000000
4, 1.2975, 215, 3.15463209, 1.72522914, -0.40761521, 72.70726013, -160.86401367, 434.80780029, -18.26951218, 49.28383636, -43.58374786, 9.66865635, 43.94581223, 6.52147818, 1.00000000, 0.00000000, 0.00000000, 0.00000000, -2.00968218, -0.05183339, 1.69433475, 101.53300476, -17.30038643, 35.05999756, 0.00000000
4, 1.3000, 216, 3.05800271, 1.71168089, -0.49718818, 83.04843903, -160.78752136, 448.68634033, -18.26951218, 49.28383636, -43.58374786, 10.71040058, 44.85589981, 7.53436470, 1.00000000, 0.00000000, 0.00000000, 0.00000000, -1.90310347, 0.02785629, 1.69073606, 101.53300476, -17.30038643, 35.05999756, 0.00000000
4, 1.3025, 217, 2.93928027, 1.67409718, -0.60222650, 89.67430878, -166.22074890, 461.49710083, -14.32329750, 46.85764313, -44.78222656, 11.83383846, 45.77740097, 8.61740303, 1.00000000, 0.00000000, 0.00000000, 0.00000000, -1.77938342, 0.12686783, 1.66294551, 101.53300476, -17.30038643, 35.05999756, 0.00000000
4, 1.3050, 218, 2.87280726, 1.66201913, -0.70834422, 93.42961121, -176.33520508, 473.30682373, -14.32329750, 46.85764313, -44.78222656, 13.05137730, 46.70072937, 9.79219246, 1.00000000, 0.00000000, 0.00000000, 0.00000000, -1.70148110, 0.22148728, 1.67159009, 101.53300476, -17.30038643, 35.05999756, 0.00000000
2, 1.1300, 107, -2.49290109, -2.37986326, 0.02689032, -288.36004639, -452.12844849, 67.10707092, -48.26074219, -39.81291962, -62.05787659, -132.80157471, 2.26594925, -121.95980072, 0.21001647, 0.43753663, -0.80500102, 0.34121600, 0.37472236, -0.87191337, -2.37764168, 0.00000000, 0.00000000, 0.00000000, 0.00000000
2, 1.1400, 108, -2.06356907, -1.99694264, 0.42865217, -370.84051514, -528.49163818, -200.88688660, -49.37152863, -39.95907593, -65.77024078, -131.61679077, 5.44124937, -127.73179626, 0.21916930, 0.38387617, -0.82656831, 0.34840894, 0.52956522, -0.93433356, -1.65817618, 0.00000000, 0.00000000, 0.00000000, 0.00000000
2, 1.1500, 109, -1.47845697, -1.51435161, 0.42588377, -470.11282349, -563.80285645, -509.74273682, -46.71148682, -40.42677689, -70.91493988, -129.75061035, 11.83161926, -133.42211914, 0.25268781, 0.31585905, -0.84449017, 0.35102463, 0.50351954, -0.59247118, -1.01445353, 0.00000000, 0.00000000, 0.00000000, 0.00000000
2, 1.1600, 110, -0.99972987, -0.59021974, 0.03386442, -608.37298584, -518.07025146, -758.37652588, -42.23910904, -37.70827103, -77.43349457, -128.38233948, 21.22237587, -138.64305115, 0.30620593, 0.23745838, -0.85616142, 0.34181750, 0.64217389, 0.31475782, -0.42626819, 0.00000000, 0.00000000, 0.00000000, 0.00000000
4, 1.3075, 219, 2.80024362, 1.70028019, -0.73059964, 96.51041412, -190.71086121, 484.00625610, -14.32329750, 46.85764313, -44.78222656, 14.37927246, 47.61562347, 11.07781982, 1.00000000, 0.00000000, 0.00000000, 0.00000000, -1.61080348, 0.22345626, 1.71206117, 101.53300476, -17.30038643, 35.05999756, 0.00000000
4, 1.3100, 220, 2.76317763, 1.79599190, -0.69643259, 100.50923157, -204.29922485, 493.02517700, -14.32329750, 46.85764313, -44.78222656, 15.82154751, 48.51516724, 12.47480774, 1.00000000, 0.00000000, 0.00000000, 0.00000000, -1.54544389, 0.15836459, 1.80516934, 101.53300476, -17.30038643, 35.05999756, 0.00000000
4, 1.3125, 221, 2.72280478, 1.93032706, -0.64614356, 106.70573425, -217.59783936, 501.44387817, -14.32329750, 46.85764313, -44.78222656, 17.38702011, 49.39429855, 13.98564243, 1.00000000, 0.00000000, 0.00000000, 0.00000000, -1.46983600, 0.06935394, 1.93213975, 101.53300476, -17.30038643, 35.05999756, 0.00000000
2, 1.1700, 111, -0.17265925, 0.26578999, -0.90128720, -771.87164307, -447.87594604, -1059.28454590, -42.23910904, -37.70827103, -77.43349457, -127.56233978, 34.12589264, -143.24069214, 0.38297835, 0.14739858, -0.85475093, 0.31780857, 0.27798921, 1.53072476, 0.13109452, 0.00000000, 0.00000000, 0.00000000, 0.00000000
4, 1.3150, 222, 2.67441082, 2.08558965, -0.59473228, 113.95698547, -229.72369385, 510.00082397, -14.32329750, 46.85764313, -44.78222656, 19.08049965, 50.25016403, 15.61187649, 1.00000000, 0.00000000, 0.00000000, 0.00000000, -1.38249111, -0.02542675, 2.07784104, 101.53300476, -17.30038643, 35.05999756, 0.00000000
4, 1.3175, 223, 2.59338975, 2.26045585, -0.57066512, 121.55843353, -241.37698364, 519.25695801, -11.42940617, 45.57146835, -46.30224991, 20.90832710, 51.07982635, 17.35888481, 1.00000000, 0.00000000, 0.00000000, 0.00000000, -1.25850201, -0.09776330, 2.24112892, 101.53300476, -17.30038643, 35.05999756, 0.00000000
4, 1.3200, 224, 2.48910737, 2.43854928, -0.57817525, 128.44296265, -252.06300354, 528.33666992, -11.42940617, 45.57146835, -46.30224991, 22.87162971, 51.87855911, 19.22929192, 1.00000000, 0.00000000, 0.00000000, 0.00000000, -1.11031473, -0.14029169, 2.40910029, 101.53300476, -17.30038643, 35.05999756, 0.00000000
4, 1.3225, 225, 2.36886215, 2.60489202, -0.56487089, 134.89791870, -262.19161987, 537.01708984, -11.42940617, 45.57146835, -46.30224991, 24.97216606, 52.64044189, 21.22554779, 1.00000000, 0.00000000, 0.00000000, 0.00000000, -0.95039070, -0.20150650, 2.55912948, 101.53300476, -17.30038643, 35.05999756, 0.00000000
2, 1.1800, 112, -1.75512302, 6.09646177, 0.49069703, -1110.30261230, -249.61184692, -1522.25793457, -37.03595352, -32.65127182, -84.56591797, -127.03635406, 52.87550354, -174.61123657, 0.41683942, -0.16063656, -0.80991435, 0.38010496, 5.48989391, 4.34873915, 2.22452927, 0.00000000, 0.00000000, 0.00000000, 0.00000000
4, 1.3250, 226, 2.24877691, 2.76663256, -0.49257860, 139.42117310, -270.25219727, 545.56732178, -11.42940617, 45.57146835, -46.30224991, 27.20377731, 53.36176300, 23.34607887, 1.00000000, 0.00000000, 0.00000000, 0.00000000, -0.79456592, -0.32011271, 2.69435167, 101.53300476, -17.30038643, 35.05999756, 0.00000000
2, 1.1900, 113, -1.23191321, 8.04285526, -1.43280947, -1150.04870605, 215.53381348, -1480.48449707, -30.04969215, -17.12949371, -89.62291718, -124.95494080, 71.65247345, -171.22795105, 0.54621947, -0.21469767, -0.73761696, 0.33387199, 5.43055964, 6.86274338, 2.52421689, 0.00000000, 0.00000000, 0.00000000, 0.00000000
4, 1.3275, 227, 2.09275007, 2.93811131, -0.35211489, 142.43530273, -275.74993896, 553.28942871, -11.42940617, 45.57146835, -46.30224991, 29.55674553, 54.03860474, 25.58431625, 1.00000000, 0.00000000, 0.00000000, 0.00000000, -0.60496330, -0.50772631, 2.81905580, 101.53300476, -17.30038643, 35.05999756, 0.00000000
4, 1.3300, 228, 1.90890765, 3.10318756, -0.24287161, 144.29173279, -278.11563110, 559.13916016, -7.89242887, 42.23910904, -48.46535873, 21.92031097, 49.11750793, 12.22850704, 1.00000000, 0.00000000, 0.00000000, 0.00000000, -0.44860196, -0.60127079, 2.82123303, 101.53300476, -17.30038643, 35.05999756, 0.00000000
2, 1.2000, 114, 7.49341011, 6.13159323, -2.65010500, -605.27062988, 279.35687256, -883.36346436, -26.45425224, -0.23384975, -88.74597931, -107.07302094, 81.90665436, -151.97163391, 0.62013602, -0.23085493, -0.68364668, 0.30783850, -1.87478757, 6.29021740, 7.51529121, 0.00000000, 0.00000000, 0.00000000, 0.00000000
2, 1.2100, 115, 7.99451971, 3.74817204, -0.65924418, -316.78750610, -9.36027813, -111.86222076, -26.71733475, 5.58316278, -87.40134430, -110.46031952, 84.92220306, -153.90335083, 0.63521975, -0.23822908, -0.67728609, 0.28465143, -2.48188448, 3.13214970, 7.57981825, 0.00000000, 0.00000000, 0.00000000, 0.00000000
2, 1.2200, 116, 4.46121454, 7.39129114, 0.86137807, 119.90573120, -219.04267883, 452.99987793, -26.71733475, 5.58316278, -87.40134430, -134.89872742, 80.64649963, -178.14299011, 0.60228193, -0.23671973, -0.70804220, 0.28265995, 2.62664723, 4.49907780, 7.37591648, 0.00000000, 0.00000000, 0.00000000, 0.00000000
2, 1.2300, 117, 1.50868857, 7.66208267, 0.95162201, 509.75210571, -201.62628174, 511.03067017, -27.41888237, 4.09237051, -89.73983765, -127.62070465, 81.41764832, -111.38581085, 0.67200309, 0.14561434, -0.72411621, -0.05351681, 4.73630333, 4.66963911, 5.36805248, 0.00000000, 0.00000000, 0.00000000, 0.00000000
2, 1.2400, 118, 0.16750418, 5.04562998, 1.25611353, 640.10742188, -317.21844482, 416.10440063, -28.58813095, -2.30926633, -90.99678040, -128.05928040, 74.13066864, -115.72008514, 0.64471388, 0.15814552, -0.74784768, 0.00761269, 4.31178904, 2.69645286, 3.23567414, 0.00000000, 0.00000000, 0.00000000, 0.00000000
2, 1.2500, 119, -0.96450567, 3.37613893, 2.24767590, 520.08258057, -426.62762451, 389.61297607, -31.13124847, -8.56474686, -93.36450958, -130.52859497, 67.67338562, -122.31236267, 0.61066693, 0.15985896, -0.77322394, 0.06046342, 4.60208273, 0.91689205, 2.09820890, 0.00000000, 0.00000000, 0.00000000, 0.00000000
2, 1.2600, 120, -2.11205029, 2.81172132, 2.34256697, 361.18893433, -446.90835571, 382.34796143, -34.69745636, -13.59251690, -94.82607269, -133.62788391, 62.04516602, -128.89675903, 0.57294524, 0.15670767, -0.79822534, 0.10006405, 5.04655075, 0.52074641, 1.07942796, 0.00000000, 0.00000000, 0.00000000, 0.00000000
2, 1.2700, 121, -2.94790626, 2.16196322, 2.15187955, 332.73886108, -327.96310425, 335.57351685, -34.69745636, -13.59251690, -94.82607269, -134.24443054, 57.02396393, -132.21803284, 0.54046428, 0.15820961, -0.81538355, 0.13423055, 5.08931065, 0.26697177, 0.11618264, 0.00000000, 0.00000000, 0.00000000, 0.00000000
2, 1.2800, 122, -2.71502876, 1.39023495, 1.83581722, 322.24301147, -108.55273438, 284.26641846, -37.53288651, -18.06489372, -94.59222412, -123.84079742, 46.98579407, 137.35350037, 0.17066428, -0.46902674, -0.68553799, 0.53002393, 4.28623629, 0.05710740, -0.18469709, 0.00000000, 0.00000000, 0.00000000, 0.00000000
2, 1.2900, 123, -2.15373373, 1.00960159, 1.39227712, 276.41238403, -0.93312800, 269.96667480, -40.01753998, -22.44957542, -93.83221436, -123.26389313, 43.14777374, 137.58374023, 0.14179012, -0.45888978, -0.69964939, 0.52896744, 3.38562250, 0.26240695, -0.13828942, 0.00000000, 0.00000000, 0.00000000, 0.00000000
2, 1.3000, 124, -1.75271821, 0.98994356, 1.00589347, 244.06777954, 18.80287933, 262.71795654, -40.92370605, -23.96959877, -92.83834839, -122.96087646, 39.56461716, 137.84098816, 0.11588779, -0.44815117, -0.71335304, 0.52617306, 2.86658907, 0.57108617, 0.00414164, 0.00000000, 0.00000000, 0.00000000, 0.00000000
2, 1.3100, 125, -1.54573655, 1.00431788, 0.79713917, 235.84072876, -2.05584216, 239.59538269, -41.94680023, -27.12657166, -90.55831909, -122.60497284, 36.21782684, 137.90881348, 0.09055918, -0.43869504, -0.72450662, 0.52386642, 2.58534217, 0.76777530, 0.09217685, 0.00000000, 0.00000000, 0.00000000, 0.00000000
2, 1.3200, 126, -1.38628316, 0.79486710, 0.75665855, 240.16497803, -23.23624611, 214.70828247, -41.94680023, -27.12657166, -90.55831909, -122.04254150, 33.04224777, 137.86338806, 0.06516331, -0.43005344, -0.73309284, 0.52286017, 2.29840589, 0.68639213, 0.10687651, 0.00000000, 0.00000000, 0.00000000, 0.00000000
2, 1.3300, 127, -1.42724895, 0.54398209, 0.79812855, 234.73255920, -24.83220863, 195.01586914, -43.23297119, -28.35428238, -88.65828705, -138.28739929, 17.27702332, -142.59840393, 0.24580438, 0.24556707, -0.89224529, 0.28840137, 2.11144209, 0.48864534, 0.04732225, 0.00000000, 0.00000000, 0.00000000, 0.00000000
2, 1.3400, 128, -1.46691155, 0.30028608, 0.92768294, 222.08529663, -0.41790977, 185.28541565, -44.75299454, -30.80970383, -87.66442108, -137.52293396, 14.58887577, -141.61468506, 0.22989190, 0.26049975, -0.88826996, 0.30044317, 1.87117350, 0.17230819, 0.15748629, 0.00000000, 0.00000000, 0.00000000, 0.00000000
2, 1.3500, 129, -1.47565651, 0.09942690, 0.98472917, 208.24830627, 35.58128357, 183.39443970, -45.68839645, -32.56357574, -85.70593262, -137.04008484, 12.04095840, -140.44795227, 0.21505341, 0.27696756, -0.88382888, 0.30965722, 1.75093913, 0.00867738, 0.08174033, 0.00000000, 0.00000000, 0.00000000, 0.00000000
2, 1.3600, 130, -1.45511413, 0.04444886, 0.97876287, 192.19969177, 61.85363388, 176.15191650, -46.65302658, -34.69745636, -84.50745392, -136.79797363, 9.67473221, -139.16777039, 0.20144373, 0.29408750, -0.87909096, 0.31643662, 1.66212714, -0.01434335, 0.07094530, 0.00000000, 0.00000000, 0.00000000, 0.00000000
4, 1.3525, 229, 0.36782464, 3.99078870, -0.13451833, 207.03332520, -75.10645294, 499.30871582, -4.18006420, 40.04676819, -50.59923935, 41.11414337, 55.46155167, 29.92759323, 1.00000000, 0.00000000, 0.00000000, 0.00000000, 1.30619609, -1.00635362, 3.50294805, 101.53300476, -17.30038643, 35.05999756, 0.00000000
4, 1.3550, 230, 0.19227478, 3.98523188, -0.09425032, 222.46049500, -33.45492554, 493.73541260, -1.37386727, 36.39286804, -52.23618698, 43.11768341, 56.21901321, 31.60991859, 1.00000000, 0.00000000, 0.00000000, 0.00000000, 1.48230660, -1.05203688, 3.47387075, 101.53300476, -17.30038643, 35.05999756, 0.00000000
4, 1.3575, 231, 0.03097144, 3.85520530, -0.05341323, 241.65837097, 6.66689062, 489.37927246, -1.37386727, 36.39286804, -52.23618698, 45.11849213, 57.02466202, 33.24324036, 1.00000000, 0.00000000, 0.00000000, 0.00000000, 1.61870563, -1.07279027, 3.32890844, 101.53300476, -17.30038643, 35.05999756, 0.00000000
2, 1.3700, 131, -1.36510253, -0.07756478, 0.99568522, 166.77684021, 75.31596375, 160.12075806, -46.65302658, -34.69745636, -84.50745392, -136.76457214, 7.59464979, -137.90388489, 0.18948638, 0.31038535, -0.87449288, 0.32096428, 1.50677574, -0.10418426, 0.09168801, 0.00000000, 0.00000000, 0.00000000, 0.00000000
4, 1.3600, 232, -0.10151435, 3.57362795, -0.00820236, 261.66503906, 42.89499664, 487.02865601, -1.37386727, 36.39286804, -52.23618698, 47.14234543, 57.87739182, 34.85347748, 1.00000000, 0.00000000, 0.00000000, 0.00000000, 1.69528675, -1.06727266, 3.04456520, 101.53300476, -17.30038643, 35.05999756, 0.00000000
4, 1.3625, 233, -0.17418818, 3.28661323, 0.04553248, 281.41348267, 75.41508484, 487.89633179, -1.37386727, 36.39286804, -52.23618698, 49.21912384, 58.77604675, 36.47376251, 1.00000000, 0.00000000, 0.00000000, 0.00000000, 1.71217418, -1.06769395, 2.76687098, 101.53300476, -17.30038643, 35.05999756, 0.00000000
4, 1.3650, 234, -0.20988014, 3.06462812, 0.06685235, 299.49523926, 102.99124908, 491.43170166, -1.37386727, 36.39286804, -52.23618698, 51.38039398, 59.71362686, 38.14170456, 1.00000000, 0.00000000, 0.00000000, 0.00000000, 1.70802021, -1.04753649, 2.56623721, 101.53300476, -17.30038643, 35.05999756, 0.00000000
4, 1.3675, 235, -0.27796802, 2.87148023, 0.14940058, 319.67886353, 124.98881531, 494.61062622, 2.13387895, 32.12511063, -52.41157532, 53.65725327, 60.67784882, 39.88286972, 1.00000000, 0.00000000, 0.00000000, 0.00000000, 1.73904634, -1.09193254, 2.37559605, 101.53300476, -17.30038643, 35.05999756, 0.00000000
2, 1.3800, 132, -1.33364844, -0.12123896, 1.02987194, 135.06399536, 78.92852783, 139.02526855, -47.44226837, -37.62057877, -83.68898010, -129.40202332, -5.73508978, -162.03504944, 0.02196423, 0.16209793, -0.88854623, 0.42863464, 1.39679861, -0.13474688, 0.09014351, 0.00000000, 0.00000000, 0.00000000, 0.00000000
2, 1.3900, 133, -1.29564118, -0.21057907, 1.02385056, 102.66719055, 90.17716217, 117.52026367, -48.52382278, -36.88979721, -82.22741699, -129.94343567, -7.22500324, -161.11421204, 0.01295433, 0.17465925, -0.88767147, 0.42587078, 1.14042366, -0.12929408, 0.00729529, 0.00000000, 0.00000000, 0.00000000, 0.00000000
4, 1.3700, 236, -0.33104059, 2.69971871, 0.22748652, 345.08322144, 142.37786865, 493.19604492, 2.13387895, 32.12511063, -52.41157532, 56.06711197, 61.65441895, 41.69910431, 1.00000000, 0.00000000, 0.00000000, 0.00000000, 1.75992310, -1.13508415, 2.21012306, 101.53300476, -17.30038643, 35.05999756, 0.00000000
4, 1.3725, 237, -0.40180683, 2.53586555, 0.37483481, 378.65457153, 150.24942017, 488.22152710, 2.13387895, 32.12511063, -52.41157532, 58.64569855, 62.62033463, 43.60214996, 1.00000000, 0.00000000, 0.00000000, 0.00000000, 1.79656470, -1.24706101, 2.03604388, 101.53300476, -17.30038643, 35.05999756, 0.00000000
4, 1.3750, 238, -0.45330814, 2.36626506, 0.67255229, 412.09576416, 147.93931580, 481.38867188, 2.13387895, 32.12511063, -52.41157532, 61.41705322, 63.54820251, 45.61297989, 1.00000000, 0.00000000, 0.00000000, 0.00000000, 1.80647480, -1.50514483, 1.83281684, 101.53300476, -17.30038643, 35.05999756, 0.00000000
2, 1.4000, 134, -1.26968408, -0.23499995, 1.03149796, 79.69477081, 106.84780884, 96.32711792, -48.96229172, -37.29903412, -81.11663055, -130.65315247, -8.38713646, -160.09057617, 0.00652126, 0.18673348, -0.88734758, 0.42154765, 1.09161448, -0.16090475, 0.02541102, 0.00000000, 0.00000000, 0.00000000, 0.00000000
2, 1.4100, 135, -1.14061558, -0.30457672, 0.99919319, 59.46705246, 130.24697876, 73.73303986, -48.96229172, -37.29903412, -81.11663055, -131.55206299, -9.21444702, -158.89466858, 0.00288738, 0.19887447, -0.88759184, 0.41547731, 0.93569934, -0.19579352, 0.08482490, 0.00000000, 0.00000000, 0.00000000, 0.00000000
4, 1.3900, 239, -0.62046576, -0.60441470, 2.77997971, 172.30953979, 10.68275738, 431.96243286, 5.43700647, 26.62964058, -53.69775009, 68.12625122, 75.79878998, 99.68242645, 1.00000000, 0.00000000, 0.00000000, 0.00000000, 1.33507264, -2.84006882, -1.32438254, 101.53300476, -17.30038643, 35.05999756, 0.00000000
4, 1.3925, 240, -0.66240090, -0.90564501, 2.15474296, 85.51049805, -3.86002374, 437.74890137, 7.83396673, 20.02338409, -53.93159866, 72.62898254, 76.00008392, 104.06126404, 1.00000000, 0.00000000, 0.00000000, 0.00000000, 1.33938217, -2.17187977, -1.48580766, 101.53300476, -17.30038643, 35.05999756, 0.00000000
4, 1.3950, 241, -0.62936217, -0.97717178, 1.26346815, 3.64658809, -15.23153496, 448.65231323, 7.83396673, 20.02338409, -53.93159866, 77.19118500, 76.04850006, 108.69775391, 1.00000000, 0.00000000, 0.00000000, 0.00000000, 1.32882810, -1.28765094, -1.36152434, 101.53300476, -17.30038643, 35.05999756, 0.00000000
4, 1.3975, 242, -0.55875647, -0.88132048, 0.58012760, -61.87686539, -30.15599823, 463.74661255, 7.83396673, 20.02338409, -53.93159866, 81.76808167, 75.93633270, 113.50528717, 1.00000000, 0.00000000, 0.00000000, 0.00000000, 1.30745208, -0.64078414, -1.10782468, 101.53300476, -17.30038643, 35.05999756, 0.00000000
4, 1.4000, 243, -0.41862795, -0.60773087, 0.21005218, -100.27756500, -38.65729904, 477.39855957, 7.83396673, 20.02338409, -53.93159866, 86.28102875, 75.68827820, 118.34134674, 1.00000000, 0.00000000, 0.00000000, 0.00000000, 1.24198365, -0.33624572, -0.72747403, 101.53300476, -17.30038643, 35.05999756, 0.00000000
2, 1.4200, 136, -1.16386580, -0.33741829, 0.94638115, 45.76877975, 155.72143555, 53.60979843, -48.78690338, -37.26980209, -80.21046448, -132.62643433, -9.75291729, -157.48922729, 0.00177952, 0.21158665, -0.88822573, 0.40777835, 0.89431375, -0.19247633, 0.03991013, 0.00000000, 0.00000000, 0.00000000, 0.00000000
2, 1.4300, 137, -1.15419340, -0.35654801, 0.90214926, 37.84364700, 180.82025146, 32.38872147, -49.37152863, -38.61444092, -79.74276733, -131.70401001, -15.95490265, -160.48118591, -0.05613052, 0.20913520, -0.88095957, 0.42074013, 0.82300872, -0.18554182, 0.02169659, 0.00000000, 0.00000000, 0.00000000, 0.00000000
4, 1.4025, 244, -0.33887041, -0.13688678, -0.10733774, -117.97077179, -28.22268295, 491.57971191, 7.83396673, 20.02338409, -53.93159866, 90.71353912, 75.35846710, 123.14932251, 1.00000000, 0.00000000, 0.00000000, 0.00000000, 1.27429366, -0.12114824, -0.18033794, 101.53300476, -17.30038643, 35.05999756, 0.00000000
4, 1.4050, 245, -0.50240916, 0.48570102, -0.47077841, -120.79191589, 4.10748816, 501.65344238, 9.47091484, 17.07103157, -53.55159378, 95.06803894, 75.00669861, 127.90766907, 1.00000000, 0.00000000, 0.00000000, 0.00000000, 1.57784259, 0.11116681, 0.46949565, 101.53300476, -17.30038643, 35.05999756, 0.00000000
4, 1.4075, 246, -1.03648484, 1.16750371, -0.86281931, -111.99365997, 48.51800156, 504.02044678, 9.47091484, 17.07103157, -53.55159378, 99.35150909, 74.67013550, 132.60166931, 1.00000000, 0.00000000, 0.00000000, 0.00000000, 2.25699735, 0.36196652, 1.10274637, 101.53300476, -17.30038643, 35.05999756, 0.00000000
4, 1.4100, 247, -1.91181469, 1.70187676, -1.02385426, -96.73546600, 94.08568573, 495.10211182, 9.47091484, 17.07103157, -53.55159378, 103.53388977, 74.36303711, 137.18505859, 1.00000000, 0.00000000, 0.00000000, 0.00000000, 3.22928596, 0.41630661, 1.47850037, 101.53300476, -17.30038643, 35.05999756, 0.00000000
2, 1.4400, 138, -1.09221351, -0.40372655, 0.83939934, 34.51304245, 200.62092590, 5.35801697, -48.49459076, -37.24057388, -79.04121399, -133.14080811, -15.97780895, -158.58988953, -0.05215980, 0.22308443, -0.88256556, 0.41059804, 0.64625508, -0.18199706, 0.00305542, 0.00000000, 0.00000000, 0.00000000, 0.00000000
4, 1.4125, 248, -2.97284722, 2.00158429, -0.83959711, -77.40276337, 137.57885742, 473.91351318, 9.47091484, 17.07103157, -53.55159378, 107.57701874, 74.09731293, 141.60704041, 1.00000000, 0.00000000, 0.00000000, 0.00000000, 4.31984806, 0.17882168, 1.52444494, 101.53300476, -17.30038643, 35.05999756, 0.00000000
4, 1.4625, 249, -1.16629755, -0.36965951, -0.81536305, 129.72312927, -178.72645569, 149.45762634, 11.83864307, 9.55860806, -54.19467926, 103.74651337, 55.26843262, -9.38393497, 1.00000000, 0.00000000, 0.00000000, 0.00000000, 1.91716552, 0.31771871, -0.31526434, 101.53300476, -17.30038643, 35.05999756, 0.00000000
4, 1.4650, 250, -0.67327058, -0.24949887, -0.85724193, 106.18754578, -189.32594299, 144.95346069, 11.83864307, 9.55860806, -54.19467926, 104.32585144, 54.75302505, -9.13255215, 1.00000000, 0.00000000, 0.00000000, 0.00000000, 1.45724559, 0.33002591, -0.07952420, 101.53300476, -17.30038643, 35.05999756, 0.00000000
2, 1.4500, 139, -0.95683491, -0.45926759, 0.77715605, 22.14606094, 203.64143372, -18.32993317, -47.70534897, -37.59134674, -78.51505280, -134.55169678, -15.68797874, -156.68727112, -0.04596857, 0.23624761, -0.88424897, 0.40022218, 0.49789211, -0.19019389, 0.06957370, 0.00000000, 0.00000000, 0.00000000, 0.00000000
4, 1.4675, 251, -0.51285183, -0.16752538, -0.82380450, 89.04842377, -183.34756470, 139.98646545, 11.83864307, 9.55860806, -54.19467926, 104.83892822, 54.24590302, -8.90504551, 1.00000000, 0.00000000, 0.00000000, 0.00000000, 1.31119490, 0.27582031, 0.03390461, 101.53300476, -17.30038643, 35.05999756, 0.00000000
4, 1.4700, 252, -0.38127187, -0.03488135, -0.73128772, 71.04042816, -174.77832031, 132.50288391, 10.61093235, 8.27243519, -55.74393463, 105.27982330, 53.75533676, -8.70450211, 1.00000000, 0.00000000, 0.00000000, 0.00000000, 1.20162308, 0.15406238, 0.17800666, 101.53300476, -17.30038643, 35.05999756, 0.00000000
4, 1.4725, 253, -0.27375567, 0.14622287, -0.49992758, 55.42809677, -163.82652283, 122.98722839, 10.61093235, 8.27243519, -55.74393463, 105.65279388, 53.29034042, -8.53140163, 1.00000000, 0.00000000, 0.00000000, 0.00000000, 1.12023580, -0.11300009, 0.33671641, 101.53300476, -17.30038643, 35.05999756, 0.00000000
4, 1.4750, 254, -0.23462182, 0.34245604, -0.16082691, 40.62475967, -147.17959595, 111.18506622, 10.61093235, 8.27243519, -55.74393463, 105.96051025, 52.86656189, -8.38128376, 1.00000000, 0.00000000, 0.00000000, 0.00000000, 1.10479331, -0.48825753, 0.47438419, 101.53300476, -17.30038643, 35.05999756, 0.00000000
4, 1.4775, 255, -0.20492551, 0.50483555, 0.09925035, 23.77750587, -122.67834473, 95.45211792, 10.61093235, 8.27243519, -55.74393463, 106.19524384, 52.50465012, -8.25226879, 1.00000000, 0.00000000, 0.00000000, 0.00000000, 1.09532726, -0.77879322, 0.59145021, 101.53300476, -17.30038643, 35.05999756, 0.00000000
4, 1.4800, 256, -0.22143352, 0.66386437, 0.27457193, 7.04896927, -95.28333282, 79.97888184, 10.61093235, 8.27243519, -55.74393463, 142.45541382, 65.79004669, -139.36453247, 1.00000000, 0.00000000, 0.00000000, 0.00000000, 1.25624442, -0.64671886, 0.86291802, 101.53300476, -17.30038643, 35.05999756, 0.00000000
4, 1.4825, 257, -0.29115677, 0.84058732, 0.37529060, -3.42203283, -69.97402954, 66.28749847, 9.76322746, 6.48933077, -56.03624725, 142.31326294, 65.56534576, -139.55903625, 1.00000000, 0.00000000, 0.00000000, 0.00000000, 1.35565186, -0.78245878, 1.00080335, 101.53300476, -17.30038643, 35.05999756, 0.00000000
4, 1.4850, 258, -0.40194681, 1.00818300, 0.42131647, -3.70831800, -49.75852966, 53.12195587, 9.76322746, 6.48933077, -56.03624725, 142.22520447, 65.39171600, -139.68051147, 1.00000000, 0.00000000, 0.00000000, 0.00000000, 1.49586403, -0.86197174, 1.13100159, 101.53300476, -17.30038643, 35.05999756, 0.00000000
2, 1.4600, 140, -0.80435365, -0.51077175, 0.80343491, 6.65539217, 190.15550232, -37.14517975, -47.70534897, -37.59134674, -78.51505280, -135.83197021, -15.13563061, -154.95776367, -0.03833523, 0.24748102, -0.88598037, 0.39028499, 0.39120570, -0.25871980, 0.18965283, 0.00000000, 0.00000000, 0.00000000, 0.00000000
2, 1.4700, 141, -0.68621969, -0.50533944, 0.81939125, -8.33338737, 169.64012146, -49.17999268, -47.06226349, -37.18210983, -78.04735565, -136.95085144, -14.40321064, -153.48106384, -0.03002039, 0.25645170, -0.88776821, 0.38104999, 0.33664370, -0.27886024, 0.30482641, 0.00000000, 0.00000000, 0.00000000, 0.00000000
2, 1.4800, 142, -0.66172159, -0.48193285, 0.83367145, -22.81335831, 146.26690674, -58.42260361, -45.83454895, -37.26980209, -77.60888672, -130.89300537, -17.12418747, -163.34078979, -0.07446184, 0.19151333, -0.88098580, 0.42619491, 0.33972839, -0.26583314, 0.33120131, 0.00000000, 0.00000000, 0.00000000, 0.00000000
4, 1.5600, 259, -0.06740311, -0.17684838, 0.26339269, -60.44047928, 132.06996155, -104.27109528, 11.63402462, 7.36626720, -53.90236664, -179.23753357, 76.76773834, -178.32301331, 1.00000000, 0.00000000, 0.00000000, 0.00000000, 0.99145156, -0.22152947, -0.00443627, 101.53300476, -17.30038643, 35.05999756, 0.00000000
4, 1.5625, 260, -0.05002828, -0.16021197, 0.17212734, -56.82695007, 124.12171173, -107.28578186, 11.63402462, 7.36626720, -53.90236664, -178.07170105, 76.96397400, -176.90528870, 1.00000000, 0.00000000, 0.00000000, 0.00000000, 0.98248005, -0.13060647, 0.02888602, 101.53300476, -17.30038643, 35.05999756, 0.00000000
4, 1.5650, 261, -0.02742754, -0.16025823, 0.14176950, -52.92158508, 115.13733673, -110.18604279, 11.63402462, 7.36626720, -53.90236664, -176.92953491, 77.16585541, -175.52731323, 1.00000000, 0.00000000, 0.00000000, 0.00000000, 0.96242273, -0.09649546, 0.03573128, 101.53300476, -17.30038643, 35.05999756, 0.00000000
4, 1.5675, 262, 0.02428105, -0.17093354, 0.11520267, -49.93891144, 106.22202301, -113.20483398, 11.63402462, 7.36626720, -53.90236664, -175.81381226, 77.37448120, -174.18949890, 1.00000000, 0.00000000, 0.00000000, 0.00000000, 0.91156000, -0.06431653, 0.03769995, 101.53300476, -17.30038643, 35.05999756, 0.00000000
4, 1.5700, 263, 0.05416373, -0.18826622, 0.08462379, -47.59319305, 97.56076050, -119.27641296, 11.60479355, 9.90938282, -52.90850449, -174.71502686, 77.59767914, -172.88005066, 1.00000000, 0.00000000, 0.00000000, 0.00000000, 0.88083088, -0.02715340, 0.02905976, 101.53300476, -17.30038643, 35.05999756, 0.00000000
4, 1.5725, 264, 0.05416373, -0.18826622, 0.08462379, -47.59319305, 97.56076050, -119.27641296, 11.60479355, 9.90938282, -52.90850449, -173.57284546, 77.81527710, -171.52728271, 1.00000000, 0.00000000, 0.00000000, 0.00000000, 0.88163960, -0.02330979, 0.02493509, 101.53300476, -17.30038643, 35.05999756, 0.00000000
4, 1.5750, 265, 0.11503610, -0.21636039, 0.02391968, -45.55367661, 73.86844635, -125.96490479, 11.60479355, 9.90938282, -52.90850449, -172.59765625, 78.06146240, -170.36354065, 1.00000000, 0.00000000, 0.00000000, 0.00000000, 0.81966805, 0.04468118, 0.01777343, 101.53300476, -17.30038643, 35.05999756, 0.00000000
2, 1.4900, 143, -0.66212708, -0.33023265, 0.77304256, -39.73752594, 122.31196594, -73.23852539, -45.01607513, -37.41595840, -77.57965088, -131.75291443, -16.18836021, -162.29690552, -0.06471029, 0.19589841, -0.88395792, 0.41958877, 0.36272475, -0.07251596, 0.31845963, 0.00000000, 0.00000000, 0.00000000, 0.00000000
4, 1.5775, 266, 0.11503610, -0.21636039, 0.02391968, -45.55367661, 73.86844635, -125.96490479, 11.60479355, 9.90938282, -52.90850449, -171.57800293, 78.30333710, -169.15544128, 1.00000000, 0.00000000, 0.00000000, 0.00000000, 0.82053280, 0.04772229, 0.01317887, 101.53300476, -17.30038643, 35.05999756, 0.00000000
4, 1.5800, 267, 0.16634330, -0.23464295, -0.01604587, -44.23185730, 60.25321198, -133.01235962, 11.60479355, 9.90938282, -52.90850449, 176.43865967, 72.19506836, -175.09051514, 1.00000000, 0.00000000, 0.00000000, 0.00000000, 0.74108273, 0.04176565, 0.11873720, 101.53300476, -17.30038643, 35.05999756, 0.00000000
4, 1.5825, 268, 0.18466653, -0.23937875, -0.03353738, -43.32717514, 54.03408051, -136.63525391, 11.78018093, 11.07863140, -52.20695496, 176.76766968, 72.51395416, -174.58982849, 1.00000000, 0.00000000, 0.00000000, 0.00000000, 0.72459334, 0.06189262, 0.11619575, 101.53300476, -17.30038643, 35.05999756, 0.00000000
2, 1.5000, 144, -0.59321511, -0.15070255, 0.65207994, -54.88986588, 89.02178192, -102.16560364, -44.57761002, -36.45132828, -77.31657410, -132.27595520, -14.95136452, -161.56193542, -0.05318768, 0.19722229, -0.88660419, 0.41497877, 0.37372822, 0.13491455, 0.41459915, 0.00000000, 0.00000000, 0.00000000, 0.00000000
2, 1.5100, 145, -0.59327221, -0.07662684, 0.61521935, -72.80879974, 50.10888672, -141.86030579, -44.57761002, -36.45132828, -77.31657410, -132.39474487, -13.32493687, -161.16534424, -0.03912995, 0.19488919, -0.88885301, 0.41282862, 0.42072684, 0.21413426, 0.44130215, 0.00000000, 0.00000000, 0.00000000, 0.00000000
4, 1.6550, 269, 0.43217263, 0.14483155, -0.33117288, -31.63374329, -13.46467113, -216.43257141, 9.73399544, 19.23414230, -52.64542389, 85.13697815, 83.90551758, 94.33580017, 1.00000000, 0.00000000, 0.00000000, 0.00000000, 0.61605662, 0.19145161, 0.28420493, 101.53300476, -17.30038643, 35.05999756, 0.00000000
4, 1.6575, 270, 0.45507446, 0.15579391, -0.33881521, -32.07609940, -11.24643421, -217.15034485, 9.73399544, 19.23414230, -52.64542389, 79.97796631, 83.89294434, 89.24263763, 1.00000000, 0.00000000, 0.00000000, 0.00000000, 0.59627002, 0.19787255, 0.29152381, 101.53300476, -17.30038643, 35.05999756, 0.00000000
4, 1.6600, 271, 0.47712266, 0.15893504, -0.34460938, -32.09442520, -8.82030678, -217.87342834, 8.53551579, 20.49108505, -52.32388306, 74.85848999, 83.83782196, 84.19037628, 1.00000000, 0.00000000, 0.00000000, 0.00000000, 0.57552272, 0.20410269, 0.29080474, 101.53300476, -17.30038643, 35.05999756, 0.00000000
4, 1.6625, 272, 0.50348765, 0.16012396, -0.34993729, -32.74947739, -6.60034847, -218.72618103, 8.53551579, 20.49108505, -52.32388306, 69.83865356, 83.73991394, 79.24044037, 1.00000000, 0.00000000, 0.00000000, 0.00000000, 0.55004829, 0.21036047, 0.28902829, 101.53300476, -17.30038643, 35.05999756, 0.00000000
2, 1.5200, 146, -0.66343290, -0.10034157, 0.68774694, -91.23125458, 22.06016541, -183.02949524, -42.88219833, -36.59748459, -78.57351685, -132.20336914, -11.28681850, -161.00119019, -0.02213793, 0.18944857, -0.89078349, 0.41246110, 0.52279317, 0.15136775, 0.41287646, 0.00000000, 0.00000000, 0.00000000, 0.00000000
4, 1.6650, 273, 0.53405160, 0.16091110, -0.35246053, -33.47347260, -4.58194160, -219.93016052, 8.53551579, 20.49108505, -52.32388306, 64.96910858, 83.60012054, 74.44355011, 1.00000000, 0.00000000, 0.00000000, 0.00000000, 0.52018857, 0.21404830, 0.28720224, 101.53300476, -17.30038643, 35.05999756, 0.00000000
4, 1.6675, 274, 0.56289405, 0.16021705, -0.35366288, -34.12542343, -2.70131326, -221.13818359, 8.53551579, 20.49108505, -52.32388306, 60.29847336, 83.42007446, 69.84807587, 1.00000000, 0.00000000, 0.00000000, 0.00000000, 0.49155983, 0.21682495, 0.28330606, 101.53300476, -17.30038643, 35.05999756, 0.00000000
4, 1.6700, 275, 0.59345245, 0.16528322, -0.35734975, -34.49057770, -1.16046715, -222.63777161, 8.53551579, 20.49108505, -52.32388306, 55.85910416, 83.20130157, 65.48547363, 1.00000000, 0.00000000, 0.00000000, 0.00000000, 0.46247402, 0.22102667, 0.28571707, 101.53300476, -17.30038643, 35.05999756, 0.00000000
4, 1.6725, 276, 0.62546748, 0.17071182, -0.36944860, -35.13922119, 0.38414699, -224.41038513, 8.15550995, 22.53726959, -52.32388306, 51.66976547, 82.94625854, 61.37518692, 1.00000000, 0.00000000, 0.00000000, 0.00000000, 0.43229359, 0.23350775, 0.29030383, 101.53300476, -17.30038643, 35.05999756, 0.00000000
4, 1.6750, 277, 0.65685594, 0.17704366, -0.38519612, -35.21749878, 1.58631539, -226.27130127, 8.15550995, 22.53726959, -52.32388306, 47.74479675, 82.65692902, 57.52995682, 1.00000000, 0.00000000, 0.00000000, 0.00000000, 0.40296805, 0.24947964, 0.29624465, 101.53300476, -17.30038643, 35.05999756, 0.00000000
4, 1.6775, 278, 0.69181043, 0.19083150, -0.40267208, -35.29657745, 2.93084478, -228.40878296, 8.15550995, 22.53726959, -52.32388306, 44.08178711, 82.33625031, 53.94742203, 1.00000000, 0.00000000, 0.00000000, 0.00000000, 0.37169403, 0.26580954, 0.31034824, 101.53300476, -17.30038643, 35.05999756, 0.00000000
4, 1.6900, 279, 0.86782265, 0.34462199, -0.46990055, -32.05532837, 8.70631313, -248.54461670, 7.30780458, 24.40806770, -52.52849960, 34.00363541, 73.97129822, 41.52690887, 1.00000000, 0.00000000, 0.00000000, 0.00000000, 0.20477727, 0.24064538, 0.37487832, 101.53300476, -17.30038643, 35.05999756, 0.00000000
4, 1.6925, 280, 0.86782265, 0.34462199, -0.46990055, -32.05532837, 8.70631313, -248.54461670, 7.30780458, 24.40806770, -52.52849960, 32.41218948, 73.53034210, 39.98207092, 1.00000000, 0.00000000, 0.00000000, 0.00000000, 0.20262390, 0.24310207, 0.36444044, 101.53300476, -17.30038643, 35.05999756, 0.00000000
4, 1.6950, 281, 0.91389173, 0.42182437, -0.46664444, -31.21504593, 11.47719955, -257.86505127, 7.30780458, 24.40806770, -52.52849960, 30.83384705, 73.06531525, 38.44766617, 1.00000000, 0.00000000, 0.00000000, 0.00000000, 0.17132910, 0.22776166, 0.43691793, 101.53300476, -17.30038643, 35.05999756, 0.00000000
4, 1.6975, 282, 0.93225092, 0.45964733, -0.46185893, -31.07785034, 12.79743958, -262.79956055, 6.02163124, 23.85267448, -52.00233841, 29.30490685, 72.58131409, 36.96201324, 1.00000000, 0.00000000, 0.00000000, 0.00000000, 0.15862861, 0.21858570, 0.46527344, 101.53300476, -17.30038643, 35.05999756, 0.00000000
4, 1.7000, 283, 0.94863725, 0.49977913, -0.45680085, -31.08275986, 14.11403847, -267.52163696, 6.02163124, 23.85267448, -52.00233841, 27.82605553, 72.07891846, 35.52612686, 1.00000000, 0.00000000, 0.00000000, 0.00000000, 0.14816122, 0.20880920, 0.49521923, 101.53300476, -17.30038643, 35.05999756, 0.00000000
4, 1.7025, 284, 0.96430862, 0.54488128, -0.44142985, -31.58545113, 15.56633472, -272.16082764, 6.02163124, 23.85267448, -52.00233841, 26.39555550, 71.55857086, 34.13958359, 1.00000000, 0.00000000, 0.00000000, 0.00000000, 0.13883924, 0.18807384, 0.52769876, 101.53300476, -17.30038643, 35.05999756, 0.00000000
2, 1.5300, 147, -0.71805364, -0.22315116, 0.72150373, -133.93360901, 17.76332092, -226.87300110, -41.88833618, -35.69131851, -79.12890625, -129.43614197, -14.87105179, -162.43208313, -0.05097288, 0.19154108, -0.87765759, 0.43638420, 0.52218831, 0.05439664, 0.31830072, 0.00000000, 0.00000000, 0.00000000, 0.00000000
2, 1.5400, 148, -0.64677000, -0.20827122, 0.71061814, -195.83296204, 29.26441765, -262.49349976, -40.01753998, -33.44051361, -80.21046448, -129.53227234, -11.58450413, -162.38856506, -0.02528613, 0.18028706, -0.88276249, 0.43311384, 0.45048839, 0.09025083, 0.34580243, 0.00000000, 0.00000000, 0.00000000, 0.00000000
2, 1.5500, 149, -0.57373869, -0.04565910, 0.60738397, -265.64965820, 37.89511871, -295.05621338, -37.47442245, -31.77433395, -81.99356842, -129.92872620, -7.62139559, -162.53851318, 0.00457537, 0.16502482, -0.88929683, 0.42649418, 0.50332832, 0.28291667, 0.44461715, 0.00000000, 0.00000000, 0.00000000, 0.00000000
4, 1.7050, 285, 0.97627622, 0.58964646, -0.42826277, -32.93799210, 16.80755424, -276.64599609, 6.02163124, 23.85267448, -52.00233841, 25.01377106, 71.02026367, 32.80487061, 1.00000000, 0.00000000, 0.00000000, 0.00000000, 0.13297515, 0.16967508, 0.55933440, 101.53300476, -17.30038643, 35.05999756, 0.00000000
4, 1.7075, 286, 0.98861873, 0.63657117, -0.41274884, -34.85837936, 18.04305077, -280.83987427, 6.02163124, 23.85267448, -52.00233841, 23.68012238, 70.46475220, 31.52285957, 1.00000000, 0.00000000, 0.00000000, 0.00000000, 0.12691730, 0.14866835, 0.59255010, 101.53300476, -17.30038643, 35.05999756, 0.00000000
4, 1.7100, 287, 1.00218761, 0.69020945, -0.39824334, -36.91752625, 18.86218643, -284.89880371, 4.26775789, 28.88044357, -51.65156174, 22.39586639, 69.89200592, 30.29509926, 1.00000000, 0.00000000, 0.00000000, 0.00000000, 0.12091740, 0.12745693, 0.63252908, 101.53300476, -17.30038643, 35.05999756, 0.00000000
4, 1.7125, 288, 1.01648068, 0.74502105, -0.38921171, -39.33182907, 19.67388153, -288.53140259, 4.26775789, 28.88044357, -51.65156174, 21.16036415, 69.30318451, 29.12193871, 1.00000000, 0.00000000, 0.00000000, 0.00000000, 0.11448771, 0.11148542, 0.67470872, 101.53300476, -17.30038643, 35.05999756, 0.00000000
2, 1.5600, 150, -0.49895367, 0.28531718, 0.43698210, -322.92242432, 41.85198975, -336.28594971, -37.47442245, -31.77433395, -81.99356842, -130.50401306, -2.99065495, -162.85762024, 0.03893643, 0.14610668, -0.89608091, 0.41734383, 0.62610638, 0.63433969, 0.59653723, 0.00000000, 0.00000000, 0.00000000, 0.00000000
4, 1.7525, 289, 1.64637017, 1.20660806, -0.80991340, -43.68338013, -14.63864136, -339.87762451, 0.08769365, 34.25898743, -51.71002579, 7.90118361, 51.21233368, 14.91981602, 1.00000000, 0.00000000, 0.00000000, 0.00000000, -0.54290807, 0.47729224, 1.03971612, 101.53300476, -17.30038643, 35.05999756, 0.00000000
4, 1.7550, 290, 1.66609800, 1.11697567, -0.82681429, -40.96468735, -17.06789017, -342.98168945, 0.08769365, 34.25898743, -51.71002579, 7.51625013, 50.38344574, 14.58598328, 1.00000000, 0.00000000, 0.00000000, 0.00000000, -0.58941531, 0.51377755, 0.94947755, 101.53300476, -17.30038643, 35.05999756, 0.00000000
4, 1.7575, 291, 1.67682779, 1.02065372, -0.84478772, -38.67317963, -19.36680031, -345.65545654, 0.08769365, 34.25898743, -51.71002579, 7.15424013, 49.54521179, 14.26952457, 1.00000000, 0.00000000, 0.00000000, 0.00000000, -0.62875694, 0.55249560, 0.85115606, 101.53300476, -17.30038643, 35.05999756, 0.00000000
4, 1.7600, 292, 1.67562306, 0.92517644, -0.85409904, -37.02186584, -21.53807449, -347.75466919, 0.08769365, 34.25898743, -51.71002579, 6.81321430, 48.69918823, 13.97025490, 1.00000000, 0.00000000, 0.00000000, 0.00000000, -0.65686965, 0.58245856, 0.74954540, 101.53300476, -17.30038643, 35.05999756, 0.00000000
4, 1.7625, 293, 1.66986740, 0.83340776, -0.85885161, -36.72261047, -23.23406982, -349.53707886, -3.62467122, 36.42210007, -51.53463745, 6.48855495, 47.84654617, 13.68707752, 1.00000000, 0.00000000, 0.00000000, 0.00000000, -0.68018734, 0.60718697, 0.64975154, 101.53300476, -17.30038643, 35.05999756, 0.00000000
4, 1.7650, 294, 1.65425038, 0.75498945, -0.86075348, -37.56670761, -23.97592354, -350.71905518, -3.62467122, 36.42210007, -51.53463745, 6.17492867, 46.98943710, 13.41745472, 1.00000000, 0.00000000, 0.00000000, 0.00000000, -0.69140744, 0.62656283, 0.56023049, 101.53300476, -17.30038643, 35.05999756, 0.00000000
4, 1.7675, 295, 1.63543940, 0.69314891, -0.85511982, -38.77419662, -23.76846504, -350.89871216, -3.62467122, 36.42210007, -51.53463745, 5.86902237, 46.13101196, 13.15892696, 1.00000000, 0.00000000, 0.00000000, 0.00000000, -0.69652152, 0.63540649, 0.48466206, 101.53300476, -17.30038643, 35.05999756, 0.00000000
2, 1.5700, 151, -0.39083228, 0.51691544, 0.18481149, -367.32531738, 31.51124191, -388.60647583, -35.45746994, -29.58199310, -83.60128784, -131.06817627, 2.30900502, -163.38983154, 0.07795683, 0.12319075, -0.90168482, 0.40707672, 0.64194721, 0.97271132, 0.68695450, 0.00000000, 0.00000000, 0.00000000, 0.00000000
4, 1.7700, 296, 1.61416900, 0.65082616, -0.84313118, -40.84268188, -22.39598465, -350.68963623, -3.62467122, 36.42210007, -51.53463745, 5.56556892, 45.27302551, 12.90810108, 1.00000000, 0.00000000, 0.00000000, 0.00000000, -0.69555944, 0.63437176, 0.42626214, 101.53300476, -17.30038643, 35.05999756, 0.00000000
4, 1.7725, 297, 1.59585595, 0.62757713, -0.82759446, -43.55844116, -19.99924850, -349.88952637, -3.62467122, 36.42210007, -51.53463745, 5.26055098, 44.41759109, 12.66238785, 1.00000000, 0.00000000, 0.00000000, 0.00000000, -0.69376260, 0.62634772, 0.38631159, 101.53300476, -17.30038643, 35.05999756, 0.00000000
4, 1.7750, 298, 1.58754563, 0.62294388, -0.80155504, -46.70592117, -16.92262077, -348.50939941, -6.54779291, 39.37445068, -51.68079376, 4.95146418, 43.56653595, 12.42023277, 1.00000000, 0.00000000, 0.00000000, 0.00000000, -0.69836771, 0.60462826, 0.36459360, 101.53300476, -17.30038643, 35.05999756, 0.00000000
4, 1.7775, 299, 1.58479750, 0.63803124, -0.76585650, -50.21281815, -13.37727165, -346.27545166, -6.54779291, 39.37445068, -51.68079376, 4.63678646, 42.72214508, 12.18102169, 1.00000000, 0.00000000, 0.00000000, 0.00000000, -0.70473617, 0.56984955, 0.36140507, 101.53300476, -17.30038643, 35.05999756, 0.00000000
4, 1.7800, 300, 1.59303689, 0.66615415, -0.72119194, -54.21733856, -9.84853363, -343.05386353, -6.54779291, 39.37445068, -51.68079376, 8.36811447, 43.34720230, 13.98164845, 1.00000000, 0.00000000, 0.00000000, 0.00000000, -0.70074767, 0.47417557, 0.39454043, 101.53300476, -17.30038643, 35.05999756, 0.00000000
4, 1.7825, 301, 1.61400092, 0.70640659, -0.66366756, -58.78588104, -6.96282434, -338.50576782, -6.54779291, 39.37445068, -51.68079376, 7.98136759, 42.53751373, 13.67023849, 1.00000000, 0.00000000, 0.00000000, 0.00000000, -0.72549415, 0.41352004, 0.41659784, 101.53300476, -17.30038643, 35.05999756, 0.00000000
4, 1.7850, 302, 1.64334750, 0.74022800, -0.60744023, -63.84848404, -4.65763998, -332.21270752, -6.54779291, 39.37445068, -51.68079376, 7.59465027, 41.74268341, 13.37335491, 1.00000000, 0.00000000, 0.00000000, 0.00000000, -0.75966620, 0.35554603, 0.43485457, 101.53300476, -17.30038643, 35.05999756, 0.00000000
4, 1.7875, 303, 1.70328736, 0.79581261, -0.53833151, -69.60711670, -4.31398916, -324.12576294, -8.59397793, 39.72522736, -51.21309662, 7.21218443, 40.96546173, 13.09862137, 1.00000000, 0.00000000, 0.00000000, 0.00000000, -0.81958926, 0.28087193, 0.47846210, 101.53300476, -17.30038643, 35.05999756, 0.00000000
2, 1.5800, 152, -0.25247216, 0.55388528, -0.10658334, -406.78369141, 11.55410385, -446.52917480, -33.29435730, -25.31423569, -85.61824036, -149.06988525, 5.09978533, -133.90505981, 0.14374492, 0.36602944, -0.89063001, 0.22833756, 0.50755942, 1.14408541, 0.73256004, 0.00000000, 0.00000000, 0.00000000, 0.00000000
2, 1.5900, 153, -0.14858383, 0.50069839, -0.44800466, -453.16427612, -10.46187401, -499.47274780, -31.13124847, -19.64337921, -87.57672882, -149.83303833, 11.08780956, -137.02413940, 0.18167317, 0.32863837, -0.90344340, 0.20683782, 0.29659227, 1.17013407, 0.77879775, 0.00000000, 0.00000000, 0.00000000, 0.00000000
2, 1.6000, 154, -0.00845441, 0.59007782, -0.71191043, -504.02557373, -28.13988495, -541.27124023, -29.20198822, -14.14791012, -89.73983765, -151.11146545, 17.50591660, -140.81303406, 0.22150494, 0.28520256, -0.91442037, 0.18284024, 0.22540401, 1.39727795, 0.79980397, 0.00000000, 0.00000000, 0.00000000, 0.00000000
2, 1.6100, 155, 0.05291961, 0.97603869, -0.82774556, -548.58825684, -30.49936485, -574.93475342, -29.20198822, -14.14791012, -89.73983765, -153.15621948, 24.25265121, -145.29617310, 0.26271412, 0.23707971, -0.92224747, 0.15567327, 0.44950444, 1.70217705, 0.96089870, 0.00000000, 0.00000000, 0.00000000, 0.00000000
2, 1.6200, 156, 0.05805088, 1.50898063, -0.80950773, -590.60028076, 0.25320086, -598.81536865, -28.12043190, -7.24934244, -90.90908813, -156.33314514, 31.27080536, -150.46739197, 0.30540809, 0.18678647, -0.92548859, 0.12372385, 0.86047059, 1.99069381, 1.20041752, 0.00000000, 0.00000000, 0.00000000, 0.00000000
4, 1.7975, 304, 2.03844500, 0.91711962, -0.42637685, -100.73368073, -12.53195000, -283.89218140, -8.59397793, 39.72522736, -51.21309662, 5.72883272, 38.06773758, 12.29912853, 1.00000000, 0.00000000, 0.00000000, 0.00000000, -1.16519415, 0.16393800, 0.61113173, 101.53300476, -17.30038643, 35.05999756, 0.00000000
4, 1.8000, 305, 2.10128927, 0.96492946, -0.47156084, -104.42162323, -14.60923004, -270.79864502, -11.51710033, 40.71908569, -50.54077530, 5.37563324, 37.40295410, 12.17152977, 1.00000000, 0.00000000, 0.00000000, 0.00000000, -1.22389615, 0.20327654, 0.67131883, 101.53300476, -17.30038643, 35.05999756, 0.00000000
4, 1.8025, 306, 2.13923168, 0.99062711, -0.52181739, -103.29788971, -16.86767006, -245.66685486, -11.51710033, 40.71908569, -50.54077530, 5.05034304, 36.79640579, 12.07756042, 1.00000000, 0.00000000, 0.00000000, 0.00000000, -1.26196313, 0.25159919, 0.70670724, 101.53300476, -17.30038643, 35.05999756, 0.00000000
2, 1.6300, 157, 0.31175297, 2.04708171, -0.84940922, -620.51477051, 46.86234283, -618.07781982, -28.44197655, 1.05232382, -90.70446777, -170.25083923, 40.75793457, -172.53117371, 0.35141990, 0.03130680, -0.93396348, 0.05688876, 1.08567691, 2.27430487, 1.59573507, 0.00000000, 0.00000000, 0.00000000, 0.00000000
2, 1.6400, 158, 0.82713073, 2.53338528, -1.17793977, -646.88537598, 86.74332428, -637.91223145, -29.02659988, 9.23706532, -89.47676086, -178.14122009, 46.75056458, 178.12242126, 0.39640239, -0.02147284, -0.91757649, 0.02138735, 0.95938849, 2.65076399, 2.02278137, 0.00000000, 0.00000000, 0.00000000, 0.00000000
2, 1.6500, 159, 1.25344706, 3.01272488, -1.55505717, -637.88159180, 107.11136627, -642.12115479, -29.02659988, 9.23706532, -89.47676086, 171.71655273, 51.79155350, 166.66897583, 0.44019198, -0.07281601, -0.89483720, -0.01397221, 0.81719208, 3.14292431, 2.33828211, 0.00000000, 0.00000000, 0.00000000, 0.00000000
2, 1.6600, 160, 1.53402007, 3.17914152, -1.76910996, -563.98388672, 118.67059326, -610.53533936, -30.51739311, 17.48026848, -87.45980835, 160.32514954, 55.38032150, 154.01060486, 0.48015031, -0.11882046, -0.86796367, -0.04445761, 0.66062844, 3.30640817, 2.45922709, 0.00000000, 0.00000000, 0.00000000, 0.00000000
2, 1.6700, 161, 1.80335867, 3.17269826, -1.84127080, -457.94796753, 117.30483246, -554.73522949, -33.52820587, 23.76498032, -84.47821808, 149.06748962, 57.48546600, 141.44659424, 0.51466888, -0.15792638, -0.83999509, -0.06770167, 0.47037262, 3.26312566, 2.55247974, 0.00000000, 0.00000000, 0.00000000, 0.00000000
2, 1.6800, 162, 1.98978162, 3.03696918, -1.71838975, -352.73394775, 93.13153076, -489.07537842, -36.04209137, 29.55276108, -81.55509949, 116.54675293, 55.65985107, 115.69229889, 0.58367550, -0.19246460, -0.76747274, -0.18238956, 0.34263590, 2.96666098, 2.57916880, 0.00000000, 0.00000000, 0.00000000, 0.00000000
2, 1.6900, 163, 1.99724281, 2.91040444, -1.45221627, -259.60003662, 44.83884430, -424.63565063, -39.14060211, 31.89126015, -79.50891113, 110.32795715, 53.67034912, 107.77120972, 0.59975082, -0.22335903, -0.74364895, -0.19338042, 0.37574559, 2.50806212, 2.48043108, 0.00000000, 0.00000000, 0.00000000, 0.00000000
4, 1.8050, 307, 2.13923168, 0.99062711, -0.52181739, -103.29788971, -16.86767006, -245.66685486, -11.51710033, 40.71908569, -50.54077530, 4.72882080, 36.18946075, 11.98859406, 1.00000000, 0.00000000, 0.00000000, 0.00000000, -1.27047944, 0.25555730, 0.70004570, 101.53300476, -17.30038643, 35.05999756, 0.00000000
4, 1.8075, 308, 2.17821860, 1.02337933, -0.64091045, -77.63626099, -25.62527275, -229.69612122, -11.51710033, 40.71908569, -50.54077530, 4.49216795, 35.61584854, 11.92559338, 1.00000000, 0.00000000, 0.00000000, 0.00000000, -1.30493534, 0.36901808, 0.75597095, 101.53300476, -17.30038643, 35.05999756, 0.00000000
4, 1.8100, 309, 2.17821860, 1.02337933, -0.64091045, -77.63626099, -25.62527275, -229.69612122, -11.51710033, 40.71908569, -50.54077530, 4.25797033, 35.04203033, 11.86595154, 1.00000000, 0.00000000, 0.00000000, 0.00000000, -1.31310582, 0.37190175, 0.74994218, 101.53300476, -17.30038643, 35.05999756, 0.00000000
4, 1.8125, 310, 2.15648174, 0.91120321, -0.77197385, -53.65269089, -36.02093506, -223.77020264, -13.70944118, 44.48991394, -49.95615387, 4.10124874, 34.47649384, 11.82801247, 1.00000000, 0.00000000, 0.00000000, 0.00000000, -1.31811810, 0.52388066, 0.65653330, 101.53300476, -17.30038643, 35.05999756, 0.00000000
2, 1.7000, 164, 1.90379691, 2.75551128, -1.23382771, -191.35719299, -25.19064140, -369.62161255, -39.14060211, 31.89126015, -79.50891113, 106.65427399, 51.42101288, 102.14427185, 0.60880637, -0.25250959, -0.72498167, -0.19998834, 0.44106710, 2.19780183, 2.39810991, 0.00000000, 0.00000000, 0.00000000, 0.00000000
4, 1.8150, 311, 2.13060975, 0.81374979, -0.83269644, -44.72811890, -43.25685120, -223.18664551, -13.70944118, 44.48991394, -49.95615387, 3.98020196, 33.90795135, 11.80733395, 1.00000000, 0.00000000, 0.00000000, 0.00000000, -1.31898487, 0.60352093, 0.56326544, 101.53300476, -17.30038643, 35.05999756, 0.00000000
4, 1.8175, 312, 2.09885192, 0.70957339, -0.88326508, -38.27125549, -52.42855072, -222.65519714, -13.70944118, 44.48991394, -49.95615387, 3.89302397, 33.33498383, 11.81027889, 1.00000000, 0.00000000, 0.00000000, 0.00000000, -1.31604564, 0.67401850, 0.46046668, 101.53300476, -17.30038643, 35.05999756, 0.00000000
4, 1.8200, 313, 2.05442572, 0.61993444, -0.92023385, -34.43032837, -62.85990524, -221.32281494, -13.70944118, 44.48991394, -49.95615387, 3.83650160, 32.75870895, 11.84199333, 1.00000000, 0.00000000, 0.00000000, 0.00000000, -1.29834437, 0.72795165, 0.36643565, 101.53300476, -17.30038643, 35.05999756, 0.00000000
2, 1.7100, 165, 1.76164508, 2.52613211, -1.12943816, -148.52180481, -119.19856262, -318.96813965, -41.82987213, 35.98363113, -77.98889160, 105.21163177, 48.84391403, 98.52561951, 0.60974693, -0.28182560, -0.71197867, -0.20461997, 0.43358633, 1.92649770, 2.21406150, 0.00000000, 0.00000000, 0.00000000, 0.00000000
2, 1.7200, 166, 1.58399832, 2.30003905, -1.14825189, -150.80996704, -187.80010986, -293.18600464, -44.92838287, 38.05904770, -78.36889648, 104.92640686, 45.83949661, 96.00628662, 0.60497665, -0.31233713, -0.70154750, -0.21042785, 0.38144249, 1.74842680, 1.96501172, 0.00000000, 0.00000000, 0.00000000, 0.00000000
2, 1.7300, 167, 1.30595565, 2.23489285, -1.07311320, -166.75953674, -248.39256287, -276.30291748, -47.47150040, 40.07600021, -77.75504303, 94.15702820, 36.75054169, 89.08905029, 0.62253255, -0.34470683, -0.64048290, -0.28881180, 0.50613606, 1.58855057, 1.73539853, 0.00000000, 0.00000000, 0.00000000, 0.00000000
2, 1.7400, 168, 1.02926815, 2.30808282, -0.97557050, -184.30854797, -275.34112549, -275.05059814, -50.27769470, 40.83601379, -76.49810028, 95.57378387, 32.84227753, 88.51367188, 0.60771161, -0.37627542, -0.63183725, -0.29980877, 0.66937697, 1.46371150, 1.52195454, 0.00000000, 0.00000000, 0.00000000, 0.00000000
4, 1.8925, 314, 0.32067785, 0.47774246, -0.65336406, -36.21503067, -169.02049255, -161.66110229, -25.34346581, 47.82227325, -48.69921112, 17.92207909, 23.24168015, 25.32496643, 1.00000000, 0.00000000, 0.00000000, 0.00000000, 0.20820192, 0.26683205, -0.22528847, 101.53300476, -17.30038643, 35.05999756, 0.00000000
4, 1.8950, 315, 0.25918433, 0.51852894, -0.63799965, -38.14164352, -158.37121582, -163.44940186, -25.34346581, 47.82227325, -48.69921112, 17.96326447, 22.68827820, 25.49952316, 1.00000000, 0.00000000, 0.00000000, 0.00000000, 0.26730174, 0.24213830, -0.20557350, 101.53300476, -17.30038643, 35.05999756, 0.00000000
4, 1.8975, 316, 0.20608656, 0.57005930, -0.61540979, -40.14680862, -146.83320618, -164.73120117, -25.34346581, 47.82227325, -48.69921112, 17.98107910, 22.14544106, 25.64589691, 1.00000000, 0.00000000, 0.00000000, 0.00000000, 0.32028985, 0.20869455, -0.17508522, 101.53300476, -17.30038643, 35.05999756, 0.00000000
2, 1.7500, 169, 0.81336796, 2.24302316, -0.99955177, -193.93849182, -272.20568848, -284.38262939, -50.27769470, 40.83601379, -76.49810028, 96.89032745, 28.85765457, 87.73865509, 0.59235334, -0.40791768, -0.62140071, -0.31077647, 0.70331562, 1.40215111, 1.34025729, 0.00000000, 0.00000000, 0.00000000, 0.00000000
2, 1.7600, 170, 0.59565407, 2.13519621, -0.90238380, -206.13993835, -246.37974548, -295.01013184, -53.93159866, 42.23910904, -75.32884979, 97.92919159, 24.90462112, 86.61548615, 0.57806528, -0.43887833, -0.60823208, -0.32137242, 0.77468419, 1.22703230, 1.18863845, 0.00000000, 0.00000000, 0.00000000, 0.00000000
2, 1.7700, 171, 0.43533865, 2.04404020, -0.77303392, -222.41853333, -195.55865479, -293.93869019, -56.94241333, 43.02835464, -74.01344299, 98.49802399, 21.13744926, 85.12171936, 0.56662923, -0.46753651, -0.59188312, -0.33168551, 0.83429945, 1.04431283, 1.09676671, 0.00000000, 0.00000000, 0.00000000, 0.00000000
2, 1.7800, 172, 0.38044164, 1.95524383, -0.78167301, -238.57917786, -132.70205688, -277.66104126, -61.18093872, 44.31452560, -72.58111572, 92.24810791, 12.75688457, 83.27744293, 0.56798995, -0.48422492, -0.53353095, -0.39781705, 0.73725915, 0.96073723, 0.99017274, 0.00000000, 0.00000000, 0.00000000, 0.00000000
4, 1.9000, 317, 0.17011286, 0.63817233, -0.59331751, -42.29397202, -135.37443542, -165.38320923, -25.34346581, 47.82227325, -48.69921112, 17.97640610, 21.61452103, 25.76565361, 1.00000000, 0.00000000, 0.00000000, 0.00000000, 0.36020347, 0.17295244, -0.12490810, 101.53300476, -17.30038643, 35.05999756, 0.00000000
4, 1.9025, 318, 0.14571504, 0.70914680, -0.57495880, -44.94213104, -123.36503601, -166.01440430, -27.12657166, 48.49459076, -48.26074219, 17.94800186, 21.09616280, 25.85827446, 1.00000000, 0.00000000, 0.00000000, 0.00000000, 0.38973367, 0.14074263, -0.06878437, 101.53300476, -17.30038643, 35.05999756, 0.00000000
4, 1.9050, 319, 0.12748322, 0.78922057, -0.55379039, -47.16769409, -111.16983032, -165.25532532, -27.12657166, 48.49459076, -48.26074219, 17.89797020, 20.59372520, 25.92529869, 1.00000000, 0.00000000, 0.00000000, 0.00000000, 0.41526267, 0.10442279, -0.00309012, 101.53300476, -17.30038643, 35.05999756, 0.00000000
4, 1.9075, 320, 0.11565124, 0.87833863, -0.53457093, -48.82889938, -98.71292114, -163.52639771, -27.12657166, 48.49459076, -48.26074219, 17.82833290, 20.10971260, 25.96743202, 1.00000000, 0.00000000, 0.00000000, 0.00000000, 0.43678918, 0.06864786, 0.07308177, 101.53300476, -17.30038643, 35.05999756, 0.00000000
4, 1.9100, 321, 0.11151817, 0.97858357, -0.49201748, -50.34646225, -86.53820801, -161.38694763, -27.12657166, 48.49459076, -48.26074219, 17.74050522, 19.64468575, 25.98602676, 1.00000000, 0.00000000, 0.00000000, 0.00000000, 0.45245782, 0.00818434, 0.15727088, 101.53300476, -17.30038643, 35.05999756, 0.00000000
4, 1.9125, 322, 0.11196747, 1.16740847, -0.46927673, -52.07463837, -74.71656036, -158.76081848, -27.12657166, 48.49459076, -48.26074219, 17.63515472, 19.19916344, 25.98286057, 1.00000000, 0.00000000, 0.00000000, 0.00000000, 0.48332316, -0.04949033, 0.33115900, 101.53300476, -17.30038643, 35.05999756, 0.00000000
4, 1.9150, 323, 0.11504392, 1.25815392, -0.45246196, -54.29527664, -63.60565186, -154.88070679, -29.02659988, 48.28997421, -48.40689850, 17.51307297, 18.77494240, 25.96154404, 1.00000000, 0.00000000, 0.00000000, 0.00000000, 0.49164361, -0.08220737, 0.41276628, 101.53300476, -17.30038643, 35.05999756, 0.00000000
4, 1.9450, 324, 0.40839869, 1.21053827, -0.47319105, -55.69805908, 20.36048698, -129.09729004, -31.36509705, 46.71148682, -47.26688004, 13.03887463, 11.16076851, 25.15286255, 1.00000000, 0.00000000, 0.00000000, 0.00000000, 0.06763598, 0.01083711, 0.38074598, 101.53300476, -17.30038643, 35.05999756, 0.00000000
4, 1.9475, 325, 0.43394354, 1.13293135, -0.47882599, -53.54864502, 18.29025841, -133.15975952, -31.36509705, 46.71148682, -47.26688004, 12.85627556, 10.86830807, 25.00319481, 1.00000000, 0.00000000, 0.00000000, 0.00000000, 0.02163781, 0.03408499, 0.31119585, 101.53300476, -17.30038643, 35.05999756, 0.00000000
4, 1.9500, 326, 0.45416066, 1.06372082, -0.49289531, -51.10880661, 15.39413834, -137.31335449, -31.36509705, 46.71148682, -47.26688004, 12.68190002, 10.56328011, 24.85566711, 1.00000000, 0.00000000, 0.00000000, 0.00000000, -0.01727103, 0.06386756, 0.25016439, 101.53300476, -17.30038643, 35.05999756, 0.00000000
4, 1.9525, 327, 0.47831655, 1.00268006, -0.50746334, -49.30511475, 12.14617252, -141.11068726, -32.73896408, 48.43613052, -46.50687027, 12.51468277, 10.24610138, 24.71179962, 1.00000000, 0.00000000, 0.00000000, 0.00000000, -0.05850907, 0.09245791, 0.19792484, 101.53300476, -17.30038643, 35.05999756, 0.00000000
4, 1.9550, 328, 0.49926284, 0.94360423, -0.52335048, -47.71101761, 8.40608788, -144.35417175, -32.73896408, 48.43613052, -46.50687027, 12.35474873, 9.91758823, 24.57341576, 1.00000000, 0.00000000, 0.00000000, 0.00000000, -0.09634639, 0.12185045, 0.14716108, 101.53300476, -17.30038643, 35.05999756, 0.00000000
4, 1.9575, 329, 0.51797438, 0.90622592, -0.54066175, -46.61945724, 5.27012825, -146.59860229, -32.73896408, 48.43613052, -46.50687027, 12.20059204, 9.58059216, 24.44040680, 1.00000000, 0.00000000, 0.00000000, 0.00000000, -0.12754676, 0.14838974, 0.11702555, 101.53300476, -17.30038643, 35.05999756, 0.00000000
4, 1.9600, 330, 0.53877926, 0.87323260, -0.55791336, -45.67191315, 2.41083193, -148.90470886, -32.73896408, 48.43613052, -46.50687027, 12.05156803, 9.23527813, 24.31215858, 1.00000000, 0.00000000, 0.00000000, 0.00000000, -0.16002484, 0.17395180, 0.09156480, 101.53300476, -17.30038643, 35.05999756, 0.00000000
4, 1.9625, 331, 0.55564964, 0.84783477, -0.56982243, -44.93926620, -0.24867006, -150.78376770, -32.73896408, 48.43613052, -46.50687027, 11.90707111, 8.88282108, 24.18875694, 1.00000000, 0.00000000, 0.00000000, 0.00000000, -0.18741542, 0.19274715, 0.07158316, 101.53300476, -17.30038643, 35.05999756, 0.00000000
4, 1.9650, 332, 0.56611377, 0.82872689, -0.57897055, -43.49782562, -2.91648698, -152.04998779, -34.08359909, 49.02075195, -46.44840622, 11.76887894, 8.52473927, 24.07040405, 1.00000000, 0.00000000, 0.00000000, 0.00000000, -0.20744532, 0.20753020, 0.05579652, 101.53300476, -17.30038643, 35.05999756, 0.00000000
4, 1.9675, 333, 0.57289052, 0.82036865, -0.58188039, -43.12292099, -5.39088249, -152.59184265, -34.08359909, 49.02075195, -46.44840622, 11.63443851, 8.16280842, 23.95793915, 1.00000000, 0.00000000, 0.00000000, 0.00000000, -0.22194812, 0.21407679, 0.04840650, 101.53300476, -17.30038643, 35.05999756, 0.00000000
2, 1.7900, 173, 0.37963936, 1.88016379, -0.84632289, -259.09024048, -69.56745911, -254.74424744, -63.60713196, 44.08067703, -69.92107391, 91.96308136, 9.38405704, 81.72872925, 0.56224364, -0.50482649, -0.51190668, -0.40863663, 0.54315865, 0.91812545, 0.84643561, 0.00000000, 0.00000000, 0.00000000, 0.00000000
2, 1.8000, 174, 0.36717141, 1.87317753, -0.84511226, -275.89511108, -9.94962692, -233.48176575, -63.60713196, 44.08067703, -69.92107391, 91.18640900, 6.25520849, 79.98237610, 0.56035835, -0.52197367, -0.48768252, -0.41917515, 0.49268603, 0.90334612, 0.82366192, 0.00000000, 0.00000000, 0.00000000, 0.00000000
2, 1.8100, 175, 0.32192713, 1.95396721, -0.78996426, -276.60925293, 30.86757660, -221.37054443, -65.12715149, 45.68839645, -66.73487091, 90.19713593, 3.34532332, 78.10839081, 0.56095195, -0.53683150, -0.46209204, -0.42850423, 0.54353756, 0.91229892, 0.83658314, 0.00000000, 0.00000000, 0.00000000, 0.00000000
4, 1.9700, 334, 0.57326144, 0.82194167, -0.58112735, -42.39059830, -8.28712654, -152.59065247, -34.08359909, 49.02075195, -46.44840622, 11.50499249, 7.79794359, 23.85262871, 1.00000000, 0.00000000, 0.00000000, 0.00000000, -0.22831815, 0.21505052, 0.04853813, 101.53300476, -17.30038643, 35.05999756, 0.00000000
4, 1.9725, 335, 0.56661588, 0.82272971, -0.57685310, -42.22346115, -11.53505135, -152.23474121, -34.08359909, 49.02075195, -46.44840622, 11.37951088, 7.43062496, 23.75585747, 1.00000000, 0.00000000, 0.00000000, 0.00000000, -0.22819011, 0.21266374, 0.04581033, 101.53300476, -17.30038643, 35.05999756, 0.00000000
4, 1.9750, 336, 0.55417728, 0.82557374, -0.57182515, -42.26926804, -14.86238098, -151.24755859, -34.08359909, 49.02075195, -46.44840622, 11.25754547, 7.06224537, 23.66849899, 1.00000000, 0.00000000, 0.00000000, 0.00000000, -0.22202650, 0.20909482, 0.04372930, 101.53300476, -17.30038643, 35.05999756, 0.00000000
4, 1.9775, 337, 0.54345441, 0.83624470, -0.56901050, -42.53023529, -18.07103920, -149.06698608, -35.31131363, 48.31920624, -46.36071396, 11.13864994, 6.69570637, 23.59148407, 1.00000000, 0.00000000, 0.00000000, 0.00000000, -0.21578136, 0.20615755, 0.04999193, 101.53300476, -17.30038643, 35.05999756, 0.00000000
4, 1.9800, 338, 0.52534670, 0.84757972, -0.56180185, -42.64667892, -21.70313454, -146.26911926, -35.31131363, 48.31920624, -46.36071396, 12.81297684, 8.18766594, 23.20595169, 1.00000000, 0.00000000, 0.00000000, 0.00000000, -0.17019162, 0.16926593, 0.06495310, 101.53300476, -17.30038643, 35.05999756, 0.00000000
4, 1.9825, 339, 0.50416154, 0.86411113, -0.55184364, -43.11957169, -25.13023949, -143.39002991, -35.31131363, 48.31920624, -46.36071396, 12.69704819, 7.82922554, 23.14064789, 1.00000000, 0.00000000, 0.00000000, 0.00000000, -0.15263361, 0.15808311, 0.07312128, 101.53300476, -17.30038643, 35.05999756, 0.00000000
4, 1.9850, 340, 0.48421952, 0.87949622, -0.53823930, -43.38064194, -28.41780853, -140.58271790, -35.31131363, 48.31920624, -46.36071396, 12.58436966, 7.47380495, 23.08649635, 1.00000000, 0.00000000, 0.00000000, 0.00000000, -0.13663273, 0.14350106, 0.07983236, 101.53300476, -17.30038643, 35.05999756, 0.00000000
4, 1.9875, 341, 0.46145597, 0.89298618, -0.51990455, -44.28149033, -31.49441338, -138.10681152, -35.31131363, 48.31920624, -46.36071396, 12.47305584, 7.12080717, 23.04295349, 1.00000000, 0.00000000, 0.00000000, 0.00000000, -0.11842934, 0.12463056, 0.08328791, 101.53300476, -17.30038643, 35.05999756, 0.00000000
2, 1.8200, 176, 0.30297050, 2.00938559, -0.74658704, -264.37228394, 70.57605743, -220.33543396, -67.05641174, 45.98070526, -64.60099030, 89.14598846, 0.68768346, 76.02785492, 0.56382227, -0.55029190, -0.43557638, -0.43538100, 0.56103331, 0.91569269, 0.84984922, 0.00000000, 0.00000000, 0.00000000, 0.00000000
2, 1.8300, 177, 0.33479527, 1.98651385, -0.73827028, -239.96337891, 101.09160614, -225.30747986, -70.30107880, 45.27915955, -61.91172028, 83.62152863, -3.84808850, 75.75641632, 0.57424408, -0.54128456, -0.38934338, -0.47504365, 0.47907740, 0.89585596, 0.82948077, 0.00000000, 0.00000000, 0.00000000, 0.00000000
4, 1.9900, 342, 0.44399628, 0.89966238, -0.50177670, -45.18278503, -34.42313004, -136.25637817, -35.28208160, 47.64688492, -45.95147705, 12.36267567, 6.76899052, 23.00905418, 1.00000000, 0.00000000, 0.00000000, 0.00000000, -0.10681105, 0.10726653, 0.08142752, 101.53300476, -17.30038643, 35.05999756, 0.00000000
4, 1.9925, 343, 0.42405802, 0.89960492, -0.48996183, -46.50971985, -37.27500916, -134.95379639, -35.28208160, 47.64688492, -45.95147705, 12.25195503, 6.41715145, 22.98428345, 1.00000000, 0.00000000, 0.00000000, 0.00000000, -0.09392858, 0.09740740, 0.07380283, 101.53300476, -17.30038643, 35.05999756, 0.00000000
4, 1.9950, 344, 0.40265346, 0.89534986, -0.47417769, -47.69297791, -40.33127213, -133.79763794, -35.28208160, 47.64688492, -45.95147705, 12.14122105, 6.06482029, 22.96885109, 1.00000000, 0.00000000, 0.00000000, 0.00000000, -0.08066875, 0.08446927, 0.06113556, 101.53300476, -17.30038643, 35.05999756, 0.00000000
2, 1.8400, 178, 0.41090164, 1.93680096, -0.69239897, -213.81860352, 114.79931641, -230.37391663, -72.25957489, 45.30838776, -60.68400955, 82.97325897, -6.21815491, 73.54103851, 0.57767648, -0.55418497, -0.36341763, -0.47654662, 0.35619542, 0.83745170, 0.81117624, 0.00000000, 0.00000000, 0.00000000, 0.00000000
4, 1.9975, 345, 0.37483063, 0.88676149, -0.46236059, -48.94517899, -43.58908463, -132.99264526, -35.28208160, 47.64688492, -45.95147705, 12.03027630, 5.71100664, 22.96291161, 1.00000000, 0.00000000, 0.00000000, 0.00000000, -0.06191397, 0.07626984, 0.04372306, 101.53300476, -17.30038643, 35.05999756, 0.00000000
2, 1.8500, 179, 0.53145152, 1.86554706, -0.65491086, -193.13874817, 109.69689178, -229.04904175, -72.25957489, 45.30838776, -60.68400955, 82.56421661, -8.46567345, 71.36521912, 0.58032012, -0.56679386, -0.33873600, -0.47668779, 0.21767622, 0.76700443, 0.87709516, 0.00000000, 0.00000000, 0.00000000, 0.00000000
4, 2.0000, 346, 0.34896690, 0.87727207, -0.45567763, -50.62677002, -46.28616714, -132.79640198, -35.28208160, 47.64688492, -45.95147705, 11.91745949, 5.35484028, 22.96483040, 1.00000000, 0.00000000, 0.00000000, 0.00000000, -0.04509623, 0.07332423, 0.02685689, 101.53300476, -17.30038643, 35.05999756, 0.00000000
4, 2.0025, 347, 0.32249102, 0.86290294, -0.44844952, -52.59579086, -48.42108917, -133.28167725, -37.59134674, 48.26074219, -44.98684692, 11.80144691, 4.99528980, 22.97283173, 1.00000000, 0.00000000, 0.00000000, 0.00000000, -0.02878776, 0.07084410, 0.00510373, 101.53300476, -17.30038643, 35.05999756, 0.00000000
4, 2.0050, 348, 0.29674768, 0.84772116, -0.44403744, -54.71129608, -49.85336685, -134.58856201, -37.59134674, 48.26074219, -44.98684692, 11.68115139, 4.63114071, 22.98465729, 1.00000000, 0.00000000, 0.00000000, 0.00000000, -0.01333340, 0.07136621, -0.01672393, 101.53300476, -17.30038643, 35.05999756, 0.00000000
4, 2.0075, 349, 0.27247527, 0.83100522, -0.44306025, -56.97036743, -51.00235367, -136.37579346, -37.59134674, 48.26074219, -44.98684692, 11.55589390, 4.26155949, 22.99934578, 1.00000000, 0.00000000, 0.00000000, 0.00000000, 0.00040535, 0.07564791, -0.03904556, 101.53300476, -17.30038643, 35.05999756, 0.00000000
4, 2.0100, 350, 0.24561994, 0.81753600, -0.43923664, -59.44449997, -51.79924774, -138.64054871, -37.59134674, 48.26074219, -44.98684692, 11.42481709, 3.88575196, 23.01578712, 1.00000000, 0.00000000, 0.00000000, 0.00000000, 0.01711978, 0.07662254, -0.05932157, 101.53300476, -17.30038643, 35.05999756, 0.00000000
4, 2.0125, 351, 0.22368397, 0.80364454, -0.43980607, -62.13514709, -52.11161804, -141.03140259, -37.59134674, 48.26074219, -44.98684692, 11.28703022, 3.50388050, 23.03295326, 1.00000000, 0.00000000, 0.00000000, 0.00000000, 0.02901117, 0.08211447, -0.07811141, 101.53300476, -17.30038643, 35.05999756, 0.00000000
2, 1.8600, 180, 0.62673467, 1.79790199, -0.58168167, -181.85902405, 87.69560242, -221.89703369, -74.51037598, 44.69453430, -59.10552216, 82.36390686, -10.68582726, 69.39048004, 0.58121145, -0.57891285, -0.31554955, -0.47695047, 0.11738175, 0.67377186, 0.94561946, 0.00000000, 0.00000000, 0.00000000, 0.00000000
2, 1.8700, 181, 0.69284207, 1.73764729, -0.52647913, -176.94447327, 60.74948120, -208.09321594, -77.05348969, 43.58374786, -58.11166382, 82.29082489, -12.90226936, 67.69876862, 0.58026707, -0.59011692, -0.29390955, -0.47819400, 0.03129753, 0.59986931, 0.99049944, 0.00000000, 0.00000000, 0.00000000, 0.00000000
4, 2.0425, 352, 0.19388321, 0.95639372, -0.44282299, -106.73086548, -26.95959473, -153.36459351, -40.60216141, 46.44840622, -42.58988571, 10.02051258, -2.19421959, 23.25360489, 1.00000000, 0.00000000, 0.00000000, 0.00000000, -0.00914576, 0.07725837, 0.05734846, 101.53300476, -17.30038643, 35.05999756, 0.00000000
4, 2.0450, 353, 0.21679799, 0.97506052, -0.44401973, -109.16298676, -24.56441879, -152.43104553, -40.60216141, 46.44840622, -42.58988571, 9.75203514, -2.58211851, 23.23242950, 1.00000000, 0.00000000, 0.00000000, 0.00000000, -0.03433565, 0.07951247, 0.07983725, 101.53300476, -17.30038643, 35.05999756, 0.00000000
4, 2.0475, 354, 0.23490617, 0.98934716, -0.44576666, -110.67046356, -22.51750183, -151.17471313, -40.60216141, 46.44840622, -42.58988571, 9.47912598, -2.96552181, 23.21026230, 1.00000000, 0.00000000, 0.00000000, 0.00000000, -0.05564471, 0.08323104, 0.09725358, 101.53300476, -17.30038643, 35.05999756, 0.00000000
4, 2.0500, 355, 0.25474167, 1.00326276, -0.44702888, -110.68235779, -21.23025894, -149.68519592, -40.60216141, 46.44840622, -42.58988571, 9.20581150, -3.34443188, 23.18827248, 1.00000000, 0.00000000, 0.00000000, 0.00000000, -0.07865812, 0.08655944, 0.11465365, 101.53300476, -17.30038643, 35.05999756, 0.00000000
4, 2.0525, 356, 0.27273801, 1.02319729, -0.44333345, -110.69120026, -20.36015701, -147.99395752, -40.60216141, 46.44840622, -42.58988571, 8.93225193, -3.71871781, 23.16752243, 1.00000000, 0.00000000, 0.00000000, 0.00000000, -0.09873367, 0.08387759, 0.13656303, 101.53300476, -17.30038643, 35.05999756, 0.00000000
2, 1.8800, 182, 0.71187031, 1.72177160, -0.50600064, -175.53549194, 30.24583054, -185.24020386, -78.92429352, 43.32066727, -56.21163177, 76.49678802, -13.67111015, 70.01820374, 0.59639281, -0.55707800, -0.27608278, -0.50769889, -0.01081792, 0.58582115, 0.98269784, 0.00000000, 0.00000000, 0.00000000, 0.00000000
2, 1.8900, 183, 0.70474660, 1.74493003, -0.51816374, -172.95722961, 7.89858055, -164.55824280, -79.88892365, 41.09909439, -54.63314819, 76.37195587, -15.91456699, 69.23899078, 0.59199077, -0.56567609, -0.25829616, -0.51267993, -0.01916912, 0.62927526, 0.91077548, 0.00000000, 0.00000000, 0.00000000, 0.00000000
2, 1.9000, 184, 0.69294858, 1.78884375, -0.58976895, -166.51522827, -9.82600403, -149.68351746, -79.88892365, 41.09909439, -54.63314819, 76.27487183, -18.07585526, 68.68168640, 0.58664888, -0.57327706, -0.24202490, -0.51828611, -0.06075512, 0.72239476, 0.89169502, 0.00000000, 0.00000000, 0.00000000, 0.00000000
2, 1.9100, 185, 0.68444151, 1.80049241, -0.66577011, -157.09898376, -25.39493752, -145.79132080, -81.35047913, 41.04063034, -53.31774139, 76.28301239, -20.19185638, 68.25424957, 0.58023018, -0.58068305, -0.22700346, -0.52403218, -0.12327394, 0.79749179, 0.85922164, 0.00000000, 0.00000000, 0.00000000, 0.00000000
4, 2.0550, 357, 0.28937835, 1.04616654, -0.43898931, -109.62861633, -20.38201904, -146.48164368, -42.35603714, 44.89915085, -41.18678665, 8.66142273, -4.08947706, 23.14931107, 1.00000000, 0.00000000, 0.00000000, 0.00000000, -0.11681084, 0.07993571, 0.16103891, 101.53300476, -17.30038643, 35.05999756, 0.00000000
4, 2.0575, 358, 0.30861092, 1.06183326, -0.43486094, -108.85425568, -19.85387039, -144.88327026, -42.35603714, 44.89915085, -41.18678665, 8.39237785, -4.45605040, 23.13254166, 1.00000000, 0.00000000, 0.00000000, 0.00000000, -0.13886607, 0.07758032, 0.17917000, 101.53300476, -17.30038643, 35.05999756, 0.00000000
4, 2.0600, 359, 0.32057139, 1.07008231, -0.43193513, -106.93778229, -20.14413834, -143.74314880, -42.35603714, 44.89915085, -41.18678665, 8.12820339, -4.82009506, 23.11806297, 1.00000000, 0.00000000, 0.00000000, 0.00000000, -0.15527496, 0.07774810, 0.18893270, 101.53300476, -17.30038643, 35.05999756, 0.00000000
4, 2.0625, 360, 0.33005840, 1.07570040, -0.43258429, -104.38182068, -20.49528122, -143.03666687, -42.35603714, 44.89915085, -41.18678665, 7.87048340, -5.18262815, 23.10527229, 1.00000000, 0.00000000, 0.00000000, 0.00000000, -0.16964255, 0.08182165, 0.19638926, 101.53300476, -17.30038643, 35.05999756, 0.00000000
2, 1.9200, 186, 0.68457621, 1.77325046, -0.69523823, -146.35255432, -36.78408432, -146.04136658, -82.16895294, 40.22215652, -51.97310638, 76.41742706, -22.26429749, 67.89054108, 0.57289714, -0.58817297, -0.21303400, -0.52958280, -0.18785305, 0.81255299, 0.83761567, 0.00000000, 0.00000000, 0.00000000, 0.00000000
2, 1.9300, 187, 0.72681117, 1.65990448, -0.74475920, -133.00856018, -46.35858536, -142.80252075, -83.74744415, 38.55597687, -51.12540054, 72.96179199, -19.82631683, 70.60574341, 0.58724821, -0.55797082, -0.22549455, -0.54125816, -0.31857550, 0.78090268, 0.78352606, 0.00000000, 0.00000000, 0.00000000, 0.00000000
2, 1.9400, 188, 0.75968754, 1.55515349, -0.75379103, -121.96196747, -59.86486435, -132.08737183, -83.74744415, 38.55597687, -51.12540054, 73.18391418, -21.70862389, 70.59308624, 0.57872009, -0.56518823, -0.21487394, -0.54724264, -0.38030785, 0.71791619, 0.71241301, 0.00000000, 0.00000000, 0.00000000, 0.00000000
4, 2.0650, 361, 0.33696702, 1.07519078, -0.43063259, -101.40032959, -20.84765434, -142.19975281, -42.35603714, 44.89915085, -41.18678665, 7.62024069, -5.54329205, 23.09398460, 1.00000000, 0.00000000, 0.00000000, 0.00000000, -0.18284585, 0.08439187, 0.19700694, 101.53300476, -17.30038643, 35.05999756, 0.00000000
4, 2.0800, 362, 0.33014944, 1.04267824, -0.40532511, -84.99667358, -23.82279778, -135.27757263, -44.81145859, 44.40222168, -39.84215164, 6.93030930, -5.35198593, 22.32323265, 1.00000000, 0.00000000, 0.00000000, 0.00000000, -0.18071134, 0.07764179, 0.15780321, 101.53300476, -17.30038643, 35.05999756, 0.00000000
4, 2.0825, 363, 0.32239458, 1.03107762, -0.40353319, -82.15540314, -24.45911026, -133.95422363, -44.81145859, 44.40222168, -39.84215164, 6.72886133, -5.69468784, 22.32218170, 1.00000000, 0.00000000, 0.00000000, 0.00000000, -0.18159315, 0.08165183, 0.14484434, 101.53300476, -17.30038643, 35.05999756, 0.00000000
2, 1.9500, 189, 0.76879251, 1.47442997, -0.72197896, -116.93423462, -74.48455048, -115.04602814, -84.50745392, 37.59134674, -50.19000244, 73.35089874, -23.48418045, 70.79216766, 0.56970352, -0.57123601, -0.20567016, -0.55391973, -0.44400668, 0.65004265, 0.70133364, 0.00000000, 0.00000000, 0.00000000, 0.00000000
4, 2.0850, 364, 0.31587461, 1.01970923, -0.40088302, -79.31317139, -25.23558044, -132.49389648, -44.81145859, 44.40222168, -39.84215164, 6.53465033, -6.03432274, 22.32373047, 1.00000000, 0.00000000, 0.00000000, 0.00000000, -0.18361101, 0.08465100, 0.13226776, 101.53300476, -17.30038643, 35.05999756, 0.00000000
4, 2.0875, 365, 0.30503967, 1.00931215, -0.39822409, -76.33045197, -25.87819862, -130.75492859, -44.81145859, 44.40222168, -39.84215164, 6.34796762, -6.37010241, 22.32762146, 1.00000000, 0.00000000, 0.00000000, 0.00000000, -0.18113974, 0.08732563, 0.11975312, 101.53300476, -17.30038643, 35.05999756, 0.00000000
4, 2.0900, 366, 0.29087678, 1.00194693, -0.39479625, -73.70476532, -26.24795914, -128.86372375, -44.81145859, 44.40222168, -39.84215164, 6.16783953, -6.70146704, 22.33345985, 1.00000000, 0.00000000, 0.00000000, 0.00000000, -0.17473312, 0.08855078, 0.10933889, 101.53300476, -17.30038643, 35.05999756, 0.00000000
4, 2.0925, 367, 0.27805462, 0.99514824, -0.39697179, -71.43553925, -26.41272354, -126.89132690, -45.77608871, 44.19760132, -38.73136520, 5.99331522, -7.02809525, 22.34093857, 1.00000000, 0.00000000, 0.00000000, 0.00000000, -0.16920218, 0.09506941, 0.10084739, 101.53300476, -17.30038643, 35.05999756, 0.00000000
4, 2.0950, 368, 0.26769307, 0.99384105, -0.39980465, -69.16676331, -26.50742149, -124.98742676, -45.77608871, 44.19760132, -38.73136520, 5.82436657, -7.35009480, 22.34980583, 1.00000000, 0.00000000, 0.00000000, 0.00000000, -0.16481310, 0.10108286, 0.09831107, 101.53300476, -17.30038643, 35.05999756, 0.00000000
4, 2.0975, 369, 0.25412884, 0.99616265, -0.40100667, -67.18397522, -26.32688332, -123.07236481, -45.77608871, 44.19760132, -38.73136520, 5.66020203, -7.66723919, 22.35951614, 1.00000000, 0.00000000, 0.00000000, 0.00000000, -0.15651371, 0.10471600, 0.09830154, 101.53300476, -17.30038643, 35.05999756, 0.00000000
4, 2.1000, 370, 0.24019133, 1.00263095, -0.40264240, -65.41448975, -26.07675362, -121.22124481, -45.77608871, 44.19760132, -38.73136520, 5.50026989, -7.97965479, 22.36991119, 1.00000000, 0.00000000, 0.00000000, 0.00000000, -0.14687702, 0.10790498, 0.10230378, 101.53300476, -17.30038643, 35.05999756, 0.00000000
4, 2.1025, 371, 0.22451638, 1.01146626, -0.40815258, -63.64759827, -25.47956657, -119.50332642, -45.77608871, 44.19760132, -38.73136520, 5.34450054, -8.28740692, 22.38002586, 1.00000000, 0.00000000, 0.00000000, 0.00000000, -0.13480359, 0.11436906, 0.10896291, 101.53300476, -17.30038643, 35.05999756, 0.00000000
4, 2.1100, 372, 0.17097357, 1.03776622, -0.41895783, -59.34413528, -23.13299179, -114.66702271, -46.91610718, 44.98684692, -38.38058853, 4.89759588, -9.18315411, 22.40650940, 1.00000000, 0.00000000, 0.00000000, 0.00000000, -0.09199408, 0.12781872, 0.12644841, 101.53300476, -17.30038643, 35.05999756, 0.00000000
4, 2.1125, 373, 0.14889874, 1.04702961, -0.42056429, -57.93610382, -21.98153687, -113.14067841, -46.91610718, 44.98684692, -38.38058853, 4.75499630, -9.47284698, 22.41286278, 1.00000000, 0.00000000, 0.00000000, 0.00000000, -0.07341054, 0.13013442, 0.13152780, 101.53300476, -17.30038643, 35.05999756, 0.00000000
4, 2.1150, 374, 0.12644897, 1.05109787, -0.42516756, -56.88307190, -20.75751305, -111.88458252, -46.91610718, 44.98684692, -38.38058853, 4.61474895, -9.75862980, 22.41728592, 1.00000000, 0.00000000, 0.00000000, 0.00000000, -0.05535521, 0.13634521, 0.13213092, 101.53300476, -17.30038643, 35.05999756, 0.00000000
4, 2.1175, 375, 0.10658717, 1.05468595, -0.43014076, -55.54447174, -19.73753357, -110.77792358, -47.79304123, 45.68839645, -38.26366425, 4.47761440, -10.04099560, 22.42002106, 1.00000000, 0.00000000, 0.00000000, 0.00000000, -0.03985062, 0.14295521, 0.13292018, 101.53300476, -17.30038643, 35.05999756, 0.00000000
4, 2.1200, 376, 0.08489515, 1.05708098, -0.42829934, -54.77478027, -18.50752640, -109.93441772, -47.79304123, 45.68839645, -38.26366425, 4.34217215, -10.32047462, 22.42063522, 1.00000000, 0.00000000, 0.00000000, 0.00000000, -0.02303344, 0.14307465, 0.13092047, 101.53300476, -17.30038643, 35.05999756, 0.00000000
4, 2.1225, 377, 0.06480408, 1.05499220, -0.42797956, -53.93425369, -17.20175552, -109.50982666, -47.79304123, 45.68839645, -38.26366425, 4.20862293, -10.59804249, 22.41861534, 1.00000000, 0.00000000, 0.00000000, 0.00000000, -0.00862035, 0.14551298, 0.12527399, 101.53300476, -17.30038643, 35.05999756, 0.00000000
4, 2.1250, 378, 0.04780505, 1.05443037, -0.42348868, -53.16335678, -16.03077698, -109.29560852, -47.79304123, 45.68839645, -38.26366425, 4.07680273, -10.87429714, 22.41417885, 1.00000000, 0.00000000, 0.00000000, 0.00000000, 0.00294776, 0.14353245, 0.12099662, 101.53300476, -17.30038643, 35.05999756, 0.00000000
2, 1.9600, 190, 0.74757284, 1.40942097, -0.68629253, -115.71716309, -84.99056244, -88.75688171, -84.59514618, 36.86056519, -48.52382278, 73.33872223, -25.11167145, 71.24472046, 0.56079394, -0.57539445, -0.19777313, -0.56153107, -0.47478199, 0.59066987, 0.67438972, 0.00000000, 0.00000000, 0.00000000, 0.00000000
4, 2.1275, 379, 0.03707216, 1.05228090, -0.42706501, -53.10279465, -14.72017288, -109.27297974, -47.79304123, 45.68839645, -38.26366425, 3.94497395, -11.14965534, 22.40720367, 1.00000000, 0.00000000, 0.00000000, 0.00000000, 0.00841179, 0.14977202, 0.11807211, 101.53300476, -17.30038643, 35.05999756, 0.00000000
4, 2.1300, 380, 0.03053653, 1.04913092, -0.42857662, -52.89724731, -13.74856949, -109.60864258, -48.90382767, 44.66530228, -37.53288651, 5.25203371, -11.27526951, 22.16038322, 1.00000000, 0.00000000, 0.00000000, 0.00000000, 0.01204805, 0.12958933, 0.11615869, 101.53300476, -17.30038643, 35.05999756, 0.00000000
4, 2.1325, 381, 0.02500142, 1.04153478, -0.42563182, -52.54707718, -13.12149620, -109.95370483, -48.90382767, 44.66530228, -37.53288651, 5.12274504, -11.55092716, 22.14303398, 1.00000000, 0.00000000, 0.00000000, 0.00000000, 0.01102705, 0.13044524, 0.10788989, 101.53300476, -17.30038643, 35.05999756, 0.00000000
2, 1.9700, 191, 0.69079620, 1.36948502, -0.68761420, -114.01928711, -88.19230652, -62.38686752, -85.06284332, 36.36363602, -47.73458099, 73.12077332, -26.56647682, 71.89837646, 0.55250007, -0.57766163, -0.19093885, -0.56973076, -0.48459619, 0.57593298, 0.61283052, 0.00000000, 0.00000000, 0.00000000, 0.00000000
2, 1.9800, 192, 0.59917587, 1.38843238, -0.68964648, -108.46239471, -80.86113739, -41.64948654, -84.74130249, 35.16515732, -46.24378967, 70.48320007, -22.84542084, 74.74520111, 0.56683469, -0.54766315, -0.21477142, -0.57674688, -0.41652974, 0.59579277, 0.53839773, 0.00000000, 0.00000000, 0.00000000, 0.00000000
2, 1.9900, 193, 0.51088566, 1.37696230, -0.72715014, -97.24360657, -62.95186615, -31.05538750, -84.74130249, 35.16515732, -46.24378967, 70.10523987, -23.88446808, 75.38336945, 0.56110585, -0.54820657, -0.20950742, -0.58372641, -0.34345388, 0.60718846, 0.41202652, 0.00000000, 0.00000000, 0.00000000, 0.00000000
