SensorId, TimeStamp (s), FrameNumber, AccX (g), AccY (g), AccZ (g), GyroX (deg/s), GyroY (deg/s), GyroZ (deg/s), MagX (uT), MagY (uT), MagZ (uT), EulerX (deg), EulerY (deg), EulerZ (deg), QuatW, QuatX, QuatY, QuatZ, LinAccX (g), LinAccY (g), LinAccZ (g), Pressure (kPa), Altitude (m), Temperature (degC), HeaveMotion (m)
2, 0.0000, 0, -0.34293041, 1.82948458, -0.67102426, 30.97189522, 148.96694946, 313.66604614, 5.34931278, 60.77170181, 38.49751663, 19.85803986, 36.69347382, 16.94942284, 0.93274248, -0.11618303, -0.33078623, -0.08410463, 0.63915944, 0.24748664, 1.20808494, 0.00000000, 0.00000000, 0.00000000, 0.00000000
2, 0.0100, 1, -0.35663143, 1.77713287, -0.62892324, 35.77569199, 142.64596558, 321.70175171, 8.00935364, 60.53785324, 37.70827103, 20.54830360, 40.18112564, 17.14276505, 0.92290229, -0.11525890, -0.35918713, -0.07714537, 0.63255578, 0.20749508, 1.12807214, 0.00000000, 0.00000000, 0.00000000, 0.00000000
2, 0.0200, 2, -0.39529437, 1.74300635, -0.63695168, 40.83910751, 131.35891724, 326.42535400, 11.19555664, 61.26863480, 37.24057388, 21.44100952, 43.65708923, 17.58441162, 0.91195297, -0.11480890, -0.38744193, -0.07106107, 0.72296321, 0.22226700, 1.14347649, 0.00000000, 0.00000000, 0.00000000, 0.00000000
2, 0.0300, 3, -0.44280171, 1.73722398, -0.62516356, 50.39690399, 124.46884918, 329.96386719, 14.67407131, 60.30400467, 36.56825638, 22.60910988, 47.12086105, 18.27322578, 0.89989299, -0.11516447, -0.41551983, -0.06536850, 0.81429744, 0.21418956, 1.18980420, 0.00000000, 0.00000000, 0.00000000, 0.00000000
5, 0.0001, 0, 1.89022064, 0.39957833, 0.07295337, 16.46839523, -166.00881958, 268.05911255, 1.95849168, 64.42560577, -75.85501099, 1.51900780, 34.45993805, 13.58092308, 0.94880450, 0.02244832, -0.29560089, -0.10902375, -0.32285810, 0.18117428, 0.88254482, 0.00000000, 0.00000000, 0.00000000, 0.00000000
5, 0.0101, 1, 1.87321782, 0.43223527, 0.16076617, 25.41459846, -177.15174866, 277.72210693, 3.82928967, 63.11020279, -77.02426147, 1.17550397, 37.74575043, 13.17369938, 0.94032383, 0.02746047, -0.32243070, -0.10524024, -0.22365417, 0.12365042, 0.93763673, 0.00000000, 0.00000000, 0.00000000, 0.00000000
5, 0.0201, 2, 1.81596828, 0.40591246, 0.25428653, 29.97732353, -179.03726196, 286.13674927, 6.22624969, 60.94709015, -78.13504791, 0.73499537, 41.10799026, 12.64479828, 0.93087584, 0.03269304, -0.34960866, -0.10087231, -0.11298428, 0.04003845, 0.95186728, 0.00000000, 0.00000000, 0.00000000, 0.00000000
2, 0.0400, 4, -0.44287947, 1.66206157, -0.62815470, 64.06873322, 124.78309631, 337.45788574, 14.67407131, 60.30400467, 36.56825638, 24.13194084, 50.62969208, 19.21757889, 0.88651866, -0.11651634, -0.44382095, -0.05942854, 0.86952865, 0.22596827, 1.16418004, 0.00000000, 0.00000000, 0.00000000, 0.00000000
5, 0.0301, 3, 1.81298089, 0.40619102, 0.29579157, 29.30058289, -175.96563721, 292.93109131, 7.77550411, 58.37474442, -78.80736542, 0.13496247, 44.50092697, 11.99818134, 0.92051482, 0.03849022, -0.37669596, -0.09628679, -0.04659809, 0.01510124, 1.00468981, 0.00000000, 0.00000000, 0.00000000, 0.00000000
5, 0.0401, 4, 1.83522308, 0.47580069, 0.29983026, 26.88304901, -176.55941772, 297.24157715, 9.82168961, 55.24700165, -80.41508484, -0.58877319, 47.92564392, 11.26284504, 0.90918219, 0.04452629, -0.40371743, -0.09174638, 0.02652368, 0.06356617, 1.09961414, 0.00000000, 0.00000000, 0.00000000, 0.00000000
2, 0.0500, 5, -0.51712489, 1.41588306, -0.51736730, 75.53863525, 126.08020020, 344.30560303, 17.45103836, 60.07015610, 36.80210495, 23.42079353, 44.06148911, 16.67101097, 0.90913677, -0.13291070, -0.39069173, -0.05625829, 1.00054729, 0.13117296, 0.94662064, 0.00000000, 0.00000000, 0.00000000, 0.00000000
2, 0.0600, 6, -0.53697687, 1.32599795, -0.33316177, 82.81316376, 132.80439758, 350.77316284, 20.72493362, 59.63168716, 36.18824768, 25.15698433, 47.70013046, 17.68446922, 0.89558166, -0.13615125, -0.42056629, -0.05020341, 0.99523747, -0.06547827, 0.79830170, 0.00000000, 0.00000000, 0.00000000, 0.00000000
5, 0.0501, 5, 1.81976533, 0.51230049, 0.29440787, 25.93342590, -181.70410156, 297.91973877, 9.82168961, 55.24700165, -80.41508484, -0.22037318, 45.68359756, 12.81717110, 0.91573644, 0.04508984, -0.38556364, -0.10360645, 0.07941820, 0.09571721, 1.12954366, 0.00000000, 0.00000000, 0.00000000, 0.00000000
5, 0.0601, 6, 1.76936710, 0.53729916, 0.29172808, 26.58648300, -186.36557007, 294.97860718, 11.19555664, 54.01929092, -81.55509949, -0.85428613, 49.14908218, 12.12373447, 0.90398347, 0.05065809, -0.41282380, -0.09911725, 0.11564427, 0.11154728, 1.09035969, 0.00000000, 0.00000000, 0.00000000, 0.00000000
5, 0.0701, 7, 1.69454169, 0.57655144, 0.29943419, 26.62640381, -187.64344788, 290.88159180, 13.35866737, 51.24232483, -82.95819855, -1.54819334, 52.58520126, 11.35216522, 0.89147460, 0.05585922, -0.43954524, -0.09461899, 0.22898212, 0.13660625, 1.09966993, 0.00000000, 0.00000000, 0.00000000, 0.00000000
5, 0.0801, 8, 1.60066283, 0.57604623, 0.31394836, 25.48228073, -186.26730347, 288.26498413, 14.38175964, 48.43613052, -84.74130249, -2.36833572, 55.98598862, 10.46319580, 0.87825447, 0.06096055, -0.46564457, -0.09015629, 0.32984817, 0.13157944, 1.07920146, 0.00000000, 0.00000000, 0.00000000, 0.00000000
2, 0.0700, 7, -0.63232714, 1.03485477, -0.18916477, 88.95503998, 141.20753479, 351.80215454, 24.02806091, 58.31628036, 36.24671173, 27.14292717, 51.36016846, 18.86950111, 0.88088226, -0.13956712, -0.45021436, -0.04329562, 1.18850279, -0.18409297, 0.57189316, 0.00000000, 0.00000000, 0.00000000, 0.00000000
2, 0.0800, 8, -0.62776858, 0.72209370, -0.23353180, 80.92069244, 152.35209656, 346.98654175, 27.06810760, 55.62701035, 35.98363113, 29.19384003, 55.01749420, 20.14835548, 0.86544061, -0.14189176, -0.47918367, -0.03553051, 1.28182244, -0.10989433, 0.32335848, 0.00000000, 0.00000000, 0.00000000, 0.00000000
2, 0.0900, 9, -0.48963511, 0.51535064, -0.27983302, 67.12476349, 154.38287354, 338.73501587, 27.06810760, 55.62701035, 35.98363113, 31.33577156, 58.60115814, 21.63568115, 0.84954536, -0.14288560, -0.50703532, -0.02777702, 1.22020304, -0.03895465, 0.15421967, 0.00000000, 0.00000000, 0.00000000, 0.00000000
5, 0.0901, 9, 1.49503183, 0.53686464, 0.29718006, 24.01481819, -186.01678467, 285.99374390, 14.79099655, 46.88687515, -86.11517334, -3.33857369, 59.35988235, 9.43082142, 0.86431116, 0.06591065, -0.49118853, -0.08576638, 0.39579442, 0.12708637, 1.02032840, 0.00000000, 0.00000000, 0.00000000, 0.00000000
2, 0.1000, 10, -0.33234879, 0.75932169, -0.31862909, 50.20936584, 141.26356506, 328.38107300, 30.42969894, 55.36392975, 36.12978745, 26.91134644, 51.68946838, 20.96927643, 0.87911981, -0.12877207, -0.45499715, -0.05953027, 1.02588272, -0.01586788, 0.38086480, 0.00000000, 0.00000000, 0.00000000, 0.00000000
5, 0.1001, 10, 1.38414633, 0.46672192, 0.26681629, 21.31626320, -186.81425476, 284.13381958, 14.79099655, 46.88687515, -86.11517334, -2.04791284, 54.78671265, 10.77696896, 0.88303196, 0.05899645, -0.45650035, -0.09155065, 0.41830581, 0.10993423, 0.90892643, 0.00000000, 0.00000000, 0.00000000, 0.00000000
2, 0.1100, 11, -0.39703518, 0.85293049, -0.25381094, 56.59905243, 129.20674133, 319.36145020, 33.84975052, 52.52849960, 36.01286316, 28.65998650, 55.01752853, 22.21452522, 0.86527050, -0.12919936, -0.48142093, -0.05337171, 1.03163171, -0.09585407, 0.40884382, 0.00000000, 0.00000000, 0.00000000, 0.00000000
5, 0.1101, 11, 1.25776505, 0.37608233, 0.26227936, 19.12179756, -186.90122986, 281.14517212, 16.22332573, 43.11604691, -87.75212097, -2.84919834, 58.13450623, 9.93448162, 0.86945260, 0.06370212, -0.48198009, -0.08769041, 0.41578242, 0.05166657, 0.72454244, 0.00000000, 0.00000000, 0.00000000, 0.00000000
5, 0.1201, 12, 1.15577531, 0.27426800, 0.21625476, 10.45843601, -185.45314026, 273.52587891, 16.98333740, 41.62525558, -89.15522003, -3.69354081, 61.41180420, 9.10130787, 0.85533857, 0.06811376, -0.50655878, -0.08458549, 0.42418653, 0.02967057, 0.62682581, 0.00000000, 0.00000000, 0.00000000, 0.00000000
2, 0.1200, 12, -0.37815142, 0.62811887, -0.20985232, 59.09771729, 119.62404633, 314.86972046, 36.07132339, 49.66384125, 36.56825638, 30.80144882, 58.22563934, 23.87259293, 0.85080326, -0.12998767, -0.50690520, -0.04779276, 1.08837390, -0.11534834, 0.23200954, 0.00000000, 0.00000000, 0.00000000, 0.00000000
2, 0.1300, 13, -0.36776575, 0.61763877, -0.23861203, 68.30303192, 112.53976440, 319.58071899, 38.38058853, 49.63460922, 36.56825638, 33.60700607, 61.37820435, 26.15415955, 0.83526593, -0.13160737, -0.53216565, -0.04254630, 1.10851085, -0.08086382, 0.27439570, 0.00000000, 0.00000000, 0.00000000, 0.00000000
5, 0.1301, 13, 1.03160274, 0.26519689, 0.17092493, 0.04909058, -187.48756409, 262.32312012, 16.92487526, 37.59134674, -91.02601624, -4.45540667, 64.61734009, 8.38309574, 0.84076488, 0.07180130, -0.53024638, -0.08244865, 0.50028378, 0.06294684, 0.55764663, 0.00000000, 0.00000000, 0.00000000, 0.00000000
5, 0.1401, 14, 0.91080123, 0.36207807, 0.12172901, -7.71263981, -188.30366516, 249.18777466, 17.97719955, 36.56825638, -92.45834351, -5.10524750, 67.73057556, 7.78345394, 0.82592899, 0.07467914, -0.55289543, -0.08106157, 0.63413918, 0.16275217, 0.54116237, 0.00000000, 0.00000000, 0.00000000, 0.00000000
2, 0.1400, 14, -0.42855915, 0.48471889, -0.12380381, 84.92253876, 110.94126129, 323.31521606, 38.38058853, 49.63460922, 36.56825638, 37.31310654, 64.46095276, 29.20147705, 0.81858468, -0.13448581, -0.55719703, -0.03693494, 1.22078729, -0.18028936, 0.20156106, 0.00000000, 0.00000000, 0.00000000, 0.00000000
5, 0.1501, 15, 0.79700583, 0.39975962, 0.11969165, -10.62995434, -184.93713379, 237.68533325, 17.97719955, 36.56825638, -92.45834351, 0.44801784, 61.32152176, 10.49031353, 0.85677558, 0.04326926, -0.50812191, -0.07665142, 0.73013830, 0.17818654, 0.48113236, 0.00000000, 0.00000000, 0.00000000, 0.00000000
5, 0.1601, 16, 0.86564422, 0.30245176, 0.14900489, -14.34818649, -174.81967163, 229.82420349, 17.33411217, 34.93130493, -94.29991150, 0.51804221, 64.20777130, 10.71671295, 0.84360003, 0.04581660, -0.52948576, -0.07671195, 0.61326587, 0.06681354, 0.43148971, 0.00000000, 0.00000000, 0.00000000, 0.00000000
5, 0.1701, 17, 0.76585913, 0.31325269, 0.13393605, -20.11484146, -171.77413940, 228.56811523, 17.56796265, 31.51125336, -95.05992126, 0.65549171, 67.06478119, 11.06473827, 0.82998204, 0.04850972, -0.55028570, -0.07721675, 0.69596606, 0.08500183, 0.39782366, 0.00000000, 0.00000000, 0.00000000, 0.00000000
2, 0.1500, 15, -0.36519378, 0.36210507, -0.07586956, 85.23572540, 112.23003387, 320.96752930, 40.77754974, 46.06840134, 36.94826126, 33.66745758, 56.05342484, 19.94528198, 0.85570240, -0.17388508, -0.48722294, -0.01229864, 1.18140173, -0.22638667, 0.07764475, 0.00000000, 0.00000000, 0.00000000, 0.00000000
5, 0.1801, 18, 0.56220609, 0.26584038, 0.10068353, -26.22110367, -168.65496826, 220.44789124, 17.68488693, 30.54662323, -97.01841736, 1.01184797, 69.83718872, 11.65970516, 0.81620693, 0.05093745, -0.57016450, -0.07825630, 0.79585725, 0.08050345, 0.24752240, 0.00000000, 0.00000000, 0.00000000, 0.00000000
2, 0.1600, 16, -0.34255579, 0.25470814, -0.07993285, 84.38600159, 114.15563965, 318.37771606, 42.99912262, 44.84069061, 37.15287781, 36.73546982, 59.12508774, 22.40204811, 0.83997941, -0.17791525, -0.51256132, -0.00784796, 1.13479471, -0.24988714, -0.11077540, 0.00000000, 0.00000000, 0.00000000, 0.00000000
2, 0.1700, 17, -0.29434133, 0.14908443, -0.05920428, 83.35155487, 121.44116211, 315.97546387, 44.84069061, 41.97602844, 37.85442734, 40.25946045, 62.14912796, 25.30029106, 0.82355803, -0.18147402, -0.53741193, -0.00279227, 1.13465261, -0.25751781, -0.17067717, 0.00000000, 0.00000000, 0.00000000, 0.00000000
5, 0.1901, 19, 0.52951580, 0.21415745, 0.08494580, -29.15110779, -169.60987854, 211.22616577, 16.48640823, 28.00350761, -98.33381653, 1.74636257, 72.53958130, 12.60927868, 0.80226141, 0.05274531, -0.58929098, -0.07956597, 0.79284805, 0.05832055, 0.23549150, 0.00000000, 0.00000000, 0.00000000, 0.00000000
5, 0.2001, 20, 0.52815872, 0.16872719, 0.09279808, -33.13764572, -174.02459717, 203.56536865, 16.48640823, 28.00350761, -98.33381653, -0.71399504, 65.67001343, 17.04750824, 0.83043790, 0.08554365, -0.53544599, -0.12787792, 0.76940715, 0.02459921, 0.22088735, 0.00000000, 0.00000000, 0.00000000, 0.00000000
2, 0.1800, 18, -0.21432756, 0.21280934, -0.02691793, 85.02855682, 123.16932678, 314.24746704, 47.44226837, 39.43291473, 37.88365936, 44.50429535, 65.06889343, 28.90144348, 0.80641830, -0.18494231, -0.56167573, 0.00249785, 1.06849802, -0.28896290, -0.07069425, 0.00000000, 0.00000000, 0.00000000, 0.00000000
2, 0.1900, 19, -0.20195688, 0.26233757, 0.07457912, 99.24996948, 120.66494751, 314.64138794, 47.44226837, 39.43291473, 37.88365936, 49.96510315, 67.80715942, 33.59994888, 0.78830290, -0.18943720, -0.58534330, 0.00808182, 1.06905890, -0.38796049, 0.02404075, 0.00000000, 0.00000000, 0.00000000, 0.00000000
5, 0.2101, 21, 0.43538925, 0.14337523, 0.12692356, -37.25355911, -173.47526550, 196.56784058, 16.25255775, 26.77579689, -99.94153595, 0.02360244, 68.29019928, 17.97903633, 0.81747139, 0.08753531, -0.55442262, -0.12920433, 0.80229229, -0.00877110, 0.07443311, 0.00000000, 0.00000000, 0.00000000, 0.00000000
5, 0.2201, 22, 0.31318110, 0.09882724, 0.16270985, -36.55654144, -165.20338440, 188.81683350, 15.28792763, 25.05115509, -101.46156311, 0.92677653, 70.79286194, 19.08049774, 0.80463994, 0.08949721, -0.57229328, -0.13048139, 0.88438153, -0.06979030, 0.01212397, 0.00000000, 0.00000000, 0.00000000, 0.00000000
2, 0.2000, 20, -0.16579537, 0.16747211, 0.19574493, 104.07424164, 119.61369324, 310.08529663, 48.72844315, 36.88979721, 39.19906235, -33.22127914, 75.80950928, 10.08543682, 0.73774314, 0.27643189, -0.56660855, -0.24140285, 1.07723045, -0.38988021, -0.03266357, 0.00000000, 0.00000000, 0.00000000, 0.00000000
5, 0.2301, 23, 0.24312328, 0.07671846, 0.17131126, -32.17198563, -151.68046570, 180.56564331, 14.96638393, 23.73575020, -102.89389038, 1.86682582, 73.14218903, 20.22132874, 0.79224527, 0.09170225, -0.58878577, -0.13141322, 0.93209171, -0.09480764, -0.01040275, 0.00000000, 0.00000000, 0.00000000, 0.00000000
5, 0.2401, 24, 0.27797478, 0.01415441, 0.17232651, -27.25377464, -138.13870239, 172.44833374, 14.11867905, 21.83572006, -103.82929230, 2.81622219, 75.34085846, 21.37193871, 0.78036237, 0.09416921, -0.60394585, -0.13197055, 0.88369304, -0.13774446, 0.02460190, 0.00000000, 0.00000000, 0.00000000, 0.00000000
2, 0.2100, 21, -0.16006128, 0.09385689, 0.23247035, 103.64184570, 119.37911987, 298.69180298, 50.39462280, 33.49897766, 39.34521866, -42.54269028, 77.80134583, -0.71321970, 0.72662091, 0.27868471, -0.58693582, -0.22330064, 1.11787176, -0.09998557, -0.07109989, 0.00000000, 0.00000000, 0.00000000, 0.00000000
2, 0.2200, 22, -0.07020719, 0.12377734, 0.18943362, 98.47364044, 112.42254639, 280.41900635, 50.95001221, 30.31277466, 40.28062057, -54.29511642, 79.21725464, -13.86051655, 0.71563554, 0.28050888, -0.60557568, -0.20605493, 1.02932692, -0.05065158, -0.00761266, 0.00000000, 0.00000000, 0.00000000, 0.00000000
5, 0.2501, 25, 0.30320069, -0.11827877, 0.16555081, -24.73030663, -136.12152100, 167.64462280, 13.53405380, 20.52031517, -104.88161469, -40.45019913, 71.58169556, 7.09073210, 0.74718356, 0.31382304, -0.53037703, -0.24886158, 0.78578943, -0.16241460, 0.00794962, 0.00000000, 0.00000000, 0.00000000, 0.00000000
2, 0.2300, 23, -0.08164497, 0.00867990, 0.26256120, 94.95664978, 104.39289856, 260.00097656, 50.95001221, 30.31277466, 40.28062057, -67.66088104, 79.97489929, -28.55303574, 0.70503259, 0.28174987, -0.62252241, -0.18976836, 1.06672895, -0.10477055, -0.07978269, 0.00000000, 0.00000000, 0.00000000, 0.00000000
5, 0.2601, 26, 0.21409991, -0.20014393, 0.11471532, -25.23536491, -135.12475586, 162.90771484, 13.53405380, 20.52031517, -104.88161469, -44.55363846, 73.29730225, 2.91069412, 0.73644274, 0.31807196, -0.54445231, -0.24505931, 0.75434440, -0.01117658, -0.10351345, 0.00000000, 0.00000000, 0.00000000, 0.00000000
2, 0.2400, 24, -0.08056502, -0.02933157, 0.28451937, 86.19421387, 93.92022705, 240.03013611, 51.91464615, 27.09733963, 40.66062546, -81.11975098, 80.10369873, -43.21608353, 0.69475919, 0.28272891, -0.63780791, -0.17485774, 1.07427955, -0.11449122, -0.07812081, 0.00000000, 0.00000000, 0.00000000, 0.00000000
2, 0.2500, 25, -0.12121348, -0.14968500, 0.27776045, 79.90473938, 88.35743713, 222.38005066, 53.14235687, 25.89885902, 41.15755463, -59.10853958, 81.92890167, -84.29657745, 0.70400554, -0.10654935, -0.67275929, 0.20104328, 1.13766122, -0.10328973, -0.17044237, 0.00000000, 0.00000000, 0.00000000, 0.00000000
5, 0.2701, 27, 0.17435791, -0.19393723, 0.07281142, -28.55649185, -132.07012939, 158.50103760, 12.18941784, 19.76030350, -106.22624969, -49.36566925, 74.89414215, -1.95118678, 0.72559679, 0.32208025, -0.55803943, -0.24159005, 0.77060479, 0.02184069, -0.11249779, 0.00000000, 0.00000000, 0.00000000, 0.00000000
5, 0.2801, 28, 0.08736154, -0.19494320, 0.04665378, -34.27577209, -122.64968872, 157.23858643, 12.16018677, 16.83718109, -107.65857697, -55.11223984, 76.32329559, -7.65302467, 0.71459669, 0.32637444, -0.57084179, -0.23868591, 0.81799304, 0.03787632, -0.15653944, 0.00000000, 0.00000000, 0.00000000, 0.00000000
2, 0.2600, 26, -0.19156620, -0.19698788, 0.32651681, 71.81886292, 85.84418488, 205.62419128, 52.85004425, 23.73575020, 41.62525558, -73.89550781, 82.28810883, -100.06520844, 0.68969321, -0.11223629, -0.68468326, 0.20720792, 1.22120774, -0.18311465, -0.23354627, 0.00000000, 0.00000000, 0.00000000, 0.00000000
5, 0.2901, 29, 0.05576910, -0.21446577, 0.02128319, -43.15264511, -110.97215271, 155.85980225, 11.13709450, 16.19409561, -108.33089447, -61.85357285, 77.56221771, -14.22035122, 0.70341510, 0.33105469, -0.58275431, -0.23665878, 0.81861579, 0.04175358, -0.16660821, 0.00000000, 0.00000000, 0.00000000, 0.00000000
5, 0.3001, 30, -0.03457570, -0.22713864, -0.03346292, -51.74602890, -102.36868286, 153.49275208, 9.58784008, 15.84332085, -109.52937317, -113.07227325, 74.26637268, -59.71428299, 0.63196766, 0.41108778, -0.61979085, -0.21790622, 0.83998829, 0.08848262, -0.18782777, 0.00000000, 0.00000000, 0.00000000, 0.00000000
2, 0.2700, 27, -0.26571617, -0.43940276, 0.36599874, 57.85839081, 95.62606049, 189.75819397, 52.87927628, 21.95264435, 42.56065369, -88.03157043, 81.93405914, -115.05923462, 0.67587358, -0.11610252, -0.69578040, 0.21355265, 1.34016097, -0.19200818, -0.42668802, 0.00000000, 0.00000000, 0.00000000, 0.00000000
5, 0.3101, 31, -0.15745558, -0.26787668, -0.08562019, -59.37379074, -94.41376495, 150.18659973, 9.58784008, 15.84332085, -109.52937317, -119.65460205, 73.79380035, -66.02148438, 0.61982602, 0.41536382, -0.62969583, -0.21626815, 0.85246581, 0.14624657, -0.16056377, 0.00000000, 0.00000000, 0.00000000, 0.00000000
2, 0.2800, 28, -0.13806617, -0.51254737, 0.40894854, 35.77889633, 104.08294678, 178.94514465, 52.87927628, 21.95264435, 42.56065369, -99.62345123, 81.00326538, -127.30407715, 0.66237980, -0.11775723, -0.70654392, 0.21950388, 1.22745228, -0.21558324, -0.49459422, 0.00000000, 0.00000000, 0.00000000, 0.00000000
2, 0.2900, 29, -0.00614608, -0.35737029, 0.39747983, 31.63397598, 101.79848480, 181.16510010, 53.61005402, 20.60800934, 43.34989548, -108.84119415, 79.77152252, -137.13278198, 0.64861739, -0.11925019, -0.71725368, 0.22499359, 1.06528234, -0.20300606, -0.33577442, 0.00000000, 0.00000000, 0.00000000, 0.00000000
5, 0.3201, 32, -0.20252860, -0.30228207, -0.13432460, -67.69699860, -81.01969147, 144.21481323, 8.79859638, 14.58637810, -110.49400330, -125.60242462, 73.22434235, -71.57431793, 0.60781616, 0.41972983, -0.63862312, -0.21574762, 0.83295095, 0.15559688, -0.20068488, 0.00000000, 0.00000000, 0.00000000, 0.00000000
5, 0.3301, 33, -0.19345514, -0.33459538, -0.22714637, -76.58639526, -70.13985443, 134.64999390, 8.03858471, 13.47559166, -110.55246735, -130.96955872, 72.63262177, -76.45783997, 0.59608203, 0.42383313, -0.64670056, -0.21640256, 0.75932455, 0.19966914, -0.21650550, 0.00000000, 0.00000000, 0.00000000, 0.00000000
5, 0.3401, 34, -0.17106386, -0.39721084, -0.24905311, -82.86335754, -65.31629944, 123.64570618, 7.22011089, 12.65711784, -111.40017700, -135.88287354, 72.04423523, -80.86499786, 0.58469385, 0.42732292, -0.65425998, -0.21788098, 0.69317830, 0.16776264, -0.21149430, 0.00000000, 0.00000000, 0.00000000, 0.00000000
2, 0.3000, 30, -0.00019016, -0.39474899, 0.48085004, 39.80913544, 91.36727142, 188.83642578, 53.14235687, 18.06489372, 45.13300323, -127.91854858, 60.15393448, -124.59327698, 0.57528067, 0.16666290, -0.79065996, 0.12701435, 1.03558326, -0.21709552, -0.29449376, 0.00000000, 0.00000000, 0.00000000, 0.00000000
2, 0.3100, 31, 0.11145985, -0.40000221, 0.46313423, 38.72327805, 80.88753510, 190.76950073, 53.05466080, 16.86641312, 45.01607513, -129.41717529, 58.48589325, -126.92005157, 0.56170869, 0.16579498, -0.79903817, 0.13613775, 0.83145535, -0.02806520, -0.12859744, 0.00000000, 0.00000000, 0.00000000, 0.00000000
5, 0.3501, 35, -0.10848670, -0.36808467, -0.29636845, -85.59333801, -64.44776917, 111.06483459, 5.81701231, 13.27097321, -112.36480713, -155.12229919, 67.18925476, -96.17685699, 0.52194715, 0.45465821, -0.68494022, -0.22740725, 0.63952130, 0.20153011, -0.11544546, 0.00000000, 0.00000000, 0.00000000, 0.00000000
5, 0.3601, 36, -0.02128660, -0.41296825, -0.30945107, -88.14168549, -66.70838928, 99.03802490, 5.81701231, 13.27097321, -112.36480713, -158.19738770, 66.34724426, -98.85044098, 0.51107442, 0.45600456, -0.69159776, -0.22924958, 0.52685452, 0.14098868, 0.02799494, 0.00000000, 0.00000000, 0.00000000, 0.00000000
2, 0.3200, 32, 0.12541345, -0.45069778, 0.42955035, 29.21878624, 72.17195129, 186.48727417, 52.87927628, 14.84945869, 45.65916443, -130.83750916, 56.86922455, -129.06594849, 0.54821968, 0.16502364, -0.80713487, 0.14406838, 0.81178582, 0.01982713, -0.15227413, 0.00000000, 0.00000000, 0.00000000, 0.00000000
2, 0.3300, 33, 0.10312580, -0.54951799, 0.34278244, 10.16928577, 72.17855835, 169.59963989, 52.87927628, 14.84945869, 45.65916443, -132.04322815, 55.30061722, -130.77005005, 0.53543019, 0.16565211, -0.81435686, 0.15065463, 0.83568400, 0.12397474, -0.21300937, 0.00000000, 0.00000000, 0.00000000, 0.00000000
5, 0.3701, 37, -0.09568378, -0.48526812, -0.25171366, -92.28124237, -61.46972656, 91.11852264, 5.46623802, 12.51096153, -113.09558105, -161.10189819, 65.55339050, -101.33274841, 0.50053811, 0.45694646, -0.69783145, -0.23171720, 0.55089527, 0.03620083, -0.02355334, 0.00000000, 0.00000000, 0.00000000, 0.00000000
2, 0.3400, 34, 0.20012721, -0.60301471, 0.15538706, -8.33050156, 74.75122070, 139.73304749, 53.49312973, 13.50482273, 46.33148193, -132.91633606, 53.85196304, -131.88616943, 0.52425885, 0.16803984, -0.82011813, 0.15595374, 0.73262453, 0.32441130, -0.24647111, 0.00000000, 0.00000000, 0.00000000, 0.00000000
5, 0.3801, 38, -0.11973187, -0.50256526, -0.24833211, -97.81254578, -44.05489349, 83.33171844, 4.29698896, 12.62788677, -114.03098297, -163.81286621, 64.86880493, -103.50235748, 0.49056709, 0.45800039, -0.70296782, -0.23540589, 0.55155903, 0.00741983, -0.03217214, 0.00000000, 0.00000000, 0.00000000, 0.00000000
2, 0.3500, 35, 0.43017477, -0.64036381, 0.10726405, -25.24530411, 77.17575836, 119.30295563, 52.96696854, 12.30634308, 46.94533539, -143.85186768, 48.65103912, -138.41987610, 0.46644062, 0.18799800, -0.85521328, 0.12530082, 0.48794609, 0.37187314, -0.27523160, 0.00000000, 0.00000000, 0.00000000, 0.00000000
5, 0.3901, 39, -0.08698845, -0.43194252, -0.22177115, -103.58023071, -22.87068367, 77.33779144, 4.03390837, 13.41712952, -114.76176453, -166.37014771, 64.30675507, -105.36131287, 0.48114836, 0.45942491, -0.70682430, -0.24046744, 0.58307362, 0.01436887, 0.05266826, 0.00000000, 0.00000000, 0.00000000, 0.00000000
5, 0.4001, 40, -0.01217946, -0.37231961, -0.32216179, -104.20401764, -3.06586599, 73.34863281, 3.56620860, 14.14791012, -115.08330536, -175.02978516, 63.04815292, -111.91558075, 0.45353583, 0.45795360, -0.71836436, -0.26179498, 0.51917773, 0.10223059, 0.11840025, 0.00000000, 0.00000000, 0.00000000, 0.00000000
2, 0.3600, 36, 0.51594079, -0.61482066, 0.21921022, -38.50717545, 58.43047714, 108.38894653, 52.82081223, 9.90938282, 47.29611206, -144.37298584, 47.41079330, -138.73757935, 0.45690855, 0.19205201, -0.85915703, 0.12727815, 0.35433286, 0.22610483, -0.17343575, 0.00000000, 0.00000000, 0.00000000, 0.00000000
2, 0.3700, 37, 0.40127331, -0.74276787, 0.25862718, -42.48371124, 37.43490219, 101.85755157, 52.52849960, 11.10786343, 47.47150040, -145.06526184, 46.34713745, -139.18917847, 0.44802809, 0.19504233, -0.86308104, 0.12775159, 0.47831255, 0.19989081, -0.26401436, 0.00000000, 0.00000000, 0.00000000, 0.00000000
5, 0.4101, 41, 0.07236873, -0.35272315, -0.42690048, -101.30013275, 6.35893726, 71.36307526, 3.56620860, 14.14791012, -115.08330536, -177.06344604, 62.56281281, -113.06098938, 0.44507542, 0.46006787, -0.72001612, -0.26799658, 0.41947848, 0.14554247, 0.17772810, 0.00000000, 0.00000000, 0.00000000, 0.00000000
5, 0.4201, 42, 0.01968309, -0.35457325, -0.47791165, -97.61737061, 11.60077190, 69.05760193, 3.42005253, 13.73867321, -115.22946167, -178.95274353, 62.10876083, -114.05040741, 0.43699601, 0.46228999, -0.72121185, -0.27418250, 0.42243612, 0.16914330, 0.12390186, 0.00000000, 0.00000000, 0.00000000, 0.00000000
2, 0.3800, 38, 0.21989994, -0.88847196, 0.28564584, -49.33108902, 26.10616302, 89.61601257, 52.52849960, 11.10786343, 47.47150040, -145.81695557, 45.43786621, -139.61004639, 0.44004658, 0.19783913, -0.86665559, 0.12699163, 0.67270863, 0.18484931, -0.35944670, 0.00000000, 0.00000000, 0.00000000, 0.00000000
2, 0.3900, 39, 0.07623826, -0.96564215, 0.30255854, -58.18693924, 27.10859489, 74.88484192, 52.44080734, 10.14323330, 47.73458099, -146.51736450, 44.62470245, -139.84759521, 0.43294859, 0.20139325, -0.86962539, 0.12549168, 0.81823140, 0.17297587, -0.39546511, 0.00000000, 0.00000000, 0.00000000, 0.00000000
5, 0.4301, 43, -0.04608255, -0.36555260, -0.52177095, -94.44951630, 20.08972359, 61.85864639, 2.71850324, 14.14791012, -116.42794037, 179.27574158, 61.74927521, -114.91301727, 0.42965934, 0.46443477, -0.72176659, -0.28061777, 0.43191391, 0.18201588, 0.05646002, 0.00000000, 0.00000000, 0.00000000, 0.00000000
5, 0.4401, 44, -0.13552132, -0.32183322, -0.56331486, -91.36642456, 27.47445297, 51.26944351, 2.68927217, 13.12481689, -116.95410919, 177.58857727, 61.50703049, -115.71072388, 0.42324287, 0.46624738, -0.72175324, -0.28731713, 0.49172845, 0.22747765, -0.00418418, 0.00000000, 0.00000000, 0.00000000, 0.00000000
2, 0.4000, 40, 0.05221047, -0.99168611, 0.37487859, -69.64652252, 32.49118805, 63.67644119, 52.79158020, 9.00321579, 48.40689850, -151.21784973, 35.28141022, -142.47340393, 0.35412362, 0.22559898, -0.89824373, 0.12984541, 0.80932701, 0.10202200, -0.38243529, 0.00000000, 0.00000000, 0.00000000, 0.00000000
2, 0.4100, 41, 0.10687354, -0.95982915, 0.41167313, -80.50729370, 27.06127930, 58.73095322, 51.91464615, 8.00935364, 48.11458588, -151.94242859, 34.57116699, -142.43115234, 0.34745049, 0.23010305, -0.90020961, 0.12630688, 0.65375149, 0.06019512, -0.27091646, 0.00000000, 0.00000000, 0.00000000, 0.00000000
5, 0.4501, 45, -0.14887147, -0.32826832, -0.73640341, -90.48555756, 37.66668320, 34.62354279, 2.28003502, 14.08944702, -116.25255585, 167.87344360, 57.86441422, -124.43674469, 0.38252679, 0.45085779, -0.74616027, -0.30601558, 0.40285394, 0.32586485, -0.07213677, 0.00000000, 0.00000000, 0.00000000, 0.00000000
5, 0.4601, 46, -0.10647136, -0.34229130, -0.79015607, -93.37580872, 44.20129395, 14.43324471, 2.28003502, 14.08944702, -116.25255585, 166.17738342, 57.91738892, -125.35124207, 0.37869924, 0.45047873, -0.74494886, -0.31417662, 0.31820869, 0.28639886, -0.03658086, 0.00000000, 0.00000000, 0.00000000, 0.00000000
2, 0.4200, 42, 0.16142616, -0.98607725, 0.51565140, -90.76061249, 14.66978931, 56.54572678, 51.85618210, 9.09090900, 47.70534897, -152.83471680, 33.93640518, -142.46635437, 0.34086272, 0.23421191, -0.90233874, 0.12141791, 0.59726113, -0.04863209, -0.30416644, 0.00000000, 0.00000000, 0.00000000, 0.00000000
5, 0.4701, 47, -0.08289067, -0.35877424, -0.79432648, -97.34337616, 51.37590408, -6.69201994, 2.33849740, 14.49868488, -116.77871704, 164.30308533, 58.13882065, -126.51453400, 0.37612674, 0.44886801, -0.74337488, -0.32317185, 0.29289693, 0.26380238, -0.03410019, 0.00000000, 0.00000000, 0.00000000, 0.00000000
2, 0.4300, 43, 0.28712285, -1.03242600, 0.62887454, -105.79788208, 0.16930839, 50.27999115, 51.85618210, 9.09090900, 47.70534897, -153.93553162, 33.41648483, -142.56428528, 0.33458874, 0.23804170, -0.90456456, 0.11467184, 0.47616357, -0.16824850, -0.37101874, 0.00000000, 0.00000000, 0.00000000, 0.00000000
5, 0.4801, 48, -0.09115737, -0.50656128, -0.80907130, -101.14672089, 61.80810547, -24.86745071, 3.30312777, 14.70330334, -116.98333740, 162.23315430, 58.52337646, -127.90460968, 0.37472516, 0.44630694, -0.74123806, -0.33310267, 0.20291944, 0.16740513, -0.12785983, 0.00000000, 0.00000000, 0.00000000, 0.00000000
5, 0.4901, 49, -0.14551117, -0.66403401, -0.83290714, -105.01612091, 75.07960510, -41.62485123, 3.09850907, 15.49254608, -117.12949371, 159.93225098, 59.07232666, -129.52960205, 0.37447777, 0.44295162, -0.73835623, -0.34407902, 0.13262072, 0.07159704, -0.26945236, 0.00000000, 0.00000000, 0.00000000, 0.00000000
2, 0.4400, 44, 0.35003826, -1.09746361, 0.58239508, -107.88883209, -11.20870876, 37.44480515, 52.29465103, 7.51242304, 47.26688004, -155.08712769, 33.06078720, -142.68315125, 0.32937953, 0.24133776, -0.90653718, 0.10703085, 0.41974175, -0.12980525, -0.43171680, 0.00000000, 0.00000000, 0.00000000, 0.00000000
5, 0.5001, 50, -0.13962829, -0.71487164, -0.91047347, -108.19377136, 93.02953339, -57.85891724, 3.74159598, 16.28178787, -117.39257050, 157.46246338, 56.35969925, -131.82905579, 0.35251963, 0.43703929, -0.75155264, -0.34625888, 0.05795121, 0.07903104, -0.32457834, 0.00000000, 0.00000000, 0.00000000, 0.00000000
5, 0.5101, 51, -0.00800430, -0.73251784, -1.30519581, -106.55992126, 105.93370056, -73.29304504, 3.74159598, 16.28178787, -116.63256073, 154.90367126, 57.24353027, -133.74391174, 0.35509387, 0.43226263, -0.74709052, -0.35904491, -0.24259153, 0.34640837, -0.36694819, 0.00000000, 0.00000000, 0.00000000, 0.00000000
5, 0.5201, 52, 0.28764910, -0.78295457, -1.51534677, -99.86138153, 93.59951019, -84.60859680, 5.32008171, 16.95410728, -116.63256073, 152.32205200, 58.06761932, -135.87118530, 0.35816315, 0.42649359, -0.74316955, -0.37083885, -0.55113852, 0.46348476, -0.26246384, 0.00000000, 0.00000000, 0.00000000, 0.00000000
2, 0.4500, 45, 0.36903635, -1.31720352, 0.39366615, -101.30357361, -2.38306999, 26.60678101, 52.67465591, 7.71704149, 47.47150040, -159.64604187, 27.68050385, -142.52261353, 0.27808556, 0.26699170, -0.91861045, 0.08682644, 0.41595778, 0.05562604, -0.61022007, 0.00000000, 0.00000000, 0.00000000, 0.00000000
5, 0.5301, 53, 0.41475466, -0.89216781, -1.68971884, -100.97749329, 74.59175110, -89.11348724, 6.05086231, 18.24028015, -116.66179657, 149.65785217, 58.70928574, -138.23342896, 0.36073861, 0.41973078, -0.74023312, -0.38177052, -0.77546704, 0.51616859, -0.30367208, 0.00000000, 0.00000000, 0.00000000, 0.00000000
5, 0.5401, 54, 0.39609510, -1.08560205, -1.99387765, -114.90271759, 65.53147888, -90.32643127, 6.54779291, 19.38029861, -116.48640442, 146.69309998, 59.16651535, -140.90367126, 0.36232767, 0.41210324, -0.73779970, -0.39311740, -1.02598131, 0.61671615, -0.54951817, 0.00000000, 0.00000000, 0.00000000, 0.00000000
5, 0.5501, 55, 0.45829546, -1.17710423, -2.26093054, -128.03608704, 51.30358505, -91.46231842, 7.07395506, 20.49108505, -117.15872192, 141.76573181, 58.21567535, -144.77093506, 0.35148776, 0.40165758, -0.73860574, -0.41181219, -1.25061095, 0.74304247, -0.66635644, 0.00000000, 0.00000000, 0.00000000, 0.00000000
5, 0.5601, 56, 0.39716929, -1.20230627, -2.70813775, -130.66830444, 39.63814163, -91.09344482, 7.30780458, 22.06957054, -116.54486847, 138.69651794, 58.19743347, -147.66191101, 0.35124755, 0.39242178, -0.73752993, -0.42270550, -1.45303488, 1.03905344, -0.91366887, 0.00000000, 0.00000000, 0.00000000, 0.00000000
5, 0.5701, 57, 0.48927379, -1.16150796, -2.98360348, -118.93669891, 13.94862080, -89.75196838, 7.30780458, 22.06957054, -116.54486847, 136.02012634, 57.95836258, -150.35792542, 0.35050717, 0.38287345, -0.73776037, -0.43158132, -1.62038267, 1.25917518, -0.94363117, 0.00000000, 0.00000000, 0.00000000, 0.00000000
2, 0.4600, 46, 0.62777960, -1.31681550, 0.28399873, -105.53971100, 16.90649986, 37.50608826, 52.26541901, 7.57088566, 46.88687515, -160.56155396, 27.20200348, -142.31686401, 0.27235574, 0.27181849, -0.91949272, 0.08043844, 0.09668136, 0.12825014, -0.59532744, 0.00000000, 0.00000000, 0.00000000, 0.00000000
2, 0.4700, 47, 1.01374769, -1.14293170, 0.37895513, -94.41679382, 7.80591011, 65.47023010, 52.26541901, 7.57088566, 46.88687515, -161.49617004, 26.51306343, -142.34370422, 0.26472226, 0.27514976, -0.92118323, 0.07507494, -0.32346034, 0.00697938, -0.49652043, 0.00000000, 0.00000000, 0.00000000, 0.00000000
5, 0.5801, 58, 0.28204161, -1.03718996, -3.33126760, -81.89303589, -18.51338959, -90.33128357, 7.10318613, 23.41420555, -117.48027039, 134.18600464, 57.61584091, -152.57890320, 0.35038659, 0.37352467, -0.73968297, -0.43655211, -1.58749080, 1.59117568, -1.18978381, 0.00000000, 0.00000000, 0.00000000, 0.00000000
5, 0.5901, 59, 0.33671367, -1.37271106, -3.92168069, -15.60606861, -58.81172943, -103.77294922, 7.48319197, 24.72961044, -117.74334717, 133.56944275, 57.34324265, -154.22259521, 0.35268521, 0.36422306, -0.74384034, -0.43549538, -2.11763501, 1.83587909, -1.54200172, 0.00000000, 0.00000000, 0.00000000, 0.00000000
5, 0.6001, 60, 0.44129992, -2.22810650, -4.26432085, 53.89702606, -148.68687439, -122.92393494, 7.24934244, 25.02192307, -118.29874420, 136.77232361, 55.92459488, -153.95175171, 0.35138661, 0.35332882, -0.76110494, -0.41521767, -2.88131809, 1.57396197, -1.99549735, 0.00000000, 0.00000000, 0.00000000, 0.00000000
5, 0.6101, 61, 0.44300088, -2.95087624, -4.04926157, 98.01707458, -245.16944885, -147.30732727, 6.51856184, 25.31423569, -119.38029480, 138.89216614, 54.98755264, -154.81684875, 0.35397428, 0.33925211, -0.77528208, -0.39818069, -3.23649836, 0.96629339, -2.22511816, 0.00000000, 0.00000000, 0.00000000, 0.00000000
5, 0.6201, 62, -0.10980701, -2.93939281, -3.52971482, 147.59889221, -293.04098511, -163.97668457, 6.51856184, 25.31423569, -119.38029480, 141.91264343, 54.00271988, -155.42509460, 0.35746157, 0.32398659, -0.79141140, -0.37539577, -2.64390373, 0.57684469, -2.42457843, 0.00000000, 0.00000000, 0.00000000, 0.00000000
2, 0.4800, 48, 1.11643946, -1.30711448, 0.40881485, -78.59938812, -18.19189453, 72.87577820, 52.17772675, 7.83396673, 46.91610718, -162.46369934, 25.86450005, -142.68363953, 0.25708959, 0.27584100, -0.92353487, 0.07000086, -0.40321887, -0.02123016, -0.66956210, 0.00000000, 0.00000000, 0.00000000, 0.00000000
2, 0.4900, 49, 1.25307083, -1.60197520, 0.40201068, -81.43386841, -39.07221222, 76.55777740, 51.97310638, 7.24934244, 47.17918777, -163.58433533, 25.25129318, -143.22885132, 0.24923858, 0.27501822, -0.92636579, 0.06396519, -0.49168149, -0.00428672, -0.97382295, 0.00000000, 0.00000000, 0.00000000, 0.00000000
2, 0.5000, 50, 1.26174653, -2.01164818, 0.29014903, -74.81368256, -43.10166550, 78.23912811, 51.91464615, 6.54779291, 46.21455765, -167.83460999, 23.45151901, -143.07261658, 0.22453994, 0.28792274, -0.93032157, 0.03441164, -0.43901989, 0.11434272, -1.35279202, 0.00000000, 0.00000000, 0.00000000, 0.00000000
2, 0.5100, 51, 1.34439445, -2.55032372, 0.21522950, -73.87632751, -27.06548500, 101.90779114, 51.82695007, 5.02776957, 45.62993240, -168.79953003, 22.52178383, -143.51307678, 0.21453805, 0.28746486, -0.93297052, 0.03005727, -0.44664901, 0.18467514, -1.86506855, 0.00000000, 0.00000000, 0.00000000, 0.00000000
5, 0.6301, 63, -0.32274231, -2.68765020, -3.03338051, 233.60482788, -304.65676880, -181.91055298, 5.11546326, 25.72347260, -120.63723755, 146.10647583, 53.41983795, -155.44265747, 0.36474577, 0.30974180, -0.80709374, -0.34586146, -2.12310171, 0.36787334, -2.24637413, 0.00000000, 0.00000000, 0.00000000, 0.00000000
2, 0.5200, 52, 1.47684991, -3.15140343, 0.29734057, -54.17829895, -23.27076340, 139.85870361, 51.82695007, 5.02776957, 45.62993240, -169.59532166, 21.21666908, -144.04402161, 0.20189285, 0.28624946, -0.93621910, 0.02818550, -0.48083556, 0.14080971, -2.47471666, 0.00000000, 0.00000000, 0.00000000, 0.00000000
2, 0.5300, 53, 1.02831793, -4.24640846, 0.51111346, 13.85751343, -25.07585144, 196.64013672, 51.03770828, 4.32622051, 44.81145859, -169.82305908, 19.38610268, -144.86619568, 0.18627283, 0.28210136, -0.94055831, 0.03273395, 0.14341126, 0.01421440, -3.46772385, 0.00000000, 0.00000000, 0.00000000, 0.00000000
2, 0.5400, 54, 0.68830103, -5.33004427, 1.17188263, 90.11283875, -2.98690438, 255.58947754, 50.36539078, 2.95235300, 45.04530716, -169.26882935, 16.95755577, -145.77513123, 0.16751279, 0.27657971, -0.94519848, 0.04519960, 0.65522319, -0.54655534, -4.50652361, 0.00000000, 0.00000000, 0.00000000, 0.00000000
2, 0.5500, 55, 0.55080628, -5.74258661, 2.10011506, 140.36689758, 39.95762253, 250.64262390, 49.13768005, 0.61385560, 46.09763336, -166.77706909, 10.77711391, -147.86618042, 0.12136550, 0.26331469, -0.95332253, 0.08433264, 0.82516176, -1.41163230, -4.94952965, 0.00000000, 0.00000000, 0.00000000, 0.00000000
2, 0.5600, 56, 0.99259663, -6.24103355, 2.54580402, 111.06512451, 58.89691162, 193.13871765, 48.69921112, -1.57848585, 46.94533539, -165.65219116, 8.81096363, -148.13987732, 0.10746061, 0.26228672, -0.95388359, 0.09881350, 0.40765834, -1.77379668, -5.54755211, 0.00000000, 0.00000000, 0.00000000, 0.00000000
5, 0.6401, 64, -0.35284752, -2.48962784, -2.23546815, 300.19580078, -284.59249878, -181.28099060, 4.15083313, 24.23267937, -121.83571625, 151.15718079, 53.26513290, -154.74935913, 0.37498394, 0.29817006, -0.82039756, -0.31213728, -1.59813285, -0.09643719, -1.83544755, 0.00000000, 0.00000000, 0.00000000, 0.00000000
5, 0.6501, 65, -0.91648293, -2.36588717, -1.49922800, 351.76333618, -200.25895691, -187.69136047, 2.89389062, 23.79421234, -122.77111816, 166.16964722, 51.00547409, -150.84889221, 0.38631871, 0.27565482, -0.85411710, -0.21273538, -0.81850994, -0.52528781, -1.89415979, 0.00000000, 0.00000000, 0.00000000, 0.00000000
5, 0.6601, 66, -0.64189625, -2.66887856, -0.90747994, 377.92474365, -88.37064362, -212.87347412, 2.74773455, 21.51417732, -121.74802399, 171.96244812, 52.42948914, -148.46751404, 0.40698826, 0.27296102, -0.85285771, -0.18024065, -0.89843297, -1.05324936, -1.54405785, 0.00000000, 0.00000000, 0.00000000, 0.00000000
5, 0.6701, 67, 0.05003473, -2.84993982, -0.42901772, 385.13241577, -1.29244578, -248.88624573, 2.74773455, 21.51417732, -121.74802399, 178.11541748, 54.54376984, -145.30072021, 0.43294755, 0.27221203, -0.84604049, -0.15057465, -1.18686795, -1.47488737, -0.92317903, 0.00000000, 0.00000000, 0.00000000, 0.00000000
5, 0.6801, 68, 1.38896739, -2.57228446, -0.08058786, 403.95513916, 59.40132523, -323.12899780, 3.53697753, 20.69570351, -120.34492493, -174.76411438, 57.38181305, -141.18760681, 0.46564960, 0.27048212, -0.83380693, -0.12155603, -1.65221846, -1.50893748, 0.36087829, 0.00000000, 0.00000000, 0.00000000, 0.00000000
2, 0.5700, 57, 1.58979046, -5.98636150, 2.54549861, 123.70899963, -16.93047523, 136.79249573, 48.69921112, -1.57848585, 46.94533539, -164.61015320, 7.64014196, -148.98869324, 0.09933665, 0.25574183, -0.95518994, 0.11108853, -0.25218153, -1.77669585, -5.41199636, 0.00000000, 0.00000000, 0.00000000, 0.00000000
2, 0.5800, 58, 1.37779534, -5.88777733, 2.01802063, 162.36512756, -148.48269653, 85.08460999, 48.20227814, -3.04004669, 47.52996063, -163.56471252, 7.44834328, -150.96189880, 0.09799158, 0.23861660, -0.95842862, 0.12196057, -0.08132522, -1.24148583, -5.23534250, 0.00000000, 0.00000000, 0.00000000, 0.00000000
2, 0.5900, 59, 0.90280247, -5.87944746, 1.48792851, 197.97514343, -263.39367676, -36.23463821, 47.85150528, -3.97544575, 46.74071884, -162.48072815, 8.85947895, -153.60920715, 0.10898006, 0.21348478, -0.96205163, 0.13040102, 0.38833523, -0.69657218, -5.10062265, 0.00000000, 0.00000000, 0.00000000, 0.00000000
2, 0.6000, 60, 0.78009093, -4.98519182, 1.34129465, 184.52714539, -315.39846802, -223.29275513, 47.88073730, -3.59543991, 45.86378098, -162.40870667, 9.70927143, -155.39178467, 0.11418037, 0.19719604, -0.96483415, 0.13104071, 0.37226376, -0.61533487, -4.19942999, 0.00000000, 0.00000000, 0.00000000, 0.00000000
2, 0.6100, 61, 0.04131961, -3.58582735, 1.52478111, 188.67127991, -313.36264038, -407.03738403, 49.45922089, -1.52002335, 43.96375275, -161.41419983, 14.77072430, -157.02029419, 0.15621251, 0.17460848, -0.96321034, 0.13166417, 0.88052750, -0.91352463, -2.71597290, 0.00000000, 0.00000000, 0.00000000, 0.00000000
2, 0.6200, 62, 0.82189083, -3.26835608, 1.89311433, 220.54331970, -353.72283936, -581.30364990, 49.45922089, -1.52002335, 43.96375275, -160.22456360, 21.63933563, -158.29393005, 0.21338052, 0.15053844, -0.95639479, 0.13082820, 0.16372523, -1.29887819, -2.61770582, 0.00000000, 0.00000000, 0.00000000, 0.00000000
2, 0.6300, 63, 0.26293382, -2.09477234, 1.92834997, 288.21533203, -425.31274414, -677.72735596, 50.30692673, 3.15697169, 42.94065857, -158.75906372, 29.75168991, -159.84080505, 0.27960786, 0.11966819, -0.94354737, 0.13121516, 0.61522645, -1.43002534, -1.42290485, 0.00000000, 0.00000000, 0.00000000, 0.00000000
2, 0.6400, 64, -0.17894165, -0.02927116, 0.94413722, 445.64874268, -581.41015625, -728.82006836, 51.79771805, 8.94475269, 39.54983902, -157.16918945, 39.16485214, -162.99584961, 0.35249117, 0.07093194, -0.92318076, 0.13585243, 0.77635860, -0.63076407, 0.67999530, 0.00000000, 0.00000000, 0.00000000, 0.00000000
5, 0.6901, 69, 3.48981047, -2.35521221, 0.57946330, 430.11999512, 85.62429810, -440.57730103, 5.26161957, 21.33878899, -118.79566956, -165.89631653, 60.96825790, -135.85110474, 0.50631630, 0.26369834, -0.81596333, -0.09116450, -2.47040224, -1.82265282, 2.31016731, 0.00000000, 0.00000000, 0.00000000, 0.00000000
5, 0.7001, 70, 5.03046846, -0.80972314, 1.24828994, 440.51092529, 3.25059223, -583.16217041, 7.07395506, 20.75416565, -117.36334229, -128.28294373, 75.42424774, -124.78999329, 0.64766699, 0.09344851, -0.75446987, 0.05069553, -2.10318065, -1.31948400, 4.39200306, 0.00000000, 0.00000000, 0.00000000, 0.00000000
2, 0.6500, 65, -1.21530116, 0.79308856, -0.71633065, 665.12744141, -832.14959717, -839.26788330, 51.79771805, 12.54019260, 34.31745148, -158.78373718, 56.39470291, 158.78349304, 0.42662847, -0.24497148, -0.83544397, 0.24497059, 1.76873457, 0.90976691, 1.68134928, 0.00000000, 0.00000000, 0.00000000, 0.00000000
2, 0.6600, 66, -2.12905884, 2.32031751, -1.92291725, 669.41131592, -1309.86840820, -998.86785889, 46.76995087, 17.97719955, 24.08652496, -175.60295105, 70.43482208, 135.45542908, 0.52138466, -0.32988334, -0.74707687, 0.24740893, 2.52663994, 1.82390916, 3.23851299, 0.00000000, 0.00000000, 0.00000000, 0.00000000
5, 0.7101, 71, 5.66585398, 3.04974437, 1.63832021, 398.60681152, -76.40702057, -671.52691650, 8.33089733, 23.50189972, -116.69102478, -103.84552765, 77.40401459, -106.04766083, 0.68270296, 0.06143925, -0.72271603, 0.08845076, 0.13000147, 0.81456196, 6.64896011, 0.00000000, 0.00000000, 0.00000000, 0.00000000
2, 0.6700, 67, -2.97062778, 4.69900179, 2.23313189, 749.98632812, -2047.62426758, -1408.61291504, 46.76995087, 17.97719955, 24.08652496, 104.69111633, 71.85538483, 48.77248764, 0.64235020, -0.43589675, -0.59117073, 0.21885474, 3.02745199, -2.79111528, 5.15576363, 0.00000000, 0.00000000, 0.00000000, 0.00000000
5, 0.7201, 72, 4.69487190, 6.89458370, 1.47321737, 357.57919312, -176.45587158, -579.95782471, 8.33089733, 23.50189972, -116.69102478, -81.96787262, 77.90001678, -89.92430115, 0.70674288, 0.02555606, -0.69620550, 0.12312376, 3.02125502, 3.33092713, 7.60249615, 0.00000000, 0.00000000, 0.00000000, 0.00000000
2, 0.6800, 68, -7.97925091, -2.02906036, 7.50985336, 1138.47570801, -2201.31811523, -1680.61975098, 32.62203979, 22.56650162, 12.62788677, 77.90156555, 48.61802292, 10.51377869, 0.72946537, -0.54117376, -0.37128529, 0.19276574, 9.17858410, -7.83271980, -1.16802692, 0.00000000, 0.00000000, 0.00000000, 0.00000000
2, 0.6900, 69, -7.58980083, 1.00944006, -6.48189783, 1765.35742188, -1642.41662598, -1018.02551270, 15.22946453, 15.08330917, 11.16632557, 85.44026947, 28.48280525, -0.43241689, 0.71146339, -0.65824580, -0.17825346, 0.16958196, 7.73785114, 5.57188845, 2.85084248, 0.00000000, 0.00000000, 0.00000000, 0.00000000
2, 0.7000, 70, -7.14568758, 2.13912129, -4.63750601, 823.77154541, -705.26318359, -379.63107300, 6.95702982, 3.39082146, 15.20023346, 82.49137115, 11.22440243, -7.22249126, 0.74273866, -0.65945745, -0.03205772, 0.11147882, 6.87813759, 3.50723577, 3.77642584, 0.00000000, 0.00000000, 0.00000000, 0.00000000
2, 0.7100, 71, -2.87422323, 2.96119142, -1.70152020, 184.38258362, 586.34460449, -63.73952484, 9.23706532, -1.11078632, 15.81408882, 85.29557800, 16.60653687, -7.89488029, 0.71936035, -0.67610967, -0.05981778, 0.14771014, 2.47274613, 0.47996801, 3.48663831, 0.00000000, 0.00000000, 0.00000000, 0.00000000
5, 0.7301, 73, 0.83028495, 1.81886828, 2.41697907, 268.94345093, -479.32409668, -356.91235352, 8.12627888, 26.89272118, -117.48027039, -74.72642517, 79.52915192, -89.01014709, 0.70782024, -0.02367151, -0.68956685, 0.15141906, 2.75967431, -0.57829237, 2.41988349, 0.00000000, 0.00000000, 0.00000000, 0.00000000
2, 0.7200, 72, -1.77042818, 0.36583951, 2.86957073, -165.68388367, 1297.30078125, 438.88372803, 9.23706532, -1.11078632, 15.81408882, 88.16766357, 29.53232002, -2.73103952, 0.69017678, -0.67690545, -0.16699868, 0.19382116, 2.12862182, -3.79688096, 0.40630096, 0.00000000, 0.00000000, 0.00000000, 0.00000000
5, 0.7401, 74, -6.30102968, 1.99436450, 2.58842444, 94.31099701, -414.78613281, -112.81572723, 5.29085064, 27.21426392, -120.69570160, -78.51945496, 81.59711456, -96.58764648, 0.69866985, -0.05897507, -0.69424713, 0.16249098, 7.38329363, -0.64016712, -3.01061559, 0.00000000, 0.00000000, 0.00000000, 0.00000000
5, 0.7501, 75, -6.36874533, 4.02325439, 2.30395460, -19.42111397, -300.48941040, 21.71544266, 2.33849740, 30.16661835, -122.82958221, -117.10768890, 83.78006744, -120.31203461, 0.68736100, 0.01390511, -0.72421771, 0.05338766, 8.53950500, 0.81030047, -2.14742613, 0.00000000, 0.00000000, 0.00000000, 0.00000000
5, 0.7601, 76, -2.78379154, 2.88736439, 0.28554764, -150.02752686, -426.92535400, 126.30960846, -1.28617358, 29.93276787, -125.22653961, -155.83526611, 83.01068115, -160.36389160, 0.66524917, -0.01180854, -0.74523252, 0.04396242, 4.63619900, 1.63552058, -0.58196676, 0.00000000, 0.00000000, 0.00000000, 0.00000000
5, 0.7701, 77, -3.74421668, 2.02348685, -0.41209072, -242.26942444, -404.04147339, 203.37393188, -1.28617358, 29.93276787, -125.22653961, 178.89909363, 79.52802277, 174.09970093, 0.63912964, -0.03342348, -0.76794785, 0.02554312, 4.35511971, 1.59477663, -1.95329380, 0.00000000, 0.00000000, 0.00000000, 0.00000000
2, 0.7300, 73, 1.07192481, -4.09837103, 5.63969612, -447.87188721, 1027.14855957, 802.97424316, 16.77871895, -0.35077462, 14.58637810, 91.90293121, 39.73738861, 8.15441990, 0.66959471, -0.65745491, -0.28376123, 0.19716911, 0.40500653, -6.07722712, -4.67092466, 0.00000000, 0.00000000, 0.00000000, 0.00000000
5, 0.7801, 78, -2.20914030, 0.44501284, -1.54269230, -240.59042358, -339.18460083, 128.02899170, -3.68313360, 28.88044357, -127.41888428, 166.70346069, 76.04016113, 161.65847778, 0.61851162, -0.05431449, -0.78386068, 0.00746593, 1.87005687, 1.44971049, -1.89401138, 0.00000000, 0.00000000, 0.00000000, 0.00000000
2, 0.7400, 74, 4.22953320, -3.51971436, 5.82174969, -527.94653320, -18.97365570, 648.70159912, 19.49722290, 1.49079216, 13.79713535, 92.08071899, 39.73117447, 16.63036537, 0.68135625, -0.63576370, -0.33130884, 0.14762361, -2.74806213, -6.26530838, -4.69128895, 0.00000000, 0.00000000, 0.00000000, 0.00000000
2, 0.7500, 75, 2.22879362, -2.44175410, 4.61006689, -384.33633423, -539.27374268, 259.45297241, 15.34638977, 4.76468849, 11.19555664, 102.23857117, 44.58736801, 48.72203445, 0.65088224, -0.55791569, -0.51401848, 0.02945323, -1.02276456, -5.15724182, -3.15071321, 0.00000000, 0.00000000, 0.00000000, 0.00000000
5, 0.7901, 79, -2.10427284, -1.60545886, 0.62241560, -186.34436035, -164.00744629, 216.07727051, -6.54779291, 30.57585526, -128.73428345, 162.98510742, 73.05712891, 159.05503845, 0.60047549, -0.05786142, -0.79748571, -0.00989768, 1.58169746, -1.56142592, -1.92584658, 0.00000000, 0.00000000, 0.00000000, 0.00000000
5, 0.8001, 80, -1.13937795, -0.36949143, 1.09414232, -169.13084412, 463.53918457, 253.40716553, -5.81701231, 30.57585526, -128.12043762, -165.21676636, 79.94443512, -177.99345398, 0.63870597, -0.06932729, -0.76131856, 0.08742210, 1.97720170, -1.13858104, -0.40641761, 0.00000000, 0.00000000, 0.00000000, 0.00000000
5, 0.8101, 81, 0.45697883, 0.70105326, 0.45037425, -133.88304138, 369.64172363, 103.48365784, -2.77696586, 30.37123680, -126.71733093, -159.66197205, 81.00890350, -168.70011902, 0.64941430, -0.04043347, -0.75606531, 0.07065091, 1.35328090, 0.13424528, 1.02714109, 0.00000000, 0.00000000, 0.00000000, 0.00000000
2, 0.7600, 76, 0.03797264, -0.63990307, 0.91646636, -156.06959534, -423.97738647, 216.31748962, 15.34638977, 4.76468849, 11.19555664, 100.75006866, 40.28201675, 50.03007889, 0.65474248, -0.56244212, -0.50478315, -0.01285085, 0.76317048, -1.59180355, -0.56524003, 0.00000000, 0.00000000, 0.00000000, 0.00000000
2, 0.7700, 77, -1.01809442, 1.18186176, -0.43524384, 49.67993927, -149.74224854, 129.78601074, 10.40631390, 8.18474102, 11.48786926, 101.61402130, 38.42441177, 51.10368729, 0.64837950, -0.57058460, -0.50328130, -0.02729931, 1.39868045, -0.42878932, 1.53430891, 0.00000000, 0.00000000, 0.00000000, 0.00000000
2, 0.7800, 78, -0.12193610, 1.19753480, 1.08444750, 303.39294434, 10.62436485, 82.71273041, 8.88629055, 7.16164875, 11.51710033, 105.13932037, 37.70845795, 51.97942352, 0.62947124, -0.58941770, -0.50586122, -0.02138257, 0.52622819, -1.94757020, 1.29066718, 0.00000000, 0.00000000, 0.00000000, 0.00000000
5, 0.8201, 82, -0.99038792, -0.39130899, 0.53890991, -131.68142700, 46.16122818, -9.28853130, -2.33849740, 30.45892906, -126.80502319, -165.27413940, 81.60204315, -173.30685425, 0.65260392, -0.03977224, -0.75434983, 0.05901492, 1.62487137, -0.62008506, -0.61813223, 0.00000000, 0.00000000, 0.00000000, 0.00000000
5, 0.8301, 83, -1.25259268, -0.54869771, -0.07128997, -175.79237366, -126.19514465, 19.60559464, -2.33849740, 30.45892906, -126.80502319, -178.91484070, 80.93278503, 173.31082153, 0.64744699, -0.05051914, -0.75909841, 0.04505455, 1.39360952, -0.26760128, -1.12665534, 0.00000000, 0.00000000, 0.00000000, 0.00000000
2, 0.7900, 79, 0.45198840, -1.71549416, 2.01899505, 351.39654541, 32.40265274, 163.73999023, 8.21397209, 2.95235300, 9.70476437, 109.71309662, 36.74186325, 53.77833176, 0.60378301, -0.61008698, -0.51278031, -0.01721512, 0.51575851, -2.62479019, -1.68291259, 0.00000000, 0.00000000, 0.00000000, 0.00000000
2, 0.8000, 80, 1.02577507, -3.67978954, 1.78717029, 16.48161316, -48.72278214, 270.71765137, 7.10318613, -2.57234716, 9.20783424, 126.57411957, 34.44159698, 66.73844910, 0.50404489, -0.63936573, -0.58044457, -0.01530775, 0.29743364, -2.20353770, -3.60280395, 0.00000000, 0.00000000, 0.00000000, 0.00000000
5, 0.8401, 84, -1.65124071, 0.02863834, -0.73252159, -223.38825989, -187.40725708, 52.59535217, -3.74159598, 31.36509705, -127.65273285, 167.52764893, 79.11022949, 160.04542542, 0.63798845, -0.06466376, -0.76684397, 0.02719479, 1.67040443, 0.56835604, -1.38861322, 0.00000000, 0.00000000, 0.00000000, 0.00000000
2, 0.8100, 81, 0.88625282, -2.80013633, 1.08849847, -265.80047607, -170.39073181, 317.08682251, 7.10318613, -2.57234716, 9.20783424, 124.64424896, 31.51990318, 68.66547394, 0.50481164, -0.63263977, -0.58486694, -0.05350648, 0.21467663, -1.53406048, -2.50817633, 0.00000000, 0.00000000, 0.00000000, 0.00000000
2, 0.8200, 82, 0.17738065, -1.50416243, 0.26571029, -320.69668579, -227.10401917, 282.68435669, 4.47237635, -1.40309846, 12.45249939, 121.70867157, 28.53396797, 70.03520966, 0.51007468, -0.62434644, -0.58401215, -0.09457895, 0.60796291, -0.86880970, -1.05653334, 0.00000000, 0.00000000, 0.00000000, 0.00000000
2, 0.8300, 83, -0.06224893, -1.03558815, -0.09291480, -239.67047119, -192.36819458, 215.21136475, 2.51388478, 3.94621444, 13.41712952, 119.41861725, 26.14299011, 71.03815460, 0.51335311, -0.61831790, -0.58150786, -0.12649235, 0.70861721, -0.59036547, -0.54555190, 0.00000000, 0.00000000, 0.00000000, 0.00000000
2, 0.8400, 84, -0.13840623, -1.11335373, -0.17654726, -168.25625610, -142.37153625, 162.33589172, 0.70154923, 7.65857935, 13.44636059, 117.81927490, 24.36452675, 71.85184479, 0.51477295, -0.61390269, -0.57938224, -0.14982848, 0.76558679, -0.52773309, -0.61774331, 0.00000000, 0.00000000, 0.00000000, 0.00000000
2, 0.8500, 85, -0.23610877, -0.99415570, -0.06524835, -135.41554260, -117.13823700, 124.17816925, -0.99386144, 11.34171295, 13.35866737, 125.49926758, 14.35674000, 79.93863678, 0.41952524, -0.63923573, -0.61045587, -0.20668809, 0.78089786, -0.65997249, -0.46861470, 0.00000000, 0.00000000, 0.00000000, 0.00000000
2, 0.8600, 86, -0.39471310, -0.55037940, -0.13449749, -101.97570801, -98.65671539, 101.52440643, -0.99386144, 11.34171295, 13.35866737, 124.36209106, 13.12321758, 80.21825409, 0.41969782, -0.63763881, -0.60684162, -0.22139049, 0.72388625, -0.61834717, 0.10136576, 0.00000000, 0.00000000, 0.00000000, 0.00000000
2, 0.8700, 87, -0.50724715, -0.42032465, -0.32152617, -47.50839996, -83.94915771, 92.07469177, -2.25080395, 12.54019260, 13.35866737, 123.77842712, 11.98007679, 80.47462463, 0.41717944, -0.63788837, -0.60418105, -0.23243281, 0.78708667, -0.45448413, 0.25656390, 0.00000000, 0.00000000, 0.00000000, 0.00000000
5, 0.8501, 85, -2.15241599, 0.68146205, -0.45746171, -237.24594116, -99.50442505, 56.21645737, -4.58930111, 33.29435730, -127.97427368, 155.89147949, 65.89105225, 162.60240173, 0.55223739, -0.01185229, -0.82842100, -0.09280144, 2.49459100, 0.69283026, -1.29208422, 0.00000000, 0.00000000, 0.00000000, 0.00000000
2, 0.8800, 88, -0.50554633, -0.79522872, -0.40996128, -21.40142250, -83.10762787, 92.03041077, -3.04004669, 14.46945286, 13.91405964, 123.44427490, 10.80432987, 80.71485901, 0.41309118, -0.63921815, -0.60172915, -0.24223539, 0.83487666, -0.34169289, -0.10608426, 0.00000000, 0.00000000, 0.00000000, 0.00000000
5, 0.8601, 86, -2.07163596, 0.61521161, -0.29265618, -196.93574524, 108.19461060, 35.95965576, -4.35545158, 35.13592529, -128.50044250, 151.67572021, 65.85395050, 160.24075317, 0.55446929, -0.00861910, -0.82460320, -0.11188857, 2.43340302, 0.42604774, -1.07087028, 0.00000000, 0.00000000, 0.00000000, 0.00000000
2, 0.8900, 89, -0.47442758, -1.06067979, -0.38311327, -60.92665482, -89.05597687, 98.11900330, -3.01081562, 15.40485191, 14.26483440, 122.71617889, 9.60994720, 81.01826477, 0.41091096, -0.63884026, -0.59860635, -0.25437340, 0.83446413, -0.35443494, -0.37963077, 0.00000000, 0.00000000, 0.00000000, 0.00000000
5, 0.8701, 87, -1.35876262, 0.32333788, -0.01127045, -146.71685791, 248.27041626, 10.35451317, -2.57234716, 34.66822433, -127.12657166, 147.68223572, 67.16329956, 158.59805298, 0.56508505, 0.00267735, -0.81485361, -0.12917249, 1.95433807, 0.00603893, -0.57129389, 0.00000000, 0.00000000, 0.00000000, 0.00000000
5, 0.8801, 88, -0.60897434, 0.28383800, 0.02277307, -115.57951355, 289.92190552, -14.60211563, -2.57234716, 34.66822433, -127.12657166, 143.48281860, 68.99437714, 156.69079590, 0.57892358, 0.01568124, -0.80236977, -0.14423728, 1.49266827, -0.05327041, -0.02734010, 0.00000000, 0.00000000, 0.00000000, 0.00000000
5, 0.8901, 89, 0.04163374, 0.26329949, -0.35658765, -103.05835724, 250.94465637, -43.69723892, -0.17538731, 37.24057388, -125.81116486, 138.78892517, 70.62624359, 153.79077148, 0.59208572, 0.02495775, -0.79003489, -0.15702432, 0.90267396, 0.22659004, 0.28720051, 0.00000000, 0.00000000, 0.00000000, 0.00000000
5, 0.9001, 90, -0.01578678, 0.28701228, -0.67879474, -99.57673645, 193.27383423, -66.30522919, 1.69541073, 36.59748459, -124.37883759, 121.25100708, 62.74294662, 138.02439880, 0.57356119, -0.02807775, -0.78613603, -0.22853749, 0.78863961, 0.44593480, 0.09970067, 0.00000000, 0.00000000, 0.00000000, 0.00000000
2, 0.9000, 90, -0.37644726, -1.19518363, -0.31263471, -124.25666046, -110.85684204, 102.12767029, -4.82315111, 17.01256943, 14.58637810, 128.11346436, 2.06180859, 82.84338379, 0.33870071, -0.66897893, -0.60073090, -0.27725714, 0.71613538, -0.41205931, -0.52454746, 0.00000000, 0.00000000, 0.00000000, 0.00000000
5, 0.9101, 91, 0.01692085, 0.29133651, -0.80267841, -101.55014038, 137.79028320, -84.00699615, 3.12774038, 39.46214676, -123.47266388, 117.16946411, 63.08937073, 134.64205933, 0.58322734, -0.02881789, -0.77621102, -0.23772262, 0.66927683, 0.41207251, 0.06418101, 0.00000000, 0.00000000, 0.00000000, 0.00000000
2, 0.9100, 91, -0.28423727, -1.40728581, -0.19629470, -203.28762817, -139.82841492, 100.06898499, -4.82315111, 17.01256943, 14.58637810, 125.83928680, 0.68078291, 82.90316772, 0.34470510, -0.66554314, -0.59142900, -0.29739287, 0.56230187, -0.48688385, -0.70864069, 0.00000000, 0.00000000, 0.00000000, 0.00000000
2, 0.9200, 92, -0.28586257, -1.12963378, -0.08936830, -277.69253540, -155.05383301, 86.91930389, -5.49546909, 18.64951706, 14.87869072, 122.80647278, -0.61266279, 82.90940094, 0.35561997, -0.65973520, -0.57934040, -0.32038826, 0.48979920, -0.64499652, -0.48492989, 0.00000000, 0.00000000, 0.00000000, 0.00000000
2, 0.9300, 93, -0.32472622, -0.30940914, -0.06181729, -286.12008667, -153.28405762, 57.10943604, -7.07395506, 22.01110840, 15.58023930, 119.70217896, -1.70178044, 82.76393890, 0.36831677, -0.65367734, -0.56598783, -0.34162337, 0.35347208, -0.77069527, 0.27617782, 0.00000000, 0.00000000, 0.00000000, 0.00000000
5, 0.9201, 92, 0.13159220, 0.34638783, -0.86824048, -109.12936401, 104.92645264, -94.07029724, 3.15697169, 40.83601379, -123.35574341, 113.23839569, 63.04064560, 131.20408630, 0.59131026, -0.03207767, -0.76707822, -0.24680826, 0.60088164, 0.48478502, 0.12666139, 0.00000000, 0.00000000, 0.00000000, 0.00000000
5, 0.9301, 93, 0.16885030, 0.34873798, -0.89073217, -115.99591827, 71.71157837, -98.64784241, 3.15697169, 40.83601379, -123.35574341, 109.67758179, 62.61109543, 127.96800995, 0.59756690, -0.03747416, -0.75897795, -0.25585544, 0.56593138, 0.48822039, 0.12296220, 0.00000000, 0.00000000, 0.00000000, 0.00000000
5, 0.9401, 94, -0.10734593, 0.42395908, -0.81167012, -116.22929382, 64.58198547, -98.46428680, 3.42005253, 42.15141678, -122.21572876, 106.33490753, 62.04535675, 124.91587067, 0.60330421, -0.04321888, -0.75103498, -0.26476932, 0.81769145, 0.45593533, -0.04953268, 0.00000000, 0.00000000, 0.00000000, 0.00000000
5, 0.9501, 95, -0.22022155, 0.50549412, -0.69906449, -109.58702850, 93.00249481, -99.60649872, 3.53697753, 43.26220322, -121.86495209, 102.31393433, 50.39575958, 119.17964172, 0.57324415, -0.12644963, -0.74295861, -0.32158071, 0.96128011, 0.36330867, -0.07249423, 0.00000000, 0.00000000, 0.00000000, 0.00000000
2, 0.9400, 94, -0.47962448, 0.40266374, -0.35481077, -196.19515991, -146.82138062, 28.21723747, -8.53551579, 24.05729294, 16.72025681, 117.50939941, -2.73434997, 82.38263702, 0.37678683, -0.65133321, -0.55357838, -0.35685834, 0.34840882, -0.56058538, 0.98665118, 0.00000000, 0.00000000, 0.00000000, 0.00000000
2, 0.9500, 95, -0.85255152, 0.33894378, -0.68056023, -66.70222473, -133.17134094, 1.37764204, -8.53551579, 24.05729294, 16.72025681, 106.81062317, -12.65283012, 92.81102753, 0.34449869, -0.59782559, -0.53263235, -0.49013060, 0.66527796, -0.25136805, 0.95908183, 0.00000000, 0.00000000, 0.00000000, 0.00000000
5, 0.9601, 96, -0.27705753, 0.57517982, -0.53305715, -92.78556061, 149.95208740, -102.98470306, 4.47237635, 44.54837799, -120.69570160, 99.16680145, 50.33265305, 116.38658905, 0.58441848, -0.12888116, -0.73091400, -0.32803866, 1.03610671, 0.14693692, -0.02711840, 0.00000000, 0.00000000, 0.00000000, 0.00000000
2, 0.9600, 96, -0.85107404, 0.00346145, -0.79148042, 8.48344135, -157.73182678, -20.80012512, -9.44168377, 24.37883568, 16.83718109, 106.78257751, -14.03112984, 92.01878357, 0.34054810, -0.60575509, -0.52261215, -0.49392748, 0.58920705, -0.14259800, 0.51060057, 0.00000000, 0.00000000, 0.00000000, 0.00000000
2, 0.9700, 97, -1.02562785, -0.26901868, -0.85874653, -18.28549767, -182.78718567, -10.51253605, -10.69862556, 24.58345413, 17.71411896, 106.45763397, -15.62867832, 91.24475861, 0.33693469, -0.61320072, -0.51029450, -0.50005943, 0.78492916, -0.04704103, 0.27825704, 0.00000000, 0.00000000, 0.00000000, 0.00000000
2, 0.9800, 98, -1.21894920, -0.26085484, -0.94587874, -97.64480591, -185.34407043, 14.92115211, -12.45249939, 24.37883568, 18.50336075, 105.28107452, -17.20402336, 90.76759338, 0.33677876, -0.61658877, -0.49568063, -0.51058704, 0.94502020, 0.04249058, 0.31443933, 0.00000000, 0.00000000, 0.00000000, 0.00000000
2, 0.9900, 99, -1.40483797, -0.11166371, -0.86604095, -175.51269531, -173.98007202, 39.38423538, -13.47559166, 26.01578522, 20.16954041, 103.25795746, -18.62308693, 90.65296936, 0.34046942, -0.61537069, -0.47956488, -0.52480197, 1.07593226, -0.04950299, 0.45929608, 0.00000000, 0.00000000, 0.00000000, 0.00000000
5, 0.9701, 97, -0.17450684, 0.52706337, -0.46048081, -71.53385925, 219.30380249, -115.06224060, 5.14469433, 46.21455765, -119.49722290, 95.21887970, 50.67914200, 112.86832428, 0.60027277, -0.12863719, -0.71573150, -0.33294687, 0.98054314, 0.05700609, 0.01729100, 0.00000000, 0.00000000, 0.00000000, 0.00000000
5, 0.9801, 98, 0.45022288, 0.31516168, -0.56016469, -62.73191452, 241.05186462, -136.52847290, 5.14469433, 46.21455765, -119.49722290, 90.87509155, 50.97069550, 108.82493591, 0.61791998, -0.12875226, -0.69873559, -0.33669925, 0.41793340, 0.00476316, 0.31846184, 0.00000000, 0.00000000, 0.00000000, 0.00000000
5, 0.9901, 99, 1.02984464, 0.13332221, -0.82068944, -70.04440308, 200.24186707, -155.81050110, 6.05086231, 47.58842468, -117.83103943, 86.94155884, 50.74856186, 104.92793274, 0.63328487, -0.13211472, -0.68239743, -0.34033784, -0.18034694, 0.09594661, 0.53843117, 0.00000000, 0.00000000, 0.00000000, 0.00000000
5, 1.0001, 100, 1.13705289, 0.16008958, -0.75843030, -85.62525940, 127.50382233, -172.78640747, 6.54779291, 49.10844803, -116.83718109, 75.31128693, 49.31074524, 100.36804199, 0.65647680, -0.10184324, -0.63794237, -0.38948151, -0.20879680, 0.05981726, 0.59749150, 0.00000000, 0.00000000, 0.00000000, 0.00000000
5, 1.0101, 101, 1.01130021, 0.39366964, -0.84663552, -98.26025391, 68.98783875, -181.10087585, 6.28471184, 50.68693161, -115.98947906, 73.48771667, 47.72303772, 98.14046478, 0.66293609, -0.11352327, -0.62570953, -0.39511484, -0.05014010, 0.26898623, 0.47677818, 0.00000000, 0.00000000, 0.00000000, 0.00000000
5, 1.0201, 102, 0.60925627, 0.54010606, -0.81337327, -102.34027863, 51.73524094, -175.55384827, 6.46009922, 52.41157532, -115.52177429, 72.04367065, 46.04870605, 96.29890442, 0.66796839, -0.12547798, -0.61422360, -0.40100247, 0.28601295, 0.31838197, 0.22221032, 0.00000000, 0.00000000, 0.00000000, 0.00000000
2, 1.0000, 100, -1.35512936, 0.00189009, -0.65933603, -229.27062988, -156.43528748, 52.07265091, -13.47559166, 26.01578522, 20.16954041, 95.72001648, -27.85595322, 95.72265625, 0.30457148, -0.60262513, -0.42532569, -0.60264194, 0.95579362, -0.25567576, 0.48202738, 0.00000000, 0.00000000, 0.00000000, 0.00000000
5, 1.0301, 103, 0.24897774, 0.71676552, -0.64977491, -101.08951569, 84.05686188, -166.94766235, 6.46009922, 52.41157532, -115.52177429, 70.29629517, 44.48688889, 94.30615234, 0.67444479, -0.13542876, -0.60116011, -0.40668154, 0.67821610, 0.28648227, 0.06393414, 0.00000000, 0.00000000, 0.00000000, 0.00000000
5, 1.0401, 104, 0.20322059, 0.88522565, -0.48409572, -95.77531433, 129.49836731, -155.64440918, 6.19701815, 52.00233841, -114.79099274, 68.09346771, 43.09545517, 92.03806305, 0.68313336, -0.14263430, -0.58603394, -0.41176271, 0.87262547, 0.25301290, 0.14389426, 0.00000000, 0.00000000, 0.00000000, 0.00000000
5, 1.0501, 105, 0.30234522, 1.05206549, -0.33077189, -90.38999176, 169.21162415, -143.65483093, 6.13855600, 55.77316666, -112.86173248, 62.02138901, 32.36143875, 88.80909729, 0.68850970, -0.18636647, -0.51684427, -0.47338557, 0.93874389, 0.21677315, 0.30520213, 0.00000000, 0.00000000, 0.00000000, 0.00000000
2, 1.0100, 101, -0.96531427, 0.19366063, -0.41174674, -255.12757874, -152.69218445, 46.45310974, -15.05407715, 27.50657654, 20.22800255, 92.78152466, -28.92799568, 96.01328278, 0.31242684, -0.59711450, -0.40582073, -0.61737615, 0.42728770, -0.48250139, 0.46581638, 0.00000000, 0.00000000, 0.00000000, 0.00000000
2, 1.0200, 102, -0.70773238, 0.47367150, -0.28173524, -249.85763550, -180.93457031, 31.27750587, -15.60947037, 29.26045036, 22.15726280, 89.90815735, -30.25516319, 96.16323853, 0.31919309, -0.59308279, -0.38413581, -0.63151276, 0.10533828, -0.62731951, 0.63536012, 0.00000000, 0.00000000, 0.00000000, 0.00000000
5, 1.0601, 106, 0.54589427, 1.02191782, -0.34170917, -87.45683289, 201.35073853, -138.47450256, 6.57702398, 56.18240356, -111.25402069, 59.72598267, 31.01647377, 86.54801178, 0.69968176, -0.19038703, -0.49772030, -0.47589168, 0.64648181, 0.15924689, 0.37562039, 0.00000000, 0.00000000, 0.00000000, 0.00000000
2, 1.0300, 103, -0.85150170, 0.71768612, -0.49269962, -200.03166199, -214.46844482, 18.98487854, -17.42180634, 31.77433395, 24.02806091, 87.50632477, -31.99045563, 96.22215271, 0.32175475, -0.59204060, -0.36199021, -0.64414674, 0.17321508, -0.42331660, 0.87957156, 0.00000000, 0.00000000, 0.00000000, 0.00000000
5, 1.0701, 107, 1.18981016, 0.59108639, -0.59061062, -91.91880798, 212.20840454, -141.85687256, 6.51856184, 57.79011917, -110.20169067, 57.40030670, 29.55012703, 84.28987122, 0.71103275, -0.19418959, -0.47743821, -0.47830498, -0.16023120, 0.09441253, 0.53828919, 0.00000000, 0.00000000, 0.00000000, 0.00000000
5, 1.0801, 108, 1.63902664, 0.47126964, -0.72634459, -106.61807251, 167.88310242, -152.96153259, 6.51856184, 57.79011917, -110.20169067, 55.60977173, 27.80649948, 82.54310608, 0.71926999, -0.20012021, -0.45842057, -0.48213401, -0.60365361, 0.13149051, 0.74646246, 0.00000000, 0.00000000, 0.00000000, 0.00000000
5, 1.0901, 109, 1.65579736, 0.47463173, -0.71746433, -119.74587250, 101.83045959, -166.75975037, 6.51856184, 59.16398621, -108.50628662, 54.56013870, 25.80638695, 81.45833588, 0.72329146, -0.20906383, -0.44190747, -0.48770857, -0.63719338, 0.12554163, 0.73901081, 0.00000000, 0.00000000, 0.00000000, 0.00000000
2, 1.0400, 104, -1.07395959, 0.72431141, -0.87454045, -118.99680328, -225.04486084, 1.43552387, -18.59105492, 31.45279121, 25.51885414, 85.95140076, -33.97539902, 96.15235901, 0.31932580, -0.59463716, -0.34224540, -0.65368634, 0.35630345, -0.02446730, 0.93241656, 0.00000000, 0.00000000, 0.00000000, 0.00000000
5, 1.1001, 110, 1.36211312, 0.54487455, -0.55279118, -127.41075897, 39.96551895, -173.79768372, 5.90470600, 61.23940277, -107.16164398, 50.33961487, 24.13954926, 83.11143494, 0.72128105, -0.18568523, -0.41750354, -0.52054340, -0.36281610, 0.04273458, 0.57762074, 0.00000000, 0.00000000, 0.00000000, 0.00000000
5, 1.1101, 111, 0.82049602, 0.69190180, -0.44118032, -123.98791504, 17.65584183, -171.84925842, 4.85238218, 61.41479111, -105.90470886, 50.24099731, 22.01766968, 82.96753693, 0.71950477, -0.19764698, -0.40555859, -0.52798748, 0.08944003, 0.06622492, 0.22131296, 0.00000000, 0.00000000, 0.00000000, 0.00000000
2, 1.0500, 105, -1.25212216, 0.32117832, -1.25936019, -27.49419975, -213.00885010, -14.66687775, -18.59105492, 31.45279121, 25.51885414, 81.80106354, -36.91007233, 100.55947876, 0.29875216, -0.58093333, -0.32481089, -0.68393099, 0.56847274, 0.41753784, 0.57979947, 0.00000000, 0.00000000, 0.00000000, 0.00000000
5, 1.1201, 112, 0.48639455, 0.90409219, -0.33406609, -109.05851746, 39.09165955, -164.85093689, 3.88775206, 64.83484650, -105.70008850, 49.99366379, 20.03594971, 82.59729004, 0.71904135, -0.20857170, -0.39308470, -0.53381813, 0.44635713, 0.10540244, 0.09329408, 0.00000000, 0.00000000, 0.00000000, 0.00000000
2, 1.0600, 106, -1.29251957, -0.13845570, -1.35035515, -11.62936497, -190.07061768, -21.94312668, -20.11107826, 33.00204468, 26.86348915, 81.41706085, -38.76544189, 100.42091370, 0.29130277, -0.58704865, -0.31175452, -0.68798667, 0.65689337, 0.57871562, 0.10529596, 0.00000000, 0.00000000, 0.00000000, 0.00000000
5, 1.1301, 113, 0.42140943, 1.15390551, -0.21950094, -82.91917419, 87.52624512, -159.80543518, 4.09237051, 63.69482422, -104.61853027, 49.43225479, 18.23428154, 81.72027588, 0.72168803, -0.21806872, -0.37894744, -0.53666681, 0.66539514, 0.16647665, 0.19559914, 0.00000000, 0.00000000, 0.00000000, 0.00000000
5, 1.1401, 114, 0.48666081, 1.32978356, -0.06278840, -58.49984741, 151.04771423, -157.76097107, 4.09237051, 63.69482422, -104.61853027, 48.46286774, 16.55691338, 80.22901917, 0.72818834, -0.22600627, -0.36209878, -0.53623444, 0.78078389, 0.15460154, 0.37617463, 0.00000000, 0.00000000, 0.00000000, 0.00000000
5, 1.1501, 115, 0.75472313, 1.37446082, 0.09636740, -37.83992767, 205.53019714, -159.26663208, 3.04004669, 67.43642426, -102.83542633, 43.03190231, 9.95612717, 80.19151306, 0.72947603, -0.22750802, -0.29708105, -0.57257986, 0.67062593, 0.07360364, 0.63362062, 0.00000000, 0.00000000, 0.00000000, 0.00000000
5, 1.1601, 116, 1.02845919, 1.35467541, 0.14142229, -18.82337379, 244.06745911, -155.85610962, 2.77696586, 68.45951080, -101.87079620, 41.82490540, 8.23346424, 77.99228668, 0.74024409, -0.23449606, -0.27615002, -0.56638455, 0.41808540, 0.06453563, 0.78941435, 0.00000000, 0.00000000, 0.00000000, 0.00000000
2, 1.0700, 107, -1.34644270, -0.47853735, -1.18884325, -60.85803223, -168.55094910, -21.33367920, -21.28032684, 32.06664658, 28.70505714, 80.59999084, -40.31843948, 100.27175903, 0.28780669, -0.59092098, -0.29756913, -0.69241053, 0.75380933, 0.46577185, -0.23590127, 0.00000000, 0.00000000, 0.00000000, 0.00000000
5, 1.1701, 117, 1.22693169, 1.36604989, 0.19432822, -4.54620934, 260.14825439, -150.94004822, 0.93539900, 69.71645355, -100.17538452, 40.62804031, 6.55732393, 75.64041901, 0.75177026, -0.24090204, -0.25489658, -0.55842233, 0.29843384, 0.04298961, 0.95394075, 0.00000000, 0.00000000, 0.00000000, 0.00000000
2, 1.0800, 108, -1.39863884, -0.45459008, -0.96733302, -149.85136414, -150.61593628, -17.01710701, -21.54340744, 33.11896896, 30.07892418, 78.92070007, -41.52827072, 100.15959167, 0.29046705, -0.59127283, -0.28011644, -0.69825506, 0.78631383, 0.26095718, -0.23590243, 0.00000000, 0.00000000, 0.00000000, 0.00000000
2, 1.0900, 109, -1.48328793, -0.22249046, -0.74463809, -235.53314209, -136.40663147, -18.11078453, -22.74188805, 33.00204468, 31.80356598, 76.44718170, -42.44542313, 100.01997375, 0.29902911, -0.58854556, -0.25913554, -0.70501387, 0.81590331, 0.03682612, -0.03691638, 0.00000000, 0.00000000, 0.00000000, 0.00000000
5, 1.1801, 118, 1.32122803, 1.37378299, 0.28091598, 2.56520605, 260.55126953, -149.93432617, -0.52616191, 70.47647095, -99.44460297, 39.53576279, 4.87882566, 73.28678131, 0.76299018, -0.24721657, -0.23381054, -0.54960233, 0.25775728, -0.00729721, 1.04975617, 0.00000000, 0.00000000, 0.00000000, 0.00000000
5, 1.1901, 119, 1.33424020, 1.39132702, 0.32422876, 5.80204821, 258.73364258, -151.42092896, -0.52616191, 70.47647095, -99.44460297, 38.55342102, 3.16476798, 70.96119690, 0.77365625, -0.25359741, -0.21276963, -0.54025310, 0.25198367, -0.01821605, 1.07203794, 0.00000000, 0.00000000, 0.00000000, 0.00000000
5, 1.2001, 120, 1.29045856, 1.43625355, 0.35666859, 7.63097811, 271.80163574, -153.20082092, -1.34463608, 71.70417786, -97.77842712, 33.29734802, -0.27064905, 72.51280212, 0.77217257, -0.23236695, -0.16761215, -0.56715190, 0.28476751, 0.01165272, 1.04943788, 0.00000000, 0.00000000, 0.00000000, 0.00000000
2, 1.1000, 110, -1.48772013, 0.18984890, -0.61528862, -297.52484131, -133.50544739, -36.16177750, -22.74188805, 33.00204468, 31.80356598, 67.35826874, -46.36491394, 106.09764862, 0.28539193, -0.56822795, -0.21045408, -0.74254805, 0.72426414, -0.09322396, 0.30953830, 0.00000000, 0.00000000, 0.00000000, 0.00000000
5, 1.2101, 121, 1.33308017, 1.45407665, 0.38421676, 11.73871613, 293.39804077, -155.38478088, -1.75387311, 72.46418762, -96.57994843, 32.37612915, -2.32380724, 70.08962250, 0.78283536, -0.23938225, -0.14411037, -0.55596507, 0.22701709, 0.06008971, 1.06011546, 0.00000000, 0.00000000, 0.00000000, 0.00000000
5, 1.2201, 122, 1.49682140, 1.43606102, 0.44564566, 15.36602211, 310.44430542, -158.28451538, -3.30312777, 73.19496918, -95.52762604, 31.48251724, -4.47117472, 67.54257202, 0.79359651, -0.24621546, -0.11948137, -0.54342145, 0.10736889, 0.01502866, 1.19634092, 0.00000000, 0.00000000, 0.00000000, 0.00000000
2, 1.1100, 111, -1.58223867, 0.71916342, -0.54022855, -313.45285034, -141.92411804, -58.72270966, -23.38497543, 34.37591171, 32.79742813, 64.38145447, -47.33521652, 105.60525513, 0.29824618, -0.56559259, -0.18328132, -0.74670094, 0.67858410, -0.14312871, 0.76456028, 0.00000000, 0.00000000, 0.00000000, 0.00000000
2, 1.1200, 112, -1.68813741, 1.04907763, -0.43664736, -293.37152100, -137.31098938, -70.40251923, -24.23267937, 35.48669815, 34.81438065, 61.69164276, -48.35671616, 105.01371765, 0.31010664, -0.56370717, -0.15709150, -0.74925989, 0.70999825, -0.24791607, 1.07486451, 0.00000000, 0.00000000, 0.00000000, 0.00000000
2, 1.1300, 113, -1.69286215, 1.02863789, -0.32678026, -277.11056519, -115.47501373, -73.08195496, -25.10961723, 35.86670685, 36.56825638, 59.27906036, -49.23777390, 104.33000183, 0.32196051, -0.56172997, -0.13298342, -0.75041080, 0.70931697, -0.33102608, 1.02714491, 0.00000000, 0.00000000, 0.00000000, 0.00000000
2, 1.1400, 114, -1.67834687, 0.98253977, -0.17118330, -297.03677368, -108.29296875, -71.20955658, -26.10347748, 36.33440399, 37.53288651, 56.69538498, -50.03389740, 103.63987732, 0.33513302, -0.55852383, -0.10817233, -0.75102311, 0.69690579, -0.45826638, 0.94776082, 0.00000000, 0.00000000, 0.00000000, 0.00000000
5, 1.2301, 123, 1.77670443, 1.39686275, 0.47954378, 16.80328369, 313.83328247, -164.04067993, -4.44314528, 73.42881775, -94.35837555, 30.70321655, -6.70937347, 64.98073578, 0.80367053, -0.25323337, -0.09436753, -0.53017098, -0.11228018, -0.02190730, 1.40499318, 0.00000000, 0.00000000, 0.00000000, 0.00000000
2, 1.1500, 115, -1.65279973, 1.01798594, -0.07419907, -334.74600220, -113.95787048, -67.07720184, -26.10347748, 36.33440399, 37.53288651, 42.48375320, -51.75205231, 114.63910675, 0.31972283, -0.51839447, -0.05473763, -0.79123223, 0.65536177, -0.50875652, 0.92840862, 0.00000000, 0.00000000, 0.00000000, 0.00000000
2, 1.1600, 116, -1.67440856, 1.08814943, -0.03397740, -379.26843262, -125.16877747, -63.44361115, -25.92809105, 35.80824280, 39.90061188, 38.70783234, -52.60733795, 114.41860962, 0.33460772, -0.51236141, -0.02332433, -0.79055643, 0.64735347, -0.45226303, 0.91705775, 0.00000000, 0.00000000, 0.00000000, 0.00000000
2, 1.1700, 117, -1.69081557, 1.24703896, -0.02579926, -419.63366699, -130.77409363, -60.92480850, -27.12657166, 37.09441757, 41.97602844, 34.45502090, -53.44244766, 114.28781128, 0.35098237, -0.50429571, 0.01078366, -0.78891128, 0.62466455, -0.43249553, 1.05753446, 0.00000000, 0.00000000, 0.00000000, 0.00000000
2, 1.1800, 118, -1.68779802, 1.44365013, -0.03996306, -443.88558960, -124.77888489, -61.30932236, -26.80502701, 36.74364090, 44.02221680, 30.01190948, -54.22462463, 114.11335754, 0.36852056, -0.49474606, 0.04597141, -0.78568792, 0.57608140, -0.39079544, 1.23442400, 0.00000000, 0.00000000, 0.00000000, 0.00000000
5, 1.2401, 124, 2.04691100, 1.29999018, 0.38616189, 14.86124897, 301.77490234, -173.24169922, -4.44314528, 73.42881775, -94.35837555, 30.11632156, -9.03100300, 62.53074646, 0.81224453, -0.26083750, -0.06943349, -0.51710892, -0.42465857, 0.00365430, 1.53210747, 0.00000000, 0.00000000, 0.00000000, 0.00000000
2, 1.1900, 119, -1.64844298, 1.68991029, -0.10854112, -445.33334351, -113.87986755, -65.60460663, -27.76965714, 37.09441757, 46.50687027, 25.65676880, -54.98938751, 113.84124756, 0.38617975, -0.48467901, 0.08065768, -0.78067011, 0.48210174, -0.29878101, 1.46095800, 0.00000000, 0.00000000, 0.00000000, 0.00000000
5, 1.2501, 125, 2.27789426, 1.16068399, 0.27135456, 9.24127007, 268.65042114, -183.35366821, -5.70008755, 74.97807312, -93.01374054, 25.99752045, -6.58651018, 63.44393539, 0.82064998, -0.22044279, -0.07045992, -0.52246910, -0.72926968, 0.02990043, 1.59276223, 0.00000000, 0.00000000, 0.00000000, 0.00000000
2, 1.2000, 120, -1.63795531, 2.10407710, -0.29086697, -404.84387207, -102.27718353, -74.48579407, -27.76965714, 37.09441757, 46.50687027, 16.72658730, -49.70146179, 120.89731598, 0.38960233, -0.42679209, 0.09025486, -0.81111807, 0.39897490, -0.10446033, 1.84769416, 0.00000000, 0.00000000, 0.00000000, 0.00000000
5, 1.2601, 126, 2.45401525, 1.01798725, 0.30688635, 2.16419435, 224.20504761, -191.05297852, -7.39549828, 75.47500610, -92.13680267, 25.77867508, -9.02337074, 61.83285141, 0.82469368, -0.23017889, -0.04846924, -0.51434308, -0.88864005, -0.04082609, 1.64703667, 0.00000000, 0.00000000, 0.00000000, 0.00000000
2, 1.2100, 121, -1.50032055, 2.47322750, -0.54088020, -301.39151001, -93.64890289, -96.92674255, -28.20812607, 36.56825638, 48.64074707, 13.62089539, -50.77816010, 120.87739563, 0.39833394, -0.42317241, 0.11685343, -0.80535746, 0.22834733, 0.16900980, 2.13128614, 0.00000000, 0.00000000, 0.00000000, 0.00000000
5, 1.2701, 127, 2.51515937, 0.95692313, 0.19224460, -3.68163681, 176.03782654, -194.14213562, -8.94475269, 77.02426147, -91.84449005, 25.83359909, -11.34254551, 60.60332108, 0.82626915, -0.24065055, -0.02907247, -0.50845009, -1.06070423, 0.01484495, 1.62679911, 0.00000000, 0.00000000, 0.00000000, 0.00000000
2, 1.2200, 122, -1.41920781, 2.18335652, -0.57183522, -137.96766663, -105.37698364, -129.90159607, -28.55890083, 34.84361267, 50.07307816, 11.65129757, -52.27167892, 121.43482208, 0.39784056, -0.42679822, 0.13486457, -0.80086064, 0.18809323, 0.25363827, 1.84655488, 0.00000000, 0.00000000, 0.00000000, 0.00000000
5, 1.2801, 128, 2.34148335, 0.94732964, 0.15660483, -8.25226593, 134.70570374, -194.91140747, -11.07863140, 77.78427124, -91.28909302, 26.09770393, -13.53823566, 59.69038391, 0.82584184, -0.25161552, -0.01198260, -0.50451112, -1.01437020, 0.03732464, 1.48071051, 0.00000000, 0.00000000, 0.00000000, 0.00000000
2, 1.2300, 123, -1.33655655, 1.64989638, -0.54844958, -64.51850128, -108.09049225, -143.34407043, -28.58813095, 32.62203979, 51.27155685, 10.14963627, -53.91780472, 122.29390717, 0.39331597, -0.43356311, 0.14885744, -0.79697365, 0.19080940, 0.29673469, 1.32536054, 0.00000000, 0.00000000, 0.00000000, 0.00000000
5, 1.2901, 129, 2.02332664, 0.89121819, 0.15557085, -12.43147945, 109.31799316, -203.20986938, -11.07863140, 77.78427124, -91.28909302, 26.51735878, -15.72918510, 58.97209930, 0.82385683, -0.26331905, 0.00410851, -0.50190258, -0.88894153, 0.00183612, 1.21438789, 0.00000000, 0.00000000, 0.00000000, 0.00000000
5, 1.3001, 130, 1.69968939, 0.88549268, 0.15227245, -15.32231712, 97.75843811, -212.49205017, -11.80941200, 76.11809540, -91.02601624, 24.50826645, -12.56874657, 59.71708298, 0.83083785, -0.23622328, -0.01226512, -0.50374258, -0.70775509, 0.00518939, 0.95958793, 0.00000000, 0.00000000, 0.00000000, 0.00000000
2, 1.2400, 124, -1.28990400, 1.28760993, -0.51255912, -61.64783859, -105.64662170, -142.78692627, -28.58813095, 32.62203979, 51.27155685, 8.60207939, -55.53972244, 123.23171997, 0.38870323, -0.44029966, 0.16248488, -0.79287124, 0.19712654, 0.31047934, 0.97927320, 0.00000000, 0.00000000, 0.00000000, 0.00000000
5, 1.3101, 131, 1.50012600, 0.90610349, 0.17447832, -14.92381763, 106.91069794, -214.90789795, -14.76176548, 78.22274017, -90.52908325, 24.94966888, -14.87935543, 59.10150909, 0.82843661, -0.24868223, 0.00434142, -0.50182790, -0.53081727, 0.01836107, 0.80375743, 0.00000000, 0.00000000, 0.00000000, 0.00000000
2, 1.2500, 125, -1.26354337, 1.22581923, -0.47184539, -95.86365509, -105.90922546, -136.42642212, -29.43583679, 32.76819611, 52.17772675, 8.51255894, -52.28889465, 124.24470520, 0.38967943, -0.41957712, 0.14657404, -0.80661082, 0.18017283, 0.28878084, 0.91408306, 0.00000000, 0.00000000, 0.00000000, 0.00000000
5, 1.3201, 132, 1.35505509, 0.88107562, 0.25166947, -10.57650661, 123.94136047, -208.12522888, -17.12949371, 79.62583923, -89.73983765, 25.35472488, -17.17210197, 58.30359268, 0.82653236, -0.26046631, 0.02149852, -0.49853745, -0.45748910, -0.05966151, 0.72004759, 0.00000000, 0.00000000, 0.00000000, 0.00000000
2, 1.2600, 126, -1.24510455, 1.37997556, -0.58780217, -130.40075684, -107.19031525, -125.84487152, -29.78661156, 31.80356598, 53.37620544, 6.36328459, -53.71233749, 125.10437012, 0.38834098, -0.42310458, 0.16396859, -0.80205250, 0.15240178, 0.39450836, 1.04004419, 0.00000000, 0.00000000, 0.00000000, 0.00000000
5, 1.3301, 133, 1.37379575, 0.87679505, 0.32217073, -3.63259339, 139.62211609, -194.18704224, -19.00029182, 80.41508484, -89.85676575, 25.72998047, -19.36916351, 57.30980682, 0.82534271, -0.27124405, 0.03866650, -0.49370134, -0.47474593, -0.11840252, 0.77311981, 0.00000000, 0.00000000, 0.00000000, 0.00000000
2, 1.2700, 127, -1.26319325, 1.58480895, -0.83288860, -150.30908203, -104.28877258, -114.91731262, -29.34814262, 30.80970383, 54.92546082, 3.97416067, -54.99813461, 126.00853729, 0.38813156, -0.42513740, 0.18206105, -0.79716122, 0.11388605, 0.64718115, 1.28033817, 0.00000000, 0.00000000, 0.00000000, 0.00000000
2, 1.2800, 128, -1.33257651, 1.64655411, -0.92291909, -162.84768677, -89.19044495, -105.93537140, -29.66968727, 28.93890572, 55.30546570, 1.61000609, -56.15127945, 126.75292206, 0.38944429, -0.42624861, 0.19980220, -0.79165924, 0.15690848, 0.75668150, 1.37699497, 0.00000000, 0.00000000, 0.00000000, 0.00000000
5, 1.3401, 134, 1.45260370, 0.89872158, 0.38855839, 4.27128172, 147.57012939, -175.52055359, -19.00029182, 80.41508484, -89.85676575, 26.10069847, -21.39738274, 56.16779327, 0.82479793, -0.28089470, 0.05510198, -0.48761714, -0.51234984, -0.15700470, 0.88482523, 0.00000000, 0.00000000, 0.00000000, 0.00000000
5, 1.3501, 135, 1.34834063, 0.86167514, 0.46786761, 13.65705204, 151.24974060, -154.06532288, -20.31569672, 80.70739746, -90.35369873, 22.27708244, -18.66204071, 56.80134964, 0.83675516, -0.24334840, 0.04926880, -0.48805216, -0.44408494, -0.22970250, 0.81567615, 0.00000000, 0.00000000, 0.00000000, 0.00000000
5, 1.3601, 136, 1.25001431, 0.80330086, 0.50524521, 24.03164101, 170.43292236, -131.65728760, -22.36188316, 80.64893341, -90.20754242, 22.46891212, -20.39976120, 55.45519257, 0.83843535, -0.25053918, 0.06453166, -0.47967905, -0.37391862, -0.25674325, 0.69561172, 0.00000000, 0.00000000, 0.00000000, 0.00000000
5, 1.3701, 137, 1.27445436, 0.70670664, 0.51868135, 33.68508148, 191.19921875, -112.35700989, -23.09266281, 80.99971008, -90.35369873, 22.63005638, -22.01641273, 53.84914780, 0.84122217, -0.25650132, 0.07973268, -0.46924967, -0.46913815, -0.32588917, 0.68342638, 0.00000000, 0.00000000, 0.00000000, 0.00000000
5, 1.3801, 138, 1.28510094, 0.61345208, 0.44281068, 43.48244858, 207.46803284, -92.83277893, -24.67114830, 80.50277710, -90.64601135, 22.78671455, -23.49157143, 52.01138306, 0.84495914, -0.26132309, 0.09455164, -0.45696205, -0.59472996, -0.32264432, 0.62744224, 0.00000000, 0.00000000, 0.00000000, 0.00000000
2, 1.2900, 129, -1.28227758, 1.62350500, -0.94371641, -180.11450195, -59.92593002, -92.96041870, -29.66968727, 28.93890572, 55.30546570, -0.49723640, -57.13046265, 127.04123688, 0.39345464, -0.42629421, 0.21660884, -0.78520536, 0.10138649, 0.80117375, 1.36128986, 0.00000000, 0.00000000, 0.00000000, 0.00000000
2, 1.3000, 130, -1.19744158, 1.56120467, -0.86363488, -207.71049500, -25.67793655, -79.50077820, -30.07892418, 27.74042702, 56.38702011, 4.51004887, -52.24755478, 121.16328430, 0.42557374, -0.40059170, 0.18533365, -0.78997767, 0.03701295, 0.72724855, 1.27075648, 0.00000000, 0.00000000, 0.00000000, 0.00000000
2, 1.3100, 131, -1.01211846, 1.46123290, -0.66409880, -245.90618896, 5.35316372, -69.77490997, -30.28354263, 26.86348915, 56.59164047, 2.92634296, -52.90010452, 120.14401245, 0.43668452, -0.39730224, 0.20233838, -0.78135574, -0.08734408, 0.50156677, 1.07076204, 0.00000000, 0.00000000, 0.00000000, 0.00000000
5, 1.3901, 139, 1.23780072, 0.57690978, 0.40336549, 52.69987106, 216.65774536, -76.09881592, -24.67114830, 80.50277710, -90.64601135, 22.97573853, -24.82271767, 49.99772644, 0.84931391, -0.26529330, 0.10869299, -0.44325089, -0.62915045, -0.31318370, 0.56738031, 0.00000000, 0.00000000, 0.00000000, 0.00000000
2, 1.3200, 132, -0.72776467, 1.42560661, -0.52655941, -278.00558472, 10.09456635, -71.76744843, -29.69891739, 25.63577843, 56.59164047, 1.17605448, -53.58119202, 118.95924377, 0.44932416, -0.39291346, 0.22099751, -0.77128911, -0.36458293, 0.38531157, 0.97910154, 0.00000000, 0.00000000, 0.00000000, 0.00000000
5, 1.4001, 140, 1.17213738, 0.49455982, 0.44605297, 56.76416016, 217.85694885, -67.21871185, -24.72961044, 80.15200043, -90.99678040, 17.84128380, -20.06840515, 49.30434036, 0.87286001, -0.21057349, 0.09274999, -0.43031573, -0.61432397, -0.38070962, 0.48506153, 0.00000000, 0.00000000, 0.00000000, 0.00000000
2, 1.3300, 133, -0.60909945, 1.41255724, -0.31208104, -296.98281860, -9.87739849, -72.81192780, -29.90353584, 24.26191139, 56.91318130, -1.02374768, -54.31344604, 118.06430054, 0.46131140, -0.38725936, 0.24166381, -0.76080263, -0.48266506, 0.19380155, 0.93597388, 0.00000000, 0.00000000, 0.00000000, 0.00000000
2, 1.3400, 134, -0.62974465, 1.34213841, -0.14102925, -308.69610596, -20.32991409, -63.45833969, -29.90353584, 24.26191139, 56.91318130, -3.50182962, -54.97961807, 117.35165405, 0.47301435, -0.38003367, 0.26301348, -0.75010383, -0.45350483, 0.05339966, 0.86736190, 0.00000000, 0.00000000, 0.00000000, 0.00000000
5, 1.4101, 141, 1.13448250, 0.42499852, 0.45555174, 54.15638351, 212.73345947, -61.45391464, -25.72347260, 81.20432281, -91.25986481, 17.81760025, -21.40865326, 47.46887589, 0.87706256, -0.21315548, 0.10673270, -0.41705409, -0.57799435, -0.37972134, 0.38256064, 0.00000000, 0.00000000, 0.00000000, 0.00000000
2, 1.3500, 135, -0.63024819, 1.35254025, -0.05009902, -319.32232666, -13.06169701, -47.96530914, -29.99123001, 23.44343758, 56.88395309, -5.31849575, -47.94678879, 115.14052582, 0.50538760, -0.31984416, 0.25343877, -0.76029718, -0.43893480, -0.01298040, 0.85415864, 0.00000000, 0.00000000, 0.00000000, 0.00000000
2, 1.3600, 136, -0.59235555, 1.49155617, 0.00528498, -318.10046387, 0.57873702, -30.89948273, -29.84507370, 22.80035019, 56.76702499, -7.77226114, -48.32496643, 114.24957275, 0.51741505, -0.30941823, 0.27360898, -0.74945331, -0.44494754, -0.05099991, 0.90930569, 0.00000000, 0.00000000, 0.00000000, 0.00000000
5, 1.4201, 142, 1.16949868, 0.39891085, 0.43177539, 48.92490768, 200.97602844, -55.97158813, -26.83425903, 77.66735077, -91.66909790, 17.80775070, -22.66264725, 45.73496628, 0.88074076, -0.21526577, 0.11988407, -0.40445533, -0.64823663, -0.37449449, 0.39595222, 0.00000000, 0.00000000, 0.00000000, 0.00000000
2, 1.3700, 137, -0.54193592, 1.62840188, 0.01469021, -295.14865112, 11.37605476, -14.60824394, -29.99123001, 21.25109673, 56.85472107, -9.90940475, -48.56455231, 113.26461029, 0.52914035, -0.29885980, 0.29108641, -0.73889244, -0.52348584, -0.04640064, 1.04028130, 0.00000000, 0.00000000, 0.00000000, 0.00000000
2, 1.3800, 138, -0.53566438, 1.69775009, 0.00240964, -258.26950073, 19.79269028, 0.45616579, -29.78661156, 21.36802101, 55.91932297, -11.64261055, -48.67154312, 112.24447632, 0.53997517, -0.28884515, 0.30524498, -0.72926056, -0.54472488, -0.01896940, 1.11376584, 0.00000000, 0.00000000, 0.00000000, 0.00000000
5, 1.4301, 143, 1.22584963, 0.36972058, 0.42463315, 42.61156845, 187.75450134, -49.37118530, -27.50657654, 80.53200531, -92.07833862, 17.79372025, -23.81658363, 44.12223434, 0.88394165, -0.21681820, 0.13209894, -0.39266649, -0.72381282, -0.38436693, 0.43079817, 0.00000000, 0.00000000, 0.00000000, 0.00000000
2, 1.3900, 139, -0.51004559, 1.64544010, 0.02211348, -203.73789978, 33.86939621, 11.56940651, -29.78661156, 21.36802101, 55.91932297, -12.75999260, -48.68095016, 111.15113831, 0.54965830, -0.28063661, 0.31507155, -0.72100544, -0.56015766, -0.01900680, 1.05976701, 0.00000000, 0.00000000, 0.00000000, 0.00000000
2, 1.4000, 140, -0.49739856, 1.56203806, 0.06884675, -173.70516968, 38.98282623, 14.81891727, -29.90353584, 19.61414719, 55.86085892, -12.17647552, -41.20499039, 108.42958069, 0.57453835, -0.22579011, 0.28513691, -0.73322672, -0.53297502, -0.04736017, 0.95076966, 0.00000000, 0.00000000, 0.00000000, 0.00000000
5, 1.4401, 144, 1.29978907, 0.35551277, 0.39434236, 34.23279572, 170.03555298, -44.07851410, -27.09733963, 81.75971985, -92.45834351, 17.76710129, -24.86704636, 42.68453217, 0.88656622, -0.21788147, 0.14325227, -0.38210830, -0.81054831, -0.36673525, 0.47744113, 0.00000000, 0.00000000, 0.00000000, 0.00000000
2, 1.4100, 141, -0.48183885, 1.50350904, 0.09516042, -155.42674255, 37.26902390, 17.57287598, -29.84507370, 21.60187149, 55.45162201, -13.04570580, -41.14414978, 107.53427124, 0.58199269, -0.21873672, 0.29213685, -0.72670138, -0.46717709, -0.05551232, 0.82016563, 0.00000000, 0.00000000, 0.00000000, 0.00000000
5, 1.4501, 145, 1.39253259, 0.35340363, 0.34497258, 23.45623207, 147.39477539, -39.94172668, -27.09733963, 81.75971985, -92.45834351, 14.11841011, -17.91050529, 43.15520477, 0.90458643, -0.16970220, 0.09901191, -0.37831387, -0.87700790, -0.31602544, 0.52052701, 0.00000000, 0.00000000, 0.00000000, 0.00000000
2, 1.4200, 142, -0.48812190, 1.46658039, 0.10831054, -145.62037659, 29.63696861, 21.03004837, -30.19584846, 21.25109673, 54.75007248, -13.91031456, -41.04373169, 106.75426483, 0.58864665, -0.21163265, 0.29860756, -0.72079146, -0.45271134, -0.05430365, 0.78574753, 0.00000000, 0.00000000, 0.00000000, 0.00000000
5, 1.4601, 146, 1.39443564, 0.37834901, 0.27845725, 10.22926140, 123.08383942, -35.30529785, -27.79888916, 81.55509949, -92.95527649, 13.85466003, -18.78845406, 42.33457947, 0.90619862, -0.16947390, 0.10813513, -0.37200725, -0.81402230, -0.21256155, 0.46432459, 0.00000000, 0.00000000, 0.00000000, 0.00000000
2, 1.4300, 143, -0.45969558, 1.45558619, 0.08729739, -140.45896912, 15.40619183, 21.47087288, -29.69891739, 20.69570351, 54.75007248, -14.87920475, -40.92269897, 106.16778564, 0.59420103, -0.20427279, 0.30519387, -0.71557987, -0.47735888, -0.02036816, 0.77299899, 0.00000000, 0.00000000, 0.00000000, 0.00000000
5, 1.4701, 147, 1.34238136, 0.42633331, 0.23043548, -3.21015739, 104.50814819, -30.96761703, -28.52966881, 81.17509460, -92.95527649, 13.53885460, -19.56776237, 41.73629379, 0.90725785, -0.16865091, 0.11629993, -0.36730698, -0.78895426, -0.13930942, 0.43166742, 0.00000000, 0.00000000, 0.00000000, 0.00000000
2, 1.4400, 144, -0.42200029, 1.50524449, 0.03603112, -128.94683838, -13.80789471, 20.74037933, -29.69891739, 20.69570351, 54.75007248, -16.05303955, -40.75858307, 105.98187256, 0.59756547, -0.19656485, 0.31208467, -0.71195573, -0.52267796, 0.04091863, 0.82087743, 0.00000000, 0.00000000, 0.00000000, 0.00000000
5, 1.4801, 148, 1.34366274, 0.45678955, 0.17429742, -15.53311825, 90.36341095, -27.99320412, -28.67582512, 80.73662567, -92.31218719, 13.16211605, -20.27801704, 41.32696533, 0.90786880, -0.16727149, 0.12381560, -0.36395630, -0.81041402, -0.06970878, 0.42873281, 0.00000000, 0.00000000, 0.00000000, 0.00000000
2, 1.4500, 145, -0.51025265, 1.53285229, 0.03042293, -105.01343536, -43.96551514, 24.79354477, -30.19584846, 21.28032684, 54.54545212, -14.59679508, -34.77941895, 105.08648682, 0.60580295, -0.16159612, 0.27652282, -0.72830254, -0.41858202, 0.05591700, 0.84998453, 0.00000000, 0.00000000, 0.00000000, 0.00000000
5, 1.4901, 149, 1.35827482, 0.47354767, 0.11249848, -27.03369904, 74.93172455, -22.60627556, -29.11429405, 80.15200043, -92.69219208, 12.72137737, -20.88891220, 41.10477448, 0.90811813, -0.16526665, 0.13045008, -0.36192697, -0.84988582, -0.00330205, 0.42686599, 0.00000000, 0.00000000, 0.00000000, 0.00000000
2, 1.4600, 146, -0.58455127, 1.49430418, -0.03617341, -74.56381226, -60.73280716, 31.11894226, -29.43583679, 21.63110161, 55.48085403, -15.72026634, -34.40387726, 105.56530762, 0.60456413, -0.15428399, 0.28122827, -0.72911549, -0.27554411, 0.12784982, 0.78136635, 0.00000000, 0.00000000, 0.00000000, 0.00000000
5, 1.5001, 150, 1.28296661, 0.53221738, 0.03779365, -36.17465210, 59.07546997, -14.63058949, -29.11429405, 80.15200043, -92.69219208, 13.13346004, -13.99726200, 43.77076721, 0.90978098, -0.15044789, 0.07001228, -0.38047644, -0.78141344, 0.09417400, 0.36044699, 0.00000000, 0.00000000, 0.00000000, 0.00000000
2, 1.4700, 147, -0.62512708, 1.48353076, -0.10234039, -37.93030548, -67.15850830, 38.91522598, -29.61122513, 21.80648994, 55.42238998, -16.56526566, -33.91359711, 106.17032623, 0.60211420, -0.14798829, 0.28351593, -0.73155773, -0.22827522, 0.20928109, 0.78351837, 0.00000000, 0.00000000, 0.00000000, 0.00000000
5, 1.5101, 151, 1.26618218, 0.55841613, 0.02069066, -45.38131332, 40.54694366, -10.01267052, -29.28968048, 81.23355865, -92.34142303, 12.62106419, -14.36273289, 43.89294434, 0.90954578, -0.14759026, 0.07449074, -0.38130650, -0.67808634, 0.11511977, 0.32751966, 0.00000000, 0.00000000, 0.00000000, 0.00000000
2, 1.4800, 148, -0.62617922, 1.44183409, -0.19084267, 17.89030457, -69.05213928, 49.66909409, -29.87430573, 22.50803757, 56.53317642, -16.92134666, -33.27867508, 106.88159180, 0.59834093, -0.14353302, 0.28193948, -0.73613632, -0.21239698, 0.31011397, 0.74707907, 0.00000000, 0.00000000, 0.00000000, 0.00000000
2, 1.4900, 149, -0.65507555, 1.36590910, -0.27140832, 64.68956757, -68.82675171, 58.83237457, -29.87430573, 22.50803757, 56.53317642, -16.84860802, -32.52746582, 107.66077423, 0.59356952, -0.14064218, 0.27703616, -0.74239212, -0.16062102, 0.39997008, 0.67880166, 0.00000000, 0.00000000, 0.00000000, 0.00000000
5, 1.5201, 152, 1.26034927, 0.53085446, 0.00947277, -57.53729248, 17.14134407, -6.43738747, -28.64659500, 80.99971008, -92.22449493, 12.09933472, -14.59972191, 44.25419235, 0.90868133, -0.14443025, 0.07767373, -0.38393357, -0.70179474, 0.11565223, 0.30453649, 0.00000000, 0.00000000, 0.00000000, 0.00000000
2, 1.5000, 150, -0.76792526, 1.34835660, -0.44885439, 114.18711853, -58.66815186, 66.72035217, -29.93276787, 22.27418900, 56.97164536, -9.30283165, -30.03675842, 107.45814514, 0.58645678, -0.16189243, 0.21594341, -0.76369357, -0.03124880, 0.55045432, 0.67943627, 0.00000000, 0.00000000, 0.00000000, 0.00000000
5, 1.5301, 153, 1.16698194, 0.53006005, 0.00642388, -72.85363770, -16.59145546, -1.10510540, -29.11429405, 79.83045959, -91.05524445, 11.58190632, -14.64198017, 44.93793106, 0.90696210, -0.14093171, 0.07890595, -0.38901401, -0.64776075, 0.12626538, 0.22841930, 0.00000000, 0.00000000, 0.00000000, 0.00000000
2, 1.5100, 151, -0.89378047, 1.40068924, -0.73811954, 187.42071533, -28.43181801, 71.84509277, -29.87430573, 23.82344246, 57.61473083, -7.85799265, -29.24795151, 108.12577057, 0.58055604, -0.16502668, 0.20150900, -0.77143705, 0.10863667, 0.74601299, 0.74020875, 0.00000000, 0.00000000, 0.00000000, 0.00000000
5, 1.5401, 154, 1.07454145, 0.55650759, 0.03768627, -80.52869415, -39.65816116, 3.75319672, -29.31891251, 81.32125092, -90.35369873, 11.08694363, -14.53102112, 45.81452560, 0.90471148, -0.13726419, 0.07864985, -0.39556292, -0.55798775, 0.12643810, 0.17890027, 0.00000000, 0.00000000, 0.00000000, 0.00000000
5, 1.5501, 155, 0.98041832, 0.57985580, 0.07557492, -84.39574432, -56.71668243, 10.00316238, -29.31891251, 81.32125092, -90.35369873, 11.91287804, -9.85389709, 48.44677353, 0.90002096, -0.12933390, 0.03548071, -0.41470000, -0.44453913, 0.11278071, 0.12575896, 0.00000000, 0.00000000, 0.00000000, 0.00000000
2, 1.5200, 152, -0.76176053, 1.14420950, -0.75273579, 273.58566284, 2.47830462, 72.03205872, -29.66968727, 24.29114342, 57.87781143, -5.43469524, -28.46850204, 108.65686798, 0.57406968, -0.17272995, 0.18055604, -0.77974862, 0.03911362, 0.75150228, 0.45477971, 0.00000000, 0.00000000, 0.00000000, 0.00000000
5, 1.5601, 156, 0.90546364, 0.62823510, 0.12458736, -84.42020416, -70.67063904, 17.45245934, -29.34814262, 81.17509460, -89.50598907, 11.56214428, -9.48159409, 49.49785995, 0.89695591, -0.12558696, 0.03265063, -0.42264876, -0.28220385, 0.09215540, 0.09834366, 0.00000000, 0.00000000, 0.00000000, 0.00000000
2, 1.5300, 153, -0.62745202, 0.57687277, -0.44867718, 312.65441895, 7.30489302, 71.82508850, -29.66968727, 24.29114342, 57.87781143, -2.64357877, -27.70816994, 109.25449371, 0.56640738, -0.18223110, 0.15684137, -0.78827369, 0.03085066, 0.45523649, -0.16085997, 0.00000000, 0.00000000, 0.00000000, 0.00000000
5, 1.5701, 157, 0.88236630, 0.70477653, 0.11888971, -80.09448242, -85.41730499, 25.38832092, -28.88044357, 80.29815674, -88.86290741, 11.29288387, -8.95443821, 50.58361816, 0.89372987, -0.12187561, 0.02833089, -0.43080252, -0.21551998, 0.14894721, 0.11295293, 0.00000000, 0.00000000, 0.00000000, 0.00000000
2, 1.5400, 154, -0.63792574, 0.06422935, -0.22186780, 271.58020020, -1.84597671, 73.55822754, -29.17275620, 26.07424736, 57.55627060, -0.28909576, -26.96225929, 109.90129089, 0.55893850, -0.18944003, 0.13588753, -0.79576051, 0.15304005, 0.23295712, -0.68696982, 0.00000000, 0.00000000, 0.00000000, 0.00000000
2, 1.5500, 155, -0.67499864, -0.27332079, -0.11161288, 161.32752991, -6.28888941, 68.61212921, -28.88044357, 28.23735809, 57.00087738, 2.65059352, -37.68388748, 106.41143799, 0.56071514, -0.27166358, 0.17585352, -0.76215029, 0.22376955, 0.11874771, -0.99860346, 0.00000000, 0.00000000, 0.00000000, 0.00000000
5, 1.5801, 158, 0.89037496, 0.77214706, 0.05009632, -66.26593781, -101.93373108, 34.28270721, -27.85735130, 80.76585388, -87.83981323, 11.18388176, -8.24250126, 51.63781357, 0.89052480, -0.11864015, 0.02205598, -0.43863848, -0.20153007, 0.24742652, 0.12326718, 0.00000000, 0.00000000, 0.00000000, 0.00000000
5, 1.5901, 159, 0.78946579, 0.78337085, 0.01991376, -48.42182159, -114.70776367, 38.86869049, -27.74042702, 81.05816650, -87.57672882, 11.26639557, -7.39890575, 52.61804199, 0.88742173, -0.11626764, 0.01414512, -0.44583023, -0.13270561, 0.27735502, 0.03609538, 0.00000000, 0.00000000, 0.00000000, 0.00000000
2, 1.5600, 156, -0.63659918, -0.33892167, -0.03983838, 7.96140480, -11.38327408, 58.28559494, -29.20198822, 28.38351250, 57.11780167, 2.54366255, -37.12164307, 106.66530609, 0.56030095, -0.26782468, 0.17316090, -0.76442671, 0.08207447, 0.03064775, -1.00219381, 0.00000000, 0.00000000, 0.00000000, 0.00000000
5, 1.6001, 160, 0.61056781, 0.74529564, 0.08912183, -36.94228745, -112.83235931, 37.40023041, -27.74042702, 81.05816650, -87.57672882, 14.00520515, -7.40930653, 55.32786560, 0.87358522, -0.13752745, 0.00031557, -0.46683508, -0.00039408, 0.18578100, -0.09453656, 0.00000000, 0.00000000, 0.00000000, 0.00000000
2, 1.5700, 157, -0.62360936, -0.04235366, -0.15494807, -109.17067719, -15.61821938, 44.24037933, -29.26045036, 28.20812607, 57.17626190, 1.43633533, -36.69382858, 106.66323853, 0.56361783, -0.25956315, 0.17841767, -0.76362896, 0.01827280, 0.13136914, -0.71047473, 0.00000000, 0.00000000, 0.00000000, 0.00000000
5, 1.6101, 161, 0.41519374, 0.73073649, 0.17853169, -31.36130142, -88.27479553, 34.26909637, -27.30195808, 80.03507996, -87.48903656, 14.09675980, -6.74955320, 56.05921173, 0.87112069, -0.13558069, -0.00599416, -0.47194371, 0.15709305, 0.07178275, -0.21276936, 0.00000000, 0.00000000, 0.00000000, 0.00000000
2, 1.5800, 158, -0.73447329, 0.15428436, -0.05379117, -174.42074585, -18.55870056, 28.27045822, -29.26045036, 28.20812607, 57.17626190, -0.22553571, -36.42662430, 106.51154327, 0.56876367, -0.24933615, 0.18848227, -0.76079822, 0.09619182, 0.03461517, -0.50923026, 0.00000000, 0.00000000, 0.00000000, 0.00000000
5, 1.6201, 162, 0.25050321, 0.73917294, 0.24837099, -26.84616280, -44.43946457, 32.29454803, -27.09733963, 79.77199554, -86.96287537, 13.99808311, -6.31002855, 56.48403549, 0.86989331, -0.13303378, -0.00944852, -0.47486690, 0.30757976, 0.02233992, -0.31206307, 0.00000000, 0.00000000, 0.00000000, 0.00000000
2, 1.5900, 159, -0.78238106, 0.42918029, -0.06272502, -205.05299377, -13.39584923, 18.83910370, -28.73428726, 28.88044357, 57.67319489, -2.08725166, -36.25532913, 106.20770264, 0.57500529, -0.23838912, 0.20060721, -0.75650275, 0.09409282, 0.04591045, -0.23233116, 0.00000000, 0.00000000, 0.00000000, 0.00000000
5, 1.6301, 163, 0.29546285, 0.76275802, 0.29461387, -21.23732376, 0.68694383, 26.23574066, -25.89885902, 79.36275482, -86.29055786, 13.72259712, -6.12935400, 56.59347153, 0.86992055, -0.13020216, -0.00981308, -0.47559369, 0.32145801, 0.00425223, -0.24895896, 0.00000000, 0.00000000, 0.00000000, 0.00000000
2, 1.6000, 160, -0.88537461, 0.78821790, -0.08517866, -193.72892761, -4.51651001, 14.67949009, -28.50043869, 27.65273285, 57.70242691, -2.88774157, -35.46545792, 105.24293518, 0.58414966, -0.22738276, 0.20391522, -0.75198728, 0.13146819, 0.06019120, 0.13799866, 0.00000000, 0.00000000, 0.00000000, 0.00000000
5, 1.6401, 164, 0.48706940, 0.83706892, 0.30171046, -13.90758514, 43.26285553, 20.39217949, -25.89885902, 79.97661591, -86.23209381, 13.29262733, -6.19273233, 56.39197922, 0.87118173, -0.12720722, -0.00732018, -0.47413838, 0.25202531, 0.05108981, -0.06137240, 0.00000000, 0.00000000, 0.00000000, 0.00000000
5, 1.6501, 165, 0.60211015, 0.84538817, 0.30963585, -8.80007744, 45.55650711, 18.80448532, -25.89885902, 79.97661591, -86.23209381, 13.42093086, -7.85230255, 56.43531418, 0.86928451, -0.13487615, 0.00479950, -0.47553107, 0.18129450, 0.05517685, 0.03575627, 0.00000000, 0.00000000, 0.00000000, 0.00000000
2, 1.6100, 161, -0.94366807, 1.21443307, -0.08516532, -129.29614258, 10.08152485, 19.64491653, -27.97427559, 28.41274452, 58.43320465, -3.90068221, -35.28140259, 104.82713318, 0.58911109, -0.22022279, 0.21043964, -0.74844182, 0.11754175, 0.03381081, 0.55995655, 0.00000000, 0.00000000, 0.00000000, 0.00000000
2, 1.6200, 162, -0.95934862, 1.43958998, -0.07268206, -18.10153008, 25.09556961, 29.72147560, -29.11429405, 28.12043190, 58.22858810, -3.84110212, -34.98252869, 104.48889160, 0.59161931, -0.21792710, 0.20919971, -0.74748236, 0.09433365, 0.00773552, 0.77995348, 0.00000000, 0.00000000, 0.00000000, 0.00000000
5, 1.6601, 166, 0.67921877, 0.87139785, 0.31099010, -5.59982920, 26.22976875, 17.54946327, -26.07424736, 80.09353638, -86.43671417, 13.16061783, -7.84182739, 56.28080368, 0.87023950, -0.13285094, 0.00597870, -0.47433972, 0.12907359, 0.06948948, 0.11224751, 0.00000000, 0.00000000, 0.00000000, 0.00000000
2, 1.6300, 163, -0.97520828, 1.35477209, 0.03743473, 104.63669586, 34.26353073, 35.58489227, -29.11429405, 28.12043190, 58.22858810, -2.66433382, -34.60630798, 104.33068848, 0.59092891, -0.22122486, 0.19991860, -0.74959666, 0.13268706, -0.10563794, 0.68669140, 0.00000000, 0.00000000, 0.00000000, 0.00000000
2, 1.6400, 164, -0.99137777, 1.04329109, 0.17409049, 199.39488220, 37.41560745, 37.57179642, -28.88044357, 28.88044357, 58.31628036, -0.66234523, -34.19982910, 104.36712646, 0.58736229, -0.22889334, 0.18464643, -0.75400203, 0.21520606, -0.24008118, 0.36877841, 0.00000000, 0.00000000, 0.00000000, 0.00000000
5, 1.6701, 167, 0.73047596, 0.90336752, 0.33058918, -3.97872210, -1.79422843, 18.19284439, -25.95732307, 80.79508972, -86.61209869, 13.05778122, -7.68513870, 56.28636932, 0.87048960, -0.13144019, 0.00519786, -0.47428304, 0.12816319, 0.07664778, 0.17467439, 0.00000000, 0.00000000, 0.00000000, 0.00000000
5, 1.6801, 168, 0.74605334, 0.95805264, 0.31345761, -3.84542298, -37.65274429, 18.91379547, -25.84039688, 80.29815674, -86.02747345, 13.14411831, -7.34503794, 56.51178360, 0.86978638, -0.13073210, 0.00197860, -0.47579101, 0.14844975, 0.12363935, 0.20636410, 0.00000000, 0.00000000, 0.00000000, 0.00000000
2, 1.6500, 165, -0.96604091, 0.73588318, 0.27075988, 259.53048706, 36.55651093, 37.57759857, -28.76351929, 29.55276108, 57.52703857, -2.43320537, -36.31657791, 106.60241699, 0.57302439, -0.23775885, 0.20237446, -0.75773239, 0.24670048, -0.32923889, 0.05747537, 0.00000000, 0.00000000, 0.00000000, 0.00000000
2, 1.6600, 166, -0.94329268, 0.45586112, 0.30565763, 262.83016968, 33.71763229, 36.65217972, -29.37737465, 30.42969894, 56.32855988, 0.06696972, -35.91914368, 106.83717346, 0.56678116, -0.24793622, 0.18331672, -0.76399076, 0.25643003, -0.33088592, -0.20888506, 0.00000000, 0.00000000, 0.00000000, 0.00000000
5, 1.6901, 169, 0.71139264, 0.98360908, 0.30235398, -4.31236744, -74.95168304, 21.39571190, -25.54808426, 79.74276733, -86.14440155, 13.41818142, -6.80190611, 56.96841049, 0.86808711, -0.13060355, -0.00383441, -0.47890794, 0.18829450, 0.14455661, 0.18716192, 0.00000000, 0.00000000, 0.00000000, 0.00000000
5, 1.7001, 170, 0.61510575, 0.97667050, 0.30563214, -7.50066233, -100.51184845, 23.61370850, -25.54808426, 79.74276733, -86.14440155, 14.93271828, -8.78368282, 58.05583572, 0.85959566, -0.15013009, 0.00352167, -0.48840946, 0.24503133, 0.12699479, 0.11238322, 0.00000000, 0.00000000, 0.00000000, 0.00000000
2, 1.6700, 167, -0.90558952, 0.27486280, 0.28626311, 232.39054871, 26.95205498, 35.04795074, -28.82198143, 31.30663490, 55.77316666, 2.24117398, -35.55159760, 107.09906006, 0.56085259, -0.25658619, 0.16636857, -0.76936948, 0.25860107, -0.32907388, -0.39524075, 0.00000000, 0.00000000, 0.00000000, 0.00000000
2, 1.6800, 168, -0.85238832, 0.17035539, 0.23926462, 183.96697998, 15.90270042, 31.24511337, -28.82198143, 31.30663490, 55.77316666, 3.90526867, -35.23930359, 107.38801575, 0.55568135, -0.26301965, 0.15295163, -0.77372134, 0.23008166, -0.30006734, -0.50598907, 0.00000000, 0.00000000, 0.00000000, 0.00000000
2, 1.6900, 169, -0.81724530, 0.13773434, 0.18296517, 129.36730957, 1.43698704, 24.63722992, -28.88044357, 32.18357086, 55.68547058, 4.98482180, -35.01305008, 107.71749878, 0.55136502, -0.26715720, 0.14375387, -0.77714777, 0.20455040, -0.25989452, -0.54125822, 0.00000000, 0.00000000, 0.00000000, 0.00000000
5, 1.7101, 171, 0.46121359, 0.98133361, 0.28940526, -12.15585804, -105.74374390, 21.49771118, -24.99269104, 80.15200043, -86.14440155, 15.29565907, -8.12528229, 58.78784180, 0.85671842, -0.15012318, -0.00397731, -0.49343774, 0.31263652, 0.12285396, -0.00414643, 0.00000000, 0.00000000, 0.00000000, 0.00000000
5, 1.7201, 172, 0.37617546, 0.97109056, 0.27630091, -15.98787880, -98.84426117, 16.34795952, -24.52499199, 80.35662079, -85.79362488, 15.62565994, -7.55579424, 59.51618576, 0.85375577, -0.15015440, -0.01065527, -0.49843878, 0.36323327, 0.12064200, -0.08071941, 0.00000000, 0.00000000, 0.00000000, 0.00000000
5, 1.7301, 173, 0.38206044, 0.95820928, 0.26636776, -18.84575844, -85.90921783, 10.41830826, -24.17421722, 80.53200531, -85.44285583, 15.89995289, -7.10726690, 60.19477844, 0.85091281, -0.15021470, -0.01611377, -0.50311363, 0.35537991, 0.11520486, -0.08590361, 0.00000000, 0.00000000, 0.00000000, 0.00000000
2, 1.7000, 170, -0.79162735, 0.16333164, 0.12427446, 77.99270630, -13.88726139, 15.64247608, -28.79274940, 31.36509705, 55.83162689, 2.88478780, -40.69565201, 109.09251404, 0.53654820, -0.29684570, 0.18240352, -0.76858813, 0.15591799, -0.20389044, -0.50210911, 0.00000000, 0.00000000, 0.00000000, 0.00000000
5, 1.7401, 174, 0.40486687, 0.94462633, 0.25029033, -20.17102432, -73.03487396, 5.39658689, -23.67728615, 79.85968781, -85.41362000, 16.12357140, -6.76717901, 60.80968857, 0.84826982, -0.15031825, -0.02045272, -0.50737005, 0.33162323, 0.11515934, -0.08046204, 0.00000000, 0.00000000, 0.00000000, 0.00000000
5, 1.7501, 175, 0.40500408, 0.91289532, 0.24310094, -20.72399139, -60.70286179, 0.75520730, -23.38497543, 79.36275482, -85.61824036, 17.56044769, -9.92962933, 61.69861603, 0.83850068, -0.17441475, -0.00455082, -0.51621258, 0.29867926, 0.09308553, -0.09455202, 0.00000000, 0.00000000, 0.00000000, 0.00000000
2, 1.7100, 171, -0.77956820, 0.22333200, 0.06556438, 36.61494064, -25.70846176, 7.75223446, -28.38351250, 31.89126015, 56.38702011, 2.91136169, -40.65682602, 109.52713776, 0.53363478, -0.29740143, 0.18091196, -0.77075106, 0.07277007, -0.12291531, -0.39690182, 0.00000000, 0.00000000, 0.00000000, 0.00000000
5, 1.7601, 176, 0.40293187, 0.88050556, 0.25176051, -20.89026451, -47.89087296, -3.42397642, -23.38497543, 79.36275482, -85.61824036, 17.65993118, -9.79621506, 62.17834854, 0.83635718, -0.17454147, -0.00672165, -0.51961219, 0.24311374, 0.05025160, -0.09754229, 0.00000000, 0.00000000, 0.00000000, 0.00000000
2, 1.7200, 172, -0.77893519, 0.29010618, -0.00039474, 7.81496620, -33.77448654, 1.74562621, -28.64659500, 32.09587860, 56.73779678, 2.62706399, -40.68468857, 109.98300171, 0.53124964, -0.29698715, 0.18177667, -0.77235341, 0.05844026, -0.06041840, -0.32629848, 0.00000000, 0.00000000, 0.00000000, 0.00000000
5, 1.7701, 177, 0.36739337, 0.86313510, 0.25317389, -20.50875092, -36.10111237, -6.89840317, -23.50189972, 80.35662079, -85.29669952, 17.71986008, -9.74482155, 62.58171082, 0.83449954, -0.17472884, -0.00798965, -0.52250981, 0.25656983, 0.03707892, -0.13316457, 0.00000000, 0.00000000, 0.00000000, 0.00000000
5, 1.7801, 178, 0.32361388, 0.85477638, 0.25776944, -17.88728523, -25.68807411, -10.25889683, -23.94036865, 80.21046448, -85.32592773, 17.76276779, -9.76259422, 62.90062714, 0.83295310, -0.17509578, -0.00854110, -0.52484059, 0.28096169, 0.02751110, -0.16956899, 0.00000000, 0.00000000, 0.00000000, 0.00000000
2, 1.7300, 173, -0.78140193, 0.31669709, -0.03635000, -10.15324402, -37.45773315, -1.12770605, -28.64659500, 32.09587860, 56.73779678, 2.16067553, -40.74196625, 110.43717194, 0.52928519, -0.29593605, 0.18401867, -0.77357370, 0.05464081, -0.02152657, -0.29653221, 0.00000000, 0.00000000, 0.00000000, 0.00000000
5, 1.7901, 179, 0.34475347, 0.84958172, 0.24587284, -14.67673206, -17.14536858, -14.58282661, -23.67728615, 79.12890625, -85.03361511, 17.80662918, -9.84803867, 63.14421082, 0.83165467, -0.17577147, -0.00848436, -0.52667159, 0.25781810, 0.03298891, -0.15970814, 0.00000000, 0.00000000, 0.00000000, 0.00000000
2, 1.7400, 174, -0.80294085, 0.34522021, -0.05449979, -23.96182060, -37.73802567, -3.70865989, -28.61736298, 33.00204468, 57.11780167, 1.58015025, -40.82114410, 110.85769653, 0.52779472, -0.29446995, 0.18722802, -0.77438098, 0.06917708, 0.00145187, -0.26249635, 0.00000000, 0.00000000, 0.00000000, 0.00000000
5, 1.8001, 180, 0.38654840, 0.84858382, 0.25500941, -10.85789299, -13.17523003, -18.28739357, -23.99883080, 80.26892853, -84.50745392, 18.52627373, -12.83515930, 63.51695633, 0.82445788, -0.19407378, 0.00960572, -0.53151888, 0.22151133, 0.02248734, -0.12006047, 0.00000000, 0.00000000, 0.00000000, 0.00000000
5, 1.8101, 181, 0.36620477, 0.85238159, 0.26474962, -7.06357479, -12.53530312, -19.65242004, -23.99883080, 80.26892853, -84.50745392, 18.61900139, -12.96875572, 63.67875671, 0.82334054, -0.19533873, 0.00988298, -0.53278083, 0.20224060, 0.01035998, -0.11987066, 0.00000000, 0.00000000, 0.00000000, 0.00000000
5, 1.8201, 182, 0.34192419, 0.86812603, 0.26161817, -5.20031548, -10.82028198, -20.05588913, -23.70651817, 79.88892365, -84.91668701, 18.72008896, -13.10884571, 63.81503296, 0.82231307, -0.19669029, 0.01020911, -0.53386325, 0.22315335, 0.02114436, -0.13140237, 0.00000000, 0.00000000, 0.00000000, 0.00000000
2, 1.7500, 175, -0.83527839, 0.39201689, -0.08414771, -29.96403885, -33.97396088, -6.95529652, -28.14966393, 32.00818253, 57.46857452, 1.92496586, -43.16048050, 110.24754333, 0.52658057, -0.31063133, 0.19746798, -0.76630765, 0.08315326, 0.03205188, -0.20066974, 0.00000000, 0.00000000, 0.00000000, 0.00000000
5, 1.8301, 183, 0.35340738, 0.88734996, 0.25357804, -3.35448885, -7.75469351, -20.86509323, -24.37883568, 80.64893341, -84.71207428, 18.82514954, -13.26472759, 63.91721725, 0.82140827, -0.19813669, 0.01068815, -0.53471124, 0.22139263, 0.03790686, -0.11500836, 0.00000000, 0.00000000, 0.00000000, 0.00000000
2, 1.7600, 176, -0.87346739, 0.45693082, -0.11185424, -28.87491798, -26.42278481, -10.61825180, -28.47120667, 32.30049515, 57.55627060, 1.41347027, -43.29417038, 110.51013184, 0.52595067, -0.30962548, 0.20080206, -0.76628101, 0.08464477, 0.05275543, -0.10654789, 0.00000000, 0.00000000, 0.00000000, 0.00000000
2, 1.7700, 177, -0.89379984, 0.49791721, -0.11611127, -20.89758110, -14.62879086, -12.54023361, -28.47120667, 32.30049515, 57.55627060, 1.09748077, -43.43347931, 110.63423157, 0.52570844, -0.30931997, 0.20322677, -0.76593131, 0.09504376, 0.05861223, -0.06070161, 0.00000000, 0.00000000, 0.00000000, 0.00000000
2, 1.7800, 178, -0.90972745, 0.51962841, -0.11777498, -9.45687580, -1.62432659, -12.92978096, -28.29582024, 32.35895920, 57.79011917, 1.01792932, -43.56343460, 110.61346436, 0.52581495, -0.30978197, 0.20441706, -0.76535451, 0.10488395, 0.06060430, -0.03475871, 0.00000000, 0.00000000, 0.00000000, 0.00000000
2, 1.7900, 179, -0.89369237, 0.52157146, -0.10992202, 3.00054002, 9.40087128, -13.12640190, -28.32505035, 32.76819611, 57.64396286, 1.16199839, -43.68447495, 110.47609711, 0.52611047, -0.31100196, 0.20438898, -0.76466376, 0.08729982, 0.05187482, -0.03500676, 0.00000000, 0.00000000, 0.00000000, 0.00000000
2, 1.8000, 180, -0.87948912, 0.51691151, -0.11041121, 14.28085518, 18.95897484, -11.92941856, -28.35428238, 32.65127182, 57.70242691, 2.23109961, -44.58418274, 109.57147980, 0.52740473, -0.32024032, 0.20397565, -0.76005554, 0.07036343, 0.04718052, -0.03833766, 0.00000000, 0.00000000, 0.00000000, 0.00000000
5, 1.8401, 184, 0.38109371, 0.88961411, 0.23536848, -1.86296642, -6.24517775, -21.54914284, -24.43729782, 80.21046448, -85.23823547, 18.93808746, -13.42942238, 63.99831390, 0.82056987, -0.19967613, 0.01122904, -0.53541440, 0.19399168, 0.05203777, -0.09798528, 0.00000000, 0.00000000, 0.00000000, 0.00000000
5, 1.8501, 185, 0.39278865, 0.88642049, 0.21224387, -0.50278652, -6.93265676, -21.44263649, -24.84653664, 79.80122375, -84.97515106, 20.20459747, -15.51032352, 64.02143097, 0.81462073, -0.21779494, 0.02051988, -0.53715688, 0.16265953, 0.06265417, -0.09438391, 0.00000000, 0.00000000, 0.00000000, 0.00000000
5, 1.8601, 186, 0.40100199, 0.87221539, 0.20276281, 1.64689171, -8.23639107, -21.50107765, -24.84653664, 79.80122375, -84.97515106, 20.35266304, -15.65871143, 64.08619690, 0.81376815, -0.21950217, 0.02078899, -0.53774345, 0.11729027, 0.04781425, -0.08626424, 0.00000000, 0.00000000, 0.00000000, 0.00000000
2, 1.8100, 181, -0.82958049, 0.50179166, -0.11628917, 22.54685783, 26.19855690, -11.44384384, -28.23735809, 32.30049515, 57.38088226, 2.72766304, -44.66645813, 109.25269318, 0.52795625, -0.32250088, 0.20196635, -0.75925297, 0.01551331, 0.04218693, -0.05330767, 0.00000000, 0.00000000, 0.00000000, 0.00000000
2, 1.8200, 182, -0.78950900, 0.46543264, -0.13525528, 28.58374405, 29.12929535, -14.88250351, -28.23735809, 32.30049515, 57.38088226, 3.31261492, -44.77727509, 108.90167236, 0.52839464, -0.32530457, 0.19961159, -0.75837409, -0.01848172, 0.05730334, -0.09337234, 0.00000000, 0.00000000, 0.00000000, 0.00000000
5, 1.8701, 187, 0.41789922, 0.84743583, 0.18958117, 3.89174223, -8.59766865, -21.60836983, -25.02192307, 78.25197601, -84.59514618, 20.52128410, -15.80056858, 64.13604736, 0.81295300, -0.22132315, 0.02094025, -0.53822386, 0.08273657, 0.04047750, -0.08857021, 0.00000000, 0.00000000, 0.00000000, 0.00000000
2, 1.8300, 183, -0.76501811, 0.42458016, -0.14204662, 29.55908775, 25.72224236, -18.84813309, -28.20812607, 32.15433884, 57.14703369, 3.87457085, -44.92988586, 108.58944702, 0.52852988, -0.32834601, 0.19751483, -0.75751770, -0.03662499, 0.06046288, -0.13532043, 0.00000000, 0.00000000, 0.00000000, 0.00000000
2, 1.8400, 184, -0.76144546, 0.39349949, -0.13945244, 26.78347206, 17.14614105, -22.93910599, -28.47120667, 31.48202324, 57.26395798, 4.32472849, -45.13379288, 108.37571716, 0.52820063, -0.33137333, 0.19613546, -0.75678712, -0.03649302, 0.05451923, -0.16394851, 0.00000000, 0.00000000, 0.00000000, 0.00000000
5, 1.8801, 188, 0.43500307, 0.84763765, 0.16419761, 5.38348866, -8.58509064, -22.32810211, -25.13884735, 77.98889160, -84.97515106, 20.70555115, -15.94476604, 64.17462921, 0.81215107, -0.22326171, 0.02105511, -0.53862947, 0.05749959, 0.05795982, -0.08314528, 0.00000000, 0.00000000, 0.00000000, 0.00000000
2, 1.8500, 185, -0.76979005, 0.37371856, -0.13512200, 21.69207001, 7.32057333, -28.05101204, -28.29582024, 31.56971550, 56.59164047, 5.74168253, -46.83959579, 107.24669647, 0.52751994, -0.34686899, 0.19843417, -0.74968559, -0.03184845, 0.04474645, -0.17393011, 0.00000000, 0.00000000, 0.00000000, 0.00000000
5, 1.8901, 189, 0.44001848, 0.86808598, 0.14320333, 8.04468155, -9.78834152, -23.49480438, -25.40192986, 80.12277222, -84.33206940, 20.92243385, -16.08694267, 64.20188141, 0.81133640, -0.22541866, 0.02102233, -0.53895998, 0.05434118, 0.08415985, -0.07548265, 0.00000000, 0.00000000, 0.00000000, 0.00000000
2, 1.8600, 186, -0.80360508, 0.35357958, -0.13458307, 14.58662128, 0.82045823, -32.97967529, -28.47120667, 31.86202812, 56.97164536, 5.93570805, -47.16506195, 107.18653107, 0.52654582, -0.34971678, 0.19893809, -0.74891353, -0.01155202, 0.03465115, -0.16876812, 0.00000000, 0.00000000, 0.00000000, 0.00000000
2, 1.8700, 187, -0.82305831, 0.34418425, -0.12477441, 7.36609221, -1.49514091, -37.61311722, -28.47120667, 31.86202812, 56.97164536, 6.05662251, -47.53879547, 107.12480927, 0.52567613, -0.35252395, 0.20016366, -0.74788100, 0.00523812, 0.02444179, -0.17035578, 0.00000000, 0.00000000, 0.00000000, 0.00000000
5, 1.9001, 190, 0.42975271, 0.88478673, 0.13937642, 11.79618454, -9.83069134, -24.01677322, -25.19731140, 78.51505280, -85.12130737, 22.50399780, -17.07929039, 63.87087631, 0.80777830, -0.24079341, 0.02152677, -0.53763330, 0.06323442, 0.08925577, -0.07175821, 0.00000000, 0.00000000, 0.00000000, 0.00000000
2, 1.8800, 188, -0.85697627, 0.33622277, -0.12853192, -0.99892104, 0.55562848, -40.33014297, -28.82198143, 30.86816597, 56.91318130, 6.14576149, -47.93361664, 107.00123596, 0.52524430, -0.35520205, 0.20189384, -0.74645084, 0.03542000, 0.02823383, -0.16632473, 0.00000000, 0.00000000, 0.00000000, 0.00000000
5, 1.9101, 191, 0.41502798, 0.88016248, 0.14552952, 15.08110046, -6.63253355, -24.75350761, -25.19731140, 78.51505280, -85.12130737, 22.77431488, -17.22410202, 63.81818771, 0.80716777, -0.24330479, 0.02142955, -0.53742313, 0.05943912, 0.06342956, -0.07168195, 0.00000000, 0.00000000, 0.00000000, 0.00000000
2, 1.8900, 189, -0.86603475, 0.35495076, -0.13390556, -6.39584494, 6.47598076, -41.47807312, -28.70505714, 29.43583679, 57.23472595, 6.27277470, -48.32720184, 106.77166748, 0.52537328, -0.35784829, 0.20370787, -0.74460101, 0.03607212, 0.03132917, -0.14060435, 0.00000000, 0.00000000, 0.00000000, 0.00000000
5, 1.9201, 192, 0.40362927, 0.87072825, 0.14853910, 17.32066345, 1.81452429, -26.87659645, -25.40192986, 80.15200043, -84.88745880, 23.04015541, -17.41260910, 63.68787003, 0.80683446, -0.24595231, 0.02184130, -0.53670162, 0.05933081, 0.05145035, -0.08151263, 0.00000000, 0.00000000, 0.00000000, 0.00000000
5, 1.9301, 193, 0.39624488, 0.87533605, 0.15321065, 18.71349144, 6.56445646, -29.83064842, -25.86962891, 80.09353638, -85.50131226, 23.31370354, -17.63999557, 63.51287079, 0.80660355, -0.24880496, 0.02260391, -0.53570151, 0.06548367, 0.04693722, -0.08047490, 0.00000000, 0.00000000, 0.00000000, 0.00000000
5, 1.9401, 194, 0.39670393, 0.87981832, 0.15894729, 19.68667984, 10.59294987, -33.35739136, -25.72347260, 80.50277710, -85.03361511, 23.59752274, -17.90943527, 63.30130768, 0.80642056, -0.25189227, 0.02371477, -0.53448462, 0.06652057, 0.04148151, -0.07264517, 0.00000000, 0.00000000, 0.00000000, 0.00000000
2, 1.9000, 190, -0.86846089, 0.35590747, -0.13139573, -9.85948467, 13.05272388, -42.72649002, -29.46506882, 30.48816109, 56.79625702, 7.14905357, -50.06356049, 105.81192780, 0.52437043, -0.37091520, 0.20963866, -0.73723078, 0.02996048, 0.02597529, -0.12947781, 0.00000000, 0.00000000, 0.00000000, 0.00000000
2, 1.9100, 191, -0.87222397, 0.36111766, -0.13057292, -14.38488102, 20.10122299, -45.40853882, -29.40660667, 28.99736977, 55.91932297, 7.43139935, -50.46242523, 105.31981659, 0.52556115, -0.37375224, 0.21140158, -0.73444134, 0.01675436, 0.01836093, -0.10421319, 0.00000000, 0.00000000, 0.00000000, 0.00000000
5, 1.9501, 195, 0.40114099, 0.88843298, 0.16888338, 21.43149185, 12.51059055, -37.18963242, -26.27886581, 80.32739258, -85.00438690, 24.48745346, -18.98731613, 62.99243164, 0.80359310, -0.26256135, 0.02816271, -0.53339148, 0.06586490, 0.03336637, -0.05575816, 0.00000000, 0.00000000, 0.00000000, 0.00000000
5, 1.9601, 196, 0.42350808, 0.88520944, 0.16382536, 23.44916153, 12.39872074, -41.26651001, -26.27886581, 80.32739258, -85.00438690, 24.84240341, -19.31574440, 62.73329926, 0.80326641, -0.26633769, 0.02951973, -0.53193617, 0.03264567, 0.02575342, -0.03190178, 0.00000000, 0.00000000, 0.00000000, 0.00000000
2, 1.9200, 192, -0.85760051, 0.38181329, -0.13709512, -16.98333359, 25.08489799, -48.32793427, -29.40660667, 28.99736977, 55.91932297, 7.77811956, -50.87683487, 104.72711182, 0.52710462, -0.37677211, 0.21319146, -0.73126811, -0.00614510, 0.02028823, -0.08026977, 0.00000000, 0.00000000, 0.00000000, 0.00000000
2, 1.9300, 193, -0.83675015, 0.41148674, -0.16205382, -17.15035629, 29.04499435, -51.21570206, -29.69891739, 29.37737465, 55.77316666, 8.19668674, -51.30818558, 104.05368042, 0.52883029, -0.38005021, 0.21491665, -0.72781265, -0.03727040, 0.03918070, -0.04684685, 0.00000000, 0.00000000, 0.00000000, 0.00000000
5, 1.9701, 197, 0.43198857, 0.87449038, 0.15605260, 24.70115280, 11.02957344, -44.75020218, -26.24963379, 79.62583923, -85.26746368, 25.23239899, -19.66398239, 62.47276306, 0.80279440, -0.27042586, 0.03087821, -0.53050703, 0.01138907, 0.02040518, -0.02905738, 0.00000000, 0.00000000, 0.00000000, 0.00000000
5, 1.9801, 198, 0.42097759, 0.86965883, 0.15253070, 26.11330414, 8.38605404, -47.31988525, -27.18503380, 80.35662079, -85.09207916, 25.65929985, -20.01887703, 62.21855164, 0.80216104, -0.27478531, 0.03211610, -0.52914947, 0.00773215, 0.01491562, -0.03661541, 0.00000000, 0.00000000, 0.00000000, 0.00000000
2, 1.9400, 194, -0.83820879, 0.44824439, -0.17311639, -15.00704575, 29.74620438, -55.91452789, -29.81584358, 28.23735809, 56.21163177, 8.66795731, -51.78096771, 103.34665680, 0.53041911, -0.38372940, 0.21667972, -0.72419423, -0.04791304, 0.04310956, -0.00282818, 0.00000000, 0.00000000, 0.00000000, 0.00000000
2, 1.9500, 195, -0.85480696, 0.48694357, -0.19876541, -12.47324562, 27.65625572, -60.07368851, -29.87430573, 28.32505035, 55.59777832, 10.24820518, -51.41651917, 101.51076508, 0.53772873, -0.38551563, 0.21101022, -0.71951395, -0.04234662, 0.05788453, 0.04540081, 0.00000000, 0.00000000, 0.00000000, 0.00000000
5, 1.9901, 199, 0.40389222, 0.87403905, 0.15978108, 27.66367149, 7.75900936, -48.94944382, -27.41888237, 80.56124115, -86.14440155, 26.11264610, -20.37866783, 61.95398331, 0.80146825, -0.27932984, 0.03330984, -0.52774423, 0.01869120, 0.00631959, -0.04000288, 0.00000000, 0.00000000, 0.00000000, 0.00000000
5, 2.0001, 200, 0.39303225, 0.88663650, 0.15939815, 29.44842529, 10.05149651, -49.49588013, -27.82811928, 80.18123627, -85.93978119, 26.88824272, -21.22344398, 61.62032700, 0.79911804, -0.28800657, 0.03678155, -0.52641213, 0.02509635, 0.00782033, -0.03596877, 0.00000000, 0.00000000, 0.00000000, 0.00000000
2, 1.9600, 196, -0.88094747, 0.50153780, -0.21244673, -9.25307655, 24.73113632, -62.57225037, -29.69891739, 27.94504547, 55.13007736, 10.74003506, -51.95248413, 100.84024048, 0.53867847, -0.38970530, 0.21300322, -0.71595043, -0.01826218, 0.05611039, 0.06639840, 0.00000000, 0.00000000, 0.00000000, 0.00000000
