SensorId, TimeStamp (s), FrameNumber, AccX (g), AccY (g), AccZ (g), GyroX (deg/s), GyroY (deg/s), GyroZ (deg/s), MagX (uT), MagY (uT), MagZ (uT), EulerX (deg), EulerY (deg), EulerZ (deg), QuatW, QuatX, QuatY, QuatZ, LinAccX (g), LinAccY (g), LinAccZ (g), Pressure (kPa), Altitude (m), Temperature (degC), HeaveMotion (m)
5, -0.0002, 0, 0.95739204, 0.39362964, 0.34538168, 1.30793118, 8.20145130, -1.03758442, -6.31394339, 68.83952332, -73.34112549, 3.44467139, 10.03406334, 5.54608297, 0.99467993, -0.02567669, -0.08875850, -0.04554731, -0.10054325, 0.01804035, 0.07030471, 0.00000000, 0.00000000, 0.00000000, 0.00000000
5, 0.0098, 1, 0.93798339, 0.38986859, 0.34166569, 1.17973018, 7.55338478, 1.26204479, -6.46009922, 69.54106903, -72.96112061, 3.40095401, 9.98752594, 5.49390316, 0.99474514, -0.02535805, -0.08832571, -0.04514191, -0.09205167, 0.01822278, 0.05232700, 0.00000000, 0.00000000, 0.00000000, 0.00000000
5, 0.0198, 2, 0.94451714, 0.37082732, 0.33531392, 0.78211880, 8.46669197, 2.98890567, -6.72318029, 69.27798462, -71.93802643, 3.33890581, 9.94571781, 5.43178606, 0.99481416, -0.02488542, -0.08792493, -0.04466256, -0.10980208, 0.00874421, 0.04520371, 0.00000000, 0.00000000, 0.00000000, 0.00000000
5, 0.0298, 3, 0.95379698, 0.36057305, 0.34103340, 0.50188422, 6.95084476, 4.37595558, -6.46009922, 69.62876129, -72.93189240, 3.27487373, 9.92425251, 5.37241983, 0.99486697, -0.02438427, -0.08770104, -0.04420239, -0.11828808, -0.00168999, 0.05029226, 0.00000000, 0.00000000, 0.00000000, 0.00000000
5, 0.0398, 4, 0.94930702, 0.35635033, 0.34272620, 0.45772803, 5.03591967, 5.78554058, -6.46009922, 69.62876129, -72.93189240, 3.14843988, 10.98007965, 5.26433897, 0.99410808, -0.02292499, -0.09679149, -0.04307041, -0.11188243, -0.00459624, 0.04676379, 0.00000000, 0.00000000, 0.00000000, 0.00000000
2, 0.0002, 0, 0.23229936, 1.00133848, -0.21223804, -3.93313932, 9.93247128, 2.92907786, -6.98626137, 59.80707169, 42.47296143, 20.95089531, 25.90785789, 1.58030832, 0.95877874, -0.17413038, -0.22285372, 0.02753752, -0.09969361, 0.04319255, -0.01500277, 0.00000000, 0.00000000, 0.00000000, 0.00000000
5, 0.0498, 5, 0.92322803, 0.35824198, 0.34351787, 0.90344620, 3.86589527, 7.53964043, -6.48933077, 69.86260986, -72.96112061, 3.08230209, 11.00265694, 5.20137167, 0.99412608, -0.02239499, -0.09695016, -0.04257387, -0.07889351, -0.00160737, 0.03140184, 0.00000000, 0.00000000, 0.00000000, 0.00000000
5, 0.0598, 6, 0.91050398, 0.35240972, 0.33548659, 1.68275166, 4.40102768, 8.75177574, -6.66471767, 67.72873688, -72.58111572, 3.00940275, 11.02966022, 5.12394285, 0.99414635, -0.02181696, -0.09714253, -0.04195663, -0.07700107, 0.00033546, 0.01536734, 0.00000000, 0.00000000, 0.00000000, 0.00000000
2, 0.0102, 1, 0.22955284, 1.00228024, -0.21288012, -3.22191453, 9.81470585, 5.69895315, -6.69394922, 60.30400467, 42.47296143, 20.91250801, 25.98567390, 1.48184586, 0.95866466, -0.17396453, -0.22336386, 0.02840876, -0.09631549, 0.04481246, -0.01307643, 0.00000000, 0.00000000, 0.00000000, 0.00000000
5, 0.0698, 7, 0.91790330, 0.35797191, 0.32512400, 2.73819971, 4.17107344, 10.01226330, -6.37240553, 69.86260986, -72.61034393, 2.93523097, 11.06713676, 5.03351927, 0.99416208, -0.02123501, -0.09742370, -0.04122528, -0.08465310, 0.01256074, 0.01786687, 0.00000000, 0.00000000, 0.00000000, 0.00000000
2, 0.0202, 2, 0.22418438, 1.00081956, -0.21136717, -1.97276676, 9.59982586, 8.74152756, -6.37240553, 60.24554062, 42.56065369, 21.40347672, 26.89289474, 1.64572155, 0.95619327, -0.17730598, -0.23106202, 0.02945217, -0.08622995, 0.04244865, -0.00973333, 0.00000000, 0.00000000, 0.00000000, 0.00000000
5, 0.0798, 8, 0.92243403, 0.36342666, 0.32278726, 3.87305522, 1.75114012, 11.11438465, -6.48933077, 68.72259521, -72.11341858, 2.87358689, 11.13024139, 4.94092178, 0.99415386, -0.02075395, -0.09793212, -0.04045830, -0.08557026, 0.01938804, 0.02248336, 0.00000000, 0.00000000, 0.00000000, 0.00000000
2, 0.0302, 3, 0.22673330, 1.00999737, -0.20795934, -0.24166726, 9.02003384, 11.70469666, -6.37240553, 60.24554062, 42.56065369, 21.40735054, 27.02473259, 1.58077478, 0.95590985, -0.17740427, -0.23205903, 0.03021332, -0.08052242, 0.03704213, 0.00585716, 0.00000000, 0.00000000, 0.00000000, 0.00000000
5, 0.0898, 9, 0.91461802, 0.36315241, 0.32560191, 4.97119570, -0.61272663, 12.04304981, -6.48933077, 68.72259521, -72.11341858, 3.01140046, 11.92135048, 4.90405893, 0.99345642, -0.02166910, -0.10483301, -0.03981072, -0.07443624, 0.01751908, 0.01899365, 0.00000000, 0.00000000, 0.00000000, 0.00000000
2, 0.0402, 4, 0.22191913, 1.00888968, -0.20565474, 1.39712214, 7.79243231, 14.36410713, -6.05086231, 59.36860657, 41.97602844, 21.43531227, 27.17807961, 1.54093063, 0.95555115, -0.17764273, -0.23326728, 0.03084838, -0.07346833, 0.03474111, 0.00794481, 0.00000000, 0.00000000, 0.00000000, 0.00000000
5, 0.0998, 10, 0.90897447, 0.37021855, 0.33238178, 6.30822182, -2.23338199, 12.56575966, -6.13855600, 69.42414093, -73.04881287, 2.97445226, 12.02473927, 4.80544329, 0.99340421, -0.02139893, -0.10569786, -0.03896233, -0.05276393, 0.01696157, 0.02379702, 0.00000000, 0.00000000, 0.00000000, 0.00000000
5, 0.1098, 11, 0.91197878, 0.36892682, 0.33429018, 7.46021223, -3.24730015, 13.14034176, -7.10318613, 69.36568451, -72.87342834, 2.94539785, 12.13986397, 4.70024395, 0.99334049, -0.02120041, -0.10666634, -0.03804713, -0.05247433, 0.01530159, 0.02679109, 0.00000000, 0.00000000, 0.00000000, 0.00000000
2, 0.0502, 5, 0.21494630, 1.01873910, -0.20280743, 3.10387850, 6.49299288, 16.32283974, -6.51856184, 60.42092896, 42.67757797, 21.48723030, 27.34589005, 1.52553070, 0.95513082, -0.17802401, -0.23462655, 0.03135225, -0.06773655, 0.03331319, 0.02130638, 0.00000000, 0.00000000, 0.00000000, 0.00000000
5, 0.1198, 12, 0.90768939, 0.36913279, 0.33886436, 8.37754059, -3.88913774, 14.09482861, -6.37240553, 69.95030975, -73.25343323, 2.91826916, 12.26644993, 4.58647346, 0.99326658, -0.02102420, -0.10773352, -0.03705350, -0.04480436, 0.01300392, 0.02655744, 0.00000000, 0.00000000, 0.00000000, 0.00000000
2, 0.0602, 6, 0.20830253, 1.02807915, -0.20730573, 7.24765301, 6.98149824, 18.25889206, -5.96316862, 60.33323669, 41.91756821, 21.58746719, 27.52846718, 1.52461159, 0.95460725, -0.17877030, -0.23611695, 0.03185990, -0.06155531, 0.03856182, 0.03333534, 0.00000000, 0.00000000, 0.00000000, 0.00000000
5, 0.1298, 13, 0.90213752, 0.37250987, 0.34247279, 9.29188347, -4.33410501, 14.82620525, -6.16778708, 69.36568451, -73.42881775, 2.89336252, 12.40152836, 4.46428680, 0.99318486, -0.02087434, -0.10887379, -0.03598329, -0.03515828, 0.01370490, 0.02633789, 0.00000000, 0.00000000, 0.00000000, 0.00000000
2, 0.0702, 7, 0.19740909, 0.99146742, -0.17588332, 7.47952938, 4.75538063, 19.05160332, -6.08009338, 60.18708038, 41.97602844, 21.52861023, 27.87427902, 1.40548658, 0.95396250, -0.17835516, -0.23882446, 0.03328699, -0.03739798, 0.00153226, 0.00952049, 0.00000000, 0.00000000, 0.00000000, 0.00000000
5, 0.1398, 14, 0.90947634, 0.38023391, 0.34788650, 9.71431255, -5.28740072, 15.51667500, -6.16778708, 69.36568451, -73.42881775, 3.08696818, 12.78673649, 4.44091034, 0.99279052, -0.02243521, -0.11226700, -0.03549248, -0.03006319, 0.01563190, 0.03871641, 0.00000000, 0.00000000, 0.00000000, 0.00000000
2, 0.0802, 8, 0.15849747, 0.99500167, -0.15985884, 7.11652851, 2.62388802, 18.90806007, -6.08009338, 60.18708038, 41.97602844, 21.63567924, 28.05468750, 1.45152771, 0.95343876, -0.17906004, -0.24036473, 0.03341833, 0.00198561, -0.01256608, 0.03024141, 0.00000000, 0.00000000, 0.00000000, 0.00000000
5, 0.1498, 15, 0.89875591, 0.37551731, 0.34230053, 9.90872765, -6.50381994, 16.20377731, -6.57702398, 68.37181854, -73.80883026, 3.06758237, 12.94770813, 4.31811428, 0.99267602, -0.02233076, -0.11363132, -0.03440431, -0.02239634, 0.01329164, 0.02729723, 0.00000000, 0.00000000, 0.00000000, 0.00000000
5, 0.1598, 16, 0.87218380, 0.36565068, 0.34644499, 8.85115814, -7.31142235, 16.09283257, -6.51856184, 68.98567963, -73.72113037, 3.04782891, 13.11343956, 4.20764208, 0.99255013, -0.02221208, -0.11503929, -0.03342268, -0.00379004, 0.00346141, 0.00631813, 0.00000000, 0.00000000, 0.00000000, 0.00000000
2, 0.0902, 9, 0.13311669, 0.99209088, -0.14331816, 9.03854942, 2.95552373, 20.28945541, -5.99239969, 59.51476288, 42.58988571, 21.76625824, 28.24674416, 1.50488269, 0.95285356, -0.17993656, -0.24200569, 0.03356054, 0.02891468, -0.03050747, 0.04048076, 0.00000000, 0.00000000, 0.00000000, 0.00000000
5, 0.1698, 17, 0.88094306, 0.36176008, 0.35022682, 7.69029045, -8.68211365, 14.72543049, -5.40777540, 68.98567963, -73.75036621, 3.03903699, 13.27963924, 4.11936426, 0.99241209, -0.02216836, -0.11645879, -0.03262269, -0.00668063, -0.00169527, 0.01361832, 0.00000000, 0.00000000, 0.00000000, 0.00000000
2, 0.1002, 10, 0.11280562, 0.95799106, -0.13007185, 11.02858257, 3.07592607, 21.03843117, -5.64162540, 60.71324158, 42.32680511, 21.92049980, 28.44374084, 1.56655943, 0.95221972, -0.18098630, -0.24369296, 0.03369605, 0.06157321, -0.05038724, 0.01971880, 0.00000000, 0.00000000, 0.00000000, 0.00000000
2, 0.1102, 11, 0.10517481, 0.93146062, -0.13767259, 11.22390366, 2.66305590, 20.90911865, -4.99853849, 60.62554932, 42.29757309, 22.07792664, 28.63824654, 1.63363588, 0.95158374, -0.18204851, -0.24536635, 0.03379437, 0.08086450, -0.04862835, -0.00117395, 0.00000000, 0.00000000, 0.00000000, 0.00000000
5, 0.1798, 18, 0.87902325, 0.37313771, 0.34893981, 6.33515120, -11.67039776, 13.19926167, -5.61239386, 68.13796997, -73.69190216, 3.05084324, 13.45712757, 4.06355906, 0.99224699, -0.02226800, -0.11798797, -0.03208008, 0.00219466, 0.00782067, 0.01725163, 0.00000000, 0.00000000, 0.00000000, 0.00000000
2, 0.1202, 12, 0.10990357, 0.91403461, -0.15772799, 11.93261623, 1.74744427, 19.87699318, -5.52470016, 60.85939789, 41.82987213, 22.05333710, 28.13589668, 1.63948810, 0.95266789, -0.18209706, -0.24121471, 0.03286522, 0.08339988, -0.03306868, -0.02113178, 0.00000000, 0.00000000, 0.00000000, 0.00000000
5, 0.1898, 19, 0.84088093, 0.38490465, 0.35567695, 4.91259623, -15.05085850, 11.29655647, -5.61239386, 68.13796997, -73.69190216, 3.29427242, 13.09831238, 4.20620441, 0.99251533, -0.02435332, -0.11497959, -0.03316706, 0.03840610, 0.01108838, -0.00163258, 0.00000000, 0.00000000, 0.00000000, 0.00000000
2, 0.1302, 13, 0.11199792, 0.88707560, -0.17337491, 14.24418259, -0.21189816, 17.76663780, -5.52470016, 60.85939789, 41.82987213, 22.24327278, 28.29002380, 1.73908746, 0.95207548, -0.18338351, -0.24259830, 0.03269368, 0.08572502, -0.02342969, -0.05170836, 0.00000000, 0.00000000, 0.00000000, 0.00000000
5, 0.1998, 20, 0.81977171, 0.39589632, 0.35438484, 4.65232897, -14.60105991, 9.13735485, -5.81701231, 68.95644379, -74.01344299, 3.34224963, 13.26952171, 4.19865751, 0.99233741, -0.02471709, -0.11647424, -0.03300402, 0.05334023, 0.01689479, -0.01363371, 0.00000000, 0.00000000, 0.00000000, 0.00000000
5, 0.2098, 21, 0.81603861, 0.40572456, 0.35106850, 5.14975452, -13.55437088, 7.05283976, -5.46623802, 68.45951080, -73.77959442, 3.40063882, 13.41914177, 4.19264841, 0.99217635, -0.02517692, -0.11778495, -0.03284863, 0.06135638, 0.02565900, -0.01307078, 0.00000000, 0.00000000, 0.00000000, 0.00000000
2, 0.1402, 14, 0.09968427, 0.84871548, -0.18211290, 16.58632469, -2.79245949, 14.86214447, -5.02776957, 59.51476288, 41.82987213, 22.45884895, 28.40727425, 1.86666441, 0.95152253, -0.18483953, -0.24371454, 0.03228759, 0.11238717, -0.02327875, -0.08244102, 0.00000000, 0.00000000, 0.00000000, 0.00000000
5, 0.2198, 22, 0.81314558, 0.41815263, 0.34130102, 6.44306040, -13.72558689, 4.47348642, -5.37854433, 69.21952820, -74.04267883, 3.48401308, 13.55317974, 4.19074917, 0.99202240, -0.02585412, -0.11896854, -0.03270617, 0.06610881, 0.04026299, -0.01415920, 0.00000000, 0.00000000, 0.00000000, 0.00000000
2, 0.1502, 15, 0.08168957, 0.80904198, -0.19097155, 17.99325371, -5.22131300, 10.92086601, -4.88161373, 60.15784836, 41.85910416, 22.68742561, 28.47894287, 2.01425624, 0.95104492, -0.18638253, -0.24448377, 0.03167045, 0.14418779, -0.02359192, -0.11274104, 0.00000000, 0.00000000, 0.00000000, 0.00000000
5, 0.2298, 23, 0.78667885, 0.42090383, 0.32929352, 7.93394375, -14.19416142, 1.28864253, -5.49546909, 67.55334473, -74.13037109, 3.59921479, 13.66977406, 4.19601154, 0.99187511, -0.02680520, -0.12001157, -0.03259599, 0.08088955, 0.04839012, -0.03792703, 0.00000000, 0.00000000, 0.00000000, 0.00000000
2, 0.1602, 16, 0.06454556, 0.76535881, -0.19789506, 19.61167145, -7.74242973, 6.36450624, -5.11546326, 60.80093384, 41.91756821, 22.93008995, 28.49841118, 2.18139124, 0.95065361, -0.18802801, -0.24485184, 0.03083503, 0.17563392, -0.02675775, -0.14707613, 0.00000000, 0.00000000, 0.00000000, 0.00000000
5, 0.2398, 24, 0.74943429, 0.41944104, 0.31347188, 9.81928825, -13.77249622, -3.29961729, -5.49546909, 67.55334473, -74.13037109, 4.56841183, 12.83457947, 4.65010548, 0.99230796, -0.03504330, -0.11319482, -0.03583142, 0.09454612, 0.05165231, -0.07415218, 0.00000000, 0.00000000, 0.00000000, 0.00000000
5, 0.2498, 25, 0.73321480, 0.40710178, 0.28442657, 10.55520153, -12.62486362, -8.80235004, -5.93393755, 67.90412140, -74.45191193, 4.75545406, 12.87199211, 4.67834377, 0.99220467, -0.03662030, -0.11358600, -0.03587618, 0.07282045, 0.04748885, -0.10814442, 0.00000000, 0.00000000, 0.00000000, 0.00000000
2, 0.1702, 17, 0.02772848, 0.71721864, -0.18068355, 21.69337845, -9.21557999, 0.97658014, -5.14469433, 60.80093384, 41.21601868, 23.45596313, 26.54593468, 2.62804556, 0.95378828, -0.19262858, -0.22927515, 0.02480206, 0.21759397, -0.05734151, -0.17895132, 0.00000000, 0.00000000, 0.00000000, 0.00000000
2, 0.1802, 18, -0.01789000, 0.67750543, -0.17179640, 22.84894943, -10.15934753, -3.76593399, -5.14469433, 60.80093384, 41.21601868, 23.71245766, 26.45589638, 2.79867697, 0.95356369, -0.19447672, -0.22876143, 0.02373418, 0.24983315, -0.08362538, -0.20786403, 0.00000000, 0.00000000, 0.00000000, 0.00000000
5, 0.2598, 26, 0.71937764, 0.39277801, 0.25308651, 9.69074726, -13.11222649, -14.97214699, -5.67085648, 68.95644379, -74.39344788, 4.98188829, 12.86984253, 4.74511051, 0.99211156, -0.03851546, -0.11366053, -0.03623062, 0.05823816, 0.05322513, -0.14055717, 0.00000000, 0.00000000, 0.00000000, 0.00000000
2, 0.1902, 19, -0.03205661, 0.63656819, -0.17068470, 23.71796227, -9.28112984, -5.70496035, -4.94007587, 60.24554062, 41.50833130, 23.97323990, 26.34739304, 2.95692611, 0.95335776, -0.19639842, -0.22807789, 0.02274161, 0.27495170, -0.09507559, -0.24026701, 0.00000000, 0.00000000, 0.00000000, 0.00000000
5, 0.2698, 27, 0.70311201, 0.40735126, 0.24668591, 9.73804188, -14.43326378, -23.10128975, -4.94007587, 69.27798462, -74.68576050, 5.27020741, 12.82088566, 4.85684633, 0.99202281, -0.04092077, -0.11336765, -0.03693333, 0.07212819, 0.06402015, -0.14907865, 0.00000000, 0.00000000, 0.00000000, 0.00000000
5, 0.2798, 28, 0.71332985, 0.44175097, 0.24381016, 11.35576725, -17.70555687, -31.36703682, -5.81701231, 68.81028748, -75.29962158, 5.64063358, 12.73867893, 5.01214886, 0.99191308, -0.04400856, -0.11283493, -0.03794944, 0.07854818, 0.08635863, -0.12768489, 0.00000000, 0.00000000, 0.00000000, 0.00000000
2, 0.2002, 20, -0.03182121, 0.60908878, -0.17911763, 26.77977753, -10.35476780, -8.44215775, -5.34931278, 58.81321335, 41.47909927, 24.26311493, 26.20517540, 3.12746620, 0.95316029, -0.19856140, -0.22713569, 0.02163896, 0.28217670, -0.09539723, -0.26631436, 0.00000000, 0.00000000, 0.00000000, 0.00000000
2, 0.2102, 21, -0.03355681, 0.70187122, -0.20973822, 28.35110283, -14.25260735, -14.70955276, -5.17392588, 59.04706192, 40.80678177, 24.56215668, 25.99032021, 3.32263160, 0.95307761, -0.20080283, -0.22563919, 0.02020878, 0.25207964, -0.05556024, -0.18314931, 0.00000000, 0.00000000, 0.00000000, 0.00000000
5, 0.2898, 29, 0.70028371, 0.47658548, 0.25268295, 10.83421612, -21.44079208, -37.05778122, -5.81701231, 68.81028748, -75.29962158, 7.40577841, 11.52342987, 5.74955082, 0.99194670, -0.05915104, -0.10327847, -0.04332030, 0.10252818, 0.09447294, -0.11723276, 0.00000000, 0.00000000, 0.00000000, 0.00000000
2, 0.2202, 22, -0.01222152, 0.75961202, -0.22916782, 32.50188065, -20.03198624, -19.59376717, -5.46623802, 59.80707169, 40.68985748, 25.35925674, 23.83872414, 3.84354043, 0.95556116, -0.20788869, -0.20858681, 0.01329705, 0.20258465, -0.03590746, -0.14126757, 0.00000000, 0.00000000, 0.00000000, 0.00000000
5, 0.2998, 30, 0.70985711, 0.48884636, 0.27713192, 10.16675568, -22.99190903, -40.90694046, -5.55393171, 69.62876129, -75.09500122, 7.85779905, 11.40360737, 5.98053026, 0.99171740, -0.06291606, -0.10253928, -0.04498807, 0.09920481, 0.06309034, -0.09259658, 0.00000000, 0.00000000, 0.00000000, 0.00000000
2, 0.2302, 23, -0.02219138, 0.72203141, -0.23335494, 34.30361938, -25.47094154, -25.65459633, -5.46623802, 59.80707169, 40.68985748, 25.69951439, 23.47817802, 4.12582922, 0.95557481, -0.21046217, -0.20606956, 0.01085681, 0.19705789, -0.05286389, -0.18038374, 0.00000000, 0.00000000, 0.00000000, 0.00000000
5, 0.3098, 31, 0.71141249, 0.48717603, 0.30108845, 10.39285660, -23.28027725, -44.07138824, -5.90470600, 69.68722534, -75.09500122, 8.33232403, 11.26163387, 6.22405910, 0.99146843, -0.06687939, -0.10163954, -0.04676604, 0.10843189, 0.03839449, -0.07906964, 0.00000000, 0.00000000, 0.00000000, 0.00000000
2, 0.2402, 24, -0.02967698, 0.73313922, -0.21114448, 31.66555595, -28.24722099, -33.33151245, -5.87547493, 60.27477264, 40.36831284, 25.99638939, 23.03946114, 4.39890099, 0.95576990, -0.21275918, -0.20290312, 0.00824311, 0.19277897, -0.07886137, -0.16466075, 0.00000000, 0.00000000, 0.00000000, 0.00000000
2, 0.2502, 25, -0.03727368, 0.77017874, -0.16633779, 27.99492073, -29.54021645, -40.57783890, -6.08009338, 58.81321335, 39.78368759, 26.23847008, 22.53247643, 4.64580727, 0.95614523, -0.21470957, -0.19913512, 0.00559521, 0.17773592, -0.12260456, -0.12216640, 0.00000000, 0.00000000, 0.00000000, 0.00000000
5, 0.3198, 32, 0.69558382, 0.45534131, 0.30597740, 9.89528561, -21.08390427, -47.25502777, -6.34317446, 70.03800201, -75.56269836, 8.81085873, 11.07917404, 6.47117233, 0.99122560, -0.07090046, -0.10041004, -0.04860878, 0.10411952, 0.00271725, -0.10147952, 0.00000000, 0.00000000, 0.00000000, 0.00000000
2, 0.2602, 26, -0.03002575, 0.78724980, -0.14311887, 24.24225998, -29.33390427, -46.94921875, -6.57702398, 59.19321823, 39.69599533, 26.42594528, 21.97019005, 4.85449648, 0.95667624, -0.21632531, -0.19484544, 0.00304180, 0.15537998, -0.14750230, -0.10700674, 0.00000000, 0.00000000, 0.00000000, 0.00000000
5, 0.3298, 33, 0.73728681, 0.42573386, 0.30695447, 7.84286213, -16.82418442, -50.61506271, -6.54779291, 68.92721558, -75.67962646, 9.27380371, 10.83903217, 6.72171354, 0.99101251, -0.07482228, -0.09869441, -0.05054921, 0.05847124, -0.02854490, -0.08304174, 0.00000000, 0.00000000, 0.00000000, 0.00000000
2, 0.2702, 27, -0.02693937, 0.86450052, -0.15047443, 21.04744720, -26.74571037, -53.68304825, -6.57702398, 59.19321823, 39.69599533, 25.21746063, 20.61478043, 5.25081730, 0.96091604, -0.20654529, -0.18426834, -0.00496215, 0.11486784, -0.12778999, -0.04290097, 0.00000000, 0.00000000, 0.00000000, 0.00000000
2, 0.2802, 28, 0.00858290, 0.96793753, -0.17003208, 19.29103279, -23.83642960, -59.13526154, -7.30780458, 59.28091049, 40.42677689, 25.32918739, 19.96084976, 5.36111498, 0.96163106, -0.20778105, -0.17900829, -0.00698328, 0.02898009, -0.08260533, 0.02582228, 0.00000000, 0.00000000, 0.00000000, 0.00000000
2, 0.2902, 29, 0.03118265, 1.06922066, -0.22261982, 16.28115273, -21.01532745, -64.74977875, -7.65857935, 59.42706680, 40.04676819, 25.39898491, 19.26470757, 5.41570425, 0.96244705, -0.20878452, -0.17328924, -0.00869450, -0.03398752, -0.01796011, 0.10198423, 0.00000000, 0.00000000, 0.00000000, 0.00000000
2, 0.3002, 30, 0.06838174, 1.17879879, -0.25300166, 10.00253201, -17.45710754, -69.53388214, -8.18474102, 58.02396774, 39.84215164, 25.39555740, 18.54098320, 5.40088367, 0.96340054, -0.20929220, -0.16720191, -0.00999075, -0.11522423, 0.02701421, 0.18375070, 0.00000000, 0.00000000, 0.00000000, 0.00000000
5, 0.3398, 34, 0.80943269, 0.39707240, 0.34417608, 5.28375292, -16.40198517, -54.63848495, -6.89856768, 70.76878357, -75.44577789, 8.73471832, 10.62040234, 7.04369783, 0.99137497, -0.07001235, -0.09676264, -0.05395360, 0.01215157, -0.07821324, -0.02377352, 0.00000000, 0.00000000, 0.00000000, 0.00000000
2, 0.3102, 31, 0.07459107, 1.20303750, -0.26016498, 10.91221142, -16.12238503, -67.04615784, -8.36012840, 57.99473953, 39.78368759, 25.40582466, 17.84319687, 5.38383865, 0.96425915, -0.20989031, -0.16132247, -0.01119730, -0.14042836, 0.03612243, 0.19970319, 0.00000000, 0.00000000, 0.00000000, 0.00000000
5, 0.3498, 35, 0.83826399, 0.41091502, 0.36209303, 2.45902395, -20.22453308, -57.49780655, -6.89856768, 70.76878357, -75.44577789, 9.22919941, 10.34813881, 7.38182163, 0.99110508, -0.07417233, -0.09486102, -0.05666352, 0.00499332, -0.07472941, 0.01123928, 0.00000000, 0.00000000, 0.00000000, 0.00000000
2, 0.3202, 32, 0.04434968, 1.18216074, -0.25213242, 10.75459766, -14.15273190, -59.92536163, -8.36012840, 57.99473953, 39.78368759, 24.82078362, 17.57601547, 5.54962015, 0.96562600, -0.20491710, -0.15931596, -0.01392880, -0.11486460, 0.02564727, 0.18778746, 0.00000000, 0.00000000, 0.00000000, 0.00000000
2, 0.3302, 33, 0.05726914, 1.20223320, -0.25720289, 10.43399620, -9.57193947, -50.67473984, -9.00321579, 58.17012405, 39.57907104, 24.85424232, 17.05202484, 5.52421379, 0.96619368, -0.20559503, -0.15487213, -0.01467228, -0.13830133, 0.03957158, 0.19704151, 0.00000000, 0.00000000, 0.00000000, 0.00000000
2, 0.3402, 34, 0.07015318, 1.21071994, -0.29968202, 9.97275543, 0.72356939, -43.33022690, -9.64630222, 57.41011429, 40.04676819, 24.89845657, 16.62489700, 5.42074108, 0.96662182, -0.20639537, -0.15110081, -0.01455933, -0.15875804, 0.08121930, 0.19261159, 0.00000000, 0.00000000, 0.00000000, 0.00000000
2, 0.3502, 35, 0.12635751, 1.27158523, -0.39322388, 8.22719383, 12.63207531, -35.86547852, -9.76322746, 57.87781143, 39.43291473, 24.94234085, 16.30176163, 5.22063732, 0.96693277, -0.20724025, -0.14802687, -0.01343363, -0.23296504, 0.18165207, 0.21566100, 0.00000000, 0.00000000, 0.00000000, 0.00000000
5, 0.3598, 36, 0.83562607, 0.44285256, 0.38934103, -0.44952342, -22.40422058, -57.70551682, -7.07395506, 70.03800201, -75.41654205, 9.71938229, 10.08287144, 7.75182438, 0.99078351, -0.07827647, -0.09306425, -0.05966479, 0.03248710, -0.07648774, 0.03814846, 0.00000000, 0.00000000, 0.00000000, 0.00000000
5, 0.3698, 37, 0.82890290, 0.46937498, 0.39049584, -3.25885916, -20.21093369, -54.28752518, -7.80473518, 71.41186523, -75.88424683, 10.15782928, 9.82112694, 8.11327744, 0.99046743, -0.08194997, -0.09129058, -0.06264710, 0.04571395, -0.06493013, 0.04608636, 0.00000000, 0.00000000, 0.00000000, 0.00000000
5, 0.3798, 38, 0.83518428, 0.48527524, 0.38927138, -5.93434715, -16.80049133, -48.54630280, -8.06781673, 71.79187012, -75.56269836, 10.52398682, 9.57230377, 8.44924068, 0.99018109, -0.08502132, -0.08959203, -0.06546926, 0.04386287, -0.05879059, 0.05750098, 0.00000000, 0.00000000, 0.00000000, 0.00000000
5, 0.3898, 39, 0.85868102, 0.48559141, 0.39885879, -7.25274754, -13.91129780, -43.09767151, -7.77550411, 72.25957489, -75.03653717, 9.89385700, 9.06662464, 8.88122940, 0.99070454, -0.07960827, -0.08516362, -0.07010075, 0.02804584, -0.06647108, 0.07924728, 0.00000000, 0.00000000, 0.00000000, 0.00000000
5, 0.3998, 40, 0.89023459, 0.46661568, 0.38094479, -7.93384027, -12.50488758, -38.77911377, -7.77550411, 72.25957489, -75.03653717, 10.15972900, 8.85907269, 9.16816235, 0.99046683, -0.08184898, -0.08373903, -0.07255360, -0.01972824, -0.06243869, 0.08212642, 0.00000000, 0.00000000, 0.00000000, 0.00000000
2, 0.3602, 36, 0.24052334, 1.44201398, -0.48957676, 11.50278187, 20.47676086, -24.41298866, -10.08477020, 57.61473083, 39.28675842, 25.04113579, 16.10371399, 4.99025965, 0.96700001, -0.20849650, -0.14595331, -0.01174334, -0.39571348, 0.30174959, 0.32189256, 0.00000000, 0.00000000, 0.00000000, 0.00000000
2, 0.3702, 37, 0.30889365, 1.49214637, -0.50839013, 20.53588295, 23.99494171, -8.30217361, -10.08477020, 57.61473083, 39.28675842, 26.37300491, 18.40930176, 4.96075630, 0.96177429, -0.21823287, -0.16534294, -0.00513715, -0.46758664, 0.32237318, 0.34874660, 0.00000000, 0.00000000, 0.00000000, 0.00000000
2, 0.3802, 38, 0.34593710, 1.43052483, -0.50530517, 18.77640533, 27.89986038, 3.35041785, -9.85092068, 57.79011917, 39.66676331, 26.58127785, 18.49053192, 4.76476955, 0.96127909, -0.22020863, -0.16565482, -0.00302705, -0.45251465, 0.29795444, 0.29555690, 0.00000000, 0.00000000, 0.00000000, 0.00000000
5, 0.4098, 41, 0.91561997, 0.46453455, 0.37523124, -9.13624096, -12.31725407, -35.39432526, -8.50628471, 72.14264679, -75.85501099, 10.39558887, 8.67212677, 9.44806767, 0.99022818, -0.08382697, -0.08247933, -0.07495689, -0.04458054, -0.06462425, 0.09702034, 0.00000000, 0.00000000, 0.00000000, 0.00000000
5, 0.4198, 42, 0.94105548, 0.48240229, 0.37149194, -9.99733829, -12.34297371, -31.70349693, -8.65244102, 72.14264679, -75.88424683, 10.60287189, 8.51008892, 9.71877384, 0.98998940, -0.08555132, -0.08141864, -0.07728502, -0.05857971, -0.05233430, 0.12176691, 0.00000000, 0.00000000, 0.00000000, 0.00000000
5, 0.4298, 43, 0.96958870, 0.53582251, 0.35453558, -8.72478867, -13.26147079, -25.58992767, -8.41859055, 71.41186523, -76.00116730, 10.78420067, 8.39973164, 9.96069241, 0.98975033, -0.08703508, -0.08077259, -0.07934168, -0.06457166, -0.00391655, 0.15761203, 0.00000000, 0.00000000, 0.00000000, 0.00000000
5, 0.4398, 44, 0.99599737, 0.58109379, 0.32946712, -4.82710123, -12.89270782, -16.27182198, -8.65244102, 72.20111084, -76.05963135, 11.16499043, 8.94991207, 10.08839130, 0.98904788, -0.08977906, -0.08587960, -0.07967973, -0.07384064, 0.04317939, 0.18472674, 0.00000000, 0.00000000, 0.00000000, 0.00000000
5, 0.4498, 45, 1.06826043, 0.57531667, 0.26970467, -1.65201283, -11.25956249, -5.45971632, -8.65244102, 72.20111084, -76.05963135, 11.25281906, 8.98211765, 10.18791771, 0.98888981, -0.09043551, -0.08629678, -0.08044350, -0.15151842, 0.07272013, 0.20594165, 0.00000000, 0.00000000, 0.00000000, 0.00000000
5, 0.4598, 46, 1.18341327, 0.49420917, 0.24888749, -0.59739286, -10.64831448, 5.81070566, -8.62320995, 72.05495453, -75.35807800, 11.27354240, 9.09453583, 10.23231983, 0.98877418, -0.09048653, -0.08731514, -0.08070853, -0.27862853, 0.02349120, 0.24384445, 0.00000000, 0.00000000, 0.00000000, 0.00000000
5, 0.4698, 47, 1.25885117, 0.45755091, 0.20539047, 0.61922401, -9.57898045, 19.84157944, -8.97398376, 71.90879822, -75.44577789, 11.20819950, 9.30477905, 10.20678425, 0.98871368, -0.08976594, -0.08906064, -0.08034703, -0.36868176, 0.02428211, 0.26049051, 0.00000000, 0.00000000, 0.00000000, 0.00000000
2, 0.3902, 39, 0.41993687, 1.42310417, -0.53261620, 14.65952969, 37.57574463, 9.83568096, -9.85092068, 57.17626190, 39.31599045, 26.75870514, 18.66708183, 4.48528051, 0.96071291, -0.22198473, -0.16659391, -0.00006580, -0.51610994, 0.32136774, 0.26219848, 0.00000000, 0.00000000, 0.00000000, 0.00000000
5, 0.4798, 48, 1.31245434, 0.47977921, 0.15541680, 2.46024728, -9.48070145, 30.26603889, -8.00935364, 70.85647583, -76.08885956, 11.08764362, 9.59346294, 10.12611389, 0.98867965, -0.08854784, -0.09140100, -0.07948474, -0.41819382, 0.07535996, 0.28380278, 0.00000000, 0.00000000, 0.00000000, 0.00000000
5, 0.4898, 49, 1.40737391, 0.47562578, 0.12082144, 3.70629025, -11.77767754, 40.13272476, -8.33089733, 71.93802643, -75.62116241, 11.08660221, 13.34681702, 9.66261673, 0.98601294, -0.08586091, -0.12333591, -0.07207475, -0.48395446, 0.09715024, 0.33683759, 0.00000000, 0.00000000, 0.00000000, 0.00000000
2, 0.4002, 40, 0.51342958, 1.47219241, -0.51764578, 7.66637611, 46.17216873, 14.04966831, -9.58784008, 56.67933273, 38.84828949, 26.87063980, 18.91891479, 4.11619568, 0.96015972, -0.22329947, -0.16797954, 0.00370654, -0.61745906, 0.31271213, 0.28128994, 0.00000000, 0.00000000, 0.00000000, 0.00000000
2, 0.4102, 41, 0.59061635, 1.56183076, -0.46905917, 2.81432247, 43.91750717, 21.62570190, -9.76322746, 57.49780655, 38.46828461, 26.94192123, 19.24392891, 3.77859354, 0.95956981, -0.22419147, -0.17003183, 0.00730565, -0.71726012, 0.27816361, 0.34847072, 0.00000000, 0.00000000, 0.00000000, 0.00000000
5, 0.4998, 50, 1.50915658, 0.42821026, 0.08121601, 3.22939920, -23.15449524, 49.62964630, -8.33089733, 71.93802643, -75.62116241, 10.92132282, 13.86941147, 9.57829189, 0.98568869, -0.08410173, -0.12765744, -0.07105255, -0.54675263, 0.08933779, 0.37996900, 0.00000000, 0.00000000, 0.00000000, 0.00000000
2, 0.4202, 42, 0.61006945, 1.66226959, -0.45222473, 1.25867629, 37.79401779, 35.30766296, -9.76322746, 57.49780655, 38.46828461, 27.19209099, 22.95378876, 3.37922835, 0.95350766, -0.22457218, -0.20010547, 0.01866740, -0.74961841, 0.27890176, 0.44555795, 0.00000000, 0.00000000, 0.00000000, 0.00000000
5, 0.5098, 51, 1.52989709, 0.39999416, 0.04152907, 1.25424683, -41.19661713, 60.56414032, -7.39549828, 71.41186523, -75.85501099, 10.78457451, 14.58945274, 9.57026672, 0.98507011, -0.08234363, -0.13374659, -0.07048727, -0.58547235, 0.09641426, 0.36418825, 0.00000000, 0.00000000, 0.00000000, 0.00000000
2, 0.4302, 43, 0.61279160, 1.71881783, -0.44510764, 4.39428282, 31.77633858, 53.25726700, -8.62320995, 57.55627060, 38.61444092, 27.32168388, 23.54227257, 3.26898503, 0.95226318, -0.22545901, -0.20474590, 0.02102694, -0.72264051, 0.28586167, 0.51709759, 0.00000000, 0.00000000, 0.00000000, 0.00000000
2, 0.4402, 44, 0.68889046, 1.78646088, -0.48053223, 7.57392168, 27.50531769, 75.77112579, -8.56474686, 58.11166382, 38.40982056, 27.53188133, 24.32633591, 3.29235125, 0.95052075, -0.22663945, -0.21124223, 0.02284008, -0.80347484, 0.33114439, 0.55539900, 0.00000000, 0.00000000, 0.00000000, 0.00000000
2, 0.4502, 45, 0.70884043, 1.79172409, -0.56164974, 14.07927895, 26.16191483, 100.20616913, -7.71704149, 58.02396774, 37.82519531, 27.86536026, 25.32667542, 3.44300175, 0.94812834, -0.22842661, -0.21973360, 0.02431252, -0.80524552, 0.41111043, 0.54982179, 0.00000000, 0.00000000, 0.00000000, 0.00000000
5, 0.5198, 52, 1.51569319, 0.38975254, 0.05139622, -0.14480174, -59.06966019, 74.84280396, -6.63548660, 71.41186523, -75.85501099, 10.65772247, 15.53142738, 9.61940289, 0.98412490, -0.08041574, -0.14178047, -0.07021359, -0.56064904, 0.08510203, 0.35776192, 0.00000000, 0.00000000, 0.00000000, 0.00000000
2, 0.4602, 46, 0.74746972, 1.76090240, -0.65558654, 19.67548180, 31.31078339, 126.21311951, -7.01549244, 58.75474930, 38.11750793, 28.31647110, 26.57747650, 3.66674685, 0.94497710, -0.23079887, -0.23037806, 0.02600422, -0.80862182, 0.49754673, 0.50516170, 0.00000000, 0.00000000, 0.00000000, 0.00000000
5, 0.5298, 53, 1.53096569, 0.39018005, 0.06769505, 0.53125525, -73.59252930, 88.87695312, -6.02163124, 71.23648071, -76.14732361, 10.53270817, 16.67415810, 9.69090652, 0.98285854, -0.07829538, -0.15153949, -0.06996182, -0.54375905, 0.07783706, 0.38221148, 0.00000000, 0.00000000, 0.00000000, 0.00000000
5, 0.5398, 54, 1.57318032, 0.36167806, 0.07579963, 2.93747592, -81.26503754, 102.56163788, -5.52470016, 66.35486603, -76.55656433, 10.07898903, 20.75617027, 9.15029621, 0.97797817, -0.07181617, -0.18576697, -0.06238454, -0.54930162, 0.05627161, 0.41420615, 0.00000000, 0.00000000, 0.00000000, 0.00000000
2, 0.4702, 47, 0.79839450, 1.70665908, -0.66462511, 24.18894958, 43.17411804, 147.52198792, -7.01549244, 58.75474930, 38.11750793, 30.29677200, 30.47777557, 5.05153275, 0.93343467, -0.24070564, -0.26457539, 0.02757791, -0.80742687, 0.49405971, 0.45706254, 0.00000000, 0.00000000, 0.00000000, 0.00000000
5, 0.5498, 55, 1.63831282, 0.30150938, 0.09863108, 7.68154812, -87.00137329, 114.77298737, -5.52470016, 66.35486603, -76.55656433, 9.89271450, 22.18730354, 9.12572670, 0.97588074, -0.06909367, -0.19782016, -0.06123769, -0.55239439, 0.00563208, 0.46599475, 0.00000000, 0.00000000, 0.00000000, 0.00000000
5, 0.5598, 56, 1.67568719, 0.24824314, 0.10571451, 13.30950832, -92.24787903, 127.21259308, -4.47237635, 70.33031464, -76.70272064, 9.67139626, 23.75106049, 9.02894115, 0.97345388, -0.06609853, -0.21091074, -0.05945835, -0.57466954, -0.03460756, 0.48286206, 0.00000000, 0.00000000, 0.00000000, 0.00000000
2, 0.4802, 48, 0.85627502, 1.63854730, -0.65201765, 25.29785919, 59.90254593, 162.14361572, -6.02163124, 58.72551727, 37.59134674, 30.90946388, 32.13886261, 5.23337650, 0.92858297, -0.24361768, -0.27820531, 0.03140059, -0.78850436, 0.46354300, 0.41432732, 0.00000000, 0.00000000, 0.00000000, 0.00000000
2, 0.4902, 49, 0.88695532, 1.62360764, -0.64593756, 20.38681984, 74.21809387, 168.90182495, -4.15083313, 59.36860657, 36.56825638, 31.47004318, 33.91901779, 5.30374002, 0.92334116, -0.24612707, -0.29246563, 0.03642309, -0.78724867, 0.45618039, 0.40948954, 0.00000000, 0.00000000, 0.00000000, 0.00000000
5, 0.5698, 57, 1.63834262, 0.24517682, 0.10061351, 19.26192093, -94.52029419, 141.40148926, -3.30312777, 69.59953308, -77.28733826, 9.37581539, 25.43967056, 8.82661915, 0.97069728, -0.06259942, -0.22493127, -0.05686915, -0.52726430, -0.02755228, 0.46235421, 0.00000000, 0.00000000, 0.00000000, 0.00000000
2, 0.5002, 50, 0.88767797, 1.64192605, -0.64777660, 13.77796078, 86.00966644, 173.49885559, -2.77696586, 60.18708038, 36.50979233, 31.95114136, 35.79442596, 5.26899576, 0.91777825, -0.24805236, -0.30716789, 0.04243988, -0.76725841, 0.46401855, 0.44526950, 0.00000000, 0.00000000, 0.00000000, 0.00000000
5, 0.5798, 58, 1.61949039, 0.24153988, 0.04544612, 26.31761551, -93.31118774, 158.25315857, -1.52002335, 67.81642914, -78.51505280, 8.95363617, 27.24849319, 8.46782589, 0.96760952, -0.05831482, -0.23979434, -0.05319601, -0.51913089, 0.01324215, 0.43045074, 0.00000000, 0.00000000, 0.00000000, 0.00000000
2, 0.5102, 51, 0.89920324, 1.65962112, -0.67452461, 15.78207970, 93.28849792, 181.34054565, -2.77696586, 60.18708038, 36.50979233, 32.47027969, 37.76464844, 5.22083044, 0.91163194, -0.25010830, -0.32244575, 0.04901016, -0.75527960, 0.49781662, 0.47454578, 0.00000000, 0.00000000, 0.00000000, 0.00000000
5, 0.5898, 59, 1.61289096, 0.24794562, -0.03203890, 31.90743446, -95.10642242, 172.01988220, -0.61385560, 67.26103210, -79.09967804, 8.83102226, 30.87325478, 8.53493500, 0.95992494, -0.05425809, -0.27016881, -0.05107969, -0.51933146, 0.07705435, 0.40575778, 0.00000000, 0.00000000, 0.00000000, 0.00000000
2, 0.5202, 52, 0.89777243, 1.71594405, -0.69310361, 24.38450813, 96.29425049, 197.41500854, -0.49693072, 59.89476776, 36.12978745, 34.09331512, 40.18842697, 6.42505121, 0.90210283, -0.25646585, -0.34338257, 0.05024140, -0.74215674, 0.52763474, 0.55038404, 0.00000000, 0.00000000, 0.00000000, 0.00000000
5, 0.5998, 60, 1.63695085, 0.26971978, -0.07633550, 38.31788635, -106.26451111, 184.32615662, 1.81233561, 66.99795532, -79.77199554, 8.27568817, 32.96761703, 7.98600006, 0.95550454, -0.04931574, -0.28713569, -0.04617432, -0.50047207, 0.13031402, 0.43808079, 0.00000000, 0.00000000, 0.00000000, 0.00000000
2, 0.5302, 53, 0.83509439, 1.72066975, -0.68291426, 40.53512192, 96.26381683, 221.51686096, 1.43232965, 61.21017075, 35.92516708, 35.13705826, 42.48382568, 6.77532864, 0.89349425, -0.26043627, -0.36142829, 0.05666196, -0.65240109, 0.51606184, 0.61202455, 0.00000000, 0.00000000, 0.00000000, 0.00000000
5, 0.6098, 61, 1.67235684, 0.23103623, -0.05024698, 43.45920944, -122.90518951, 196.02719116, 1.81233561, 66.99795532, -79.77199554, 7.73207235, 35.26155090, 7.40292788, 0.95019436, -0.04461391, -0.30571041, -0.04100653, -0.49599564, 0.09491398, 0.48037082, 0.00000000, 0.00000000, 0.00000000, 0.00000000
2, 0.5402, 54, 0.76995265, 1.68167281, -0.63501775, 56.60013199, 98.35734558, 245.50485229, 3.47851491, 61.21017075, 35.57439423, 36.54856491, 44.96335602, 7.39503574, 0.88330728, -0.26571649, -0.38103166, 0.06307155, -0.54978812, 0.46598428, 0.63702977, 0.00000000, 0.00000000, 0.00000000, 0.00000000
5, 0.6198, 62, 1.65944231, 0.19708428, 0.02426630, 47.98151398, -140.22329712, 205.96734619, 3.04004669, 65.62408447, -80.44431305, 7.21216393, 37.74674988, 6.79727840, 0.94390756, -0.04027155, -0.32579759, -0.03567448, -0.42733946, 0.03153361, 0.51814485, 0.00000000, 0.00000000, 0.00000000, 0.00000000
2, 0.5502, 55, 0.72627008, 1.63861907, -0.57683545, 69.62680054, 102.54420471, 265.67025757, 6.46009922, 61.06401443, 34.46360779, 38.32051468, 47.59796524, 8.28300571, 0.87158978, -0.27198994, -0.40186763, 0.06967860, -0.46580172, 0.40491608, 0.65760201, 0.00000000, 0.00000000, 0.00000000, 0.00000000
5, 0.6298, 63, 1.62579978, 0.20565112, 0.08857337, 54.18669128, -148.20571899, 215.75805664, 4.50160789, 64.07482910, -82.25665283, 6.62635279, 40.35782242, 6.08083010, 0.93678963, -0.03590405, -0.34676853, -0.02979353, -0.32918057, 0.00750062, 0.55735612, 0.00000000, 0.00000000, 0.00000000, 0.00000000
2, 0.5602, 56, 0.62313777, 1.54496253, -0.56075478, 73.99707794, 109.48581696, 274.53106689, 6.46009922, 61.06401443, 34.46360779, 40.32276154, 50.31058884, 9.34922981, 0.85880953, -0.27841985, -0.42312485, 0.07677308, -0.30719846, 0.37853989, 0.64825559, 0.00000000, 0.00000000, 0.00000000, 0.00000000
5, 0.6398, 64, 1.59872675, 0.20472808, 0.12162954, 57.52014160, -149.84730530, 224.45706177, 6.72318029, 62.70096207, -83.60128784, 5.26669645, 41.46295929, 4.17862988, 0.93423402, -0.03004907, -0.35494629, -0.01780772, -0.26261836, -0.00074811, 0.57864845, 0.00000000, 0.00000000, 0.00000000, 0.00000000
2, 0.5702, 57, 0.58311379, 1.45750940, -0.54899508, 62.65681839, 120.49541473, 267.00558472, 9.26629639, 61.35632706, 33.55743790, 40.43663788, 50.04036331, 9.20919514, 0.85931337, -0.28029522, -0.42073679, 0.07743155, -0.21944533, 0.35758156, 0.61282724, 0.00000000, 0.00000000, 0.00000000, 0.00000000
5, 0.6498, 65, 1.54756939, 0.21422718, 0.13091603, 58.41421890, -148.30497742, 233.14033508, 8.21397209, 60.71324158, -84.36129761, 4.35754490, 44.17468262, 3.13854718, 0.92598617, -0.02492426, -0.37657142, -0.01106745, -0.19848549, 0.01896614, 0.56653541, 0.00000000, 0.00000000, 0.00000000, 0.00000000
2, 0.5802, 58, 0.55748504, 1.46739244, -0.56723857, 55.39311218, 126.74683380, 260.88311768, 11.72171879, 60.71324158, 33.26512527, 42.17850876, 52.73933029, 10.06619358, 0.84673542, -0.28478140, -0.44109634, 0.08586469, -0.19247863, 0.37774259, 0.63579071, 0.00000000, 0.00000000, 0.00000000, 0.00000000
5, 0.6598, 66, 1.43856597, 0.18629254, 0.10277905, 59.03004456, -144.40692139, 241.53276062, 8.21397209, 60.71324158, -84.36129761, 3.20243621, 46.90100479, 1.88897574, 0.91710484, -0.01907422, -0.39816967, -0.00399774, -0.11903989, 0.03140435, 0.49219692, 0.00000000, 0.00000000, 0.00000000, 0.00000000
2, 0.5902, 59, 0.48083246, 1.41539335, -0.55600262, 54.78627396, 138.16844177, 259.99304199, 13.97252274, 60.42092896, 33.49897766, 44.00349808, 55.47418213, 10.95688534, 0.83353150, -0.28887415, -0.46120584, 0.09521733, -0.07525852, 0.37026769, 0.65499783, 0.00000000, 0.00000000, 0.00000000, 0.00000000
5, 0.6698, 67, 1.43207943, 0.15123555, 0.05521016, 57.90454865, -141.77796936, 244.81703186, 9.61707115, 59.80707169, -85.76439667, 1.82979894, 49.60938263, 0.45343074, 0.90764689, -0.01283430, -0.41952679, 0.00310725, -0.12553926, 0.05251244, 0.48111802, 0.00000000, 0.00000000, 0.00000000, 0.00000000
5, 0.6798, 68, 1.44664109, 0.18463354, 0.02344579, 57.60956573, -147.67767334, 247.44931030, 10.55247021, 57.46857452, -86.81671906, 0.29468358, 52.35440445, -1.14875102, 0.89737463, -0.00673003, -0.44110197, 0.01013076, -0.10682758, 0.11608478, 0.52587366, 0.00000000, 0.00000000, 0.00000000, 0.00000000
2, 0.6002, 60, 0.43182907, 1.36862326, -0.52283889, 56.70118713, 148.14384460, 266.74890137, 16.86641312, 59.92399979, 32.53434753, 46.05435562, 58.29419708, 12.02269650, 0.81931394, -0.29281378, -0.48155767, 0.10529549, 0.01193142, 0.34473056, 0.67468125, 0.00000000, 0.00000000, 0.00000000, 0.00000000
5, 0.6898, 69, 1.38820171, 0.20629755, -0.01250170, 55.33962250, -154.76545715, 250.98971558, 11.86787510, 54.83776474, -88.42443848, 1.33788192, 51.92179108, 0.16272910, 0.89903820, -0.00987525, -0.43774217, 0.00383410, -0.05578401, 0.16619694, 0.50117791, 0.00000000, 0.00000000, 0.00000000, 0.00000000
2, 0.6102, 61, 0.42249218, 1.32503176, -0.54355341, 60.22783661, 150.97303772, 273.17593384, 16.86641312, 59.92399979, 32.53434753, 48.49051666, 61.14706421, 13.44918060, 0.80409318, -0.29681510, -0.50198889, 0.11550891, 0.06190901, 0.37486583, 0.67832077, 0.00000000, 0.00000000, 0.00000000, 0.00000000
5, 0.6998, 70, 1.30323386, 0.23588341, -0.01643459, 54.99551010, -159.81784058, 252.39845276, 13.38789845, 53.61005402, -89.18444824, -0.26592898, 54.78165436, -1.48894024, 0.88782573, -0.00391723, -0.46004426, 0.01046884, 0.01838086, 0.18696314, 0.45591944, 0.00000000, 0.00000000, 0.00000000, 0.00000000
2, 0.6202, 62, 0.38905439, 1.30860937, -0.59382814, 68.64199066, 152.24723816, 280.82534790, 19.52645493, 59.16398621, 32.38819122, 47.43847656, 58.03190231, 12.08504581, 0.81670594, -0.30306488, -0.47864121, 0.10975300, 0.11258288, 0.42805871, 0.69165444, 0.00000000, 0.00000000, 0.00000000, 0.00000000
5, 0.7098, 71, 1.25483203, 0.23366775, 0.02286243, 56.28683090, -162.20802307, 252.30751038, 13.38789845, 53.61005402, -89.18444824, -2.12358427, 57.62823868, -3.41358852, 0.87591493, 0.00187629, -0.48215652, 0.01716530, 0.10077063, 0.17700288, 0.48107651, 0.00000000, 0.00000000, 0.00000000, 0.00000000
5, 0.7198, 72, 1.17758191, 0.20608653, 0.06776614, 58.03717041, -162.49026489, 253.82080078, 14.46945286, 51.53463745, -91.05524445, -4.36337662, 60.44571304, -5.72979307, 0.86332643, 0.00771239, -0.50401509, 0.02401766, 0.19171986, 0.14438628, 0.47850636, 0.00000000, 0.00000000, 0.00000000, 0.00000000
5, 0.7298, 73, 1.08229721, 0.18223102, 0.07963569, 61.54572678, -158.09700012, 255.63346863, 15.46331501, 49.28383636, -92.01987457, -7.17426825, 63.18105316, -8.62290764, 0.85020292, 0.01383960, -0.52534574, 0.03122988, 0.27575821, 0.13686997, 0.44845021, 0.00000000, 0.00000000, 0.00000000, 0.00000000
5, 0.7398, 74, 0.98599786, 0.15195052, 0.09034867, 65.06574249, -149.08898926, 256.01370239, 15.63870239, 47.23764801, -93.74451447, -6.25761080, 60.01249313, -7.33929110, 0.86465430, 0.01520836, -0.50135016, 0.02810305, 0.34235173, 0.12100174, 0.39122891, 0.00000000, 0.00000000, 0.00000000, 0.00000000
5, 0.7498, 75, 0.96482855, 0.08522153, 0.01456149, 67.07543182, -141.89747620, 255.33575439, 16.77871895, 44.51914597, -94.62145233, -9.39589024, 62.55770493, -10.57817841, 0.85207266, 0.02200031, -0.52170855, 0.03617468, 0.26933467, 0.12307817, 0.27962771, 0.00000000, 0.00000000, 0.00000000, 0.00000000
5, 0.7598, 76, 0.97527730, 0.03467494, -0.06052352, 66.04341125, -142.09008789, 254.27523804, 16.77871895, 44.51914597, -94.62145233, -13.12786865, 65.00283813, -14.40610313, 0.83893907, 0.02871639, -0.54167372, 0.04411737, 0.21622324, 0.15378289, 0.26858073, 0.00000000, 0.00000000, 0.00000000, 0.00000000
5, 0.7698, 77, 0.92820632, 0.05072059, -0.07578381, 64.40239716, -143.55906677, 252.47346497, 17.74334908, 41.68371964, -95.87839508, -17.57243538, 67.32860565, -18.94549751, 0.82525200, 0.03523907, -0.56127417, 0.05185354, 0.26475161, 0.19642951, 0.27706566, 0.00000000, 0.00000000, 0.00000000, 0.00000000
5, 0.7798, 78, 0.85856169, 0.09119958, -0.08350003, 64.28271484, -144.60565186, 249.57574463, 17.04179955, 39.57907104, -97.83689117, -22.90577888, 69.48724365, -24.38849258, 0.81108069, 0.04149702, -0.58041859, 0.05950278, 0.34191597, 0.25245440, 0.28446388, 0.00000000, 0.00000000, 0.00000000, 0.00000000
2, 0.6302, 63, 0.35470575, 1.20852721, -0.56100476, 77.70218658, 152.74134827, 289.19262695, 22.50803757, 58.43320465, 31.56971550, 50.40016937, 60.95158386, 13.91686821, 0.80023658, -0.30865738, -0.49998093, 0.11987983, 0.16301392, 0.36170295, 0.59857792, 0.00000000, 0.00000000, 0.00000000, 0.00000000
2, 0.6402, 64, 0.32609189, 1.13850641, -0.56174827, 79.01634216, 152.26736450, 294.64334106, 24.96346092, 56.79625702, 31.83279800, 53.97529984, 63.84666824, 16.37456512, 0.78279477, -0.31413519, -0.52125001, 0.12980707, 0.23733556, 0.36847240, 0.59242916, 0.00000000, 0.00000000, 0.00000000, 0.00000000
5, 0.7898, 79, 0.79207599, 0.11381181, -0.05804856, 65.84859467, -143.64065552, 247.65095520, 17.86027527, 36.68518066, -99.32768250, -14.59730816, 67.08405304, -18.91137505, 0.82702702, 0.01440805, -0.55802011, 0.06657603, 0.41771799, 0.25870299, 0.27927637, 0.00000000, 0.00000000, 0.00000000, 0.00000000
2, 0.6502, 65, 0.27583638, 1.01587820, -0.54680079, 78.56002045, 157.05232239, 294.42501831, 27.74042702, 55.30546570, 31.97895241, 58.20501328, 66.69067383, 19.48083687, 0.76461756, -0.31918889, -0.54210347, 0.14000840, 0.34592241, 0.35383809, 0.54766780, 0.00000000, 0.00000000, 0.00000000, 0.00000000
2, 0.6602, 66, 0.23870449, 0.94496024, -0.54140288, 76.80077362, 162.73162842, 290.85809326, 27.74042702, 55.30546570, 31.97895241, 63.24081802, 69.44615173, 23.39077568, 0.74590021, -0.32365173, -0.56232768, 0.15056625, 0.42292821, 0.35934675, 0.54522526, 0.00000000, 0.00000000, 0.00000000, 0.00000000
2, 0.6702, 67, 0.19177605, 0.88779485, -0.51386589, 81.04300690, 170.77478027, 287.79611206, 31.07278633, 53.34697342, 31.68664169, 58.83498383, 64.35881805, 18.01155090, 0.76911354, -0.33797693, -0.52325958, 0.14295296, 0.48820776, 0.32708058, 0.53282493, 0.00000000, 0.00000000, 0.00000000, 0.00000000
2, 0.6802, 68, 0.18337335, 0.78998166, -0.41798550, 83.49066925, 181.32887268, 282.59841919, 33.26512527, 51.97310638, 32.32972717, 63.27879333, 67.17350006, 21.20886230, 0.75052077, -0.34285811, -0.54335010, 0.15471835, 0.50405538, 0.17994198, 0.42123860, 0.00000000, 0.00000000, 0.00000000, 0.00000000
2, 0.6902, 69, 0.19763988, 0.70676565, -0.41521353, 82.48814392, 186.49983215, 276.67538452, 36.45132828, 49.48845291, 32.70973206, 68.54244995, 69.87951660, 25.21771240, 0.73149276, -0.34716576, -0.56263399, 0.16684519, 0.53609800, 0.18972734, 0.38830838, 0.00000000, 0.00000000, 0.00000000, 0.00000000
2, 0.7002, 70, 0.18965408, 0.65158337, -0.43896359, 84.84847260, 190.58169556, 271.01779175, 38.64366913, 47.35457230, 33.49897766, 75.00131226, 72.42387390, 30.38776398, 0.71198463, -0.35117260, -0.58103609, 0.17931217, 0.57837093, 0.23228393, 0.38408518, 0.00000000, 0.00000000, 0.00000000, 0.00000000
2, 0.7102, 71, 0.17795828, 0.57549870, -0.44580638, 86.19075775, 193.76045227, 266.11212158, 38.64366913, 47.35457230, 33.49897766, 83.11956024, 74.74460602, 37.19647980, 0.69202435, -0.35482344, -0.59861469, 0.19199789, 0.62721992, 0.25696078, 0.36311597, 0.00000000, 0.00000000, 0.00000000, 0.00000000
2, 0.7202, 72, 0.16054863, 0.56823343, -0.41869199, 81.26498413, 193.16065979, 261.66641235, 40.57293320, 45.86378098, 33.93744659, 72.98893738, 69.34264374, 25.96757889, 0.72027373, -0.37388140, -0.55552566, 0.18113449, 0.64486974, 0.23356114, 0.38259175, 0.00000000, 0.00000000, 0.00000000, 0.00000000
5, 0.7998, 80, 0.71607608, 0.11947502, -0.04687298, 66.58310699, -138.51556396, 246.25653076, 17.18795586, 35.54516220, -99.56153107, -19.57576752, 69.27670288, -23.98642921, 0.81316131, 0.02042562, -0.57695895, 0.07395818, 0.47157258, 0.23231566, 0.20184469, 0.00000000, 0.00000000, 0.00000000, 0.00000000
2, 0.7302, 73, 0.07801118, 0.56191480, -0.34263361, 79.89682007, 188.12107849, 258.47583008, 42.61911774, 44.08067703, 34.75592041, 79.44621277, 71.69666290, 31.22050858, 0.70116085, -0.37769985, -0.57322115, 0.19270156, 0.70444816, 0.10618070, 0.37297663, 0.00000000, 0.00000000, 0.00000000, 0.00000000
2, 0.7402, 74, -0.01756728, 0.50179136, -0.22583318, 77.56698608, 186.17625427, 258.53045654, 44.51914597, 41.47909927, 35.66208649, 87.49269867, 73.80233002, 38.09945297, 0.68156391, -0.38109100, -0.59048116, 0.20389318, 0.82024014, 0.01094777, 0.41123247, 0.00000000, 0.00000000, 0.00000000, 0.00000000
2, 0.7502, 75, -0.06430215, 0.46995282, -0.13745177, 73.32536316, 184.26391602, 255.49505615, 44.51914597, 41.47909927, 37.09441757, 97.37812042, 75.55874634, 46.86702728, 0.66172910, -0.38388425, -0.60716200, 0.21471360, 0.87935603, -0.05041670, 0.45472008, 0.00000000, 0.00000000, 0.00000000, 0.00000000
5, 0.8098, 81, 0.65565926, 0.08038605, -0.03815365, 65.86432648, -131.15943909, 243.53167725, 17.18795586, 35.54516220, -99.56153107, -25.63613892, 71.20532227, -30.11634636, 0.79914308, 0.02671531, -0.59502524, 0.08125114, 0.51165938, 0.21759632, 0.18812349, 0.00000000, 0.00000000, 0.00000000, 0.00000000
2, 0.7602, 76, -0.06433191, 0.44001707, -0.11063421, 66.62328339, 180.95353699, 251.19387817, 46.91610718, 38.52674484, 37.09441757, 109.18029785, 76.84293365, 57.62635422, 0.64185911, -0.38594761, -0.62324631, 0.22500074, 0.89418781, -0.04954012, 0.47407812, 0.00000000, 0.00000000, 0.00000000, 0.00000000
5, 0.8198, 82, 0.62102938, 0.02151791, -0.02717746, 62.08430862, -127.20770264, 237.85531616, 17.07103157, 31.54048538, -100.81847382, -32.76097488, 72.84490204, -37.28707886, 0.78501773, 0.03291809, -0.61228698, 0.08813720, 0.52340198, 0.18608992, 0.18519944, 0.00000000, 0.00000000, 0.00000000, 0.00000000
2, 0.7702, 77, -0.05882708, 0.44694680, -0.07495556, 58.67632294, 174.80296326, 249.63407898, 48.58228683, 37.24057388, 37.50365448, 49.52116013, 79.12359619, 19.90054131, 0.73562610, -0.21809705, -0.62544984, 0.14177655, 0.88994253, -0.04136268, 0.46621120, 0.00000000, 0.00000000, 0.00000000, 0.00000000
5, 0.8298, 83, 0.59337729, 0.01641580, -0.04164490, 56.08225632, -124.99633026, 231.32450867, 15.87255192, 30.51739311, -101.78310394, -40.92070389, 74.16962433, -45.46419144, 0.77081096, 0.03888565, -0.62882847, 0.09440951, 0.53919756, 0.21105811, 0.19731015, 0.00000000, 0.00000000, 0.00000000, 0.00000000
2, 0.7802, 78, -0.05239857, 0.38771752, -0.04322267, 55.96840668, 161.71051025, 250.29550171, 49.25460434, 33.44051361, 38.93598175, 55.02470398, 81.81967163, 24.27577972, 0.71889830, -0.21917778, -0.64123285, 0.15481257, 0.91174442, -0.02368737, 0.27546230, 0.00000000, 0.00000000, 0.00000000, 0.00000000
5, 0.8398, 84, 0.55866766, 0.02740223, -0.06330300, 47.88093948, -121.93663788, 224.21099854, 15.87255192, 29.11429405, -102.77696228, -27.64578629, 71.83243561, -32.34660339, 0.79433554, 0.02717674, -0.60096699, 0.08444747, 0.55715263, 0.23871323, 0.17919031, 0.00000000, 0.00000000, 0.00000000, 0.00000000
5, 0.8498, 85, 0.52276176, 0.03431240, -0.04846868, 40.85694122, -117.77887726, 216.75811768, 14.90792179, 25.34346581, -103.80005646, -34.28007126, 73.33887482, -38.90610886, 0.78133076, 0.03283563, -0.61682081, 0.08930939, 0.58748478, 0.21275893, 0.12024333, 0.00000000, 0.00000000, 0.00000000, 0.00000000
2, 0.7902, 79, -0.06814755, 0.36247393, -0.03919249, 58.35464096, 149.09738159, 249.68421936, 51.03770828, 33.20666504, 39.95907593, 65.83425903, 84.28977966, 33.98588562, 0.70181024, -0.22071028, -0.65644562, 0.16681887, 0.94083142, -0.00537961, 0.29865068, 0.00000000, 0.00000000, 0.00000000, 0.00000000
2, 0.8002, 80, -0.09356759, 0.24437621, 0.02217759, 62.17390060, 141.57899475, 247.24742126, 51.03770828, 33.20666504, 39.95907593, 89.59441376, 86.24217224, 56.64010239, 0.68443638, -0.22263564, -0.67097056, 0.17826638, 1.00404096, -0.05895871, 0.24653393, 0.00000000, 0.00000000, 0.00000000, 0.00000000
5, 0.8598, 86, 0.51456219, 0.02334079, 0.00084923, 32.45352936, -116.40051270, 206.31217957, 14.90792179, 25.34346581, -103.80005646, -41.61247635, 74.60154724, -46.13882446, 0.76847374, 0.03798759, -0.63189757, 0.09333080, 0.62214458, 0.18816635, 0.17384773, 0.00000000, 0.00000000, 0.00000000, 0.00000000
2, 0.8102, 81, -0.12524235, 0.09660519, 0.05970407, 57.10844421, 137.78170776, 237.59217834, 51.85618210, 29.81584358, 40.68985748, 133.30256653, 86.84616852, 99.30585480, 0.66733658, -0.22408427, -0.68458229, 0.18919666, 1.08183622, -0.09357909, 0.16398379, 0.00000000, 0.00000000, 0.00000000, 0.00000000
5, 0.8698, 87, 0.46249542, 0.00506353, 0.00971017, 27.36060333, -119.17263031, 198.02111816, 14.90792179, 24.14498711, -105.20315552, -49.72249985, 75.62818909, -54.16176605, 0.75555313, 0.04247445, -0.64649987, 0.09681705, 0.65914714, 0.18221626, 0.17051333, 0.00000000, 0.00000000, 0.00000000, 0.00000000
5, 0.8798, 88, 0.33939064, -0.03709948, 0.03224323, 23.59991455, -120.11205292, 190.77325439, 13.65097904, 23.35574341, -105.55393219, -58.55045700, 76.37313080, -62.91235352, 0.74261814, 0.04646024, -0.66059071, 0.09989874, 0.73956531, 0.14756262, 0.11151382, 0.00000000, 0.00000000, 0.00000000, 0.00000000
5, 0.8898, 89, 0.29157254, -0.04928392, 0.02268322, 19.69110298, -116.59931946, 181.54779053, 12.92019844, 21.33878899, -106.28471375, -48.33514404, 71.51979828, -43.97378922, 0.77607822, 0.10844424, -0.61877382, 0.05533046, 0.75707161, 0.16167895, 0.07196957, 0.00000000, 0.00000000, 0.00000000, 0.00000000
2, 0.8202, 82, -0.13408263, 0.08569340, 0.08175797, 49.25716400, 134.47451782, 221.57597351, 52.47003555, 28.23735809, 41.44986725, 63.40016556, 86.87553406, -2.83872199, 0.60865289, -0.39593017, -0.57535797, 0.37648922, 1.09237087, -0.10011804, 0.17183891, 0.00000000, 0.00000000, 0.00000000, 0.00000000
2, 0.8302, 83, -0.13492022, -0.02428884, 0.10939139, 42.06119537, 132.93908691, 207.07666016, 53.66851807, 26.30809593, 43.17451096, 108.72675323, 88.52345276, 41.57712936, 0.59142238, -0.39982271, -0.58675253, 0.38220790, 1.12897551, -0.14535740, 0.03440950, 0.00000000, 0.00000000, 0.00000000, 0.00000000
5, 0.8998, 90, 0.30959496, -0.05770242, -0.03221449, 13.76520157, -114.11272430, 171.53491211, 12.16018677, 17.97719955, -107.22010803, -54.34539032, 72.37359619, -49.95362854, 0.76472175, 0.11231919, -0.63176805, 0.05877202, 0.69483793, 0.21947086, -0.00528667, 0.00000000, 0.00000000, 0.00000000, 0.00000000
2, 0.8402, 84, -0.10278320, 0.00299253, 0.09775317, 31.92207336, 123.23154449, 190.62519836, 53.28851318, 24.26191139, 44.51914597, 178.45674133, 87.82339478, 110.53008270, 0.57543159, -0.40276340, -0.59729886, 0.38716179, 1.09048510, -0.10573016, 0.07822440, 0.00000000, 0.00000000, 0.00000000, 0.00000000
2, 0.8502, 85, -0.09313658, 0.06845023, 0.12984264, 31.37828255, 105.71224213, 182.08782959, 53.28851318, 24.26191139, 44.51914597, -163.49729919, 86.03298950, 127.86195374, 0.56034672, -0.40593153, -0.60694861, 0.39095345, 1.05707812, -0.10550676, 0.16941521, 0.00000000, 0.00000000, 0.00000000, 0.00000000
5, 0.9098, 91, 0.27836764, -0.03168486, -0.05802089, 6.06562710, -113.45593262, 161.65870667, 11.92633724, 18.15258598, -107.80473328, -60.51922607, 73.07717896, -56.07841492, 0.75356007, 0.11562023, -0.64420974, 0.06142476, 0.71804571, 0.26406175, 0.00357063, 0.00000000, 0.00000000, 0.00000000, 0.00000000
5, 0.9198, 92, 0.21812002, 0.04199210, -0.07689543, -0.97212952, -107.53630066, 150.42733765, 11.92633724, 18.15258598, -107.80473328, -66.67561340, 73.60395813, -62.15108109, 0.74288154, 0.11856872, -0.65578949, 0.06331494, 0.78643006, 0.33887318, 0.01439900, 0.00000000, 0.00000000, 0.00000000, 0.00000000
2, 0.8602, 86, -0.06434422, 0.00809968, 0.18027095, 36.74395752, 88.13251495, 181.82284546, 53.84390640, 22.97573853, 45.22069550, -158.43623352, 84.14813232, 132.20878601, 0.54559052, -0.40997806, -0.61589640, 0.39359963, 1.04469347, -0.14582589, 0.13942611, 0.00000000, 0.00000000, 0.00000000, 0.00000000
2, 0.8702, 87, -0.06578224, -0.00369393, 0.24442290, 41.44890213, 72.83267975, 180.85780334, 55.27623367, 19.20491028, 45.36685181, -106.55560303, 62.34873962, -125.18830109, 0.60382885, 0.04088604, -0.75129777, 0.26319355, 1.01686072, -0.09678383, 0.16904095, 0.00000000, 0.00000000, 0.00000000, 0.00000000
5, 0.9298, 93, 0.23318060, 0.00175576, -0.10732528, -7.48481655, -102.64704132, 138.04304504, 10.84478188, 15.34638977, -108.56474304, -72.67415619, 73.98744202, -68.04693604, 0.73274529, 0.12102500, -0.66654205, 0.06449077, 0.74231470, 0.33259130, 0.02209789, 0.00000000, 0.00000000, 0.00000000, 0.00000000
2, 0.8802, 88, -0.07283710, -0.08985193, 0.33344680, 48.70159531, 58.09587479, 177.44253540, 54.72084045, 19.49722290, 46.44840622, -108.41239929, 61.23859406, -128.13659668, 0.59163898, 0.03734979, -0.75801957, 0.27198282, 0.96098977, 0.10899280, 0.13389657, 0.00000000, 0.00000000, 0.00000000, 0.00000000
5, 0.9398, 94, 0.27666262, -0.08227709, -0.10208617, -13.95424175, -104.27153015, 125.67820740, 10.26015759, 15.69716454, -108.38935852, -63.18085098, 76.56480408, -65.76896667, 0.73771548, 0.05878195, -0.66643095, 0.09050074, 0.67997420, 0.25338045, 0.03556911, 0.00000000, 0.00000000, 0.00000000, 0.00000000
2, 0.8902, 89, -0.06404318, -0.20660007, 0.32528728, 48.18076324, 48.62709808, 173.78863525, 54.98392105, 17.88950539, 47.06226349, -110.14854431, 60.17921829, -130.93357849, 0.57963264, 0.03344187, -0.76454455, 0.27996293, 0.98233998, 0.10962191, 0.04044753, 0.00000000, 0.00000000, 0.00000000, 0.00000000
5, 0.9498, 95, 0.24414496, -0.12989977, -0.07795531, -20.41950417, -109.21850586, 113.14648438, 8.97398376, 15.14177132, -109.90938568, -69.52629852, 77.23093414, -72.02193451, 0.72844732, 0.05894247, -0.67666197, 0.08954859, 0.70283955, 0.15853417, -0.00706111, 0.00000000, 0.00000000, 0.00000000, 0.00000000
2, 0.9002, 90, -0.05408343, -0.19834264, 0.33465582, 45.02367401, 42.75923538, 167.39169312, 54.98392105, 17.88950539, 47.06226349, -111.72900391, 59.15008163, -133.51898193, 0.56795543, 0.02956489, -0.77074504, 0.28723654, 0.96068573, 0.11145567, 0.06506946, 0.00000000, 0.00000000, 0.00000000, 0.00000000
5, 0.9598, 96, 0.12973259, -0.16289902, -0.07568017, -24.63781357, -106.15488434, 99.26986694, 8.65244102, 14.06021595, -110.37708282, -75.83050537, 77.78872681, -78.25244141, 0.71980411, 0.05843491, -0.68607330, 0.08815304, 0.76896477, 0.13044223, -0.07761305, 0.00000000, 0.00000000, 0.00000000, 0.00000000
2, 0.9102, 91, 0.01630514, -0.25710687, 0.37804246, 46.22721481, 41.68348312, 161.54602051, 54.31160355, 15.55100822, 47.00379944, -113.10017395, 58.12968445, -135.89279175, 0.55657935, 0.02564805, -0.77647889, 0.29435033, 0.90208429, 0.06883200, 0.01119532, 0.00000000, 0.00000000, 0.00000000, 0.00000000
5, 0.9698, 97, 0.06394934, -0.22754844, -0.08761704, -26.67736053, -94.52249908, 81.06553650, 8.65244102, 14.06021595, -110.37708282, -81.59343719, 78.21858215, -83.95160675, 0.71235412, 0.05752119, -0.69409376, 0.08646830, 0.77845365, 0.08614321, -0.13693719, 0.00000000, 0.00000000, 0.00000000, 0.00000000
2, 0.9202, 92, 0.09772374, -0.28823611, 0.47499353, 54.10467911, 42.96307373, 154.69490051, 54.25314331, 15.28792763, 47.17918777, -114.64610291, 47.66392899, -141.53909302, 0.48379186, 0.04762214, -0.79884684, 0.35428998, 0.79607201, 0.00671080, -0.00000145, 0.00000000, 0.00000000, 0.00000000, 0.00000000
5, 0.9798, 98, 0.12287626, -0.30191490, -0.07828894, -30.39450645, -85.29557800, 63.07059479, 7.74627304, 13.18327999, -111.86787415, -86.75165558, 78.59451294, -89.05720520, 0.70603406, 0.05606112, -0.70089543, 0.08437207, 0.70971584, 0.01933704, -0.10216650, 0.00000000, 0.00000000, 0.00000000, 0.00000000
2, 0.9302, 93, 0.10111336, -0.42645064, 0.56304544, 50.41707230, 47.22544861, 141.65925598, 54.86699677, 13.15404797, 47.67611694, -115.02356720, 46.67086792, -143.01255798, 0.47330818, 0.04389834, -0.80199659, 0.36173722, 0.74717796, -0.00430195, -0.06163997, 0.00000000, 0.00000000, 0.00000000, 0.00000000
5, 0.9898, 99, 0.16107583, -0.40559340, -0.03302524, -31.85649109, -86.39549255, 50.23388672, 6.95702982, 14.17714119, -112.27710724, -98.75911713, 69.14286041, -81.28813934, 0.68730664, 0.23360981, -0.68741208, 0.02237671, 0.64946550, -0.05441794, -0.06671795, 0.00000000, 0.00000000, 0.00000000, 0.00000000
2, 0.9402, 94, 0.24173248, -0.48590207, 0.64084220, 39.43794632, 51.81506348, 122.99086761, 54.25314331, 11.78018093, 48.96229172, -115.25366211, 45.70697403, -144.16969299, 0.46388394, 0.04153988, -0.80451041, 0.36857733, 0.61827016, -0.08061726, -0.14396295, 0.00000000, 0.00000000, 0.00000000, 0.00000000
2, 0.9502, 95, 0.38286009, -0.54234898, 0.65756691, 30.60956573, 53.07988739, 106.46230316, 54.25314331, 11.78018093, 48.96229172, -115.38328552, 44.79602814, -145.08071899, 0.45547345, 0.04018059, -0.80652481, 0.37476295, 0.49136463, -0.09623098, -0.23414782, 0.00000000, 0.00000000, 0.00000000, 0.00000000
2, 0.9602, 96, 0.50271255, -0.54697686, 0.64437783, 22.81304359, 47.44448853, 95.27684021, 54.48699188, 11.02016926, 49.86845779, -115.51731873, 43.96630096, -145.87251282, 0.44783938, 0.03923449, -0.80838633, 0.38001597, 0.36975545, -0.07497559, -0.27420712, 0.00000000, 0.00000000, 0.00000000, 0.00000000
5, 0.9998, 100, 0.08119439, -0.49224493, 0.02019381, -30.09140015, -86.15042877, 39.85934448, 6.31394339, 13.76790428, -112.68634796, -101.34033203, 69.36916351, -84.02562714, 0.68182439, 0.23119770, -0.69367832, 0.02176404, 0.65886325, -0.04094030, -0.08340415, 0.00000000, 0.00000000, 0.00000000, 0.00000000
2, 0.9702, 97, 0.58420312, -0.49751988, 0.65091008, 19.05006981, 31.54994392, 86.35639191, 54.07775497, 10.64016342, 49.83922958, -118.45232391, 39.65273666, -144.79866028, 0.42331448, 0.07899099, -0.82290173, 0.37067252, 0.25521040, -0.06139150, -0.23562095, 0.00000000, 0.00000000, 0.00000000, 0.00000000
5, 1.0098, 101, 0.03878788, -0.62471354, 0.03004190, -29.06358719, -73.85359192, 27.76593590, 6.05086231, 12.71557999, -113.65097809, -103.51039124, 69.59343719, -86.33770752, 0.67737281, 0.22869682, -0.69887573, 0.02089438, 0.63216650, -0.15489620, -0.15431625, 0.00000000, 0.00000000, 0.00000000, 0.00000000
2, 0.9802, 98, 0.55238801, -0.45000723, 0.85549277, 21.20928192, 16.34862518, 77.08313751, 54.19467926, 9.52937698, 49.45922089, -118.61346436, 39.12987518, -145.51490784, 0.41758966, 0.07692412, -0.82451648, 0.37399772, 0.21584946, -0.23543766, -0.10746515, 0.00000000, 0.00000000, 0.00000000, 0.00000000
2, 0.9902, 99, 0.52098727, -0.41342187, 1.16600955, 16.98994446, 9.60643768, 66.09075928, 54.28237152, 8.50628471, 50.13153839, -118.78921509, 38.70945740, -146.15396118, 0.41271883, 0.07495311, -0.82600266, 0.37651700, 0.21145065, -0.53331482, -0.01306049, 0.00000000, 0.00000000, 0.00000000, 0.00000000
5, 1.0198, 102, 0.01270950, -0.74390066, -0.00594646, -27.91950607, -56.35959625, 16.14545059, 6.05086231, 12.71557999, -113.65097809, -105.17230225, 69.81795502, -88.09401703, 0.67413986, 0.22643530, -0.70276225, 0.01969430, 0.57500267, -0.22883964, -0.23463337, 0.00000000, 0.00000000, 0.00000000, 0.00000000
2, 1.0002, 100, 0.55730301, -0.45598370, 1.27095294, 17.63917351, 14.53674412, 65.04077148, 54.28237152, 8.50628471, 50.13153839, -118.90727234, 38.25938797, -146.74142456, 0.40783837, 0.07326560, -0.82729435, 0.37932053, 0.17973199, -0.64033788, -0.04536368, 0.00000000, 0.00000000, 0.00000000, 0.00000000
2, 1.0102, 101, 0.63328600, -0.42002013, 1.35951221, 29.87461853, 21.15906715, 65.23159027, 53.63928604, 8.38935947, 50.42385101, -118.86804962, 37.79428101, -147.30227661, 0.40301937, 0.07126968, -0.82805580, 0.38317075, 0.08538143, -0.71804887, -0.02136374, 0.00000000, 0.00000000, 0.00000000, 0.00000000
2, 1.0202, 102, 0.72088593, -0.62924618, 1.39127195, 29.27639580, 21.82516289, 63.37579727, 53.61005402, 6.43086815, 50.59923935, -117.81867218, 33.66550827, -146.33137512, 0.38049719, 0.09424934, -0.82784104, 0.40127069, 0.05016181, -0.76727074, -0.23778144, 0.00000000, 0.00000000, 0.00000000, 0.00000000
5, 1.0298, 103, 0.03057929, -0.74176860, -0.08444724, -22.75831985, -35.51286697, 5.60530615, 5.26161957, 13.70944118, -113.79713440, -106.21789551, 70.01753998, -89.18706512, 0.67226338, 0.22469164, -0.70514894, 0.01845723, 0.52129567, -0.18186860, -0.25505948, 0.00000000, 0.00000000, 0.00000000, 0.00000000
2, 1.0302, 103, 0.71447903, -0.77518755, 1.40223694, 24.66699600, 19.82952499, 54.73310471, 53.37620544, 7.54165459, 51.12540054, -117.73459625, 33.26583099, -146.76986694, 0.37643442, 0.09270359, -0.82822978, 0.40464628, 0.05830910, -0.76693565, -0.36511725, 0.00000000, 0.00000000, 0.00000000, 0.00000000
5, 1.0398, 104, 0.05598444, -0.73919261, -0.15063259, -16.74048233, -25.77896690, -0.91672802, 5.32008171, 13.91405964, -114.23560333, -115.18332672, 64.22472382, -90.67362976, 0.63830173, 0.30002484, -0.70887321, 0.00740534, 0.45926160, -0.12407999, -0.24443433, 0.00000000, 0.00000000, 0.00000000, 0.00000000
2, 1.0402, 104, 0.57196033, -1.02609503, 1.43256342, 16.94897079, 19.09587860, 39.25264740, 53.37620544, 7.54165459, 51.12540054, -117.64442444, 32.94064331, -147.04895020, 0.37340596, 0.09193714, -0.82839763, 0.40727514, 0.26826206, -0.83233166, -0.54671043, 0.00000000, 0.00000000, 0.00000000, 0.00000000
5, 1.0498, 105, 0.03548286, -0.79605329, -0.16068141, -12.28845978, -18.45854950, -5.39075232, 4.88161373, 14.38175964, -114.17713928, -115.52640533, 64.35937500, -91.09136963, 0.63774419, 0.29859918, -0.70998240, 0.00677919, 0.41156280, -0.11232479, -0.22279932, 0.00000000, 0.00000000, 0.00000000, 0.00000000
5, 1.0598, 106, 0.00180979, -1.10447907, -0.17925248, -13.18851566, -8.44828224, -10.66141415, 5.05700064, 14.03098488, -114.49868011, -115.67980194, 64.53184509, -91.27173615, 0.63780594, 0.29737499, -0.71044946, 0.00577274, 0.27980801, -0.33874559, -0.39260590, 0.00000000, 0.00000000, 0.00000000, 0.00000000
5, 1.0698, 107, 0.01182261, -1.43515706, -0.24761266, -19.55006027, -1.45631611, -16.95100784, 5.05700064, 14.03098488, -114.49868011, -115.74230957, 64.78864288, -91.30546570, 0.63834310, 0.29608434, -0.71051824, 0.00399631, 0.08044732, -0.55046386, -0.56774056, 0.00000000, 0.00000000, 0.00000000, 0.00000000
5, 1.0798, 108, 0.02054360, -1.63650465, -0.28406709, -30.79765511, -4.76834965, -21.61882019, 5.29085064, 14.44022179, -114.46945190, -115.94541168, 65.15647888, -91.45542145, 0.63881874, 0.29423660, -0.71086836, 0.00131443, -0.03849559, -0.68557823, -0.67054069, 0.00000000, 0.00000000, 0.00000000, 0.00000000
5, 1.0898, 109, -0.22335331, -1.67951512, -0.29140413, -43.01383972, -1.78976500, -27.50892258, 5.26161957, 14.67407131, -115.08330536, -122.57006836, 58.78660583, -95.38610077, 0.60009801, 0.33994183, -0.72382885, 0.01984653, 0.09296939, -0.70432132, -0.84856713, 0.00000000, 0.00000000, 0.00000000, 0.00000000
5, 1.0998, 110, -0.18567984, -1.67127633, -0.32325694, -52.16272736, 16.97867203, -25.43786049, 5.26161957, 14.08944702, -115.17099762, -122.84723663, 59.31473541, -95.36612701, 0.60114974, 0.33875740, -0.72363174, 0.01481694, 0.01587208, -0.63532251, -0.76353335, 0.00000000, 0.00000000, 0.00000000, 0.00000000
5, 1.1098, 111, -0.29283634, -1.63384938, -0.34409180, -56.58956528, 28.37552834, -20.00976562, 5.29085064, 15.98947620, -115.17099762, -123.12566376, 59.83243561, -95.21520233, 0.60216743, 0.33846030, -0.72301823, 0.00915420, 0.09973755, -0.60130447, -0.83831763, 0.00000000, 0.00000000, 0.00000000, 0.00000000
5, 1.1198, 112, -0.53956240, -1.83237576, -0.64595932, -59.27527618, 48.34547806, -16.32736206, 5.29085064, 15.98947620, -115.17099762, -123.26719666, 60.34758377, -94.75361633, 0.60357273, 0.33941182, -0.72145140, 0.00273156, 0.01055842, -0.56530273, -1.26619995, 0.00000000, 0.00000000, 0.00000000, 0.00000000
5, 1.1298, 113, -0.49657965, -2.15731406, -1.19499898, -66.33242798, 61.06160736, -17.51178169, 5.37854433, 16.10640144, -115.72639465, -123.34953308, 60.92193985, -94.10984802, 0.60530180, 0.34087291, -0.71930093, -0.00464997, -0.47368199, -0.46609944, -1.66821003, 0.00000000, 0.00000000, 0.00000000, 0.00000000
5, 1.1398, 114, -0.51778978, -2.48209524, -1.61334133, -74.83053589, 54.39601898, -20.05118179, 5.96316862, 17.07103157, -115.40485382, -134.23503113, 57.87740326, -101.04697418, 0.56044644, 0.36736405, -0.74196553, -0.02075368, -0.84873962, -0.45641530, -2.02206135, 0.00000000, 0.00000000, 0.00000000, 0.00000000
5, 1.1498, 115, -0.53155619, -3.04777241, -2.06460404, -84.32880402, 38.31339645, -20.24350929, 6.10932446, 17.15872574, -114.76176453, -135.01942444, 58.56789398, -101.21230316, 0.56100255, 0.36684594, -0.74152571, -0.02898076, -1.37631297, -0.61974162, -2.43897152, 0.00000000, 0.00000000, 0.00000000, 0.00000000
5, 1.1598, 116, -0.42880830, -3.34195924, -2.37164450, -90.19071960, 12.95396900, -12.79896832, 5.84624386, 18.00643158, -115.31715393, -136.20585632, 59.16510010, -101.89067841, 0.56005025, 0.36542851, -0.74260014, -0.03675249, -1.75073838, -0.65948951, -2.65376616, 0.00000000, 0.00000000, 0.00000000, 0.00000000
5, 1.1698, 117, -0.41208717, -3.50904632, -2.65195036, -76.91759491, -20.34256935, -1.56340849, 5.84624386, 18.00643158, -115.31715393, -137.60656738, 59.50960922, -103.02993011, 0.55754143, 0.36324808, -0.74526125, -0.04223835, -1.99332428, -0.61931813, -2.85800242, 0.00000000, 0.00000000, 0.00000000, 0.00000000
5, 1.1798, 118, -0.58826226, -3.63229012, -2.92249012, -52.12570572, -52.43766022, 13.11195469, 6.05086231, 18.24028015, -115.52177429, -139.02574158, 59.50873947, -104.46581268, 0.55359751, 0.36076891, -0.74926162, -0.04452658, -2.08098936, -0.54938948, -3.17495513, 0.00000000, 0.00000000, 0.00000000, 0.00000000
2, 1.0502, 105, 0.42222512, -1.37858641, 1.63007092, -0.29165342, 35.56308746, 26.64670372, 54.07775497, 6.75241137, 51.41771317, -117.52510071, 32.51508331, -147.06379700, 0.37068069, 0.09346672, -0.82831895, 0.40956989, 0.50934201, -1.07825589, -0.79647130, 0.00000000, 0.00000000, 0.00000000, 0.00000000
2, 1.0602, 106, 0.42658487, -1.72581303, 1.85879934, -18.25396729, 51.74131012, 16.57938576, 52.99620056, 6.72318029, 51.44694519, -117.40106201, 31.97344780, -146.84220886, 0.36805075, 0.09724712, -0.82809544, 0.41150904, 0.59994435, -1.35321760, -1.08745074, 0.00000000, 0.00000000, 0.00000000, 0.00000000
2, 1.0702, 107, 0.63621312, -2.14797997, 2.14095378, -31.58454895, 70.98239899, 26.49254227, 53.31774139, 5.70008755, 51.50540543, -119.93290710, 25.53825378, -146.00425720, 0.32568586, 0.14103508, -0.83977717, 0.41086775, 0.49405921, -1.68569994, -1.49311984, 0.00000000, 0.00000000, 0.00000000, 0.00000000
5, 1.1898, 119, -0.46222496, -4.13760185, -3.06600714, -12.92810535, -83.10492706, 21.31105042, 6.13855600, 18.35720444, -116.01870728, -145.29145813, 55.66723251, -109.29925537, 0.51609737, 0.37475646, -0.76901084, -0.04270363, -2.49564838, -0.85065103, -3.35329390, 0.00000000, 0.00000000, 0.00000000, 0.00000000
2, 1.0802, 108, 1.09100723, -2.60868740, 2.58706188, -51.86603546, 88.44750977, 42.68170929, 53.11312485, 6.51856184, 52.17772675, -119.97866821, 24.47886086, -145.69276428, 0.31957158, 0.14827245, -0.83987910, 0.41290745, 0.11299843, -2.17480898, -1.96110332, 0.00000000, 0.00000000, 0.00000000, 0.00000000
2, 1.0902, 109, 1.47058427, -3.16249943, 2.78801394, -48.86621857, 78.83271027, 49.12511063, 53.11312485, 6.51856184, 52.17772675, -120.07986450, 23.45851898, -145.50604248, 0.31317860, 0.15455264, -0.84024036, 0.41476369, -0.09050494, -2.45347452, -2.56885958, 0.00000000, 0.00000000, 0.00000000, 0.00000000
2, 1.1002, 110, 1.68932891, -3.75010633, 2.88365698, -47.97070694, 60.18465424, 78.95709991, 52.55773163, 5.84624386, 52.73311996, -120.36704254, 22.39076042, -145.69348145, 0.30481571, 0.15877329, -0.84172606, 0.41638422, -0.12618065, -2.63461375, -3.16842437, 0.00000000, 0.00000000, 0.00000000, 0.00000000
5, 1.1998, 120, -0.67346340, -4.73444986, -2.68124676, 55.92536163, -148.90774536, 27.36627960, 5.61239386, 17.80181122, -116.66179657, -145.55519104, 54.64481354, -110.75544739, 0.51023561, 0.37031063, -0.77554202, -0.03262426, -2.45053029, -1.55823529, -3.50535607, 0.00000000, 0.00000000, 0.00000000, 0.00000000
5, 1.2098, 121, -0.40698805, -4.72443676, -2.10192251, 118.01828766, -189.95393372, 31.36359024, 4.58930111, 15.34638977, -117.15872192, -145.10545349, 53.17750549, -112.08798218, 0.50393480, 0.36519223, -0.78257596, -0.01610295, -2.31794119, -1.91281962, -2.98986697, 0.00000000, 0.00000000, 0.00000000, 0.00000000
2, 1.1102, 111, 1.58999074, -4.21717119, 3.04171991, -31.98871803, 35.02081299, 115.76791382, 53.40543747, 5.34931278, 52.96696854, -120.74703217, 21.31817818, -146.37379456, 0.29443309, 0.15957008, -0.84419823, 0.41854036, 0.09517091, -2.86022854, -3.53888226, 0.00000000, 0.00000000, 0.00000000, 0.00000000
5, 1.2198, 122, -0.26979709, -4.48537874, -1.10972571, 172.91494751, -190.48448181, 34.71817780, 3.33235884, 15.69716454, -117.59719086, -143.84658813, 51.45898438, -112.87872314, 0.49842691, 0.36117965, -0.78809714, 0.00478350, -1.76255965, -2.34972835, -2.25428414, 0.00000000, 0.00000000, 0.00000000, 0.00000000
2, 1.1202, 112, 1.43149722, -4.58830786, 3.42262316, 19.68604660, 39.51834488, 164.81275940, 52.11926270, 3.39082146, 53.58082199, -123.97206116, 16.26137352, -146.59475708, 0.25322577, 0.18755411, -0.85617769, 0.40946317, 0.31168237, -3.29210162, -3.75592947, 0.00000000, 0.00000000, 0.00000000, 0.00000000
5, 1.2298, 123, -0.13301115, -4.09387016, -0.29249501, 202.01243591, -124.29037476, 35.92554092, 3.33235884, 15.69716454, -117.59719086, -141.86857605, 49.84201431, -112.60109711, 0.49569473, 0.36106187, -0.78947532, 0.02549216, -1.23373604, -2.55003119, -1.54838061, 0.00000000, 0.00000000, 0.00000000, 0.00000000
2, 1.1302, 113, 1.37604165, -4.70804739, 3.73661160, 84.32756805, 78.07217407, 183.84799194, 51.18386459, 2.33849740, 54.39929962, -123.10829926, 14.72559738, -147.64825439, 0.23982355, 0.18430731, -0.85450089, 0.42230785, 0.31598967, -3.61810040, -3.76441717, 0.00000000, 0.00000000, 0.00000000, 0.00000000
2, 1.1402, 114, 1.71346462, -4.25809908, 3.91742229, 121.50334167, 111.16697693, 154.28269958, 51.18386459, 2.33849740, 54.39929962, -121.68836212, 13.27493191, -148.34867859, 0.22908646, 0.18238439, -0.84992176, 0.43805075, -0.18483374, -3.70977402, -3.44461250, 0.00000000, 0.00000000, 0.00000000, 0.00000000
2, 1.1502, 115, 2.07225180, -3.39040041, 4.19428444, 134.70271301, 68.45221710, 44.19269562, 50.80385971, 1.43232965, 55.53931427, -120.20484161, 12.88396072, -148.50032043, 0.22805826, 0.18000366, -0.84428191, 0.45030683, -0.83732438, -3.83217525, -2.73401618, 0.00000000, 0.00000000, 0.00000000, 0.00000000
2, 1.1602, 116, 1.65273178, -2.77697492, 4.47843599, 131.54748535, -63.33958435, -144.54570007, 50.92078400, 1.43232965, 56.15317154, -119.11141968, 14.61619282, -147.93577576, 0.24420279, 0.17421581, -0.83966130, 0.45275024, -0.64234275, -4.00973082, -2.00224209, 0.00000000, 0.00000000, 0.00000000, 0.00000000
2, 1.1702, 117, 0.88757932, -2.10515070, 4.79909897, 100.00475311, -141.78767395, -328.74917603, 51.59310150, 2.77696586, 55.83162689, -114.60155487, 15.38596058, -148.59375000, 0.25334397, 0.15609120, -0.82239163, 0.48489636, -0.11962335, -4.21687841, -1.10690355, 0.00000000, 0.00000000, 0.00000000, 0.00000000
2, 1.1802, 118, 0.44629157, -1.44129837, 4.91428757, 92.03221130, -174.48464966, -436.79757690, 53.23004913, 6.28471184, 54.63314819, -113.70491791, 19.38799477, -145.83094788, 0.29310825, 0.15445161, -0.81594038, 0.47378665, 0.10429517, -4.20955372, -0.38301498, 0.00000000, 0.00000000, 0.00000000, 0.00000000
5, 1.2398, 124, 0.20916148, -4.19768381, 0.15153433, 204.17893982, -17.96708870, 23.65772629, 3.42005253, 13.85559750, -116.57409668, -132.15950012, 45.81753540, -113.65319824, 0.50219846, 0.32861799, -0.79114097, 0.11791144, -1.29248214, -2.86246943, -1.12327027, 0.00000000, 0.00000000, 0.00000000, 0.00000000
2, 1.1902, 119, 0.04346478, -1.63180447, 5.33371830, 133.46862793, -279.01358032, -458.59252930, 53.23004913, 6.28471184, 54.63314819, -112.67993927, 24.41717339, -143.35044861, 0.33741167, 0.14450531, -0.80911440, 0.45891774, 0.60045516, -4.67231274, -0.39172962, 0.00000000, 0.00000000, 0.00000000, 0.00000000
2, 1.2002, 120, -0.21069069, -1.62160242, 4.05979061, 200.44241333, -421.32830811, -423.58947754, 54.22391129, 10.40631390, 52.58696365, -111.72556305, 30.57769585, -141.88917542, 0.38302222, 0.12079926, -0.80296373, 0.44039866, 0.99288702, -3.44584012, -0.51554245, 0.00000000, 0.00000000, 0.00000000, 0.00000000
5, 1.2498, 125, 0.58477569, -4.34926414, 0.14778002, 179.22802734, 77.02375031, -24.93669701, 3.15697169, 14.32329750, -115.20023346, -129.57383728, 45.15793228, -111.42556000, 0.50859284, 0.33546934, -0.78235382, 0.12929080, -1.65813887, -2.88191390, -0.95645940, 0.00000000, 0.00000000, 0.00000000, 0.00000000
2, 1.2102, 121, -0.68777913, 0.10021702, 2.71540761, 344.27728271, -600.86761475, -381.32449341, 54.45775986, 13.32943535, 48.99152374, -110.65477753, 38.40947723, -141.89222717, 0.43108964, 0.07666305, -0.79518747, 0.41947767, 1.05367565, -1.90605009, 1.01259446, 0.00000000, 0.00000000, 0.00000000, 0.00000000
2, 1.2202, 122, -1.31479752, 0.17897929, 0.14119373, 470.72842407, -832.14056396, -388.17416382, 54.31160355, 16.89564514, 42.20988083, -91.30016327, 56.87889481, -167.83721924, 0.40374777, -0.26441470, -0.66051787, 0.57514250, 1.89706409, 0.53728485, 0.81591493, 0.00000000, 0.00000000, 0.00000000, 0.00000000
2, 1.2302, 123, -2.10647058, 3.21402478, -2.78185797, 683.56903076, -1139.11486816, -427.67742920, 51.68079376, 19.78953552, 32.82666016, -82.35820007, 70.25502014, -160.70187378, 0.47666994, -0.33668959, -0.60347128, 0.54336762, 1.98139632, 3.66859198, 3.26450586, 0.00000000, 0.00000000, 0.00000000, 0.00000000
5, 1.2598, 126, 1.35884881, -4.14315224, 0.01566742, 158.71238708, 93.18746185, -127.39627075, 3.97544575, 12.07249355, -114.52791595, -126.43585968, 45.38999176, -108.91194153, 0.52192122, 0.33732674, -0.77120674, 0.13801903, -2.16443086, -2.61571169, -0.39551985, 0.00000000, 0.00000000, 0.00000000, 0.00000000
2, 1.2402, 124, 0.18460596, 3.63829517, -3.33719158, 760.76306152, -1613.00305176, -527.70318604, 51.68079376, 19.78953552, 32.82666016, -12.02457523, 84.27250671, -91.01928711, 0.56694210, -0.42153174, -0.52297866, 0.47684479, -0.21367681, 4.01396465, 2.76079416, 0.00000000, 0.00000000, 0.00000000, 0.00000000
5, 1.2698, 127, 1.81051612, -3.37691140, -0.05690797, 164.71440125, 47.73588181, -267.90600586, 5.14469433, 12.89096737, -112.65711975, -122.24339294, 46.56111526, -106.40686035, 0.54285717, 0.32893851, -0.75843078, 0.14794724, -2.14166617, -1.96549320, 0.19150847, 0.00000000, 0.00000000, 0.00000000, 0.00000000
5, 1.2798, 128, 3.00316882, -2.55634379, 0.64840114, 194.13238525, -31.25153732, -448.50866699, 5.14469433, 12.89096737, -112.65711975, -116.28945923, 48.78638458, -103.72715759, 0.57273954, 0.30626032, -0.74304301, 0.16143462, -2.15356779, -1.78218269, 1.72706723, 0.00000000, 0.00000000, 0.00000000, 0.00000000
5, 1.2898, 129, 4.10570288, -0.98009694, 1.52952409, 194.52272034, -128.11984253, -618.63488770, 6.89856768, 15.58023930, -113.35866547, -85.18022156, 56.75747681, -109.02913666, 0.63792384, 0.06071177, -0.68795657, 0.34070969, -1.62587404, -1.15809369, 3.53779888, 0.00000000, 0.00000000, 0.00000000, 0.00000000
2, 1.2502, 125, -2.62523627, 1.13502491, 1.31613100, 530.91931152, -2222.93676758, -602.77728271, 43.20374298, 20.22800255, 19.43876076, 67.55135345, 66.52044678, -7.67699003, 0.67308646, -0.49434826, -0.42373341, 0.35074857, 2.99576044, -1.35192549, 1.99384344, 0.00000000, 0.00000000, 0.00000000, 0.00000000
5, 1.2998, 130, 5.30620193, 3.28716850, 2.28927135, 187.94224548, -221.91191101, -735.47747803, 8.71090317, 18.73721123, -113.85559845, -72.85424805, 59.55696106, -102.09597778, 0.66838402, 0.01324463, -0.65202659, 0.35769925, 0.05862622, 1.54000950, 6.40887785, 0.00000000, 0.00000000, 0.00000000, 0.00000000
2, 1.2602, 126, -7.98897982, 1.61420715, 3.01853132, -164.94461060, -1908.71411133, -720.80279541, 25.43115997, 19.78953552, 10.23092651, 64.89779663, 48.03298569, -1.25683963, 0.76837385, -0.49383479, -0.33805892, 0.22681537, 7.66058302, -3.26608610, 4.36501551, 0.00000000, 0.00000000, 0.00000000, 0.00000000
5, 1.3098, 131, 4.40807009, 6.10479069, 2.55122519, 173.58308411, -405.09341431, -663.28222656, 8.62320995, 22.94650650, -115.11254120, -61.24701691, 62.77652359, -96.59521484, 0.68678510, -0.04533923, -0.62282956, 0.37195963, 2.17394042, 3.44581556, 7.04565001, 0.00000000, 0.00000000, 0.00000000, 0.00000000
2, 1.2702, 127, -5.20271254, 8.00248432, -3.12664557, -92.84751892, -688.05792236, -251.38221741, 12.18941784, 22.56650162, 9.41245270, 52.01082993, 35.02705765, -8.50989246, 0.84493995, -0.43704611, -0.23869389, 0.19517280, 3.10852885, 3.68492126, 8.35666275, 0.00000000, 0.00000000, 0.00000000, 0.00000000
2, 1.2802, 128, -4.73277903, 3.68323135, 3.06533837, -17.03992653, 203.74313354, 626.90802002, 12.68634892, 22.56650162, 9.41245270, 55.17179489, 40.82743073, -4.65523100, 0.82341051, -0.44619313, -0.29126328, 0.19512229, 3.71209884, -3.09431458, 4.98544693, 0.00000000, 0.00000000, 0.00000000, 0.00000000
5, 1.3198, 132, 1.08153892, 3.03946519, 2.81306028, 237.89250183, -587.89654541, -454.34167480, 7.39549828, 27.18503380, -118.15258789, -53.40970993, 66.35431671, -95.57927704, 0.68449903, -0.10938065, -0.60703892, 0.38858810, 3.17159986, 0.85302049, 3.36020780, 0.00000000, 0.00000000, 0.00000000, 0.00000000
5, 1.3298, 133, -5.15614700, 2.60006905, 2.90474844, 201.24952698, -473.33172607, -37.98446655, 7.39549828, 27.18503380, -118.15258789, -55.09296417, 69.01313019, -101.50979614, 0.66512918, -0.14788882, -0.61290509, 0.40009946, 7.29599190, 0.40741992, -1.32778645, 0.00000000, 0.00000000, 0.00000000, 0.00000000
5, 1.3398, 134, -7.96321487, 0.91253710, 2.47097588, 37.09433365, -93.99169922, 246.95709229, 3.94621444, 27.03887749, -120.87108612, -88.81541443, 65.15667725, -90.71845245, 0.69107771, 0.14063317, -0.68984008, 0.16356835, 8.17404461, -0.56749928, -4.26745701, 0.00000000, 0.00000000, 0.00000000, 0.00000000
2, 1.2902, 129, -4.80159140, -6.63074112, 4.89465141, -688.72155762, 495.68377686, 1082.72387695, 12.68634892, 23.09266281, 9.41245270, 54.45707321, 53.46189499, 0.23787557, 0.79458541, -0.40781158, -0.40080571, 0.20415343, 7.20038700, -6.40490866, -4.24649477, 0.00000000, 0.00000000, 0.00000000, 0.00000000
5, 1.3498, 135, -4.56932354, 3.53958464, 0.80022228, -145.97856140, 187.02360535, 258.80734253, 2.89389062, 24.37883568, -120.16954041, -92.63233185, 64.05011749, -91.26420593, 0.68360668, 0.16689795, -0.69440150, 0.15044490, 6.13841677, 2.61685419, -1.35149097, 0.00000000, 0.00000000, 0.00000000, 0.00000000
2, 1.3002, 130, 2.34209132, -3.16814613, 2.36317754, -893.06347656, 8.76843262, 796.97918701, 17.18795586, 28.73428726, 10.99093819, 52.71008301, 61.53540039, 7.55289745, 0.78322423, -0.35042858, -0.48251554, 0.17589304, -0.43501776, -3.23616838, -3.69020128, 0.00000000, 0.00000000, 0.00000000, 0.00000000
2, 1.3102, 131, -0.64908195, -1.38525772, 3.49740648, -321.47875977, -681.61114502, 214.43550110, 16.42794418, 35.07746124, 12.42326832, 57.34334946, 59.32442856, 18.74740410, 0.79090196, -0.34062988, -0.49631113, 0.11009446, 1.75818348, -4.07115269, -0.84286070, 0.00000000, 0.00000000, 0.00000000, 0.00000000
2, 1.3202, 132, -3.84372735, -3.54463720, -0.28784901, 227.79141235, -473.52014160, 115.66173553, 11.98479939, 35.01900101, 11.83864307, 78.70046234, 51.37889099, 53.97888565, 0.74569577, -0.35702839, -0.55801564, -0.07132410, 5.62953997, -0.77292621, -2.29592419, 0.00000000, 0.00000000, 0.00000000, 0.00000000
2, 1.3302, 133, -1.76568282, -3.76876473, -1.69765556, 170.00308228, -183.07453918, 102.87617493, 11.98479939, 35.01900101, 11.83864307, 81.73930359, 49.50711823, 56.55638885, 0.73456419, -0.37329650, -0.56035781, -0.08404993, 3.75380635, 0.45720348, -3.27836704, 0.00000000, 0.00000000, 0.00000000, 0.00000000
2, 1.3402, 134, -1.37054777, -3.09539700, -0.27019334, -89.59732819, -156.95414734, 179.91229248, 10.20169544, 34.11283112, 11.63402462, 82.92539978, 48.87774277, 59.80067062, 0.72798997, -0.36801836, -0.56926501, -0.10261805, 3.07628512, -0.86372966, -2.55420732, 0.00000000, 0.00000000, 0.00000000, 0.00000000
5, 1.3598, 136, 0.81249404, 3.31895351, 0.25520337, -255.39114380, -109.11683655, 181.86288452, 3.94621444, 25.05115509, -120.63723755, -99.42945862, 65.20906067, -96.30863953, 0.66958654, 0.16916344, -0.71114838, 0.13155079, 2.05638671, 2.79703045, 2.23743224, 0.00000000, 0.00000000, 0.00000000, 0.00000000
5, 1.3698, 137, -0.54767239, 1.10949636, 0.70251250, -298.89630127, -305.07025146, 197.74331665, 1.34463608, 25.72347260, -123.70652008, -110.39368439, 66.71176147, -106.43371582, 0.64706039, 0.15933809, -0.73722196, 0.11148182, 2.20533133, 0.77819192, 0.56655216, 0.00000000, 0.00000000, 0.00000000, 0.00000000
5, 1.3798, 138, -2.29821157, 2.61896610, -0.42535612, -247.81666565, 16.36153793, 249.11309814, 1.34463608, 25.72347260, -123.70652008, -117.10474396, 66.53581238, -110.30157471, 0.63331556, 0.17272997, -0.74891418, 0.09057212, 3.48576975, 2.63246012, -0.57660276, 0.00000000, 0.00000000, 0.00000000, 0.00000000
5, 1.3898, 139, -1.15484142, 1.09198499, 0.51342481, -173.90368652, 227.91220093, 118.12349701, 0.58462435, 26.19117165, -123.18035889, -93.59548187, 64.08596802, -144.70777893, 0.54445100, -0.15881072, -0.69891506, 0.43574077, 2.50269842, 0.87666649, 0.05031049, 0.00000000, 0.00000000, 0.00000000, 0.00000000
5, 1.3998, 140, -1.31127238, 1.07496393, 0.66255319, -238.23738098, 110.93718719, 12.66271973, 1.19848001, 26.83425903, -123.09265900, -94.39406586, 65.31883240, -143.13059998, 0.55651200, -0.15253153, -0.70194745, 0.41749054, 2.67650080, 0.81838846, -0.10937184, 0.00000000, 0.00000000, 0.00000000, 0.00000000
5, 1.4098, 141, -2.56468749, 1.69020510, -1.20474792, -205.40480042, -67.02718353, 7.23176193, 1.81233561, 25.48962212, -123.56036377, -97.18299103, 67.01102448, -144.94606018, 0.56089103, -0.15982851, -0.70630872, 0.40122837, 2.79309320, 2.46615553, -1.71432042, 0.00000000, 0.00000000, 0.00000000, 0.00000000
5, 1.4198, 142, -3.14295411, 0.70446348, -1.19806290, -172.45858765, 34.07814026, 22.59466743, 1.40309846, 26.48348427, -123.38497162, -98.69366455, 68.01331329, -144.99908447, 0.56707734, -0.15837684, -0.70937407, 0.38746411, 2.73511291, 1.68694007, -2.55501819, 0.00000000, 0.00000000, 0.00000000, 0.00000000
2, 1.3502, 135, -1.05590940, -1.96864283, 0.14244501, -194.71681213, -125.76201630, 206.68547058, 8.79859638, 33.64513397, 12.04326248, 83.35910034, 48.92324448, 63.21962357, 0.72329301, -0.35337779, -0.58062911, -0.12182440, 2.38736320, -1.09915340, -1.54158306, 0.00000000, 0.00000000, 0.00000000, 0.00000000
2, 1.3602, 136, -0.80205256, -1.78063107, -0.09548520, -143.78302002, -163.35299683, 181.27735901, 8.47705364, 36.50979233, 12.56942368, 83.97366333, 48.37363434, 66.42956543, 0.71740663, -0.34371626, -0.58905828, -0.14211740, 2.09574795, -0.83879220, -1.47936833, 0.00000000, 0.00000000, 0.00000000, 0.00000000
2, 1.3702, 137, -1.11059511, -1.60955536, -0.84763134, -76.56214142, -197.17646790, 115.31253052, 7.45396090, 36.97749329, 13.27097321, 92.71395874, 36.62113571, 74.59772491, 0.65898395, -0.41511822, -0.58879381, -0.21619204, 2.32321715, -0.11447759, -1.29743910, 0.00000000, 0.00000000, 0.00000000, 0.00000000
5, 1.4298, 143, -1.69749725, 0.78194296, -1.21326196, -179.99655151, 201.48896790, 9.36515427, 1.40309846, 26.48348427, -123.38497162, -97.37872314, 68.59658051, -141.18266296, 0.58043873, -0.14464657, -0.70888007, 0.37370753, 1.78082335, 1.74533546, -1.47639382, 0.00000000, 0.00000000, 0.00000000, 0.00000000
2, 1.3802, 138, -0.99362177, -1.14404678, -1.14444911, 37.08207321, -153.97120667, 55.06810760, 7.45396090, 36.97749329, 13.27097321, 93.10209656, 35.10719299, 75.47360229, 0.65254492, -0.42045575, -0.58766663, -0.22814515, 1.95433974, 0.14164275, -0.86336869, 0.00000000, 0.00000000, 0.00000000, 0.00000000
2, 1.3902, 139, -0.71103102, -1.24392951, -0.92386955, 127.96978760, -130.12908936, 14.50305939, 6.34317446, 37.47442245, 13.30020428, 94.05818176, 33.47340775, 75.76968384, 0.64457482, -0.43249050, -0.58520740, -0.23453711, 1.68651843, -0.10683061, -1.00561082, 0.00000000, 0.00000000, 0.00000000, 0.00000000
5, 1.4398, 144, 0.29733464, 0.83300638, -1.10420072, -171.88824463, 179.17979431, -18.43525314, 2.48465347, 30.63431740, -122.62496185, -91.97533417, 79.95253754, -119.33388519, 0.66770178, -0.10695554, -0.70111859, 0.22620244, 0.52017123, 1.66080761, 0.04067562, 0.00000000, 0.00000000, 0.00000000, 0.00000000
5, 1.4498, 145, 0.28077096, 0.59891200, -0.86713350, -165.59252930, 59.39294815, -41.06989670, 3.18620276, 31.59894753, -122.50803375, -88.91266632, 81.12059784, -115.02949524, 0.67540079, -0.10574037, -0.69810778, 0.21283433, 0.59393907, 1.17991900, 0.01701445, 0.00000000, 0.00000000, 0.00000000, 0.00000000
5, 1.4598, 146, -0.00685078, 0.38261199, -1.02093661, -157.59126282, -27.77259827, -63.12395859, 3.74159598, 33.14820099, -122.88804626, -87.81406403, 82.71732330, -113.32051849, 0.68003422, -0.11163294, -0.69650590, 0.19992764, 0.60621905, 1.08895051, -0.37288412, 0.00000000, 0.00000000, 0.00000000, 0.00000000
5, 1.4698, 147, -0.54909134, 0.40425867, -0.99114126, -146.59222412, -48.68835831, -74.54106903, 3.24466538, 34.58053207, -123.12189484, -86.45906067, 84.38437653, -111.60025787, 0.68389159, -0.11950245, -0.69476426, 0.18792066, 1.00684416, 1.05713630, -0.74472284, 0.00000000, 0.00000000, 0.00000000, 0.00000000
2, 1.4002, 140, -0.78361458, -1.30130196, -0.83730632, 136.18008423, -126.09783936, -5.84684706, 4.85238218, 36.56825638, 13.00789261, 94.93283844, 31.83234978, 75.78049469, 0.63716137, -0.44538945, -0.58151144, -0.23978768, 1.74504757, -0.21614619, -1.00740242, 0.00000000, 0.00000000, 0.00000000, 0.00000000
2, 1.4102, 141, -0.89004213, -0.95091856, -0.88249797, 96.56728363, -108.92144012, -5.51457453, 4.15083313, 35.86670685, 12.16018677, 95.47929382, 30.48401260, 75.77120972, 0.63157552, -0.45499656, -0.57803237, -0.24488585, 1.71122515, -0.12964875, -0.64123559, 0.00000000, 0.00000000, 0.00000000, 0.00000000
2, 1.4202, 142, -0.74942476, -0.40317962, -0.85082930, 40.96625900, -78.67483521, 9.03869820, 3.47851491, 34.05437088, 12.10172462, 95.43508911, 18.11759567, 76.36234283, 0.59425998, -0.50882298, -0.53489244, -0.31913072, 1.33590198, -0.10491654, -0.16597410, 0.00000000, 0.00000000, 0.00000000, 0.00000000
5, 1.4798, 148, -0.78580952, 0.47352910, -0.87326741, -131.54667664, -3.90867209, -84.56648254, 3.62467122, 35.48669815, -123.23881531, -78.83250427, 85.72917175, -103.53735352, 0.68971288, -0.12482017, -0.69080257, 0.17750463, 1.26938534, 1.00747263, -0.83125639, 0.00000000, 0.00000000, 0.00000000, 0.00000000
5, 1.4898, 149, -0.60223520, 0.47965264, -0.86755538, -123.22947693, 43.44821167, -85.31371307, 3.62467122, 35.48669815, -123.23881531, 121.89435577, 81.72727966, 108.13621521, 0.67862034, -0.13069209, -0.72175539, 0.03825292, 1.14932549, 0.94299388, -0.67763340, 0.00000000, 0.00000000, 0.00000000, 0.00000000
5, 1.4998, 150, -0.16314410, 0.38304105, -0.91374248, -119.07358551, 71.63402557, -79.69985962, 3.24466538, 36.88979721, -123.12189484, 111.86864471, 81.34145355, 98.71459198, 0.68637133, -0.13224861, -0.71452641, 0.02927157, 0.77145183, 0.74930638, -0.36288962, 0.00000000, 0.00000000, 0.00000000, 0.00000000
5, 1.5098, 151, 0.01453581, 0.33802277, -0.93168211, -122.55492401, 80.76465607, -63.61184692, 4.61853266, 37.91289139, -122.97573853, 103.08727264, 80.81853485, 90.69964600, 0.69393110, -0.13223274, -0.70751661, 0.01985997, 0.61764276, 0.71015960, -0.28231674, 0.00000000, 0.00000000, 0.00000000, 0.00000000
5, 1.5198, 152, 0.12578565, 0.38496971, -0.90208262, -127.91838837, 91.05309296, -47.82280731, 4.47237635, 37.85442734, -122.01110840, 95.36524963, 80.20636749, 83.92146301, 0.70139134, -0.13060002, -0.70063984, 0.00988245, 0.57872677, 0.71230882, -0.18496880, 0.00000000, 0.00000000, 0.00000000, 0.00000000
5, 1.5298, 153, 0.19194524, 0.38853797, -0.72065973, -128.97142029, 101.76190948, -40.80660248, 5.17392588, 40.57293320, -121.39724731, 88.28211975, 79.53247833, 77.87722778, 0.70902979, -0.12788159, -0.69348621, -0.00018236, 0.63447630, 0.58489287, -0.06120933, 0.00000000, 0.00000000, 0.00000000, 0.00000000
5, 1.5598, 154, 0.13104980, 0.26542786, -0.55408323, -122.30102539, 146.18460083, -52.03084564, 6.89856768, 41.42063522, -119.52645111, 75.57725525, 67.70710754, 68.20146179, 0.73482394, -0.17454813, -0.64983904, -0.08529975, 0.65401888, 0.19552025, -0.15851876, 0.00000000, 0.00000000, 0.00000000, 0.00000000
2, 1.4302, 143, -0.72393680, 0.07109018, -0.82394177, 17.18906593, -71.32572937, 20.89929771, 3.47851491, 34.05437088, 12.10172462, 95.45432281, 17.39944649, 76.62490082, 0.59111214, -0.51083940, -0.53328627, -0.32439989, 1.00555909, -0.12353387, 0.27627572, 0.00000000, 0.00000000, 0.00000000, 0.00000000
2, 1.4402, 144, -0.63417906, 0.25522992, -0.75143319, 0.72788513, -80.28746033, 31.96451378, 2.57234716, 34.72668839, 12.83250523, 95.32844543, 16.65728951, 77.01412964, 0.58812308, -0.51161706, -0.53172523, -0.33110055, 0.84474415, -0.17042175, 0.42793208, 0.00000000, 0.00000000, 0.00000000, 0.00000000
2, 1.4502, 145, -0.54585922, -0.22253783, -0.67893678, -35.73596954, -96.72978973, 50.09577942, 2.71850324, 33.64513397, 13.06635475, 94.86894989, 15.89289474, 77.61711884, 0.58585793, -0.50979799, -0.53002077, -0.34052101, 0.90143597, -0.32047775, -0.04072431, 0.00000000, 0.00000000, 0.00000000, 0.00000000
2, 1.4602, 146, -0.59869403, -0.36891454, -0.71437162, -96.20507812, -108.16229248, 56.59020233, 1.69541073, 35.04823303, 13.03712368, 93.82486725, 15.23301411, 78.32118225, 0.58612722, -0.50409490, -0.52732313, -0.35252464, 0.98916572, -0.31268755, -0.17840314, 0.00000000, 0.00000000, 0.00000000, 0.00000000
2, 1.4702, 147, -0.58999515, -0.15366822, -0.67691052, -125.27068329, -102.30135345, 52.51579285, 1.22771120, 35.31131363, 14.23560333, 92.36865234, 4.66173935, 78.90350342, 0.55280310, -0.53881496, -0.47986907, -0.41690868, 0.85585213, -0.32755321, 0.00370035, 0.00000000, 0.00000000, 0.00000000, 0.00000000
5, 1.5698, 155, 0.07214057, 0.13218389, -0.59613407, -121.32477570, 158.15214539, -58.36535645, 7.42472935, 43.08681488, -117.94796753, 71.04745483, 66.77910614, 64.64421082, 0.74522245, -0.17048728, -0.63789213, -0.09311992, 0.60204464, 0.11509775, -0.31502464, 0.00000000, 0.00000000, 0.00000000, 0.00000000
5, 1.5798, 156, 0.26442114, 0.08768547, -0.67303532, -127.84667969, 158.70814514, -67.24244690, 8.30166626, 43.05758667, -116.80795288, 66.79380798, 65.64102936, 61.35873795, 0.75563204, -0.16694148, -0.62519503, -0.10139985, 0.39955524, 0.12497199, -0.26848337, 0.00000000, 0.00000000, 0.00000000, 0.00000000
5, 1.5898, 157, 0.27887404, 0.05866917, -0.68799365, -140.59959412, 142.93193054, -72.69643402, 8.30166626, 43.05758667, -116.80795288, 75.18585205, 62.25856781, 64.95687103, 0.74153328, -0.22056283, -0.62597418, -0.09816742, 0.35437134, 0.08927949, -0.29300675, 0.00000000, 0.00000000, 0.00000000, 0.00000000
2, 1.4802, 148, -0.46088120, -0.16845639, -0.57260567, -128.11592102, -91.31156158, 47.81720352, 1.22771120, 35.31131363, 14.23560333, 90.93267059, 4.28808594, 79.50887299, 0.55585313, -0.53086191, -0.47571135, -0.42768177, 0.59657240, -0.45717043, -0.06246493, 0.00000000, 0.00000000, 0.00000000, 0.00000000
2, 1.4902, 149, -0.35704714, -0.17653362, -0.51327324, -128.12187195, -90.94586945, 42.82299423, -0.17538731, 37.79596710, 14.58637810, 89.48851013, 3.92602777, 80.07330322, 0.55898803, -0.52299559, -0.47119242, -0.43816179, 0.49197355, -0.51782691, -0.12076271, 0.00000000, 0.00000000, 0.00000000, 0.00000000
2, 1.5002, 150, -0.38008264, -0.08797088, -0.38908714, -119.04574585, -87.39806366, 42.24264145, -0.90616781, 38.90675354, 15.90178299, 88.13755798, 3.57990551, 80.63482666, 0.56162953, -0.51553559, -0.46690956, -0.44809699, 0.47205427, -0.62689561, -0.03682414, 0.00000000, 0.00000000, 0.00000000, 0.00000000
5, 1.5998, 158, 0.34639281, 0.15307625, -0.63252568, -150.50158691, 133.63473511, -73.47550201, 8.91552162, 45.42531204, -115.78485870, 71.75535583, 60.97678757, 62.47726440, 0.75120556, -0.21860410, -0.61340511, -0.10787410, 0.36147657, 0.06875146, -0.14870720, 0.00000000, 0.00000000, 0.00000000, 0.00000000
2, 1.5102, 151, -0.26938763, 0.01487975, -0.37461519, -105.84019470, -83.27279663, 44.28116608, -1.49079216, 38.99444580, 15.84332085, 86.92381287, 3.24454618, 81.21779633, 0.56348473, -0.50862789, -0.46315065, -0.45746496, 0.32748467, -0.62481570, 0.00262673, 0.00000000, 0.00000000, 0.00000000, 0.00000000
5, 1.6098, 159, 0.59304190, 0.32770663, -0.57107854, -160.06874084, 116.87260437, -75.87390900, 10.05553913, 46.76995087, -114.03098297, 68.87548828, 59.52293396, 60.56768799, 0.75981593, -0.21747679, -0.60108948, -0.11863899, 0.29794797, 0.15073237, 0.10876269, 0.00000000, 0.00000000, 0.00000000, 0.00000000
2, 1.5202, 152, -0.34547454, 0.23461235, -0.41813761, -95.00140381, -95.52803040, 44.98119354, -1.72464192, 40.86524200, 17.04179955, 79.15990448, -2.70257115, 86.80996704, 0.54947114, -0.47526282, -0.42449421, -0.54038090, 0.29835689, -0.54318702, 0.17715906, 0.00000000, 0.00000000, 0.00000000, 0.00000000
2, 1.5302, 153, -0.50875992, 0.27496499, -0.34856993, -80.75446320, -102.64209747, 48.86849213, -1.72464192, 40.86524200, 17.04179955, 78.04833984, -3.18050098, 87.56254578, 0.54859120, -0.46933961, -0.41992432, -0.54993790, 0.35555017, -0.59138167, 0.17411438, 0.00000000, 0.00000000, 0.00000000, 0.00000000
2, 1.5402, 154, -0.53218275, 0.10840336, -0.25776848, -77.43502808, -116.42465973, 49.31697845, -1.78310430, 41.47909927, 17.88950539, 76.91233826, -3.77375460, 88.38019562, 0.54691792, -0.46366367, -0.41477770, -0.56022882, 0.41813007, -0.70237046, 0.02118016, 0.00000000, 0.00000000, 0.00000000, 0.00000000
2, 1.5502, 155, -0.66640371, 0.01031956, -0.15481646, -85.39045715, -141.82461548, 43.28340912, -3.36159015, 42.47296143, 18.44489861, 75.60182953, -4.56726789, 89.24358368, 0.54479152, -0.45802003, -0.40777797, -0.57195902, 0.55910492, -0.81350452, -0.03148504, 0.00000000, 0.00000000, 0.00000000, 0.00000000
2, 1.5602, 156, -0.89553189, 0.06643957, -0.10597964, -90.23285675, -162.40690613, 31.52294350, -4.47237635, 43.17451096, 18.59105492, 74.15981293, -5.54813814, 90.09587860, 0.54234320, -0.45280385, -0.39891139, -0.58455306, 0.73846394, -0.84562421, 0.08073120, 0.00000000, 0.00000000, 0.00000000, 0.00000000
5, 1.6198, 160, 0.72158235, 0.49635431, -0.51750040, -167.59765625, 89.62077332, -81.70297241, 9.93861389, 45.51300812, -112.94943237, 66.69877625, 57.90285492, 59.32202148, 0.76685673, -0.21790652, -0.58942646, -0.13047597, 0.30577278, 0.23095277, 0.27624264, 0.00000000, 0.00000000, 0.00000000, 0.00000000
2, 1.5702, 157, -0.91456282, 0.14613181, -0.22095808, -90.12955475, -173.15101624, 24.35178185, -4.47237635, 43.17451096, 18.59105492, 70.00538635, -15.58162403, 89.20412445, 0.52323508, -0.48261282, -0.32000306, -0.62522632, 0.67970580, -0.70006526, 0.11192150, 0.00000000, 0.00000000, 0.00000000, 0.00000000
2, 1.5802, 158, -0.88649261, 0.15283512, -0.63131505, -88.82183838, -190.65580750, 17.54238701, -5.11546326, 43.78836441, 20.02338409, 68.27429962, -16.77571297, 90.20119476, 0.52000654, -0.47740182, -0.30802980, -0.63780755, 0.53793776, -0.24817155, -0.00101889, 0.00000000, 0.00000000, 0.00000000, 0.00000000
2, 1.5902, 159, -1.09374833, 0.17492357, -0.87091041, -91.79544067, -203.47856140, 4.12293291, -6.60625553, 44.92838287, 21.74802589, 66.44877625, -18.10234261, 91.18617249, 0.51649588, -0.47264582, -0.29446581, -0.65048283, 0.71702552, 0.00924950, 0.02787612, 0.00000000, 0.00000000, 0.00000000, 0.00000000
5, 1.6298, 161, 0.58350056, 0.61433637, -0.40500113, -172.44435120, 72.17247772, -90.87279510, 9.82168961, 49.72230148, -112.24787903, 64.98062134, 56.14568329, 58.47945023, 0.77289295, -0.21968022, -0.57787395, -0.14296436, 0.50254375, 0.23217204, 0.26008096, 0.00000000, 0.00000000, 0.00000000, 0.00000000
5, 1.6398, 162, 0.39900112, 0.78668284, -0.42400268, -178.25762939, 76.24969482, -104.74001312, 9.82168961, 49.72230148, -112.24787903, 62.43437958, 45.84568405, 63.47570801, 0.77607632, -0.23075315, -0.53439081, -0.24266216, 0.65762436, 0.33487621, 0.15037487, 0.00000000, 0.00000000, 0.00000000, 0.00000000
2, 1.6002, 160, -1.22164762, 0.27307370, -1.03309608, -89.09362030, -189.34971619, -5.47469854, -7.74627304, 44.98684692, 23.09266281, 64.70410156, -19.34837723, 92.06166840, 0.51344365, -0.46840608, -0.28109685, -0.66178250, 0.79243988, 0.20312630, 0.11368851, 0.00000000, 0.00000000, 0.00000000, 0.00000000
5, 1.6498, 163, 0.53952074, 0.79514945, -0.47496068, -175.65446472, 97.47838593, -119.07671356, 9.32475853, 50.92078400, -111.78018188, 60.81252289, 43.82910156, 62.58656693, 0.78185177, -0.23404928, -0.51895714, -0.25418928, 0.44399121, 0.28853080, 0.15656933, 0.00000000, 0.00000000, 0.00000000, 0.00000000
5, 1.6598, 164, 0.77408361, 0.74054646, -0.48890391, -170.43869019, 95.32179260, -126.81836700, 9.67553329, 52.20695496, -110.28939056, 59.35142899, 41.76953888, 61.76992798, 0.78724802, -0.23798017, -0.50325340, -0.26522085, 0.22444046, 0.24389714, 0.26768687, 0.00000000, 0.00000000, 0.00000000, 0.00000000
2, 1.6102, 161, -1.27654254, 0.22690874, -1.05762279, -90.67816162, -161.15657043, -12.15138340, -9.44168377, 45.89301300, 24.05729294, 63.07850647, -20.38605309, 92.75595093, 0.51169771, -0.46436045, -0.26863322, -0.67109692, 0.84214270, 0.23785530, 0.06334756, 0.00000000, 0.00000000, 0.00000000, 0.00000000
5, 1.6698, 165, 0.71584117, 0.79119253, -0.49730685, -164.61215210, 87.58174133, -130.98532104, 9.64630222, 53.75621033, -108.74013519, 58.10021973, 39.70180893, 61.08894730, 0.79194808, -0.24248116, -0.48776963, -0.27586576, 0.25638682, 0.27633277, 0.21589874, 0.00000000, 0.00000000, 0.00000000, 0.00000000
5, 1.6798, 166, 0.53936303, 0.87893629, -0.42464325, -158.74325562, 90.25382996, -132.10050964, 9.29552746, 56.03624725, -107.30780029, 56.91020584, 37.64975739, 60.42085266, 0.79650211, -0.24698366, -0.47208828, -0.28586048, 0.43109810, 0.28557056, 0.13780500, 0.00000000, 0.00000000, 0.00000000, 0.00000000
5, 1.6898, 167, 0.50429547, 0.96865833, -0.31474417, -150.70735168, 105.77502441, -135.91641235, 9.29552746, 56.03624725, -107.30780029, 54.05659866, 29.06023216, 63.09347916, 0.79450673, -0.25795817, -0.42060971, -0.35398334, 0.50614631, 0.26519138, 0.16922155, 0.00000000, 0.00000000, 0.00000000, 0.00000000
5, 1.6998, 168, 0.53072894, 1.06466019, -0.20625994, -140.59675598, 126.34954834, -139.09497070, 9.20783424, 57.41011429, -106.02162933, 52.85924149, 26.99043846, 62.20386505, 0.79924083, -0.26264456, -0.40250593, -0.36086151, 0.49093014, 0.23640466, 0.22125788, 0.00000000, 0.00000000, 0.00000000, 0.00000000
5, 1.7098, 169, 0.52394569, 1.10483730, -0.19444689, -129.87129211, 157.51783752, -143.71139526, 8.59397793, 59.04706192, -104.41390991, 51.51193237, 24.89106369, 61.01599884, 0.80527228, -0.26704618, -0.38264289, -0.36579677, 0.48862281, 0.25867081, 0.21422681, 0.00000000, 0.00000000, 0.00000000, 0.00000000
2, 1.6202, 162, -1.30334687, 0.13369200, -0.92061514, -106.92337799, -130.89039612, -17.40470314, -9.44168377, 45.89301300, 24.05729294, 63.11590958, -27.41390800, 88.41406250, 0.50695038, -0.50525802, -0.20978579, -0.66611224, 0.85174531, 0.11163887, -0.00450299, 0.00000000, 0.00000000, 0.00000000, 0.00000000
5, 1.7198, 170, 0.35949406, 1.10430169, -0.25320351, -120.39638519, 195.80436707, -144.91740417, 8.33089733, 60.94709015, -102.19233704, 49.95980072, 22.75481606, 59.49208069, 0.81288320, -0.27072862, -0.36066461, -0.36857575, 0.53417468, 0.29870909, 0.03541520, 0.00000000, 0.00000000, 0.00000000, 0.00000000
5, 1.7298, 171, 0.48106009, 1.08058465, -0.23001854, -107.75043488, 249.07063293, -142.86233521, 7.98012257, 61.41479111, -100.81847382, 48.11230469, 20.57534218, 57.50291824, 0.82271564, -0.27318832, -0.33589703, -0.36834806, 0.41808021, 0.27279058, 0.09516537, 0.00000000, 0.00000000, 0.00000000, 0.00000000
2, 1.6302, 163, -1.21947837, 0.12710984, -0.67413557, -139.68338013, -107.68851471, -26.89768028, -9.67553329, 46.62379456, 25.69424057, 61.33587265, -27.97339058, 88.62006378, 0.51112527, -0.49938512, -0.19697334, -0.67124289, 0.67750847, -0.09561959, 0.00905107, 0.00000000, 0.00000000, 0.00000000, 0.00000000
5, 1.7398, 172, 1.06175017, 1.06067693, -0.18093631, -97.15512848, 275.70355225, -143.57170105, 7.98012257, 61.41479111, -100.81847382, 43.37296295, 17.68839836, 58.00251389, 0.83058631, -0.25008392, -0.30197901, -0.39546567, 0.00060679, 0.24462980, 0.49518958, 0.00000000, 0.00000000, 0.00000000, 0.00000000
5, 1.7498, 173, 1.33332884, 1.16408694, -0.09959911, -90.26464844, 257.67199707, -142.30155945, 7.39549828, 62.78865814, -98.33381653, 41.81189346, 15.38398838, 56.16888809, 0.83924258, -0.25312296, -0.27679011, -0.39368513, -0.13674745, 0.30603808, 0.72642314, 0.00000000, 0.00000000, 0.00000000, 0.00000000
2, 1.6402, 164, -1.12808144, 0.36090735, -0.56126583, -179.94648743, -99.63917542, -34.84543991, -10.96170712, 47.32534409, 26.57117844, 59.28076935, -28.40007019, 88.64787292, 0.51802319, -0.49196619, -0.18246429, -0.67552060, 0.50159550, -0.15291993, 0.18883717, 0.00000000, 0.00000000, 0.00000000, 0.00000000
2, 1.6502, 165, -1.05246711, 0.65296215, -0.72312242, -210.49685669, -104.17925262, -30.82942581, -11.66325665, 47.61765671, 27.82811928, 56.91238022, -28.74520874, 88.70085144, 0.52632636, -0.48261800, -0.16660440, -0.67992908, 0.33721572, 0.07279883, 0.38423148, 0.00000000, 0.00000000, 0.00000000, 0.00000000
5, 1.7598, 174, 1.25280213, 1.36446953, 0.05066837, -78.60413361, 240.14968872, -143.86662292, 6.84010506, 63.69482422, -95.76147461, 40.53302002, 13.12944508, 54.49892044, 0.84664738, -0.25682160, -0.25290442, -0.39149743, 0.05845156, 0.37239960, 0.81114817, 0.00000000, 0.00000000, 0.00000000, 0.00000000
2, 1.6602, 166, -1.06356418, 0.75441837, -0.86562091, -235.70925903, -112.14535522, -27.78520775, -13.00789261, 48.58228683, 29.64045525, 54.25792313, -29.05295753, 88.80237579, 0.53550202, -0.47156477, -0.14936011, -0.68451136, 0.31687862, 0.25310379, 0.43050796, 0.00000000, 0.00000000, 0.00000000, 0.00000000
2, 1.6702, 167, -1.21020198, 0.80914158, -0.92267239, -256.35513306, -107.68786621, -32.82331085, -13.00789261, 48.58228683, 29.64045525, 49.82554245, -30.07053566, 90.75154877, 0.53750712, -0.45322272, -0.12427368, -0.70016533, 0.43308964, 0.34983519, 0.48548555, 0.00000000, 0.00000000, 0.00000000, 0.00000000
2, 1.6802, 168, -1.34468484, 0.81577921, -0.89454281, -268.13046265, -88.68923187, -41.24624252, -13.47559166, 50.10231018, 31.86202812, 47.10265732, -30.24884796, 90.51599121, 0.54887980, -0.44140860, -0.10561329, -0.70195115, 0.54456043, 0.36695755, 0.49807230, 0.00000000, 0.00000000, 0.00000000, 0.00000000
2, 1.6902, 169, -1.38329160, 0.76118416, -0.80115026, -272.18386841, -68.49430084, -59.00141525, -13.82636642, 51.38848114, 33.35282135, 44.55259323, -30.45421219, 89.97674561, 0.56110263, -0.43051016, -0.08668967, -0.70164794, 0.59131867, 0.29431957, 0.44607496, 0.00000000, 0.00000000, 0.00000000, 0.00000000
2, 1.7002, 170, -1.43893027, 0.63949072, -0.59966421, -279.86718750, -56.93064499, -83.53054047, -14.20637226, 51.71002579, 35.10669327, 42.10032654, -30.80225754, 89.15719604, 0.57393026, -0.42062035, -0.06651183, -0.69947040, 0.66892636, 0.10490218, 0.35643497, 0.00000000, 0.00000000, 0.00000000, 0.00000000
2, 1.7102, 171, -1.47862470, 0.55912560, -0.42324001, -300.28115845, -43.46727371, -110.66151428, -15.49254608, 52.32388306, 37.47442245, 39.66722870, -31.29819870, 87.99569702, 0.58803695, -0.41128486, -0.04440996, -0.69504327, 0.71699458, -0.05205105, 0.29920924, 0.00000000, 0.00000000, 0.00000000, 0.00000000
2, 1.7202, 172, -1.33098817, 0.66621339, -0.47153258, -332.98501587, -31.08048630, -136.86872864, -15.49254608, 52.32388306, 37.47442245, 35.87524414, -33.08677673, 87.82719421, 0.59617633, -0.40057066, -0.00961172, -0.69571871, 0.53218794, 0.04958832, 0.32304570, 0.00000000, 0.00000000, 0.00000000, 0.00000000
2, 1.7302, 173, -1.09281504, 0.97473276, -0.60123688, -356.65054321, -27.69025993, -162.38801575, -16.28178787, 52.38234329, 39.75445557, 33.29713058, -33.98233414, 86.08708191, 0.61249012, -0.39134246, 0.01759893, -0.68658382, 0.18885362, 0.27646232, 0.49469298, 0.00000000, 0.00000000, 0.00000000, 0.00000000
5, 1.7698, 175, 1.22429812, 1.48906779, 0.21056238, -65.10183716, 245.13034058, -152.85810852, 5.93393755, 63.72405624, -93.89067078, 39.42627335, 10.81534481, 52.77184296, 0.85369408, -0.26139766, -0.22871469, -0.38803023, 0.18702178, 0.37360993, 0.90898830, 0.00000000, 0.00000000, 0.00000000, 0.00000000
2, 1.7402, 174, -1.02814937, 1.45480275, -0.74393135, -348.93511963, -33.90296936, -188.04409790, -17.62642479, 51.65156174, 42.26834106, 30.78662109, -35.21242905, 84.34355164, 0.62717468, -0.38329661, 0.04627238, -0.67645735, -0.03797888, 0.52882367, 0.88869250, 0.00000000, 0.00000000, 0.00000000, 0.00000000
5, 1.7798, 176, 1.25364983, 1.58765078, 0.36829248, -48.81859970, 263.34704590, -165.95101929, 4.70622635, 66.67640686, -91.78602600, 38.45668411, 8.37930584, 50.85527039, 0.86079818, -0.26701671, -0.20332831, -0.38260454, 0.26053727, 0.35573453, 1.03914833, 0.00000000, 0.00000000, 0.00000000, 0.00000000
5, 1.7898, 177, 1.29626632, 1.63403606, 0.44026503, -28.11110497, 289.87640381, -182.77537537, 3.50774622, 68.10874176, -89.82753754, 34.93974686, 4.02931547, 52.03281403, 0.86131668, -0.25490850, -0.16173229, -0.40865368, 0.24207479, 0.36173925, 1.10656261, 0.00000000, 0.00000000, 0.00000000, 0.00000000
5, 1.7998, 178, 1.52785218, 1.42185891, 0.32547063, -3.14251637, 323.65579224, -202.65336609, 3.50774622, 68.10874176, -89.82753754, 34.41252899, 1.11784279, 49.59465790, 0.86833858, -0.26461667, -0.13251978, -0.39800081, -0.15160620, 0.30802104, 1.09049594, 0.00000000, 0.00000000, 0.00000000, 0.00000000
5, 1.8098, 179, 2.13036847, 1.12661397, 0.16267367, 20.57175446, 330.24157715, -222.69039917, 1.43232965, 69.21952820, -88.01519775, 34.25441360, -1.90211523, 46.99516296, 0.87433803, -0.27636096, -0.10285474, -0.38545907, -0.84555340, 0.19199800, 1.31201863, 0.00000000, 0.00000000, 0.00000000, 0.00000000
2, 1.7502, 175, -1.01635098, 1.88129044, -0.94122791, -299.43377686, -32.98115921, -204.52383423, -19.05875397, 51.68079376, 44.75299454, 28.69831276, -36.73132324, 82.72514343, 0.63849139, -0.37824929, 0.07367402, -0.66620457, -0.19884700, 0.82508951, 1.24924183, 0.00000000, 0.00000000, 0.00000000, 0.00000000
2, 1.7602, 176, -0.98207062, 2.01686096, -0.99969047, -212.64685059, -22.43205261, -211.12011719, -20.28646660, 50.59923935, 46.27301788, 27.37705231, -38.45458221, 81.30323029, 0.64524955, -0.37796527, 0.09718679, -0.65677249, -0.29567575, 0.93208289, 1.36004531, 0.00000000, 0.00000000, 0.00000000, 0.00000000
2, 1.7702, 177, -0.95312893, 1.91972685, -0.91861099, -149.88018799, -12.17580128, -212.00788879, -20.28646660, 50.59923935, 46.27301788, 27.53809166, -34.37367630, 79.73358917, 0.66711068, -0.35848957, 0.07452874, -0.64876348, -0.29919952, 0.84720445, 1.27082419, 0.00000000, 0.00000000, 0.00000000, 0.00000000
2, 1.7802, 178, -0.94690186, 1.77064407, -0.85493135, -120.26136017, -15.48627186, -212.94293213, -21.57263947, 48.55305481, 46.74071884, 26.87961197, -36.24924850, 78.63154602, 0.66933149, -0.36259970, 0.09412940, -0.64160466, -0.22399345, 0.74852347, 1.11477208, 0.00000000, 0.00000000, 0.00000000, 0.00000000
2, 1.7902, 179, -0.95286119, 1.67475820, -0.84846216, -115.62371826, -34.29258728, -215.18948364, -22.59573174, 47.88073730, 47.90996552, 26.09654427, -38.21580124, 77.75292206, 0.67022896, -0.36623263, 0.11436421, -0.63528550, -0.21440731, 0.74520397, 1.04175973, 0.00000000, 0.00000000, 0.00000000, 0.00000000
2, 1.8002, 180, -1.00807190, 1.68452644, -0.96379071, -124.79469299, -59.80825806, -213.67848206, -23.38497543, 46.33148193, 49.22537231, 24.98696518, -40.23287964, 77.16094208, 0.67026460, -0.36819452, 0.13581885, -0.62986618, -0.18695432, 0.88222849, 1.06598401, 0.00000000, 0.00000000, 0.00000000, 0.00000000
5, 1.8198, 180, 2.36840177, 0.98742342, 0.01674334, 38.22151184, 283.91668701, -229.55751038, -0.73078048, 70.91493988, -86.61209869, 34.59074020, -4.72541618, 44.65335846, 0.87780070, -0.28972918, -0.07643291, -0.37373918, -1.20584440, 0.17883618, 1.35168350, 0.00000000, 0.00000000, 0.00000000, 0.00000000
5, 1.8298, 181, 2.29358816, 0.88662982, -0.07606447, 46.76525497, 230.09788513, -230.73873901, -3.04004669, 72.02572632, -85.76439667, 35.31971359, -7.29972029, 42.65732193, 0.87878698, -0.30407730, -0.05361097, -0.36386299, -1.30044675, 0.15569660, 1.21339321, 0.00000000, 0.00000000, 0.00000000, 0.00000000
5, 1.8398, 182, 2.20179653, 0.80447102, -0.16285862, 47.45908356, 187.32389832, -231.22381592, -5.43700647, 73.92575073, -85.41362000, 34.15324783, -2.17379165, 38.27580643, 0.90109324, -0.28331557, -0.07912346, -0.31859517, -1.33480251, 0.14532062, 1.07031810, 0.00000000, 0.00000000, 0.00000000, 0.00000000
5, 1.8498, 183, 2.11849403, 0.82165515, -0.21266298, 43.05189514, 156.05445862, -231.77278137, -5.43700647, 73.92575073, -85.41362000, 35.08227921, -4.50335550, 36.91567993, 0.90000242, -0.29752597, -0.05981354, -0.31288382, -1.24059153, 0.19620800, 0.97925681, 0.00000000, 0.00000000, 0.00000000, 0.00000000
2, 1.8102, 181, -1.09955072, 1.70273602, -1.13833308, -134.33792114, -73.66120148, -209.12480164, -23.38497543, 46.33148193, 50.27769470, 23.63781166, -42.23652267, 76.75538635, 0.66996694, -0.36872473, 0.15783925, -0.62471849, -0.12434985, 1.08241487, 1.10132897, 0.00000000, 0.00000000, 0.00000000, 0.00000000
5, 1.8598, 184, 2.02778912, 0.95528400, -0.18159220, 39.02463913, 133.36120605, -231.03559875, -7.19087982, 75.29962158, -85.20899963, 36.12523651, -6.73735857, 35.71778870, 0.89775681, -0.31173831, -0.04174879, -0.30839777, -1.13769174, 0.26578951, 1.00085306, 0.00000000, 0.00000000, 0.00000000, 0.00000000
2, 1.8202, 182, -1.21715462, 1.64647639, -1.21226013, -147.02580261, -63.21463013, -206.68022156, -24.64191818, 43.99298477, 50.27769470, 26.81897545, -39.43647385, 71.06311035, 0.69972008, -0.36839196, 0.14021359, -0.59583497, -0.00110498, 1.15295208, 1.08494663, 0.00000000, 0.00000000, 0.00000000, 0.00000000
2, 1.8302, 183, -1.26406229, 1.56785786, -1.20379329, -167.52523804, -31.77871704, -204.30612183, -24.64191818, 42.09295654, 51.68079376, 25.74051285, -41.22040558, 69.96572876, 0.70266443, -0.36756596, 0.16163048, -0.58739567, 0.09058051, 1.09814513, 1.02201843, 0.00000000, 0.00000000, 0.00000000, 0.00000000
5, 1.8698, 185, 1.80832946, 1.11274815, -0.08086016, 39.23820496, 117.96945190, -227.47933960, -9.14937115, 76.00116730, -85.35515594, 37.25799561, -8.86396599, 34.59522247, 0.89470470, -0.32585254, -0.02478129, -0.30448258, -0.89492720, 0.30828410, 0.97742671, 0.00000000, 0.00000000, 0.00000000, 0.00000000
5, 1.8798, 186, 1.55719209, 1.17139471, 0.04013111, 47.60744858, 126.08564758, -220.08407593, -11.10786343, 76.55656433, -85.47208405, 38.43775940, -10.89548492, 33.30540848, 0.89162296, -0.33963734, -0.00801936, -0.29931703, -0.66393161, 0.26245764, 0.89954859, 0.00000000, 0.00000000, 0.00000000, 0.00000000
5, 1.8898, 187, 1.45743740, 1.15207326, 0.17390129, 59.09390259, 146.22618103, -209.67272949, -13.76790428, 78.01811981, -85.44285583, 36.63867569, -8.47421741, 31.54469299, 0.90476775, -0.32071701, -0.01770283, -0.27968305, -0.54538244, 0.15734233, 0.89513814, 0.00000000, 0.00000000, 0.00000000, 0.00000000
5, 1.8998, 188, 1.47817266, 1.13710511, 0.24977298, 69.02336884, 168.08532715, -195.20465088, -13.76790428, 78.01811981, -85.44285583, 37.69160080, -10.36334133, 29.80243683, 0.90332532, -0.33286297, -0.00012879, -0.27056542, -0.50104672, 0.10944311, 0.92752385, 0.00000000, 0.00000000, 0.00000000, 0.00000000
5, 1.9098, 189, 1.46791506, 1.13493586, 0.28882360, 78.97057343, 184.09027100, -180.63096619, -14.64484024, 77.57965088, -85.73516083, 38.75634384, -12.10696125, 27.82162666, 0.90216374, -0.34419110, 0.01724075, -0.25949150, -0.50415742, 0.07176937, 0.95508808, 0.00000000, 0.00000000, 0.00000000, 0.00000000
5, 1.9198, 190, 1.48179150, 1.10553622, 0.28910688, 90.36915588, 197.53295898, -166.90798950, -17.24641991, 79.15814209, -86.49517822, 39.86537552, -13.68860626, 25.61588287, 0.90116382, -0.35490015, 0.03420817, -0.24653485, -0.55535400, 0.03848448, 0.96884060, 0.00000000, 0.00000000, 0.00000000, 0.00000000
5, 1.9298, 191, 1.53895748, 1.04332066, 0.24139777, 98.14205933, 208.75767517, -155.69795227, -19.70184135, 78.13504791, -86.49517822, 41.01400375, -15.13111782, 23.22593880, 0.90018523, -0.36498708, 0.05088703, -0.23208120, -0.67566657, 0.01110734, 0.97543430, 0.00000000, 0.00000000, 0.00000000, 0.00000000
5, 1.9398, 192, 1.58267820, 0.98628688, 0.20203632, 100.16485596, 203.77397156, -146.81654358, -21.13417053, 80.64893341, -87.86904144, 38.05604935, -10.55408382, 20.12065315, 0.92164063, -0.33484516, 0.02889811, -0.19396457, -0.75225538, -0.00824348, 0.96354425, 0.00000000, 0.00000000, 0.00000000, 0.00000000
5, 1.9498, 193, 1.58409488, 0.94635558, 0.16570437, 99.17494202, 189.08215332, -137.98797607, -21.13417053, 80.64893341, -87.86904144, 39.02890778, -11.85759068, 17.96862793, 0.92062497, -0.34338531, 0.04427780, -0.18048713, -0.73972690, 0.00303955, 0.89567494, 0.00000000, 0.00000000, 0.00000000, 0.00000000
5, 1.9598, 194, 1.49366045, 0.90464151, 0.11287406, 97.53604126, 169.32423401, -128.74613953, -22.42034531, 81.02893829, -87.95673370, 40.04588318, -12.99430656, 15.96159267, 0.91910076, -0.35166317, 0.05805124, -0.16797939, -0.74762321, -0.00519181, 0.79782492, 0.00000000, 0.00000000, 0.00000000, 0.00000000
2, 1.8402, 184, -1.22133434, 1.49164224, -1.06259477, -193.12358093, 4.25319910, -200.14505005, -26.16194153, 40.74831772, 52.11926270, 24.91108322, -42.84861755, 68.35162354, 0.70776975, -0.36646384, 0.18229908, -0.57578933, 0.04591401, 0.96607000, 0.96981680, 0.00000000, 0.00000000, 0.00000000, 0.00000000
5, 1.9698, 195, 1.40257871, 0.90184045, 0.06907795, 95.20851135, 148.90808105, -120.63286591, -23.88190651, 80.64893341, -88.54135895, 41.09680939, -13.97936058, 14.11507034, 0.91712713, -0.35975057, 0.07027951, -0.15658325, -0.72886944, 0.01012038, 0.72174263, 0.00000000, 0.00000000, 0.00000000, 0.00000000
5, 1.9798, 196, 1.42064607, 0.88407755, 0.04303173, 91.00495911, 124.62770081, -113.28887177, -24.61268616, 80.18123627, -89.88599396, 42.16870499, -14.82332516, 12.47926044, 0.91473132, -0.36770463, 0.08087571, -0.14669412, -0.77935827, 0.00232881, 0.72830087, 0.00000000, 0.00000000, 0.00000000, 0.00000000
2, 1.8502, 185, -1.14813042, 1.52905393, -0.86789674, -227.39578247, 44.96866226, -193.49334717, -27.33119011, 39.72522736, 52.70388794, 24.36999893, -44.27936935, 66.09461975, 0.71554697, -0.36476403, 0.20216426, -0.56041890, -0.06467879, 0.79469007, 1.02167559, 0.00000000, 0.00000000, 0.00000000, 0.00000000
5, 1.9898, 197, 1.40118396, 0.82091522, 0.03018186, 83.12895966, 93.54371643, -106.79640198, -25.78193474, 79.07044983, -91.05524445, 39.57416916, -9.19619560, 10.89538860, 0.93111598, -0.34307343, 0.04305671, -0.11605972, -0.78881657, -0.04091629, 0.67947829, 0.00000000, 0.00000000, 0.00000000, 0.00000000
2, 1.8602, 186, -1.07606924, 1.60387421, -0.66988242, -241.53176880, 70.63879395, -186.34455872, -27.33119011, 39.72522736, 52.70388794, 24.10527611, -45.57167816, 63.43552780, 0.72445869, -0.36288446, 0.22097172, -0.54281318, -0.18406989, 0.62162757, 1.10952163, 0.00000000, 0.00000000, 0.00000000, 0.00000000
2, 1.8702, 187, -1.00328445, 1.67511535, -0.52182674, -238.09446716, 83.84684753, -180.65065002, -28.06196976, 38.14673996, 52.96696854, 23.72395706, -40.24432755, 59.94311142, 0.76070046, -0.33539110, 0.19523299, -0.52031893, -0.27812523, 0.48702067, 1.16865849, 0.00000000, 0.00000000, 0.00000000, 0.00000000
5, 1.9998, 198, 1.28125060, 0.79210651, 0.03267968, 73.03561401, 66.00154877, -102.10161591, -25.78193474, 79.07044983, -91.05524445, 40.49422455, -9.89903927, 9.90950489, 0.92863870, -0.35048211, 0.05086607, -0.11047658, -0.65012240, -0.05206285, 0.54896557, 0.00000000, 0.00000000, 0.00000000, 0.00000000
2, 1.8802, 188, -0.91343451, 1.82535589, -0.44511807, -215.26345825, 87.16214752, -174.81045532, -28.61736298, 36.07132339, 52.17772675, 23.53930664, -41.44197845, 57.41896057, 0.76841772, -0.33371890, 0.21215095, -0.50314802, -0.36933839, 0.42116952, 1.24717307, 0.00000000, 0.00000000, 0.00000000, 0.00000000
2, 1.8902, 189, -0.78142637, 1.94002628, -0.47407460, -164.36668396, 76.11714172, -164.49588013, -28.90967560, 34.60976410, 51.50540543, 23.61810303, -42.63481522, 55.23061371, 0.77349877, -0.33387333, 0.22693083, -0.48860085, -0.54552811, 0.47331765, 1.31859815, 0.00000000, 0.00000000, 0.00000000, 0.00000000
2, 1.9002, 190, -0.73996669, 1.85478342, -0.42511237, -100.75890350, 55.67239761, -152.38418579, -29.11429405, 32.70973206, 50.71616364, 23.91508102, -43.83829117, 53.56015396, 0.77538896, -0.33613968, 0.23942426, -0.47797316, -0.57459164, 0.41484815, 1.24672425, 0.00000000, 0.00000000, 0.00000000, 0.00000000
2, 1.9102, 191, -0.73887873, 1.64581418, -0.37386787, -48.64338303, 37.04708099, -142.08464050, -29.11429405, 32.70973206, 50.71616364, 24.35643387, -45.04996490, 52.34265900, 0.77471381, -0.34004328, 0.25013047, -0.47076958, -0.52497947, 0.33321640, 1.07452571, 0.00000000, 0.00000000, 0.00000000, 0.00000000
2, 1.9202, 192, -0.72481984, 1.44315827, -0.34561318, -18.10657501, 24.22976875, -134.26296997, -30.63431740, 30.78047371, 49.78076553, 23.88012123, -39.48735046, 51.24539185, 0.80007148, -0.31850097, 0.21379487, -0.46123153, -0.46653700, 0.26917145, 0.88164318, 0.00000000, 0.00000000, 0.00000000, 0.00000000
5, 2.0098, 199, 1.13254249, 0.78761280, 0.05221611, 64.20346832, 45.59464264, -98.91780090, -27.12657166, 80.21046448, -91.75679779, 41.40672684, -10.54333496, 9.13356304, 0.92592335, -0.35775971, 0.05764280, -0.10654283, -0.55122948, -0.07876833, 0.46028233, 0.00000000, 0.00000000, 0.00000000, 0.00000000
2, 1.9302, 193, -0.70305628, 1.28997481, -0.33535069, -7.23173285, 14.04321289, -127.12471771, -30.63431740, 29.64045525, 50.07307816, 24.20612717, -40.66691971, 50.60255051, 0.79775596, -0.32295129, 0.22314247, -0.45770669, -0.38792685, 0.21995437, 0.68929142, 0.00000000, 0.00000000, 0.00000000, 0.00000000
